time_stamp,humidity,temperature,pm2.5_atm
2025-01-01T00:00:00-08:00,60,51,20.1
2025-01-01T00:30:00-08:00,59,51,25.6
2025-01-01T01:00:00-08:00,59,50,23.1
2025-01-01T01:30:00-08:00,60,49,19.8
2025-01-01T02:00:00-08:00,61,48,15.8
2025-01-01T02:30:00-08:00,61,47,7
2025-01-01T03:00:00-08:00,61,47,2.7
2025-01-01T03:30:00-08:00,62,46,5.7
2025-01-01T04:00:00-08:00,62,46,7
2025-01-01T04:30:00-08:00,63,46,6.9
2025-01-01T05:00:00-08:00,63,45,7.1
2025-01-01T05:30:00-08:00,64,45,10.3
2025-01-01T06:00:00-08:00,64,45,6.1
2025-01-01T06:30:00-08:00,63,46,2.3
2025-01-01T07:00:00-08:00,63,46,1.9
2025-01-01T07:30:00-08:00,63,46,4.6
2025-01-01T08:00:00-08:00,64,47,9.4
2025-01-01T08:30:00-08:00,64,51,22.6
2025-01-01T09:00:00-08:00,56,55,18.3
2025-01-01T09:30:00-08:00,50,58,14.5
2025-01-01T10:00:00-08:00,47,59,14.6
2025-01-01T10:30:00-08:00,46,61,17.2
2025-01-01T11:00:00-08:00,45,62,18.3
2025-01-01T11:30:00-08:00,42,64,16.4
2025-01-01T12:00:00-08:00,39,66,12.8
2025-01-01T12:30:00-08:00,37,67,12.4
2025-01-01T13:00:00-08:00,42,64,12.3
2025-01-01T13:30:00-08:00,42,63,11.1
2025-01-01T14:00:00-08:00,41,63,10.6
2025-01-01T14:30:00-08:00,42,63,13.4
2025-01-01T15:00:00-08:00,44,63,17.2
2025-01-01T15:30:00-08:00,48,62,17.9
2025-01-01T16:00:00-08:00,52,61,14.3
2025-01-01T16:30:00-08:00,55,61,15.9
2025-01-01T17:00:00-08:00,56,60,11.9
2025-01-01T17:30:00-08:00,53,61,11.5
2025-01-01T18:00:00-08:00,55,60,10.6
2025-01-01T18:30:00-08:00,60,59,9.9
2025-01-01T19:00:00-08:00,61,59,9.9
2025-01-01T19:30:00-08:00,62,58,10.1
2025-01-01T20:00:00-08:00,63,57,10.7
2025-01-01T20:30:00-08:00,64,56,16.4
2025-01-01T21:00:00-08:00,65,56,20.9
2025-01-01T21:30:00-08:00,65,56,20.5
2025-01-01T22:00:00-08:00,66,56,21.7
2025-01-01T22:30:00-08:00,67,55,23.9
2025-01-01T23:00:00-08:00,67,54,25
2025-01-01T23:30:00-08:00,66,54,21.8
2025-01-02T00:00:00-08:00,66,53,18.1
2025-01-02T00:30:00-08:00,67,53,15.8
2025-01-02T01:00:00-08:00,67,53,14.9
2025-01-02T01:30:00-08:00,66,52,14.1
2025-01-02T02:00:00-08:00,66,52,13.1
2025-01-02T02:30:00-08:00,67,52,11.5
2025-01-02T03:00:00-08:00,67,52,10.7
2025-01-02T03:30:00-08:00,67,51,10.4
2025-01-02T04:00:00-08:00,67,51,9.5
2025-01-02T04:30:00-08:00,67,51,7.9
2025-01-02T05:00:00-08:00,67,51,8.2
2025-01-02T05:30:00-08:00,66,51,9.2
2025-01-02T06:00:00-08:00,67,51,10
2025-01-02T06:30:00-08:00,67,50,10.5
2025-01-02T07:00:00-08:00,67,50,11.1
2025-01-02T07:30:00-08:00,67,51,11.7
2025-01-02T08:00:00-08:00,68,52,14.4
2025-01-02T08:30:00-08:00,65,55,16.9
2025-01-02T09:00:00-08:00,62,58,16.3
2025-01-02T09:30:00-08:00,58,59,16.9
2025-01-02T10:00:00-08:00,54,61,16.9
2025-01-02T10:30:00-08:00,52,62,18
2025-01-02T11:00:00-08:00,49,63,15.2
2025-01-02T11:30:00-08:00,47,65,11.6
2025-01-02T12:00:00-08:00,45,66,10.7
2025-01-02T12:30:00-08:00,44,68,11.8
2025-01-02T13:00:00-08:00,43,69,11.8
2025-01-02T13:30:00-08:00,43,70,12.3
2025-01-02T14:00:00-08:00,43,70,11.7
2025-01-02T14:30:00-08:00,42,70,10.5
2025-01-02T15:00:00-08:00,40,72,14.4
2025-01-02T15:30:00-08:00,40,72,12.9
2025-01-02T16:00:00-08:00,45,69,11.7
2025-01-02T16:30:00-08:00,50,66,14.7
2025-01-02T17:00:00-08:00,52,65,14
2025-01-02T17:30:00-08:00,54,64,13.1
2025-01-02T18:00:00-08:00,56,62,12.8
2025-01-02T18:30:00-08:00,58,61,13.2
2025-01-02T19:00:00-08:00,59,60,15.6
2025-01-02T19:30:00-08:00,61,60,16
2025-01-02T20:00:00-08:00,62,59,23.1
2025-01-02T20:30:00-08:00,62,58,24.3
2025-01-02T21:00:00-08:00,63,57,22.8
2025-01-02T21:30:00-08:00,63,56,22.2
2025-01-02T22:00:00-08:00,65,56,22.6
2025-01-02T22:30:00-08:00,66,56,21.9
2025-01-02T23:00:00-08:00,66,56,21.4
2025-01-02T23:30:00-08:00,66,56,20.6
2025-01-03T00:00:00-08:00,69,55,22.4
2025-01-03T00:30:00-08:00,67,56,21.9
2025-01-03T01:00:00-08:00,68,56,22.9
2025-01-03T01:30:00-08:00,68,55,22.5
2025-01-03T02:00:00-08:00,69,55,23.1
2025-01-03T02:30:00-08:00,70,54,24.8
2025-01-03T03:00:00-08:00,70,55,24.7
2025-01-03T03:30:00-08:00,69,55,25.4
2025-01-03T04:00:00-08:00,69,55,25.6
2025-01-03T04:30:00-08:00,70,55,25.4
2025-01-03T05:00:00-08:00,71,56,22.7
2025-01-03T05:30:00-08:00,70,57,22.2
2025-01-03T06:00:00-08:00,69,58,22.5
2025-01-03T06:30:00-08:00,71,58,26.2
2025-01-03T07:00:00-08:00,74,57,27.7
2025-01-03T07:30:00-08:00,73,58,24.6
2025-01-03T08:00:00-08:00,73,58,24.1
2025-01-03T08:30:00-08:00,70,59,23.3
2025-01-03T09:00:00-08:00,71,60,22.1
2025-01-03T09:30:00-08:00,73,59,23.6
2025-01-03T10:00:00-08:00,74,59,21.4
2025-01-03T10:30:00-08:00,74,60,18.5
2025-01-03T11:00:00-08:00,74,61,17.7
2025-01-03T11:30:00-08:00,73,62,11.8
2025-01-03T12:00:00-08:00,72,63,7.4
2025-01-03T12:30:00-08:00,71,64,6.3
2025-01-03T13:00:00-08:00,67,65,3.4
2025-01-03T13:30:00-08:00,65,65,0.2
2025-01-03T14:00:00-08:00,64,65,0.1
2025-01-03T14:30:00-08:00,63,66,0.1
2025-01-03T15:00:00-08:00,62,64,0.6
2025-01-03T15:30:00-08:00,63,64,1.2
2025-01-03T16:00:00-08:00,64,62,1.5
2025-01-03T16:30:00-08:00,67,62,1.8
2025-01-03T17:00:00-08:00,69,61,2
2025-01-03T17:30:00-08:00,69,60,2
2025-01-03T18:00:00-08:00,70,59,2.5
2025-01-03T18:30:00-08:00,71,59,2.7
2025-01-03T19:00:00-08:00,70,58,4.7
2025-01-03T19:30:00-08:00,70,57,8.4
2025-01-03T20:00:00-08:00,69,56,15.7
2025-01-03T20:30:00-08:00,71,55,11
2025-01-03T21:00:00-08:00,70,55,11
2025-01-03T21:30:00-08:00,69,54,11.3
2025-01-03T22:00:00-08:00,70,53,12.3
2025-01-03T22:30:00-08:00,71,54,12.4
2025-01-03T23:00:00-08:00,71,54,9.9
2025-01-03T23:30:00-08:00,71,53,8.2
2025-01-04T00:00:00-08:00,71,53,7.2
2025-01-04T00:30:00-08:00,70,52,6.6
2025-01-04T01:00:00-08:00,70,52,6.2
2025-01-04T01:30:00-08:00,70,51,5.5
2025-01-04T02:00:00-08:00,73,51,5.8
2025-01-04T02:30:00-08:00,71,50,5.6
2025-01-04T03:00:00-08:00,71,50,5.3
2025-01-04T03:30:00-08:00,71,51,5.9
2025-01-04T04:00:00-08:00,71,51,5.7
2025-01-04T04:30:00-08:00,71,50,4.1
2025-01-04T05:00:00-08:00,73,50,4.5
2025-01-04T05:30:00-08:00,73,49,4.3
2025-01-04T06:00:00-08:00,73,50,4.4
2025-01-04T06:30:00-08:00,71,49,4
2025-01-04T07:00:00-08:00,72,49,3.6
2025-01-04T07:30:00-08:00,73,50,4.2
2025-01-04T08:00:00-08:00,74,51,6.4
2025-01-04T08:30:00-08:00,73,53,10
2025-01-04T09:00:00-08:00,71,56,6.3
2025-01-04T09:30:00-08:00,67,58,4.3
2025-01-04T10:00:00-08:00,64,60,5.6
2025-01-04T10:30:00-08:00,62,61,4.6
2025-01-04T11:00:00-08:00,59,62,4.5
2025-01-04T11:30:00-08:00,57,63,3.6
2025-01-04T12:00:00-08:00,57,63,2.9
2025-01-04T12:30:00-08:00,56,64,3.1
2025-01-04T13:00:00-08:00,57,63,2.4
2025-01-04T13:30:00-08:00,57,63,1.8
2025-01-04T14:00:00-08:00,58,63,2.3
2025-01-04T14:30:00-08:00,60,61,4.4
2025-01-04T15:00:00-08:00,61,61,4.8
2025-01-04T15:30:00-08:00,60,61,3.8
2025-01-04T16:00:00-08:00,59,61,3.7
2025-01-04T16:30:00-08:00,59,61,3.6
2025-01-04T17:00:00-08:00,61,60,10.4
2025-01-04T17:30:00-08:00,63,59,9.7
2025-01-04T18:00:00-08:00,64,58,8.1
2025-01-04T18:30:00-08:00,65,57,9.8
2025-01-04T19:00:00-08:00,66,56,11.4
2025-01-04T19:30:00-08:00,67,55,21.1
2025-01-04T20:00:00-08:00,68,55,15.9
2025-01-04T20:30:00-08:00,68,54,15.7
2025-01-04T21:00:00-08:00,67,54,15.9
2025-01-04T21:30:00-08:00,68,53,22.7
2025-01-04T22:00:00-08:00,69,52,21.6
2025-01-04T22:30:00-08:00,69,52,14.4
2025-01-04T23:00:00-08:00,69,52,12.9
2025-01-04T23:30:00-08:00,70,53,11.1
2025-01-05T00:00:00-08:00,69,52,10.1
2025-01-05T00:30:00-08:00,70,52,10.1
2025-01-05T01:00:00-08:00,69,51,10.2
2025-01-05T01:30:00-08:00,69,51,9.5
2025-01-05T02:00:00-08:00,69,50,8.5
2025-01-05T02:30:00-08:00,68,50,8.6
2025-01-05T03:00:00-08:00,69,50,7.2
2025-01-05T03:30:00-08:00,70,50,6
2025-01-05T04:00:00-08:00,71,50,5.5
2025-01-05T04:30:00-08:00,71,51,4.8
2025-01-05T05:00:00-08:00,70,51,4.7
2025-01-05T05:30:00-08:00,70,50,5.1
2025-01-05T06:00:00-08:00,70,49,4.9
2025-01-05T06:30:00-08:00,69,49,4.9
2025-01-05T07:00:00-08:00,69,49,5.3
2025-01-05T07:30:00-08:00,69,49,5.5
2025-01-05T08:00:00-08:00,71,50,5.8
2025-01-05T08:30:00-08:00,72,53,7.5
2025-01-05T09:00:00-08:00,69,55,11
2025-01-05T09:30:00-08:00,68,58,12.4
2025-01-05T10:00:00-08:00,65,60,11.6
2025-01-05T10:30:00-08:00,62,61,11.7
2025-01-05T11:00:00-08:00,59,63,10
2025-01-05T11:30:00-08:00,57,63,8.2
2025-01-05T12:00:00-08:00,57,64,10.2
2025-01-05T12:30:00-08:00,55,65,9.3
2025-01-05T13:00:00-08:00,53,66,8.1
2025-01-05T13:30:00-08:00,53,66,5.4
2025-01-05T14:00:00-08:00,53,66,5
2025-01-05T14:30:00-08:00,52,67,4.8
2025-01-05T15:00:00-08:00,48,70,5.9
2025-01-05T15:30:00-08:00,47,69,4.2
2025-01-05T16:00:00-08:00,49,66,3.5
2025-01-05T16:30:00-08:00,51,65,3.2
2025-01-05T17:00:00-08:00,54,63,3.1
2025-01-05T17:30:00-08:00,56,62,3.4
2025-01-05T18:00:00-08:00,59,60,13.7
2025-01-05T18:30:00-08:00,60,59,11.2
2025-01-05T19:00:00-08:00,62,58,11
2025-01-05T19:30:00-08:00,64,57,12.5
2025-01-05T20:00:00-08:00,65,56,16.3
2025-01-05T20:30:00-08:00,66,56,20
2025-01-05T21:00:00-08:00,67,55,14.3
2025-01-05T21:30:00-08:00,67,55,14.8
2025-01-05T22:00:00-08:00,67,54,14
2025-01-05T22:30:00-08:00,67,53,15.4
2025-01-05T23:00:00-08:00,67,52,16
2025-01-05T23:30:00-08:00,68,52,17.1
2025-01-06T00:00:00-08:00,67,52,13.8
2025-01-06T00:30:00-08:00,68,51,10.1
2025-01-06T01:00:00-08:00,68,51,9
2025-01-06T01:30:00-08:00,68,51,7.3
2025-01-06T02:00:00-08:00,67,50,6.3
2025-01-06T02:30:00-08:00,68,50,5.6
2025-01-06T03:00:00-08:00,68,50,15.5
2025-01-06T03:30:00-08:00,68,50,55.1
2025-01-06T04:00:00-08:00,68,50,27.1
2025-01-06T04:30:00-08:00,68,50,6.5
2025-01-06T05:00:00-08:00,68,49,5.2
2025-01-06T05:30:00-08:00,69,49,6.1
2025-01-06T06:00:00-08:00,69,49,13.2
2025-01-06T06:30:00-08:00,69,49,15
2025-01-06T07:00:00-08:00,69,49,13.8
2025-01-06T07:30:00-08:00,69,49,13.6
2025-01-06T08:00:00-08:00,71,51,15.6
2025-01-06T08:30:00-08:00,71,53,14
2025-01-06T09:00:00-08:00,68,56,14.5
2025-01-06T09:30:00-08:00,65,58,13.2
2025-01-06T10:00:00-08:00,62,60,15.9
2025-01-06T10:30:00-08:00,59,63,17.3
2025-01-06T11:00:00-08:00,57,64,19.2
2025-01-06T11:30:00-08:00,56,65,18.5
2025-01-06T12:00:00-08:00,57,66,20.3
2025-01-06T12:30:00-08:00,58,65,26.4
2025-01-06T13:00:00-08:00,61,64,24.6
2025-01-06T13:30:00-08:00,61,64,24.8
2025-01-06T14:00:00-08:00,61,64,23.8
2025-01-06T14:30:00-08:00,60,65,21.9
2025-01-06T15:00:00-08:00,60,66,19.9
2025-01-06T15:30:00-08:00,60,66,12.9
2025-01-06T16:00:00-08:00,64,63,7.8
2025-01-06T16:30:00-08:00,67,62,10.6
2025-01-06T17:00:00-08:00,68,62,11.4
2025-01-06T17:30:00-08:00,72,60,8.2
2025-01-06T18:00:00-08:00,77,59,5.3
2025-01-06T18:30:00-08:00,79,60,8.7
2025-01-06T19:00:00-08:00,77,60,13.7
2025-01-06T19:30:00-08:00,76,61,18.2
2025-01-06T20:00:00-08:00,74,61,28.4
2025-01-06T20:30:00-08:00,72,61,25.1
2025-01-06T21:00:00-08:00,73,61,26.2
2025-01-06T21:30:00-08:00,72,60,27.6
2025-01-06T22:00:00-08:00,72,60,28.1
2025-01-06T22:30:00-08:00,71,60,25.4
2025-01-06T23:00:00-08:00,71,59,25.1
2025-01-06T23:30:00-08:00,71,58,24.4
2025-01-07T00:00:00-08:00,71,57,23.9
2025-01-07T00:30:00-08:00,76,57,21.6
2025-01-07T01:00:00-08:00,78,56,15.4
2025-01-07T01:30:00-08:00,70,57,5.2
2025-01-07T02:00:00-08:00,66,57,4.3
2025-01-07T02:30:00-08:00,62,57,2
2025-01-07T03:00:00-08:00,54,58,0.6
2025-01-07T03:30:00-08:00,55,57,1
2025-01-07T04:00:00-08:00,59,55,1.1
2025-01-07T04:30:00-08:00,58,55,0.6
2025-01-07T05:00:00-08:00,58,53,0.6
2025-01-07T05:30:00-08:00,59,52,0.6
2025-01-07T06:00:00-08:00,56,53,0.3
2025-01-07T06:30:00-08:00,55,53,0.2
2025-01-07T07:00:00-08:00,53,53,0.2
2025-01-07T07:30:00-08:00,53,53,0.3
2025-01-07T08:00:00-08:00,52,55,0.3
2025-01-07T08:30:00-08:00,48,58,0.4
2025-01-07T09:00:00-08:00,42,62,0.2
2025-01-07T09:30:00-08:00,39,64,0.9
2025-01-07T10:00:00-08:00,35,66,0.4
2025-01-07T10:30:00-08:00,32,68,0.3
2025-01-07T11:00:00-08:00,28,70,0
2025-01-07T11:30:00-08:00,27,70,0
2025-01-07T12:00:00-08:00,25,72,0
2025-01-07T12:30:00-08:00,24,73,0
2025-01-07T13:00:00-08:00,23,74,0
2025-01-07T13:30:00-08:00,23,74,0
2025-01-07T14:00:00-08:00,23,74,0
2025-01-07T14:30:00-08:00,23,75,0
2025-01-07T15:00:00-08:00,23,75,0.1
2025-01-07T15:30:00-08:00,23,73,0.1
2025-01-07T16:00:00-08:00,24,71,0.1
2025-01-07T16:30:00-08:00,23,69,0
2025-01-07T17:00:00-08:00,24,68,0
2025-01-07T17:30:00-08:00,24,67,0.1
2025-01-07T18:00:00-08:00,26,66,1.2
2025-01-07T18:30:00-08:00,28,65,1.1
2025-01-07T19:00:00-08:00,26,66,0.3
2025-01-07T19:30:00-08:00,24,66,0.3
2025-01-07T20:00:00-08:00,24,66,0.2
2025-01-07T20:30:00-08:00,25,66,0.1
2025-01-07T21:00:00-08:00,24,66,0.3
2025-01-07T21:30:00-08:00,24,66,0.2
2025-01-07T22:00:00-08:00,24,65,0
2025-01-07T22:30:00-08:00,24,65,0.1
2025-01-07T23:00:00-08:00,25,65,0
2025-01-07T23:30:00-08:00,24,64,0.1
2025-01-08T00:00:00-08:00,25,64,0
2025-01-08T00:30:00-08:00,23,64,0
2025-01-08T01:00:00-08:00,23,64,0
2025-01-08T01:30:00-08:00,23,64,0.1
2025-01-08T02:00:00-08:00,28,62,0.1
2025-01-08T02:30:00-08:00,34,60,0.1
2025-01-08T03:00:00-08:00,35,59,0.2
2025-01-08T03:30:00-08:00,36,57,0.2
2025-01-08T04:00:00-08:00,39,55,0.1
2025-01-08T04:30:00-08:00,41,54,0.1
2025-01-08T05:00:00-08:00,40,54,0.1
2025-01-08T05:30:00-08:00,39,55,0.1
2025-01-08T06:00:00-08:00,39,55,0.1
2025-01-08T06:30:00-08:00,40,55,0.5
2025-01-08T07:00:00-08:00,39,55,0.2
2025-01-08T07:30:00-08:00,39,55,0.1
2025-01-08T08:00:00-08:00,39,56,0.5
2025-01-08T08:30:00-08:00,40,57,1.4
2025-01-08T09:00:00-08:00,35,60,0.2
2025-01-08T09:30:00-08:00,32,63,0.1
2025-01-08T10:00:00-08:00,30,65,0.1
2025-01-08T10:30:00-08:00,28,67,0.1
2025-01-08T11:00:00-08:00,26,69,0.1
2025-01-08T11:30:00-08:00,26,70,0.1
2025-01-08T12:00:00-08:00,26,70,0.3
2025-01-08T12:30:00-08:00,24,70,0.3
2025-01-08T13:00:00-08:00,23,72,0.1
2025-01-08T13:30:00-08:00,23,72,0.1
2025-01-08T14:00:00-08:00,23,72,0.1
2025-01-08T14:30:00-08:00,22,73,0.2
2025-01-08T15:00:00-08:00,21,75,0.1
2025-01-08T15:30:00-08:00,21,75,0.1
2025-01-08T16:00:00-08:00,23,72,0.1
2025-01-08T16:30:00-08:00,27,69,0.2
2025-01-08T17:00:00-08:00,29,67,0.6
2025-01-08T17:30:00-08:00,32,65,1.6
2025-01-08T18:00:00-08:00,35,63,2.6
2025-01-08T18:30:00-08:00,38,61,4.3
2025-01-08T19:00:00-08:00,42,59,4.5
2025-01-08T19:30:00-08:00,44,58,4.5
2025-01-08T20:00:00-08:00,46,57,5.8
2025-01-08T20:30:00-08:00,49,56,5.9
2025-01-08T21:00:00-08:00,51,55,7
2025-01-08T21:30:00-08:00,52,54,8.7
2025-01-08T22:00:00-08:00,54,53,9.2
2025-01-08T22:30:00-08:00,54,53,12.1
2025-01-08T23:00:00-08:00,55,52,12.4
2025-01-08T23:30:00-08:00,55,51,11.1
2025-01-09T00:00:00-08:00,56,51,10.1
2025-01-09T00:30:00-08:00,58,51,10.1
2025-01-09T01:00:00-08:00,58,50,9.7
2025-01-09T01:30:00-08:00,59,50,10.7
2025-01-09T02:00:00-08:00,60,49,9.7
2025-01-09T02:30:00-08:00,61,49,9.5
2025-01-09T03:00:00-08:00,62,48,9.1
2025-01-09T03:30:00-08:00,63,48,8.2
2025-01-09T04:00:00-08:00,64,47,8.9
2025-01-09T04:30:00-08:00,64,47,9.3
2025-01-09T05:00:00-08:00,64,47,10
2025-01-09T05:30:00-08:00,64,47,9.4
2025-01-09T06:00:00-08:00,65,47,8
2025-01-09T06:30:00-08:00,65,47,8.2
2025-01-09T07:00:00-08:00,65,47,7.8
2025-01-09T07:30:00-08:00,65,47,8.6
2025-01-09T08:00:00-08:00,65,49,10.2
2025-01-09T08:30:00-08:00,63,53,10.8
2025-01-09T09:00:00-08:00,55,57,8.5
2025-01-09T09:30:00-08:00,46,62,7.2
2025-01-09T10:00:00-08:00,40,65,7
2025-01-09T10:30:00-08:00,35,68,4.5
2025-01-09T11:00:00-08:00,35,69,6.5
2025-01-09T11:30:00-08:00,34,70,4.5
2025-01-09T12:00:00-08:00,29,72,2.4
2025-01-09T12:30:00-08:00,28,74,2.8
2025-01-09T13:00:00-08:00,27,74,2.4
2025-01-09T13:30:00-08:00,25,74,2
2025-01-09T14:00:00-08:00,26,74,2
2025-01-09T14:30:00-08:00,25,74,1.8
2025-01-09T15:00:00-08:00,24,75,2
2025-01-09T15:30:00-08:00,24,77,2.4
2025-01-09T16:00:00-08:00,27,74,2.6
2025-01-09T16:30:00-08:00,29,72,2.5
2025-01-09T17:00:00-08:00,33,70,3.2
2025-01-09T17:30:00-08:00,36,67,4.8
2025-01-09T18:00:00-08:00,39,64,5.3
2025-01-09T18:30:00-08:00,42,62,7.4
2025-01-09T19:00:00-08:00,45,61,9.3
2025-01-09T19:30:00-08:00,48,59,11.6
2025-01-09T20:00:00-08:00,50,58,13.2
2025-01-09T20:30:00-08:00,52,57,13.2
2025-01-09T21:00:00-08:00,53,56,14.1
2025-01-09T21:30:00-08:00,54,55,14.1
2025-01-09T22:00:00-08:00,54,54,13
2025-01-09T22:30:00-08:00,54,54,12.3
2025-01-09T23:00:00-08:00,53,54,9.4
2025-01-09T23:30:00-08:00,53,53,8.8
2025-01-10T00:00:00-08:00,54,53,8.3
2025-01-10T00:30:00-08:00,54,52,8
2025-01-10T01:00:00-08:00,54,52,7.7
2025-01-10T01:30:00-08:00,53,52,8.7
2025-01-10T02:00:00-08:00,53,52,5.7
2025-01-10T02:30:00-08:00,53,53,5.6
2025-01-10T03:00:00-08:00,54,52,6
2025-01-10T03:30:00-08:00,55,51,8.1
2025-01-10T04:00:00-08:00,56,50,7.2
2025-01-10T04:30:00-08:00,57,50,5.9
2025-01-10T05:00:00-08:00,58,49,6.2
2025-01-10T05:30:00-08:00,60,49,6
2025-01-10T06:00:00-08:00,60,49,6.2
2025-01-10T06:30:00-08:00,61,49,6.8
2025-01-10T07:00:00-08:00,61,48,7.1
2025-01-10T07:30:00-08:00,61,49,7.6
2025-01-10T08:00:00-08:00,61,51,8.7
2025-01-10T08:30:00-08:00,54,54,10.7
2025-01-10T09:00:00-08:00,46,59,7.7
2025-01-10T09:30:00-08:00,40,62,6.9
2025-01-10T10:00:00-08:00,37,65,6.5
2025-01-10T10:30:00-08:00,34,67,4.8
2025-01-10T11:00:00-08:00,31,69,5.5
2025-01-10T11:30:00-08:00,29,71,5.1
2025-01-10T12:00:00-08:00,30,72,4.9
2025-01-10T12:30:00-08:00,33,73,7.1
2025-01-10T13:00:00-08:00,30,73,5.2
2025-01-10T13:30:00-08:00,28,73,4.6
2025-01-10T14:00:00-08:00,27,73,3.4
2025-01-10T14:30:00-08:00,27,73,3.8
2025-01-10T15:00:00-08:00,28,75,4
2025-01-10T15:30:00-08:00,29,74,3.9
2025-01-10T16:00:00-08:00,32,70,4.1
2025-01-10T16:30:00-08:00,35,69,4.6
2025-01-10T17:00:00-08:00,36,67,3.9
2025-01-10T17:30:00-08:00,39,65,4.2
2025-01-10T18:00:00-08:00,51,63,6.4
2025-01-10T18:30:00-08:00,59,61,7.7
2025-01-10T19:00:00-08:00,66,60,8.1
2025-01-10T19:30:00-08:00,70,58,8.6
2025-01-10T20:00:00-08:00,71,58,9.6
2025-01-10T20:30:00-08:00,70,58,9.6
2025-01-10T21:00:00-08:00,69,58,13
2025-01-10T21:30:00-08:00,69,58,10.3
2025-01-10T22:00:00-08:00,70,57,10.6
2025-01-10T22:30:00-08:00,68,56,11.1
2025-01-10T23:00:00-08:00,69,55,12.3
2025-01-10T23:30:00-08:00,68,56,11.9
2025-01-11T00:00:00-08:00,69,57,13.1
2025-01-11T00:30:00-08:00,68,58,14.3
2025-01-11T01:00:00-08:00,68,58,20.2
2025-01-11T01:30:00-08:00,69,56,12.7
2025-01-11T02:00:00-08:00,68,55,9.3
2025-01-11T02:30:00-08:00,67,54,10.9
2025-01-11T03:00:00-08:00,67,53,12.7
2025-01-11T03:30:00-08:00,68,52,11.5
2025-01-11T04:00:00-08:00,69,52,10.7
2025-01-11T04:30:00-08:00,68,51,10.1
2025-01-11T05:00:00-08:00,68,50,10.3
2025-01-11T05:30:00-08:00,70,50,11
2025-01-11T06:00:00-08:00,69,50,11.2
2025-01-11T06:30:00-08:00,72,49,12.7
2025-01-11T07:00:00-08:00,71,48,13.9
2025-01-11T07:30:00-08:00,74,49,17.6
2025-01-11T08:00:00-08:00,73,51,18.6
2025-01-11T08:30:00-08:00,71,54,13.7
2025-01-11T09:00:00-08:00,63,57,11.6
2025-01-11T09:30:00-08:00,56,60,11.8
2025-01-11T10:00:00-08:00,38,63,3.1
2025-01-11T10:30:00-08:00,29,66,0.1
2025-01-11T11:00:00-08:00,25,68,0
2025-01-11T11:30:00-08:00,23,69,0
2025-01-11T12:00:00-08:00,22,70,0
2025-01-11T12:30:00-08:00,23,72,0.1
2025-01-11T13:00:00-08:00,27,71,0
2025-01-11T13:30:00-08:00,28,71,0.1
2025-01-11T14:00:00-08:00,18,74,0
2025-01-11T14:30:00-08:00,15,75,0
2025-01-11T15:00:00-08:00,13,76,0
2025-01-11T15:30:00-08:00,13,76,0
2025-01-11T16:00:00-08:00,14,73,0
2025-01-11T16:30:00-08:00,15,70,0
2025-01-11T17:00:00-08:00,16,68,0
2025-01-11T17:30:00-08:00,18,66,0.4
2025-01-11T18:00:00-08:00,20,65,0.7
2025-01-11T18:30:00-08:00,22,62,1.1
2025-01-11T19:00:00-08:00,23,61,2
2025-01-11T19:30:00-08:00,22,60,1
2025-01-11T20:00:00-08:00,21,61,0.3
2025-01-11T20:30:00-08:00,20,61,0.6
2025-01-11T21:00:00-08:00,20,61,1.4
2025-01-11T21:30:00-08:00,21,61,0.3
2025-01-11T22:00:00-08:00,22,60,0.2
2025-01-11T22:30:00-08:00,23,60,0.1
2025-01-11T23:00:00-08:00,23,60,0.1
2025-01-11T23:30:00-08:00,22,61,0.1
2025-01-12T00:00:00-08:00,22,61,0
2025-01-12T00:30:00-08:00,24,60,0.1
2025-01-12T01:00:00-08:00,23,60,0
2025-01-12T01:30:00-08:00,24,59,1.2
2025-01-12T02:00:00-08:00,23,59,0.2
2025-01-12T02:30:00-08:00,23,60,0
2025-01-12T03:00:00-08:00,24,59,0
2025-01-12T03:30:00-08:00,25,59,0
2025-01-12T04:00:00-08:00,28,56,0
2025-01-12T04:30:00-08:00,31,54,0.1
2025-01-12T05:00:00-08:00,34,52,0.1
2025-01-12T05:30:00-08:00,37,51,0.1
2025-01-12T06:00:00-08:00,40,49,0.3
2025-01-12T06:30:00-08:00,44,48,0.3
2025-01-12T07:00:00-08:00,46,47,0.3
2025-01-12T07:30:00-08:00,47,47,0.8
2025-01-12T08:00:00-08:00,47,48,0.7
2025-01-12T08:30:00-08:00,42,53,0.5
2025-01-12T09:00:00-08:00,37,57,0.4
2025-01-12T09:30:00-08:00,32,60,0.3
2025-01-12T10:00:00-08:00,27,63,0.1
2025-01-12T10:30:00-08:00,25,65,0.1
2025-01-12T11:00:00-08:00,24,67,0
2025-01-12T11:30:00-08:00,24,67,0.3
2025-01-12T12:00:00-08:00,23,70,0.2
2025-01-12T12:30:00-08:00,21,71,0.1
2025-01-12T13:00:00-08:00,21,72,0.2
2025-01-12T13:30:00-08:00,20,72,0.3
2025-01-12T14:00:00-08:00,20,72,0
2025-01-12T14:30:00-08:00,19,73,0
2025-01-12T15:00:00-08:00,18,76,0
2025-01-12T15:30:00-08:00,16,78,0
2025-01-12T16:00:00-08:00,18,73,0
2025-01-12T16:30:00-08:00,21,70,0
2025-01-12T17:00:00-08:00,26,67,0.9
2025-01-12T17:30:00-08:00,28,64,1.6
2025-01-12T18:00:00-08:00,31,62,1.9
2025-01-12T18:30:00-08:00,33,60,3.8
2025-01-12T19:00:00-08:00,35,59,3.7
2025-01-12T19:30:00-08:00,38,57,5.2
2025-01-12T20:00:00-08:00,41,56,7.3
2025-01-12T20:30:00-08:00,42,54,8.2
2025-01-12T21:00:00-08:00,45,53,8.3
2025-01-12T21:30:00-08:00,46,52,8.8
2025-01-12T22:00:00-08:00,48,51,8.8
2025-01-12T22:30:00-08:00,48,51,7.3
2025-01-12T23:00:00-08:00,50,50,7.3
2025-01-12T23:30:00-08:00,50,49,8.7
2025-01-13T00:00:00-08:00,51,49,7.6
2025-01-13T00:30:00-08:00,53,49,6
2025-01-13T01:00:00-08:00,54,50,4.8
2025-01-13T01:30:00-08:00,53,50,3.9
2025-01-13T02:00:00-08:00,53,50,2.8
2025-01-13T02:30:00-08:00,53,49,4.2
2025-01-13T03:00:00-08:00,55,48,4.5
2025-01-13T03:30:00-08:00,54,48,3.5
2025-01-13T04:00:00-08:00,55,47,3.5
2025-01-13T04:30:00-08:00,55,47,2.4
2025-01-13T05:00:00-08:00,55,48,5.1
2025-01-13T05:30:00-08:00,55,47,6
2025-01-13T06:00:00-08:00,55,47,6.1
2025-01-13T06:30:00-08:00,55,50,19.3
2025-01-13T07:00:00-08:00,54,51,15.5
2025-01-13T07:30:00-08:00,57,49,23.5
2025-01-13T08:00:00-08:00,52,52,16.7
2025-01-13T08:30:00-08:00,45,55,6
2025-01-13T09:00:00-08:00,36,58,0.4
2025-01-13T09:30:00-08:00,34,60,0.3
2025-01-13T10:00:00-08:00,33,61,0
2025-01-13T10:30:00-08:00,30,63,0
2025-01-13T11:00:00-08:00,29,64,0
2025-01-13T11:30:00-08:00,28,64,0
2025-01-13T12:00:00-08:00,27,65,0
2025-01-13T12:30:00-08:00,27,66,0
2025-01-13T13:00:00-08:00,26,66,0
2025-01-13T13:30:00-08:00,26,66,0
2025-01-13T14:00:00-08:00,25,67,0
2025-01-13T14:30:00-08:00,24,67,0
2025-01-13T15:00:00-08:00,23,71,0
2025-01-13T15:30:00-08:00,21,71,0
2025-01-13T16:00:00-08:00,24,68,0
2025-01-13T16:30:00-08:00,25,66,0
2025-01-13T17:00:00-08:00,26,64,0
2025-01-13T17:30:00-08:00,29,62,0.1
2025-01-13T18:00:00-08:00,31,59,0.6
2025-01-13T18:30:00-08:00,34,58,1.6
2025-01-13T19:00:00-08:00,37,56,1.4
2025-01-13T19:30:00-08:00,39,55,2.7
2025-01-13T20:00:00-08:00,39,55,3.7
2025-01-13T20:30:00-08:00,41,54,9.4
2025-01-13T21:00:00-08:00,42,53,11.8
2025-01-13T21:30:00-08:00,44,52,19.2
2025-01-13T22:00:00-08:00,46,51,13.5
2025-01-13T22:30:00-08:00,48,50,10.9
2025-01-13T23:00:00-08:00,49,49,11.2
2025-01-13T23:30:00-08:00,49,49,9.8
2025-01-14T00:00:00-08:00,50,48,8.5
2025-01-14T00:30:00-08:00,51,48,6.9
2025-01-14T01:00:00-08:00,52,48,5.6
2025-01-14T01:30:00-08:00,52,47,4.1
2025-01-14T02:00:00-08:00,53,46,3.5
2025-01-14T02:30:00-08:00,53,46,3.3
2025-01-14T03:00:00-08:00,54,46,2.9
2025-01-14T03:30:00-08:00,54,45,2.6
2025-01-14T04:00:00-08:00,55,45,2
2025-01-14T04:30:00-08:00,55,44,1.7
2025-01-14T05:00:00-08:00,56,44,1.7
2025-01-14T05:30:00-08:00,57,44,2
2025-01-14T06:00:00-08:00,57,43,2.5
2025-01-14T06:30:00-08:00,58,43,2.8
2025-01-14T07:00:00-08:00,58,43,3.8
2025-01-14T07:30:00-08:00,59,43,6.2
2025-01-14T08:00:00-08:00,58,45,3.9
2025-01-14T08:30:00-08:00,54,49,6.6
2025-01-14T09:00:00-08:00,49,52,8.6
2025-01-14T09:30:00-08:00,43,56,6.7
2025-01-14T10:00:00-08:00,38,58,5.9
2025-01-14T10:30:00-08:00,35,60,4.6
2025-01-14T11:00:00-08:00,32,63,4.8
2025-01-14T11:30:00-08:00,31,65,4.9
2025-01-14T12:00:00-08:00,30,66,4.9
2025-01-14T12:30:00-08:00,30,67,3.6
2025-01-14T13:00:00-08:00,29,67,1.1
2025-01-14T13:30:00-08:00,28,67,1.1
2025-01-14T14:00:00-08:00,28,67,1.8
2025-01-14T14:30:00-08:00,27,69,1.9
2025-01-14T15:00:00-08:00,25,71,1.3
2025-01-14T15:30:00-08:00,25,71,1.4
2025-01-14T16:00:00-08:00,27,68,2
2025-01-14T16:30:00-08:00,30,66,3.5
2025-01-14T17:00:00-08:00,32,65,4.5
2025-01-14T17:30:00-08:00,35,63,5
2025-01-14T18:00:00-08:00,38,61,6
2025-01-14T18:30:00-08:00,41,59,7.1
2025-01-14T19:00:00-08:00,43,57,7.8
2025-01-14T19:30:00-08:00,45,56,8.1
2025-01-14T20:00:00-08:00,46,55,9.8
2025-01-14T20:30:00-08:00,47,55,14.3
2025-01-14T21:00:00-08:00,49,54,14.6
2025-01-14T21:30:00-08:00,51,52,14.1
2025-01-14T22:00:00-08:00,51,52,10.4
2025-01-14T22:30:00-08:00,53,51,7.4
2025-01-14T23:00:00-08:00,53,51,6.7
2025-01-14T23:30:00-08:00,53,50,6.2
2025-01-15T00:00:00-08:00,55,50,7.3
2025-01-15T00:30:00-08:00,55,49,8.4
2025-01-15T01:00:00-08:00,56,49,9.1
2025-01-15T01:30:00-08:00,55,49,5.5
2025-01-15T02:00:00-08:00,55,48,5
2025-01-15T02:30:00-08:00,56,48,5.2
2025-01-15T03:00:00-08:00,57,47,4.8
2025-01-15T03:30:00-08:00,58,46,4.3
2025-01-15T04:00:00-08:00,58,46,4.7
2025-01-15T04:30:00-08:00,58,46,5
2025-01-15T05:00:00-08:00,58,45,5.2
2025-01-15T05:30:00-08:00,59,45,4.6
2025-01-15T06:00:00-08:00,59,45,4.6
2025-01-15T06:30:00-08:00,59,45,4.8
2025-01-15T07:00:00-08:00,60,44,5.4
2025-01-15T07:30:00-08:00,60,44,6.8
2025-01-15T08:00:00-08:00,60,47,8.5
2025-01-15T08:30:00-08:00,57,50,11.7
2025-01-15T09:00:00-08:00,52,53,14
2025-01-15T09:30:00-08:00,47,56,14
2025-01-15T10:00:00-08:00,43,58,14.7
2025-01-15T10:30:00-08:00,40,61,14.9
2025-01-15T11:00:00-08:00,38,63,16.4
2025-01-15T11:30:00-08:00,36,65,14.3
2025-01-15T12:00:00-08:00,35,66,12.9
2025-01-15T12:30:00-08:00,37,66,15.4
2025-01-15T13:00:00-08:00,38,66,16.3
2025-01-15T13:30:00-08:00,39,66,20.2
2025-01-15T14:00:00-08:00,41,66,23.8
2025-01-15T14:30:00-08:00,38,68,22.6
2025-01-15T15:00:00-08:00,37,70,24.9
2025-01-15T15:30:00-08:00,35,71,24.8
2025-01-15T16:00:00-08:00,36,69,23.1
2025-01-15T16:30:00-08:00,38,66,20.8
2025-01-15T17:00:00-08:00,40,65,20.3
2025-01-15T17:30:00-08:00,43,62,19.5
2025-01-15T18:00:00-08:00,46,60,21.4
2025-01-15T18:30:00-08:00,49,58,21.7
2025-01-15T19:00:00-08:00,51,57,22.8
2025-01-15T19:30:00-08:00,52,56,24.5
2025-01-15T20:00:00-08:00,54,54,27.9
2025-01-15T20:30:00-08:00,54,54,27.6
2025-01-15T21:00:00-08:00,55,53,29
2025-01-15T21:30:00-08:00,56,52,30.4
2025-01-15T22:00:00-08:00,57,51,30.5
2025-01-15T22:30:00-08:00,58,50,28.3
2025-01-15T23:00:00-08:00,58,50,25.6
2025-01-15T23:30:00-08:00,58,49,23.6
2025-01-16T00:00:00-08:00,58,48,21.8
2025-01-16T00:30:00-08:00,61,48,24.1
2025-01-16T01:00:00-08:00,61,48,25.4
2025-01-16T01:30:00-08:00,61,47,25.3
2025-01-16T02:00:00-08:00,61,46,25.8
2025-01-16T02:30:00-08:00,63,47,26
2025-01-16T03:00:00-08:00,62,47,19.6
2025-01-16T03:30:00-08:00,61,46,17.5
2025-01-16T04:00:00-08:00,61,45,17.2
2025-01-16T04:30:00-08:00,62,45,17.3
2025-01-16T05:00:00-08:00,61,45,15.9
2025-01-16T05:30:00-08:00,62,44,16
2025-01-16T06:00:00-08:00,62,44,16.7
2025-01-16T06:30:00-08:00,62,44,17
2025-01-16T07:00:00-08:00,62,43,17.1
2025-01-16T07:30:00-08:00,62,43,18.2
2025-01-16T08:00:00-08:00,63,45,20.6
2025-01-16T08:30:00-08:00,60,49,20.1
2025-01-16T09:00:00-08:00,54,53,18
2025-01-16T09:30:00-08:00,50,56,19
2025-01-16T10:00:00-08:00,45,59,19.6
2025-01-16T10:30:00-08:00,42,62,21
2025-01-16T11:00:00-08:00,41,64,22.2
2025-01-16T11:30:00-08:00,38,65,22.7
2025-01-16T12:00:00-08:00,37,68,21.2
2025-01-16T12:30:00-08:00,35,69,20.7
2025-01-16T13:00:00-08:00,36,69,25.9
2025-01-16T13:30:00-08:00,40,66,30.8
2025-01-16T14:00:00-08:00,44,64,34.7
2025-01-16T14:30:00-08:00,42,67,35.1
2025-01-16T15:00:00-08:00,38,70,28.3
2025-01-16T15:30:00-08:00,32,72,18.2
2025-01-16T16:00:00-08:00,30,69,12.2
2025-01-16T16:30:00-08:00,29,67,8.7
2025-01-16T17:00:00-08:00,30,66,9.3
2025-01-16T17:30:00-08:00,35,63,10.5
2025-01-16T18:00:00-08:00,40,60,10
2025-01-16T18:30:00-08:00,43,58,11.7
2025-01-16T19:00:00-08:00,45,56,11.7
2025-01-16T19:30:00-08:00,48,55,13.9
2025-01-16T20:00:00-08:00,50,54,17.4
2025-01-16T20:30:00-08:00,52,53,19.6
2025-01-16T21:00:00-08:00,54,52,20.9
2025-01-16T21:30:00-08:00,55,51,23.2
2025-01-16T22:00:00-08:00,56,50,24.1
2025-01-16T22:30:00-08:00,57,50,24.8
2025-01-16T23:00:00-08:00,58,49,26
2025-01-16T23:30:00-08:00,58,49,27.2
2025-01-17T00:00:00-08:00,58,48,24.2
2025-01-17T00:30:00-08:00,58,47,22.9
2025-01-17T01:00:00-08:00,59,47,23
2025-01-17T01:30:00-08:00,59,47,21.4
2025-01-17T02:00:00-08:00,59,46,20.7
2025-01-17T02:30:00-08:00,59,46,20.6
2025-01-17T03:00:00-08:00,59,45,19.5
2025-01-17T03:30:00-08:00,60,45,19.8
2025-01-17T04:00:00-08:00,60,45,20.4
2025-01-17T04:30:00-08:00,61,44,21.4
2025-01-17T05:00:00-08:00,61,44,23.3
2025-01-17T05:30:00-08:00,62,44,23.5
2025-01-17T06:00:00-08:00,62,43,27.6
2025-01-17T06:30:00-08:00,65,44,29.8
2025-01-17T07:00:00-08:00,70,46,37.8
2025-01-17T07:30:00-08:00,72,47,39.8
2025-01-17T08:00:00-08:00,72,49,38.4
2025-01-17T08:30:00-08:00,71,51,39.1
2025-01-17T09:00:00-08:00,67,54,40.3
2025-01-17T09:30:00-08:00,63,57,40.6
2025-01-17T10:00:00-08:00,61,58,41
2025-01-17T10:30:00-08:00,57,60,38.6
2025-01-17T11:00:00-08:00,53,61,33.7
2025-01-17T11:30:00-08:00,52,62,24.9
2025-01-17T12:00:00-08:00,51,62,17.3
2025-01-17T12:30:00-08:00,50,63,16.6
2025-01-17T13:00:00-08:00,50,63,17.5
2025-01-17T13:30:00-08:00,51,63,19.6
2025-01-17T14:00:00-08:00,50,63,20.1
2025-01-17T14:30:00-08:00,50,63,17.6
2025-01-17T15:00:00-08:00,50,64,15
2025-01-17T15:30:00-08:00,49,64,14
2025-01-17T16:00:00-08:00,53,61,11.7
2025-01-17T16:30:00-08:00,57,59,9.5
2025-01-17T17:00:00-08:00,61,58,9.3
2025-01-17T17:30:00-08:00,63,57,10.2
2025-01-17T18:00:00-08:00,64,56,10.4
2025-01-17T18:30:00-08:00,64,56,10
2025-01-17T19:00:00-08:00,65,55,8
2025-01-17T19:30:00-08:00,64,54,14.3
2025-01-17T20:00:00-08:00,65,54,14
2025-01-17T20:30:00-08:00,64,53,12.4
2025-01-17T21:00:00-08:00,65,53,12.1
2025-01-17T21:30:00-08:00,66,54,11.6
2025-01-17T22:00:00-08:00,66,54,10.1
2025-01-17T22:30:00-08:00,66,55,9.6
2025-01-17T23:00:00-08:00,65,56,9.2
2025-01-17T23:30:00-08:00,65,56,8.6
2025-01-18T00:00:00-08:00,64,57,7.3
2025-01-18T00:30:00-08:00,64,57,6.5
2025-01-18T01:00:00-08:00,64,57,6.5
2025-01-18T01:30:00-08:00,64,56,7.3
2025-01-18T02:00:00-08:00,64,56,8
2025-01-18T02:30:00-08:00,63,55,8.5
2025-01-18T03:00:00-08:00,64,54,9.6
2025-01-18T03:30:00-08:00,64,54,10.4
2025-01-18T04:00:00-08:00,65,54,11.3
2025-01-18T04:30:00-08:00,64,54,12.4
2025-01-18T05:00:00-08:00,64,54,13.2
2025-01-18T05:30:00-08:00,64,54,14.2
2025-01-18T06:00:00-08:00,65,53,15.5
2025-01-18T06:30:00-08:00,68,51,19.7
2025-01-18T07:00:00-08:00,69,50,21.3
2025-01-18T07:30:00-08:00,70,50,21.8
2025-01-18T08:00:00-08:00,70,50,22.3
2025-01-18T08:30:00-08:00,68,52,21.3
2025-01-18T09:00:00-08:00,65,54,19.4
2025-01-18T09:30:00-08:00,61,57,16
2025-01-18T10:00:00-08:00,58,58,17.8
2025-01-18T10:30:00-08:00,55,60,18.4
2025-01-18T11:00:00-08:00,53,61,18.9
2025-01-18T11:30:00-08:00,52,62,19.3
2025-01-18T12:00:00-08:00,50,64,18.9
2025-01-18T12:30:00-08:00,51,63,19.3
2025-01-18T13:00:00-08:00,51,64,20.4
2025-01-18T13:30:00-08:00,50,64,22.1
2025-01-18T14:00:00-08:00,51,63,24.3
2025-01-18T14:30:00-08:00,50,64,24.6
2025-01-18T15:00:00-08:00,47,67,25.9
2025-01-18T15:30:00-08:00,44,68,28.7
2025-01-18T16:00:00-08:00,46,66,30.8
2025-01-18T16:30:00-08:00,50,63,31.6
2025-01-18T17:00:00-08:00,51,62,29.8
2025-01-18T17:30:00-08:00,53,61,31.9
2025-01-18T18:00:00-08:00,55,59,36.2
2025-01-18T18:30:00-08:00,56,58,37.8
2025-01-18T19:00:00-08:00,58,57,38.3
2025-01-18T19:30:00-08:00,61,56,38.8
2025-01-18T20:00:00-08:00,62,55,36.7
2025-01-18T20:30:00-08:00,63,53,38.8
2025-01-18T21:00:00-08:00,62,52,43.1
2025-01-18T21:30:00-08:00,62,51,43.3
2025-01-18T22:00:00-08:00,62,51,40.7
2025-01-18T22:30:00-08:00,63,50,36.2
2025-01-18T23:00:00-08:00,64,49,32.9
2025-01-18T23:30:00-08:00,63,49,28.6
2025-01-19T00:00:00-08:00,63,48,28.9
2025-01-19T00:30:00-08:00,64,48,30.3
2025-01-19T01:00:00-08:00,63,48,26.9
2025-01-19T01:30:00-08:00,65,47,31
2025-01-19T02:00:00-08:00,65,47,34.2
2025-01-19T02:30:00-08:00,64,47,30.6
2025-01-19T03:00:00-08:00,65,47,24.7
2025-01-19T03:30:00-08:00,66,46,24.9
2025-01-19T04:00:00-08:00,65,46,25.1
2025-01-19T04:30:00-08:00,65,46,25.1
2025-01-19T05:00:00-08:00,65,46,27
2025-01-19T05:30:00-08:00,67,47,28.4
2025-01-19T06:00:00-08:00,67,49,27.8
2025-01-19T06:30:00-08:00,67,50,27.8
2025-01-19T07:00:00-08:00,67,50,30.9
2025-01-19T07:30:00-08:00,69,51,36.6
2025-01-19T08:00:00-08:00,69,52,37.9
2025-01-19T08:30:00-08:00,69,52,38.3
2025-01-19T09:00:00-08:00,70,53,38.8
2025-01-19T09:30:00-08:00,71,53,40.1
2025-01-19T10:00:00-08:00,70,55,41.1
2025-01-19T10:30:00-08:00,68,55,41.1
2025-01-19T11:00:00-08:00,68,55,43
2025-01-19T11:30:00-08:00,69,55,44.9
2025-01-19T12:00:00-08:00,67,56,45.7
2025-01-19T12:30:00-08:00,65,56,44.7
2025-01-19T13:00:00-08:00,63,57,42.9
2025-01-19T13:30:00-08:00,61,58,40.8
2025-01-19T14:00:00-08:00,59,59,36
2025-01-19T14:30:00-08:00,58,60,33.1
2025-01-19T15:00:00-08:00,53,62,26
2025-01-19T15:30:00-08:00,49,64,19.6
2025-01-19T16:00:00-08:00,52,61,15
2025-01-19T16:30:00-08:00,58,58,13.1
2025-01-19T17:00:00-08:00,62,56,12.8
2025-01-19T17:30:00-08:00,64,56,18.7
2025-01-19T18:00:00-08:00,64,55,25.9
2025-01-19T18:30:00-08:00,63,54,43.9
2025-01-19T19:00:00-08:00,63,53,27.3
2025-01-19T19:30:00-08:00,64,53,24.1
2025-01-19T20:00:00-08:00,66,54,31.2
2025-01-19T20:30:00-08:00,66,55,26.7
2025-01-19T21:00:00-08:00,66,55,25.7
2025-01-19T21:30:00-08:00,65,55,21.6
2025-01-19T22:00:00-08:00,65,56,21.2
2025-01-19T22:30:00-08:00,64,56,16.7
2025-01-19T23:00:00-08:00,64,55,12.5
2025-01-19T23:30:00-08:00,64,55,13.1
2025-01-20T00:00:00-08:00,63,56,13.8
2025-01-20T00:30:00-08:00,63,56,16.4
2025-01-20T01:00:00-08:00,64,54,20.3
2025-01-20T01:30:00-08:00,64,54,20.7
2025-01-20T02:00:00-08:00,64,54,22.4
2025-01-20T02:30:00-08:00,65,53,23
2025-01-20T03:00:00-08:00,65,52,23.4
2025-01-20T03:30:00-08:00,65,51,26.5
2025-01-20T04:00:00-08:00,65,50,24.7
2025-01-20T04:30:00-08:00,66,49,22.6
2025-01-20T05:00:00-08:00,66,48,22.6
2025-01-20T05:30:00-08:00,67,47,23
2025-01-20T06:00:00-08:00,68,46,23.4
2025-01-20T06:30:00-08:00,69,45,24.4
2025-01-20T07:00:00-08:00,70,45,25.9
2025-01-20T07:30:00-08:00,71,45,26.8
2025-01-20T08:00:00-08:00,71,47,27
2025-01-20T08:30:00-08:00,67,50,22.3
2025-01-20T09:00:00-08:00,53,54,6.1
2025-01-20T09:30:00-08:00,40,57,0.6
2025-01-20T10:00:00-08:00,34,60,0.3
2025-01-20T10:30:00-08:00,29,63,0.2
2025-01-20T11:00:00-08:00,27,64,0.1
2025-01-20T11:30:00-08:00,26,65,0.1
2025-01-20T12:00:00-08:00,25,66,0.1
2025-01-20T12:30:00-08:00,24,67,0.1
2025-01-20T13:00:00-08:00,24,68,0.1
2025-01-20T13:30:00-08:00,22,69,0.1
2025-01-20T14:00:00-08:00,21,69,0.1
2025-01-20T14:30:00-08:00,20,70,0.1
2025-01-20T15:00:00-08:00,20,71,0.1
2025-01-20T15:30:00-08:00,19,71,0.1
2025-01-20T16:00:00-08:00,20,69,0.4
2025-01-20T16:30:00-08:00,21,67,1
2025-01-20T17:00:00-08:00,23,65,0.2
2025-01-20T17:30:00-08:00,25,63,0.1
2025-01-20T18:00:00-08:00,26,62,0.4
2025-01-20T18:30:00-08:00,26,60,1.4
2025-01-20T19:00:00-08:00,26,60,0.2
2025-01-20T19:30:00-08:00,29,58,2
2025-01-20T20:00:00-08:00,32,56,3.4
2025-01-20T20:30:00-08:00,34,54,2.9
2025-01-20T21:00:00-08:00,31,55,0.8
2025-01-20T21:30:00-08:00,31,54,1.1
2025-01-20T22:00:00-08:00,33,54,1.2
2025-01-20T22:30:00-08:00,35,53,7.4
2025-01-20T23:00:00-08:00,37,52,6.7
2025-01-20T23:30:00-08:00,38,51,6.2
2025-01-21T00:00:00-08:00,40,50,5.7
2025-01-21T00:30:00-08:00,43,49,6
2025-01-21T01:00:00-08:00,44,48,5
2025-01-21T01:30:00-08:00,44,47,4.6
2025-01-21T02:00:00-08:00,44,47,3.1
2025-01-21T02:30:00-08:00,44,47,4.1
2025-01-21T03:00:00-08:00,46,46,3.9
2025-01-21T03:30:00-08:00,46,46,3.1
2025-01-21T04:00:00-08:00,45,46,2.8
2025-01-21T04:30:00-08:00,47,45,2.5
2025-01-21T05:00:00-08:00,48,44,2
2025-01-21T05:30:00-08:00,50,43,1.9
2025-01-21T06:00:00-08:00,51,43,2.1
2025-01-21T06:30:00-08:00,52,42,2.6
2025-01-21T07:00:00-08:00,52,42,3.4
2025-01-21T07:30:00-08:00,54,42,4.9
2025-01-21T08:00:00-08:00,54,44,6
2025-01-21T08:30:00-08:00,50,48,4.9
2025-01-21T09:00:00-08:00,42,52,6.1
2025-01-21T09:30:00-08:00,37,55,6
2025-01-21T10:00:00-08:00,34,58,6
2025-01-21T10:30:00-08:00,32,60,7.6
2025-01-21T11:00:00-08:00,31,62,7.4
2025-01-21T11:30:00-08:00,30,65,6.6
2025-01-21T12:00:00-08:00,29,65,5.7
2025-01-21T12:30:00-08:00,27,67,3.4
2025-01-21T13:00:00-08:00,24,68,1.7
2025-01-21T13:30:00-08:00,21,69,0.8
2025-01-21T14:00:00-08:00,22,70,0.9
2025-01-21T14:30:00-08:00,22,70,1.3
2025-01-21T15:00:00-08:00,22,70,1.5
2025-01-21T15:30:00-08:00,24,69,1.4
2025-01-21T16:00:00-08:00,26,69,4.4
2025-01-21T16:30:00-08:00,32,66,8.1
2025-01-21T17:00:00-08:00,34,64,9.3
2025-01-21T17:30:00-08:00,36,62,9.4
2025-01-21T18:00:00-08:00,38,60,10.6
2025-01-21T18:30:00-08:00,41,58,12.7
2025-01-21T19:00:00-08:00,43,56,17.7
2025-01-21T19:30:00-08:00,43,56,17.3
2025-01-21T20:00:00-08:00,46,54,17.6
2025-01-21T20:30:00-08:00,49,53,18.4
2025-01-21T21:00:00-08:00,50,52,18.1
2025-01-21T21:30:00-08:00,52,51,20
2025-01-21T22:00:00-08:00,53,49,20.6
2025-01-21T22:30:00-08:00,54,49,21.4
2025-01-21T23:00:00-08:00,55,48,21.8
2025-01-21T23:30:00-08:00,56,47,27.6
2025-01-22T00:00:00-08:00,57,47,29.9
2025-01-22T00:30:00-08:00,58,46,28.3
2025-01-22T01:00:00-08:00,58,45,25.4
2025-01-22T01:30:00-08:00,59,44,23.4
2025-01-22T02:00:00-08:00,59,44,25.1
2025-01-22T02:30:00-08:00,59,43,24.9
2025-01-22T03:00:00-08:00,59,43,23.6
2025-01-22T03:30:00-08:00,60,43,22.3
2025-01-22T04:00:00-08:00,61,42,20.9
2025-01-22T04:30:00-08:00,63,43,18.1
2025-01-22T05:00:00-08:00,62,42,16.5
2025-01-22T05:30:00-08:00,61,42,13.8
2025-01-22T06:00:00-08:00,61,42,13.6
2025-01-22T06:30:00-08:00,61,42,14.4
2025-01-22T07:00:00-08:00,61,42,15.3
2025-01-22T07:30:00-08:00,61,42,15.9
2025-01-22T08:00:00-08:00,62,44,18.9
2025-01-22T08:30:00-08:00,61,48,22.2
2025-01-22T09:00:00-08:00,56,52,23.6
2025-01-22T09:30:00-08:00,53,55,25.6
2025-01-22T10:00:00-08:00,49,58,29.2
2025-01-22T10:30:00-08:00,47,60,25.8
2025-01-22T11:00:00-08:00,43,63,21.3
2025-01-22T11:30:00-08:00,39,64,16.8
2025-01-22T12:00:00-08:00,34,66,10.4
2025-01-22T12:30:00-08:00,29,67,6.2
2025-01-22T13:00:00-08:00,27,69,4.4
2025-01-22T13:30:00-08:00,26,71,4.5
2025-01-22T14:00:00-08:00,26,71,4.9
2025-01-22T14:30:00-08:00,25,72,5
2025-01-22T15:00:00-08:00,23,73,4.4
2025-01-22T15:30:00-08:00,21,76,4.1
2025-01-22T16:00:00-08:00,22,74,3.7
2025-01-22T16:30:00-08:00,24,71,3.8
2025-01-22T17:00:00-08:00,27,69,4.5
2025-01-22T17:30:00-08:00,32,66,5.6
2025-01-22T18:00:00-08:00,35,63,6.2
2025-01-22T18:30:00-08:00,39,61,8.4
2025-01-22T19:00:00-08:00,41,59,10.5
2025-01-22T19:30:00-08:00,44,57,11.2
2025-01-22T20:00:00-08:00,45,56,12.6
2025-01-22T20:30:00-08:00,46,55,16.6
2025-01-22T21:00:00-08:00,47,54,18.5
2025-01-22T21:30:00-08:00,46,53,15.7
2025-01-22T22:00:00-08:00,50,53,21.9
2025-01-22T22:30:00-08:00,53,52,21.3
2025-01-22T23:00:00-08:00,55,52,19.9
2025-01-22T23:30:00-08:00,56,51,20
2025-01-23T00:00:00-08:00,58,50,20.5
2025-01-23T00:30:00-08:00,57,49,21.3
2025-01-23T01:00:00-08:00,57,49,20.7
2025-01-23T01:30:00-08:00,57,48,19
2025-01-23T02:00:00-08:00,57,48,20.2
2025-01-23T02:30:00-08:00,58,47,18.9
2025-01-23T03:00:00-08:00,59,47,17.2
2025-01-23T03:30:00-08:00,60,47,17.1
2025-01-23T04:00:00-08:00,62,47,16.7
2025-01-23T04:30:00-08:00,63,47,16.5
2025-01-23T05:00:00-08:00,62,48,16.6
2025-01-23T05:30:00-08:00,61,47,16.6
2025-01-23T06:00:00-08:00,62,46,18.5
2025-01-23T06:30:00-08:00,62,46,20.9
2025-01-23T07:00:00-08:00,61,46,21
2025-01-23T07:30:00-08:00,62,46,24
2025-01-23T08:00:00-08:00,62,48,25.6
2025-01-23T08:30:00-08:00,59,52,28.8
2025-01-23T09:00:00-08:00,49,56,27.8
2025-01-23T09:30:00-08:00,42,59,23.9
2025-01-23T10:00:00-08:00,36,64,19.3
2025-01-23T10:30:00-08:00,33,66,18.7
2025-01-23T11:00:00-08:00,31,68,19
2025-01-23T11:30:00-08:00,30,70,20.1
2025-01-23T12:00:00-08:00,29,72,19.8
2025-01-23T12:30:00-08:00,29,72,19
2025-01-23T13:00:00-08:00,29,72,19.2
2025-01-23T13:30:00-08:00,27,74,19.1
2025-01-23T14:00:00-08:00,27,75,18.4
2025-01-23T14:30:00-08:00,27,76,17.7
2025-01-23T15:00:00-08:00,25,78,16.2
2025-01-23T15:30:00-08:00,26,78,17.8
2025-01-23T16:00:00-08:00,28,75,18.3
2025-01-23T16:30:00-08:00,29,73,17.3
2025-01-23T17:00:00-08:00,30,71,17.2
2025-01-23T17:30:00-08:00,34,68,17
2025-01-23T18:00:00-08:00,38,65,22
2025-01-23T18:30:00-08:00,41,63,18.7
2025-01-23T19:00:00-08:00,44,61,18.8
2025-01-23T19:30:00-08:00,46,59,20.7
2025-01-23T20:00:00-08:00,48,58,22.4
2025-01-23T20:30:00-08:00,48,57,19.8
2025-01-23T21:00:00-08:00,48,56,19.8
2025-01-23T21:30:00-08:00,49,55,19.4
2025-01-23T22:00:00-08:00,50,54,18.7
2025-01-23T22:30:00-08:00,51,53,18
2025-01-23T23:00:00-08:00,53,52,19.2
2025-01-23T23:30:00-08:00,54,52,19.8
2025-01-24T00:00:00-08:00,55,51,20.8
2025-01-24T00:30:00-08:00,56,51,24.9
2025-01-24T01:00:00-08:00,56,50,24.8
2025-01-24T01:30:00-08:00,57,49,24.3
2025-01-24T02:00:00-08:00,58,49,23.3
2025-01-24T02:30:00-08:00,57,49,20.5
2025-01-24T03:00:00-08:00,57,48,19.1
2025-01-24T03:30:00-08:00,57,47,15.8
2025-01-24T04:00:00-08:00,57,47,14.7
2025-01-24T04:30:00-08:00,58,47,16
2025-01-24T05:00:00-08:00,59,46,17.2
2025-01-24T05:30:00-08:00,60,46,18.4
2025-01-24T06:00:00-08:00,60,46,19.4
2025-01-24T06:30:00-08:00,60,45,20
2025-01-24T07:00:00-08:00,60,45,19.8
2025-01-24T07:30:00-08:00,60,45,19.7
2025-01-24T08:00:00-08:00,60,47,22.2
2025-01-24T08:30:00-08:00,58,51,28.2
2025-01-24T09:00:00-08:00,52,54,27.7
2025-01-24T09:30:00-08:00,46,58,23.6
2025-01-24T10:00:00-08:00,41,61,23.7
2025-01-24T10:30:00-08:00,38,63,23.8
2025-01-24T11:00:00-08:00,35,66,23.3
2025-01-24T11:30:00-08:00,36,67,22.5
2025-01-24T12:00:00-08:00,38,67,27.7
2025-01-24T12:30:00-08:00,37,68,28.7
2025-01-24T13:00:00-08:00,40,68,34.7
2025-01-24T13:30:00-08:00,40,69,37
2025-01-24T14:00:00-08:00,39,67,39.6
2025-01-24T14:30:00-08:00,41,67,40.1
2025-01-24T15:00:00-08:00,41,66,36.1
2025-01-24T15:30:00-08:00,44,66,38.1
2025-01-24T16:00:00-08:00,47,66,40.3
2025-01-24T16:30:00-08:00,48,65,39.9
2025-01-24T17:00:00-08:00,46,64,38.2
2025-01-24T17:30:00-08:00,46,64,38.6
2025-01-24T18:00:00-08:00,49,62,39.7
2025-01-24T18:30:00-08:00,55,61,41.2
2025-01-24T19:00:00-08:00,59,59,34.1
2025-01-24T19:30:00-08:00,63,58,24
2025-01-24T20:00:00-08:00,64,58,22.5
2025-01-24T20:30:00-08:00,64,58,21
2025-01-24T21:00:00-08:00,66,57,16.5
2025-01-24T21:30:00-08:00,65,56,22.2
2025-01-24T22:00:00-08:00,64,55,29.7
2025-01-24T22:30:00-08:00,65,55,33.6
2025-01-24T23:00:00-08:00,65,55,28.2
2025-01-24T23:30:00-08:00,66,55,21.7
2025-01-25T00:00:00-08:00,67,54,14.4
2025-01-25T00:30:00-08:00,67,53,13.7
2025-01-25T01:00:00-08:00,66,52,12.6
2025-01-25T01:30:00-08:00,66,51,13
2025-01-25T02:00:00-08:00,66,51,14.8
2025-01-25T02:30:00-08:00,67,50,16.3
2025-01-25T03:00:00-08:00,66,50,18.2
2025-01-25T03:30:00-08:00,68,51,27.1
2025-01-25T04:00:00-08:00,71,52,33.9
2025-01-25T04:30:00-08:00,69,54,34.3
2025-01-25T05:00:00-08:00,69,54,32
2025-01-25T05:30:00-08:00,68,55,28.8
2025-01-25T06:00:00-08:00,67,55,27.7
2025-01-25T06:30:00-08:00,67,55,26.6
2025-01-25T07:00:00-08:00,69,54,25.6
2025-01-25T07:30:00-08:00,69,54,22.8
2025-01-25T08:00:00-08:00,69,55,22.1
2025-01-25T08:30:00-08:00,64,55,14.1
2025-01-25T09:00:00-08:00,50,55,6.1
2025-01-25T09:30:00-08:00,44,56,3.1
2025-01-25T10:00:00-08:00,37,58,1.2
2025-01-25T10:30:00-08:00,32,60,0.6
2025-01-25T11:00:00-08:00,30,62,0.6
2025-01-25T11:30:00-08:00,28,62,0.5
2025-01-25T12:00:00-08:00,26,63,0.5
2025-01-25T12:30:00-08:00,27,62,1.3
2025-01-25T13:00:00-08:00,27,62,0.7
2025-01-25T13:30:00-08:00,28,61,0.9
2025-01-25T14:00:00-08:00,28,60,0.8
2025-01-25T14:30:00-08:00,29,60,1.1
2025-01-25T15:00:00-08:00,30,59,1.2
2025-01-25T15:30:00-08:00,31,59,1.3
2025-01-25T16:00:00-08:00,32,59,1.1
2025-01-25T16:30:00-08:00,33,59,2.3
2025-01-25T17:00:00-08:00,35,59,2.1
2025-01-25T17:30:00-08:00,36,58,5.3
2025-01-25T18:00:00-08:00,37,58,5.8
2025-01-25T18:30:00-08:00,40,57,9.3
2025-01-25T19:00:00-08:00,42,56,11.4
2025-01-25T19:30:00-08:00,43,56,15.9
2025-01-25T20:00:00-08:00,43,56,17.9
2025-01-25T20:30:00-08:00,44,56,13.1
2025-01-25T21:00:00-08:00,44,56,12.3
2025-01-25T21:30:00-08:00,46,55,3.7
2025-01-25T22:00:00-08:00,47,55,3.9
2025-01-25T22:30:00-08:00,48,54,4.9
2025-01-25T23:00:00-08:00,50,53,4.4
2025-01-25T23:30:00-08:00,50,53,4.8
2025-01-26T00:00:00-08:00,51,52,5.5
2025-01-26T00:30:00-08:00,53,52,7.2
2025-01-26T01:00:00-08:00,53,52,9.3
2025-01-26T01:30:00-08:00,54,51,12
2025-01-26T02:00:00-08:00,55,51,11.5
2025-01-26T02:30:00-08:00,55,52,8
2025-01-26T03:00:00-08:00,54,52,6.5
2025-01-26T03:30:00-08:00,55,52,6.8
2025-01-26T04:00:00-08:00,53,52,6.2
2025-01-26T04:30:00-08:00,49,53,5.5
2025-01-26T05:00:00-08:00,51,52,6.7
2025-01-26T05:30:00-08:00,51,53,6.2
2025-01-26T06:00:00-08:00,52,53,6.5
2025-01-26T06:30:00-08:00,54,53,9.7
2025-01-26T07:00:00-08:00,56,53,10.3
2025-01-26T07:30:00-08:00,53,53,2.4
2025-01-26T08:00:00-08:00,50,53,2.2
2025-01-26T08:30:00-08:00,50,53,1.9
2025-01-26T09:00:00-08:00,47,55,1.4
2025-01-26T09:30:00-08:00,43,57,1.2
2025-01-26T10:00:00-08:00,39,57,0.9
2025-01-26T10:30:00-08:00,38,58,0.6
2025-01-26T11:00:00-08:00,37,58,0.7
2025-01-26T11:30:00-08:00,35,60,0.4
2025-01-26T12:00:00-08:00,34,60,0.5
2025-01-26T12:30:00-08:00,33,60,0.4
2025-01-26T13:00:00-08:00,33,62,0.6
2025-01-26T13:30:00-08:00,32,63,0.6
2025-01-26T14:00:00-08:00,32,65,0.8
2025-01-26T14:30:00-08:00,30,66,0.7
2025-01-26T15:00:00-08:00,26,67,0.4
2025-01-26T15:30:00-08:00,23,69,0.3
2025-01-26T16:00:00-08:00,22,68,0.6
2025-01-26T16:30:00-08:00,23,65,0.3
2025-01-26T17:00:00-08:00,24,63,6.7
2025-01-26T17:30:00-08:00,26,61,5.5
2025-01-26T18:00:00-08:00,29,59,3.3
2025-01-26T18:30:00-08:00,32,56,2.9
2025-01-26T19:00:00-08:00,35,55,13.5
2025-01-26T19:30:00-08:00,38,53,11.7
2025-01-26T20:00:00-08:00,40,52,12.3
2025-01-26T20:30:00-08:00,42,51,14.1
2025-01-26T21:00:00-08:00,44,50,13.7
2025-01-26T21:30:00-08:00,45,49,12.8
2025-01-26T22:00:00-08:00,47,48,12.3
2025-01-26T22:30:00-08:00,49,47,11.2
2025-01-26T23:00:00-08:00,49,47,9.6
2025-01-26T23:30:00-08:00,50,46,8.4
2025-01-27T00:00:00-08:00,50,46,8.2
2025-01-27T00:30:00-08:00,50,45,4.6
2025-01-27T01:00:00-08:00,50,45,3.1
2025-01-27T01:30:00-08:00,51,44,3.4
2025-01-27T02:00:00-08:00,52,44,6.4
2025-01-27T02:30:00-08:00,52,43,5.6
2025-01-27T03:00:00-08:00,53,43,3.2
2025-01-27T03:30:00-08:00,53,43,3.4
2025-01-27T04:00:00-08:00,54,42,4
2025-01-27T04:30:00-08:00,55,42,3.3
2025-01-27T05:00:00-08:00,54,42,3.1
2025-01-27T05:30:00-08:00,55,41,3.2
2025-01-27T06:00:00-08:00,55,41,2.9
2025-01-27T06:30:00-08:00,55,41,3.1
2025-01-27T07:00:00-08:00,55,40,3.5
2025-01-27T07:30:00-08:00,56,41,5
2025-01-27T08:00:00-08:00,56,43,5.2
2025-01-27T08:30:00-08:00,52,47,4.6
2025-01-27T09:00:00-08:00,46,51,6
2025-01-27T09:30:00-08:00,42,54,6.8
2025-01-27T10:00:00-08:00,38,57,7.8
2025-01-27T10:30:00-08:00,36,59,7.7
2025-01-27T11:00:00-08:00,33,62,6
2025-01-27T11:30:00-08:00,29,63,3.7
2025-01-27T12:00:00-08:00,26,64,1.9
2025-01-27T12:30:00-08:00,24,65,2.1
2025-01-27T13:00:00-08:00,24,66,2.4
2025-01-27T13:30:00-08:00,23,67,2.4
2025-01-27T14:00:00-08:00,23,66,2.5
2025-01-27T14:30:00-08:00,23,67,2.8
2025-01-27T15:00:00-08:00,23,68,3.2
2025-01-27T15:30:00-08:00,22,69,3.1
2025-01-27T16:00:00-08:00,22,69,4.1
2025-01-27T16:30:00-08:00,24,66,4.5
2025-01-27T17:00:00-08:00,26,63,3.1
2025-01-27T17:30:00-08:00,30,60,3.1
2025-01-27T18:00:00-08:00,33,59,4.4
2025-01-27T18:30:00-08:00,35,58,7.2
2025-01-27T19:00:00-08:00,38,56,10.4
2025-01-27T19:30:00-08:00,40,54,10.2
2025-01-27T20:00:00-08:00,42,53,15.1
2025-01-27T20:30:00-08:00,44,52,15.1
2025-01-27T21:00:00-08:00,45,51,12.4
2025-01-27T21:30:00-08:00,46,50,11.6
2025-01-27T22:00:00-08:00,48,49,10
2025-01-27T22:30:00-08:00,49,48,8.2
2025-01-27T23:00:00-08:00,49,48,7.9
2025-01-27T23:30:00-08:00,50,47,8.6
2025-01-28T00:00:00-08:00,52,46,9.1
2025-01-28T00:30:00-08:00,52,46,8.7
2025-01-28T01:00:00-08:00,53,45,8.8
2025-01-28T01:30:00-08:00,53,45,9.9
2025-01-28T02:00:00-08:00,53,45,8.3
2025-01-28T02:30:00-08:00,54,44,7.4
2025-01-28T03:00:00-08:00,55,44,7.2
2025-01-28T03:30:00-08:00,55,44,6.9
2025-01-28T04:00:00-08:00,55,43,7.1
2025-01-28T04:30:00-08:00,55,43,7.4
2025-01-28T05:00:00-08:00,56,43,6.8
2025-01-28T05:30:00-08:00,60,43,4.2
2025-01-28T06:00:00-08:00,59,43,4.2
2025-01-28T06:30:00-08:00,58,43,6.6
2025-01-28T07:00:00-08:00,59,42,8.4
2025-01-28T07:30:00-08:00,59,43,9.6
2025-01-28T08:00:00-08:00,60,45,10.3
2025-01-28T08:30:00-08:00,55,48,12.6
2025-01-28T09:00:00-08:00,50,51,13.4
2025-01-28T09:30:00-08:00,46,54,14.7
2025-01-28T10:00:00-08:00,42,57,13.5
2025-01-28T10:30:00-08:00,40,59,10.1
2025-01-28T11:00:00-08:00,40,61,9
2025-01-28T11:30:00-08:00,38,63,8
2025-01-28T12:00:00-08:00,38,64,5.7
2025-01-28T12:30:00-08:00,39,64,6.7
2025-01-28T13:00:00-08:00,35,65,7.4
2025-01-28T13:30:00-08:00,38,66,7.7
2025-01-28T14:00:00-08:00,35,66,5.5
2025-01-28T14:30:00-08:00,32,66,4.2
2025-01-28T15:00:00-08:00,39,66,4.5
2025-01-28T15:30:00-08:00,45,66,3.6
2025-01-28T16:00:00-08:00,48,65,2.8
2025-01-28T16:30:00-08:00,51,61,2.5
2025-01-28T17:00:00-08:00,55,59,2.5
2025-01-28T17:30:00-08:00,61,58,3
2025-01-28T18:00:00-08:00,64,56,3.2
2025-01-28T18:30:00-08:00,66,56,3.1
2025-01-28T19:00:00-08:00,67,56,2.9
2025-01-28T19:30:00-08:00,66,56,3.4
2025-01-28T20:00:00-08:00,66,56,3.5
2025-01-28T20:30:00-08:00,65,56,4.2
2025-01-28T21:00:00-08:00,66,55,4
2025-01-28T21:30:00-08:00,68,54,3.6
2025-01-28T22:00:00-08:00,68,54,4.2
2025-01-28T22:30:00-08:00,67,54,5.5
2025-01-28T23:00:00-08:00,66,54,5
2025-01-28T23:30:00-08:00,64,53,5
2025-01-29T00:00:00-08:00,64,52,5.8
2025-01-29T00:30:00-08:00,64,52,7.6
2025-01-29T01:00:00-08:00,65,53,8.8
2025-01-29T01:30:00-08:00,66,53,8.8
2025-01-29T02:00:00-08:00,67,53,10
2025-01-29T02:30:00-08:00,67,53,11.5
2025-01-29T03:00:00-08:00,66,54,12
2025-01-29T03:30:00-08:00,65,54,14.9
2025-01-29T04:00:00-08:00,65,54,16
2025-01-29T04:30:00-08:00,63,55,16.5
2025-01-29T05:00:00-08:00,64,54,15.6
2025-01-29T05:30:00-08:00,63,55,14.3
2025-01-29T06:00:00-08:00,63,55,15.4
2025-01-29T06:30:00-08:00,61,55,17.4
2025-01-29T07:00:00-08:00,60,55,13.3
2025-01-29T07:30:00-08:00,60,55,15.5
2025-01-29T08:00:00-08:00,60,55,17.1
2025-01-29T08:30:00-08:00,59,55,14
2025-01-29T09:00:00-08:00,58,56,14.1
2025-01-29T09:30:00-08:00,56,57,16.1
2025-01-29T10:00:00-08:00,55,58,16.7
2025-01-29T10:30:00-08:00,54,59,17.1
2025-01-29T11:00:00-08:00,52,60,13.3
2025-01-29T11:30:00-08:00,50,61,10.9
2025-01-29T12:00:00-08:00,48,63,8.9
2025-01-29T12:30:00-08:00,47,63,8.1
2025-01-29T13:00:00-08:00,45,64,8
2025-01-29T13:30:00-08:00,45,64,7.3
2025-01-29T14:00:00-08:00,45,63,6
2025-01-29T14:30:00-08:00,45,63,6.9
2025-01-29T15:00:00-08:00,45,64,7.2
2025-01-29T15:30:00-08:00,42,66,5.9
2025-01-29T16:00:00-08:00,43,65,8.3
2025-01-29T16:30:00-08:00,48,61,8.6
2025-01-29T17:00:00-08:00,53,59,8
2025-01-29T17:30:00-08:00,58,57,9.3
2025-01-29T18:00:00-08:00,60,56,9.1
2025-01-29T18:30:00-08:00,61,55,7
2025-01-29T19:00:00-08:00,61,55,5.3
2025-01-29T19:30:00-08:00,62,55,5.6
2025-01-29T20:00:00-08:00,61,54,6
2025-01-29T20:30:00-08:00,61,53,6.5
2025-01-29T21:00:00-08:00,62,52,10.6
2025-01-29T21:30:00-08:00,62,52,14.9
2025-01-29T22:00:00-08:00,63,53,14.5
2025-01-29T22:30:00-08:00,64,54,15.1
2025-01-29T23:00:00-08:00,63,55,20.8
2025-01-29T23:30:00-08:00,62,55,17.6
2025-01-30T00:00:00-08:00,62,55,12.4
2025-01-30T00:30:00-08:00,63,56,11.3
2025-01-30T01:00:00-08:00,62,56,11.6
2025-01-30T01:30:00-08:00,62,56,11.6
2025-01-30T02:00:00-08:00,62,56,10.7
2025-01-30T02:30:00-08:00,61,56,10.5
2025-01-30T03:00:00-08:00,61,56,9.1
2025-01-30T03:30:00-08:00,60,56,10.3
2025-01-30T04:00:00-08:00,60,56,10.3
2025-01-30T04:30:00-08:00,59,56,9.3
2025-01-30T05:00:00-08:00,57,56,9.6
2025-01-30T05:30:00-08:00,57,55,9.2
2025-01-30T06:00:00-08:00,57,55,9.1
2025-01-30T06:30:00-08:00,56,55,9.1
2025-01-30T07:00:00-08:00,57,55,7.6
2025-01-30T07:30:00-08:00,56,55,8.7
2025-01-30T08:00:00-08:00,55,55,9.8
2025-01-30T08:30:00-08:00,57,55,10.1
2025-01-30T09:00:00-08:00,55,56,12.7
2025-01-30T09:30:00-08:00,54,56,14.1
2025-01-30T10:00:00-08:00,53,57,14.9
2025-01-30T10:30:00-08:00,51,58,15.7
2025-01-30T11:00:00-08:00,51,58,16.4
2025-01-30T11:30:00-08:00,50,58,15.9
2025-01-30T12:00:00-08:00,49,59,14.1
2025-01-30T12:30:00-08:00,47,61,8
2025-01-30T13:00:00-08:00,45,61,4.4
2025-01-30T13:30:00-08:00,43,63,4.3
2025-01-30T14:00:00-08:00,43,63,4.2
2025-01-30T14:30:00-08:00,41,65,4.4
2025-01-30T15:00:00-08:00,41,65,4.6
2025-01-30T15:30:00-08:00,39,66,5.1
2025-01-30T16:00:00-08:00,40,65,4.3
2025-01-30T16:30:00-08:00,43,62,5.3
2025-01-30T17:00:00-08:00,47,60,5.6
2025-01-30T17:30:00-08:00,50,58,10.1
2025-01-30T18:00:00-08:00,53,56,23.4
2025-01-30T18:30:00-08:00,55,55,21
2025-01-30T19:00:00-08:00,56,55,20.6
2025-01-30T19:30:00-08:00,56,55,10.9
2025-01-30T20:00:00-08:00,57,53,11.4
2025-01-30T20:30:00-08:00,58,52,11.8
2025-01-30T21:00:00-08:00,58,52,10.2
2025-01-30T21:30:00-08:00,59,51,11.1
2025-01-30T22:00:00-08:00,59,52,12.5
2025-01-30T22:30:00-08:00,60,52,14.3
2025-01-30T23:00:00-08:00,61,52,13
2025-01-30T23:30:00-08:00,61,52,12.9
2025-01-31T00:00:00-08:00,61,52,11
2025-01-31T00:30:00-08:00,63,52,7.3
2025-01-31T01:00:00-08:00,63,52,11.2
2025-01-31T01:30:00-08:00,63,52,15.8
2025-01-31T02:00:00-08:00,63,52,14.9
2025-01-31T02:30:00-08:00,63,52,16.6
2025-01-31T03:00:00-08:00,62,52,17.8
2025-01-31T03:30:00-08:00,64,52,15.2
2025-01-31T04:00:00-08:00,63,52,13.3
2025-01-31T04:30:00-08:00,63,52,13.5
2025-01-31T05:00:00-08:00,63,52,14.3
2025-01-31T05:30:00-08:00,63,52,15
2025-01-31T06:00:00-08:00,63,53,15.8
2025-01-31T06:30:00-08:00,63,53,14.9
2025-01-31T07:00:00-08:00,63,53,14.4
2025-01-31T07:30:00-08:00,63,53,13.1
2025-01-31T08:00:00-08:00,64,54,12.7
2025-01-31T08:30:00-08:00,63,55,13
2025-01-31T09:00:00-08:00,61,56,13.2
2025-01-31T09:30:00-08:00,61,56,14
2025-01-31T10:00:00-08:00,60,57,13.1
2025-01-31T10:30:00-08:00,62,58,9.5
2025-01-31T11:00:00-08:00,62,59,9.2
2025-01-31T11:30:00-08:00,60,59,8.4
2025-01-31T12:00:00-08:00,59,60,7.4
2025-01-31T12:30:00-08:00,58,60,6.7
2025-01-31T13:00:00-08:00,58,60,6.7
2025-01-31T13:30:00-08:00,61,60,7.6
2025-01-31T14:00:00-08:00,66,59,10.4
2025-01-31T14:30:00-08:00,70,58,8.6
2025-01-31T15:00:00-08:00,71,59,5.4
2025-01-31T15:30:00-08:00,72,59,3.8
2025-01-31T16:00:00-08:00,72,59,4.1
2025-01-31T16:30:00-08:00,71,59,4.9
2025-01-31T17:00:00-08:00,70,59,4.8
2025-01-31T17:30:00-08:00,71,59,4.7
2025-01-31T18:00:00-08:00,72,59,5
2025-01-31T18:30:00-08:00,72,59,4.2
2025-01-31T19:00:00-08:00,72,60,3.8
2025-01-31T19:30:00-08:00,73,59,3.5
2025-01-31T20:00:00-08:00,74,60,4
2025-01-31T20:30:00-08:00,74,60,3.5
2025-01-31T21:00:00-08:00,73,60,3.9
2025-01-31T21:30:00-08:00,72,61,3.3
2025-01-31T22:00:00-08:00,71,61,3.2
2025-01-31T22:30:00-08:00,71,61,3.8
2025-01-31T23:00:00-08:00,71,61,4.4
2025-01-31T23:30:00-08:00,70,61,4.1
2025-02-01T00:00:00-08:00,70,61,4
2025-02-01T00:30:00-08:00,70,61,4.1
2025-02-01T01:00:00-08:00,70,62,4
2025-02-01T01:30:00-08:00,70,61,4.5
2025-02-01T02:00:00-08:00,70,61,5.3
2025-02-01T02:30:00-08:00,69,61,5.1
2025-02-01T03:00:00-08:00,69,62,3.7
2025-02-01T03:30:00-08:00,69,62,3.6
2025-02-01T04:00:00-08:00,69,62,4.3
2025-02-01T04:30:00-08:00,71,62,6
2025-02-01T05:00:00-08:00,73,61,6.4
2025-02-01T05:30:00-08:00,74,61,6.1
2025-02-01T06:00:00-08:00,75,62,6
2025-02-01T06:30:00-08:00,75,62,5
2025-02-01T07:00:00-08:00,76,61,4.7
2025-02-01T07:30:00-08:00,77,61,7
2025-02-01T08:00:00-08:00,74,61,11
2025-02-01T08:30:00-08:00,71,61,10.5
2025-02-01T09:00:00-08:00,69,62,8.4
2025-02-01T09:30:00-08:00,67,62,7.7
2025-02-01T10:00:00-08:00,65,63,7.6
2025-02-01T10:30:00-08:00,64,63,8.1
2025-02-01T11:00:00-08:00,62,64,8.9
2025-02-01T11:30:00-08:00,63,64,8.4
2025-02-01T12:00:00-08:00,67,64,6.4
2025-02-01T12:30:00-08:00,73,63,3.8
2025-02-01T13:00:00-08:00,76,63,3.1
2025-02-01T13:30:00-08:00,77,64,2.2
2025-02-01T14:00:00-08:00,77,64,0.6
2025-02-01T14:30:00-08:00,76,64,0.2
2025-02-01T15:00:00-08:00,76,64,0.2
2025-02-01T15:30:00-08:00,75,64,0.1
2025-02-01T16:00:00-08:00,74,65,0.2
2025-02-01T16:30:00-08:00,73,65,0.2
2025-02-01T17:00:00-08:00,72,65,0.7
2025-02-01T17:30:00-08:00,71,65,0.7
2025-02-01T18:00:00-08:00,71,65,0.8
2025-02-01T18:30:00-08:00,71,65,0.7
2025-02-01T19:00:00-08:00,71,65,0.9
2025-02-01T19:30:00-08:00,71,65,0.8
2025-02-01T20:00:00-08:00,72,65,1.5
2025-02-01T20:30:00-08:00,71,65,0.6
2025-02-01T21:00:00-08:00,71,65,0.7
2025-02-01T21:30:00-08:00,71,65,0.7
2025-02-01T22:00:00-08:00,71,65,0.8
2025-02-01T22:30:00-08:00,71,65,0.9
2025-02-01T23:00:00-08:00,72,65,1.2
2025-02-01T23:30:00-08:00,72,65,1.4
2025-02-02T00:00:00-08:00,72,65,1.6
2025-02-02T00:30:00-08:00,72,65,1.6
2025-02-02T01:00:00-08:00,72,64,1.1
2025-02-02T01:30:00-08:00,72,64,1.1
2025-02-02T02:00:00-08:00,72,64,1
2025-02-02T02:30:00-08:00,73,64,1.1
2025-02-02T03:00:00-08:00,73,64,0.8
2025-02-02T03:30:00-08:00,71,64,0.6
2025-02-02T04:00:00-08:00,70,64,0.4
2025-02-02T04:30:00-08:00,70,64,0.2
2025-02-02T05:00:00-08:00,68,64,0.2
2025-02-02T05:30:00-08:00,69,64,0.4
2025-02-02T06:00:00-08:00,68,64,0.4
2025-02-02T06:30:00-08:00,68,64,0.5
2025-02-02T07:00:00-08:00,67,64,0.4
2025-02-02T07:30:00-08:00,67,64,0.3
2025-02-02T08:00:00-08:00,67,64,0.4
2025-02-02T08:30:00-08:00,67,64,0.5
2025-02-02T09:00:00-08:00,66,65,0.4
2025-02-02T09:30:00-08:00,65,65,0.3
2025-02-02T10:00:00-08:00,64,66,0.1
2025-02-02T10:30:00-08:00,63,67,0
2025-02-02T11:00:00-08:00,61,67,0
2025-02-02T11:30:00-08:00,60,68,0
2025-02-02T12:00:00-08:00,59,69,0
2025-02-02T12:30:00-08:00,59,69,0
2025-02-02T13:00:00-08:00,59,69,0
2025-02-02T13:30:00-08:00,59,69,0
2025-02-02T14:00:00-08:00,57,70,0
2025-02-02T14:30:00-08:00,57,70,0
2025-02-02T15:00:00-08:00,57,69,0
2025-02-02T15:30:00-08:00,57,69,0
2025-02-02T16:00:00-08:00,59,68,0
2025-02-02T16:30:00-08:00,59,68,0
2025-02-02T17:00:00-08:00,60,67,0
2025-02-02T17:30:00-08:00,61,66,0
2025-02-02T18:00:00-08:00,61,66,0
2025-02-02T18:30:00-08:00,60,66,0.1
2025-02-02T19:00:00-08:00,59,67,0.4
2025-02-02T19:30:00-08:00,60,66,1.2
2025-02-02T20:00:00-08:00,61,66,1.3
2025-02-02T20:30:00-08:00,61,66,1.3
2025-02-02T21:00:00-08:00,61,65,0.4
2025-02-02T21:30:00-08:00,61,65,0.7
2025-02-02T22:00:00-08:00,61,65,2.4
2025-02-02T22:30:00-08:00,62,65,1.5
2025-02-02T23:00:00-08:00,62,65,1.2
2025-02-02T23:30:00-08:00,62,65,0.7
2025-02-03T00:00:00-08:00,62,65,0.6
2025-02-03T00:30:00-08:00,62,65,0.6
2025-02-03T01:00:00-08:00,62,64,0.6
2025-02-03T01:30:00-08:00,62,64,0.7
2025-02-03T02:00:00-08:00,62,64,0.7
2025-02-03T02:30:00-08:00,62,64,0.6
2025-02-03T03:00:00-08:00,63,64,0.8
2025-02-03T03:30:00-08:00,63,63,0.3
2025-02-03T04:00:00-08:00,65,63,0.3
2025-02-03T04:30:00-08:00,65,64,0.4
2025-02-03T05:00:00-08:00,64,63,0.4
2025-02-03T05:30:00-08:00,63,63,0.2
2025-02-03T06:00:00-08:00,63,63,0.2
2025-02-03T06:30:00-08:00,64,62,0.2
2025-02-03T07:00:00-08:00,65,62,0.2
2025-02-03T07:30:00-08:00,64,62,0.3
2025-02-03T08:00:00-08:00,62,62,0.4
2025-02-03T08:30:00-08:00,60,63,0.4
2025-02-03T09:00:00-08:00,61,63,0.5
2025-02-03T09:30:00-08:00,63,62,0.5
2025-02-03T10:00:00-08:00,62,63,0.6
2025-02-03T10:30:00-08:00,59,64,0.4
2025-02-03T11:00:00-08:00,58,64,0.4
2025-02-03T11:30:00-08:00,56,65,0.2
2025-02-03T12:00:00-08:00,54,66,0.1
2025-02-03T12:30:00-08:00,52,67,0.3
2025-02-03T13:00:00-08:00,53,65,0.4
2025-02-03T13:30:00-08:00,52,66,0.3
2025-02-03T14:00:00-08:00,53,65,0.5
2025-02-03T14:30:00-08:00,53,66,0.5
2025-02-03T15:00:00-08:00,53,66,0.4
2025-02-03T15:30:00-08:00,53,66,0.3
2025-02-03T16:00:00-08:00,53,65,0.3
2025-02-03T16:30:00-08:00,54,64,0.5
2025-02-03T17:00:00-08:00,55,63,0.3
2025-02-03T17:30:00-08:00,55,63,0.6
2025-02-03T18:00:00-08:00,55,63,0.4
2025-02-03T18:30:00-08:00,55,63,0.3
2025-02-03T19:00:00-08:00,55,63,0.4
2025-02-03T19:30:00-08:00,55,63,0.3
2025-02-03T20:00:00-08:00,55,63,0.3
2025-02-03T20:30:00-08:00,57,63,0.4
2025-02-03T21:00:00-08:00,57,63,0.2
2025-02-03T21:30:00-08:00,57,63,0.1
2025-02-03T22:00:00-08:00,60,62,0.1
2025-02-03T22:30:00-08:00,61,62,0.1
2025-02-03T23:00:00-08:00,60,62,0.1
2025-02-03T23:30:00-08:00,61,61,0.5
2025-02-04T00:00:00-08:00,62,61,0.5
2025-02-04T00:30:00-08:00,60,61,0.6
2025-02-04T01:00:00-08:00,60,61,0.4
2025-02-04T01:30:00-08:00,60,61,0.2
2025-02-04T02:00:00-08:00,60,61,0.2
2025-02-04T02:30:00-08:00,59,61,0
2025-02-04T03:00:00-08:00,62,61,0.1
2025-02-04T03:30:00-08:00,65,61,0.2
2025-02-04T04:00:00-08:00,66,61,0.3
2025-02-04T04:30:00-08:00,68,60,0.4
2025-02-04T05:00:00-08:00,69,60,0.4
2025-02-04T05:30:00-08:00,70,60,0.3
2025-02-04T06:00:00-08:00,69,60,0.1
2025-02-04T06:30:00-08:00,71,60,0.2
2025-02-04T07:00:00-08:00,72,60,0.3
2025-02-04T07:30:00-08:00,72,61,0.2
2025-02-04T08:00:00-08:00,71,61,0.1
2025-02-04T08:30:00-08:00,73,60,0.2
2025-02-04T09:00:00-08:00,74,62,0.2
2025-02-04T09:30:00-08:00,72,63,0.1
2025-02-04T10:00:00-08:00,70,64,0
2025-02-04T10:30:00-08:00,69,65,0
2025-02-04T11:00:00-08:00,72,65,0
2025-02-04T11:30:00-08:00,71,66,0.1
2025-02-04T12:00:00-08:00,72,65,0.2
2025-02-04T12:30:00-08:00,75,65,0.3
2025-02-04T13:00:00-08:00,75,65,0.1
2025-02-04T13:30:00-08:00,75,65,0.1
2025-02-04T14:00:00-08:00,77,64,0
2025-02-04T14:30:00-08:00,78,64,0
2025-02-04T15:00:00-08:00,80,63,0.1
2025-02-04T15:30:00-08:00,79,63,0.1
2025-02-04T16:00:00-08:00,80,63,0
2025-02-04T16:30:00-08:00,81,62,0.1
2025-02-04T17:00:00-08:00,79,60,0.9
2025-02-04T17:30:00-08:00,79,56,2.4
2025-02-04T18:00:00-08:00,80,56,0.3
2025-02-04T18:30:00-08:00,77,55,1.3
2025-02-04T19:00:00-08:00,75,55,1.2
2025-02-04T19:30:00-08:00,72,54,1
2025-02-04T20:00:00-08:00,70,54,0.8
2025-02-04T20:30:00-08:00,70,54,0.6
2025-02-04T21:00:00-08:00,68,53,0.5
2025-02-04T21:30:00-08:00,66,54,0.5
2025-02-04T22:00:00-08:00,64,52,0.5
2025-02-04T22:30:00-08:00,64,52,0.5
2025-02-04T23:00:00-08:00,62,52,0.4
2025-02-04T23:30:00-08:00,61,52,0.4
2025-02-05T00:00:00-08:00,62,51,0.4
2025-02-05T00:30:00-08:00,63,51,0.5
2025-02-05T01:00:00-08:00,62,51,0.3
2025-02-05T01:30:00-08:00,63,51,0.2
2025-02-05T02:00:00-08:00,65,49,1
2025-02-05T02:30:00-08:00,67,48,1.1
2025-02-05T03:00:00-08:00,68,48,1
2025-02-05T03:30:00-08:00,68,47,0.9
2025-02-05T04:00:00-08:00,68,47,0.7
2025-02-05T04:30:00-08:00,68,47,0.6
2025-02-05T05:00:00-08:00,69,46,0.5
2025-02-05T05:30:00-08:00,69,46,0.5
2025-02-05T06:00:00-08:00,69,46,0.5
2025-02-05T06:30:00-08:00,69,46,0.7
2025-02-05T07:00:00-08:00,69,46,0.8
2025-02-05T07:30:00-08:00,69,47,0.9
2025-02-05T08:00:00-08:00,69,48,2.2
2025-02-05T08:30:00-08:00,68,51,1.8
2025-02-05T09:00:00-08:00,62,54,1.3
2025-02-05T09:30:00-08:00,57,56,1.1
2025-02-05T10:00:00-08:00,52,59,0.5
2025-02-05T10:30:00-08:00,49,60,0.1
2025-02-05T11:00:00-08:00,45,61,0.2
2025-02-05T11:30:00-08:00,42,62,0.4
2025-02-05T12:00:00-08:00,42,63,0.2
2025-02-05T12:30:00-08:00,41,64,0.2
2025-02-05T13:00:00-08:00,41,64,0.3
2025-02-05T13:30:00-08:00,42,63,0.2
2025-02-05T14:00:00-08:00,44,63,0.1
2025-02-05T14:30:00-08:00,44,63,0.3
2025-02-05T15:00:00-08:00,45,63,0.6
2025-02-05T15:30:00-08:00,45,63,1.2
2025-02-05T16:00:00-08:00,42,65,0.9
2025-02-05T16:30:00-08:00,42,64,0.7
2025-02-05T17:00:00-08:00,43,62,0.4
2025-02-05T17:30:00-08:00,39,60,0.2
2025-02-05T18:00:00-08:00,39,59,0.1
2025-02-05T18:30:00-08:00,42,57,0.1
2025-02-05T19:00:00-08:00,44,56,2.1
2025-02-05T19:30:00-08:00,45,55,0.7
2025-02-05T20:00:00-08:00,46,55,0.1
2025-02-05T20:30:00-08:00,50,53,0.4
2025-02-05T21:00:00-08:00,53,52,1
2025-02-05T21:30:00-08:00,52,51,0.7
2025-02-05T22:00:00-08:00,53,51,1.1
2025-02-05T22:30:00-08:00,53,50,0.6
2025-02-05T23:00:00-08:00,53,50,0.2
2025-02-05T23:30:00-08:00,54,50,0.7
2025-02-06T00:00:00-08:00,54,50,0.2
2025-02-06T00:30:00-08:00,54,50,0.2
2025-02-06T01:00:00-08:00,54,50,0.3
2025-02-06T01:30:00-08:00,55,50,0.2
2025-02-06T02:00:00-08:00,56,50,0.1
2025-02-06T02:30:00-08:00,56,50,0.2
2025-02-06T03:00:00-08:00,57,49,0.1
2025-02-06T03:30:00-08:00,57,49,0.5
2025-02-06T04:00:00-08:00,55,50,0.3
2025-02-06T04:30:00-08:00,55,52,0.5
2025-02-06T05:00:00-08:00,56,52,2.6
2025-02-06T05:30:00-08:00,56,52,2.8
2025-02-06T06:00:00-08:00,56,53,2.8
2025-02-06T06:30:00-08:00,57,53,3
2025-02-06T07:00:00-08:00,60,53,2.8
2025-02-06T07:30:00-08:00,64,52,1.9
2025-02-06T08:00:00-08:00,69,51,0.9
2025-02-06T08:30:00-08:00,73,50,0.9
2025-02-06T09:00:00-08:00,73,52,1.3
2025-02-06T09:30:00-08:00,74,52,4.1
2025-02-06T10:00:00-08:00,75,54,7.8
2025-02-06T10:30:00-08:00,76,56,6.9
2025-02-06T11:00:00-08:00,76,58,1.5
2025-02-06T11:30:00-08:00,74,61,0
2025-02-06T12:00:00-08:00,71,62,0
2025-02-06T12:30:00-08:00,70,63,0
2025-02-06T13:00:00-08:00,69,64,0
2025-02-06T13:30:00-08:00,67,65,0
2025-02-06T14:00:00-08:00,65,66,0
2025-02-06T14:30:00-08:00,66,66,0
2025-02-06T15:00:00-08:00,71,65,0.2
2025-02-06T15:30:00-08:00,74,64,0.2
2025-02-06T16:00:00-08:00,76,64,0.3
2025-02-06T16:30:00-08:00,77,64,0.2
2025-02-06T17:00:00-08:00,77,64,0.1
2025-02-06T17:30:00-08:00,75,64,0.2
2025-02-06T18:00:00-08:00,73,64,0.4
2025-02-06T18:30:00-08:00,72,64,0.5
2025-02-06T19:00:00-08:00,74,64,0.9
2025-02-06T19:30:00-08:00,74,64,1.3
2025-02-06T20:00:00-08:00,74,64,0.6
2025-02-06T20:30:00-08:00,72,63,0.2
2025-02-06T21:00:00-08:00,68,63,0.2
2025-02-06T21:30:00-08:00,75,62,0.2
2025-02-06T22:00:00-08:00,77,58,0
2025-02-06T22:30:00-08:00,79,56,0.1
2025-02-06T23:00:00-08:00,80,56,0.3
2025-02-06T23:30:00-08:00,77,56,0.3
2025-02-07T00:00:00-08:00,74,56,0.1
2025-02-07T00:30:00-08:00,72,56,0.1
2025-02-07T01:00:00-08:00,71,56,0.1
2025-02-07T01:30:00-08:00,70,56,0.2
2025-02-07T02:00:00-08:00,69,56,0.1
2025-02-07T02:30:00-08:00,68,57,0.2
2025-02-07T03:00:00-08:00,68,58,0.2
2025-02-07T03:30:00-08:00,69,57,0.8
2025-02-07T04:00:00-08:00,70,56,0.9
2025-02-07T04:30:00-08:00,71,56,0.6
2025-02-07T05:00:00-08:00,72,56,0.8
2025-02-07T05:30:00-08:00,73,56,1.7
2025-02-07T06:00:00-08:00,74,56,0.8
2025-02-07T06:30:00-08:00,74,56,1.3
2025-02-07T07:00:00-08:00,75,56,1.9
2025-02-07T07:30:00-08:00,74,57,4.1
2025-02-07T08:00:00-08:00,74,57,2.6
2025-02-07T08:30:00-08:00,72,58,2.3
2025-02-07T09:00:00-08:00,70,59,8.8
2025-02-07T09:30:00-08:00,64,61,0.9
2025-02-07T10:00:00-08:00,63,61,1.2
2025-02-07T10:30:00-08:00,59,62,0.4
2025-02-07T11:00:00-08:00,61,61,0.2
2025-02-07T11:30:00-08:00,64,60,0.3
2025-02-07T12:00:00-08:00,64,61,0.2
2025-02-07T12:30:00-08:00,60,63,0.2
2025-02-07T13:00:00-08:00,55,64,0.1
2025-02-07T13:30:00-08:00,52,64,0
2025-02-07T14:00:00-08:00,49,64,0
2025-02-07T14:30:00-08:00,46,65,0
2025-02-07T15:00:00-08:00,46,64,0
2025-02-07T15:30:00-08:00,48,63,0.5
2025-02-07T16:00:00-08:00,48,64,3.9
2025-02-07T16:30:00-08:00,48,62,1.6
2025-02-07T17:00:00-08:00,55,59,2.2
2025-02-07T17:30:00-08:00,59,58,2.7
2025-02-07T18:00:00-08:00,61,57,1
2025-02-07T18:30:00-08:00,64,56,2.9
2025-02-07T19:00:00-08:00,64,56,0.5
2025-02-07T19:30:00-08:00,66,55,1.9
2025-02-07T20:00:00-08:00,67,55,1.7
2025-02-07T20:30:00-08:00,66,55,2
2025-02-07T21:00:00-08:00,66,54,1.7
2025-02-07T21:30:00-08:00,66,53,3.4
2025-02-07T22:00:00-08:00,67,52,5.5
2025-02-07T22:30:00-08:00,67,51,9.6
2025-02-07T23:00:00-08:00,68,51,8.2
2025-02-07T23:30:00-08:00,68,50,7.8
2025-02-08T00:00:00-08:00,68,50,6.2
2025-02-08T00:30:00-08:00,68,49,5.9
2025-02-08T01:00:00-08:00,69,48,6.2
2025-02-08T01:30:00-08:00,69,48,7.7
2025-02-08T02:00:00-08:00,70,48,10.7
2025-02-08T02:30:00-08:00,70,47,13.4
2025-02-08T03:00:00-08:00,69,47,9.4
2025-02-08T03:30:00-08:00,69,46,8.3
2025-02-08T04:00:00-08:00,70,46,7
2025-02-08T04:30:00-08:00,69,45,6.7
2025-02-08T05:00:00-08:00,68,45,6.3
2025-02-08T05:30:00-08:00,69,45,5.8
2025-02-08T06:00:00-08:00,69,44,6.3
2025-02-08T06:30:00-08:00,68,43,6.2
2025-02-08T07:00:00-08:00,69,43,6.3
2025-02-08T07:30:00-08:00,70,44,8.2
2025-02-08T08:00:00-08:00,72,46,8.1
2025-02-08T08:30:00-08:00,71,50,6.7
2025-02-08T09:00:00-08:00,67,53,4.7
2025-02-08T09:30:00-08:00,59,56,2.6
2025-02-08T10:00:00-08:00,53,57,1.2
2025-02-08T10:30:00-08:00,51,58,1
2025-02-08T11:00:00-08:00,49,60,0.8
2025-02-08T11:30:00-08:00,48,61,1.6
2025-02-08T12:00:00-08:00,48,61,1
2025-02-08T12:30:00-08:00,47,61,0.9
2025-02-08T13:00:00-08:00,48,61,0.3
2025-02-08T13:30:00-08:00,48,61,0.3
2025-02-08T14:00:00-08:00,45,62,0.1
2025-02-08T14:30:00-08:00,41,62,0.1
2025-02-08T15:00:00-08:00,40,63,0
2025-02-08T15:30:00-08:00,41,63,0.1
2025-02-08T16:00:00-08:00,37,66,0
2025-02-08T16:30:00-08:00,37,65,0.1
2025-02-08T17:00:00-08:00,42,61,0.1
2025-02-08T17:30:00-08:00,48,59,0.2
2025-02-08T18:00:00-08:00,52,58,1.5
2025-02-08T18:30:00-08:00,58,57,0.9
2025-02-08T19:00:00-08:00,59,57,1.6
2025-02-08T19:30:00-08:00,59,55,6.5
2025-02-08T20:00:00-08:00,58,54,4.4
2025-02-08T20:30:00-08:00,58,53,7.2
2025-02-08T21:00:00-08:00,58,51,8.9
2025-02-08T21:30:00-08:00,60,50,8.5
2025-02-08T22:00:00-08:00,61,49,14.1
2025-02-08T22:30:00-08:00,61,49,21
2025-02-08T23:00:00-08:00,62,48,12.3
2025-02-08T23:30:00-08:00,63,47,13.5
2025-02-09T00:00:00-08:00,64,47,15.2
2025-02-09T00:30:00-08:00,64,46,12.8
2025-02-09T01:00:00-08:00,64,46,11
2025-02-09T01:30:00-08:00,64,45,16.6
2025-02-09T02:00:00-08:00,65,45,27.9
2025-02-09T02:30:00-08:00,64,44,13.6
2025-02-09T03:00:00-08:00,64,44,11.3
2025-02-09T03:30:00-08:00,64,44,10.5
2025-02-09T04:00:00-08:00,64,43,8
2025-02-09T04:30:00-08:00,64,43,6.2
2025-02-09T05:00:00-08:00,64,43,1.9
2025-02-09T05:30:00-08:00,64,42,1.9
2025-02-09T06:00:00-08:00,65,42,5.5
2025-02-09T06:30:00-08:00,65,41,3.3
2025-02-09T07:00:00-08:00,65,41,3.3
2025-02-09T07:30:00-08:00,66,42,3
2025-02-09T08:00:00-08:00,67,45,4
2025-02-09T08:30:00-08:00,62,49,2.4
2025-02-09T09:00:00-08:00,51,54,0.9
2025-02-09T09:30:00-08:00,43,57,0.6
2025-02-09T10:00:00-08:00,38,59,0.2
2025-02-09T10:30:00-08:00,38,60,0.6
2025-02-09T11:00:00-08:00,39,61,1.1
2025-02-09T11:30:00-08:00,37,63,1.3
2025-02-09T12:00:00-08:00,38,62,1.3
2025-02-09T12:30:00-08:00,37,62,0.9
2025-02-09T13:00:00-08:00,35,63,0.5
2025-02-09T13:30:00-08:00,36,63,0.9
2025-02-09T14:00:00-08:00,35,64,1
2025-02-09T14:30:00-08:00,35,64,0.9
2025-02-09T15:00:00-08:00,33,64,1
2025-02-09T15:30:00-08:00,33,64,1.2
2025-02-09T16:00:00-08:00,32,67,1.5
2025-02-09T16:30:00-08:00,31,66,1.4
2025-02-09T17:00:00-08:00,35,62,1.5
2025-02-09T17:30:00-08:00,36,60,1.9
2025-02-09T18:00:00-08:00,37,59,2.2
2025-02-09T18:30:00-08:00,40,57,2.6
2025-02-09T19:00:00-08:00,43,55,6
2025-02-09T19:30:00-08:00,44,54,3.4
2025-02-09T20:00:00-08:00,50,53,5
2025-02-09T20:30:00-08:00,53,51,6.5
2025-02-09T21:00:00-08:00,54,50,10.4
2025-02-09T21:30:00-08:00,54,49,10.4
2025-02-09T22:00:00-08:00,56,48,9.8
2025-02-09T22:30:00-08:00,56,47,5.8
2025-02-09T23:00:00-08:00,55,47,1.5
2025-02-09T23:30:00-08:00,55,47,1.4
2025-02-10T00:00:00-08:00,56,46,1.9
2025-02-10T00:30:00-08:00,56,45,2.4
2025-02-10T01:00:00-08:00,57,45,2.5
2025-02-10T01:30:00-08:00,58,44,2.4
2025-02-10T02:00:00-08:00,58,44,2.3
2025-02-10T02:30:00-08:00,59,44,2.1
2025-02-10T03:00:00-08:00,59,43,1.8
2025-02-10T03:30:00-08:00,59,43,1.1
2025-02-10T04:00:00-08:00,59,43,0.8
2025-02-10T04:30:00-08:00,58,43,0.4
2025-02-10T05:00:00-08:00,55,44,0.2
2025-02-10T05:30:00-08:00,55,43,0.8
2025-02-10T06:00:00-08:00,56,43,1.2
2025-02-10T06:30:00-08:00,57,42,1.7
2025-02-10T07:00:00-08:00,58,42,3.4
2025-02-10T07:30:00-08:00,60,42,4.7
2025-02-10T08:00:00-08:00,62,45,8.4
2025-02-10T08:30:00-08:00,59,49,9.7
2025-02-10T09:00:00-08:00,54,52,8.5
2025-02-10T09:30:00-08:00,48,55,5.9
2025-02-10T10:00:00-08:00,42,58,4.1
2025-02-10T10:30:00-08:00,35,60,1.8
2025-02-10T11:00:00-08:00,30,62,0.2
2025-02-10T11:30:00-08:00,28,64,0.1
2025-02-10T12:00:00-08:00,26,65,0.1
2025-02-10T12:30:00-08:00,25,66,0.1
2025-02-10T13:00:00-08:00,24,67,0.1
2025-02-10T13:30:00-08:00,24,67,0.1
2025-02-10T14:00:00-08:00,25,67,0.3
2025-02-10T14:30:00-08:00,27,67,0.3
2025-02-10T15:00:00-08:00,27,68,0.4
2025-02-10T15:30:00-08:00,30,66,0.5
2025-02-10T16:00:00-08:00,29,66,0.6
2025-02-10T16:30:00-08:00,35,64,1
2025-02-10T17:00:00-08:00,51,59,1.7
2025-02-10T17:30:00-08:00,55,56,1.6
2025-02-10T18:00:00-08:00,55,55,1.1
2025-02-10T18:30:00-08:00,55,55,1.3
2025-02-10T19:00:00-08:00,53,55,1.9
2025-02-10T19:30:00-08:00,54,54,5.8
2025-02-10T20:00:00-08:00,55,54,3.2
2025-02-10T20:30:00-08:00,57,52,4.1
2025-02-10T21:00:00-08:00,58,51,6
2025-02-10T21:30:00-08:00,59,51,6
2025-02-10T22:00:00-08:00,60,50,5.8
2025-02-10T22:30:00-08:00,61,50,4.2
2025-02-10T23:00:00-08:00,62,49,3.1
2025-02-10T23:30:00-08:00,62,48,2.6
2025-02-11T00:00:00-08:00,62,48,4
2025-02-11T00:30:00-08:00,62,47,4
2025-02-11T01:00:00-08:00,62,47,4.8
2025-02-11T01:30:00-08:00,63,46,3.2
2025-02-11T02:00:00-08:00,65,46,2.8
2025-02-11T02:30:00-08:00,64,46,2.9
2025-02-11T03:00:00-08:00,64,45,2.7
2025-02-11T03:30:00-08:00,63,45,2.6
2025-02-11T04:00:00-08:00,63,44,2.5
2025-02-11T04:30:00-08:00,63,44,2.7
2025-02-11T05:00:00-08:00,63,43,3
2025-02-11T05:30:00-08:00,63,43,3.2
2025-02-11T06:00:00-08:00,66,43,2.1
2025-02-11T06:30:00-08:00,67,43,2.9
2025-02-11T07:00:00-08:00,67,44,3.6
2025-02-11T07:30:00-08:00,67,45,5.7
2025-02-11T08:00:00-08:00,68,47,6
2025-02-11T08:30:00-08:00,66,49,7.6
2025-02-11T09:00:00-08:00,61,53,5.9
2025-02-11T09:30:00-08:00,56,56,5.7
2025-02-11T10:00:00-08:00,52,58,4.1
2025-02-11T10:30:00-08:00,50,60,3.3
2025-02-11T11:00:00-08:00,48,61,2.5
2025-02-11T11:30:00-08:00,47,61,2.4
2025-02-11T12:00:00-08:00,46,62,2.1
2025-02-11T12:30:00-08:00,45,62,1.9
2025-02-11T13:00:00-08:00,44,62,1.8
2025-02-11T13:30:00-08:00,42,60,1.3
2025-02-11T14:00:00-08:00,45,60,1.3
2025-02-11T14:30:00-08:00,49,58,1.6
2025-02-11T15:00:00-08:00,52,56,1.6
2025-02-11T15:30:00-08:00,52,56,2.7
2025-02-11T16:00:00-08:00,52,56,1.7
2025-02-11T16:30:00-08:00,53,56,1.7
2025-02-11T17:00:00-08:00,53,56,1.9
2025-02-11T17:30:00-08:00,52,56,1.8
2025-02-11T18:00:00-08:00,51,56,1.7
2025-02-11T18:30:00-08:00,52,56,1.9
2025-02-11T19:00:00-08:00,53,57,2.5
2025-02-11T19:30:00-08:00,53,56,2.2
2025-02-11T20:00:00-08:00,50,56,0.9
2025-02-11T20:30:00-08:00,53,55,1.1
2025-02-11T21:00:00-08:00,58,54,2.1
2025-02-11T21:30:00-08:00,59,54,1.5
2025-02-11T22:00:00-08:00,61,53,3.3
2025-02-11T22:30:00-08:00,62,52,3
2025-02-11T23:00:00-08:00,63,52,5.3
2025-02-11T23:30:00-08:00,63,52,1
2025-02-12T00:00:00-08:00,62,52,1
2025-02-12T00:30:00-08:00,62,53,0.9
2025-02-12T01:00:00-08:00,63,53,1
2025-02-12T01:30:00-08:00,63,53,1.4
2025-02-12T02:00:00-08:00,63,53,1.6
2025-02-12T02:30:00-08:00,63,53,1
2025-02-12T03:00:00-08:00,63,52,0.5
2025-02-12T03:30:00-08:00,62,52,0.8
2025-02-12T04:00:00-08:00,64,52,2.4
2025-02-12T04:30:00-08:00,64,52,2.8
2025-02-12T05:00:00-08:00,65,52,2.1
2025-02-12T05:30:00-08:00,65,51,1.8
2025-02-12T06:00:00-08:00,64,50,1.6
2025-02-12T06:30:00-08:00,63,50,1.4
2025-02-12T07:00:00-08:00,63,51,1.7
2025-02-12T07:30:00-08:00,63,51,1.6
2025-02-12T08:00:00-08:00,62,52,1.7
2025-02-12T08:30:00-08:00,60,54,2.1
2025-02-12T09:00:00-08:00,57,55,2.3
2025-02-12T09:30:00-08:00,52,58,1.9
2025-02-12T10:00:00-08:00,48,60,1.5
2025-02-12T10:30:00-08:00,47,61,2
2025-02-12T11:00:00-08:00,46,62,3.7
2025-02-12T11:30:00-08:00,44,64,4.4
2025-02-12T12:00:00-08:00,43,65,5.1
2025-02-12T12:30:00-08:00,43,65,4.5
2025-02-12T13:00:00-08:00,43,65,4.4
2025-02-12T13:30:00-08:00,44,65,4.7
2025-02-12T14:00:00-08:00,45,63,5.9
2025-02-12T14:30:00-08:00,46,62,7.2
2025-02-12T15:00:00-08:00,47,62,7
2025-02-12T15:30:00-08:00,48,62,6.7
2025-02-12T16:00:00-08:00,48,62,5.5
2025-02-12T16:30:00-08:00,49,62,4.7
2025-02-12T17:00:00-08:00,50,61,5
2025-02-12T17:30:00-08:00,51,60,5.6
2025-02-12T18:00:00-08:00,53,60,6.1
2025-02-12T18:30:00-08:00,57,59,7.4
2025-02-12T19:00:00-08:00,60,59,7.8
2025-02-12T19:30:00-08:00,64,58,10.1
2025-02-12T20:00:00-08:00,67,58,8.4
2025-02-12T20:30:00-08:00,70,58,8.5
2025-02-12T21:00:00-08:00,73,57,6.5
2025-02-12T21:30:00-08:00,75,57,6.9
2025-02-12T22:00:00-08:00,77,57,3.7
2025-02-12T22:30:00-08:00,78,57,1.3
2025-02-12T23:00:00-08:00,78,58,0.3
2025-02-12T23:30:00-08:00,79,58,0.1
2025-02-13T00:00:00-08:00,78,58,0.1
2025-02-13T00:30:00-08:00,79,58,0
2025-02-13T01:00:00-08:00,80,59,0
2025-02-13T01:30:00-08:00,80,59,0
2025-02-13T02:00:00-08:00,80,59,0
2025-02-13T02:30:00-08:00,81,59,0
2025-02-13T03:00:00-08:00,82,60,0
2025-02-13T03:30:00-08:00,83,60,0
2025-02-13T04:00:00-08:00,83,60,0
2025-02-13T04:30:00-08:00,84,61,0.2
2025-02-13T05:00:00-08:00,79,62,0.4
2025-02-13T05:30:00-08:00,78,61,0.3
2025-02-13T06:00:00-08:00,75,61,0.1
2025-02-13T06:30:00-08:00,76,61,0
2025-02-13T07:00:00-08:00,79,60,0.1
2025-02-13T07:30:00-08:00,79,61,0.1
2025-02-13T08:00:00-08:00,79,60,0.4
2025-02-13T08:30:00-08:00,78,60,0.3
2025-02-13T09:00:00-08:00,75,62,0.4
2025-02-13T09:30:00-08:00,68,63,0.6
2025-02-13T10:00:00-08:00,65,63,0.6
2025-02-13T10:30:00-08:00,65,64,0.8
2025-02-13T11:00:00-08:00,68,62,1.3
2025-02-13T11:30:00-08:00,71,61,1.8
2025-02-13T12:00:00-08:00,73,61,1.4
2025-02-13T12:30:00-08:00,75,60,0.8
2025-02-13T13:00:00-08:00,76,61,0.3
2025-02-13T13:30:00-08:00,73,61,1.5
2025-02-13T14:00:00-08:00,70,62,2.9
2025-02-13T14:30:00-08:00,70,63,3.2
2025-02-13T15:00:00-08:00,67,63,3.4
2025-02-13T15:30:00-08:00,70,62,3.2
2025-02-13T16:00:00-08:00,75,61,3.3
2025-02-13T16:30:00-08:00,75,61,3
2025-02-13T17:00:00-08:00,71,61,3
2025-02-13T17:30:00-08:00,69,61,3.1
2025-02-13T18:00:00-08:00,75,60,3.7
2025-02-13T18:30:00-08:00,74,60,3.9
2025-02-13T19:00:00-08:00,77,59,3.2
2025-02-13T19:30:00-08:00,79,59,2.6
2025-02-13T20:00:00-08:00,81,59,1.2
2025-02-13T20:30:00-08:00,80,59,1.2
2025-02-13T21:00:00-08:00,77,59,1.5
2025-02-13T21:30:00-08:00,78,58,0.7
2025-02-13T22:00:00-08:00,79,59,0.9
2025-02-13T22:30:00-08:00,80,58,1
2025-02-13T23:00:00-08:00,80,58,0.3
2025-02-13T23:30:00-08:00,78,58,2.4
2025-02-14T00:00:00-08:00,75,58,2.5
2025-02-14T00:30:00-08:00,75,58,3.1
2025-02-14T01:00:00-08:00,74,58,3.8
2025-02-14T01:30:00-08:00,73,58,3.5
2025-02-14T02:00:00-08:00,75,57,1.8
2025-02-14T02:30:00-08:00,73,57,1.1
2025-02-14T03:00:00-08:00,73,57,1.6
2025-02-14T03:30:00-08:00,71,57,2.1
2025-02-14T04:00:00-08:00,69,58,2.2
2025-02-14T04:30:00-08:00,69,57,1.9
2025-02-14T05:00:00-08:00,72,55,1.1
2025-02-14T05:30:00-08:00,73,56,2
2025-02-14T06:00:00-08:00,71,56,2.2
2025-02-14T06:30:00-08:00,70,56,2.3
2025-02-14T07:00:00-08:00,68,56,2.5
2025-02-14T07:30:00-08:00,67,56,2.5
2025-02-14T08:00:00-08:00,67,56,2.3
2025-02-14T08:30:00-08:00,66,57,2.9
2025-02-14T09:00:00-08:00,63,58,3.3
2025-02-14T09:30:00-08:00,61,58,3.3
2025-02-14T10:00:00-08:00,60,58,3.1
2025-02-14T10:30:00-08:00,62,59,3.4
2025-02-14T11:00:00-08:00,60,59,2.9
2025-02-14T11:30:00-08:00,57,61,3.2
2025-02-14T12:00:00-08:00,54,61,3.3
2025-02-14T12:30:00-08:00,53,61,3.3
2025-02-14T13:00:00-08:00,51,62,2.9
2025-02-14T13:30:00-08:00,49,62,2.7
2025-02-14T14:00:00-08:00,47,62,2.1
2025-02-14T14:30:00-08:00,47,61,2.2
2025-02-14T15:00:00-08:00,47,61,2.4
2025-02-14T15:30:00-08:00,49,61,2.7
2025-02-14T16:00:00-08:00,48,62,2.7
2025-02-14T16:30:00-08:00,49,62,2.5
2025-02-14T17:00:00-08:00,50,59,2.5
2025-02-14T17:30:00-08:00,54,58,2.9
2025-02-14T18:00:00-08:00,56,57,3.1
2025-02-14T18:30:00-08:00,57,57,3.7
2025-02-14T19:00:00-08:00,58,57,4.4
2025-02-14T19:30:00-08:00,60,56,10.1
2025-02-14T20:00:00-08:00,61,55,12.8
2025-02-14T20:30:00-08:00,63,54,13.8
2025-02-14T21:00:00-08:00,65,53,12.2
2025-02-14T21:30:00-08:00,66,52,10
2025-02-14T22:00:00-08:00,66,52,9.1
2025-02-14T22:30:00-08:00,66,51,10.3
2025-02-14T23:00:00-08:00,66,50,9.1
2025-02-14T23:30:00-08:00,66,50,7.7
2025-02-15T00:00:00-08:00,67,49,7.1
2025-02-15T00:30:00-08:00,66,49,7.2
2025-02-15T01:00:00-08:00,67,48,6.9
2025-02-15T01:30:00-08:00,67,48,6.5
2025-02-15T02:00:00-08:00,67,47,6
2025-02-15T02:30:00-08:00,68,47,4.5
2025-02-15T03:00:00-08:00,69,47,4.3
2025-02-15T03:30:00-08:00,68,47,5.1
2025-02-15T04:00:00-08:00,69,46,4.9
2025-02-15T04:30:00-08:00,69,46,4.9
2025-02-15T05:00:00-08:00,68,46,4.5
2025-02-15T05:30:00-08:00,68,46,4.6
2025-02-15T06:00:00-08:00,68,46,4.2
2025-02-15T06:30:00-08:00,69,45,3.9
2025-02-15T07:00:00-08:00,70,46,4
2025-02-15T07:30:00-08:00,70,48,5.5
2025-02-15T08:00:00-08:00,70,50,6.9
2025-02-15T08:30:00-08:00,69,52,5.9
2025-02-15T09:00:00-08:00,65,54,6.5
2025-02-15T09:30:00-08:00,61,57,6
2025-02-15T10:00:00-08:00,56,59,6
2025-02-15T10:30:00-08:00,53,62,4.9
2025-02-15T11:00:00-08:00,48,64,3.4
2025-02-15T11:30:00-08:00,46,65,2.8
2025-02-15T12:00:00-08:00,48,65,4.7
2025-02-15T12:30:00-08:00,46,66,3.6
2025-02-15T13:00:00-08:00,46,66,3.4
2025-02-15T13:30:00-08:00,44,68,2.6
2025-02-15T14:00:00-08:00,42,70,2.9
2025-02-15T14:30:00-08:00,40,70,2.9
2025-02-15T15:00:00-08:00,41,69,2
2025-02-15T15:30:00-08:00,43,68,1.5
2025-02-15T16:00:00-08:00,43,67,1.8
2025-02-15T16:30:00-08:00,43,68,1.8
2025-02-15T17:00:00-08:00,46,66,2.2
2025-02-15T17:30:00-08:00,49,63,2.1
2025-02-15T18:00:00-08:00,51,62,2.4
2025-02-15T18:30:00-08:00,51,60,3.6
2025-02-15T19:00:00-08:00,49,61,4
2025-02-15T19:30:00-08:00,53,60,4.9
2025-02-15T20:00:00-08:00,57,59,7.8
2025-02-15T20:30:00-08:00,61,58,9.3
2025-02-15T21:00:00-08:00,65,58,12.7
2025-02-15T21:30:00-08:00,64,57,12.7
2025-02-15T22:00:00-08:00,66,55,14.6
2025-02-15T22:30:00-08:00,65,55,13.1
2025-02-15T23:00:00-08:00,64,54,7.1
2025-02-15T23:30:00-08:00,64,53,5.3
2025-02-16T00:00:00-08:00,65,53,6.1
2025-02-16T00:30:00-08:00,66,52,6.2
2025-02-16T01:00:00-08:00,66,52,6.4
2025-02-16T01:30:00-08:00,65,51,6.9
2025-02-16T02:00:00-08:00,65,51,7.9
2025-02-16T02:30:00-08:00,65,50,7.4
2025-02-16T03:00:00-08:00,66,50,7.1
2025-02-16T03:30:00-08:00,67,50,9.5
2025-02-16T04:00:00-08:00,69,50,5.3
2025-02-16T04:30:00-08:00,69,51,3.8
2025-02-16T05:00:00-08:00,70,51,7.2
2025-02-16T05:30:00-08:00,70,50,8.9
2025-02-16T06:00:00-08:00,70,50,9.4
2025-02-16T06:30:00-08:00,70,50,8.4
2025-02-16T07:00:00-08:00,70,50,7.1
2025-02-16T07:30:00-08:00,70,52,6.9
2025-02-16T08:00:00-08:00,69,54,7.6
2025-02-16T08:30:00-08:00,66,56,6.5
2025-02-16T09:00:00-08:00,62,58,9.8
2025-02-16T09:30:00-08:00,60,60,13.4
2025-02-16T10:00:00-08:00,56,61,11.6
2025-02-16T10:30:00-08:00,52,62,12.1
2025-02-16T11:00:00-08:00,49,65,10.9
2025-02-16T11:30:00-08:00,47,66,9.3
2025-02-16T12:00:00-08:00,44,68,7
2025-02-16T12:30:00-08:00,41,69,6
2025-02-16T13:00:00-08:00,39,70,3.7
2025-02-16T13:30:00-08:00,36,69,2.8
2025-02-16T14:00:00-08:00,37,68,2.4
2025-02-16T14:30:00-08:00,42,67,2.9
2025-02-16T15:00:00-08:00,40,68,2.4
2025-02-16T15:30:00-08:00,41,67,2.1
2025-02-16T16:00:00-08:00,44,67,2.6
2025-02-16T16:30:00-08:00,47,66,2.9
2025-02-16T17:00:00-08:00,49,66,3.1
2025-02-16T17:30:00-08:00,52,65,2.5
2025-02-16T18:00:00-08:00,55,64,2.4
2025-02-16T18:30:00-08:00,60,63,1.6
2025-02-16T19:00:00-08:00,65,61,1
2025-02-16T19:30:00-08:00,68,61,1.1
2025-02-16T20:00:00-08:00,71,60,0.9
2025-02-16T20:30:00-08:00,74,60,1.1
2025-02-16T21:00:00-08:00,75,59,0.8
2025-02-16T21:30:00-08:00,76,59,0.8
2025-02-16T22:00:00-08:00,74,60,1
2025-02-16T22:30:00-08:00,72,60,0.4
2025-02-16T23:00:00-08:00,74,59,1.1
2025-02-16T23:30:00-08:00,75,59,1.3
2025-02-17T00:00:00-08:00,74,58,1.4
2025-02-17T00:30:00-08:00,74,58,1.4
2025-02-17T01:00:00-08:00,72,59,1.5
2025-02-17T01:30:00-08:00,71,59,2.9
2025-02-17T02:00:00-08:00,71,58,2.2
2025-02-17T02:30:00-08:00,71,59,1.4
2025-02-17T03:00:00-08:00,70,59,1.3
2025-02-17T03:30:00-08:00,70,58,1.7
2025-02-17T04:00:00-08:00,71,58,2.7
2025-02-17T04:30:00-08:00,71,57,2.6
2025-02-17T05:00:00-08:00,71,57,2.1
2025-02-17T05:30:00-08:00,71,56,2.4
2025-02-17T06:00:00-08:00,73,56,2.4
2025-02-17T06:30:00-08:00,72,56,2.4
2025-02-17T07:00:00-08:00,70,57,2.4
2025-02-17T07:30:00-08:00,70,57,2.7
2025-02-17T08:00:00-08:00,68,58,2.4
2025-02-17T08:30:00-08:00,64,59,2.5
2025-02-17T09:00:00-08:00,62,60,2.6
2025-02-17T09:30:00-08:00,59,61,2.1
2025-02-17T10:00:00-08:00,56,63,2
2025-02-17T10:30:00-08:00,54,64,1.6
2025-02-17T11:00:00-08:00,53,64,1.7
2025-02-17T11:30:00-08:00,50,65,1
2025-02-17T12:00:00-08:00,52,64,1.6
2025-02-17T12:30:00-08:00,53,64,1.9
2025-02-17T13:00:00-08:00,52,65,2
2025-02-17T13:30:00-08:00,53,65,2.3
2025-02-17T14:00:00-08:00,53,65,2.1
2025-02-17T14:30:00-08:00,54,65,2.3
2025-02-17T15:00:00-08:00,54,65,2.3
2025-02-17T15:30:00-08:00,53,64,2.1
2025-02-17T16:00:00-08:00,51,63,1.5
2025-02-17T16:30:00-08:00,48,66,0.9
2025-02-17T17:00:00-08:00,51,63,1.3
2025-02-17T17:30:00-08:00,56,61,2
2025-02-17T18:00:00-08:00,60,59,1.6
2025-02-17T18:30:00-08:00,63,59,1.9
2025-02-17T19:00:00-08:00,64,59,2
2025-02-17T19:30:00-08:00,64,58,1.9
2025-02-17T20:00:00-08:00,66,57,2.3
2025-02-17T20:30:00-08:00,67,58,2.5
2025-02-17T21:00:00-08:00,65,57,3
2025-02-17T21:30:00-08:00,65,56,5.3
2025-02-17T22:00:00-08:00,66,55,5.6
2025-02-17T22:30:00-08:00,67,54,6
2025-02-17T23:00:00-08:00,66,54,5.8
2025-02-17T23:30:00-08:00,68,53,5
2025-02-18T00:00:00-08:00,70,53,3.9
2025-02-18T00:30:00-08:00,69,52,3.5
2025-02-18T01:00:00-08:00,69,52,3.1
2025-02-18T01:30:00-08:00,69,51,3.3
2025-02-18T02:00:00-08:00,69,51,3.6
2025-02-18T02:30:00-08:00,67,51,2.8
2025-02-18T03:00:00-08:00,67,50,2.3
2025-02-18T03:30:00-08:00,67,50,2.1
2025-02-18T04:00:00-08:00,68,50,2
2025-02-18T04:30:00-08:00,68,49,2.2
2025-02-18T05:00:00-08:00,67,49,2.6
2025-02-18T05:30:00-08:00,67,49,2.7
2025-02-18T06:00:00-08:00,68,49,3.1
2025-02-18T06:30:00-08:00,68,49,2.9
2025-02-18T07:00:00-08:00,69,49,2.7
2025-02-18T07:30:00-08:00,71,51,2.8
2025-02-18T08:00:00-08:00,71,53,4.7
2025-02-18T08:30:00-08:00,70,56,9.2
2025-02-18T09:00:00-08:00,66,59,9.4
2025-02-18T09:30:00-08:00,61,60,7.9
2025-02-18T10:00:00-08:00,58,62,7.7
2025-02-18T10:30:00-08:00,54,64,6.1
2025-02-18T11:00:00-08:00,52,66,4.9
2025-02-18T11:30:00-08:00,52,66,4.3
2025-02-18T12:00:00-08:00,51,66,3.7
2025-02-18T12:30:00-08:00,47,67,2.3
2025-02-18T13:00:00-08:00,46,68,2.4
2025-02-18T13:30:00-08:00,46,68,2.3
2025-02-18T14:00:00-08:00,45,69,1.9
2025-02-18T14:30:00-08:00,45,69,1.9
2025-02-18T15:00:00-08:00,43,70,1.9
2025-02-18T15:30:00-08:00,40,72,1.5
2025-02-18T16:00:00-08:00,38,73,0.9
2025-02-18T16:30:00-08:00,43,69,1
2025-02-18T17:00:00-08:00,44,67,2.1
2025-02-18T17:30:00-08:00,47,65,2.1
2025-02-18T18:00:00-08:00,54,63,2.8
2025-02-18T18:30:00-08:00,57,63,3.7
2025-02-18T19:00:00-08:00,60,62,3.6
2025-02-18T19:30:00-08:00,61,61,3.9
2025-02-18T20:00:00-08:00,60,61,3.5
2025-02-18T20:30:00-08:00,57,61,2.1
2025-02-18T21:00:00-08:00,58,61,2
2025-02-18T21:30:00-08:00,58,61,2.8
2025-02-18T22:00:00-08:00,60,60,5.3
2025-02-18T22:30:00-08:00,61,59,5.6
2025-02-18T23:00:00-08:00,62,58,6.6
2025-02-18T23:30:00-08:00,63,58,6.3
2025-02-19T00:00:00-08:00,64,58,6.7
2025-02-19T00:30:00-08:00,64,57,6.6
2025-02-19T01:00:00-08:00,65,57,5.9
2025-02-19T01:30:00-08:00,67,57,6.5
2025-02-19T02:00:00-08:00,68,57,7
2025-02-19T02:30:00-08:00,67,57,6.2
2025-02-19T03:00:00-08:00,69,57,5.7
2025-02-19T03:30:00-08:00,69,58,5.8
2025-02-19T04:00:00-08:00,68,57,5.5
2025-02-19T04:30:00-08:00,67,57,5.4
2025-02-19T05:00:00-08:00,67,57,5.4
2025-02-19T05:30:00-08:00,68,56,5.8
2025-02-19T06:00:00-08:00,69,55,6.2
2025-02-19T06:30:00-08:00,68,55,6.3
2025-02-19T07:00:00-08:00,68,54,6.6
2025-02-19T07:30:00-08:00,69,55,7.5
2025-02-19T08:00:00-08:00,68,59,8.1
2025-02-19T08:30:00-08:00,62,62,6
2025-02-19T09:00:00-08:00,54,65,3.2
2025-02-19T09:30:00-08:00,52,66,3.1
2025-02-19T10:00:00-08:00,51,67,3.5
2025-02-19T10:30:00-08:00,51,67,2.3
2025-02-19T11:00:00-08:00,51,67,2.9
2025-02-19T11:30:00-08:00,59,66,3.5
2025-02-19T12:00:00-08:00,65,65,3.9
2025-02-19T12:30:00-08:00,67,66,4.4
2025-02-19T13:00:00-08:00,65,67,3.9
2025-02-19T13:30:00-08:00,66,66,3.8
2025-02-19T14:00:00-08:00,66,66,2.8
2025-02-19T14:30:00-08:00,63,67,0.1
2025-02-19T15:00:00-08:00,60,67,0.1
2025-02-19T15:30:00-08:00,60,67,0.2
2025-02-19T16:00:00-08:00,59,68,0.6
2025-02-19T16:30:00-08:00,61,65,1
2025-02-19T17:00:00-08:00,65,64,1.3
2025-02-19T17:30:00-08:00,66,63,1.6
2025-02-19T18:00:00-08:00,70,61,2.2
2025-02-19T18:30:00-08:00,71,61,3.2
2025-02-19T19:00:00-08:00,71,61,3.1
2025-02-19T19:30:00-08:00,71,61,3.1
2025-02-19T20:00:00-08:00,71,60,3.2
2025-02-19T20:30:00-08:00,71,60,6
2025-02-19T21:00:00-08:00,71,59,6
2025-02-19T21:30:00-08:00,71,58,7.5
2025-02-19T22:00:00-08:00,70,57,7.8
2025-02-19T22:30:00-08:00,70,56,9.5
2025-02-19T23:00:00-08:00,70,55,11
2025-02-19T23:30:00-08:00,71,55,12.3
2025-02-20T00:00:00-08:00,70,54,12.2
2025-02-20T00:30:00-08:00,71,54,12.3
2025-02-20T01:00:00-08:00,71,54,12.7
2025-02-20T01:30:00-08:00,71,53,12.1
2025-02-20T02:00:00-08:00,71,52,12.3
2025-02-20T02:30:00-08:00,72,52,17.1
2025-02-20T03:00:00-08:00,73,51,16.8
2025-02-20T03:30:00-08:00,73,51,14.4
2025-02-20T04:00:00-08:00,71,51,12.4
2025-02-20T04:30:00-08:00,71,50,10.6
2025-02-20T05:00:00-08:00,71,50,10.5
2025-02-20T05:30:00-08:00,71,49,10.9
2025-02-20T06:00:00-08:00,71,49,11.6
2025-02-20T06:30:00-08:00,71,49,11.7
2025-02-20T07:00:00-08:00,71,49,13.1
2025-02-20T07:30:00-08:00,73,50,15.5
2025-02-20T08:00:00-08:00,75,54,18.5
2025-02-20T08:30:00-08:00,74,57,21
2025-02-20T09:00:00-08:00,69,60,12.2
2025-02-20T09:30:00-08:00,63,62,12.4
2025-02-20T10:00:00-08:00,58,64,5.6
2025-02-20T10:30:00-08:00,53,65,2.8
2025-02-20T11:00:00-08:00,49,67,2.4
2025-02-20T11:30:00-08:00,46,68,1.8
2025-02-20T12:00:00-08:00,43,68,1.3
2025-02-20T12:30:00-08:00,40,69,1
2025-02-20T13:00:00-08:00,36,69,0.5
2025-02-20T13:30:00-08:00,36,71,0.6
2025-02-20T14:00:00-08:00,35,71,0.4
2025-02-20T14:30:00-08:00,33,71,0.4
2025-02-20T15:00:00-08:00,32,73,0.5
2025-02-20T15:30:00-08:00,32,73,0.5
2025-02-20T16:00:00-08:00,31,75,0.7
2025-02-20T16:30:00-08:00,32,75,1.1
2025-02-20T17:00:00-08:00,40,70,1.6
2025-02-20T17:30:00-08:00,48,65,1.6
2025-02-20T18:00:00-08:00,52,64,1.9
2025-02-20T18:30:00-08:00,59,62,2.1
2025-02-20T19:00:00-08:00,62,61,2.8
2025-02-20T19:30:00-08:00,63,60,2.8
2025-02-20T20:00:00-08:00,63,60,3
2025-02-20T20:30:00-08:00,63,59,3.4
2025-02-20T21:00:00-08:00,63,58,4.1
2025-02-20T21:30:00-08:00,65,56,6
2025-02-20T22:00:00-08:00,66,56,8.1
2025-02-20T22:30:00-08:00,65,55,9.3
2025-02-20T23:00:00-08:00,64,54,8.1
2025-02-20T23:30:00-08:00,63,54,6.8
2025-02-21T00:00:00-08:00,64,53,6.4
2025-02-21T00:30:00-08:00,64,52,4.3
2025-02-21T01:00:00-08:00,64,52,3.7
2025-02-21T01:30:00-08:00,64,51,3.4
2025-02-21T02:00:00-08:00,64,50,3.4
2025-02-21T02:30:00-08:00,65,50,3.8
2025-02-21T03:00:00-08:00,65,50,3.5
2025-02-21T03:30:00-08:00,65,49,3.5
2025-02-21T04:00:00-08:00,65,49,3
2025-02-21T04:30:00-08:00,65,49,2.6
2025-02-21T05:00:00-08:00,66,49,2.9
2025-02-21T05:30:00-08:00,66,49,2.9
2025-02-21T06:00:00-08:00,67,49,4.4
2025-02-21T06:30:00-08:00,67,49,4.3
2025-02-21T07:00:00-08:00,67,50,5.4
2025-02-21T07:30:00-08:00,66,51,6.4
2025-02-21T08:00:00-08:00,66,52,7.6
2025-02-21T08:30:00-08:00,63,55,7.1
2025-02-21T09:00:00-08:00,55,59,6.6
2025-02-21T09:30:00-08:00,46,63,3.9
2025-02-21T10:00:00-08:00,39,67,2.2
2025-02-21T10:30:00-08:00,35,69,0.3
2025-02-21T11:00:00-08:00,33,70,0.3
2025-02-21T11:30:00-08:00,31,72,1.1
2025-02-21T12:00:00-08:00,32,73,1.6
2025-02-21T12:30:00-08:00,31,73,1.3
2025-02-21T13:00:00-08:00,32,74,1.4
2025-02-21T13:30:00-08:00,31,74,1.4
2025-02-21T14:00:00-08:00,30,75,1.3
2025-02-21T14:30:00-08:00,30,75,0.9
2025-02-21T15:00:00-08:00,31,73,0.9
2025-02-21T15:30:00-08:00,31,72,1.1
2025-02-21T16:00:00-08:00,33,74,1.4
2025-02-21T16:30:00-08:00,39,73,3.1
2025-02-21T17:00:00-08:00,45,70,3.7
2025-02-21T17:30:00-08:00,49,67,3.7
2025-02-21T18:00:00-08:00,51,65,3.5
2025-02-21T18:30:00-08:00,56,64,5.2
2025-02-21T19:00:00-08:00,58,63,6.3
2025-02-21T19:30:00-08:00,60,62,7.5
2025-02-21T20:00:00-08:00,61,60,7.3
2025-02-21T20:30:00-08:00,62,59,6.6
2025-02-21T21:00:00-08:00,64,59,7.1
2025-02-21T21:30:00-08:00,66,58,5.1
2025-02-21T22:00:00-08:00,65,57,5.8
2025-02-21T22:30:00-08:00,65,56,8.6
2025-02-21T23:00:00-08:00,65,55,8.9
2025-02-21T23:30:00-08:00,65,55,9.2
2025-02-22T00:00:00-08:00,65,54,11.3
2025-02-22T00:30:00-08:00,64,54,8.2
2025-02-22T01:00:00-08:00,64,53,7
2025-02-22T01:30:00-08:00,64,53,5.5
2025-02-22T02:00:00-08:00,63,53,4.8
2025-02-22T02:30:00-08:00,65,53,4.1
2025-02-22T03:00:00-08:00,65,52,3.5
2025-02-22T03:30:00-08:00,64,52,3.3
2025-02-22T04:00:00-08:00,64,51,3.7
2025-02-22T04:30:00-08:00,64,51,3.8
2025-02-22T05:00:00-08:00,65,51,3.9
2025-02-22T05:30:00-08:00,66,50,3.8
2025-02-22T06:00:00-08:00,65,51,2.7
2025-02-22T06:30:00-08:00,64,51,3.6
2025-02-22T07:00:00-08:00,65,50,3.9
2025-02-22T07:30:00-08:00,65,52,5.9
2025-02-22T08:00:00-08:00,64,55,8.5
2025-02-22T08:30:00-08:00,61,58,8.4
2025-02-22T09:00:00-08:00,56,61,8.5
2025-02-22T09:30:00-08:00,51,64,8.1
2025-02-22T10:00:00-08:00,47,66,7.1
2025-02-22T10:30:00-08:00,43,68,5.6
2025-02-22T11:00:00-08:00,39,71,4.6
2025-02-22T11:30:00-08:00,36,73,4
2025-02-22T12:00:00-08:00,33,75,3.7
2025-02-22T12:30:00-08:00,36,75,4.5
2025-02-22T13:00:00-08:00,41,74,7.3
2025-02-22T13:30:00-08:00,40,74,9.6
2025-02-22T14:00:00-08:00,35,75,6.2
2025-02-22T14:30:00-08:00,30,77,3.6
2025-02-22T15:00:00-08:00,29,76,2.1
2025-02-22T15:30:00-08:00,31,74,2.3
2025-02-22T16:00:00-08:00,36,74,4.3
2025-02-22T16:30:00-08:00,46,71,7.4
2025-02-22T17:00:00-08:00,51,67,6.4
2025-02-22T17:30:00-08:00,53,66,5.8
2025-02-22T18:00:00-08:00,56,65,6.5
2025-02-22T18:30:00-08:00,56,64,6.1
2025-02-22T19:00:00-08:00,55,64,6.5
2025-02-22T19:30:00-08:00,56,63,3.1
2025-02-22T20:00:00-08:00,57,64,4.4
2025-02-22T20:30:00-08:00,58,64,3.5
2025-02-22T21:00:00-08:00,57,64,3.6
2025-02-22T21:30:00-08:00,58,63,4.1
2025-02-22T22:00:00-08:00,61,63,3.9
2025-02-22T22:30:00-08:00,63,62,4.1
2025-02-22T23:00:00-08:00,61,62,3.4
2025-02-22T23:30:00-08:00,62,61,2.6
2025-02-23T00:00:00-08:00,65,61,4.3
2025-02-23T00:30:00-08:00,67,60,3.2
2025-02-23T01:00:00-08:00,69,60,3.2
2025-02-23T01:30:00-08:00,66,59,3.3
2025-02-23T02:00:00-08:00,67,58,3.7
2025-02-23T02:30:00-08:00,67,57,3.8
2025-02-23T03:00:00-08:00,68,56,5
2025-02-23T03:30:00-08:00,68,56,5.2
2025-02-23T04:00:00-08:00,66,56,4
2025-02-23T04:30:00-08:00,66,56,4
2025-02-23T05:00:00-08:00,67,56,3.6
2025-02-23T05:30:00-08:00,67,56,4
2025-02-23T06:00:00-08:00,68,56,4.8
2025-02-23T06:30:00-08:00,69,55,5.6
2025-02-23T07:00:00-08:00,68,56,5.4
2025-02-23T07:30:00-08:00,68,58,5.5
2025-02-23T08:00:00-08:00,66,60,5.3
2025-02-23T08:30:00-08:00,66,61,7.3
2025-02-23T09:00:00-08:00,65,63,8.5
2025-02-23T09:30:00-08:00,63,64,7.9
2025-02-23T10:00:00-08:00,62,65,6.6
2025-02-23T10:30:00-08:00,59,66,4.7
2025-02-23T11:00:00-08:00,55,68,4.8
2025-02-23T11:30:00-08:00,55,68,2.5
2025-02-23T12:00:00-08:00,56,67,3.3
2025-02-23T12:30:00-08:00,51,70,2.5
2025-02-23T13:00:00-08:00,45,72,1.5
2025-02-23T13:30:00-08:00,46,72,1.5
2025-02-23T14:00:00-08:00,49,71,2.1
2025-02-23T14:30:00-08:00,50,70,2.4
2025-02-23T15:00:00-08:00,55,69,2.7
2025-02-23T15:30:00-08:00,58,68,2.9
2025-02-23T16:00:00-08:00,59,67,3
2025-02-23T16:30:00-08:00,63,66,3.5
2025-02-23T17:00:00-08:00,62,67,4.2
2025-02-23T17:30:00-08:00,65,66,4.9
2025-02-23T18:00:00-08:00,68,65,4.2
2025-02-23T18:30:00-08:00,68,65,13.7
2025-02-23T19:00:00-08:00,69,64,6
2025-02-23T19:30:00-08:00,70,64,5
2025-02-23T20:00:00-08:00,70,63,7.3
2025-02-23T20:30:00-08:00,70,62,7.2
2025-02-23T21:00:00-08:00,70,62,8.5
2025-02-23T21:30:00-08:00,70,62,8
2025-02-23T22:00:00-08:00,70,62,8.2
2025-02-23T22:30:00-08:00,70,61,7.9
2025-02-23T23:00:00-08:00,70,61,7.2
2025-02-23T23:30:00-08:00,69,61,7.1
2025-02-24T00:00:00-08:00,68,60,6.5
2025-02-24T00:30:00-08:00,69,59,7.3
2025-02-24T01:00:00-08:00,71,58,9.4
2025-02-24T01:30:00-08:00,78,58,9.6
2025-02-24T02:00:00-08:00,80,58,14.6
2025-02-24T02:30:00-08:00,79,59,18.6
2025-02-24T03:00:00-08:00,81,59,17.5
2025-02-24T03:30:00-08:00,82,60,18.2
2025-02-24T04:00:00-08:00,79,60,15.8
2025-02-24T04:30:00-08:00,81,59,6.4
2025-02-24T05:00:00-08:00,81,60,3.6
2025-02-24T05:30:00-08:00,80,60,1
2025-02-24T06:00:00-08:00,79,60,1
2025-02-24T06:30:00-08:00,77,61,2.2
2025-02-24T07:00:00-08:00,78,60,4.7
2025-02-24T07:30:00-08:00,78,60,3.9
2025-02-24T08:00:00-08:00,77,61,2.3
2025-02-24T08:30:00-08:00,73,63,2
2025-02-24T09:00:00-08:00,69,65,3.4
2025-02-24T09:30:00-08:00,66,65,4.3
2025-02-24T10:00:00-08:00,64,66,4.1
2025-02-24T10:30:00-08:00,61,67,5.3
2025-02-24T11:00:00-08:00,58,69,4.7
2025-02-24T11:30:00-08:00,55,70,2.4
2025-02-24T12:00:00-08:00,55,70,0.9
2025-02-24T12:30:00-08:00,55,71,1.2
2025-02-24T13:00:00-08:00,52,71,0.9
2025-02-24T13:30:00-08:00,50,72,0.4
2025-02-24T14:00:00-08:00,48,74,0.4
2025-02-24T14:30:00-08:00,47,74,0.6
2025-02-24T15:00:00-08:00,47,74,0.5
2025-02-24T15:30:00-08:00,46,74,0.6
2025-02-24T16:00:00-08:00,48,73,0.8
2025-02-24T16:30:00-08:00,50,71,0.8
2025-02-24T17:00:00-08:00,54,69,0.9
2025-02-24T17:30:00-08:00,55,69,1.2
2025-02-24T18:00:00-08:00,56,68,1.1
2025-02-24T18:30:00-08:00,62,66,1.2
2025-02-24T19:00:00-08:00,67,66,1.3
2025-02-24T19:30:00-08:00,67,66,1.6
2025-02-24T20:00:00-08:00,68,66,2.2
2025-02-24T20:30:00-08:00,69,66,3.3
2025-02-24T21:00:00-08:00,69,65,3.6
2025-02-24T21:30:00-08:00,70,65,3
2025-02-24T22:00:00-08:00,74,64,2.9
2025-02-24T22:30:00-08:00,74,63,2.4
2025-02-24T23:00:00-08:00,73,63,2.4
2025-02-24T23:30:00-08:00,72,63,3.4
2025-02-25T00:00:00-08:00,71,62,3.2
2025-02-25T00:30:00-08:00,71,61,3.6
2025-02-25T01:00:00-08:00,70,60,3.6
2025-02-25T01:30:00-08:00,70,59,3.7
2025-02-25T02:00:00-08:00,69,58,3.6
2025-02-25T02:30:00-08:00,70,57,3.7
2025-02-25T03:00:00-08:00,71,56,3.4
2025-02-25T03:30:00-08:00,70,56,3.1
2025-02-25T04:00:00-08:00,72,57,3.1
2025-02-25T04:30:00-08:00,73,58,5.4
2025-02-25T05:00:00-08:00,76,57,6.2
2025-02-25T05:30:00-08:00,78,57,6.5
2025-02-25T06:00:00-08:00,77,58,8.2
2025-02-25T06:30:00-08:00,77,58,8.3
2025-02-25T07:00:00-08:00,77,57,7.2
2025-02-25T07:30:00-08:00,78,57,6.3
2025-02-25T08:00:00-08:00,76,57,5
2025-02-25T08:30:00-08:00,76,58,7.6
2025-02-25T09:00:00-08:00,74,59,8
2025-02-25T09:30:00-08:00,72,60,8.7
2025-02-25T10:00:00-08:00,67,62,8.6
2025-02-25T10:30:00-08:00,63,64,8.8
2025-02-25T11:00:00-08:00,60,65,8.7
2025-02-25T11:30:00-08:00,59,65,7.3
2025-02-25T12:00:00-08:00,56,67,6.7
2025-02-25T12:30:00-08:00,53,68,6.2
2025-02-25T13:00:00-08:00,51,69,5.6
2025-02-25T13:30:00-08:00,47,69,2.7
2025-02-25T14:00:00-08:00,41,71,1.4
2025-02-25T14:30:00-08:00,39,72,1.1
2025-02-25T15:00:00-08:00,38,72,1
2025-02-25T15:30:00-08:00,37,72,1.7
2025-02-25T16:00:00-08:00,40,72,3
2025-02-25T16:30:00-08:00,38,74,2.9
2025-02-25T17:00:00-08:00,41,72,4.3
2025-02-25T17:30:00-08:00,45,68,3.5
2025-02-25T18:00:00-08:00,50,65,4.6
2025-02-25T18:30:00-08:00,54,63,4.7
2025-02-25T19:00:00-08:00,57,62,5.5
2025-02-25T19:30:00-08:00,60,62,6.6
2025-02-25T20:00:00-08:00,61,61,6.6
2025-02-25T20:30:00-08:00,64,60,7.5
2025-02-25T21:00:00-08:00,62,59,6.6
2025-02-25T21:30:00-08:00,63,58,8.6
2025-02-25T22:00:00-08:00,64,57,8.4
2025-02-25T22:30:00-08:00,64,56,7.5
2025-02-25T23:00:00-08:00,63,56,6.5
2025-02-25T23:30:00-08:00,63,55,6
2025-02-26T00:00:00-08:00,64,54,5.5
2025-02-26T00:30:00-08:00,64,53,5.4
2025-02-26T01:00:00-08:00,65,53,4
2025-02-26T01:30:00-08:00,65,53,3.3
2025-02-26T02:00:00-08:00,65,52,2.8
2025-02-26T02:30:00-08:00,65,52,2.9
2025-02-26T03:00:00-08:00,65,51,3.5
2025-02-26T03:30:00-08:00,66,51,3.3
2025-02-26T04:00:00-08:00,66,50,2.6
2025-02-26T04:30:00-08:00,67,50,2.9
2025-02-26T05:00:00-08:00,66,50,2.9
2025-02-26T05:30:00-08:00,66,49,2.8
2025-02-26T06:00:00-08:00,66,49,3.3
2025-02-26T06:30:00-08:00,68,49,6.2
2025-02-26T07:00:00-08:00,68,50,7
2025-02-26T07:30:00-08:00,67,52,6.3
2025-02-26T08:00:00-08:00,64,55,6.3
2025-02-26T08:30:00-08:00,60,58,7.8
2025-02-26T09:00:00-08:00,57,61,9.6
2025-02-26T09:30:00-08:00,53,64,8.1
2025-02-26T10:00:00-08:00,47,67,5.1
2025-02-26T10:30:00-08:00,40,70,5.1
2025-02-26T11:00:00-08:00,37,73,4.9
2025-02-26T11:30:00-08:00,36,76,6.7
2025-02-26T12:00:00-08:00,32,77,3.7
2025-02-26T12:30:00-08:00,31,78,3.7
2025-02-26T13:00:00-08:00,30,79,2.8
2025-02-26T13:30:00-08:00,28,81,1.8
2025-02-26T14:00:00-08:00,28,80,2
2025-02-26T14:30:00-08:00,29,78,2
2025-02-26T15:00:00-08:00,28,80,2.4
2025-02-26T15:30:00-08:00,27,81,2.4
2025-02-26T16:00:00-08:00,26,83,2.2
2025-02-26T16:30:00-08:00,24,86,2.5
2025-02-26T17:00:00-08:00,24,85,2.2
2025-02-26T17:30:00-08:00,32,75,2.3
2025-02-26T18:00:00-08:00,35,72,2.1
2025-02-26T18:30:00-08:00,37,71,2.6
2025-02-26T19:00:00-08:00,38,69,3.2
2025-02-26T19:30:00-08:00,38,68,2.3
2025-02-26T20:00:00-08:00,44,67,4.1
2025-02-26T20:30:00-08:00,51,65,4.4
2025-02-26T21:00:00-08:00,56,64,5.1
2025-02-26T21:30:00-08:00,57,63,5.6
2025-02-26T22:00:00-08:00,57,61,4.8
2025-02-26T22:30:00-08:00,54,61,3.1
2025-02-26T23:00:00-08:00,51,61,1.4
2025-02-26T23:30:00-08:00,52,60,1.7
2025-02-27T00:00:00-08:00,54,59,2.6
2025-02-27T00:30:00-08:00,58,58,5.4
2025-02-27T01:00:00-08:00,58,57,5
2025-02-27T01:30:00-08:00,58,56,5.3
2025-02-27T02:00:00-08:00,60,56,5.3
2025-02-27T02:30:00-08:00,61,55,5.1
2025-02-27T03:00:00-08:00,61,54,5
2025-02-27T03:30:00-08:00,63,54,5.1
2025-02-27T04:00:00-08:00,63,53,5.1
2025-02-27T04:30:00-08:00,63,53,5
2025-02-27T05:00:00-08:00,64,52,4.8
2025-02-27T05:30:00-08:00,65,52,5.5
2025-02-27T06:00:00-08:00,65,52,5.5
2025-02-27T06:30:00-08:00,69,52,6.9
2025-02-27T07:00:00-08:00,68,54,7.1
2025-02-27T07:30:00-08:00,66,55,8.1
2025-02-27T08:00:00-08:00,62,58,9.3
2025-02-27T08:30:00-08:00,57,61,9.8
2025-02-27T09:00:00-08:00,54,65,10.8
2025-02-27T09:30:00-08:00,50,67,11.2
2025-02-27T10:00:00-08:00,47,70,10.7
2025-02-27T10:30:00-08:00,45,72,8.5
2025-02-27T11:00:00-08:00,43,74,7.1
2025-02-27T11:30:00-08:00,40,77,7.3
2025-02-27T12:00:00-08:00,36,79,5.2
2025-02-27T12:30:00-08:00,34,81,5
2025-02-27T13:00:00-08:00,33,82,5
2025-02-27T13:30:00-08:00,31,84,4.1
2025-02-27T14:00:00-08:00,31,85,4.5
2025-02-27T14:30:00-08:00,32,84,5.4
2025-02-27T15:00:00-08:00,32,83,5.5
2025-02-27T15:30:00-08:00,33,83,5.4
2025-02-27T16:00:00-08:00,30,86,5.7
2025-02-27T16:30:00-08:00,28,89,6.4
2025-02-27T17:00:00-08:00,30,87,6.5
2025-02-27T17:30:00-08:00,39,81,7.5
2025-02-27T18:00:00-08:00,45,76,8.7
2025-02-27T18:30:00-08:00,48,74,10
2025-02-27T19:00:00-08:00,52,72,10.8
2025-02-27T19:30:00-08:00,55,70,11.9
2025-02-27T20:00:00-08:00,57,68,14.4
2025-02-27T20:30:00-08:00,61,67,17.5
2025-02-27T21:00:00-08:00,61,66,18.2
2025-02-27T21:30:00-08:00,62,65,18.9
2025-02-27T22:00:00-08:00,62,64,20.9
2025-02-27T22:30:00-08:00,64,62,22.4
2025-02-27T23:00:00-08:00,64,61,22.2
2025-02-27T23:30:00-08:00,67,60,23.5
2025-02-28T00:00:00-08:00,65,60,22.8
2025-02-28T00:30:00-08:00,64,60,21.9
2025-02-28T01:00:00-08:00,64,59,20.5
2025-02-28T01:30:00-08:00,65,59,20.3
2025-02-28T02:00:00-08:00,65,59,19.7
2025-02-28T02:30:00-08:00,65,58,19.9
2025-02-28T03:00:00-08:00,66,58,20.3
2025-02-28T03:30:00-08:00,66,57,18.9
2025-02-28T04:00:00-08:00,67,57,18.6
2025-02-28T04:30:00-08:00,66,57,16.7
2025-02-28T05:00:00-08:00,65,57,15.1
2025-02-28T05:30:00-08:00,65,57,15
2025-02-28T06:00:00-08:00,66,57,16
2025-02-28T06:30:00-08:00,66,57,16.2
2025-02-28T07:00:00-08:00,65,58,15.1
2025-02-28T07:30:00-08:00,64,59,14.9
2025-02-28T08:00:00-08:00,62,61,14.7
2025-02-28T08:30:00-08:00,58,64,15.4
2025-02-28T09:00:00-08:00,52,67,16.5
2025-02-28T09:30:00-08:00,49,70,20.5
2025-02-28T10:00:00-08:00,45,73,19.5
2025-02-28T10:30:00-08:00,43,75,20.7
2025-02-28T11:00:00-08:00,41,77,21
2025-02-28T11:30:00-08:00,40,78,19.5
2025-02-28T12:00:00-08:00,38,81,16
2025-02-28T12:30:00-08:00,35,83,13.2
2025-02-28T13:00:00-08:00,37,83,16.1
2025-02-28T13:30:00-08:00,34,84,11.7
2025-02-28T14:00:00-08:00,32,84,10.3
2025-02-28T14:30:00-08:00,33,83,10
2025-02-28T15:00:00-08:00,30,84,8.2
2025-02-28T15:30:00-08:00,28,86,8
2025-02-28T16:00:00-08:00,23,85,5.8
2025-02-28T16:30:00-08:00,27,84,6.5
2025-02-28T17:00:00-08:00,35,78,10.1
2025-02-28T17:30:00-08:00,41,74,10.4
2025-02-28T18:00:00-08:00,48,71,12.1
2025-02-28T18:30:00-08:00,50,69,13.9
2025-02-28T19:00:00-08:00,54,68,15.3
2025-02-28T19:30:00-08:00,57,67,16.7
2025-02-28T20:00:00-08:00,62,66,18.3
2025-02-28T20:30:00-08:00,63,65,18.1
2025-02-28T21:00:00-08:00,64,64,17.4
2025-02-28T21:30:00-08:00,64,63,17.5
2025-02-28T22:00:00-08:00,65,62,17.9
2025-02-28T22:30:00-08:00,69,61,15.9
2025-02-28T23:00:00-08:00,73,58,4.5
2025-02-28T23:30:00-08:00,74,58,3.2
2025-03-01T00:00:00-08:00,73,58,4.7
2025-03-01T00:30:00-08:00,71,58,4.3
2025-03-01T01:00:00-08:00,69,57,4.5
2025-03-01T01:30:00-08:00,68,57,5.8
2025-03-01T02:00:00-08:00,67,56,7.8
2025-03-01T02:30:00-08:00,67,55,8.2
2025-03-01T03:00:00-08:00,67,55,9
2025-03-01T03:30:00-08:00,69,54,12.3
2025-03-01T04:00:00-08:00,74,55,18.9
2025-03-01T04:30:00-08:00,74,56,17.4
2025-03-01T05:00:00-08:00,73,57,15.3
2025-03-01T05:30:00-08:00,71,58,13.8
2025-03-01T06:00:00-08:00,71,58,10.7
2025-03-01T06:30:00-08:00,71,57,5
2025-03-01T07:00:00-08:00,71,57,4.1
2025-03-01T07:30:00-08:00,70,57,4.8
2025-03-01T08:00:00-08:00,70,57,5.9
2025-03-01T08:30:00-08:00,68,58,5.4
2025-03-01T09:00:00-08:00,63,60,5.7
2025-03-01T09:30:00-08:00,59,62,5.6
2025-03-01T10:00:00-08:00,57,63,4.8
2025-03-01T10:30:00-08:00,55,63,4.5
2025-03-01T11:00:00-08:00,55,64,5.4
2025-03-01T11:30:00-08:00,54,65,5.9
2025-03-01T12:00:00-08:00,55,64,3.3
2025-03-01T12:30:00-08:00,53,66,1.9
2025-03-01T13:00:00-08:00,53,66,1.6
2025-03-01T13:30:00-08:00,54,66,1
2025-03-01T14:00:00-08:00,57,65,0.7
2025-03-01T14:30:00-08:00,58,64,0.4
2025-03-01T15:00:00-08:00,59,64,0.3
2025-03-01T15:30:00-08:00,59,63,0.5
2025-03-01T16:00:00-08:00,58,64,0.6
2025-03-01T16:30:00-08:00,54,66,0.5
2025-03-01T17:00:00-08:00,54,65,0.6
2025-03-01T17:30:00-08:00,55,64,0.7
2025-03-01T18:00:00-08:00,55,63,1.3
2025-03-01T18:30:00-08:00,56,63,1.1
2025-03-01T19:00:00-08:00,61,62,1.4
2025-03-01T19:30:00-08:00,66,61,0.9
2025-03-01T20:00:00-08:00,70,61,0
2025-03-01T20:30:00-08:00,71,61,0
2025-03-01T21:00:00-08:00,70,60,0.2
2025-03-01T21:30:00-08:00,69,60,0.4
2025-03-01T22:00:00-08:00,69,60,0.6
2025-03-01T22:30:00-08:00,70,59,0.6
2025-03-01T23:00:00-08:00,68,59,0.7
2025-03-01T23:30:00-08:00,67,58,0.8
2025-03-02T00:00:00-08:00,67,58,1.2
2025-03-02T00:30:00-08:00,66,58,1.4
2025-03-02T01:00:00-08:00,66,58,1.9
2025-03-02T01:30:00-08:00,67,57,1.3
2025-03-02T02:00:00-08:00,70,56,0.7
2025-03-02T02:30:00-08:00,72,56,1
2025-03-02T03:00:00-08:00,71,57,0.9
2025-03-02T03:30:00-08:00,67,56,0.5
2025-03-02T04:00:00-08:00,67,56,0.5
2025-03-02T04:30:00-08:00,66,56,0.4
2025-03-02T05:00:00-08:00,66,56,0.2
2025-03-02T05:30:00-08:00,72,55,0.1
2025-03-02T06:00:00-08:00,72,56,0.2
2025-03-02T06:30:00-08:00,72,56,0.2
2025-03-02T07:00:00-08:00,73,56,0.3
2025-03-02T07:30:00-08:00,73,55,0.2
2025-03-02T08:00:00-08:00,74,56,0.2
2025-03-02T08:30:00-08:00,71,56,0.2
2025-03-02T09:00:00-08:00,70,57,0.3
2025-03-02T09:30:00-08:00,67,58,0.3
2025-03-02T10:00:00-08:00,67,58,0.8
2025-03-02T10:30:00-08:00,64,59,1.6
2025-03-02T11:00:00-08:00,60,60,2.4
2025-03-02T11:30:00-08:00,55,60,2.2
2025-03-02T12:00:00-08:00,49,61,1.9
2025-03-02T12:30:00-08:00,48,61,1.7
2025-03-02T13:00:00-08:00,49,61,1.9
2025-03-02T13:30:00-08:00,49,61,1.7
2025-03-02T14:00:00-08:00,49,61,1.4
2025-03-02T14:30:00-08:00,49,61,1.2
2025-03-02T15:00:00-08:00,50,61,1.1
2025-03-02T15:30:00-08:00,49,61,0.6
2025-03-02T16:00:00-08:00,49,61,0.7
2025-03-02T16:30:00-08:00,50,61,0.6
2025-03-02T17:00:00-08:00,53,60,0.7
2025-03-02T17:30:00-08:00,55,58,0.8
2025-03-02T18:00:00-08:00,59,56,1
2025-03-02T18:30:00-08:00,61,56,0.8
2025-03-02T19:00:00-08:00,61,55,0.9
2025-03-02T19:30:00-08:00,62,56,1
2025-03-02T20:00:00-08:00,61,56,0.8
2025-03-02T20:30:00-08:00,60,55,0.7
2025-03-02T21:00:00-08:00,62,55,1.1
2025-03-02T21:30:00-08:00,62,54,1.4
2025-03-02T22:00:00-08:00,63,54,1.7
2025-03-02T22:30:00-08:00,63,55,1.8
2025-03-02T23:00:00-08:00,63,55,1.9
2025-03-02T23:30:00-08:00,63,55,1.9
2025-03-03T00:00:00-08:00,64,54,2.2
2025-03-03T00:30:00-08:00,63,54,2
2025-03-03T01:00:00-08:00,62,55,1.7
2025-03-03T01:30:00-08:00,62,54,1.4
2025-03-03T02:00:00-08:00,64,54,1.5
2025-03-03T02:30:00-08:00,64,54,1.3
2025-03-03T03:00:00-08:00,62,54,0.7
2025-03-03T03:30:00-08:00,61,54,1.2
2025-03-03T04:00:00-08:00,60,53,1.5
2025-03-03T04:30:00-08:00,61,53,1.3
2025-03-03T05:00:00-08:00,62,52,1.2
2025-03-03T05:30:00-08:00,64,51,1.4
2025-03-03T06:00:00-08:00,63,50,1.4
2025-03-03T06:30:00-08:00,64,49,1.7
2025-03-03T07:00:00-08:00,66,50,1.9
2025-03-03T07:30:00-08:00,65,52,1.9
2025-03-03T08:00:00-08:00,61,54,1
2025-03-03T08:30:00-08:00,54,57,1
2025-03-03T09:00:00-08:00,52,59,1.2
2025-03-03T09:30:00-08:00,51,60,1.5
2025-03-03T10:00:00-08:00,46,62,0.9
2025-03-03T10:30:00-08:00,44,63,0.7
2025-03-03T11:00:00-08:00,43,64,0.8
2025-03-03T11:30:00-08:00,39,65,0.1
2025-03-03T12:00:00-08:00,41,66,0.3
2025-03-03T12:30:00-08:00,43,66,0.6
2025-03-03T13:00:00-08:00,45,65,0.6
2025-03-03T13:30:00-08:00,48,64,0.3
2025-03-03T14:00:00-08:00,51,63,0.3
2025-03-03T14:30:00-08:00,52,63,0.3
2025-03-03T15:00:00-08:00,53,63,0.4
2025-03-03T15:30:00-08:00,54,62,0.4
2025-03-03T16:00:00-08:00,55,62,0.4
2025-03-03T16:30:00-08:00,54,62,0.4
2025-03-03T17:00:00-08:00,56,61,0.5
2025-03-03T17:30:00-08:00,58,59,0.4
2025-03-03T18:00:00-08:00,60,58,0.3
2025-03-03T18:30:00-08:00,61,57,0.3
2025-03-03T19:00:00-08:00,62,57,0.4
2025-03-03T19:30:00-08:00,62,57,0.4
2025-03-03T20:00:00-08:00,62,57,0.6
2025-03-03T20:30:00-08:00,62,57,0.6
2025-03-03T21:00:00-08:00,61,58,0.5
2025-03-03T21:30:00-08:00,61,58,0.4
2025-03-03T22:00:00-08:00,61,57,0.4
2025-03-03T22:30:00-08:00,61,57,0.4
2025-03-03T23:00:00-08:00,61,57,0.4
2025-03-03T23:30:00-08:00,61,57,0.3
2025-03-04T00:00:00-08:00,61,57,0.3
2025-03-04T00:30:00-08:00,61,57,0.3
2025-03-04T01:00:00-08:00,61,57,0.3
2025-03-04T01:30:00-08:00,61,57,0.2
2025-03-04T02:00:00-08:00,59,58,0.2
2025-03-04T02:30:00-08:00,60,58,0.1
2025-03-04T03:00:00-08:00,59,58,0.1
2025-03-04T03:30:00-08:00,60,57,0.2
2025-03-04T04:00:00-08:00,63,57,0.3
2025-03-04T04:30:00-08:00,61,58,0.2
2025-03-04T05:00:00-08:00,61,57,0.2
2025-03-04T05:30:00-08:00,60,57,1.6
2025-03-04T06:00:00-08:00,60,57,1.8
2025-03-04T06:30:00-08:00,60,57,1.4
2025-03-04T07:00:00-08:00,60,57,1.5
2025-03-04T07:30:00-08:00,60,57,2.1
2025-03-04T08:00:00-08:00,58,59,2.6
2025-03-04T08:30:00-08:00,55,60,2.7
2025-03-04T09:00:00-08:00,54,61,3.1
2025-03-04T09:30:00-08:00,51,63,1.5
2025-03-04T10:00:00-08:00,48,65,1.2
2025-03-04T10:30:00-08:00,46,66,1
2025-03-04T11:00:00-08:00,43,68,0.8
2025-03-04T11:30:00-08:00,42,68,0.8
2025-03-04T12:00:00-08:00,41,70,1.1
2025-03-04T12:30:00-08:00,39,71,0.8
2025-03-04T13:00:00-08:00,42,69,0.4
2025-03-04T13:30:00-08:00,43,68,0.6
2025-03-04T14:00:00-08:00,43,69,0.7
2025-03-04T14:30:00-08:00,43,69,0.9
2025-03-04T15:00:00-08:00,42,69,1
2025-03-04T15:30:00-08:00,43,69,0.9
2025-03-04T16:00:00-08:00,42,70,1.3
2025-03-04T16:30:00-08:00,43,71,1.7
2025-03-04T17:00:00-08:00,48,68,1.7
2025-03-04T17:30:00-08:00,54,65,2.1
2025-03-04T18:00:00-08:00,58,63,3.2
2025-03-04T18:30:00-08:00,60,63,4.3
2025-03-04T19:00:00-08:00,60,63,4.2
2025-03-04T19:30:00-08:00,59,64,5.2
2025-03-04T20:00:00-08:00,59,63,8.1
2025-03-04T20:30:00-08:00,60,63,9.5
2025-03-04T21:00:00-08:00,61,63,8.6
2025-03-04T21:30:00-08:00,61,62,7.7
2025-03-04T22:00:00-08:00,62,62,8.4
2025-03-04T22:30:00-08:00,61,62,7.1
2025-03-04T23:00:00-08:00,61,62,6.2
2025-03-04T23:30:00-08:00,59,62,3.7
2025-03-05T00:00:00-08:00,57,62,3.5
2025-03-05T00:30:00-08:00,56,61,2.7
2025-03-05T01:00:00-08:00,57,62,2.8
2025-03-05T01:30:00-08:00,58,61,2.7
2025-03-05T02:00:00-08:00,58,61,2.7
2025-03-05T02:30:00-08:00,58,62,3
2025-03-05T03:00:00-08:00,58,62,3.3
2025-03-05T03:30:00-08:00,59,61,3.7
2025-03-05T04:00:00-08:00,59,61,2.2
2025-03-05T04:30:00-08:00,60,61,5.5
2025-03-05T05:00:00-08:00,65,61,12.6
2025-03-05T05:30:00-08:00,69,60,14.6
2025-03-05T06:00:00-08:00,71,60,17.7
2025-03-05T06:30:00-08:00,72,60,19.7
2025-03-05T07:00:00-08:00,73,60,19.1
2025-03-05T07:30:00-08:00,73,61,16
2025-03-05T08:00:00-08:00,72,61,9.8
2025-03-05T08:30:00-08:00,71,62,8
2025-03-05T09:00:00-08:00,71,62,8.4
2025-03-05T09:30:00-08:00,71,62,9.2
2025-03-05T10:00:00-08:00,71,62,10.2
2025-03-05T10:30:00-08:00,71,60,4.4
2025-03-05T11:00:00-08:00,71,59,2.4
2025-03-05T11:30:00-08:00,70,59,1.6
2025-03-05T12:00:00-08:00,66,60,2.6
2025-03-05T12:30:00-08:00,62,60,2.4
2025-03-05T13:00:00-08:00,60,61,2.1
2025-03-05T13:30:00-08:00,58,60,2.3
2025-03-05T14:00:00-08:00,54,60,1.8
2025-03-05T14:30:00-08:00,48,61,1.2
2025-03-05T15:00:00-08:00,46,61,1.2
2025-03-05T15:30:00-08:00,49,60,1.5
2025-03-05T16:00:00-08:00,50,61,1.4
2025-03-05T16:30:00-08:00,48,63,1.5
2025-03-05T17:00:00-08:00,53,60,1.6
2025-03-05T17:30:00-08:00,56,58,1.9
2025-03-05T18:00:00-08:00,59,57,1.8
2025-03-05T18:30:00-08:00,60,57,1.8
2025-03-05T19:00:00-08:00,61,57,1.9
2025-03-05T19:30:00-08:00,62,57,1.7
2025-03-05T20:00:00-08:00,63,56,1
2025-03-05T20:30:00-08:00,63,56,0.4
2025-03-05T21:00:00-08:00,64,56,0.7
2025-03-05T21:30:00-08:00,62,56,0.9
2025-03-05T22:00:00-08:00,63,56,0.7
2025-03-05T22:30:00-08:00,64,55,0.7
2025-03-05T23:00:00-08:00,61,55,0.4
2025-03-05T23:30:00-08:00,61,54,0.4
2025-03-06T00:00:00-08:00,62,54,0.6
2025-03-06T00:30:00-08:00,62,54,0.6
2025-03-06T01:00:00-08:00,60,53,0.4
2025-03-06T01:30:00-08:00,60,54,0.5
2025-03-06T02:00:00-08:00,60,54,0.4
2025-03-06T02:30:00-08:00,60,53,0.2
2025-03-06T03:00:00-08:00,60,53,0.2
2025-03-06T03:30:00-08:00,60,53,0.2
2025-03-06T04:00:00-08:00,66,52,0.3
2025-03-06T04:30:00-08:00,69,53,0.5
2025-03-06T05:00:00-08:00,68,52,0.2
2025-03-06T05:30:00-08:00,67,53,0.2
2025-03-06T06:00:00-08:00,68,53,0.2
2025-03-06T06:30:00-08:00,68,53,0.2
2025-03-06T07:00:00-08:00,70,53,0.2
2025-03-06T07:30:00-08:00,70,54,0.3
2025-03-06T08:00:00-08:00,72,54,0.4
2025-03-06T08:30:00-08:00,68,56,0.3
2025-03-06T09:00:00-08:00,61,57,0.2
2025-03-06T09:30:00-08:00,57,58,0.1
2025-03-06T10:00:00-08:00,54,59,0.1
2025-03-06T10:30:00-08:00,50,61,0.1
2025-03-06T11:00:00-08:00,48,62,0.1
2025-03-06T11:30:00-08:00,46,63,0.1
2025-03-06T12:00:00-08:00,45,64,0.1
2025-03-06T12:30:00-08:00,45,64,0.1
2025-03-06T13:00:00-08:00,45,63,0.1
2025-03-06T13:30:00-08:00,42,64,0.1
2025-03-06T14:00:00-08:00,38,65,0.1
2025-03-06T14:30:00-08:00,39,65,0.2
2025-03-06T15:00:00-08:00,41,65,0.3
2025-03-06T15:30:00-08:00,41,65,0.3
2025-03-06T16:00:00-08:00,38,66,0.3
2025-03-06T16:30:00-08:00,39,67,0.3
2025-03-06T17:00:00-08:00,39,68,0.7
2025-03-06T17:30:00-08:00,45,63,1.1
2025-03-06T18:00:00-08:00,50,59,0.8
2025-03-06T18:30:00-08:00,53,58,1.3
2025-03-06T19:00:00-08:00,55,58,2
2025-03-06T19:30:00-08:00,61,58,3.7
2025-03-06T20:00:00-08:00,63,58,5.4
2025-03-06T20:30:00-08:00,64,57,6
2025-03-06T21:00:00-08:00,65,57,7
2025-03-06T21:30:00-08:00,64,56,6.4
2025-03-06T22:00:00-08:00,64,55,5
2025-03-06T22:30:00-08:00,63,54,3.7
2025-03-06T23:00:00-08:00,65,53,4
2025-03-06T23:30:00-08:00,66,53,4.2
2025-03-07T00:00:00-08:00,65,53,4.5
2025-03-07T00:30:00-08:00,66,52,4.6
2025-03-07T01:00:00-08:00,66,51,4.4
2025-03-07T01:30:00-08:00,66,51,4.6
2025-03-07T02:00:00-08:00,66,50,4.6
2025-03-07T02:30:00-08:00,67,50,4.7
2025-03-07T03:00:00-08:00,69,50,6
2025-03-07T03:30:00-08:00,70,52,5.3
2025-03-07T04:00:00-08:00,71,53,5.2
2025-03-07T04:30:00-08:00,69,53,5.3
2025-03-07T05:00:00-08:00,68,53,5.8
2025-03-07T05:30:00-08:00,68,53,7.2
2025-03-07T06:00:00-08:00,68,53,7.6
2025-03-07T06:30:00-08:00,67,53,6.7
2025-03-07T07:00:00-08:00,68,53,6.3
2025-03-07T07:30:00-08:00,65,55,8.5
2025-03-07T08:00:00-08:00,62,57,9.7
2025-03-07T08:30:00-08:00,60,59,10.8
2025-03-07T09:00:00-08:00,57,61,10.9
2025-03-07T09:30:00-08:00,54,63,8.5
2025-03-07T10:00:00-08:00,51,65,7.2
2025-03-07T10:30:00-08:00,51,64,6.2
2025-03-07T11:00:00-08:00,51,64,5.1
2025-03-07T11:30:00-08:00,48,66,4.6
2025-03-07T12:00:00-08:00,43,68,3.1
2025-03-07T12:30:00-08:00,39,69,2.5
2025-03-07T13:00:00-08:00,37,70,2.2
2025-03-07T13:30:00-08:00,33,71,1.6
2025-03-07T14:00:00-08:00,28,72,1.2
2025-03-07T14:30:00-08:00,21,75,0.3
2025-03-07T15:00:00-08:00,25,75,1.4
2025-03-07T15:30:00-08:00,39,69,3.1
2025-03-07T16:00:00-08:00,42,67,2.7
2025-03-07T16:30:00-08:00,42,68,2.7
2025-03-07T17:00:00-08:00,39,70,2.5
2025-03-07T17:30:00-08:00,43,66,2.9
2025-03-07T18:00:00-08:00,51,61,3.3
2025-03-07T18:30:00-08:00,56,59,3.3
2025-03-07T19:00:00-08:00,62,59,4.5
2025-03-07T19:30:00-08:00,63,59,4.5
2025-03-07T20:00:00-08:00,63,59,5.4
2025-03-07T20:30:00-08:00,62,58,6.3
2025-03-07T21:00:00-08:00,63,57,7.6
2025-03-07T21:30:00-08:00,63,56,8.2
2025-03-07T22:00:00-08:00,64,55,10.3
2025-03-07T22:30:00-08:00,64,55,6.7
2025-03-07T23:00:00-08:00,64,54,6.2
2025-03-07T23:30:00-08:00,64,54,5.7
2025-03-08T00:00:00-08:00,64,53,6.2
2025-03-08T00:30:00-08:00,65,52,6.5
2025-03-08T01:00:00-08:00,64,52,9.3
2025-03-08T01:30:00-08:00,65,51,7.6
2025-03-08T02:00:00-08:00,65,51,6.7
2025-03-08T02:30:00-08:00,66,50,7.2
2025-03-08T03:00:00-08:00,66,50,6.4
2025-03-08T03:30:00-08:00,65,49,5.9
2025-03-08T04:00:00-08:00,65,49,5
2025-03-08T04:30:00-08:00,65,49,4.9
2025-03-08T05:00:00-08:00,65,48,6
2025-03-08T05:30:00-08:00,65,48,5.4
2025-03-08T06:00:00-08:00,66,48,6.1
2025-03-08T06:30:00-08:00,65,48,5.8
2025-03-08T07:00:00-08:00,65,49,4.7
2025-03-08T07:30:00-08:00,65,51,5.4
2025-03-08T08:00:00-08:00,62,54,5.9
2025-03-08T08:30:00-08:00,58,57,5.2
2025-03-08T09:00:00-08:00,53,60,5.7
2025-03-08T09:30:00-08:00,48,62,7.7
2025-03-08T10:00:00-08:00,44,65,6.6
2025-03-08T10:30:00-08:00,39,69,5.5
2025-03-08T11:00:00-08:00,37,70,4.8
2025-03-08T11:30:00-08:00,36,72,4.8
2025-03-08T12:00:00-08:00,34,73,3.9
2025-03-08T12:30:00-08:00,35,74,3.2
2025-03-08T13:00:00-08:00,32,74,2.5
2025-03-08T13:30:00-08:00,30,74,1.8
2025-03-08T14:00:00-08:00,29,74,1.6
2025-03-08T14:30:00-08:00,29,74,1.5
2025-03-08T15:00:00-08:00,32,74,2.6
2025-03-08T15:30:00-08:00,36,73,3.1
2025-03-08T16:00:00-08:00,37,74,3.4
2025-03-08T16:30:00-08:00,36,75,3.2
2025-03-08T17:00:00-08:00,31,75,2.4
2025-03-08T17:30:00-08:00,30,72,1.8
2025-03-08T18:00:00-08:00,32,67,1.9
2025-03-08T18:30:00-08:00,33,66,2.5
2025-03-08T19:00:00-08:00,36,65,3.3
2025-03-08T19:30:00-08:00,37,64,7.3
2025-03-08T20:00:00-08:00,38,62,5.6
2025-03-08T20:30:00-08:00,41,60,6.6
2025-03-08T21:00:00-08:00,44,59,6.9
2025-03-08T21:30:00-08:00,46,58,10.2
2025-03-08T22:00:00-08:00,48,57,13.2
2025-03-08T22:30:00-08:00,49,56,11.2
2025-03-08T23:00:00-08:00,51,55,11
2025-03-08T23:30:00-08:00,52,54,8.3
2025-03-09T00:00:00-08:00,53,53,8.1
2025-03-09T00:30:00-08:00,55,53,6.3
2025-03-09T01:00:00-08:00,55,53,4.1
2025-03-09T01:30:00-08:00,56,52,3.4
2025-03-09T03:00:00-07:00,57,51,3.5
2025-03-09T03:30:00-07:00,57,51,4.3
2025-03-09T04:00:00-07:00,58,50,5
2025-03-09T04:30:00-07:00,59,50,5.1
2025-03-09T05:00:00-07:00,59,49,5.2
2025-03-09T05:30:00-07:00,60,49,5.1
2025-03-09T06:00:00-07:00,61,48,5.4
2025-03-09T06:30:00-07:00,61,48,6.2
2025-03-09T07:00:00-07:00,62,48,6.4
2025-03-09T07:30:00-07:00,62,48,6.6
2025-03-09T08:00:00-07:00,64,49,6.7
2025-03-09T08:30:00-07:00,62,52,7.7
2025-03-09T09:00:00-07:00,56,55,8.3
2025-03-09T09:30:00-07:00,51,59,7.8
2025-03-09T10:00:00-07:00,45,61,5.3
2025-03-09T10:30:00-07:00,39,65,4.4
2025-03-09T11:00:00-07:00,37,67,4.8
2025-03-09T11:30:00-07:00,33,70,3.3
2025-03-09T12:00:00-07:00,30,71,2
2025-03-09T12:30:00-07:00,32,71,3.3
2025-03-09T13:00:00-07:00,35,70,3.3
2025-03-09T13:30:00-07:00,39,69,4.5
2025-03-09T14:00:00-07:00,42,69,4.4
2025-03-09T14:30:00-07:00,45,68,4.4
2025-03-09T15:00:00-07:00,45,68,3.5
2025-03-09T15:30:00-07:00,44,68,3
2025-03-09T16:00:00-07:00,43,68,2.9
2025-03-09T16:30:00-07:00,43,68,2.7
2025-03-09T17:00:00-07:00,41,69,2.4
2025-03-09T17:30:00-07:00,39,70,2
2025-03-09T18:00:00-07:00,37,70,1.6
2025-03-09T18:30:00-07:00,40,67,2.2
2025-03-09T19:00:00-07:00,45,63,2.2
2025-03-09T19:30:00-07:00,46,62,2.9
2025-03-09T20:00:00-07:00,47,61,3.3
2025-03-09T20:30:00-07:00,50,61,4.2
2025-03-09T21:00:00-07:00,51,60,3.4
2025-03-09T21:30:00-07:00,51,59,3.3
2025-03-09T22:00:00-07:00,50,59,3
2025-03-09T22:30:00-07:00,52,58,3.7
2025-03-09T23:00:00-07:00,53,57,4
2025-03-09T23:30:00-07:00,55,55,4.2
2025-03-10T00:00:00-07:00,56,54,4.6
2025-03-10T00:30:00-07:00,57,54,5.5
2025-03-10T01:00:00-07:00,58,53,5.8
2025-03-10T01:30:00-07:00,58,53,5.3
2025-03-10T02:00:00-07:00,59,52,5.2
2025-03-10T02:30:00-07:00,59,52,5.4
2025-03-10T03:00:00-07:00,61,52,5.3
2025-03-10T03:30:00-07:00,61,51,5.5
2025-03-10T04:00:00-07:00,63,52,5.7
2025-03-10T04:30:00-07:00,63,52,6.3
2025-03-10T05:00:00-07:00,63,51,6.7
2025-03-10T05:30:00-07:00,63,51,7.1
2025-03-10T06:00:00-07:00,63,51,5.7
2025-03-10T06:30:00-07:00,64,51,5.7
2025-03-10T07:00:00-07:00,64,51,5.8
2025-03-10T07:30:00-07:00,64,50,5.9
2025-03-10T08:00:00-07:00,65,51,6.4
2025-03-10T08:30:00-07:00,65,53,6.8
2025-03-10T09:00:00-07:00,62,56,6
2025-03-10T09:30:00-07:00,58,58,6.8
2025-03-10T10:00:00-07:00,54,61,8.1
2025-03-10T10:30:00-07:00,49,63,8
2025-03-10T11:00:00-07:00,46,65,6.9
2025-03-10T11:30:00-07:00,42,68,6.2
2025-03-10T12:00:00-07:00,39,70,4.3
2025-03-10T12:30:00-07:00,42,71,9.2
2025-03-10T13:00:00-07:00,42,72,8.6
2025-03-10T13:30:00-07:00,41,72,6.7
2025-03-10T14:00:00-07:00,39,73,5.6
2025-03-10T14:30:00-07:00,37,74,5.3
2025-03-10T15:00:00-07:00,36,75,5.7
2025-03-10T15:30:00-07:00,36,75,4.7
2025-03-10T16:00:00-07:00,33,75,3.4
2025-03-10T16:30:00-07:00,29,74,1.9
2025-03-10T17:00:00-07:00,31,73,2.3
2025-03-10T17:30:00-07:00,35,71,3
2025-03-10T18:00:00-07:00,35,71,2.5
2025-03-10T18:30:00-07:00,31,69,0.5
2025-03-10T19:00:00-07:00,31,67,0.7
2025-03-10T19:30:00-07:00,32,65,1.4
2025-03-10T20:00:00-07:00,32,64,1.2
2025-03-10T20:30:00-07:00,36,64,2.1
2025-03-10T21:00:00-07:00,38,62,2.1
2025-03-10T21:30:00-07:00,39,61,3.1
2025-03-10T22:00:00-07:00,41,61,2.9
2025-03-10T22:30:00-07:00,42,60,2.5
2025-03-10T23:00:00-07:00,43,59,2
2025-03-10T23:30:00-07:00,46,58,2
2025-03-11T00:00:00-07:00,48,57,3.6
2025-03-11T00:30:00-07:00,50,56,4.3
2025-03-11T01:00:00-07:00,51,55,7
2025-03-11T01:30:00-07:00,51,55,8.2
2025-03-11T02:00:00-07:00,51,54,7.8
2025-03-11T02:30:00-07:00,51,54,5.1
2025-03-11T03:00:00-07:00,52,53,4.2
2025-03-11T03:30:00-07:00,53,53,3.6
2025-03-11T04:00:00-07:00,53,52,3.6
2025-03-11T04:30:00-07:00,54,52,3.9
2025-03-11T05:00:00-07:00,55,51,2.6
2025-03-11T05:30:00-07:00,55,51,2.7
2025-03-11T06:00:00-07:00,55,51,2.5
2025-03-11T06:30:00-07:00,56,50,3.1
2025-03-11T07:00:00-07:00,56,50,3.5
2025-03-11T07:30:00-07:00,57,50,4.2
2025-03-11T08:00:00-07:00,57,51,4.1
2025-03-11T08:30:00-07:00,53,54,2.5
2025-03-11T09:00:00-07:00,48,57,4
2025-03-11T09:30:00-07:00,44,60,4.3
2025-03-11T10:00:00-07:00,39,63,4.3
2025-03-11T10:30:00-07:00,36,67,4.3
2025-03-11T11:00:00-07:00,33,69,3.9
2025-03-11T11:30:00-07:00,31,70,1.8
2025-03-11T12:00:00-07:00,33,70,1.1
2025-03-11T12:30:00-07:00,34,70,1
2025-03-11T13:00:00-07:00,35,71,0.8
2025-03-11T13:30:00-07:00,35,72,0.9
2025-03-11T14:00:00-07:00,34,74,0.7
2025-03-11T14:30:00-07:00,34,74,0.5
2025-03-11T15:00:00-07:00,36,73,0.5
2025-03-11T15:30:00-07:00,40,71,0.4
2025-03-11T16:00:00-07:00,41,70,0.4
2025-03-11T16:30:00-07:00,44,69,0.4
2025-03-11T17:00:00-07:00,46,68,0.7
2025-03-11T17:30:00-07:00,46,69,1.1
2025-03-11T18:00:00-07:00,47,68,1.1
2025-03-11T18:30:00-07:00,50,66,1.1
2025-03-11T19:00:00-07:00,55,63,1
2025-03-11T19:30:00-07:00,58,62,1.6
2025-03-11T20:00:00-07:00,60,61,2.1
2025-03-11T20:30:00-07:00,60,62,2.5
2025-03-11T21:00:00-07:00,60,62,2.2
2025-03-11T21:30:00-07:00,60,62,1.9
2025-03-11T22:00:00-07:00,60,62,1.4
2025-03-11T22:30:00-07:00,60,62,2.8
2025-03-11T23:00:00-07:00,60,62,2.8
2025-03-11T23:30:00-07:00,60,62,3.1
2025-03-12T00:00:00-07:00,60,62,3
2025-03-12T00:30:00-07:00,59,62,1.1
2025-03-12T01:00:00-07:00,58,62,1.4
2025-03-12T01:30:00-07:00,57,62,1.7
2025-03-12T02:00:00-07:00,58,62,1.6
2025-03-12T02:30:00-07:00,57,62,1.8
2025-03-12T03:00:00-07:00,58,62,2.1
2025-03-12T03:30:00-07:00,64,61,2.2
2025-03-12T04:00:00-07:00,64,61,2.2
2025-03-12T04:30:00-07:00,62,61,2.5
2025-03-12T05:00:00-07:00,62,61,2
2025-03-12T05:30:00-07:00,62,60,1.6
2025-03-12T06:00:00-07:00,62,60,1.7
2025-03-12T06:30:00-07:00,61,60,2
2025-03-12T07:00:00-07:00,61,60,1.8
2025-03-12T07:30:00-07:00,61,60,1.4
2025-03-12T08:00:00-07:00,59,61,1.3
2025-03-12T08:30:00-07:00,57,62,1.5
2025-03-12T09:00:00-07:00,55,62,1.4
2025-03-12T09:30:00-07:00,57,62,1.5
2025-03-12T10:00:00-07:00,58,62,1.4
2025-03-12T10:30:00-07:00,62,62,1.6
2025-03-12T11:00:00-07:00,62,62,1.3
2025-03-12T11:30:00-07:00,61,63,1
2025-03-12T12:00:00-07:00,58,64,1.1
2025-03-12T12:30:00-07:00,53,65,0.6
2025-03-12T13:00:00-07:00,48,66,0.2
2025-03-12T13:30:00-07:00,49,65,0.2
2025-03-12T14:00:00-07:00,54,63,0.6
2025-03-12T14:30:00-07:00,61,63,0.6
2025-03-12T15:00:00-07:00,67,59,0.3
2025-03-12T15:30:00-07:00,68,56,0
2025-03-12T16:00:00-07:00,67,56,0.1
2025-03-12T16:30:00-07:00,64,57,0.2
2025-03-12T17:00:00-07:00,66,57,0.2
2025-03-12T17:30:00-07:00,68,56,0.5
2025-03-12T18:00:00-07:00,70,56,0.7
2025-03-12T18:30:00-07:00,72,56,0.5
2025-03-12T19:00:00-07:00,72,56,0.6
2025-03-12T19:30:00-07:00,71,56,1
2025-03-12T20:00:00-07:00,70,57,0.9
2025-03-12T20:30:00-07:00,70,56,1
2025-03-12T21:00:00-07:00,71,56,0.8
2025-03-12T21:30:00-07:00,67,55,0.1
2025-03-12T22:00:00-07:00,67,55,0.6
2025-03-12T22:30:00-07:00,70,55,1.3
2025-03-12T23:00:00-07:00,71,55,1.6
2025-03-12T23:30:00-07:00,72,55,1.2
2025-03-13T00:00:00-07:00,72,55,0.8
2025-03-13T00:30:00-07:00,72,55,1.1
2025-03-13T01:00:00-07:00,73,54,0.8
2025-03-13T01:30:00-07:00,73,55,0.7
2025-03-13T02:00:00-07:00,72,54,0.3
2025-03-13T02:30:00-07:00,69,53,0
2025-03-13T03:00:00-07:00,71,53,0.2
2025-03-13T03:30:00-07:00,72,52,0.1
2025-03-13T04:00:00-07:00,73,52,0.3
2025-03-13T04:30:00-07:00,72,52,0.2
2025-03-13T05:00:00-07:00,72,53,0.9
2025-03-13T05:30:00-07:00,73,53,0.6
2025-03-13T06:00:00-07:00,71,53,0.3
2025-03-13T06:30:00-07:00,71,53,0.5
2025-03-13T07:00:00-07:00,73,53,1
2025-03-13T07:30:00-07:00,73,53,0.7
2025-03-13T08:00:00-07:00,72,53,1.1
2025-03-13T08:30:00-07:00,72,53,0.6
2025-03-13T09:00:00-07:00,71,54,0.7
2025-03-13T09:30:00-07:00,70,54,0.6
2025-03-13T10:00:00-07:00,67,55,0.2
2025-03-13T10:30:00-07:00,65,56,0.1
2025-03-13T11:00:00-07:00,59,58,0.3
2025-03-13T11:30:00-07:00,57,56,0.1
2025-03-13T12:00:00-07:00,61,54,0
2025-03-13T12:30:00-07:00,56,56,0
2025-03-13T13:00:00-07:00,53,58,0.2
2025-03-13T13:30:00-07:00,52,58,0.2
2025-03-13T14:00:00-07:00,49,59,0.2
2025-03-13T14:30:00-07:00,46,60,0.1
2025-03-13T15:00:00-07:00,46,59,0.2
2025-03-13T15:30:00-07:00,43,60,0.1
2025-03-13T16:00:00-07:00,42,59,0.1
2025-03-13T16:30:00-07:00,42,59,0.1
2025-03-13T17:00:00-07:00,41,60,0.1
2025-03-13T17:30:00-07:00,40,61,0.1
2025-03-13T18:00:00-07:00,41,61,0.2
2025-03-13T18:30:00-07:00,46,57,0.2
2025-03-13T19:00:00-07:00,50,56,0.3
2025-03-13T19:30:00-07:00,52,55,0.5
2025-03-13T20:00:00-07:00,53,55,0.6
2025-03-13T20:30:00-07:00,53,55,11.7
2025-03-13T21:00:00-07:00,55,54,2.9
2025-03-13T21:30:00-07:00,57,54,3.6
2025-03-13T22:00:00-07:00,58,55,1.1
2025-03-13T22:30:00-07:00,57,54,0.8
2025-03-13T23:00:00-07:00,56,55,0.8
2025-03-13T23:30:00-07:00,53,55,0.8
2025-03-14T00:00:00-07:00,53,55,1.8
2025-03-14T00:30:00-07:00,54,54,1.7
2025-03-14T01:00:00-07:00,54,54,0.6
2025-03-14T01:30:00-07:00,53,54,0.5
2025-03-14T02:00:00-07:00,54,54,0.3
2025-03-14T02:30:00-07:00,58,54,0.4
2025-03-14T03:00:00-07:00,60,53,0.5
2025-03-14T03:30:00-07:00,65,53,0.4
2025-03-14T04:00:00-07:00,68,51,0.1
2025-03-14T04:30:00-07:00,70,51,0.2
2025-03-14T05:00:00-07:00,71,50,0.2
2025-03-14T05:30:00-07:00,71,50,0.2
2025-03-14T06:00:00-07:00,71,49,0.2
2025-03-14T06:30:00-07:00,71,48,0.1
2025-03-14T07:00:00-07:00,70,48,0
2025-03-14T07:30:00-07:00,70,49,0
2025-03-14T08:00:00-07:00,69,50,0
2025-03-14T08:30:00-07:00,67,51,0
2025-03-14T09:00:00-07:00,67,51,0
2025-03-14T09:30:00-07:00,66,53,0
2025-03-14T10:00:00-07:00,66,54,0
2025-03-14T10:30:00-07:00,66,54,0
2025-03-14T11:00:00-07:00,66,56,0
2025-03-14T11:30:00-07:00,60,61,0
2025-03-14T12:00:00-07:00,55,63,0.1
2025-03-14T12:30:00-07:00,53,63,1.5
2025-03-14T13:00:00-07:00,52,63,1.8
2025-03-14T13:30:00-07:00,61,62,2.1
2025-03-14T14:00:00-07:00,56,64,1.8
2025-03-14T14:30:00-07:00,56,61,1.8
2025-03-14T15:00:00-07:00,63,60,1.4
2025-03-14T15:30:00-07:00,57,61,1.5
2025-03-14T16:00:00-07:00,55,62,2.3
2025-03-14T16:30:00-07:00,57,61,1.5
2025-03-14T17:00:00-07:00,55,61,1.8
2025-03-14T17:30:00-07:00,53,62,2.7
2025-03-14T18:00:00-07:00,57,60,3.4
2025-03-14T18:30:00-07:00,61,58,3.1
2025-03-14T19:00:00-07:00,63,58,3.5
2025-03-14T19:30:00-07:00,64,57,3.6
2025-03-14T20:00:00-07:00,64,57,4
2025-03-14T20:30:00-07:00,64,57,4.5
2025-03-14T21:00:00-07:00,65,57,5.4
2025-03-14T21:30:00-07:00,65,57,4.4
2025-03-14T22:00:00-07:00,66,56,4.6
2025-03-14T22:30:00-07:00,66,56,5.6
2025-03-14T23:00:00-07:00,66,57,6.3
2025-03-14T23:30:00-07:00,67,57,6.7
2025-03-15T00:00:00-07:00,68,56,6.6
2025-03-15T00:30:00-07:00,68,56,9.6
2025-03-15T01:00:00-07:00,66,56,9.9
2025-03-15T01:30:00-07:00,67,55,9
2025-03-15T02:00:00-07:00,68,54,8.3
2025-03-15T02:30:00-07:00,70,53,9.6
2025-03-15T03:00:00-07:00,70,53,10.5
2025-03-15T03:30:00-07:00,70,53,10
2025-03-15T04:00:00-07:00,71,54,10
2025-03-15T04:30:00-07:00,70,54,10.1
2025-03-15T05:00:00-07:00,70,55,10.4
2025-03-15T05:30:00-07:00,69,55,11
2025-03-15T06:00:00-07:00,70,55,11.6
2025-03-15T06:30:00-07:00,69,55,9.4
2025-03-15T07:00:00-07:00,67,55,8.1
2025-03-15T07:30:00-07:00,67,56,7.8
2025-03-15T08:00:00-07:00,68,56,7.5
2025-03-15T08:30:00-07:00,67,57,8
2025-03-15T09:00:00-07:00,66,58,7.8
2025-03-15T09:30:00-07:00,61,61,7.9
2025-03-15T10:00:00-07:00,56,62,8.2
2025-03-15T10:30:00-07:00,50,63,8.6
2025-03-15T11:00:00-07:00,46,65,8.9
2025-03-15T11:30:00-07:00,44,67,9.4
2025-03-15T12:00:00-07:00,43,67,9.2
2025-03-15T12:30:00-07:00,41,69,9.1
2025-03-15T13:00:00-07:00,39,69,8.3
2025-03-15T13:30:00-07:00,38,69,8.1
2025-03-15T14:00:00-07:00,36,70,7.7
2025-03-15T14:30:00-07:00,35,71,7.2
2025-03-15T15:00:00-07:00,35,71,7.3
2025-03-15T15:30:00-07:00,35,71,6.9
2025-03-15T16:00:00-07:00,36,70,7.4
2025-03-15T16:30:00-07:00,38,69,7.6
2025-03-15T17:00:00-07:00,42,66,8
2025-03-15T17:30:00-07:00,44,65,8.9
2025-03-15T18:00:00-07:00,45,64,8.4
2025-03-15T18:30:00-07:00,47,63,8.7
2025-03-15T19:00:00-07:00,49,62,9
2025-03-15T19:30:00-07:00,50,61,9.4
2025-03-15T20:00:00-07:00,52,60,9.4
2025-03-15T20:30:00-07:00,55,60,9.5
2025-03-15T21:00:00-07:00,56,60,10
2025-03-15T21:30:00-07:00,57,59,11.6
2025-03-15T22:00:00-07:00,58,58,11.1
2025-03-15T22:30:00-07:00,59,57,11.6
2025-03-15T23:00:00-07:00,60,56,11.7
2025-03-15T23:30:00-07:00,61,55,10.7
2025-03-16T00:00:00-07:00,61,55,10.2
2025-03-16T00:30:00-07:00,63,54,11
2025-03-16T01:00:00-07:00,64,54,9.9
2025-03-16T01:30:00-07:00,65,54,10.7
2025-03-16T02:00:00-07:00,66,54,12.4
2025-03-16T02:30:00-07:00,67,53,12.6
2025-03-16T03:00:00-07:00,68,53,12
2025-03-16T03:30:00-07:00,68,54,11.9
2025-03-16T04:00:00-07:00,68,54,11.5
2025-03-16T04:30:00-07:00,69,53,11.4
2025-03-16T05:00:00-07:00,69,52,11.2
2025-03-16T05:30:00-07:00,69,52,11.3
2025-03-16T06:00:00-07:00,68,52,10.6
2025-03-16T06:30:00-07:00,69,53,11.6
2025-03-16T07:00:00-07:00,69,53,11.2
2025-03-16T07:30:00-07:00,69,53,10.9
2025-03-16T08:00:00-07:00,68,54,10.3
2025-03-16T08:30:00-07:00,65,56,9.7
2025-03-16T09:00:00-07:00,61,58,9.1
2025-03-16T09:30:00-07:00,55,60,7.5
2025-03-16T10:00:00-07:00,52,62,7.2
2025-03-16T10:30:00-07:00,50,63,6.1
2025-03-16T11:00:00-07:00,49,65,4.1
2025-03-16T11:30:00-07:00,48,66,3.4
2025-03-16T12:00:00-07:00,48,66,2.8
2025-03-16T12:30:00-07:00,47,67,3
2025-03-16T13:00:00-07:00,47,67,3
2025-03-16T13:30:00-07:00,49,67,2.3
2025-03-16T14:00:00-07:00,49,67,2.3
2025-03-16T14:30:00-07:00,47,69,2.5
2025-03-16T15:00:00-07:00,49,68,1.5
2025-03-16T15:30:00-07:00,49,69,1.4
2025-03-16T16:00:00-07:00,49,69,1.4
2025-03-16T16:30:00-07:00,49,69,1.5
2025-03-16T17:00:00-07:00,49,69,1.2
2025-03-16T17:30:00-07:00,45,72,1.6
2025-03-16T18:00:00-07:00,50,68,2.6
2025-03-16T18:30:00-07:00,54,65,2.7
2025-03-16T19:00:00-07:00,57,64,2.1
2025-03-16T19:30:00-07:00,58,63,2.4
2025-03-16T20:00:00-07:00,59,63,1.3
2025-03-16T20:30:00-07:00,60,63,2.2
2025-03-16T21:00:00-07:00,64,62,1.5
2025-03-16T21:30:00-07:00,68,62,2.2
2025-03-16T22:00:00-07:00,70,61,1.8
2025-03-16T22:30:00-07:00,71,61,1.8
2025-03-16T23:00:00-07:00,71,61,1.2
2025-03-16T23:30:00-07:00,72,61,0.4
2025-03-17T00:00:00-07:00,75,59,0.1
2025-03-17T00:30:00-07:00,77,56,0.1
2025-03-17T01:00:00-07:00,79,55,0.2
2025-03-17T01:30:00-07:00,79,55,0.2
2025-03-17T02:00:00-07:00,78,56,0.2
2025-03-17T02:30:00-07:00,77,57,0.3
2025-03-17T03:00:00-07:00,75,57,0.3
2025-03-17T03:30:00-07:00,74,58,0.2
2025-03-17T04:00:00-07:00,74,57,0.3
2025-03-17T04:30:00-07:00,75,57,0.4
2025-03-17T05:00:00-07:00,76,57,0.8
2025-03-17T05:30:00-07:00,76,57,0.8
2025-03-17T06:00:00-07:00,75,58,0.4
2025-03-17T06:30:00-07:00,75,58,1.1
2025-03-17T07:00:00-07:00,74,58,1.2
2025-03-17T07:30:00-07:00,74,58,0.9
2025-03-17T08:00:00-07:00,74,58,1.3
2025-03-17T08:30:00-07:00,74,59,1.2
2025-03-17T09:00:00-07:00,73,59,1.9
2025-03-17T09:30:00-07:00,67,61,1.8
2025-03-17T10:00:00-07:00,60,63,2.9
2025-03-17T10:30:00-07:00,56,62,2.7
2025-03-17T11:00:00-07:00,53,62,2.5
2025-03-17T11:30:00-07:00,54,62,2.1
2025-03-17T12:00:00-07:00,61,62,1.2
2025-03-17T12:30:00-07:00,56,63,1
2025-03-17T13:00:00-07:00,50,64,0.9
2025-03-17T13:30:00-07:00,51,63,0.9
2025-03-17T14:00:00-07:00,63,60,0.7
2025-03-17T14:30:00-07:00,59,61,0.4
2025-03-17T15:00:00-07:00,55,62,0.3
2025-03-17T15:30:00-07:00,53,62,0.3
2025-03-17T16:00:00-07:00,52,62,0.4
2025-03-17T16:30:00-07:00,53,62,0.7
2025-03-17T17:00:00-07:00,61,58,0.6
2025-03-17T17:30:00-07:00,68,57,0.5
2025-03-17T18:00:00-07:00,68,57,0.5
2025-03-17T18:30:00-07:00,68,56,1.3
2025-03-17T19:00:00-07:00,67,56,1.5
2025-03-17T19:30:00-07:00,70,55,1.2
2025-03-17T20:00:00-07:00,72,56,0.8
2025-03-17T20:30:00-07:00,69,56,2
2025-03-17T21:00:00-07:00,65,56,0.7
2025-03-17T21:30:00-07:00,63,56,0.3
2025-03-17T22:00:00-07:00,62,56,0.5
2025-03-17T22:30:00-07:00,61,56,0.2
2025-03-17T23:00:00-07:00,60,56,0.1
2025-03-17T23:30:00-07:00,59,56,0.3
2025-03-18T00:00:00-07:00,60,55,0.6
2025-03-18T00:30:00-07:00,60,55,1.2
2025-03-18T01:00:00-07:00,60,54,1.5
2025-03-18T01:30:00-07:00,60,54,1.6
2025-03-18T02:00:00-07:00,61,53,1.8
2025-03-18T02:30:00-07:00,62,53,2
2025-03-18T03:00:00-07:00,63,52,1.8
2025-03-18T03:30:00-07:00,64,51,2.1
2025-03-18T04:00:00-07:00,64,51,2
2025-03-18T04:30:00-07:00,65,50,1.6
2025-03-18T05:00:00-07:00,66,49,1.8
2025-03-18T05:30:00-07:00,67,48,1.8
2025-03-18T06:00:00-07:00,67,48,2.2
2025-03-18T06:30:00-07:00,67,47,1.9
2025-03-18T07:00:00-07:00,68,47,2.3
2025-03-18T07:30:00-07:00,68,47,2.8
2025-03-18T08:00:00-07:00,67,49,2.7
2025-03-18T08:30:00-07:00,63,52,2.5
2025-03-18T09:00:00-07:00,57,54,1.4
2025-03-18T09:30:00-07:00,51,56,1
2025-03-18T10:00:00-07:00,47,58,0.8
2025-03-18T10:30:00-07:00,45,59,0.9
2025-03-18T11:00:00-07:00,43,60,0.6
2025-03-18T11:30:00-07:00,42,62,0.8
2025-03-18T12:00:00-07:00,41,63,1
2025-03-18T12:30:00-07:00,40,65,1
2025-03-18T13:00:00-07:00,39,65,0.8
2025-03-18T13:30:00-07:00,37,67,0.5
2025-03-18T14:00:00-07:00,36,67,0.5
2025-03-18T14:30:00-07:00,35,68,0.7
2025-03-18T15:00:00-07:00,31,68,0.4
2025-03-18T15:30:00-07:00,31,68,0.4
2025-03-18T16:00:00-07:00,34,67,1
2025-03-18T16:30:00-07:00,35,67,1
2025-03-18T17:00:00-07:00,37,67,1.3
2025-03-18T17:30:00-07:00,37,66,1.1
2025-03-18T18:00:00-07:00,39,66,1.1
2025-03-18T18:30:00-07:00,44,63,1.2
2025-03-18T19:00:00-07:00,49,60,1.3
2025-03-18T19:30:00-07:00,52,58,1.3
2025-03-18T20:00:00-07:00,53,58,1.4
2025-03-18T20:30:00-07:00,56,58,1.7
2025-03-18T21:00:00-07:00,57,58,1.9
2025-03-18T21:30:00-07:00,59,57,2.2
2025-03-18T22:00:00-07:00,59,56,3.3
2025-03-18T22:30:00-07:00,60,55,3.2
2025-03-18T23:00:00-07:00,61,54,4.1
2025-03-18T23:30:00-07:00,61,53,4.1
2025-03-19T00:00:00-07:00,62,52,2.8
2025-03-19T00:30:00-07:00,63,52,2.8
2025-03-19T01:00:00-07:00,63,51,3
2025-03-19T01:30:00-07:00,65,51,3.3
2025-03-19T02:00:00-07:00,65,51,3
2025-03-19T02:30:00-07:00,66,51,3.2
2025-03-19T03:00:00-07:00,65,50,3.1
2025-03-19T03:30:00-07:00,65,49,3.3
2025-03-19T04:00:00-07:00,65,49,3
2025-03-19T04:30:00-07:00,65,48,3.1
2025-03-19T05:00:00-07:00,66,48,2.9
2025-03-19T05:30:00-07:00,66,48,2.8
2025-03-19T06:00:00-07:00,68,48,2.7
2025-03-19T06:30:00-07:00,68,47,2.7
2025-03-19T07:00:00-07:00,69,48,4.4
2025-03-19T07:30:00-07:00,69,48,3
2025-03-19T08:00:00-07:00,67,50,2
2025-03-19T08:30:00-07:00,64,52,3.4
2025-03-19T09:00:00-07:00,61,55,4.9
2025-03-19T09:30:00-07:00,55,58,4.8
2025-03-19T10:00:00-07:00,51,60,4.5
2025-03-19T10:30:00-07:00,48,63,4.7
2025-03-19T11:00:00-07:00,44,65,3.8
2025-03-19T11:30:00-07:00,39,67,2.5
2025-03-19T12:00:00-07:00,36,68,2.1
2025-03-19T12:30:00-07:00,40,68,2.8
2025-03-19T13:00:00-07:00,42,67,2.3
2025-03-19T13:30:00-07:00,41,67,2.2
2025-03-19T14:00:00-07:00,44,66,2.4
2025-03-19T14:30:00-07:00,43,68,2.5
2025-03-19T15:00:00-07:00,43,67,1.9
2025-03-19T15:30:00-07:00,37,66,0.7
2025-03-19T16:00:00-07:00,35,65,0.3
2025-03-19T16:30:00-07:00,36,65,0.4
2025-03-19T17:00:00-07:00,32,65,0.1
2025-03-19T17:30:00-07:00,30,65,0.1
2025-03-19T18:00:00-07:00,29,65,0
2025-03-19T18:30:00-07:00,29,64,0.1
2025-03-19T19:00:00-07:00,30,64,0.3
2025-03-19T19:30:00-07:00,32,64,1
2025-03-19T20:00:00-07:00,44,63,0.5
2025-03-19T20:30:00-07:00,48,61,0.2
2025-03-19T21:00:00-07:00,52,60,0.4
2025-03-19T21:30:00-07:00,52,60,0.3
2025-03-19T22:00:00-07:00,56,61,0.3
2025-03-19T22:30:00-07:00,59,59,0.4
2025-03-19T23:00:00-07:00,59,60,0.5
2025-03-19T23:30:00-07:00,59,60,0.6
2025-03-20T00:00:00-07:00,60,59,0.6
2025-03-20T00:30:00-07:00,66,58,0.5
2025-03-20T01:00:00-07:00,67,58,0.2
2025-03-20T01:30:00-07:00,67,57,0.1
2025-03-20T02:00:00-07:00,67,57,0.2
2025-03-20T02:30:00-07:00,66,57,0.3
2025-03-20T03:00:00-07:00,66,57,0.6
2025-03-20T03:30:00-07:00,66,57,0.7
2025-03-20T04:00:00-07:00,66,56,0.9
2025-03-20T04:30:00-07:00,67,55,1.3
2025-03-20T05:00:00-07:00,68,56,1.5
2025-03-20T05:30:00-07:00,68,56,1.4
2025-03-20T06:00:00-07:00,65,57,0.4
2025-03-20T06:30:00-07:00,64,57,0.3
2025-03-20T07:00:00-07:00,64,56,1.2
2025-03-20T07:30:00-07:00,66,55,2.1
2025-03-20T08:00:00-07:00,67,55,3.5
2025-03-20T08:30:00-07:00,66,57,4.1
2025-03-20T09:00:00-07:00,63,59,3
2025-03-20T09:30:00-07:00,58,61,2.2
2025-03-20T10:00:00-07:00,54,61,2.6
2025-03-20T10:30:00-07:00,52,62,3.8
2025-03-20T11:00:00-07:00,49,63,3.4
2025-03-20T11:30:00-07:00,47,64,3.2
2025-03-20T12:00:00-07:00,46,65,1.9
2025-03-20T12:30:00-07:00,43,66,1.8
2025-03-20T13:00:00-07:00,41,67,1.2
2025-03-20T13:30:00-07:00,40,67,0.9
2025-03-20T14:00:00-07:00,38,68,0.8
2025-03-20T14:30:00-07:00,36,68,0.4
2025-03-20T15:00:00-07:00,40,68,0.8
2025-03-20T15:30:00-07:00,43,68,1.2
2025-03-20T16:00:00-07:00,45,67,1.2
2025-03-20T16:30:00-07:00,46,67,1.1
2025-03-20T17:00:00-07:00,45,66,0.9
2025-03-20T17:30:00-07:00,45,66,1.3
2025-03-20T18:00:00-07:00,43,67,1.4
2025-03-20T18:30:00-07:00,45,64,1.9
2025-03-20T19:00:00-07:00,52,60,2.2
2025-03-20T19:30:00-07:00,55,59,2.5
2025-03-20T20:00:00-07:00,57,59,2.6
2025-03-20T20:30:00-07:00,60,58,2.9
2025-03-20T21:00:00-07:00,61,58,2.9
2025-03-20T21:30:00-07:00,61,57,2.6
2025-03-20T22:00:00-07:00,59,58,2.8
2025-03-20T22:30:00-07:00,58,58,2.9
2025-03-20T23:00:00-07:00,59,57,3.2
2025-03-20T23:30:00-07:00,61,56,4.3
2025-03-21T00:00:00-07:00,64,55,5
2025-03-21T00:30:00-07:00,63,55,4.2
2025-03-21T01:00:00-07:00,63,54,4.1
2025-03-21T01:30:00-07:00,64,54,4.2
2025-03-21T02:00:00-07:00,64,54,3.2
2025-03-21T02:30:00-07:00,64,53,3.1
2025-03-21T03:00:00-07:00,65,53,2.9
2025-03-21T03:30:00-07:00,64,53,2.8
2025-03-21T04:00:00-07:00,65,52,2.7
2025-03-21T04:30:00-07:00,65,52,2.6
2025-03-21T05:00:00-07:00,65,51,2.5
2025-03-21T05:30:00-07:00,64,51,2.6
2025-03-21T06:00:00-07:00,65,51,3
2025-03-21T06:30:00-07:00,65,50,3
2025-03-21T07:00:00-07:00,66,50,3.4
2025-03-21T07:30:00-07:00,66,51,4
2025-03-21T08:00:00-07:00,67,52,3.4
2025-03-21T08:30:00-07:00,66,55,4.3
2025-03-21T09:00:00-07:00,62,58,5.5
2025-03-21T09:30:00-07:00,58,61,6.3
2025-03-21T10:00:00-07:00,54,62,5.9
2025-03-21T10:30:00-07:00,49,64,4.7
2025-03-21T11:00:00-07:00,43,66,3.3
2025-03-21T11:30:00-07:00,42,68,2.3
2025-03-21T12:00:00-07:00,40,68,2
2025-03-21T12:30:00-07:00,38,69,2
2025-03-21T13:00:00-07:00,40,68,2.7
2025-03-21T13:30:00-07:00,42,68,2.9
2025-03-21T14:00:00-07:00,40,69,1.9
2025-03-21T14:30:00-07:00,43,70,1.9
2025-03-21T15:00:00-07:00,45,69,2.1
2025-03-21T15:30:00-07:00,45,69,1.8
2025-03-21T16:00:00-07:00,49,68,1.7
2025-03-21T16:30:00-07:00,49,67,1.4
2025-03-21T17:00:00-07:00,48,67,1.2
2025-03-21T17:30:00-07:00,48,67,1.3
2025-03-21T18:00:00-07:00,46,69,1.3
2025-03-21T18:30:00-07:00,49,66,1.5
2025-03-21T19:00:00-07:00,54,62,1.5
2025-03-21T19:30:00-07:00,58,61,1.7
2025-03-21T20:00:00-07:00,61,61,2
2025-03-21T20:30:00-07:00,60,60,1.8
2025-03-21T21:00:00-07:00,61,60,2
2025-03-21T21:30:00-07:00,62,60,2.4
2025-03-21T22:00:00-07:00,64,59,2.5
2025-03-21T22:30:00-07:00,63,60,2.5
2025-03-21T23:00:00-07:00,63,59,2.7
2025-03-21T23:30:00-07:00,65,58,3.5
2025-03-22T00:00:00-07:00,65,57,3.4
2025-03-22T00:30:00-07:00,64,57,3.2
2025-03-22T01:00:00-07:00,65,57,3
2025-03-22T01:30:00-07:00,65,56,2.9
2025-03-22T02:00:00-07:00,65,56,2.7
2025-03-22T02:30:00-07:00,65,56,2.7
2025-03-22T03:00:00-07:00,66,56,3.4
2025-03-22T03:30:00-07:00,66,55,3
2025-03-22T04:00:00-07:00,66,55,2.7
2025-03-22T04:30:00-07:00,66,55,3
2025-03-22T05:00:00-07:00,67,55,2.9
2025-03-22T05:30:00-07:00,67,55,3
2025-03-22T06:00:00-07:00,67,55,3
2025-03-22T06:30:00-07:00,66,55,3.3
2025-03-22T07:00:00-07:00,67,54,5
2025-03-22T07:30:00-07:00,67,55,5.3
2025-03-22T08:00:00-07:00,70,57,5.9
2025-03-22T08:30:00-07:00,70,59,4.7
2025-03-22T09:00:00-07:00,67,62,3.4
2025-03-22T09:30:00-07:00,65,62,2
2025-03-22T10:00:00-07:00,63,63,1.6
2025-03-22T10:30:00-07:00,61,64,1.5
2025-03-22T11:00:00-07:00,59,66,1.8
2025-03-22T11:30:00-07:00,56,67,1
2025-03-22T12:00:00-07:00,56,67,1.1
2025-03-22T12:30:00-07:00,55,68,1.3
2025-03-22T13:00:00-07:00,55,67,2.4
2025-03-22T13:30:00-07:00,56,66,3
2025-03-22T14:00:00-07:00,57,66,4
2025-03-22T14:30:00-07:00,57,66,3.9
2025-03-22T15:00:00-07:00,57,66,4.2
2025-03-22T15:30:00-07:00,53,68,4.1
2025-03-22T16:00:00-07:00,50,69,4.2
2025-03-22T16:30:00-07:00,51,68,4.1
2025-03-22T17:00:00-07:00,51,69,3.8
2025-03-22T17:30:00-07:00,52,68,3
2025-03-22T18:00:00-07:00,53,68,3
2025-03-22T18:30:00-07:00,55,66,3.5
2025-03-22T19:00:00-07:00,63,62,4.1
2025-03-22T19:30:00-07:00,68,60,4.2
2025-03-22T20:00:00-07:00,69,60,4.2
2025-03-22T20:30:00-07:00,70,60,4.1
2025-03-22T21:00:00-07:00,70,60,4
2025-03-22T21:30:00-07:00,71,60,4
2025-03-22T22:00:00-07:00,71,60,3.2
2025-03-22T22:30:00-07:00,71,60,3.1
2025-03-22T23:00:00-07:00,69,61,3.7
2025-03-22T23:30:00-07:00,68,61,7.2
2025-03-23T00:00:00-07:00,68,61,5.9
2025-03-23T00:30:00-07:00,69,61,6.4
2025-03-23T01:00:00-07:00,68,61,5.8
2025-03-23T01:30:00-07:00,68,61,5.9
2025-03-23T02:00:00-07:00,69,61,4
2025-03-23T02:30:00-07:00,69,61,4.5
2025-03-23T03:00:00-07:00,69,60,5.6
2025-03-23T03:30:00-07:00,70,60,5.2
2025-03-23T04:00:00-07:00,72,59,3.9
2025-03-23T04:30:00-07:00,72,59,4
2025-03-23T05:00:00-07:00,70,60,4.5
2025-03-23T05:30:00-07:00,69,61,5.2
2025-03-23T06:00:00-07:00,69,61,6.9
2025-03-23T06:30:00-07:00,68,60,6.4
2025-03-23T07:00:00-07:00,69,59,7.1
2025-03-23T07:30:00-07:00,70,59,7.2
2025-03-23T08:00:00-07:00,70,59,8.4
2025-03-23T08:30:00-07:00,70,60,10.1
2025-03-23T09:00:00-07:00,67,61,9.7
2025-03-23T09:30:00-07:00,63,63,8.6
2025-03-23T10:00:00-07:00,59,66,6.9
2025-03-23T10:30:00-07:00,55,68,6.2
2025-03-23T11:00:00-07:00,52,69,8.3
2025-03-23T11:30:00-07:00,49,72,7.2
2025-03-23T12:00:00-07:00,46,75,5.4
2025-03-23T12:30:00-07:00,44,76,4.4
2025-03-23T13:00:00-07:00,44,76,3.2
2025-03-23T13:30:00-07:00,41,77,1.7
2025-03-23T14:00:00-07:00,39,78,1.3
2025-03-23T14:30:00-07:00,41,77,2
2025-03-23T15:00:00-07:00,38,77,1.3
2025-03-23T15:30:00-07:00,38,77,1.2
2025-03-23T16:00:00-07:00,39,78,2
2025-03-23T16:30:00-07:00,40,78,2.3
2025-03-23T17:00:00-07:00,39,78,1.9
2025-03-23T17:30:00-07:00,36,80,1.3
2025-03-23T18:00:00-07:00,32,82,2.5
2025-03-23T18:30:00-07:00,33,79,1.3
2025-03-23T19:00:00-07:00,44,73,2.8
2025-03-23T19:30:00-07:00,53,69,4.1
2025-03-23T20:00:00-07:00,58,67,3.9
2025-03-23T20:30:00-07:00,62,65,3.7
2025-03-23T21:00:00-07:00,62,65,3.6
2025-03-23T21:30:00-07:00,65,63,4
2025-03-23T22:00:00-07:00,67,63,3.8
2025-03-23T22:30:00-07:00,68,62,2.9
2025-03-23T23:00:00-07:00,66,62,3.1
2025-03-23T23:30:00-07:00,65,62,3.2
2025-03-24T00:00:00-07:00,65,61,3.1
2025-03-24T00:30:00-07:00,65,60,3.9
2025-03-24T01:00:00-07:00,66,60,5.5
2025-03-24T01:30:00-07:00,66,59,5
2025-03-24T02:00:00-07:00,67,59,4.6
2025-03-24T02:30:00-07:00,67,58,4.6
2025-03-24T03:00:00-07:00,67,58,4.7
2025-03-24T03:30:00-07:00,67,58,4.4
2025-03-24T04:00:00-07:00,67,57,4.4
2025-03-24T04:30:00-07:00,67,57,4.2
2025-03-24T05:00:00-07:00,67,57,4.2
2025-03-24T05:30:00-07:00,67,56,3.9
2025-03-24T06:00:00-07:00,67,56,3.9
2025-03-24T06:30:00-07:00,68,56,4
2025-03-24T07:00:00-07:00,69,56,4.3
2025-03-24T07:30:00-07:00,69,56,4.5
2025-03-24T08:00:00-07:00,71,59,5.7
2025-03-24T08:30:00-07:00,69,62,7.7
2025-03-24T09:00:00-07:00,65,65,8.1
2025-03-24T09:30:00-07:00,60,68,7
2025-03-24T10:00:00-07:00,54,70,4.9
2025-03-24T10:30:00-07:00,49,73,3.8
2025-03-24T11:00:00-07:00,45,76,2.9
2025-03-24T11:30:00-07:00,45,78,3.3
2025-03-24T12:00:00-07:00,43,80,3.5
2025-03-24T12:30:00-07:00,40,80,2.7
2025-03-24T13:00:00-07:00,39,81,2.8
2025-03-24T13:30:00-07:00,37,83,2.7
2025-03-24T14:00:00-07:00,36,84,2.4
2025-03-24T14:30:00-07:00,35,87,3.1
2025-03-24T15:00:00-07:00,34,88,3.4
2025-03-24T15:30:00-07:00,34,88,3.5
2025-03-24T16:00:00-07:00,33,89,3.4
2025-03-24T16:30:00-07:00,33,90,3
2025-03-24T17:00:00-07:00,32,90,3.3
2025-03-24T17:30:00-07:00,31,91,3
2025-03-24T18:00:00-07:00,28,94,2.3
2025-03-24T18:30:00-07:00,28,93,2.4
2025-03-24T19:00:00-07:00,35,85,2.4
2025-03-24T19:30:00-07:00,40,82,2.6
2025-03-24T20:00:00-07:00,45,79,3.7
2025-03-24T20:30:00-07:00,49,77,4.6
2025-03-24T21:00:00-07:00,52,75,4.9
2025-03-24T21:30:00-07:00,55,74,5
2025-03-24T22:00:00-07:00,57,73,5.3
2025-03-24T22:30:00-07:00,59,72,5.3
2025-03-24T23:00:00-07:00,61,70,5.5
2025-03-24T23:30:00-07:00,62,69,5.5
2025-03-25T00:00:00-07:00,63,68,5.7
2025-03-25T00:30:00-07:00,63,68,7.3
2025-03-25T01:00:00-07:00,63,67,8.7
2025-03-25T01:30:00-07:00,63,67,7.1
2025-03-25T02:00:00-07:00,64,66,6.5
2025-03-25T02:30:00-07:00,64,65,6.2
2025-03-25T03:00:00-07:00,64,65,5.7
2025-03-25T03:30:00-07:00,65,64,5.2
2025-03-25T04:00:00-07:00,66,64,5.2
2025-03-25T04:30:00-07:00,66,63,5.8
2025-03-25T05:00:00-07:00,65,62,5.8
2025-03-25T05:30:00-07:00,66,62,5.9
2025-03-25T06:00:00-07:00,66,61,5.9
2025-03-25T06:30:00-07:00,67,61,6.2
2025-03-25T07:00:00-07:00,67,61,6.8
2025-03-25T07:30:00-07:00,68,61,11.9
2025-03-25T08:00:00-07:00,70,64,8.2
2025-03-25T08:30:00-07:00,67,67,8
2025-03-25T09:00:00-07:00,61,70,6.9
2025-03-25T09:30:00-07:00,54,73,5.6
2025-03-25T10:00:00-07:00,50,76,5.6
2025-03-25T10:30:00-07:00,46,79,6
2025-03-25T11:00:00-07:00,43,82,6.1
2025-03-25T11:30:00-07:00,40,85,5.5
2025-03-25T12:00:00-07:00,37,88,4.5
2025-03-25T12:30:00-07:00,35,91,4.6
2025-03-25T13:00:00-07:00,37,90,7.6
2025-03-25T13:30:00-07:00,37,87,7.7
2025-03-25T14:00:00-07:00,35,88,6.4
2025-03-25T14:30:00-07:00,32,90,5.6
2025-03-25T15:00:00-07:00,32,90,5.4
2025-03-25T15:30:00-07:00,31,90,4.7
2025-03-25T16:00:00-07:00,33,89,6.5
2025-03-25T16:30:00-07:00,35,88,5.8
2025-03-25T17:00:00-07:00,35,87,6
2025-03-25T17:30:00-07:00,34,87,5.5
2025-03-25T18:00:00-07:00,32,89,5.4
2025-03-25T18:30:00-07:00,34,86,5.5
2025-03-25T19:00:00-07:00,38,82,5.7
2025-03-25T19:30:00-07:00,40,80,6.1
2025-03-25T20:00:00-07:00,41,79,6.4
2025-03-25T20:30:00-07:00,43,78,7.4
2025-03-25T21:00:00-07:00,45,77,8.4
2025-03-25T21:30:00-07:00,47,76,8.9
2025-03-25T22:00:00-07:00,47,74,7.5
2025-03-25T22:30:00-07:00,49,73,6.6
2025-03-25T23:00:00-07:00,54,70,6.2
2025-03-25T23:30:00-07:00,59,66,7.1
2025-03-26T00:00:00-07:00,64,64,7
2025-03-26T00:30:00-07:00,66,63,8.9
2025-03-26T01:00:00-07:00,66,63,11.3
2025-03-26T01:30:00-07:00,66,63,12.1
2025-03-26T02:00:00-07:00,67,62,11.2
2025-03-26T02:30:00-07:00,70,61,8.6
2025-03-26T03:00:00-07:00,72,60,9.1
2025-03-26T03:30:00-07:00,73,60,10.4
2025-03-26T04:00:00-07:00,73,61,9.7
2025-03-26T04:30:00-07:00,71,62,10.3
2025-03-26T05:00:00-07:00,70,63,10.3
2025-03-26T05:30:00-07:00,69,62,13.2
2025-03-26T06:00:00-07:00,69,62,13.7
2025-03-26T06:30:00-07:00,69,63,5.5
2025-03-26T07:00:00-07:00,67,62,1.6
2025-03-26T07:30:00-07:00,67,62,2.3
2025-03-26T08:00:00-07:00,66,63,3
2025-03-26T08:30:00-07:00,62,64,1.8
2025-03-26T09:00:00-07:00,59,66,1.1
2025-03-26T09:30:00-07:00,55,68,0.9
2025-03-26T10:00:00-07:00,53,68,1.1
2025-03-26T10:30:00-07:00,52,70,1.3
2025-03-26T11:00:00-07:00,46,74,1.9
2025-03-26T11:30:00-07:00,44,75,2.5
2025-03-26T12:00:00-07:00,45,75,1.5
2025-03-26T12:30:00-07:00,43,76,1.5
2025-03-26T13:00:00-07:00,41,77,1.4
2025-03-26T13:30:00-07:00,41,76,1.5
2025-03-26T14:00:00-07:00,41,76,1.9
2025-03-26T14:30:00-07:00,40,77,1.8
2025-03-26T15:00:00-07:00,41,76,2
2025-03-26T15:30:00-07:00,42,75,2.1
2025-03-26T16:00:00-07:00,43,74,1.8
2025-03-26T16:30:00-07:00,44,73,1.7
2025-03-26T17:00:00-07:00,44,73,1.5
2025-03-26T17:30:00-07:00,44,73,1.4
2025-03-26T18:00:00-07:00,47,71,1.5
2025-03-26T18:30:00-07:00,50,69,1.6
2025-03-26T19:00:00-07:00,52,68,1.7
2025-03-26T19:30:00-07:00,54,67,2.3
2025-03-26T20:00:00-07:00,56,66,2.4
2025-03-26T20:30:00-07:00,57,66,1.4
2025-03-26T21:00:00-07:00,57,65,1.1
2025-03-26T21:30:00-07:00,57,65,1.8
2025-03-26T22:00:00-07:00,58,65,1.9
2025-03-26T22:30:00-07:00,58,65,2
2025-03-26T23:00:00-07:00,58,65,2.2
2025-03-26T23:30:00-07:00,59,65,1.8
2025-03-27T00:00:00-07:00,59,65,1.8
2025-03-27T00:30:00-07:00,60,65,2
2025-03-27T01:00:00-07:00,61,65,0.4
2025-03-27T01:30:00-07:00,62,65,0.1
2025-03-27T02:00:00-07:00,60,65,0.4
2025-03-27T02:30:00-07:00,61,65,0.2
2025-03-27T03:00:00-07:00,62,64,0
2025-03-27T03:30:00-07:00,62,64,0
2025-03-27T04:00:00-07:00,62,64,0
2025-03-27T04:30:00-07:00,63,64,0
2025-03-27T05:00:00-07:00,63,65,0
2025-03-27T05:30:00-07:00,63,65,0.1
2025-03-27T06:00:00-07:00,63,64,0
2025-03-27T06:30:00-07:00,64,64,0.3
2025-03-27T07:00:00-07:00,67,64,0.5
2025-03-27T07:30:00-07:00,66,64,0.6
2025-03-27T08:00:00-07:00,66,64,0.9
2025-03-27T08:30:00-07:00,64,65,0.8
2025-03-27T09:00:00-07:00,60,67,0.6
2025-03-27T09:30:00-07:00,56,69,1
2025-03-27T10:00:00-07:00,51,69,1.3
2025-03-27T10:30:00-07:00,49,71,1.2
2025-03-27T11:00:00-07:00,46,71,1.4
2025-03-27T11:30:00-07:00,47,71,1.5
2025-03-27T12:00:00-07:00,53,69,2.3
2025-03-27T12:30:00-07:00,53,70,2.4
2025-03-27T13:00:00-07:00,49,71,2.3
2025-03-27T13:30:00-07:00,52,68,2.7
2025-03-27T14:00:00-07:00,60,67,1.5
2025-03-27T14:30:00-07:00,60,68,1.4
2025-03-27T15:00:00-07:00,53,69,1.4
2025-03-27T15:30:00-07:00,53,67,1.8
2025-03-27T16:00:00-07:00,53,68,1.6
2025-03-27T16:30:00-07:00,48,68,1.5
2025-03-27T17:00:00-07:00,45,69,1.2
2025-03-27T17:30:00-07:00,40,73,1.4
2025-03-27T18:00:00-07:00,40,72,1.6
2025-03-27T18:30:00-07:00,41,72,1.9
2025-03-27T19:00:00-07:00,48,68,2.2
2025-03-27T19:30:00-07:00,52,65,2.5
2025-03-27T20:00:00-07:00,52,64,2.6
2025-03-27T20:30:00-07:00,54,64,2.3
2025-03-27T21:00:00-07:00,55,64,2.4
2025-03-27T21:30:00-07:00,54,64,2.3
2025-03-27T22:00:00-07:00,54,63,2.1
2025-03-27T22:30:00-07:00,54,63,2.2
2025-03-27T23:00:00-07:00,55,63,2.4
2025-03-27T23:30:00-07:00,56,62,2.4
2025-03-28T00:00:00-07:00,59,62,2.6
2025-03-28T00:30:00-07:00,59,62,2.3
2025-03-28T01:00:00-07:00,60,62,2.1
2025-03-28T01:30:00-07:00,61,61,2.3
2025-03-28T02:00:00-07:00,62,61,2.3
2025-03-28T02:30:00-07:00,63,61,3
2025-03-28T03:00:00-07:00,63,61,3.3
2025-03-28T03:30:00-07:00,61,62,3.1
2025-03-28T04:00:00-07:00,63,62,2.8
2025-03-28T04:30:00-07:00,66,61,2.8
2025-03-28T05:00:00-07:00,66,61,2.1
2025-03-28T05:30:00-07:00,65,61,2.3
2025-03-28T06:00:00-07:00,66,61,2.6
2025-03-28T06:30:00-07:00,66,61,2.7
2025-03-28T07:00:00-07:00,66,61,3.1
2025-03-28T07:30:00-07:00,65,62,2.9
2025-03-28T08:00:00-07:00,64,62,2.7
2025-03-28T08:30:00-07:00,63,63,2.2
2025-03-28T09:00:00-07:00,61,63,1.8
2025-03-28T09:30:00-07:00,60,63,1.4
2025-03-28T10:00:00-07:00,59,63,1.1
2025-03-28T10:30:00-07:00,55,65,1
2025-03-28T11:00:00-07:00,53,65,0.9
2025-03-28T11:30:00-07:00,50,66,1
2025-03-28T12:00:00-07:00,48,67,0.8
2025-03-28T12:30:00-07:00,47,67,0.7
2025-03-28T13:00:00-07:00,46,67,0.9
2025-03-28T13:30:00-07:00,47,66,1.1
2025-03-28T14:00:00-07:00,42,66,1
2025-03-28T14:30:00-07:00,39,67,0.9
2025-03-28T15:00:00-07:00,37,69,0.9
2025-03-28T15:30:00-07:00,38,67,1.1
2025-03-28T16:00:00-07:00,41,67,1.3
2025-03-28T16:30:00-07:00,42,66,1.4
2025-03-28T17:00:00-07:00,51,63,1.5
2025-03-28T17:30:00-07:00,56,63,0.6
2025-03-28T18:00:00-07:00,50,64,0.9
2025-03-28T18:30:00-07:00,48,64,1
2025-03-28T19:00:00-07:00,51,61,1.2
2025-03-28T19:30:00-07:00,53,60,1.8
2025-03-28T20:00:00-07:00,55,60,1
2025-03-28T20:30:00-07:00,55,60,1.2
2025-03-28T21:00:00-07:00,56,60,1.4
2025-03-28T21:30:00-07:00,57,60,1.2
2025-03-28T22:00:00-07:00,58,60,1.2
2025-03-28T22:30:00-07:00,57,60,1
2025-03-28T23:00:00-07:00,57,60,1.3
2025-03-28T23:30:00-07:00,60,60,2.2
2025-03-29T00:00:00-07:00,58,59,1.2
2025-03-29T00:30:00-07:00,59,58,1.3
2025-03-29T01:00:00-07:00,59,58,1.4
2025-03-29T01:30:00-07:00,62,57,1.8
2025-03-29T02:00:00-07:00,62,57,1.6
2025-03-29T02:30:00-07:00,61,57,1.3
2025-03-29T03:00:00-07:00,60,57,1.5
2025-03-29T03:30:00-07:00,61,56,1.8
2025-03-29T04:00:00-07:00,63,55,1.9
2025-03-29T04:30:00-07:00,64,55,1.8
2025-03-29T05:00:00-07:00,63,55,1.8
2025-03-29T05:30:00-07:00,63,55,2.2
2025-03-29T06:00:00-07:00,64,54,2.1
2025-03-29T06:30:00-07:00,64,53,2.3
2025-03-29T07:00:00-07:00,66,52,1.9
2025-03-29T07:30:00-07:00,66,53,2.3
2025-03-29T08:00:00-07:00,65,55,2.3
2025-03-29T08:30:00-07:00,62,57,1.8
2025-03-29T09:00:00-07:00,58,60,1.6
2025-03-29T09:30:00-07:00,53,61,1.5
2025-03-29T10:00:00-07:00,48,63,1.2
2025-03-29T10:30:00-07:00,45,64,0.9
2025-03-29T11:00:00-07:00,43,65,0.9
2025-03-29T11:30:00-07:00,42,67,0.7
2025-03-29T12:00:00-07:00,40,68,0.7
2025-03-29T12:30:00-07:00,38,69,0.8
2025-03-29T13:00:00-07:00,36,70,0.7
2025-03-29T13:30:00-07:00,34,71,0.6
2025-03-29T14:00:00-07:00,33,71,0.6
2025-03-29T14:30:00-07:00,33,71,0.6
2025-03-29T15:00:00-07:00,37,69,0.8
2025-03-29T15:30:00-07:00,41,68,1.1
2025-03-29T16:00:00-07:00,43,66,2.9
2025-03-29T16:30:00-07:00,44,65,2.1
2025-03-29T17:00:00-07:00,46,64,1.5
2025-03-29T17:30:00-07:00,48,62,1.2
2025-03-29T18:00:00-07:00,49,61,1.3
2025-03-29T18:30:00-07:00,49,61,2.5
2025-03-29T19:00:00-07:00,49,60,1.7
2025-03-29T19:30:00-07:00,50,60,5.7
2025-03-29T20:00:00-07:00,50,60,1.1
2025-03-29T20:30:00-07:00,49,60,1
2025-03-29T21:00:00-07:00,48,60,1.2
2025-03-29T21:30:00-07:00,48,61,1.4
2025-03-29T22:00:00-07:00,51,60,1.6
2025-03-29T22:30:00-07:00,51,60,2
2025-03-29T23:00:00-07:00,51,60,1.8
2025-03-29T23:30:00-07:00,51,60,1.9
2025-03-30T00:00:00-07:00,51,60,1.8
2025-03-30T00:30:00-07:00,49,59,2.8
2025-03-30T01:00:00-07:00,42,59,0.6
2025-03-30T01:30:00-07:00,48,59,0.8
2025-03-30T02:00:00-07:00,54,59,1.1
2025-03-30T02:30:00-07:00,58,58,1.4
2025-03-30T03:00:00-07:00,57,58,1.9
2025-03-30T03:30:00-07:00,55,58,2.7
2025-03-30T04:00:00-07:00,56,57,2.1
2025-03-30T04:30:00-07:00,54,57,2.6
2025-03-30T05:00:00-07:00,54,57,1.5
2025-03-30T05:30:00-07:00,53,58,1.6
2025-03-30T06:00:00-07:00,53,58,2
2025-03-30T06:30:00-07:00,54,57,2.8
2025-03-30T07:00:00-07:00,52,58,2.6
2025-03-30T07:30:00-07:00,54,59,2.1
2025-03-30T08:00:00-07:00,57,59,1.4
2025-03-30T08:30:00-07:00,59,60,0.7
2025-03-30T09:00:00-07:00,57,63,0.2
2025-03-30T09:30:00-07:00,54,65,0.1
2025-03-30T10:00:00-07:00,52,67,0
2025-03-30T10:30:00-07:00,52,67,0
2025-03-30T11:00:00-07:00,52,68,0
2025-03-30T11:30:00-07:00,52,68,0
2025-03-30T12:00:00-07:00,53,67,0.1
2025-03-30T12:30:00-07:00,53,68,0.1
2025-03-30T13:00:00-07:00,52,69,0.2
2025-03-30T13:30:00-07:00,51,71,0.4
2025-03-30T14:00:00-07:00,47,73,0.6
2025-03-30T14:30:00-07:00,44,75,0.8
2025-03-30T15:00:00-07:00,42,75,0.8
2025-03-30T15:30:00-07:00,41,75,0.8
2025-03-30T16:00:00-07:00,40,75,0.8
2025-03-30T16:30:00-07:00,38,76,0.8
2025-03-30T17:00:00-07:00,38,75,0.8
2025-03-30T17:30:00-07:00,38,75,0.7
2025-03-30T18:00:00-07:00,37,76,0.7
2025-03-30T18:30:00-07:00,40,74,0.8
2025-03-30T19:00:00-07:00,47,70,1.1
2025-03-30T19:30:00-07:00,52,68,1
2025-03-30T20:00:00-07:00,55,67,0.8
2025-03-30T20:30:00-07:00,56,66,0.8
2025-03-30T21:00:00-07:00,57,67,3.1
2025-03-30T21:30:00-07:00,56,67,1.7
2025-03-30T22:00:00-07:00,57,67,0.7
2025-03-30T22:30:00-07:00,58,66,0.5
2025-03-30T23:00:00-07:00,58,66,0.6
2025-03-30T23:30:00-07:00,58,65,0.4
2025-03-31T00:00:00-07:00,60,65,0.7
2025-03-31T00:30:00-07:00,63,64,0.6
2025-03-31T01:00:00-07:00,63,64,0.6
2025-03-31T01:30:00-07:00,63,64,0.6
2025-03-31T02:00:00-07:00,64,64,0.6
2025-03-31T02:30:00-07:00,65,63,1.7
2025-03-31T03:00:00-07:00,63,63,1.8
2025-03-31T03:30:00-07:00,61,63,1
2025-03-31T04:00:00-07:00,71,61,0.9
2025-03-31T04:30:00-07:00,76,60,0
2025-03-31T05:00:00-07:00,75,60,0
2025-03-31T05:30:00-07:00,73,61,0
2025-03-31T06:00:00-07:00,71,62,0.1
2025-03-31T06:30:00-07:00,71,61,0.3
2025-03-31T07:00:00-07:00,70,61,1.2
2025-03-31T07:30:00-07:00,70,61,1.7
2025-03-31T08:00:00-07:00,70,61,1.9
2025-03-31T08:30:00-07:00,70,61,2.1
2025-03-31T09:00:00-07:00,69,61,2.2
2025-03-31T09:30:00-07:00,66,61,1.8
2025-03-31T10:00:00-07:00,65,61,1.9
2025-03-31T10:30:00-07:00,66,62,1.9
2025-03-31T11:00:00-07:00,66,61,1.9
2025-03-31T11:30:00-07:00,62,63,1.9
2025-03-31T12:00:00-07:00,53,65,1.8
2025-03-31T12:30:00-07:00,44,67,1.4
2025-03-31T13:00:00-07:00,41,68,1.1
2025-03-31T13:30:00-07:00,40,68,0.8
2025-03-31T14:00:00-07:00,39,69,0.8
2025-03-31T14:30:00-07:00,38,69,0.9
2025-03-31T15:00:00-07:00,41,67,1.2
2025-03-31T15:30:00-07:00,40,67,1
2025-03-31T16:00:00-07:00,42,66,1
2025-03-31T16:30:00-07:00,57,61,0.9
2025-03-31T17:00:00-07:00,57,62,0.9
2025-03-31T17:30:00-07:00,52,63,1.4
2025-03-31T18:00:00-07:00,56,61,1.8
2025-03-31T18:30:00-07:00,60,60,2.3
2025-03-31T19:00:00-07:00,62,59,3.4
2025-03-31T19:30:00-07:00,62,59,4.3
2025-03-31T20:00:00-07:00,63,57,1
2025-03-31T20:30:00-07:00,65,56,0.5
2025-03-31T21:00:00-07:00,65,56,0.6
2025-03-31T21:30:00-07:00,66,56,0.7
2025-03-31T22:00:00-07:00,66,55,1.3
2025-03-31T22:30:00-07:00,66,55,0.7
2025-03-31T23:00:00-07:00,66,56,0.8
2025-03-31T23:30:00-07:00,68,55,0.9
2025-04-01T00:00:00-07:00,67,56,1
2025-04-01T00:30:00-07:00,68,55,0.9
2025-04-01T01:00:00-07:00,67,55,0.9
2025-04-01T01:30:00-07:00,68,55,1
2025-04-01T02:00:00-07:00,67,55,0.9
2025-04-01T02:30:00-07:00,69,55,1.5
2025-04-01T03:00:00-07:00,69,55,1.7
2025-04-01T03:30:00-07:00,69,55,1.6
2025-04-01T04:00:00-07:00,68,56,1.7
2025-04-01T04:30:00-07:00,70,56,1.7
2025-04-01T05:00:00-07:00,70,56,1.5
2025-04-01T05:30:00-07:00,70,56,1.7
2025-04-01T06:00:00-07:00,71,55,2
2025-04-01T06:30:00-07:00,72,55,1.7
2025-04-01T07:00:00-07:00,71,56,1.9
2025-04-01T07:30:00-07:00,73,55,1.9
2025-04-01T08:00:00-07:00,73,56,2.4
2025-04-01T08:30:00-07:00,72,58,2.3
2025-04-01T09:00:00-07:00,70,58,2.4
2025-04-01T09:30:00-07:00,69,58,1.9
2025-04-01T10:00:00-07:00,66,59,2.2
2025-04-01T10:30:00-07:00,64,59,2.3
2025-04-01T11:00:00-07:00,68,59,2
2025-04-01T11:30:00-07:00,65,61,2.8
2025-04-01T12:00:00-07:00,61,62,3.9
2025-04-01T12:30:00-07:00,56,63,3.8
2025-04-01T13:00:00-07:00,57,61,2.1
2025-04-01T13:30:00-07:00,54,61,1.7
2025-04-01T14:00:00-07:00,55,61,2.1
2025-04-01T14:30:00-07:00,54,62,2.2
2025-04-01T15:00:00-07:00,53,61,1.1
2025-04-01T15:30:00-07:00,52,62,2.1
2025-04-01T16:00:00-07:00,50,63,1.5
2025-04-01T16:30:00-07:00,48,63,1.4
2025-04-01T17:00:00-07:00,51,62,2.1
2025-04-01T17:30:00-07:00,52,60,2
2025-04-01T18:00:00-07:00,60,59,2.2
2025-04-01T18:30:00-07:00,62,58,1.1
2025-04-01T19:00:00-07:00,62,56,0.8
2025-04-01T19:30:00-07:00,65,56,1.2
2025-04-01T20:00:00-07:00,63,56,1.3
2025-04-01T20:30:00-07:00,61,56,1.5
2025-04-01T21:00:00-07:00,62,56,2.2
2025-04-01T21:30:00-07:00,64,56,1.3
2025-04-01T22:00:00-07:00,64,56,0.9
2025-04-01T22:30:00-07:00,62,56,0.7
2025-04-01T23:00:00-07:00,60,56,0.7
2025-04-01T23:30:00-07:00,60,56,0.5
2025-04-02T00:00:00-07:00,60,56,0.6
2025-04-02T00:30:00-07:00,59,56,0.6
2025-04-02T01:00:00-07:00,59,56,0.5
2025-04-02T01:30:00-07:00,58,56,0.3
2025-04-02T02:00:00-07:00,59,55,0.5
2025-04-02T02:30:00-07:00,60,54,0.6
2025-04-02T03:00:00-07:00,61,53,0.5
2025-04-02T03:30:00-07:00,62,52,0.4
2025-04-02T04:00:00-07:00,63,51,0.4
2025-04-02T04:30:00-07:00,63,51,0.5
2025-04-02T05:00:00-07:00,63,50,0.5
2025-04-02T05:30:00-07:00,64,50,1.5
2025-04-02T06:00:00-07:00,64,50,1.6
2025-04-02T06:30:00-07:00,64,49,1.9
2025-04-02T07:00:00-07:00,65,49,1.8
2025-04-02T07:30:00-07:00,67,50,2.3
2025-04-02T08:00:00-07:00,66,52,1.5
2025-04-02T08:30:00-07:00,60,55,0.9
2025-04-02T09:00:00-07:00,54,57,1
2025-04-02T09:30:00-07:00,51,59,0.9
2025-04-02T10:00:00-07:00,49,60,1
2025-04-02T10:30:00-07:00,47,62,0.7
2025-04-02T11:00:00-07:00,44,63,0.7
2025-04-02T11:30:00-07:00,44,64,0.9
2025-04-02T12:00:00-07:00,43,65,2.9
2025-04-02T12:30:00-07:00,40,66,1.7
2025-04-02T13:00:00-07:00,37,67,0.9
2025-04-02T13:30:00-07:00,36,68,0.7
2025-04-02T14:00:00-07:00,37,67,0.9
2025-04-02T14:30:00-07:00,42,66,1.2
2025-04-02T15:00:00-07:00,43,67,1.3
2025-04-02T15:30:00-07:00,43,66,1.3
2025-04-02T16:00:00-07:00,43,66,1.1
2025-04-02T16:30:00-07:00,45,64,1.3
2025-04-02T17:00:00-07:00,45,64,1.4
2025-04-02T17:30:00-07:00,44,65,1.4
2025-04-02T18:00:00-07:00,44,66,1.7
2025-04-02T18:30:00-07:00,46,65,1.8
2025-04-02T19:00:00-07:00,53,60,2
2025-04-02T19:30:00-07:00,58,58,2
2025-04-02T20:00:00-07:00,60,57,1.9
2025-04-02T20:30:00-07:00,60,57,2
2025-04-02T21:00:00-07:00,62,56,1.9
2025-04-02T21:30:00-07:00,62,57,2.2
2025-04-02T22:00:00-07:00,62,56,2.1
2025-04-02T22:30:00-07:00,62,56,2
2025-04-02T23:00:00-07:00,61,57,2.1
2025-04-02T23:30:00-07:00,59,57,2
2025-04-03T00:00:00-07:00,58,57,2.2
2025-04-03T00:30:00-07:00,59,57,1.9
2025-04-03T01:00:00-07:00,58,57,1.9
2025-04-03T01:30:00-07:00,58,58,1.9
2025-04-03T02:00:00-07:00,57,58,2
2025-04-03T02:30:00-07:00,57,58,2.3
2025-04-03T03:00:00-07:00,58,57,3
2025-04-03T03:30:00-07:00,59,56,4.5
2025-04-03T04:00:00-07:00,60,55,4.4
2025-04-03T04:30:00-07:00,61,53,5
2025-04-03T05:00:00-07:00,63,52,5.3
2025-04-03T05:30:00-07:00,63,52,5.1
2025-04-03T06:00:00-07:00,64,51,4.8
2025-04-03T06:30:00-07:00,64,51,4.9
2025-04-03T07:00:00-07:00,64,51,5.2
2025-04-03T07:30:00-07:00,64,52,6.1
2025-04-03T08:00:00-07:00,63,53,5.8
2025-04-03T08:30:00-07:00,60,55,4.5
2025-04-03T09:00:00-07:00,55,58,3.7
2025-04-03T09:30:00-07:00,51,60,2.8
2025-04-03T10:00:00-07:00,47,62,2.6
2025-04-03T10:30:00-07:00,46,64,2.9
2025-04-03T11:00:00-07:00,43,67,2.5
2025-04-03T11:30:00-07:00,41,67,2.4
2025-04-03T12:00:00-07:00,39,70,2.3
2025-04-03T12:30:00-07:00,38,71,1.8
2025-04-03T13:00:00-07:00,37,72,1.3
2025-04-03T13:30:00-07:00,33,72,0.8
2025-04-03T14:00:00-07:00,29,73,0.4
2025-04-03T14:30:00-07:00,30,72,0.5
2025-04-03T15:00:00-07:00,37,71,1.3
2025-04-03T15:30:00-07:00,40,70,1.4
2025-04-03T16:00:00-07:00,39,70,1.2
2025-04-03T16:30:00-07:00,42,68,0.8
2025-04-03T17:00:00-07:00,43,68,0.8
2025-04-03T17:30:00-07:00,43,68,0.9
2025-04-03T18:00:00-07:00,42,70,1.1
2025-04-03T18:30:00-07:00,41,69,0.9
2025-04-03T19:00:00-07:00,47,64,1.2
2025-04-03T19:30:00-07:00,53,61,1.3
2025-04-03T20:00:00-07:00,55,60,1.5
2025-04-03T20:30:00-07:00,57,60,1.6
2025-04-03T21:00:00-07:00,59,59,1.9
2025-04-03T21:30:00-07:00,63,59,2.1
2025-04-03T22:00:00-07:00,64,59,2.2
2025-04-03T22:30:00-07:00,62,59,2.1
2025-04-03T23:00:00-07:00,62,59,2.5
2025-04-03T23:30:00-07:00,62,57,2.8
2025-04-04T00:00:00-07:00,64,56,3.6
2025-04-04T00:30:00-07:00,64,56,2.8
2025-04-04T01:00:00-07:00,65,55,2.5
2025-04-04T01:30:00-07:00,67,55,2.5
2025-04-04T02:00:00-07:00,67,55,2.3
2025-04-04T02:30:00-07:00,66,54,2.4
2025-04-04T03:00:00-07:00,66,53,2.4
2025-04-04T03:30:00-07:00,66,53,2.1
2025-04-04T04:00:00-07:00,64,53,2
2025-04-04T04:30:00-07:00,64,52,2
2025-04-04T05:00:00-07:00,64,51,2.1
2025-04-04T05:30:00-07:00,65,51,2.2
2025-04-04T06:00:00-07:00,65,51,2.3
2025-04-04T06:30:00-07:00,66,50,2.7
2025-04-04T07:00:00-07:00,65,51,2.9
2025-04-04T07:30:00-07:00,66,52,2.3
2025-04-04T08:00:00-07:00,64,54,3.8
2025-04-04T08:30:00-07:00,61,57,5.6
2025-04-04T09:00:00-07:00,57,60,6.3
2025-04-04T09:30:00-07:00,54,62,5.7
2025-04-04T10:00:00-07:00,50,65,4.2
2025-04-04T10:30:00-07:00,45,68,3.3
2025-04-04T11:00:00-07:00,44,69,3.2
2025-04-04T11:30:00-07:00,42,70,2.5
2025-04-04T12:00:00-07:00,39,73,2.4
2025-04-04T12:30:00-07:00,37,74,2.2
2025-04-04T13:00:00-07:00,37,75,3
2025-04-04T13:30:00-07:00,35,76,2.5
2025-04-04T14:00:00-07:00,33,77,2
2025-04-04T14:30:00-07:00,31,77,1.6
2025-04-04T15:00:00-07:00,29,78,1.4
2025-04-04T15:30:00-07:00,28,79,1.3
2025-04-04T16:00:00-07:00,30,78,1.6
2025-04-04T16:30:00-07:00,30,78,1.3
2025-04-04T17:00:00-07:00,33,76,1.4
2025-04-04T17:30:00-07:00,35,75,1.3
2025-04-04T18:00:00-07:00,37,75,1.6
2025-04-04T18:30:00-07:00,39,73,1.7
2025-04-04T19:00:00-07:00,44,68,1.6
2025-04-04T19:30:00-07:00,48,66,1.8
2025-04-04T20:00:00-07:00,50,65,2.2
2025-04-04T20:30:00-07:00,48,65,1.8
2025-04-04T21:00:00-07:00,50,64,2
2025-04-04T21:30:00-07:00,57,63,2.5
2025-04-04T22:00:00-07:00,60,62,2.8
2025-04-04T22:30:00-07:00,58,62,3.3
2025-04-04T23:00:00-07:00,58,62,5.8
2025-04-04T23:30:00-07:00,60,60,8.1
2025-04-05T00:00:00-07:00,60,59,5
2025-04-05T00:30:00-07:00,59,58,3.8
2025-04-05T01:00:00-07:00,59,57,3.6
2025-04-05T01:30:00-07:00,60,57,4.2
2025-04-05T02:00:00-07:00,60,57,4.2
2025-04-05T02:30:00-07:00,61,56,4.3
2025-04-05T03:00:00-07:00,61,56,4.4
2025-04-05T03:30:00-07:00,62,56,4.5
2025-04-05T04:00:00-07:00,63,56,3.7
2025-04-05T04:30:00-07:00,63,56,4.3
2025-04-05T05:00:00-07:00,62,56,3.2
2025-04-05T05:30:00-07:00,62,56,3
2025-04-05T06:00:00-07:00,63,56,3.2
2025-04-05T06:30:00-07:00,63,56,2.9
2025-04-05T07:00:00-07:00,63,56,3
2025-04-05T07:30:00-07:00,63,57,3.6
2025-04-05T08:00:00-07:00,60,59,3.2
2025-04-05T08:30:00-07:00,56,61,4.1
2025-04-05T09:00:00-07:00,51,64,3.9
2025-04-05T09:30:00-07:00,44,67,3.1
2025-04-05T10:00:00-07:00,39,70,3
2025-04-05T10:30:00-07:00,36,72,2.4
2025-04-05T11:00:00-07:00,35,73,2.4
2025-04-05T11:30:00-07:00,34,75,2.8
2025-04-05T12:00:00-07:00,35,75,2.7
2025-04-05T12:30:00-07:00,32,77,2.1
2025-04-05T13:00:00-07:00,28,78,1.5
2025-04-05T13:30:00-07:00,28,79,1.6
2025-04-05T14:00:00-07:00,29,79,1.4
2025-04-05T14:30:00-07:00,27,80,1.5
2025-04-05T15:00:00-07:00,28,81,2.1
2025-04-05T15:30:00-07:00,30,81,2.5
2025-04-05T16:00:00-07:00,30,80,2.5
2025-04-05T16:30:00-07:00,31,79,2.5
2025-04-05T17:00:00-07:00,30,78,2.2
2025-04-05T17:30:00-07:00,27,79,1.5
2025-04-05T18:00:00-07:00,25,79,1.2
2025-04-05T18:30:00-07:00,30,78,1.9
2025-04-05T19:00:00-07:00,44,72,3.5
2025-04-05T19:30:00-07:00,49,67,2.4
2025-04-05T20:00:00-07:00,57,65,3.1
2025-04-05T20:30:00-07:00,60,64,3.2
2025-04-05T21:00:00-07:00,60,64,6.1
2025-04-05T21:30:00-07:00,62,63,3.4
2025-04-05T22:00:00-07:00,64,62,3.3
2025-04-05T22:30:00-07:00,63,62,3.2
2025-04-05T23:00:00-07:00,63,62,4
2025-04-05T23:30:00-07:00,62,61,3.5
2025-04-06T00:00:00-07:00,62,60,3.8
2025-04-06T00:30:00-07:00,65,59,5.1
2025-04-06T01:00:00-07:00,64,59,5
2025-04-06T01:30:00-07:00,64,58,5.1
2025-04-06T02:00:00-07:00,63,57,4.7
2025-04-06T02:30:00-07:00,63,56,4.8
2025-04-06T03:00:00-07:00,64,56,4.7
2025-04-06T03:30:00-07:00,64,55,5
2025-04-06T04:00:00-07:00,64,55,5.9
2025-04-06T04:30:00-07:00,64,54,6
2025-04-06T05:00:00-07:00,65,54,5.9
2025-04-06T05:30:00-07:00,65,54,4.8
2025-04-06T06:00:00-07:00,64,53,4.3
2025-04-06T06:30:00-07:00,64,53,4
2025-04-06T07:00:00-07:00,65,53,4.4
2025-04-06T07:30:00-07:00,66,55,5.4
2025-04-06T08:00:00-07:00,64,58,6.9
2025-04-06T08:30:00-07:00,61,61,8.3
2025-04-06T09:00:00-07:00,59,63,9.6
2025-04-06T09:30:00-07:00,55,66,10.6
2025-04-06T10:00:00-07:00,49,68,10.6
2025-04-06T10:30:00-07:00,46,70,10.3
2025-04-06T11:00:00-07:00,46,71,7.7
2025-04-06T11:30:00-07:00,45,74,7.3
2025-04-06T12:00:00-07:00,41,76,5.5
2025-04-06T12:30:00-07:00,36,79,4.7
2025-04-06T13:00:00-07:00,35,77,3.2
2025-04-06T13:30:00-07:00,32,76,1.9
2025-04-06T14:00:00-07:00,37,76,3.2
2025-04-06T14:30:00-07:00,30,77,2.2
2025-04-06T15:00:00-07:00,29,78,1.4
2025-04-06T15:30:00-07:00,27,78,1.1
2025-04-06T16:00:00-07:00,27,76,1.3
2025-04-06T16:30:00-07:00,22,76,7
2025-04-06T17:00:00-07:00,21,76,1
2025-04-06T17:30:00-07:00,21,77,0.9
2025-04-06T18:00:00-07:00,21,78,0.6
2025-04-06T18:30:00-07:00,19,76,0.3
2025-04-06T19:00:00-07:00,25,72,0.9
2025-04-06T19:30:00-07:00,29,69,1.1
2025-04-06T20:00:00-07:00,32,67,1.4
2025-04-06T20:30:00-07:00,39,65,1.7
2025-04-06T21:00:00-07:00,44,64,2.3
2025-04-06T21:30:00-07:00,48,64,2.6
2025-04-06T22:00:00-07:00,53,63,2.6
2025-04-06T22:30:00-07:00,58,63,2.6
2025-04-06T23:00:00-07:00,59,63,3.5
2025-04-06T23:30:00-07:00,57,63,4.3
2025-04-07T00:00:00-07:00,56,63,4.4
2025-04-07T00:30:00-07:00,58,63,4
2025-04-07T01:00:00-07:00,57,63,3.8
2025-04-07T01:30:00-07:00,56,62,3.7
2025-04-07T02:00:00-07:00,56,62,3.9
2025-04-07T02:30:00-07:00,57,62,3.3
2025-04-07T03:00:00-07:00,56,63,3.4
2025-04-07T03:30:00-07:00,56,63,3.2
2025-04-07T04:00:00-07:00,56,63,3.3
2025-04-07T04:30:00-07:00,54,64,3.4
2025-04-07T05:00:00-07:00,50,64,3.7
2025-04-07T05:30:00-07:00,50,64,4.4
2025-04-07T06:00:00-07:00,49,64,4
2025-04-07T06:30:00-07:00,49,64,5.1
2025-04-07T07:00:00-07:00,49,64,5.3
2025-04-07T07:30:00-07:00,46,64,4.3
2025-04-07T08:00:00-07:00,46,65,2.8
2025-04-07T08:30:00-07:00,46,66,2.7
2025-04-07T09:00:00-07:00,47,67,3
2025-04-07T09:30:00-07:00,44,69,2.4
2025-04-07T10:00:00-07:00,46,71,1.7
2025-04-07T10:30:00-07:00,52,71,0.9
2025-04-07T11:00:00-07:00,55,71,0.6
2025-04-07T11:30:00-07:00,53,72,1.1
2025-04-07T12:00:00-07:00,52,73,0.9
2025-04-07T12:30:00-07:00,52,73,0.4
2025-04-07T13:00:00-07:00,52,72,0.4
2025-04-07T13:30:00-07:00,50,72,0.3
2025-04-07T14:00:00-07:00,48,72,0.5
2025-04-07T14:30:00-07:00,45,73,0.3
2025-04-07T15:00:00-07:00,42,74,0.5
2025-04-07T15:30:00-07:00,45,73,0.7
2025-04-07T16:00:00-07:00,45,72,0.5
2025-04-07T16:30:00-07:00,43,73,0.4
2025-04-07T17:00:00-07:00,45,72,0.7
2025-04-07T17:30:00-07:00,50,71,0.7
2025-04-07T18:00:00-07:00,53,71,0.6
2025-04-07T18:30:00-07:00,56,68,0.7
2025-04-07T19:00:00-07:00,63,64,0.8
2025-04-07T19:30:00-07:00,65,63,0.8
2025-04-07T20:00:00-07:00,64,62,1
2025-04-07T20:30:00-07:00,65,62,1.7
2025-04-07T21:00:00-07:00,65,62,2
2025-04-07T21:30:00-07:00,67,62,2.3
2025-04-07T22:00:00-07:00,67,62,2.2
2025-04-07T22:30:00-07:00,66,62,2.6
2025-04-07T23:00:00-07:00,66,62,2.9
2025-04-07T23:30:00-07:00,66,63,3.5
2025-04-08T00:00:00-07:00,65,63,3.7
2025-04-08T00:30:00-07:00,65,62,4.1
2025-04-08T01:00:00-07:00,65,61,4.2
2025-04-08T01:30:00-07:00,66,61,3.7
2025-04-08T02:00:00-07:00,65,62,4
2025-04-08T02:30:00-07:00,65,63,3.8
2025-04-08T03:00:00-07:00,66,62,2.2
2025-04-08T03:30:00-07:00,66,62,1.9
2025-04-08T04:00:00-07:00,65,62,1.7
2025-04-08T04:30:00-07:00,66,62,1.5
2025-04-08T05:00:00-07:00,66,62,1.4
2025-04-08T05:30:00-07:00,66,62,1.7
2025-04-08T06:00:00-07:00,67,61,2.2
2025-04-08T06:30:00-07:00,67,61,2.5
2025-04-08T07:00:00-07:00,68,60,2.9
2025-04-08T07:30:00-07:00,68,61,1.9
2025-04-08T08:00:00-07:00,66,62,1.5
2025-04-08T08:30:00-07:00,63,64,2
2025-04-08T09:00:00-07:00,59,65,1.9
2025-04-08T09:30:00-07:00,55,67,1.1
2025-04-08T10:00:00-07:00,50,69,0.6
2025-04-08T10:30:00-07:00,48,70,0.6
2025-04-08T11:00:00-07:00,47,70,0.5
2025-04-08T11:30:00-07:00,45,71,0.6
2025-04-08T12:00:00-07:00,43,72,0.7
2025-04-08T12:30:00-07:00,42,73,1
2025-04-08T13:00:00-07:00,41,74,1
2025-04-08T13:30:00-07:00,40,74,0.9
2025-04-08T14:00:00-07:00,40,75,0.9
2025-04-08T14:30:00-07:00,39,76,1.1
2025-04-08T15:00:00-07:00,38,77,1.3
2025-04-08T15:30:00-07:00,39,76,1.7
2025-04-08T16:00:00-07:00,41,75,1.8
2025-04-08T16:30:00-07:00,42,73,1.7
2025-04-08T17:00:00-07:00,43,72,1.7
2025-04-08T17:30:00-07:00,42,73,1.4
2025-04-08T18:00:00-07:00,40,74,1.2
2025-04-08T18:30:00-07:00,41,73,1.1
2025-04-08T19:00:00-07:00,49,67,1.2
2025-04-08T19:30:00-07:00,58,64,1.6
2025-04-08T20:00:00-07:00,59,63,1.6
2025-04-08T20:30:00-07:00,58,63,1.6
2025-04-08T21:00:00-07:00,59,62,1.9
2025-04-08T21:30:00-07:00,59,62,1.8
2025-04-08T22:00:00-07:00,59,62,1.8
2025-04-08T22:30:00-07:00,58,62,1.9
2025-04-08T23:00:00-07:00,58,62,2
2025-04-08T23:30:00-07:00,59,61,2
2025-04-09T00:00:00-07:00,60,61,2.4
2025-04-09T00:30:00-07:00,61,60,2.4
2025-04-09T01:00:00-07:00,62,59,2.7
2025-04-09T01:30:00-07:00,62,59,3.4
2025-04-09T02:00:00-07:00,63,58,3.2
2025-04-09T02:30:00-07:00,65,58,2.9
2025-04-09T03:00:00-07:00,65,57,2.4
2025-04-09T03:30:00-07:00,65,57,2.6
2025-04-09T04:00:00-07:00,65,57,2.9
2025-04-09T04:30:00-07:00,65,56,2.7
2025-04-09T05:00:00-07:00,65,56,3
2025-04-09T05:30:00-07:00,65,56,2.6
2025-04-09T06:00:00-07:00,65,55,2.3
2025-04-09T06:30:00-07:00,65,55,2.2
2025-04-09T07:00:00-07:00,65,55,2.4
2025-04-09T07:30:00-07:00,66,57,2.5
2025-04-09T08:00:00-07:00,64,60,2.5
2025-04-09T08:30:00-07:00,60,63,2.8
2025-04-09T09:00:00-07:00,57,65,3.3
2025-04-09T09:30:00-07:00,52,67,2.7
2025-04-09T10:00:00-07:00,48,70,2.7
2025-04-09T10:30:00-07:00,45,72,2.5
2025-04-09T11:00:00-07:00,43,75,3
2025-04-09T11:30:00-07:00,43,77,2.8
2025-04-09T12:00:00-07:00,41,78,3
2025-04-09T12:30:00-07:00,41,79,3.5
2025-04-09T13:00:00-07:00,40,81,3.7
2025-04-09T13:30:00-07:00,39,82,4.5
2025-04-09T14:00:00-07:00,37,82,5.5
2025-04-09T14:30:00-07:00,37,83,6
2025-04-09T15:00:00-07:00,35,84,6.1
2025-04-09T15:30:00-07:00,37,83,6.5
2025-04-09T16:00:00-07:00,37,82,5.1
2025-04-09T16:30:00-07:00,36,82,3.5
2025-04-09T17:00:00-07:00,37,82,3.1
2025-04-09T17:30:00-07:00,36,82,2.6
2025-04-09T18:00:00-07:00,34,85,2.5
2025-04-09T18:30:00-07:00,36,83,2.5
2025-04-09T19:00:00-07:00,41,78,2.5
2025-04-09T19:30:00-07:00,49,72,2.9
2025-04-09T20:00:00-07:00,55,70,3.3
2025-04-09T20:30:00-07:00,59,67,3.8
2025-04-09T21:00:00-07:00,62,66,3.8
2025-04-09T21:30:00-07:00,63,66,3.9
2025-04-09T22:00:00-07:00,63,66,3.8
2025-04-09T22:30:00-07:00,62,66,3.8
2025-04-09T23:00:00-07:00,62,66,4
2025-04-09T23:30:00-07:00,62,65,3.9
2025-04-10T00:00:00-07:00,63,65,4.1
2025-04-10T00:30:00-07:00,65,64,5.1
2025-04-10T01:00:00-07:00,64,63,4.9
2025-04-10T01:30:00-07:00,64,63,5.2
2025-04-10T02:00:00-07:00,65,62,5.4
2025-04-10T02:30:00-07:00,66,62,6.1
2025-04-10T03:00:00-07:00,66,61,5.9
2025-04-10T03:30:00-07:00,66,61,6.7
2025-04-10T04:00:00-07:00,66,60,5.8
2025-04-10T04:30:00-07:00,66,60,5.8
2025-04-10T05:00:00-07:00,67,59,6.1
2025-04-10T05:30:00-07:00,67,59,5.9
2025-04-10T06:00:00-07:00,68,59,5.3
2025-04-10T06:30:00-07:00,70,60,7
2025-04-10T07:00:00-07:00,73,60,9
2025-04-10T07:30:00-07:00,74,60,6.9
2025-04-10T08:00:00-07:00,73,61,10.3
2025-04-10T08:30:00-07:00,70,62,6
2025-04-10T09:00:00-07:00,65,63,2.6
2025-04-10T09:30:00-07:00,61,65,0.7
2025-04-10T10:00:00-07:00,58,67,0.3
2025-04-10T10:30:00-07:00,54,69,0.3
2025-04-10T11:00:00-07:00,49,71,0.4
2025-04-10T11:30:00-07:00,46,73,0.6
2025-04-10T12:00:00-07:00,42,75,1.7
2025-04-10T12:30:00-07:00,38,77,0.2
2025-04-10T13:00:00-07:00,36,78,0.1
2025-04-10T13:30:00-07:00,34,79,0
2025-04-10T14:00:00-07:00,38,77,0.1
2025-04-10T14:30:00-07:00,38,77,0.6
2025-04-10T15:00:00-07:00,40,78,0.8
2025-04-10T15:30:00-07:00,42,77,0.5
2025-04-10T16:00:00-07:00,42,76,0.4
2025-04-10T16:30:00-07:00,42,76,0.2
2025-04-10T17:00:00-07:00,42,75,0.2
2025-04-10T17:30:00-07:00,42,75,0.2
2025-04-10T18:00:00-07:00,42,76,0.3
2025-04-10T18:30:00-07:00,43,76,0.2
2025-04-10T19:00:00-07:00,50,71,0.3
2025-04-10T19:30:00-07:00,57,67,0.2
2025-04-10T20:00:00-07:00,60,66,0.3
2025-04-10T20:30:00-07:00,62,65,0.4
2025-04-10T21:00:00-07:00,65,64,0.7
2025-04-10T21:30:00-07:00,66,64,0.7
2025-04-10T22:00:00-07:00,68,63,0.9
2025-04-10T22:30:00-07:00,70,63,1.1
2025-04-10T23:00:00-07:00,70,63,1.1
2025-04-10T23:30:00-07:00,69,64,1.1
2025-04-11T00:00:00-07:00,68,64,1.2
2025-04-11T00:30:00-07:00,67,64,1.2
2025-04-11T01:00:00-07:00,68,63,1.2
2025-04-11T01:30:00-07:00,67,63,1.3
2025-04-11T02:00:00-07:00,66,62,1.3
2025-04-11T02:30:00-07:00,67,61,1.5
2025-04-11T03:00:00-07:00,68,61,1.3
2025-04-11T03:30:00-07:00,68,61,1.3
2025-04-11T04:00:00-07:00,69,61,1.5
2025-04-11T04:30:00-07:00,70,61,1.5
2025-04-11T05:00:00-07:00,70,61,1.4
2025-04-11T05:30:00-07:00,69,62,1.7
2025-04-11T06:00:00-07:00,69,62,2.4
2025-04-11T06:30:00-07:00,70,61,2.2
2025-04-11T07:00:00-07:00,69,62,2.9
2025-04-11T07:30:00-07:00,69,63,2.7
2025-04-11T08:00:00-07:00,69,64,3.9
2025-04-11T08:30:00-07:00,70,64,1.5
2025-04-11T09:00:00-07:00,65,66,1
2025-04-11T09:30:00-07:00,61,68,0.8
2025-04-11T10:00:00-07:00,57,70,0.9
2025-04-11T10:30:00-07:00,52,73,0.8
2025-04-11T11:00:00-07:00,49,75,0.5
2025-04-11T11:30:00-07:00,46,76,0.3
2025-04-11T12:00:00-07:00,46,77,0.5
2025-04-11T12:30:00-07:00,45,77,0.4
2025-04-11T13:00:00-07:00,46,77,1
2025-04-11T13:30:00-07:00,50,74,1.9
2025-04-11T14:00:00-07:00,49,74,1.9
2025-04-11T14:30:00-07:00,48,74,1.9
2025-04-11T15:00:00-07:00,46,74,2.5
2025-04-11T15:30:00-07:00,48,73,3
2025-04-11T16:00:00-07:00,50,71,3.1
2025-04-11T16:30:00-07:00,51,70,2.9
2025-04-11T17:00:00-07:00,51,69,2.6
2025-04-11T17:30:00-07:00,48,70,2.7
2025-04-11T18:00:00-07:00,48,70,3
2025-04-11T18:30:00-07:00,53,67,2.7
2025-04-11T19:00:00-07:00,59,64,2.7
2025-04-11T19:30:00-07:00,61,62,2.8
2025-04-11T20:00:00-07:00,62,62,3
2025-04-11T20:30:00-07:00,63,61,3.1
2025-04-11T21:00:00-07:00,63,61,3.2
2025-04-11T21:30:00-07:00,62,61,3.3
2025-04-11T22:00:00-07:00,62,61,3.5
2025-04-11T22:30:00-07:00,63,60,4.6
2025-04-11T23:00:00-07:00,64,59,4.4
2025-04-11T23:30:00-07:00,64,59,4.8
2025-04-12T00:00:00-07:00,64,59,5.1
2025-04-12T00:30:00-07:00,65,59,4.9
2025-04-12T01:00:00-07:00,64,58,4.6
2025-04-12T01:30:00-07:00,63,58,4.7
2025-04-12T02:00:00-07:00,65,57,5
2025-04-12T02:30:00-07:00,66,57,5.3
2025-04-12T03:00:00-07:00,65,58,5.1
2025-04-12T03:30:00-07:00,65,58,4.7
2025-04-12T04:00:00-07:00,64,57,4
2025-04-12T04:30:00-07:00,62,57,3.5
2025-04-12T05:00:00-07:00,63,56,3.7
2025-04-12T05:30:00-07:00,63,55,3.5
2025-04-12T06:00:00-07:00,63,55,3.5
2025-04-12T06:30:00-07:00,62,56,3.6
2025-04-12T07:00:00-07:00,62,55,3.6
2025-04-12T07:30:00-07:00,63,56,3.9
2025-04-12T08:00:00-07:00,61,57,3.8
2025-04-12T08:30:00-07:00,57,59,3.4
2025-04-12T09:00:00-07:00,53,61,3.1
2025-04-12T09:30:00-07:00,50,62,3.3
2025-04-12T10:00:00-07:00,49,63,3.7
2025-04-12T10:30:00-07:00,45,66,3.5
2025-04-12T11:00:00-07:00,42,68,3.1
2025-04-12T11:30:00-07:00,38,70,2.7
2025-04-12T12:00:00-07:00,37,71,3.1
2025-04-12T12:30:00-07:00,38,72,3.3
2025-04-12T13:00:00-07:00,38,72,3.1
2025-04-12T13:30:00-07:00,38,72,3.3
2025-04-12T14:00:00-07:00,39,72,3.5
2025-04-12T14:30:00-07:00,40,71,4
2025-04-12T15:00:00-07:00,39,71,3.8
2025-04-12T15:30:00-07:00,39,71,4
2025-04-12T16:00:00-07:00,38,71,4.1
2025-04-12T16:30:00-07:00,38,71,5
2025-04-12T17:00:00-07:00,37,71,4.5
2025-04-12T17:30:00-07:00,37,73,4.1
2025-04-12T18:00:00-07:00,37,74,4.8
2025-04-12T18:30:00-07:00,40,72,5.2
2025-04-12T19:00:00-07:00,46,67,5.7
2025-04-12T19:30:00-07:00,54,62,8.1
2025-04-12T20:00:00-07:00,57,61,12.6
2025-04-12T20:30:00-07:00,60,60,8.4
2025-04-12T21:00:00-07:00,61,59,9.2
2025-04-12T21:30:00-07:00,62,59,8.8
2025-04-12T22:00:00-07:00,62,59,9
2025-04-12T22:30:00-07:00,61,59,8.6
2025-04-12T23:00:00-07:00,61,59,8.6
2025-04-12T23:30:00-07:00,62,58,12.3
2025-04-13T00:00:00-07:00,62,58,8.4
2025-04-13T00:30:00-07:00,63,58,7.9
2025-04-13T01:00:00-07:00,63,57,7.4
2025-04-13T01:30:00-07:00,63,56,7.1
2025-04-13T02:00:00-07:00,63,56,6.4
2025-04-13T02:30:00-07:00,63,55,5.7
2025-04-13T03:00:00-07:00,63,55,5.3
2025-04-13T03:30:00-07:00,62,55,5.4
2025-04-13T04:00:00-07:00,62,54,5.5
2025-04-13T04:30:00-07:00,63,54,5.4
2025-04-13T05:00:00-07:00,63,53,5.3
2025-04-13T05:30:00-07:00,63,53,5.7
2025-04-13T06:00:00-07:00,64,52,5.8
2025-04-13T06:30:00-07:00,65,52,6.1
2025-04-13T07:00:00-07:00,65,53,5.6
2025-04-13T07:30:00-07:00,65,55,4.8
2025-04-13T08:00:00-07:00,63,57,6.4
2025-04-13T08:30:00-07:00,61,60,8.1
2025-04-13T09:00:00-07:00,56,63,8.2
2025-04-13T09:30:00-07:00,51,66,7.7
2025-04-13T10:00:00-07:00,46,68,6.4
2025-04-13T10:30:00-07:00,43,71,6
2025-04-13T11:00:00-07:00,40,72,4.7
2025-04-13T11:30:00-07:00,35,74,4.3
2025-04-13T12:00:00-07:00,32,77,4.5
2025-04-13T12:30:00-07:00,30,79,5
2025-04-13T13:00:00-07:00,30,80,5.1
2025-04-13T13:30:00-07:00,30,80,5.1
2025-04-13T14:00:00-07:00,27,82,4.9
2025-04-13T14:30:00-07:00,26,83,4.8
2025-04-13T15:00:00-07:00,26,84,5
2025-04-13T15:30:00-07:00,26,85,5.3
2025-04-13T16:00:00-07:00,25,87,5.1
2025-04-13T16:30:00-07:00,24,87,5
2025-04-13T17:00:00-07:00,26,86,5.5
2025-04-13T17:30:00-07:00,29,84,6.1
2025-04-13T18:00:00-07:00,29,84,5.3
2025-04-13T18:30:00-07:00,30,82,4.4
2025-04-13T19:00:00-07:00,32,77,3.5
2025-04-13T19:30:00-07:00,37,72,3.5
2025-04-13T20:00:00-07:00,43,71,4.1
2025-04-13T20:30:00-07:00,47,70,4.7
2025-04-13T21:00:00-07:00,45,70,4.6
2025-04-13T21:30:00-07:00,47,69,4.3
2025-04-13T22:00:00-07:00,53,68,4.4
2025-04-13T22:30:00-07:00,54,67,4.7
2025-04-13T23:00:00-07:00,55,66,5.3
2025-04-13T23:30:00-07:00,53,65,6.4
2025-04-14T00:00:00-07:00,53,64,6.7
2025-04-14T00:30:00-07:00,53,63,6.8
2025-04-14T01:00:00-07:00,54,63,7
2025-04-14T01:30:00-07:00,55,62,6.7
2025-04-14T02:00:00-07:00,56,61,6.9
2025-04-14T02:30:00-07:00,56,61,7.3
2025-04-14T03:00:00-07:00,57,60,7.4
2025-04-14T03:30:00-07:00,57,60,7.7
2025-04-14T04:00:00-07:00,58,59,7.7
2025-04-14T04:30:00-07:00,59,59,7.5
2025-04-14T05:00:00-07:00,59,58,7.7
2025-04-14T05:30:00-07:00,60,57,7.4
2025-04-14T06:00:00-07:00,59,57,6.7
2025-04-14T06:30:00-07:00,60,57,6.2
2025-04-14T07:00:00-07:00,61,58,7.7
2025-04-14T07:30:00-07:00,60,60,8.7
2025-04-14T08:00:00-07:00,57,63,9.6
2025-04-14T08:30:00-07:00,53,66,9.5
2025-04-14T09:00:00-07:00,50,69,9
2025-04-14T09:30:00-07:00,50,71,9
2025-04-14T10:00:00-07:00,47,74,8.5
2025-04-14T10:30:00-07:00,46,76,8.5
2025-04-14T11:00:00-07:00,42,78,7.4
2025-04-14T11:30:00-07:00,39,80,7
2025-04-14T12:00:00-07:00,32,81,5.5
2025-04-14T12:30:00-07:00,30,82,5
2025-04-14T13:00:00-07:00,29,83,4.8
2025-04-14T13:30:00-07:00,28,84,4.6
2025-04-14T14:00:00-07:00,26,85,4.6
2025-04-14T14:30:00-07:00,29,84,5
2025-04-14T15:00:00-07:00,35,81,5.5
2025-04-14T15:30:00-07:00,38,79,5.2
2025-04-14T16:00:00-07:00,39,78,5.3
2025-04-14T16:30:00-07:00,40,78,5.7
2025-04-14T17:00:00-07:00,41,76,5.6
2025-04-14T17:30:00-07:00,43,75,6.2
2025-04-14T18:00:00-07:00,41,77,6.3
2025-04-14T18:30:00-07:00,43,76,6.2
2025-04-14T19:00:00-07:00,49,71,6.3
2025-04-14T19:30:00-07:00,56,66,6.8
2025-04-14T20:00:00-07:00,59,64,6.9
2025-04-14T20:30:00-07:00,62,62,7.4
2025-04-14T21:00:00-07:00,63,62,7.4
2025-04-14T21:30:00-07:00,64,61,8
2025-04-14T22:00:00-07:00,65,61,8.1
2025-04-14T22:30:00-07:00,66,60,7.6
2025-04-14T23:00:00-07:00,66,60,8.4
2025-04-14T23:30:00-07:00,67,61,8.3
2025-04-15T00:00:00-07:00,66,61,8
2025-04-15T00:30:00-07:00,65,62,8.4
2025-04-15T01:00:00-07:00,65,62,9
2025-04-15T01:30:00-07:00,66,62,8.1
2025-04-15T02:00:00-07:00,67,62,7.6
2025-04-15T02:30:00-07:00,67,62,6.7
2025-04-15T03:00:00-07:00,66,63,6.7
2025-04-15T03:30:00-07:00,65,63,6.8
2025-04-15T04:00:00-07:00,66,62,5.7
2025-04-15T04:30:00-07:00,67,62,6.6
2025-04-15T05:00:00-07:00,64,62,8.3
2025-04-15T05:30:00-07:00,63,62,6.8
2025-04-15T06:00:00-07:00,62,62,6.8
2025-04-15T06:30:00-07:00,62,62,8.4
2025-04-15T07:00:00-07:00,62,62,8.5
2025-04-15T07:30:00-07:00,61,62,5.6
2025-04-15T08:00:00-07:00,60,63,4.5
2025-04-15T08:30:00-07:00,59,64,4
2025-04-15T09:00:00-07:00,57,65,3.2
2025-04-15T09:30:00-07:00,56,65,3.8
2025-04-15T10:00:00-07:00,54,67,3.9
2025-04-15T10:30:00-07:00,50,69,3.3
2025-04-15T11:00:00-07:00,47,72,2.7
2025-04-15T11:30:00-07:00,44,73,2.7
2025-04-15T12:00:00-07:00,45,73,2.7
2025-04-15T12:30:00-07:00,45,73,2.9
2025-04-15T13:00:00-07:00,44,74,3.3
2025-04-15T13:30:00-07:00,45,73,4.8
2025-04-15T14:00:00-07:00,45,73,5.2
2025-04-15T14:30:00-07:00,44,73,5.5
2025-04-15T15:00:00-07:00,45,73,5.6
2025-04-15T15:30:00-07:00,45,73,5.5
2025-04-15T16:00:00-07:00,44,73,5
2025-04-15T16:30:00-07:00,44,71,4.8
2025-04-15T17:00:00-07:00,46,70,4.7
2025-04-15T17:30:00-07:00,47,68,4.8
2025-04-15T18:00:00-07:00,48,67,4.9
2025-04-15T18:30:00-07:00,51,66,5
2025-04-15T19:00:00-07:00,53,64,5.2
2025-04-15T19:30:00-07:00,55,63,5.2
2025-04-15T20:00:00-07:00,56,63,5.2
2025-04-15T20:30:00-07:00,57,62,5.3
2025-04-15T21:00:00-07:00,57,61,5.4
2025-04-15T21:30:00-07:00,58,61,5.3
2025-04-15T22:00:00-07:00,59,61,5.5
2025-04-15T22:30:00-07:00,60,61,5.6
2025-04-15T23:00:00-07:00,61,61,5.7
2025-04-15T23:30:00-07:00,62,61,5.7
2025-04-16T00:00:00-07:00,63,61,5.7
2025-04-16T00:30:00-07:00,63,61,6
2025-04-16T01:00:00-07:00,63,60,6.1
2025-04-16T01:30:00-07:00,63,61,6.1
2025-04-16T02:00:00-07:00,62,61,5.8
2025-04-16T02:30:00-07:00,61,61,5.5
2025-04-16T03:00:00-07:00,61,60,5.8
2025-04-16T03:30:00-07:00,62,59,6.2
2025-04-16T04:00:00-07:00,64,59,6.3
2025-04-16T04:30:00-07:00,64,59,6.5
2025-04-16T05:00:00-07:00,63,59,6.7
2025-04-16T05:30:00-07:00,63,58,6.7
2025-04-16T06:00:00-07:00,64,57,7.2
2025-04-16T06:30:00-07:00,65,57,8.3
2025-04-16T07:00:00-07:00,66,57,8
2025-04-16T07:30:00-07:00,67,59,6.8
2025-04-16T08:00:00-07:00,65,60,6.4
2025-04-16T08:30:00-07:00,62,61,5.8
2025-04-16T09:00:00-07:00,55,65,5.1
2025-04-16T09:30:00-07:00,51,66,4.5
2025-04-16T10:00:00-07:00,48,67,4.7
2025-04-16T10:30:00-07:00,48,68,5.5
2025-04-16T11:00:00-07:00,48,69,5.3
2025-04-16T11:30:00-07:00,48,69,5.3
2025-04-16T12:00:00-07:00,46,71,5
2025-04-16T12:30:00-07:00,44,72,4.4
2025-04-16T13:00:00-07:00,45,72,4.5
2025-04-16T13:30:00-07:00,45,71,4.2
2025-04-16T14:00:00-07:00,46,71,4.3
2025-04-16T14:30:00-07:00,47,71,4.6
2025-04-16T15:00:00-07:00,48,71,4.6
2025-04-16T15:30:00-07:00,45,70,3.8
2025-04-16T16:00:00-07:00,45,70,3.7
2025-04-16T16:30:00-07:00,46,70,3.8
2025-04-16T17:00:00-07:00,47,69,4
2025-04-16T17:30:00-07:00,47,70,4.5
2025-04-16T18:00:00-07:00,46,70,4.6
2025-04-16T18:30:00-07:00,46,71,4.9
2025-04-16T19:00:00-07:00,50,68,4.7
2025-04-16T19:30:00-07:00,57,64,5.1
2025-04-16T20:00:00-07:00,60,63,5
2025-04-16T20:30:00-07:00,60,63,5.1
2025-04-16T21:00:00-07:00,59,63,5.2
2025-04-16T21:30:00-07:00,59,62,5
2025-04-16T22:00:00-07:00,59,62,4.7
2025-04-16T22:30:00-07:00,59,62,4.8
2025-04-16T23:00:00-07:00,59,62,4.9
2025-04-16T23:30:00-07:00,60,61,4.9
2025-04-17T00:00:00-07:00,59,61,4.4
2025-04-17T00:30:00-07:00,59,61,4.1
2025-04-17T01:00:00-07:00,59,60,3.8
2025-04-17T01:30:00-07:00,60,60,3.9
2025-04-17T02:00:00-07:00,60,61,4.2
2025-04-17T02:30:00-07:00,58,62,4.1
2025-04-17T03:00:00-07:00,59,61,3.8
2025-04-17T03:30:00-07:00,59,62,3.7
2025-04-17T04:00:00-07:00,58,61,3
2025-04-17T04:30:00-07:00,57,61,2.1
2025-04-17T05:00:00-07:00,56,61,2
2025-04-17T05:30:00-07:00,56,62,1.7
2025-04-17T06:00:00-07:00,55,63,1.7
2025-04-17T06:30:00-07:00,57,62,1.4
2025-04-17T07:00:00-07:00,58,62,1.4
2025-04-17T07:30:00-07:00,61,62,1.3
2025-04-17T08:00:00-07:00,63,62,1.5
2025-04-17T08:30:00-07:00,61,63,1.6
2025-04-17T09:00:00-07:00,59,64,1.8
2025-04-17T09:30:00-07:00,58,65,2
2025-04-17T10:00:00-07:00,59,64,1.6
2025-04-17T10:30:00-07:00,56,66,1.8
2025-04-17T11:00:00-07:00,53,68,1.4
2025-04-17T11:30:00-07:00,55,67,1.2
2025-04-17T12:00:00-07:00,56,66,1.3
2025-04-17T12:30:00-07:00,55,66,1.5
2025-04-17T13:00:00-07:00,56,66,1.7
2025-04-17T13:30:00-07:00,56,66,1.4
2025-04-17T14:00:00-07:00,57,65,2.7
2025-04-17T14:30:00-07:00,54,67,3.5
2025-04-17T15:00:00-07:00,54,67,3.8
2025-04-17T15:30:00-07:00,53,67,3.4
2025-04-17T16:00:00-07:00,51,68,2.5
2025-04-17T16:30:00-07:00,48,69,2.5
2025-04-17T17:00:00-07:00,46,71,2.5
2025-04-17T17:30:00-07:00,43,73,2.7
2025-04-17T18:00:00-07:00,40,76,2.7
2025-04-17T18:30:00-07:00,39,75,2.7
2025-04-17T19:00:00-07:00,43,72,2.7
2025-04-17T19:30:00-07:00,51,66,3.3
2025-04-17T20:00:00-07:00,57,63,4.2
2025-04-17T20:30:00-07:00,60,61,4.7
2025-04-17T21:00:00-07:00,63,60,5
2025-04-17T21:30:00-07:00,64,60,5
2025-04-17T22:00:00-07:00,65,59,5.1
2025-04-17T22:30:00-07:00,66,59,5
2025-04-17T23:00:00-07:00,68,59,5.3
2025-04-17T23:30:00-07:00,68,59,4.5
2025-04-18T00:00:00-07:00,67,59,3.8
2025-04-18T00:30:00-07:00,66,60,3.4
2025-04-18T01:00:00-07:00,65,60,3.2
2025-04-18T01:30:00-07:00,65,60,3.1
2025-04-18T02:00:00-07:00,65,60,2.7
2025-04-18T02:30:00-07:00,64,60,3
2025-04-18T03:00:00-07:00,63,61,3.1
2025-04-18T03:30:00-07:00,63,61,2.8
2025-04-18T04:00:00-07:00,63,61,2.5
2025-04-18T04:30:00-07:00,62,61,2
2025-04-18T05:00:00-07:00,62,60,2.9
2025-04-18T05:30:00-07:00,63,60,3
2025-04-18T06:00:00-07:00,63,59,3.2
2025-04-18T06:30:00-07:00,64,60,4.2
2025-04-18T07:00:00-07:00,64,60,4
2025-04-18T07:30:00-07:00,63,60,4
2025-04-18T08:00:00-07:00,63,60,4.9
2025-04-18T08:30:00-07:00,61,61,5
2025-04-18T09:00:00-07:00,60,62,5.9
2025-04-18T09:30:00-07:00,60,62,5.5
2025-04-18T10:00:00-07:00,60,63,6
2025-04-18T10:30:00-07:00,59,64,7.3
2025-04-18T11:00:00-07:00,58,65,7.6
2025-04-18T11:30:00-07:00,56,65,7.3
2025-04-18T12:00:00-07:00,53,68,7.3
2025-04-18T12:30:00-07:00,51,69,7.6
2025-04-18T13:00:00-07:00,49,71,8.2
2025-04-18T13:30:00-07:00,48,72,7.6
2025-04-18T14:00:00-07:00,46,74,7.2
2025-04-18T14:30:00-07:00,44,75,7.6
2025-04-18T15:00:00-07:00,42,76,6.9
2025-04-18T15:30:00-07:00,42,75,6.3
2025-04-18T16:00:00-07:00,44,74,6.3
2025-04-18T16:30:00-07:00,47,72,5.6
2025-04-18T17:00:00-07:00,49,71,5.1
2025-04-18T17:30:00-07:00,47,72,5.2
2025-04-18T18:00:00-07:00,46,74,5.2
2025-04-18T18:30:00-07:00,46,73,5.6
2025-04-18T19:00:00-07:00,50,69,5.4
2025-04-18T19:30:00-07:00,61,62,5.7
2025-04-18T20:00:00-07:00,65,61,6.5
2025-04-18T20:30:00-07:00,66,61,7.2
2025-04-18T21:00:00-07:00,67,61,7.4
2025-04-18T21:30:00-07:00,68,61,7.6
2025-04-18T22:00:00-07:00,67,61,7.8
2025-04-18T22:30:00-07:00,67,61,8.1
2025-04-18T23:00:00-07:00,66,61,8.4
2025-04-18T23:30:00-07:00,66,60,8.4
2025-04-19T00:00:00-07:00,66,59,9.1
2025-04-19T00:30:00-07:00,66,59,10
2025-04-19T01:00:00-07:00,66,58,9.9
2025-04-19T01:30:00-07:00,66,58,10
2025-04-19T02:00:00-07:00,65,57,9.8
2025-04-19T02:30:00-07:00,65,56,9.4
2025-04-19T03:00:00-07:00,66,56,9
2025-04-19T03:30:00-07:00,68,57,9
2025-04-19T04:00:00-07:00,68,58,8.6
2025-04-19T04:30:00-07:00,68,59,8.1
2025-04-19T05:00:00-07:00,68,59,10.5
2025-04-19T05:30:00-07:00,67,60,10.6
2025-04-19T06:00:00-07:00,67,60,10.2
2025-04-19T06:30:00-07:00,66,60,9.4
2025-04-19T07:00:00-07:00,65,60,8.8
2025-04-19T07:30:00-07:00,66,60,8.8
2025-04-19T08:00:00-07:00,65,61,9.7
2025-04-19T08:30:00-07:00,64,62,10.8
2025-04-19T09:00:00-07:00,62,63,13.5
2025-04-19T09:30:00-07:00,60,64,17.2
2025-04-19T10:00:00-07:00,58,65,18.2
2025-04-19T10:30:00-07:00,56,66,18.8
2025-04-19T11:00:00-07:00,51,69,18.7
2025-04-19T11:30:00-07:00,48,70,19
2025-04-19T12:00:00-07:00,45,73,16.7
2025-04-19T12:30:00-07:00,44,73,14.8
2025-04-19T13:00:00-07:00,45,74,12.1
2025-04-19T13:30:00-07:00,42,75,9.5
2025-04-19T14:00:00-07:00,42,74,7.2
2025-04-19T14:30:00-07:00,42,74,6.8
2025-04-19T15:00:00-07:00,44,74,5.5
2025-04-19T15:30:00-07:00,45,73,5.3
2025-04-19T16:00:00-07:00,46,73,5.6
2025-04-19T16:30:00-07:00,48,72,5.8
2025-04-19T17:00:00-07:00,49,71,5.2
2025-04-19T17:30:00-07:00,47,72,4.6
2025-04-19T18:00:00-07:00,46,72,4.9
2025-04-19T18:30:00-07:00,47,70,4.8
2025-04-19T19:00:00-07:00,51,66,4.9
2025-04-19T19:30:00-07:00,60,61,5.9
2025-04-19T20:00:00-07:00,63,59,6.3
2025-04-19T20:30:00-07:00,65,59,6.8
2025-04-19T21:00:00-07:00,65,59,7.6
2025-04-19T21:30:00-07:00,66,59,6.4
2025-04-19T22:00:00-07:00,67,59,5.8
2025-04-19T22:30:00-07:00,67,58,28.5
2025-04-19T23:00:00-07:00,67,59,18
2025-04-19T23:30:00-07:00,67,59,5.6
2025-04-20T00:00:00-07:00,66,59,5.5
2025-04-20T00:30:00-07:00,66,59,6.9
2025-04-20T01:00:00-07:00,66,59,5.7
2025-04-20T01:30:00-07:00,65,60,6.9
2025-04-20T02:00:00-07:00,64,60,7.3
2025-04-20T02:30:00-07:00,64,61,8.3
2025-04-20T03:00:00-07:00,63,60,8.5
2025-04-20T03:30:00-07:00,63,61,8.3
2025-04-20T04:00:00-07:00,63,61,9.2
2025-04-20T04:30:00-07:00,63,61,9.2
2025-04-20T05:00:00-07:00,63,60,11.8
2025-04-20T05:30:00-07:00,64,60,8.9
2025-04-20T06:00:00-07:00,64,60,12.3
2025-04-20T06:30:00-07:00,64,60,15
2025-04-20T07:00:00-07:00,64,61,15.7
2025-04-20T07:30:00-07:00,63,61,14
2025-04-20T08:00:00-07:00,62,62,15.9
2025-04-20T08:30:00-07:00,59,64,16.3
2025-04-20T09:00:00-07:00,57,65,16.2
2025-04-20T09:30:00-07:00,55,66,15.9
2025-04-20T10:00:00-07:00,53,67,13.8
2025-04-20T10:30:00-07:00,50,69,9.8
2025-04-20T11:00:00-07:00,47,70,7.6
2025-04-20T11:30:00-07:00,47,71,7.8
2025-04-20T12:00:00-07:00,46,73,8.2
2025-04-20T12:30:00-07:00,42,75,8.2
2025-04-20T13:00:00-07:00,40,76,7.4
2025-04-20T13:30:00-07:00,40,77,7.7
2025-04-20T14:00:00-07:00,40,77,7.5
2025-04-20T14:30:00-07:00,39,79,7
2025-04-20T15:00:00-07:00,39,79,6.4
2025-04-20T15:30:00-07:00,41,78,6.3
2025-04-20T16:00:00-07:00,40,77,6.4
2025-04-20T16:30:00-07:00,40,77,4.9
2025-04-20T17:00:00-07:00,40,77,4.4
2025-04-20T17:30:00-07:00,38,77,4.3
2025-04-20T18:00:00-07:00,37,78,4.1
2025-04-20T18:30:00-07:00,39,77,4.2
2025-04-20T19:00:00-07:00,44,72,4.7
2025-04-20T19:30:00-07:00,53,66,5.6
2025-04-20T20:00:00-07:00,58,64,6.2
2025-04-20T20:30:00-07:00,61,62,7.3
2025-04-20T21:00:00-07:00,64,61,7.5
2025-04-20T21:30:00-07:00,66,60,7.5
2025-04-20T22:00:00-07:00,67,60,7.8
2025-04-20T22:30:00-07:00,67,59,7.7
2025-04-20T23:00:00-07:00,66,60,7.2
2025-04-20T23:30:00-07:00,65,60,6.8
2025-04-21T00:00:00-07:00,64,59,6.8
2025-04-21T00:30:00-07:00,64,59,7.2
2025-04-21T01:00:00-07:00,64,58,9
2025-04-21T01:30:00-07:00,65,57,8.5
2025-04-21T02:00:00-07:00,64,57,7.1
2025-04-21T02:30:00-07:00,64,56,6.5
2025-04-21T03:00:00-07:00,64,56,6.8
2025-04-21T03:30:00-07:00,64,55,6.2
2025-04-21T04:00:00-07:00,64,55,5.5
2025-04-21T04:30:00-07:00,64,54,5.8
2025-04-21T05:00:00-07:00,64,54,6.6
2025-04-21T05:30:00-07:00,66,55,8.4
2025-04-21T06:00:00-07:00,68,56,10.3
2025-04-21T06:30:00-07:00,69,57,10.8
2025-04-21T07:00:00-07:00,70,59,14.2
2025-04-21T07:30:00-07:00,69,60,17.2
2025-04-21T08:00:00-07:00,67,61,17.3
2025-04-21T08:30:00-07:00,64,62,16.8
2025-04-21T09:00:00-07:00,61,64,16.7
2025-04-21T09:30:00-07:00,56,67,15.3
2025-04-21T10:00:00-07:00,52,70,13.5
2025-04-21T10:30:00-07:00,48,71,11.8
2025-04-21T11:00:00-07:00,45,73,10.4
2025-04-21T11:30:00-07:00,45,75,11.3
2025-04-21T12:00:00-07:00,45,76,11.7
2025-04-21T12:30:00-07:00,43,78,12
2025-04-21T13:00:00-07:00,43,79,12.1
2025-04-21T13:30:00-07:00,40,80,11
2025-04-21T14:00:00-07:00,38,82,10.9
2025-04-21T14:30:00-07:00,36,83,9.6
2025-04-21T15:00:00-07:00,34,83,7.8
2025-04-21T15:30:00-07:00,34,83,7.7
2025-04-21T16:00:00-07:00,36,84,7.8
2025-04-21T16:30:00-07:00,36,83,6.9
2025-04-21T17:00:00-07:00,37,83,7
2025-04-21T17:30:00-07:00,39,83,8
2025-04-21T18:00:00-07:00,38,83,7.7
2025-04-21T18:30:00-07:00,39,82,7.3
2025-04-21T19:00:00-07:00,44,78,6.7
2025-04-21T19:30:00-07:00,52,71,6.3
2025-04-21T20:00:00-07:00,57,69,6.9
2025-04-21T20:30:00-07:00,58,68,6.7
2025-04-21T21:00:00-07:00,59,67,6.3
2025-04-21T21:30:00-07:00,59,67,6.4
2025-04-21T22:00:00-07:00,59,67,6.1
2025-04-21T22:30:00-07:00,59,66,6.1
2025-04-21T23:00:00-07:00,60,65,6.5
2025-04-21T23:30:00-07:00,60,64,6.9
2025-04-22T00:00:00-07:00,61,64,7.3
2025-04-22T00:30:00-07:00,62,62,7.6
2025-04-22T01:00:00-07:00,62,62,7.7
2025-04-22T01:30:00-07:00,63,61,8
2025-04-22T02:00:00-07:00,63,61,9.3
2025-04-22T02:30:00-07:00,63,60,9.1
2025-04-22T03:00:00-07:00,63,59,9.1
2025-04-22T03:30:00-07:00,64,59,9.3
2025-04-22T04:00:00-07:00,65,59,9.1
2025-04-22T04:30:00-07:00,67,58,9.2
2025-04-22T05:00:00-07:00,70,58,8.4
2025-04-22T05:30:00-07:00,70,58,7.7
2025-04-22T06:00:00-07:00,70,58,7
2025-04-22T06:30:00-07:00,69,59,7.3
2025-04-22T07:00:00-07:00,68,61,10
2025-04-22T07:30:00-07:00,67,62,12.1
2025-04-22T08:00:00-07:00,64,63,12.9
2025-04-22T08:30:00-07:00,61,65,15.3
2025-04-22T09:00:00-07:00,58,67,15.4
2025-04-22T09:30:00-07:00,54,69,12.1
2025-04-22T10:00:00-07:00,49,72,10.5
2025-04-22T10:30:00-07:00,50,73,11.4
2025-04-22T11:00:00-07:00,48,74,11.4
2025-04-22T11:30:00-07:00,48,75,11.1
2025-04-22T12:00:00-07:00,46,76,10.3
2025-04-22T12:30:00-07:00,45,77,9.8
2025-04-22T13:00:00-07:00,44,77,9.2
2025-04-22T13:30:00-07:00,43,78,7.4
2025-04-22T14:00:00-07:00,42,79,6.9
2025-04-22T14:30:00-07:00,42,77,5.8
2025-04-22T15:00:00-07:00,43,77,5.6
2025-04-22T15:30:00-07:00,42,77,5.5
2025-04-22T16:00:00-07:00,42,76,5.8
2025-04-22T16:30:00-07:00,45,74,5.8
2025-04-22T17:00:00-07:00,47,73,5.9
2025-04-22T17:30:00-07:00,48,73,5.9
2025-04-22T18:00:00-07:00,45,75,6.2
2025-04-22T18:30:00-07:00,42,75,5
2025-04-22T19:00:00-07:00,44,70,4.9
2025-04-22T19:30:00-07:00,50,65,5.7
2025-04-22T20:00:00-07:00,54,63,6.3
2025-04-22T20:30:00-07:00,55,63,6.3
2025-04-22T21:00:00-07:00,57,62,6.1
2025-04-22T21:30:00-07:00,58,61,6.7
2025-04-22T22:00:00-07:00,60,60,8.7
2025-04-22T22:30:00-07:00,60,60,6.3
2025-04-22T23:00:00-07:00,61,59,6.2
2025-04-22T23:30:00-07:00,62,58,6.7
2025-04-23T00:00:00-07:00,63,58,6.7
2025-04-23T00:30:00-07:00,62,58,6.9
2025-04-23T01:00:00-07:00,64,57,7.1
2025-04-23T01:30:00-07:00,66,57,7.5
2025-04-23T02:00:00-07:00,66,57,7.3
2025-04-23T02:30:00-07:00,67,57,7.2
2025-04-23T03:00:00-07:00,66,57,7.1
2025-04-23T03:30:00-07:00,66,56,7.3
2025-04-23T04:00:00-07:00,66,56,7.2
2025-04-23T04:30:00-07:00,66,56,6.8
2025-04-23T05:00:00-07:00,65,57,6.4
2025-04-23T05:30:00-07:00,65,57,6.7
2025-04-23T06:00:00-07:00,65,57,6.7
2025-04-23T06:30:00-07:00,66,56,6.6
2025-04-23T07:00:00-07:00,66,57,6.6
2025-04-23T07:30:00-07:00,64,57,6
2025-04-23T08:00:00-07:00,61,58,5.5
2025-04-23T08:30:00-07:00,59,60,5.2
2025-04-23T09:00:00-07:00,57,60,4.9
2025-04-23T09:30:00-07:00,54,62,4.9
2025-04-23T10:00:00-07:00,53,63,5.4
2025-04-23T10:30:00-07:00,50,64,5
2025-04-23T11:00:00-07:00,48,66,4.9
2025-04-23T11:30:00-07:00,47,66,4.7
2025-04-23T12:00:00-07:00,47,67,4.9
2025-04-23T12:30:00-07:00,45,68,4.8
2025-04-23T13:00:00-07:00,45,69,4.7
2025-04-23T13:30:00-07:00,44,68,4.6
2025-04-23T14:00:00-07:00,45,69,5.2
2025-04-23T14:30:00-07:00,46,69,5.4
2025-04-23T15:00:00-07:00,47,68,5.5
2025-04-23T15:30:00-07:00,48,67,6.1
2025-04-23T16:00:00-07:00,49,66,5.5
2025-04-23T16:30:00-07:00,49,67,5.6
2025-04-23T17:00:00-07:00,49,66,5.8
2025-04-23T17:30:00-07:00,50,66,6
2025-04-23T18:00:00-07:00,50,66,5.7
2025-04-23T18:30:00-07:00,52,64,5.8
2025-04-23T19:00:00-07:00,56,61,5.9
2025-04-23T19:30:00-07:00,58,60,5.8
2025-04-23T20:00:00-07:00,59,59,5.8
2025-04-23T20:30:00-07:00,60,59,6.1
2025-04-23T21:00:00-07:00,60,59,6.2
2025-04-23T21:30:00-07:00,61,59,6.8
2025-04-23T22:00:00-07:00,61,59,6.6
2025-04-23T22:30:00-07:00,60,59,6.6
2025-04-23T23:00:00-07:00,59,59,6.9
2025-04-23T23:30:00-07:00,59,59,6.7
2025-04-24T00:00:00-07:00,59,59,6.5
2025-04-24T00:30:00-07:00,59,59,6.7
2025-04-24T01:00:00-07:00,59,60,6.7
2025-04-24T01:30:00-07:00,59,59,6.7
2025-04-24T02:00:00-07:00,59,59,6.6
2025-04-24T02:30:00-07:00,60,59,6.8
2025-04-24T03:00:00-07:00,60,59,6.3
2025-04-24T03:30:00-07:00,60,58,6
2025-04-24T04:00:00-07:00,61,58,5.9
2025-04-24T04:30:00-07:00,62,58,5.7
2025-04-24T05:00:00-07:00,62,58,5.9
2025-04-24T05:30:00-07:00,62,58,5.5
2025-04-24T06:00:00-07:00,62,58,5.1
2025-04-24T06:30:00-07:00,62,58,5.2
2025-04-24T07:00:00-07:00,62,58,5.1
2025-04-24T07:30:00-07:00,60,58,5.1
2025-04-24T08:00:00-07:00,59,59,5.1
2025-04-24T08:30:00-07:00,58,59,5
2025-04-24T09:00:00-07:00,58,59,4.9
2025-04-24T09:30:00-07:00,58,59,4.9
2025-04-24T10:00:00-07:00,58,59,4.8
2025-04-24T10:30:00-07:00,56,60,4.7
2025-04-24T11:00:00-07:00,55,61,4.7
2025-04-24T11:30:00-07:00,54,61,4.2
2025-04-24T12:00:00-07:00,53,61,4.3
2025-04-24T12:30:00-07:00,54,61,4.4
2025-04-24T13:00:00-07:00,53,61,4.2
2025-04-24T13:30:00-07:00,51,62,3.7
2025-04-24T14:00:00-07:00,51,62,3.8
2025-04-24T14:30:00-07:00,51,62,3.7
2025-04-24T15:00:00-07:00,51,62,3.7
2025-04-24T15:30:00-07:00,51,62,3.5
2025-04-24T16:00:00-07:00,52,61,3.4
2025-04-24T16:30:00-07:00,51,61,3.1
2025-04-24T17:00:00-07:00,50,61,2.9
2025-04-24T17:30:00-07:00,49,61,2.8
2025-04-24T18:00:00-07:00,50,61,2.6
2025-04-24T18:30:00-07:00,51,60,2.7
2025-04-24T19:00:00-07:00,52,60,2.8
2025-04-24T19:30:00-07:00,54,59,2.8
2025-04-24T20:00:00-07:00,55,59,2.9
2025-04-24T20:30:00-07:00,55,59,2.9
2025-04-24T21:00:00-07:00,56,59,2.9
2025-04-24T21:30:00-07:00,57,58,3.1
2025-04-24T22:00:00-07:00,57,59,3.6
2025-04-24T22:30:00-07:00,57,59,2.8
2025-04-24T23:00:00-07:00,58,58,2.8
2025-04-24T23:30:00-07:00,58,58,2.7
2025-04-25T00:00:00-07:00,58,59,3
2025-04-25T00:30:00-07:00,61,58,2.9
2025-04-25T01:00:00-07:00,60,58,2.6
2025-04-25T01:30:00-07:00,56,58,2.5
2025-04-25T02:00:00-07:00,56,58,2.4
2025-04-25T02:30:00-07:00,57,58,2.5
2025-04-25T03:00:00-07:00,58,58,2.5
2025-04-25T03:30:00-07:00,58,58,2.5
2025-04-25T04:00:00-07:00,58,58,2.5
2025-04-25T04:30:00-07:00,59,58,2.6
2025-04-25T05:00:00-07:00,59,58,2.6
2025-04-25T05:30:00-07:00,61,58,2.6
2025-04-25T06:00:00-07:00,60,58,2.6
2025-04-25T06:30:00-07:00,59,58,2.5
2025-04-25T07:00:00-07:00,58,58,2.4
2025-04-25T07:30:00-07:00,58,59,2.4
2025-04-25T08:00:00-07:00,57,60,2.1
2025-04-25T08:30:00-07:00,55,60,2
2025-04-25T09:00:00-07:00,54,60,1.8
2025-04-25T09:30:00-07:00,50,62,1.8
2025-04-25T10:00:00-07:00,49,63,1.9
2025-04-25T10:30:00-07:00,49,62,1.9
2025-04-25T11:00:00-07:00,45,64,1.7
2025-04-25T11:30:00-07:00,43,66,1.6
2025-04-25T12:00:00-07:00,41,66,1.6
2025-04-25T12:30:00-07:00,41,67,1.6
2025-04-25T13:00:00-07:00,40,67,1.2
2025-04-25T13:30:00-07:00,51,64,2
2025-04-25T14:00:00-07:00,53,63,1.6
2025-04-25T14:30:00-07:00,52,63,1.1
2025-04-25T15:00:00-07:00,50,65,1.4
2025-04-25T15:30:00-07:00,45,66,1.5
2025-04-25T16:00:00-07:00,46,65,1.5
2025-04-25T16:30:00-07:00,43,65,0.7
2025-04-25T17:00:00-07:00,44,65,0.8
2025-04-25T17:30:00-07:00,48,64,0.9
2025-04-25T18:00:00-07:00,51,63,1.2
2025-04-25T18:30:00-07:00,52,62,0.9
2025-04-25T19:00:00-07:00,55,60,0.9
2025-04-25T19:30:00-07:00,58,60,0.8
2025-04-25T20:00:00-07:00,56,61,0.9
2025-04-25T20:30:00-07:00,57,61,1.5
2025-04-25T21:00:00-07:00,54,60,0.8
2025-04-25T21:30:00-07:00,52,60,0.7
2025-04-25T22:00:00-07:00,53,59,0.9
2025-04-25T22:30:00-07:00,55,59,1.3
2025-04-25T23:00:00-07:00,57,59,1.3
2025-04-25T23:30:00-07:00,57,59,1.3
2025-04-26T00:00:00-07:00,58,58,1.5
2025-04-26T00:30:00-07:00,59,57,2.8
2025-04-26T01:00:00-07:00,61,57,3.6
2025-04-26T01:30:00-07:00,62,57,2.8
2025-04-26T02:00:00-07:00,63,57,2.3
2025-04-26T02:30:00-07:00,63,57,2.1
2025-04-26T03:00:00-07:00,63,56,1.9
2025-04-26T03:30:00-07:00,62,55,1.3
2025-04-26T04:00:00-07:00,62,55,1.2
2025-04-26T04:30:00-07:00,62,54,1.5
2025-04-26T05:00:00-07:00,62,54,1.4
2025-04-26T05:30:00-07:00,63,53,1.6
2025-04-26T06:00:00-07:00,63,53,1.8
2025-04-26T06:30:00-07:00,63,53,1.7
2025-04-26T07:00:00-07:00,65,53,2.2
2025-04-26T07:30:00-07:00,65,55,2.4
2025-04-26T08:00:00-07:00,64,57,2.9
2025-04-26T08:30:00-07:00,61,59,3.1
2025-04-26T09:00:00-07:00,58,60,2.6
2025-04-26T09:30:00-07:00,55,61,2.5
2025-04-26T10:00:00-07:00,52,62,2.2
2025-04-26T10:30:00-07:00,51,64,2.1
2025-04-26T11:00:00-07:00,49,64,1.9
2025-04-26T11:30:00-07:00,46,66,1.7
2025-04-26T12:00:00-07:00,40,69,1
2025-04-26T12:30:00-07:00,38,70,0.9
2025-04-26T13:00:00-07:00,41,71,1.4
2025-04-26T13:30:00-07:00,44,68,1.2
2025-04-26T14:00:00-07:00,43,69,1
2025-04-26T14:30:00-07:00,44,70,1
2025-04-26T15:00:00-07:00,46,69,1.1
2025-04-26T15:30:00-07:00,49,66,0.9
2025-04-26T16:00:00-07:00,51,66,1.7
2025-04-26T16:30:00-07:00,55,64,2.2
2025-04-26T17:00:00-07:00,57,63,2.7
2025-04-26T17:30:00-07:00,58,61,2.3
2025-04-26T18:00:00-07:00,58,61,1.9
2025-04-26T18:30:00-07:00,59,61,1.8
2025-04-26T19:00:00-07:00,60,60,1.6
2025-04-26T19:30:00-07:00,61,60,1
2025-04-26T20:00:00-07:00,62,59,0.8
2025-04-26T20:30:00-07:00,63,59,0.6
2025-04-26T21:00:00-07:00,65,60,0.8
2025-04-26T21:30:00-07:00,65,60,0.8
2025-04-26T22:00:00-07:00,65,59,0.4
2025-04-26T22:30:00-07:00,65,59,0.1
2025-04-26T23:00:00-07:00,64,60,0.4
2025-04-26T23:30:00-07:00,65,60,0.4
2025-04-27T00:00:00-07:00,65,59,0.1
2025-04-27T00:30:00-07:00,66,59,0.3
2025-04-27T01:00:00-07:00,66,59,0.2
2025-04-27T01:30:00-07:00,69,59,0.2
2025-04-27T02:00:00-07:00,67,59,0.4
2025-04-27T02:30:00-07:00,66,59,0.3
2025-04-27T03:00:00-07:00,66,59,0.4
2025-04-27T03:30:00-07:00,65,59,0.4
2025-04-27T04:00:00-07:00,66,59,0.2
2025-04-27T04:30:00-07:00,65,60,0.2
2025-04-27T05:00:00-07:00,64,60,0.6
2025-04-27T05:30:00-07:00,64,59,1.3
2025-04-27T06:00:00-07:00,64,59,1.8
2025-04-27T06:30:00-07:00,64,60,1.9
2025-04-27T07:00:00-07:00,64,60,2.4
2025-04-27T07:30:00-07:00,66,59,2.7
2025-04-27T08:00:00-07:00,69,59,5.8
2025-04-27T08:30:00-07:00,71,59,7
2025-04-27T09:00:00-07:00,68,59,7.2
2025-04-27T09:30:00-07:00,66,59,6.9
2025-04-27T10:00:00-07:00,62,61,6.7
2025-04-27T10:30:00-07:00,59,61,5.7
2025-04-27T11:00:00-07:00,59,61,5.8
2025-04-27T11:30:00-07:00,58,62,6.1
2025-04-27T12:00:00-07:00,56,63,6.1
2025-04-27T12:30:00-07:00,53,64,5.8
2025-04-27T13:00:00-07:00,52,65,5.9
2025-04-27T13:30:00-07:00,52,65,5.5
2025-04-27T14:00:00-07:00,50,66,5.2
2025-04-27T14:30:00-07:00,49,66,5.6
2025-04-27T15:00:00-07:00,49,66,5.6
2025-04-27T15:30:00-07:00,49,66,5.7
2025-04-27T16:00:00-07:00,49,67,5.6
2025-04-27T16:30:00-07:00,48,67,5.6
2025-04-27T17:00:00-07:00,49,67,5.4
2025-04-27T17:30:00-07:00,49,67,5.5
2025-04-27T18:00:00-07:00,53,66,5.6
2025-04-27T18:30:00-07:00,52,67,6.4
2025-04-27T19:00:00-07:00,51,68,6.5
2025-04-27T19:30:00-07:00,56,64,7
2025-04-27T20:00:00-07:00,61,61,6.9
2025-04-27T20:30:00-07:00,63,60,6.2
2025-04-27T21:00:00-07:00,65,59,6.4
2025-04-27T21:30:00-07:00,65,59,6.2
2025-04-27T22:00:00-07:00,66,58,7
2025-04-27T22:30:00-07:00,66,58,7.3
2025-04-27T23:00:00-07:00,64,58,7.3
2025-04-27T23:30:00-07:00,64,57,7.7
2025-04-28T00:00:00-07:00,64,57,7.4
2025-04-28T00:30:00-07:00,64,56,7.1
2025-04-28T01:00:00-07:00,64,56,6.9
2025-04-28T01:30:00-07:00,64,55,7.1
2025-04-28T02:00:00-07:00,65,55,7.3
2025-04-28T02:30:00-07:00,65,54,7.3
2025-04-28T03:00:00-07:00,65,54,7
2025-04-28T03:30:00-07:00,65,54,7
2025-04-28T04:00:00-07:00,65,53,7
2025-04-28T04:30:00-07:00,67,53,6.5
2025-04-28T05:00:00-07:00,67,53,6.3
2025-04-28T05:30:00-07:00,66,52,6.5
2025-04-28T06:00:00-07:00,66,52,6.8
2025-04-28T06:30:00-07:00,66,52,7.6
2025-04-28T07:00:00-07:00,68,54,10.2
2025-04-28T07:30:00-07:00,69,56,9.6
2025-04-28T08:00:00-07:00,66,58,9.8
2025-04-28T08:30:00-07:00,63,61,8.8
2025-04-28T09:00:00-07:00,58,63,9.2
2025-04-28T09:30:00-07:00,55,65,8.5
2025-04-28T10:00:00-07:00,52,68,8.1
2025-04-28T10:30:00-07:00,50,69,8.2
2025-04-28T11:00:00-07:00,48,70,6.6
2025-04-28T11:30:00-07:00,47,71,6.1
2025-04-28T12:00:00-07:00,44,73,5.8
2025-04-28T12:30:00-07:00,43,74,6.1
2025-04-28T13:00:00-07:00,41,75,4.8
2025-04-28T13:30:00-07:00,41,76,5
2025-04-28T14:00:00-07:00,41,76,4.9
2025-04-28T14:30:00-07:00,41,76,4.4
2025-04-28T15:00:00-07:00,41,75,3.9
2025-04-28T15:30:00-07:00,41,74,4.1
2025-04-28T16:00:00-07:00,42,73,4
2025-04-28T16:30:00-07:00,43,72,4.2
2025-04-28T17:00:00-07:00,42,73,4
2025-04-28T17:30:00-07:00,43,74,3.8
2025-04-28T18:00:00-07:00,41,76,3.9
2025-04-28T18:30:00-07:00,40,77,3.8
2025-04-28T19:00:00-07:00,42,74,3.6
2025-04-28T19:30:00-07:00,53,67,3.9
2025-04-28T20:00:00-07:00,56,64,4.5
2025-04-28T20:30:00-07:00,59,62,4.3
2025-04-28T21:00:00-07:00,62,61,4.4
2025-04-28T21:30:00-07:00,65,61,4.4
2025-04-28T22:00:00-07:00,66,61,4.7
2025-04-28T22:30:00-07:00,66,61,5.2
2025-04-28T23:00:00-07:00,63,61,5.1
2025-04-28T23:30:00-07:00,62,60,5.4
2025-04-29T00:00:00-07:00,62,60,5.4
2025-04-29T00:30:00-07:00,62,59,5.6
2025-04-29T01:00:00-07:00,62,59,5.3
2025-04-29T01:30:00-07:00,63,58,5.5
2025-04-29T02:00:00-07:00,63,58,5.7
2025-04-29T02:30:00-07:00,63,57,5.3
2025-04-29T03:00:00-07:00,63,57,5.2
2025-04-29T03:30:00-07:00,64,56,5.1
2025-04-29T04:00:00-07:00,64,56,5
2025-04-29T04:30:00-07:00,64,55,4.8
2025-04-29T05:00:00-07:00,64,55,4.7
2025-04-29T05:30:00-07:00,65,55,4.7
2025-04-29T06:00:00-07:00,65,55,4.8
2025-04-29T06:30:00-07:00,65,55,5
2025-04-29T07:00:00-07:00,66,57,6.3
2025-04-29T07:30:00-07:00,67,59,7.6
2025-04-29T08:00:00-07:00,66,61,9.2
2025-04-29T08:30:00-07:00,61,64,10.1
2025-04-29T09:00:00-07:00,56,66,10.5
2025-04-29T09:30:00-07:00,52,69,10.9
2025-04-29T10:00:00-07:00,49,71,10.5
2025-04-29T10:30:00-07:00,46,74,7.9
2025-04-29T11:00:00-07:00,44,75,7.1
2025-04-29T11:30:00-07:00,45,77,7.5
2025-04-29T12:00:00-07:00,43,78,7.2
2025-04-29T12:30:00-07:00,39,80,6.9
2025-04-29T13:00:00-07:00,37,81,6.1
2025-04-29T13:30:00-07:00,35,83,5
2025-04-29T14:00:00-07:00,32,84,3.9
2025-04-29T14:30:00-07:00,31,85,4.5
2025-04-29T15:00:00-07:00,31,85,5.5
2025-04-29T15:30:00-07:00,31,85,5.2
2025-04-29T16:00:00-07:00,32,85,5
2025-04-29T16:30:00-07:00,34,83,5.7
2025-04-29T17:00:00-07:00,35,83,5.8
2025-04-29T17:30:00-07:00,35,82,5.1
2025-04-29T18:00:00-07:00,35,80,4.5
2025-04-29T18:30:00-07:00,41,76,4.4
2025-04-29T19:00:00-07:00,42,74,4.3
2025-04-29T19:30:00-07:00,51,69,4.7
2025-04-29T20:00:00-07:00,58,65,5.3
2025-04-29T20:30:00-07:00,61,63,5.9
2025-04-29T21:00:00-07:00,62,63,6.3
2025-04-29T21:30:00-07:00,64,61,7
2025-04-29T22:00:00-07:00,65,62,7.7
2025-04-29T22:30:00-07:00,64,61,7.8
2025-04-29T23:00:00-07:00,65,61,7.3
2025-04-29T23:30:00-07:00,66,61,7.7
2025-04-30T00:00:00-07:00,65,61,8
2025-04-30T00:30:00-07:00,65,61,8.1
2025-04-30T01:00:00-07:00,67,60,8
2025-04-30T01:30:00-07:00,67,60,8
2025-04-30T02:00:00-07:00,68,60,7.7
2025-04-30T02:30:00-07:00,67,60,7.5
2025-04-30T03:00:00-07:00,66,60,7.4
2025-04-30T03:30:00-07:00,66,60,7.4
2025-04-30T04:00:00-07:00,65,59,6.9
2025-04-30T04:30:00-07:00,66,59,7.2
2025-04-30T05:00:00-07:00,66,59,7.5
2025-04-30T05:30:00-07:00,66,58,7.5
2025-04-30T06:00:00-07:00,66,58,7.4
2025-04-30T06:30:00-07:00,68,60,8.4
2025-04-30T07:00:00-07:00,68,61,9.1
2025-04-30T07:30:00-07:00,67,62,9.6
2025-04-30T08:00:00-07:00,66,63,10.2
2025-04-30T08:30:00-07:00,64,65,10.5
2025-04-30T09:00:00-07:00,60,66,11.4
2025-04-30T09:30:00-07:00,57,68,15.1
2025-04-30T10:00:00-07:00,53,70,17.3
2025-04-30T10:30:00-07:00,50,72,16.8
2025-04-30T11:00:00-07:00,46,74,16
2025-04-30T11:30:00-07:00,44,76,15.6
2025-04-30T12:00:00-07:00,42,77,15.2
2025-04-30T12:30:00-07:00,41,79,13.3
2025-04-30T13:00:00-07:00,41,80,11.9
2025-04-30T13:30:00-07:00,41,81,9.9
2025-04-30T14:00:00-07:00,39,81,7.6
2025-04-30T14:30:00-07:00,38,82,7.7
2025-04-30T15:00:00-07:00,39,82,7.5
2025-04-30T15:30:00-07:00,39,81,7.7
2025-04-30T16:00:00-07:00,41,80,7.6
2025-04-30T16:30:00-07:00,42,78,7.9
2025-04-30T17:00:00-07:00,41,78,7
2025-04-30T17:30:00-07:00,42,77,6.4
2025-04-30T18:00:00-07:00,39,80,6.7
2025-04-30T18:30:00-07:00,40,78,6.5
2025-04-30T19:00:00-07:00,42,75,5.9
2025-04-30T19:30:00-07:00,47,71,6.6
2025-04-30T20:00:00-07:00,52,69,7.9
2025-04-30T20:30:00-07:00,55,67,8.6
2025-04-30T21:00:00-07:00,58,66,9.3
2025-04-30T21:30:00-07:00,60,64,8.9
2025-04-30T22:00:00-07:00,61,63,9.2
2025-04-30T22:30:00-07:00,63,62,9.4
2025-04-30T23:00:00-07:00,64,62,9.8
2025-04-30T23:30:00-07:00,65,62,9.6
2025-05-01T00:00:00-07:00,66,61,9.6
2025-05-01T00:30:00-07:00,67,61,8.8
2025-05-01T01:00:00-07:00,67,61,8.4
2025-05-01T01:30:00-07:00,67,61,8.4
2025-05-01T02:00:00-07:00,67,61,8.3
2025-05-01T02:30:00-07:00,68,61,7.7
2025-05-01T03:00:00-07:00,70,61,5
2025-05-01T03:30:00-07:00,70,61,4.8
2025-05-01T04:00:00-07:00,70,61,5.4
2025-05-01T04:30:00-07:00,69,62,5.7
2025-05-01T05:00:00-07:00,67,63,6.7
2025-05-01T05:30:00-07:00,66,63,9.7
2025-05-01T06:00:00-07:00,66,63,10.9
2025-05-01T06:30:00-07:00,66,62,9.4
2025-05-01T07:00:00-07:00,66,62,9.3
2025-05-01T07:30:00-07:00,66,63,10
2025-05-01T08:00:00-07:00,64,63,10.4
2025-05-01T08:30:00-07:00,63,64,11.8
2025-05-01T09:00:00-07:00,61,65,10.4
2025-05-01T09:30:00-07:00,59,67,11.8
2025-05-01T10:00:00-07:00,54,69,12
2025-05-01T10:30:00-07:00,52,70,11.7
2025-05-01T11:00:00-07:00,48,73,9.3
2025-05-01T11:30:00-07:00,46,75,7.9
2025-05-01T12:00:00-07:00,44,76,6.1
2025-05-01T12:30:00-07:00,43,76,5.5
2025-05-01T13:00:00-07:00,43,77,4.8
2025-05-01T13:30:00-07:00,42,77,5.4
2025-05-01T14:00:00-07:00,43,77,6.7
2025-05-01T14:30:00-07:00,43,76,7.6
2025-05-01T15:00:00-07:00,43,76,7.4
2025-05-01T15:30:00-07:00,43,76,7.6
2025-05-01T16:00:00-07:00,43,75,7.1
2025-05-01T16:30:00-07:00,43,75,7.1
2025-05-01T17:00:00-07:00,43,74,6.6
2025-05-01T17:30:00-07:00,45,73,6.4
2025-05-01T18:00:00-07:00,43,75,6.2
2025-05-01T18:30:00-07:00,44,73,6
2025-05-01T19:00:00-07:00,48,69,6
2025-05-01T19:30:00-07:00,57,63,6.1
2025-05-01T20:00:00-07:00,62,61,7
2025-05-01T20:30:00-07:00,64,60,7.6
2025-05-01T21:00:00-07:00,65,60,7.9
2025-05-01T21:30:00-07:00,66,59,8.4
2025-05-01T22:00:00-07:00,67,59,9.2
2025-05-01T22:30:00-07:00,67,59,9.9
2025-05-01T23:00:00-07:00,69,58,10.1
2025-05-01T23:30:00-07:00,69,58,9.7
2025-05-02T00:00:00-07:00,68,59,10.1
2025-05-02T00:30:00-07:00,69,59,10.4
2025-05-02T01:00:00-07:00,68,59,9.3
2025-05-02T01:30:00-07:00,68,58,7.7
2025-05-02T02:00:00-07:00,69,58,7.1
2025-05-02T02:30:00-07:00,69,58,7.9
2025-05-02T03:00:00-07:00,69,58,8.3
2025-05-02T03:30:00-07:00,69,58,8.4
2025-05-02T04:00:00-07:00,68,58,8.2
2025-05-02T04:30:00-07:00,67,58,8.5
2025-05-02T05:00:00-07:00,66,59,8.7
2025-05-02T05:30:00-07:00,65,59,8.1
2025-05-02T06:00:00-07:00,64,59,8
2025-05-02T06:30:00-07:00,64,59,7.8
2025-05-02T07:00:00-07:00,64,59,8.1
2025-05-02T07:30:00-07:00,62,59,8.1
2025-05-02T08:00:00-07:00,61,60,7.6
2025-05-02T08:30:00-07:00,57,62,7.8
2025-05-02T09:00:00-07:00,56,63,8.1
2025-05-02T09:30:00-07:00,53,63,8.3
2025-05-02T10:00:00-07:00,51,65,7.3
2025-05-02T10:30:00-07:00,51,66,5.4
2025-05-02T11:00:00-07:00,47,67,4.4
2025-05-02T11:30:00-07:00,48,67,3.4
2025-05-02T12:00:00-07:00,49,68,2.9
2025-05-02T12:30:00-07:00,50,69,2.6
2025-05-02T13:00:00-07:00,51,69,2.3
2025-05-02T13:30:00-07:00,52,69,2.4
2025-05-02T14:00:00-07:00,51,70,1.8
2025-05-02T14:30:00-07:00,50,70,0.8
2025-05-02T15:00:00-07:00,52,69,0.8
2025-05-02T15:30:00-07:00,51,70,0.6
2025-05-02T16:00:00-07:00,51,69,0.3
2025-05-02T16:30:00-07:00,53,69,0.6
2025-05-02T17:00:00-07:00,54,68,0.6
2025-05-02T17:30:00-07:00,52,69,0.8
2025-05-02T18:00:00-07:00,55,66,1.5
2025-05-02T18:30:00-07:00,56,65,1.7
2025-05-02T19:00:00-07:00,60,63,1.8
2025-05-02T19:30:00-07:00,62,62,1.8
2025-05-02T20:00:00-07:00,62,62,1.9
2025-05-02T20:30:00-07:00,62,61,2
2025-05-02T21:00:00-07:00,62,62,1.9
2025-05-02T21:30:00-07:00,62,62,1.7
2025-05-02T22:00:00-07:00,61,62,1.7
2025-05-02T22:30:00-07:00,61,62,1.7
2025-05-02T23:00:00-07:00,62,61,1.9
2025-05-02T23:30:00-07:00,62,61,1.8
2025-05-03T00:00:00-07:00,63,61,1.7
2025-05-03T00:30:00-07:00,63,62,1.8
2025-05-03T01:00:00-07:00,64,61,1.8
2025-05-03T01:30:00-07:00,64,61,2.1
2025-05-03T02:00:00-07:00,64,62,2
2025-05-03T02:30:00-07:00,66,61,2.3
2025-05-03T03:00:00-07:00,67,61,1.9
2025-05-03T03:30:00-07:00,67,61,1.4
2025-05-03T04:00:00-07:00,67,61,1.1
2025-05-03T04:30:00-07:00,68,60,0.7
2025-05-03T05:00:00-07:00,69,60,0.7
2025-05-03T05:30:00-07:00,70,60,0.9
2025-05-03T06:00:00-07:00,70,59,1.1
2025-05-03T06:30:00-07:00,72,59,1.3
2025-05-03T07:00:00-07:00,72,59,1.5
2025-05-03T07:30:00-07:00,71,59,1.3
2025-05-03T08:00:00-07:00,69,59,1.6
2025-05-03T08:30:00-07:00,68,60,2.7
2025-05-03T09:00:00-07:00,66,60,2.5
2025-05-03T09:30:00-07:00,63,62,2.5
2025-05-03T10:00:00-07:00,59,63,3.2
2025-05-03T10:30:00-07:00,57,65,3.6
2025-05-03T11:00:00-07:00,55,65,3.4
2025-05-03T11:30:00-07:00,56,64,3.7
2025-05-03T12:00:00-07:00,54,65,3.8
2025-05-03T12:30:00-07:00,52,67,3.8
2025-05-03T13:00:00-07:00,48,68,3.2
2025-05-03T13:30:00-07:00,47,69,3.2
2025-05-03T14:00:00-07:00,46,69,3.2
2025-05-03T14:30:00-07:00,45,69,3.2
2025-05-03T15:00:00-07:00,45,69,3.5
2025-05-03T15:30:00-07:00,45,69,3.6
2025-05-03T16:00:00-07:00,45,69,3.7
2025-05-03T16:30:00-07:00,46,68,4.1
2025-05-03T17:00:00-07:00,47,66,4.5
2025-05-03T17:30:00-07:00,48,66,4.5
2025-05-03T18:00:00-07:00,47,66,4.7
2025-05-03T18:30:00-07:00,49,65,5.1
2025-05-03T19:00:00-07:00,52,64,5.6
2025-05-03T19:30:00-07:00,57,61,6.4
2025-05-03T20:00:00-07:00,59,59,6.5
2025-05-03T20:30:00-07:00,61,59,7.2
2025-05-03T21:00:00-07:00,61,59,7.3
2025-05-03T21:30:00-07:00,61,59,7.4
2025-05-03T22:00:00-07:00,60,59,6.8
2025-05-03T22:30:00-07:00,60,59,6.9
2025-05-03T23:00:00-07:00,58,60,6.1
2025-05-03T23:30:00-07:00,57,60,5.9
2025-05-04T00:00:00-07:00,58,59,6.1
2025-05-04T00:30:00-07:00,61,59,6.8
2025-05-04T01:00:00-07:00,61,57,6.4
2025-05-04T01:30:00-07:00,62,57,6.5
2025-05-04T02:00:00-07:00,62,56,6
2025-05-04T02:30:00-07:00,62,56,6
2025-05-04T03:00:00-07:00,63,55,5.8
2025-05-04T03:30:00-07:00,64,55,5.7
2025-05-04T04:00:00-07:00,63,55,5.6
2025-05-04T04:30:00-07:00,63,55,5.5
2025-05-04T05:00:00-07:00,64,54,5.6
2025-05-04T05:30:00-07:00,65,54,5.7
2025-05-04T06:00:00-07:00,65,54,5.5
2025-05-04T06:30:00-07:00,65,55,5.6
2025-05-04T07:00:00-07:00,65,56,5.5
2025-05-04T07:30:00-07:00,65,58,5.7
2025-05-04T08:00:00-07:00,64,59,6.3
2025-05-04T08:30:00-07:00,60,60,6.2
2025-05-04T09:00:00-07:00,58,62,6.2
2025-05-04T09:30:00-07:00,55,63,5.2
2025-05-04T10:00:00-07:00,51,66,5
2025-05-04T10:30:00-07:00,48,67,4.5
2025-05-04T11:00:00-07:00,46,69,4.5
2025-05-04T11:30:00-07:00,43,70,3.9
2025-05-04T12:00:00-07:00,42,72,4
2025-05-04T12:30:00-07:00,42,73,5
2025-05-04T13:00:00-07:00,41,74,4.7
2025-05-04T13:30:00-07:00,39,75,4.5
2025-05-04T14:00:00-07:00,38,76,4.1
2025-05-04T14:30:00-07:00,37,77,4
2025-05-04T15:00:00-07:00,39,76,4.6
2025-05-04T15:30:00-07:00,39,75,4.7
2025-05-04T16:00:00-07:00,38,75,4.3
2025-05-04T16:30:00-07:00,38,75,5
2025-05-04T17:00:00-07:00,37,75,4.7
2025-05-04T17:30:00-07:00,37,74,4.1
2025-05-04T18:00:00-07:00,36,76,5.4
2025-05-04T18:30:00-07:00,36,77,6.1
2025-05-04T19:00:00-07:00,38,76,6.8
2025-05-04T19:30:00-07:00,44,71,7.6
2025-05-04T20:00:00-07:00,48,69,8.1
2025-05-04T20:30:00-07:00,51,68,8.3
2025-05-04T21:00:00-07:00,53,67,8.9
2025-05-04T21:30:00-07:00,54,67,9.1
2025-05-04T22:00:00-07:00,56,66,9.6
2025-05-04T22:30:00-07:00,57,65,9.7
2025-05-04T23:00:00-07:00,59,65,9.7
2025-05-04T23:30:00-07:00,60,64,10.3
2025-05-05T00:00:00-07:00,60,63,10.1
2025-05-05T00:30:00-07:00,61,62,10.2
2025-05-05T01:00:00-07:00,61,61,9.9
2025-05-05T01:30:00-07:00,61,61,9.4
2025-05-05T02:00:00-07:00,61,60,8
2025-05-05T02:30:00-07:00,62,60,7.6
2025-05-05T03:00:00-07:00,63,59,7.8
2025-05-05T03:30:00-07:00,64,58,7.9
2025-05-05T04:00:00-07:00,64,58,7.8
2025-05-05T04:30:00-07:00,65,58,8.4
2025-05-05T05:00:00-07:00,65,57,8.6
2025-05-05T05:30:00-07:00,67,57,9.2
2025-05-05T06:00:00-07:00,69,57,9.6
2025-05-05T06:30:00-07:00,69,58,10.2
2025-05-05T07:00:00-07:00,68,60,10.7
2025-05-05T07:30:00-07:00,66,63,10.9
2025-05-05T08:00:00-07:00,50,67,6.7
2025-05-05T08:30:00-07:00,30,72,3
2025-05-05T09:00:00-07:00,23,76,2.3
2025-05-05T09:30:00-07:00,20,78,2.2
2025-05-05T10:00:00-07:00,19,80,2
2025-05-05T10:30:00-07:00,19,83,2
2025-05-05T11:00:00-07:00,18,84,1.9
2025-05-05T11:30:00-07:00,18,85,2
2025-05-05T12:00:00-07:00,18,87,1.9
2025-05-05T12:30:00-07:00,18,88,1.8
2025-05-05T13:00:00-07:00,17,89,1.9
2025-05-05T13:30:00-07:00,16,90,1.9
2025-05-05T14:00:00-07:00,16,91,1.7
2025-05-05T14:30:00-07:00,16,93,1.8
2025-05-05T15:00:00-07:00,15,93,1.8
2025-05-05T15:30:00-07:00,15,94,2
2025-05-05T16:00:00-07:00,15,95,2.7
2025-05-05T16:30:00-07:00,15,95,3.3
2025-05-05T17:00:00-07:00,15,95,2.5
2025-05-05T17:30:00-07:00,18,90,3.5
2025-05-05T18:00:00-07:00,16,90,3
2025-05-05T18:30:00-07:00,17,91,3.2
2025-05-05T19:00:00-07:00,16,91,3.6
2025-05-05T19:30:00-07:00,20,84,4.1
2025-05-05T20:00:00-07:00,21,80,4.1
2025-05-05T20:30:00-07:00,22,79,4
2025-05-05T21:00:00-07:00,26,77,4.6
2025-05-05T21:30:00-07:00,28,75,5.4
2025-05-05T22:00:00-07:00,31,73,7.1
2025-05-05T22:30:00-07:00,34,71,6.7
2025-05-05T23:00:00-07:00,37,70,6.2
2025-05-05T23:30:00-07:00,38,69,5.8
2025-05-06T00:00:00-07:00,40,68,5.8
2025-05-06T00:30:00-07:00,39,66,5.7
2025-05-06T01:00:00-07:00,41,66,7.2
2025-05-06T01:30:00-07:00,44,65,8.8
2025-05-06T02:00:00-07:00,47,64,8.9
2025-05-06T02:30:00-07:00,49,63,8.6
2025-05-06T03:00:00-07:00,51,63,9.1
2025-05-06T03:30:00-07:00,54,62,9.2
2025-05-06T04:00:00-07:00,56,63,9
2025-05-06T04:30:00-07:00,56,63,9.1
2025-05-06T05:00:00-07:00,57,62,9.2
2025-05-06T05:30:00-07:00,59,61,9.6
2025-05-06T06:00:00-07:00,59,61,9.8
2025-05-06T06:30:00-07:00,60,61,9.4
2025-05-06T07:00:00-07:00,60,62,9.9
2025-05-06T07:30:00-07:00,59,63,10.7
2025-05-06T08:00:00-07:00,57,66,10.7
2025-05-06T08:30:00-07:00,53,68,9.9
2025-05-06T09:00:00-07:00,49,71,9.6
2025-05-06T09:30:00-07:00,45,74,8.5
2025-05-06T10:00:00-07:00,41,75,8.1
2025-05-06T10:30:00-07:00,37,77,7.6
2025-05-06T11:00:00-07:00,35,79,7.4
2025-05-06T11:30:00-07:00,34,81,7.5
2025-05-06T12:00:00-07:00,32,82,6.8
2025-05-06T12:30:00-07:00,30,82,6.6
2025-05-06T13:00:00-07:00,34,82,7.9
2025-05-06T13:30:00-07:00,36,82,9.4
2025-05-06T14:00:00-07:00,36,82,9.4
2025-05-06T14:30:00-07:00,36,82,9.6
2025-05-06T15:00:00-07:00,37,81,9
2025-05-06T15:30:00-07:00,36,80,8
2025-05-06T16:00:00-07:00,38,78,8.1
2025-05-06T16:30:00-07:00,39,78,8.1
2025-05-06T17:00:00-07:00,38,79,8.5
2025-05-06T17:30:00-07:00,39,77,8
2025-05-06T18:00:00-07:00,39,78,8.2
2025-05-06T18:30:00-07:00,41,76,8.6
2025-05-06T19:00:00-07:00,44,74,9.1
2025-05-06T19:30:00-07:00,52,68,9.8
2025-05-06T20:00:00-07:00,57,65,10.5
2025-05-06T20:30:00-07:00,59,64,10.9
2025-05-06T21:00:00-07:00,60,64,11.2
2025-05-06T21:30:00-07:00,61,64,11.8
2025-05-06T22:00:00-07:00,63,63,11.5
2025-05-06T22:30:00-07:00,63,62,10.8
2025-05-06T23:00:00-07:00,64,62,10.8
2025-05-06T23:30:00-07:00,64,62,10.7
2025-05-07T00:00:00-07:00,65,62,10.6
2025-05-07T00:30:00-07:00,65,62,10.5
2025-05-07T01:00:00-07:00,63,63,10.2
2025-05-07T01:30:00-07:00,63,64,10.3
2025-05-07T02:00:00-07:00,63,64,9.9
2025-05-07T02:30:00-07:00,62,65,9.8
2025-05-07T03:00:00-07:00,61,64,9.2
2025-05-07T03:30:00-07:00,61,63,8.6
2025-05-07T04:00:00-07:00,61,62,8.4
2025-05-07T04:30:00-07:00,62,61,8.4
2025-05-07T05:00:00-07:00,63,61,9
2025-05-07T05:30:00-07:00,64,61,8.7
2025-05-07T06:00:00-07:00,64,61,8.2
2025-05-07T06:30:00-07:00,63,62,8.2
2025-05-07T07:00:00-07:00,61,63,8.1
2025-05-07T07:30:00-07:00,59,63,8
2025-05-07T08:00:00-07:00,58,64,7.7
2025-05-07T08:30:00-07:00,55,66,7.4
2025-05-07T09:00:00-07:00,53,67,7.4
2025-05-07T09:30:00-07:00,50,69,6.2
2025-05-07T10:00:00-07:00,46,72,5.9
2025-05-07T10:30:00-07:00,44,73,5.7
2025-05-07T11:00:00-07:00,44,73,6
2025-05-07T11:30:00-07:00,42,75,6.3
2025-05-07T12:00:00-07:00,40,78,6.4
2025-05-07T12:30:00-07:00,38,79,7.1
2025-05-07T13:00:00-07:00,38,79,7.4
2025-05-07T13:30:00-07:00,38,79,6.9
2025-05-07T14:00:00-07:00,40,78,6.2
2025-05-07T14:30:00-07:00,40,78,6.3
2025-05-07T15:00:00-07:00,43,76,6.1
2025-05-07T15:30:00-07:00,45,74,5.8
2025-05-07T16:00:00-07:00,47,73,5.9
2025-05-07T16:30:00-07:00,48,72,5.6
2025-05-07T17:00:00-07:00,48,71,5.3
2025-05-07T17:30:00-07:00,47,72,5.2
2025-05-07T18:00:00-07:00,45,73,4.7
2025-05-07T18:30:00-07:00,44,74,4.4
2025-05-07T19:00:00-07:00,46,72,4.4
2025-05-07T19:30:00-07:00,54,67,5
2025-05-07T20:00:00-07:00,61,63,5.7
2025-05-07T20:30:00-07:00,64,62,6.5
2025-05-07T21:00:00-07:00,65,61,6.7
2025-05-07T21:30:00-07:00,66,61,6.3
2025-05-07T22:00:00-07:00,67,60,5.7
2025-05-07T22:30:00-07:00,68,59,5.7
2025-05-07T23:00:00-07:00,68,60,6.1
2025-05-07T23:30:00-07:00,68,60,6.5
2025-05-08T00:00:00-07:00,68,60,6.4
2025-05-08T00:30:00-07:00,67,60,6.6
2025-05-08T01:00:00-07:00,65,60,6.9
2025-05-08T01:30:00-07:00,65,59,7.1
2025-05-08T02:00:00-07:00,64,59,7.1
2025-05-08T02:30:00-07:00,65,59,7.3
2025-05-08T03:00:00-07:00,66,59,7.6
2025-05-08T03:30:00-07:00,65,60,7.2
2025-05-08T04:00:00-07:00,65,61,7.1
2025-05-08T04:30:00-07:00,66,61,10.3
2025-05-08T05:00:00-07:00,67,61,11.6
2025-05-08T05:30:00-07:00,68,60,12.6
2025-05-08T06:00:00-07:00,68,61,12.4
2025-05-08T06:30:00-07:00,66,61,12.4
2025-05-08T07:00:00-07:00,66,62,12.7
2025-05-08T07:30:00-07:00,65,63,14.6
2025-05-08T08:00:00-07:00,64,64,14.7
2025-05-08T08:30:00-07:00,62,65,13.8
2025-05-08T09:00:00-07:00,58,67,13.1
2025-05-08T09:30:00-07:00,56,69,10.9
2025-05-08T10:00:00-07:00,53,71,10.4
2025-05-08T10:30:00-07:00,49,73,11.8
2025-05-08T11:00:00-07:00,49,74,13.4
2025-05-08T11:30:00-07:00,46,76,10.3
2025-05-08T12:00:00-07:00,43,78,8.2
2025-05-08T12:30:00-07:00,41,79,6.4
2025-05-08T13:00:00-07:00,39,81,5.3
2025-05-08T13:30:00-07:00,37,83,5
2025-05-08T14:00:00-07:00,36,84,5.7
2025-05-08T14:30:00-07:00,35,85,5.8
2025-05-08T15:00:00-07:00,35,85,5.2
2025-05-08T15:30:00-07:00,35,86,3.5
2025-05-08T16:00:00-07:00,36,85,2.7
2025-05-08T16:30:00-07:00,36,85,2.1
2025-05-08T17:00:00-07:00,37,84,1.8
2025-05-08T17:30:00-07:00,37,84,2.1
2025-05-08T18:00:00-07:00,33,85,2.7
2025-05-08T18:30:00-07:00,33,84,3.6
2025-05-08T19:00:00-07:00,37,81,3.9
2025-05-08T19:30:00-07:00,45,74,4.4
2025-05-08T20:00:00-07:00,49,71,4.8
2025-05-08T20:30:00-07:00,52,69,5
2025-05-08T21:00:00-07:00,54,69,5.1
2025-05-08T21:30:00-07:00,56,69,5.3
2025-05-08T22:00:00-07:00,58,68,5.4
2025-05-08T22:30:00-07:00,58,68,5.4
2025-05-08T23:00:00-07:00,58,67,5.7
2025-05-08T23:30:00-07:00,60,66,5.8
2025-05-09T00:00:00-07:00,60,65,5.9
2025-05-09T00:30:00-07:00,60,64,5.9
2025-05-09T01:00:00-07:00,61,64,6.3
2025-05-09T01:30:00-07:00,62,63,6.6
2025-05-09T02:00:00-07:00,62,62,7.4
2025-05-09T02:30:00-07:00,63,62,7.4
2025-05-09T03:00:00-07:00,63,62,7
2025-05-09T03:30:00-07:00,63,61,6.7
2025-05-09T04:00:00-07:00,62,61,6.2
2025-05-09T04:30:00-07:00,62,60,6.1
2025-05-09T05:00:00-07:00,63,59,5.7
2025-05-09T05:30:00-07:00,62,59,5.9
2025-05-09T06:00:00-07:00,63,59,5.4
2025-05-09T06:30:00-07:00,61,59,4.1
2025-05-09T07:00:00-07:00,58,61,4
2025-05-09T07:30:00-07:00,57,64,6.2
2025-05-09T08:00:00-07:00,57,67,7
2025-05-09T08:30:00-07:00,54,70,7
2025-05-09T09:00:00-07:00,50,73,7
2025-05-09T09:30:00-07:00,46,76,6.3
2025-05-09T10:00:00-07:00,40,78,5.4
2025-05-09T10:30:00-07:00,37,81,5.7
2025-05-09T11:00:00-07:00,35,83,6.2
2025-05-09T11:30:00-07:00,32,86,5.5
2025-05-09T12:00:00-07:00,31,86,5
2025-05-09T12:30:00-07:00,26,88,3.9
2025-05-09T13:00:00-07:00,25,90,3.6
2025-05-09T13:30:00-07:00,22,91,3
2025-05-09T14:00:00-07:00,23,92,3.9
2025-05-09T14:30:00-07:00,25,93,5.2
2025-05-09T15:00:00-07:00,25,93,5.2
2025-05-09T15:30:00-07:00,25,93,4.4
2025-05-09T16:00:00-07:00,27,92,5.2
2025-05-09T16:30:00-07:00,30,91,5.5
2025-05-09T17:00:00-07:00,30,90,4.9
2025-05-09T17:30:00-07:00,30,89,4.4
2025-05-09T18:00:00-07:00,28,90,4.7
2025-05-09T18:30:00-07:00,26,91,4.2
2025-05-09T19:00:00-07:00,28,88,4.1
2025-05-09T19:30:00-07:00,30,80,4.6
2025-05-09T20:00:00-07:00,36,77,5.1
2025-05-09T20:30:00-07:00,41,76,5.8
2025-05-09T21:00:00-07:00,43,75,6.3
2025-05-09T21:30:00-07:00,50,72,6.1
2025-05-09T22:00:00-07:00,55,70,5.8
2025-05-09T22:30:00-07:00,56,70,6
2025-05-09T23:00:00-07:00,56,69,6
2025-05-09T23:30:00-07:00,57,68,5.8
2025-05-10T00:00:00-07:00,58,68,5.8
2025-05-10T00:30:00-07:00,58,68,6.3
2025-05-10T01:00:00-07:00,60,66,6.5
2025-05-10T01:30:00-07:00,60,66,7.1
2025-05-10T02:00:00-07:00,59,65,6.8
2025-05-10T02:30:00-07:00,61,65,7.8
2025-05-10T03:00:00-07:00,60,64,7.9
2025-05-10T03:30:00-07:00,58,64,8.5
2025-05-10T04:00:00-07:00,59,63,8.9
2025-05-10T04:30:00-07:00,59,63,8.9
2025-05-10T05:00:00-07:00,60,62,9.1
2025-05-10T05:30:00-07:00,60,62,9.2
2025-05-10T06:00:00-07:00,61,61,9.4
2025-05-10T06:30:00-07:00,61,62,9.6
2025-05-10T07:00:00-07:00,61,63,11.1
2025-05-10T07:30:00-07:00,61,65,9.9
2025-05-10T08:00:00-07:00,60,67,7.2
2025-05-10T08:30:00-07:00,55,69,6.8
2025-05-10T09:00:00-07:00,50,72,6.4
2025-05-10T09:30:00-07:00,44,75,6.1
2025-05-10T10:00:00-07:00,43,77,6.5
2025-05-10T10:30:00-07:00,38,79,5.8
2025-05-10T11:00:00-07:00,32,80,5.1
2025-05-10T11:30:00-07:00,29,82,4.8
2025-05-10T12:00:00-07:00,27,84,4.6
2025-05-10T12:30:00-07:00,24,84,3.9
2025-05-10T13:00:00-07:00,24,85,3.8
2025-05-10T13:30:00-07:00,22,87,3.3
2025-05-10T14:00:00-07:00,22,87,3.4
2025-05-10T14:30:00-07:00,24,88,3.5
2025-05-10T15:00:00-07:00,31,84,4.9
2025-05-10T15:30:00-07:00,34,83,4.9
2025-05-10T16:00:00-07:00,35,81,4.9
2025-05-10T16:30:00-07:00,38,79,4.9
2025-05-10T17:00:00-07:00,38,79,4.7
2025-05-10T17:30:00-07:00,38,79,4.7
2025-05-10T18:00:00-07:00,35,81,4.5
2025-05-10T18:30:00-07:00,33,81,4.1
2025-05-10T19:00:00-07:00,34,80,4
2025-05-10T19:30:00-07:00,39,73,4.1
2025-05-10T20:00:00-07:00,45,68,4
2025-05-10T20:30:00-07:00,49,66,4.3
2025-05-10T21:00:00-07:00,52,64,4.4
2025-05-10T21:30:00-07:00,53,63,4.3
2025-05-10T22:00:00-07:00,53,63,4.3
2025-05-10T22:30:00-07:00,52,63,4
2025-05-10T23:00:00-07:00,51,64,3.6
2025-05-10T23:30:00-07:00,51,63,3.6
2025-05-11T00:00:00-07:00,51,63,3.1
2025-05-11T00:30:00-07:00,53,62,3.5
2025-05-11T01:00:00-07:00,54,61,3.2
2025-05-11T01:30:00-07:00,56,61,3.5
2025-05-11T02:00:00-07:00,58,61,3.5
2025-05-11T02:30:00-07:00,60,61,3.5
2025-05-11T03:00:00-07:00,61,61,3.3
2025-05-11T03:30:00-07:00,62,61,3.4
2025-05-11T04:00:00-07:00,62,61,3.1
2025-05-11T04:30:00-07:00,63,60,2.8
2025-05-11T05:00:00-07:00,62,60,3
2025-05-11T05:30:00-07:00,62,60,3.1
2025-05-11T06:00:00-07:00,63,59,3.6
2025-05-11T06:30:00-07:00,65,60,3.4
2025-05-11T07:00:00-07:00,64,61,3.1
2025-05-11T07:30:00-07:00,61,63,2.5
2025-05-11T08:00:00-07:00,57,64,2.4
2025-05-11T08:30:00-07:00,54,65,1.6
2025-05-11T09:00:00-07:00,56,66,1.2
2025-05-11T09:30:00-07:00,54,68,0.9
2025-05-11T10:00:00-07:00,55,68,0.5
2025-05-11T10:30:00-07:00,54,68,0.2
2025-05-11T11:00:00-07:00,54,68,0.4
2025-05-11T11:30:00-07:00,52,69,0.8
2025-05-11T12:00:00-07:00,52,69,1.3
2025-05-11T12:30:00-07:00,50,70,2.2
2025-05-11T13:00:00-07:00,46,70,2.1
2025-05-11T13:30:00-07:00,42,71,1.8
2025-05-11T14:00:00-07:00,40,71,1.8
2025-05-11T14:30:00-07:00,36,71,1.3
2025-05-11T15:00:00-07:00,36,71,1.3
2025-05-11T15:30:00-07:00,38,70,1.5
2025-05-11T16:00:00-07:00,40,70,1.9
2025-05-11T16:30:00-07:00,41,70,2
2025-05-11T17:00:00-07:00,42,69,2.2
2025-05-11T17:30:00-07:00,43,69,2.1
2025-05-11T18:00:00-07:00,40,70,1.9
2025-05-11T18:30:00-07:00,38,71,1.9
2025-05-11T19:00:00-07:00,39,72,2
2025-05-11T19:30:00-07:00,45,66,2.2
2025-05-11T20:00:00-07:00,52,63,2.3
2025-05-11T20:30:00-07:00,55,62,2.5
2025-05-11T21:00:00-07:00,54,62,2.4
2025-05-11T21:30:00-07:00,56,62,2.5
2025-05-11T22:00:00-07:00,57,61,2.7
2025-05-11T22:30:00-07:00,58,61,2.5
2025-05-11T23:00:00-07:00,58,61,2.5
2025-05-11T23:30:00-07:00,59,61,2.5
2025-05-12T00:00:00-07:00,60,61,2.7
2025-05-12T00:30:00-07:00,62,60,2.8
2025-05-12T01:00:00-07:00,62,61,2.7
2025-05-12T01:30:00-07:00,60,62,2.2
2025-05-12T02:00:00-07:00,58,62,2.4
2025-05-12T02:30:00-07:00,59,62,2.3
2025-05-12T03:00:00-07:00,58,62,2.1
2025-05-12T03:30:00-07:00,57,63,2.1
2025-05-12T04:00:00-07:00,55,63,2.4
2025-05-12T04:30:00-07:00,55,62,2.6
2025-05-12T05:00:00-07:00,56,62,2.6
2025-05-12T05:30:00-07:00,56,62,2.3
2025-05-12T06:00:00-07:00,56,62,2.2
2025-05-12T06:30:00-07:00,56,62,2.5
2025-05-12T07:00:00-07:00,61,61,2.6
2025-05-12T07:30:00-07:00,66,60,2.5
2025-05-12T08:00:00-07:00,72,60,0.8
2025-05-12T08:30:00-07:00,70,62,0.1
2025-05-12T09:00:00-07:00,68,64,0.1
2025-05-12T09:30:00-07:00,67,65,0.2
2025-05-12T10:00:00-07:00,63,67,0.2
2025-05-12T10:30:00-07:00,60,67,0.2
2025-05-12T11:00:00-07:00,62,66,0.2
2025-05-12T11:30:00-07:00,60,68,0.3
2025-05-12T12:00:00-07:00,52,69,0.3
2025-05-12T12:30:00-07:00,47,71,0.2
2025-05-12T13:00:00-07:00,44,72,0.3
2025-05-12T13:30:00-07:00,43,72,0.3
2025-05-12T14:00:00-07:00,42,72,0.5
2025-05-12T14:30:00-07:00,40,72,0.4
2025-05-12T15:00:00-07:00,39,71,0.6
2025-05-12T15:30:00-07:00,38,72,0.8
2025-05-12T16:00:00-07:00,37,71,0.8
2025-05-12T16:30:00-07:00,39,71,0.8
2025-05-12T17:00:00-07:00,43,69,0.8
2025-05-12T17:30:00-07:00,47,67,1
2025-05-12T18:00:00-07:00,49,66,1
2025-05-12T18:30:00-07:00,51,66,0.8
2025-05-12T19:00:00-07:00,53,65,0.9
2025-05-12T19:30:00-07:00,55,64,0.9
2025-05-12T20:00:00-07:00,55,64,0.5
2025-05-12T20:30:00-07:00,55,64,0.7
2025-05-12T21:00:00-07:00,60,63,1
2025-05-12T21:30:00-07:00,65,63,1.2
2025-05-12T22:00:00-07:00,68,61,1.3
2025-05-12T22:30:00-07:00,67,61,1.2
2025-05-12T23:00:00-07:00,65,61,1
2025-05-12T23:30:00-07:00,63,60,0.7
2025-05-13T00:00:00-07:00,64,60,0.8
2025-05-13T00:30:00-07:00,63,60,0.7
2025-05-13T01:00:00-07:00,63,60,0.8
2025-05-13T01:30:00-07:00,62,60,0.7
2025-05-13T02:00:00-07:00,63,60,0.6
2025-05-13T02:30:00-07:00,65,60,1.1
2025-05-13T03:00:00-07:00,66,60,1.5
2025-05-13T03:30:00-07:00,65,60,1.3
2025-05-13T04:00:00-07:00,67,60,1.2
2025-05-13T04:30:00-07:00,66,60,1.2
2025-05-13T05:00:00-07:00,66,60,1.5
2025-05-13T05:30:00-07:00,67,59,1.4
2025-05-13T06:00:00-07:00,66,60,1.3
2025-05-13T06:30:00-07:00,65,60,1.2
2025-05-13T07:00:00-07:00,64,60,1.3
2025-05-13T07:30:00-07:00,65,60,1.5
2025-05-13T08:00:00-07:00,63,60,1.5
2025-05-13T08:30:00-07:00,59,62,1.3
2025-05-13T09:00:00-07:00,55,64,1.2
2025-05-13T09:30:00-07:00,52,66,1
2025-05-13T10:00:00-07:00,49,68,1.2
2025-05-13T10:30:00-07:00,46,71,1.3
2025-05-13T11:00:00-07:00,45,71,1.4
2025-05-13T11:30:00-07:00,43,72,1.3
2025-05-13T12:00:00-07:00,41,75,1.3
2025-05-13T12:30:00-07:00,41,74,1.2
2025-05-13T13:00:00-07:00,40,74,1.3
2025-05-13T13:30:00-07:00,39,75,1.2
2025-05-13T14:00:00-07:00,37,76,1.4
2025-05-13T14:30:00-07:00,36,76,1.1
2025-05-13T15:00:00-07:00,36,76,1.1
2025-05-13T15:30:00-07:00,38,75,1
2025-05-13T16:00:00-07:00,39,74,0.7
2025-05-13T16:30:00-07:00,42,72,0.9
2025-05-13T17:00:00-07:00,43,71,1.5
2025-05-13T17:30:00-07:00,44,71,1.6
2025-05-13T18:00:00-07:00,43,72,2.4
2025-05-13T18:30:00-07:00,44,73,3
2025-05-13T19:00:00-07:00,46,72,3
2025-05-13T19:30:00-07:00,50,68,3.3
2025-05-13T20:00:00-07:00,58,64,4
2025-05-13T20:30:00-07:00,60,62,4.1
2025-05-13T21:00:00-07:00,63,61,4.2
2025-05-13T21:30:00-07:00,64,61,4.3
2025-05-13T22:00:00-07:00,63,61,4.2
2025-05-13T22:30:00-07:00,62,61,3.8
2025-05-13T23:00:00-07:00,61,61,3.5
2025-05-13T23:30:00-07:00,62,61,3.8
2025-05-14T00:00:00-07:00,63,60,3.9
2025-05-14T00:30:00-07:00,64,60,4.5
2025-05-14T01:00:00-07:00,64,60,4.3
2025-05-14T01:30:00-07:00,64,59,4
2025-05-14T02:00:00-07:00,64,59,3.9
2025-05-14T02:30:00-07:00,64,59,4.1
2025-05-14T03:00:00-07:00,65,58,4.7
2025-05-14T03:30:00-07:00,65,58,4.3
2025-05-14T04:00:00-07:00,65,58,4.3
2025-05-14T04:30:00-07:00,65,57,4.3
2025-05-14T05:00:00-07:00,65,57,4
2025-05-14T05:30:00-07:00,66,56,4.2
2025-05-14T06:00:00-07:00,66,56,4.2
2025-05-14T06:30:00-07:00,67,57,4.6
2025-05-14T07:00:00-07:00,68,59,5.7
2025-05-14T07:30:00-07:00,67,61,5.6
2025-05-14T08:00:00-07:00,62,62,5.6
2025-05-14T08:30:00-07:00,58,65,4.4
2025-05-14T09:00:00-07:00,53,67,4.7
2025-05-14T09:30:00-07:00,48,69,4.4
2025-05-14T10:00:00-07:00,44,72,4.1
2025-05-14T10:30:00-07:00,42,74,3.7
2025-05-14T11:00:00-07:00,40,76,3.6
2025-05-14T11:30:00-07:00,39,77,3.3
2025-05-14T12:00:00-07:00,39,77,3
2025-05-14T12:30:00-07:00,38,79,3.4
2025-05-14T13:00:00-07:00,37,80,3.7
2025-05-14T13:30:00-07:00,36,81,4
2025-05-14T14:00:00-07:00,36,81,4
2025-05-14T14:30:00-07:00,37,80,4.5
2025-05-14T15:00:00-07:00,39,80,4.8
2025-05-14T15:30:00-07:00,41,78,4.6
2025-05-14T16:00:00-07:00,39,77,3.6
2025-05-14T16:30:00-07:00,39,77,2.9
2025-05-14T17:00:00-07:00,40,75,3.3
2025-05-14T17:30:00-07:00,38,76,2.9
2025-05-14T18:00:00-07:00,40,76,4.6
2025-05-14T18:30:00-07:00,42,74,4.8
2025-05-14T19:00:00-07:00,49,69,5
2025-05-14T19:30:00-07:00,57,64,4.8
2025-05-14T20:00:00-07:00,61,63,4.5
2025-05-14T20:30:00-07:00,62,62,4.6
2025-05-14T21:00:00-07:00,62,62,4.7
2025-05-14T21:30:00-07:00,63,62,4.9
2025-05-14T22:00:00-07:00,63,62,4.7
2025-05-14T22:30:00-07:00,62,62,4.5
2025-05-14T23:00:00-07:00,62,62,4.7
2025-05-14T23:30:00-07:00,62,61,4.9
2025-05-15T00:00:00-07:00,62,61,5.6
2025-05-15T00:30:00-07:00,63,61,6.4
2025-05-15T01:00:00-07:00,63,60,5
2025-05-15T01:30:00-07:00,62,59,3.9
2025-05-15T02:00:00-07:00,62,59,3.6
2025-05-15T02:30:00-07:00,63,58,3.6
2025-05-15T03:00:00-07:00,63,58,3.8
2025-05-15T03:30:00-07:00,63,57,3.9
2025-05-15T04:00:00-07:00,63,57,4.7
2025-05-15T04:30:00-07:00,63,57,5
2025-05-15T05:00:00-07:00,64,56,4.7
2025-05-15T05:30:00-07:00,64,56,4.5
2025-05-15T06:00:00-07:00,65,56,5.1
2025-05-15T06:30:00-07:00,66,57,5
2025-05-15T07:00:00-07:00,66,59,6.1
2025-05-15T07:30:00-07:00,65,61,7.5
2025-05-15T08:00:00-07:00,62,63,7.1
2025-05-15T08:30:00-07:00,58,66,7.1
2025-05-15T09:00:00-07:00,52,69,6.2
2025-05-15T09:30:00-07:00,46,71,5.9
2025-05-15T10:00:00-07:00,43,73,5.5
2025-05-15T10:30:00-07:00,40,75,4.7
2025-05-15T11:00:00-07:00,39,77,4.9
2025-05-15T11:30:00-07:00,39,79,5.2
2025-05-15T12:00:00-07:00,38,80,5.3
2025-05-15T12:30:00-07:00,38,81,5.4
2025-05-15T13:00:00-07:00,35,82,4.8
2025-05-15T13:30:00-07:00,35,83,5.6
2025-05-15T14:00:00-07:00,35,83,5.5
2025-05-15T14:30:00-07:00,37,82,6
2025-05-15T15:00:00-07:00,38,81,5.9
2025-05-15T15:30:00-07:00,38,80,5.2
2025-05-15T16:00:00-07:00,39,80,5
2025-05-15T16:30:00-07:00,40,79,4.3
2025-05-15T17:00:00-07:00,38,79,3.7
2025-05-15T17:30:00-07:00,39,79,3.9
2025-05-15T18:00:00-07:00,43,77,5.4
2025-05-15T18:30:00-07:00,43,76,5.6
2025-05-15T19:00:00-07:00,44,74,5.6
2025-05-15T19:30:00-07:00,49,69,5.5
2025-05-15T20:00:00-07:00,56,65,6.5
2025-05-15T20:30:00-07:00,59,63,6.6
2025-05-15T21:00:00-07:00,59,63,7
2025-05-15T21:30:00-07:00,60,62,7
2025-05-15T22:00:00-07:00,61,62,7.3
2025-05-15T22:30:00-07:00,60,62,7.2
2025-05-15T23:00:00-07:00,60,62,7.7
2025-05-15T23:30:00-07:00,59,62,7.4
2025-05-16T00:00:00-07:00,60,61,7.7
2025-05-16T00:30:00-07:00,60,61,7.9
2025-05-16T01:00:00-07:00,61,61,8.3
2025-05-16T01:30:00-07:00,62,61,8.7
2025-05-16T02:00:00-07:00,62,61,9
2025-05-16T02:30:00-07:00,63,61,8.6
2025-05-16T03:00:00-07:00,62,62,8.3
2025-05-16T03:30:00-07:00,61,61,7.7
2025-05-16T04:00:00-07:00,61,61,7.6
2025-05-16T04:30:00-07:00,60,61,7.1
2025-05-16T05:00:00-07:00,61,60,7
2025-05-16T05:30:00-07:00,62,59,7.8
2025-05-16T06:00:00-07:00,65,59,9.7
2025-05-16T06:30:00-07:00,65,60,9
2025-05-16T07:00:00-07:00,64,61,9.1
2025-05-16T07:30:00-07:00,62,62,7.9
2025-05-16T08:00:00-07:00,59,64,7.8
2025-05-16T08:30:00-07:00,56,66,6.9
2025-05-16T09:00:00-07:00,53,68,6.9
2025-05-16T09:30:00-07:00,50,69,6.3
2025-05-16T10:00:00-07:00,46,72,6.1
2025-05-16T10:30:00-07:00,43,74,5.6
2025-05-16T11:00:00-07:00,40,76,5.2
2025-05-16T11:30:00-07:00,38,77,4.4
2025-05-16T12:00:00-07:00,36,78,4
2025-05-16T12:30:00-07:00,36,78,4.5
2025-05-16T13:00:00-07:00,41,77,6.1
2025-05-16T13:30:00-07:00,40,77,5.1
2025-05-16T14:00:00-07:00,39,78,4.5
2025-05-16T14:30:00-07:00,39,78,4.5
2025-05-16T15:00:00-07:00,41,77,4.2
2025-05-16T15:30:00-07:00,44,75,4.1
2025-05-16T16:00:00-07:00,46,73,4
2025-05-16T16:30:00-07:00,47,72,3.9
2025-05-16T17:00:00-07:00,50,70,4.1
2025-05-16T17:30:00-07:00,50,70,4.5
2025-05-16T18:00:00-07:00,44,74,4.2
2025-05-16T18:30:00-07:00,42,75,4.5
2025-05-16T19:00:00-07:00,48,71,4.8
2025-05-16T19:30:00-07:00,57,65,5.1
2025-05-16T20:00:00-07:00,61,63,5.2
2025-05-16T20:30:00-07:00,63,62,5.6
2025-05-16T21:00:00-07:00,63,62,6.4
2025-05-16T21:30:00-07:00,63,62,6.6
2025-05-16T22:00:00-07:00,65,61,5.8
2025-05-16T22:30:00-07:00,65,61,5.5
2025-05-16T23:00:00-07:00,65,60,5
2025-05-16T23:30:00-07:00,65,60,4.9
2025-05-17T00:00:00-07:00,64,61,4.9
2025-05-17T00:30:00-07:00,67,60,4.2
2025-05-17T01:00:00-07:00,68,60,3.3
2025-05-17T01:30:00-07:00,68,60,3.1
2025-05-17T02:00:00-07:00,68,60,2.7
2025-05-17T02:30:00-07:00,68,60,2.2
2025-05-17T03:00:00-07:00,68,60,1.9
2025-05-17T03:30:00-07:00,66,61,1.5
2025-05-17T04:00:00-07:00,68,60,1.6
2025-05-17T04:30:00-07:00,68,60,0.9
2025-05-17T05:00:00-07:00,67,60,2.3
2025-05-17T05:30:00-07:00,67,60,1.1
2025-05-17T06:00:00-07:00,67,60,1.1
2025-05-17T06:30:00-07:00,69,61,1.9
2025-05-17T07:00:00-07:00,67,61,2.2
2025-05-17T07:30:00-07:00,65,62,2.7
2025-05-17T08:00:00-07:00,64,62,3.1
2025-05-17T08:30:00-07:00,62,63,3.4
2025-05-17T09:00:00-07:00,60,64,3.7
2025-05-17T09:30:00-07:00,58,66,4
2025-05-17T10:00:00-07:00,56,67,3.9
2025-05-17T10:30:00-07:00,56,68,3.7
2025-05-17T11:00:00-07:00,55,68,3.3
2025-05-17T11:30:00-07:00,54,69,2.9
2025-05-17T12:00:00-07:00,52,69,2.5
2025-05-17T12:30:00-07:00,52,69,2.4
2025-05-17T13:00:00-07:00,52,69,2.8
2025-05-17T13:30:00-07:00,51,70,2.7
2025-05-17T14:00:00-07:00,49,71,2.6
2025-05-17T14:30:00-07:00,48,71,2.4
2025-05-17T15:00:00-07:00,49,70,2.3
2025-05-17T15:30:00-07:00,50,69,2.1
2025-05-17T16:00:00-07:00,50,69,1.7
2025-05-17T16:30:00-07:00,51,68,1.6
2025-05-17T17:00:00-07:00,52,68,2.1
2025-05-17T17:30:00-07:00,49,70,2
2025-05-17T18:00:00-07:00,45,72,2.2
2025-05-17T18:30:00-07:00,44,72,2.4
2025-05-17T19:00:00-07:00,45,71,2.5
2025-05-17T19:30:00-07:00,51,67,3.2
2025-05-17T20:00:00-07:00,57,64,3.4
2025-05-17T20:30:00-07:00,59,62,3.2
2025-05-17T21:00:00-07:00,59,62,3.3
2025-05-17T21:30:00-07:00,58,63,3.3
2025-05-17T22:00:00-07:00,58,62,3.2
2025-05-17T22:30:00-07:00,61,61,3.7
2025-05-17T23:00:00-07:00,63,60,4.1
2025-05-17T23:30:00-07:00,62,61,3.7
2025-05-18T00:00:00-07:00,63,61,3.7
2025-05-18T00:30:00-07:00,64,60,4.2
2025-05-18T01:00:00-07:00,64,60,3.9
2025-05-18T01:30:00-07:00,64,59,5.8
2025-05-18T02:00:00-07:00,64,59,4
2025-05-18T02:30:00-07:00,64,59,4
2025-05-18T03:00:00-07:00,64,58,3.9
2025-05-18T03:30:00-07:00,65,58,4
2025-05-18T04:00:00-07:00,64,58,3.8
2025-05-18T04:30:00-07:00,64,58,4.2
2025-05-18T05:00:00-07:00,65,57,3.7
2025-05-18T05:30:00-07:00,65,57,3.8
2025-05-18T06:00:00-07:00,65,57,3.6
2025-05-18T06:30:00-07:00,66,57,3.8
2025-05-18T07:00:00-07:00,65,59,8.1
2025-05-18T07:30:00-07:00,62,61,10
2025-05-18T08:00:00-07:00,59,63,8.9
2025-05-18T08:30:00-07:00,55,65,7.2
2025-05-18T09:00:00-07:00,50,67,5.1
2025-05-18T09:30:00-07:00,47,69,5.7
2025-05-18T10:00:00-07:00,46,71,5.7
2025-05-18T10:30:00-07:00,44,73,4.8
2025-05-18T11:00:00-07:00,43,74,4.6
2025-05-18T11:30:00-07:00,43,75,5.3
2025-05-18T12:00:00-07:00,41,76,6
2025-05-18T12:30:00-07:00,41,76,6.5
2025-05-18T13:00:00-07:00,40,76,7.2
2025-05-18T13:30:00-07:00,37,77,7
2025-05-18T14:00:00-07:00,35,77,6.6
2025-05-18T14:30:00-07:00,36,77,6.4
2025-05-18T15:00:00-07:00,38,75,6.3
2025-05-18T15:30:00-07:00,39,75,6.7
2025-05-18T16:00:00-07:00,41,74,6.7
2025-05-18T16:30:00-07:00,43,72,7
2025-05-18T17:00:00-07:00,42,72,7.1
2025-05-18T17:30:00-07:00,41,74,7.4
2025-05-18T18:00:00-07:00,39,76,7.9
2025-05-18T18:30:00-07:00,38,77,8
2025-05-18T19:00:00-07:00,40,75,7.9
2025-05-18T19:30:00-07:00,45,71,8.6
2025-05-18T20:00:00-07:00,52,67,9.7
2025-05-18T20:30:00-07:00,54,66,10.1
2025-05-18T21:00:00-07:00,57,66,10
2025-05-18T21:30:00-07:00,57,66,10.3
2025-05-18T22:00:00-07:00,59,64,10.2
2025-05-18T22:30:00-07:00,59,64,10.2
2025-05-18T23:00:00-07:00,60,63,9.7
2025-05-18T23:30:00-07:00,61,63,9.8
2025-05-19T00:00:00-07:00,60,63,9
2025-05-19T00:30:00-07:00,59,63,8.8
2025-05-19T01:00:00-07:00,59,63,8.7
2025-05-19T01:30:00-07:00,60,62,9
2025-05-19T02:00:00-07:00,61,61,9
2025-05-19T02:30:00-07:00,62,61,9
2025-05-19T03:00:00-07:00,62,61,8.3
2025-05-19T03:30:00-07:00,62,60,8.5
2025-05-19T04:00:00-07:00,63,60,8.7
2025-05-19T04:30:00-07:00,64,59,8.8
2025-05-19T05:00:00-07:00,65,59,9.6
2025-05-19T05:30:00-07:00,66,59,10
2025-05-19T06:00:00-07:00,65,59,8.4
2025-05-19T06:30:00-07:00,65,60,8.7
2025-05-19T07:00:00-07:00,64,62,8.6
2025-05-19T07:30:00-07:00,61,64,8.1
2025-05-19T08:00:00-07:00,56,66,7.2
2025-05-19T08:30:00-07:00,52,68,6.4
2025-05-19T09:00:00-07:00,49,70,5.7
2025-05-19T09:30:00-07:00,45,73,5.5
2025-05-19T10:00:00-07:00,43,75,5.7
2025-05-19T10:30:00-07:00,41,76,5.4
2025-05-19T11:00:00-07:00,40,78,5.4
2025-05-19T11:30:00-07:00,39,79,5.4
2025-05-19T12:00:00-07:00,39,80,4.1
2025-05-19T12:30:00-07:00,39,80,2.9
2025-05-19T13:00:00-07:00,38,82,2.8
2025-05-19T13:30:00-07:00,39,81,2.3
2025-05-19T14:00:00-07:00,40,81,2.4
2025-05-19T14:30:00-07:00,39,81,2.2
2025-05-19T15:00:00-07:00,41,80,1.9
2025-05-19T15:30:00-07:00,41,80,1.6
2025-05-19T16:00:00-07:00,44,77,1.3
2025-05-19T16:30:00-07:00,48,75,1.2
2025-05-19T17:00:00-07:00,49,74,1.2
2025-05-19T17:30:00-07:00,48,75,1.3
2025-05-19T18:00:00-07:00,45,76,1.7
2025-05-19T18:30:00-07:00,44,77,1.7
2025-05-19T19:00:00-07:00,44,76,2.2
2025-05-19T19:30:00-07:00,48,73,2.5
2025-05-19T20:00:00-07:00,55,68,3.3
2025-05-19T20:30:00-07:00,58,67,3.3
2025-05-19T21:00:00-07:00,61,65,3.3
2025-05-19T21:30:00-07:00,63,64,3.7
2025-05-19T22:00:00-07:00,66,63,4
2025-05-19T22:30:00-07:00,67,63,4.1
2025-05-19T23:00:00-07:00,68,63,4
2025-05-19T23:30:00-07:00,68,63,4
2025-05-20T00:00:00-07:00,69,62,3.4
2025-05-20T00:30:00-07:00,70,61,3.2
2025-05-20T01:00:00-07:00,71,61,3.4
2025-05-20T01:30:00-07:00,71,61,3.7
2025-05-20T02:00:00-07:00,71,61,3.8
2025-05-20T02:30:00-07:00,71,61,3.7
2025-05-20T03:00:00-07:00,70,61,3.4
2025-05-20T03:30:00-07:00,70,61,3.4
2025-05-20T04:00:00-07:00,69,61,3.5
2025-05-20T04:30:00-07:00,69,61,3.9
2025-05-20T05:00:00-07:00,68,61,3.8
2025-05-20T05:30:00-07:00,68,60,4.6
2025-05-20T06:00:00-07:00,67,60,4.5
2025-05-20T06:30:00-07:00,68,61,5
2025-05-20T07:00:00-07:00,69,62,5
2025-05-20T07:30:00-07:00,66,64,4.7
2025-05-20T08:00:00-07:00,63,65,4.3
2025-05-20T08:30:00-07:00,59,68,3.8
2025-05-20T09:00:00-07:00,52,70,3.2
2025-05-20T09:30:00-07:00,49,72,3.1
2025-05-20T10:00:00-07:00,44,73,2.9
2025-05-20T10:30:00-07:00,40,75,2.6
2025-05-20T11:00:00-07:00,35,77,2.2
2025-05-20T11:30:00-07:00,29,78,1.5
2025-05-20T12:00:00-07:00,27,79,1.2
2025-05-20T12:30:00-07:00,29,80,2
2025-05-20T13:00:00-07:00,33,80,2.9
2025-05-20T13:30:00-07:00,36,79,3.5
2025-05-20T14:00:00-07:00,35,78,2.9
2025-05-20T14:30:00-07:00,33,78,2.3
2025-05-20T15:00:00-07:00,31,79,2.3
2025-05-20T15:30:00-07:00,32,78,2.3
2025-05-20T16:00:00-07:00,36,76,2.9
2025-05-20T16:30:00-07:00,39,75,3.2
2025-05-20T17:00:00-07:00,42,73,3.4
2025-05-20T17:30:00-07:00,41,73,4
2025-05-20T18:00:00-07:00,38,75,4
2025-05-20T18:30:00-07:00,38,75,4.4
2025-05-20T19:00:00-07:00,39,73,4.5
2025-05-20T19:30:00-07:00,44,69,4.9
2025-05-20T20:00:00-07:00,50,65,5.2
2025-05-20T20:30:00-07:00,55,63,6.6
2025-05-20T21:00:00-07:00,57,62,6.7
2025-05-20T21:30:00-07:00,59,62,7.2
2025-05-20T22:00:00-07:00,58,62,7.3
2025-05-20T22:30:00-07:00,58,62,7.5
2025-05-20T23:00:00-07:00,59,61,7.6
2025-05-20T23:30:00-07:00,60,61,7.7
2025-05-21T00:00:00-07:00,61,61,8.1
2025-05-21T00:30:00-07:00,61,61,8.4
2025-05-21T01:00:00-07:00,62,60,8.2
2025-05-21T01:30:00-07:00,60,60,8.1
2025-05-21T02:00:00-07:00,60,60,8.2
2025-05-21T02:30:00-07:00,61,59,7.3
2025-05-21T03:00:00-07:00,61,58,6.4
2025-05-21T03:30:00-07:00,61,58,6.3
2025-05-21T04:00:00-07:00,61,58,6.7
2025-05-21T04:30:00-07:00,61,57,6.9
2025-05-21T05:00:00-07:00,61,57,6.9
2025-05-21T05:30:00-07:00,62,57,6.9
2025-05-21T06:00:00-07:00,62,57,6.8
2025-05-21T06:30:00-07:00,61,58,7
2025-05-21T07:00:00-07:00,61,60,8.4
2025-05-21T07:30:00-07:00,61,62,8.9
2025-05-21T08:00:00-07:00,58,65,8.3
2025-05-21T08:30:00-07:00,51,68,7.2
2025-05-21T09:00:00-07:00,47,71,7.5
2025-05-21T09:30:00-07:00,44,73,7.1
2025-05-21T10:00:00-07:00,41,76,6.6
2025-05-21T10:30:00-07:00,38,78,6.1
2025-05-21T11:00:00-07:00,38,79,5.7
2025-05-21T11:30:00-07:00,34,81,4.6
2025-05-21T12:00:00-07:00,32,83,4.6
2025-05-21T12:30:00-07:00,29,85,5.8
2025-05-21T13:00:00-07:00,27,86,4.2
2025-05-21T13:30:00-07:00,27,87,4.8
2025-05-21T14:00:00-07:00,36,83,6.2
2025-05-21T14:30:00-07:00,40,79,5.5
2025-05-21T15:00:00-07:00,39,78,4.7
2025-05-21T15:30:00-07:00,35,81,4
2025-05-21T16:00:00-07:00,37,80,4.3
2025-05-21T16:30:00-07:00,39,79,4.8
2025-05-21T17:00:00-07:00,38,79,4.6
2025-05-21T17:30:00-07:00,35,79,4
2025-05-21T18:00:00-07:00,34,80,4.1
2025-05-21T18:30:00-07:00,37,77,4.2
2025-05-21T19:00:00-07:00,39,75,4.1
2025-05-21T19:30:00-07:00,47,70,4.2
2025-05-21T20:00:00-07:00,54,66,5.8
2025-05-21T20:30:00-07:00,56,64,4.7
2025-05-21T21:00:00-07:00,56,64,4.6
2025-05-21T21:30:00-07:00,56,65,4.8
2025-05-21T22:00:00-07:00,55,65,4.8
2025-05-21T22:30:00-07:00,56,64,4.8
2025-05-21T23:00:00-07:00,57,64,6.5
2025-05-21T23:30:00-07:00,58,63,5.2
2025-05-22T00:00:00-07:00,59,63,5.8
2025-05-22T00:30:00-07:00,62,61,6.2
2025-05-22T01:00:00-07:00,63,61,5.4
2025-05-22T01:30:00-07:00,64,60,5
2025-05-22T02:00:00-07:00,64,60,4.3
2025-05-22T02:30:00-07:00,65,60,4.8
2025-05-22T03:00:00-07:00,67,59,5.4
2025-05-22T03:30:00-07:00,67,59,4.1
2025-05-22T04:00:00-07:00,66,59,3.8
2025-05-22T04:30:00-07:00,64,60,3.6
2025-05-22T05:00:00-07:00,64,60,3.8
2025-05-22T05:30:00-07:00,66,59,4.2
2025-05-22T06:00:00-07:00,67,59,4.6
2025-05-22T06:30:00-07:00,65,60,4.9
2025-05-22T07:00:00-07:00,64,61,4.8
2025-05-22T07:30:00-07:00,61,63,4.6
2025-05-22T08:00:00-07:00,57,65,4.1
2025-05-22T08:30:00-07:00,52,66,3.7
2025-05-22T09:00:00-07:00,51,68,3.6
2025-05-22T09:30:00-07:00,49,69,3.5
2025-05-22T10:00:00-07:00,47,70,3.4
2025-05-22T10:30:00-07:00,46,71,3.4
2025-05-22T11:00:00-07:00,44,72,3.1
2025-05-22T11:30:00-07:00,43,73,2.8
2025-05-22T12:00:00-07:00,41,74,2.8
2025-05-22T12:30:00-07:00,40,75,2.5
2025-05-22T13:00:00-07:00,38,75,2.2
2025-05-22T13:30:00-07:00,37,75,2.2
2025-05-22T14:00:00-07:00,37,75,2.4
2025-05-22T14:30:00-07:00,37,75,2.2
2025-05-22T15:00:00-07:00,38,74,2.3
2025-05-22T15:30:00-07:00,40,73,2.3
2025-05-22T16:00:00-07:00,41,72,2.3
2025-05-22T16:30:00-07:00,42,71,2.1
2025-05-22T17:00:00-07:00,43,71,2.2
2025-05-22T17:30:00-07:00,44,70,2.2
2025-05-22T18:00:00-07:00,41,72,1.9
2025-05-22T18:30:00-07:00,39,74,1.7
2025-05-22T19:00:00-07:00,43,71,1.7
2025-05-22T19:30:00-07:00,47,67,1.7
2025-05-22T20:00:00-07:00,54,63,1.9
2025-05-22T20:30:00-07:00,57,62,1.9
2025-05-22T21:00:00-07:00,58,61,2
2025-05-22T21:30:00-07:00,59,61,2.1
2025-05-22T22:00:00-07:00,60,61,1.9
2025-05-22T22:30:00-07:00,60,61,1.9
2025-05-22T23:00:00-07:00,60,61,2
2025-05-22T23:30:00-07:00,60,60,2.1
2025-05-23T00:00:00-07:00,61,60,2.1
2025-05-23T00:30:00-07:00,62,60,2.9
2025-05-23T01:00:00-07:00,62,61,2.7
2025-05-23T01:30:00-07:00,62,61,2.5
2025-05-23T02:00:00-07:00,63,60,2.6
2025-05-23T02:30:00-07:00,63,60,2.6
2025-05-23T03:00:00-07:00,63,60,2.4
2025-05-23T03:30:00-07:00,63,60,2.3
2025-05-23T04:00:00-07:00,63,60,2.5
2025-05-23T04:30:00-07:00,62,60,2.4
2025-05-23T05:00:00-07:00,60,61,2.3
2025-05-23T05:30:00-07:00,60,61,2.4
2025-05-23T06:00:00-07:00,60,61,2.4
2025-05-23T06:30:00-07:00,62,60,2.6
2025-05-23T07:00:00-07:00,61,60,2.4
2025-05-23T07:30:00-07:00,61,61,3
2025-05-23T08:00:00-07:00,60,62,3.5
2025-05-23T08:30:00-07:00,57,63,3.4
2025-05-23T09:00:00-07:00,54,65,3.4
2025-05-23T09:30:00-07:00,53,66,4.1
2025-05-23T10:00:00-07:00,52,67,4
2025-05-23T10:30:00-07:00,50,68,4.1
2025-05-23T11:00:00-07:00,50,68,4.2
2025-05-23T11:30:00-07:00,49,69,4.4
2025-05-23T12:00:00-07:00,47,71,4.3
2025-05-23T12:30:00-07:00,46,71,4.2
2025-05-23T13:00:00-07:00,46,72,4.2
2025-05-23T13:30:00-07:00,47,71,4.3
2025-05-23T14:00:00-07:00,46,71,4.4
2025-05-23T14:30:00-07:00,45,72,4.1
2025-05-23T15:00:00-07:00,44,72,4.2
2025-05-23T15:30:00-07:00,45,71,4.7
2025-05-23T16:00:00-07:00,47,70,4.8
2025-05-23T16:30:00-07:00,47,70,4.7
2025-05-23T17:00:00-07:00,48,70,4.6
2025-05-23T17:30:00-07:00,48,70,4.7
2025-05-23T18:00:00-07:00,47,71,4.8
2025-05-23T18:30:00-07:00,45,72,4.8
2025-05-23T19:00:00-07:00,47,71,4.8
2025-05-23T19:30:00-07:00,53,66,5.4
2025-05-23T20:00:00-07:00,59,62,5.6
2025-05-23T20:30:00-07:00,63,61,5.9
2025-05-23T21:00:00-07:00,64,61,5.9
2025-05-23T21:30:00-07:00,64,61,5.9
2025-05-23T22:00:00-07:00,64,61,5.8
2025-05-23T22:30:00-07:00,64,61,5.7
2025-05-23T23:00:00-07:00,64,60,5.6
2025-05-23T23:30:00-07:00,64,60,5.2
2025-05-24T00:00:00-07:00,64,60,5.5
2025-05-24T00:30:00-07:00,66,60,5.6
2025-05-24T01:00:00-07:00,66,59,5.4
2025-05-24T01:30:00-07:00,67,59,4.7
2025-05-24T02:00:00-07:00,67,59,5.1
2025-05-24T02:30:00-07:00,67,59,4.7
2025-05-24T03:00:00-07:00,67,59,4.6
2025-05-24T03:30:00-07:00,67,59,4.8
2025-05-24T04:00:00-07:00,68,59,5
2025-05-24T04:30:00-07:00,68,59,4.5
2025-05-24T05:00:00-07:00,67,59,4.3
2025-05-24T05:30:00-07:00,66,60,4.9
2025-05-24T06:00:00-07:00,66,61,5.2
2025-05-24T06:30:00-07:00,64,62,5.6
2025-05-24T07:00:00-07:00,63,62,6.5
2025-05-24T07:30:00-07:00,62,62,11
2025-05-24T08:00:00-07:00,61,63,11
2025-05-24T08:30:00-07:00,59,64,10.1
2025-05-24T09:00:00-07:00,56,65,9.3
2025-05-24T09:30:00-07:00,53,67,7.3
2025-05-24T10:00:00-07:00,49,69,5.8
2025-05-24T10:30:00-07:00,51,69,5.1
2025-05-24T11:00:00-07:00,50,70,4.9
2025-05-24T11:30:00-07:00,49,71,4.7
2025-05-24T12:00:00-07:00,48,72,4.9
2025-05-24T12:30:00-07:00,49,71,5.9
2025-05-24T13:00:00-07:00,49,71,6.3
2025-05-24T13:30:00-07:00,49,71,6.1
2025-05-24T14:00:00-07:00,50,70,5.7
2025-05-24T14:30:00-07:00,50,70,5.6
2025-05-24T15:00:00-07:00,50,70,5.3
2025-05-24T15:30:00-07:00,49,71,5
2025-05-24T16:00:00-07:00,48,71,4.5
2025-05-24T16:30:00-07:00,48,70,4.4
2025-05-24T17:00:00-07:00,48,70,4.2
2025-05-24T17:30:00-07:00,48,70,4.1
2025-05-24T18:00:00-07:00,46,72,3.4
2025-05-24T18:30:00-07:00,46,71,3.3
2025-05-24T19:00:00-07:00,47,70,3.8
2025-05-24T19:30:00-07:00,50,68,4.9
2025-05-24T20:00:00-07:00,56,64,4.2
2025-05-24T20:30:00-07:00,58,62,3
2025-05-24T21:00:00-07:00,59,62,2.8
2025-05-24T21:30:00-07:00,59,62,2.4
2025-05-24T22:00:00-07:00,59,62,2.2
2025-05-24T22:30:00-07:00,60,62,2.2
2025-05-24T23:00:00-07:00,60,62,2.5
2025-05-24T23:30:00-07:00,60,62,2.5
2025-05-25T00:00:00-07:00,61,61,2.7
2025-05-25T00:30:00-07:00,61,61,2.6
2025-05-25T01:00:00-07:00,61,61,2.3
2025-05-25T01:30:00-07:00,62,60,2.3
2025-05-25T02:00:00-07:00,62,60,2.2
2025-05-25T02:30:00-07:00,62,60,1.9
2025-05-25T03:00:00-07:00,63,60,1.8
2025-05-25T03:30:00-07:00,62,60,1.8
2025-05-25T04:00:00-07:00,62,60,1.7
2025-05-25T04:30:00-07:00,61,61,1.5
2025-05-25T05:00:00-07:00,61,60,1.6
2025-05-25T05:30:00-07:00,62,60,1.8
2025-05-25T06:00:00-07:00,63,60,1.7
2025-05-25T06:30:00-07:00,62,61,1.8
2025-05-25T07:00:00-07:00,62,61,2
2025-05-25T07:30:00-07:00,61,61,1.9
2025-05-25T08:00:00-07:00,61,61,2
2025-05-25T08:30:00-07:00,59,63,1.7
2025-05-25T09:00:00-07:00,57,63,1.3
2025-05-25T09:30:00-07:00,56,65,1.1
2025-05-25T10:00:00-07:00,54,66,1
2025-05-25T10:30:00-07:00,51,68,0.7
2025-05-25T11:00:00-07:00,50,68,0.8
2025-05-25T11:30:00-07:00,50,69,0.8
2025-05-25T12:00:00-07:00,47,70,1
2025-05-25T12:30:00-07:00,47,70,1.2
2025-05-25T13:00:00-07:00,45,70,1.3
2025-05-25T13:30:00-07:00,43,71,1.3
2025-05-25T14:00:00-07:00,43,71,1.3
2025-05-25T14:30:00-07:00,44,71,1.2
2025-05-25T15:00:00-07:00,44,71,1.1
2025-05-25T15:30:00-07:00,45,70,1
2025-05-25T16:00:00-07:00,45,71,1
2025-05-25T16:30:00-07:00,44,71,0.9
2025-05-25T17:00:00-07:00,46,70,1.2
2025-05-25T17:30:00-07:00,45,71,1.5
2025-05-25T18:00:00-07:00,43,72,1.4
2025-05-25T18:30:00-07:00,44,71,1.5
2025-05-25T19:00:00-07:00,46,70,1.5
2025-05-25T19:30:00-07:00,50,67,1.7
2025-05-25T20:00:00-07:00,55,64,2
2025-05-25T20:30:00-07:00,57,64,1.8
2025-05-25T21:00:00-07:00,58,64,2.1
2025-05-25T21:30:00-07:00,60,63,1.9
2025-05-25T22:00:00-07:00,62,63,2.1
2025-05-25T22:30:00-07:00,63,63,1.9
2025-05-25T23:00:00-07:00,64,63,1.6
2025-05-25T23:30:00-07:00,63,63,1.2
2025-05-26T00:00:00-07:00,62,63,0.8
2025-05-26T00:30:00-07:00,62,63,0.8
2025-05-26T01:00:00-07:00,62,64,0.8
2025-05-26T01:30:00-07:00,62,64,0.8
2025-05-26T02:00:00-07:00,63,63,1.5
2025-05-26T02:30:00-07:00,64,63,0.5
2025-05-26T03:00:00-07:00,65,63,0.8
2025-05-26T03:30:00-07:00,65,63,1.1
2025-05-26T04:00:00-07:00,66,63,1.2
2025-05-26T04:30:00-07:00,66,63,1.3
2025-05-26T05:00:00-07:00,66,63,1.4
2025-05-26T05:30:00-07:00,64,63,1.3
2025-05-26T06:00:00-07:00,65,63,1.5
2025-05-26T06:30:00-07:00,64,64,1.6
2025-05-26T07:00:00-07:00,63,64,1.8
2025-05-26T07:30:00-07:00,62,65,1.7
2025-05-26T08:00:00-07:00,64,65,1.6
2025-05-26T08:30:00-07:00,66,65,1.3
2025-05-26T09:00:00-07:00,67,65,0.5
2025-05-26T09:30:00-07:00,65,66,0.1
2025-05-26T10:00:00-07:00,60,68,0.2
2025-05-26T10:30:00-07:00,54,70,0.2
2025-05-26T11:00:00-07:00,49,71,0.1
2025-05-26T11:30:00-07:00,46,73,0.2
2025-05-26T12:00:00-07:00,44,75,0.3
2025-05-26T12:30:00-07:00,44,76,0.9
2025-05-26T13:00:00-07:00,44,76,1.2
2025-05-26T13:30:00-07:00,46,74,0.8
2025-05-26T14:00:00-07:00,48,74,0.6
2025-05-26T14:30:00-07:00,50,73,0.8
2025-05-26T15:00:00-07:00,51,73,0.7
2025-05-26T15:30:00-07:00,50,73,0.8
2025-05-26T16:00:00-07:00,51,72,0.9
2025-05-26T16:30:00-07:00,52,72,0.7
2025-05-26T17:00:00-07:00,50,72,0.7
2025-05-26T17:30:00-07:00,50,72,1.2
2025-05-26T18:00:00-07:00,50,72,1.8
2025-05-26T18:30:00-07:00,57,67,2.4
2025-05-26T19:00:00-07:00,62,65,2.9
2025-05-26T19:30:00-07:00,63,64,3.5
2025-05-26T20:00:00-07:00,65,63,4.1
2025-05-26T20:30:00-07:00,66,62,4.5
2025-05-26T21:00:00-07:00,67,62,4.6
2025-05-26T21:30:00-07:00,66,62,3.8
2025-05-26T22:00:00-07:00,64,63,3.8
2025-05-26T22:30:00-07:00,64,63,3.9
2025-05-26T23:00:00-07:00,63,63,3.9
2025-05-26T23:30:00-07:00,63,63,3.2
2025-05-27T00:00:00-07:00,64,62,2.6
2025-05-27T00:30:00-07:00,65,62,2.6
2025-05-27T01:00:00-07:00,66,61,2.5
2025-05-27T01:30:00-07:00,65,61,2.9
2025-05-27T02:00:00-07:00,65,61,3.4
2025-05-27T02:30:00-07:00,64,60,2.9
2025-05-27T03:00:00-07:00,64,60,3.1
2025-05-27T03:30:00-07:00,64,59,3
2025-05-27T04:00:00-07:00,65,58,3.2
2025-05-27T04:30:00-07:00,66,58,3.5
2025-05-27T05:00:00-07:00,66,58,3.5
2025-05-27T05:30:00-07:00,66,58,3.6
2025-05-27T06:00:00-07:00,67,59,3.7
2025-05-27T06:30:00-07:00,67,60,4.2
2025-05-27T07:00:00-07:00,67,62,10.6
2025-05-27T07:30:00-07:00,65,63,13.8
2025-05-27T08:00:00-07:00,62,65,15
2025-05-27T08:30:00-07:00,58,66,11.1
2025-05-27T09:00:00-07:00,54,69,8.5
2025-05-27T09:30:00-07:00,50,72,6.2
2025-05-27T10:00:00-07:00,47,73,6.1
2025-05-27T10:30:00-07:00,44,75,5
2025-05-27T11:00:00-07:00,41,78,3.6
2025-05-27T11:30:00-07:00,42,79,5.1
2025-05-27T12:00:00-07:00,42,80,5.7
2025-05-27T12:30:00-07:00,41,80,5.3
2025-05-27T13:00:00-07:00,41,80,4.9
2025-05-27T13:30:00-07:00,38,82,4.2
2025-05-27T14:00:00-07:00,37,84,4.2
2025-05-27T14:30:00-07:00,37,85,5.7
2025-05-27T15:00:00-07:00,38,84,5.2
2025-05-27T15:30:00-07:00,37,84,5
2025-05-27T16:00:00-07:00,37,84,4.7
2025-05-27T16:30:00-07:00,38,82,5.3
2025-05-27T17:00:00-07:00,41,80,5.3
2025-05-27T17:30:00-07:00,44,78,4.8
2025-05-27T18:00:00-07:00,45,77,4.5
2025-05-27T18:30:00-07:00,41,78,3.8
2025-05-27T19:00:00-07:00,41,77,4.1
2025-05-27T19:30:00-07:00,45,73,3.8
2025-05-27T20:00:00-07:00,54,67,4.3
2025-05-27T20:30:00-07:00,60,65,4.7
2025-05-27T21:00:00-07:00,65,64,5.2
2025-05-27T21:30:00-07:00,68,62,5.4
2025-05-27T22:00:00-07:00,69,62,5.2
2025-05-27T22:30:00-07:00,71,61,5.2
2025-05-27T23:00:00-07:00,71,60,5
2025-05-27T23:30:00-07:00,71,60,4.7
2025-05-28T00:00:00-07:00,71,61,4.3
2025-05-28T00:30:00-07:00,70,61,4.3
2025-05-28T01:00:00-07:00,71,61,4.5
2025-05-28T01:30:00-07:00,70,61,4.5
2025-05-28T02:00:00-07:00,70,61,5.2
2025-05-28T02:30:00-07:00,70,61,5.5
2025-05-28T03:00:00-07:00,70,61,5.5
2025-05-28T03:30:00-07:00,70,61,4.5
2025-05-28T04:00:00-07:00,69,61,3.6
2025-05-28T04:30:00-07:00,68,61,2.7
2025-05-28T05:00:00-07:00,68,61,2.4
2025-05-28T05:30:00-07:00,69,61,2
2025-05-28T06:00:00-07:00,68,61,1.6
2025-05-28T06:30:00-07:00,67,61,1.5
2025-05-28T07:00:00-07:00,66,62,1.7
2025-05-28T07:30:00-07:00,65,62,1.8
2025-05-28T08:00:00-07:00,64,63,2.1
2025-05-28T08:30:00-07:00,62,65,2.4
2025-05-28T09:00:00-07:00,58,66,2.8
2025-05-28T09:30:00-07:00,56,67,2.9
2025-05-28T10:00:00-07:00,55,68,3.1
2025-05-28T10:30:00-07:00,56,67,4
2025-05-28T11:00:00-07:00,58,66,4.3
2025-05-28T11:30:00-07:00,59,66,3.4
2025-05-28T12:00:00-07:00,59,66,3.1
2025-05-28T12:30:00-07:00,57,67,2.9
2025-05-28T13:00:00-07:00,56,67,3.4
2025-05-28T13:30:00-07:00,54,68,3.3
2025-05-28T14:00:00-07:00,51,69,3.2
2025-05-28T14:30:00-07:00,49,70,2.9
2025-05-28T15:00:00-07:00,48,71,2.7
2025-05-28T15:30:00-07:00,45,73,2.4
2025-05-28T16:00:00-07:00,44,74,2.2
2025-05-28T16:30:00-07:00,46,72,2.1
2025-05-28T17:00:00-07:00,48,70,1.9
2025-05-28T17:30:00-07:00,48,71,1.8
2025-05-28T18:00:00-07:00,45,72,1.5
2025-05-28T18:30:00-07:00,44,73,1.4
2025-05-28T19:00:00-07:00,45,72,1.3
2025-05-28T19:30:00-07:00,50,68,1.1
2025-05-28T20:00:00-07:00,57,64,1.1
2025-05-28T20:30:00-07:00,60,63,1.1
2025-05-28T21:00:00-07:00,61,63,0.8
2025-05-28T21:30:00-07:00,62,63,0.9
2025-05-28T22:00:00-07:00,63,62,0.8
2025-05-28T22:30:00-07:00,62,63,0.8
2025-05-28T23:00:00-07:00,61,63,0.7
2025-05-28T23:30:00-07:00,61,63,1.1
2025-05-29T00:00:00-07:00,63,63,1.2
2025-05-29T00:30:00-07:00,64,62,1.4
2025-05-29T01:00:00-07:00,63,62,0.9
2025-05-29T01:30:00-07:00,64,61,0.9
2025-05-29T02:00:00-07:00,64,61,0.9
2025-05-29T02:30:00-07:00,66,61,1
2025-05-29T03:00:00-07:00,66,62,0.7
2025-05-29T03:30:00-07:00,65,62,0.6
2025-05-29T04:00:00-07:00,64,63,0.7
2025-05-29T04:30:00-07:00,63,63,0.8
2025-05-29T05:00:00-07:00,65,62,0.9
2025-05-29T05:30:00-07:00,67,62,1.1
2025-05-29T06:00:00-07:00,68,62,0.9
2025-05-29T06:30:00-07:00,68,62,0.9
2025-05-29T07:00:00-07:00,69,61,1.2
2025-05-29T07:30:00-07:00,67,63,1.4
2025-05-29T08:00:00-07:00,64,64,1.5
2025-05-29T08:30:00-07:00,61,66,1.1
2025-05-29T09:00:00-07:00,57,69,1.2
2025-05-29T09:30:00-07:00,52,71,1
2025-05-29T10:00:00-07:00,48,73,1
2025-05-29T10:30:00-07:00,44,76,0.9
2025-05-29T11:00:00-07:00,41,77,0.7
2025-05-29T11:30:00-07:00,43,78,1.2
2025-05-29T12:00:00-07:00,41,79,1.5
2025-05-29T12:30:00-07:00,38,80,1
2025-05-29T13:00:00-07:00,35,81,0.9
2025-05-29T13:30:00-07:00,34,83,1.5
2025-05-29T14:00:00-07:00,36,83,1.6
2025-05-29T14:30:00-07:00,38,82,3.2
2025-05-29T15:00:00-07:00,40,82,1.4
2025-05-29T15:30:00-07:00,40,82,1.5
2025-05-29T16:00:00-07:00,41,81,1.3
2025-05-29T16:30:00-07:00,43,80,1.5
2025-05-29T17:00:00-07:00,43,79,1.3
2025-05-29T17:30:00-07:00,45,79,1.5
2025-05-29T18:00:00-07:00,45,79,1.8
2025-05-29T18:30:00-07:00,45,79,2.2
2025-05-29T19:00:00-07:00,44,79,2.2
2025-05-29T19:30:00-07:00,51,74,2.6
2025-05-29T20:00:00-07:00,60,69,2.9
2025-05-29T20:30:00-07:00,64,67,3.3
2025-05-29T21:00:00-07:00,67,66,3.4
2025-05-29T21:30:00-07:00,67,66,3.1
2025-05-29T22:00:00-07:00,69,65,3.5
2025-05-29T22:30:00-07:00,69,65,3.1
2025-05-29T23:00:00-07:00,70,64,3.3
2025-05-29T23:30:00-07:00,71,64,3.4
2025-05-30T00:00:00-07:00,72,63,3.2
2025-05-30T00:30:00-07:00,73,63,3.4
2025-05-30T01:00:00-07:00,72,63,4.4
2025-05-30T01:30:00-07:00,72,62,3.6
2025-05-30T02:00:00-07:00,72,63,3
2025-05-30T02:30:00-07:00,71,63,3.2
2025-05-30T03:00:00-07:00,69,63,3.2
2025-05-30T03:30:00-07:00,67,63,3.3
2025-05-30T04:00:00-07:00,67,62,3.2
2025-05-30T04:30:00-07:00,68,62,3.3
2025-05-30T05:00:00-07:00,68,62,3.6
2025-05-30T05:30:00-07:00,68,61,3.7
2025-05-30T06:00:00-07:00,68,62,4
2025-05-30T06:30:00-07:00,69,63,4.7
2025-05-30T07:00:00-07:00,69,64,4.2
2025-05-30T07:30:00-07:00,67,67,4.4
2025-05-30T08:00:00-07:00,64,69,4.5
2025-05-30T08:30:00-07:00,60,71,4.3
2025-05-30T09:00:00-07:00,56,74,4.4
2025-05-30T09:30:00-07:00,51,77,4.2
2025-05-30T10:00:00-07:00,47,79,3.8
2025-05-30T10:30:00-07:00,45,82,4.1
2025-05-30T11:00:00-07:00,42,84,5.1
2025-05-30T11:30:00-07:00,41,86,5.7
2025-05-30T12:00:00-07:00,39,88,5.4
2025-05-30T12:30:00-07:00,38,90,5.2
2025-05-30T13:00:00-07:00,34,92,3.5
2025-05-30T13:30:00-07:00,32,94,3.1
2025-05-30T14:00:00-07:00,30,95,2.7
2025-05-30T14:30:00-07:00,29,97,3.2
2025-05-30T15:00:00-07:00,29,97,3.9
2025-05-30T15:30:00-07:00,28,97,3.1
2025-05-30T16:00:00-07:00,28,97,3.3
2025-05-30T16:30:00-07:00,28,97,2.7
2025-05-30T17:00:00-07:00,28,95,2.9
2025-05-30T17:30:00-07:00,30,94,3.4
2025-05-30T18:00:00-07:00,31,93,3.9
2025-05-30T18:30:00-07:00,30,95,4.1
2025-05-30T19:00:00-07:00,29,95,3.7
2025-05-30T19:30:00-07:00,31,92,3.8
2025-05-30T20:00:00-07:00,43,83,5
2025-05-30T20:30:00-07:00,50,78,5.5
2025-05-30T21:00:00-07:00,54,76,6.2
2025-05-30T21:30:00-07:00,56,75,7.6
2025-05-30T22:00:00-07:00,57,73,8.4
2025-05-30T22:30:00-07:00,58,73,10.4
2025-05-30T23:00:00-07:00,59,71,9.8
2025-05-30T23:30:00-07:00,60,71,9
2025-05-31T00:00:00-07:00,60,70,9.6
2025-05-31T00:30:00-07:00,62,70,9
2025-05-31T01:00:00-07:00,62,69,8.7
2025-05-31T01:30:00-07:00,62,69,9.8
2025-05-31T02:00:00-07:00,63,68,11.1
2025-05-31T02:30:00-07:00,62,68,10.8
2025-05-31T03:00:00-07:00,62,68,11
2025-05-31T03:30:00-07:00,62,68,11.2
2025-05-31T04:00:00-07:00,62,67,10.5
2025-05-31T04:30:00-07:00,64,67,10.2
2025-05-31T05:00:00-07:00,65,66,9.4
2025-05-31T05:30:00-07:00,65,66,9.6
2025-05-31T06:00:00-07:00,64,66,9.4
2025-05-31T06:30:00-07:00,65,66,10.3
2025-05-31T07:00:00-07:00,64,68,11
2025-05-31T07:30:00-07:00,62,70,11.6
2025-05-31T08:00:00-07:00,59,73,11.4
2025-05-31T08:30:00-07:00,55,75,10.8
2025-05-31T09:00:00-07:00,51,78,10
2025-05-31T09:30:00-07:00,47,81,9.6
2025-05-31T10:00:00-07:00,44,84,9.6
2025-05-31T10:30:00-07:00,44,85,9.5
2025-05-31T11:00:00-07:00,41,87,8.9
2025-05-31T11:30:00-07:00,37,90,8.1
2025-05-31T12:00:00-07:00,35,92,7.4
2025-05-31T12:30:00-07:00,34,92,7
2025-05-31T13:00:00-07:00,33,93,5.6
2025-05-31T13:30:00-07:00,31,94,5.3
2025-05-31T14:00:00-07:00,30,95,5.7
2025-05-31T14:30:00-07:00,30,95,6.1
2025-05-31T15:00:00-07:00,30,94,6.3
2025-05-31T15:30:00-07:00,30,93,6.5
2025-05-31T16:00:00-07:00,28,94,5.5
2025-05-31T16:30:00-07:00,27,91,4.4
2025-05-31T17:00:00-07:00,30,90,5.1
2025-05-31T17:30:00-07:00,31,89,5.7
2025-05-31T18:00:00-07:00,32,89,6.6
2025-05-31T18:30:00-07:00,33,89,6.3
2025-05-31T19:00:00-07:00,32,89,6.5
2025-05-31T19:30:00-07:00,37,82,6.1
2025-05-31T20:00:00-07:00,43,77,6.6
2025-05-31T20:30:00-07:00,45,75,6.8
2025-05-31T21:00:00-07:00,48,73,6.8
2025-05-31T21:30:00-07:00,50,72,7
2025-05-31T22:00:00-07:00,52,71,7
2025-05-31T22:30:00-07:00,54,70,6.6
2025-05-31T23:00:00-07:00,53,70,7.2
2025-05-31T23:30:00-07:00,57,69,6.9
2025-06-01T00:00:00-07:00,56,69,7.3
2025-06-01T00:30:00-07:00,57,68,8
2025-06-01T01:00:00-07:00,58,67,7.8
2025-06-01T01:30:00-07:00,60,67,8.2
2025-06-01T02:00:00-07:00,61,66,8.6
2025-06-01T02:30:00-07:00,63,66,8.4
2025-06-01T03:00:00-07:00,63,65,8.9
2025-06-01T03:30:00-07:00,64,65,8.2
2025-06-01T04:00:00-07:00,64,65,8.6
2025-06-01T04:30:00-07:00,64,65,8.3
2025-06-01T05:00:00-07:00,64,64,9.1
2025-06-01T05:30:00-07:00,65,64,9.2
2025-06-01T06:00:00-07:00,65,64,9.6
2025-06-01T06:30:00-07:00,66,64,9.8
2025-06-01T07:00:00-07:00,66,65,9.4
2025-06-01T07:30:00-07:00,65,65,8.7
2025-06-01T08:00:00-07:00,63,67,9.1
2025-06-01T08:30:00-07:00,59,69,8.4
2025-06-01T09:00:00-07:00,56,70,7.9
2025-06-01T09:30:00-07:00,53,71,7.1
2025-06-01T10:00:00-07:00,53,72,7.5
2025-06-01T10:30:00-07:00,51,73,7.3
2025-06-01T11:00:00-07:00,50,74,6.9
2025-06-01T11:30:00-07:00,50,74,7.2
2025-06-01T12:00:00-07:00,50,74,7.4
2025-06-01T12:30:00-07:00,50,74,6.9
2025-06-01T13:00:00-07:00,48,75,6.8
2025-06-01T13:30:00-07:00,47,76,7
2025-06-01T14:00:00-07:00,46,76,7.3
2025-06-01T14:30:00-07:00,47,74,8.4
2025-06-01T15:00:00-07:00,47,74,9
2025-06-01T15:30:00-07:00,48,73,9.7
2025-06-01T16:00:00-07:00,49,73,9.7
2025-06-01T16:30:00-07:00,49,72,9.7
2025-06-01T17:00:00-07:00,48,72,10.2
2025-06-01T17:30:00-07:00,47,73,10.1
2025-06-01T18:00:00-07:00,47,73,10.4
2025-06-01T18:30:00-07:00,45,74,10.1
2025-06-01T19:00:00-07:00,46,72,10.2
2025-06-01T19:30:00-07:00,50,69,11.1
2025-06-01T20:00:00-07:00,56,65,12.2
2025-06-01T20:30:00-07:00,59,63,12.6
2025-06-01T21:00:00-07:00,61,63,12.7
2025-06-01T21:30:00-07:00,62,62,12.2
2025-06-01T22:00:00-07:00,63,61,12.1
2025-06-01T22:30:00-07:00,64,61,12
2025-06-01T23:00:00-07:00,64,61,12
2025-06-01T23:30:00-07:00,63,62,11.9
2025-06-02T00:00:00-07:00,62,62,12
2025-06-02T00:30:00-07:00,62,62,11.6
2025-06-02T01:00:00-07:00,63,62,11
2025-06-02T01:30:00-07:00,63,62,11.2
2025-06-02T02:00:00-07:00,64,62,10.7
2025-06-02T02:30:00-07:00,64,61,11.1
2025-06-02T03:00:00-07:00,65,60,11.4
2025-06-02T03:30:00-07:00,65,60,11
2025-06-02T04:00:00-07:00,65,60,10.8
2025-06-02T04:30:00-07:00,65,60,9.4
2025-06-02T05:00:00-07:00,65,59,8.1
2025-06-02T05:30:00-07:00,65,59,7.1
2025-06-02T06:00:00-07:00,64,60,6.7
2025-06-02T06:30:00-07:00,65,60,6.3
2025-06-02T07:00:00-07:00,64,62,6.3
2025-06-02T07:30:00-07:00,62,63,5.5
2025-06-02T08:00:00-07:00,58,65,5
2025-06-02T08:30:00-07:00,55,66,4.5
2025-06-02T09:00:00-07:00,52,69,5.4
2025-06-02T09:30:00-07:00,48,72,5.7
2025-06-02T10:00:00-07:00,45,73,5.6
2025-06-02T10:30:00-07:00,43,75,5.5
2025-06-02T11:00:00-07:00,41,77,5.6
2025-06-02T11:30:00-07:00,38,79,5.3
2025-06-02T12:00:00-07:00,36,81,5.2
2025-06-02T12:30:00-07:00,35,83,5.1
2025-06-02T13:00:00-07:00,36,82,4.6
2025-06-02T13:30:00-07:00,36,82,4.4
2025-06-02T14:00:00-07:00,36,82,4.3
2025-06-02T14:30:00-07:00,37,81,4.2
2025-06-02T15:00:00-07:00,37,81,4.2
2025-06-02T15:30:00-07:00,38,80,4.2
2025-06-02T16:00:00-07:00,39,79,3.8
2025-06-02T16:30:00-07:00,40,78,3.3
2025-06-02T17:00:00-07:00,40,77,3.5
2025-06-02T17:30:00-07:00,42,76,3.6
2025-06-02T18:00:00-07:00,42,77,3.8
2025-06-02T18:30:00-07:00,41,78,3.6
2025-06-02T19:00:00-07:00,41,78,3.5
2025-06-02T19:30:00-07:00,46,74,3.7
2025-06-02T20:00:00-07:00,54,68,5.4
2025-06-02T20:30:00-07:00,59,66,4.8
2025-06-02T21:00:00-07:00,62,66,5.2
2025-06-02T21:30:00-07:00,64,65,5.2
2025-06-02T22:00:00-07:00,64,64,5.4
2025-06-02T22:30:00-07:00,66,64,5.4
2025-06-02T23:00:00-07:00,66,64,5.2
2025-06-02T23:30:00-07:00,66,64,5.5
2025-06-03T00:00:00-07:00,67,64,5.4
2025-06-03T00:30:00-07:00,68,63,5.4
2025-06-03T01:00:00-07:00,67,64,5.3
2025-06-03T01:30:00-07:00,66,64,5.1
2025-06-03T02:00:00-07:00,66,64,5.1
2025-06-03T02:30:00-07:00,66,64,5.1
2025-06-03T03:00:00-07:00,66,64,5
2025-06-03T03:30:00-07:00,68,63,5.2
2025-06-03T04:00:00-07:00,68,63,5.2
2025-06-03T04:30:00-07:00,68,64,5.4
2025-06-03T05:00:00-07:00,68,64,6
2025-06-03T05:30:00-07:00,67,65,5.7
2025-06-03T06:00:00-07:00,66,65,6.2
2025-06-03T06:30:00-07:00,64,66,7.3
2025-06-03T07:00:00-07:00,63,67,7.7
2025-06-03T07:30:00-07:00,59,69,7.3
2025-06-03T08:00:00-07:00,56,70,8
2025-06-03T08:30:00-07:00,53,73,7.7
2025-06-03T09:00:00-07:00,53,72,7.9
2025-06-03T09:30:00-07:00,52,73,8.1
2025-06-03T10:00:00-07:00,49,75,7.5
2025-06-03T10:30:00-07:00,48,77,7.2
2025-06-03T11:00:00-07:00,45,78,6.8
2025-06-03T11:30:00-07:00,41,80,6.4
2025-06-03T12:00:00-07:00,42,81,6.9
2025-06-03T12:30:00-07:00,41,81,6.1
2025-06-03T13:00:00-07:00,40,82,5.5
2025-06-03T13:30:00-07:00,41,82,5.5
2025-06-03T14:00:00-07:00,41,82,7.2
2025-06-03T14:30:00-07:00,40,83,7
2025-06-03T15:00:00-07:00,40,83,6.1
2025-06-03T15:30:00-07:00,40,83,5.9
2025-06-03T16:00:00-07:00,41,82,5.8
2025-06-03T16:30:00-07:00,42,80,6.2
2025-06-03T17:00:00-07:00,41,81,6.1
2025-06-03T17:30:00-07:00,41,80,6.2
2025-06-03T18:00:00-07:00,40,81,5.9
2025-06-03T18:30:00-07:00,38,82,6.1
2025-06-03T19:00:00-07:00,39,81,6.3
2025-06-03T19:30:00-07:00,43,76,6.8
2025-06-03T20:00:00-07:00,51,71,7.9
2025-06-03T20:30:00-07:00,56,68,9.4
2025-06-03T21:00:00-07:00,59,66,9.9
2025-06-03T21:30:00-07:00,60,65,10.9
2025-06-03T22:00:00-07:00,61,65,10.9
2025-06-03T22:30:00-07:00,61,65,10.7
2025-06-03T23:00:00-07:00,59,66,11.7
2025-06-03T23:30:00-07:00,60,65,11.2
2025-06-04T00:00:00-07:00,60,65,11
2025-06-04T00:30:00-07:00,61,65,11.5
2025-06-04T01:00:00-07:00,61,64,11.8
2025-06-04T01:30:00-07:00,62,64,12.1
2025-06-04T02:00:00-07:00,63,64,12.3
2025-06-04T02:30:00-07:00,66,63,13.1
2025-06-04T03:00:00-07:00,66,62,13.2
2025-06-04T03:30:00-07:00,68,62,13.5
2025-06-04T04:00:00-07:00,69,62,14.6
2025-06-04T04:30:00-07:00,68,62,12.4
2025-06-04T05:00:00-07:00,67,62,11.7
2025-06-04T05:30:00-07:00,66,62,11.6
2025-06-04T06:00:00-07:00,66,63,12.8
2025-06-04T06:30:00-07:00,65,64,13.2
2025-06-04T07:00:00-07:00,65,65,13.9
2025-06-04T07:30:00-07:00,64,67,14.2
2025-06-04T08:00:00-07:00,61,68,13.8
2025-06-04T08:30:00-07:00,58,70,13.4
2025-06-04T09:00:00-07:00,55,72,13.6
2025-06-04T09:30:00-07:00,54,73,13.6
2025-06-04T10:00:00-07:00,52,75,13.5
2025-06-04T10:30:00-07:00,49,77,13
2025-06-04T11:00:00-07:00,49,77,13.2
2025-06-04T11:30:00-07:00,46,78,11.9
2025-06-04T12:00:00-07:00,43,80,11.2
2025-06-04T12:30:00-07:00,42,80,10.8
2025-06-04T13:00:00-07:00,42,80,9.3
2025-06-04T13:30:00-07:00,41,81,9.1
2025-06-04T14:00:00-07:00,41,81,9.3
2025-06-04T14:30:00-07:00,40,82,8.9
2025-06-04T15:00:00-07:00,38,83,8.3
2025-06-04T15:30:00-07:00,39,82,8
2025-06-04T16:00:00-07:00,40,81,7.6
2025-06-04T16:30:00-07:00,40,81,7.1
2025-06-04T17:00:00-07:00,39,81,6.8
2025-06-04T17:30:00-07:00,37,81,6.3
2025-06-04T18:00:00-07:00,38,81,6.6
2025-06-04T18:30:00-07:00,38,81,6.8
2025-06-04T19:00:00-07:00,39,79,6.7
2025-06-04T19:30:00-07:00,45,75,6.9
2025-06-04T20:00:00-07:00,55,68,7.6
2025-06-04T20:30:00-07:00,61,66,8.1
2025-06-04T21:00:00-07:00,63,65,8.5
2025-06-04T21:30:00-07:00,65,64,8.7
2025-06-04T22:00:00-07:00,66,64,8.7
2025-06-04T22:30:00-07:00,67,63,8.9
2025-06-04T23:00:00-07:00,67,63,8.6
2025-06-04T23:30:00-07:00,66,64,8.6
2025-06-05T00:00:00-07:00,66,64,8.5
2025-06-05T00:30:00-07:00,67,64,9.2
2025-06-05T01:00:00-07:00,67,64,8.6
2025-06-05T01:30:00-07:00,66,64,8.2
2025-06-05T02:00:00-07:00,67,64,7.6
2025-06-05T02:30:00-07:00,67,64,7.6
2025-06-05T03:00:00-07:00,67,64,8.8
2025-06-05T03:30:00-07:00,66,64,7.9
2025-06-05T04:00:00-07:00,66,64,7.7
2025-06-05T04:30:00-07:00,66,63,7.2
2025-06-05T05:00:00-07:00,66,63,6.8
2025-06-05T05:30:00-07:00,67,62,6.7
2025-06-05T06:00:00-07:00,67,62,6.3
2025-06-05T06:30:00-07:00,66,63,7.2
2025-06-05T07:00:00-07:00,65,64,5.9
2025-06-05T07:30:00-07:00,64,64,5
2025-06-05T08:00:00-07:00,60,67,5.3
2025-06-05T08:30:00-07:00,55,69,4.9
2025-06-05T09:00:00-07:00,52,71,4.3
2025-06-05T09:30:00-07:00,49,73,4.5
2025-06-05T10:00:00-07:00,47,74,5.4
2025-06-05T10:30:00-07:00,44,76,5.2
2025-06-05T11:00:00-07:00,43,78,5.3
2025-06-05T11:30:00-07:00,43,79,5.5
2025-06-05T12:00:00-07:00,43,79,5
2025-06-05T12:30:00-07:00,43,80,5
2025-06-05T13:00:00-07:00,43,80,5.2
2025-06-05T13:30:00-07:00,43,80,5.2
2025-06-05T14:00:00-07:00,43,80,5.2
2025-06-05T14:30:00-07:00,42,81,5.3
2025-06-05T15:00:00-07:00,43,80,5.9
2025-06-05T15:30:00-07:00,44,80,5.6
2025-06-05T16:00:00-07:00,44,79,5.2
2025-06-05T16:30:00-07:00,45,78,5.3
2025-06-05T17:00:00-07:00,45,78,5.5
2025-06-05T17:30:00-07:00,46,78,5.5
2025-06-05T18:00:00-07:00,44,80,5.2
2025-06-05T18:30:00-07:00,41,80,5.2
2025-06-05T19:00:00-07:00,42,79,4.5
2025-06-05T19:30:00-07:00,45,76,4.2
2025-06-05T20:00:00-07:00,53,71,4.2
2025-06-05T20:30:00-07:00,58,68,3.8
2025-06-05T21:00:00-07:00,61,67,3.8
2025-06-05T21:30:00-07:00,63,66,4.2
2025-06-05T22:00:00-07:00,63,65,4.6
2025-06-05T22:30:00-07:00,65,65,4.1
2025-06-05T23:00:00-07:00,66,64,4
2025-06-05T23:30:00-07:00,66,64,3.7
2025-06-06T00:00:00-07:00,67,64,3.7
2025-06-06T00:30:00-07:00,66,64,3.9
2025-06-06T01:00:00-07:00,66,64,4.2
2025-06-06T01:30:00-07:00,68,64,4.6
2025-06-06T02:00:00-07:00,68,64,4.5
2025-06-06T02:30:00-07:00,67,65,4.4
2025-06-06T03:00:00-07:00,66,66,4.8
2025-06-06T03:30:00-07:00,64,66,4.8
2025-06-06T04:00:00-07:00,64,66,5.6
2025-06-06T04:30:00-07:00,63,67,6.2
2025-06-06T05:00:00-07:00,63,67,7.2
2025-06-06T05:30:00-07:00,62,67,7.7
2025-06-06T06:00:00-07:00,62,67,7.9
2025-06-06T06:30:00-07:00,61,67,8.3
2025-06-06T07:00:00-07:00,61,68,9.4
2025-06-06T07:30:00-07:00,59,69,9.3
2025-06-06T08:00:00-07:00,58,69,9.6
2025-06-06T08:30:00-07:00,56,71,10.8
2025-06-06T09:00:00-07:00,52,73,10.3
2025-06-06T09:30:00-07:00,50,74,10.6
2025-06-06T10:00:00-07:00,48,75,10.3
2025-06-06T10:30:00-07:00,45,77,9.8
2025-06-06T11:00:00-07:00,45,78,9.6
2025-06-06T11:30:00-07:00,44,80,9.9
2025-06-06T12:00:00-07:00,42,81,9
2025-06-06T12:30:00-07:00,42,81,8.8
2025-06-06T13:00:00-07:00,41,82,9
2025-06-06T13:30:00-07:00,41,82,7.8
2025-06-06T14:00:00-07:00,41,82,7.6
2025-06-06T14:30:00-07:00,41,82,6.9
2025-06-06T15:00:00-07:00,41,82,7.1
2025-06-06T15:30:00-07:00,41,83,6.3
2025-06-06T16:00:00-07:00,40,82,5.6
2025-06-06T16:30:00-07:00,41,81,5.4
2025-06-06T17:00:00-07:00,42,80,5.4
2025-06-06T17:30:00-07:00,43,79,5.6
2025-06-06T18:00:00-07:00,43,79,5.5
2025-06-06T18:30:00-07:00,43,79,5.5
2025-06-06T19:00:00-07:00,46,76,5
2025-06-06T19:30:00-07:00,48,74,5.3
2025-06-06T20:00:00-07:00,56,69,5.9
2025-06-06T20:30:00-07:00,61,67,6
2025-06-06T21:00:00-07:00,63,66,6.4
2025-06-06T21:30:00-07:00,65,65,6.6
2025-06-06T22:00:00-07:00,65,65,6.5
2025-06-06T22:30:00-07:00,66,65,6.8
2025-06-06T23:00:00-07:00,66,65,6.8
2025-06-06T23:30:00-07:00,66,65,7.6
2025-06-07T00:00:00-07:00,66,65,8
2025-06-07T00:30:00-07:00,67,65,7.8
2025-06-07T01:00:00-07:00,67,65,8.5
2025-06-07T01:30:00-07:00,67,65,9
2025-06-07T02:00:00-07:00,67,66,9.2
2025-06-07T02:30:00-07:00,66,66,8.9
2025-06-07T03:00:00-07:00,67,65,9.5
2025-06-07T03:30:00-07:00,67,65,9.9
2025-06-07T04:00:00-07:00,68,65,9.6
2025-06-07T04:30:00-07:00,68,65,9.9
2025-06-07T05:00:00-07:00,68,65,10.5
2025-06-07T05:30:00-07:00,68,64,10.1
2025-06-07T06:00:00-07:00,69,64,8.8
2025-06-07T06:30:00-07:00,67,65,8.9
2025-06-07T07:00:00-07:00,67,65,9.2
2025-06-07T07:30:00-07:00,66,66,9.6
2025-06-07T08:00:00-07:00,65,66,10.3
2025-06-07T08:30:00-07:00,65,67,11.5
2025-06-07T09:00:00-07:00,65,67,11.9
2025-06-07T09:30:00-07:00,63,68,12.8
2025-06-07T10:00:00-07:00,61,68,12.7
2025-06-07T10:30:00-07:00,60,69,12.3
2025-06-07T11:00:00-07:00,58,71,11.9
2025-06-07T11:30:00-07:00,55,73,12.9
2025-06-07T12:00:00-07:00,53,75,13.2
2025-06-07T12:30:00-07:00,50,76,12.3
2025-06-07T13:00:00-07:00,48,78,12
2025-06-07T13:30:00-07:00,46,79,9.8
2025-06-07T14:00:00-07:00,45,79,7.3
2025-06-07T14:30:00-07:00,44,79,6.1
2025-06-07T15:00:00-07:00,44,79,5.4
2025-06-07T15:30:00-07:00,45,78,4.8
2025-06-07T16:00:00-07:00,44,79,4.5
2025-06-07T16:30:00-07:00,45,77,4
2025-06-07T17:00:00-07:00,46,76,4.2
2025-06-07T17:30:00-07:00,46,76,4.7
2025-06-07T18:00:00-07:00,46,76,4.8
2025-06-07T18:30:00-07:00,46,76,4.7
2025-06-07T19:00:00-07:00,47,75,4.2
2025-06-07T19:30:00-07:00,52,71,3.8
2025-06-07T20:00:00-07:00,61,66,4.1
2025-06-07T20:30:00-07:00,65,64,4.4
2025-06-07T21:00:00-07:00,66,64,4.7
2025-06-07T21:30:00-07:00,66,64,4.6
2025-06-07T22:00:00-07:00,66,64,4.5
2025-06-07T22:30:00-07:00,67,63,4.9
2025-06-07T23:00:00-07:00,67,63,5.3
2025-06-07T23:30:00-07:00,67,63,5.6
2025-06-08T00:00:00-07:00,68,63,6.2
2025-06-08T00:30:00-07:00,69,63,6.7
2025-06-08T01:00:00-07:00,68,63,5.8
2025-06-08T01:30:00-07:00,68,63,5.7
2025-06-08T02:00:00-07:00,68,64,5.9
2025-06-08T02:30:00-07:00,67,64,6.2
2025-06-08T03:00:00-07:00,67,64,6.4
2025-06-08T03:30:00-07:00,67,64,7.2
2025-06-08T04:00:00-07:00,67,64,6
2025-06-08T04:30:00-07:00,67,64,5.4
2025-06-08T05:00:00-07:00,67,64,5.3
2025-06-08T05:30:00-07:00,67,64,5.2
2025-06-08T06:00:00-07:00,68,64,5
2025-06-08T06:30:00-07:00,67,64,4.9
2025-06-08T07:00:00-07:00,66,64,4.8
2025-06-08T07:30:00-07:00,65,65,4.8
2025-06-08T08:00:00-07:00,63,66,5.4
2025-06-08T08:30:00-07:00,61,67,5.2
2025-06-08T09:00:00-07:00,58,69,6
2025-06-08T09:30:00-07:00,55,70,6.6
2025-06-08T10:00:00-07:00,53,72,8.9
2025-06-08T10:30:00-07:00,51,74,7.7
2025-06-08T11:00:00-07:00,50,74,7.7
2025-06-08T11:30:00-07:00,49,75,6.3
2025-06-08T12:00:00-07:00,48,76,6.4
2025-06-08T12:30:00-07:00,46,77,5.5
2025-06-08T13:00:00-07:00,46,77,4.5
2025-06-08T13:30:00-07:00,45,78,3.9
2025-06-08T14:00:00-07:00,45,78,3.2
2025-06-08T14:30:00-07:00,43,79,2.9
2025-06-08T15:00:00-07:00,43,80,2.1
2025-06-08T15:30:00-07:00,42,80,2.1
2025-06-08T16:00:00-07:00,43,80,1.6
2025-06-08T16:30:00-07:00,44,78,2
2025-06-08T17:00:00-07:00,45,78,2.3
2025-06-08T17:30:00-07:00,46,78,3.5
2025-06-08T18:00:00-07:00,45,78,3
2025-06-08T18:30:00-07:00,43,79,2.3
2025-06-08T19:00:00-07:00,45,77,2.8
2025-06-08T19:30:00-07:00,48,73,1.5
2025-06-08T20:00:00-07:00,56,67,1.2
2025-06-08T20:30:00-07:00,61,65,1.1
2025-06-08T21:00:00-07:00,64,64,1.1
2025-06-08T21:30:00-07:00,67,63,1.8
2025-06-08T22:00:00-07:00,68,63,2.2
2025-06-08T22:30:00-07:00,68,63,1.4
2025-06-08T23:00:00-07:00,69,63,0.9
2025-06-08T23:30:00-07:00,69,63,1.2
2025-06-09T00:00:00-07:00,69,63,2
2025-06-09T00:30:00-07:00,69,63,2.4
2025-06-09T01:00:00-07:00,70,63,2.6
2025-06-09T01:30:00-07:00,70,63,2.4
2025-06-09T02:00:00-07:00,70,63,3.4
2025-06-09T02:30:00-07:00,71,62,3.8
2025-06-09T03:00:00-07:00,70,63,3.4
2025-06-09T03:30:00-07:00,71,62,1.1
2025-06-09T04:00:00-07:00,70,62,1
2025-06-09T04:30:00-07:00,70,62,1.2
2025-06-09T05:00:00-07:00,69,63,1.4
2025-06-09T05:30:00-07:00,67,64,1.2
2025-06-09T06:00:00-07:00,66,64,1.7
2025-06-09T06:30:00-07:00,66,64,1.8
2025-06-09T07:00:00-07:00,66,65,2
2025-06-09T07:30:00-07:00,66,65,2.6
2025-06-09T08:00:00-07:00,65,66,2.9
2025-06-09T08:30:00-07:00,65,66,3.9
2025-06-09T09:00:00-07:00,66,66,6.3
2025-06-09T09:30:00-07:00,65,66,5.9
2025-06-09T10:00:00-07:00,63,67,3.9
2025-06-09T10:30:00-07:00,59,69,4.7
2025-06-09T11:00:00-07:00,56,71,3.5
2025-06-09T11:30:00-07:00,53,73,3.1
2025-06-09T12:00:00-07:00,51,74,3.3
2025-06-09T12:30:00-07:00,50,75,2.7
2025-06-09T13:00:00-07:00,48,76,2.6
2025-06-09T13:30:00-07:00,47,77,2.5
2025-06-09T14:00:00-07:00,47,77,2.1
2025-06-09T14:30:00-07:00,48,77,2.7
2025-06-09T15:00:00-07:00,49,76,2.7
2025-06-09T15:30:00-07:00,50,75,2.8
2025-06-09T16:00:00-07:00,50,76,2.9
2025-06-09T16:30:00-07:00,51,75,2.6
2025-06-09T17:00:00-07:00,51,74,2.5
2025-06-09T17:30:00-07:00,50,75,2.5
2025-06-09T18:00:00-07:00,50,74,2.4
2025-06-09T18:30:00-07:00,50,74,2.8
2025-06-09T19:00:00-07:00,53,72,2.7
2025-06-09T19:30:00-07:00,58,69,2.8
2025-06-09T20:00:00-07:00,63,66,3.6
2025-06-09T20:30:00-07:00,67,65,4.3
2025-06-09T21:00:00-07:00,68,64,4.1
2025-06-09T21:30:00-07:00,69,64,3.6
2025-06-09T22:00:00-07:00,68,64,3.8
2025-06-09T22:30:00-07:00,69,64,4
2025-06-09T23:00:00-07:00,69,64,4.2
2025-06-09T23:30:00-07:00,69,64,4.4
2025-06-10T00:00:00-07:00,68,64,3.9
2025-06-10T00:30:00-07:00,69,64,4.1
2025-06-10T01:00:00-07:00,69,64,4.6
2025-06-10T01:30:00-07:00,70,63,4.9
2025-06-10T02:00:00-07:00,70,64,5.9
2025-06-10T02:30:00-07:00,71,62,2.9
2025-06-10T03:00:00-07:00,72,62,1.3
2025-06-10T03:30:00-07:00,71,62,0.6
2025-06-10T04:00:00-07:00,71,63,0.4
2025-06-10T04:30:00-07:00,70,63,0.4
2025-06-10T05:00:00-07:00,69,63,0.4
2025-06-10T05:30:00-07:00,68,64,0.5
2025-06-10T06:00:00-07:00,70,63,1.1
2025-06-10T06:30:00-07:00,69,64,1
2025-06-10T07:00:00-07:00,68,64,1
2025-06-10T07:30:00-07:00,68,64,1.6
2025-06-10T08:00:00-07:00,66,66,2
2025-06-10T08:30:00-07:00,65,66,2.6
2025-06-10T09:00:00-07:00,63,67,3.1
2025-06-10T09:30:00-07:00,61,68,4
2025-06-10T10:00:00-07:00,59,69,4.4
2025-06-10T10:30:00-07:00,57,70,5.6
2025-06-10T11:00:00-07:00,55,72,6.7
2025-06-10T11:30:00-07:00,54,73,5.8
2025-06-10T12:00:00-07:00,52,73,5.7
2025-06-10T12:30:00-07:00,52,74,4.9
2025-06-10T13:00:00-07:00,51,74,4
2025-06-10T13:30:00-07:00,50,75,3.4
2025-06-10T14:00:00-07:00,47,76,3.4
2025-06-10T14:30:00-07:00,46,77,3.2
2025-06-10T15:00:00-07:00,46,77,4.1
2025-06-10T15:30:00-07:00,46,77,4.9
2025-06-10T16:00:00-07:00,48,76,4.3
2025-06-10T16:30:00-07:00,50,74,4.4
2025-06-10T17:00:00-07:00,52,72,5.1
2025-06-10T17:30:00-07:00,51,73,4.8
2025-06-10T18:00:00-07:00,50,73,4.9
2025-06-10T18:30:00-07:00,54,70,5.5
2025-06-10T19:00:00-07:00,56,68,7.1
2025-06-10T19:30:00-07:00,58,67,8.1
2025-06-10T20:00:00-07:00,63,63,8.6
2025-06-10T20:30:00-07:00,66,62,8.9
2025-06-10T21:00:00-07:00,67,62,9.2
2025-06-10T21:30:00-07:00,67,61,8.5
2025-06-10T22:00:00-07:00,67,61,7.9
2025-06-10T22:30:00-07:00,68,60,7.9
2025-06-10T23:00:00-07:00,68,60,8.9
2025-06-10T23:30:00-07:00,68,60,9.1
2025-06-11T00:00:00-07:00,68,60,8.9
2025-06-11T00:30:00-07:00,69,59,9.4
2025-06-11T01:00:00-07:00,67,60,9.2
2025-06-11T01:30:00-07:00,68,60,9
2025-06-11T02:00:00-07:00,69,60,8.5
2025-06-11T02:30:00-07:00,68,60,8.1
2025-06-11T03:00:00-07:00,67,60,7.8
2025-06-11T03:30:00-07:00,67,60,7.8
2025-06-11T04:00:00-07:00,67,60,7.6
2025-06-11T04:30:00-07:00,67,60,7.1
2025-06-11T05:00:00-07:00,65,60,6.9
2025-06-11T05:30:00-07:00,65,60,6.8
2025-06-11T06:00:00-07:00,64,61,6.6
2025-06-11T06:30:00-07:00,63,61,6.9
2025-06-11T07:00:00-07:00,63,61,7
2025-06-11T07:30:00-07:00,62,62,7
2025-06-11T08:00:00-07:00,61,62,6.9
2025-06-11T08:30:00-07:00,61,63,7.4
2025-06-11T09:00:00-07:00,61,63,7.6
2025-06-11T09:30:00-07:00,61,63,7.8
2025-06-11T10:00:00-07:00,58,66,7.5
2025-06-11T10:30:00-07:00,55,67,7.5
2025-06-11T11:00:00-07:00,53,69,8.1
2025-06-11T11:30:00-07:00,51,69,8
2025-06-11T12:00:00-07:00,49,70,7.5
2025-06-11T12:30:00-07:00,48,71,7.2
2025-06-11T13:00:00-07:00,47,72,7.1
2025-06-11T13:30:00-07:00,46,73,7.3
2025-06-11T14:00:00-07:00,46,73,7.4
2025-06-11T14:30:00-07:00,45,72,7
2025-06-11T15:00:00-07:00,46,72,7
2025-06-11T15:30:00-07:00,47,71,7.3
2025-06-11T16:00:00-07:00,47,72,7.1
2025-06-11T16:30:00-07:00,49,70,7.1
2025-06-11T17:00:00-07:00,50,70,7
2025-06-11T17:30:00-07:00,51,69,7.2
2025-06-11T18:00:00-07:00,48,71,6.6
2025-06-11T18:30:00-07:00,46,72,6.4
2025-06-11T19:00:00-07:00,47,71,6
2025-06-11T19:30:00-07:00,50,69,6.3
2025-06-11T20:00:00-07:00,58,64,6.7
2025-06-11T20:30:00-07:00,62,62,7
2025-06-11T21:00:00-07:00,63,61,6.9
2025-06-11T21:30:00-07:00,63,61,6.9
2025-06-11T22:00:00-07:00,62,62,6.9
2025-06-11T22:30:00-07:00,63,61,6.7
2025-06-11T23:00:00-07:00,63,61,7
2025-06-11T23:30:00-07:00,63,61,7.1
2025-06-12T00:00:00-07:00,63,61,7
2025-06-12T00:30:00-07:00,65,61,7.8
2025-06-12T01:00:00-07:00,64,61,7.1
2025-06-12T01:30:00-07:00,65,60,7.1
2025-06-12T02:00:00-07:00,64,60,7.1
2025-06-12T02:30:00-07:00,64,60,7.3
2025-06-12T03:00:00-07:00,65,60,7.2
2025-06-12T03:30:00-07:00,64,59,7.5
2025-06-12T04:00:00-07:00,65,59,7.9
2025-06-12T04:30:00-07:00,65,59,7.7
2025-06-12T05:00:00-07:00,66,58,7.6
2025-06-12T05:30:00-07:00,67,58,7.4
2025-06-12T06:00:00-07:00,68,59,8
2025-06-12T06:30:00-07:00,69,60,8.1
2025-06-12T07:00:00-07:00,68,61,8.2
2025-06-12T07:30:00-07:00,65,62,8.3
2025-06-12T08:00:00-07:00,62,63,8.3
2025-06-12T08:30:00-07:00,58,65,8
2025-06-12T09:00:00-07:00,56,67,7.9
2025-06-12T09:30:00-07:00,54,68,7.6
2025-06-12T10:00:00-07:00,51,69,7.6
2025-06-12T10:30:00-07:00,51,71,8.5
2025-06-12T11:00:00-07:00,52,70,9.6
2025-06-12T11:30:00-07:00,51,71,9
2025-06-12T12:00:00-07:00,50,71,8.9
2025-06-12T12:30:00-07:00,50,71,8.5
2025-06-12T13:00:00-07:00,49,71,8.2
2025-06-12T13:30:00-07:00,48,72,8.1
2025-06-12T14:00:00-07:00,46,73,7.8
2025-06-12T14:30:00-07:00,46,73,8
2025-06-12T15:00:00-07:00,47,73,8.5
2025-06-12T15:30:00-07:00,47,72,8.6
2025-06-12T16:00:00-07:00,47,73,8.6
2025-06-12T16:30:00-07:00,46,73,8.7
2025-06-12T17:00:00-07:00,46,73,8.7
2025-06-12T17:30:00-07:00,48,72,8.4
2025-06-12T18:00:00-07:00,48,72,8.8
2025-06-12T18:30:00-07:00,45,75,8.3
2025-06-12T19:00:00-07:00,45,74,7.9
2025-06-12T19:30:00-07:00,47,71,8.1
2025-06-12T20:00:00-07:00,54,66,8.4
2025-06-12T20:30:00-07:00,58,64,8.9
2025-06-12T21:00:00-07:00,60,63,8.9
2025-06-12T21:30:00-07:00,61,62,10.2
2025-06-12T22:00:00-07:00,61,62,9.7
2025-06-12T22:30:00-07:00,62,62,9.5
2025-06-12T23:00:00-07:00,63,61,9.6
2025-06-12T23:30:00-07:00,65,61,10.2
2025-06-13T00:00:00-07:00,67,60,10.4
2025-06-13T00:30:00-07:00,68,60,10.4
2025-06-13T01:00:00-07:00,69,59,10.4
2025-06-13T01:30:00-07:00,70,59,10.9
2025-06-13T02:00:00-07:00,71,59,11.2
2025-06-13T02:30:00-07:00,71,59,10.7
2025-06-13T03:00:00-07:00,70,59,10.7
2025-06-13T03:30:00-07:00,69,59,10
2025-06-13T04:00:00-07:00,68,59,9.7
2025-06-13T04:30:00-07:00,69,59,10.1
2025-06-13T05:00:00-07:00,70,59,9.7
2025-06-13T05:30:00-07:00,69,59,9.2
2025-06-13T06:00:00-07:00,68,60,8.8
2025-06-13T06:30:00-07:00,67,61,8.8
2025-06-13T07:00:00-07:00,66,61,8.7
2025-06-13T07:30:00-07:00,64,62,8.2
2025-06-13T08:00:00-07:00,62,63,8.2
2025-06-13T08:30:00-07:00,60,64,8.6
2025-06-13T09:00:00-07:00,56,66,7.9
2025-06-13T09:30:00-07:00,54,68,7.6
2025-06-13T10:00:00-07:00,52,69,7.5
2025-06-13T10:30:00-07:00,51,70,7.6
2025-06-13T11:00:00-07:00,51,71,8.1
2025-06-13T11:30:00-07:00,50,71,7.9
2025-06-13T12:00:00-07:00,49,73,7.1
2025-06-13T12:30:00-07:00,47,74,6.6
2025-06-13T13:00:00-07:00,46,75,6.9
2025-06-13T13:30:00-07:00,44,76,7.2
2025-06-13T14:00:00-07:00,43,77,7.2
2025-06-13T14:30:00-07:00,43,76,7.5
2025-06-13T15:00:00-07:00,44,75,7.9
2025-06-13T15:30:00-07:00,43,76,7.6
2025-06-13T16:00:00-07:00,43,75,7.7
2025-06-13T16:30:00-07:00,44,76,7.7
2025-06-13T17:00:00-07:00,45,75,7.7
2025-06-13T17:30:00-07:00,44,76,7.1
2025-06-13T18:00:00-07:00,41,78,6.3
2025-06-13T18:30:00-07:00,39,79,5.5
2025-06-13T19:00:00-07:00,39,77,4.9
2025-06-13T19:30:00-07:00,40,75,4.5
2025-06-13T20:00:00-07:00,48,68,5.1
2025-06-13T20:30:00-07:00,55,64,5.7
2025-06-13T21:00:00-07:00,58,63,6
2025-06-13T21:30:00-07:00,59,63,6
2025-06-13T22:00:00-07:00,59,63,6.2
2025-06-13T22:30:00-07:00,59,63,6.1
2025-06-13T23:00:00-07:00,59,63,5.9
2025-06-13T23:30:00-07:00,59,62,6.4
2025-06-14T00:00:00-07:00,59,62,5.8
2025-06-14T00:30:00-07:00,59,61,5.5
2025-06-14T01:00:00-07:00,60,60,5.6
2025-06-14T01:30:00-07:00,62,60,6.5
2025-06-14T02:00:00-07:00,64,60,6.8
2025-06-14T02:30:00-07:00,64,60,6.6
2025-06-14T03:00:00-07:00,63,60,6.2
2025-06-14T03:30:00-07:00,63,59,6.1
2025-06-14T04:00:00-07:00,63,59,5.8
2025-06-14T04:30:00-07:00,63,58,6.2
2025-06-14T05:00:00-07:00,64,58,6.4
2025-06-14T05:30:00-07:00,65,58,6.8
2025-06-14T06:00:00-07:00,65,58,6.6
2025-06-14T06:30:00-07:00,66,59,7.2
2025-06-14T07:00:00-07:00,65,61,7.1
2025-06-14T07:30:00-07:00,62,62,6.4
2025-06-14T08:00:00-07:00,58,64,5.9
2025-06-14T08:30:00-07:00,54,66,5.6
2025-06-14T09:00:00-07:00,50,69,5.1
2025-06-14T09:30:00-07:00,46,70,4.6
2025-06-14T10:00:00-07:00,45,72,4.7
2025-06-14T10:30:00-07:00,45,72,5
2025-06-14T11:00:00-07:00,42,74,4.9
2025-06-14T11:30:00-07:00,42,75,5.1
2025-06-14T12:00:00-07:00,41,76,4.9
2025-06-14T12:30:00-07:00,41,76,5.1
2025-06-14T13:00:00-07:00,39,77,5.3
2025-06-14T13:30:00-07:00,37,78,4.6
2025-06-14T14:00:00-07:00,37,78,4.9
2025-06-14T14:30:00-07:00,35,78,4.3
2025-06-14T15:00:00-07:00,34,80,4.3
2025-06-14T15:30:00-07:00,35,79,4.6
2025-06-14T16:00:00-07:00,34,80,4.3
2025-06-14T16:30:00-07:00,35,79,5
2025-06-14T17:00:00-07:00,37,78,5
2025-06-14T17:30:00-07:00,38,78,5.3
2025-06-14T18:00:00-07:00,35,79,4.7
2025-06-14T18:30:00-07:00,33,82,5
2025-06-14T19:00:00-07:00,36,80,5.5
2025-06-14T19:30:00-07:00,41,75,5.7
2025-06-14T20:00:00-07:00,49,69,6.4
2025-06-14T20:30:00-07:00,55,66,7.7
2025-06-14T21:00:00-07:00,60,64,8.2
2025-06-14T21:30:00-07:00,63,63,8.5
2025-06-14T22:00:00-07:00,63,62,8.4
2025-06-14T22:30:00-07:00,63,62,8.5
2025-06-14T23:00:00-07:00,63,62,8.1
2025-06-14T23:30:00-07:00,63,61,8.1
2025-06-15T00:00:00-07:00,63,61,8.4
2025-06-15T00:30:00-07:00,65,61,8.7
2025-06-15T01:00:00-07:00,64,61,8.8
2025-06-15T01:30:00-07:00,64,61,8.4
2025-06-15T02:00:00-07:00,63,61,8.4
2025-06-15T02:30:00-07:00,62,60,8.3
2025-06-15T03:00:00-07:00,63,60,8.1
2025-06-15T03:30:00-07:00,63,59,7.6
2025-06-15T04:00:00-07:00,63,58,7.4
2025-06-15T04:30:00-07:00,64,58,7.7
2025-06-15T05:00:00-07:00,64,58,7.8
2025-06-15T05:30:00-07:00,65,58,7.7
2025-06-15T06:00:00-07:00,65,58,7.8
2025-06-15T06:30:00-07:00,66,60,8.4
2025-06-15T07:00:00-07:00,65,62,9
2025-06-15T07:30:00-07:00,64,63,9
2025-06-15T08:00:00-07:00,61,65,8.7
2025-06-15T08:30:00-07:00,58,67,8.6
2025-06-15T09:00:00-07:00,54,69,8.6
2025-06-15T09:30:00-07:00,51,71,8.2
2025-06-15T10:00:00-07:00,50,72,8.2
2025-06-15T10:30:00-07:00,47,73,7.3
2025-06-15T11:00:00-07:00,44,75,7.3
2025-06-15T11:30:00-07:00,41,77,6.7
2025-06-15T12:00:00-07:00,39,79,7
2025-06-15T12:30:00-07:00,38,80,6.9
2025-06-15T13:00:00-07:00,36,81,7.1
2025-06-15T13:30:00-07:00,35,82,7.7
2025-06-15T14:00:00-07:00,36,82,8.2
2025-06-15T14:30:00-07:00,38,81,8.8
2025-06-15T15:00:00-07:00,39,81,8.2
2025-06-15T15:30:00-07:00,38,81,8.1
2025-06-15T16:00:00-07:00,39,80,7.6
2025-06-15T16:30:00-07:00,40,79,7.9
2025-06-15T17:00:00-07:00,42,77,8.6
2025-06-15T17:30:00-07:00,43,77,7.5
2025-06-15T18:00:00-07:00,41,77,7.4
2025-06-15T18:30:00-07:00,40,78,7
2025-06-15T19:00:00-07:00,41,77,7.1
2025-06-15T19:30:00-07:00,44,74,6.9
2025-06-15T20:00:00-07:00,52,68,7.3
2025-06-15T20:30:00-07:00,59,65,8.2
2025-06-15T21:00:00-07:00,63,63,8.1
2025-06-15T21:30:00-07:00,64,63,8.2
2025-06-15T22:00:00-07:00,65,62,8.3
2025-06-15T22:30:00-07:00,66,61,8.6
2025-06-15T23:00:00-07:00,67,61,8.5
2025-06-15T23:30:00-07:00,66,61,8.2
2025-06-16T00:00:00-07:00,66,61,8.4
2025-06-16T00:30:00-07:00,67,61,8.6
2025-06-16T01:00:00-07:00,67,60,8.2
2025-06-16T01:30:00-07:00,68,60,8.1
2025-06-16T02:00:00-07:00,69,59,8
2025-06-16T02:30:00-07:00,69,60,8.4
2025-06-16T03:00:00-07:00,69,59,8.8
2025-06-16T03:30:00-07:00,69,59,9.1
2025-06-16T04:00:00-07:00,69,59,9.3
2025-06-16T04:30:00-07:00,70,58,8.3
2025-06-16T05:00:00-07:00,70,58,7.8
2025-06-16T05:30:00-07:00,71,58,7.8
2025-06-16T06:00:00-07:00,70,58,7.5
2025-06-16T06:30:00-07:00,70,59,7.3
2025-06-16T07:00:00-07:00,68,60,6.9
2025-06-16T07:30:00-07:00,67,61,6.8
2025-06-16T08:00:00-07:00,65,62,6.7
2025-06-16T08:30:00-07:00,62,63,6.8
2025-06-16T09:00:00-07:00,62,64,7.2
2025-06-16T09:30:00-07:00,59,65,7
2025-06-16T10:00:00-07:00,57,67,6.6
2025-06-16T10:30:00-07:00,55,68,6.8
2025-06-16T11:00:00-07:00,53,69,7.1
2025-06-16T11:30:00-07:00,51,71,6.2
2025-06-16T12:00:00-07:00,50,71,6.3
2025-06-16T12:30:00-07:00,48,72,5.3
2025-06-16T13:00:00-07:00,45,73,4.3
2025-06-16T13:30:00-07:00,44,74,4.1
2025-06-16T14:00:00-07:00,43,75,3.9
2025-06-16T14:30:00-07:00,42,74,3.5
2025-06-16T15:00:00-07:00,41,75,3.6
2025-06-16T15:30:00-07:00,40,75,3.2
2025-06-16T16:00:00-07:00,39,76,3.4
2025-06-16T16:30:00-07:00,39,76,3.5
2025-06-16T17:00:00-07:00,40,75,3.6
2025-06-16T17:30:00-07:00,41,75,3.4
2025-06-16T18:00:00-07:00,40,76,3.4
2025-06-16T18:30:00-07:00,38,78,3.4
2025-06-16T19:00:00-07:00,37,78,3.1
2025-06-16T19:30:00-07:00,39,75,3.1
2025-06-16T20:00:00-07:00,47,68,3.3
2025-06-16T20:30:00-07:00,52,66,3.6
2025-06-16T21:00:00-07:00,54,64,5
2025-06-16T21:30:00-07:00,55,64,4.9
2025-06-16T22:00:00-07:00,57,64,4.6
2025-06-16T22:30:00-07:00,59,63,4.2
2025-06-16T23:00:00-07:00,61,62,4.3
2025-06-16T23:30:00-07:00,61,62,4.4
2025-06-17T00:00:00-07:00,61,62,4.4
2025-06-17T00:30:00-07:00,61,62,4.3
2025-06-17T01:00:00-07:00,60,62,4.3
2025-06-17T01:30:00-07:00,61,62,4.5
2025-06-17T02:00:00-07:00,60,62,4.1
2025-06-17T02:30:00-07:00,61,61,4.4
2025-06-17T03:00:00-07:00,63,61,4.4
2025-06-17T03:30:00-07:00,63,61,4.3
2025-06-17T04:00:00-07:00,63,61,4.4
2025-06-17T04:30:00-07:00,62,61,4.5
2025-06-17T05:00:00-07:00,63,60,4.2
2025-06-17T05:30:00-07:00,63,60,4.3
2025-06-17T06:00:00-07:00,63,60,4.4
2025-06-17T06:30:00-07:00,63,61,4.4
2025-06-17T07:00:00-07:00,63,63,4.3
2025-06-17T07:30:00-07:00,60,64,4.1
2025-06-17T08:00:00-07:00,57,66,4
2025-06-17T08:30:00-07:00,54,67,4
2025-06-17T09:00:00-07:00,51,69,4
2025-06-17T09:30:00-07:00,47,72,3.8
2025-06-17T10:00:00-07:00,45,73,3.6
2025-06-17T10:30:00-07:00,43,75,3.6
2025-06-17T11:00:00-07:00,40,77,3.3
2025-06-17T11:30:00-07:00,38,78,3.2
2025-06-17T12:00:00-07:00,37,78,2.9
2025-06-17T12:30:00-07:00,36,79,2.8
2025-06-17T13:00:00-07:00,36,80,2.7
2025-06-17T13:30:00-07:00,36,80,2.7
2025-06-17T14:00:00-07:00,36,80,2.6
2025-06-17T14:30:00-07:00,37,79,2.6
2025-06-17T15:00:00-07:00,37,79,2.6
2025-06-17T15:30:00-07:00,36,79,2.6
2025-06-17T16:00:00-07:00,37,78,2.5
2025-06-17T16:30:00-07:00,38,77,2.5
2025-06-17T17:00:00-07:00,38,77,2.5
2025-06-17T17:30:00-07:00,38,76,2.3
2025-06-17T18:00:00-07:00,37,78,2.2
2025-06-17T18:30:00-07:00,36,79,2.1
2025-06-17T19:00:00-07:00,36,79,2.1
2025-06-17T19:30:00-07:00,38,78,2
2025-06-17T20:00:00-07:00,47,70,2.4
2025-06-17T20:30:00-07:00,53,67,2.5
2025-06-17T21:00:00-07:00,56,66,2.7
2025-06-17T21:30:00-07:00,58,65,2.8
2025-06-17T22:00:00-07:00,58,66,2.7
2025-06-17T22:30:00-07:00,58,66,2.7
2025-06-17T23:00:00-07:00,60,64,3
2025-06-17T23:30:00-07:00,62,64,3
2025-06-18T00:00:00-07:00,62,64,3.1
2025-06-18T00:30:00-07:00,63,64,3.2
2025-06-18T01:00:00-07:00,64,63,3.2
2025-06-18T01:30:00-07:00,64,63,3.5
2025-06-18T02:00:00-07:00,65,63,3.4
2025-06-18T02:30:00-07:00,66,63,3.6
2025-06-18T03:00:00-07:00,67,62,3.5
2025-06-18T03:30:00-07:00,69,62,3.6
2025-06-18T04:00:00-07:00,70,62,3.6
2025-06-18T04:30:00-07:00,71,61,3.7
2025-06-18T05:00:00-07:00,71,61,3.8
2025-06-18T05:30:00-07:00,72,61,3.9
2025-06-18T06:00:00-07:00,73,61,3.2
2025-06-18T06:30:00-07:00,71,62,3.2
2025-06-18T07:00:00-07:00,70,63,3.1
2025-06-18T07:30:00-07:00,67,64,2.7
2025-06-18T08:00:00-07:00,63,66,2.6
2025-06-18T08:30:00-07:00,60,68,2.6
2025-06-18T09:00:00-07:00,56,70,2.8
2025-06-18T09:30:00-07:00,53,72,2.9
2025-06-18T10:00:00-07:00,49,75,3
2025-06-18T10:30:00-07:00,45,77,3.1
2025-06-18T11:00:00-07:00,44,78,3.1
2025-06-18T11:30:00-07:00,42,79,2.6
2025-06-18T12:00:00-07:00,39,81,2.3
2025-06-18T12:30:00-07:00,37,82,2.5
2025-06-18T13:00:00-07:00,35,85,2.7
2025-06-18T13:30:00-07:00,34,86,2.6
2025-06-18T14:00:00-07:00,34,87,2.4
2025-06-18T14:30:00-07:00,32,87,2.1
2025-06-18T15:00:00-07:00,32,88,2.2
2025-06-18T15:30:00-07:00,33,88,2.3
2025-06-18T16:00:00-07:00,36,87,2.9
2025-06-18T16:30:00-07:00,37,85,3
2025-06-18T17:00:00-07:00,40,83,3.2
2025-06-18T17:30:00-07:00,41,82,3.5
2025-06-18T18:00:00-07:00,40,82,3.8
2025-06-18T18:30:00-07:00,38,84,3.9
2025-06-18T19:00:00-07:00,39,83,4.4
2025-06-18T19:30:00-07:00,42,80,4.5
2025-06-18T20:00:00-07:00,50,73,5.1
2025-06-18T20:30:00-07:00,54,70,5.9
2025-06-18T21:00:00-07:00,57,69,5.8
2025-06-18T21:30:00-07:00,58,68,6
2025-06-18T22:00:00-07:00,59,66,6.4
2025-06-18T22:30:00-07:00,60,65,6.4
2025-06-18T23:00:00-07:00,62,64,6.6
2025-06-18T23:30:00-07:00,63,64,6.8
2025-06-19T00:00:00-07:00,63,63,7.1
2025-06-19T00:30:00-07:00,64,63,7.6
2025-06-19T01:00:00-07:00,63,64,6.9
2025-06-19T01:30:00-07:00,63,63,7.4
2025-06-19T02:00:00-07:00,64,62,7.4
2025-06-19T02:30:00-07:00,65,62,7.3
2025-06-19T03:00:00-07:00,65,62,7.4
2025-06-19T03:30:00-07:00,65,62,8.3
2025-06-19T04:00:00-07:00,66,62,8.4
2025-06-19T04:30:00-07:00,66,62,7.4
2025-06-19T05:00:00-07:00,64,62,7.4
2025-06-19T05:30:00-07:00,64,62,8.1
2025-06-19T06:00:00-07:00,64,61,7.7
2025-06-19T06:30:00-07:00,64,62,7.7
2025-06-19T07:00:00-07:00,61,64,6.7
2025-06-19T07:30:00-07:00,57,65,5.9
2025-06-19T08:00:00-07:00,53,66,5.1
2025-06-19T08:30:00-07:00,50,68,4.9
2025-06-19T09:00:00-07:00,49,69,5.3
2025-06-19T09:30:00-07:00,50,70,5.6
2025-06-19T10:00:00-07:00,48,71,5.5
2025-06-19T10:30:00-07:00,43,74,4.7
2025-06-19T11:00:00-07:00,44,73,4.9
2025-06-19T11:30:00-07:00,46,72,4.6
2025-06-19T12:00:00-07:00,46,72,4.6
2025-06-19T12:30:00-07:00,44,73,4.4
2025-06-19T13:00:00-07:00,45,73,4.6
2025-06-19T13:30:00-07:00,45,73,4.7
2025-06-19T14:00:00-07:00,47,72,4.9
2025-06-19T14:30:00-07:00,46,73,4.8
2025-06-19T15:00:00-07:00,45,73,4.8
2025-06-19T15:30:00-07:00,45,74,4.8
2025-06-19T16:00:00-07:00,47,72,4.8
2025-06-19T16:30:00-07:00,47,72,5.1
2025-06-19T17:00:00-07:00,46,73,4.8
2025-06-19T17:30:00-07:00,45,73,4.6
2025-06-19T18:00:00-07:00,43,73,4.1
2025-06-19T18:30:00-07:00,40,76,3.9
2025-06-19T19:00:00-07:00,39,77,3.5
2025-06-19T19:30:00-07:00,38,78,5
2025-06-19T20:00:00-07:00,46,70,4
2025-06-19T20:30:00-07:00,56,64,4.7
2025-06-19T21:00:00-07:00,59,63,5.1
2025-06-19T21:30:00-07:00,58,64,4.9
2025-06-19T22:00:00-07:00,58,64,4.7
2025-06-19T22:30:00-07:00,59,63,5.2
2025-06-19T23:00:00-07:00,61,63,5.8
2025-06-19T23:30:00-07:00,62,63,5.4
2025-06-20T00:00:00-07:00,62,62,5.5
2025-06-20T00:30:00-07:00,62,62,5.1
2025-06-20T01:00:00-07:00,64,61,5.8
2025-06-20T01:30:00-07:00,63,61,5.3
2025-06-20T02:00:00-07:00,62,61,4.5
2025-06-20T02:30:00-07:00,61,61,4.4
2025-06-20T03:00:00-07:00,61,61,4.2
2025-06-20T03:30:00-07:00,61,62,4.5
2025-06-20T04:00:00-07:00,61,61,4.1
2025-06-20T04:30:00-07:00,61,61,4.3
2025-06-20T05:00:00-07:00,62,61,4.4
2025-06-20T05:30:00-07:00,62,61,4.3
2025-06-20T06:00:00-07:00,61,61,5.7
2025-06-20T06:30:00-07:00,62,61,5.3
2025-06-20T07:00:00-07:00,61,62,5.4
2025-06-20T07:30:00-07:00,60,62,5.3
2025-06-20T08:00:00-07:00,57,64,5.2
2025-06-20T08:30:00-07:00,54,65,5.1
2025-06-20T09:00:00-07:00,50,66,4.5
2025-06-20T09:30:00-07:00,46,69,4.7
2025-06-20T10:00:00-07:00,46,70,5.2
2025-06-20T10:30:00-07:00,45,70,5.3
2025-06-20T11:00:00-07:00,45,70,5.9
2025-06-20T11:30:00-07:00,44,71,5.9
2025-06-20T12:00:00-07:00,44,71,5.9
2025-06-20T12:30:00-07:00,44,71,5.6
2025-06-20T13:00:00-07:00,46,70,5.7
2025-06-20T13:30:00-07:00,45,71,5.4
2025-06-20T14:00:00-07:00,44,71,5
2025-06-20T14:30:00-07:00,43,71,5
2025-06-20T15:00:00-07:00,44,71,5
2025-06-20T15:30:00-07:00,45,71,5.1
2025-06-20T16:00:00-07:00,45,70,4.4
2025-06-20T16:30:00-07:00,46,69,4.2
2025-06-20T17:00:00-07:00,46,70,3.7
2025-06-20T17:30:00-07:00,46,70,3.8
2025-06-20T18:00:00-07:00,46,71,4.2
2025-06-20T18:30:00-07:00,45,73,4.6
2025-06-20T19:00:00-07:00,45,72,4.8
2025-06-20T19:30:00-07:00,47,71,5.3
2025-06-20T20:00:00-07:00,53,66,5.6
2025-06-20T20:30:00-07:00,56,64,5.5
2025-06-20T21:00:00-07:00,59,63,6.2
2025-06-20T21:30:00-07:00,61,62,6.5
2025-06-20T22:00:00-07:00,61,63,6.4
2025-06-20T22:30:00-07:00,62,62,6.5
2025-06-20T23:00:00-07:00,64,62,6
2025-06-20T23:30:00-07:00,65,61,6.2
2025-06-21T00:00:00-07:00,66,61,6.2
2025-06-21T00:30:00-07:00,67,61,6.6
2025-06-21T01:00:00-07:00,67,61,6.6
2025-06-21T01:30:00-07:00,67,60,6.6
2025-06-21T02:00:00-07:00,67,60,6.7
2025-06-21T02:30:00-07:00,68,60,6.5
2025-06-21T03:00:00-07:00,66,60,6.5
2025-06-21T03:30:00-07:00,66,60,6.5
2025-06-21T04:00:00-07:00,66,60,6.6
2025-06-21T04:30:00-07:00,67,59,6.2
2025-06-21T05:00:00-07:00,67,59,6.4
2025-06-21T05:30:00-07:00,67,59,6.6
2025-06-21T06:00:00-07:00,67,59,6.2
2025-06-21T06:30:00-07:00,66,60,6.1
2025-06-21T07:00:00-07:00,65,62,5.9
2025-06-21T07:30:00-07:00,62,63,5.4
2025-06-21T08:00:00-07:00,60,64,4.8
2025-06-21T08:30:00-07:00,56,66,4.2
2025-06-21T09:00:00-07:00,51,68,3.9
2025-06-21T09:30:00-07:00,47,70,3.9
2025-06-21T10:00:00-07:00,45,70,3
2025-06-21T10:30:00-07:00,43,71,2.6
2025-06-21T11:00:00-07:00,41,73,2.5
2025-06-21T11:30:00-07:00,38,74,2.4
2025-06-21T12:00:00-07:00,37,75,2.2
2025-06-21T12:30:00-07:00,38,75,2.2
2025-06-21T13:00:00-07:00,38,74,1.9
2025-06-21T13:30:00-07:00,39,75,2.2
2025-06-21T14:00:00-07:00,38,76,1.8
2025-06-21T14:30:00-07:00,35,77,1.7
2025-06-21T15:00:00-07:00,35,77,1.7
2025-06-21T15:30:00-07:00,38,75,1.9
2025-06-21T16:00:00-07:00,39,75,2.3
2025-06-21T16:30:00-07:00,39,76,2.5
2025-06-21T17:00:00-07:00,40,76,2.4
2025-06-21T17:30:00-07:00,39,77,2.5
2025-06-21T18:00:00-07:00,38,78,2.9
2025-06-21T18:30:00-07:00,38,79,2.9
2025-06-21T19:00:00-07:00,39,77,3
2025-06-21T19:30:00-07:00,42,75,3.3
2025-06-21T20:00:00-07:00,49,70,3.9
2025-06-21T20:30:00-07:00,53,67,4.5
2025-06-21T21:00:00-07:00,56,67,4.8
2025-06-21T21:30:00-07:00,58,66,5.9
2025-06-21T22:00:00-07:00,59,65,6.9
2025-06-21T22:30:00-07:00,61,64,5.9
2025-06-21T23:00:00-07:00,61,65,6.7
2025-06-21T23:30:00-07:00,61,65,5.6
2025-06-22T00:00:00-07:00,61,64,6.1
2025-06-22T00:30:00-07:00,63,64,8.3
2025-06-22T01:00:00-07:00,62,63,6.3
2025-06-22T01:30:00-07:00,62,63,6.1
2025-06-22T02:00:00-07:00,63,62,8.4
2025-06-22T02:30:00-07:00,64,61,6.9
2025-06-22T03:00:00-07:00,64,61,6.7
2025-06-22T03:30:00-07:00,64,61,6.2
2025-06-22T04:00:00-07:00,63,60,5.9
2025-06-22T04:30:00-07:00,64,60,5.3
2025-06-22T05:00:00-07:00,63,59,5.2
2025-06-22T05:30:00-07:00,63,59,5.2
2025-06-22T06:00:00-07:00,64,59,7
2025-06-22T06:30:00-07:00,64,60,6.5
2025-06-22T07:00:00-07:00,62,62,4.7
2025-06-22T07:30:00-07:00,61,65,5.8
2025-06-22T08:00:00-07:00,58,68,5.5
2025-06-22T08:30:00-07:00,53,70,4.6
2025-06-22T09:00:00-07:00,47,73,4
2025-06-22T09:30:00-07:00,45,75,4.4
2025-06-22T10:00:00-07:00,45,75,4.2
2025-06-22T10:30:00-07:00,40,77,3.2
2025-06-22T11:00:00-07:00,36,78,2.3
2025-06-22T11:30:00-07:00,34,79,2.2
2025-06-22T12:00:00-07:00,33,80,1.7
2025-06-22T12:30:00-07:00,34,80,2.3
2025-06-22T13:00:00-07:00,34,79,2.9
2025-06-22T13:30:00-07:00,34,79,2.7
2025-06-22T14:00:00-07:00,35,78,2.7
2025-06-22T14:30:00-07:00,36,78,2.8
2025-06-22T15:00:00-07:00,39,78,4
2025-06-22T15:30:00-07:00,40,78,4.1
2025-06-22T16:00:00-07:00,41,77,4.1
2025-06-22T16:30:00-07:00,43,75,4.4
2025-06-22T17:00:00-07:00,42,74,3.9
2025-06-22T17:30:00-07:00,42,74,4
2025-06-22T18:00:00-07:00,44,73,4.3
2025-06-22T18:30:00-07:00,45,74,4.6
2025-06-22T19:00:00-07:00,45,73,4.1
2025-06-22T19:30:00-07:00,47,72,4.4
2025-06-22T20:00:00-07:00,54,67,4.9
2025-06-22T20:30:00-07:00,58,65,5.5
2025-06-22T21:00:00-07:00,61,64,5.8
2025-06-22T21:30:00-07:00,61,64,5.7
2025-06-22T22:00:00-07:00,62,64,5.3
2025-06-22T22:30:00-07:00,63,63,5.6
2025-06-22T23:00:00-07:00,64,63,5
2025-06-22T23:30:00-07:00,65,63,5
2025-06-23T00:00:00-07:00,65,63,5.2
2025-06-23T00:30:00-07:00,64,63,5.2
2025-06-23T01:00:00-07:00,63,63,5.5
2025-06-23T01:30:00-07:00,62,62,5.8
2025-06-23T02:00:00-07:00,62,62,7
2025-06-23T02:30:00-07:00,63,61,7.1
2025-06-23T03:00:00-07:00,63,61,5.5
2025-06-23T03:30:00-07:00,63,60,5.5
2025-06-23T04:00:00-07:00,63,60,5.6
2025-06-23T04:30:00-07:00,63,60,5.5
2025-06-23T05:00:00-07:00,63,59,5.5
2025-06-23T05:30:00-07:00,64,59,5.8
2025-06-23T06:00:00-07:00,64,59,5.9
2025-06-23T06:30:00-07:00,64,60,6.2
2025-06-23T07:00:00-07:00,64,62,6.1
2025-06-23T07:30:00-07:00,60,65,6
2025-06-23T08:00:00-07:00,57,67,5.7
2025-06-23T08:30:00-07:00,54,69,6.2
2025-06-23T09:00:00-07:00,52,71,6.1
2025-06-23T09:30:00-07:00,49,74,5.9
2025-06-23T10:00:00-07:00,48,75,5.4
2025-06-23T10:30:00-07:00,47,77,5.3
2025-06-23T11:00:00-07:00,42,78,5.5
2025-06-23T11:30:00-07:00,40,80,5.2
2025-06-23T12:00:00-07:00,37,83,4.3
2025-06-23T12:30:00-07:00,36,84,4
2025-06-23T13:00:00-07:00,36,84,4.2
2025-06-23T13:30:00-07:00,32,86,3.3
2025-06-23T14:00:00-07:00,30,87,3.1
2025-06-23T14:30:00-07:00,34,87,3.1
2025-06-23T15:00:00-07:00,35,85,3.5
2025-06-23T15:30:00-07:00,34,87,3.4
2025-06-23T16:00:00-07:00,34,86,3.1
2025-06-23T16:30:00-07:00,37,83,3.1
2025-06-23T17:00:00-07:00,40,81,3.4
2025-06-23T17:30:00-07:00,35,82,2.9
2025-06-23T18:00:00-07:00,36,81,3.1
2025-06-23T18:30:00-07:00,40,79,3.6
2025-06-23T19:00:00-07:00,49,73,4.7
2025-06-23T19:30:00-07:00,57,68,4.8
2025-06-23T20:00:00-07:00,62,65,5.4
2025-06-23T20:30:00-07:00,65,64,5.7
2025-06-23T21:00:00-07:00,67,63,6.1
2025-06-23T21:30:00-07:00,67,63,6.4
2025-06-23T22:00:00-07:00,67,63,6.5
2025-06-23T22:30:00-07:00,68,63,5.6
2025-06-23T23:00:00-07:00,70,63,4.9
2025-06-23T23:30:00-07:00,69,62,3.7
2025-06-24T00:00:00-07:00,70,62,2.9
2025-06-24T00:30:00-07:00,70,62,3
2025-06-24T01:00:00-07:00,70,62,2.9
2025-06-24T01:30:00-07:00,69,62,2.4
2025-06-24T02:00:00-07:00,69,62,2.1
2025-06-24T02:30:00-07:00,69,62,2
2025-06-24T03:00:00-07:00,69,62,2.6
2025-06-24T03:30:00-07:00,68,63,1.3
2025-06-24T04:00:00-07:00,67,63,1.3
2025-06-24T04:30:00-07:00,67,63,1.2
2025-06-24T05:00:00-07:00,67,63,1.3
2025-06-24T05:30:00-07:00,66,63,1.2
2025-06-24T06:00:00-07:00,65,63,1.7
2025-06-24T06:30:00-07:00,66,63,1.4
2025-06-24T07:00:00-07:00,66,63,1.5
2025-06-24T07:30:00-07:00,65,63,1.5
2025-06-24T08:00:00-07:00,64,64,1.5
2025-06-24T08:30:00-07:00,62,65,1.6
2025-06-24T09:00:00-07:00,60,66,2
2025-06-24T09:30:00-07:00,57,68,1.9
2025-06-24T10:00:00-07:00,54,70,2.3
2025-06-24T10:30:00-07:00,52,71,2.3
2025-06-24T11:00:00-07:00,51,72,2.9
2025-06-24T11:30:00-07:00,51,72,3.2
2025-06-24T12:00:00-07:00,50,73,3
2025-06-24T12:30:00-07:00,51,73,2.5
2025-06-24T13:00:00-07:00,50,74,3.1
2025-06-24T13:30:00-07:00,48,74,3
2025-06-24T14:00:00-07:00,49,74,3.3
2025-06-24T14:30:00-07:00,49,74,3.3
2025-06-24T15:00:00-07:00,49,74,3
2025-06-24T15:30:00-07:00,51,72,2.8
2025-06-24T16:00:00-07:00,52,72,2.9
2025-06-24T16:30:00-07:00,52,72,2.7
2025-06-24T17:00:00-07:00,53,72,3
2025-06-24T17:30:00-07:00,53,72,3.2
2025-06-24T18:00:00-07:00,51,72,2.6
2025-06-24T18:30:00-07:00,50,74,2.8
2025-06-24T19:00:00-07:00,52,72,3
2025-06-24T19:30:00-07:00,54,70,3.3
2025-06-24T20:00:00-07:00,62,65,3.8
2025-06-24T20:30:00-07:00,66,63,3.8
2025-06-24T21:00:00-07:00,68,63,3.8
2025-06-24T21:30:00-07:00,69,62,3.4
2025-06-24T22:00:00-07:00,69,62,2.8
2025-06-24T22:30:00-07:00,70,62,4
2025-06-24T23:00:00-07:00,69,62,2.8
2025-06-24T23:30:00-07:00,69,62,3
2025-06-25T00:00:00-07:00,70,62,3.1
2025-06-25T00:30:00-07:00,70,62,2.8
2025-06-25T01:00:00-07:00,69,62,3.4
2025-06-25T01:30:00-07:00,69,62,2.8
2025-06-25T02:00:00-07:00,68,63,2.2
2025-06-25T02:30:00-07:00,66,63,2.3
2025-06-25T03:00:00-07:00,66,62,1.5
2025-06-25T03:30:00-07:00,67,62,2
2025-06-25T04:00:00-07:00,67,62,2.4
2025-06-25T04:30:00-07:00,67,62,3
2025-06-25T05:00:00-07:00,66,63,3.3
2025-06-25T05:30:00-07:00,66,63,3.6
2025-06-25T06:00:00-07:00,66,62,3.7
2025-06-25T06:30:00-07:00,66,63,4
2025-06-25T07:00:00-07:00,66,63,4.5
2025-06-25T07:30:00-07:00,65,64,5.2
2025-06-25T08:00:00-07:00,64,64,5.1
2025-06-25T08:30:00-07:00,63,65,5.2
2025-06-25T09:00:00-07:00,61,66,5.6
2025-06-25T09:30:00-07:00,58,68,5.9
2025-06-25T10:00:00-07:00,55,70,6.6
2025-06-25T10:30:00-07:00,54,71,8.6
2025-06-25T11:00:00-07:00,51,73,7.5
2025-06-25T11:30:00-07:00,48,75,6.9
2025-06-25T12:00:00-07:00,46,76,6.5
2025-06-25T12:30:00-07:00,46,78,6.5
2025-06-25T13:00:00-07:00,45,78,7
2025-06-25T13:30:00-07:00,43,80,7.7
2025-06-25T14:00:00-07:00,43,80,8.2
2025-06-25T14:30:00-07:00,44,78,7.1
2025-06-25T15:00:00-07:00,45,77,5.9
2025-06-25T15:30:00-07:00,46,76,5.8
2025-06-25T16:00:00-07:00,47,75,5.8
2025-06-25T16:30:00-07:00,49,74,4.9
2025-06-25T17:00:00-07:00,51,73,3.9
2025-06-25T17:30:00-07:00,52,72,3
2025-06-25T18:00:00-07:00,50,74,2.8
2025-06-25T18:30:00-07:00,48,75,2.5
2025-06-25T19:00:00-07:00,47,75,2.5
2025-06-25T19:30:00-07:00,52,71,2.4
2025-06-25T20:00:00-07:00,61,66,2.1
2025-06-25T20:30:00-07:00,64,64,2.2
2025-06-25T21:00:00-07:00,67,63,2.1
2025-06-25T21:30:00-07:00,69,62,1.9
2025-06-25T22:00:00-07:00,70,62,2.3
2025-06-25T22:30:00-07:00,70,62,2.4
2025-06-25T23:00:00-07:00,70,61,2.7
2025-06-25T23:30:00-07:00,69,61,2.9
2025-06-26T00:00:00-07:00,69,61,3.4
2025-06-26T00:30:00-07:00,71,61,3.5
2025-06-26T01:00:00-07:00,70,61,3.3
2025-06-26T01:30:00-07:00,70,61,3.3
2025-06-26T02:00:00-07:00,69,61,3.4
2025-06-26T02:30:00-07:00,68,61,3.3
2025-06-26T03:00:00-07:00,67,61,3.6
2025-06-26T03:30:00-07:00,67,61,3.9
2025-06-26T04:00:00-07:00,67,61,4.2
2025-06-26T04:30:00-07:00,67,61,4.2
2025-06-26T05:00:00-07:00,67,60,3.9
2025-06-26T05:30:00-07:00,67,60,3.6
2025-06-26T06:00:00-07:00,68,60,3.6
2025-06-26T06:30:00-07:00,69,62,3.7
2025-06-26T07:00:00-07:00,68,63,3.5
2025-06-26T07:30:00-07:00,66,64,3.9
2025-06-26T08:00:00-07:00,63,65,3.5
2025-06-26T08:30:00-07:00,59,67,3.4
2025-06-26T09:00:00-07:00,55,69,3.6
2025-06-26T09:30:00-07:00,53,71,3.9
2025-06-26T10:00:00-07:00,52,72,3.8
2025-06-26T10:30:00-07:00,51,72,4
2025-06-26T11:00:00-07:00,51,73,4
2025-06-26T11:30:00-07:00,50,73,3.5
2025-06-26T12:00:00-07:00,49,74,3.2
2025-06-26T12:30:00-07:00,47,76,3.1
2025-06-26T13:00:00-07:00,46,77,2.9
2025-06-26T13:30:00-07:00,44,78,3
2025-06-26T14:00:00-07:00,44,78,2.9
2025-06-26T14:30:00-07:00,44,78,2.8
2025-06-26T15:00:00-07:00,45,77,2.4
2025-06-26T15:30:00-07:00,46,77,2.3
2025-06-26T16:00:00-07:00,45,77,2.2
2025-06-26T16:30:00-07:00,45,77,2.2
2025-06-26T17:00:00-07:00,45,77,2.1
2025-06-26T17:30:00-07:00,46,76,2.4
2025-06-26T18:00:00-07:00,46,76,2.4
2025-06-26T18:30:00-07:00,46,77,2.3
2025-06-26T19:00:00-07:00,46,76,2.5
2025-06-26T19:30:00-07:00,51,72,2.5
2025-06-26T20:00:00-07:00,58,67,2.9
2025-06-26T20:30:00-07:00,63,65,3.1
2025-06-26T21:00:00-07:00,65,64,2.9
2025-06-26T21:30:00-07:00,66,64,2.9
2025-06-26T22:00:00-07:00,67,63,3
2025-06-26T22:30:00-07:00,67,63,3.4
2025-06-26T23:00:00-07:00,67,63,3.4
2025-06-26T23:30:00-07:00,67,63,3.7
2025-06-27T00:00:00-07:00,67,63,3.8
2025-06-27T00:30:00-07:00,68,63,4.3
2025-06-27T01:00:00-07:00,68,63,4.5
2025-06-27T01:30:00-07:00,66,63,4.4
2025-06-27T02:00:00-07:00,65,63,4.3
2025-06-27T02:30:00-07:00,65,63,4.4
2025-06-27T03:00:00-07:00,65,63,4.4
2025-06-27T03:30:00-07:00,65,62,4.3
2025-06-27T04:00:00-07:00,65,62,3.6
2025-06-27T04:30:00-07:00,65,62,3.4
2025-06-27T05:00:00-07:00,65,61,3.5
2025-06-27T05:30:00-07:00,65,61,3.9
2025-06-27T06:00:00-07:00,65,61,4
2025-06-27T06:30:00-07:00,66,63,4.1
2025-06-27T07:00:00-07:00,65,65,4.9
2025-06-27T07:30:00-07:00,63,66,3.9
2025-06-27T08:00:00-07:00,59,69,4
2025-06-27T08:30:00-07:00,56,71,4.2
2025-06-27T09:00:00-07:00,52,74,4.2
2025-06-27T09:30:00-07:00,48,76,4.1
2025-06-27T10:00:00-07:00,45,79,4
2025-06-27T10:30:00-07:00,43,81,3.8
2025-06-27T11:00:00-07:00,41,83,3.7
2025-06-27T11:30:00-07:00,40,85,3.8
2025-06-27T12:00:00-07:00,35,87,2.8
2025-06-27T12:30:00-07:00,31,88,2.2
2025-06-27T13:00:00-07:00,30,88,2
2025-06-27T13:30:00-07:00,31,88,3.2
2025-06-27T14:00:00-07:00,34,88,3.8
2025-06-27T14:30:00-07:00,34,87,3.2
2025-06-27T15:00:00-07:00,34,87,3.1
2025-06-27T15:30:00-07:00,36,86,2.9
2025-06-27T16:00:00-07:00,39,85,2.9
2025-06-27T16:30:00-07:00,41,83,4
2025-06-27T17:00:00-07:00,42,82,4.1
2025-06-27T17:30:00-07:00,43,81,4
2025-06-27T18:00:00-07:00,43,82,3.9
2025-06-27T18:30:00-07:00,41,83,4.3
2025-06-27T19:00:00-07:00,41,82,4.4
2025-06-27T19:30:00-07:00,43,81,4.3
2025-06-27T20:00:00-07:00,52,74,4.6
2025-06-27T20:30:00-07:00,58,70,5.2
2025-06-27T21:00:00-07:00,60,69,4.9
2025-06-27T21:30:00-07:00,60,70,5.1
2025-06-27T22:00:00-07:00,59,69,5.8
2025-06-27T22:30:00-07:00,59,68,6
2025-06-27T23:00:00-07:00,60,68,6.1
2025-06-27T23:30:00-07:00,62,67,5.8
2025-06-28T00:00:00-07:00,63,67,6
2025-06-28T00:30:00-07:00,62,67,6.1
2025-06-28T01:00:00-07:00,61,67,7.1
2025-06-28T01:30:00-07:00,61,67,6.5
2025-06-28T02:00:00-07:00,61,67,7
2025-06-28T02:30:00-07:00,61,66,7.2
2025-06-28T03:00:00-07:00,61,66,7.2
2025-06-28T03:30:00-07:00,62,66,7.6
2025-06-28T04:00:00-07:00,63,65,6.9
2025-06-28T04:30:00-07:00,63,65,7.3
2025-06-28T05:00:00-07:00,63,65,6.7
2025-06-28T05:30:00-07:00,63,64,6.7
2025-06-28T06:00:00-07:00,64,64,6.5
2025-06-28T06:30:00-07:00,64,65,7.2
2025-06-28T07:00:00-07:00,63,67,7.8
2025-06-28T07:30:00-07:00,60,69,6.9
2025-06-28T08:00:00-07:00,57,71,6.6
2025-06-28T08:30:00-07:00,53,73,5.8
2025-06-28T09:00:00-07:00,49,76,5.1
2025-06-28T09:30:00-07:00,46,79,5.9
2025-06-28T10:00:00-07:00,42,81,5.1
2025-06-28T10:30:00-07:00,39,83,4.6
2025-06-28T11:00:00-07:00,36,85,4.3
2025-06-28T11:30:00-07:00,34,88,4.3
2025-06-28T12:00:00-07:00,34,90,4.9
2025-06-28T12:30:00-07:00,37,90,5.4
2025-06-28T13:00:00-07:00,36,91,5.5
2025-06-28T13:30:00-07:00,34,92,4.6
2025-06-28T14:00:00-07:00,31,93,3.6
2025-06-28T14:30:00-07:00,30,94,4
2025-06-28T15:00:00-07:00,29,94,3.8
2025-06-28T15:30:00-07:00,29,94,3.9
2025-06-28T16:00:00-07:00,29,93,4.1
2025-06-28T16:30:00-07:00,28,93,4
2025-06-28T17:00:00-07:00,29,92,3.8
2025-06-28T17:30:00-07:00,28,92,4.1
2025-06-28T18:00:00-07:00,27,93,4.1
2025-06-28T18:30:00-07:00,24,95,3.9
2025-06-28T19:00:00-07:00,24,95,4.2
2025-06-28T19:30:00-07:00,26,91,4.4
2025-06-28T20:00:00-07:00,33,83,5.4
2025-06-28T20:30:00-07:00,39,79,6
2025-06-28T21:00:00-07:00,43,76,5.6
2025-06-28T21:30:00-07:00,46,74,5.5
2025-06-28T22:00:00-07:00,49,72,5.7
2025-06-28T22:30:00-07:00,51,71,5.3
2025-06-28T23:00:00-07:00,53,70,5.2
2025-06-28T23:30:00-07:00,54,70,5.4
2025-06-29T00:00:00-07:00,54,70,5.2
2025-06-29T00:30:00-07:00,56,69,5.7
2025-06-29T01:00:00-07:00,57,68,5.6
2025-06-29T01:30:00-07:00,58,68,5.6
2025-06-29T02:00:00-07:00,59,67,5.4
2025-06-29T02:30:00-07:00,59,67,4.8
2025-06-29T03:00:00-07:00,60,66,4.9
2025-06-29T03:30:00-07:00,61,66,4.8
2025-06-29T04:00:00-07:00,62,65,4.5
2025-06-29T04:30:00-07:00,62,65,4.2
2025-06-29T05:00:00-07:00,62,65,4.3
2025-06-29T05:30:00-07:00,62,64,4.4
2025-06-29T06:00:00-07:00,64,64,5.4
2025-06-29T06:30:00-07:00,64,64,5.3
2025-06-29T07:00:00-07:00,63,65,5.9
2025-06-29T07:30:00-07:00,62,67,4.8
2025-06-29T08:00:00-07:00,60,69,5.3
2025-06-29T08:30:00-07:00,57,71,5.4
2025-06-29T09:00:00-07:00,55,73,5.6
2025-06-29T09:30:00-07:00,52,75,6.1
2025-06-29T10:00:00-07:00,49,77,5.5
2025-06-29T10:30:00-07:00,47,79,4.8
2025-06-29T11:00:00-07:00,43,81,4.7
2025-06-29T11:30:00-07:00,39,84,4.9
2025-06-29T12:00:00-07:00,38,86,4.9
2025-06-29T12:30:00-07:00,38,87,4.6
2025-06-29T13:00:00-07:00,36,88,4.9
2025-06-29T13:30:00-07:00,34,88,4.7
2025-06-29T14:00:00-07:00,33,89,3.4
2025-06-29T14:30:00-07:00,32,89,2.6
2025-06-29T15:00:00-07:00,31,88,2.2
2025-06-29T15:30:00-07:00,29,90,1.7
2025-06-29T16:00:00-07:00,28,90,1.5
2025-06-29T16:30:00-07:00,29,89,2
2025-06-29T17:00:00-07:00,32,88,3.1
2025-06-29T17:30:00-07:00,34,87,4
2025-06-29T18:00:00-07:00,30,88,4.5
2025-06-29T18:30:00-07:00,29,89,4.9
2025-06-29T19:00:00-07:00,32,86,6
2025-06-29T19:30:00-07:00,34,83,5.7
2025-06-29T20:00:00-07:00,41,77,5.9
2025-06-29T20:30:00-07:00,44,74,6.2
2025-06-29T21:00:00-07:00,47,72,6.6
2025-06-29T21:30:00-07:00,49,71,7.5
2025-06-29T22:00:00-07:00,50,71,9.8
2025-06-29T22:30:00-07:00,52,70,8.5
2025-06-29T23:00:00-07:00,55,69,7.9
2025-06-29T23:30:00-07:00,56,69,7.9
2025-06-30T00:00:00-07:00,58,68,8.3
2025-06-30T00:30:00-07:00,60,67,8
2025-06-30T01:00:00-07:00,60,66,6.3
2025-06-30T01:30:00-07:00,62,65,6
2025-06-30T02:00:00-07:00,64,65,5.1
2025-06-30T02:30:00-07:00,65,64,4.1
2025-06-30T03:00:00-07:00,66,64,3.4
2025-06-30T03:30:00-07:00,65,64,3.4
2025-06-30T04:00:00-07:00,65,64,3
2025-06-30T04:30:00-07:00,65,63,4
2025-06-30T05:00:00-07:00,66,63,4
2025-06-30T05:30:00-07:00,66,63,2.1
2025-06-30T06:00:00-07:00,66,63,2.3
2025-06-30T06:30:00-07:00,65,64,2.7
2025-06-30T07:00:00-07:00,64,65,3.6
2025-06-30T07:30:00-07:00,62,66,3.2
2025-06-30T08:00:00-07:00,59,69,2.5
2025-06-30T08:30:00-07:00,57,70,2.8
2025-06-30T09:00:00-07:00,53,72,3.6
2025-06-30T09:30:00-07:00,50,74,3.3
2025-06-30T10:00:00-07:00,46,77,3.3
2025-06-30T10:30:00-07:00,45,78,3.5
2025-06-30T11:00:00-07:00,43,79,3.5
2025-06-30T11:30:00-07:00,41,82,3.3
2025-06-30T12:00:00-07:00,41,82,3.4
2025-06-30T12:30:00-07:00,39,84,3.1
2025-06-30T13:00:00-07:00,38,84,3
2025-06-30T13:30:00-07:00,38,84,2.3
2025-06-30T14:00:00-07:00,37,85,2
2025-06-30T14:30:00-07:00,35,86,1.9
2025-06-30T15:00:00-07:00,37,86,2.2
2025-06-30T15:30:00-07:00,37,85,2.7
2025-06-30T16:00:00-07:00,37,86,2.8
2025-06-30T16:30:00-07:00,35,86,2.7
2025-06-30T17:00:00-07:00,35,85,2.8
2025-06-30T17:30:00-07:00,35,84,3.3
2025-06-30T18:00:00-07:00,35,85,4.2
2025-06-30T18:30:00-07:00,35,86,5
2025-06-30T19:00:00-07:00,37,83,4.8
2025-06-30T19:30:00-07:00,40,81,4.6
2025-06-30T20:00:00-07:00,49,73,5.1
2025-06-30T20:30:00-07:00,58,68,5.7
2025-06-30T21:00:00-07:00,62,66,6.5
2025-06-30T21:30:00-07:00,64,66,7.2
2025-06-30T22:00:00-07:00,66,65,8.2
2025-06-30T22:30:00-07:00,67,65,8.4
2025-06-30T23:00:00-07:00,68,64,7.9
2025-06-30T23:30:00-07:00,68,64,8.6
2025-07-01T00:00:00-07:00,69,64,9
2025-07-01T00:30:00-07:00,69,64,8.9
2025-07-01T01:00:00-07:00,69,64,8.8
2025-07-01T01:30:00-07:00,69,64,9.6
2025-07-01T02:00:00-07:00,69,64,9.5
2025-07-01T02:30:00-07:00,68,64,10.2
2025-07-01T03:00:00-07:00,68,64,10.8
2025-07-01T03:30:00-07:00,68,64,10.2
2025-07-01T04:00:00-07:00,69,63,10.1
2025-07-01T04:30:00-07:00,69,64,11
2025-07-01T05:00:00-07:00,69,65,11.7
2025-07-01T05:30:00-07:00,68,65,12.1
2025-07-01T06:00:00-07:00,67,65,13.8
2025-07-01T06:30:00-07:00,68,66,16.6
2025-07-01T07:00:00-07:00,68,66,16.4
2025-07-01T07:30:00-07:00,66,68,14.8
2025-07-01T08:00:00-07:00,62,69,13.9
2025-07-01T08:30:00-07:00,60,70,11
2025-07-01T09:00:00-07:00,58,71,10.3
2025-07-01T09:30:00-07:00,55,72,11.8
2025-07-01T10:00:00-07:00,53,73,11
2025-07-01T10:30:00-07:00,50,75,9
2025-07-01T11:00:00-07:00,48,77,8
2025-07-01T11:30:00-07:00,44,79,7.5
2025-07-01T12:00:00-07:00,41,81,7.6
2025-07-01T12:30:00-07:00,42,83,8.4
2025-07-01T13:00:00-07:00,40,85,7.6
2025-07-01T13:30:00-07:00,38,87,7.6
2025-07-01T14:00:00-07:00,38,88,6
2025-07-01T14:30:00-07:00,36,88,3.8
2025-07-01T15:00:00-07:00,34,89,2.6
2025-07-01T15:30:00-07:00,34,90,2.6
2025-07-01T16:00:00-07:00,36,88,2.4
2025-07-01T16:30:00-07:00,37,87,2.3
2025-07-01T17:00:00-07:00,40,83,2.7
2025-07-01T17:30:00-07:00,41,81,3
2025-07-01T18:00:00-07:00,41,81,3.7
2025-07-01T18:30:00-07:00,40,82,4.8
2025-07-01T19:00:00-07:00,43,80,5.9
2025-07-01T19:30:00-07:00,46,77,6.9
2025-07-01T20:00:00-07:00,55,71,6.2
2025-07-01T20:30:00-07:00,56,70,6
2025-07-01T21:00:00-07:00,56,70,4.5
2025-07-01T21:30:00-07:00,58,69,8.8
2025-07-01T22:00:00-07:00,64,66,5.1
2025-07-01T22:30:00-07:00,67,64,5.5
2025-07-01T23:00:00-07:00,68,63,3.4
2025-07-01T23:30:00-07:00,70,63,3
2025-07-02T00:00:00-07:00,69,63,3.5
2025-07-02T00:30:00-07:00,68,63,3.7
2025-07-02T01:00:00-07:00,67,64,4
2025-07-02T01:30:00-07:00,69,63,4
2025-07-02T02:00:00-07:00,70,63,3.6
2025-07-02T02:30:00-07:00,71,63,3.8
2025-07-02T03:00:00-07:00,70,64,3.9
2025-07-02T03:30:00-07:00,69,64,4.5
2025-07-02T04:00:00-07:00,68,65,4.9
2025-07-02T04:30:00-07:00,69,64,5
2025-07-02T05:00:00-07:00,69,65,4.2
2025-07-02T05:30:00-07:00,67,65,4
2025-07-02T06:00:00-07:00,67,66,5
2025-07-02T06:30:00-07:00,66,66,5.2
2025-07-02T07:00:00-07:00,66,66,5.3
2025-07-02T07:30:00-07:00,65,67,5.3
2025-07-02T08:00:00-07:00,64,68,5.3
2025-07-02T08:30:00-07:00,62,69,5
2025-07-02T09:00:00-07:00,59,71,4.6
2025-07-02T09:30:00-07:00,55,74,5
2025-07-02T10:00:00-07:00,51,76,5.2
2025-07-02T10:30:00-07:00,48,78,6.3
2025-07-02T11:00:00-07:00,47,79,5.2
2025-07-02T11:30:00-07:00,46,81,6.4
2025-07-02T12:00:00-07:00,46,80,6
2025-07-02T12:30:00-07:00,45,81,4.7
2025-07-02T13:00:00-07:00,43,83,4.1
2025-07-02T13:30:00-07:00,41,83,2.9
2025-07-02T14:00:00-07:00,42,82,2.9
2025-07-02T14:30:00-07:00,42,82,3.1
2025-07-02T15:00:00-07:00,44,81,3.4
2025-07-02T15:30:00-07:00,44,80,4
2025-07-02T16:00:00-07:00,46,79,4.4
2025-07-02T16:30:00-07:00,47,78,5
2025-07-02T17:00:00-07:00,47,77,5.3
2025-07-02T17:30:00-07:00,46,78,5.7
2025-07-02T18:00:00-07:00,47,77,6.4
2025-07-02T18:30:00-07:00,44,79,6.6
2025-07-02T19:00:00-07:00,47,76,7.6
2025-07-02T19:30:00-07:00,50,72,7.9
2025-07-02T20:00:00-07:00,57,67,9.1
2025-07-02T20:30:00-07:00,61,65,9
2025-07-02T21:00:00-07:00,63,65,9.1
2025-07-02T21:30:00-07:00,63,65,9.7
2025-07-02T22:00:00-07:00,64,65,9.5
2025-07-02T22:30:00-07:00,64,65,9.3
2025-07-02T23:00:00-07:00,64,64,9.2
2025-07-02T23:30:00-07:00,64,64,9
2025-07-03T00:00:00-07:00,64,64,9.1
2025-07-03T00:30:00-07:00,66,64,9.7
2025-07-03T01:00:00-07:00,66,64,8.3
2025-07-03T01:30:00-07:00,65,64,8
2025-07-03T02:00:00-07:00,64,64,7.4
2025-07-03T02:30:00-07:00,65,63,7.8
2025-07-03T03:00:00-07:00,65,63,7.5
2025-07-03T03:30:00-07:00,64,62,7.1
2025-07-03T04:00:00-07:00,65,62,6.8
2025-07-03T04:30:00-07:00,65,62,6.9
2025-07-03T05:00:00-07:00,65,61,7
2025-07-03T05:30:00-07:00,65,61,6.9
2025-07-03T06:00:00-07:00,66,61,6.7
2025-07-03T06:30:00-07:00,67,62,6.3
2025-07-03T07:00:00-07:00,66,65,5.7
2025-07-03T07:30:00-07:00,62,66,5.2
2025-07-03T08:00:00-07:00,59,68,4.9
2025-07-03T08:30:00-07:00,58,70,6
2025-07-03T09:00:00-07:00,53,72,6.1
2025-07-03T09:30:00-07:00,53,72,5
2025-07-03T10:00:00-07:00,50,74,4.6
2025-07-03T10:30:00-07:00,49,75,3.7
2025-07-03T11:00:00-07:00,50,75,3.3
2025-07-03T11:30:00-07:00,50,74,2.6
2025-07-03T12:00:00-07:00,50,73,2.6
2025-07-03T12:30:00-07:00,51,73,2.5
2025-07-03T13:00:00-07:00,49,74,2.5
2025-07-03T13:30:00-07:00,48,75,2.1
2025-07-03T14:00:00-07:00,49,74,2
2025-07-03T14:30:00-07:00,50,73,2.1
2025-07-03T15:00:00-07:00,49,74,2.3
2025-07-03T15:30:00-07:00,48,75,2.1
2025-07-03T16:00:00-07:00,47,75,2.3
2025-07-03T16:30:00-07:00,46,75,2.4
2025-07-03T17:00:00-07:00,45,76,2.5
2025-07-03T17:30:00-07:00,45,76,2.5
2025-07-03T18:00:00-07:00,42,79,2.6
2025-07-03T18:30:00-07:00,38,82,2.7
2025-07-03T19:00:00-07:00,40,80,2.9
2025-07-03T19:30:00-07:00,44,76,2.7
2025-07-03T20:00:00-07:00,53,70,3.2
2025-07-03T20:30:00-07:00,57,68,3.4
2025-07-03T21:00:00-07:00,58,67,3.7
2025-07-03T21:30:00-07:00,58,67,3.9
2025-07-03T22:00:00-07:00,58,67,4
2025-07-03T22:30:00-07:00,59,66,4.2
2025-07-03T23:00:00-07:00,59,66,4.4
2025-07-03T23:30:00-07:00,60,65,5.2
2025-07-04T00:00:00-07:00,60,65,5.2
2025-07-04T00:30:00-07:00,61,64,4.7
2025-07-04T01:00:00-07:00,62,64,4.9
2025-07-04T01:30:00-07:00,63,64,4.2
2025-07-04T02:00:00-07:00,62,64,4.6
2025-07-04T02:30:00-07:00,63,63,5.1
2025-07-04T03:00:00-07:00,64,63,5.4
2025-07-04T03:30:00-07:00,63,63,5.2
2025-07-04T04:00:00-07:00,64,63,4
2025-07-04T04:30:00-07:00,66,62,4.2
2025-07-04T05:00:00-07:00,65,62,4
2025-07-04T05:30:00-07:00,65,62,3.9
2025-07-04T06:00:00-07:00,66,62,4.2
2025-07-04T06:30:00-07:00,66,63,5.1
2025-07-04T07:00:00-07:00,64,64,4.3
2025-07-04T07:30:00-07:00,60,65,3.8
2025-07-04T08:00:00-07:00,58,67,3.3
2025-07-04T08:30:00-07:00,55,68,2.9
2025-07-04T09:00:00-07:00,52,70,2.8
2025-07-04T09:30:00-07:00,48,73,2.6
2025-07-04T10:00:00-07:00,44,74,2.4
2025-07-04T10:30:00-07:00,43,75,2.3
2025-07-04T11:00:00-07:00,41,77,2.4
2025-07-04T11:30:00-07:00,42,77,2.2
2025-07-04T12:00:00-07:00,42,77,2.3
2025-07-04T12:30:00-07:00,43,77,2.6
2025-07-04T13:00:00-07:00,43,76,2.2
2025-07-04T13:30:00-07:00,44,76,2.1
2025-07-04T14:00:00-07:00,44,76,1.9
2025-07-04T14:30:00-07:00,42,76,2
2025-07-04T15:00:00-07:00,43,76,1.8
2025-07-04T15:30:00-07:00,43,76,1.6
2025-07-04T16:00:00-07:00,43,75,1.9
2025-07-04T16:30:00-07:00,43,75,1.6
2025-07-04T17:00:00-07:00,44,73,1.4
2025-07-04T17:30:00-07:00,44,73,1.9
2025-07-04T18:00:00-07:00,44,73,1.5
2025-07-04T18:30:00-07:00,43,73,1.2
2025-07-04T19:00:00-07:00,42,74,1.3
2025-07-04T19:30:00-07:00,41,75,1.6
2025-07-04T20:00:00-07:00,48,69,1.8
2025-07-04T20:30:00-07:00,54,66,2.3
2025-07-04T21:00:00-07:00,55,65,5.3
2025-07-04T21:30:00-07:00,57,65,5.7
2025-07-04T22:00:00-07:00,58,64,10
2025-07-04T22:30:00-07:00,59,64,8.9
2025-07-04T23:00:00-07:00,60,64,9.7
2025-07-04T23:30:00-07:00,62,64,7.3
2025-07-05T00:00:00-07:00,62,64,7.2
2025-07-05T00:30:00-07:00,63,63,4.5
2025-07-05T01:00:00-07:00,64,63,3.9
2025-07-05T01:30:00-07:00,67,62,3.8
2025-07-05T02:00:00-07:00,68,62,3.6
2025-07-05T02:30:00-07:00,68,62,3.5
2025-07-05T03:00:00-07:00,66,62,3.3
2025-07-05T03:30:00-07:00,65,62,3.5
2025-07-05T04:00:00-07:00,65,62,4.3
2025-07-05T04:30:00-07:00,66,61,4.5
2025-07-05T05:00:00-07:00,65,61,3.8
2025-07-05T05:30:00-07:00,65,61,3.1
2025-07-05T06:00:00-07:00,65,60,3.2
2025-07-05T06:30:00-07:00,66,61,3.4
2025-07-05T07:00:00-07:00,66,63,3.6
2025-07-05T07:30:00-07:00,63,64,4.7
2025-07-05T08:00:00-07:00,61,66,5.9
2025-07-05T08:30:00-07:00,57,68,5.8
2025-07-05T09:00:00-07:00,53,70,5.5
2025-07-05T09:30:00-07:00,49,72,3.7
2025-07-05T10:00:00-07:00,47,73,3.3
2025-07-05T10:30:00-07:00,46,75,3.5
2025-07-05T11:00:00-07:00,43,77,3.2
2025-07-05T11:30:00-07:00,42,79,3.3
2025-07-05T12:00:00-07:00,42,79,3.4
2025-07-05T12:30:00-07:00,41,80,3.5
2025-07-05T13:00:00-07:00,39,81,3.5
2025-07-05T13:30:00-07:00,38,82,3.9
2025-07-05T14:00:00-07:00,39,81,3.9
2025-07-05T14:30:00-07:00,40,80,3.3
2025-07-05T15:00:00-07:00,40,79,3.5
2025-07-05T15:30:00-07:00,43,78,3.6
2025-07-05T16:00:00-07:00,44,77,3.8
2025-07-05T16:30:00-07:00,44,77,3.6
2025-07-05T17:00:00-07:00,44,78,3.8
2025-07-05T17:30:00-07:00,44,77,4
2025-07-05T18:00:00-07:00,45,78,4.2
2025-07-05T18:30:00-07:00,44,78,4.4
2025-07-05T19:00:00-07:00,46,75,4.7
2025-07-05T19:30:00-07:00,49,73,5.1
2025-07-05T20:00:00-07:00,60,66,5.6
2025-07-05T20:30:00-07:00,66,64,6.5
2025-07-05T21:00:00-07:00,68,63,6.4
2025-07-05T21:30:00-07:00,69,62,5.7
2025-07-05T22:00:00-07:00,70,62,5.6
2025-07-05T22:30:00-07:00,70,62,5.7
2025-07-05T23:00:00-07:00,70,62,5.8
2025-07-05T23:30:00-07:00,70,62,5.5
2025-07-06T00:00:00-07:00,70,62,5.5
2025-07-06T00:30:00-07:00,71,62,6.3
2025-07-06T01:00:00-07:00,69,62,6
2025-07-06T01:30:00-07:00,69,63,6.2
2025-07-06T02:00:00-07:00,68,63,7.2
2025-07-06T02:30:00-07:00,69,63,7.2
2025-07-06T03:00:00-07:00,68,63,6.5
2025-07-06T03:30:00-07:00,68,63,5.4
2025-07-06T04:00:00-07:00,68,63,4.9
2025-07-06T04:30:00-07:00,68,63,4.7
2025-07-06T05:00:00-07:00,68,63,4.9
2025-07-06T05:30:00-07:00,67,64,5.4
2025-07-06T06:00:00-07:00,67,64,6
2025-07-06T06:30:00-07:00,66,64,6.4
2025-07-06T07:00:00-07:00,65,64,6.3
2025-07-06T07:30:00-07:00,64,65,5.6
2025-07-06T08:00:00-07:00,63,65,5.5
2025-07-06T08:30:00-07:00,59,68,5.4
2025-07-06T09:00:00-07:00,55,70,4.9
2025-07-06T09:30:00-07:00,53,72,4.6
2025-07-06T10:00:00-07:00,51,74,4.8
2025-07-06T10:30:00-07:00,49,75,5.1
2025-07-06T11:00:00-07:00,46,77,5.1
2025-07-06T11:30:00-07:00,43,79,5.2
2025-07-06T12:00:00-07:00,43,79,5.2
2025-07-06T12:30:00-07:00,42,80,4.3
2025-07-06T13:00:00-07:00,40,81,3.7
2025-07-06T13:30:00-07:00,39,82,3.8
2025-07-06T14:00:00-07:00,37,84,3.8
2025-07-06T14:30:00-07:00,37,84,3.7
2025-07-06T15:00:00-07:00,37,84,3.8
2025-07-06T15:30:00-07:00,37,84,4.1
2025-07-06T16:00:00-07:00,38,84,4.2
2025-07-06T16:30:00-07:00,36,84,4.3
2025-07-06T17:00:00-07:00,39,82,5.9
2025-07-06T17:30:00-07:00,40,80,5.8
2025-07-06T18:00:00-07:00,39,81,4.9
2025-07-06T18:30:00-07:00,37,84,5.3
2025-07-06T19:00:00-07:00,39,82,5.1
2025-07-06T19:30:00-07:00,43,79,5.7
2025-07-06T20:00:00-07:00,52,72,6.2
2025-07-06T20:30:00-07:00,57,69,6
2025-07-06T21:00:00-07:00,60,68,7.1
2025-07-06T21:30:00-07:00,62,67,7.4
2025-07-06T22:00:00-07:00,63,66,7.4
2025-07-06T22:30:00-07:00,63,66,7.8
2025-07-06T23:00:00-07:00,65,65,8.5
2025-07-06T23:30:00-07:00,65,65,9.2
2025-07-07T00:00:00-07:00,66,64,9.2
2025-07-07T00:30:00-07:00,67,63,9.7
2025-07-07T01:00:00-07:00,68,63,8
2025-07-07T01:30:00-07:00,71,62,8.7
2025-07-07T02:00:00-07:00,71,62,8.2
2025-07-07T02:30:00-07:00,71,63,8.9
2025-07-07T03:00:00-07:00,71,63,8.9
2025-07-07T03:30:00-07:00,69,64,9.6
2025-07-07T04:00:00-07:00,68,64,9.7
2025-07-07T04:30:00-07:00,68,64,9.5
2025-07-07T05:00:00-07:00,67,64,9.5
2025-07-07T05:30:00-07:00,67,65,9.6
2025-07-07T06:00:00-07:00,66,65,10.4
2025-07-07T06:30:00-07:00,66,66,9.4
2025-07-07T07:00:00-07:00,63,66,6.4
2025-07-07T07:30:00-07:00,62,67,7.7
2025-07-07T08:00:00-07:00,61,68,8.7
2025-07-07T08:30:00-07:00,58,69,9.5
2025-07-07T09:00:00-07:00,56,70,10.6
2025-07-07T09:30:00-07:00,52,73,11.4
2025-07-07T10:00:00-07:00,49,75,11.3
2025-07-07T10:30:00-07:00,48,76,8.6
2025-07-07T11:00:00-07:00,48,77,7.6
2025-07-07T11:30:00-07:00,47,77,7.6
2025-07-07T12:00:00-07:00,44,79,7.5
2025-07-07T12:30:00-07:00,42,81,7.5
2025-07-07T13:00:00-07:00,41,82,6.5
2025-07-07T13:30:00-07:00,41,82,6.1
2025-07-07T14:00:00-07:00,39,83,5.2
2025-07-07T14:30:00-07:00,39,83,3.5
2025-07-07T15:00:00-07:00,40,83,3
2025-07-07T15:30:00-07:00,41,81,2.7
2025-07-07T16:00:00-07:00,40,82,2.1
2025-07-07T16:30:00-07:00,42,81,2.1
2025-07-07T17:00:00-07:00,43,80,2.5
2025-07-07T17:30:00-07:00,43,80,2
2025-07-07T18:00:00-07:00,41,80,2.2
2025-07-07T18:30:00-07:00,39,82,2.3
2025-07-07T19:00:00-07:00,39,82,2.2
2025-07-07T19:30:00-07:00,42,78,1.9
2025-07-07T20:00:00-07:00,51,71,2
2025-07-07T20:30:00-07:00,57,68,2
2025-07-07T21:00:00-07:00,60,67,1.8
2025-07-07T21:30:00-07:00,62,66,1.9
2025-07-07T22:00:00-07:00,63,65,1.9
2025-07-07T22:30:00-07:00,64,65,2.2
2025-07-07T23:00:00-07:00,64,65,2.1
2025-07-07T23:30:00-07:00,64,65,3.3
2025-07-08T00:00:00-07:00,64,65,4
2025-07-08T00:30:00-07:00,64,65,2.7
2025-07-08T01:00:00-07:00,65,64,2.9
2025-07-08T01:30:00-07:00,64,64,2.7
2025-07-08T02:00:00-07:00,65,64,2.7
2025-07-08T02:30:00-07:00,64,64,2.9
2025-07-08T03:00:00-07:00,64,64,3.2
2025-07-08T03:30:00-07:00,65,64,3.3
2025-07-08T04:00:00-07:00,64,65,3.1
2025-07-08T04:30:00-07:00,64,66,3.1
2025-07-08T05:00:00-07:00,63,66,4.6
2025-07-08T05:30:00-07:00,63,65,3.2
2025-07-08T06:00:00-07:00,63,65,3.7
2025-07-08T06:30:00-07:00,64,65,3.9
2025-07-08T07:00:00-07:00,62,66,4.3
2025-07-08T07:30:00-07:00,60,67,5.5
2025-07-08T08:00:00-07:00,57,69,6
2025-07-08T08:30:00-07:00,54,71,6
2025-07-08T09:00:00-07:00,52,73,6.6
2025-07-08T09:30:00-07:00,49,74,5.9
2025-07-08T10:00:00-07:00,45,76,4.4
2025-07-08T10:30:00-07:00,44,77,4.4
2025-07-08T11:00:00-07:00,44,78,4.6
2025-07-08T11:30:00-07:00,41,79,3.8
2025-07-08T12:00:00-07:00,41,80,2.6
2025-07-08T12:30:00-07:00,40,81,2.3
2025-07-08T13:00:00-07:00,40,81,2
2025-07-08T13:30:00-07:00,40,82,1.4
2025-07-08T14:00:00-07:00,40,82,1
2025-07-08T14:30:00-07:00,41,81,0.5
2025-07-08T15:00:00-07:00,41,81,0.2
2025-07-08T15:30:00-07:00,41,81,0.1
2025-07-08T16:00:00-07:00,41,81,0
2025-07-08T16:30:00-07:00,43,80,0.1
2025-07-08T17:00:00-07:00,43,80,0.1
2025-07-08T17:30:00-07:00,45,78,0.1
2025-07-08T18:00:00-07:00,44,79,0.2
2025-07-08T18:30:00-07:00,44,79,0.3
2025-07-08T19:00:00-07:00,44,79,0.5
2025-07-08T19:30:00-07:00,46,77,0.3
2025-07-08T20:00:00-07:00,56,70,0.4
2025-07-08T20:30:00-07:00,63,67,0.6
2025-07-08T21:00:00-07:00,64,67,0.6
2025-07-08T21:30:00-07:00,66,66,0.8
2025-07-08T22:00:00-07:00,67,66,0.8
2025-07-08T22:30:00-07:00,68,66,0.8
2025-07-08T23:00:00-07:00,69,65,1
2025-07-08T23:30:00-07:00,69,65,1.3
2025-07-09T00:00:00-07:00,68,65,1.1
2025-07-09T00:30:00-07:00,68,66,1.7
2025-07-09T01:00:00-07:00,68,66,2
2025-07-09T01:30:00-07:00,67,66,2.4
2025-07-09T02:00:00-07:00,66,67,2.1
2025-07-09T02:30:00-07:00,65,67,2.8
2025-07-09T03:00:00-07:00,65,67,3.3
2025-07-09T03:30:00-07:00,66,67,3.2
2025-07-09T04:00:00-07:00,65,67,2
2025-07-09T04:30:00-07:00,65,67,1.9
2025-07-09T05:00:00-07:00,66,67,1.6
2025-07-09T05:30:00-07:00,66,66,1.2
2025-07-09T06:00:00-07:00,66,66,1.4
2025-07-09T06:30:00-07:00,66,66,1.9
2025-07-09T07:00:00-07:00,67,66,2.5
2025-07-09T07:30:00-07:00,67,66,2.7
2025-07-09T08:00:00-07:00,67,66,2.4
2025-07-09T08:30:00-07:00,66,66,2.8
2025-07-09T09:00:00-07:00,63,67,3.2
2025-07-09T09:30:00-07:00,61,68,5.2
2025-07-09T10:00:00-07:00,58,70,5
2025-07-09T10:30:00-07:00,56,71,5
2025-07-09T11:00:00-07:00,53,73,5.8
2025-07-09T11:30:00-07:00,51,74,6.2
2025-07-09T12:00:00-07:00,48,76,4.6
2025-07-09T12:30:00-07:00,46,77,3.1
2025-07-09T13:00:00-07:00,43,80,1.6
2025-07-09T13:30:00-07:00,41,81,1.6
2025-07-09T14:00:00-07:00,41,82,1.9
2025-07-09T14:30:00-07:00,44,80,1.3
2025-07-09T15:00:00-07:00,44,81,1.6
2025-07-09T15:30:00-07:00,43,81,1.7
2025-07-09T16:00:00-07:00,44,81,1.3
2025-07-09T16:30:00-07:00,44,81,1.7
2025-07-09T17:00:00-07:00,45,80,1.8
2025-07-09T17:30:00-07:00,46,80,1.9
2025-07-09T18:00:00-07:00,45,80,1.9
2025-07-09T18:30:00-07:00,43,82,1.9
2025-07-09T19:00:00-07:00,45,81,1.9
2025-07-09T19:30:00-07:00,48,78,2.1
2025-07-09T20:00:00-07:00,57,72,2.4
2025-07-09T20:30:00-07:00,63,69,2.9
2025-07-09T21:00:00-07:00,66,67,3.9
2025-07-09T21:30:00-07:00,67,66,4.2
2025-07-09T22:00:00-07:00,68,67,4.6
2025-07-09T22:30:00-07:00,68,66,5.2
2025-07-09T23:00:00-07:00,69,65,5.9
2025-07-09T23:30:00-07:00,70,65,6.8
2025-07-10T00:00:00-07:00,69,65,6.9
2025-07-10T00:30:00-07:00,68,64,6.9
2025-07-10T01:00:00-07:00,68,64,6.9
2025-07-10T01:30:00-07:00,68,64,7.2
2025-07-10T02:00:00-07:00,68,64,7.7
2025-07-10T02:30:00-07:00,70,64,4.6
2025-07-10T03:00:00-07:00,71,64,4.4
2025-07-10T03:30:00-07:00,72,64,4.4
2025-07-10T04:00:00-07:00,71,64,5.8
2025-07-10T04:30:00-07:00,71,64,6
2025-07-10T05:00:00-07:00,71,64,6.8
2025-07-10T05:30:00-07:00,71,64,7.3
2025-07-10T06:00:00-07:00,70,64,9.4
2025-07-10T06:30:00-07:00,68,64,13.8
2025-07-10T07:00:00-07:00,67,65,9.7
2025-07-10T07:30:00-07:00,65,67,7.9
2025-07-10T08:00:00-07:00,63,68,7
2025-07-10T08:30:00-07:00,60,71,5.8
2025-07-10T09:00:00-07:00,56,73,5.7
2025-07-10T09:30:00-07:00,53,75,5.3
2025-07-10T10:00:00-07:00,49,78,5.4
2025-07-10T10:30:00-07:00,47,80,6.2
2025-07-10T11:00:00-07:00,45,81,7.1
2025-07-10T11:30:00-07:00,43,83,7.5
2025-07-10T12:00:00-07:00,40,85,7.5
2025-07-10T12:30:00-07:00,37,87,7.5
2025-07-10T13:00:00-07:00,34,89,6.9
2025-07-10T13:30:00-07:00,33,91,5
2025-07-10T14:00:00-07:00,30,93,5.4
2025-07-10T14:30:00-07:00,30,94,5.1
2025-07-10T15:00:00-07:00,30,94,5.4
2025-07-10T15:30:00-07:00,29,95,5.2
2025-07-10T16:00:00-07:00,29,95,5.2
2025-07-10T16:30:00-07:00,28,93,5.4
2025-07-10T17:00:00-07:00,29,93,5.3
2025-07-10T17:30:00-07:00,28,94,5.4
2025-07-10T18:00:00-07:00,30,94,4.9
2025-07-10T18:30:00-07:00,30,94,4.7
2025-07-10T19:00:00-07:00,32,93,4.3
2025-07-10T19:30:00-07:00,38,88,4.4
2025-07-10T20:00:00-07:00,48,79,4.2
2025-07-10T20:30:00-07:00,54,75,4.7
2025-07-10T21:00:00-07:00,57,73,4.8
2025-07-10T21:30:00-07:00,59,73,5.3
2025-07-10T22:00:00-07:00,58,72,5.4
2025-07-10T22:30:00-07:00,58,71,5.7
2025-07-10T23:00:00-07:00,59,71,6.1
2025-07-10T23:30:00-07:00,61,70,6.2
2025-07-11T00:00:00-07:00,61,70,6.3
2025-07-11T00:30:00-07:00,62,69,6.5
2025-07-11T01:00:00-07:00,64,68,6.8
2025-07-11T01:30:00-07:00,64,68,6.6
2025-07-11T02:00:00-07:00,64,68,6.6
2025-07-11T02:30:00-07:00,65,67,6.6
2025-07-11T03:00:00-07:00,66,66,7.4
2025-07-11T03:30:00-07:00,67,66,8.3
2025-07-11T04:00:00-07:00,67,66,8.1
2025-07-11T04:30:00-07:00,66,66,7.8
2025-07-11T05:00:00-07:00,67,66,8.3
2025-07-11T05:30:00-07:00,68,66,8.6
2025-07-11T06:00:00-07:00,67,66,8.6
2025-07-11T06:30:00-07:00,67,66,9.4
2025-07-11T07:00:00-07:00,68,67,11.4
2025-07-11T07:30:00-07:00,67,68,10.3
2025-07-11T08:00:00-07:00,64,70,10.1
2025-07-11T08:30:00-07:00,60,72,9.9
2025-07-11T09:00:00-07:00,56,74,9.6
2025-07-11T09:30:00-07:00,54,76,8.1
2025-07-11T10:00:00-07:00,51,78,8.2
2025-07-11T10:30:00-07:00,46,82,8.3
2025-07-11T11:00:00-07:00,47,82,8.6
2025-07-11T11:30:00-07:00,42,85,8.9
2025-07-11T12:00:00-07:00,39,88,10.4
2025-07-11T12:30:00-07:00,39,88,11.2
2025-07-11T13:00:00-07:00,39,89,9.9
2025-07-11T13:30:00-07:00,38,89,8.9
2025-07-11T14:00:00-07:00,38,89,9.4
2025-07-11T14:30:00-07:00,37,89,9.2
2025-07-11T15:00:00-07:00,37,88,9.8
2025-07-11T15:30:00-07:00,38,87,10.6
2025-07-11T16:00:00-07:00,38,88,9.7
2025-07-11T16:30:00-07:00,37,88,9.7
2025-07-11T17:00:00-07:00,36,88,8.5
2025-07-11T17:30:00-07:00,37,88,6.8
2025-07-11T18:00:00-07:00,35,89,7.3
2025-07-11T18:30:00-07:00,36,89,6.2
2025-07-11T19:00:00-07:00,37,88,6
2025-07-11T19:30:00-07:00,40,85,6.5
2025-07-11T20:00:00-07:00,47,79,6.8
2025-07-11T20:30:00-07:00,53,76,7
2025-07-11T21:00:00-07:00,56,73,7.7
2025-07-11T21:30:00-07:00,59,71,8.4
2025-07-11T22:00:00-07:00,60,71,9
2025-07-11T22:30:00-07:00,61,70,10.1
2025-07-11T23:00:00-07:00,62,69,10.3
2025-07-11T23:30:00-07:00,63,68,10.1
2025-07-12T00:00:00-07:00,63,68,11
2025-07-12T00:30:00-07:00,64,68,13.3
2025-07-12T01:00:00-07:00,65,67,8.6
2025-07-12T01:30:00-07:00,66,66,7.5
2025-07-12T02:00:00-07:00,66,66,7.7
2025-07-12T02:30:00-07:00,66,66,8
2025-07-12T03:00:00-07:00,68,65,7.1
2025-07-12T03:30:00-07:00,68,65,4.9
2025-07-12T04:00:00-07:00,69,65,6.5
2025-07-12T04:30:00-07:00,70,65,7.9
2025-07-12T05:00:00-07:00,71,64,8.7
2025-07-12T05:30:00-07:00,72,64,9
2025-07-12T06:00:00-07:00,72,64,10
2025-07-12T06:30:00-07:00,71,65,10.7
2025-07-12T07:00:00-07:00,69,66,8.3
2025-07-12T07:30:00-07:00,67,67,7.5
2025-07-12T08:00:00-07:00,64,69,8.7
2025-07-12T08:30:00-07:00,63,70,9.6
2025-07-12T09:00:00-07:00,60,72,9.4
2025-07-12T09:30:00-07:00,56,74,8.9
2025-07-12T10:00:00-07:00,52,77,8.9
2025-07-12T10:30:00-07:00,50,78,9.6
2025-07-12T11:00:00-07:00,47,80,9.4
2025-07-12T11:30:00-07:00,46,81,9.2
2025-07-12T12:00:00-07:00,45,83,8.6
2025-07-12T12:30:00-07:00,44,84,8.8
2025-07-12T13:00:00-07:00,42,85,8.4
2025-07-12T13:30:00-07:00,41,86,8.2
2025-07-12T14:00:00-07:00,40,86,6.7
2025-07-12T14:30:00-07:00,40,86,5.9
2025-07-12T15:00:00-07:00,40,86,5.7
2025-07-12T15:30:00-07:00,40,85,5.2
2025-07-12T16:00:00-07:00,40,85,5.1
2025-07-12T16:30:00-07:00,41,84,5.4
2025-07-12T17:00:00-07:00,41,83,6
2025-07-12T17:30:00-07:00,41,83,6.1
2025-07-12T18:00:00-07:00,39,84,6.4
2025-07-12T18:30:00-07:00,37,86,6.9
2025-07-12T19:00:00-07:00,37,86,7.2
2025-07-12T19:30:00-07:00,39,83,8.7
2025-07-12T20:00:00-07:00,49,74,7.6
2025-07-12T20:30:00-07:00,56,71,10.4
2025-07-12T21:00:00-07:00,60,68,7.6
2025-07-12T21:30:00-07:00,63,67,7.7
2025-07-12T22:00:00-07:00,65,66,8.2
2025-07-12T22:30:00-07:00,67,65,8.6
2025-07-12T23:00:00-07:00,67,65,8.9
2025-07-12T23:30:00-07:00,68,65,8.7
2025-07-13T00:00:00-07:00,68,65,9
2025-07-13T00:30:00-07:00,69,65,12.4
2025-07-13T01:00:00-07:00,69,65,12.1
2025-07-13T01:30:00-07:00,70,65,10.3
2025-07-13T02:00:00-07:00,71,65,11.1
2025-07-13T02:30:00-07:00,71,66,10.7
2025-07-13T03:00:00-07:00,71,66,11.2
2025-07-13T03:30:00-07:00,70,66,12.1
2025-07-13T04:00:00-07:00,69,67,12.5
2025-07-13T04:30:00-07:00,69,67,12
2025-07-13T05:00:00-07:00,68,67,11.7
2025-07-13T05:30:00-07:00,68,67,11.2
2025-07-13T06:00:00-07:00,68,67,10.7
2025-07-13T06:30:00-07:00,68,67,10.5
2025-07-13T07:00:00-07:00,68,66,10.7
2025-07-13T07:30:00-07:00,67,67,11.1
2025-07-13T08:00:00-07:00,66,68,10.9
2025-07-13T08:30:00-07:00,64,69,10.9
2025-07-13T09:00:00-07:00,61,70,9.8
2025-07-13T09:30:00-07:00,58,72,9.3
2025-07-13T10:00:00-07:00,55,74,9
2025-07-13T10:30:00-07:00,53,75,8.7
2025-07-13T11:00:00-07:00,50,77,8.4
2025-07-13T11:30:00-07:00,47,80,8.2
2025-07-13T12:00:00-07:00,45,82,8.8
2025-07-13T12:30:00-07:00,45,83,9.7
2025-07-13T13:00:00-07:00,45,83,9.2
2025-07-13T13:30:00-07:00,42,85,8.1
2025-07-13T14:00:00-07:00,40,86,5.3
2025-07-13T14:30:00-07:00,40,85,3.7
2025-07-13T15:00:00-07:00,40,85,3.2
2025-07-13T15:30:00-07:00,39,85,2.4
2025-07-13T16:00:00-07:00,40,84,2.8
2025-07-13T16:30:00-07:00,41,83,2.3
2025-07-13T17:00:00-07:00,41,82,2.2
2025-07-13T17:30:00-07:00,42,81,2
2025-07-13T18:00:00-07:00,41,82,2.1
2025-07-13T18:30:00-07:00,39,84,2.4
2025-07-13T19:00:00-07:00,42,82,2.6
2025-07-13T19:30:00-07:00,46,78,2.9
2025-07-13T20:00:00-07:00,56,70,3
2025-07-13T20:30:00-07:00,62,67,2.3
2025-07-13T21:00:00-07:00,65,66,2.3
2025-07-13T21:30:00-07:00,67,66,2.7
2025-07-13T22:00:00-07:00,66,65,3.6
2025-07-13T22:30:00-07:00,66,66,4.1
2025-07-13T23:00:00-07:00,66,66,4.6
2025-07-13T23:30:00-07:00,66,66,11.2
2025-07-14T00:00:00-07:00,66,65,38.4
2025-07-14T00:30:00-07:00,67,65,11
2025-07-14T01:00:00-07:00,67,65,9.5
2025-07-14T01:30:00-07:00,68,64,4.6
2025-07-14T02:00:00-07:00,68,65,4.9
2025-07-14T02:30:00-07:00,68,65,5.1
2025-07-14T03:00:00-07:00,69,65,6.8
2025-07-14T03:30:00-07:00,69,66,7.9
2025-07-14T04:00:00-07:00,69,66,8.6
2025-07-14T04:30:00-07:00,69,66,9.4
2025-07-14T05:00:00-07:00,70,65,10.9
2025-07-14T05:30:00-07:00,71,65,10.8
2025-07-14T06:00:00-07:00,73,65,10.5
2025-07-14T06:30:00-07:00,72,65,10.9
2025-07-14T07:00:00-07:00,72,66,11.9
2025-07-14T07:30:00-07:00,71,66,12.5
2025-07-14T08:00:00-07:00,70,67,13.5
2025-07-14T08:30:00-07:00,70,68,14.7
2025-07-14T09:00:00-07:00,66,70,13.5
2025-07-14T09:30:00-07:00,61,72,12.9
2025-07-14T10:00:00-07:00,57,74,11.1
2025-07-14T10:30:00-07:00,52,77,9
2025-07-14T11:00:00-07:00,48,80,8.7
2025-07-14T11:30:00-07:00,44,82,8.2
2025-07-14T12:00:00-07:00,41,84,7.1
2025-07-14T12:30:00-07:00,39,86,7.5
2025-07-14T13:00:00-07:00,39,87,6.6
2025-07-14T13:30:00-07:00,38,87,3.8
2025-07-14T14:00:00-07:00,37,87,2.7
2025-07-14T14:30:00-07:00,36,88,7.4
2025-07-14T15:00:00-07:00,36,87,1.3
2025-07-14T15:30:00-07:00,37,86,0.8
2025-07-14T16:00:00-07:00,37,85,0.7
2025-07-14T16:30:00-07:00,38,84,0.7
2025-07-14T17:00:00-07:00,39,83,0.8
2025-07-14T17:30:00-07:00,40,82,0.6
2025-07-14T18:00:00-07:00,40,82,0.9
2025-07-14T18:30:00-07:00,38,83,1.2
2025-07-14T19:00:00-07:00,39,82,1.3
2025-07-14T19:30:00-07:00,44,78,1.7
2025-07-14T20:00:00-07:00,55,71,2.2
2025-07-14T20:30:00-07:00,61,68,2.7
2025-07-14T21:00:00-07:00,65,66,1.6
2025-07-14T21:30:00-07:00,66,66,0.7
2025-07-14T22:00:00-07:00,66,66,0.5
2025-07-14T22:30:00-07:00,68,66,0.4
2025-07-14T23:00:00-07:00,67,66,0.5
2025-07-14T23:30:00-07:00,67,66,0.6
2025-07-15T00:00:00-07:00,67,66,0.6
2025-07-15T00:30:00-07:00,67,66,1.2
2025-07-15T01:00:00-07:00,68,65,1.4
2025-07-15T01:30:00-07:00,69,65,1.6
2025-07-15T02:00:00-07:00,70,65,3.5
2025-07-15T02:30:00-07:00,71,66,5.4
2025-07-15T03:00:00-07:00,70,67,5.4
2025-07-15T03:30:00-07:00,69,67,5.2
2025-07-15T04:00:00-07:00,68,67,8.3
2025-07-15T04:30:00-07:00,67,67,9.2
2025-07-15T05:00:00-07:00,67,67,6.1
2025-07-15T05:30:00-07:00,68,67,4.4
2025-07-15T06:00:00-07:00,69,66,4.3
2025-07-15T06:30:00-07:00,68,66,2.8
2025-07-15T07:00:00-07:00,68,66,3
2025-07-15T07:30:00-07:00,67,67,2.1
2025-07-15T08:00:00-07:00,67,67,2
2025-07-15T08:30:00-07:00,64,69,2.5
2025-07-15T09:00:00-07:00,61,71,4.9
2025-07-15T09:30:00-07:00,58,72,4.8
2025-07-15T10:00:00-07:00,55,74,3.9
2025-07-15T10:30:00-07:00,52,76,3.2
2025-07-15T11:00:00-07:00,49,78,3.5
2025-07-15T11:30:00-07:00,47,79,4.2
2025-07-15T12:00:00-07:00,45,81,3.4
2025-07-15T12:30:00-07:00,44,82,3.3
2025-07-15T13:00:00-07:00,43,83,3.2
2025-07-15T13:30:00-07:00,43,83,3.2
2025-07-15T14:00:00-07:00,44,82,2.3
2025-07-15T14:30:00-07:00,46,81,2.1
2025-07-15T15:00:00-07:00,46,81,1.5
2025-07-15T15:30:00-07:00,45,80,1.2
2025-07-15T16:00:00-07:00,45,80,1
2025-07-15T16:30:00-07:00,45,79,1.1
2025-07-15T17:00:00-07:00,46,79,1.5
2025-07-15T17:30:00-07:00,47,78,1.7
2025-07-15T18:00:00-07:00,45,80,1.9
2025-07-15T18:30:00-07:00,43,81,2.6
2025-07-15T19:00:00-07:00,45,79,2.9
2025-07-15T19:30:00-07:00,51,75,3
2025-07-15T20:00:00-07:00,58,70,3
2025-07-15T20:30:00-07:00,62,68,3.1
2025-07-15T21:00:00-07:00,65,67,3.7
2025-07-15T21:30:00-07:00,66,67,4.1
2025-07-15T22:00:00-07:00,68,66,4.4
2025-07-15T22:30:00-07:00,68,67,4.3
2025-07-15T23:00:00-07:00,67,67,4.4
2025-07-15T23:30:00-07:00,67,67,4.6
2025-07-16T00:00:00-07:00,66,67,4.4
2025-07-16T00:30:00-07:00,66,67,4.2
2025-07-16T01:00:00-07:00,66,67,3.3
2025-07-16T01:30:00-07:00,65,67,3
2025-07-16T02:00:00-07:00,65,67,2.5
2025-07-16T02:30:00-07:00,66,67,2
2025-07-16T03:00:00-07:00,65,67,2.1
2025-07-16T03:30:00-07:00,63,67,3
2025-07-16T04:00:00-07:00,63,66,3.1
2025-07-16T04:30:00-07:00,63,66,3
2025-07-16T05:00:00-07:00,64,66,3
2025-07-16T05:30:00-07:00,64,67,2.6
2025-07-16T06:00:00-07:00,63,67,2.7
2025-07-16T06:30:00-07:00,63,68,2.4
2025-07-16T07:00:00-07:00,63,68,2.8
2025-07-16T07:30:00-07:00,61,69,3.1
2025-07-16T08:00:00-07:00,58,70,3.7
2025-07-16T08:30:00-07:00,58,71,1.8
2025-07-16T09:00:00-07:00,57,71,2
2025-07-16T09:30:00-07:00,53,74,2.3
2025-07-16T10:00:00-07:00,51,75,2.5
2025-07-16T10:30:00-07:00,50,76,2.3
2025-07-16T11:00:00-07:00,50,76,1.6
2025-07-16T11:30:00-07:00,48,77,1.3
2025-07-16T12:00:00-07:00,48,77,0.9
2025-07-16T12:30:00-07:00,48,77,0.8
2025-07-16T13:00:00-07:00,49,76,1
2025-07-16T13:30:00-07:00,48,76,1.1
2025-07-16T14:00:00-07:00,48,77,1.1
2025-07-16T14:30:00-07:00,47,77,0.8
2025-07-16T15:00:00-07:00,47,77,0.4
2025-07-16T15:30:00-07:00,45,77,0.3
2025-07-16T16:00:00-07:00,45,77,0.2
2025-07-16T16:30:00-07:00,45,76,0.3
2025-07-16T17:00:00-07:00,46,77,0.5
2025-07-16T17:30:00-07:00,47,76,0.7
2025-07-16T18:00:00-07:00,46,78,1
2025-07-16T18:30:00-07:00,44,79,0.7
2025-07-16T19:00:00-07:00,44,78,0.6
2025-07-16T19:30:00-07:00,48,75,0.8
2025-07-16T20:00:00-07:00,57,69,1.3
2025-07-16T20:30:00-07:00,61,68,1.4
2025-07-16T21:00:00-07:00,63,67,1.4
2025-07-16T21:30:00-07:00,64,67,1.6
2025-07-16T22:00:00-07:00,65,66,1.9
2025-07-16T22:30:00-07:00,66,66,1.9
2025-07-16T23:00:00-07:00,66,66,1.6
2025-07-16T23:30:00-07:00,67,66,1.5
2025-07-17T00:00:00-07:00,68,65,1.4
2025-07-17T00:30:00-07:00,69,65,1.7
2025-07-17T01:00:00-07:00,69,65,1.7
2025-07-17T01:30:00-07:00,70,64,2.1
2025-07-17T02:00:00-07:00,70,65,2.2
2025-07-17T02:30:00-07:00,69,65,2.1
2025-07-17T03:00:00-07:00,69,65,2.1
2025-07-17T03:30:00-07:00,69,65,2.3
2025-07-17T04:00:00-07:00,69,65,2.4
2025-07-17T04:30:00-07:00,68,66,2.6
2025-07-17T05:00:00-07:00,67,66,2.8
2025-07-17T05:30:00-07:00,66,66,2.7
2025-07-17T06:00:00-07:00,65,66,2.9
2025-07-17T06:30:00-07:00,64,67,3
2025-07-17T07:00:00-07:00,62,68,3.2
2025-07-17T07:30:00-07:00,62,68,3.7
2025-07-17T08:00:00-07:00,61,69,3.7
2025-07-17T08:30:00-07:00,59,70,4.2
2025-07-17T09:00:00-07:00,58,71,3.9
2025-07-17T09:30:00-07:00,55,73,4
2025-07-17T10:00:00-07:00,52,74,4.1
2025-07-17T10:30:00-07:00,52,74,4.5
2025-07-17T11:00:00-07:00,50,75,4.6
2025-07-17T11:30:00-07:00,49,77,4.9
2025-07-17T12:00:00-07:00,46,78,5.2
2025-07-17T12:30:00-07:00,45,80,5.6
2025-07-17T13:00:00-07:00,44,80,4.9
2025-07-17T13:30:00-07:00,44,81,4
2025-07-17T14:00:00-07:00,43,81,2.8
2025-07-17T14:30:00-07:00,43,81,2.2
2025-07-17T15:00:00-07:00,43,81,1.9
2025-07-17T15:30:00-07:00,44,80,1.5
2025-07-17T16:00:00-07:00,45,79,1.6
2025-07-17T16:30:00-07:00,46,79,1.4
2025-07-17T17:00:00-07:00,47,78,1.5
2025-07-17T17:30:00-07:00,46,78,1.3
2025-07-17T18:00:00-07:00,45,78,1.3
2025-07-17T18:30:00-07:00,43,79,0.9
2025-07-17T19:00:00-07:00,43,79,0.9
2025-07-17T19:30:00-07:00,46,76,0.8
2025-07-17T20:00:00-07:00,57,70,0.9
2025-07-17T20:30:00-07:00,62,67,1
2025-07-17T21:00:00-07:00,64,67,1.1
2025-07-17T21:30:00-07:00,66,67,1
2025-07-17T22:00:00-07:00,67,66,1.5
2025-07-17T22:30:00-07:00,68,66,1.6
2025-07-17T23:00:00-07:00,68,66,1.7
2025-07-17T23:30:00-07:00,68,66,1.9
2025-07-18T00:00:00-07:00,69,66,2.2
2025-07-18T00:30:00-07:00,70,66,2.1
2025-07-18T01:00:00-07:00,70,66,2.3
2025-07-18T01:30:00-07:00,69,66,4
2025-07-18T02:00:00-07:00,70,66,2.8
2025-07-18T02:30:00-07:00,69,66,1.8
2025-07-18T03:00:00-07:00,68,66,2.2
2025-07-18T03:30:00-07:00,68,67,2.5
2025-07-18T04:00:00-07:00,67,68,3.1
2025-07-18T04:30:00-07:00,66,68,4
2025-07-18T05:00:00-07:00,65,68,4
2025-07-18T05:30:00-07:00,65,68,4
2025-07-18T06:00:00-07:00,64,68,4
2025-07-18T06:30:00-07:00,65,67,4.4
2025-07-18T07:00:00-07:00,64,68,4.7
2025-07-18T07:30:00-07:00,62,68,4.6
2025-07-18T08:00:00-07:00,62,69,5.1
2025-07-18T08:30:00-07:00,61,69,5.9
2025-07-18T09:00:00-07:00,60,70,6.5
2025-07-18T09:30:00-07:00,59,71,6.7
2025-07-18T10:00:00-07:00,58,71,7.1
2025-07-18T10:30:00-07:00,56,73,7.1
2025-07-18T11:00:00-07:00,54,74,6.8
2025-07-18T11:30:00-07:00,52,75,7.2
2025-07-18T12:00:00-07:00,50,77,7.4
2025-07-18T12:30:00-07:00,49,78,8
2025-07-18T13:00:00-07:00,48,79,7.8
2025-07-18T13:30:00-07:00,48,78,6.8
2025-07-18T14:00:00-07:00,47,79,4.7
2025-07-18T14:30:00-07:00,47,79,3.6
2025-07-18T15:00:00-07:00,48,78,2.7
2025-07-18T15:30:00-07:00,47,78,2
2025-07-18T16:00:00-07:00,48,76,2.2
2025-07-18T16:30:00-07:00,48,76,1.4
2025-07-18T17:00:00-07:00,47,77,1.1
2025-07-18T17:30:00-07:00,48,77,0.9
2025-07-18T18:00:00-07:00,46,78,0.7
2025-07-18T18:30:00-07:00,44,80,0.7
2025-07-18T19:00:00-07:00,45,79,1.1
2025-07-18T19:30:00-07:00,50,75,1.6
2025-07-18T20:00:00-07:00,60,69,2.3
2025-07-18T20:30:00-07:00,66,67,3.2
2025-07-18T21:00:00-07:00,67,67,3.9
2025-07-18T21:30:00-07:00,66,67,4.6
2025-07-18T22:00:00-07:00,67,66,5
2025-07-18T22:30:00-07:00,68,66,5.6
2025-07-18T23:00:00-07:00,67,66,6.4
2025-07-18T23:30:00-07:00,68,66,6
2025-07-19T00:00:00-07:00,68,66,6.3
2025-07-19T00:30:00-07:00,70,65,7.7
2025-07-19T01:00:00-07:00,70,65,9.8
2025-07-19T01:30:00-07:00,70,65,9.1
2025-07-19T02:00:00-07:00,70,65,9.4
2025-07-19T02:30:00-07:00,71,64,8.3
2025-07-19T03:00:00-07:00,71,64,7.3
2025-07-19T03:30:00-07:00,71,64,6.2
2025-07-19T04:00:00-07:00,70,64,4.6
2025-07-19T04:30:00-07:00,70,64,4.5
2025-07-19T05:00:00-07:00,69,64,3.9
2025-07-19T05:30:00-07:00,68,64,4.1
2025-07-19T06:00:00-07:00,67,65,3.8
2025-07-19T06:30:00-07:00,66,65,4.5
2025-07-19T07:00:00-07:00,66,65,5
2025-07-19T07:30:00-07:00,65,66,5.5
2025-07-19T08:00:00-07:00,64,66,6
2025-07-19T08:30:00-07:00,66,66,6
2025-07-19T09:00:00-07:00,65,66,6.7
2025-07-19T09:30:00-07:00,64,67,8.1
2025-07-19T10:00:00-07:00,63,67,8.6
2025-07-19T10:30:00-07:00,62,68,8.8
2025-07-19T11:00:00-07:00,62,68,9.9
2025-07-19T11:30:00-07:00,62,69,8.7
2025-07-19T12:00:00-07:00,59,71,6.9
2025-07-19T12:30:00-07:00,55,73,6.9
2025-07-19T13:00:00-07:00,51,76,6.3
2025-07-19T13:30:00-07:00,48,78,5.9
2025-07-19T14:00:00-07:00,45,80,6
2025-07-19T14:30:00-07:00,45,80,5
2025-07-19T15:00:00-07:00,44,81,4.3
2025-07-19T15:30:00-07:00,43,82,3.8
2025-07-19T16:00:00-07:00,42,82,3.3
2025-07-19T16:30:00-07:00,43,81,3
2025-07-19T17:00:00-07:00,44,80,2.8
2025-07-19T17:30:00-07:00,44,80,2.9
2025-07-19T18:00:00-07:00,42,80,2.8
2025-07-19T18:30:00-07:00,42,81,2.7
2025-07-19T19:00:00-07:00,42,80,2.5
2025-07-19T19:30:00-07:00,46,77,3.2
2025-07-19T20:00:00-07:00,57,70,3.3
2025-07-19T20:30:00-07:00,63,66,4.6
2025-07-19T21:00:00-07:00,66,65,6.5
2025-07-19T21:30:00-07:00,68,64,8
2025-07-19T22:00:00-07:00,69,64,7.2
2025-07-19T22:30:00-07:00,70,64,7.5
2025-07-19T23:00:00-07:00,69,65,8.1
2025-07-19T23:30:00-07:00,70,65,8
2025-07-20T00:00:00-07:00,71,64,8.2
2025-07-20T00:30:00-07:00,71,65,9.2
2025-07-20T01:00:00-07:00,71,65,10
2025-07-20T01:30:00-07:00,71,65,10.2
2025-07-20T02:00:00-07:00,70,65,10.7
2025-07-20T02:30:00-07:00,69,66,9.5
2025-07-20T03:00:00-07:00,68,66,8.9
2025-07-20T03:30:00-07:00,68,66,7.4
2025-07-20T04:00:00-07:00,68,66,7.6
2025-07-20T04:30:00-07:00,68,66,7.3
2025-07-20T05:00:00-07:00,67,67,7.2
2025-07-20T05:30:00-07:00,67,67,7
2025-07-20T06:00:00-07:00,67,67,8.1
2025-07-20T06:30:00-07:00,67,67,13.4
2025-07-20T07:00:00-07:00,67,66,11.7
2025-07-20T07:30:00-07:00,67,67,11.1
2025-07-20T08:00:00-07:00,65,67,9.4
2025-07-20T08:30:00-07:00,63,68,8.3
2025-07-20T09:00:00-07:00,62,69,9.2
2025-07-20T09:30:00-07:00,60,70,10.3
2025-07-20T10:00:00-07:00,58,72,9.7
2025-07-20T10:30:00-07:00,56,73,10.1
2025-07-20T11:00:00-07:00,52,76,9.4
2025-07-20T11:30:00-07:00,50,77,5.2
2025-07-20T12:00:00-07:00,49,77,3.3
2025-07-20T12:30:00-07:00,50,77,3
2025-07-20T13:00:00-07:00,50,77,3.4
2025-07-20T13:30:00-07:00,49,78,4.1
2025-07-20T14:00:00-07:00,49,77,4.4
2025-07-20T14:30:00-07:00,49,77,4.8
2025-07-20T15:00:00-07:00,49,77,4.4
2025-07-20T15:30:00-07:00,49,77,4.4
2025-07-20T16:00:00-07:00,50,75,4.8
2025-07-20T16:30:00-07:00,51,76,5.8
2025-07-20T17:00:00-07:00,51,75,5.8
2025-07-20T17:30:00-07:00,53,74,5.8
2025-07-20T18:00:00-07:00,51,75,6.3
2025-07-20T18:30:00-07:00,53,74,7
2025-07-20T19:00:00-07:00,52,74,7
2025-07-20T19:30:00-07:00,57,70,6.9
2025-07-20T20:00:00-07:00,63,68,6.1
2025-07-20T20:30:00-07:00,63,67,6.3
2025-07-20T21:00:00-07:00,64,67,6.5
2025-07-20T21:30:00-07:00,62,67,6.6
2025-07-20T22:00:00-07:00,62,67,6.8
2025-07-20T22:30:00-07:00,62,67,6.5
2025-07-20T23:00:00-07:00,63,66,6.7
2025-07-20T23:30:00-07:00,65,66,6.6
2025-07-21T00:00:00-07:00,65,66,6.7
2025-07-21T00:30:00-07:00,65,66,6.3
2025-07-21T01:00:00-07:00,66,65,6.3
2025-07-21T01:30:00-07:00,67,65,6.3
2025-07-21T02:00:00-07:00,67,65,6.3
2025-07-21T02:30:00-07:00,68,65,5.7
2025-07-21T03:00:00-07:00,69,65,5
2025-07-21T03:30:00-07:00,69,65,4.3
2025-07-21T04:00:00-07:00,68,66,6
2025-07-21T04:30:00-07:00,68,66,3.6
2025-07-21T05:00:00-07:00,68,66,2.3
2025-07-21T05:30:00-07:00,69,65,1
2025-07-21T06:00:00-07:00,68,66,1.3
2025-07-21T06:30:00-07:00,67,66,1.4
2025-07-21T07:00:00-07:00,66,66,1.5
2025-07-21T07:30:00-07:00,65,67,0.3
2025-07-21T08:00:00-07:00,64,67,0
2025-07-21T08:30:00-07:00,63,68,0.2
2025-07-21T09:00:00-07:00,61,69,0
2025-07-21T09:30:00-07:00,60,70,0
2025-07-21T10:00:00-07:00,57,72,0
2025-07-21T10:30:00-07:00,54,74,0.1
2025-07-21T11:00:00-07:00,51,76,0
2025-07-21T11:30:00-07:00,50,77,0.2
2025-07-21T12:00:00-07:00,50,77,0.1
2025-07-21T12:30:00-07:00,49,78,0.2
2025-07-21T13:00:00-07:00,49,79,0.2
2025-07-21T13:30:00-07:00,50,78,0.4
2025-07-21T14:00:00-07:00,50,78,0.5
2025-07-21T14:30:00-07:00,50,78,0.4
2025-07-21T15:00:00-07:00,49,78,0.7
2025-07-21T15:30:00-07:00,50,77,0.7
2025-07-21T16:00:00-07:00,49,77,0.9
2025-07-21T16:30:00-07:00,49,77,0.9
2025-07-21T17:00:00-07:00,50,76,1.1
2025-07-21T17:30:00-07:00,51,75,1.1
2025-07-21T18:00:00-07:00,50,76,1.8
2025-07-21T18:30:00-07:00,51,75,2
2025-07-21T19:00:00-07:00,47,78,1.6
2025-07-21T19:30:00-07:00,50,75,1.7
2025-07-21T20:00:00-07:00,61,69,2.9
2025-07-21T20:30:00-07:00,65,67,1.8
2025-07-21T21:00:00-07:00,65,67,1.9
2025-07-21T21:30:00-07:00,65,68,1.1
2025-07-21T22:00:00-07:00,65,68,0.5
2025-07-21T22:30:00-07:00,65,68,0.2
2025-07-21T23:00:00-07:00,64,68,0.9
2025-07-21T23:30:00-07:00,64,68,0.8
2025-07-22T00:00:00-07:00,65,67,0.2
2025-07-22T00:30:00-07:00,66,67,0.3
2025-07-22T01:00:00-07:00,65,68,0.4
2025-07-22T01:30:00-07:00,66,67,0.4
2025-07-22T02:00:00-07:00,67,67,0.5
2025-07-22T02:30:00-07:00,66,67,0.5
2025-07-22T03:00:00-07:00,67,67,0.7
2025-07-22T03:30:00-07:00,68,66,1.2
2025-07-22T04:00:00-07:00,69,66,1.3
2025-07-22T04:30:00-07:00,69,66,1.1
2025-07-22T05:00:00-07:00,68,66,0.5
2025-07-22T05:30:00-07:00,69,66,0.3
2025-07-22T06:00:00-07:00,69,66,0.3
2025-07-22T06:30:00-07:00,68,67,0.1
2025-07-22T07:00:00-07:00,68,67,0.3
2025-07-22T07:30:00-07:00,65,67,0.2
2025-07-22T08:00:00-07:00,65,68,0.2
2025-07-22T08:30:00-07:00,63,69,0.3
2025-07-22T09:00:00-07:00,61,70,0.1
2025-07-22T09:30:00-07:00,58,71,0.1
2025-07-22T10:00:00-07:00,55,73,0.1
2025-07-22T10:30:00-07:00,51,75,0
2025-07-22T11:00:00-07:00,52,74,0
2025-07-22T11:30:00-07:00,54,74,0
2025-07-22T12:00:00-07:00,52,75,0
2025-07-22T12:30:00-07:00,52,75,0.1
2025-07-22T13:00:00-07:00,50,77,0.5
2025-07-22T13:30:00-07:00,47,78,0.6
2025-07-22T14:00:00-07:00,47,77,0.8
2025-07-22T14:30:00-07:00,49,76,1
2025-07-22T15:00:00-07:00,51,75,0.8
2025-07-22T15:30:00-07:00,53,74,0.7
2025-07-22T16:00:00-07:00,54,73,0.5
2025-07-22T16:30:00-07:00,57,72,1.3
2025-07-22T17:00:00-07:00,58,72,1.5
2025-07-22T17:30:00-07:00,59,71,1.4
2025-07-22T18:00:00-07:00,61,69,1.7
2025-07-22T18:30:00-07:00,63,68,2.1
2025-07-22T19:00:00-07:00,63,68,1.4
2025-07-22T19:30:00-07:00,62,68,2
2025-07-22T20:00:00-07:00,64,67,2.1
2025-07-22T20:30:00-07:00,64,66,1.9
2025-07-22T21:00:00-07:00,65,66,2.9
2025-07-22T21:30:00-07:00,66,66,3.5
2025-07-22T22:00:00-07:00,65,66,2.7
2025-07-22T22:30:00-07:00,64,66,2
2025-07-22T23:00:00-07:00,64,66,1.8
2025-07-22T23:30:00-07:00,64,66,1.8
2025-07-23T00:00:00-07:00,63,66,1.7
2025-07-23T00:30:00-07:00,64,66,1.7
2025-07-23T01:00:00-07:00,64,66,2.1
2025-07-23T01:30:00-07:00,65,66,2.4
2025-07-23T02:00:00-07:00,65,66,2.4
2025-07-23T02:30:00-07:00,65,66,2.4
2025-07-23T03:00:00-07:00,65,65,2.3
2025-07-23T03:30:00-07:00,66,65,2.4
2025-07-23T04:00:00-07:00,66,65,2
2025-07-23T04:30:00-07:00,65,66,1.4
2025-07-23T05:00:00-07:00,64,66,1.3
2025-07-23T05:30:00-07:00,64,66,1
2025-07-23T06:00:00-07:00,63,66,0.7
2025-07-23T06:30:00-07:00,64,66,0.5
2025-07-23T07:00:00-07:00,64,65,0.7
2025-07-23T07:30:00-07:00,63,66,0.5
2025-07-23T08:00:00-07:00,63,67,0.7
2025-07-23T08:30:00-07:00,61,68,0.3
2025-07-23T09:00:00-07:00,60,69,0.4
2025-07-23T09:30:00-07:00,57,70,0.6
2025-07-23T10:00:00-07:00,55,71,1.2
2025-07-23T10:30:00-07:00,52,73,1.4
2025-07-23T11:00:00-07:00,50,75,2.6
2025-07-23T11:30:00-07:00,48,76,0.9
2025-07-23T12:00:00-07:00,46,78,0.8
2025-07-23T12:30:00-07:00,44,79,0.6
2025-07-23T13:00:00-07:00,43,79,0.3
2025-07-23T13:30:00-07:00,43,80,0.1
2025-07-23T14:00:00-07:00,43,80,0.1
2025-07-23T14:30:00-07:00,43,80,0.1
2025-07-23T15:00:00-07:00,43,79,0
2025-07-23T15:30:00-07:00,44,78,0
2025-07-23T16:00:00-07:00,45,78,0
2025-07-23T16:30:00-07:00,46,77,0.1
2025-07-23T17:00:00-07:00,48,76,0.1
2025-07-23T17:30:00-07:00,48,76,0.1
2025-07-23T18:00:00-07:00,48,78,0.2
2025-07-23T18:30:00-07:00,45,79,0.1
2025-07-23T19:00:00-07:00,45,79,0
2025-07-23T19:30:00-07:00,48,76,0.1
2025-07-23T20:00:00-07:00,57,70,0.3
2025-07-23T20:30:00-07:00,61,68,0.4
2025-07-23T21:00:00-07:00,63,67,0.4
2025-07-23T21:30:00-07:00,64,67,0.6
2025-07-23T22:00:00-07:00,64,67,0.5
2025-07-23T22:30:00-07:00,65,67,0.6
2025-07-23T23:00:00-07:00,66,67,0.7
2025-07-23T23:30:00-07:00,66,66,1.1
2025-07-24T00:00:00-07:00,66,66,0.8
2025-07-24T00:30:00-07:00,66,67,0.7
2025-07-24T01:00:00-07:00,65,67,0.5
2025-07-24T01:30:00-07:00,65,67,0.5
2025-07-24T02:00:00-07:00,65,67,0.6
2025-07-24T02:30:00-07:00,65,67,0.5
2025-07-24T03:00:00-07:00,65,66,0.6
2025-07-24T03:30:00-07:00,65,66,0.6
2025-07-24T04:00:00-07:00,65,66,0.6
2025-07-24T04:30:00-07:00,65,66,0.5
2025-07-24T05:00:00-07:00,65,66,0.5
2025-07-24T05:30:00-07:00,65,66,0.8
2025-07-24T06:00:00-07:00,66,66,1.1
2025-07-24T06:30:00-07:00,65,66,1.1
2025-07-24T07:00:00-07:00,65,67,1
2025-07-24T07:30:00-07:00,65,67,1
2025-07-24T08:00:00-07:00,64,67,1.1
2025-07-24T08:30:00-07:00,63,68,1.2
2025-07-24T09:00:00-07:00,62,68,0.9
2025-07-24T09:30:00-07:00,60,69,0.9
2025-07-24T10:00:00-07:00,58,70,1.4
2025-07-24T10:30:00-07:00,55,72,1.9
2025-07-24T11:00:00-07:00,52,74,2.5
2025-07-24T11:30:00-07:00,49,76,2.7
2025-07-24T12:00:00-07:00,47,77,2.9
2025-07-24T12:30:00-07:00,46,79,2.7
2025-07-24T13:00:00-07:00,46,79,2.2
2025-07-24T13:30:00-07:00,44,80,1.6
2025-07-24T14:00:00-07:00,43,80,0.7
2025-07-24T14:30:00-07:00,43,80,0.2
2025-07-24T15:00:00-07:00,43,80,0.1
2025-07-24T15:30:00-07:00,44,79,0.1
2025-07-24T16:00:00-07:00,45,79,0.1
2025-07-24T16:30:00-07:00,46,78,0.1
2025-07-24T17:00:00-07:00,47,77,0.2
2025-07-24T17:30:00-07:00,48,77,0.2
2025-07-24T18:00:00-07:00,48,77,0.5
2025-07-24T18:30:00-07:00,48,77,0.6
2025-07-24T19:00:00-07:00,48,77,0.9
2025-07-24T19:30:00-07:00,52,74,1.1
2025-07-24T20:00:00-07:00,60,69,1.1
2025-07-24T20:30:00-07:00,64,67,1.3
2025-07-24T21:00:00-07:00,66,67,1.4
2025-07-24T21:30:00-07:00,67,66,1.5
2025-07-24T22:00:00-07:00,68,65,1.6
2025-07-24T22:30:00-07:00,69,65,1.7
2025-07-24T23:00:00-07:00,71,65,1.7
2025-07-24T23:30:00-07:00,70,65,2.6
2025-07-25T00:00:00-07:00,69,65,2.5
2025-07-25T00:30:00-07:00,69,65,2.9
2025-07-25T01:00:00-07:00,69,66,1.8
2025-07-25T01:30:00-07:00,68,66,2.5
2025-07-25T02:00:00-07:00,68,65,2.3
2025-07-25T02:30:00-07:00,68,65,4
2025-07-25T03:00:00-07:00,67,66,3.8
2025-07-25T03:30:00-07:00,68,65,3.4
2025-07-25T04:00:00-07:00,69,65,0.2
2025-07-25T04:30:00-07:00,69,65,0.1
2025-07-25T05:00:00-07:00,68,65,0.1
2025-07-25T05:30:00-07:00,69,64,0
2025-07-25T06:00:00-07:00,69,64,0
2025-07-25T06:30:00-07:00,68,64,0
2025-07-25T07:00:00-07:00,67,65,0
2025-07-25T07:30:00-07:00,67,65,0
2025-07-25T08:00:00-07:00,66,66,0
2025-07-25T08:30:00-07:00,64,67,0
2025-07-25T09:00:00-07:00,60,68,0
2025-07-25T09:30:00-07:00,57,70,0.1
2025-07-25T10:00:00-07:00,54,72,0.5
2025-07-25T10:30:00-07:00,51,74,1.4
2025-07-25T11:00:00-07:00,52,74,2.5
2025-07-25T11:30:00-07:00,50,76,2.4
2025-07-25T12:00:00-07:00,49,77,2
2025-07-25T12:30:00-07:00,47,78,1.6
2025-07-25T13:00:00-07:00,47,78,1.7
2025-07-25T13:30:00-07:00,47,79,1.4
2025-07-25T14:00:00-07:00,48,78,1.5
2025-07-25T14:30:00-07:00,47,78,0.9
2025-07-25T15:00:00-07:00,48,77,1.1
2025-07-25T15:30:00-07:00,50,76,0.8
2025-07-25T16:00:00-07:00,52,75,0.9
2025-07-25T16:30:00-07:00,53,74,1.2
2025-07-25T17:00:00-07:00,53,74,0.7
2025-07-25T17:30:00-07:00,53,74,0.5
2025-07-25T18:00:00-07:00,52,74,0.5
2025-07-25T18:30:00-07:00,51,75,0.7
2025-07-25T19:00:00-07:00,56,72,0.4
2025-07-25T19:30:00-07:00,60,69,0.9
2025-07-25T20:00:00-07:00,64,67,0.8
2025-07-25T20:30:00-07:00,67,66,2.2
2025-07-25T21:00:00-07:00,69,66,1.8
2025-07-25T21:30:00-07:00,68,65,1
2025-07-25T22:00:00-07:00,69,65,1.8
2025-07-25T22:30:00-07:00,70,65,1.8
2025-07-25T23:00:00-07:00,70,64,1.2
2025-07-25T23:30:00-07:00,71,64,1.2
2025-07-26T00:00:00-07:00,71,65,1.2
2025-07-26T00:30:00-07:00,70,65,0.6
2025-07-26T01:00:00-07:00,68,65,0.1
2025-07-26T01:30:00-07:00,68,65,0.2
2025-07-26T02:00:00-07:00,68,65,0.1
2025-07-26T02:30:00-07:00,68,65,0.1
2025-07-26T03:00:00-07:00,67,66,0.1
2025-07-26T03:30:00-07:00,67,65,0.1
2025-07-26T04:00:00-07:00,67,65,0
2025-07-26T04:30:00-07:00,66,65,0.1
2025-07-26T05:00:00-07:00,66,65,0.1
2025-07-26T05:30:00-07:00,67,64,0
2025-07-26T06:00:00-07:00,67,65,0
2025-07-26T06:30:00-07:00,67,65,0.1
2025-07-26T07:00:00-07:00,66,65,0.3
2025-07-26T07:30:00-07:00,64,66,0.1
2025-07-26T08:00:00-07:00,62,67,0
2025-07-26T08:30:00-07:00,61,68,0
2025-07-26T09:00:00-07:00,58,69,0
2025-07-26T09:30:00-07:00,56,70,0
2025-07-26T10:00:00-07:00,53,72,0
2025-07-26T10:30:00-07:00,50,74,0
2025-07-26T11:00:00-07:00,48,75,0
2025-07-26T11:30:00-07:00,49,76,0.3
2025-07-26T12:00:00-07:00,48,77,1.7
2025-07-26T12:30:00-07:00,47,77,1.6
2025-07-26T13:00:00-07:00,46,78,1.2
2025-07-26T13:30:00-07:00,47,77,1.9
2025-07-26T14:00:00-07:00,46,78,2.6
2025-07-26T14:30:00-07:00,46,78,2.4
2025-07-26T15:00:00-07:00,48,77,2.7
2025-07-26T15:30:00-07:00,50,76,2.6
2025-07-26T16:00:00-07:00,52,75,1.8
2025-07-26T16:30:00-07:00,53,75,2
2025-07-26T17:00:00-07:00,53,75,2.2
2025-07-26T17:30:00-07:00,53,74,2.3
2025-07-26T18:00:00-07:00,51,75,2
2025-07-26T18:30:00-07:00,50,76,0.9
2025-07-26T19:00:00-07:00,53,73,0.7
2025-07-26T19:30:00-07:00,60,69,1
2025-07-26T20:00:00-07:00,64,67,1.1
2025-07-26T20:30:00-07:00,67,66,1.1
2025-07-26T21:00:00-07:00,68,66,1.1
2025-07-26T21:30:00-07:00,68,66,0.9
2025-07-26T22:00:00-07:00,68,66,1.4
2025-07-26T22:30:00-07:00,68,66,1.1
2025-07-26T23:00:00-07:00,68,66,1.1
2025-07-26T23:30:00-07:00,68,66,1.3
2025-07-27T00:00:00-07:00,68,66,0.4
2025-07-27T00:30:00-07:00,69,66,0.7
2025-07-27T01:00:00-07:00,69,66,1.1
2025-07-27T01:30:00-07:00,69,66,1.4
2025-07-27T02:00:00-07:00,69,66,0.7
2025-07-27T02:30:00-07:00,68,66,0.3
2025-07-27T03:00:00-07:00,68,66,0.1
2025-07-27T03:30:00-07:00,68,66,0.1
2025-07-27T04:00:00-07:00,68,66,0.1
2025-07-27T04:30:00-07:00,68,66,0
2025-07-27T05:00:00-07:00,67,66,0
2025-07-27T05:30:00-07:00,67,66,0
2025-07-27T06:00:00-07:00,68,65,0
2025-07-27T06:30:00-07:00,68,65,0
2025-07-27T07:00:00-07:00,68,65,0
2025-07-27T07:30:00-07:00,67,66,0
2025-07-27T08:00:00-07:00,66,67,0.1
2025-07-27T08:30:00-07:00,63,68,0.1
2025-07-27T09:00:00-07:00,61,69,0.2
2025-07-27T09:30:00-07:00,60,70,0.6
2025-07-27T10:00:00-07:00,58,71,0.7
2025-07-27T10:30:00-07:00,55,73,1
2025-07-27T11:00:00-07:00,54,74,1.8
2025-07-27T11:30:00-07:00,52,76,2.2
2025-07-27T12:00:00-07:00,51,76,2
2025-07-27T12:30:00-07:00,50,77,1.2
2025-07-27T13:00:00-07:00,49,78,1.1
2025-07-27T13:30:00-07:00,49,78,0.9
2025-07-27T14:00:00-07:00,49,78,1
2025-07-27T14:30:00-07:00,49,77,1.3
2025-07-27T15:00:00-07:00,50,77,1.9
2025-07-27T15:30:00-07:00,50,77,2.3
2025-07-27T16:00:00-07:00,50,76,2.6
2025-07-27T16:30:00-07:00,50,76,3.6
2025-07-27T17:00:00-07:00,50,76,3.6
2025-07-27T17:30:00-07:00,51,76,3.5
2025-07-27T18:00:00-07:00,50,76,3.6
2025-07-27T18:30:00-07:00,48,78,3.9
2025-07-27T19:00:00-07:00,49,77,3.8
2025-07-27T19:30:00-07:00,55,72,3.3
2025-07-27T20:00:00-07:00,62,69,3.1
2025-07-27T20:30:00-07:00,66,67,2.8
2025-07-27T21:00:00-07:00,68,66,2.9
2025-07-27T21:30:00-07:00,68,67,2.6
2025-07-27T22:00:00-07:00,67,67,2.1
2025-07-27T22:30:00-07:00,68,66,1.9
2025-07-27T23:00:00-07:00,68,66,2.1
2025-07-27T23:30:00-07:00,67,67,2.3
2025-07-28T00:00:00-07:00,66,67,2
2025-07-28T00:30:00-07:00,66,67,1.9
2025-07-28T01:00:00-07:00,67,67,2.9
2025-07-28T01:30:00-07:00,67,67,2.7
2025-07-28T02:00:00-07:00,67,67,2.4
2025-07-28T02:30:00-07:00,67,67,1.8
2025-07-28T03:00:00-07:00,67,67,1.7
2025-07-28T03:30:00-07:00,67,67,1.5
2025-07-28T04:00:00-07:00,66,67,1.5
2025-07-28T04:30:00-07:00,67,66,1.7
2025-07-28T05:00:00-07:00,67,66,1.6
2025-07-28T05:30:00-07:00,68,66,1.6
2025-07-28T06:00:00-07:00,67,67,1.7
2025-07-28T06:30:00-07:00,67,67,1.9
2025-07-28T07:00:00-07:00,66,67,2.2
2025-07-28T07:30:00-07:00,65,68,1.9
2025-07-28T08:00:00-07:00,64,69,2.2
2025-07-28T08:30:00-07:00,62,70,2.6
2025-07-28T09:00:00-07:00,59,71,3
2025-07-28T09:30:00-07:00,57,72,2.7
2025-07-28T10:00:00-07:00,54,74,2.2
2025-07-28T10:30:00-07:00,51,76,2.6
2025-07-28T11:00:00-07:00,50,77,2.9
2025-07-28T11:30:00-07:00,48,79,3.3
2025-07-28T12:00:00-07:00,47,80,3.6
2025-07-28T12:30:00-07:00,46,81,3.8
2025-07-28T13:00:00-07:00,45,81,4.3
2025-07-28T13:30:00-07:00,45,81,4.9
2025-07-28T14:00:00-07:00,45,81,5.3
2025-07-28T14:30:00-07:00,43,82,4.9
2025-07-28T15:00:00-07:00,44,81,5.2
2025-07-28T15:30:00-07:00,43,82,4.4
2025-07-28T16:00:00-07:00,45,81,4.3
2025-07-28T16:30:00-07:00,44,81,3.7
2025-07-28T17:00:00-07:00,45,81,3.8
2025-07-28T17:30:00-07:00,46,80,3.8
2025-07-28T18:00:00-07:00,46,80,3.7
2025-07-28T18:30:00-07:00,44,82,3.3
2025-07-28T19:00:00-07:00,42,83,3.1
2025-07-28T19:30:00-07:00,45,80,3.4
2025-07-28T20:00:00-07:00,54,74,3.6
2025-07-28T20:30:00-07:00,57,72,3.7
2025-07-28T21:00:00-07:00,59,71,3.8
2025-07-28T21:30:00-07:00,61,70,3.7
2025-07-28T22:00:00-07:00,62,70,3.5
2025-07-28T22:30:00-07:00,62,70,3.6
2025-07-28T23:00:00-07:00,64,69,3.7
2025-07-28T23:30:00-07:00,65,68,4.1
2025-07-29T00:00:00-07:00,67,68,4.2
2025-07-29T00:30:00-07:00,66,68,4.4
2025-07-29T01:00:00-07:00,67,67,5.2
2025-07-29T01:30:00-07:00,68,67,5.3
2025-07-29T02:00:00-07:00,68,67,5.4
2025-07-29T02:30:00-07:00,67,67,5.5
2025-07-29T03:00:00-07:00,68,67,6.2
2025-07-29T03:30:00-07:00,66,66,6.7
2025-07-29T04:00:00-07:00,66,66,5.9
2025-07-29T04:30:00-07:00,66,66,5.4
2025-07-29T05:00:00-07:00,66,65,5.3
2025-07-29T05:30:00-07:00,67,65,5.7
2025-07-29T06:00:00-07:00,67,65,5.6
2025-07-29T06:30:00-07:00,68,65,5.7
2025-07-29T07:00:00-07:00,70,66,5.6
2025-07-29T07:30:00-07:00,69,68,5
2025-07-29T08:00:00-07:00,66,69,4.8
2025-07-29T08:30:00-07:00,63,71,4.8
2025-07-29T09:00:00-07:00,58,74,5
2025-07-29T09:30:00-07:00,55,76,4.8
2025-07-29T10:00:00-07:00,51,78,4.2
2025-07-29T10:30:00-07:00,49,78,4.5
2025-07-29T11:00:00-07:00,48,80,4.6
2025-07-29T11:30:00-07:00,46,81,4.7
2025-07-29T12:00:00-07:00,43,83,4.4
2025-07-29T12:30:00-07:00,41,84,4.6
2025-07-29T13:00:00-07:00,40,84,4.7
2025-07-29T13:30:00-07:00,40,84,4.4
2025-07-29T14:00:00-07:00,42,82,4.9
2025-07-29T14:30:00-07:00,44,81,5.1
2025-07-29T15:00:00-07:00,43,81,4.6
2025-07-29T15:30:00-07:00,45,81,5
2025-07-29T16:00:00-07:00,47,79,4.9
2025-07-29T16:30:00-07:00,49,78,4.8
2025-07-29T17:00:00-07:00,51,77,4.4
2025-07-29T17:30:00-07:00,52,76,4.6
2025-07-29T18:00:00-07:00,51,77,4.3
2025-07-29T18:30:00-07:00,48,78,4.2
2025-07-29T19:00:00-07:00,48,78,4.1
2025-07-29T19:30:00-07:00,51,75,6.3
2025-07-29T20:00:00-07:00,60,70,4.8
2025-07-29T20:30:00-07:00,65,68,4.9
2025-07-29T21:00:00-07:00,67,67,5.3
2025-07-29T21:30:00-07:00,68,67,5.7
2025-07-29T22:00:00-07:00,68,66,5.8
2025-07-29T22:30:00-07:00,68,67,6
2025-07-29T23:00:00-07:00,68,66,6.1
2025-07-29T23:30:00-07:00,69,66,5.9
2025-07-30T00:00:00-07:00,70,66,4.5
2025-07-30T00:30:00-07:00,69,66,4.7
2025-07-30T01:00:00-07:00,69,66,4.5
2025-07-30T01:30:00-07:00,69,66,4.3
2025-07-30T02:00:00-07:00,69,66,3.9
2025-07-30T02:30:00-07:00,69,66,3.7
2025-07-30T03:00:00-07:00,69,66,3.4
2025-07-30T03:30:00-07:00,66,67,3.7
2025-07-30T04:00:00-07:00,67,66,2.9
2025-07-30T04:30:00-07:00,67,67,2.8
2025-07-30T05:00:00-07:00,66,67,2.8
2025-07-30T05:30:00-07:00,66,67,2.5
2025-07-30T06:00:00-07:00,67,67,1.9
2025-07-30T06:30:00-07:00,67,67,1.7
2025-07-30T07:00:00-07:00,65,68,2.1
2025-07-30T07:30:00-07:00,63,69,2.8
2025-07-30T08:00:00-07:00,62,70,4.1
2025-07-30T08:30:00-07:00,60,71,5.9
2025-07-30T09:00:00-07:00,58,72,5.1
2025-07-30T09:30:00-07:00,57,72,4.6
2025-07-30T10:00:00-07:00,55,74,3.7
2025-07-30T10:30:00-07:00,52,76,3.3
2025-07-30T11:00:00-07:00,51,76,3
2025-07-30T11:30:00-07:00,50,77,3.3
2025-07-30T12:00:00-07:00,49,78,3.5
2025-07-30T12:30:00-07:00,50,78,4
2025-07-30T13:00:00-07:00,50,78,4.4
2025-07-30T13:30:00-07:00,51,77,5
2025-07-30T14:00:00-07:00,51,77,5.5
2025-07-30T14:30:00-07:00,50,77,5.6
2025-07-30T15:00:00-07:00,50,78,5.7
2025-07-30T15:30:00-07:00,50,77,5.5
2025-07-30T16:00:00-07:00,51,76,5.4
2025-07-30T16:30:00-07:00,52,76,4.8
2025-07-30T17:00:00-07:00,52,76,5
2025-07-30T17:30:00-07:00,54,75,4.6
2025-07-30T18:00:00-07:00,53,76,4.3
2025-07-30T18:30:00-07:00,56,73,4.3
2025-07-30T19:00:00-07:00,62,70,3.9
2025-07-30T19:30:00-07:00,65,69,4
2025-07-30T20:00:00-07:00,66,68,4
2025-07-30T20:30:00-07:00,68,67,4
2025-07-30T21:00:00-07:00,68,67,3.4
2025-07-30T21:30:00-07:00,69,68,3.9
2025-07-30T22:00:00-07:00,69,67,3.6
2025-07-30T22:30:00-07:00,68,67,2.9
2025-07-30T23:00:00-07:00,68,67,2.7
2025-07-30T23:30:00-07:00,67,68,2.5
2025-07-31T00:00:00-07:00,68,68,2.5
2025-07-31T00:30:00-07:00,68,67,2.4
2025-07-31T01:00:00-07:00,69,67,2.1
2025-07-31T01:30:00-07:00,70,66,1.1
2025-07-31T02:00:00-07:00,70,67,1.1
2025-07-31T02:30:00-07:00,69,67,0.9
2025-07-31T03:00:00-07:00,68,67,0.9
2025-07-31T03:30:00-07:00,67,68,0.9
2025-07-31T04:00:00-07:00,67,68,0.3
2025-07-31T04:30:00-07:00,66,68,0.5
2025-07-31T05:00:00-07:00,65,69,1.5
2025-07-31T05:30:00-07:00,65,69,3.1
2025-07-31T06:00:00-07:00,66,69,5.6
2025-07-31T06:30:00-07:00,65,69,8.2
2025-07-31T07:00:00-07:00,64,69,10.1
2025-07-31T07:30:00-07:00,63,70,10.4
2025-07-31T08:00:00-07:00,62,70,8.6
2025-07-31T08:30:00-07:00,61,72,8.9
2025-07-31T09:00:00-07:00,58,73,9.9
2025-07-31T09:30:00-07:00,54,75,8.5
2025-07-31T10:00:00-07:00,51,77,6.5
2025-07-31T10:30:00-07:00,48,79,5.9
2025-07-31T11:00:00-07:00,45,81,5.8
2025-07-31T11:30:00-07:00,43,84,6
2025-07-31T12:00:00-07:00,42,85,7.2
2025-07-31T12:30:00-07:00,41,85,7.5
2025-07-31T13:00:00-07:00,41,86,5.8
2025-07-31T13:30:00-07:00,41,86,4.9
2025-07-31T14:00:00-07:00,41,87,4.8
2025-07-31T14:30:00-07:00,40,87,4.7
2025-07-31T15:00:00-07:00,40,87,5.1
2025-07-31T15:30:00-07:00,41,86,4.4
2025-07-31T16:00:00-07:00,43,85,4.2
2025-07-31T16:30:00-07:00,44,84,3.9
2025-07-31T17:00:00-07:00,47,81,3.3
2025-07-31T17:30:00-07:00,50,78,3.8
2025-07-31T18:00:00-07:00,52,76,2.6
2025-07-31T18:30:00-07:00,52,76,2.2
2025-07-31T19:00:00-07:00,53,75,2.3
2025-07-31T19:30:00-07:00,59,70,2.4
2025-07-31T20:00:00-07:00,70,66,3
2025-07-31T20:30:00-07:00,72,65,3
2025-07-31T21:00:00-07:00,72,66,2.9
2025-07-31T21:30:00-07:00,72,66,3.2
2025-07-31T22:00:00-07:00,70,67,2.2
2025-07-31T22:30:00-07:00,69,67,2.1
2025-07-31T23:00:00-07:00,68,67,1.8
2025-07-31T23:30:00-07:00,68,67,1.5
2025-08-01T00:00:00-07:00,70,67,1.1
2025-08-01T00:30:00-07:00,70,67,0.8
2025-08-01T01:00:00-07:00,69,67,0.7
2025-08-01T01:30:00-07:00,69,66,0.5
2025-08-01T02:00:00-07:00,70,66,0.4
2025-08-01T02:30:00-07:00,70,66,0.1
2025-08-01T03:00:00-07:00,70,66,0
2025-08-01T03:30:00-07:00,69,67,0
2025-08-01T04:00:00-07:00,68,66,0
2025-08-01T04:30:00-07:00,69,66,0.1
2025-08-01T05:00:00-07:00,69,66,0.1
2025-08-01T05:30:00-07:00,69,66,0.1
2025-08-01T06:00:00-07:00,69,66,0.1
2025-08-01T06:30:00-07:00,68,67,0.1
2025-08-01T07:00:00-07:00,66,67,0.2
2025-08-01T07:30:00-07:00,65,68,0.2
2025-08-01T08:00:00-07:00,63,70,2.5
2025-08-01T08:30:00-07:00,60,72,9
2025-08-01T09:00:00-07:00,57,73,9.9
2025-08-01T09:30:00-07:00,54,75,7.6
2025-08-01T10:00:00-07:00,52,77,5.7
2025-08-01T10:30:00-07:00,51,78,3.5
2025-08-01T11:00:00-07:00,49,78,3.3
2025-08-01T11:30:00-07:00,49,79,2.7
2025-08-01T12:00:00-07:00,48,79,1.4
2025-08-01T12:30:00-07:00,47,79,1.2
2025-08-01T13:00:00-07:00,47,79,1.1
2025-08-01T13:30:00-07:00,47,78,1
2025-08-01T14:00:00-07:00,47,79,1.1
2025-08-01T14:30:00-07:00,47,79,1.3
2025-08-01T15:00:00-07:00,47,79,1.3
2025-08-01T15:30:00-07:00,48,78,1.3
2025-08-01T16:00:00-07:00,49,77,1.2
2025-08-01T16:30:00-07:00,51,76,1.3
2025-08-01T17:00:00-07:00,53,75,1.5
2025-08-01T17:30:00-07:00,53,74,1.5
2025-08-01T18:00:00-07:00,52,75,2.1
2025-08-01T18:30:00-07:00,50,76,2.8
2025-08-01T19:00:00-07:00,51,75,3.3
2025-08-01T19:30:00-07:00,56,72,3.8
2025-08-01T20:00:00-07:00,65,67,4
2025-08-01T20:30:00-07:00,66,67,4.4
2025-08-01T21:00:00-07:00,66,67,4.1
2025-08-01T21:30:00-07:00,66,67,3.9
2025-08-01T22:00:00-07:00,67,67,4.4
2025-08-01T22:30:00-07:00,67,67,4.5
2025-08-01T23:00:00-07:00,67,67,4.5
2025-08-01T23:30:00-07:00,67,67,4.5
2025-08-02T00:00:00-07:00,68,66,4.7
2025-08-02T00:30:00-07:00,69,66,4.8
2025-08-02T01:00:00-07:00,69,66,4.6
2025-08-02T01:30:00-07:00,69,66,3.5
2025-08-02T02:00:00-07:00,69,65,2.8
2025-08-02T02:30:00-07:00,70,65,2.4
2025-08-02T03:00:00-07:00,71,65,2.1
2025-08-02T03:30:00-07:00,71,65,1.6
2025-08-02T04:00:00-07:00,71,65,1.1
2025-08-02T04:30:00-07:00,71,65,0.8
2025-08-02T05:00:00-07:00,70,65,0.5
2025-08-02T05:30:00-07:00,70,65,0.5
2025-08-02T06:00:00-07:00,69,65,0.5
2025-08-02T06:30:00-07:00,68,65,0.7
2025-08-02T07:00:00-07:00,67,66,0.8
2025-08-02T07:30:00-07:00,65,67,1.2
2025-08-02T08:00:00-07:00,63,68,1.3
2025-08-02T08:30:00-07:00,62,68,1.7
2025-08-02T09:00:00-07:00,60,70,1.8
2025-08-02T09:30:00-07:00,59,71,1.9
2025-08-02T10:00:00-07:00,57,72,2
2025-08-02T10:30:00-07:00,53,74,1.9
2025-08-02T11:00:00-07:00,50,76,1.8
2025-08-02T11:30:00-07:00,49,77,1.7
2025-08-02T12:00:00-07:00,48,78,1.3
2025-08-02T12:30:00-07:00,48,79,1
2025-08-02T13:00:00-07:00,47,79,0.9
2025-08-02T13:30:00-07:00,47,79,1.1
2025-08-02T14:00:00-07:00,48,78,1
2025-08-02T14:30:00-07:00,48,77,0.8
2025-08-02T15:00:00-07:00,46,78,0.8
2025-08-02T15:30:00-07:00,45,79,0.7
2025-08-02T16:00:00-07:00,45,79,0.7
2025-08-02T16:30:00-07:00,46,79,1.5
2025-08-02T17:00:00-07:00,46,78,1.3
2025-08-02T17:30:00-07:00,46,79,1.2
2025-08-02T18:00:00-07:00,45,81,1
2025-08-02T18:30:00-07:00,44,81,1.2
2025-08-02T19:00:00-07:00,45,79,1.1
2025-08-02T19:30:00-07:00,52,74,1.3
2025-08-02T20:00:00-07:00,63,68,2.6
2025-08-02T20:30:00-07:00,68,66,3.4
2025-08-02T21:00:00-07:00,70,66,4.4
2025-08-02T21:30:00-07:00,70,66,4.2
2025-08-02T22:00:00-07:00,70,66,4.3
2025-08-02T22:30:00-07:00,69,66,4.6
2025-08-02T23:00:00-07:00,68,66,5.7
2025-08-02T23:30:00-07:00,68,66,5.2
2025-08-03T00:00:00-07:00,68,66,5.3
2025-08-03T00:30:00-07:00,68,66,5.3
2025-08-03T01:00:00-07:00,67,66,4.9
2025-08-03T01:30:00-07:00,67,65,4.9
2025-08-03T02:00:00-07:00,67,65,4.7
2025-08-03T02:30:00-07:00,66,65,4.5
2025-08-03T03:00:00-07:00,66,64,4.5
2025-08-03T03:30:00-07:00,67,64,4.6
2025-08-03T04:00:00-07:00,68,63,4.5
2025-08-03T04:30:00-07:00,68,63,4.8
2025-08-03T05:00:00-07:00,68,63,4.6
2025-08-03T05:30:00-07:00,68,63,4.9
2025-08-03T06:00:00-07:00,68,63,4.7
2025-08-03T06:30:00-07:00,68,63,5.4
2025-08-03T07:00:00-07:00,69,64,5.8
2025-08-03T07:30:00-07:00,69,66,5.9
2025-08-03T08:00:00-07:00,67,68,5.5
2025-08-03T08:30:00-07:00,64,69,5.8
2025-08-03T09:00:00-07:00,59,72,4.7
2025-08-03T09:30:00-07:00,53,74,4.5
2025-08-03T10:00:00-07:00,49,76,4.2
2025-08-03T10:30:00-07:00,47,77,4.2
2025-08-03T11:00:00-07:00,46,78,4.4
2025-08-03T11:30:00-07:00,45,78,4.4
2025-08-03T12:00:00-07:00,43,79,4.4
2025-08-03T12:30:00-07:00,43,79,4.2
2025-08-03T13:00:00-07:00,42,79,4.3
2025-08-03T13:30:00-07:00,43,78,4.5
2025-08-03T14:00:00-07:00,44,77,4.1
2025-08-03T14:30:00-07:00,44,78,3.9
2025-08-03T15:00:00-07:00,43,78,4
2025-08-03T15:30:00-07:00,43,78,3.9
2025-08-03T16:00:00-07:00,43,78,4.2
2025-08-03T16:30:00-07:00,41,79,4.1
2025-08-03T17:00:00-07:00,42,79,4
2025-08-03T17:30:00-07:00,40,79,3.7
2025-08-03T18:00:00-07:00,40,80,3.5
2025-08-03T18:30:00-07:00,39,80,3.5
2025-08-03T19:00:00-07:00,43,77,3.9
2025-08-03T19:30:00-07:00,49,72,4.3
2025-08-03T20:00:00-07:00,57,68,4.7
2025-08-03T20:30:00-07:00,58,67,4.9
2025-08-03T21:00:00-07:00,59,67,5.3
2025-08-03T21:30:00-07:00,60,66,5.3
2025-08-03T22:00:00-07:00,61,66,5.7
2025-08-03T22:30:00-07:00,61,66,5.6
2025-08-03T23:00:00-07:00,61,66,5.5
2025-08-03T23:30:00-07:00,62,65,5.7
2025-08-04T00:00:00-07:00,62,65,5.4
2025-08-04T00:30:00-07:00,61,66,5.3
2025-08-04T01:00:00-07:00,61,65,5.3
2025-08-04T01:30:00-07:00,60,65,5.1
2025-08-04T02:00:00-07:00,61,65,5.5
2025-08-04T02:30:00-07:00,61,64,5.5
2025-08-04T03:00:00-07:00,62,64,5.5
2025-08-04T03:30:00-07:00,62,63,5.4
2025-08-04T04:00:00-07:00,62,63,5.3
2025-08-04T04:30:00-07:00,63,62,5.3
2025-08-04T05:00:00-07:00,63,62,5.3
2025-08-04T05:30:00-07:00,64,62,5.4
2025-08-04T06:00:00-07:00,64,62,5.3
2025-08-04T06:30:00-07:00,63,62,4.7
2025-08-04T07:00:00-07:00,61,64,4.2
2025-08-04T07:30:00-07:00,58,66,4.3
2025-08-04T08:00:00-07:00,56,67,4.1
2025-08-04T08:30:00-07:00,54,68,4.1
2025-08-04T09:00:00-07:00,52,70,4
2025-08-04T09:30:00-07:00,49,72,3.8
2025-08-04T10:00:00-07:00,47,73,3.8
2025-08-04T10:30:00-07:00,48,73,4.2
2025-08-04T11:00:00-07:00,47,74,3.9
2025-08-04T11:30:00-07:00,45,75,4.2
2025-08-04T12:00:00-07:00,44,76,3.9
2025-08-04T12:30:00-07:00,43,76,3.7
2025-08-04T13:00:00-07:00,43,77,3.9
2025-08-04T13:30:00-07:00,41,79,3.6
2025-08-04T14:00:00-07:00,40,79,3.5
2025-08-04T14:30:00-07:00,39,80,3.2
2025-08-04T15:00:00-07:00,38,81,2.9
2025-08-04T15:30:00-07:00,37,81,2.4
2025-08-04T16:00:00-07:00,37,80,2
2025-08-04T16:30:00-07:00,40,78,2.2
2025-08-04T17:00:00-07:00,42,77,2.4
2025-08-04T17:30:00-07:00,42,77,2.6
2025-08-04T18:00:00-07:00,39,79,2.6
2025-08-04T18:30:00-07:00,37,80,2.3
2025-08-04T19:00:00-07:00,37,80,2.2
2025-08-04T19:30:00-07:00,40,76,2.4
2025-08-04T20:00:00-07:00,48,71,2.9
2025-08-04T20:30:00-07:00,49,70,2.9
2025-08-04T21:00:00-07:00,50,70,3.2
2025-08-04T21:30:00-07:00,51,69,3.2
2025-08-04T22:00:00-07:00,52,69,3.3
2025-08-04T22:30:00-07:00,56,68,3.8
2025-08-04T23:00:00-07:00,57,68,4.1
2025-08-04T23:30:00-07:00,57,67,4
2025-08-05T00:00:00-07:00,58,67,4.1
2025-08-05T00:30:00-07:00,59,66,4.4
2025-08-05T01:00:00-07:00,60,65,4.5
2025-08-05T01:30:00-07:00,60,65,4.6
2025-08-05T02:00:00-07:00,60,65,4.4
2025-08-05T02:30:00-07:00,60,64,4.4
2025-08-05T03:00:00-07:00,61,64,4.6
2025-08-05T03:30:00-07:00,63,63,5.1
2025-08-05T04:00:00-07:00,65,63,5.5
2025-08-05T04:30:00-07:00,67,63,6.1
2025-08-05T05:00:00-07:00,66,63,6.1
2025-08-05T05:30:00-07:00,66,63,6.1
2025-08-05T06:00:00-07:00,66,62,6.2
2025-08-05T06:30:00-07:00,68,62,6.1
2025-08-05T07:00:00-07:00,68,64,6.3
2025-08-05T07:30:00-07:00,67,66,5.3
2025-08-05T08:00:00-07:00,61,68,4.5
2025-08-05T08:30:00-07:00,58,69,4.4
2025-08-05T09:00:00-07:00,54,71,4.2
2025-08-05T09:30:00-07:00,51,73,4.3
2025-08-05T10:00:00-07:00,48,75,4.4
2025-08-05T10:30:00-07:00,44,77,3.3
2025-08-05T11:00:00-07:00,43,78,3.4
2025-08-05T11:30:00-07:00,43,79,3.7
2025-08-05T12:00:00-07:00,42,80,4.3
2025-08-05T12:30:00-07:00,41,81,4.3
2025-08-05T13:00:00-07:00,40,82,4
2025-08-05T13:30:00-07:00,39,82,4.2
2025-08-05T14:00:00-07:00,38,81,3.5
2025-08-05T14:30:00-07:00,38,81,3.4
2025-08-05T15:00:00-07:00,38,82,3.4
2025-08-05T15:30:00-07:00,37,81,2.9
2025-08-05T16:00:00-07:00,38,80,3
2025-08-05T16:30:00-07:00,39,80,3.3
2025-08-05T17:00:00-07:00,41,80,3.7
2025-08-05T17:30:00-07:00,42,78,3.7
2025-08-05T18:00:00-07:00,40,80,3.6
2025-08-05T18:30:00-07:00,42,81,4.4
2025-08-05T19:00:00-07:00,43,81,4.6
2025-08-05T19:30:00-07:00,48,77,4.8
2025-08-05T20:00:00-07:00,59,71,5.1
2025-08-05T20:30:00-07:00,62,69,5.1
2025-08-05T21:00:00-07:00,63,68,5.2
2025-08-05T21:30:00-07:00,64,68,5.3
2025-08-05T22:00:00-07:00,64,67,5.4
2025-08-05T22:30:00-07:00,64,67,5.3
2025-08-05T23:00:00-07:00,64,67,5.2
2025-08-05T23:30:00-07:00,63,67,5.3
2025-08-06T00:00:00-07:00,63,67,5.8
2025-08-06T00:30:00-07:00,63,67,5.5
2025-08-06T01:00:00-07:00,63,67,5.4
2025-08-06T01:30:00-07:00,64,66,5.7
2025-08-06T02:00:00-07:00,63,66,5.5
2025-08-06T02:30:00-07:00,62,66,5.2
2025-08-06T03:00:00-07:00,62,66,5.3
2025-08-06T03:30:00-07:00,63,65,5.3
2025-08-06T04:00:00-07:00,63,65,5
2025-08-06T04:30:00-07:00,64,65,5.3
2025-08-06T05:00:00-07:00,64,64,5.2
2025-08-06T05:30:00-07:00,65,64,5.6
2025-08-06T06:00:00-07:00,65,64,5.9
2025-08-06T06:30:00-07:00,65,64,6.3
2025-08-06T07:00:00-07:00,65,65,6.9
2025-08-06T07:30:00-07:00,65,67,7
2025-08-06T08:00:00-07:00,62,69,5.9
2025-08-06T08:30:00-07:00,59,71,6.1
2025-08-06T09:00:00-07:00,54,74,6.5
2025-08-06T09:30:00-07:00,48,77,5.7
2025-08-06T10:00:00-07:00,44,80,5.5
2025-08-06T10:30:00-07:00,39,82,5.1
2025-08-06T11:00:00-07:00,40,84,5.3
2025-08-06T11:30:00-07:00,39,86,5.2
2025-08-06T12:00:00-07:00,35,87,4.4
2025-08-06T12:30:00-07:00,33,88,4.3
2025-08-06T13:00:00-07:00,29,90,3
2025-08-06T13:30:00-07:00,26,92,2.3
2025-08-06T14:00:00-07:00,26,91,3
2025-08-06T14:30:00-07:00,30,91,4.1
2025-08-06T15:00:00-07:00,27,92,3.7
2025-08-06T15:30:00-07:00,28,92,3.8
2025-08-06T16:00:00-07:00,28,92,3.3
2025-08-06T16:30:00-07:00,31,91,3.7
2025-08-06T17:00:00-07:00,33,90,3.7
2025-08-06T17:30:00-07:00,32,91,3.5
2025-08-06T18:00:00-07:00,35,90,3.2
2025-08-06T18:30:00-07:00,37,90,3.5
2025-08-06T19:00:00-07:00,35,89,2.8
2025-08-06T19:30:00-07:00,44,82,3.7
2025-08-06T20:00:00-07:00,51,77,3.8
2025-08-06T20:30:00-07:00,55,75,3.8
2025-08-06T21:00:00-07:00,57,74,3.6
2025-08-06T21:30:00-07:00,58,73,3.5
2025-08-06T22:00:00-07:00,59,73,3.6
2025-08-06T22:30:00-07:00,59,73,3.3
2025-08-06T23:00:00-07:00,61,72,3.4
2025-08-06T23:30:00-07:00,63,72,3.5
2025-08-07T00:00:00-07:00,62,71,3.4
2025-08-07T00:30:00-07:00,63,71,3.4
2025-08-07T01:00:00-07:00,63,71,3.4
2025-08-07T01:30:00-07:00,64,70,3.4
2025-08-07T02:00:00-07:00,66,70,3.8
2025-08-07T02:30:00-07:00,68,69,3.8
2025-08-07T03:00:00-07:00,68,69,3.9
2025-08-07T03:30:00-07:00,69,68,3.5
2025-08-07T04:00:00-07:00,70,68,3.8
2025-08-07T04:30:00-07:00,70,67,4
2025-08-07T05:00:00-07:00,71,67,3.2
2025-08-07T05:30:00-07:00,71,67,2.7
2025-08-07T06:00:00-07:00,70,67,2.6
2025-08-07T06:30:00-07:00,70,67,3.1
2025-08-07T07:00:00-07:00,72,68,3.6
2025-08-07T07:30:00-07:00,70,69,3.9
2025-08-07T08:00:00-07:00,66,71,3.6
2025-08-07T08:30:00-07:00,63,72,2.6
2025-08-07T09:00:00-07:00,59,74,2
2025-08-07T09:30:00-07:00,56,75,1.1
2025-08-07T10:00:00-07:00,52,77,0.3
2025-08-07T10:30:00-07:00,49,79,0.2
2025-08-07T11:00:00-07:00,45,82,0.4
2025-08-07T11:30:00-07:00,42,84,0.4
2025-08-07T12:00:00-07:00,41,85,0.6
2025-08-07T12:30:00-07:00,41,86,0.8
2025-08-07T13:00:00-07:00,40,87,0.7
2025-08-07T13:30:00-07:00,39,88,0.8
2025-08-07T14:00:00-07:00,38,88,0.8
2025-08-07T14:30:00-07:00,36,89,0.6
2025-08-07T15:00:00-07:00,37,88,0.9
2025-08-07T15:30:00-07:00,38,87,1
2025-08-07T16:00:00-07:00,38,87,1.1
2025-08-07T16:30:00-07:00,39,87,1.3
2025-08-07T17:00:00-07:00,41,86,1.5
2025-08-07T17:30:00-07:00,43,84,1.4
2025-08-07T18:00:00-07:00,42,86,1.6
2025-08-07T18:30:00-07:00,40,87,1.8
2025-08-07T19:00:00-07:00,41,86,1.7
2025-08-07T19:30:00-07:00,50,78,2.3
2025-08-07T20:00:00-07:00,60,72,3.4
2025-08-07T20:30:00-07:00,63,71,3.9
2025-08-07T21:00:00-07:00,65,70,5.7
2025-08-07T21:30:00-07:00,66,70,7
2025-08-07T22:00:00-07:00,66,69,7.2
2025-08-07T22:30:00-07:00,68,68,7
2025-08-07T23:00:00-07:00,67,68,6.8
2025-08-07T23:30:00-07:00,67,68,7
2025-08-08T00:00:00-07:00,68,67,6.6
2025-08-08T00:30:00-07:00,69,67,6.5
2025-08-08T01:00:00-07:00,69,67,6.3
2025-08-08T01:30:00-07:00,66,68,6.1
2025-08-08T02:00:00-07:00,65,67,6
2025-08-08T02:30:00-07:00,66,67,6.8
2025-08-08T03:00:00-07:00,65,67,6.7
2025-08-08T03:30:00-07:00,65,67,6.7
2025-08-08T04:00:00-07:00,65,66,7
2025-08-08T04:30:00-07:00,65,66,6.5
2025-08-08T05:00:00-07:00,65,66,6.6
2025-08-08T05:30:00-07:00,66,65,6.4
2025-08-08T06:00:00-07:00,66,65,6.9
2025-08-08T06:30:00-07:00,67,65,7.3
2025-08-08T07:00:00-07:00,68,66,8.1
2025-08-08T07:30:00-07:00,68,68,8.2
2025-08-08T08:00:00-07:00,66,69,8.6
2025-08-08T08:30:00-07:00,63,72,8.1
2025-08-08T09:00:00-07:00,58,74,7.4
2025-08-08T09:30:00-07:00,54,77,7.5
2025-08-08T10:00:00-07:00,51,79,7.4
2025-08-08T10:30:00-07:00,47,81,6.7
2025-08-08T11:00:00-07:00,45,84,6.8
2025-08-08T11:30:00-07:00,41,87,5.7
2025-08-08T12:00:00-07:00,36,90,4.4
2025-08-08T12:30:00-07:00,32,92,3.4
2025-08-08T13:00:00-07:00,33,94,4.8
2025-08-08T13:30:00-07:00,34,93,5.6
2025-08-08T14:00:00-07:00,32,94,3.8
2025-08-08T14:30:00-07:00,31,94,3.3
2025-08-08T15:00:00-07:00,31,93,3.1
2025-08-08T15:30:00-07:00,30,93,3.1
2025-08-08T16:00:00-07:00,32,93,4.1
2025-08-08T16:30:00-07:00,33,93,5
2025-08-08T17:00:00-07:00,33,94,5.5
2025-08-08T17:30:00-07:00,32,95,5.4
2025-08-08T18:00:00-07:00,31,97,5.5
2025-08-08T18:30:00-07:00,31,97,5.5
2025-08-08T19:00:00-07:00,34,94,5.7
2025-08-08T19:30:00-07:00,42,86,6.3
2025-08-08T20:00:00-07:00,49,81,6.7
2025-08-08T20:30:00-07:00,48,79,6.4
2025-08-08T21:00:00-07:00,49,77,6.1
2025-08-08T21:30:00-07:00,49,76,7.3
2025-08-08T22:00:00-07:00,49,76,6.9
2025-08-08T22:30:00-07:00,50,75,6.3
2025-08-08T23:00:00-07:00,52,75,7
2025-08-08T23:30:00-07:00,54,74,7.1
2025-08-09T00:00:00-07:00,53,75,6.7
2025-08-09T00:30:00-07:00,54,74,6.4
2025-08-09T01:00:00-07:00,55,74,6.8
2025-08-09T01:30:00-07:00,57,73,6.9
2025-08-09T02:00:00-07:00,58,72,7
2025-08-09T02:30:00-07:00,59,72,7.4
2025-08-09T03:00:00-07:00,60,71,8.9
2025-08-09T03:30:00-07:00,62,71,9.7
2025-08-09T04:00:00-07:00,63,70,8.7
2025-08-09T04:30:00-07:00,65,69,8.9
2025-08-09T05:00:00-07:00,66,68,8.9
2025-08-09T05:30:00-07:00,67,67,8.3
2025-08-09T06:00:00-07:00,68,67,8
2025-08-09T06:30:00-07:00,69,67,7.5
2025-08-09T07:00:00-07:00,69,67,7.6
2025-08-09T07:30:00-07:00,67,68,7.6
2025-08-09T08:00:00-07:00,65,70,8.1
2025-08-09T08:30:00-07:00,61,72,9
2025-08-09T09:00:00-07:00,58,74,8.5
2025-08-09T09:30:00-07:00,56,76,8
2025-08-09T10:00:00-07:00,53,77,8.2
2025-08-09T10:30:00-07:00,51,79,7.6
2025-08-09T11:00:00-07:00,47,82,7
2025-08-09T11:30:00-07:00,43,85,6.6
2025-08-09T12:00:00-07:00,42,87,6.5
2025-08-09T12:30:00-07:00,39,89,7.3
2025-08-09T13:00:00-07:00,37,90,6.7
2025-08-09T13:30:00-07:00,36,91,6.5
2025-08-09T14:00:00-07:00,36,90,5.6
2025-08-09T14:30:00-07:00,34,91,4.6
2025-08-09T15:00:00-07:00,32,92,3.5
2025-08-09T15:30:00-07:00,32,92,3.5
2025-08-09T16:00:00-07:00,32,93,3.8
2025-08-09T16:30:00-07:00,32,93,3.7
2025-08-09T17:00:00-07:00,30,92,3.4
2025-08-09T17:30:00-07:00,31,91,3.4
2025-08-09T18:00:00-07:00,33,93,4.4
2025-08-09T18:30:00-07:00,33,93,5
2025-08-09T19:00:00-07:00,36,90,5.7
2025-08-09T19:30:00-07:00,46,82,6.6
2025-08-09T20:00:00-07:00,54,76,7.4
2025-08-09T20:30:00-07:00,54,74,7.5
2025-08-09T21:00:00-07:00,57,72,7.4
2025-08-09T21:30:00-07:00,61,70,7.9
2025-08-09T22:00:00-07:00,63,69,9
2025-08-09T22:30:00-07:00,64,69,8.7
2025-08-09T23:00:00-07:00,65,68,8.2
2025-08-09T23:30:00-07:00,65,68,7.9
2025-08-10T00:00:00-07:00,66,68,8.2
2025-08-10T00:30:00-07:00,65,68,10.8
2025-08-10T01:00:00-07:00,65,69,13.3
2025-08-10T01:30:00-07:00,64,69,17
2025-08-10T02:00:00-07:00,65,68,19
2025-08-10T02:30:00-07:00,65,68,11.2
2025-08-10T03:00:00-07:00,66,67,8.3
2025-08-10T03:30:00-07:00,67,67,8.9
2025-08-10T04:00:00-07:00,68,67,7.7
2025-08-10T04:30:00-07:00,68,66,6.9
2025-08-10T05:00:00-07:00,69,67,7.7
2025-08-10T05:30:00-07:00,68,67,9.1
2025-08-10T06:00:00-07:00,70,67,11.1
2025-08-10T06:30:00-07:00,71,67,14.3
2025-08-10T07:00:00-07:00,72,67,15.3
2025-08-10T07:30:00-07:00,71,68,14.4
2025-08-10T08:00:00-07:00,69,69,16
2025-08-10T08:30:00-07:00,65,71,17.5
2025-08-10T09:00:00-07:00,62,72,13.2
2025-08-10T09:30:00-07:00,59,74,11.8
2025-08-10T10:00:00-07:00,56,75,12.1
2025-08-10T10:30:00-07:00,54,77,9.7
2025-08-10T11:00:00-07:00,51,78,7
2025-08-10T11:30:00-07:00,49,80,5.4
2025-08-10T12:00:00-07:00,46,82,6.1
2025-08-10T12:30:00-07:00,43,85,7
2025-08-10T13:00:00-07:00,42,86,6.2
2025-08-10T13:30:00-07:00,42,86,5.3
2025-08-10T14:00:00-07:00,40,87,4.4
2025-08-10T14:30:00-07:00,40,87,3.8
2025-08-10T15:00:00-07:00,40,86,4.2
2025-08-10T15:30:00-07:00,41,86,4.5
2025-08-10T16:00:00-07:00,41,86,3.7
2025-08-10T16:30:00-07:00,41,86,3.7
2025-08-10T17:00:00-07:00,42,85,3.4
2025-08-10T17:30:00-07:00,42,86,3.5
2025-08-10T18:00:00-07:00,42,86,3.4
2025-08-10T18:30:00-07:00,43,85,3.6
2025-08-10T19:00:00-07:00,47,82,3.8
2025-08-10T19:30:00-07:00,54,76,3.8
2025-08-10T20:00:00-07:00,59,73,4
2025-08-10T20:30:00-07:00,62,71,4.4
2025-08-10T21:00:00-07:00,64,70,4
2025-08-10T21:30:00-07:00,65,70,4.4
2025-08-10T22:00:00-07:00,67,69,4.5
2025-08-10T22:30:00-07:00,69,68,4.5
2025-08-10T23:00:00-07:00,70,67,4.5
2025-08-10T23:30:00-07:00,71,67,5
2025-08-11T00:00:00-07:00,70,67,5.1
2025-08-11T00:30:00-07:00,72,67,6.2
2025-08-11T01:00:00-07:00,71,67,6.4
2025-08-11T01:30:00-07:00,70,68,6.4
2025-08-11T02:00:00-07:00,70,68,6.2
2025-08-11T02:30:00-07:00,69,68,6.5
2025-08-11T03:00:00-07:00,68,68,6.7
2025-08-11T03:30:00-07:00,68,68,6.9
2025-08-11T04:00:00-07:00,68,68,7
2025-08-11T04:30:00-07:00,67,69,6.9
2025-08-11T05:00:00-07:00,68,68,7.1
2025-08-11T05:30:00-07:00,68,68,7.5
2025-08-11T06:00:00-07:00,68,68,7.9
2025-08-11T06:30:00-07:00,68,68,8.5
2025-08-11T07:00:00-07:00,67,69,8.8
2025-08-11T07:30:00-07:00,65,69,8.2
2025-08-11T08:00:00-07:00,64,70,7.2
2025-08-11T08:30:00-07:00,61,72,7.1
2025-08-11T09:00:00-07:00,58,73,6.7
2025-08-11T09:30:00-07:00,56,74,6.8
2025-08-11T10:00:00-07:00,54,75,6.9
2025-08-11T10:30:00-07:00,51,77,7.1
2025-08-11T11:00:00-07:00,50,78,7.7
2025-08-11T11:30:00-07:00,48,79,8.3
2025-08-11T12:00:00-07:00,48,80,10.8
2025-08-11T12:30:00-07:00,47,81,9.7
2025-08-11T13:00:00-07:00,45,82,7
2025-08-11T13:30:00-07:00,44,82,4.6
2025-08-11T14:00:00-07:00,43,82,2.1
2025-08-11T14:30:00-07:00,42,82,1
2025-08-11T15:00:00-07:00,41,82,0.7
2025-08-11T15:30:00-07:00,41,82,0.3
2025-08-11T16:00:00-07:00,42,81,0.3
2025-08-11T16:30:00-07:00,43,81,1.2
2025-08-11T17:00:00-07:00,42,81,2.1
2025-08-11T17:30:00-07:00,41,82,2.7
2025-08-11T18:00:00-07:00,40,84,3.3
2025-08-11T18:30:00-07:00,39,85,3.6
2025-08-11T19:00:00-07:00,45,81,3.9
2025-08-11T19:30:00-07:00,55,73,4.7
2025-08-11T20:00:00-07:00,62,69,5.3
2025-08-11T20:30:00-07:00,67,67,5.6
2025-08-11T21:00:00-07:00,69,67,6
2025-08-11T21:30:00-07:00,70,66,6.3
2025-08-11T22:00:00-07:00,70,66,5.7
2025-08-11T22:30:00-07:00,71,66,5.7
2025-08-11T23:00:00-07:00,70,66,5.3
2025-08-11T23:30:00-07:00,70,66,5.6
2025-08-12T00:00:00-07:00,71,65,5.8
2025-08-12T00:30:00-07:00,71,66,6
2025-08-12T01:00:00-07:00,71,66,6.4
2025-08-12T01:30:00-07:00,70,66,6.1
2025-08-12T02:00:00-07:00,70,66,6.3
2025-08-12T02:30:00-07:00,70,66,6
2025-08-12T03:00:00-07:00,70,66,6.5
2025-08-12T03:30:00-07:00,70,66,7.7
2025-08-12T04:00:00-07:00,70,66,8.8
2025-08-12T04:30:00-07:00,70,66,7.1
2025-08-12T05:00:00-07:00,69,66,6.2
2025-08-12T05:30:00-07:00,69,65,6.3
2025-08-12T06:00:00-07:00,68,66,6
2025-08-12T06:30:00-07:00,68,66,6.2
2025-08-12T07:00:00-07:00,67,66,7
2025-08-12T07:30:00-07:00,65,67,6.6
2025-08-12T08:00:00-07:00,65,68,6.4
2025-08-12T08:30:00-07:00,64,69,7.3
2025-08-12T09:00:00-07:00,63,69,8.6
2025-08-12T09:30:00-07:00,60,71,8.8
2025-08-12T10:00:00-07:00,58,72,8.4
2025-08-12T10:30:00-07:00,55,74,7.5
2025-08-12T11:00:00-07:00,51,76,6.6
2025-08-12T11:30:00-07:00,49,77,7.5
2025-08-12T12:00:00-07:00,47,79,8.7
2025-08-12T12:30:00-07:00,47,80,8.5
2025-08-12T13:00:00-07:00,45,82,7.8
2025-08-12T13:30:00-07:00,45,82,5.6
2025-08-12T14:00:00-07:00,44,82,3.6
2025-08-12T14:30:00-07:00,43,82,2.6
2025-08-12T15:00:00-07:00,42,83,2.6
2025-08-12T15:30:00-07:00,44,82,2.4
2025-08-12T16:00:00-07:00,44,81,2.3
2025-08-12T16:30:00-07:00,46,79,2.1
2025-08-12T17:00:00-07:00,47,79,2
2025-08-12T17:30:00-07:00,47,79,2.2
2025-08-12T18:00:00-07:00,48,79,2.8
2025-08-12T18:30:00-07:00,49,79,2.9
2025-08-12T19:00:00-07:00,50,78,2.9
2025-08-12T19:30:00-07:00,57,73,3
2025-08-12T20:00:00-07:00,64,70,3.6
2025-08-12T20:30:00-07:00,67,69,5
2025-08-12T21:00:00-07:00,68,68,7.2
2025-08-12T21:30:00-07:00,69,68,8.9
2025-08-12T22:00:00-07:00,70,68,8
2025-08-12T22:30:00-07:00,70,68,7.2
2025-08-12T23:00:00-07:00,71,68,6.9
2025-08-12T23:30:00-07:00,71,68,7.9
2025-08-13T00:00:00-07:00,71,68,6.9
2025-08-13T00:30:00-07:00,71,68,6.2
2025-08-13T01:00:00-07:00,71,68,6.8
2025-08-13T01:30:00-07:00,70,69,7.2
2025-08-13T02:00:00-07:00,69,69,6.5
2025-08-13T02:30:00-07:00,69,69,7.7
2025-08-13T03:00:00-07:00,69,69,8.4
2025-08-13T03:30:00-07:00,70,68,6.5
2025-08-13T04:00:00-07:00,69,68,6.3
2025-08-13T04:30:00-07:00,68,68,5.3
2025-08-13T05:00:00-07:00,68,68,4.4
2025-08-13T05:30:00-07:00,68,68,3.5
2025-08-13T06:00:00-07:00,68,68,3.4
2025-08-13T06:30:00-07:00,67,68,2.2
2025-08-13T07:00:00-07:00,67,68,1
2025-08-13T07:30:00-07:00,67,68,3
2025-08-13T08:00:00-07:00,66,69,3.7
2025-08-13T08:30:00-07:00,66,69,3.8
2025-08-13T09:00:00-07:00,65,69,3.9
2025-08-13T09:30:00-07:00,65,70,4.3
2025-08-13T10:00:00-07:00,62,71,4.5
2025-08-13T10:30:00-07:00,61,72,6.1
2025-08-13T11:00:00-07:00,57,75,7.1
2025-08-13T11:30:00-07:00,54,76,6.2
2025-08-13T12:00:00-07:00,51,78,4.6
2025-08-13T12:30:00-07:00,49,80,3.2
2025-08-13T13:00:00-07:00,49,80,1.8
2025-08-13T13:30:00-07:00,48,81,0.8
2025-08-13T14:00:00-07:00,48,81,0.5
2025-08-13T14:30:00-07:00,48,81,0.5
2025-08-13T15:00:00-07:00,47,81,0.5
2025-08-13T15:30:00-07:00,48,81,0.8
2025-08-13T16:00:00-07:00,49,81,0.9
2025-08-13T16:30:00-07:00,49,81,1.1
2025-08-13T17:00:00-07:00,51,80,1.3
2025-08-13T17:30:00-07:00,52,79,1.5
2025-08-13T18:00:00-07:00,49,81,1.8
2025-08-13T18:30:00-07:00,47,82,1.3
2025-08-13T19:00:00-07:00,50,80,0.8
2025-08-13T19:30:00-07:00,58,74,0.5
2025-08-13T20:00:00-07:00,67,70,0.3
2025-08-13T20:30:00-07:00,70,69,0.1
2025-08-13T21:00:00-07:00,70,68,0.1
2025-08-13T21:30:00-07:00,70,68,0
2025-08-13T22:00:00-07:00,70,68,0
2025-08-13T22:30:00-07:00,71,68,0
2025-08-13T23:00:00-07:00,71,68,0
2025-08-13T23:30:00-07:00,70,69,0
2025-08-14T00:00:00-07:00,70,69,0
2025-08-14T00:30:00-07:00,71,69,0
2025-08-14T01:00:00-07:00,69,69,0
2025-08-14T01:30:00-07:00,69,68,0
2025-08-14T02:00:00-07:00,71,68,0
2025-08-14T02:30:00-07:00,72,68,0
2025-08-14T03:00:00-07:00,71,68,0
2025-08-14T03:30:00-07:00,71,68,0
2025-08-14T04:00:00-07:00,71,68,0
2025-08-14T04:30:00-07:00,70,68,0.1
2025-08-14T05:00:00-07:00,70,68,0.1
2025-08-14T05:30:00-07:00,70,68,0.1
2025-08-14T06:00:00-07:00,69,68,0
2025-08-14T06:30:00-07:00,68,68,0
2025-08-14T07:00:00-07:00,68,68,0.1
2025-08-14T07:30:00-07:00,67,68,0.1
2025-08-14T08:00:00-07:00,65,69,0.2
2025-08-14T08:30:00-07:00,64,70,0.3
2025-08-14T09:00:00-07:00,63,71,0.8
2025-08-14T09:30:00-07:00,62,72,1.6
2025-08-14T10:00:00-07:00,59,73,4.5
2025-08-14T10:30:00-07:00,54,76,5.4
2025-08-14T11:00:00-07:00,51,78,5.1
2025-08-14T11:30:00-07:00,47,81,4.9
2025-08-14T12:00:00-07:00,45,83,4.8
2025-08-14T12:30:00-07:00,44,83,3.9
2025-08-14T13:00:00-07:00,41,86,3.2
2025-08-14T13:30:00-07:00,40,86,2.5
2025-08-14T14:00:00-07:00,40,87,2.2
2025-08-14T14:30:00-07:00,40,87,2.6
2025-08-14T15:00:00-07:00,43,85,2.3
2025-08-14T15:30:00-07:00,45,82,2.1
2025-08-14T16:00:00-07:00,47,81,2.3
2025-08-14T16:30:00-07:00,50,79,3
2025-08-14T17:00:00-07:00,53,77,3.2
2025-08-14T17:30:00-07:00,52,77,3.2
2025-08-14T18:00:00-07:00,49,79,3.3
2025-08-14T18:30:00-07:00,46,80,3.6
2025-08-14T19:00:00-07:00,47,79,3.7
2025-08-14T19:30:00-07:00,54,74,4.1
2025-08-14T20:00:00-07:00,61,69,4.8
2025-08-14T20:30:00-07:00,66,68,5.7
2025-08-14T21:00:00-07:00,65,68,5.4
2025-08-14T21:30:00-07:00,64,69,5.6
2025-08-14T22:00:00-07:00,64,69,7
2025-08-14T22:30:00-07:00,64,68,5.8
2025-08-14T23:00:00-07:00,64,68,5.7
2025-08-14T23:30:00-07:00,64,68,6.1
2025-08-15T00:00:00-07:00,64,68,5.7
2025-08-15T00:30:00-07:00,64,68,5.5
2025-08-15T01:00:00-07:00,65,67,5.2
2025-08-15T01:30:00-07:00,64,67,5
2025-08-15T02:00:00-07:00,64,67,4.7
2025-08-15T02:30:00-07:00,64,67,4.6
2025-08-15T03:00:00-07:00,64,66,4.6
2025-08-15T03:30:00-07:00,64,66,4.5
2025-08-15T04:00:00-07:00,64,65,4.5
2025-08-15T04:30:00-07:00,65,65,4.5
2025-08-15T05:00:00-07:00,65,65,4.6
2025-08-15T05:30:00-07:00,65,65,4.6
2025-08-15T06:00:00-07:00,66,65,4.6
2025-08-15T06:30:00-07:00,66,65,5.4
2025-08-15T07:00:00-07:00,68,66,7.8
2025-08-15T07:30:00-07:00,69,67,8.6
2025-08-15T08:00:00-07:00,66,68,8.3
2025-08-15T08:30:00-07:00,64,69,8.2
2025-08-15T09:00:00-07:00,58,73,7.6
2025-08-15T09:30:00-07:00,54,75,6.7
2025-08-15T10:00:00-07:00,51,76,6.7
2025-08-15T10:30:00-07:00,47,79,6.1
2025-08-15T11:00:00-07:00,44,81,5.9
2025-08-15T11:30:00-07:00,42,83,5.2
2025-08-15T12:00:00-07:00,40,84,4.7
2025-08-15T12:30:00-07:00,39,86,4.4
2025-08-15T13:00:00-07:00,41,85,3.5
2025-08-15T13:30:00-07:00,42,85,3
2025-08-15T14:00:00-07:00,42,84,2.3
2025-08-15T14:30:00-07:00,43,84,1.7
2025-08-15T15:00:00-07:00,45,82,1.9
2025-08-15T15:30:00-07:00,47,80,1.5
2025-08-15T16:00:00-07:00,47,80,1.6
2025-08-15T16:30:00-07:00,48,80,2.2
2025-08-15T17:00:00-07:00,51,79,1.7
2025-08-15T17:30:00-07:00,50,79,1.7
2025-08-15T18:00:00-07:00,48,81,1.1
2025-08-15T18:30:00-07:00,49,81,1.1
2025-08-15T19:00:00-07:00,53,78,0.7
2025-08-15T19:30:00-07:00,61,73,0.4
2025-08-15T20:00:00-07:00,66,71,0.2
2025-08-15T20:30:00-07:00,69,70,0.1
2025-08-15T21:00:00-07:00,69,71,0
2025-08-15T21:30:00-07:00,68,71,0
2025-08-15T22:00:00-07:00,67,72,0
2025-08-15T22:30:00-07:00,68,71,0
2025-08-15T23:00:00-07:00,68,71,0
2025-08-15T23:30:00-07:00,68,71,0
2025-08-16T00:00:00-07:00,69,71,0
2025-08-16T00:30:00-07:00,69,71,0
2025-08-16T01:00:00-07:00,68,71,0.4
2025-08-16T01:30:00-07:00,70,70,0
2025-08-16T02:00:00-07:00,70,70,0
2025-08-16T02:30:00-07:00,69,70,0
2025-08-16T03:00:00-07:00,68,70,0
2025-08-16T03:30:00-07:00,68,70,0
2025-08-16T04:00:00-07:00,69,70,0
2025-08-16T04:30:00-07:00,69,71,0
2025-08-16T05:00:00-07:00,69,71,0
2025-08-16T05:30:00-07:00,69,71,0
2025-08-16T06:00:00-07:00,69,71,0
2025-08-16T06:30:00-07:00,69,71,0
2025-08-16T07:00:00-07:00,68,71,0
2025-08-16T07:30:00-07:00,67,72,0
2025-08-16T08:00:00-07:00,67,72,0
2025-08-16T08:30:00-07:00,68,72,0
2025-08-16T09:00:00-07:00,68,72,0
2025-08-16T09:30:00-07:00,67,72,0
2025-08-16T10:00:00-07:00,67,73,0
2025-08-16T10:30:00-07:00,68,73,0
2025-08-16T11:00:00-07:00,67,73,0.1
2025-08-16T11:30:00-07:00,67,73,0.2
2025-08-16T12:00:00-07:00,67,74,0.1
2025-08-16T12:30:00-07:00,65,75,0.1
2025-08-16T13:00:00-07:00,65,75,0.2
2025-08-16T13:30:00-07:00,64,76,0.3
2025-08-16T14:00:00-07:00,63,76,0.1
2025-08-16T14:30:00-07:00,63,77,0.1
2025-08-16T15:00:00-07:00,63,77,0.1
2025-08-16T15:30:00-07:00,61,79,0
2025-08-16T16:00:00-07:00,61,79,0.1
2025-08-16T16:30:00-07:00,59,80,0.1
2025-08-16T17:00:00-07:00,56,80,0
2025-08-16T17:30:00-07:00,53,81,0.1
2025-08-16T18:00:00-07:00,48,83,0.4
2025-08-16T18:30:00-07:00,46,84,0.1
2025-08-16T19:00:00-07:00,46,84,0.1
2025-08-16T19:30:00-07:00,54,78,0.1
2025-08-16T20:00:00-07:00,57,75,0.6
2025-08-16T20:30:00-07:00,59,73,4.1
2025-08-16T21:00:00-07:00,59,72,1.6
2025-08-16T21:30:00-07:00,60,72,1.7
2025-08-16T22:00:00-07:00,60,71,1.4
2025-08-16T22:30:00-07:00,62,70,1.5
2025-08-16T23:00:00-07:00,66,69,1.8
2025-08-16T23:30:00-07:00,67,69,2.4
2025-08-17T00:00:00-07:00,67,69,2.7
2025-08-17T00:30:00-07:00,67,69,2.9
2025-08-17T01:00:00-07:00,68,69,3
2025-08-17T01:30:00-07:00,68,69,3.2
2025-08-17T02:00:00-07:00,67,69,3.1
2025-08-17T02:30:00-07:00,66,69,3.1
2025-08-17T03:00:00-07:00,67,69,2.8
2025-08-17T03:30:00-07:00,67,68,2.8
2025-08-17T04:00:00-07:00,66,68,2.2
2025-08-17T04:30:00-07:00,66,68,2.7
2025-08-17T05:00:00-07:00,67,68,2.5
2025-08-17T05:30:00-07:00,69,68,2.6
2025-08-17T06:00:00-07:00,69,68,2.5
2025-08-17T06:30:00-07:00,69,68,2.1
2025-08-17T07:00:00-07:00,67,68,1.6
2025-08-17T07:30:00-07:00,65,69,1.6
2025-08-17T08:00:00-07:00,64,70,1.8
2025-08-17T08:30:00-07:00,61,71,1.8
2025-08-17T09:00:00-07:00,59,72,1.8
2025-08-17T09:30:00-07:00,56,73,2
2025-08-17T10:00:00-07:00,54,75,2.4
2025-08-17T10:30:00-07:00,54,75,3
2025-08-17T11:00:00-07:00,53,76,3.2
2025-08-17T11:30:00-07:00,50,77,3.1
2025-08-17T12:00:00-07:00,47,78,2.6
2025-08-17T12:30:00-07:00,48,78,2.6
2025-08-17T13:00:00-07:00,46,78,2.5
2025-08-17T13:30:00-07:00,45,79,2.3
2025-08-17T14:00:00-07:00,46,80,2.5
2025-08-17T14:30:00-07:00,47,79,2.5
2025-08-17T15:00:00-07:00,48,78,2.1
2025-08-17T15:30:00-07:00,47,78,1.7
2025-08-17T16:00:00-07:00,47,78,2.2
2025-08-17T16:30:00-07:00,46,78,1.7
2025-08-17T17:00:00-07:00,47,78,1.8
2025-08-17T17:30:00-07:00,49,77,2.7
2025-08-17T18:00:00-07:00,47,79,2.7
2025-08-17T18:30:00-07:00,46,80,2.5
2025-08-17T19:00:00-07:00,48,79,2.1
2025-08-17T19:30:00-07:00,54,73,1.5
2025-08-17T20:00:00-07:00,59,71,1.8
2025-08-17T20:30:00-07:00,59,71,1.8
2025-08-17T21:00:00-07:00,59,71,1.6
2025-08-17T21:30:00-07:00,62,71,1.9
2025-08-17T22:00:00-07:00,65,70,2.2
2025-08-17T22:30:00-07:00,66,69,2.5
2025-08-17T23:00:00-07:00,66,69,2.9
2025-08-17T23:30:00-07:00,66,69,2.8
2025-08-18T00:00:00-07:00,66,69,2.9
2025-08-18T00:30:00-07:00,66,69,2.8
2025-08-18T01:00:00-07:00,66,69,2.8
2025-08-18T01:30:00-07:00,66,68,2.6
2025-08-18T02:00:00-07:00,66,68,2.5
2025-08-18T02:30:00-07:00,66,68,2.4
2025-08-18T03:00:00-07:00,67,68,2.2
2025-08-18T03:30:00-07:00,69,67,2.3
2025-08-18T04:00:00-07:00,67,68,2.3
2025-08-18T04:30:00-07:00,66,67,2.4
2025-08-18T05:00:00-07:00,67,67,2.7
2025-08-18T05:30:00-07:00,65,67,2.9
2025-08-18T06:00:00-07:00,65,67,2.8
2025-08-18T06:30:00-07:00,66,67,3.1
2025-08-18T07:00:00-07:00,65,68,3.1
2025-08-18T07:30:00-07:00,64,68,3.2
2025-08-18T08:00:00-07:00,62,69,3.1
2025-08-18T08:30:00-07:00,60,70,3.5
2025-08-18T09:00:00-07:00,54,72,3
2025-08-18T09:30:00-07:00,49,75,2.7
2025-08-18T10:00:00-07:00,46,76,2.7
2025-08-18T10:30:00-07:00,43,78,2.5
2025-08-18T11:00:00-07:00,39,80,1.7
2025-08-18T11:30:00-07:00,38,80,1.5
2025-08-18T12:00:00-07:00,36,81,1.5
2025-08-18T12:30:00-07:00,34,83,1.4
2025-08-18T13:00:00-07:00,34,83,1.5
2025-08-18T13:30:00-07:00,34,84,1.5
2025-08-18T14:00:00-07:00,34,84,1.6
2025-08-18T14:30:00-07:00,35,85,1.8
2025-08-18T15:00:00-07:00,36,83,1.7
2025-08-18T15:30:00-07:00,36,82,1.3
2025-08-18T16:00:00-07:00,36,82,1.5
2025-08-18T16:30:00-07:00,37,81,1.2
2025-08-18T17:00:00-07:00,37,81,1.2
2025-08-18T17:30:00-07:00,37,81,1.4
2025-08-18T18:00:00-07:00,36,83,1.6
2025-08-18T18:30:00-07:00,35,83,1.8
2025-08-18T19:00:00-07:00,37,81,1.9
2025-08-18T19:30:00-07:00,45,75,2.2
2025-08-18T20:00:00-07:00,50,72,2.3
2025-08-18T20:30:00-07:00,52,71,2.5
2025-08-18T21:00:00-07:00,55,70,2.5
2025-08-18T21:30:00-07:00,57,70,2.7
2025-08-18T22:00:00-07:00,58,70,2.9
2025-08-18T22:30:00-07:00,57,70,2.7
2025-08-18T23:00:00-07:00,56,70,2.6
2025-08-18T23:30:00-07:00,55,69,2.6
2025-08-19T00:00:00-07:00,55,69,2.5
2025-08-19T00:30:00-07:00,56,69,2.5
2025-08-19T01:00:00-07:00,56,68,2.5
2025-08-19T01:30:00-07:00,57,67,2.7
2025-08-19T02:00:00-07:00,60,66,3.2
2025-08-19T02:30:00-07:00,61,66,3.4
2025-08-19T03:00:00-07:00,61,65,3.5
2025-08-19T03:30:00-07:00,62,65,3.5
2025-08-19T04:00:00-07:00,63,64,3.6
2025-08-19T04:30:00-07:00,64,64,3.8
2025-08-19T05:00:00-07:00,64,63,3.7
2025-08-19T05:30:00-07:00,64,63,3.5
2025-08-19T06:00:00-07:00,64,62,3.5
2025-08-19T06:30:00-07:00,64,62,3.5
2025-08-19T07:00:00-07:00,65,63,3.6
2025-08-19T07:30:00-07:00,65,65,4
2025-08-19T08:00:00-07:00,65,67,4.1
2025-08-19T08:30:00-07:00,62,69,3.6
2025-08-19T09:00:00-07:00,56,72,3.2
2025-08-19T09:30:00-07:00,50,74,3.1
2025-08-19T10:00:00-07:00,47,76,3
2025-08-19T10:30:00-07:00,43,79,3
2025-08-19T11:00:00-07:00,42,79,3
2025-08-19T11:30:00-07:00,41,81,3.2
2025-08-19T12:00:00-07:00,41,82,3.2
2025-08-19T12:30:00-07:00,40,83,3.2
2025-08-19T13:00:00-07:00,37,84,3
2025-08-19T13:30:00-07:00,37,85,3
2025-08-19T14:00:00-07:00,37,84,2.9
2025-08-19T14:30:00-07:00,37,84,2.7
2025-08-19T15:00:00-07:00,39,82,2.9
2025-08-19T15:30:00-07:00,40,81,2.9
2025-08-19T16:00:00-07:00,39,79,2.3
2025-08-19T16:30:00-07:00,42,78,2.4
2025-08-19T17:00:00-07:00,44,78,2.6
2025-08-19T17:30:00-07:00,47,78,2.6
2025-08-19T18:00:00-07:00,46,80,2.8
2025-08-19T18:30:00-07:00,46,80,3.1
2025-08-19T19:00:00-07:00,48,78,3.2
2025-08-19T19:30:00-07:00,56,73,3.6
2025-08-19T20:00:00-07:00,61,71,3.9
2025-08-19T20:30:00-07:00,63,70,4.2
2025-08-19T21:00:00-07:00,61,70,3.9
2025-08-19T21:30:00-07:00,60,71,4
2025-08-19T22:00:00-07:00,61,70,4.3
2025-08-19T22:30:00-07:00,62,70,4.6
2025-08-19T23:00:00-07:00,62,69,4.8
2025-08-19T23:30:00-07:00,63,69,4.7
2025-08-20T00:00:00-07:00,63,68,4.7
2025-08-20T00:30:00-07:00,63,68,4.7
2025-08-20T01:00:00-07:00,64,67,4.9
2025-08-20T01:30:00-07:00,65,67,5.1
2025-08-20T02:00:00-07:00,64,66,5.2
2025-08-20T02:30:00-07:00,64,66,5.4
2025-08-20T03:00:00-07:00,64,65,5.2
2025-08-20T03:30:00-07:00,65,65,5.1
2025-08-20T04:00:00-07:00,65,65,4.6
2025-08-20T04:30:00-07:00,66,64,4.7
2025-08-20T05:00:00-07:00,66,64,4.4
2025-08-20T05:30:00-07:00,66,63,4.3
2025-08-20T06:00:00-07:00,66,63,4.3
2025-08-20T06:30:00-07:00,67,63,4.4
2025-08-20T07:00:00-07:00,67,64,4.9
2025-08-20T07:30:00-07:00,66,66,5.1
2025-08-20T08:00:00-07:00,64,68,5.9
2025-08-20T08:30:00-07:00,62,70,5.7
2025-08-20T09:00:00-07:00,57,73,5.4
2025-08-20T09:30:00-07:00,52,76,5.1
2025-08-20T10:00:00-07:00,47,79,5
2025-08-20T10:30:00-07:00,43,81,6.8
2025-08-20T11:00:00-07:00,41,84,6.5
2025-08-20T11:30:00-07:00,40,86,5.8
2025-08-20T12:00:00-07:00,37,87,4.5
2025-08-20T12:30:00-07:00,32,89,3.2
2025-08-20T13:00:00-07:00,31,91,3.4
2025-08-20T13:30:00-07:00,31,92,3.8
2025-08-20T14:00:00-07:00,30,94,3.6
2025-08-20T14:30:00-07:00,27,95,4
2025-08-20T15:00:00-07:00,27,94,4.5
2025-08-20T15:30:00-07:00,28,94,4.5
2025-08-20T16:00:00-07:00,30,94,4.9
2025-08-20T16:30:00-07:00,33,92,5.1
2025-08-20T17:00:00-07:00,35,89,4.9
2025-08-20T17:30:00-07:00,41,85,5.7
2025-08-20T18:00:00-07:00,37,89,5
2025-08-20T18:30:00-07:00,35,91,4.8
2025-08-20T19:00:00-07:00,37,88,4.8
2025-08-20T19:30:00-07:00,47,80,5.3
2025-08-20T20:00:00-07:00,53,77,5.4
2025-08-20T20:30:00-07:00,55,76,6
2025-08-20T21:00:00-07:00,58,74,7
2025-08-20T21:30:00-07:00,60,73,7.8
2025-08-20T22:00:00-07:00,61,73,8.2
2025-08-20T22:30:00-07:00,61,73,8.8
2025-08-20T23:00:00-07:00,62,72,9.3
2025-08-20T23:30:00-07:00,63,71,9.1
2025-08-21T00:00:00-07:00,62,71,9.2
2025-08-21T00:30:00-07:00,63,71,9.7
2025-08-21T01:00:00-07:00,63,70,9
2025-08-21T01:30:00-07:00,64,69,9
2025-08-21T02:00:00-07:00,63,69,9.1
2025-08-21T02:30:00-07:00,64,68,9.2
2025-08-21T03:00:00-07:00,64,68,9
2025-08-21T03:30:00-07:00,65,67,9.3
2025-08-21T04:00:00-07:00,65,67,8.9
2025-08-21T04:30:00-07:00,65,66,9
2025-08-21T05:00:00-07:00,65,66,8.4
2025-08-21T05:30:00-07:00,65,66,8.3
2025-08-21T06:00:00-07:00,66,65,8.3
2025-08-21T06:30:00-07:00,66,65,8
2025-08-21T07:00:00-07:00,67,66,9.3
2025-08-21T07:30:00-07:00,67,68,9.5
2025-08-21T08:00:00-07:00,67,70,10.1
2025-08-21T08:30:00-07:00,64,73,9.3
2025-08-21T09:00:00-07:00,57,77,8.7
2025-08-21T09:30:00-07:00,51,80,8.4
2025-08-21T10:00:00-07:00,47,83,8
2025-08-21T10:30:00-07:00,43,86,7.1
2025-08-21T11:00:00-07:00,39,88,6.5
2025-08-21T11:30:00-07:00,36,90,6.4
2025-08-21T12:00:00-07:00,34,92,5.3
2025-08-21T12:30:00-07:00,29,94,3.4
2025-08-21T13:00:00-07:00,27,95,3.7
2025-08-21T13:30:00-07:00,27,96,6
2025-08-21T14:00:00-07:00,27,96,6.6
2025-08-21T14:30:00-07:00,27,97,5.7
2025-08-21T15:00:00-07:00,26,97,5.1
2025-08-21T15:30:00-07:00,28,96,5.8
2025-08-21T16:00:00-07:00,30,95,6.1
2025-08-21T16:30:00-07:00,35,92,6.9
2025-08-21T17:00:00-07:00,39,89,7.8
2025-08-21T17:30:00-07:00,40,86,7.9
2025-08-21T18:00:00-07:00,40,86,8
2025-08-21T18:30:00-07:00,40,86,8
2025-08-21T19:00:00-07:00,45,82,8.3
2025-08-21T19:30:00-07:00,52,76,8.9
2025-08-21T20:00:00-07:00,55,75,9.2
2025-08-21T20:30:00-07:00,57,73,9.4
2025-08-21T21:00:00-07:00,60,72,9.7
2025-08-21T21:30:00-07:00,61,72,9.6
2025-08-21T22:00:00-07:00,62,71,10
2025-08-21T22:30:00-07:00,64,70,10.7
2025-08-21T23:00:00-07:00,65,69,11.1
2025-08-21T23:30:00-07:00,66,68,10.7
2025-08-22T00:00:00-07:00,68,67,10.8
2025-08-22T00:30:00-07:00,69,67,10.9
2025-08-22T01:00:00-07:00,69,67,10.8
2025-08-22T01:30:00-07:00,71,66,10.3
2025-08-22T02:00:00-07:00,72,66,10.5
2025-08-22T02:30:00-07:00,72,66,10.1
2025-08-22T03:00:00-07:00,73,65,9.8
2025-08-22T03:30:00-07:00,74,65,9.7
2025-08-22T04:00:00-07:00,75,64,8.7
2025-08-22T04:30:00-07:00,75,65,7.8
2025-08-22T05:00:00-07:00,76,64,6.9
2025-08-22T05:30:00-07:00,76,64,6.6
2025-08-22T06:00:00-07:00,76,64,6.7
2025-08-22T06:30:00-07:00,76,64,7
2025-08-22T07:00:00-07:00,75,65,6.3
2025-08-22T07:30:00-07:00,74,65,6.1
2025-08-22T08:00:00-07:00,73,66,7.3
2025-08-22T08:30:00-07:00,70,68,8.1
2025-08-22T09:00:00-07:00,66,69,8.2
2025-08-22T09:30:00-07:00,63,70,7.4
2025-08-22T10:00:00-07:00,60,72,6.5
2025-08-22T10:30:00-07:00,57,75,7.5
2025-08-22T11:00:00-07:00,52,77,7.9
2025-08-22T11:30:00-07:00,49,79,8.4
2025-08-22T12:00:00-07:00,47,81,8.5
2025-08-22T12:30:00-07:00,45,83,8
2025-08-22T13:00:00-07:00,44,84,8
2025-08-22T13:30:00-07:00,43,85,6.3
2025-08-22T14:00:00-07:00,41,86,5.4
2025-08-22T14:30:00-07:00,39,87,5.5
2025-08-22T15:00:00-07:00,38,88,5.6
2025-08-22T15:30:00-07:00,38,87,5.9
2025-08-22T16:00:00-07:00,38,87,6.4
2025-08-22T16:30:00-07:00,40,86,6.5
2025-08-22T17:00:00-07:00,41,85,6.1
2025-08-22T17:30:00-07:00,41,86,6.6
2025-08-22T18:00:00-07:00,38,88,6.2
2025-08-22T18:30:00-07:00,46,80,6.5
2025-08-22T19:00:00-07:00,52,77,7.1
2025-08-22T19:30:00-07:00,57,74,7.8
2025-08-22T20:00:00-07:00,59,73,8.1
2025-08-22T20:30:00-07:00,60,72,7.8
2025-08-22T21:00:00-07:00,61,71,7.9
2025-08-22T21:30:00-07:00,62,71,8.3
2025-08-22T22:00:00-07:00,64,70,9.7
2025-08-22T22:30:00-07:00,65,69,9.3
2025-08-22T23:00:00-07:00,65,69,9.9
2025-08-22T23:30:00-07:00,66,69,11
2025-08-23T00:00:00-07:00,66,68,11.5
2025-08-23T00:30:00-07:00,67,68,10.3
2025-08-23T01:00:00-07:00,68,67,8.8
2025-08-23T01:30:00-07:00,69,67,11.1
2025-08-23T02:00:00-07:00,70,66,10.8
2025-08-23T02:30:00-07:00,71,65,9.3
2025-08-23T03:00:00-07:00,72,65,10.3
2025-08-23T03:30:00-07:00,73,64,19.3
2025-08-23T04:00:00-07:00,73,65,11
2025-08-23T04:30:00-07:00,73,65,10.1
2025-08-23T05:00:00-07:00,72,65,9.5
2025-08-23T05:30:00-07:00,71,66,9.1
2025-08-23T06:00:00-07:00,71,66,9.2
2025-08-23T06:30:00-07:00,71,65,9.5
2025-08-23T07:00:00-07:00,71,66,8.8
2025-08-23T07:30:00-07:00,69,67,6.5
2025-08-23T08:00:00-07:00,67,68,5.1
2025-08-23T08:30:00-07:00,66,69,4.5
2025-08-23T09:00:00-07:00,62,72,5.3
2025-08-23T09:30:00-07:00,59,73,5.6
2025-08-23T10:00:00-07:00,56,75,5.3
2025-08-23T10:30:00-07:00,53,77,4.8
2025-08-23T11:00:00-07:00,49,79,3.8
2025-08-23T11:30:00-07:00,48,80,4.7
2025-08-23T12:00:00-07:00,47,81,5.6
2025-08-23T12:30:00-07:00,46,82,3.7
2025-08-23T13:00:00-07:00,46,82,3.7
2025-08-23T13:30:00-07:00,45,82,2.6
2025-08-23T14:00:00-07:00,45,82,2.8
2025-08-23T14:30:00-07:00,46,81,3
2025-08-23T15:00:00-07:00,46,82,3.6
2025-08-23T15:30:00-07:00,48,81,3.9
2025-08-23T16:00:00-07:00,51,80,4.9
2025-08-23T16:30:00-07:00,52,79,5.6
2025-08-23T17:00:00-07:00,51,79,5.6
2025-08-23T17:30:00-07:00,49,80,5.6
2025-08-23T18:00:00-07:00,46,82,5.7
2025-08-23T18:30:00-07:00,48,80,5.7
2025-08-23T19:00:00-07:00,53,77,6.2
2025-08-23T19:30:00-07:00,61,73,6.7
2025-08-23T20:00:00-07:00,66,70,7.6
2025-08-23T20:30:00-07:00,69,69,8.2
2025-08-23T21:00:00-07:00,71,69,8.3
2025-08-23T21:30:00-07:00,71,69,7.6
2025-08-23T22:00:00-07:00,71,69,7
2025-08-23T22:30:00-07:00,71,69,7.2
2025-08-23T23:00:00-07:00,71,69,7.2
2025-08-23T23:30:00-07:00,72,69,7.1
2025-08-24T00:00:00-07:00,71,69,6.9
2025-08-24T00:30:00-07:00,71,69,7.6
2025-08-24T01:00:00-07:00,71,69,6.5
2025-08-24T01:30:00-07:00,72,68,5.6
2025-08-24T02:00:00-07:00,73,68,5.9
2025-08-24T02:30:00-07:00,73,68,5.6
2025-08-24T03:00:00-07:00,73,67,3.8
2025-08-24T03:30:00-07:00,72,68,2.4
2025-08-24T04:00:00-07:00,72,68,1.9
2025-08-24T04:30:00-07:00,71,68,2.2
2025-08-24T05:00:00-07:00,71,68,2.2
2025-08-24T05:30:00-07:00,71,68,2.9
2025-08-24T06:00:00-07:00,71,68,3.9
2025-08-24T06:30:00-07:00,72,68,4.2
2025-08-24T07:00:00-07:00,72,68,4.2
2025-08-24T07:30:00-07:00,71,68,4.9
2025-08-24T08:00:00-07:00,70,68,4.5
2025-08-24T08:30:00-07:00,70,68,4.6
2025-08-24T09:00:00-07:00,68,69,4.7
2025-08-24T09:30:00-07:00,65,70,4.6
2025-08-24T10:00:00-07:00,63,71,3.6
2025-08-24T10:30:00-07:00,61,73,4.8
2025-08-24T11:00:00-07:00,58,74,5.8
2025-08-24T11:30:00-07:00,55,76,6.1
2025-08-24T12:00:00-07:00,53,77,5.2
2025-08-24T12:30:00-07:00,51,78,4
2025-08-24T13:00:00-07:00,49,81,3
2025-08-24T13:30:00-07:00,48,81,2.7
2025-08-24T14:00:00-07:00,48,81,2.7
2025-08-24T14:30:00-07:00,47,81,2.8
2025-08-24T15:00:00-07:00,48,80,2.8
2025-08-24T15:30:00-07:00,49,80,3.2
2025-08-24T16:00:00-07:00,50,78,3.7
2025-08-24T16:30:00-07:00,52,78,3.5
2025-08-24T17:00:00-07:00,53,77,3.9
2025-08-24T17:30:00-07:00,53,77,4.6
2025-08-24T18:00:00-07:00,50,79,5.1
2025-08-24T18:30:00-07:00,51,78,5
2025-08-24T19:00:00-07:00,56,74,5.2
2025-08-24T19:30:00-07:00,65,70,5.5
2025-08-24T20:00:00-07:00,68,69,5.6
2025-08-24T20:30:00-07:00,69,69,5.8
2025-08-24T21:00:00-07:00,69,69,5.7
2025-08-24T21:30:00-07:00,70,68,5.9
2025-08-24T22:00:00-07:00,70,68,5.8
2025-08-24T22:30:00-07:00,71,68,5.8
2025-08-24T23:00:00-07:00,71,68,5.8
2025-08-24T23:30:00-07:00,71,68,5.6
2025-08-25T00:00:00-07:00,71,68,5.7
2025-08-25T00:30:00-07:00,71,68,5.4
2025-08-25T01:00:00-07:00,71,68,5.5
2025-08-25T01:30:00-07:00,71,68,5.9
2025-08-25T02:00:00-07:00,71,68,6.5
2025-08-25T02:30:00-07:00,71,68,6.7
2025-08-25T03:00:00-07:00,71,68,7.5
2025-08-25T03:30:00-07:00,70,68,7.8
2025-08-25T04:00:00-07:00,70,68,6.9
2025-08-25T04:30:00-07:00,69,68,6.3
2025-08-25T05:00:00-07:00,69,68,6.7
2025-08-25T05:30:00-07:00,69,68,7
2025-08-25T06:00:00-07:00,68,68,6.7
2025-08-25T06:30:00-07:00,67,69,7.3
2025-08-25T07:00:00-07:00,66,70,7.4
2025-08-25T07:30:00-07:00,66,70,7.6
2025-08-25T08:00:00-07:00,66,70,8.9
2025-08-25T08:30:00-07:00,66,70,9.5
2025-08-25T09:00:00-07:00,65,71,9.8
2025-08-25T09:30:00-07:00,62,72,9.6
2025-08-25T10:00:00-07:00,57,75,9.1
2025-08-25T10:30:00-07:00,54,77,8.9
2025-08-25T11:00:00-07:00,50,79,9
2025-08-25T11:30:00-07:00,48,81,9.6
2025-08-25T12:00:00-07:00,46,83,10.4
2025-08-25T12:30:00-07:00,45,84,10.8
2025-08-25T13:00:00-07:00,45,85,11.3
2025-08-25T13:30:00-07:00,44,85,8.5
2025-08-25T14:00:00-07:00,45,83,4.2
2025-08-25T14:30:00-07:00,46,82,2.3
2025-08-25T15:00:00-07:00,47,82,2.6
2025-08-25T15:30:00-07:00,46,82,2.7
2025-08-25T16:00:00-07:00,47,81,3.4
2025-08-25T16:30:00-07:00,48,81,4.2
2025-08-25T17:00:00-07:00,48,81,4.5
2025-08-25T17:30:00-07:00,48,81,4.9
2025-08-25T18:00:00-07:00,46,82,5.2
2025-08-25T18:30:00-07:00,51,78,5.3
2025-08-25T19:00:00-07:00,57,75,5.7
2025-08-25T19:30:00-07:00,62,72,5.9
2025-08-25T20:00:00-07:00,64,71,6.3
2025-08-25T20:30:00-07:00,65,70,6.4
2025-08-25T21:00:00-07:00,65,70,6.8
2025-08-25T21:30:00-07:00,65,70,6.7
2025-08-25T22:00:00-07:00,66,70,6.9
2025-08-25T22:30:00-07:00,66,70,7
2025-08-25T23:00:00-07:00,66,70,7.5
2025-08-25T23:30:00-07:00,66,70,7.3
2025-08-26T00:00:00-07:00,66,70,7.4
2025-08-26T00:30:00-07:00,66,70,7.3
2025-08-26T01:00:00-07:00,66,70,8.1
2025-08-26T01:30:00-07:00,68,69,8.8
2025-08-26T02:00:00-07:00,68,69,8.5
2025-08-26T02:30:00-07:00,66,69,8.7
2025-08-26T03:00:00-07:00,66,69,8.5
2025-08-26T03:30:00-07:00,66,69,9
2025-08-26T04:00:00-07:00,67,68,9.1
2025-08-26T04:30:00-07:00,69,68,9.3
2025-08-26T05:00:00-07:00,68,68,9.6
2025-08-26T05:30:00-07:00,67,68,9.7
2025-08-26T06:00:00-07:00,67,68,9.9
2025-08-26T06:30:00-07:00,68,68,10.8
2025-08-26T07:00:00-07:00,68,68,11.6
2025-08-26T07:30:00-07:00,69,70,12.2
2025-08-26T08:00:00-07:00,68,71,14.1
2025-08-26T08:30:00-07:00,66,72,14.1
2025-08-26T09:00:00-07:00,63,73,13.1
2025-08-26T09:30:00-07:00,61,74,11.6
2025-08-26T10:00:00-07:00,57,76,12
2025-08-26T10:30:00-07:00,56,77,12.3
2025-08-26T11:00:00-07:00,53,79,11.7
2025-08-26T11:30:00-07:00,51,80,12.8
2025-08-26T12:00:00-07:00,49,81,12.3
2025-08-26T12:30:00-07:00,46,83,11.8
2025-08-26T13:00:00-07:00,43,85,11.3
2025-08-26T13:30:00-07:00,42,85,9.8
2025-08-26T14:00:00-07:00,43,84,9.5
2025-08-26T14:30:00-07:00,43,84,9.8
2025-08-26T15:00:00-07:00,42,85,9.7
2025-08-26T15:30:00-07:00,41,85,9.1
2025-08-26T16:00:00-07:00,41,85,8.1
2025-08-26T16:30:00-07:00,43,83,7.5
2025-08-26T17:00:00-07:00,43,82,7
2025-08-26T17:30:00-07:00,42,82,6.5
2025-08-26T18:00:00-07:00,41,83,6.6
2025-08-26T18:30:00-07:00,44,81,6.6
2025-08-26T19:00:00-07:00,49,77,7.1
2025-08-26T19:30:00-07:00,56,73,7.6
2025-08-26T20:00:00-07:00,59,71,7.9
2025-08-26T20:30:00-07:00,61,71,8.5
2025-08-26T21:00:00-07:00,64,70,8.7
2025-08-26T21:30:00-07:00,65,69,8.7
2025-08-26T22:00:00-07:00,65,69,8.9
2025-08-26T22:30:00-07:00,65,69,8.7
2025-08-26T23:00:00-07:00,64,69,8.8
2025-08-26T23:30:00-07:00,64,70,8.9
2025-08-27T00:00:00-07:00,63,70,9.2
2025-08-27T00:30:00-07:00,62,70,8.5
2025-08-27T01:00:00-07:00,61,70,8.8
2025-08-27T01:30:00-07:00,61,69,9.1
2025-08-27T02:00:00-07:00,62,69,9.5
2025-08-27T02:30:00-07:00,63,68,9
2025-08-27T03:00:00-07:00,62,68,9.4
2025-08-27T03:30:00-07:00,64,68,9.8
2025-08-27T04:00:00-07:00,66,67,10.5
2025-08-27T04:30:00-07:00,65,67,10.3
2025-08-27T05:00:00-07:00,66,67,10
2025-08-27T05:30:00-07:00,68,67,10
2025-08-27T06:00:00-07:00,69,67,10.2
2025-08-27T06:30:00-07:00,70,67,10.5
2025-08-27T07:00:00-07:00,70,67,11.4
2025-08-27T07:30:00-07:00,69,68,11.2
2025-08-27T08:00:00-07:00,68,69,11
2025-08-27T08:30:00-07:00,64,71,11.3
2025-08-27T09:00:00-07:00,61,73,10.9
2025-08-27T09:30:00-07:00,58,75,11.3
2025-08-27T10:00:00-07:00,56,76,11.7
2025-08-27T10:30:00-07:00,53,78,11.3
2025-08-27T11:00:00-07:00,51,79,11.2
2025-08-27T11:30:00-07:00,49,80,10.7
2025-08-27T12:00:00-07:00,46,82,10
2025-08-27T12:30:00-07:00,43,84,10.2
2025-08-27T13:00:00-07:00,43,84,10.2
2025-08-27T13:30:00-07:00,42,85,10.3
2025-08-27T14:00:00-07:00,41,86,10.7
2025-08-27T14:30:00-07:00,41,85,10.7
2025-08-27T15:00:00-07:00,43,84,10.3
2025-08-27T15:30:00-07:00,43,83,9.7
2025-08-27T16:00:00-07:00,44,82,9.2
2025-08-27T16:30:00-07:00,44,81,9
2025-08-27T17:00:00-07:00,44,82,8.9
2025-08-27T17:30:00-07:00,43,82,8.6
2025-08-27T18:00:00-07:00,40,84,8.1
2025-08-27T18:30:00-07:00,40,84,7.9
2025-08-27T19:00:00-07:00,43,81,7.8
2025-08-27T19:30:00-07:00,51,75,8.2
2025-08-27T20:00:00-07:00,54,73,8.5
2025-08-27T20:30:00-07:00,56,72,8.8
2025-08-27T21:00:00-07:00,58,72,9
2025-08-27T21:30:00-07:00,60,71,9.1
2025-08-27T22:00:00-07:00,60,70,9.3
2025-08-27T22:30:00-07:00,60,70,9.6
2025-08-27T23:00:00-07:00,61,70,9.6
2025-08-27T23:30:00-07:00,62,69,9.6
2025-08-28T00:00:00-07:00,63,69,9.5
2025-08-28T00:30:00-07:00,65,69,8.6
2025-08-28T01:00:00-07:00,65,68,9.1
2025-08-28T01:30:00-07:00,64,68,10.3
2025-08-28T02:00:00-07:00,64,68,10.4
2025-08-28T02:30:00-07:00,65,67,10.2
2025-08-28T03:00:00-07:00,65,67,9.8
2025-08-28T03:30:00-07:00,65,67,9.4
2025-08-28T04:00:00-07:00,65,66,9.4
2025-08-28T04:30:00-07:00,65,66,9.2
2025-08-28T05:00:00-07:00,66,65,9.4
2025-08-28T05:30:00-07:00,66,65,9.4
2025-08-28T06:00:00-07:00,66,64,9
2025-08-28T06:30:00-07:00,67,64,9.1
2025-08-28T07:00:00-07:00,67,64,9.3
2025-08-28T07:30:00-07:00,68,67,9.4
2025-08-28T08:00:00-07:00,66,69,10.2
2025-08-28T08:30:00-07:00,64,70,9
2025-08-28T09:00:00-07:00,62,71,9.1
2025-08-28T09:30:00-07:00,58,73,9
2025-08-28T10:00:00-07:00,56,74,10.4
2025-08-28T10:30:00-07:00,55,75,11.8
2025-08-28T11:00:00-07:00,53,76,11.8
2025-08-28T11:30:00-07:00,51,77,10.4
2025-08-28T12:00:00-07:00,48,79,8.1
2025-08-28T12:30:00-07:00,44,81,8.2
2025-08-28T13:00:00-07:00,42,83,8
2025-08-28T13:30:00-07:00,40,85,7.8
2025-08-28T14:00:00-07:00,38,87,7.1
2025-08-28T14:30:00-07:00,36,87,6.7
2025-08-28T15:00:00-07:00,36,88,6
2025-08-28T15:30:00-07:00,36,88,5.6
2025-08-28T16:00:00-07:00,38,87,4.9
2025-08-28T16:30:00-07:00,43,84,3.4
2025-08-28T17:00:00-07:00,46,81,2.6
2025-08-28T17:30:00-07:00,48,80,2.3
2025-08-28T18:00:00-07:00,47,80,2.7
2025-08-28T18:30:00-07:00,48,79,2.7
2025-08-28T19:00:00-07:00,52,75,2.5
2025-08-28T19:30:00-07:00,59,71,3.7
2025-08-28T20:00:00-07:00,61,70,4.4
2025-08-28T20:30:00-07:00,64,69,5
2025-08-28T21:00:00-07:00,64,70,5.4
2025-08-28T21:30:00-07:00,64,69,5.3
2025-08-28T22:00:00-07:00,65,69,5.1
2025-08-28T22:30:00-07:00,66,69,5
2025-08-28T23:00:00-07:00,66,69,4.6
2025-08-28T23:30:00-07:00,67,68,5.2
2025-08-29T00:00:00-07:00,67,68,4.6
2025-08-29T00:30:00-07:00,67,68,4.4
2025-08-29T01:00:00-07:00,67,68,4.2
2025-08-29T01:30:00-07:00,67,68,3.8
2025-08-29T02:00:00-07:00,67,68,4
2025-08-29T02:30:00-07:00,66,67,4.8
2025-08-29T03:00:00-07:00,65,67,5.1
2025-08-29T03:30:00-07:00,65,66,5
2025-08-29T04:00:00-07:00,65,67,5
2025-08-29T04:30:00-07:00,67,67,5
2025-08-29T05:00:00-07:00,71,66,5.1
2025-08-29T05:30:00-07:00,71,66,5.4
2025-08-29T06:00:00-07:00,69,67,5.9
2025-08-29T06:30:00-07:00,68,67,6.7
2025-08-29T07:00:00-07:00,69,67,7.6
2025-08-29T07:30:00-07:00,68,68,8.4
2025-08-29T08:00:00-07:00,67,68,8.6
2025-08-29T08:30:00-07:00,66,69,9.1
2025-08-29T09:00:00-07:00,64,70,8.7
2025-08-29T09:30:00-07:00,62,71,7.7
2025-08-29T10:00:00-07:00,60,72,8.1
2025-08-29T10:30:00-07:00,56,74,7.8
2025-08-29T11:00:00-07:00,55,75,7.8
2025-08-29T11:30:00-07:00,53,76,7.9
2025-08-29T12:00:00-07:00,51,77,7.4
2025-08-29T12:30:00-07:00,49,79,7.5
2025-08-29T13:00:00-07:00,48,80,7.4
2025-08-29T13:30:00-07:00,45,82,7
2025-08-29T14:00:00-07:00,45,82,6
2025-08-29T14:30:00-07:00,43,83,5.8
2025-08-29T15:00:00-07:00,43,83,5.7
2025-08-29T15:30:00-07:00,43,83,5.6
2025-08-29T16:00:00-07:00,44,82,5.1
2025-08-29T16:30:00-07:00,44,82,4.9
2025-08-29T17:00:00-07:00,45,81,5
2025-08-29T17:30:00-07:00,45,82,5
2025-08-29T18:00:00-07:00,45,83,5.1
2025-08-29T18:30:00-07:00,45,82,5.2
2025-08-29T19:00:00-07:00,51,78,5.4
2025-08-29T19:30:00-07:00,60,73,5.8
2025-08-29T20:00:00-07:00,63,71,6
2025-08-29T20:30:00-07:00,64,71,6.2
2025-08-29T21:00:00-07:00,65,70,6.2
2025-08-29T21:30:00-07:00,66,69,6.7
2025-08-29T22:00:00-07:00,67,69,6.8
2025-08-29T22:30:00-07:00,68,68,6.4
2025-08-29T23:00:00-07:00,68,68,6.5
2025-08-29T23:30:00-07:00,68,68,6.7
2025-08-30T00:00:00-07:00,68,68,6.7
2025-08-30T00:30:00-07:00,69,68,6.8
2025-08-30T01:00:00-07:00,69,68,6.4
2025-08-30T01:30:00-07:00,69,68,6.6
2025-08-30T02:00:00-07:00,69,68,6.6
2025-08-30T02:30:00-07:00,69,67,6.6
2025-08-30T03:00:00-07:00,67,67,6.8
2025-08-30T03:30:00-07:00,66,67,7.2
2025-08-30T04:00:00-07:00,66,66,7.4
2025-08-30T04:30:00-07:00,68,66,7.6
2025-08-30T05:00:00-07:00,68,66,7.8
2025-08-30T05:30:00-07:00,68,65,8.2
2025-08-30T06:00:00-07:00,68,65,8.6
2025-08-30T06:30:00-07:00,68,64,8
2025-08-30T07:00:00-07:00,68,65,8.4
2025-08-30T07:30:00-07:00,69,66,7.9
2025-08-30T08:00:00-07:00,67,68,7.3
2025-08-30T08:30:00-07:00,66,70,7.7
2025-08-30T09:00:00-07:00,60,74,7.3
2025-08-30T09:30:00-07:00,54,77,7
2025-08-30T10:00:00-07:00,49,80,7.4
2025-08-30T10:30:00-07:00,46,82,7.9
2025-08-30T11:00:00-07:00,44,84,7.9
2025-08-30T11:30:00-07:00,40,86,7.2
2025-08-30T12:00:00-07:00,34,88,5.8
2025-08-30T12:30:00-07:00,29,90,5.1
2025-08-30T13:00:00-07:00,26,93,4.6
2025-08-30T13:30:00-07:00,28,94,6.7
2025-08-30T14:00:00-07:00,26,95,5.5
2025-08-30T14:30:00-07:00,21,97,3.8
2025-08-30T15:00:00-07:00,21,98,4.2
2025-08-30T15:30:00-07:00,26,95,6.6
2025-08-30T16:00:00-07:00,26,93,5
2025-08-30T16:30:00-07:00,31,91,5.3
2025-08-30T17:00:00-07:00,33,90,5.5
2025-08-30T17:30:00-07:00,34,90,6.4
2025-08-30T18:00:00-07:00,34,91,7
2025-08-30T18:30:00-07:00,34,91,7.2
2025-08-30T19:00:00-07:00,37,86,7.1
2025-08-30T19:30:00-07:00,45,80,7.8
2025-08-30T20:00:00-07:00,51,79,8.4
2025-08-30T20:30:00-07:00,54,78,8.7
2025-08-30T21:00:00-07:00,56,76,8.7
2025-08-30T21:30:00-07:00,57,76,8.6
2025-08-30T22:00:00-07:00,58,75,8.7
2025-08-30T22:30:00-07:00,57,75,8.6
2025-08-30T23:00:00-07:00,57,74,8.8
2025-08-30T23:30:00-07:00,58,73,9.1
2025-08-31T00:00:00-07:00,59,73,9.4
2025-08-31T00:30:00-07:00,61,72,11.2
2025-08-31T01:00:00-07:00,61,71,10.9
2025-08-31T01:30:00-07:00,61,71,10.8
2025-08-31T02:00:00-07:00,62,70,11.1
2025-08-31T02:30:00-07:00,62,70,12
2025-08-31T03:00:00-07:00,63,69,12.5
2025-08-31T03:30:00-07:00,63,69,12.2
2025-08-31T04:00:00-07:00,64,68,12.3
2025-08-31T04:30:00-07:00,63,68,11.3
2025-08-31T05:00:00-07:00,62,67,10.3
2025-08-31T05:30:00-07:00,61,67,10.1
2025-08-31T06:00:00-07:00,62,67,9.7
2025-08-31T06:30:00-07:00,62,66,9.8
2025-08-31T07:00:00-07:00,63,66,10
2025-08-31T07:30:00-07:00,62,68,10.1
2025-08-31T08:00:00-07:00,61,71,10.9
2025-08-31T08:30:00-07:00,61,74,10.7
2025-08-31T09:00:00-07:00,54,77,9.3
2025-08-31T09:30:00-07:00,48,81,9.4
2025-08-31T10:00:00-07:00,41,85,9
2025-08-31T10:30:00-07:00,36,88,8.2
2025-08-31T11:00:00-07:00,30,91,7.4
2025-08-31T11:30:00-07:00,27,93,7.5
2025-08-31T12:00:00-07:00,24,95,5.3
2025-08-31T12:30:00-07:00,20,97,3.8
2025-08-31T13:00:00-07:00,16,98,2.2
2025-08-31T13:30:00-07:00,16,98,2.3
2025-08-31T14:00:00-07:00,22,97,4.4
2025-08-31T14:30:00-07:00,27,95,5.5
2025-08-31T15:00:00-07:00,26,95,5.1
2025-08-31T15:30:00-07:00,28,94,4.9
2025-08-31T16:00:00-07:00,28,93,4.2
2025-08-31T16:30:00-07:00,29,92,3.1
2025-08-31T17:00:00-07:00,30,91,2.8
2025-08-31T17:30:00-07:00,32,92,3.3
2025-08-31T18:00:00-07:00,32,93,3.5
2025-08-31T18:30:00-07:00,34,90,3.7
2025-08-31T19:00:00-07:00,40,85,4.4
2025-08-31T19:30:00-07:00,49,80,5.3
2025-08-31T20:00:00-07:00,53,78,5.5
2025-08-31T20:30:00-07:00,54,77,6.1
2025-08-31T21:00:00-07:00,56,76,6.1
2025-08-31T21:30:00-07:00,56,76,6.4
2025-08-31T22:00:00-07:00,59,75,6.6
2025-08-31T22:30:00-07:00,58,75,6.6
2025-08-31T23:00:00-07:00,59,74,7.2
2025-08-31T23:30:00-07:00,60,74,7.2
2025-09-01T00:00:00-07:00,62,73,7.5
2025-09-01T00:30:00-07:00,64,72,7.8
2025-09-01T01:00:00-07:00,64,72,8.3
2025-09-01T01:30:00-07:00,63,72,8.4
2025-09-01T02:00:00-07:00,63,71,8.9
2025-09-01T02:30:00-07:00,62,71,9.8
2025-09-01T03:00:00-07:00,64,70,12.2
2025-09-01T03:30:00-07:00,64,70,10.9
2025-09-01T04:00:00-07:00,64,69,10
2025-09-01T04:30:00-07:00,63,69,10.4
2025-09-01T05:00:00-07:00,64,69,10.6
2025-09-01T05:30:00-07:00,65,68,10.1
2025-09-01T06:00:00-07:00,66,68,9.7
2025-09-01T06:30:00-07:00,67,68,8.5
2025-09-01T07:00:00-07:00,67,68,8.6
2025-09-01T07:30:00-07:00,68,69,10.3
2025-09-01T08:00:00-07:00,69,69,10.1
2025-09-01T08:30:00-07:00,67,71,9.4
2025-09-01T09:00:00-07:00,62,74,8.1
2025-09-01T09:30:00-07:00,57,76,7.5
2025-09-01T10:00:00-07:00,53,79,7.2
2025-09-01T10:30:00-07:00,51,80,5.9
2025-09-01T11:00:00-07:00,49,83,5.4
2025-09-01T11:30:00-07:00,45,85,5.4
2025-09-01T12:00:00-07:00,43,87,5.8
2025-09-01T12:30:00-07:00,39,89,5.3
2025-09-01T13:00:00-07:00,35,91,3.8
2025-09-01T13:30:00-07:00,33,92,2.8
2025-09-01T14:00:00-07:00,32,93,3.3
2025-09-01T14:30:00-07:00,32,95,4.8
2025-09-01T15:00:00-07:00,30,95,3.6
2025-09-01T15:30:00-07:00,26,95,1.8
2025-09-01T16:00:00-07:00,28,95,2.7
2025-09-01T16:30:00-07:00,30,94,3.5
2025-09-01T17:00:00-07:00,31,93,3.6
2025-09-01T17:30:00-07:00,32,93,3.7
2025-09-01T18:00:00-07:00,33,93,4
2025-09-01T18:30:00-07:00,35,92,4.5
2025-09-01T19:00:00-07:00,41,86,5.2
2025-09-01T19:30:00-07:00,45,81,5.3
2025-09-01T20:00:00-07:00,50,79,5.7
2025-09-01T20:30:00-07:00,53,78,6.3
2025-09-01T21:00:00-07:00,56,77,6.7
2025-09-01T21:30:00-07:00,57,77,7.2
2025-09-01T22:00:00-07:00,57,76,7.4
2025-09-01T22:30:00-07:00,57,76,7.3
2025-09-01T23:00:00-07:00,57,75,7.1
2025-09-01T23:30:00-07:00,57,75,7.2
2025-09-02T00:00:00-07:00,59,75,7.3
2025-09-02T00:30:00-07:00,60,74,7.8
2025-09-02T01:00:00-07:00,60,73,7.7
2025-09-02T01:30:00-07:00,61,73,7.6
2025-09-02T02:00:00-07:00,62,72,8
2025-09-02T02:30:00-07:00,63,72,9.1
2025-09-02T03:00:00-07:00,63,72,9.6
2025-09-02T03:30:00-07:00,63,71,9.7
2025-09-02T04:00:00-07:00,62,71,9.2
2025-09-02T04:30:00-07:00,63,71,9.3
2025-09-02T05:00:00-07:00,63,71,9.6
2025-09-02T05:30:00-07:00,63,71,9.7
2025-09-02T06:00:00-07:00,63,72,9.6
2025-09-02T06:30:00-07:00,62,72,9.2
2025-09-02T07:00:00-07:00,62,72,9.4
2025-09-02T07:30:00-07:00,62,72,9.8
2025-09-02T08:00:00-07:00,63,72,10
2025-09-02T08:30:00-07:00,61,73,10.7
2025-09-02T09:00:00-07:00,56,76,9.7
2025-09-02T09:30:00-07:00,51,79,9.6
2025-09-02T10:00:00-07:00,47,82,8.2
2025-09-02T10:30:00-07:00,43,84,7
2025-09-02T11:00:00-07:00,42,85,6.1
2025-09-02T11:30:00-07:00,42,86,5.6
2025-09-02T12:00:00-07:00,38,88,5.6
2025-09-02T12:30:00-07:00,36,90,5.5
2025-09-02T13:00:00-07:00,38,89,5.1
2025-09-02T13:30:00-07:00,39,88,4.7
2025-09-02T14:00:00-07:00,39,87,4.3
2025-09-02T14:30:00-07:00,40,86,4.1
2025-09-02T15:00:00-07:00,40,86,4.5
2025-09-02T15:30:00-07:00,40,87,4.8
2025-09-02T16:00:00-07:00,40,87,4.5
2025-09-02T16:30:00-07:00,41,85,3.9
2025-09-02T17:00:00-07:00,42,85,3.6
2025-09-02T17:30:00-07:00,42,87,3.8
2025-09-02T18:00:00-07:00,39,89,3.7
2025-09-02T18:30:00-07:00,40,87,3.7
2025-09-02T19:00:00-07:00,50,80,4.5
2025-09-02T19:30:00-07:00,57,76,4.8
2025-09-02T20:00:00-07:00,59,74,4.7
2025-09-02T20:30:00-07:00,61,73,4.3
2025-09-02T21:00:00-07:00,61,73,4.2
2025-09-02T21:30:00-07:00,61,73,4
2025-09-02T22:00:00-07:00,60,72,4
2025-09-02T22:30:00-07:00,60,72,4.1
2025-09-02T23:00:00-07:00,60,72,3.9
2025-09-02T23:30:00-07:00,61,71,4.2
2025-09-03T00:00:00-07:00,62,70,4.3
2025-09-03T00:30:00-07:00,62,70,4.3
2025-09-03T01:00:00-07:00,62,70,4.5
2025-09-03T01:30:00-07:00,63,69,4.4
2025-09-03T02:00:00-07:00,64,69,4.7
2025-09-03T02:30:00-07:00,65,68,5
2025-09-03T03:00:00-07:00,66,68,5.3
2025-09-03T03:30:00-07:00,66,68,5.2
2025-09-03T04:00:00-07:00,66,68,4.9
2025-09-03T04:30:00-07:00,66,67,4.9
2025-09-03T05:00:00-07:00,66,67,5.2
2025-09-03T05:30:00-07:00,66,66,5.2
2025-09-03T06:00:00-07:00,66,66,5.1
2025-09-03T06:30:00-07:00,67,66,5
2025-09-03T07:00:00-07:00,69,66,5.3
2025-09-03T07:30:00-07:00,68,68,6.5
2025-09-03T08:00:00-07:00,66,69,6.7
2025-09-03T08:30:00-07:00,64,71,6.6
2025-09-03T09:00:00-07:00,60,73,6.6
2025-09-03T09:30:00-07:00,56,76,6.1
2025-09-03T10:00:00-07:00,53,78,6.6
2025-09-03T10:30:00-07:00,51,79,6.9
2025-09-03T11:00:00-07:00,49,80,7.6
2025-09-03T11:30:00-07:00,48,81,7.9
2025-09-03T12:00:00-07:00,46,83,7.6
2025-09-03T12:30:00-07:00,43,85,7.2
2025-09-03T13:00:00-07:00,40,87,6.6
2025-09-03T13:30:00-07:00,40,87,7
2025-09-03T14:00:00-07:00,40,87,7
2025-09-03T14:30:00-07:00,39,88,6.8
2025-09-03T15:00:00-07:00,40,87,6.3
2025-09-03T15:30:00-07:00,42,85,5.8
2025-09-03T16:00:00-07:00,44,84,4.7
2025-09-03T16:30:00-07:00,46,82,3.6
2025-09-03T17:00:00-07:00,46,82,3.5
2025-09-03T17:30:00-07:00,44,83,3.3
2025-09-03T18:00:00-07:00,41,85,3.1
2025-09-03T18:30:00-07:00,42,83,3.4
2025-09-03T19:00:00-07:00,53,75,4.1
2025-09-03T19:30:00-07:00,62,71,4.8
2025-09-03T20:00:00-07:00,65,70,4.9
2025-09-03T20:30:00-07:00,66,69,5
2025-09-03T21:00:00-07:00,66,69,5.4
2025-09-03T21:30:00-07:00,66,68,5.2
2025-09-03T22:00:00-07:00,67,68,5.6
2025-09-03T22:30:00-07:00,68,68,5.7
2025-09-03T23:00:00-07:00,67,68,5.8
2025-09-03T23:30:00-07:00,67,68,5.4
2025-09-04T00:00:00-07:00,66,68,5.9
2025-09-04T00:30:00-07:00,66,68,6.9
2025-09-04T01:00:00-07:00,66,67,6.4
2025-09-04T01:30:00-07:00,66,67,6.4
2025-09-04T02:00:00-07:00,67,67,6.9
2025-09-04T02:30:00-07:00,69,67,5.7
2025-09-04T03:00:00-07:00,71,68,6.1
2025-09-04T03:30:00-07:00,71,68,7.9
2025-09-04T04:00:00-07:00,71,68,8
2025-09-04T04:30:00-07:00,71,68,7.8
2025-09-04T05:00:00-07:00,71,68,8.8
2025-09-04T05:30:00-07:00,70,68,11.1
2025-09-04T06:00:00-07:00,70,68,8
2025-09-04T06:30:00-07:00,70,67,5.5
2025-09-04T07:00:00-07:00,70,66,2.5
2025-09-04T07:30:00-07:00,71,66,3
2025-09-04T08:00:00-07:00,69,67,3.2
2025-09-04T08:30:00-07:00,67,68,4.2
2025-09-04T09:00:00-07:00,65,69,4.1
2025-09-04T09:30:00-07:00,65,70,4.2
2025-09-04T10:00:00-07:00,63,70,5.8
2025-09-04T10:30:00-07:00,62,71,6.8
2025-09-04T11:00:00-07:00,59,73,8.1
2025-09-04T11:30:00-07:00,55,75,6.1
2025-09-04T12:00:00-07:00,52,77,2.2
2025-09-04T12:30:00-07:00,52,77,1.8
2025-09-04T13:00:00-07:00,52,77,1.6
2025-09-04T13:30:00-07:00,52,77,2
2025-09-04T14:00:00-07:00,51,78,2.5
2025-09-04T14:30:00-07:00,49,79,2.6
2025-09-04T15:00:00-07:00,50,78,2.6
2025-09-04T15:30:00-07:00,54,77,3.2
2025-09-04T16:00:00-07:00,54,77,2.8
2025-09-04T16:30:00-07:00,54,76,2.3
2025-09-04T17:00:00-07:00,55,76,1.8
2025-09-04T17:30:00-07:00,56,75,2
2025-09-04T18:00:00-07:00,59,73,1.8
2025-09-04T18:30:00-07:00,63,72,2.2
2025-09-04T19:00:00-07:00,65,71,2.4
2025-09-04T19:30:00-07:00,67,70,2
2025-09-04T20:00:00-07:00,68,70,2.3
2025-09-04T20:30:00-07:00,70,69,1.8
2025-09-04T21:00:00-07:00,70,69,1.6
2025-09-04T21:30:00-07:00,69,70,0.7
2025-09-04T22:00:00-07:00,69,69,1.1
2025-09-04T22:30:00-07:00,68,69,1.4
2025-09-04T23:00:00-07:00,68,69,0.9
2025-09-04T23:30:00-07:00,68,70,0.8
2025-09-05T00:00:00-07:00,67,70,1.1
2025-09-05T00:30:00-07:00,67,69,1.6
2025-09-05T01:00:00-07:00,67,69,2.6
2025-09-05T01:30:00-07:00,67,69,2.9
2025-09-05T02:00:00-07:00,67,69,3.9
2025-09-05T02:30:00-07:00,68,69,4.3
2025-09-05T03:00:00-07:00,68,69,4.3
2025-09-05T03:30:00-07:00,68,69,3.7
2025-09-05T04:00:00-07:00,69,68,2.6
2025-09-05T04:30:00-07:00,69,68,2
2025-09-05T05:00:00-07:00,70,68,0.8
2025-09-05T05:30:00-07:00,71,68,0.6
2025-09-05T06:00:00-07:00,70,68,0.9
2025-09-05T06:30:00-07:00,70,68,1
2025-09-05T07:00:00-07:00,69,68,1
2025-09-05T07:30:00-07:00,70,68,1.7
2025-09-05T08:00:00-07:00,70,68,2
2025-09-05T08:30:00-07:00,70,68,3
2025-09-05T09:00:00-07:00,69,68,3.5
2025-09-05T09:30:00-07:00,68,69,3.5
2025-09-05T10:00:00-07:00,67,69,4.3
2025-09-05T10:30:00-07:00,65,70,5.1
2025-09-05T11:00:00-07:00,64,70,4.8
2025-09-05T11:30:00-07:00,62,72,4.6
2025-09-05T12:00:00-07:00,58,74,4.7
2025-09-05T12:30:00-07:00,56,75,5.6
2025-09-05T13:00:00-07:00,56,75,5.3
2025-09-05T13:30:00-07:00,54,76,3.8
2025-09-05T14:00:00-07:00,53,77,2.6
2025-09-05T14:30:00-07:00,52,78,1.1
2025-09-05T15:00:00-07:00,52,77,1.2
2025-09-05T15:30:00-07:00,53,77,1.2
2025-09-05T16:00:00-07:00,53,77,0.9
2025-09-05T16:30:00-07:00,53,77,0.7
2025-09-05T17:00:00-07:00,53,77,1.4
2025-09-05T17:30:00-07:00,52,77,1.7
2025-09-05T18:00:00-07:00,49,79,1.8
2025-09-05T18:30:00-07:00,50,79,2.1
2025-09-05T19:00:00-07:00,57,74,2.2
2025-09-05T19:30:00-07:00,64,70,3.1
2025-09-05T20:00:00-07:00,67,69,2.4
2025-09-05T20:30:00-07:00,69,69,2.8
2025-09-05T21:00:00-07:00,68,69,3.6
2025-09-05T21:30:00-07:00,68,69,4.3
2025-09-05T22:00:00-07:00,67,69,4.1
2025-09-05T22:30:00-07:00,66,69,4.7
2025-09-05T23:00:00-07:00,65,69,5.3
2025-09-05T23:30:00-07:00,65,69,5.6
2025-09-06T00:00:00-07:00,65,69,5.3
2025-09-06T00:30:00-07:00,67,69,5
2025-09-06T01:00:00-07:00,67,69,5.6
2025-09-06T01:30:00-07:00,67,69,6
2025-09-06T02:00:00-07:00,67,69,5.5
2025-09-06T02:30:00-07:00,67,68,6
2025-09-06T03:00:00-07:00,66,69,6.6
2025-09-06T03:30:00-07:00,67,69,6.9
2025-09-06T04:00:00-07:00,66,69,6.9
2025-09-06T04:30:00-07:00,66,69,7.4
2025-09-06T05:00:00-07:00,65,69,7.6
2025-09-06T05:30:00-07:00,65,69,7.9
2025-09-06T06:00:00-07:00,65,69,8.7
2025-09-06T06:30:00-07:00,64,69,8.6
2025-09-06T07:00:00-07:00,63,69,8.9
2025-09-06T07:30:00-07:00,63,69,8.7
2025-09-06T08:00:00-07:00,62,69,8.6
2025-09-06T08:30:00-07:00,60,70,8.9
2025-09-06T09:00:00-07:00,59,71,8.4
2025-09-06T09:30:00-07:00,59,71,8.3
2025-09-06T10:00:00-07:00,57,72,8.5
2025-09-06T10:30:00-07:00,54,74,8.3
2025-09-06T11:00:00-07:00,50,76,8.5
2025-09-06T11:30:00-07:00,48,77,8.7
2025-09-06T12:00:00-07:00,47,78,8.2
2025-09-06T12:30:00-07:00,44,80,7
2025-09-06T13:00:00-07:00,43,81,6.3
2025-09-06T13:30:00-07:00,42,82,5.8
2025-09-06T14:00:00-07:00,43,81,5.6
2025-09-06T14:30:00-07:00,45,80,5
2025-09-06T15:00:00-07:00,46,79,4.3
2025-09-06T15:30:00-07:00,45,80,4.2
2025-09-06T16:00:00-07:00,45,80,4.2
2025-09-06T16:30:00-07:00,46,79,4.1
2025-09-06T17:00:00-07:00,48,78,4.1
2025-09-06T17:30:00-07:00,48,79,4.2
2025-09-06T18:00:00-07:00,45,81,4.1
2025-09-06T18:30:00-07:00,47,79,3.9
2025-09-06T19:00:00-07:00,56,74,4.7
2025-09-06T19:30:00-07:00,61,72,5.3
2025-09-06T20:00:00-07:00,64,71,5.6
2025-09-06T20:30:00-07:00,65,71,6.1
2025-09-06T21:00:00-07:00,67,70,5.8
2025-09-06T21:30:00-07:00,67,70,6
2025-09-06T22:00:00-07:00,68,70,6
2025-09-06T22:30:00-07:00,68,70,6.3
2025-09-06T23:00:00-07:00,67,70,6.5
2025-09-06T23:30:00-07:00,67,70,5.8
2025-09-07T00:00:00-07:00,67,71,5.8
2025-09-07T00:30:00-07:00,66,71,5.3
2025-09-07T01:00:00-07:00,66,71,5.2
2025-09-07T01:30:00-07:00,64,71,5.3
2025-09-07T02:00:00-07:00,64,71,5.5
2025-09-07T02:30:00-07:00,64,72,5.3
2025-09-07T03:00:00-07:00,63,72,5.2
2025-09-07T03:30:00-07:00,63,72,5.2
2025-09-07T04:00:00-07:00,63,72,4.4
2025-09-07T04:30:00-07:00,64,71,4.1
2025-09-07T05:00:00-07:00,64,71,4.1
2025-09-07T05:30:00-07:00,64,71,3.5
2025-09-07T06:00:00-07:00,65,71,2.8
2025-09-07T06:30:00-07:00,66,71,2.9
2025-09-07T07:00:00-07:00,66,71,3
2025-09-07T07:30:00-07:00,66,71,3
2025-09-07T08:00:00-07:00,65,72,2.9
2025-09-07T08:30:00-07:00,64,73,2.9
2025-09-07T09:00:00-07:00,63,73,2.6
2025-09-07T09:30:00-07:00,62,74,2.8
2025-09-07T10:00:00-07:00,59,76,2.7
2025-09-07T10:30:00-07:00,55,78,2.4
2025-09-07T11:00:00-07:00,53,79,1.9
2025-09-07T11:30:00-07:00,51,81,1.3
2025-09-07T12:00:00-07:00,49,82,1.1
2025-09-07T12:30:00-07:00,44,83,0.8
2025-09-07T13:00:00-07:00,39,85,1.5
2025-09-07T13:30:00-07:00,36,85,2
2025-09-07T14:00:00-07:00,38,85,2.8
2025-09-07T14:30:00-07:00,40,85,3.1
2025-09-07T15:00:00-07:00,42,84,2.8
2025-09-07T15:30:00-07:00,43,83,2.4
2025-09-07T16:00:00-07:00,43,83,2.3
2025-09-07T16:30:00-07:00,42,82,1.9
2025-09-07T17:00:00-07:00,43,82,1.5
2025-09-07T17:30:00-07:00,44,84,1.3
2025-09-07T18:00:00-07:00,42,86,1.3
2025-09-07T18:30:00-07:00,44,84,1.9
2025-09-07T19:00:00-07:00,54,78,2.7
2025-09-07T19:30:00-07:00,60,75,2.9
2025-09-07T20:00:00-07:00,62,74,3.2
2025-09-07T20:30:00-07:00,66,72,3.5
2025-09-07T21:00:00-07:00,66,72,3.4
2025-09-07T21:30:00-07:00,67,72,3.1
2025-09-07T22:00:00-07:00,70,71,2.7
2025-09-07T22:30:00-07:00,71,71,2.5
2025-09-07T23:00:00-07:00,71,71,2.6
2025-09-07T23:30:00-07:00,70,71,2.6
2025-09-08T00:00:00-07:00,70,70,2.9
2025-09-08T00:30:00-07:00,67,70,3.4
2025-09-08T01:00:00-07:00,66,69,3.6
2025-09-08T01:30:00-07:00,66,69,3.5
2025-09-08T02:00:00-07:00,67,69,3.7
2025-09-08T02:30:00-07:00,67,68,3.9
2025-09-08T03:00:00-07:00,67,68,4
2025-09-08T03:30:00-07:00,67,67,4.1
2025-09-08T04:00:00-07:00,67,67,3.9
2025-09-08T04:30:00-07:00,68,66,3.6
2025-09-08T05:00:00-07:00,69,66,3.7
2025-09-08T05:30:00-07:00,71,68,3.5
2025-09-08T06:00:00-07:00,71,69,4.5
2025-09-08T06:30:00-07:00,72,69,6.8
2025-09-08T07:00:00-07:00,72,70,8.1
2025-09-08T07:30:00-07:00,72,70,9.4
2025-09-08T08:00:00-07:00,72,71,9.8
2025-09-08T08:30:00-07:00,70,72,9
2025-09-08T09:00:00-07:00,67,73,8
2025-09-08T09:30:00-07:00,64,74,7.7
2025-09-08T10:00:00-07:00,63,75,7.9
2025-09-08T10:30:00-07:00,61,76,7
2025-09-08T11:00:00-07:00,58,78,3
2025-09-08T11:30:00-07:00,53,81,1.6
2025-09-08T12:00:00-07:00,49,83,0.8
2025-09-08T12:30:00-07:00,47,84,0.5
2025-09-08T13:00:00-07:00,46,85,0.4
2025-09-08T13:30:00-07:00,44,86,0.4
2025-09-08T14:00:00-07:00,43,87,0.4
2025-09-08T14:30:00-07:00,42,88,0.4
2025-09-08T15:00:00-07:00,43,86,0.6
2025-09-08T15:30:00-07:00,44,86,0.7
2025-09-08T16:00:00-07:00,43,86,1
2025-09-08T16:30:00-07:00,43,85,1.2
2025-09-08T17:00:00-07:00,44,84,1.3
2025-09-08T17:30:00-07:00,43,85,1.2
2025-09-08T18:00:00-07:00,42,86,1.1
2025-09-08T18:30:00-07:00,49,81,1.1
2025-09-08T19:00:00-07:00,55,77,1.3
2025-09-08T19:30:00-07:00,57,76,1.3
2025-09-08T20:00:00-07:00,59,76,1.2
2025-09-08T20:30:00-07:00,59,76,1.2
2025-09-08T21:00:00-07:00,60,76,1.1
2025-09-08T21:30:00-07:00,61,76,1.1
2025-09-08T22:00:00-07:00,61,76,1.1
2025-09-08T22:30:00-07:00,60,77,0.9
2025-09-08T23:00:00-07:00,59,77,0.8
2025-09-08T23:30:00-07:00,61,76,0.8
2025-09-09T00:00:00-07:00,60,76,0.8
2025-09-09T00:30:00-07:00,62,76,0.7
2025-09-09T01:00:00-07:00,66,76,1.5
2025-09-09T01:30:00-07:00,69,75,1.7
2025-09-09T02:00:00-07:00,68,75,0.4
2025-09-09T02:30:00-07:00,68,74,0.8
2025-09-09T03:00:00-07:00,66,74,0.9
2025-09-09T03:30:00-07:00,67,73,0.9
2025-09-09T04:00:00-07:00,66,73,0.9
2025-09-09T04:30:00-07:00,65,72,1.1
2025-09-09T05:00:00-07:00,65,72,1.2
2025-09-09T05:30:00-07:00,64,73,1.4
2025-09-09T06:00:00-07:00,64,73,1.5
2025-09-09T06:30:00-07:00,64,74,1.6
2025-09-09T07:00:00-07:00,64,74,1.6
2025-09-09T07:30:00-07:00,63,74,1.6
2025-09-09T08:00:00-07:00,60,75,1.2
2025-09-09T08:30:00-07:00,68,73,1.1
2025-09-09T09:00:00-07:00,72,73,0.2
2025-09-09T09:30:00-07:00,68,75,0.3
2025-09-09T10:00:00-07:00,60,78,0.2
2025-09-09T10:30:00-07:00,51,80,0.4
2025-09-09T11:00:00-07:00,49,80,0.6
2025-09-09T11:30:00-07:00,50,80,0.9
2025-09-09T12:00:00-07:00,48,82,1.1
2025-09-09T12:30:00-07:00,46,84,1.3
2025-09-09T13:00:00-07:00,44,84,1.4
2025-09-09T13:30:00-07:00,42,86,1.4
2025-09-09T14:00:00-07:00,44,84,1.5
2025-09-09T14:30:00-07:00,44,84,1.3
2025-09-09T15:00:00-07:00,49,81,1.5
2025-09-09T15:30:00-07:00,51,80,1.1
2025-09-09T16:00:00-07:00,52,80,0.7
2025-09-09T16:30:00-07:00,52,79,1.5
2025-09-09T17:00:00-07:00,52,79,1.6
2025-09-09T17:30:00-07:00,47,82,2
2025-09-09T18:00:00-07:00,46,83,1.4
2025-09-09T18:30:00-07:00,49,80,1.7
2025-09-09T19:00:00-07:00,55,77,1.5
2025-09-09T19:30:00-07:00,60,74,1.8
2025-09-09T20:00:00-07:00,61,73,1.3
2025-09-09T20:30:00-07:00,62,73,1.3
2025-09-09T21:00:00-07:00,62,73,1.3
2025-09-09T21:30:00-07:00,63,73,1.5
2025-09-09T22:00:00-07:00,65,73,1.6
2025-09-09T22:30:00-07:00,66,73,1.6
2025-09-09T23:00:00-07:00,66,72,1.4
2025-09-09T23:30:00-07:00,67,72,0.9
2025-09-10T00:00:00-07:00,64,72,0.6
2025-09-10T00:30:00-07:00,64,72,0.4
2025-09-10T01:00:00-07:00,64,72,0.2
2025-09-10T01:30:00-07:00,65,72,0.2
2025-09-10T02:00:00-07:00,66,72,0.1
2025-09-10T02:30:00-07:00,66,72,0.1
2025-09-10T03:00:00-07:00,66,72,0.1
2025-09-10T03:30:00-07:00,65,72,0.1
2025-09-10T04:00:00-07:00,66,72,0.1
2025-09-10T04:30:00-07:00,72,71,0.2
2025-09-10T05:00:00-07:00,77,70,0.1
2025-09-10T05:30:00-07:00,76,70,0.2
2025-09-10T06:00:00-07:00,75,70,0.9
2025-09-10T06:30:00-07:00,75,71,1.3
2025-09-10T07:00:00-07:00,74,72,1.4
2025-09-10T07:30:00-07:00,72,71,0.6
2025-09-10T08:00:00-07:00,72,71,0.2
2025-09-10T08:30:00-07:00,70,72,0.1
2025-09-10T09:00:00-07:00,64,74,0.3
2025-09-10T09:30:00-07:00,64,74,0.1
2025-09-10T10:00:00-07:00,61,75,0
2025-09-10T10:30:00-07:00,59,76,0.1
2025-09-10T11:00:00-07:00,56,77,0.1
2025-09-10T11:30:00-07:00,57,77,0.1
2025-09-10T12:00:00-07:00,54,78,0.8
2025-09-10T12:30:00-07:00,55,78,0.8
2025-09-10T13:00:00-07:00,53,79,0.1
2025-09-10T13:30:00-07:00,51,79,0.1
2025-09-10T14:00:00-07:00,48,81,0.2
2025-09-10T14:30:00-07:00,50,79,0.3
2025-09-10T15:00:00-07:00,51,79,0.6
2025-09-10T15:30:00-07:00,51,80,1.1
2025-09-10T16:00:00-07:00,50,80,0.8
2025-09-10T16:30:00-07:00,49,80,0.1
2025-09-10T17:00:00-07:00,50,80,0.4
2025-09-10T17:30:00-07:00,53,78,2.7
2025-09-10T18:00:00-07:00,50,79,3.2
2025-09-10T18:30:00-07:00,54,77,4
2025-09-10T19:00:00-07:00,58,73,5.3
2025-09-10T19:30:00-07:00,61,71,7
2025-09-10T20:00:00-07:00,62,71,7
2025-09-10T20:30:00-07:00,61,71,7.2
2025-09-10T21:00:00-07:00,62,71,7.6
2025-09-10T21:30:00-07:00,62,71,8.3
2025-09-10T22:00:00-07:00,61,71,7.7
2025-09-10T22:30:00-07:00,62,71,8.2
2025-09-10T23:00:00-07:00,62,71,7.7
2025-09-10T23:30:00-07:00,62,71,7.3
2025-09-11T00:00:00-07:00,64,71,7.1
2025-09-11T00:30:00-07:00,66,71,8.3
2025-09-11T01:00:00-07:00,66,70,8.1
2025-09-11T01:30:00-07:00,65,70,8.4
2025-09-11T02:00:00-07:00,65,70,7.9
2025-09-11T02:30:00-07:00,65,70,7.8
2025-09-11T03:00:00-07:00,64,70,7.4
2025-09-11T03:30:00-07:00,64,70,7.6
2025-09-11T04:00:00-07:00,64,70,7.6
2025-09-11T04:30:00-07:00,67,70,7.7
2025-09-11T05:00:00-07:00,66,70,7.5
2025-09-11T05:30:00-07:00,65,70,6.5
2025-09-11T06:00:00-07:00,64,69,6.5
2025-09-11T06:30:00-07:00,64,69,6.1
2025-09-11T07:00:00-07:00,64,69,6.4
2025-09-11T07:30:00-07:00,65,69,6.4
2025-09-11T08:00:00-07:00,64,69,6.4
2025-09-11T08:30:00-07:00,63,70,6.2
2025-09-11T09:00:00-07:00,62,71,6.5
2025-09-11T09:30:00-07:00,60,72,6.6
2025-09-11T10:00:00-07:00,58,73,7.3
2025-09-11T10:30:00-07:00,54,76,7.1
2025-09-11T11:00:00-07:00,52,77,6.8
2025-09-11T11:30:00-07:00,50,78,6.7
2025-09-11T12:00:00-07:00,49,79,7.4
2025-09-11T12:30:00-07:00,48,79,7.1
2025-09-11T13:00:00-07:00,47,81,7.2
2025-09-11T13:30:00-07:00,48,80,7.1
2025-09-11T14:00:00-07:00,48,80,6.9
2025-09-11T14:30:00-07:00,48,81,6.6
2025-09-11T15:00:00-07:00,49,80,7
2025-09-11T15:30:00-07:00,50,79,6.8
2025-09-11T16:00:00-07:00,51,79,6.2
2025-09-11T16:30:00-07:00,51,79,6.8
2025-09-11T17:00:00-07:00,54,78,8.6
2025-09-11T17:30:00-07:00,55,77,9.2
2025-09-11T18:00:00-07:00,59,74,9.2
2025-09-11T18:30:00-07:00,59,74,8.7
2025-09-11T19:00:00-07:00,62,72,8.1
2025-09-11T19:30:00-07:00,64,71,8.4
2025-09-11T20:00:00-07:00,64,71,8.1
2025-09-11T20:30:00-07:00,64,71,8.2
2025-09-11T21:00:00-07:00,64,71,7.9
2025-09-11T21:30:00-07:00,64,71,8.2
2025-09-11T22:00:00-07:00,65,71,8.2
2025-09-11T22:30:00-07:00,66,70,9.1
2025-09-11T23:00:00-07:00,67,70,9.3
2025-09-11T23:30:00-07:00,67,70,9.4
2025-09-12T00:00:00-07:00,67,70,8.9
2025-09-12T00:30:00-07:00,68,69,8.7
2025-09-12T01:00:00-07:00,71,68,10.8
2025-09-12T01:30:00-07:00,71,69,11.1
2025-09-12T02:00:00-07:00,71,69,10.9
2025-09-12T02:30:00-07:00,71,69,7
2025-09-12T03:00:00-07:00,70,69,6.1
2025-09-12T03:30:00-07:00,70,69,7.3
2025-09-12T04:00:00-07:00,70,69,6.4
2025-09-12T04:30:00-07:00,69,69,6.5
2025-09-12T05:00:00-07:00,69,69,6.3
2025-09-12T05:30:00-07:00,68,70,6.4
2025-09-12T06:00:00-07:00,67,70,6.2
2025-09-12T06:30:00-07:00,66,70,6.8
2025-09-12T07:00:00-07:00,66,70,6.7
2025-09-12T07:30:00-07:00,65,70,6.5
2025-09-12T08:00:00-07:00,64,71,6.9
2025-09-12T08:30:00-07:00,62,72,7.9
2025-09-12T09:00:00-07:00,61,73,8.8
2025-09-12T09:30:00-07:00,59,74,9
2025-09-12T10:00:00-07:00,57,76,8.9
2025-09-12T10:30:00-07:00,53,78,8.7
2025-09-12T11:00:00-07:00,51,79,8.7
2025-09-12T11:30:00-07:00,48,81,8.6
2025-09-12T12:00:00-07:00,47,82,9.2
2025-09-12T12:30:00-07:00,48,82,8.7
2025-09-12T13:00:00-07:00,50,80,6.5
2025-09-12T13:30:00-07:00,51,80,6.2
2025-09-12T14:00:00-07:00,49,80,6.2
2025-09-12T14:30:00-07:00,51,79,6.7
2025-09-12T15:00:00-07:00,50,79,6.6
2025-09-12T15:30:00-07:00,50,79,6.3
2025-09-12T16:00:00-07:00,50,78,6.3
2025-09-12T16:30:00-07:00,49,78,5.9
2025-09-12T17:00:00-07:00,53,76,5.6
2025-09-12T17:30:00-07:00,54,76,5.1
2025-09-12T18:00:00-07:00,53,77,4.6
2025-09-12T18:30:00-07:00,57,74,4.6
2025-09-12T19:00:00-07:00,64,69,4.7
2025-09-12T19:30:00-07:00,67,68,4.8
2025-09-12T20:00:00-07:00,68,68,4.8
2025-09-12T20:30:00-07:00,68,68,4.9
2025-09-12T21:00:00-07:00,68,68,5
2025-09-12T21:30:00-07:00,68,68,5.2
2025-09-12T22:00:00-07:00,68,68,5
2025-09-12T22:30:00-07:00,67,69,5.1
2025-09-12T23:00:00-07:00,66,69,4.8
2025-09-12T23:30:00-07:00,66,68,4.8
2025-09-13T00:00:00-07:00,67,68,4.7
2025-09-13T00:30:00-07:00,67,68,4.8
2025-09-13T01:00:00-07:00,67,68,4.8
2025-09-13T01:30:00-07:00,67,68,4.8
2025-09-13T02:00:00-07:00,66,68,4.5
2025-09-13T02:30:00-07:00,66,67,4.6
2025-09-13T03:00:00-07:00,68,66,5.1
2025-09-13T03:30:00-07:00,70,67,4.9
2025-09-13T04:00:00-07:00,70,67,5
2025-09-13T04:30:00-07:00,70,67,5
2025-09-13T05:00:00-07:00,69,68,4.7
2025-09-13T05:30:00-07:00,69,68,4.5
2025-09-13T06:00:00-07:00,68,68,5.1
2025-09-13T06:30:00-07:00,68,68,4.9
2025-09-13T07:00:00-07:00,67,68,4.9
2025-09-13T07:30:00-07:00,66,69,5
2025-09-13T08:00:00-07:00,65,69,4.9
2025-09-13T08:30:00-07:00,64,69,4.8
2025-09-13T09:00:00-07:00,64,70,4.9
2025-09-13T09:30:00-07:00,62,71,4.7
2025-09-13T10:00:00-07:00,62,71,4.7
2025-09-13T10:30:00-07:00,60,72,4.9
2025-09-13T11:00:00-07:00,57,73,5.7
2025-09-13T11:30:00-07:00,55,75,6.2
2025-09-13T12:00:00-07:00,53,76,6.4
2025-09-13T12:30:00-07:00,53,76,6.7
2025-09-13T13:00:00-07:00,54,75,5.6
2025-09-13T13:30:00-07:00,53,75,5.6
2025-09-13T14:00:00-07:00,53,75,5.1
2025-09-13T14:30:00-07:00,52,76,4.7
2025-09-13T15:00:00-07:00,52,76,4.4
2025-09-13T15:30:00-07:00,51,76,4.1
2025-09-13T16:00:00-07:00,52,76,4
2025-09-13T16:30:00-07:00,51,75,3.5
2025-09-13T17:00:00-07:00,51,75,2.8
2025-09-13T17:30:00-07:00,47,79,3.3
2025-09-13T18:00:00-07:00,45,79,2.9
2025-09-13T18:30:00-07:00,49,77,3.3
2025-09-13T19:00:00-07:00,58,72,2.7
2025-09-13T19:30:00-07:00,62,70,2
2025-09-13T20:00:00-07:00,64,70,2.2
2025-09-13T20:30:00-07:00,65,70,1.7
2025-09-13T21:00:00-07:00,65,70,3
2025-09-13T21:30:00-07:00,65,70,2.2
2025-09-13T22:00:00-07:00,65,71,1.7
2025-09-13T22:30:00-07:00,65,71,1.6
2025-09-13T23:00:00-07:00,65,71,1.3
2025-09-13T23:30:00-07:00,64,71,1.3
2025-09-14T00:00:00-07:00,63,71,1.6
2025-09-14T00:30:00-07:00,62,70,2.8
2025-09-14T01:00:00-07:00,64,71,1.9
2025-09-14T01:30:00-07:00,68,70,1.6
2025-09-14T02:00:00-07:00,70,69,2.1
2025-09-14T02:30:00-07:00,71,69,2.2
2025-09-14T03:00:00-07:00,72,69,2
2025-09-14T03:30:00-07:00,70,70,1.7
2025-09-14T04:00:00-07:00,70,70,1.9
2025-09-14T04:30:00-07:00,70,70,2
2025-09-14T05:00:00-07:00,70,70,2
2025-09-14T05:30:00-07:00,66,71,2
2025-09-14T06:00:00-07:00,64,71,2.3
2025-09-14T06:30:00-07:00,64,71,2.2
2025-09-14T07:00:00-07:00,64,71,2
2025-09-14T07:30:00-07:00,66,71,2.2
2025-09-14T08:00:00-07:00,65,72,2.1
2025-09-14T08:30:00-07:00,62,73,2.3
2025-09-14T09:00:00-07:00,60,74,2.2
2025-09-14T09:30:00-07:00,60,75,2.4
2025-09-14T10:00:00-07:00,57,77,2
2025-09-14T10:30:00-07:00,55,78,1.8
2025-09-14T11:00:00-07:00,53,79,1.6
2025-09-14T11:30:00-07:00,53,80,1.6
2025-09-14T12:00:00-07:00,54,80,2
2025-09-14T12:30:00-07:00,54,80,2.2
2025-09-14T13:00:00-07:00,53,82,2.4
2025-09-14T13:30:00-07:00,52,82,2.3
2025-09-14T14:00:00-07:00,53,82,2.4
2025-09-14T14:30:00-07:00,53,83,2
2025-09-14T15:00:00-07:00,53,83,1.8
2025-09-14T15:30:00-07:00,54,82,1.4
2025-09-14T16:00:00-07:00,55,82,0.9
2025-09-14T16:30:00-07:00,56,81,0.4
2025-09-14T17:00:00-07:00,57,80,0.3
2025-09-14T17:30:00-07:00,54,82,0.1
2025-09-14T18:00:00-07:00,51,84,0
2025-09-14T18:30:00-07:00,54,81,0.1
2025-09-14T19:00:00-07:00,63,75,0.1
2025-09-14T19:30:00-07:00,68,73,0.7
2025-09-14T20:00:00-07:00,70,71,0.2
2025-09-14T20:30:00-07:00,70,71,0.2
2025-09-14T21:00:00-07:00,70,71,0.1
2025-09-14T21:30:00-07:00,70,71,0.2
2025-09-14T22:00:00-07:00,69,71,0.2
2025-09-14T22:30:00-07:00,68,71,0.3
2025-09-14T23:00:00-07:00,67,71,0.5
2025-09-14T23:30:00-07:00,67,70,0.8
2025-09-15T00:00:00-07:00,66,70,1
2025-09-15T00:30:00-07:00,68,69,1.4
2025-09-15T01:00:00-07:00,67,69,1
2025-09-15T01:30:00-07:00,67,68,1
2025-09-15T02:00:00-07:00,67,68,1
2025-09-15T02:30:00-07:00,67,67,1
2025-09-15T03:00:00-07:00,67,67,1.2
2025-09-15T03:30:00-07:00,67,66,1.1
2025-09-15T04:00:00-07:00,68,66,1.4
2025-09-15T04:30:00-07:00,69,66,1.6
2025-09-15T05:00:00-07:00,70,67,1.6
2025-09-15T05:30:00-07:00,69,68,1.4
2025-09-15T06:00:00-07:00,72,68,7.5
2025-09-15T06:30:00-07:00,73,68,10.1
2025-09-15T07:00:00-07:00,73,69,12.4
2025-09-15T07:30:00-07:00,72,69,13.6
2025-09-15T08:00:00-07:00,72,69,14.2
2025-09-15T08:30:00-07:00,70,70,13.7
2025-09-15T09:00:00-07:00,66,72,12.7
2025-09-15T09:30:00-07:00,61,75,9.7
2025-09-15T10:00:00-07:00,56,77,7.3
2025-09-15T10:30:00-07:00,52,80,5.2
2025-09-15T11:00:00-07:00,47,83,5
2025-09-15T11:30:00-07:00,46,85,5.7
2025-09-15T12:00:00-07:00,43,87,5.7
2025-09-15T12:30:00-07:00,40,89,5.7
2025-09-15T13:00:00-07:00,37,91,4.4
2025-09-15T13:30:00-07:00,35,93,4.5
2025-09-15T14:00:00-07:00,35,94,4.7
2025-09-15T14:30:00-07:00,34,94,5.5
2025-09-15T15:00:00-07:00,33,94,5.9
2025-09-15T15:30:00-07:00,32,95,5.9
2025-09-15T16:00:00-07:00,31,94,7.7
2025-09-15T16:30:00-07:00,33,94,7.1
2025-09-15T17:00:00-07:00,34,93,5.2
2025-09-15T17:30:00-07:00,33,95,4.3
2025-09-15T18:00:00-07:00,32,97,3.6
2025-09-15T18:30:00-07:00,35,93,3.4
2025-09-15T19:00:00-07:00,42,85,3
2025-09-15T19:30:00-07:00,46,83,3.2
2025-09-15T20:00:00-07:00,48,81,3.2
2025-09-15T20:30:00-07:00,48,80,3.5
2025-09-15T21:00:00-07:00,49,80,3.3
2025-09-15T21:30:00-07:00,51,79,3.6
2025-09-15T22:00:00-07:00,53,78,3.9
2025-09-15T22:30:00-07:00,56,77,4
2025-09-15T23:00:00-07:00,58,77,4
2025-09-15T23:30:00-07:00,59,76,4.7
2025-09-16T00:00:00-07:00,60,75,4.8
2025-09-16T00:30:00-07:00,61,74,5
2025-09-16T01:00:00-07:00,61,74,5.4
2025-09-16T01:30:00-07:00,62,73,5.4
2025-09-16T02:00:00-07:00,62,72,5.5
2025-09-16T02:30:00-07:00,62,72,5.5
2025-09-16T03:00:00-07:00,62,71,5.7
2025-09-16T03:30:00-07:00,62,71,6
2025-09-16T04:00:00-07:00,62,70,6.3
2025-09-16T04:30:00-07:00,63,70,6.5
2025-09-16T05:00:00-07:00,63,69,6.7
2025-09-16T05:30:00-07:00,63,69,6.7
2025-09-16T06:00:00-07:00,64,68,6.5
2025-09-16T06:30:00-07:00,64,68,6.8
2025-09-16T07:00:00-07:00,64,68,7
2025-09-16T07:30:00-07:00,65,69,7.7
2025-09-16T08:00:00-07:00,64,72,8.8
2025-09-16T08:30:00-07:00,63,74,9.6
2025-09-16T09:00:00-07:00,56,77,8.2
2025-09-16T09:30:00-07:00,50,80,8.1
2025-09-16T10:00:00-07:00,47,83,8.6
2025-09-16T10:30:00-07:00,44,85,7.8
2025-09-16T11:00:00-07:00,41,88,7.8
2025-09-16T11:30:00-07:00,39,89,7.7
2025-09-16T12:00:00-07:00,37,90,6.2
2025-09-16T12:30:00-07:00,36,91,6.2
2025-09-16T13:00:00-07:00,37,90,6.1
2025-09-16T13:30:00-07:00,38,90,5.6
2025-09-16T14:00:00-07:00,38,89,5.4
2025-09-16T14:30:00-07:00,38,90,6
2025-09-16T15:00:00-07:00,36,91,5.9
2025-09-16T15:30:00-07:00,33,92,5.2
2025-09-16T16:00:00-07:00,35,91,5.6
2025-09-16T16:30:00-07:00,38,89,5.1
2025-09-16T17:00:00-07:00,40,88,5.1
2025-09-16T17:30:00-07:00,38,90,4.4
2025-09-16T18:00:00-07:00,35,91,4
2025-09-16T18:30:00-07:00,38,88,4.2
2025-09-16T19:00:00-07:00,49,81,5.5
2025-09-16T19:30:00-07:00,55,78,6
2025-09-16T20:00:00-07:00,57,77,6.3
2025-09-16T20:30:00-07:00,59,76,6.9
2025-09-16T21:00:00-07:00,62,76,7.3
2025-09-16T21:30:00-07:00,64,75,7.8
2025-09-16T22:00:00-07:00,63,75,7.6
2025-09-16T22:30:00-07:00,65,74,8.2
2025-09-16T23:00:00-07:00,66,73,8.2
2025-09-16T23:30:00-07:00,67,73,8.1
2025-09-17T00:00:00-07:00,66,72,7.3
2025-09-17T00:30:00-07:00,65,72,7
2025-09-17T01:00:00-07:00,66,71,7.1
2025-09-17T01:30:00-07:00,67,71,6.4
2025-09-17T02:00:00-07:00,67,71,6.2
2025-09-17T02:30:00-07:00,67,70,5.9
2025-09-17T03:00:00-07:00,67,70,5.6
2025-09-17T03:30:00-07:00,66,69,5.5
2025-09-17T04:00:00-07:00,68,69,5.3
2025-09-17T04:30:00-07:00,68,68,5.9
2025-09-17T05:00:00-07:00,68,68,5.7
2025-09-17T05:30:00-07:00,68,68,5.3
2025-09-17T06:00:00-07:00,68,67,5.3
2025-09-17T06:30:00-07:00,69,67,6
2025-09-17T07:00:00-07:00,68,67,6.7
2025-09-17T07:30:00-07:00,68,67,8.7
2025-09-17T08:00:00-07:00,69,69,10.5
2025-09-17T08:30:00-07:00,69,71,11.8
2025-09-17T09:00:00-07:00,64,73,10.2
2025-09-17T09:30:00-07:00,60,76,8.5
2025-09-17T10:00:00-07:00,56,79,7.9
2025-09-17T10:30:00-07:00,52,81,7.8
2025-09-17T11:00:00-07:00,49,83,6.5
2025-09-17T11:30:00-07:00,47,85,6.3
2025-09-17T12:00:00-07:00,45,86,6.6
2025-09-17T12:30:00-07:00,43,88,8.2
2025-09-17T13:00:00-07:00,35,90,5.7
2025-09-17T13:30:00-07:00,33,92,5.9
2025-09-17T14:00:00-07:00,32,92,6.3
2025-09-17T14:30:00-07:00,33,93,7.4
2025-09-17T15:00:00-07:00,33,93,6.8
2025-09-17T15:30:00-07:00,28,93,5
2025-09-17T16:00:00-07:00,27,93,4.5
2025-09-17T16:30:00-07:00,30,91,4.3
2025-09-17T17:00:00-07:00,33,90,4.3
2025-09-17T17:30:00-07:00,37,88,3.9
2025-09-17T18:00:00-07:00,39,87,3.7
2025-09-17T18:30:00-07:00,43,84,4.1
2025-09-17T19:00:00-07:00,46,81,4
2025-09-17T19:30:00-07:00,47,80,3.8
2025-09-17T20:00:00-07:00,49,80,3.8
2025-09-17T20:30:00-07:00,51,79,3.9
2025-09-17T21:00:00-07:00,53,78,4.2
2025-09-17T21:30:00-07:00,54,77,4.4
2025-09-17T22:00:00-07:00,54,78,4.4
2025-09-17T22:30:00-07:00,54,77,4.6
2025-09-17T23:00:00-07:00,55,76,5
2025-09-17T23:30:00-07:00,57,76,5.2
2025-09-18T00:00:00-07:00,58,75,5.3
2025-09-18T00:30:00-07:00,60,74,6.5
2025-09-18T01:00:00-07:00,60,74,5.5
2025-09-18T01:30:00-07:00,61,73,5.7
2025-09-18T02:00:00-07:00,61,72,5.9
2025-09-18T02:30:00-07:00,62,72,6
2025-09-18T03:00:00-07:00,64,72,6.3
2025-09-18T03:30:00-07:00,65,72,6.4
2025-09-18T04:00:00-07:00,65,71,6.5
2025-09-18T04:30:00-07:00,65,71,7.1
2025-09-18T05:00:00-07:00,65,71,7.1
2025-09-18T05:30:00-07:00,65,71,7
2025-09-18T06:00:00-07:00,66,71,6.3
2025-09-18T06:30:00-07:00,65,71,6
2025-09-18T07:00:00-07:00,65,71,5.9
2025-09-18T07:30:00-07:00,64,72,6.9
2025-09-18T08:00:00-07:00,63,72,7.6
2025-09-18T08:30:00-07:00,64,72,6.8
2025-09-18T09:00:00-07:00,61,74,6.1
2025-09-18T09:30:00-07:00,58,76,6.4
2025-09-18T10:00:00-07:00,54,78,6.9
2025-09-18T10:30:00-07:00,52,79,5.8
2025-09-18T11:00:00-07:00,50,80,6.3
2025-09-18T11:30:00-07:00,48,81,6.9
2025-09-18T12:00:00-07:00,48,81,7.4
2025-09-18T12:30:00-07:00,45,83,5.5
2025-09-18T13:00:00-07:00,44,84,5.6
2025-09-18T13:30:00-07:00,49,81,6
2025-09-18T14:00:00-07:00,53,79,6
2025-09-18T14:30:00-07:00,53,79,6.3
2025-09-18T15:00:00-07:00,53,78,6.5
2025-09-18T15:30:00-07:00,54,77,6.4
2025-09-18T16:00:00-07:00,58,75,6.5
2025-09-18T16:30:00-07:00,60,74,6.3
2025-09-18T17:00:00-07:00,59,74,5.9
2025-09-18T17:30:00-07:00,59,74,5.8
2025-09-18T18:00:00-07:00,60,73,5.3
2025-09-18T18:30:00-07:00,61,72,4.1
2025-09-18T19:00:00-07:00,62,72,3.8
2025-09-18T19:30:00-07:00,63,72,5.3
2025-09-18T20:00:00-07:00,64,71,4.8
2025-09-18T20:30:00-07:00,65,71,5.1
2025-09-18T21:00:00-07:00,65,71,5.4
2025-09-18T21:30:00-07:00,65,71,5.8
2025-09-18T22:00:00-07:00,66,71,7.1
2025-09-18T22:30:00-07:00,68,70,7.3
2025-09-18T23:00:00-07:00,67,70,6.8
2025-09-18T23:30:00-07:00,69,69,9.2
2025-09-19T00:00:00-07:00,69,69,8.3
2025-09-19T00:30:00-07:00,70,68,8.1
2025-09-19T01:00:00-07:00,71,68,10
2025-09-19T01:30:00-07:00,71,68,8.6
2025-09-19T02:00:00-07:00,71,68,8.1
2025-09-19T02:30:00-07:00,71,68,8.4
2025-09-19T03:00:00-07:00,72,68,9.6
2025-09-19T03:30:00-07:00,72,67,9.9
2025-09-19T04:00:00-07:00,74,67,8.9
2025-09-19T04:30:00-07:00,73,67,8.5
2025-09-19T05:00:00-07:00,72,68,7.5
2025-09-19T05:30:00-07:00,71,68,8.7
2025-09-19T06:00:00-07:00,71,68,9.1
2025-09-19T06:30:00-07:00,71,68,10
2025-09-19T07:00:00-07:00,71,68,10.4
2025-09-19T07:30:00-07:00,70,69,10.3
2025-09-19T08:00:00-07:00,69,70,11.8
2025-09-19T08:30:00-07:00,68,71,11.9
2025-09-19T09:00:00-07:00,66,72,10.9
2025-09-19T09:30:00-07:00,64,73,9.4
2025-09-19T10:00:00-07:00,59,76,8.6
2025-09-19T10:30:00-07:00,54,78,8.4
2025-09-19T11:00:00-07:00,51,80,8.3
2025-09-19T11:30:00-07:00,49,82,7.7
2025-09-19T12:00:00-07:00,47,83,7.8
2025-09-19T12:30:00-07:00,46,84,8.1
2025-09-19T13:00:00-07:00,45,84,8.9
2025-09-19T13:30:00-07:00,43,85,8.4
2025-09-19T14:00:00-07:00,44,85,6.8
2025-09-19T14:30:00-07:00,44,85,5.4
2025-09-19T15:00:00-07:00,46,84,4.6
2025-09-19T15:30:00-07:00,48,82,3.4
2025-09-19T16:00:00-07:00,48,81,2.9
2025-09-19T16:30:00-07:00,48,81,2.9
2025-09-19T17:00:00-07:00,48,81,3.1
2025-09-19T17:30:00-07:00,46,82,3
2025-09-19T18:00:00-07:00,46,83,3.2
2025-09-19T18:30:00-07:00,52,78,3.6
2025-09-19T19:00:00-07:00,59,74,4
2025-09-19T19:30:00-07:00,63,73,5.1
2025-09-19T20:00:00-07:00,65,72,5.4
2025-09-19T20:30:00-07:00,65,72,5.5
2025-09-19T21:00:00-07:00,65,72,5.5
2025-09-19T21:30:00-07:00,66,71,6.3
2025-09-19T22:00:00-07:00,68,71,6.4
2025-09-19T22:30:00-07:00,68,70,6.3
2025-09-19T23:00:00-07:00,68,70,6.5
2025-09-19T23:30:00-07:00,68,70,7.2
2025-09-20T00:00:00-07:00,69,70,6.7
2025-09-20T00:30:00-07:00,69,70,6.8
2025-09-20T01:00:00-07:00,68,70,7.1
2025-09-20T01:30:00-07:00,66,70,6.7
2025-09-20T02:00:00-07:00,66,70,7
2025-09-20T02:30:00-07:00,67,70,7.1
2025-09-20T03:00:00-07:00,67,70,7
2025-09-20T03:30:00-07:00,66,70,6.7
2025-09-20T04:00:00-07:00,66,70,6.3
2025-09-20T04:30:00-07:00,66,69,6.5
2025-09-20T05:00:00-07:00,67,69,6.5
2025-09-20T05:30:00-07:00,67,68,6.3
2025-09-20T06:00:00-07:00,67,68,6.2
2025-09-20T06:30:00-07:00,67,68,6.3
2025-09-20T07:00:00-07:00,68,68,6.6
2025-09-20T07:30:00-07:00,68,70,6.2
2025-09-20T08:00:00-07:00,67,71,6.6
2025-09-20T08:30:00-07:00,65,72,7.2
2025-09-20T09:00:00-07:00,64,73,8.7
2025-09-20T09:30:00-07:00,62,74,9.6
2025-09-20T10:00:00-07:00,61,75,10.5
2025-09-20T10:30:00-07:00,59,77,11.5
2025-09-20T11:00:00-07:00,56,78,12.8
2025-09-20T11:30:00-07:00,53,80,11.4
2025-09-20T12:00:00-07:00,50,82,10.2
2025-09-20T12:30:00-07:00,47,83,8.1
2025-09-20T13:00:00-07:00,46,84,7.3
2025-09-20T13:30:00-07:00,44,85,5.9
2025-09-20T14:00:00-07:00,44,84,5.2
2025-09-20T14:30:00-07:00,46,83,4.6
2025-09-20T15:00:00-07:00,46,83,3.6
2025-09-20T15:30:00-07:00,44,84,3.4
2025-09-20T16:00:00-07:00,46,82,3.4
2025-09-20T16:30:00-07:00,47,81,3.7
2025-09-20T17:00:00-07:00,48,81,3.9
2025-09-20T17:30:00-07:00,47,82,4.1
2025-09-20T18:00:00-07:00,46,82,4
2025-09-20T18:30:00-07:00,53,78,4.3
2025-09-20T19:00:00-07:00,60,74,4.8
2025-09-20T19:30:00-07:00,64,72,5.2
2025-09-20T20:00:00-07:00,63,72,4.8
2025-09-20T20:30:00-07:00,63,73,5
2025-09-20T21:00:00-07:00,65,73,5.1
2025-09-20T21:30:00-07:00,65,72,5.2
2025-09-20T22:00:00-07:00,66,72,5.2
2025-09-20T22:30:00-07:00,66,71,5.2
2025-09-20T23:00:00-07:00,68,71,5.2
2025-09-20T23:30:00-07:00,68,70,5.2
2025-09-21T00:00:00-07:00,69,70,5.5
2025-09-21T00:30:00-07:00,71,70,5.8
2025-09-21T01:00:00-07:00,71,70,6
2025-09-21T01:30:00-07:00,71,70,5.8
2025-09-21T02:00:00-07:00,70,70,5.9
2025-09-21T02:30:00-07:00,70,70,5.9
2025-09-21T03:00:00-07:00,70,70,6
2025-09-21T03:30:00-07:00,71,69,6.8
2025-09-21T04:00:00-07:00,73,69,6.6
2025-09-21T04:30:00-07:00,73,69,6.3
2025-09-21T05:00:00-07:00,74,69,6
2025-09-21T05:30:00-07:00,74,69,5.7
2025-09-21T06:00:00-07:00,74,69,5.5
2025-09-21T06:30:00-07:00,73,69,5.5
2025-09-21T07:00:00-07:00,73,69,5.2
2025-09-21T07:30:00-07:00,72,69,4.6
2025-09-21T08:00:00-07:00,74,68,4.7
2025-09-21T08:30:00-07:00,73,68,3.9
2025-09-21T09:00:00-07:00,73,68,2.3
2025-09-21T09:30:00-07:00,72,68,1.4
2025-09-21T10:00:00-07:00,69,70,2.1
2025-09-21T10:30:00-07:00,67,71,2.5
2025-09-21T11:00:00-07:00,61,74,3.1
2025-09-21T11:30:00-07:00,57,76,3.2
2025-09-21T12:00:00-07:00,52,79,3.1
2025-09-21T12:30:00-07:00,48,82,3.5
2025-09-21T13:00:00-07:00,47,83,3.8
2025-09-21T13:30:00-07:00,47,83,4.2
2025-09-21T14:00:00-07:00,48,83,3.9
2025-09-21T14:30:00-07:00,46,83,3.4
2025-09-21T15:00:00-07:00,45,84,4.3
2025-09-21T15:30:00-07:00,44,85,4.8
2025-09-21T16:00:00-07:00,41,85,4.8
2025-09-21T16:30:00-07:00,39,87,5.1
2025-09-21T17:00:00-07:00,38,88,4.8
2025-09-21T17:30:00-07:00,38,89,4.5
2025-09-21T18:00:00-07:00,38,90,4.7
2025-09-21T18:30:00-07:00,40,84,4.2
2025-09-21T19:00:00-07:00,50,78,5
2025-09-21T19:30:00-07:00,58,75,5.9
2025-09-21T20:00:00-07:00,61,73,6.6
2025-09-21T20:30:00-07:00,62,73,6.5
2025-09-21T21:00:00-07:00,63,73,6.2
2025-09-21T21:30:00-07:00,63,72,5.6
2025-09-21T22:00:00-07:00,62,72,5.3
2025-09-21T22:30:00-07:00,62,72,5.6
2025-09-21T23:00:00-07:00,62,71,5.9
2025-09-21T23:30:00-07:00,62,71,6.1
2025-09-22T00:00:00-07:00,63,70,5.9
2025-09-22T00:30:00-07:00,63,69,6
2025-09-22T01:00:00-07:00,64,69,6.4
2025-09-22T01:30:00-07:00,66,68,6.9
2025-09-22T02:00:00-07:00,67,68,6.4
2025-09-22T02:30:00-07:00,66,68,6
2025-09-22T03:00:00-07:00,66,67,5.9
2025-09-22T03:30:00-07:00,67,67,6.1
2025-09-22T04:00:00-07:00,66,66,6.2
2025-09-22T04:30:00-07:00,67,66,6.4
2025-09-22T05:00:00-07:00,66,65,6.5
2025-09-22T05:30:00-07:00,66,65,5.9
2025-09-22T06:00:00-07:00,67,65,5.9
2025-09-22T06:30:00-07:00,67,64,6.2
2025-09-22T07:00:00-07:00,67,64,7.9
2025-09-22T07:30:00-07:00,68,65,7.2
2025-09-22T08:00:00-07:00,66,67,7.3
2025-09-22T08:30:00-07:00,66,70,5.7
2025-09-22T09:00:00-07:00,63,72,6.3
2025-09-22T09:30:00-07:00,58,75,6.8
2025-09-22T10:00:00-07:00,53,78,6.1
2025-09-22T10:30:00-07:00,48,81,5.6
2025-09-22T11:00:00-07:00,45,83,5.2
2025-09-22T11:30:00-07:00,44,84,5
2025-09-22T12:00:00-07:00,41,85,5
2025-09-22T12:30:00-07:00,39,87,4.9
2025-09-22T13:00:00-07:00,35,89,4.3
2025-09-22T13:30:00-07:00,32,90,3.8
2025-09-22T14:00:00-07:00,30,92,3.7
2025-09-22T14:30:00-07:00,28,94,3.3
2025-09-22T15:00:00-07:00,28,94,3.8
2025-09-22T15:30:00-07:00,30,94,5.3
2025-09-22T16:00:00-07:00,31,93,5.8
2025-09-22T16:30:00-07:00,31,93,6.3
2025-09-22T17:00:00-07:00,33,93,7.4
2025-09-22T17:30:00-07:00,32,95,6.4
2025-09-22T18:00:00-07:00,33,94,5.9
2025-09-22T18:30:00-07:00,39,87,5.9
2025-09-22T19:00:00-07:00,46,83,6.3
2025-09-22T19:30:00-07:00,48,81,5.7
2025-09-22T20:00:00-07:00,49,79,5.7
2025-09-22T20:30:00-07:00,49,79,5.5
2025-09-22T21:00:00-07:00,50,78,5.4
2025-09-22T21:30:00-07:00,53,78,5.1
2025-09-22T22:00:00-07:00,54,77,5.5
2025-09-22T22:30:00-07:00,57,75,5.8
2025-09-22T23:00:00-07:00,56,75,5.7
2025-09-22T23:30:00-07:00,57,74,5.7
2025-09-23T00:00:00-07:00,58,73,6.1
2025-09-23T00:30:00-07:00,59,73,6
2025-09-23T01:00:00-07:00,60,72,6
2025-09-23T01:30:00-07:00,61,71,6.2
2025-09-23T02:00:00-07:00,62,71,6.2
2025-09-23T02:30:00-07:00,62,70,6.2
2025-09-23T03:00:00-07:00,62,69,6.7
2025-09-23T03:30:00-07:00,62,69,6.4
2025-09-23T04:00:00-07:00,63,69,6.6
2025-09-23T04:30:00-07:00,64,68,6.8
2025-09-23T05:00:00-07:00,64,68,6.4
2025-09-23T05:30:00-07:00,64,67,6.3
2025-09-23T06:00:00-07:00,64,67,6.3
2025-09-23T06:30:00-07:00,64,67,6.2
2025-09-23T07:00:00-07:00,65,67,6.6
2025-09-23T07:30:00-07:00,64,68,6.9
2025-09-23T08:00:00-07:00,62,70,7.6
2025-09-23T08:30:00-07:00,60,74,11.7
2025-09-23T09:00:00-07:00,54,77,10
2025-09-23T09:30:00-07:00,48,80,9.5
2025-09-23T10:00:00-07:00,46,83,11.3
2025-09-23T10:30:00-07:00,45,86,9.2
2025-09-23T11:00:00-07:00,41,88,6.8
2025-09-23T11:30:00-07:00,37,90,5.5
2025-09-23T12:00:00-07:00,32,93,5.1
2025-09-23T12:30:00-07:00,30,95,5.3
2025-09-23T13:00:00-07:00,26,96,4.3
2025-09-23T13:30:00-07:00,25,97,4.5
2025-09-23T14:00:00-07:00,25,98,5.2
2025-09-23T14:30:00-07:00,27,99,6.2
2025-09-23T15:00:00-07:00,23,100,6.6
2025-09-23T15:30:00-07:00,22,100,6.5
2025-09-23T16:00:00-07:00,24,99,8
2025-09-23T16:30:00-07:00,28,98,7.9
2025-09-23T17:00:00-07:00,29,97,6.6
2025-09-23T17:30:00-07:00,28,98,5.7
2025-09-23T18:00:00-07:00,28,96,5.2
2025-09-23T18:30:00-07:00,34,90,5.3
2025-09-23T19:00:00-07:00,40,87,5.7
2025-09-23T19:30:00-07:00,42,85,5.4
2025-09-23T20:00:00-07:00,43,85,5.4
2025-09-23T20:30:00-07:00,43,83,5.4
2025-09-23T21:00:00-07:00,42,83,5.4
2025-09-23T21:30:00-07:00,45,82,5.3
2025-09-23T22:00:00-07:00,48,81,5.5
2025-09-23T22:30:00-07:00,48,80,5.9
2025-09-23T23:00:00-07:00,52,79,6.6
2025-09-23T23:30:00-07:00,54,77,6.2
2025-09-24T00:00:00-07:00,54,77,6.5
2025-09-24T00:30:00-07:00,53,77,6.8
2025-09-24T01:00:00-07:00,53,76,6.7
2025-09-24T01:30:00-07:00,53,75,6.8
2025-09-24T02:00:00-07:00,54,75,6.8
2025-09-24T02:30:00-07:00,56,74,7.4
2025-09-24T03:00:00-07:00,58,74,7.5
2025-09-24T03:30:00-07:00,58,74,7.1
2025-09-24T04:00:00-07:00,57,74,7.1
2025-09-24T04:30:00-07:00,59,73,7.2
2025-09-24T05:00:00-07:00,62,73,8
2025-09-24T05:30:00-07:00,63,73,8.2
2025-09-24T06:00:00-07:00,63,73,8.5
2025-09-24T06:30:00-07:00,64,74,8.3
2025-09-24T07:00:00-07:00,63,74,8.2
2025-09-24T07:30:00-07:00,62,74,8.3
2025-09-24T08:00:00-07:00,62,75,10.6
2025-09-24T08:30:00-07:00,59,76,8.6
2025-09-24T09:00:00-07:00,57,77,8
2025-09-24T09:30:00-07:00,55,78,8.3
2025-09-24T10:00:00-07:00,54,78,8.3
2025-09-24T10:30:00-07:00,52,79,10.2
2025-09-24T11:00:00-07:00,49,80,7.7
2025-09-24T11:30:00-07:00,49,81,7.8
2025-09-24T12:00:00-07:00,50,80,8
2025-09-24T12:30:00-07:00,48,81,7.9
2025-09-24T13:00:00-07:00,49,81,8
2025-09-24T13:30:00-07:00,52,81,7.3
2025-09-24T14:00:00-07:00,53,82,6.1
2025-09-24T14:30:00-07:00,51,83,6.3
2025-09-24T15:00:00-07:00,45,85,6.4
2025-09-24T15:30:00-07:00,41,86,5.4
2025-09-24T16:00:00-07:00,38,87,5
2025-09-24T16:30:00-07:00,38,87,5
2025-09-24T17:00:00-07:00,36,87,4.7
2025-09-24T17:30:00-07:00,38,85,4.8
2025-09-24T18:00:00-07:00,40,85,5.8
2025-09-24T18:30:00-07:00,44,82,5.9
2025-09-24T19:00:00-07:00,46,81,6.1
2025-09-24T19:30:00-07:00,45,81,6.1
2025-09-24T20:00:00-07:00,45,80,6.1
2025-09-24T20:30:00-07:00,45,80,6.1
2025-09-24T21:00:00-07:00,46,79,6.4
2025-09-24T21:30:00-07:00,48,79,6.7
2025-09-24T22:00:00-07:00,49,78,7
2025-09-24T22:30:00-07:00,51,77,7.6
2025-09-24T23:00:00-07:00,53,77,7.5
2025-09-24T23:30:00-07:00,55,76,7.4
2025-09-25T00:00:00-07:00,55,76,7
2025-09-25T00:30:00-07:00,57,75,7.2
2025-09-25T01:00:00-07:00,56,75,6
2025-09-25T01:30:00-07:00,57,75,5.8
2025-09-25T02:00:00-07:00,58,75,6.2
2025-09-25T02:30:00-07:00,59,74,6.1
2025-09-25T03:00:00-07:00,59,74,6.4
2025-09-25T03:30:00-07:00,59,74,6.3
2025-09-25T04:00:00-07:00,59,74,6.7
2025-09-25T04:30:00-07:00,60,73,6.9
2025-09-25T05:00:00-07:00,61,73,7.1
2025-09-25T05:30:00-07:00,61,72,7.2
2025-09-25T06:00:00-07:00,62,71,7.1
2025-09-25T06:30:00-07:00,64,71,8.2
2025-09-25T07:00:00-07:00,63,71,8.8
2025-09-25T07:30:00-07:00,66,71,9.5
2025-09-25T08:00:00-07:00,70,71,10.4
2025-09-25T08:30:00-07:00,68,73,7.6
2025-09-25T09:00:00-07:00,62,75,8.1
2025-09-25T09:30:00-07:00,57,78,6.9
2025-09-25T10:00:00-07:00,54,79,5.1
2025-09-25T10:30:00-07:00,50,81,4.3
2025-09-25T11:00:00-07:00,45,84,3.5
2025-09-25T11:30:00-07:00,41,86,2.9
2025-09-25T12:00:00-07:00,46,84,5.7
2025-09-25T12:30:00-07:00,47,83,10.4
2025-09-25T13:00:00-07:00,45,84,10.1
2025-09-25T13:30:00-07:00,44,85,8.7
2025-09-25T14:00:00-07:00,41,86,7
2025-09-25T14:30:00-07:00,42,85,7.5
2025-09-25T15:00:00-07:00,47,83,7.8
2025-09-25T15:30:00-07:00,48,81,8.4
2025-09-25T16:00:00-07:00,52,78,8.6
2025-09-25T16:30:00-07:00,53,77,8.4
2025-09-25T17:00:00-07:00,54,77,8.2
2025-09-25T17:30:00-07:00,52,78,8.3
2025-09-25T18:00:00-07:00,55,76,8.3
2025-09-25T18:30:00-07:00,62,72,9.3
2025-09-25T19:00:00-07:00,66,70,9.9
2025-09-25T19:30:00-07:00,67,69,10
2025-09-25T20:00:00-07:00,67,69,10.1
2025-09-25T20:30:00-07:00,67,69,10.6
2025-09-25T21:00:00-07:00,67,69,10.8
2025-09-25T21:30:00-07:00,67,68,11
2025-09-25T22:00:00-07:00,67,68,11.1
2025-09-25T22:30:00-07:00,67,68,11.7
2025-09-25T23:00:00-07:00,66,69,11.5
2025-09-25T23:30:00-07:00,67,68,11.6
2025-09-26T00:00:00-07:00,68,68,11.4
2025-09-26T00:30:00-07:00,69,68,11.7
2025-09-26T01:00:00-07:00,69,68,11.1
2025-09-26T01:30:00-07:00,67,68,11.4
2025-09-26T02:00:00-07:00,65,69,11.6
2025-09-26T02:30:00-07:00,64,69,11.3
2025-09-26T03:00:00-07:00,64,70,11.6
2025-09-26T03:30:00-07:00,64,70,12.5
2025-09-26T04:00:00-07:00,65,70,15.4
2025-09-26T04:30:00-07:00,65,70,15.6
2025-09-26T05:00:00-07:00,65,70,14.4
2025-09-26T05:30:00-07:00,65,70,15.3
2025-09-26T06:00:00-07:00,65,70,15.4
2025-09-26T06:30:00-07:00,65,70,15.6
2025-09-26T07:00:00-07:00,66,69,15.7
2025-09-26T07:30:00-07:00,65,70,16.5
2025-09-26T08:00:00-07:00,65,71,16.3
2025-09-26T08:30:00-07:00,63,72,17.7
2025-09-26T09:00:00-07:00,60,73,17.4
2025-09-26T09:30:00-07:00,57,75,16.6
2025-09-26T10:00:00-07:00,54,76,16
2025-09-26T10:30:00-07:00,51,79,15.3
2025-09-26T11:00:00-07:00,48,80,15.6
2025-09-26T11:30:00-07:00,46,83,14.8
2025-09-26T12:00:00-07:00,45,84,14.9
2025-09-26T12:30:00-07:00,44,85,15.7
2025-09-26T13:00:00-07:00,43,86,15.8
2025-09-26T13:30:00-07:00,40,87,14
2025-09-26T14:00:00-07:00,37,87,12.2
2025-09-26T14:30:00-07:00,37,88,12.6
2025-09-26T15:00:00-07:00,37,89,11.8
2025-09-26T15:30:00-07:00,39,88,10.5
2025-09-26T16:00:00-07:00,40,87,11.1
2025-09-26T16:30:00-07:00,39,86,12.8
2025-09-26T17:00:00-07:00,36,87,13.2
2025-09-26T17:30:00-07:00,34,89,14
2025-09-26T18:00:00-07:00,35,88,15.4
2025-09-26T18:30:00-07:00,43,81,16.3
2025-09-26T19:00:00-07:00,46,78,17.1
2025-09-26T19:30:00-07:00,52,76,18.3
2025-09-26T20:00:00-07:00,56,74,19.2
2025-09-26T20:30:00-07:00,57,73,20.9
2025-09-26T21:00:00-07:00,57,72,21.7
2025-09-26T21:30:00-07:00,58,72,22
2025-09-26T22:00:00-07:00,58,72,22.3
2025-09-26T22:30:00-07:00,58,71,22.9
2025-09-26T23:00:00-07:00,58,71,23.4
2025-09-26T23:30:00-07:00,60,70,24.7
2025-09-27T00:00:00-07:00,60,70,23.7
2025-09-27T00:30:00-07:00,61,70,24.1
2025-09-27T01:00:00-07:00,61,69,25.4
2025-09-27T01:30:00-07:00,60,69,25.4
2025-09-27T02:00:00-07:00,60,69,24.5
2025-09-27T02:30:00-07:00,61,68,24.7
2025-09-27T03:00:00-07:00,61,68,24.4
2025-09-27T03:30:00-07:00,62,67,24.3
2025-09-27T04:00:00-07:00,63,67,24.8
2025-09-27T04:30:00-07:00,64,66,24.2
2025-09-27T05:00:00-07:00,65,66,21.1
2025-09-27T05:30:00-07:00,64,66,19
2025-09-27T06:00:00-07:00,65,66,17.6
2025-09-27T06:30:00-07:00,65,65,16.8
2025-09-27T07:00:00-07:00,66,65,16.9
2025-09-27T07:30:00-07:00,66,66,15.9
2025-09-27T08:00:00-07:00,67,68,16.8
2025-09-27T08:30:00-07:00,65,70,15.9
2025-09-27T09:00:00-07:00,61,72,15
2025-09-27T09:30:00-07:00,57,74,14.4
2025-09-27T10:00:00-07:00,53,76,13.6
2025-09-27T10:30:00-07:00,51,78,12.8
2025-09-27T11:00:00-07:00,48,80,13.6
2025-09-27T11:30:00-07:00,46,81,13.9
2025-09-27T12:00:00-07:00,45,82,12
2025-09-27T12:30:00-07:00,44,84,10.6
2025-09-27T13:00:00-07:00,43,85,10
2025-09-27T13:30:00-07:00,45,84,8.3
2025-09-27T14:00:00-07:00,46,83,7.9
2025-09-27T14:30:00-07:00,47,82,7
2025-09-27T15:00:00-07:00,48,81,6.6
2025-09-27T15:30:00-07:00,47,82,6
2025-09-27T16:00:00-07:00,45,83,4.6
2025-09-27T16:30:00-07:00,46,83,4.1
2025-09-27T17:00:00-07:00,45,84,4.2
2025-09-27T17:30:00-07:00,41,87,3.8
2025-09-27T18:00:00-07:00,40,88,4.2
2025-09-27T18:30:00-07:00,47,82,5.6
2025-09-27T19:00:00-07:00,54,77,7.2
2025-09-27T19:30:00-07:00,57,76,8.6
2025-09-27T20:00:00-07:00,60,74,8.9
2025-09-27T20:30:00-07:00,61,73,9.3
2025-09-27T21:00:00-07:00,62,73,9.7
2025-09-27T21:30:00-07:00,62,73,9.6
2025-09-27T22:00:00-07:00,62,72,6.3
2025-09-27T22:30:00-07:00,62,73,6.2
2025-09-27T23:00:00-07:00,63,72,8.4
2025-09-27T23:30:00-07:00,64,72,7.6
2025-09-28T00:00:00-07:00,65,71,7.2
2025-09-28T00:30:00-07:00,66,72,7
2025-09-28T01:00:00-07:00,65,72,5.9
2025-09-28T01:30:00-07:00,64,72,5
2025-09-28T02:00:00-07:00,64,72,5.2
2025-09-28T02:30:00-07:00,63,73,5.2
2025-09-28T03:00:00-07:00,62,73,5.1
2025-09-28T03:30:00-07:00,62,73,5
2025-09-28T04:00:00-07:00,62,73,4.6
2025-09-28T04:30:00-07:00,62,73,3.6
2025-09-28T05:00:00-07:00,62,74,4.5
2025-09-28T05:30:00-07:00,62,73,3
2025-09-28T06:00:00-07:00,62,73,2.6
2025-09-28T06:30:00-07:00,62,73,2.1
2025-09-28T07:00:00-07:00,63,73,1.5
2025-09-28T07:30:00-07:00,65,72,3.5
2025-09-28T08:00:00-07:00,66,71,5
2025-09-28T08:30:00-07:00,66,71,4.8
2025-09-28T09:00:00-07:00,65,72,4.5
2025-09-28T09:30:00-07:00,62,74,3.8
2025-09-28T10:00:00-07:00,59,75,4.9
2025-09-28T10:30:00-07:00,59,75,6.4
2025-09-28T11:00:00-07:00,55,77,4.1
2025-09-28T11:30:00-07:00,53,78,3
2025-09-28T12:00:00-07:00,54,77,3.2
2025-09-28T12:30:00-07:00,58,76,7.7
2025-09-28T13:00:00-07:00,58,76,15.4
2025-09-28T13:30:00-07:00,58,76,19
2025-09-28T14:00:00-07:00,57,77,17
2025-09-28T14:30:00-07:00,56,78,11.1
2025-09-28T15:00:00-07:00,53,79,8.4
2025-09-28T15:30:00-07:00,49,82,6.3
2025-09-28T16:00:00-07:00,48,82,5.4
2025-09-28T16:30:00-07:00,46,82,4.3
2025-09-28T17:00:00-07:00,48,81,4.3
2025-09-28T17:30:00-07:00,50,80,3.9
2025-09-28T18:00:00-07:00,51,79,4.1
2025-09-28T18:30:00-07:00,51,78,4.1
2025-09-28T19:00:00-07:00,53,77,4.2
2025-09-28T19:30:00-07:00,55,76,2.5
2025-09-28T20:00:00-07:00,56,76,2
2025-09-28T20:30:00-07:00,57,75,2.1
2025-09-28T21:00:00-07:00,57,75,2.7
2025-09-28T21:30:00-07:00,56,76,3
2025-09-28T22:00:00-07:00,56,76,3
2025-09-28T22:30:00-07:00,56,76,3.5
2025-09-28T23:00:00-07:00,58,75,3.6
2025-09-28T23:30:00-07:00,58,75,3.7
2025-09-29T00:00:00-07:00,58,75,4.2
2025-09-29T00:30:00-07:00,58,75,3.9
2025-09-29T01:00:00-07:00,58,74,3.4
2025-09-29T01:30:00-07:00,58,74,3.6
2025-09-29T02:00:00-07:00,59,74,3.9
2025-09-29T02:30:00-07:00,60,73,4.4
2025-09-29T03:00:00-07:00,61,73,3.3
2025-09-29T03:30:00-07:00,61,73,2.4
2025-09-29T04:00:00-07:00,61,73,2.9
2025-09-29T04:30:00-07:00,64,72,3.3
2025-09-29T05:00:00-07:00,65,72,4.1
2025-09-29T05:30:00-07:00,65,72,5.6
2025-09-29T06:00:00-07:00,64,73,5.2
2025-09-29T06:30:00-07:00,65,72,6.6
2025-09-29T07:00:00-07:00,66,72,6.5
2025-09-29T07:30:00-07:00,65,73,7.1
2025-09-29T08:00:00-07:00,64,73,6.9
2025-09-29T08:30:00-07:00,62,74,5
2025-09-29T09:00:00-07:00,58,75,4.7
2025-09-29T09:30:00-07:00,57,76,4.4
2025-09-29T10:00:00-07:00,56,76,3.8
2025-09-29T10:30:00-07:00,55,77,3.8
2025-09-29T11:00:00-07:00,53,77,4.3
2025-09-29T11:30:00-07:00,53,77,4.7
2025-09-29T12:00:00-07:00,53,77,5
2025-09-29T12:30:00-07:00,52,78,5.2
2025-09-29T13:00:00-07:00,49,79,5.5
2025-09-29T13:30:00-07:00,46,80,5.6
2025-09-29T14:00:00-07:00,44,81,6
2025-09-29T14:30:00-07:00,42,82,6.2
2025-09-29T15:00:00-07:00,40,83,6.7
2025-09-29T15:30:00-07:00,39,83,6.8
2025-09-29T16:00:00-07:00,37,83,6.2
2025-09-29T16:30:00-07:00,37,84,6.5
2025-09-29T17:00:00-07:00,42,82,8
2025-09-29T17:30:00-07:00,46,79,6.3
2025-09-29T18:00:00-07:00,49,78,3.7
2025-09-29T18:30:00-07:00,51,77,3.9
2025-09-29T19:00:00-07:00,52,76,5.3
2025-09-29T19:30:00-07:00,53,75,7.6
2025-09-29T20:00:00-07:00,53,75,8.8
2025-09-29T20:30:00-07:00,53,75,7.2
2025-09-29T21:00:00-07:00,54,75,4.8
2025-09-29T21:30:00-07:00,57,74,6.6
2025-09-29T22:00:00-07:00,59,73,7.6
2025-09-29T22:30:00-07:00,58,74,6.9
2025-09-29T23:00:00-07:00,57,74,6.8
2025-09-29T23:30:00-07:00,57,74,6.4
2025-09-30T00:00:00-07:00,56,75,6.3
2025-09-30T00:30:00-07:00,57,74,5.6
2025-09-30T01:00:00-07:00,57,74,5.2
2025-09-30T01:30:00-07:00,56,74,5.3
2025-09-30T02:00:00-07:00,58,73,5.8
2025-09-30T02:30:00-07:00,64,72,6.6
2025-09-30T03:00:00-07:00,67,71,8.9
2025-09-30T03:30:00-07:00,69,70,10.3
2025-09-30T04:00:00-07:00,70,70,10.7
2025-09-30T04:30:00-07:00,70,70,9.8
2025-09-30T05:00:00-07:00,69,70,9.1
2025-09-30T05:30:00-07:00,69,70,8.5
2025-09-30T06:00:00-07:00,69,69,6.7
2025-09-30T06:30:00-07:00,69,69,7.5
2025-09-30T07:00:00-07:00,69,69,6.7
2025-09-30T07:30:00-07:00,68,70,6.3
2025-09-30T08:00:00-07:00,69,70,6
2025-09-30T08:30:00-07:00,66,72,5.1
2025-09-30T09:00:00-07:00,63,74,4.7
2025-09-30T09:30:00-07:00,59,75,4.1
2025-09-30T10:00:00-07:00,53,78,2.2
2025-09-30T10:30:00-07:00,49,80,2
2025-09-30T11:00:00-07:00,46,81,1.8
2025-09-30T11:30:00-07:00,47,79,1.8
2025-09-30T12:00:00-07:00,42,82,1.9
2025-09-30T12:30:00-07:00,39,83,2
2025-09-30T13:00:00-07:00,38,84,2.2
2025-09-30T13:30:00-07:00,38,85,2.7
2025-09-30T14:00:00-07:00,38,85,2.6
2025-09-30T14:30:00-07:00,36,84,1.5
2025-09-30T15:00:00-07:00,35,84,1.5
2025-09-30T15:30:00-07:00,36,83,1.2
2025-09-30T16:00:00-07:00,38,83,1.2
2025-09-30T16:30:00-07:00,40,82,1.1
2025-09-30T17:00:00-07:00,43,81,1.7
2025-09-30T17:30:00-07:00,46,79,1.5
2025-09-30T18:00:00-07:00,50,78,1.6
2025-09-30T18:30:00-07:00,54,77,2.1
2025-09-30T19:00:00-07:00,57,75,3.1
2025-09-30T19:30:00-07:00,57,75,3.2
2025-09-30T20:00:00-07:00,57,76,3.3
2025-09-30T20:30:00-07:00,58,76,3.3
2025-09-30T21:00:00-07:00,56,75,2.4
2025-09-30T21:30:00-07:00,54,75,2.2
2025-09-30T22:00:00-07:00,52,75,2
2025-09-30T22:30:00-07:00,52,75,2.2
2025-09-30T23:00:00-07:00,53,74,2.4
2025-09-30T23:30:00-07:00,54,74,2.6
2025-10-01T00:00:00-07:00,56,73,2.4
2025-10-01T00:30:00-07:00,57,73,1.9
2025-10-01T01:00:00-07:00,57,73,1.8
2025-10-01T01:30:00-07:00,58,73,1.9
2025-10-01T02:00:00-07:00,58,73,2.1
2025-10-01T02:30:00-07:00,58,72,2
2025-10-01T03:00:00-07:00,58,73,1.9
2025-10-01T03:30:00-07:00,57,73,1.8
2025-10-01T04:00:00-07:00,57,72,1.8
2025-10-01T04:30:00-07:00,57,73,1.9
2025-10-01T05:00:00-07:00,59,72,2.2
2025-10-01T05:30:00-07:00,62,72,2.5
2025-10-01T06:00:00-07:00,62,71,2.5
2025-10-01T06:30:00-07:00,62,72,2.5
2025-10-01T07:00:00-07:00,61,72,2.8
2025-10-01T07:30:00-07:00,60,72,2.5
2025-10-01T08:00:00-07:00,59,73,2.2
2025-10-01T08:30:00-07:00,56,74,1.9
2025-10-01T09:00:00-07:00,53,74,1.5
2025-10-01T09:30:00-07:00,49,74,0.6
2025-10-01T10:00:00-07:00,48,74,0.5
2025-10-01T10:30:00-07:00,48,75,0.3
2025-10-01T11:00:00-07:00,47,77,0.4
2025-10-01T11:30:00-07:00,43,79,0.3
2025-10-01T12:00:00-07:00,40,82,0.1
2025-10-01T12:30:00-07:00,38,85,0.2
2025-10-01T13:00:00-07:00,38,84,0.2
2025-10-01T13:30:00-07:00,37,85,1.9
2025-10-01T14:00:00-07:00,37,85,1
2025-10-01T14:30:00-07:00,37,85,0.6
2025-10-01T15:00:00-07:00,36,86,0.3
2025-10-01T15:30:00-07:00,36,86,0.3
2025-10-01T16:00:00-07:00,38,85,0.3
2025-10-01T16:30:00-07:00,42,83,0.4
2025-10-01T17:00:00-07:00,46,80,0.4
2025-10-01T17:30:00-07:00,52,78,0.4
2025-10-01T18:00:00-07:00,56,76,0.5
2025-10-01T18:30:00-07:00,58,75,0.6
2025-10-01T19:00:00-07:00,61,74,0.7
2025-10-01T19:30:00-07:00,62,74,0.8
2025-10-01T20:00:00-07:00,62,74,0.7
2025-10-01T20:30:00-07:00,62,74,0.8
2025-10-01T21:00:00-07:00,61,74,0.8
2025-10-01T21:30:00-07:00,61,74,1
2025-10-01T22:00:00-07:00,61,74,1.2
2025-10-01T22:30:00-07:00,61,74,1.6
2025-10-01T23:00:00-07:00,62,74,2.4
2025-10-01T23:30:00-07:00,62,73,2.5
2025-10-02T00:00:00-07:00,62,73,2.6
2025-10-02T00:30:00-07:00,64,72,2.1
2025-10-02T01:00:00-07:00,63,72,1.2
2025-10-02T01:30:00-07:00,62,73,1.1
2025-10-02T02:00:00-07:00,62,73,1.1
2025-10-02T02:30:00-07:00,61,74,1.3
2025-10-02T03:00:00-07:00,60,74,1.2
2025-10-02T03:30:00-07:00,61,74,1.4
2025-10-02T04:00:00-07:00,62,74,1.7
2025-10-02T04:30:00-07:00,67,73,2.1
2025-10-02T05:00:00-07:00,72,71,1.8
2025-10-02T05:30:00-07:00,75,70,1.9
2025-10-02T06:00:00-07:00,76,70,2.3
2025-10-02T06:30:00-07:00,76,70,1.5
2025-10-02T07:00:00-07:00,76,70,1.7
2025-10-02T07:30:00-07:00,77,69,1.3
2025-10-02T08:00:00-07:00,77,70,1.7
2025-10-02T08:30:00-07:00,75,70,2.1
2025-10-02T09:00:00-07:00,75,70,2
2025-10-02T09:30:00-07:00,75,70,2
2025-10-02T10:00:00-07:00,73,71,1.7
2025-10-02T10:30:00-07:00,70,73,1.6
2025-10-02T11:00:00-07:00,63,74,1.2
2025-10-02T11:30:00-07:00,57,76,1.5
2025-10-02T12:00:00-07:00,50,79,1.5
2025-10-02T12:30:00-07:00,50,79,1.7
2025-10-02T13:00:00-07:00,53,78,2.4
2025-10-02T13:30:00-07:00,52,77,2
2025-10-02T14:00:00-07:00,48,77,1.6
2025-10-02T14:30:00-07:00,44,75,1.2
2025-10-02T15:00:00-07:00,48,75,1.4
2025-10-02T15:30:00-07:00,50,74,1.6
2025-10-02T16:00:00-07:00,49,75,1.8
2025-10-02T16:30:00-07:00,46,76,1.6
2025-10-02T17:00:00-07:00,48,76,2.1
2025-10-02T17:30:00-07:00,49,77,2.7
2025-10-02T18:00:00-07:00,53,75,2.8
2025-10-02T18:30:00-07:00,59,71,3.3
2025-10-02T19:00:00-07:00,62,70,3.5
2025-10-02T19:30:00-07:00,64,69,3.7
2025-10-02T20:00:00-07:00,64,69,3.3
2025-10-02T20:30:00-07:00,64,70,3.3
2025-10-02T21:00:00-07:00,66,70,2.7
2025-10-02T21:30:00-07:00,70,69,2.6
2025-10-02T22:00:00-07:00,72,69,2.7
2025-10-02T22:30:00-07:00,70,70,2.2
2025-10-02T23:00:00-07:00,70,70,1.5
2025-10-02T23:30:00-07:00,69,69,1.1
2025-10-03T00:00:00-07:00,69,69,0.9
2025-10-03T00:30:00-07:00,69,68,0.9
2025-10-03T01:00:00-07:00,68,68,0.8
2025-10-03T01:30:00-07:00,68,68,0.7
2025-10-03T02:00:00-07:00,67,68,1.4
2025-10-03T02:30:00-07:00,68,68,1.2
2025-10-03T03:00:00-07:00,69,67,1.3
2025-10-03T03:30:00-07:00,68,67,1.5
2025-10-03T04:00:00-07:00,68,66,1.5
2025-10-03T04:30:00-07:00,67,67,1.3
2025-10-03T05:00:00-07:00,67,67,1.2
2025-10-03T05:30:00-07:00,67,67,1.3
2025-10-03T06:00:00-07:00,68,66,1.4
2025-10-03T06:30:00-07:00,67,66,1.5
2025-10-03T07:00:00-07:00,66,66,1.4
2025-10-03T07:30:00-07:00,66,66,1.9
2025-10-03T08:00:00-07:00,65,67,1.7
2025-10-03T08:30:00-07:00,64,68,1.8
2025-10-03T09:00:00-07:00,62,68,1.7
2025-10-03T09:30:00-07:00,61,69,1.8
2025-10-03T10:00:00-07:00,60,69,1.7
2025-10-03T10:30:00-07:00,60,69,1.9
2025-10-03T11:00:00-07:00,57,71,1.7
2025-10-03T11:30:00-07:00,55,71,1.6
2025-10-03T12:00:00-07:00,52,73,1.5
2025-10-03T12:30:00-07:00,51,74,1.8
2025-10-03T13:00:00-07:00,49,75,1.6
2025-10-03T13:30:00-07:00,47,76,1.6
2025-10-03T14:00:00-07:00,43,78,1.5
2025-10-03T14:30:00-07:00,44,78,1.6
2025-10-03T15:00:00-07:00,44,78,1.9
2025-10-03T15:30:00-07:00,43,78,1.9
2025-10-03T16:00:00-07:00,43,78,2.2
2025-10-03T16:30:00-07:00,45,78,2.3
2025-10-03T17:00:00-07:00,45,78,2.4
2025-10-03T17:30:00-07:00,45,78,2.1
2025-10-03T18:00:00-07:00,48,76,2
2025-10-03T18:30:00-07:00,56,71,2.1
2025-10-03T19:00:00-07:00,60,69,2.9
2025-10-03T19:30:00-07:00,63,68,2.9
2025-10-03T20:00:00-07:00,66,67,3.1
2025-10-03T20:30:00-07:00,66,67,3.4
2025-10-03T21:00:00-07:00,67,67,3.6
2025-10-03T21:30:00-07:00,67,67,3.9
2025-10-03T22:00:00-07:00,67,67,4
2025-10-03T22:30:00-07:00,66,67,4.1
2025-10-03T23:00:00-07:00,66,66,4.2
2025-10-03T23:30:00-07:00,67,65,4
2025-10-04T00:00:00-07:00,67,65,4.1
2025-10-04T00:30:00-07:00,68,64,4.1
2025-10-04T01:00:00-07:00,68,64,4
2025-10-04T01:30:00-07:00,68,64,4.1
2025-10-04T02:00:00-07:00,68,63,3.6
2025-10-04T02:30:00-07:00,68,63,3.6
2025-10-04T03:00:00-07:00,69,62,3.7
2025-10-04T03:30:00-07:00,69,62,3.8
2025-10-04T04:00:00-07:00,69,62,4
2025-10-04T04:30:00-07:00,69,61,4.1
2025-10-04T05:00:00-07:00,69,61,3.5
2025-10-04T05:30:00-07:00,69,61,3.4
2025-10-04T06:00:00-07:00,69,61,3.3
2025-10-04T06:30:00-07:00,69,60,3.1
2025-10-04T07:00:00-07:00,69,60,3.1
2025-10-04T07:30:00-07:00,70,60,3.6
2025-10-04T08:00:00-07:00,71,62,5.1
2025-10-04T08:30:00-07:00,70,65,6.7
2025-10-04T09:00:00-07:00,66,67,7.7
2025-10-04T09:30:00-07:00,61,69,8.6
2025-10-04T10:00:00-07:00,57,72,6.8
2025-10-04T10:30:00-07:00,53,74,5.9
2025-10-04T11:00:00-07:00,49,76,5.2
2025-10-04T11:30:00-07:00,46,78,4.4
2025-10-04T12:00:00-07:00,45,79,4.1
2025-10-04T12:30:00-07:00,44,80,3.4
2025-10-04T13:00:00-07:00,44,80,3.5
2025-10-04T13:30:00-07:00,43,80,3.5
2025-10-04T14:00:00-07:00,42,81,3.8
2025-10-04T14:30:00-07:00,41,82,3.8
2025-10-04T15:00:00-07:00,41,82,3.5
2025-10-04T15:30:00-07:00,42,81,3.5
2025-10-04T16:00:00-07:00,46,80,4
2025-10-04T16:30:00-07:00,46,80,3.5
2025-10-04T17:00:00-07:00,48,79,3.5
2025-10-04T17:30:00-07:00,46,79,3.3
2025-10-04T18:00:00-07:00,47,78,3.4
2025-10-04T18:30:00-07:00,55,73,3.8
2025-10-04T19:00:00-07:00,61,70,3.5
2025-10-04T19:30:00-07:00,64,68,3.9
2025-10-04T20:00:00-07:00,66,68,4
2025-10-04T20:30:00-07:00,68,67,4.5
2025-10-04T21:00:00-07:00,68,67,5.1
2025-10-04T21:30:00-07:00,67,67,4.6
2025-10-04T22:00:00-07:00,67,67,6.4
2025-10-04T22:30:00-07:00,66,67,5.2
2025-10-04T23:00:00-07:00,66,66,4.5
2025-10-04T23:30:00-07:00,65,65,4.3
2025-10-05T00:00:00-07:00,65,64,4.4
2025-10-05T00:30:00-07:00,67,64,4.8
2025-10-05T01:00:00-07:00,67,63,5.5
2025-10-05T01:30:00-07:00,68,62,5.6
2025-10-05T02:00:00-07:00,68,62,6
2025-10-05T02:30:00-07:00,68,62,4.5
2025-10-05T03:00:00-07:00,68,61,3.6
2025-10-05T03:30:00-07:00,68,61,3.9
2025-10-05T04:00:00-07:00,68,61,3.7
2025-10-05T04:30:00-07:00,68,61,4
2025-10-05T05:00:00-07:00,69,60,4
2025-10-05T05:30:00-07:00,68,60,3.8
2025-10-05T06:00:00-07:00,68,60,3.9
2025-10-05T06:30:00-07:00,68,59,3.9
2025-10-05T07:00:00-07:00,68,59,3.8
2025-10-05T07:30:00-07:00,69,59,3.6
2025-10-05T08:00:00-07:00,70,62,4.6
2025-10-05T08:30:00-07:00,70,65,6.5
2025-10-05T09:00:00-07:00,68,67,7.9
2025-10-05T09:30:00-07:00,63,70,7.5
2025-10-05T10:00:00-07:00,58,72,6.4
2025-10-05T10:30:00-07:00,53,75,5.9
2025-10-05T11:00:00-07:00,50,77,5.5
2025-10-05T11:30:00-07:00,48,78,5.8
2025-10-05T12:00:00-07:00,46,79,5
2025-10-05T12:30:00-07:00,41,80,3.3
2025-10-05T13:00:00-07:00,38,82,3
2025-10-05T13:30:00-07:00,35,83,2.7
2025-10-05T14:00:00-07:00,36,84,3.5
2025-10-05T14:30:00-07:00,36,84,3.6
2025-10-05T15:00:00-07:00,36,84,3.4
2025-10-05T15:30:00-07:00,39,83,5.3
2025-10-05T16:00:00-07:00,39,83,5.7
2025-10-05T16:30:00-07:00,39,83,4.6
2025-10-05T17:00:00-07:00,41,84,4.1
2025-10-05T17:30:00-07:00,41,83,4.3
2025-10-05T18:00:00-07:00,43,81,4.3
2025-10-05T18:30:00-07:00,49,76,4.4
2025-10-05T19:00:00-07:00,55,74,5
2025-10-05T19:30:00-07:00,57,73,5.5
2025-10-05T20:00:00-07:00,60,72,5.9
2025-10-05T20:30:00-07:00,61,72,5.8
2025-10-05T21:00:00-07:00,62,71,5.6
2025-10-05T21:30:00-07:00,61,71,5.5
2025-10-05T22:00:00-07:00,61,70,5.7
2025-10-05T22:30:00-07:00,62,69,5.9
2025-10-05T23:00:00-07:00,62,68,6.1
2025-10-05T23:30:00-07:00,63,67,6.6
2025-10-06T00:00:00-07:00,64,67,7
2025-10-06T00:30:00-07:00,65,66,7.2
2025-10-06T01:00:00-07:00,65,66,7.2
2025-10-06T01:30:00-07:00,66,65,7.3
2025-10-06T02:00:00-07:00,66,65,7.1
2025-10-06T02:30:00-07:00,66,64,7.1
2025-10-06T03:00:00-07:00,66,64,7
2025-10-06T03:30:00-07:00,66,63,6.7
2025-10-06T04:00:00-07:00,66,63,6.5
2025-10-06T04:30:00-07:00,66,63,6
2025-10-06T05:00:00-07:00,66,62,6.7
2025-10-06T05:30:00-07:00,67,62,7.8
2025-10-06T06:00:00-07:00,67,61,7.6
2025-10-06T06:30:00-07:00,67,61,7.2
2025-10-06T07:00:00-07:00,68,61,7.7
2025-10-06T07:30:00-07:00,69,62,8.8
2025-10-06T08:00:00-07:00,68,64,8.6
2025-10-06T08:30:00-07:00,67,67,11.1
2025-10-06T09:00:00-07:00,61,70,10
2025-10-06T09:30:00-07:00,54,73,8.8
2025-10-06T10:00:00-07:00,49,76,11.3
2025-10-06T10:30:00-07:00,44,79,7.9
2025-10-06T11:00:00-07:00,40,82,6.6
2025-10-06T11:30:00-07:00,40,84,5.8
2025-10-06T12:00:00-07:00,37,86,5.5
2025-10-06T12:30:00-07:00,32,87,4.3
2025-10-06T13:00:00-07:00,29,88,3.6
2025-10-06T13:30:00-07:00,27,89,3.2
2025-10-06T14:00:00-07:00,27,89,3.4
2025-10-06T14:30:00-07:00,29,89,3.4
2025-10-06T15:00:00-07:00,29,89,3.4
2025-10-06T15:30:00-07:00,28,89,4
2025-10-06T16:00:00-07:00,27,90,3.5
2025-10-06T16:30:00-07:00,26,92,3.1
2025-10-06T17:00:00-07:00,23,93,2.1
2025-10-06T17:30:00-07:00,23,94,2.3
2025-10-06T18:00:00-07:00,32,90,3.6
2025-10-06T18:30:00-07:00,38,83,3.6
2025-10-06T19:00:00-07:00,41,80,3.6
2025-10-06T19:30:00-07:00,45,78,3.5
2025-10-06T20:00:00-07:00,49,77,3.6
2025-10-06T20:30:00-07:00,53,76,3.8
2025-10-06T21:00:00-07:00,55,75,4.2
2025-10-06T21:30:00-07:00,57,74,4.3
2025-10-06T22:00:00-07:00,58,74,4.3
2025-10-06T22:30:00-07:00,59,73,5.4
2025-10-06T23:00:00-07:00,60,72,5.7
2025-10-06T23:30:00-07:00,63,71,5.9
2025-10-07T00:00:00-07:00,63,71,6.2
2025-10-07T00:30:00-07:00,63,70,6.8
2025-10-07T01:00:00-07:00,63,69,7.2
2025-10-07T01:30:00-07:00,63,68,7.4
2025-10-07T02:00:00-07:00,63,68,7.6
2025-10-07T02:30:00-07:00,63,67,7.1
2025-10-07T03:00:00-07:00,62,66,6.3
2025-10-07T03:30:00-07:00,61,66,6
2025-10-07T04:00:00-07:00,62,65,5.7
2025-10-07T04:30:00-07:00,62,65,5.4
2025-10-07T05:00:00-07:00,62,64,5.8
2025-10-07T05:30:00-07:00,63,64,5.7
2025-10-07T06:00:00-07:00,63,63,5.8
2025-10-07T06:30:00-07:00,64,63,6.2
2025-10-07T07:00:00-07:00,64,62,6
2025-10-07T07:30:00-07:00,65,62,6.4
2025-10-07T08:00:00-07:00,64,65,9.1
2025-10-07T08:30:00-07:00,60,68,11.4
2025-10-07T09:00:00-07:00,55,71,10.7
2025-10-07T09:30:00-07:00,50,75,12
2025-10-07T10:00:00-07:00,44,78,8.3
2025-10-07T10:30:00-07:00,38,82,6.4
2025-10-07T11:00:00-07:00,34,84,5.7
2025-10-07T11:30:00-07:00,33,86,5.3
2025-10-07T12:00:00-07:00,30,87,4.7
2025-10-07T12:30:00-07:00,31,88,5.3
2025-10-07T13:00:00-07:00,30,89,5.5
2025-10-07T13:30:00-07:00,29,89,5.4
2025-10-07T14:00:00-07:00,30,89,6.1
2025-10-07T14:30:00-07:00,33,88,8.5
2025-10-07T15:00:00-07:00,34,87,9.1
2025-10-07T15:30:00-07:00,39,85,13.7
2025-10-07T16:00:00-07:00,41,84,15.1
2025-10-07T16:30:00-07:00,42,83,14.4
2025-10-07T17:00:00-07:00,42,83,12.8
2025-10-07T17:30:00-07:00,42,84,11.4
2025-10-07T18:00:00-07:00,46,81,10.8
2025-10-07T18:30:00-07:00,53,76,10.1
2025-10-07T19:00:00-07:00,57,74,10
2025-10-07T19:30:00-07:00,59,73,10.3
2025-10-07T20:00:00-07:00,61,72,11
2025-10-07T20:30:00-07:00,60,72,11.1
2025-10-07T21:00:00-07:00,61,71,11.1
2025-10-07T21:30:00-07:00,62,71,11
2025-10-07T22:00:00-07:00,64,70,11
2025-10-07T22:30:00-07:00,64,69,11
2025-10-07T23:00:00-07:00,64,69,11.1
2025-10-07T23:30:00-07:00,63,69,10.9
2025-10-08T00:00:00-07:00,64,68,11.1
2025-10-08T00:30:00-07:00,66,67,11.9
2025-10-08T01:00:00-07:00,65,67,12
2025-10-08T01:30:00-07:00,65,66,11.6
2025-10-08T02:00:00-07:00,65,66,11.5
2025-10-08T02:30:00-07:00,66,65,11.7
2025-10-08T03:00:00-07:00,67,66,11.4
2025-10-08T03:30:00-07:00,67,67,11.8
2025-10-08T04:00:00-07:00,66,68,12.1
2025-10-08T04:30:00-07:00,66,69,12.9
2025-10-08T05:00:00-07:00,68,68,15.3
2025-10-08T05:30:00-07:00,68,68,15.4
2025-10-08T06:00:00-07:00,68,68,14.4
2025-10-08T06:30:00-07:00,68,68,13.5
2025-10-08T07:00:00-07:00,67,68,13.7
2025-10-08T07:30:00-07:00,67,68,14.3
2025-10-08T08:00:00-07:00,66,69,14.5
2025-10-08T08:30:00-07:00,64,69,12.2
2025-10-08T09:00:00-07:00,62,70,11.7
2025-10-08T09:30:00-07:00,61,71,11
2025-10-08T10:00:00-07:00,59,72,10.6
2025-10-08T10:30:00-07:00,56,73,9.6
2025-10-08T11:00:00-07:00,53,75,8.7
2025-10-08T11:30:00-07:00,49,77,8.2
2025-10-08T12:00:00-07:00,46,79,7.9
2025-10-08T12:30:00-07:00,44,81,7.4
2025-10-08T13:00:00-07:00,43,81,6.7
2025-10-08T13:30:00-07:00,42,82,6.7
2025-10-08T14:00:00-07:00,42,83,6.3
2025-10-08T14:30:00-07:00,42,82,5.9
2025-10-08T15:00:00-07:00,43,82,5.1
2025-10-08T15:30:00-07:00,42,81,4
2025-10-08T16:00:00-07:00,41,81,3.5
2025-10-08T16:30:00-07:00,41,81,3.2
2025-10-08T17:00:00-07:00,39,81,2.6
2025-10-08T17:30:00-07:00,40,79,2.4
2025-10-08T18:00:00-07:00,42,77,2.3
2025-10-08T18:30:00-07:00,47,74,2.6
2025-10-08T19:00:00-07:00,51,72,2.9
2025-10-08T19:30:00-07:00,51,72,3.1
2025-10-08T20:00:00-07:00,51,72,2.7
2025-10-08T20:30:00-07:00,51,72,2.8
2025-10-08T21:00:00-07:00,53,72,2.6
2025-10-08T21:30:00-07:00,52,72,2.8
2025-10-08T22:00:00-07:00,54,72,2.7
2025-10-08T22:30:00-07:00,55,72,2.9
2025-10-08T23:00:00-07:00,56,72,3.1
2025-10-08T23:30:00-07:00,57,71,3.2
2025-10-09T00:00:00-07:00,55,72,3.4
2025-10-09T00:30:00-07:00,56,71,4.2
2025-10-09T01:00:00-07:00,57,70,3
2025-10-09T01:30:00-07:00,58,69,3
2025-10-09T02:00:00-07:00,60,68,3.6
2025-10-09T02:30:00-07:00,60,68,3.5
2025-10-09T03:00:00-07:00,61,67,3.9
2025-10-09T03:30:00-07:00,63,66,3.7
2025-10-09T04:00:00-07:00,64,65,3.6
2025-10-09T04:30:00-07:00,65,65,3.7
2025-10-09T05:00:00-07:00,65,65,4
2025-10-09T05:30:00-07:00,64,65,4.6
2025-10-09T06:00:00-07:00,64,64,4.7
2025-10-09T06:30:00-07:00,65,63,4.7
2025-10-09T07:00:00-07:00,66,63,4.6
2025-10-09T07:30:00-07:00,67,63,5.2
2025-10-09T08:00:00-07:00,66,64,5.4
2025-10-09T08:30:00-07:00,63,67,4.5
2025-10-09T09:00:00-07:00,57,69,3.2
2025-10-09T09:30:00-07:00,52,72,3.2
2025-10-09T10:00:00-07:00,48,74,2.6
2025-10-09T10:30:00-07:00,44,77,2.1
2025-10-09T11:00:00-07:00,39,79,1.8
2025-10-09T11:30:00-07:00,37,80,1.9
2025-10-09T12:00:00-07:00,35,81,2.3
2025-10-09T12:30:00-07:00,36,81,2.5
2025-10-09T13:00:00-07:00,35,81,3.2
2025-10-09T13:30:00-07:00,35,81,2.4
2025-10-09T14:00:00-07:00,37,80,2.4
2025-10-09T14:30:00-07:00,38,81,2.7
2025-10-09T15:00:00-07:00,42,78,2.5
2025-10-09T15:30:00-07:00,46,77,2.6
2025-10-09T16:00:00-07:00,49,76,2.7
2025-10-09T16:30:00-07:00,48,78,2.6
2025-10-09T17:00:00-07:00,47,79,2.6
2025-10-09T17:30:00-07:00,47,79,2.7
2025-10-09T18:00:00-07:00,55,75,4.1
2025-10-09T18:30:00-07:00,61,71,4.9
2025-10-09T19:00:00-07:00,64,70,5.5
2025-10-09T19:30:00-07:00,64,70,5.7
2025-10-09T20:00:00-07:00,63,70,6.2
2025-10-09T20:30:00-07:00,63,70,6.8
2025-10-09T21:00:00-07:00,63,70,6.4
2025-10-09T21:30:00-07:00,62,70,6.6
2025-10-09T22:00:00-07:00,68,69,6.1
2025-10-09T22:30:00-07:00,69,68,5.3
2025-10-09T23:00:00-07:00,69,68,5.3
2025-10-09T23:30:00-07:00,68,68,5.6
2025-10-10T00:00:00-07:00,67,67,5.8
2025-10-10T00:30:00-07:00,66,66,6
2025-10-10T01:00:00-07:00,66,65,6.1
2025-10-10T01:30:00-07:00,67,65,6.2
2025-10-10T02:00:00-07:00,68,66,6.8
2025-10-10T02:30:00-07:00,70,66,5.9
2025-10-10T03:00:00-07:00,69,66,3.3
2025-10-10T03:30:00-07:00,66,67,3.2
2025-10-10T04:00:00-07:00,64,67,3.3
2025-10-10T04:30:00-07:00,65,67,4.4
2025-10-10T05:00:00-07:00,64,67,4.5
2025-10-10T05:30:00-07:00,64,67,4.6
2025-10-10T06:00:00-07:00,63,67,4
2025-10-10T06:30:00-07:00,61,66,2.5
2025-10-10T07:00:00-07:00,61,65,2.2
2025-10-10T07:30:00-07:00,62,65,2.4
2025-10-10T08:00:00-07:00,60,65,1.7
2025-10-10T08:30:00-07:00,55,67,0.9
2025-10-10T09:00:00-07:00,54,69,1.3
2025-10-10T09:30:00-07:00,51,71,1.7
2025-10-10T10:00:00-07:00,50,73,2.4
2025-10-10T10:30:00-07:00,47,74,2.2
2025-10-10T11:00:00-07:00,45,76,3.4
2025-10-10T11:30:00-07:00,40,78,1.9
2025-10-10T12:00:00-07:00,36,80,0.6
2025-10-10T12:30:00-07:00,34,81,0.6
2025-10-10T13:00:00-07:00,34,82,1
2025-10-10T13:30:00-07:00,34,81,1.2
2025-10-10T14:00:00-07:00,35,80,0.8
2025-10-10T14:30:00-07:00,35,79,0.4
2025-10-10T15:00:00-07:00,37,79,0.4
2025-10-10T15:30:00-07:00,39,79,0.2
2025-10-10T16:00:00-07:00,40,79,0.1
2025-10-10T16:30:00-07:00,42,78,0.1
2025-10-10T17:00:00-07:00,41,80,0.3
2025-10-10T17:30:00-07:00,43,79,0.2
2025-10-10T18:00:00-07:00,45,76,0.2
2025-10-10T18:30:00-07:00,50,73,0.2
2025-10-10T19:00:00-07:00,53,72,0.4
2025-10-10T19:30:00-07:00,54,71,0.6
2025-10-10T20:00:00-07:00,57,70,0.7
2025-10-10T20:30:00-07:00,59,70,0.5
2025-10-10T21:00:00-07:00,60,69,0.7
2025-10-10T21:30:00-07:00,61,69,0.7
2025-10-10T22:00:00-07:00,61,69,0.9
2025-10-10T22:30:00-07:00,62,68,1.2
2025-10-10T23:00:00-07:00,63,67,1.5
2025-10-10T23:30:00-07:00,65,68,1.1
2025-10-11T00:00:00-07:00,66,68,0.8
2025-10-11T00:30:00-07:00,67,68,1
2025-10-11T01:00:00-07:00,67,68,1.4
2025-10-11T01:30:00-07:00,68,68,1.4
2025-10-11T02:00:00-07:00,67,68,1.3
2025-10-11T02:30:00-07:00,66,68,1.3
2025-10-11T03:00:00-07:00,66,68,1.1
2025-10-11T03:30:00-07:00,66,67,1.2
2025-10-11T04:00:00-07:00,66,67,1.2
2025-10-11T04:30:00-07:00,66,67,1.5
2025-10-11T05:00:00-07:00,66,66,1.5
2025-10-11T05:30:00-07:00,65,65,1.4
2025-10-11T06:00:00-07:00,66,64,1.6
2025-10-11T06:30:00-07:00,66,63,1.6
2025-10-11T07:00:00-07:00,66,62,1.6
2025-10-11T07:30:00-07:00,66,62,1.5
2025-10-11T08:00:00-07:00,68,63,1.9
2025-10-11T08:30:00-07:00,64,65,1.3
2025-10-11T09:00:00-07:00,60,67,0.8
2025-10-11T09:30:00-07:00,56,70,0.7
2025-10-11T10:00:00-07:00,51,71,0.3
2025-10-11T10:30:00-07:00,48,72,0.3
2025-10-11T11:00:00-07:00,46,73,0.3
2025-10-11T11:30:00-07:00,44,74,0.5
2025-10-11T12:00:00-07:00,43,75,0.4
2025-10-11T12:30:00-07:00,42,76,0.4
2025-10-11T13:00:00-07:00,42,76,0.4
2025-10-11T13:30:00-07:00,43,75,0.4
2025-10-11T14:00:00-07:00,45,75,0.4
2025-10-11T14:30:00-07:00,45,75,0.3
2025-10-11T15:00:00-07:00,45,75,0.4
2025-10-11T15:30:00-07:00,45,75,0.2
2025-10-11T16:00:00-07:00,45,74,0.2
2025-10-11T16:30:00-07:00,45,75,0.1
2025-10-11T17:00:00-07:00,44,76,0.2
2025-10-11T17:30:00-07:00,48,75,0.4
2025-10-11T18:00:00-07:00,51,72,0.4
2025-10-11T18:30:00-07:00,56,69,0.3
2025-10-11T19:00:00-07:00,57,69,0.5
2025-10-11T19:30:00-07:00,57,68,0.6
2025-10-11T20:00:00-07:00,59,68,0.6
2025-10-11T20:30:00-07:00,59,67,0.6
2025-10-11T21:00:00-07:00,56,67,0.6
2025-10-11T21:30:00-07:00,54,67,1.1
2025-10-11T22:00:00-07:00,56,66,1.5
2025-10-11T22:30:00-07:00,58,65,2.2
2025-10-11T23:00:00-07:00,59,64,2.5
2025-10-11T23:30:00-07:00,61,63,3
2025-10-12T00:00:00-07:00,62,62,3.4
2025-10-12T00:30:00-07:00,64,62,2.2
2025-10-12T01:00:00-07:00,63,61,1.6
2025-10-12T01:30:00-07:00,63,61,1.2
2025-10-12T02:00:00-07:00,63,60,1.2
2025-10-12T02:30:00-07:00,64,59,1.2
2025-10-12T03:00:00-07:00,64,59,1.3
2025-10-12T03:30:00-07:00,65,58,1.4
2025-10-12T04:00:00-07:00,65,58,1.5
2025-10-12T04:30:00-07:00,65,58,1.6
2025-10-12T05:00:00-07:00,65,57,1.9
2025-10-12T05:30:00-07:00,65,57,2.6
2025-10-12T06:00:00-07:00,66,56,2.7
2025-10-12T06:30:00-07:00,66,56,2.6
2025-10-12T07:00:00-07:00,66,56,2.2
2025-10-12T07:30:00-07:00,67,56,2.2
2025-10-12T08:00:00-07:00,68,58,3.4
2025-10-12T08:30:00-07:00,65,61,2.3
2025-10-12T09:00:00-07:00,62,64,1.9
2025-10-12T09:30:00-07:00,56,67,1.6
2025-10-12T10:00:00-07:00,50,70,1.6
2025-10-12T10:30:00-07:00,45,72,1.9
2025-10-12T11:00:00-07:00,42,74,1.7
2025-10-12T11:30:00-07:00,41,75,1.6
2025-10-12T12:00:00-07:00,39,76,1.4
2025-10-12T12:30:00-07:00,37,77,1.1
2025-10-12T13:00:00-07:00,34,78,0.7
2025-10-12T13:30:00-07:00,32,79,0.3
2025-10-12T14:00:00-07:00,29,79,0
2025-10-12T14:30:00-07:00,34,79,0.5
2025-10-12T15:00:00-07:00,36,78,0.4
2025-10-12T15:30:00-07:00,39,77,0.7
2025-10-12T16:00:00-07:00,44,76,1.1
2025-10-12T16:30:00-07:00,46,75,1.3
2025-10-12T17:00:00-07:00,47,75,1.8
2025-10-12T17:30:00-07:00,48,74,2.6
2025-10-12T18:00:00-07:00,51,70,2.6
2025-10-12T18:30:00-07:00,55,67,3.4
2025-10-12T19:00:00-07:00,56,67,4
2025-10-12T19:30:00-07:00,57,66,5
2025-10-12T20:00:00-07:00,59,66,6
2025-10-12T20:30:00-07:00,60,66,7.1
2025-10-12T21:00:00-07:00,59,66,7.7
2025-10-12T21:30:00-07:00,59,65,7.6
2025-10-12T22:00:00-07:00,59,65,7.2
2025-10-12T22:30:00-07:00,60,65,6.7
2025-10-12T23:00:00-07:00,61,65,7
2025-10-12T23:30:00-07:00,63,64,6.8
2025-10-13T00:00:00-07:00,64,64,7
2025-10-13T00:30:00-07:00,64,64,6.6
2025-10-13T01:00:00-07:00,64,64,6
2025-10-13T01:30:00-07:00,64,63,5.1
2025-10-13T02:00:00-07:00,66,63,5.1
2025-10-13T02:30:00-07:00,66,63,4.6
2025-10-13T03:00:00-07:00,67,63,4.6
2025-10-13T03:30:00-07:00,67,63,4.6
2025-10-13T04:00:00-07:00,67,63,4.3
2025-10-13T04:30:00-07:00,67,63,4.4
2025-10-13T05:00:00-07:00,67,63,4.4
2025-10-13T05:30:00-07:00,67,63,3.7
2025-10-13T06:00:00-07:00,65,63,3
2025-10-13T06:30:00-07:00,65,64,2.4
2025-10-13T07:00:00-07:00,64,63,1.8
2025-10-13T07:30:00-07:00,63,64,1.8
2025-10-13T08:00:00-07:00,61,64,1.4
2025-10-13T08:30:00-07:00,60,65,1
2025-10-13T09:00:00-07:00,59,65,1.1
2025-10-13T09:30:00-07:00,56,66,1.1
2025-10-13T10:00:00-07:00,54,68,1.2
2025-10-13T10:30:00-07:00,51,70,1.3
2025-10-13T11:00:00-07:00,47,73,1.2
2025-10-13T11:30:00-07:00,44,74,1.4
2025-10-13T12:00:00-07:00,44,74,1.6
2025-10-13T12:30:00-07:00,43,74,1.6
2025-10-13T13:00:00-07:00,49,71,1.5
2025-10-13T13:30:00-07:00,60,67,2.1
2025-10-13T14:00:00-07:00,68,66,1.8
2025-10-13T14:30:00-07:00,70,66,1.3
2025-10-13T15:00:00-07:00,72,66,1.2
2025-10-13T15:30:00-07:00,73,66,1.4
2025-10-13T16:00:00-07:00,73,65,1.3
2025-10-13T16:30:00-07:00,75,63,0.7
2025-10-13T17:00:00-07:00,75,62,0.3
2025-10-13T17:30:00-07:00,72,62,0.1
2025-10-13T18:00:00-07:00,70,62,0.1
2025-10-13T18:30:00-07:00,70,61,0.7
2025-10-13T19:00:00-07:00,72,60,0.2
2025-10-13T19:30:00-07:00,75,59,0.4
2025-10-13T20:00:00-07:00,73,59,0.1
2025-10-13T20:30:00-07:00,73,58,0
2025-10-13T21:00:00-07:00,72,59,0
2025-10-13T21:30:00-07:00,72,59,0.1
2025-10-13T22:00:00-07:00,72,59,0.8
2025-10-13T22:30:00-07:00,72,60,0.6
2025-10-13T23:00:00-07:00,72,60,0.2
2025-10-13T23:30:00-07:00,71,60,0
2025-10-14T00:00:00-07:00,72,60,0.1
2025-10-14T00:30:00-07:00,71,60,0.1
2025-10-14T01:00:00-07:00,72,59,0
2025-10-14T01:30:00-07:00,73,58,0
2025-10-14T02:00:00-07:00,73,58,0
2025-10-14T02:30:00-07:00,73,58,0
2025-10-14T03:00:00-07:00,73,58,0.1
2025-10-14T03:30:00-07:00,74,57,0.3
2025-10-14T04:00:00-07:00,73,58,0.6
2025-10-14T04:30:00-07:00,74,58,1.7
2025-10-14T05:00:00-07:00,74,59,3.2
2025-10-14T05:30:00-07:00,72,59,5.7
2025-10-14T06:00:00-07:00,72,57,6.8
2025-10-14T06:30:00-07:00,73,56,7.2
2025-10-14T07:00:00-07:00,73,56,8.9
2025-10-14T07:30:00-07:00,74,56,8.1
2025-10-14T08:00:00-07:00,74,57,6.2
2025-10-14T08:30:00-07:00,74,58,10.2
2025-10-14T09:00:00-07:00,72,59,9.3
2025-10-14T09:30:00-07:00,70,61,11.6
2025-10-14T10:00:00-07:00,64,63,12
2025-10-14T10:30:00-07:00,60,65,9.6
2025-10-14T11:00:00-07:00,56,66,5.8
2025-10-14T11:30:00-07:00,51,68,4.1
2025-10-14T12:00:00-07:00,47,69,2.1
2025-10-14T12:30:00-07:00,43,71,1.2
2025-10-14T13:00:00-07:00,45,71,2.1
2025-10-14T13:30:00-07:00,41,71,1.4
2025-10-14T14:00:00-07:00,36,72,0.7
2025-10-14T14:30:00-07:00,35,73,1
2025-10-14T15:00:00-07:00,38,74,1.7
2025-10-14T15:30:00-07:00,37,73,1.2
2025-10-14T16:00:00-07:00,41,70,0.9
2025-10-14T16:30:00-07:00,50,68,1.4
2025-10-14T17:00:00-07:00,55,66,1.7
2025-10-14T17:30:00-07:00,56,65,1.6
2025-10-14T18:00:00-07:00,56,65,1.6
2025-10-14T18:30:00-07:00,59,65,2.1
2025-10-14T19:00:00-07:00,61,64,2.7
2025-10-14T19:30:00-07:00,61,64,2.8
2025-10-14T20:00:00-07:00,60,64,2.7
2025-10-14T20:30:00-07:00,60,64,2.4
2025-10-14T21:00:00-07:00,61,64,3.2
2025-10-14T21:30:00-07:00,61,64,3.4
2025-10-14T22:00:00-07:00,63,64,2.5
2025-10-14T22:30:00-07:00,70,63,2.3
2025-10-14T23:00:00-07:00,72,63,2.5
2025-10-14T23:30:00-07:00,71,64,2.6
2025-10-15T00:00:00-07:00,71,63,3.6
2025-10-15T00:30:00-07:00,73,62,3.8
2025-10-15T01:00:00-07:00,72,62,3.2
2025-10-15T01:30:00-07:00,72,62,3
2025-10-15T02:00:00-07:00,72,62,2.3
2025-10-15T02:30:00-07:00,71,63,2.5
2025-10-15T03:00:00-07:00,71,63,2.9
2025-10-15T03:30:00-07:00,71,63,2.9
2025-10-15T04:00:00-07:00,69,63,2.6
2025-10-15T04:30:00-07:00,67,63,2.7
2025-10-15T05:00:00-07:00,68,63,3.2
2025-10-15T05:30:00-07:00,70,63,3.4
2025-10-15T06:00:00-07:00,68,63,3.2
2025-10-15T06:30:00-07:00,66,62,2.4
2025-10-15T07:00:00-07:00,62,62,1.5
2025-10-15T07:30:00-07:00,63,63,2
2025-10-15T08:00:00-07:00,64,62,1.7
2025-10-15T08:30:00-07:00,64,62,1.5
2025-10-15T09:00:00-07:00,64,63,1.9
2025-10-15T09:30:00-07:00,64,63,1.1
2025-10-15T10:00:00-07:00,64,63,2.1
2025-10-15T10:30:00-07:00,63,64,2.2
2025-10-15T11:00:00-07:00,60,67,4.1
2025-10-15T11:30:00-07:00,55,69,5
2025-10-15T12:00:00-07:00,53,70,1.7
2025-10-15T12:30:00-07:00,50,72,1.4
2025-10-15T13:00:00-07:00,49,72,1.1
2025-10-15T13:30:00-07:00,48,73,1.5
2025-10-15T14:00:00-07:00,49,72,1.9
2025-10-15T14:30:00-07:00,50,71,2.7
2025-10-15T15:00:00-07:00,53,69,3
2025-10-15T15:30:00-07:00,55,69,5.2
2025-10-15T16:00:00-07:00,56,68,6.8
2025-10-15T16:30:00-07:00,57,68,7.2
2025-10-15T17:00:00-07:00,53,71,6
2025-10-15T17:30:00-07:00,48,74,5.7
2025-10-15T18:00:00-07:00,53,71,6
2025-10-15T18:30:00-07:00,56,68,5.8
2025-10-15T19:00:00-07:00,58,67,7
2025-10-15T19:30:00-07:00,60,66,7.6
2025-10-15T20:00:00-07:00,61,65,8.7
2025-10-15T20:30:00-07:00,63,63,8.1
2025-10-15T21:00:00-07:00,64,63,9.2
2025-10-15T21:30:00-07:00,65,61,8.4
2025-10-15T22:00:00-07:00,66,61,7.5
2025-10-15T22:30:00-07:00,66,60,8.1
2025-10-15T23:00:00-07:00,66,60,8.3
2025-10-15T23:30:00-07:00,68,59,8.2
2025-10-16T00:00:00-07:00,67,59,7.4
2025-10-16T00:30:00-07:00,68,58,7.8
2025-10-16T01:00:00-07:00,68,58,7.6
2025-10-16T01:30:00-07:00,68,57,7.1
2025-10-16T02:00:00-07:00,68,57,6.8
2025-10-16T02:30:00-07:00,68,56,6.6
2025-10-16T03:00:00-07:00,69,56,6.3
2025-10-16T03:30:00-07:00,70,55,6
2025-10-16T04:00:00-07:00,70,55,5.2
2025-10-16T04:30:00-07:00,70,55,4.3
2025-10-16T05:00:00-07:00,70,55,3.9
2025-10-16T05:30:00-07:00,71,55,4.5
2025-10-16T06:00:00-07:00,70,55,4.6
2025-10-16T06:30:00-07:00,70,55,3.9
2025-10-16T07:00:00-07:00,70,55,4
2025-10-16T07:30:00-07:00,72,54,4.3
2025-10-16T08:00:00-07:00,74,56,4.1
2025-10-16T08:30:00-07:00,72,59,5.7
2025-10-16T09:00:00-07:00,68,62,6.7
2025-10-16T09:30:00-07:00,64,65,6.3
2025-10-16T10:00:00-07:00,59,67,6.3
2025-10-16T10:30:00-07:00,56,69,5.8
2025-10-16T11:00:00-07:00,53,72,5.1
2025-10-16T11:30:00-07:00,52,71,5.3
2025-10-16T12:00:00-07:00,51,73,7.5
2025-10-16T12:30:00-07:00,51,73,6.8
2025-10-16T13:00:00-07:00,49,74,7.2
2025-10-16T13:30:00-07:00,48,75,8.6
2025-10-16T14:00:00-07:00,47,75,8.5
2025-10-16T14:30:00-07:00,47,74,6.7
2025-10-16T15:00:00-07:00,46,75,7
2025-10-16T15:30:00-07:00,46,75,9.3
2025-10-16T16:00:00-07:00,47,75,9.9
2025-10-16T16:30:00-07:00,48,75,7
2025-10-16T17:00:00-07:00,47,77,4.7
2025-10-16T17:30:00-07:00,50,74,4
2025-10-16T18:00:00-07:00,56,70,4.1
2025-10-16T18:30:00-07:00,62,68,4.2
2025-10-16T19:00:00-07:00,65,67,4.3
2025-10-16T19:30:00-07:00,65,66,4.9
2025-10-16T20:00:00-07:00,66,66,4.8
2025-10-16T20:30:00-07:00,65,66,4.8
2025-10-16T21:00:00-07:00,64,65,4.8
2025-10-16T21:30:00-07:00,65,64,5.1
2025-10-16T22:00:00-07:00,66,63,5.8
2025-10-16T22:30:00-07:00,67,62,6.4
2025-10-16T23:00:00-07:00,67,61,6.7
2025-10-16T23:30:00-07:00,67,61,7.4
2025-10-17T00:00:00-07:00,68,60,7.9
2025-10-17T00:30:00-07:00,70,60,7.6
2025-10-17T01:00:00-07:00,70,59,6.2
2025-10-17T01:30:00-07:00,69,59,6.4
2025-10-17T02:00:00-07:00,70,58,6.8
2025-10-17T02:30:00-07:00,71,58,6.7
2025-10-17T03:00:00-07:00,72,58,6.7
2025-10-17T03:30:00-07:00,71,58,6.7
2025-10-17T04:00:00-07:00,70,58,6.6
2025-10-17T04:30:00-07:00,70,57,7.1
2025-10-17T05:00:00-07:00,70,57,7.1
2025-10-17T05:30:00-07:00,71,56,7.2
2025-10-17T06:00:00-07:00,71,56,7.8
2025-10-17T06:30:00-07:00,71,56,7.8
2025-10-17T07:00:00-07:00,71,56,8
2025-10-17T07:30:00-07:00,71,56,8.1
2025-10-17T08:00:00-07:00,74,58,9.9
2025-10-17T08:30:00-07:00,73,60,9.9
2025-10-17T09:00:00-07:00,67,63,10.7
2025-10-17T09:30:00-07:00,63,66,12.7
2025-10-17T10:00:00-07:00,59,68,16.3
2025-10-17T10:30:00-07:00,55,71,13
2025-10-17T11:00:00-07:00,51,73,11.1
2025-10-17T11:30:00-07:00,49,75,11.9
2025-10-17T12:00:00-07:00,46,76,8
2025-10-17T12:30:00-07:00,44,78,7.5
2025-10-17T13:00:00-07:00,43,79,6.6
2025-10-17T13:30:00-07:00,43,79,7.2
2025-10-17T14:00:00-07:00,43,80,8.4
2025-10-17T14:30:00-07:00,43,81,11.4
2025-10-17T15:00:00-07:00,42,80,11.4
2025-10-17T15:30:00-07:00,40,81,9.3
2025-10-17T16:00:00-07:00,37,83,7.5
2025-10-17T16:30:00-07:00,34,84,7.3
2025-10-17T17:00:00-07:00,34,85,8.3
2025-10-17T17:30:00-07:00,36,83,9.4
2025-10-17T18:00:00-07:00,42,79,9.2
2025-10-17T18:30:00-07:00,50,76,11.7
2025-10-17T19:00:00-07:00,55,74,13.9
2025-10-17T19:30:00-07:00,57,73,14.3
2025-10-17T20:00:00-07:00,58,72,14.7
2025-10-17T20:30:00-07:00,60,71,15.4
2025-10-17T21:00:00-07:00,61,69,14.6
2025-10-17T21:30:00-07:00,63,68,14.9
2025-10-17T22:00:00-07:00,64,67,17.7
2025-10-17T22:30:00-07:00,65,67,17
2025-10-17T23:00:00-07:00,66,66,16.1
2025-10-17T23:30:00-07:00,66,65,15.9
2025-10-18T00:00:00-07:00,66,65,15.9
2025-10-18T00:30:00-07:00,66,64,16.5
2025-10-18T01:00:00-07:00,67,64,15.4
2025-10-18T01:30:00-07:00,67,63,14.5
2025-10-18T02:00:00-07:00,66,63,14.3
2025-10-18T02:30:00-07:00,66,62,14
2025-10-18T03:00:00-07:00,67,61,13.8
2025-10-18T03:30:00-07:00,67,61,13.6
2025-10-18T04:00:00-07:00,68,60,13.7
2025-10-18T04:30:00-07:00,68,60,13.9
2025-10-18T05:00:00-07:00,68,60,13.7
2025-10-18T05:30:00-07:00,68,59,13.9
2025-10-18T06:00:00-07:00,68,59,13.3
2025-10-18T06:30:00-07:00,69,59,12.7
2025-10-18T07:00:00-07:00,68,58,11.4
2025-10-18T07:30:00-07:00,70,59,10.8
2025-10-18T08:00:00-07:00,70,61,12.2
2025-10-18T08:30:00-07:00,68,63,11.2
2025-10-18T09:00:00-07:00,64,66,11.3
2025-10-18T09:30:00-07:00,59,69,14.8
2025-10-18T10:00:00-07:00,54,72,15.6
2025-10-18T10:30:00-07:00,49,75,13.3
2025-10-18T11:00:00-07:00,45,77,12.1
2025-10-18T11:30:00-07:00,42,80,10.4
2025-10-18T12:00:00-07:00,39,82,9.2
2025-10-18T12:30:00-07:00,39,84,11.6
2025-10-18T13:00:00-07:00,40,83,13.3
2025-10-18T13:30:00-07:00,39,83,13
2025-10-18T14:00:00-07:00,38,85,13
2025-10-18T14:30:00-07:00,38,85,11.6
2025-10-18T15:00:00-07:00,37,85,12.2
2025-10-18T15:30:00-07:00,35,86,10.1
2025-10-18T16:00:00-07:00,34,87,10.1
2025-10-18T16:30:00-07:00,34,87,12.7
2025-10-18T17:00:00-07:00,33,88,17.1
2025-10-18T17:30:00-07:00,34,86,14.6
2025-10-18T18:00:00-07:00,39,82,16
2025-10-18T18:30:00-07:00,43,80,18.3
2025-10-18T19:00:00-07:00,44,78,14.4
2025-10-18T19:30:00-07:00,48,77,23.2
2025-10-18T20:00:00-07:00,53,75,18.6
2025-10-18T20:30:00-07:00,54,74,20.4
2025-10-18T21:00:00-07:00,57,73,21.1
2025-10-18T21:30:00-07:00,58,71,22.1
2025-10-18T22:00:00-07:00,61,71,26.2
2025-10-18T22:30:00-07:00,61,70,25.4
2025-10-18T23:00:00-07:00,62,69,26.2
2025-10-18T23:30:00-07:00,63,68,27.7
2025-10-19T00:00:00-07:00,64,68,32.3
2025-10-19T00:30:00-07:00,65,67,30.5
2025-10-19T01:00:00-07:00,65,66,26.8
2025-10-19T01:30:00-07:00,65,66,29
2025-10-19T02:00:00-07:00,66,65,33.3
2025-10-19T02:30:00-07:00,66,64,31.3
2025-10-19T03:00:00-07:00,67,64,29.4
2025-10-19T03:30:00-07:00,67,64,28
2025-10-19T04:00:00-07:00,67,63,27.6
2025-10-19T04:30:00-07:00,68,62,27.6
2025-10-19T05:00:00-07:00,68,62,27.4
2025-10-19T05:30:00-07:00,68,62,26.5
2025-10-19T06:00:00-07:00,68,61,25.5
2025-10-19T06:30:00-07:00,69,61,26.5
2025-10-19T07:00:00-07:00,71,61,27.4
2025-10-19T07:30:00-07:00,70,61,25.2
2025-10-19T08:00:00-07:00,70,62,26.1
2025-10-19T08:30:00-07:00,65,65,24
2025-10-19T09:00:00-07:00,60,67,22.7
2025-10-19T09:30:00-07:00,55,70,23.3
2025-10-19T10:00:00-07:00,50,73,21.3
2025-10-19T10:30:00-07:00,47,75,21.8
2025-10-19T11:00:00-07:00,45,77,20.4
2025-10-19T11:30:00-07:00,49,77,25.8
2025-10-19T12:00:00-07:00,53,75,29
2025-10-19T12:30:00-07:00,53,75,26.7
2025-10-19T13:00:00-07:00,52,76,23.7
2025-10-19T13:30:00-07:00,51,76,22
2025-10-19T14:00:00-07:00,49,77,20.2
2025-10-19T14:30:00-07:00,43,79,15.9
2025-10-19T15:00:00-07:00,34,80,5.6
2025-10-19T15:30:00-07:00,31,81,3.9
2025-10-19T16:00:00-07:00,31,83,4.7
2025-10-19T16:30:00-07:00,29,84,4.5
2025-10-19T17:00:00-07:00,35,84,8.5
2025-10-19T17:30:00-07:00,44,79,11.4
2025-10-19T18:00:00-07:00,53,73,12.1
2025-10-19T18:30:00-07:00,59,70,12
2025-10-19T19:00:00-07:00,59,70,11.4
2025-10-19T19:30:00-07:00,63,69,13.7
2025-10-19T20:00:00-07:00,65,68,12.2
2025-10-19T20:30:00-07:00,66,68,9.9
2025-10-19T21:00:00-07:00,65,68,8.8
2025-10-19T21:30:00-07:00,64,67,8.9
2025-10-19T22:00:00-07:00,65,67,44
2025-10-19T22:30:00-07:00,66,66,22.9
2025-10-19T23:00:00-07:00,67,65,15.6
2025-10-19T23:30:00-07:00,66,65,15
2025-10-20T00:00:00-07:00,66,65,15.3
2025-10-20T00:30:00-07:00,66,64,14.8
2025-10-20T01:00:00-07:00,66,63,15
2025-10-20T01:30:00-07:00,66,63,15.1
2025-10-20T02:00:00-07:00,66,63,14.2
2025-10-20T02:30:00-07:00,67,62,13
2025-10-20T03:00:00-07:00,67,62,12.4
2025-10-20T03:30:00-07:00,67,61,12.4
2025-10-20T04:00:00-07:00,67,61,11.4
2025-10-20T04:30:00-07:00,68,61,9.3
2025-10-20T05:00:00-07:00,68,60,8.6
2025-10-20T05:30:00-07:00,68,60,8.1
2025-10-20T06:00:00-07:00,69,60,8
2025-10-20T06:30:00-07:00,69,60,7.8
2025-10-20T07:00:00-07:00,69,59,7.6
2025-10-20T07:30:00-07:00,70,59,8.5
2025-10-20T08:00:00-07:00,68,62,6
2025-10-20T08:30:00-07:00,54,66,2.4
2025-10-20T09:00:00-07:00,44,69,1.6
2025-10-20T09:30:00-07:00,39,72,1.3
2025-10-20T10:00:00-07:00,34,75,1.1
2025-10-20T10:30:00-07:00,31,77,1.2
2025-10-20T11:00:00-07:00,29,79,1.1
2025-10-20T11:30:00-07:00,28,82,1.3
2025-10-20T12:00:00-07:00,26,84,1.4
2025-10-20T12:30:00-07:00,25,86,1.8
2025-10-20T13:00:00-07:00,24,88,2
2025-10-20T13:30:00-07:00,25,87,2.1
2025-10-20T14:00:00-07:00,25,88,2.2
2025-10-20T14:30:00-07:00,26,87,2.2
2025-10-20T15:00:00-07:00,27,87,2.5
2025-10-20T15:30:00-07:00,27,87,2.8
2025-10-20T16:00:00-07:00,26,87,2.9
2025-10-20T16:30:00-07:00,26,88,3.1
2025-10-20T17:00:00-07:00,26,89,3.7
2025-10-20T17:30:00-07:00,27,86,3.4
2025-10-20T18:00:00-07:00,29,83,3.2
2025-10-20T18:30:00-07:00,33,80,3.6
2025-10-20T19:00:00-07:00,37,78,4.6
2025-10-20T19:30:00-07:00,41,75,16.8
2025-10-20T20:00:00-07:00,43,74,13.4
2025-10-20T20:30:00-07:00,46,72,17.9
2025-10-20T21:00:00-07:00,49,71,26.8
2025-10-20T21:30:00-07:00,51,70,43.3
2025-10-20T22:00:00-07:00,53,69,44.8
2025-10-20T22:30:00-07:00,55,68,36.1
2025-10-20T23:00:00-07:00,57,67,33.2
2025-10-20T23:30:00-07:00,58,67,33.7
2025-10-21T00:00:00-07:00,57,66,25.7
2025-10-21T00:30:00-07:00,55,66,13
2025-10-21T01:00:00-07:00,56,65,13.2
2025-10-21T01:30:00-07:00,58,64,17.6
2025-10-21T02:00:00-07:00,59,63,13.5
2025-10-21T02:30:00-07:00,60,63,13.9
2025-10-21T03:00:00-07:00,61,62,12.8
2025-10-21T03:30:00-07:00,61,62,9.2
2025-10-21T04:00:00-07:00,62,61,7.8
2025-10-21T04:30:00-07:00,62,61,6.3
2025-10-21T05:00:00-07:00,62,61,6.1
2025-10-21T05:30:00-07:00,63,60,7
2025-10-21T06:00:00-07:00,63,60,7.6
2025-10-21T06:30:00-07:00,64,59,7.3
2025-10-21T07:00:00-07:00,64,59,6.5
2025-10-21T07:30:00-07:00,65,59,6.9
2025-10-21T08:00:00-07:00,65,60,8.3
2025-10-21T08:30:00-07:00,63,63,8.8
2025-10-21T09:00:00-07:00,57,67,9.3
2025-10-21T09:30:00-07:00,51,71,11.3
2025-10-21T10:00:00-07:00,46,74,10.3
2025-10-21T10:30:00-07:00,43,76,11.6
2025-10-21T11:00:00-07:00,40,78,9.9
2025-10-21T11:30:00-07:00,38,81,8.7
2025-10-21T12:00:00-07:00,37,82,8.9
2025-10-21T12:30:00-07:00,37,84,10
2025-10-21T13:00:00-07:00,36,84,9.2
2025-10-21T13:30:00-07:00,36,83,8.2
2025-10-21T14:00:00-07:00,35,83,7
2025-10-21T14:30:00-07:00,37,83,9
2025-10-21T15:00:00-07:00,42,81,14
2025-10-21T15:30:00-07:00,44,80,15.6
2025-10-21T16:00:00-07:00,45,80,15
2025-10-21T16:30:00-07:00,47,79,16.4
2025-10-21T17:00:00-07:00,47,78,15.6
2025-10-21T17:30:00-07:00,53,74,15
2025-10-21T18:00:00-07:00,58,70,16
2025-10-21T18:30:00-07:00,62,69,16.9
2025-10-21T19:00:00-07:00,64,68,17.6
2025-10-21T19:30:00-07:00,66,67,19.3
2025-10-21T20:00:00-07:00,68,66,19.8
2025-10-21T20:30:00-07:00,69,66,18.2
2025-10-21T21:00:00-07:00,69,66,18.7
2025-10-21T21:30:00-07:00,70,65,16.8
2025-10-21T22:00:00-07:00,70,65,16.5
2025-10-21T22:30:00-07:00,69,66,14.1
2025-10-21T23:00:00-07:00,69,66,23.8
2025-10-21T23:30:00-07:00,67,67,18.1
2025-10-22T00:00:00-07:00,66,66,8.7
2025-10-22T00:30:00-07:00,66,66,10.5
2025-10-22T01:00:00-07:00,66,67,9.7
2025-10-22T01:30:00-07:00,64,67,6.1
2025-10-22T02:00:00-07:00,62,68,4.5
2025-10-22T02:30:00-07:00,63,68,4.8
2025-10-22T03:00:00-07:00,63,68,4.3
2025-10-22T03:30:00-07:00,63,68,4.5
2025-10-22T04:00:00-07:00,63,67,4.9
2025-10-22T04:30:00-07:00,62,67,2.8
2025-10-22T05:00:00-07:00,63,67,3.6
2025-10-22T05:30:00-07:00,64,66,3.3
2025-10-22T06:00:00-07:00,64,66,3.4
2025-10-22T06:30:00-07:00,64,67,3.1
2025-10-22T07:00:00-07:00,64,67,2.9
2025-10-22T07:30:00-07:00,63,67,3.1
2025-10-22T08:00:00-07:00,61,67,3.2
2025-10-22T08:30:00-07:00,60,68,3.1
2025-10-22T09:00:00-07:00,60,69,3.2
2025-10-22T09:30:00-07:00,56,71,3.1
2025-10-22T10:00:00-07:00,55,71,3.6
2025-10-22T10:30:00-07:00,54,70,2.8
2025-10-22T11:00:00-07:00,55,70,3.1
2025-10-22T11:30:00-07:00,56,70,3.2
2025-10-22T12:00:00-07:00,53,72,3.3
2025-10-22T12:30:00-07:00,50,73,3.1
2025-10-22T13:00:00-07:00,49,74,2.9
2025-10-22T13:30:00-07:00,49,73,3.2
2025-10-22T14:00:00-07:00,50,74,3.5
2025-10-22T14:30:00-07:00,49,73,3.4
2025-10-22T15:00:00-07:00,48,74,3.7
2025-10-22T15:30:00-07:00,47,74,3.5
2025-10-22T16:00:00-07:00,46,75,3.5
2025-10-22T16:30:00-07:00,45,76,3.3
2025-10-22T17:00:00-07:00,48,74,3.4
2025-10-22T17:30:00-07:00,53,70,3.2
2025-10-22T18:00:00-07:00,57,68,3.4
2025-10-22T18:30:00-07:00,59,67,4.3
2025-10-22T19:00:00-07:00,60,67,4.8
2025-10-22T19:30:00-07:00,60,67,4.8
2025-10-22T20:00:00-07:00,60,68,4.9
2025-10-22T20:30:00-07:00,61,67,6.2
2025-10-22T21:00:00-07:00,61,66,7.1
2025-10-22T21:30:00-07:00,62,66,5.8
2025-10-22T22:00:00-07:00,62,65,6
2025-10-22T22:30:00-07:00,63,64,6.6
2025-10-22T23:00:00-07:00,64,64,5.9
2025-10-22T23:30:00-07:00,64,63,5.8
2025-10-23T00:00:00-07:00,65,62,7
2025-10-23T00:30:00-07:00,67,62,8
2025-10-23T01:00:00-07:00,67,61,7.4
2025-10-23T01:30:00-07:00,67,61,7.5
2025-10-23T02:00:00-07:00,68,61,7.6
2025-10-23T02:30:00-07:00,70,61,7.9
2025-10-23T03:00:00-07:00,70,62,7.8
2025-10-23T03:30:00-07:00,69,63,7.8
2025-10-23T04:00:00-07:00,69,63,7.5
2025-10-23T04:30:00-07:00,69,64,7.4
2025-10-23T05:00:00-07:00,68,64,6.9
2025-10-23T05:30:00-07:00,69,64,7.2
2025-10-23T06:00:00-07:00,69,65,7.2
2025-10-23T06:30:00-07:00,69,65,8
2025-10-23T07:00:00-07:00,68,65,8.4
2025-10-23T07:30:00-07:00,67,66,9.6
2025-10-23T08:00:00-07:00,66,66,10.2
2025-10-23T08:30:00-07:00,66,66,9.7
2025-10-23T09:00:00-07:00,65,67,10.9
2025-10-23T09:30:00-07:00,63,68,11
2025-10-23T10:00:00-07:00,63,68,12
2025-10-23T10:30:00-07:00,61,69,12.2
2025-10-23T11:00:00-07:00,61,69,11.8
2025-10-23T11:30:00-07:00,60,69,11.9
2025-10-23T12:00:00-07:00,56,71,12
2025-10-23T12:30:00-07:00,53,73,11.1
2025-10-23T13:00:00-07:00,52,74,10.3
2025-10-23T13:30:00-07:00,52,74,9.3
2025-10-23T14:00:00-07:00,50,75,9.2
2025-10-23T14:30:00-07:00,49,75,8.7
2025-10-23T15:00:00-07:00,48,76,8.3
2025-10-23T15:30:00-07:00,47,76,8.2
2025-10-23T16:00:00-07:00,47,77,8.2
2025-10-23T16:30:00-07:00,46,78,8
2025-10-23T17:00:00-07:00,47,77,8.4
2025-10-23T17:30:00-07:00,53,73,9
2025-10-23T18:00:00-07:00,58,70,9.2
2025-10-23T18:30:00-07:00,61,68,9.6
2025-10-23T19:00:00-07:00,64,67,10
2025-10-23T19:30:00-07:00,67,66,10.2
2025-10-23T20:00:00-07:00,68,66,10.4
2025-10-23T20:30:00-07:00,67,66,10.6
2025-10-23T21:00:00-07:00,69,65,11
2025-10-23T21:30:00-07:00,72,64,9.2
2025-10-23T22:00:00-07:00,72,64,7.5
2025-10-23T22:30:00-07:00,71,65,6
2025-10-23T23:00:00-07:00,69,65,7.5
2025-10-23T23:30:00-07:00,70,65,9.5
2025-10-24T00:00:00-07:00,71,64,8.8
2025-10-24T00:30:00-07:00,70,64,7.2
2025-10-24T01:00:00-07:00,68,63,6.6
2025-10-24T01:30:00-07:00,68,62,6.9
2025-10-24T02:00:00-07:00,68,61,7
2025-10-24T02:30:00-07:00,68,61,6.9
2025-10-24T03:00:00-07:00,69,60,7.1
2025-10-24T03:30:00-07:00,68,59,6.9
2025-10-24T04:00:00-07:00,68,59,7.5
2025-10-24T04:30:00-07:00,70,59,8.2
2025-10-24T05:00:00-07:00,72,60,10.1
2025-10-24T05:30:00-07:00,72,62,10.1
2025-10-24T06:00:00-07:00,71,62,10.4
2025-10-24T06:30:00-07:00,71,63,10.7
2025-10-24T07:00:00-07:00,71,63,10.5
2025-10-24T07:30:00-07:00,71,63,8.6
2025-10-24T08:00:00-07:00,70,63,9.4
2025-10-24T08:30:00-07:00,70,64,16.7
2025-10-24T09:00:00-07:00,70,64,19.7
2025-10-24T09:30:00-07:00,66,66,9.7
2025-10-24T10:00:00-07:00,62,67,8.3
2025-10-24T10:30:00-07:00,59,69,11.8
2025-10-24T11:00:00-07:00,56,70,11.9
2025-10-24T11:30:00-07:00,53,72,11.3
2025-10-24T12:00:00-07:00,53,72,8.5
2025-10-24T12:30:00-07:00,52,73,3.1
2025-10-24T13:00:00-07:00,49,74,2.9
2025-10-24T13:30:00-07:00,50,74,3
2025-10-24T14:00:00-07:00,49,75,2.8
2025-10-24T14:30:00-07:00,48,76,2
2025-10-24T15:00:00-07:00,47,76,1
2025-10-24T15:30:00-07:00,49,76,0.9
2025-10-24T16:00:00-07:00,52,74,0.6
2025-10-24T16:30:00-07:00,58,72,0.2
2025-10-24T17:00:00-07:00,61,69,0.2
2025-10-24T17:30:00-07:00,66,67,0.3
2025-10-24T18:00:00-07:00,66,67,0.2
2025-10-24T18:30:00-07:00,66,66,0.2
2025-10-24T19:00:00-07:00,67,66,0.4
2025-10-24T19:30:00-07:00,67,66,0.8
2025-10-24T20:00:00-07:00,69,65,0.8
2025-10-24T20:30:00-07:00,69,65,1.6
2025-10-24T21:00:00-07:00,69,65,0.9
2025-10-24T21:30:00-07:00,70,65,0.8
2025-10-24T22:00:00-07:00,70,64,1.9
2025-10-24T22:30:00-07:00,71,64,1.9
2025-10-24T23:00:00-07:00,70,64,3.1
2025-10-24T23:30:00-07:00,71,64,3.3
2025-10-25T00:00:00-07:00,72,64,2.9
2025-10-25T00:30:00-07:00,71,65,1.9
2025-10-25T01:00:00-07:00,70,66,2.7
2025-10-25T01:30:00-07:00,70,66,3.4
2025-10-25T02:00:00-07:00,69,66,3.5
2025-10-25T02:30:00-07:00,69,66,4.1
2025-10-25T03:00:00-07:00,69,66,4.5
2025-10-25T03:30:00-07:00,69,66,4.1
2025-10-25T04:00:00-07:00,69,66,5.8
2025-10-25T04:30:00-07:00,69,65,5.2
2025-10-25T05:00:00-07:00,70,64,7.3
2025-10-25T05:30:00-07:00,71,64,9.5
2025-10-25T06:00:00-07:00,70,65,9.2
2025-10-25T06:30:00-07:00,71,64,11.5
2025-10-25T07:00:00-07:00,72,64,12.3
2025-10-25T07:30:00-07:00,71,64,12.4
2025-10-25T08:00:00-07:00,71,64,15
2025-10-25T08:30:00-07:00,70,65,15.4
2025-10-25T09:00:00-07:00,69,66,15.4
2025-10-25T09:30:00-07:00,68,66,13.9
2025-10-25T10:00:00-07:00,68,66,15.7
2025-10-25T10:30:00-07:00,65,67,12.3
2025-10-25T11:00:00-07:00,60,69,8.5
2025-10-25T11:30:00-07:00,56,71,7.7
2025-10-25T12:00:00-07:00,55,72,6.8
2025-10-25T12:30:00-07:00,56,73,4.9
2025-10-25T13:00:00-07:00,57,74,3.5
2025-10-25T13:30:00-07:00,57,74,2.5
2025-10-25T14:00:00-07:00,58,74,1.1
2025-10-25T14:30:00-07:00,63,72,0.2
2025-10-25T15:00:00-07:00,59,72,0.8
2025-10-25T15:30:00-07:00,55,72,0.8
2025-10-25T16:00:00-07:00,53,73,0.9
2025-10-25T16:30:00-07:00,52,74,0.9
2025-10-25T17:00:00-07:00,49,76,0.9
2025-10-25T17:30:00-07:00,50,75,1
2025-10-25T18:00:00-07:00,53,72,1.3
2025-10-25T18:30:00-07:00,56,71,1.9
2025-10-25T19:00:00-07:00,59,70,2.6
2025-10-25T19:30:00-07:00,61,68,3.3
2025-10-25T20:00:00-07:00,63,67,4.7
2025-10-25T20:30:00-07:00,63,67,5.2
2025-10-25T21:00:00-07:00,64,66,5.4
2025-10-25T21:30:00-07:00,65,65,9.9
2025-10-25T22:00:00-07:00,67,65,9.1
2025-10-25T22:30:00-07:00,67,65,9.1
2025-10-25T23:00:00-07:00,67,64,12.8
2025-10-25T23:30:00-07:00,68,64,8.6
2025-10-26T00:00:00-07:00,68,64,10.9
2025-10-26T00:30:00-07:00,69,64,13.9
2025-10-26T01:00:00-07:00,69,64,10.2
2025-10-26T01:30:00-07:00,69,64,8.3
2025-10-26T02:00:00-07:00,70,63,6.6
2025-10-26T02:30:00-07:00,71,64,4.3
2025-10-26T03:00:00-07:00,70,64,4.4
2025-10-26T03:30:00-07:00,68,64,5.6
2025-10-26T04:00:00-07:00,68,64,5.4
2025-10-26T04:30:00-07:00,68,64,5.7
2025-10-26T05:00:00-07:00,68,64,6.2
2025-10-26T05:30:00-07:00,68,64,6.2
2025-10-26T06:00:00-07:00,67,64,7.4
2025-10-26T06:30:00-07:00,68,64,5
2025-10-26T07:00:00-07:00,68,63,4.4
2025-10-26T07:30:00-07:00,69,63,5
2025-10-26T08:00:00-07:00,68,64,5.5
2025-10-26T08:30:00-07:00,67,65,5.8
2025-10-26T09:00:00-07:00,66,66,6.1
2025-10-26T09:30:00-07:00,62,69,4.3
2025-10-26T10:00:00-07:00,57,71,3.6
2025-10-26T10:30:00-07:00,52,73,1.7
2025-10-26T11:00:00-07:00,50,74,1.4
2025-10-26T11:30:00-07:00,47,75,1.5
2025-10-26T12:00:00-07:00,45,76,1.4
2025-10-26T12:30:00-07:00,44,76,1.3
2025-10-26T13:00:00-07:00,45,75,1
2025-10-26T13:30:00-07:00,48,74,0.7
2025-10-26T14:00:00-07:00,50,73,0.5
2025-10-26T14:30:00-07:00,53,73,0.1
2025-10-26T15:00:00-07:00,54,73,0
2025-10-26T15:30:00-07:00,55,73,0
2025-10-26T16:00:00-07:00,62,72,0
2025-10-26T16:30:00-07:00,61,71,1
2025-10-26T17:00:00-07:00,59,70,1.6
2025-10-26T17:30:00-07:00,60,68,1.4
2025-10-26T18:00:00-07:00,60,67,1.2
2025-10-26T18:30:00-07:00,60,66,1.1
2025-10-26T19:00:00-07:00,61,65,1.1
2025-10-26T19:30:00-07:00,60,66,0.9
2025-10-26T20:00:00-07:00,61,65,1
2025-10-26T20:30:00-07:00,61,65,1
2025-10-26T21:00:00-07:00,61,65,1.1
2025-10-26T21:30:00-07:00,62,64,1.1
2025-10-26T22:00:00-07:00,62,64,0.9
2025-10-26T22:30:00-07:00,61,64,1
2025-10-26T23:00:00-07:00,62,64,1.2
2025-10-26T23:30:00-07:00,62,64,0.9
2025-10-27T00:00:00-07:00,62,64,0.7
2025-10-27T00:30:00-07:00,62,64,0.7
2025-10-27T01:00:00-07:00,63,63,0.9
2025-10-27T01:30:00-07:00,63,63,1
2025-10-27T02:00:00-07:00,64,63,1.1
2025-10-27T02:30:00-07:00,63,63,1.1
2025-10-27T03:00:00-07:00,63,63,1.1
2025-10-27T03:30:00-07:00,62,63,0.9
2025-10-27T04:00:00-07:00,62,64,1
2025-10-27T04:30:00-07:00,62,63,1.1
2025-10-27T05:00:00-07:00,62,63,1
2025-10-27T05:30:00-07:00,62,64,1.2
2025-10-27T06:00:00-07:00,62,64,1.3
2025-10-27T06:30:00-07:00,63,64,1.4
2025-10-27T07:00:00-07:00,65,64,1.7
2025-10-27T07:30:00-07:00,66,64,1.6
2025-10-27T08:00:00-07:00,65,64,1.8
2025-10-27T08:30:00-07:00,65,64,1.8
2025-10-27T09:00:00-07:00,64,65,2.1
2025-10-27T09:30:00-07:00,63,66,2.9
2025-10-27T10:00:00-07:00,61,68,2.6
2025-10-27T10:30:00-07:00,58,69,1.9
2025-10-27T11:00:00-07:00,55,70,1
2025-10-27T11:30:00-07:00,53,71,0.6
2025-10-27T12:00:00-07:00,54,71,1.2
2025-10-27T12:30:00-07:00,50,72,0.4
2025-10-27T13:00:00-07:00,48,73,0.3
2025-10-27T13:30:00-07:00,51,73,1.4
2025-10-27T14:00:00-07:00,50,73,1.3
2025-10-27T14:30:00-07:00,48,73,1.2
2025-10-27T15:00:00-07:00,46,74,0.7
2025-10-27T15:30:00-07:00,44,75,0.3
2025-10-27T16:00:00-07:00,44,75,0.3
2025-10-27T16:30:00-07:00,40,78,0.1
2025-10-27T17:00:00-07:00,42,77,0.2
2025-10-27T17:30:00-07:00,49,73,0.6
2025-10-27T18:00:00-07:00,55,70,0.6
2025-10-27T18:30:00-07:00,56,69,0.8
2025-10-27T19:00:00-07:00,56,67,0.9
2025-10-27T19:30:00-07:00,58,67,1.2
2025-10-27T20:00:00-07:00,59,67,2
2025-10-27T20:30:00-07:00,60,65,3.5
2025-10-27T21:00:00-07:00,61,64,3.5
2025-10-27T21:30:00-07:00,62,63,3.2
2025-10-27T22:00:00-07:00,61,62,2.9
2025-10-27T22:30:00-07:00,61,61,3.1
2025-10-27T23:00:00-07:00,62,60,3.1
2025-10-27T23:30:00-07:00,63,60,4
2025-10-28T00:00:00-07:00,64,59,4.2
2025-10-28T00:30:00-07:00,65,58,4.5
2025-10-28T01:00:00-07:00,64,58,4.1
2025-10-28T01:30:00-07:00,63,58,4.3
2025-10-28T02:00:00-07:00,62,57,3.7
2025-10-28T02:30:00-07:00,61,57,2.8
2025-10-28T03:00:00-07:00,61,56,2.7
2025-10-28T03:30:00-07:00,60,56,2.2
2025-10-28T04:00:00-07:00,60,55,2.2
2025-10-28T04:30:00-07:00,62,55,2.5
2025-10-28T05:00:00-07:00,63,55,3.7
2025-10-28T05:30:00-07:00,63,55,3.7
2025-10-28T06:00:00-07:00,63,55,3.5
2025-10-28T06:30:00-07:00,63,55,3.3
2025-10-28T07:00:00-07:00,64,54,3.5
2025-10-28T07:30:00-07:00,65,54,4
2025-10-28T08:00:00-07:00,66,55,4.3
2025-10-28T08:30:00-07:00,67,58,6.2
2025-10-28T09:00:00-07:00,63,62,5.4
2025-10-28T09:30:00-07:00,55,66,4.5
2025-10-28T10:00:00-07:00,52,69,6.8
2025-10-28T10:30:00-07:00,49,71,5.6
2025-10-28T11:00:00-07:00,43,74,3.1
2025-10-28T11:30:00-07:00,38,77,2.3
2025-10-28T12:00:00-07:00,35,78,2.3
2025-10-28T12:30:00-07:00,34,78,2.3
2025-10-28T13:00:00-07:00,32,79,2.2
2025-10-28T13:30:00-07:00,31,80,1.9
2025-10-28T14:00:00-07:00,30,80,1.9
2025-10-28T14:30:00-07:00,32,80,1.7
2025-10-28T15:00:00-07:00,31,80,2
2025-10-28T15:30:00-07:00,31,80,2.1
2025-10-28T16:00:00-07:00,31,81,1.7
2025-10-28T16:30:00-07:00,30,84,1.7
2025-10-28T17:00:00-07:00,28,86,1.7
2025-10-28T17:30:00-07:00,31,82,2.1
2025-10-28T18:00:00-07:00,35,79,2.3
2025-10-28T18:30:00-07:00,39,76,3.3
2025-10-28T19:00:00-07:00,43,74,4
2025-10-28T19:30:00-07:00,46,72,4
2025-10-28T20:00:00-07:00,50,70,3.6
2025-10-28T20:30:00-07:00,57,69,3.1
2025-10-28T21:00:00-07:00,58,69,3.3
2025-10-28T21:30:00-07:00,59,68,3.7
2025-10-28T22:00:00-07:00,60,67,3.7
2025-10-28T22:30:00-07:00,61,66,4.2
2025-10-28T23:00:00-07:00,62,65,4.2
2025-10-28T23:30:00-07:00,63,64,4.9
2025-10-29T00:00:00-07:00,63,63,5.3
2025-10-29T00:30:00-07:00,63,62,6
2025-10-29T01:00:00-07:00,62,62,5.9
2025-10-29T01:30:00-07:00,61,61,5.6
2025-10-29T02:00:00-07:00,61,61,5.8
2025-10-29T02:30:00-07:00,62,60,5.9
2025-10-29T03:00:00-07:00,63,60,5.9
2025-10-29T03:30:00-07:00,63,59,5.8
2025-10-29T04:00:00-07:00,63,59,5.6
2025-10-29T04:30:00-07:00,63,59,5.7
2025-10-29T05:00:00-07:00,63,58,5.9
2025-10-29T05:30:00-07:00,64,58,6.1
2025-10-29T06:00:00-07:00,64,58,5.9
2025-10-29T06:30:00-07:00,64,57,6.4
2025-10-29T07:00:00-07:00,64,57,7
2025-10-29T07:30:00-07:00,65,58,7.8
2025-10-29T08:00:00-07:00,65,58,8.6
2025-10-29T08:30:00-07:00,64,61,8.6
2025-10-29T09:00:00-07:00,62,65,9.5
2025-10-29T09:30:00-07:00,58,69,8.4
2025-10-29T10:00:00-07:00,53,71,7
2025-10-29T10:30:00-07:00,49,74,6.6
2025-10-29T11:00:00-07:00,46,76,6.7
2025-10-29T11:30:00-07:00,42,78,7.8
2025-10-29T12:00:00-07:00,40,79,6.7
2025-10-29T12:30:00-07:00,39,80,7.2
2025-10-29T13:00:00-07:00,40,81,7.6
2025-10-29T13:30:00-07:00,38,81,8.8
2025-10-29T14:00:00-07:00,37,81,8
2025-10-29T14:30:00-07:00,38,82,8.2
2025-10-29T15:00:00-07:00,36,83,7
2025-10-29T15:30:00-07:00,34,84,5.9
2025-10-29T16:00:00-07:00,32,86,4.2
2025-10-29T16:30:00-07:00,29,89,3.5
2025-10-29T17:00:00-07:00,31,87,4.7
2025-10-29T17:30:00-07:00,39,82,5.8
2025-10-29T18:00:00-07:00,43,79,5.6
2025-10-29T18:30:00-07:00,46,76,5.5
2025-10-29T19:00:00-07:00,51,75,5.9
2025-10-29T19:30:00-07:00,58,73,6.3
2025-10-29T20:00:00-07:00,59,72,6.2
2025-10-29T20:30:00-07:00,60,71,5.7
2025-10-29T21:00:00-07:00,61,71,8.3
2025-10-29T21:30:00-07:00,62,70,13
2025-10-29T22:00:00-07:00,63,68,7.3
2025-10-29T22:30:00-07:00,64,67,6.1
2025-10-29T23:00:00-07:00,65,67,6.7
2025-10-29T23:30:00-07:00,65,66,6
2025-10-30T00:00:00-07:00,66,65,6.4
2025-10-30T00:30:00-07:00,68,64,7
2025-10-30T01:00:00-07:00,67,64,6.4
2025-10-30T01:30:00-07:00,66,63,6.9
2025-10-30T02:00:00-07:00,67,62,7.2
2025-10-30T02:30:00-07:00,67,62,7.9
2025-10-30T03:00:00-07:00,67,62,8.2
2025-10-30T03:30:00-07:00,68,61,8.6
2025-10-30T04:00:00-07:00,68,61,8.2
2025-10-30T04:30:00-07:00,69,61,8.2
2025-10-30T05:00:00-07:00,69,61,8.3
2025-10-30T05:30:00-07:00,71,62,9.1
2025-10-30T06:00:00-07:00,74,64,10.4
2025-10-30T06:30:00-07:00,74,64,10.9
2025-10-30T07:00:00-07:00,74,64,13
2025-10-30T07:30:00-07:00,73,64,14.3
2025-10-30T08:00:00-07:00,73,64,15.2
2025-10-30T08:30:00-07:00,73,65,14.3
2025-10-30T09:00:00-07:00,72,65,15.2
2025-10-30T09:30:00-07:00,71,65,12.2
2025-10-30T10:00:00-07:00,71,65,14.4
2025-10-30T10:30:00-07:00,70,66,15.2
2025-10-30T11:00:00-07:00,69,66,16.5
2025-10-30T11:30:00-07:00,68,67,18.3
2025-10-30T12:00:00-07:00,66,68,18.8
2025-10-30T12:30:00-07:00,64,69,17.9
2025-10-30T13:00:00-07:00,61,70,16.3
2025-10-30T13:30:00-07:00,58,72,13.7
2025-10-30T14:00:00-07:00,56,73,12.2
2025-10-30T14:30:00-07:00,56,73,11.6
2025-10-30T15:00:00-07:00,58,72,10.5
2025-10-30T15:30:00-07:00,59,71,9.7
2025-10-30T16:00:00-07:00,60,70,9.8
2025-10-30T16:30:00-07:00,59,71,9.3
2025-10-30T17:00:00-07:00,62,68,8.9
2025-10-30T17:30:00-07:00,67,65,9.4
2025-10-30T18:00:00-07:00,71,63,9.3
2025-10-30T18:30:00-07:00,72,63,9.2
2025-10-30T19:00:00-07:00,72,63,8.8
2025-10-30T19:30:00-07:00,71,63,8.9
2025-10-30T20:00:00-07:00,71,63,8.9
2025-10-30T20:30:00-07:00,70,63,8.5
2025-10-30T21:00:00-07:00,70,63,8.8
2025-10-30T21:30:00-07:00,70,63,8.6
2025-10-30T22:00:00-07:00,69,63,8.3
2025-10-30T22:30:00-07:00,68,62,8.9
2025-10-30T23:00:00-07:00,71,62,8.3
2025-10-30T23:30:00-07:00,70,62,8
2025-10-31T00:00:00-07:00,70,62,8.1
2025-10-31T00:30:00-07:00,70,62,7.5
2025-10-31T01:00:00-07:00,68,63,7.4
2025-10-31T01:30:00-07:00,68,63,7.2
2025-10-31T02:00:00-07:00,67,63,7.3
2025-10-31T02:30:00-07:00,67,63,7.2
2025-10-31T03:00:00-07:00,67,63,7.6
2025-10-31T03:30:00-07:00,67,62,7.6
2025-10-31T04:00:00-07:00,67,62,8.2
2025-10-31T04:30:00-07:00,68,62,7.8
2025-10-31T05:00:00-07:00,68,61,8
2025-10-31T05:30:00-07:00,68,62,8.3
2025-10-31T06:00:00-07:00,69,62,9
2025-10-31T06:30:00-07:00,69,62,11.5
2025-10-31T07:00:00-07:00,68,62,13.1
2025-10-31T07:30:00-07:00,68,63,12.3
2025-10-31T08:00:00-07:00,68,63,12.8
2025-10-31T08:30:00-07:00,68,63,12.1
2025-10-31T09:00:00-07:00,67,64,14
2025-10-31T09:30:00-07:00,66,65,14.9
2025-10-31T10:00:00-07:00,63,66,15.8
2025-10-31T10:30:00-07:00,60,68,15.7
2025-10-31T11:00:00-07:00,57,70,17
2025-10-31T11:30:00-07:00,55,71,17.6
2025-10-31T12:00:00-07:00,53,73,14.9
2025-10-31T12:30:00-07:00,53,73,14.5
2025-10-31T13:00:00-07:00,54,72,15.3
2025-10-31T13:30:00-07:00,52,74,17.9
2025-10-31T14:00:00-07:00,50,76,15.8
2025-10-31T14:30:00-07:00,48,78,14.1
2025-10-31T15:00:00-07:00,46,78,12.8
2025-10-31T15:30:00-07:00,45,79,13.5
2025-10-31T16:00:00-07:00,42,80,11.4
2025-10-31T16:30:00-07:00,41,83,12
2025-10-31T17:00:00-07:00,45,80,11.2
2025-10-31T17:30:00-07:00,54,73,6.5
2025-10-31T18:00:00-07:00,58,71,6.3
2025-10-31T18:30:00-07:00,62,69,6.9
2025-10-31T19:00:00-07:00,65,67,6.5
2025-10-31T19:30:00-07:00,66,66,6.9
2025-10-31T20:00:00-07:00,67,66,7.1
2025-10-31T20:30:00-07:00,66,66,11.8
2025-10-31T21:00:00-07:00,66,65,16.6
2025-10-31T21:30:00-07:00,66,64,11.2
2025-10-31T22:00:00-07:00,66,63,12
2025-10-31T22:30:00-07:00,66,63,12.1
2025-10-31T23:00:00-07:00,66,62,14
2025-10-31T23:30:00-07:00,66,61,18.5
2025-11-01T00:00:00-07:00,67,60,13.3
2025-11-01T00:30:00-07:00,66,60,13.2
2025-11-01T01:00:00-07:00,67,59,14.1
2025-11-01T01:30:00-07:00,67,59,15.1
2025-11-01T02:00:00-07:00,67,58,14.4
2025-11-01T02:30:00-07:00,67,58,13.4
2025-11-01T03:00:00-07:00,67,58,13.1
2025-11-01T03:30:00-07:00,68,57,13.1
2025-11-01T04:00:00-07:00,68,57,12.2
2025-11-01T04:30:00-07:00,67,57,11.3
2025-11-01T05:00:00-07:00,67,56,11
2025-11-01T05:30:00-07:00,68,56,11.5
2025-11-01T06:00:00-07:00,67,56,11.1
2025-11-01T06:30:00-07:00,68,55,11.6
2025-11-01T07:00:00-07:00,68,55,11.8
2025-11-01T07:30:00-07:00,68,55,12.4
2025-11-01T08:00:00-07:00,69,56,12
2025-11-01T08:30:00-07:00,71,59,15.1
2025-11-01T09:00:00-07:00,72,62,18
2025-11-01T09:30:00-07:00,71,64,20.4
2025-11-01T10:00:00-07:00,69,66,24.2
2025-11-01T10:30:00-07:00,65,68,24.7
2025-11-01T11:00:00-07:00,63,69,25
2025-11-01T11:30:00-07:00,61,70,24.2
2025-11-01T12:00:00-07:00,58,72,19.2
2025-11-01T12:30:00-07:00,54,73,10.9
2025-11-01T13:00:00-07:00,49,75,5.8
2025-11-01T13:30:00-07:00,46,76,4
2025-11-01T14:00:00-07:00,43,77,3.9
2025-11-01T14:30:00-07:00,43,77,3.5
2025-11-01T15:00:00-07:00,44,77,3.3
2025-11-01T15:30:00-07:00,43,78,3.6
2025-11-01T16:00:00-07:00,44,78,4.5
2025-11-01T16:30:00-07:00,42,79,4.7
2025-11-01T17:00:00-07:00,47,77,3.8
2025-11-01T17:30:00-07:00,53,73,3.3
2025-11-01T18:00:00-07:00,58,71,3.2
2025-11-01T18:30:00-07:00,64,70,3.3
2025-11-01T19:00:00-07:00,68,68,4
2025-11-01T19:30:00-07:00,68,68,4
2025-11-01T20:00:00-07:00,71,67,4.7
2025-11-01T20:30:00-07:00,72,66,4.6
2025-11-01T21:00:00-07:00,70,66,4.3
2025-11-01T21:30:00-07:00,69,65,4.9
2025-11-01T22:00:00-07:00,69,64,5.2
2025-11-01T22:30:00-07:00,69,63,6.5
2025-11-01T23:00:00-07:00,70,62,6.7
2025-11-01T23:30:00-07:00,69,61,7.8
2025-11-02T00:00:00-07:00,69,61,7.5
2025-11-02T00:30:00-07:00,69,60,7.6
2025-11-02T01:00:00-07:00,68,60,7.5
2025-11-02T01:30:00-07:00,69,59,7.7
2025-11-02T01:00:00-08:00,69,58,7.7
2025-11-02T01:30:00-08:00,69,58,7.7
2025-11-02T02:00:00-08:00,69,58,7.8
2025-11-02T02:30:00-08:00,69,57,7.5
2025-11-02T03:00:00-08:00,69,57,7.3
2025-11-02T03:30:00-08:00,69,57,6.9
2025-11-02T04:00:00-08:00,69,56,6.4
2025-11-02T04:30:00-08:00,72,56,6.7
2025-11-02T05:00:00-08:00,74,58,12.6
2025-11-02T05:30:00-08:00,77,59,12.6
2025-11-02T06:00:00-08:00,76,59,11.4
2025-11-02T06:30:00-08:00,74,58,11.9
2025-11-02T07:00:00-08:00,73,58,11.9
2025-11-02T07:30:00-08:00,73,60,9.8
2025-11-02T08:00:00-08:00,71,62,9.5
2025-11-02T08:30:00-08:00,68,65,13.1
2025-11-02T09:00:00-08:00,62,68,13.1
2025-11-02T09:30:00-08:00,58,71,11.8
2025-11-02T10:00:00-08:00,53,74,9.8
2025-11-02T10:30:00-08:00,50,76,8.4
2025-11-02T11:00:00-08:00,47,78,6.8
2025-11-02T11:30:00-08:00,46,80,8.3
2025-11-02T12:00:00-08:00,46,80,8.1
2025-11-02T12:30:00-08:00,43,81,5.2
2025-11-02T13:00:00-08:00,42,81,4.3
2025-11-02T13:30:00-08:00,43,81,5.5
2025-11-02T14:00:00-08:00,43,83,7.5
2025-11-02T14:30:00-08:00,42,83,7.3
2025-11-02T15:00:00-08:00,39,83,6.6
2025-11-02T15:30:00-08:00,38,85,9.7
2025-11-02T16:00:00-08:00,42,83,11.6
2025-11-02T16:30:00-08:00,48,79,10.4
2025-11-02T17:00:00-08:00,52,77,9.9
2025-11-02T17:30:00-08:00,53,76,9.8
2025-11-02T18:00:00-08:00,55,74,10.9
2025-11-02T18:30:00-08:00,58,73,11.1
2025-11-02T19:00:00-08:00,60,72,10.7
2025-11-02T19:30:00-08:00,62,71,9.4
2025-11-02T20:00:00-08:00,65,70,8.4
2025-11-02T20:30:00-08:00,67,69,7.7
2025-11-02T21:00:00-08:00,67,68,8.1
2025-11-02T21:30:00-08:00,67,68,8.1
2025-11-02T22:00:00-08:00,67,67,8
2025-11-02T22:30:00-08:00,67,66,7.8
2025-11-02T23:00:00-08:00,68,66,7.8
2025-11-02T23:30:00-08:00,70,65,8.5
2025-11-03T00:00:00-08:00,70,65,8.6
2025-11-03T00:30:00-08:00,71,65,8.8
2025-11-03T01:00:00-08:00,72,64,8.4
2025-11-03T01:30:00-08:00,72,64,8.1
2025-11-03T02:00:00-08:00,72,63,8.3
2025-11-03T02:30:00-08:00,71,63,8
2025-11-03T03:00:00-08:00,71,62,8.1
2025-11-03T03:30:00-08:00,70,61,7.7
2025-11-03T04:00:00-08:00,70,60,7.7
2025-11-03T04:30:00-08:00,69,60,7.4
2025-11-03T05:00:00-08:00,72,60,8.5
2025-11-03T05:30:00-08:00,73,61,8.9
2025-11-03T06:00:00-08:00,71,60,7.9
2025-11-03T06:30:00-08:00,72,60,9.5
2025-11-03T07:00:00-08:00,75,61,13.1
2025-11-03T07:30:00-08:00,75,63,17.1
2025-11-03T08:00:00-08:00,75,62,15.6
2025-11-03T08:30:00-08:00,76,62,12.1
2025-11-03T09:00:00-08:00,73,64,12.8
2025-11-03T09:30:00-08:00,68,66,13.3
2025-11-03T10:00:00-08:00,64,67,11.4
2025-11-03T10:30:00-08:00,59,68,4.5
2025-11-03T11:00:00-08:00,51,70,2.3
2025-11-03T11:30:00-08:00,46,72,2.4
2025-11-03T12:00:00-08:00,40,73,1.6
2025-11-03T12:30:00-08:00,32,75,1
2025-11-03T13:00:00-08:00,28,76,0.8
2025-11-03T13:30:00-08:00,35,74,1.4
2025-11-03T14:00:00-08:00,34,74,1.3
2025-11-03T14:30:00-08:00,40,73,1.5
2025-11-03T15:00:00-08:00,41,73,1.2
2025-11-03T15:30:00-08:00,38,76,1.1
2025-11-03T16:00:00-08:00,38,75,1.2
2025-11-03T16:30:00-08:00,42,72,1.5
2025-11-03T17:00:00-08:00,44,69,1.4
2025-11-03T17:30:00-08:00,53,66,2.4
2025-11-03T18:00:00-08:00,55,65,2.3
2025-11-03T18:30:00-08:00,56,65,2.9
2025-11-03T19:00:00-08:00,58,65,3.5
2025-11-03T19:30:00-08:00,59,65,4.3
2025-11-03T20:00:00-08:00,59,65,5.7
2025-11-03T20:30:00-08:00,60,65,4.6
2025-11-03T21:00:00-08:00,60,65,4.7
2025-11-03T21:30:00-08:00,60,64,5.1
2025-11-03T22:00:00-08:00,60,65,5.3
2025-11-03T22:30:00-08:00,58,65,4.8
2025-11-03T23:00:00-08:00,56,66,4.2
2025-11-03T23:30:00-08:00,55,66,3.2
2025-11-04T00:00:00-08:00,54,66,3.1
2025-11-04T00:30:00-08:00,53,66,3.2
2025-11-04T01:00:00-08:00,52,66,3.5
2025-11-04T01:30:00-08:00,53,66,4.2
2025-11-04T02:00:00-08:00,55,65,5
2025-11-04T02:30:00-08:00,54,65,5.1
2025-11-04T03:00:00-08:00,54,65,4.4
2025-11-04T03:30:00-08:00,55,65,4.5
2025-11-04T04:00:00-08:00,55,65,3.4
2025-11-04T04:30:00-08:00,55,64,3.3
2025-11-04T05:00:00-08:00,57,63,3.3
2025-11-04T05:30:00-08:00,59,62,3.5
2025-11-04T06:00:00-08:00,60,61,3.8
2025-11-04T06:30:00-08:00,61,60,4.7
2025-11-04T07:00:00-08:00,62,60,4.9
2025-11-04T07:30:00-08:00,62,62,4.5
2025-11-04T08:00:00-08:00,59,65,3.5
2025-11-04T08:30:00-08:00,54,68,2.9
2025-11-04T09:00:00-08:00,51,70,2.2
2025-11-04T09:30:00-08:00,49,73,1.3
2025-11-04T10:00:00-08:00,47,75,0.8
2025-11-04T10:30:00-08:00,44,77,0.4
2025-11-04T11:00:00-08:00,43,78,0.3
2025-11-04T11:30:00-08:00,42,79,0.1
2025-11-04T12:00:00-08:00,40,81,0.1
2025-11-04T12:30:00-08:00,41,81,0.1
2025-11-04T13:00:00-08:00,43,79,0.2
2025-11-04T13:30:00-08:00,46,78,0.3
2025-11-04T14:00:00-08:00,48,76,0.2
2025-11-04T14:30:00-08:00,50,76,0.1
2025-11-04T15:00:00-08:00,49,77,0.1
2025-11-04T15:30:00-08:00,48,77,0.1
2025-11-04T16:00:00-08:00,51,75,0.1
2025-11-04T16:30:00-08:00,55,73,2
2025-11-04T17:00:00-08:00,57,71,0.1
2025-11-04T17:30:00-08:00,59,70,0
2025-11-04T18:00:00-08:00,60,70,0
2025-11-04T18:30:00-08:00,60,70,0.1
2025-11-04T19:00:00-08:00,61,69,0.3
2025-11-04T19:30:00-08:00,62,68,0.7
2025-11-04T20:00:00-08:00,62,68,0.9
2025-11-04T20:30:00-08:00,63,67,1.1
2025-11-04T21:00:00-08:00,65,66,0.8
2025-11-04T21:30:00-08:00,66,67,0.7
2025-11-04T22:00:00-08:00,67,66,0.1
2025-11-04T22:30:00-08:00,66,66,0.1
2025-11-04T23:00:00-08:00,67,66,0.9
2025-11-04T23:30:00-08:00,67,65,3
2025-11-05T00:00:00-08:00,68,65,1.8
2025-11-05T00:30:00-08:00,67,65,1
2025-11-05T01:00:00-08:00,68,64,1.4
2025-11-05T01:30:00-08:00,68,64,2.9
2025-11-05T02:00:00-08:00,68,64,1.8
2025-11-05T02:30:00-08:00,65,65,2.1
2025-11-05T03:00:00-08:00,63,64,3.1
2025-11-05T03:30:00-08:00,62,64,4.7
2025-11-05T04:00:00-08:00,60,65,4.4
2025-11-05T04:30:00-08:00,59,65,3.7
2025-11-05T05:00:00-08:00,59,65,4.7
2025-11-05T05:30:00-08:00,58,66,5.4
2025-11-05T06:00:00-08:00,61,66,4
2025-11-05T06:30:00-08:00,67,65,4.2
2025-11-05T07:00:00-08:00,69,64,4.3
2025-11-05T07:30:00-08:00,71,64,5.4
2025-11-05T08:00:00-08:00,72,64,4.5
2025-11-05T08:30:00-08:00,70,65,3.7
2025-11-05T09:00:00-08:00,68,66,2.6
2025-11-05T09:30:00-08:00,67,67,1.9
2025-11-05T10:00:00-08:00,63,69,0.4
2025-11-05T10:30:00-08:00,59,70,0.2
2025-11-05T11:00:00-08:00,56,72,0.1
2025-11-05T11:30:00-08:00,52,75,0
2025-11-05T12:00:00-08:00,52,74,0
2025-11-05T12:30:00-08:00,54,73,0
2025-11-05T13:00:00-08:00,54,73,0
2025-11-05T13:30:00-08:00,54,73,0
2025-11-05T14:00:00-08:00,53,74,0
2025-11-05T14:30:00-08:00,55,73,0.1
2025-11-05T15:00:00-08:00,56,73,0
2025-11-05T15:30:00-08:00,56,72,0
2025-11-05T16:00:00-08:00,55,74,0
2025-11-05T16:30:00-08:00,58,71,0
2025-11-05T17:00:00-08:00,61,70,0.2
2025-11-05T17:30:00-08:00,63,70,0.5
2025-11-05T18:00:00-08:00,64,69,0.6
2025-11-05T18:30:00-08:00,65,69,0.7
2025-11-05T19:00:00-08:00,65,68,0.4
2025-11-05T19:30:00-08:00,65,68,0.4
2025-11-05T20:00:00-08:00,67,68,0.7
2025-11-05T20:30:00-08:00,67,68,1
2025-11-05T21:00:00-08:00,68,67,1
2025-11-05T21:30:00-08:00,67,67,0.9
2025-11-05T22:00:00-08:00,67,67,1.4
2025-11-05T22:30:00-08:00,67,66,1.5
2025-11-05T23:00:00-08:00,69,65,2.4
2025-11-05T23:30:00-08:00,68,64,2.4
2025-11-06T00:00:00-08:00,68,63,2.7
2025-11-06T00:30:00-08:00,69,63,2.8
2025-11-06T01:00:00-08:00,70,62,2.7
2025-11-06T01:30:00-08:00,70,61,2.7
2025-11-06T02:00:00-08:00,70,61,2.7
2025-11-06T02:30:00-08:00,71,61,2.6
2025-11-06T03:00:00-08:00,72,63,2.8
2025-11-06T03:30:00-08:00,72,63,2.7
2025-11-06T04:00:00-08:00,72,64,2.4
2025-11-06T04:30:00-08:00,72,65,1.6
2025-11-06T05:00:00-08:00,72,65,1.4
2025-11-06T05:30:00-08:00,71,64,1.3
2025-11-06T06:00:00-08:00,70,64,1.3
2025-11-06T06:30:00-08:00,71,64,1.9
2025-11-06T07:00:00-08:00,72,64,4.1
2025-11-06T07:30:00-08:00,71,65,5
2025-11-06T08:00:00-08:00,69,66,5.6
2025-11-06T08:30:00-08:00,65,68,4.7
2025-11-06T09:00:00-08:00,61,70,2.6
2025-11-06T09:30:00-08:00,58,72,2.4
2025-11-06T10:00:00-08:00,56,72,1.9
2025-11-06T10:30:00-08:00,54,73,2
2025-11-06T11:00:00-08:00,52,74,2.5
2025-11-06T11:30:00-08:00,49,75,2.7
2025-11-06T12:00:00-08:00,48,76,3
2025-11-06T12:30:00-08:00,48,75,3
2025-11-06T13:00:00-08:00,50,74,3.2
2025-11-06T13:30:00-08:00,51,74,3.8
2025-11-06T14:00:00-08:00,51,74,3.2
2025-11-06T14:30:00-08:00,50,74,2.7
2025-11-06T15:00:00-08:00,49,75,2.9
2025-11-06T15:30:00-08:00,50,75,4.3
2025-11-06T16:00:00-08:00,52,73,3.1
2025-11-06T16:30:00-08:00,56,71,3.1
2025-11-06T17:00:00-08:00,60,69,3.5
2025-11-06T17:30:00-08:00,63,69,3.9
2025-11-06T18:00:00-08:00,64,68,3.8
2025-11-06T18:30:00-08:00,67,67,3.2
2025-11-06T19:00:00-08:00,68,67,3.3
2025-11-06T19:30:00-08:00,69,66,3.2
2025-11-06T20:00:00-08:00,68,66,2.6
2025-11-06T20:30:00-08:00,68,66,3.7
2025-11-06T21:00:00-08:00,69,65,4.1
2025-11-06T21:30:00-08:00,67,65,3.8
2025-11-06T22:00:00-08:00,67,64,4.5
2025-11-06T22:30:00-08:00,68,63,5
2025-11-06T23:00:00-08:00,68,63,5.5
2025-11-06T23:30:00-08:00,68,62,5.4
2025-11-07T00:00:00-08:00,68,62,5
2025-11-07T00:30:00-08:00,68,61,5.1
2025-11-07T01:00:00-08:00,69,61,4.9
2025-11-07T01:30:00-08:00,69,61,3.9
2025-11-07T02:00:00-08:00,69,61,3.7
2025-11-07T02:30:00-08:00,69,60,3.6
2025-11-07T03:00:00-08:00,69,60,3.4
2025-11-07T03:30:00-08:00,69,60,3.3
2025-11-07T04:00:00-08:00,71,60,3
2025-11-07T04:30:00-08:00,71,61,3.5
2025-11-07T05:00:00-08:00,72,61,4.2
2025-11-07T05:30:00-08:00,72,62,7.5
2025-11-07T06:00:00-08:00,73,62,14.9
2025-11-07T06:30:00-08:00,73,62,13.8
2025-11-07T07:00:00-08:00,73,62,9.2
2025-11-07T07:30:00-08:00,73,64,11.2
2025-11-07T08:00:00-08:00,72,65,12
2025-11-07T08:30:00-08:00,68,68,10.9
2025-11-07T09:00:00-08:00,65,69,8.5
2025-11-07T09:30:00-08:00,61,71,6
2025-11-07T10:00:00-08:00,59,73,3.3
2025-11-07T10:30:00-08:00,57,74,2.5
2025-11-07T11:00:00-08:00,57,75,1.8
2025-11-07T11:30:00-08:00,57,75,3.4
2025-11-07T12:00:00-08:00,57,76,2
2025-11-07T12:30:00-08:00,58,76,3.4
2025-11-07T13:00:00-08:00,57,76,4.9
2025-11-07T13:30:00-08:00,59,75,3.8
2025-11-07T14:00:00-08:00,58,76,2.4
2025-11-07T14:30:00-08:00,57,76,1.6
2025-11-07T15:00:00-08:00,55,77,1.3
2025-11-07T15:30:00-08:00,53,78,0.5
2025-11-07T16:00:00-08:00,56,75,0.5
2025-11-07T16:30:00-08:00,61,73,1.1
2025-11-07T17:00:00-08:00,67,70,1.9
2025-11-07T17:30:00-08:00,71,69,2.5
2025-11-07T18:00:00-08:00,73,68,3
2025-11-07T18:30:00-08:00,73,68,2.9
2025-11-07T19:00:00-08:00,72,68,3.9
2025-11-07T19:30:00-08:00,72,68,5.5
2025-11-07T20:00:00-08:00,71,67,7.6
2025-11-07T20:30:00-08:00,70,66,15.1
2025-11-07T21:00:00-08:00,71,65,11.4
2025-11-07T21:30:00-08:00,71,64,9.3
2025-11-07T22:00:00-08:00,71,64,9
2025-11-07T22:30:00-08:00,72,63,8.9
2025-11-07T23:00:00-08:00,72,63,9.4
2025-11-07T23:30:00-08:00,73,62,10.1
2025-11-08T00:00:00-08:00,73,62,10.1
2025-11-08T00:30:00-08:00,73,62,10.2
2025-11-08T01:00:00-08:00,72,61,10.1
2025-11-08T01:30:00-08:00,73,61,10
2025-11-08T02:00:00-08:00,71,60,9.3
2025-11-08T02:30:00-08:00,72,59,9
2025-11-08T03:00:00-08:00,71,59,7.8
2025-11-08T03:30:00-08:00,71,58,7.8
2025-11-08T04:00:00-08:00,72,58,7.9
2025-11-08T04:30:00-08:00,72,58,8.1
2025-11-08T05:00:00-08:00,75,59,14.2
2025-11-08T05:30:00-08:00,75,59,17.2
2025-11-08T06:00:00-08:00,74,58,15.1
2025-11-08T06:30:00-08:00,75,58,19
2025-11-08T07:00:00-08:00,74,59,19.3
2025-11-08T07:30:00-08:00,76,61,21
2025-11-08T08:00:00-08:00,78,63,23.5
2025-11-08T08:30:00-08:00,77,64,24.3
2025-11-08T09:00:00-08:00,74,67,24.7
2025-11-08T09:30:00-08:00,67,70,19.3
2025-11-08T10:00:00-08:00,61,72,15.6
2025-11-08T10:30:00-08:00,57,73,13.7
2025-11-08T11:00:00-08:00,55,74,9.8
2025-11-08T11:30:00-08:00,52,75,6
2025-11-08T12:00:00-08:00,51,75,5.4
2025-11-08T12:30:00-08:00,49,77,4.1
2025-11-08T13:00:00-08:00,45,78,3.2
2025-11-08T13:30:00-08:00,44,79,3.5
2025-11-08T14:00:00-08:00,43,79,3
2025-11-08T14:30:00-08:00,39,80,2.6
2025-11-08T15:00:00-08:00,38,80,2
2025-11-08T15:30:00-08:00,38,82,2.1
2025-11-08T16:00:00-08:00,40,81,2.5
2025-11-08T16:30:00-08:00,43,78,2.2
2025-11-08T17:00:00-08:00,48,76,2.8
2025-11-08T17:30:00-08:00,51,73,3.4
2025-11-08T18:00:00-08:00,54,71,3.8
2025-11-08T18:30:00-08:00,57,70,9.1
2025-11-08T19:00:00-08:00,59,68,20.2
2025-11-08T19:30:00-08:00,61,67,11.2
2025-11-08T20:00:00-08:00,62,66,9.7
2025-11-08T20:30:00-08:00,61,65,11.8
2025-11-08T21:00:00-08:00,62,64,13.4
2025-11-08T21:30:00-08:00,62,63,12.6
2025-11-08T22:00:00-08:00,63,63,12
2025-11-08T22:30:00-08:00,62,62,10.7
2025-11-08T23:00:00-08:00,62,62,9
2025-11-08T23:30:00-08:00,62,61,8.1
2025-11-09T00:00:00-08:00,63,61,7.6
2025-11-09T00:30:00-08:00,64,60,7.3
2025-11-09T01:00:00-08:00,64,60,6.9
2025-11-09T01:30:00-08:00,64,59,6.7
2025-11-09T02:00:00-08:00,64,59,6.6
2025-11-09T02:30:00-08:00,65,59,6.4
2025-11-09T03:00:00-08:00,65,58,6.8
2025-11-09T03:30:00-08:00,66,58,7.3
2025-11-09T04:00:00-08:00,66,58,7.4
2025-11-09T04:30:00-08:00,66,57,7.2
2025-11-09T05:00:00-08:00,66,57,7.3
2025-11-09T05:30:00-08:00,67,57,7.3
2025-11-09T06:00:00-08:00,68,57,7.5
2025-11-09T06:30:00-08:00,67,57,7.4
2025-11-09T07:00:00-08:00,68,57,8.3
2025-11-09T07:30:00-08:00,70,59,9
2025-11-09T08:00:00-08:00,67,63,8.9
2025-11-09T08:30:00-08:00,60,67,10.4
2025-11-09T09:00:00-08:00,55,70,10.3
2025-11-09T09:30:00-08:00,51,73,8.6
2025-11-09T10:00:00-08:00,48,75,7.3
2025-11-09T10:30:00-08:00,45,78,7
2025-11-09T11:00:00-08:00,43,80,7.1
2025-11-09T11:30:00-08:00,42,80,7.2
2025-11-09T12:00:00-08:00,40,82,7.3
2025-11-09T12:30:00-08:00,38,85,6.8
2025-11-09T13:00:00-08:00,38,84,5.4
2025-11-09T13:30:00-08:00,39,83,6
2025-11-09T14:00:00-08:00,39,84,6.8
2025-11-09T14:30:00-08:00,39,85,7.4
2025-11-09T15:00:00-08:00,39,86,9.5
2025-11-09T15:30:00-08:00,39,86,11.1
2025-11-09T16:00:00-08:00,41,83,10.2
2025-11-09T16:30:00-08:00,45,81,10.4
2025-11-09T17:00:00-08:00,49,79,13.3
2025-11-09T17:30:00-08:00,52,76,20.5
2025-11-09T18:00:00-08:00,55,74,17.6
2025-11-09T18:30:00-08:00,57,73,20.9
2025-11-09T19:00:00-08:00,59,72,22.1
2025-11-09T19:30:00-08:00,61,70,26.4
2025-11-09T20:00:00-08:00,62,69,40.7
2025-11-09T20:30:00-08:00,63,68,29.8
2025-11-09T21:00:00-08:00,64,68,32.3
2025-11-09T21:30:00-08:00,65,67,31.5
2025-11-09T22:00:00-08:00,65,66,23.8
2025-11-09T22:30:00-08:00,65,65,21.8
2025-11-09T23:00:00-08:00,65,65,21.1
2025-11-09T23:30:00-08:00,66,64,20.6
2025-11-10T00:00:00-08:00,66,64,19.1
2025-11-10T00:30:00-08:00,67,63,17.5
2025-11-10T01:00:00-08:00,67,63,14.6
2025-11-10T01:30:00-08:00,67,62,14.7
2025-11-10T02:00:00-08:00,67,62,18.6
2025-11-10T02:30:00-08:00,67,61,13.6
2025-11-10T03:00:00-08:00,67,61,13.1
2025-11-10T03:30:00-08:00,67,60,12.5
2025-11-10T04:00:00-08:00,67,60,12.4
2025-11-10T04:30:00-08:00,68,59,12.3
2025-11-10T05:00:00-08:00,68,59,10.5
2025-11-10T05:30:00-08:00,68,59,8.8
2025-11-10T06:00:00-08:00,68,59,9.3
2025-11-10T06:30:00-08:00,69,58,8.1
2025-11-10T07:00:00-08:00,69,59,8.5
2025-11-10T07:30:00-08:00,70,61,10.2
2025-11-10T08:00:00-08:00,69,64,13.6
2025-11-10T08:30:00-08:00,64,68,21.8
2025-11-10T09:00:00-08:00,57,71,11.3
2025-11-10T09:30:00-08:00,52,74,9
2025-11-10T10:00:00-08:00,49,76,11.4
2025-11-10T10:30:00-08:00,45,78,8
2025-11-10T11:00:00-08:00,43,80,8.9
2025-11-10T11:30:00-08:00,40,81,6.9
2025-11-10T12:00:00-08:00,41,82,9.9
2025-11-10T12:30:00-08:00,41,82,10.8
2025-11-10T13:00:00-08:00,40,83,10.2
2025-11-10T13:30:00-08:00,39,83,9.9
2025-11-10T14:00:00-08:00,37,85,9.4
2025-11-10T14:30:00-08:00,37,85,9.2
2025-11-10T15:00:00-08:00,38,85,10.9
2025-11-10T15:30:00-08:00,37,85,9.1
2025-11-10T16:00:00-08:00,38,83,7.7
2025-11-10T16:30:00-08:00,41,81,7.2
2025-11-10T17:00:00-08:00,45,79,7.5
2025-11-10T17:30:00-08:00,49,77,9
2025-11-10T18:00:00-08:00,52,75,9.8
2025-11-10T18:30:00-08:00,55,74,11.1
2025-11-10T19:00:00-08:00,57,73,12.1
2025-11-10T19:30:00-08:00,58,71,12.9
2025-11-10T20:00:00-08:00,60,70,13.5
2025-11-10T20:30:00-08:00,61,69,14.8
2025-11-10T21:00:00-08:00,62,68,16.7
2025-11-10T21:30:00-08:00,63,67,16.9
2025-11-10T22:00:00-08:00,64,66,15.7
2025-11-10T22:30:00-08:00,64,65,15.5
2025-11-10T23:00:00-08:00,65,65,14.8
2025-11-10T23:30:00-08:00,65,64,14.1
2025-11-11T00:00:00-08:00,65,63,12.9
2025-11-11T00:30:00-08:00,65,63,10.9
2025-11-11T01:00:00-08:00,65,62,10.6
2025-11-11T01:30:00-08:00,65,62,12.1
2025-11-11T02:00:00-08:00,65,61,14.2
2025-11-11T02:30:00-08:00,66,61,12.7
2025-11-11T03:00:00-08:00,66,60,10.8
2025-11-11T03:30:00-08:00,66,60,9.7
2025-11-11T04:00:00-08:00,67,59,8.8
2025-11-11T04:30:00-08:00,66,59,8.3
2025-11-11T05:00:00-08:00,67,59,7.8
2025-11-11T05:30:00-08:00,67,58,8.1
2025-11-11T06:00:00-08:00,68,58,8.3
2025-11-11T06:30:00-08:00,68,59,7.8
2025-11-11T07:00:00-08:00,68,59,7.7
2025-11-11T07:30:00-08:00,68,61,11
2025-11-11T08:00:00-08:00,66,64,13.8
2025-11-11T08:30:00-08:00,63,66,14.9
2025-11-11T09:00:00-08:00,59,69,16.1
2025-11-11T09:30:00-08:00,53,72,15.3
2025-11-11T10:00:00-08:00,47,75,14.2
2025-11-11T10:30:00-08:00,45,76,11.7
2025-11-11T11:00:00-08:00,44,78,9.4
2025-11-11T11:30:00-08:00,43,79,10.8
2025-11-11T12:00:00-08:00,44,78,15.6
2025-11-11T12:30:00-08:00,43,78,12
2025-11-11T13:00:00-08:00,46,78,21.7
2025-11-11T13:30:00-08:00,44,78,14.4
2025-11-11T14:00:00-08:00,47,78,18.5
2025-11-11T14:30:00-08:00,50,76,14.4
2025-11-11T15:00:00-08:00,50,76,12.5
2025-11-11T15:30:00-08:00,51,76,12.7
2025-11-11T16:00:00-08:00,52,75,10.6
2025-11-11T16:30:00-08:00,54,73,10.1
2025-11-11T17:00:00-08:00,57,72,10.3
2025-11-11T17:30:00-08:00,58,71,10.6
2025-11-11T18:00:00-08:00,61,69,7.3
2025-11-11T18:30:00-08:00,62,70,8.2
2025-11-11T19:00:00-08:00,64,69,10.6
2025-11-11T19:30:00-08:00,63,68,12.1
2025-11-11T20:00:00-08:00,63,67,12
2025-11-11T20:30:00-08:00,65,66,11.8
2025-11-11T21:00:00-08:00,68,65,11.9
2025-11-11T21:30:00-08:00,70,64,13.5
2025-11-11T22:00:00-08:00,71,64,13.2
2025-11-11T22:30:00-08:00,71,63,14.8
2025-11-11T23:00:00-08:00,72,63,15
2025-11-11T23:30:00-08:00,72,63,13.4
2025-11-12T00:00:00-08:00,71,63,14.9
2025-11-12T00:30:00-08:00,71,64,15.3
2025-11-12T01:00:00-08:00,71,65,13.7
2025-11-12T01:30:00-08:00,70,65,14.3
2025-11-12T02:00:00-08:00,70,65,17.1
2025-11-12T02:30:00-08:00,69,65,17.8
2025-11-12T03:00:00-08:00,69,65,14.9
2025-11-12T03:30:00-08:00,69,65,13.2
2025-11-12T04:00:00-08:00,69,65,10.8
2025-11-12T04:30:00-08:00,68,64,9.4
2025-11-12T05:00:00-08:00,67,64,9.6
2025-11-12T05:30:00-08:00,68,63,9.7
2025-11-12T06:00:00-08:00,68,64,9.7
2025-11-12T06:30:00-08:00,68,64,10.5
2025-11-12T07:00:00-08:00,68,64,10.8
2025-11-12T07:30:00-08:00,68,65,10.6
2025-11-12T08:00:00-08:00,66,66,10
2025-11-12T08:30:00-08:00,65,66,8.3
2025-11-12T09:00:00-08:00,62,68,4.8
2025-11-12T09:30:00-08:00,57,70,3.6
2025-11-12T10:00:00-08:00,54,71,3.2
2025-11-12T10:30:00-08:00,53,72,2.4
2025-11-12T11:00:00-08:00,54,72,2.6
2025-11-12T11:30:00-08:00,49,76,3.7
2025-11-12T12:00:00-08:00,48,75,4.1
2025-11-12T12:30:00-08:00,51,74,2.2
2025-11-12T13:00:00-08:00,52,73,2.3
2025-11-12T13:30:00-08:00,51,74,2.9
2025-11-12T14:00:00-08:00,51,75,3.6
2025-11-12T14:30:00-08:00,48,76,3.5
2025-11-12T15:00:00-08:00,47,76,3.1
2025-11-12T15:30:00-08:00,48,75,3
2025-11-12T16:00:00-08:00,48,75,3.4
2025-11-12T16:30:00-08:00,51,74,4
2025-11-12T17:00:00-08:00,53,73,3.4
2025-11-12T17:30:00-08:00,54,73,3.8
2025-11-12T18:00:00-08:00,55,72,4.6
2025-11-12T18:30:00-08:00,56,71,3.7
2025-11-12T19:00:00-08:00,59,71,3.7
2025-11-12T19:30:00-08:00,61,71,2.2
2025-11-12T20:00:00-08:00,61,71,1.9
2025-11-12T20:30:00-08:00,61,71,2.1
2025-11-12T21:00:00-08:00,61,71,2
2025-11-12T21:30:00-08:00,60,71,2
2025-11-12T22:00:00-08:00,59,72,2.7
2025-11-12T22:30:00-08:00,59,71,5.5
2025-11-12T23:00:00-08:00,60,70,4.1
2025-11-12T23:30:00-08:00,59,70,2.9
2025-11-13T00:00:00-08:00,59,71,2.2
2025-11-13T00:30:00-08:00,59,71,2.1
2025-11-13T01:00:00-08:00,58,71,2.1
2025-11-13T01:30:00-08:00,59,71,2.1
2025-11-13T02:00:00-08:00,59,71,1.8
2025-11-13T02:30:00-08:00,59,71,1.7
2025-11-13T03:00:00-08:00,58,71,1.9
2025-11-13T03:30:00-08:00,59,71,2.1
2025-11-13T04:00:00-08:00,61,70,2.2
2025-11-13T04:30:00-08:00,64,70,2.4
2025-11-13T05:00:00-08:00,67,69,2.7
2025-11-13T05:30:00-08:00,70,68,3
2025-11-13T06:00:00-08:00,73,68,3.3
2025-11-13T06:30:00-08:00,76,67,3.5
2025-11-13T07:00:00-08:00,77,67,3.5
2025-11-13T07:30:00-08:00,77,67,2.6
2025-11-13T08:00:00-08:00,78,68,1.6
2025-11-13T08:30:00-08:00,77,68,1.3
2025-11-13T09:00:00-08:00,78,68,1.1
2025-11-13T09:30:00-08:00,77,68,0.9
2025-11-13T10:00:00-08:00,78,68,1.3
2025-11-13T10:30:00-08:00,82,67,2.2
2025-11-13T11:00:00-08:00,83,67,1.8
2025-11-13T11:30:00-08:00,81,69,1
2025-11-13T12:00:00-08:00,78,68,0.1
2025-11-13T12:30:00-08:00,79,67,0.2
2025-11-13T13:00:00-08:00,80,67,0.2
2025-11-13T13:30:00-08:00,79,67,0.5
2025-11-13T14:00:00-08:00,77,67,0.4
2025-11-13T14:30:00-08:00,78,66,0.1
2025-11-13T15:00:00-08:00,77,67,0.3
2025-11-13T15:30:00-08:00,74,67,0.4
2025-11-13T16:00:00-08:00,71,68,2.8
2025-11-13T16:30:00-08:00,73,67,4.2
2025-11-13T17:00:00-08:00,74,67,2.1
2025-11-13T17:30:00-08:00,72,67,1.3
2025-11-13T18:00:00-08:00,73,67,2
2025-11-13T18:30:00-08:00,75,67,2.5
2025-11-13T19:00:00-08:00,74,66,3
2025-11-13T19:30:00-08:00,76,66,1.7
2025-11-13T20:00:00-08:00,76,66,1.7
2025-11-13T20:30:00-08:00,75,66,1.2
2025-11-13T21:00:00-08:00,75,66,0.9
2025-11-13T21:30:00-08:00,75,66,0.9
2025-11-13T22:00:00-08:00,75,66,1.1
2025-11-13T22:30:00-08:00,76,66,1.9
2025-11-13T23:00:00-08:00,77,66,2.8
2025-11-13T23:30:00-08:00,76,65,1.9
2025-11-14T00:00:00-08:00,76,65,2.4
2025-11-14T00:30:00-08:00,76,64,2.2
2025-11-14T01:00:00-08:00,76,64,2
2025-11-14T01:30:00-08:00,77,64,1.7
2025-11-14T02:00:00-08:00,77,64,1.4
2025-11-14T02:30:00-08:00,77,64,1.4
2025-11-14T03:00:00-08:00,76,64,1.3
2025-11-14T03:30:00-08:00,76,63,1.1
2025-11-14T04:00:00-08:00,76,63,1.3
2025-11-14T04:30:00-08:00,76,63,1.5
2025-11-14T05:00:00-08:00,75,63,1.7
2025-11-14T05:30:00-08:00,76,62,1.9
2025-11-14T06:00:00-08:00,76,62,2.1
2025-11-14T06:30:00-08:00,76,62,1.8
2025-11-14T07:00:00-08:00,75,61,1.7
2025-11-14T07:30:00-08:00,77,62,2.3
2025-11-14T08:00:00-08:00,78,63,3.4
2025-11-14T08:30:00-08:00,77,64,3.4
2025-11-14T09:00:00-08:00,77,64,3.3
2025-11-14T09:30:00-08:00,77,65,4.7
2025-11-14T10:00:00-08:00,75,67,5.1
2025-11-14T10:30:00-08:00,70,68,4.2
2025-11-14T11:00:00-08:00,65,68,3.1
2025-11-14T11:30:00-08:00,61,70,2
2025-11-14T12:00:00-08:00,58,71,1.7
2025-11-14T12:30:00-08:00,54,73,1.7
2025-11-14T13:00:00-08:00,52,74,1.8
2025-11-14T13:30:00-08:00,49,74,1.6
2025-11-14T14:00:00-08:00,47,75,1.3
2025-11-14T14:30:00-08:00,47,75,1
2025-11-14T15:00:00-08:00,47,75,1.2
2025-11-14T15:30:00-08:00,48,74,0.3
2025-11-14T16:00:00-08:00,49,71,0.3
2025-11-14T16:30:00-08:00,52,69,0.5
2025-11-14T17:00:00-08:00,56,68,1.7
2025-11-14T17:30:00-08:00,58,68,2.6
2025-11-14T18:00:00-08:00,59,67,3.6
2025-11-14T18:30:00-08:00,61,66,5.2
2025-11-14T19:00:00-08:00,64,66,4.5
2025-11-14T19:30:00-08:00,66,65,5
2025-11-14T20:00:00-08:00,67,64,5.4
2025-11-14T20:30:00-08:00,68,64,5
2025-11-14T21:00:00-08:00,70,63,5.6
2025-11-14T21:30:00-08:00,70,63,5.3
2025-11-14T22:00:00-08:00,70,62,4.9
2025-11-14T22:30:00-08:00,71,62,6.5
2025-11-14T23:00:00-08:00,72,61,7.9
2025-11-14T23:30:00-08:00,72,60,7.7
2025-11-15T00:00:00-08:00,72,59,14.2
2025-11-15T00:30:00-08:00,73,59,11.2
2025-11-15T01:00:00-08:00,74,59,9.7
2025-11-15T01:30:00-08:00,74,59,9.8
2025-11-15T02:00:00-08:00,75,59,10.3
2025-11-15T02:30:00-08:00,75,59,9.6
2025-11-15T03:00:00-08:00,75,59,10.2
2025-11-15T03:30:00-08:00,75,60,9.6
2025-11-15T04:00:00-08:00,76,60,11
2025-11-15T04:30:00-08:00,75,60,10.4
2025-11-15T05:00:00-08:00,75,60,10.2
2025-11-15T05:30:00-08:00,75,60,8.5
2025-11-15T06:00:00-08:00,75,60,5.3
2025-11-15T06:30:00-08:00,73,61,3.3
2025-11-15T07:00:00-08:00,73,60,7.2
2025-11-15T07:30:00-08:00,73,61,9.9
2025-11-15T08:00:00-08:00,74,62,10.3
2025-11-15T08:30:00-08:00,73,63,9.7
2025-11-15T09:00:00-08:00,72,64,8.9
2025-11-15T09:30:00-08:00,70,65,11
2025-11-15T10:00:00-08:00,69,65,8.3
2025-11-15T10:30:00-08:00,66,66,6.6
2025-11-15T11:00:00-08:00,63,66,3.7
2025-11-15T11:30:00-08:00,62,67,2.5
2025-11-15T12:00:00-08:00,58,70,1.5
2025-11-15T12:30:00-08:00,53,70,1
2025-11-15T13:00:00-08:00,54,70,0.5
2025-11-15T13:30:00-08:00,54,70,0.7
2025-11-15T14:00:00-08:00,52,71,0.8
2025-11-15T14:30:00-08:00,52,71,0.7
2025-11-15T15:00:00-08:00,51,71,0.7
2025-11-15T15:30:00-08:00,52,71,0.7
2025-11-15T16:00:00-08:00,54,70,1.4
2025-11-15T16:30:00-08:00,56,69,3.3
2025-11-15T17:00:00-08:00,63,68,7.5
2025-11-15T17:30:00-08:00,67,67,4.9
2025-11-15T18:00:00-08:00,68,66,4.5
2025-11-15T18:30:00-08:00,69,66,4.1
2025-11-15T19:00:00-08:00,70,66,3.8
2025-11-15T19:30:00-08:00,71,66,3.9
2025-11-15T20:00:00-08:00,72,65,3.4
2025-11-15T20:30:00-08:00,74,65,2.8
2025-11-15T21:00:00-08:00,74,65,2.3
2025-11-15T21:30:00-08:00,75,64,1.9
2025-11-15T22:00:00-08:00,76,64,2.1
2025-11-15T22:30:00-08:00,76,64,2.1
2025-11-15T23:00:00-08:00,76,64,2.3
2025-11-15T23:30:00-08:00,75,65,1.7
2025-11-16T00:00:00-08:00,75,65,0.9
2025-11-16T00:30:00-08:00,75,64,0.5
2025-11-16T01:00:00-08:00,75,64,1.4
2025-11-16T01:30:00-08:00,76,64,1.7
2025-11-16T02:00:00-08:00,77,64,1.8
2025-11-16T02:30:00-08:00,77,64,1
2025-11-16T03:00:00-08:00,77,63,0.2
2025-11-16T03:30:00-08:00,77,63,0.1
2025-11-16T04:00:00-08:00,78,63,0.2
2025-11-16T04:30:00-08:00,77,63,0.1
2025-11-16T05:00:00-08:00,76,64,0.1
2025-11-16T05:30:00-08:00,75,63,0.3
2025-11-16T06:00:00-08:00,75,63,0.1
2025-11-16T06:30:00-08:00,75,63,0.1
2025-11-16T07:00:00-08:00,76,63,0.6
2025-11-16T07:30:00-08:00,76,63,0.4
2025-11-16T08:00:00-08:00,77,63,0.4
2025-11-16T08:30:00-08:00,76,64,0.2
2025-11-16T09:00:00-08:00,75,65,0.1
2025-11-16T09:30:00-08:00,74,65,0.4
2025-11-16T10:00:00-08:00,73,66,0.5
2025-11-16T10:30:00-08:00,69,68,0.8
2025-11-16T11:00:00-08:00,61,69,0.2
2025-11-16T11:30:00-08:00,57,70,0.1
2025-11-16T12:00:00-08:00,53,72,0.1
2025-11-16T12:30:00-08:00,50,73,0.1
2025-11-16T13:00:00-08:00,47,74,0
2025-11-16T13:30:00-08:00,47,74,0
2025-11-16T14:00:00-08:00,47,73,0
2025-11-16T14:30:00-08:00,50,72,0
2025-11-16T15:00:00-08:00,53,70,0
2025-11-16T15:30:00-08:00,55,69,0
2025-11-16T16:00:00-08:00,56,67,0.1
2025-11-16T16:30:00-08:00,57,67,0.1
2025-11-16T17:00:00-08:00,59,66,0.3
2025-11-16T17:30:00-08:00,60,66,0.5
2025-11-16T18:00:00-08:00,60,66,0.5
2025-11-16T18:30:00-08:00,60,65,0.7
2025-11-16T19:00:00-08:00,60,65,0.6
2025-11-16T19:30:00-08:00,59,65,0.5
2025-11-16T20:00:00-08:00,58,65,0.5
2025-11-16T20:30:00-08:00,59,65,0.5
2025-11-16T21:00:00-08:00,60,65,0.4
2025-11-16T21:30:00-08:00,61,65,0.4
2025-11-16T22:00:00-08:00,58,65,0.2
2025-11-16T22:30:00-08:00,58,65,0.1
2025-11-16T23:00:00-08:00,59,64,0.1
2025-11-16T23:30:00-08:00,62,64,0.1
2025-11-17T00:00:00-08:00,67,62,0.3
2025-11-17T00:30:00-08:00,71,62,0.4
2025-11-17T01:00:00-08:00,77,61,0.6
2025-11-17T01:30:00-08:00,79,61,0.3
2025-11-17T02:00:00-08:00,76,62,0.2
2025-11-17T02:30:00-08:00,76,61,0
2025-11-17T03:00:00-08:00,78,61,0.1
2025-11-17T03:30:00-08:00,79,61,0
2025-11-17T04:00:00-08:00,80,60,0
2025-11-17T04:30:00-08:00,77,61,0
2025-11-17T05:00:00-08:00,75,62,0.1
2025-11-17T05:30:00-08:00,74,61,0.1
2025-11-17T06:00:00-08:00,75,60,0.1
2025-11-17T06:30:00-08:00,75,59,0.5
2025-11-17T07:00:00-08:00,73,60,0.3
2025-11-17T07:30:00-08:00,74,58,0.4
2025-11-17T08:00:00-08:00,72,59,0.6
2025-11-17T08:30:00-08:00,72,59,0.8
2025-11-17T09:00:00-08:00,68,60,0.5
2025-11-17T09:30:00-08:00,65,61,0.5
2025-11-17T10:00:00-08:00,63,61,0.4
2025-11-17T10:30:00-08:00,62,62,0.3
2025-11-17T11:00:00-08:00,63,62,0.3
2025-11-17T11:30:00-08:00,60,63,0.3
2025-11-17T12:00:00-08:00,58,64,0.3
2025-11-17T12:30:00-08:00,57,64,0.4
2025-11-17T13:00:00-08:00,60,63,0.5
2025-11-17T13:30:00-08:00,61,62,0.7
2025-11-17T14:00:00-08:00,62,61,0.9
2025-11-17T14:30:00-08:00,63,61,1
2025-11-17T15:00:00-08:00,62,61,1
2025-11-17T15:30:00-08:00,64,61,1.1
2025-11-17T16:00:00-08:00,67,60,1.2
2025-11-17T16:30:00-08:00,69,59,1.4
2025-11-17T17:00:00-08:00,73,59,1.6
2025-11-17T17:30:00-08:00,72,59,1.8
2025-11-17T18:00:00-08:00,72,59,2
2025-11-17T18:30:00-08:00,71,59,2.2
2025-11-17T19:00:00-08:00,69,60,2
2025-11-17T19:30:00-08:00,68,60,1.3
2025-11-17T20:00:00-08:00,67,60,1.5
2025-11-17T20:30:00-08:00,67,60,2.2
2025-11-17T21:00:00-08:00,67,60,2.4
2025-11-17T21:30:00-08:00,68,60,2.6
2025-11-17T22:00:00-08:00,69,60,2
2025-11-17T22:30:00-08:00,69,60,2.1
2025-11-17T23:00:00-08:00,68,61,1.7
2025-11-17T23:30:00-08:00,67,60,2
2025-11-18T00:00:00-08:00,69,59,1.9
2025-11-18T00:30:00-08:00,71,59,2.2
2025-11-18T01:00:00-08:00,72,59,1.6
2025-11-18T01:30:00-08:00,72,58,1.6
2025-11-18T02:00:00-08:00,71,58,1.4
2025-11-18T02:30:00-08:00,71,57,1.6
2025-11-18T03:00:00-08:00,71,57,1.6
2025-11-18T03:30:00-08:00,71,56,1.7
2025-11-18T04:00:00-08:00,71,55,1.7
2025-11-18T04:30:00-08:00,73,56,1.7
2025-11-18T05:00:00-08:00,73,57,1.5
2025-11-18T05:30:00-08:00,73,57,1.9
2025-11-18T06:00:00-08:00,74,57,1.7
2025-11-18T06:30:00-08:00,73,58,1.8
2025-11-18T07:00:00-08:00,73,58,2.3
2025-11-18T07:30:00-08:00,72,59,3.4
2025-11-18T08:00:00-08:00,71,59,3.3
2025-11-18T08:30:00-08:00,67,60,1.7
2025-11-18T09:00:00-08:00,66,61,2.1
2025-11-18T09:30:00-08:00,63,62,2.7
2025-11-18T10:00:00-08:00,61,63,1.5
2025-11-18T10:30:00-08:00,58,64,1
2025-11-18T11:00:00-08:00,55,66,0.5
2025-11-18T11:30:00-08:00,50,67,0
2025-11-18T12:00:00-08:00,45,69,0.1
2025-11-18T12:30:00-08:00,44,69,0.2
2025-11-18T13:00:00-08:00,43,70,0.4
2025-11-18T13:30:00-08:00,43,69,0.1
2025-11-18T14:00:00-08:00,44,69,0.1
2025-11-18T14:30:00-08:00,46,68,0.4
2025-11-18T15:00:00-08:00,49,69,0.7
2025-11-18T15:30:00-08:00,48,68,0.6
2025-11-18T16:00:00-08:00,51,65,0.6
2025-11-18T16:30:00-08:00,56,64,1.1
2025-11-18T17:00:00-08:00,61,62,1.8
2025-11-18T17:30:00-08:00,64,62,2.8
2025-11-18T18:00:00-08:00,67,61,2.7
2025-11-18T18:30:00-08:00,67,61,2.6
2025-11-18T19:00:00-08:00,66,61,2.9
2025-11-18T19:30:00-08:00,66,60,10
2025-11-18T20:00:00-08:00,67,59,6
2025-11-18T20:30:00-08:00,68,58,6
2025-11-18T21:00:00-08:00,68,58,6
2025-11-18T21:30:00-08:00,69,57,5.6
2025-11-18T22:00:00-08:00,69,57,5.7
2025-11-18T22:30:00-08:00,70,56,6.3
2025-11-18T23:00:00-08:00,70,56,6.3
2025-11-18T23:30:00-08:00,70,56,6.1
2025-11-19T00:00:00-08:00,70,55,6.3
2025-11-19T00:30:00-08:00,70,55,6.4
2025-11-19T01:00:00-08:00,70,55,6.2
2025-11-19T01:30:00-08:00,71,56,5.8
2025-11-19T02:00:00-08:00,73,56,4.8
2025-11-19T02:30:00-08:00,72,57,5.7
2025-11-19T03:00:00-08:00,71,56,6.1
2025-11-19T03:30:00-08:00,70,56,5.7
2025-11-19T04:00:00-08:00,71,56,5.7
2025-11-19T04:30:00-08:00,71,56,6.2
2025-11-19T05:00:00-08:00,71,56,5.5
2025-11-19T05:30:00-08:00,71,57,5.3
2025-11-19T06:00:00-08:00,71,57,4.7
2025-11-19T06:30:00-08:00,70,57,4.7
2025-11-19T07:00:00-08:00,70,57,5.6
2025-11-19T07:30:00-08:00,70,58,6.6
2025-11-19T08:00:00-08:00,69,58,7.5
2025-11-19T08:30:00-08:00,68,60,7.3
2025-11-19T09:00:00-08:00,65,61,6.3
2025-11-19T09:30:00-08:00,58,64,3
2025-11-19T10:00:00-08:00,53,66,2.6
2025-11-19T10:30:00-08:00,49,67,1.9
2025-11-19T11:00:00-08:00,48,68,1.8
2025-11-19T11:30:00-08:00,46,68,1.8
2025-11-19T12:00:00-08:00,46,68,1.8
2025-11-19T12:30:00-08:00,46,68,2.1
2025-11-19T13:00:00-08:00,45,70,2.4
2025-11-19T13:30:00-08:00,46,68,2.2
2025-11-19T14:00:00-08:00,46,69,2
2025-11-19T14:30:00-08:00,45,68,1.7
2025-11-19T15:00:00-08:00,47,68,2.2
2025-11-19T15:30:00-08:00,51,66,2.4
2025-11-19T16:00:00-08:00,56,64,2.9
2025-11-19T16:30:00-08:00,58,64,3.1
2025-11-19T17:00:00-08:00,58,64,3.2
2025-11-19T17:30:00-08:00,58,64,3.6
2025-11-19T18:00:00-08:00,59,64,4.2
2025-11-19T18:30:00-08:00,60,63,4.4
2025-11-19T19:00:00-08:00,62,62,4.6
2025-11-19T19:30:00-08:00,61,62,4.3
2025-11-19T20:00:00-08:00,64,61,4.9
2025-11-19T20:30:00-08:00,64,62,5.3
2025-11-19T21:00:00-08:00,63,62,5.8
2025-11-19T21:30:00-08:00,62,62,5.3
2025-11-19T22:00:00-08:00,63,62,5.8
2025-11-19T22:30:00-08:00,64,62,6.2
2025-11-19T23:00:00-08:00,65,62,6.2
2025-11-19T23:30:00-08:00,64,62,6.1
2025-11-20T00:00:00-08:00,64,62,5.9
2025-11-20T00:30:00-08:00,65,62,6.1
2025-11-20T01:00:00-08:00,65,62,6.2
2025-11-20T01:30:00-08:00,66,62,5.8
2025-11-20T02:00:00-08:00,68,61,5
2025-11-20T02:30:00-08:00,71,60,5.3
2025-11-20T03:00:00-08:00,73,59,2.5
2025-11-20T03:30:00-08:00,73,59,1
2025-11-20T04:00:00-08:00,73,59,1.2
2025-11-20T04:30:00-08:00,73,59,2
2025-11-20T05:00:00-08:00,73,58,1.7
2025-11-20T05:30:00-08:00,73,59,2
2025-11-20T06:00:00-08:00,73,59,1.8
2025-11-20T06:30:00-08:00,74,59,2.1
2025-11-20T07:00:00-08:00,73,59,2
2025-11-20T07:30:00-08:00,74,59,2.1
2025-11-20T08:00:00-08:00,74,59,2.5
2025-11-20T08:30:00-08:00,74,59,3.5
2025-11-20T09:00:00-08:00,73,60,4.6
2025-11-20T09:30:00-08:00,73,60,4.2
2025-11-20T10:00:00-08:00,71,61,4.7
2025-11-20T10:30:00-08:00,71,61,5.2
2025-11-20T11:00:00-08:00,72,61,3
2025-11-20T11:30:00-08:00,72,61,0.6
2025-11-20T12:00:00-08:00,70,62,2.1
2025-11-20T12:30:00-08:00,68,63,2.1
2025-11-20T13:00:00-08:00,67,62,0.8
2025-11-20T13:30:00-08:00,66,63,0.2
2025-11-20T14:00:00-08:00,62,64,0.1
2025-11-20T14:30:00-08:00,58,66,0.1
2025-11-20T15:00:00-08:00,55,67,0.1
2025-11-20T15:30:00-08:00,53,66,0.1
2025-11-20T16:00:00-08:00,56,64,0.3
2025-11-20T16:30:00-08:00,59,63,0.8
2025-11-20T17:00:00-08:00,62,62,0.5
2025-11-20T17:30:00-08:00,65,61,1.5
2025-11-20T18:00:00-08:00,67,61,2.2
2025-11-20T18:30:00-08:00,67,60,2.7
2025-11-20T19:00:00-08:00,67,59,5.3
2025-11-20T19:30:00-08:00,69,58,11.6
2025-11-20T20:00:00-08:00,69,57,16.6
2025-11-20T20:30:00-08:00,70,56,10.8
2025-11-20T21:00:00-08:00,70,56,6.4
2025-11-20T21:30:00-08:00,72,57,5.4
2025-11-20T22:00:00-08:00,72,57,3.7
2025-11-20T22:30:00-08:00,71,57,4.6
2025-11-20T23:00:00-08:00,70,57,4.4
2025-11-20T23:30:00-08:00,70,56,3.2
2025-11-21T00:00:00-08:00,70,55,3.9
2025-11-21T00:30:00-08:00,70,54,5.2
2025-11-21T01:00:00-08:00,71,54,3.9
2025-11-21T01:30:00-08:00,71,54,5.3
2025-11-21T02:00:00-08:00,72,54,7.5
2025-11-21T02:30:00-08:00,71,54,8.3
2025-11-21T03:00:00-08:00,72,53,7.6
2025-11-21T03:30:00-08:00,73,53,7.3
2025-11-21T04:00:00-08:00,75,53,5.9
2025-11-21T04:30:00-08:00,74,53,4
2025-11-21T05:00:00-08:00,73,53,5
2025-11-21T05:30:00-08:00,73,52,5.2
2025-11-21T06:00:00-08:00,74,51,5
2025-11-21T06:30:00-08:00,74,51,5.8
2025-11-21T07:00:00-08:00,74,51,5.9
2025-11-21T07:30:00-08:00,74,52,7.4
2025-11-21T08:00:00-08:00,72,55,6.9
2025-11-21T08:30:00-08:00,69,58,7.3
2025-11-21T09:00:00-08:00,60,60,2.8
2025-11-21T09:30:00-08:00,52,63,2.3
2025-11-21T10:00:00-08:00,48,65,2.2
2025-11-21T10:30:00-08:00,45,67,2.2
2025-11-21T11:00:00-08:00,43,69,2.5
2025-11-21T11:30:00-08:00,42,69,2.5
2025-11-21T12:00:00-08:00,42,69,2.5
2025-11-21T12:30:00-08:00,41,69,2.6
2025-11-21T13:00:00-08:00,41,70,2.8
2025-11-21T13:30:00-08:00,40,71,2.4
2025-11-21T14:00:00-08:00,38,71,2
2025-11-21T14:30:00-08:00,38,72,2.3
2025-11-21T15:00:00-08:00,36,74,2.2
2025-11-21T15:30:00-08:00,37,72,2.3
2025-11-21T16:00:00-08:00,41,69,2.4
2025-11-21T16:30:00-08:00,42,68,2.5
2025-11-21T17:00:00-08:00,47,66,3.3
2025-11-21T17:30:00-08:00,51,64,5.6
2025-11-21T18:00:00-08:00,55,62,4.8
2025-11-21T18:30:00-08:00,57,61,4.4
2025-11-21T19:00:00-08:00,60,60,6.9
2025-11-21T19:30:00-08:00,62,59,7.5
2025-11-21T20:00:00-08:00,63,58,8.8
2025-11-21T20:30:00-08:00,65,57,11.8
2025-11-21T21:00:00-08:00,65,56,9.2
2025-11-21T21:30:00-08:00,65,56,9.6
2025-11-21T22:00:00-08:00,66,55,10.5
2025-11-21T22:30:00-08:00,67,55,9.4
2025-11-21T23:00:00-08:00,67,55,8.3
2025-11-21T23:30:00-08:00,67,55,6.6
2025-11-22T00:00:00-08:00,67,54,6.9
2025-11-22T00:30:00-08:00,67,54,6.9
2025-11-22T01:00:00-08:00,67,53,7.5
2025-11-22T01:30:00-08:00,67,53,8.8
2025-11-22T02:00:00-08:00,68,52,7.4
2025-11-22T02:30:00-08:00,68,52,6.9
2025-11-22T03:00:00-08:00,67,52,6.9
2025-11-22T03:30:00-08:00,68,51,6.5
2025-11-22T04:00:00-08:00,68,51,6.6
2025-11-22T04:30:00-08:00,69,51,6.3
2025-11-22T05:00:00-08:00,69,50,5.9
2025-11-22T05:30:00-08:00,69,50,6
2025-11-22T06:00:00-08:00,69,50,6.1
2025-11-22T06:30:00-08:00,69,49,5.6
2025-11-22T07:00:00-08:00,70,50,5.4
2025-11-22T07:30:00-08:00,70,51,6.2
2025-11-22T08:00:00-08:00,70,53,6.5
2025-11-22T08:30:00-08:00,67,57,6.6
2025-11-22T09:00:00-08:00,62,60,7.4
2025-11-22T09:30:00-08:00,57,62,6
2025-11-22T10:00:00-08:00,54,64,7.8
2025-11-22T10:30:00-08:00,51,66,8.1
2025-11-22T11:00:00-08:00,50,67,8.1
2025-11-22T11:30:00-08:00,48,69,8.1
2025-11-22T12:00:00-08:00,46,70,7.8
2025-11-22T12:30:00-08:00,45,71,7.1
2025-11-22T13:00:00-08:00,45,71,7.1
2025-11-22T13:30:00-08:00,43,72,6.9
2025-11-22T14:00:00-08:00,43,73,7.9
2025-11-22T14:30:00-08:00,44,73,8.8
2025-11-22T15:00:00-08:00,39,75,6
2025-11-22T15:30:00-08:00,38,73,5.5
2025-11-22T16:00:00-08:00,40,72,5.9
2025-11-22T16:30:00-08:00,44,70,6.1
2025-11-22T17:00:00-08:00,49,68,7.6
2025-11-22T17:30:00-08:00,53,65,7.5
2025-11-22T18:00:00-08:00,57,63,14.3
2025-11-22T18:30:00-08:00,59,63,14.1
2025-11-22T19:00:00-08:00,61,61,12.6
2025-11-22T19:30:00-08:00,63,60,14.6
2025-11-22T20:00:00-08:00,65,59,17.3
2025-11-22T20:30:00-08:00,66,58,15.7
2025-11-22T21:00:00-08:00,67,57,19.5
2025-11-22T21:30:00-08:00,70,57,18
2025-11-22T22:00:00-08:00,72,57,17.1
2025-11-22T22:30:00-08:00,70,56,18.8
2025-11-22T23:00:00-08:00,70,55,21
2025-11-22T23:30:00-08:00,69,55,21.8
2025-11-23T00:00:00-08:00,68,54,20.8
2025-11-23T00:30:00-08:00,69,53,20.6
2025-11-23T01:00:00-08:00,69,53,20.6
2025-11-23T01:30:00-08:00,69,52,20.8
2025-11-23T02:00:00-08:00,70,52,18.9
2025-11-23T02:30:00-08:00,70,52,16.6
2025-11-23T03:00:00-08:00,70,51,16
2025-11-23T03:30:00-08:00,71,52,17
2025-11-23T04:00:00-08:00,72,53,16.6
2025-11-23T04:30:00-08:00,73,55,17.9
2025-11-23T05:00:00-08:00,74,56,22.1
2025-11-23T05:30:00-08:00,74,57,24.6
2025-11-23T06:00:00-08:00,74,57,25.6
2025-11-23T06:30:00-08:00,74,57,22.4
2025-11-23T07:00:00-08:00,73,57,21.4
2025-11-23T07:30:00-08:00,73,58,22.2
2025-11-23T08:00:00-08:00,72,59,22.6
2025-11-23T08:30:00-08:00,71,59,24.5
2025-11-23T09:00:00-08:00,69,60,23.1
2025-11-23T09:30:00-08:00,67,60,23.6
2025-11-23T10:00:00-08:00,65,61,24.9
2025-11-23T10:30:00-08:00,63,61,24.5
2025-11-23T11:00:00-08:00,62,63,27.9
2025-11-23T11:30:00-08:00,61,64,27.3
2025-11-23T12:00:00-08:00,61,64,27.7
2025-11-23T12:30:00-08:00,58,66,25.9
2025-11-23T13:00:00-08:00,57,66,24.9
2025-11-23T13:30:00-08:00,55,67,20.7
2025-11-23T14:00:00-08:00,55,67,19.5
2025-11-23T14:30:00-08:00,53,69,22.3
2025-11-23T15:00:00-08:00,49,71,21.5
2025-11-23T15:30:00-08:00,53,68,20
2025-11-23T16:00:00-08:00,58,65,17.4
2025-11-23T16:30:00-08:00,61,64,20.8
2025-11-23T17:00:00-08:00,64,63,21.1
2025-11-23T17:30:00-08:00,66,61,20.1
2025-11-23T18:00:00-08:00,67,61,20.4
2025-11-23T18:30:00-08:00,69,60,23.7
2025-11-23T19:00:00-08:00,71,59,17.8
2025-11-23T19:30:00-08:00,71,60,11.7
2025-11-23T20:00:00-08:00,70,60,7.4
2025-11-23T20:30:00-08:00,70,60,6.9
2025-11-23T21:00:00-08:00,68,60,4.7
2025-11-23T21:30:00-08:00,67,61,4.5
2025-11-23T22:00:00-08:00,66,61,5.1
2025-11-23T22:30:00-08:00,65,61,4.8
2025-11-23T23:00:00-08:00,66,61,5.1
2025-11-23T23:30:00-08:00,66,61,5.7
2025-11-24T00:00:00-08:00,66,61,7.1
2025-11-24T00:30:00-08:00,66,61,7.2
2025-11-24T01:00:00-08:00,65,61,5.8
2025-11-24T01:30:00-08:00,65,61,6.1
2025-11-24T02:00:00-08:00,66,61,9.6
2025-11-24T02:30:00-08:00,65,61,9
2025-11-24T03:00:00-08:00,65,61,8.3
2025-11-24T03:30:00-08:00,64,61,8.1
2025-11-24T04:00:00-08:00,65,61,7.3
2025-11-24T04:30:00-08:00,65,60,7.1
2025-11-24T05:00:00-08:00,65,60,7.6
2025-11-24T05:30:00-08:00,65,60,8.1
2025-11-24T06:00:00-08:00,66,60,8
2025-11-24T06:30:00-08:00,65,59,4.1
2025-11-24T07:00:00-08:00,65,59,4.4
2025-11-24T07:30:00-08:00,65,59,4.7
2025-11-24T08:00:00-08:00,64,60,6.1
2025-11-24T08:30:00-08:00,62,61,6.7
2025-11-24T09:00:00-08:00,61,62,7.8
2025-11-24T09:30:00-08:00,59,62,8.1
2025-11-24T10:00:00-08:00,56,65,7.9
2025-11-24T10:30:00-08:00,54,66,8.6
2025-11-24T11:00:00-08:00,52,67,9.2
2025-11-24T11:30:00-08:00,52,67,10.7
2025-11-24T12:00:00-08:00,52,68,13.4
2025-11-24T12:30:00-08:00,54,67,17.7
2025-11-24T13:00:00-08:00,56,66,23.4
2025-11-24T13:30:00-08:00,57,66,28.8
2025-11-24T14:00:00-08:00,57,67,32.1
2025-11-24T14:30:00-08:00,55,68,31.8
2025-11-24T15:00:00-08:00,52,70,30.8
2025-11-24T15:30:00-08:00,53,69,30.6
2025-11-24T16:00:00-08:00,58,67,32.2
2025-11-24T16:30:00-08:00,60,66,33
2025-11-24T17:00:00-08:00,62,65,34.6
2025-11-24T17:30:00-08:00,62,64,35.3
2025-11-24T18:00:00-08:00,64,62,33.4
2025-11-24T18:30:00-08:00,65,61,34.3
2025-11-24T19:00:00-08:00,66,60,35.4
2025-11-24T19:30:00-08:00,66,59,35.5
2025-11-24T20:00:00-08:00,66,58,34.1
2025-11-24T20:30:00-08:00,67,57,32.8
2025-11-24T21:00:00-08:00,67,57,32
2025-11-24T21:30:00-08:00,67,56,28
2025-11-24T22:00:00-08:00,67,55,26.7
2025-11-24T22:30:00-08:00,67,55,25.1
2025-11-24T23:00:00-08:00,67,54,24.4
2025-11-24T23:30:00-08:00,68,54,22.3
2025-11-25T00:00:00-08:00,68,53,21.5
2025-11-25T00:30:00-08:00,68,53,19.7
2025-11-25T01:00:00-08:00,68,52,17.1
2025-11-25T01:30:00-08:00,68,52,15.1
2025-11-25T02:00:00-08:00,68,51,14.8
2025-11-25T02:30:00-08:00,68,51,14.3
2025-11-25T03:00:00-08:00,69,51,15.1
2025-11-25T03:30:00-08:00,69,50,14.8
2025-11-25T04:00:00-08:00,69,50,16.7
2025-11-25T04:30:00-08:00,69,50,15.5
2025-11-25T05:00:00-08:00,69,49,16.6
2025-11-25T05:30:00-08:00,69,49,17.9
2025-11-25T06:00:00-08:00,71,50,18.7
2025-11-25T06:30:00-08:00,72,52,19
2025-11-25T07:00:00-08:00,74,53,27.6
2025-11-25T07:30:00-08:00,75,55,34.2
2025-11-25T08:00:00-08:00,75,56,30.2
2025-11-25T08:30:00-08:00,69,59,30.4
2025-11-25T09:00:00-08:00,68,59,33.1
2025-11-25T09:30:00-08:00,69,59,35.8
2025-11-25T10:00:00-08:00,68,59,37.4
2025-11-25T10:30:00-08:00,66,61,37.4
2025-11-25T11:00:00-08:00,64,61,35.4
2025-11-25T11:30:00-08:00,61,62,34.6
2025-11-25T12:00:00-08:00,59,64,33
2025-11-25T12:30:00-08:00,57,65,32
2025-11-25T13:00:00-08:00,55,66,31.4
2025-11-25T13:30:00-08:00,55,67,32.1
2025-11-25T14:00:00-08:00,53,68,31.6
2025-11-25T14:30:00-08:00,51,70,30.8
2025-11-25T15:00:00-08:00,46,73,28.6
2025-11-25T15:30:00-08:00,50,69,28.7
2025-11-25T16:00:00-08:00,56,66,30.3
2025-11-25T16:30:00-08:00,58,64,29.8
2025-11-25T17:00:00-08:00,61,63,29.8
2025-11-25T17:30:00-08:00,62,62,31.2
2025-11-25T18:00:00-08:00,63,60,33.7
2025-11-25T18:30:00-08:00,64,58,30
2025-11-25T19:00:00-08:00,64,57,30.3
2025-11-25T19:30:00-08:00,64,56,30.9
2025-11-25T20:00:00-08:00,66,56,30.9
2025-11-25T20:30:00-08:00,66,55,32.1
2025-11-25T21:00:00-08:00,67,54,30.2
2025-11-25T21:30:00-08:00,66,53,28
2025-11-25T22:00:00-08:00,66,53,29.4
2025-11-25T22:30:00-08:00,67,52,29.7
2025-11-25T23:00:00-08:00,67,52,28.2
2025-11-25T23:30:00-08:00,69,52,29.8
2025-11-26T00:00:00-08:00,68,52,29.7
2025-11-26T00:30:00-08:00,69,51,30
2025-11-26T01:00:00-08:00,68,51,29.9
2025-11-26T01:30:00-08:00,68,50,29.6
2025-11-26T02:00:00-08:00,68,50,29.5
2025-11-26T02:30:00-08:00,68,49,30.6
2025-11-26T03:00:00-08:00,69,49,30.7
2025-11-26T03:30:00-08:00,68,49,28.5
2025-11-26T04:00:00-08:00,68,48,28.6
2025-11-26T04:30:00-08:00,69,48,27.8
2025-11-26T05:00:00-08:00,69,48,26
2025-11-26T05:30:00-08:00,69,48,26.3
2025-11-26T06:00:00-08:00,69,48,26.1
2025-11-26T06:30:00-08:00,69,48,26.7
2025-11-26T07:00:00-08:00,70,48,26.5
2025-11-26T07:30:00-08:00,70,50,27.3
2025-11-26T08:00:00-08:00,71,52,29.1
2025-11-26T08:30:00-08:00,70,55,33.8
2025-11-26T09:00:00-08:00,68,57,38
2025-11-26T09:30:00-08:00,65,59,38.5
2025-11-26T10:00:00-08:00,62,61,38.6
2025-11-26T10:30:00-08:00,59,62,38
2025-11-26T11:00:00-08:00,58,62,35.5
2025-11-26T11:30:00-08:00,55,64,37.3
2025-11-26T12:00:00-08:00,53,65,31.7
2025-11-26T12:30:00-08:00,51,66,30.3
2025-11-26T13:00:00-08:00,50,67,29.7
2025-11-26T13:30:00-08:00,49,68,30.7
2025-11-26T14:00:00-08:00,47,69,28
2025-11-26T14:30:00-08:00,43,72,25.9
2025-11-26T15:00:00-08:00,40,74,24.2
2025-11-26T15:30:00-08:00,42,71,21.3
2025-11-26T16:00:00-08:00,46,68,18.5
2025-11-26T16:30:00-08:00,50,65,21.5
2025-11-26T17:00:00-08:00,54,64,26.8
2025-11-26T17:30:00-08:00,56,62,20.8
2025-11-26T18:00:00-08:00,58,60,23
2025-11-26T18:30:00-08:00,59,59,23.6
2025-11-26T19:00:00-08:00,60,57,21.7
2025-11-26T19:30:00-08:00,62,56,25.7
2025-11-26T20:00:00-08:00,63,56,26.8
2025-11-26T20:30:00-08:00,63,55,26.6
2025-11-26T21:00:00-08:00,64,54,28.3
2025-11-26T21:30:00-08:00,65,53,29.7
2025-11-26T22:00:00-08:00,65,53,31.1
2025-11-26T22:30:00-08:00,66,53,31.1
2025-11-26T23:00:00-08:00,66,52,31.1
2025-11-26T23:30:00-08:00,66,51,30.4
2025-11-27T00:00:00-08:00,66,51,30.6
2025-11-27T00:30:00-08:00,67,50,33.7
2025-11-27T01:00:00-08:00,66,50,31.1
2025-11-27T01:30:00-08:00,66,50,29
2025-11-27T02:00:00-08:00,69,50,32.1
2025-11-27T02:30:00-08:00,71,51,34
2025-11-27T03:00:00-08:00,70,51,31.5
2025-11-27T03:30:00-08:00,69,50,30.1
2025-11-27T04:00:00-08:00,69,50,31.1
2025-11-27T04:30:00-08:00,70,50,30.3
2025-11-27T05:00:00-08:00,72,50,30
2025-11-27T05:30:00-08:00,71,50,28.6
2025-11-27T06:00:00-08:00,70,50,28.8
2025-11-27T06:30:00-08:00,70,49,30.1
2025-11-27T07:00:00-08:00,72,49,31.4
2025-11-27T07:30:00-08:00,74,51,32.1
2025-11-27T08:00:00-08:00,72,52,32.4
2025-11-27T08:30:00-08:00,71,52,34.3
2025-11-27T09:00:00-08:00,70,55,35.7
2025-11-27T09:30:00-08:00,67,57,33.9
2025-11-27T10:00:00-08:00,61,59,29.2
2025-11-27T10:30:00-08:00,57,61,28.7
2025-11-27T11:00:00-08:00,53,63,28.3
2025-11-27T11:30:00-08:00,52,64,30.7
2025-11-27T12:00:00-08:00,52,66,31.9
2025-11-27T12:30:00-08:00,53,65,31.9
2025-11-27T13:00:00-08:00,52,66,32.1
2025-11-27T13:30:00-08:00,51,67,31.1
2025-11-27T14:00:00-08:00,49,68,30.4
2025-11-27T14:30:00-08:00,46,70,29.3
2025-11-27T15:00:00-08:00,44,71,29.9
2025-11-27T15:30:00-08:00,47,69,29.9
2025-11-27T16:00:00-08:00,51,66,32.4
2025-11-27T16:30:00-08:00,58,63,34.9
2025-11-27T17:00:00-08:00,60,62,37
2025-11-27T17:30:00-08:00,61,61,37.4
2025-11-27T18:00:00-08:00,63,59,35.6
2025-11-27T18:30:00-08:00,64,58,32.4
2025-11-27T19:00:00-08:00,64,57,33.2
2025-11-27T19:30:00-08:00,64,56,32.4
2025-11-27T20:00:00-08:00,66,56,32
2025-11-27T20:30:00-08:00,65,55,33.4
2025-11-27T21:00:00-08:00,65,54,32.2
2025-11-27T21:30:00-08:00,67,53,37.7
2025-11-27T22:00:00-08:00,68,53,36.5
2025-11-27T22:30:00-08:00,69,53,32.6
2025-11-27T23:00:00-08:00,69,53,32.9
2025-11-27T23:30:00-08:00,69,52,35.1
2025-11-28T00:00:00-08:00,70,52,31.6
2025-11-28T00:30:00-08:00,68,51,37.3
2025-11-28T01:00:00-08:00,69,50,33.6
2025-11-28T01:30:00-08:00,71,51,34.3
2025-11-28T02:00:00-08:00,72,52,35.1
2025-11-28T02:30:00-08:00,70,52,34.2
2025-11-28T03:00:00-08:00,69,51,36.9
2025-11-28T03:30:00-08:00,68,51,36.1
2025-11-28T04:00:00-08:00,68,50,36.1
2025-11-28T04:30:00-08:00,69,51,36.4
2025-11-28T05:00:00-08:00,71,52,34.7
2025-11-28T05:30:00-08:00,72,53,35.2
2025-11-28T06:00:00-08:00,72,54,35.2
2025-11-28T06:30:00-08:00,71,54,34.2
2025-11-28T07:00:00-08:00,71,53,33.6
2025-11-28T07:30:00-08:00,70,54,31.5
2025-11-28T08:00:00-08:00,68,54,32.3
2025-11-28T08:30:00-08:00,67,55,34.1
2025-11-28T09:00:00-08:00,68,56,38.7
2025-11-28T09:30:00-08:00,69,56,41.6
2025-11-28T10:00:00-08:00,68,57,40.2
2025-11-28T10:30:00-08:00,63,60,39.5
2025-11-28T11:00:00-08:00,60,61,39.2
2025-11-28T11:30:00-08:00,57,62,37.7
2025-11-28T12:00:00-08:00,56,63,36.8
2025-11-28T12:30:00-08:00,56,63,36.5
2025-11-28T13:00:00-08:00,56,64,35.6
2025-11-28T13:30:00-08:00,56,63,32.3
2025-11-28T14:00:00-08:00,58,63,36.3
2025-11-28T14:30:00-08:00,56,64,38.6
2025-11-28T15:00:00-08:00,55,66,37.7
2025-11-28T15:30:00-08:00,57,64,36.3
2025-11-28T16:00:00-08:00,61,61,36.3
2025-11-28T16:30:00-08:00,64,60,35.5
2025-11-28T17:00:00-08:00,66,59,34
2025-11-28T17:30:00-08:00,66,58,32.4
2025-11-28T18:00:00-08:00,65,58,37.3
2025-11-28T18:30:00-08:00,66,57,43.7
2025-11-28T19:00:00-08:00,66,56,40.8
2025-11-28T19:30:00-08:00,68,55,40
2025-11-28T20:00:00-08:00,68,55,43.4
2025-11-28T20:30:00-08:00,69,54,35.8
2025-11-28T21:00:00-08:00,71,54,34.6
2025-11-28T21:30:00-08:00,72,53,29.6
2025-11-28T22:00:00-08:00,72,53,28.9
2025-11-28T22:30:00-08:00,71,53,29.6
2025-11-28T23:00:00-08:00,71,53,30
2025-11-28T23:30:00-08:00,72,53,27.3
2025-11-29T00:00:00-08:00,73,53,24
2025-11-29T00:30:00-08:00,72,53,21.9
2025-11-29T01:00:00-08:00,72,53,20.8
2025-11-29T01:30:00-08:00,72,53,24.1
2025-11-29T02:00:00-08:00,71,54,28.4
2025-11-29T02:30:00-08:00,69,54,27.9
2025-11-29T03:00:00-08:00,69,52,22.6
2025-11-29T03:30:00-08:00,70,52,21
2025-11-29T04:00:00-08:00,70,52,23.1
2025-11-29T04:30:00-08:00,70,53,23.7
2025-11-29T05:00:00-08:00,69,53,21.8
2025-11-29T05:30:00-08:00,69,53,22.7
2025-11-29T06:00:00-08:00,69,53,26.5
2025-11-29T06:30:00-08:00,68,54,26.6
2025-11-29T07:00:00-08:00,68,53,25.8
2025-11-29T07:30:00-08:00,68,54,25.9
2025-11-29T08:00:00-08:00,68,54,27.6
2025-11-29T08:30:00-08:00,67,55,29.1
2025-11-29T09:00:00-08:00,66,56,31.1
2025-11-29T09:30:00-08:00,64,56,29.5
2025-11-29T10:00:00-08:00,62,57,29.7
2025-11-29T10:30:00-08:00,59,59,28.5
2025-11-29T11:00:00-08:00,57,60,28.9
2025-11-29T11:30:00-08:00,56,61,28.7
2025-11-29T12:00:00-08:00,54,63,28.6
2025-11-29T12:30:00-08:00,53,64,28.1
2025-11-29T13:00:00-08:00,52,64,26.9
2025-11-29T13:30:00-08:00,52,64,27.2
2025-11-29T14:00:00-08:00,50,65,25.1
2025-11-29T14:30:00-08:00,48,67,25.2
2025-11-29T15:00:00-08:00,45,70,27.2
2025-11-29T15:30:00-08:00,48,67,28.4
2025-11-29T16:00:00-08:00,53,63,29.5
2025-11-29T16:30:00-08:00,56,61,31.2
2025-11-29T17:00:00-08:00,59,60,31.4
2025-11-29T17:30:00-08:00,60,59,31.6
2025-11-29T18:00:00-08:00,62,57,33.3
2025-11-29T18:30:00-08:00,63,56,30.1
2025-11-29T19:00:00-08:00,65,55,29.7
2025-11-29T19:30:00-08:00,67,54,29.9
2025-11-29T20:00:00-08:00,68,54,29.3
2025-11-29T20:30:00-08:00,68,54,30
2025-11-29T21:00:00-08:00,69,53,31.5
2025-11-29T21:30:00-08:00,70,53,30.6
2025-11-29T22:00:00-08:00,69,53,29.4
2025-11-29T22:30:00-08:00,67,53,34.5
2025-11-29T23:00:00-08:00,68,52,35.4
2025-11-29T23:30:00-08:00,70,51,32.8
2025-11-30T00:00:00-08:00,71,51,30.4
2025-11-30T00:30:00-08:00,73,52,32.2
2025-11-30T01:00:00-08:00,71,52,30.3
2025-11-30T01:30:00-08:00,71,51,28.7
2025-11-30T02:00:00-08:00,72,51,25.8
2025-11-30T02:30:00-08:00,72,51,23.5
2025-11-30T03:00:00-08:00,71,52,22.1
2025-11-30T03:30:00-08:00,71,52,28.3
2025-11-30T04:00:00-08:00,72,52,25
2025-11-30T04:30:00-08:00,71,52,22.7
2025-11-30T05:00:00-08:00,71,52,22
2025-11-30T05:30:00-08:00,71,52,23.1
2025-11-30T06:00:00-08:00,71,52,22.9
2025-11-30T06:30:00-08:00,71,53,17.2
2025-11-30T07:00:00-08:00,71,53,23.3
2025-11-30T07:30:00-08:00,71,53,26.3
2025-11-30T08:00:00-08:00,69,54,17.1
2025-11-30T08:30:00-08:00,67,55,17.1
2025-11-30T09:00:00-08:00,66,55,18.9
2025-11-30T09:30:00-08:00,66,56,21
2025-11-30T10:00:00-08:00,65,56,26.2
2025-11-30T10:30:00-08:00,65,56,28.7
2025-11-30T11:00:00-08:00,65,57,28.8
2025-11-30T11:30:00-08:00,65,57,31.3
2025-11-30T12:00:00-08:00,62,58,27.4
2025-11-30T12:30:00-08:00,60,59,22.9
2025-11-30T13:00:00-08:00,58,61,22.4
2025-11-30T13:30:00-08:00,56,62,22
2025-11-30T14:00:00-08:00,54,63,22.8
2025-11-30T14:30:00-08:00,54,63,24.5
2025-11-30T15:00:00-08:00,53,63,27.8
2025-11-30T15:30:00-08:00,55,62,32
2025-11-30T16:00:00-08:00,59,59,36.9
2025-11-30T16:30:00-08:00,62,59,35.5
2025-11-30T17:00:00-08:00,62,58,33.6
2025-11-30T17:30:00-08:00,63,56,27.9
2025-11-30T18:00:00-08:00,65,55,28.9
2025-11-30T18:30:00-08:00,66,54,30.6
2025-11-30T19:00:00-08:00,66,54,31.8
2025-11-30T19:30:00-08:00,65,54,30.8
2025-11-30T20:00:00-08:00,66,53,37.7
2025-11-30T20:30:00-08:00,65,53,43.1
2025-11-30T21:00:00-08:00,66,52,36.2
2025-11-30T21:30:00-08:00,66,51,31.6
2025-11-30T22:00:00-08:00,66,50,29.7
2025-11-30T22:30:00-08:00,66,50,27.7
2025-11-30T23:00:00-08:00,66,50,27.4
2025-11-30T23:30:00-08:00,67,49,24.8
2025-12-01T00:00:00-08:00,68,49,23.1
2025-12-01T00:30:00-08:00,67,48,22.4
2025-12-01T01:00:00-08:00,67,48,22.5
2025-12-01T01:30:00-08:00,68,48,29.6
2025-12-01T02:00:00-08:00,67,47,31.6
2025-12-01T02:30:00-08:00,67,47,24.5
2025-12-01T03:00:00-08:00,69,47,21.4
2025-12-01T03:30:00-08:00,70,49,21.2
2025-12-01T04:00:00-08:00,70,50,21.2
2025-12-01T04:30:00-08:00,70,51,21.4
2025-12-01T05:00:00-08:00,70,51,22.5
2025-12-01T05:30:00-08:00,70,52,22.4
2025-12-01T06:00:00-08:00,70,52,22.6
2025-12-01T06:30:00-08:00,69,53,22.1
2025-12-01T07:00:00-08:00,69,53,23.2
2025-12-01T07:30:00-08:00,69,53,24.2
2025-12-01T08:00:00-08:00,67,54,23.5
2025-12-01T08:30:00-08:00,65,55,24
2025-12-01T09:00:00-08:00,64,55,24
2025-12-01T09:30:00-08:00,62,56,23.9
2025-12-01T10:00:00-08:00,60,57,23.9
2025-12-01T10:30:00-08:00,57,58,24
2025-12-01T11:00:00-08:00,56,60,23.9
2025-12-01T11:30:00-08:00,53,62,23.8
2025-12-01T12:00:00-08:00,52,62,24.7
2025-12-01T12:30:00-08:00,52,62,24.8
2025-12-01T13:00:00-08:00,51,63,24.7
2025-12-01T13:30:00-08:00,51,63,24.8
2025-12-01T14:00:00-08:00,52,63,26.6
2025-12-01T14:30:00-08:00,50,64,26.9
2025-12-01T15:00:00-08:00,48,66,26.2
2025-12-01T15:30:00-08:00,48,65,24
2025-12-01T16:00:00-08:00,53,61,24
2025-12-01T16:30:00-08:00,56,59,23.8
2025-12-01T17:00:00-08:00,58,58,24.3
2025-12-01T17:30:00-08:00,60,57,25.9
2025-12-01T18:00:00-08:00,61,56,27.8
2025-12-01T18:30:00-08:00,63,55,28.4
2025-12-01T19:00:00-08:00,64,55,27.6
2025-12-01T19:30:00-08:00,64,54,28.2
2025-12-01T20:00:00-08:00,64,54,27.1
2025-12-01T20:30:00-08:00,64,53,28.2
2025-12-01T21:00:00-08:00,65,53,26.5
2025-12-01T21:30:00-08:00,66,52,26.9
2025-12-01T22:00:00-08:00,66,52,26.4
2025-12-01T22:30:00-08:00,66,51,29.3
2025-12-01T23:00:00-08:00,66,51,30
2025-12-01T23:30:00-08:00,66,50,29.1
2025-12-02T00:00:00-08:00,66,50,24.4
2025-12-02T00:30:00-08:00,66,50,23.7
2025-12-02T01:00:00-08:00,66,49,23.2
2025-12-02T01:30:00-08:00,66,49,22.9
2025-12-02T02:00:00-08:00,67,49,24
2025-12-02T02:30:00-08:00,69,50,26.1
2025-12-02T03:00:00-08:00,68,50,25.5
2025-12-02T03:30:00-08:00,68,50,25.2
2025-12-02T04:00:00-08:00,68,50,25.1
2025-12-02T04:30:00-08:00,69,50,25.8
2025-12-02T05:00:00-08:00,70,51,26.7
2025-12-02T05:30:00-08:00,69,51,28.2
2025-12-02T06:00:00-08:00,70,52,30.1
2025-12-02T06:30:00-08:00,70,51,29.1
2025-12-02T07:00:00-08:00,69,51,27.8
2025-12-02T07:30:00-08:00,68,51,28.9
2025-12-02T08:00:00-08:00,70,52,30.6
2025-12-02T08:30:00-08:00,69,55,31.7
2025-12-02T09:00:00-08:00,65,57,33.1
2025-12-02T09:30:00-08:00,62,59,33.5
2025-12-02T10:00:00-08:00,58,61,32.6
2025-12-02T10:30:00-08:00,55,62,30.5
2025-12-02T11:00:00-08:00,53,64,29.3
2025-12-02T11:30:00-08:00,51,66,28.5
2025-12-02T12:00:00-08:00,49,67,28
2025-12-02T12:30:00-08:00,48,68,27.1
2025-12-02T13:00:00-08:00,47,69,26.9
2025-12-02T13:30:00-08:00,44,70,21.7
2025-12-02T14:00:00-08:00,42,70,15.1
2025-12-02T14:30:00-08:00,40,71,14.9
2025-12-02T15:00:00-08:00,40,72,16.2
2025-12-02T15:30:00-08:00,42,70,18.8
2025-12-02T16:00:00-08:00,46,67,19.8
2025-12-02T16:30:00-08:00,52,65,24.6
2025-12-02T17:00:00-08:00,54,64,27.4
2025-12-02T17:30:00-08:00,55,62,27.8
2025-12-02T18:00:00-08:00,62,60,15.5
2025-12-02T18:30:00-08:00,68,59,9.6
2025-12-02T19:00:00-08:00,70,59,9.5
2025-12-02T19:30:00-08:00,72,59,6.4
2025-12-02T20:00:00-08:00,71,59,7.3
2025-12-02T20:30:00-08:00,69,58,8.3
2025-12-02T21:00:00-08:00,69,57,11.3
2025-12-02T21:30:00-08:00,69,57,13.2
2025-12-02T22:00:00-08:00,68,55,15
2025-12-02T22:30:00-08:00,67,55,13.9
2025-12-02T23:00:00-08:00,66,54,13.7
2025-12-02T23:30:00-08:00,67,53,14
2025-12-03T00:00:00-08:00,69,52,31.2
2025-12-03T00:30:00-08:00,71,53,36.7
2025-12-03T01:00:00-08:00,71,52,31.8
2025-12-03T01:30:00-08:00,72,51,26
2025-12-03T02:00:00-08:00,71,51,22.3
2025-12-03T02:30:00-08:00,70,50,22.6
2025-12-03T03:00:00-08:00,70,50,22
2025-12-03T03:30:00-08:00,70,49,25.5
2025-12-03T04:00:00-08:00,71,48,24.5
2025-12-03T04:30:00-08:00,71,47,23.6
2025-12-03T05:00:00-08:00,70,47,23.2
2025-12-03T05:30:00-08:00,70,47,23.1
2025-12-03T06:00:00-08:00,70,47,22.1
2025-12-03T06:30:00-08:00,71,46,23.7
2025-12-03T07:00:00-08:00,71,47,24.4
2025-12-03T07:30:00-08:00,71,48,23.8
2025-12-03T08:00:00-08:00,71,50,19.6
2025-12-03T08:30:00-08:00,68,53,18.7
2025-12-03T09:00:00-08:00,63,57,18.9
2025-12-03T09:30:00-08:00,58,59,13.1
2025-12-03T10:00:00-08:00,43,62,1.9
2025-12-03T10:30:00-08:00,41,64,2
2025-12-03T11:00:00-08:00,39,65,2.5
2025-12-03T11:30:00-08:00,39,65,2.9
2025-12-03T12:00:00-08:00,35,67,1.9
2025-12-03T12:30:00-08:00,32,69,1.6
2025-12-03T13:00:00-08:00,34,69,1.9
2025-12-03T13:30:00-08:00,32,69,1.8
2025-12-03T14:00:00-08:00,31,70,1.4
2025-12-03T14:30:00-08:00,30,71,1.3
2025-12-03T15:00:00-08:00,28,72,1
2025-12-03T15:30:00-08:00,29,71,1.2
2025-12-03T16:00:00-08:00,33,68,1.2
2025-12-03T16:30:00-08:00,38,66,1.4
2025-12-03T17:00:00-08:00,43,63,4.6
2025-12-03T17:30:00-08:00,45,60,4.8
2025-12-03T18:00:00-08:00,44,60,8.4
2025-12-03T18:30:00-08:00,46,58,2.4
2025-12-03T19:00:00-08:00,47,58,2
2025-12-03T19:30:00-08:00,50,56,4.3
2025-12-03T20:00:00-08:00,53,55,7.7
2025-12-03T20:30:00-08:00,55,54,15.2
2025-12-03T21:00:00-08:00,55,53,9.8
2025-12-03T21:30:00-08:00,57,53,9.2
2025-12-03T22:00:00-08:00,58,52,9.1
2025-12-03T22:30:00-08:00,59,51,9.2
2025-12-03T23:00:00-08:00,59,51,9.7
2025-12-03T23:30:00-08:00,60,50,8.4
2025-12-04T00:00:00-08:00,60,50,8
2025-12-04T00:30:00-08:00,62,50,11.1
2025-12-04T01:00:00-08:00,62,49,8.2
2025-12-04T01:30:00-08:00,63,49,6
2025-12-04T02:00:00-08:00,63,48,4.4
2025-12-04T02:30:00-08:00,62,48,3.5
2025-12-04T03:00:00-08:00,63,47,3.9
2025-12-04T03:30:00-08:00,64,47,4.9
2025-12-04T04:00:00-08:00,64,47,6
2025-12-04T04:30:00-08:00,64,46,5
2025-12-04T05:00:00-08:00,65,46,4.7
2025-12-04T05:30:00-08:00,65,46,5.2
2025-12-04T06:00:00-08:00,65,46,6.3
2025-12-04T06:30:00-08:00,65,46,6.1
2025-12-04T07:00:00-08:00,66,46,6.4
2025-12-04T07:30:00-08:00,66,46,7.4
2025-12-04T08:00:00-08:00,67,49,18.5
2025-12-04T08:30:00-08:00,66,52,25.8
2025-12-04T09:00:00-08:00,63,54,29.9
2025-12-04T09:30:00-08:00,60,56,29
2025-12-04T10:00:00-08:00,57,58,30.8
2025-12-04T10:30:00-08:00,55,59,30.7
2025-12-04T11:00:00-08:00,53,60,29.9
2025-12-04T11:30:00-08:00,52,61,30.1
2025-12-04T12:00:00-08:00,51,62,29.8
2025-12-04T12:30:00-08:00,48,63,28.5
2025-12-04T13:00:00-08:00,47,64,25.1
2025-12-04T13:30:00-08:00,46,65,25.9
2025-12-04T14:00:00-08:00,45,66,28.2
2025-12-04T14:30:00-08:00,44,67,28.1
2025-12-04T15:00:00-08:00,41,69,26.8
2025-12-04T15:30:00-08:00,41,68,27.1
2025-12-04T16:00:00-08:00,45,65,27.1
2025-12-04T16:30:00-08:00,48,63,26.7
2025-12-04T17:00:00-08:00,51,60,27.4
2025-12-04T17:30:00-08:00,52,58,27.8
2025-12-04T18:00:00-08:00,53,57,27.4
2025-12-04T18:30:00-08:00,54,56,28.9
2025-12-04T19:00:00-08:00,56,55,29.6
2025-12-04T19:30:00-08:00,57,55,31
2025-12-04T20:00:00-08:00,58,54,31.6
2025-12-04T20:30:00-08:00,59,53,32
2025-12-04T21:00:00-08:00,60,52,27
2025-12-04T21:30:00-08:00,61,52,25.4
2025-12-04T22:00:00-08:00,61,52,34.4
2025-12-04T22:30:00-08:00,62,51,34.7
2025-12-04T23:00:00-08:00,62,51,29.9
2025-12-04T23:30:00-08:00,62,50,27
2025-12-05T00:00:00-08:00,63,50,24.9
2025-12-05T00:30:00-08:00,63,49,24.7
2025-12-05T01:00:00-08:00,64,49,23.7
2025-12-05T01:30:00-08:00,64,49,22.8
2025-12-05T02:00:00-08:00,64,49,23.2
2025-12-05T02:30:00-08:00,64,48,24.3
2025-12-05T03:00:00-08:00,65,48,23.2
2025-12-05T03:30:00-08:00,65,48,23.2
2025-12-05T04:00:00-08:00,65,48,24
2025-12-05T04:30:00-08:00,65,48,23.1
2025-12-05T05:00:00-08:00,65,47,23.2
2025-12-05T05:30:00-08:00,66,47,24.9
2025-12-05T06:00:00-08:00,66,47,24.7
2025-12-05T06:30:00-08:00,66,47,24.8
2025-12-05T07:00:00-08:00,66,47,24.2
2025-12-05T07:30:00-08:00,66,48,25
2025-12-05T08:00:00-08:00,66,50,24.4
2025-12-05T08:30:00-08:00,63,53,27.8
2025-12-05T09:00:00-08:00,59,56,30
2025-12-05T09:30:00-08:00,54,58,30.7
2025-12-05T10:00:00-08:00,52,59,31.7
2025-12-05T10:30:00-08:00,49,61,33.2
2025-12-05T11:00:00-08:00,47,62,34.7
2025-12-05T11:30:00-08:00,46,63,34.1
2025-12-05T12:00:00-08:00,45,65,34.5
2025-12-05T12:30:00-08:00,47,65,36.5
2025-12-05T13:00:00-08:00,47,65,36.8
2025-12-05T13:30:00-08:00,50,64,37
2025-12-05T14:00:00-08:00,52,64,36.9
2025-12-05T14:30:00-08:00,51,65,36.8
2025-12-05T15:00:00-08:00,48,67,36.6
2025-12-05T15:30:00-08:00,50,65,35.3
2025-12-05T16:00:00-08:00,53,62,35
2025-12-05T16:30:00-08:00,56,61,35.6
2025-12-05T17:00:00-08:00,61,60,36.3
2025-12-05T17:30:00-08:00,62,59,36.2
2025-12-05T18:00:00-08:00,62,59,36.1
2025-12-05T18:30:00-08:00,63,58,44.8
2025-12-05T19:00:00-08:00,64,57,59.7
2025-12-05T19:30:00-08:00,64,56,50.7
2025-12-05T20:00:00-08:00,63,55,37.7
2025-12-05T20:30:00-08:00,63,55,37.1
2025-12-05T21:00:00-08:00,63,54,34.6
2025-12-05T21:30:00-08:00,64,53,36.5
2025-12-05T22:00:00-08:00,65,53,44.2
2025-12-05T22:30:00-08:00,65,53,34.7
2025-12-05T23:00:00-08:00,64,52,33.2
2025-12-05T23:30:00-08:00,65,52,36.2
2025-12-06T00:00:00-08:00,64,52,36.3
2025-12-06T00:30:00-08:00,66,51,36.3
2025-12-06T01:00:00-08:00,65,51,38.7
2025-12-06T01:30:00-08:00,67,51,37.7
2025-12-06T02:00:00-08:00,67,51,34.9
2025-12-06T02:30:00-08:00,67,52,33.1
2025-12-06T03:00:00-08:00,68,51,30.8
2025-12-06T03:30:00-08:00,70,50,26
2025-12-06T04:00:00-08:00,70,51,25.5
2025-12-06T04:30:00-08:00,69,51,24.2
2025-12-06T05:00:00-08:00,69,51,25.6
2025-12-06T05:30:00-08:00,69,51,25.3
2025-12-06T06:00:00-08:00,69,51,24.2
2025-12-06T06:30:00-08:00,69,51,24.3
2025-12-06T07:00:00-08:00,68,51,24
2025-12-06T07:30:00-08:00,68,51,23.1
2025-12-06T08:00:00-08:00,67,51,27.5
2025-12-06T08:30:00-08:00,67,52,26.5
2025-12-06T09:00:00-08:00,67,52,25.1
2025-12-06T09:30:00-08:00,66,54,28.7
2025-12-06T10:00:00-08:00,63,56,30.1
2025-12-06T10:30:00-08:00,59,58,28.8
2025-12-06T11:00:00-08:00,56,60,29.1
2025-12-06T11:30:00-08:00,56,60,30.2
2025-12-06T12:00:00-08:00,55,61,31
2025-12-06T12:30:00-08:00,53,62,30.2
2025-12-06T13:00:00-08:00,53,63,30.7
2025-12-06T13:30:00-08:00,53,63,31.6
2025-12-06T14:00:00-08:00,51,64,32
2025-12-06T14:30:00-08:00,49,66,31.6
2025-12-06T15:00:00-08:00,49,66,34.2
2025-12-06T15:30:00-08:00,54,63,36.5
2025-12-06T16:00:00-08:00,59,60,35.2
2025-12-06T16:30:00-08:00,62,59,33.5
2025-12-06T17:00:00-08:00,65,58,35.5
2025-12-06T17:30:00-08:00,66,57,40.8
2025-12-06T18:00:00-08:00,66,57,41.5
2025-12-06T18:30:00-08:00,66,56,34.7
2025-12-06T19:00:00-08:00,66,55,31.6
2025-12-06T19:30:00-08:00,66,54,38.4
2025-12-06T20:00:00-08:00,65,54,31.6
2025-12-06T20:30:00-08:00,66,53,31.6
2025-12-06T21:00:00-08:00,67,53,30.9
2025-12-06T21:30:00-08:00,67,53,30
2025-12-06T22:00:00-08:00,68,52,31.4
2025-12-06T22:30:00-08:00,69,51,31.4
2025-12-06T23:00:00-08:00,68,52,29.1
2025-12-06T23:30:00-08:00,67,51,29.4
2025-12-07T00:00:00-08:00,66,51,31.6
2025-12-07T00:30:00-08:00,70,50,23.9
2025-12-07T01:00:00-08:00,72,50,18.1
2025-12-07T01:30:00-08:00,72,50,18.2
2025-12-07T02:00:00-08:00,71,50,17.1
2025-12-07T02:30:00-08:00,70,50,17.3
2025-12-07T03:00:00-08:00,71,50,24.6
2025-12-07T03:30:00-08:00,72,51,25.2
2025-12-07T04:00:00-08:00,70,52,20.9
2025-12-07T04:30:00-08:00,70,52,18.3
2025-12-07T05:00:00-08:00,69,51,18.9
2025-12-07T05:30:00-08:00,71,51,19.4
2025-12-07T06:00:00-08:00,71,51,20.1
2025-12-07T06:30:00-08:00,72,51,22.8
2025-12-07T07:00:00-08:00,73,51,24.1
2025-12-07T07:30:00-08:00,72,51,22.3
2025-12-07T08:00:00-08:00,72,52,24.9
2025-12-07T08:30:00-08:00,72,52,24.7
2025-12-07T09:00:00-08:00,72,53,26.2
2025-12-07T09:30:00-08:00,70,53,25.4
2025-12-07T10:00:00-08:00,68,55,24.9
2025-12-07T10:30:00-08:00,63,57,23.7
2025-12-07T11:00:00-08:00,60,59,23.4
2025-12-07T11:30:00-08:00,58,60,24.9
2025-12-07T12:00:00-08:00,57,60,26.6
2025-12-07T12:30:00-08:00,56,62,26.8
2025-12-07T13:00:00-08:00,55,63,24.9
2025-12-07T13:30:00-08:00,52,64,24.2
2025-12-07T14:00:00-08:00,52,64,27.1
2025-12-07T14:30:00-08:00,52,65,26.2
2025-12-07T15:00:00-08:00,52,64,25.2
2025-12-07T15:30:00-08:00,55,62,26.7
2025-12-07T16:00:00-08:00,59,60,30.8
2025-12-07T16:30:00-08:00,61,60,31.8
2025-12-07T17:00:00-08:00,63,59,34.3
2025-12-07T17:30:00-08:00,63,58,35.6
2025-12-07T18:00:00-08:00,64,57,36.1
2025-12-07T18:30:00-08:00,65,56,38.3
2025-12-07T19:00:00-08:00,66,55,39.4
2025-12-07T19:30:00-08:00,66,54,39.8
2025-12-07T20:00:00-08:00,67,53,46.5
2025-12-07T20:30:00-08:00,67,53,39.6
2025-12-07T21:00:00-08:00,68,52,28.3
2025-12-07T21:30:00-08:00,70,51,24.9
2025-12-07T22:00:00-08:00,71,51,24.6
2025-12-07T22:30:00-08:00,72,51,23.8
2025-12-07T23:00:00-08:00,72,51,22.8
2025-12-07T23:30:00-08:00,72,50,23.7
2025-12-08T00:00:00-08:00,70,50,24.2
2025-12-08T00:30:00-08:00,70,50,24.9
2025-12-08T01:00:00-08:00,71,50,22.9
2025-12-08T01:30:00-08:00,71,51,24.2
2025-12-08T02:00:00-08:00,70,52,21.8
2025-12-08T02:30:00-08:00,71,52,25.4
2025-12-08T03:00:00-08:00,71,52,25.1
2025-12-08T03:30:00-08:00,71,51,20.5
2025-12-08T04:00:00-08:00,71,51,21.3
2025-12-08T04:30:00-08:00,71,51,22.8
2025-12-08T05:00:00-08:00,71,51,24.6
2025-12-08T05:30:00-08:00,71,52,27.3
2025-12-08T06:00:00-08:00,72,52,28.1
2025-12-08T06:30:00-08:00,71,52,28.1
2025-12-08T07:00:00-08:00,70,52,22.2
2025-12-08T07:30:00-08:00,70,52,23.6
2025-12-08T08:00:00-08:00,70,52,26.4
2025-12-08T08:30:00-08:00,70,52,24.7
2025-12-08T09:00:00-08:00,68,53,23.9
2025-12-08T09:30:00-08:00,68,54,26.7
2025-12-08T10:00:00-08:00,67,54,28.3
2025-12-08T10:30:00-08:00,66,55,32.9
2025-12-08T11:00:00-08:00,63,56,32.9
2025-12-08T11:30:00-08:00,61,58,31.6
2025-12-08T12:00:00-08:00,58,60,31
2025-12-08T12:30:00-08:00,57,60,31.4
2025-12-08T13:00:00-08:00,58,60,28.3
2025-12-08T13:30:00-08:00,57,61,28.4
2025-12-08T14:00:00-08:00,56,62,27.1
2025-12-08T14:30:00-08:00,52,65,25.9
2025-12-08T15:00:00-08:00,50,66,25.7
2025-12-08T15:30:00-08:00,51,64,25.6
2025-12-08T16:00:00-08:00,57,61,26.5
2025-12-08T16:30:00-08:00,60,60,27
2025-12-08T17:00:00-08:00,62,59,26.7
2025-12-08T17:30:00-08:00,63,58,27
2025-12-08T18:00:00-08:00,64,57,27
2025-12-08T18:30:00-08:00,65,56,29.5
2025-12-08T19:00:00-08:00,65,55,27.2
2025-12-08T19:30:00-08:00,66,54,20.8
2025-12-08T20:00:00-08:00,66,53,20.7
2025-12-08T20:30:00-08:00,66,53,21
2025-12-08T21:00:00-08:00,67,52,21.1
2025-12-08T21:30:00-08:00,66,52,21.8
2025-12-08T22:00:00-08:00,67,51,22.1
2025-12-08T22:30:00-08:00,69,50,24.5
2025-12-08T23:00:00-08:00,69,50,24.1
2025-12-08T23:30:00-08:00,69,50,23.3
2025-12-09T00:00:00-08:00,69,50,22.3
2025-12-09T00:30:00-08:00,70,50,22.9
2025-12-09T01:00:00-08:00,69,50,22
2025-12-09T01:30:00-08:00,68,49,21.4
2025-12-09T02:00:00-08:00,68,48,23.3
2025-12-09T02:30:00-08:00,68,48,21.9
2025-12-09T03:00:00-08:00,67,47,22.2
2025-12-09T03:30:00-08:00,69,48,21.8
2025-12-09T04:00:00-08:00,71,48,21.8
2025-12-09T04:30:00-08:00,70,47,21.1
2025-12-09T05:00:00-08:00,69,47,20.7
2025-12-09T05:30:00-08:00,70,47,22.2
2025-12-09T06:00:00-08:00,71,49,27.2
2025-12-09T06:30:00-08:00,73,50,32.3
2025-12-09T07:00:00-08:00,73,51,34.9
2025-12-09T07:30:00-08:00,73,51,35.4
2025-12-09T08:00:00-08:00,72,51,29.5
2025-12-09T08:30:00-08:00,70,52,27.8
2025-12-09T09:00:00-08:00,70,53,30.9
2025-12-09T09:30:00-08:00,69,53,32.1
2025-12-09T10:00:00-08:00,67,54,30
2025-12-09T10:30:00-08:00,66,55,31.8
2025-12-09T11:00:00-08:00,62,57,30.1
2025-12-09T11:30:00-08:00,59,59,30.3
2025-12-09T12:00:00-08:00,57,60,30.1
2025-12-09T12:30:00-08:00,55,62,29.6
2025-12-09T13:00:00-08:00,52,64,27.5
2025-12-09T13:30:00-08:00,53,63,30
2025-12-09T14:00:00-08:00,55,62,32.1
2025-12-09T14:30:00-08:00,54,63,31.6
2025-12-09T15:00:00-08:00,53,64,34.4
2025-12-09T15:30:00-08:00,56,63,33.6
2025-12-09T16:00:00-08:00,59,61,33.4
2025-12-09T16:30:00-08:00,61,59,32.9
2025-12-09T17:00:00-08:00,65,58,31.9
2025-12-09T17:30:00-08:00,64,58,31.3
2025-12-09T18:00:00-08:00,64,57,37
2025-12-09T18:30:00-08:00,65,56,33.4
2025-12-09T19:00:00-08:00,65,55,27.4
2025-12-09T19:30:00-08:00,66,53,27.7
2025-12-09T20:00:00-08:00,66,53,27.5
2025-12-09T20:30:00-08:00,66,52,26.1
2025-12-09T21:00:00-08:00,65,52,26.1
2025-12-09T21:30:00-08:00,65,51,25.1
2025-12-09T22:00:00-08:00,65,50,26.1
2025-12-09T22:30:00-08:00,65,50,26.9
2025-12-09T23:00:00-08:00,66,49,26
2025-12-09T23:30:00-08:00,66,49,30.7
2025-12-10T00:00:00-08:00,66,48,26.6
2025-12-10T00:30:00-08:00,67,48,23.2
2025-12-10T01:00:00-08:00,67,47,31.7
2025-12-10T01:30:00-08:00,67,47,28.4
2025-12-10T02:00:00-08:00,68,47,27.5
2025-12-10T02:30:00-08:00,69,47,29.3
2025-12-10T03:00:00-08:00,69,46,29.7
2025-12-10T03:30:00-08:00,68,46,28.2
2025-12-10T04:00:00-08:00,68,46,29
2025-12-10T04:30:00-08:00,68,46,27.4
2025-12-10T05:00:00-08:00,68,45,25.5
2025-12-10T05:30:00-08:00,68,45,26.2
2025-12-10T06:00:00-08:00,68,45,28.7
2025-12-10T06:30:00-08:00,68,45,30.4
2025-12-10T07:00:00-08:00,68,45,25.5
2025-12-10T07:30:00-08:00,68,46,24.3
2025-12-10T08:00:00-08:00,70,48,26.8
2025-12-10T08:30:00-08:00,72,52,30.6
2025-12-10T09:00:00-08:00,70,54,31.2
2025-12-10T09:30:00-08:00,67,56,29.3
2025-12-10T10:00:00-08:00,65,58,29.6
2025-12-10T10:30:00-08:00,62,59,27.3
2025-12-10T11:00:00-08:00,59,61,23.9
2025-12-10T11:30:00-08:00,56,62,22.8
2025-12-10T12:00:00-08:00,54,63,23.2
2025-12-10T12:30:00-08:00,53,65,23.4
2025-12-10T13:00:00-08:00,53,64,24.1
2025-12-10T13:30:00-08:00,53,65,24.5
2025-12-10T14:00:00-08:00,53,65,24.6
2025-12-10T14:30:00-08:00,50,67,23.6
2025-12-10T15:00:00-08:00,47,69,23.6
2025-12-10T15:30:00-08:00,50,67,25
2025-12-10T16:00:00-08:00,55,64,25.8
2025-12-10T16:30:00-08:00,57,63,26.5
2025-12-10T17:00:00-08:00,58,61,29.8
2025-12-10T17:30:00-08:00,61,60,32.8
2025-12-10T18:00:00-08:00,63,59,31.3
2025-12-10T18:30:00-08:00,64,57,31.8
2025-12-10T19:00:00-08:00,64,56,31.7
2025-12-10T19:30:00-08:00,65,55,31.7
2025-12-10T20:00:00-08:00,65,54,31.3
2025-12-10T20:30:00-08:00,66,53,31.4
2025-12-10T21:00:00-08:00,66,52,32.1
2025-12-10T21:30:00-08:00,66,52,31.6
2025-12-10T22:00:00-08:00,66,51,29.3
2025-12-10T22:30:00-08:00,65,51,29.6
2025-12-10T23:00:00-08:00,66,50,28
2025-12-10T23:30:00-08:00,66,49,26.4
2025-12-11T00:00:00-08:00,67,49,27
2025-12-11T00:30:00-08:00,67,48,26.6
2025-12-11T01:00:00-08:00,66,48,25.6
2025-12-11T01:30:00-08:00,67,47,32.3
2025-12-11T02:00:00-08:00,67,47,33.2
2025-12-11T02:30:00-08:00,67,47,32.8
2025-12-11T03:00:00-08:00,67,47,28.8
2025-12-11T03:30:00-08:00,66,46,26.4
2025-12-11T04:00:00-08:00,66,46,25.6
2025-12-11T04:30:00-08:00,67,46,23.8
2025-12-11T05:00:00-08:00,67,45,23.5
2025-12-11T05:30:00-08:00,67,45,23.8
2025-12-11T06:00:00-08:00,67,45,21.4
2025-12-11T06:30:00-08:00,67,45,20.9
2025-12-11T07:00:00-08:00,68,45,22.6
2025-12-11T07:30:00-08:00,69,45,22.2
2025-12-11T08:00:00-08:00,71,47,21.7
2025-12-11T08:30:00-08:00,72,50,27
2025-12-11T09:00:00-08:00,73,52,34.5
2025-12-11T09:30:00-08:00,72,53,31.9
2025-12-11T10:00:00-08:00,69,54,29.7
2025-12-11T10:30:00-08:00,65,57,28.2
2025-12-11T11:00:00-08:00,62,58,28.3
2025-12-11T11:30:00-08:00,60,60,28
2025-12-11T12:00:00-08:00,56,62,25.9
2025-12-11T12:30:00-08:00,53,64,23.6
2025-12-11T13:00:00-08:00,51,64,22
2025-12-11T13:30:00-08:00,49,66,22.2
2025-12-11T14:00:00-08:00,49,66,23.3
2025-12-11T14:30:00-08:00,48,67,23.5
2025-12-11T15:00:00-08:00,47,68,26.8
2025-12-11T15:30:00-08:00,50,66,28.5
2025-12-11T16:00:00-08:00,53,64,29
2025-12-11T16:30:00-08:00,56,63,29.1
2025-12-11T17:00:00-08:00,59,60,28.6
2025-12-11T17:30:00-08:00,61,59,28.3
2025-12-11T18:00:00-08:00,62,57,30.2
2025-12-11T18:30:00-08:00,63,56,37.5
2025-12-11T19:00:00-08:00,64,55,42.3
2025-12-11T19:30:00-08:00,64,54,35.8
2025-12-11T20:00:00-08:00,65,52,33.7
2025-12-11T20:30:00-08:00,65,52,33.6
2025-12-11T21:00:00-08:00,65,51,32.1
2025-12-11T21:30:00-08:00,65,50,31.4
2025-12-11T22:00:00-08:00,66,50,31.3
2025-12-11T22:30:00-08:00,66,49,30.9
2025-12-11T23:00:00-08:00,66,48,28.3
2025-12-11T23:30:00-08:00,66,48,24.9
2025-12-12T00:00:00-08:00,67,47,17.8
2025-12-12T00:30:00-08:00,67,47,16.2
2025-12-12T01:00:00-08:00,67,47,17.4
2025-12-12T01:30:00-08:00,67,46,17.5
2025-12-12T02:00:00-08:00,66,46,17.2
2025-12-12T02:30:00-08:00,67,45,17.4
2025-12-12T03:00:00-08:00,66,45,16.7
2025-12-12T03:30:00-08:00,66,45,14.7
2025-12-12T04:00:00-08:00,67,45,12.2
2025-12-12T04:30:00-08:00,69,45,10.7
2025-12-12T05:00:00-08:00,71,47,11.2
2025-12-12T05:30:00-08:00,72,47,9.9
2025-12-12T06:00:00-08:00,70,46,10.3
2025-12-12T06:30:00-08:00,69,45,14.4
2025-12-12T07:00:00-08:00,71,45,16.5
2025-12-12T07:30:00-08:00,70,46,11.9
2025-12-12T08:00:00-08:00,71,48,8.1
2025-12-12T08:30:00-08:00,69,51,7.2
2025-12-12T09:00:00-08:00,67,52,7.5
2025-12-12T09:30:00-08:00,64,54,7.7
2025-12-12T10:00:00-08:00,60,56,5.9
2025-12-12T10:30:00-08:00,58,58,6.7
2025-12-12T11:00:00-08:00,56,60,8
2025-12-12T11:30:00-08:00,53,61,8.3
2025-12-12T12:00:00-08:00,51,62,7.3
2025-12-12T12:30:00-08:00,50,64,8.2
2025-12-12T13:00:00-08:00,49,64,8.5
2025-12-12T13:30:00-08:00,48,65,8.8
2025-12-12T14:00:00-08:00,46,66,7.4
2025-12-12T14:30:00-08:00,43,68,6.8
2025-12-12T15:00:00-08:00,40,71,9
2025-12-12T15:30:00-08:00,42,68,6.1
2025-12-12T16:00:00-08:00,47,64,7.6
2025-12-12T16:30:00-08:00,50,62,7.4
2025-12-12T17:00:00-08:00,53,60,8.6
2025-12-12T17:30:00-08:00,55,58,9
2025-12-12T18:00:00-08:00,57,56,11
2025-12-12T18:30:00-08:00,59,55,12.5
2025-12-12T19:00:00-08:00,60,54,11.7
2025-12-12T19:30:00-08:00,61,53,12.8
2025-12-12T20:00:00-08:00,62,53,11.9
2025-12-12T20:30:00-08:00,62,52,14.2
2025-12-12T21:00:00-08:00,63,51,14.8
2025-12-12T21:30:00-08:00,63,51,22.6
2025-12-12T22:00:00-08:00,64,50,15.1
2025-12-12T22:30:00-08:00,65,49,12.9
2025-12-12T23:00:00-08:00,65,49,11.9
2025-12-12T23:30:00-08:00,64,49,12.1
2025-12-13T00:00:00-08:00,64,48,12.2
2025-12-13T00:30:00-08:00,64,47,12.6
2025-12-13T01:00:00-08:00,64,46,13.7
2025-12-13T01:30:00-08:00,65,46,11.8
2025-12-13T02:00:00-08:00,66,46,8.5
2025-12-13T02:30:00-08:00,67,46,7.5
2025-12-13T03:00:00-08:00,67,45,7.3
2025-12-13T03:30:00-08:00,66,45,7.6
2025-12-13T04:00:00-08:00,66,44,8.4
2025-12-13T04:30:00-08:00,66,44,8
2025-12-13T05:00:00-08:00,65,43,8.6
2025-12-13T05:30:00-08:00,66,43,8.4
2025-12-13T06:00:00-08:00,66,43,8.9
2025-12-13T06:30:00-08:00,65,43,7.6
2025-12-13T07:00:00-08:00,66,43,7.2
2025-12-13T07:30:00-08:00,68,44,4.4
2025-12-13T08:00:00-08:00,70,47,2.9
2025-12-13T08:30:00-08:00,67,49,3
2025-12-13T09:00:00-08:00,63,52,4
2025-12-13T09:30:00-08:00,60,54,7.2
2025-12-13T10:00:00-08:00,60,55,13.6
2025-12-13T10:30:00-08:00,59,56,17.9
2025-12-13T11:00:00-08:00,58,58,20.4
2025-12-13T11:30:00-08:00,58,58,23.2
2025-12-13T12:00:00-08:00,55,60,21.8
2025-12-13T12:30:00-08:00,53,62,21.9
2025-12-13T13:00:00-08:00,52,63,21.8
2025-12-13T13:30:00-08:00,50,64,19.9
2025-12-13T14:00:00-08:00,50,63,14
2025-12-13T14:30:00-08:00,50,64,15.3
2025-12-13T15:00:00-08:00,49,66,15.1
2025-12-13T15:30:00-08:00,52,63,16.3
2025-12-13T16:00:00-08:00,56,60,17.7
2025-12-13T16:30:00-08:00,57,59,20.4
2025-12-13T17:00:00-08:00,57,58,20.2
2025-12-13T17:30:00-08:00,59,57,21.1
2025-12-13T18:00:00-08:00,60,56,24.8
2025-12-13T18:30:00-08:00,62,55,27
2025-12-13T19:00:00-08:00,63,54,32.7
2025-12-13T19:30:00-08:00,64,53,35
2025-12-13T20:00:00-08:00,64,52,30.8
2025-12-13T20:30:00-08:00,65,52,29
2025-12-13T21:00:00-08:00,65,51,27
2025-12-13T21:30:00-08:00,66,50,46.4
2025-12-13T22:00:00-08:00,67,50,43.8
2025-12-13T22:30:00-08:00,67,50,43.3
2025-12-13T23:00:00-08:00,67,49,38.6
2025-12-13T23:30:00-08:00,67,49,35.6
2025-12-14T00:00:00-08:00,68,48,35.2
2025-12-14T00:30:00-08:00,69,48,33.1
2025-12-14T01:00:00-08:00,69,48,29.4
2025-12-14T01:30:00-08:00,70,49,25
2025-12-14T02:00:00-08:00,70,51,20.6
2025-12-14T02:30:00-08:00,70,51,21.6
2025-12-14T03:00:00-08:00,71,52,23.2
2025-12-14T03:30:00-08:00,70,52,26.4
2025-12-14T04:00:00-08:00,70,52,25.5
2025-12-14T04:30:00-08:00,70,52,28.7
2025-12-14T05:00:00-08:00,70,51,23
2025-12-14T05:30:00-08:00,69,51,19.9
2025-12-14T06:00:00-08:00,69,51,18.1
2025-12-14T06:30:00-08:00,69,51,18.6
2025-12-14T07:00:00-08:00,68,52,18.9
2025-12-14T07:30:00-08:00,68,52,21.5
2025-12-14T08:00:00-08:00,70,53,21.3
2025-12-14T08:30:00-08:00,69,54,21.5
2025-12-14T09:00:00-08:00,68,54,21.5
2025-12-14T09:30:00-08:00,67,55,19.5
2025-12-14T10:00:00-08:00,66,56,22.9
2025-12-14T10:30:00-08:00,64,56,17.7
2025-12-14T11:00:00-08:00,63,56,18.2
2025-12-14T11:30:00-08:00,61,58,24.7
2025-12-14T12:00:00-08:00,59,60,27.5
2025-12-14T12:30:00-08:00,57,61,29.4
2025-12-14T13:00:00-08:00,56,62,30
2025-12-14T13:30:00-08:00,55,63,30.1
2025-12-14T14:00:00-08:00,54,63,30.2
2025-12-14T14:30:00-08:00,52,65,30.1
2025-12-14T15:00:00-08:00,50,65,29.3
2025-12-14T15:30:00-08:00,54,62,28.8
2025-12-14T16:00:00-08:00,60,59,32.1
2025-12-14T16:30:00-08:00,64,57,33.8
2025-12-14T17:00:00-08:00,66,56,34.9
2025-12-14T17:30:00-08:00,66,55,36.4
2025-12-14T18:00:00-08:00,66,54,34.6
2025-12-14T18:30:00-08:00,66,54,34.3
2025-12-14T19:00:00-08:00,66,53,37.8
2025-12-14T19:30:00-08:00,67,52,38.8
2025-12-14T20:00:00-08:00,67,52,39.9
2025-12-14T20:30:00-08:00,69,51,34.4
2025-12-14T21:00:00-08:00,70,51,32.8
2025-12-14T21:30:00-08:00,68,51,31.7
2025-12-14T22:00:00-08:00,68,50,31.5
2025-12-14T22:30:00-08:00,68,49,29.6
2025-12-14T23:00:00-08:00,68,49,31
2025-12-14T23:30:00-08:00,69,48,32.1
2025-12-15T00:00:00-08:00,68,48,30.7
2025-12-15T00:30:00-08:00,69,48,32.2
2025-12-15T01:00:00-08:00,69,50,30.9
2025-12-15T01:30:00-08:00,69,50,28.7
2025-12-15T02:00:00-08:00,69,51,28.9
2025-12-15T02:30:00-08:00,70,51,31.2
2025-12-15T03:00:00-08:00,70,51,29.1
2025-12-15T03:30:00-08:00,70,51,27.7
2025-12-15T04:00:00-08:00,70,50,28.1
2025-12-15T04:30:00-08:00,70,50,24.7
2025-12-15T05:00:00-08:00,69,50,20.3
2025-12-15T05:30:00-08:00,69,50,22.5
2025-12-15T06:00:00-08:00,72,50,31.1
2025-12-15T06:30:00-08:00,72,51,34.1
2025-12-15T07:00:00-08:00,73,50,29.3
2025-12-15T07:30:00-08:00,73,49,23.3
2025-12-15T08:00:00-08:00,71,50,17.2
2025-12-15T08:30:00-08:00,68,51,15.3
2025-12-15T09:00:00-08:00,63,53,12.4
2025-12-15T09:30:00-08:00,63,54,22.3
2025-12-15T10:00:00-08:00,66,54,28.6
2025-12-15T10:30:00-08:00,64,55,30.2
2025-12-15T11:00:00-08:00,62,57,28.3
2025-12-15T11:30:00-08:00,57,59,25.9
2025-12-15T12:00:00-08:00,55,61,26.5
2025-12-15T12:30:00-08:00,56,61,30.6
2025-12-15T13:00:00-08:00,54,61,31.2
2025-12-15T13:30:00-08:00,54,62,31.8
2025-12-15T14:00:00-08:00,54,63,32.8
2025-12-15T14:30:00-08:00,54,63,33.1
2025-12-15T15:00:00-08:00,54,62,32.5
2025-12-15T15:30:00-08:00,55,61,32.8
2025-12-15T16:00:00-08:00,57,61,33.6
2025-12-15T16:30:00-08:00,59,60,33.4
2025-12-15T17:00:00-08:00,59,59,33.7
2025-12-15T17:30:00-08:00,61,58,32.9
2025-12-15T18:00:00-08:00,61,58,32.2
2025-12-15T18:30:00-08:00,62,57,40.3
2025-12-15T19:00:00-08:00,63,57,38.7
2025-12-15T19:30:00-08:00,63,56,35.5
2025-12-15T20:00:00-08:00,65,56,35.5
2025-12-15T20:30:00-08:00,65,56,36.9
2025-12-15T21:00:00-08:00,66,55,38
2025-12-15T21:30:00-08:00,66,55,39
2025-12-15T22:00:00-08:00,67,54,39.1
2025-12-15T22:30:00-08:00,67,54,38.8
2025-12-15T23:00:00-08:00,67,53,39.2
2025-12-15T23:30:00-08:00,67,53,38.7
2025-12-16T00:00:00-08:00,67,53,37.8
2025-12-16T00:30:00-08:00,68,52,35.5
2025-12-16T01:00:00-08:00,68,52,32.9
2025-12-16T01:30:00-08:00,68,52,29.9
2025-12-16T02:00:00-08:00,67,52,27.1
2025-12-16T02:30:00-08:00,68,52,25.6
2025-12-16T03:00:00-08:00,68,52,25.2
2025-12-16T03:30:00-08:00,68,52,25.8
2025-12-16T04:00:00-08:00,68,52,26.1
2025-12-16T04:30:00-08:00,68,52,25.4
2025-12-16T05:00:00-08:00,68,52,24.8
2025-12-16T05:30:00-08:00,68,52,25
2025-12-16T06:00:00-08:00,69,52,25.3
2025-12-16T06:30:00-08:00,69,52,23.8
2025-12-16T07:00:00-08:00,69,52,24.4
2025-12-16T07:30:00-08:00,69,53,26.7
2025-12-16T08:00:00-08:00,70,53,25.5
2025-12-16T08:30:00-08:00,67,55,17
2025-12-16T09:00:00-08:00,62,57,11.7
2025-12-16T09:30:00-08:00,58,59,11
2025-12-16T10:00:00-08:00,57,61,11.8
2025-12-16T10:30:00-08:00,55,63,16.6
2025-12-16T11:00:00-08:00,53,65,25.6
2025-12-16T11:30:00-08:00,51,67,28.7
2025-12-16T12:00:00-08:00,50,67,28.3
2025-12-16T12:30:00-08:00,49,68,21.3
2025-12-16T13:00:00-08:00,48,69,20.3
2025-12-16T13:30:00-08:00,48,70,20.6
2025-12-16T14:00:00-08:00,46,71,18.6
2025-12-16T14:30:00-08:00,46,71,19
2025-12-16T15:00:00-08:00,50,68,22.7
2025-12-16T15:30:00-08:00,53,65,26.6
2025-12-16T16:00:00-08:00,54,65,25.8
2025-12-16T16:30:00-08:00,54,64,26.4
2025-12-16T17:00:00-08:00,55,63,26.2
2025-12-16T17:30:00-08:00,56,63,25.8
2025-12-16T18:00:00-08:00,58,62,26.9
2025-12-16T18:30:00-08:00,59,61,26.3
2025-12-16T19:00:00-08:00,60,60,26.9
2025-12-16T19:30:00-08:00,62,61,26.7
2025-12-16T20:00:00-08:00,62,61,25.6
2025-12-16T20:30:00-08:00,63,61,23.1
2025-12-16T21:00:00-08:00,62,61,23.8
2025-12-16T21:30:00-08:00,63,61,27.3
2025-12-16T22:00:00-08:00,64,60,27.6
2025-12-16T22:30:00-08:00,64,60,26
2025-12-16T23:00:00-08:00,65,59,26.5
2025-12-16T23:30:00-08:00,66,59,28.8
2025-12-17T00:00:00-08:00,66,60,26.8
2025-12-17T00:30:00-08:00,67,60,22.3
2025-12-17T01:00:00-08:00,66,61,21.8
2025-12-17T01:30:00-08:00,65,61,21.5
2025-12-17T02:00:00-08:00,65,62,20.4
2025-12-17T02:30:00-08:00,66,61,22.6
2025-12-17T03:00:00-08:00,69,61,24
2025-12-17T03:30:00-08:00,71,61,26.4
2025-12-17T04:00:00-08:00,72,61,26.4
2025-12-17T04:30:00-08:00,72,62,26.2
2025-12-17T05:00:00-08:00,72,62,27.4
2025-12-17T05:30:00-08:00,72,61,29.3
2025-12-17T06:00:00-08:00,72,61,29.7
2025-12-17T06:30:00-08:00,73,62,28.1
2025-12-17T07:00:00-08:00,71,62,26.9
2025-12-17T07:30:00-08:00,72,62,28.5
2025-12-17T08:00:00-08:00,74,62,29.2
2025-12-17T08:30:00-08:00,76,62,28.4
2025-12-17T09:00:00-08:00,78,63,24.9
2025-12-17T09:30:00-08:00,78,63,21.3
2025-12-17T10:00:00-08:00,78,64,17.1
2025-12-17T10:30:00-08:00,79,66,13.6
2025-12-17T11:00:00-08:00,79,67,13.3
2025-12-17T11:30:00-08:00,78,68,13.9
2025-12-17T12:00:00-08:00,76,70,12.3
2025-12-17T12:30:00-08:00,73,72,8.2
2025-12-17T13:00:00-08:00,65,74,2.1
2025-12-17T13:30:00-08:00,61,74,0.3
2025-12-17T14:00:00-08:00,62,73,1.1
2025-12-17T14:30:00-08:00,67,70,4.1
2025-12-17T15:00:00-08:00,71,68,0.4
2025-12-17T15:30:00-08:00,69,69,0.3
2025-12-17T16:00:00-08:00,67,70,0.1
2025-12-17T16:30:00-08:00,70,67,0.3
2025-12-17T17:00:00-08:00,72,65,1.3
2025-12-17T17:30:00-08:00,73,63,1.9
2025-12-17T18:00:00-08:00,73,62,2
2025-12-17T18:30:00-08:00,73,62,2.3
2025-12-17T19:00:00-08:00,72,61,2.6
2025-12-17T19:30:00-08:00,72,61,3
2025-12-17T20:00:00-08:00,71,61,3.4
2025-12-17T20:30:00-08:00,72,61,6.6
2025-12-17T21:00:00-08:00,71,61,5.4
2025-12-17T21:30:00-08:00,70,60,5.6
2025-12-17T22:00:00-08:00,71,58,7.4
2025-12-17T22:30:00-08:00,71,58,7.4
2025-12-17T23:00:00-08:00,71,57,6.2
2025-12-17T23:30:00-08:00,71,56,7.7
2025-12-18T00:00:00-08:00,71,55,6.9
2025-12-18T00:30:00-08:00,71,54,4.8
2025-12-18T01:00:00-08:00,71,54,3.8
2025-12-18T01:30:00-08:00,73,55,3.5
2025-12-18T02:00:00-08:00,74,56,4.7
2025-12-18T02:30:00-08:00,77,56,8.9
2025-12-18T03:00:00-08:00,76,57,10.9
2025-12-18T03:30:00-08:00,78,58,12.9
2025-12-18T04:00:00-08:00,78,58,11.8
2025-12-18T04:30:00-08:00,78,58,16.5
2025-12-18T05:00:00-08:00,78,58,15
2025-12-18T05:30:00-08:00,77,58,18.6
2025-12-18T06:00:00-08:00,77,58,16.9
2025-12-18T06:30:00-08:00,76,59,16.2
2025-12-18T07:00:00-08:00,77,58,15.7
2025-12-18T07:30:00-08:00,78,58,18.8
2025-12-18T08:00:00-08:00,77,59,20.5
2025-12-18T08:30:00-08:00,77,59,22.2
2025-12-18T09:00:00-08:00,76,59,22.6
2025-12-18T09:30:00-08:00,76,60,20.5
2025-12-18T10:00:00-08:00,73,61,19.2
2025-12-18T10:30:00-08:00,73,61,18.8
2025-12-18T11:00:00-08:00,69,63,18.8
2025-12-18T11:30:00-08:00,67,63,17.7
2025-12-18T12:00:00-08:00,64,65,19
2025-12-18T12:30:00-08:00,62,65,18.6
2025-12-18T13:00:00-08:00,59,67,17.8
2025-12-18T13:30:00-08:00,58,68,15.6
2025-12-18T14:00:00-08:00,59,68,15.7
2025-12-18T14:30:00-08:00,57,68,14.4
2025-12-18T15:00:00-08:00,51,70,7.5
2025-12-18T15:30:00-08:00,51,69,10.1
2025-12-18T16:00:00-08:00,58,66,14.5
2025-12-18T16:30:00-08:00,63,63,21
2025-12-18T17:00:00-08:00,67,62,25.9
2025-12-18T17:30:00-08:00,67,61,27.3
2025-12-18T18:00:00-08:00,67,60,33.6
2025-12-18T18:30:00-08:00,67,59,48.4
2025-12-18T19:00:00-08:00,67,59,40.5
2025-12-18T19:30:00-08:00,68,58,33.4
2025-12-18T20:00:00-08:00,69,58,30.5
2025-12-18T20:30:00-08:00,71,59,28.9
2025-12-18T21:00:00-08:00,71,59,26.3
2025-12-18T21:30:00-08:00,71,60,26.8
2025-12-18T22:00:00-08:00,71,61,29.5
2025-12-18T22:30:00-08:00,72,61,30
2025-12-18T23:00:00-08:00,73,61,30.6
2025-12-18T23:30:00-08:00,75,60,30.3
2025-12-19T00:00:00-08:00,76,60,31.4
2025-12-19T00:30:00-08:00,74,61,33.6
2025-12-19T01:00:00-08:00,74,61,33.4
2025-12-19T01:30:00-08:00,74,60,32.4
2025-12-19T02:00:00-08:00,73,60,31.3
2025-12-19T02:30:00-08:00,73,60,31.1
2025-12-19T03:00:00-08:00,73,60,29.3
2025-12-19T03:30:00-08:00,73,60,28.6
2025-12-19T04:00:00-08:00,73,60,28.8
2025-12-19T04:30:00-08:00,73,61,26.2
2025-12-19T05:00:00-08:00,73,61,23.7
2025-12-19T05:30:00-08:00,72,61,25.4
2025-12-19T06:00:00-08:00,72,61,26.4
2025-12-19T06:30:00-08:00,71,62,24.8
2025-12-19T07:00:00-08:00,71,61,23.4
2025-12-19T07:30:00-08:00,71,61,22.5
2025-12-19T08:00:00-08:00,71,61,21.4
2025-12-19T08:30:00-08:00,69,62,21
2025-12-19T09:00:00-08:00,66,63,19.9
2025-12-19T09:30:00-08:00,63,65,15.6
2025-12-19T10:00:00-08:00,60,68,12.1
2025-12-19T10:30:00-08:00,55,69,8.9
2025-12-19T11:00:00-08:00,53,70,5.8
2025-12-19T11:30:00-08:00,51,71,3.4
2025-12-19T12:00:00-08:00,48,72,2
2025-12-19T12:30:00-08:00,48,73,1.6
2025-12-19T13:00:00-08:00,48,73,1.8
2025-12-19T13:30:00-08:00,49,72,3.7
2025-12-19T14:00:00-08:00,52,71,2.1
2025-12-19T14:30:00-08:00,54,71,1.5
2025-12-19T15:00:00-08:00,55,70,4.9
2025-12-19T15:30:00-08:00,58,70,2.7
2025-12-19T16:00:00-08:00,62,68,5
2025-12-19T16:30:00-08:00,65,67,14
2025-12-19T17:00:00-08:00,66,67,1.1
2025-12-19T17:30:00-08:00,66,68,3.4
2025-12-19T18:00:00-08:00,65,69,4.2
2025-12-19T18:30:00-08:00,65,68,1
2025-12-19T19:00:00-08:00,67,69,5.4
2025-12-19T19:30:00-08:00,70,67,3.4
2025-12-19T20:00:00-08:00,76,66,2.5
2025-12-19T20:30:00-08:00,78,66,2.7
2025-12-19T21:00:00-08:00,78,65,3
2025-12-19T21:30:00-08:00,79,65,4.2
2025-12-19T22:00:00-08:00,79,65,5
2025-12-19T22:30:00-08:00,79,65,4.8
2025-12-19T23:00:00-08:00,77,66,5.3
2025-12-19T23:30:00-08:00,77,66,4.4
2025-12-20T00:00:00-08:00,75,66,3.3
2025-12-20T00:30:00-08:00,76,66,3.5
2025-12-20T01:00:00-08:00,76,66,3.9
2025-12-20T01:30:00-08:00,76,66,3.7
2025-12-20T02:00:00-08:00,77,66,3.4
2025-12-20T02:30:00-08:00,76,66,2.9
2025-12-20T03:00:00-08:00,75,66,2.1
2025-12-20T03:30:00-08:00,75,66,1.7
2025-12-20T04:00:00-08:00,74,66,2
2025-12-20T04:30:00-08:00,75,66,1.5
2025-12-20T05:00:00-08:00,75,66,1.4
2025-12-20T05:30:00-08:00,75,66,1.2
2025-12-20T06:00:00-08:00,75,66,1.9
2025-12-20T06:30:00-08:00,76,66,2.1
2025-12-20T07:00:00-08:00,75,66,1.6
2025-12-20T07:30:00-08:00,76,66,1.4
2025-12-20T08:00:00-08:00,75,66,1.4
2025-12-20T08:30:00-08:00,75,66,1.8
2025-12-20T09:00:00-08:00,75,67,2.2
2025-12-20T09:30:00-08:00,74,68,2.5
2025-12-20T10:00:00-08:00,72,69,2.8
2025-12-20T10:30:00-08:00,71,69,3
2025-12-20T11:00:00-08:00,70,70,3
2025-12-20T11:30:00-08:00,69,70,2.7
2025-12-20T12:00:00-08:00,67,71,0.7
2025-12-20T12:30:00-08:00,67,71,2.1
2025-12-20T13:00:00-08:00,68,71,3
2025-12-20T13:30:00-08:00,66,71,2.1
2025-12-20T14:00:00-08:00,67,71,2.6
2025-12-20T14:30:00-08:00,67,71,3.6
2025-12-20T15:00:00-08:00,68,71,4
2025-12-20T15:30:00-08:00,68,71,4
2025-12-20T16:00:00-08:00,68,71,3.5
2025-12-20T16:30:00-08:00,67,71,4.6
2025-12-20T17:00:00-08:00,69,70,4.3
2025-12-20T17:30:00-08:00,71,70,6
2025-12-20T18:00:00-08:00,72,70,7.8
2025-12-20T18:30:00-08:00,73,69,9.7
2025-12-20T19:00:00-08:00,73,69,12.1
2025-12-20T19:30:00-08:00,74,69,14.5
2025-12-20T20:00:00-08:00,74,69,16
2025-12-20T20:30:00-08:00,74,68,12.9
2025-12-20T21:00:00-08:00,75,68,10
2025-12-20T21:30:00-08:00,75,68,10
2025-12-20T22:00:00-08:00,74,68,6.9
2025-12-20T22:30:00-08:00,73,68,2.5
2025-12-20T23:00:00-08:00,72,68,0.8
2025-12-20T23:30:00-08:00,72,68,0.1
2025-12-21T00:00:00-08:00,71,68,0
2025-12-21T00:30:00-08:00,71,69,0
2025-12-21T01:00:00-08:00,71,68,0
2025-12-21T01:30:00-08:00,71,69,0
2025-12-21T02:00:00-08:00,71,69,0
2025-12-21T02:30:00-08:00,71,68,0
2025-12-21T03:00:00-08:00,72,68,0
2025-12-21T03:30:00-08:00,71,69,0
2025-12-21T04:00:00-08:00,71,69,0
2025-12-21T04:30:00-08:00,72,68,0
2025-12-21T05:00:00-08:00,71,68,0
2025-12-21T05:30:00-08:00,70,69,0
2025-12-21T06:00:00-08:00,71,68,0
2025-12-21T06:30:00-08:00,72,68,0
2025-12-21T07:00:00-08:00,73,68,0
2025-12-21T07:30:00-08:00,73,68,0
2025-12-21T08:00:00-08:00,71,68,0
2025-12-21T08:30:00-08:00,70,68,0
2025-12-21T09:00:00-08:00,67,70,0
2025-12-21T09:30:00-08:00,65,71,0
2025-12-21T10:00:00-08:00,63,71,0
2025-12-21T10:30:00-08:00,63,71,0
2025-12-21T11:00:00-08:00,60,73,0
2025-12-21T11:30:00-08:00,60,72,0
2025-12-21T12:00:00-08:00,61,71,0
2025-12-21T12:30:00-08:00,65,70,0
2025-12-21T13:00:00-08:00,65,70,0
2025-12-21T13:30:00-08:00,63,70,0
2025-12-21T14:00:00-08:00,65,70,0
2025-12-21T14:30:00-08:00,63,71,5
2025-12-21T15:00:00-08:00,64,70,10.1
2025-12-21T15:30:00-08:00,62,69,0.9
2025-12-21T16:00:00-08:00,62,69,0.1
2025-12-21T16:30:00-08:00,63,68,0.6
2025-12-21T17:00:00-08:00,67,67,0.9
2025-12-21T17:30:00-08:00,65,67,0.5
2025-12-21T18:00:00-08:00,64,67,1.3
2025-12-21T18:30:00-08:00,63,67,1.7
2025-12-21T19:00:00-08:00,64,67,1.8
2025-12-21T19:30:00-08:00,64,67,1.5
2025-12-21T20:00:00-08:00,64,67,1.1
2025-12-21T20:30:00-08:00,64,67,0.7
2025-12-21T21:00:00-08:00,64,67,0.6
2025-12-21T21:30:00-08:00,65,67,0.7
2025-12-21T22:00:00-08:00,65,67,1.2
2025-12-21T22:30:00-08:00,65,67,0.9
2025-12-21T23:00:00-08:00,66,67,1.2
2025-12-21T23:30:00-08:00,67,67,1.4
2025-12-22T00:00:00-08:00,65,67,1.4
2025-12-22T00:30:00-08:00,64,67,1.8
2025-12-22T01:00:00-08:00,66,67,1.6
2025-12-22T01:30:00-08:00,65,67,1.7
2025-12-22T02:00:00-08:00,65,67,1.4
2025-12-22T02:30:00-08:00,65,67,1.1
2025-12-22T03:00:00-08:00,63,66,1
2025-12-22T03:30:00-08:00,63,66,0.8
2025-12-22T04:00:00-08:00,63,66,0.8
2025-12-22T04:30:00-08:00,63,66,0.7
2025-12-22T05:00:00-08:00,63,66,0.6
2025-12-22T05:30:00-08:00,64,66,0.5
2025-12-22T06:00:00-08:00,64,66,0.5
2025-12-22T06:30:00-08:00,64,66,1.3
2025-12-22T07:00:00-08:00,64,66,1.9
2025-12-22T07:30:00-08:00,63,66,2.1
2025-12-22T08:00:00-08:00,64,67,2.2
2025-12-22T08:30:00-08:00,68,66,2.2
2025-12-22T09:00:00-08:00,71,66,2.9
2025-12-22T09:30:00-08:00,71,66,2.4
2025-12-22T10:00:00-08:00,71,66,4.5
2025-12-22T10:30:00-08:00,71,67,1.6
2025-12-22T11:00:00-08:00,69,69,1.1
2025-12-22T11:30:00-08:00,64,71,2.4
2025-12-22T12:00:00-08:00,59,72,0.6
2025-12-22T12:30:00-08:00,56,73,0.5
2025-12-22T13:00:00-08:00,52,75,0.1
2025-12-22T13:30:00-08:00,52,75,0.1
2025-12-22T14:00:00-08:00,55,73,0.4
2025-12-22T14:30:00-08:00,56,73,0.6
2025-12-22T15:00:00-08:00,56,73,0.7
2025-12-22T15:30:00-08:00,57,72,0.7
2025-12-22T16:00:00-08:00,59,72,1.3
2025-12-22T16:30:00-08:00,61,71,1.6
2025-12-22T17:00:00-08:00,62,70,1.9
2025-12-22T17:30:00-08:00,65,69,2.5
2025-12-22T18:00:00-08:00,68,69,3.9
2025-12-22T18:30:00-08:00,70,67,5.9
2025-12-22T19:00:00-08:00,70,67,6.9
2025-12-22T19:30:00-08:00,71,67,8.5
2025-12-22T20:00:00-08:00,71,67,9.4
2025-12-22T20:30:00-08:00,72,67,9.2
2025-12-22T21:00:00-08:00,71,67,9.1
2025-12-22T21:30:00-08:00,71,67,9.2
2025-12-22T22:00:00-08:00,71,67,10
2025-12-22T22:30:00-08:00,71,67,7.1
2025-12-22T23:00:00-08:00,71,67,6.5
2025-12-22T23:30:00-08:00,71,67,5.4
2025-12-23T00:00:00-08:00,72,66,6.1
2025-12-23T00:30:00-08:00,72,66,4.5
2025-12-23T01:00:00-08:00,72,66,4.6
2025-12-23T01:30:00-08:00,73,66,6.6
2025-12-23T02:00:00-08:00,74,65,8.3
2025-12-23T02:30:00-08:00,74,65,7.8
2025-12-23T03:00:00-08:00,73,64,8.4
2025-12-23T03:30:00-08:00,73,64,8.5
2025-12-23T04:00:00-08:00,73,64,8.2
2025-12-23T04:30:00-08:00,73,64,7.9
2025-12-23T05:00:00-08:00,74,63,7.2
2025-12-23T05:30:00-08:00,76,62,6.7
2025-12-23T06:00:00-08:00,75,62,6.2
2025-12-23T06:30:00-08:00,76,62,5
2025-12-23T07:00:00-08:00,76,62,4.3
2025-12-23T07:30:00-08:00,76,62,5
2025-12-23T08:00:00-08:00,75,63,5.5
2025-12-23T08:30:00-08:00,72,64,4.3
2025-12-23T09:00:00-08:00,69,64,3.7
2025-12-23T09:30:00-08:00,68,65,3.8
2025-12-23T10:00:00-08:00,64,66,3.2
2025-12-23T10:30:00-08:00,60,67,3.2
2025-12-23T11:00:00-08:00,58,68,2.9
2025-12-23T11:30:00-08:00,56,68,3
2025-12-23T12:00:00-08:00,54,69,2.7
2025-12-23T12:30:00-08:00,51,71,2.4
2025-12-23T13:00:00-08:00,49,71,2.3
2025-12-23T13:30:00-08:00,50,71,2.5
2025-12-23T14:00:00-08:00,50,71,2.5
2025-12-23T14:30:00-08:00,50,71,2.2
2025-12-23T15:00:00-08:00,50,71,2.2
2025-12-23T15:30:00-08:00,51,71,2.7
2025-12-23T16:00:00-08:00,50,70,2.4
2025-12-23T16:30:00-08:00,51,69,3.1
2025-12-23T17:00:00-08:00,54,69,6.2
2025-12-23T17:30:00-08:00,57,67,3.4
2025-12-23T18:00:00-08:00,61,67,2.6
2025-12-23T18:30:00-08:00,65,66,3.1
2025-12-23T19:00:00-08:00,67,66,2
2025-12-23T19:30:00-08:00,69,66,2
2025-12-23T20:00:00-08:00,68,67,1.8
2025-12-23T20:30:00-08:00,66,67,1.8
2025-12-23T21:00:00-08:00,64,67,0.8
2025-12-23T21:30:00-08:00,58,68,0
2025-12-23T22:00:00-08:00,57,68,0.1
2025-12-23T22:30:00-08:00,60,67,0.2
2025-12-23T23:00:00-08:00,63,67,0.2
2025-12-23T23:30:00-08:00,63,67,0.2
2025-12-24T00:00:00-08:00,61,68,0.1
2025-12-24T00:30:00-08:00,60,69,0
2025-12-24T01:00:00-08:00,64,68,0
2025-12-24T01:30:00-08:00,70,67,0
2025-12-24T02:00:00-08:00,73,66,0.1
2025-12-24T02:30:00-08:00,73,66,0
2025-12-24T03:00:00-08:00,76,66,0
2025-12-24T03:30:00-08:00,77,63,0.1
2025-12-24T04:00:00-08:00,78,61,0
2025-12-24T04:30:00-08:00,76,62,0.3
2025-12-24T05:00:00-08:00,74,62,1.2
2025-12-24T05:30:00-08:00,70,63,1
2025-12-24T06:00:00-08:00,69,64,0.6
2025-12-24T06:30:00-08:00,69,63,0.6
2025-12-24T07:00:00-08:00,69,61,0.6
2025-12-24T07:30:00-08:00,69,62,1.9
2025-12-24T08:00:00-08:00,68,63,3.4
2025-12-24T08:30:00-08:00,69,63,1.7
2025-12-24T09:00:00-08:00,67,63,2.1
2025-12-24T09:30:00-08:00,66,63,1.7
2025-12-24T10:00:00-08:00,64,65,1.9
2025-12-24T10:30:00-08:00,62,66,0.9
2025-12-24T11:00:00-08:00,59,67,0.7
2025-12-24T11:30:00-08:00,57,68,0.8
2025-12-24T12:00:00-08:00,57,69,1.3
2025-12-24T12:30:00-08:00,55,70,1
2025-12-24T13:00:00-08:00,52,71,0.6
2025-12-24T13:30:00-08:00,51,71,0.5
2025-12-24T14:00:00-08:00,51,70,0.7
2025-12-24T14:30:00-08:00,51,70,0.7
2025-12-24T15:00:00-08:00,52,70,0.9
2025-12-24T15:30:00-08:00,53,69,1.8
2025-12-24T16:00:00-08:00,54,69,1.2
2025-12-24T16:30:00-08:00,55,68,2.1
2025-12-24T17:00:00-08:00,58,67,1.9
2025-12-24T17:30:00-08:00,66,66,1.4
2025-12-24T18:00:00-08:00,69,64,2
2025-12-24T18:30:00-08:00,66,64,0.5
2025-12-24T19:00:00-08:00,65,64,0.8
2025-12-24T19:30:00-08:00,68,63,0.6
2025-12-24T20:00:00-08:00,71,63,1
2025-12-24T20:30:00-08:00,73,62,0.9
2025-12-24T21:00:00-08:00,74,62,1.3
2025-12-24T21:30:00-08:00,75,62,0.9
2025-12-24T22:00:00-08:00,75,61,0.4
2025-12-24T22:30:00-08:00,74,61,0.3
2025-12-24T23:00:00-08:00,74,61,0.2
2025-12-24T23:30:00-08:00,69,62,0.3
2025-12-25T00:00:00-08:00,64,63,0.2
2025-12-25T00:30:00-08:00,63,63,0.1
2025-12-25T01:00:00-08:00,62,63,0.2
2025-12-25T01:30:00-08:00,64,63,0.2
2025-12-25T02:00:00-08:00,70,61,0.2
2025-12-25T02:30:00-08:00,72,60,0.2
2025-12-25T03:00:00-08:00,77,59,0.4
2025-12-25T03:30:00-08:00,78,59,0.3
2025-12-25T04:00:00-08:00,76,60,0
2025-12-25T04:30:00-08:00,75,60,0.1
2025-12-25T05:00:00-08:00,74,60,0.5
2025-12-25T05:30:00-08:00,70,61,1
2025-12-25T06:00:00-08:00,69,61,0.7
2025-12-25T06:30:00-08:00,71,60,0.7
2025-12-25T07:00:00-08:00,71,60,0.9
2025-12-25T07:30:00-08:00,66,60,0.9
2025-12-25T08:00:00-08:00,66,60,0.8
2025-12-25T08:30:00-08:00,66,60,0.6
2025-12-25T09:00:00-08:00,64,62,1.7
2025-12-25T09:30:00-08:00,61,64,1.5
2025-12-25T10:00:00-08:00,60,66,1.7
2025-12-25T10:30:00-08:00,55,65,8.5
2025-12-25T11:00:00-08:00,57,65,4.6
2025-12-25T11:30:00-08:00,58,66,1.6
2025-12-25T12:00:00-08:00,54,67,4.2
2025-12-25T12:30:00-08:00,51,66,2.7
2025-12-25T13:00:00-08:00,51,67,1.3
2025-12-25T13:30:00-08:00,49,66,0.8
2025-12-25T14:00:00-08:00,54,66,0.7
2025-12-25T14:30:00-08:00,58,66,1
2025-12-25T15:00:00-08:00,56,66,1.1
2025-12-25T15:30:00-08:00,58,64,1.6
2025-12-25T16:00:00-08:00,63,63,4.2
2025-12-25T16:30:00-08:00,68,61,2.5
2025-12-25T17:00:00-08:00,74,59,1.5
2025-12-25T17:30:00-08:00,75,60,1.3
2025-12-25T18:00:00-08:00,75,60,1.3
2025-12-25T18:30:00-08:00,77,60,1.7
2025-12-25T19:00:00-08:00,75,60,0.5
2025-12-25T19:30:00-08:00,75,59,0.5
2025-12-25T20:00:00-08:00,76,59,0.5
2025-12-25T20:30:00-08:00,76,59,0.3
2025-12-25T21:00:00-08:00,73,60,0.5
2025-12-25T21:30:00-08:00,72,60,0.4
2025-12-25T22:00:00-08:00,70,60,0.2
2025-12-25T22:30:00-08:00,68,60,0.3
2025-12-25T23:00:00-08:00,71,59,0.3
2025-12-25T23:30:00-08:00,72,57,0.3
2025-12-26T00:00:00-08:00,69,59,0.4
2025-12-26T00:30:00-08:00,67,60,0.6
2025-12-26T01:00:00-08:00,71,58,0.3
2025-12-26T01:30:00-08:00,73,58,0.3
2025-12-26T02:00:00-08:00,73,58,0.3
2025-12-26T02:30:00-08:00,70,58,0.4
2025-12-26T03:00:00-08:00,71,57,0.4
2025-12-26T03:30:00-08:00,68,58,0.6
2025-12-26T04:00:00-08:00,68,57,0.4
2025-12-26T04:30:00-08:00,71,57,0.6
2025-12-26T05:00:00-08:00,70,57,0.6
2025-12-26T05:30:00-08:00,68,58,0.7
2025-12-26T06:00:00-08:00,67,58,0.8
2025-12-26T06:30:00-08:00,65,58,0.7
2025-12-26T07:00:00-08:00,64,58,0.8
2025-12-26T07:30:00-08:00,66,57,0.7
2025-12-26T08:00:00-08:00,67,58,0.7
2025-12-26T08:30:00-08:00,62,60,0.6
2025-12-26T09:00:00-08:00,59,61,0.7
2025-12-26T09:30:00-08:00,56,63,0.5
2025-12-26T10:00:00-08:00,54,65,0.4
2025-12-26T10:30:00-08:00,53,65,0.6
2025-12-26T11:00:00-08:00,52,66,0.5
2025-12-26T11:30:00-08:00,50,66,0.3
2025-12-26T12:00:00-08:00,47,67,0.3
2025-12-26T12:30:00-08:00,45,66,0.3
2025-12-26T13:00:00-08:00,47,65,0.3
2025-12-26T13:30:00-08:00,50,64,0.3
2025-12-26T14:00:00-08:00,53,63,4.6
2025-12-26T14:30:00-08:00,57,63,3
2025-12-26T15:00:00-08:00,56,64,0.4
2025-12-26T15:30:00-08:00,57,63,0.6
2025-12-26T16:00:00-08:00,57,63,0.4
2025-12-26T16:30:00-08:00,61,62,0.5
2025-12-26T17:00:00-08:00,66,61,0.4
2025-12-26T17:30:00-08:00,69,60,0.8
2025-12-26T18:00:00-08:00,68,61,2.9
2025-12-26T18:30:00-08:00,68,60,2.5
2025-12-26T19:00:00-08:00,70,59,14.1
2025-12-26T19:30:00-08:00,71,58,5.3
2025-12-26T20:00:00-08:00,71,57,12.6
2025-12-26T20:30:00-08:00,71,57,12.3
2025-12-26T21:00:00-08:00,72,56,16.4
2025-12-26T21:30:00-08:00,72,56,9.9
2025-12-26T22:00:00-08:00,72,55,9.8
2025-12-26T22:30:00-08:00,73,55,6
2025-12-26T23:00:00-08:00,73,54,8
2025-12-26T23:30:00-08:00,73,54,9.2
2025-12-27T00:00:00-08:00,73,53,8.6
2025-12-27T00:30:00-08:00,75,55,7
2025-12-27T01:00:00-08:00,74,55,4.8
2025-12-27T01:30:00-08:00,74,56,1.9
2025-12-27T02:00:00-08:00,74,56,1.1
2025-12-27T02:30:00-08:00,74,57,1.3
2025-12-27T03:00:00-08:00,74,57,1
2025-12-27T03:30:00-08:00,73,56,1.1
2025-12-27T04:00:00-08:00,73,57,1.5
2025-12-27T04:30:00-08:00,72,56,1.8
2025-12-27T05:00:00-08:00,72,56,0.9
2025-12-27T05:30:00-08:00,72,55,0.8
2025-12-27T06:00:00-08:00,71,54,0.9
2025-12-27T06:30:00-08:00,71,53,1.4
2025-12-27T07:00:00-08:00,72,52,2.2
2025-12-27T07:30:00-08:00,72,52,2.6
2025-12-27T08:00:00-08:00,74,54,2.5
2025-12-27T08:30:00-08:00,75,56,1.4
2025-12-27T09:00:00-08:00,71,58,1
2025-12-27T09:30:00-08:00,65,60,0.5
2025-12-27T10:00:00-08:00,61,60,0.3
2025-12-27T10:30:00-08:00,58,62,0.3
2025-12-27T11:00:00-08:00,55,63,0.4
2025-12-27T11:30:00-08:00,55,63,0.2
2025-12-27T12:00:00-08:00,55,63,0.2
2025-12-27T12:30:00-08:00,55,62,0.3
2025-12-27T13:00:00-08:00,54,63,0.3
2025-12-27T13:30:00-08:00,56,63,0.4
2025-12-27T14:00:00-08:00,56,63,0.6
2025-12-27T14:30:00-08:00,53,65,0.6
2025-12-27T15:00:00-08:00,49,67,0.5
2025-12-27T15:30:00-08:00,47,67,0.5
2025-12-27T16:00:00-08:00,51,63,1.1
2025-12-27T16:30:00-08:00,57,61,1.3
2025-12-27T17:00:00-08:00,59,59,0.7
2025-12-27T17:30:00-08:00,62,57,0.9
2025-12-27T18:00:00-08:00,63,57,1.2
2025-12-27T18:30:00-08:00,63,56,2.3
2025-12-27T19:00:00-08:00,64,55,2.9
2025-12-27T19:30:00-08:00,65,54,5.6
2025-12-27T20:00:00-08:00,66,53,14.1
2025-12-27T20:30:00-08:00,67,52,10.7
2025-12-27T21:00:00-08:00,68,52,13.6
2025-12-27T21:30:00-08:00,69,51,15.7
2025-12-27T22:00:00-08:00,69,51,19.1
2025-12-27T22:30:00-08:00,69,50,16.8
2025-12-27T23:00:00-08:00,69,49,18.3
2025-12-27T23:30:00-08:00,70,49,18.7
2025-12-28T00:00:00-08:00,70,48,15
2025-12-28T00:30:00-08:00,71,48,17.1
2025-12-28T01:00:00-08:00,70,48,14.7
2025-12-28T01:30:00-08:00,70,47,14.1
2025-12-28T02:00:00-08:00,70,47,13.1
2025-12-28T02:30:00-08:00,70,47,12.5
2025-12-28T03:00:00-08:00,70,47,5.1
2025-12-28T03:30:00-08:00,67,49,1.6
2025-12-28T04:00:00-08:00,68,48,5.2
2025-12-28T04:30:00-08:00,69,48,9.9
2025-12-28T05:00:00-08:00,70,48,8.9
2025-12-28T05:30:00-08:00,70,47,5.1
2025-12-28T06:00:00-08:00,70,47,9.9
2025-12-28T06:30:00-08:00,70,46,5.5
2025-12-28T07:00:00-08:00,69,46,2.5
2025-12-28T07:30:00-08:00,69,45,2.8
2025-12-28T08:00:00-08:00,70,47,2.7
2025-12-28T08:30:00-08:00,69,50,3.2
2025-12-28T09:00:00-08:00,63,53,2.9
2025-12-28T09:30:00-08:00,60,56,2.6
2025-12-28T10:00:00-08:00,59,58,3.2
2025-12-28T10:30:00-08:00,52,60,2.1
2025-12-28T11:00:00-08:00,46,62,1.1
2025-12-28T11:30:00-08:00,41,64,0.5
2025-12-28T12:00:00-08:00,39,64,0.5
2025-12-28T12:30:00-08:00,36,66,0.3
2025-12-28T13:00:00-08:00,38,66,0.6
2025-12-28T13:30:00-08:00,40,65,1.5
2025-12-28T14:00:00-08:00,40,65,4.1
2025-12-28T14:30:00-08:00,39,66,2.4
2025-12-28T15:00:00-08:00,37,68,1.3
2025-12-28T15:30:00-08:00,38,67,1.8
2025-12-28T16:00:00-08:00,41,64,2.1
2025-12-28T16:30:00-08:00,44,62,2.6
2025-12-28T17:00:00-08:00,46,61,2.6
2025-12-28T17:30:00-08:00,45,59,0.9
2025-12-28T18:00:00-08:00,46,57,1.2
2025-12-28T18:30:00-08:00,48,57,1.6
2025-12-28T19:00:00-08:00,50,56,2.8
2025-12-28T19:30:00-08:00,52,54,4.2
2025-12-28T20:00:00-08:00,55,53,3.2
2025-12-28T20:30:00-08:00,57,53,3.9
2025-12-28T21:00:00-08:00,59,52,8.3
2025-12-28T21:30:00-08:00,60,51,11.2
2025-12-28T22:00:00-08:00,62,51,12.8
2025-12-28T22:30:00-08:00,63,51,6.5
2025-12-28T23:00:00-08:00,62,52,6.6
2025-12-28T23:30:00-08:00,62,52,5.8
2025-12-29T00:00:00-08:00,61,51,4.1
2025-12-29T00:30:00-08:00,62,51,4.5
2025-12-29T01:00:00-08:00,63,50,6.4
2025-12-29T01:30:00-08:00,64,49,7.8
2025-12-29T02:00:00-08:00,65,48,8.8
2025-12-29T02:30:00-08:00,67,47,13.7
2025-12-29T03:00:00-08:00,67,47,17.7
2025-12-29T03:30:00-08:00,67,47,11.6
2025-12-29T04:00:00-08:00,67,46,11.4
2025-12-29T04:30:00-08:00,66,46,10.8
2025-12-29T05:00:00-08:00,67,45,10.5
2025-12-29T05:30:00-08:00,68,45,10.2
2025-12-29T06:00:00-08:00,68,45,10.6
2025-12-29T06:30:00-08:00,69,44,12.2
2025-12-29T07:00:00-08:00,69,44,12.9
2025-12-29T07:30:00-08:00,68,45,12.3
2025-12-29T08:00:00-08:00,69,46,12.9
2025-12-29T08:30:00-08:00,68,50,12.7
2025-12-29T09:00:00-08:00,64,53,11.4
2025-12-29T09:30:00-08:00,60,56,9.6
2025-12-29T10:00:00-08:00,55,59,8.1
2025-12-29T10:30:00-08:00,49,61,5.3
2025-12-29T11:00:00-08:00,43,64,2.1
2025-12-29T11:30:00-08:00,39,66,1.3
2025-12-29T12:00:00-08:00,35,67,0.7
2025-12-29T12:30:00-08:00,33,69,0.3
2025-12-29T13:00:00-08:00,31,70,0.2
2025-12-29T13:30:00-08:00,34,70,0.9
2025-12-29T14:00:00-08:00,33,70,0.8
2025-12-29T14:30:00-08:00,30,73,0.6
2025-12-29T15:00:00-08:00,30,73,0.8
2025-12-29T15:30:00-08:00,30,72,0.8
2025-12-29T16:00:00-08:00,30,68,0.3
2025-12-29T16:30:00-08:00,33,65,0.5
2025-12-29T17:00:00-08:00,34,63,1.2
2025-12-29T17:30:00-08:00,33,61,0.9
2025-12-29T18:00:00-08:00,31,61,0.3
2025-12-29T18:30:00-08:00,37,59,0.8
2025-12-29T19:00:00-08:00,43,57,29.6
2025-12-29T19:30:00-08:00,47,55,23.3
2025-12-29T20:00:00-08:00,50,54,10.1
2025-12-29T20:30:00-08:00,52,53,9.3
2025-12-29T21:00:00-08:00,55,52,9.9
2025-12-29T21:30:00-08:00,56,51,10.3
2025-12-29T22:00:00-08:00,58,50,10.6
2025-12-29T22:30:00-08:00,59,49,15.5
2025-12-29T23:00:00-08:00,60,48,15.4
2025-12-29T23:30:00-08:00,60,48,11.5
2025-12-30T00:00:00-08:00,60,48,10.5
2025-12-30T00:30:00-08:00,61,47,12.4
2025-12-30T01:00:00-08:00,62,47,7.6
2025-12-30T01:30:00-08:00,62,46,6.5
2025-12-30T02:00:00-08:00,62,46,11
2025-12-30T02:30:00-08:00,62,45,10.7
2025-12-30T03:00:00-08:00,62,45,8.2
2025-12-30T03:30:00-08:00,63,45,7.1
2025-12-30T04:00:00-08:00,63,44,3.8
2025-12-30T04:30:00-08:00,63,44,3.2
2025-12-30T05:00:00-08:00,64,44,5.1
2025-12-30T05:30:00-08:00,63,45,6.4
2025-12-30T06:00:00-08:00,64,44,6.3
2025-12-30T06:30:00-08:00,64,44,6.3
2025-12-30T07:00:00-08:00,65,44,6.9
2025-12-30T07:30:00-08:00,65,44,6.8
2025-12-30T08:00:00-08:00,65,45,7.7
2025-12-30T08:30:00-08:00,64,47,9
2025-12-30T09:00:00-08:00,62,50,7.6
2025-12-30T09:30:00-08:00,59,52,6.8
2025-12-30T10:00:00-08:00,57,54,7.6
2025-12-30T10:30:00-08:00,55,55,10.5
2025-12-30T11:00:00-08:00,52,57,10.1
2025-12-30T11:30:00-08:00,50,58,12.4
2025-12-30T12:00:00-08:00,48,59,13.6
2025-12-30T12:30:00-08:00,48,59,11.8
2025-12-30T13:00:00-08:00,52,58,11.2
2025-12-30T13:30:00-08:00,54,58,12.8
2025-12-30T14:00:00-08:00,52,59,11.2
2025-12-30T14:30:00-08:00,50,59,11.9
2025-12-30T15:00:00-08:00,49,60,12.2
2025-12-30T15:30:00-08:00,49,60,12.1
2025-12-30T16:00:00-08:00,49,59,10.7
2025-12-30T16:30:00-08:00,51,59,12.4
2025-12-30T17:00:00-08:00,52,58,15.9
2025-12-30T17:30:00-08:00,55,57,18.3
2025-12-30T18:00:00-08:00,59,56,22.3
2025-12-30T18:30:00-08:00,60,55,24.5
2025-12-30T19:00:00-08:00,61,54,25.8
2025-12-30T19:30:00-08:00,62,54,25.1
2025-12-30T20:00:00-08:00,62,54,26.3
2025-12-30T20:30:00-08:00,62,53,28
2025-12-30T21:00:00-08:00,63,53,42
2025-12-30T21:30:00-08:00,63,53,31.4
2025-12-30T22:00:00-08:00,63,52,37.6
2025-12-30T22:30:00-08:00,64,52,41.6
2025-12-30T23:00:00-08:00,65,52,36
2025-12-30T23:30:00-08:00,65,52,33.6
2025-12-31T00:00:00-08:00,66,52,34.6
2025-12-31T00:30:00-08:00,67,52,30.2
2025-12-31T01:00:00-08:00,67,53,25.4
2025-12-31T01:30:00-08:00,67,53,29.7
2025-12-31T02:00:00-08:00,67,54,32.3
2025-12-31T02:30:00-08:00,67,54,25.8
2025-12-31T03:00:00-08:00,66,55,25.2
2025-12-31T03:30:00-08:00,66,55,26
2025-12-31T04:00:00-08:00,66,56,25.4
2025-12-31T04:30:00-08:00,66,56,26
2025-12-31T05:00:00-08:00,66,56,28.3
2025-12-31T05:30:00-08:00,66,56,27.6
2025-12-31T06:00:00-08:00,67,56,26.8
2025-12-31T06:30:00-08:00,68,56,26.7
2025-12-31T07:00:00-08:00,68,56,26.7
2025-12-31T07:30:00-08:00,67,57,26.1
2025-12-31T08:00:00-08:00,65,57,26.3
2025-12-31T08:30:00-08:00,66,57,27.2
2025-12-31T09:00:00-08:00,65,58,25.6
2025-12-31T09:30:00-08:00,65,58,26.9
2025-12-31T10:00:00-08:00,64,58,25.8
2025-12-31T10:30:00-08:00,65,58,27.9
2025-12-31T11:00:00-08:00,65,59,27.4
2025-12-31T11:30:00-08:00,63,60,23.8
2025-12-31T12:00:00-08:00,64,60,26.4
2025-12-31T12:30:00-08:00,65,60,29.8
2025-12-31T13:00:00-08:00,67,60,29.8
2025-12-31T13:30:00-08:00,66,61,27.1
2025-12-31T14:00:00-08:00,67,61,26
2025-12-31T14:30:00-08:00,67,60,18.1
2025-12-31T15:00:00-08:00,69,60,21.6
2025-12-31T15:30:00-08:00,69,59,22.4
2025-12-31T16:00:00-08:00,70,59,22.9
2025-12-31T16:30:00-08:00,71,60,26.9
2025-12-31T17:00:00-08:00,72,59,30.5
2025-12-31T17:30:00-08:00,73,59,33.9
2025-12-31T18:00:00-08:00,74,58,31.2
2025-12-31T18:30:00-08:00,74,58,29.3
2025-12-31T19:00:00-08:00,74,58,30.6
2025-12-31T19:30:00-08:00,75,58,31.6
2025-12-31T20:00:00-08:00,74,59,31.3
2025-12-31T20:30:00-08:00,74,59,32.7
2025-12-31T21:00:00-08:00,75,59,32.7
2025-12-31T21:30:00-08:00,74,59,35.1
2025-12-31T22:00:00-08:00,74,59,35
2025-12-31T22:30:00-08:00,75,59,36.9
2025-12-31T23:00:00-08:00,75,59,35
2025-12-31T23:30:00-08:00,74,59,34.2
2026-01-01T00:00:00-08:00,75,58,15.6
2026-01-01T00:30:00-08:00,76,58,5
2026-01-01T01:00:00-08:00,76,58,4.3
2026-01-01T01:30:00-08:00,76,58,1.7
2026-01-01T02:00:00-08:00,76,58,2.4
2026-01-01T02:30:00-08:00,76,59,13
2026-01-01T03:00:00-08:00,75,59,11
2026-01-01T03:30:00-08:00,76,59,12.5
2026-01-01T04:00:00-08:00,75,59,6.2
2026-01-01T04:30:00-08:00,75,59,7.3
2026-01-01T05:00:00-08:00,78,59,19.6
2026-01-01T05:30:00-08:00,79,58,16.3
2026-01-01T06:00:00-08:00,78,59,12.8
2026-01-01T06:30:00-08:00,79,58,14.4
2026-01-01T07:00:00-08:00,77,59,12.6
2026-01-01T07:30:00-08:00,77,59,10
2026-01-01T08:00:00-08:00,77,60,11.9
2026-01-01T08:30:00-08:00,78,59,10
2026-01-01T09:00:00-08:00,80,59,10.6
2026-01-01T09:30:00-08:00,80,60,5.9
2026-01-01T10:00:00-08:00,78,62,3.4
2026-01-01T10:30:00-08:00,78,62,4.7
2026-01-01T11:00:00-08:00,79,63,6.9
2026-01-01T11:30:00-08:00,77,65,6.3
2026-01-01T12:00:00-08:00,75,67,6.3
2026-01-01T12:30:00-08:00,69,70,2.2
2026-01-01T13:00:00-08:00,61,71,0
2026-01-01T13:30:00-08:00,66,69,0.1
2026-01-01T14:00:00-08:00,67,68,0.3
2026-01-01T14:30:00-08:00,67,67,0.9
2026-01-01T15:00:00-08:00,65,67,1
2026-01-01T15:30:00-08:00,64,67,1
2026-01-01T16:00:00-08:00,63,67,1.3
2026-01-01T16:30:00-08:00,64,66,0.7
2026-01-01T17:00:00-08:00,65,65,0.6
2026-01-01T17:30:00-08:00,65,65,0.6
2026-01-01T18:00:00-08:00,67,65,1.6
2026-01-01T18:30:00-08:00,68,64,2
2026-01-01T19:00:00-08:00,69,64,1.3
2026-01-01T19:30:00-08:00,69,64,1.2
2026-01-01T20:00:00-08:00,70,64,1
2026-01-01T20:30:00-08:00,70,64,0.6
2026-01-01T21:00:00-08:00,70,63,0.4
2026-01-01T21:30:00-08:00,70,63,0.4
2026-01-01T22:00:00-08:00,70,63,0.4
2026-01-01T22:30:00-08:00,70,63,0.2
2026-01-01T23:00:00-08:00,70,63,0
2026-01-01T23:30:00-08:00,70,63,0
2026-01-02T00:00:00-08:00,70,63,0.1
2026-01-02T00:30:00-08:00,69,63,0.2
2026-01-02T01:00:00-08:00,68,64,0.2
2026-01-02T01:30:00-08:00,67,64,0.3
2026-01-02T02:00:00-08:00,65,63,0.4
2026-01-02T02:30:00-08:00,63,64,0.3
2026-01-02T03:00:00-08:00,63,64,0.4
2026-01-02T03:30:00-08:00,63,64,0.5
2026-01-02T04:00:00-08:00,64,63,0.7
2026-01-02T04:30:00-08:00,64,63,0.9
2026-01-02T05:00:00-08:00,65,62,0.9
2026-01-02T05:30:00-08:00,66,61,0.8
2026-01-02T06:00:00-08:00,66,61,1
2026-01-02T06:30:00-08:00,67,60,1.2
2026-01-02T07:00:00-08:00,68,59,1.5
2026-01-02T07:30:00-08:00,68,59,1.5
2026-01-02T08:00:00-08:00,68,60,1.1
2026-01-02T08:30:00-08:00,66,61,0.9
2026-01-02T09:00:00-08:00,62,62,0.6
2026-01-02T09:30:00-08:00,57,64,0.5
2026-01-02T10:00:00-08:00,55,65,0.5
2026-01-02T10:30:00-08:00,54,66,0.4
2026-01-02T11:00:00-08:00,52,67,0.4
2026-01-02T11:30:00-08:00,52,67,0.5
2026-01-02T12:00:00-08:00,52,68,0.5
2026-01-02T12:30:00-08:00,50,68,0.3
2026-01-02T13:00:00-08:00,48,69,0.2
2026-01-02T13:30:00-08:00,47,69,0.2
2026-01-02T14:00:00-08:00,47,69,0.2
2026-01-02T14:30:00-08:00,47,68,0.1
2026-01-02T15:00:00-08:00,48,69,0.1
2026-01-02T15:30:00-08:00,48,69,0
2026-01-02T16:00:00-08:00,50,68,0
2026-01-02T16:30:00-08:00,51,68,0
2026-01-02T17:00:00-08:00,51,68,0.1
2026-01-02T17:30:00-08:00,54,67,0.1
2026-01-02T18:00:00-08:00,59,66,0.1
2026-01-02T18:30:00-08:00,61,65,0.1
2026-01-02T19:00:00-08:00,64,65,0.1
2026-01-02T19:30:00-08:00,67,64,0.2
2026-01-02T20:00:00-08:00,69,64,0.2
2026-01-02T20:30:00-08:00,71,64,0
2026-01-02T21:00:00-08:00,73,64,0.2
2026-01-02T21:30:00-08:00,75,64,9.3
2026-01-02T22:00:00-08:00,77,63,0
2026-01-02T22:30:00-08:00,78,63,0.1
2026-01-02T23:00:00-08:00,77,63,0.1
2026-01-02T23:30:00-08:00,76,63,0.1
2026-01-03T00:00:00-08:00,73,63,0
2026-01-03T00:30:00-08:00,70,63,0
2026-01-03T01:00:00-08:00,69,63,0.1
2026-01-03T01:30:00-08:00,68,63,0.2
2026-01-03T02:00:00-08:00,68,63,0.3
2026-01-03T02:30:00-08:00,70,62,0.3
2026-01-03T03:00:00-08:00,70,62,0.3
2026-01-03T03:30:00-08:00,70,63,0.4
2026-01-03T04:00:00-08:00,71,62,0.4
2026-01-03T04:30:00-08:00,70,63,0.4
2026-01-03T05:00:00-08:00,68,63,0.5
2026-01-03T05:30:00-08:00,68,63,0.6
2026-01-03T06:00:00-08:00,68,64,0.6
2026-01-03T06:30:00-08:00,70,64,0.5
2026-01-03T07:00:00-08:00,70,64,0.5
2026-01-03T07:30:00-08:00,69,64,0.4
2026-01-03T08:00:00-08:00,68,64,0.5
2026-01-03T08:30:00-08:00,69,64,0.3
2026-01-03T09:00:00-08:00,70,64,0.3
2026-01-03T09:30:00-08:00,70,65,0.3
2026-01-03T10:00:00-08:00,69,65,0.4
2026-01-03T10:30:00-08:00,66,66,0.3
2026-01-03T11:00:00-08:00,65,67,0.2
2026-01-03T11:30:00-08:00,65,67,0.6
2026-01-03T12:00:00-08:00,65,68,0.6
2026-01-03T12:30:00-08:00,57,69,0.1
2026-01-03T13:00:00-08:00,61,69,0.2
2026-01-03T13:30:00-08:00,58,69,0.8
2026-01-03T14:00:00-08:00,51,69,1.5
2026-01-03T14:30:00-08:00,49,70,1
2026-01-03T15:00:00-08:00,49,69,0.7
2026-01-03T15:30:00-08:00,53,67,0.5
2026-01-03T16:00:00-08:00,54,66,0.2
2026-01-03T16:30:00-08:00,57,64,0.3
2026-01-03T17:00:00-08:00,60,64,1.3
2026-01-03T17:30:00-08:00,64,63,16.7
2026-01-03T18:00:00-08:00,65,63,1.9
2026-01-03T18:30:00-08:00,65,63,1.3
2026-01-03T19:00:00-08:00,63,63,1.3
2026-01-03T19:30:00-08:00,63,63,1.3
2026-01-03T20:00:00-08:00,64,63,1.6
2026-01-03T20:30:00-08:00,65,62,1.4
2026-01-03T21:00:00-08:00,67,62,1.3
2026-01-03T21:30:00-08:00,68,62,1.7
2026-01-03T22:00:00-08:00,68,62,1.6
2026-01-03T22:30:00-08:00,68,62,1.4
2026-01-03T23:00:00-08:00,68,62,1.1
2026-01-03T23:30:00-08:00,67,62,0.9
2026-01-04T00:00:00-08:00,67,62,0.7
2026-01-04T00:30:00-08:00,67,62,0.7
2026-01-04T01:00:00-08:00,67,62,0.4
2026-01-04T01:30:00-08:00,68,62,0.3
2026-01-04T02:00:00-08:00,70,61,0.4
2026-01-04T02:30:00-08:00,72,61,0.3
2026-01-04T03:00:00-08:00,77,60,0.3
2026-01-04T03:30:00-08:00,76,60,0.2
2026-01-04T04:00:00-08:00,78,60,0.1
2026-01-04T04:30:00-08:00,77,60,0
2026-01-04T05:00:00-08:00,76,60,0.1
2026-01-04T05:30:00-08:00,77,60,0.1
2026-01-04T06:00:00-08:00,77,60,0.1
2026-01-04T06:30:00-08:00,77,60,0
2026-01-04T07:00:00-08:00,78,60,0.1
2026-01-04T07:30:00-08:00,78,60,0
2026-01-04T08:00:00-08:00,77,60,0.2
2026-01-04T08:30:00-08:00,78,59,0
2026-01-04T09:00:00-08:00,77,60,0
2026-01-04T09:30:00-08:00,79,59,0.2
2026-01-04T10:00:00-08:00,78,60,0.9
2026-01-04T10:30:00-08:00,79,60,2.1
2026-01-04T11:00:00-08:00,79,60,0.5
2026-01-04T11:30:00-08:00,77,61,0.3
2026-01-04T12:00:00-08:00,77,60,0.5
2026-01-04T12:30:00-08:00,78,60,1
2026-01-04T13:00:00-08:00,77,61,0.8
2026-01-04T13:30:00-08:00,76,61,1.1
2026-01-04T14:00:00-08:00,76,61,0.7
2026-01-04T14:30:00-08:00,75,64,0.7
2026-01-04T15:00:00-08:00,71,64,0.9
2026-01-04T15:30:00-08:00,71,64,0.5
2026-01-04T16:00:00-08:00,70,62,0.3
2026-01-04T16:30:00-08:00,72,62,2.1
2026-01-04T17:00:00-08:00,72,61,3.1
2026-01-04T17:30:00-08:00,72,61,13
2026-01-04T18:00:00-08:00,72,61,1.5
2026-01-04T18:30:00-08:00,72,61,2.9
2026-01-04T19:00:00-08:00,72,60,5.1
2026-01-04T19:30:00-08:00,73,59,4.3
2026-01-04T20:00:00-08:00,73,59,3
2026-01-04T20:30:00-08:00,74,59,4.8
2026-01-04T21:00:00-08:00,75,59,7.6
2026-01-04T21:30:00-08:00,75,59,8.3
2026-01-04T22:00:00-08:00,75,57,8.1
2026-01-04T22:30:00-08:00,76,57,5.6
2026-01-04T23:00:00-08:00,75,57,5.6
2026-01-04T23:30:00-08:00,74,56,6.5
2026-01-05T00:00:00-08:00,75,56,4.3
2026-01-05T00:30:00-08:00,74,56,0.6
2026-01-05T01:00:00-08:00,74,57,0.6
2026-01-05T01:30:00-08:00,73,57,0.3
2026-01-05T02:00:00-08:00,73,57,0.2
2026-01-05T02:30:00-08:00,72,57,0.2
2026-01-05T03:00:00-08:00,73,57,0.1
2026-01-05T03:30:00-08:00,72,57,0
2026-01-05T04:00:00-08:00,71,57,0
2026-01-05T04:30:00-08:00,71,58,0
2026-01-05T05:00:00-08:00,70,58,0.1
2026-01-05T05:30:00-08:00,70,58,0.1
2026-01-05T06:00:00-08:00,69,58,0.3
2026-01-05T06:30:00-08:00,68,58,14.1
2026-01-05T07:00:00-08:00,68,58,0.1
2026-01-05T07:30:00-08:00,67,58,0
2026-01-05T08:00:00-08:00,66,58,0.1
2026-01-05T08:30:00-08:00,66,59,0.1
2026-01-05T09:00:00-08:00,64,61,0
2026-01-05T09:30:00-08:00,63,61,0
2026-01-05T10:00:00-08:00,62,62,0
2026-01-05T10:30:00-08:00,58,64,0
2026-01-05T11:00:00-08:00,56,66,0.1
2026-01-05T11:30:00-08:00,54,66,0
2026-01-05T12:00:00-08:00,54,66,0
2026-01-05T12:30:00-08:00,55,65,0
2026-01-05T13:00:00-08:00,57,64,0
2026-01-05T13:30:00-08:00,59,64,0
2026-01-05T14:00:00-08:00,60,64,0
2026-01-05T14:30:00-08:00,61,64,0.1
2026-01-05T15:00:00-08:00,65,63,0.2
2026-01-05T15:30:00-08:00,67,63,0.2
2026-01-05T16:00:00-08:00,71,62,0.2
2026-01-05T16:30:00-08:00,72,61,0.3
2026-01-05T17:00:00-08:00,74,61,0.6
2026-01-05T17:30:00-08:00,75,61,1
2026-01-05T18:00:00-08:00,75,61,1.7
2026-01-05T18:30:00-08:00,77,59,1.3
2026-01-05T19:00:00-08:00,77,60,0.9
2026-01-05T19:30:00-08:00,75,59,0.6
2026-01-05T20:00:00-08:00,73,60,0.4
2026-01-05T20:30:00-08:00,72,60,0.7
2026-01-05T21:00:00-08:00,72,60,1.5
2026-01-05T21:30:00-08:00,71,60,0.7
2026-01-05T22:00:00-08:00,70,60,0.2
2026-01-05T22:30:00-08:00,70,60,0.2
2026-01-05T23:00:00-08:00,70,60,0.2
2026-01-05T23:30:00-08:00,70,60,0.3
2026-01-06T00:00:00-08:00,70,60,0.4
2026-01-06T00:30:00-08:00,71,60,0.6
2026-01-06T01:00:00-08:00,71,60,0.5
2026-01-06T01:30:00-08:00,70,60,0.3
2026-01-06T02:00:00-08:00,70,59,0.3
2026-01-06T02:30:00-08:00,71,59,0.4
2026-01-06T03:00:00-08:00,72,59,0.2
2026-01-06T03:30:00-08:00,72,60,0.2
2026-01-06T04:00:00-08:00,72,59,0.1
2026-01-06T04:30:00-08:00,72,59,0.2
2026-01-06T05:00:00-08:00,72,59,0.3
2026-01-06T05:30:00-08:00,73,58,0.6
2026-01-06T06:00:00-08:00,73,58,0.8
2026-01-06T06:30:00-08:00,74,57,0.8
2026-01-06T07:00:00-08:00,74,58,0.9
2026-01-06T07:30:00-08:00,74,58,1.2
2026-01-06T08:00:00-08:00,73,57,10.4
2026-01-06T08:30:00-08:00,73,59,3.9
2026-01-06T09:00:00-08:00,72,59,4.9
2026-01-06T09:30:00-08:00,70,61,3.1
2026-01-06T10:00:00-08:00,64,64,2
2026-01-06T10:30:00-08:00,59,66,0.9
2026-01-06T11:00:00-08:00,53,68,0.9
2026-01-06T11:30:00-08:00,51,69,0.3
2026-01-06T12:00:00-08:00,51,69,0.3
2026-01-06T12:30:00-08:00,51,70,0.4
2026-01-06T13:00:00-08:00,51,69,0.9
2026-01-06T13:30:00-08:00,52,70,2.4
2026-01-06T14:00:00-08:00,52,69,3.4
2026-01-06T14:30:00-08:00,52,70,3.2
2026-01-06T15:00:00-08:00,50,71,2.9
2026-01-06T15:30:00-08:00,52,70,6.6
2026-01-06T16:00:00-08:00,57,67,6.2
2026-01-06T16:30:00-08:00,59,66,5.7
2026-01-06T17:00:00-08:00,60,65,5.4
2026-01-06T17:30:00-08:00,62,64,3.4
2026-01-06T18:00:00-08:00,64,62,2.7
2026-01-06T18:30:00-08:00,64,62,2.2
2026-01-06T19:00:00-08:00,65,61,3.4
2026-01-06T19:30:00-08:00,67,60,6.4
2026-01-06T20:00:00-08:00,68,59,6.7
2026-01-06T20:30:00-08:00,68,59,4.9
2026-01-06T21:00:00-08:00,68,58,5.4
2026-01-06T21:30:00-08:00,70,57,6.2
2026-01-06T22:00:00-08:00,70,56,6.4
2026-01-06T22:30:00-08:00,70,56,6.8
2026-01-06T23:00:00-08:00,70,55,7.8
2026-01-06T23:30:00-08:00,70,55,7.1
2026-01-07T00:00:00-08:00,71,54,8.9
2026-01-07T00:30:00-08:00,72,54,9.3
2026-01-07T01:00:00-08:00,71,54,8.1
2026-01-07T01:30:00-08:00,72,54,7.6
2026-01-07T02:00:00-08:00,74,54,7.1
2026-01-07T02:30:00-08:00,75,56,6.1
2026-01-07T03:00:00-08:00,73,56,6.2
2026-01-07T03:30:00-08:00,74,56,9
2026-01-07T04:00:00-08:00,75,55,11.8
2026-01-07T04:30:00-08:00,74,55,11.9
2026-01-07T05:00:00-08:00,75,55,12.7
2026-01-07T05:30:00-08:00,76,56,12.8
2026-01-07T06:00:00-08:00,77,57,13.9
2026-01-07T06:30:00-08:00,76,57,13.8
2026-01-07T07:00:00-08:00,76,56,15.9
2026-01-07T07:30:00-08:00,74,55,14.2
2026-01-07T08:00:00-08:00,74,55,16.6
2026-01-07T08:30:00-08:00,76,57,21.5
2026-01-07T09:00:00-08:00,76,59,19.6
2026-01-07T09:30:00-08:00,75,60,12.4
2026-01-07T10:00:00-08:00,68,61,1.3
2026-01-07T10:30:00-08:00,63,61,0.4
2026-01-07T11:00:00-08:00,60,63,0.4
2026-01-07T11:30:00-08:00,57,63,0.4
2026-01-07T12:00:00-08:00,58,63,0.4
2026-01-07T12:30:00-08:00,58,63,0.5
2026-01-07T13:00:00-08:00,58,64,0.3
2026-01-07T13:30:00-08:00,59,63,0.2
2026-01-07T14:00:00-08:00,60,63,0.2
2026-01-07T14:30:00-08:00,60,63,0.2
2026-01-07T15:00:00-08:00,58,65,0.1
2026-01-07T15:30:00-08:00,60,64,0.1
2026-01-07T16:00:00-08:00,67,61,0.1
2026-01-07T16:30:00-08:00,68,61,0.1
2026-01-07T17:00:00-08:00,63,60,0.6
2026-01-07T17:30:00-08:00,61,59,1
2026-01-07T18:00:00-08:00,61,59,1.3
2026-01-07T18:30:00-08:00,62,58,1.5
2026-01-07T19:00:00-08:00,61,58,1.6
2026-01-07T19:30:00-08:00,61,58,1.8
2026-01-07T20:00:00-08:00,62,58,1.8
2026-01-07T20:30:00-08:00,64,58,2.6
2026-01-07T21:00:00-08:00,64,57,3.4
2026-01-07T21:30:00-08:00,63,57,3.5
2026-01-07T22:00:00-08:00,61,58,3.6
2026-01-07T22:30:00-08:00,62,58,3.7
2026-01-07T23:00:00-08:00,67,58,3.7
2026-01-07T23:30:00-08:00,69,58,3.7
