time_stamp,humidity,temperature,pm2.5_atm
2025-01-01T00:00:00-08:00,32,67,17.9
2025-01-01T00:30:00-08:00,33,65,26.8
2025-01-01T01:00:00-08:00,34,64,32.5
2025-01-01T01:30:00-08:00,34,63,32.9
2025-01-01T02:00:00-08:00,36,62,32.5
2025-01-01T02:30:00-08:00,35,62,21.7
2025-01-01T03:00:00-08:00,34,62,19.5
2025-01-01T03:30:00-08:00,34,62,11.6
2025-01-01T04:00:00-08:00,35,60,7.3
2025-01-01T04:30:00-08:00,38,57,4.8
2025-01-01T05:00:00-08:00,38,57,4.6
2025-01-01T05:30:00-08:00,38,57,4.2
2025-01-01T06:00:00-08:00,39,56,2.5
2025-01-01T06:30:00-08:00,38,57,3.5
2025-01-01T07:00:00-08:00,40,57,5.7
2025-01-01T07:30:00-08:00,39,60,11.5
2025-01-01T08:00:00-08:00,35,64,16.6
2025-01-01T08:30:00-08:00,24,78,18.9
2025-01-01T09:00:00-08:00,17,88,13.9
2025-01-01T09:30:00-08:00,14,97,10.3
2025-01-01T10:00:00-08:00,14,99,11.8
2025-01-01T10:30:00-08:00,14,98,16.6
2025-01-01T11:00:00-08:00,15,98,15
2025-01-01T11:30:00-08:00,15,96,12.2
2025-01-01T12:00:00-08:00,17,91,12.6
2025-01-01T12:30:00-08:00,18,90,11.4
2025-01-01T13:00:00-08:00,20,87,10.5
2025-01-01T13:30:00-08:00,21,86,13.2
2025-01-01T14:00:00-08:00,20,86,11.4
2025-01-01T14:30:00-08:00,21,84,11.3
2025-01-01T15:00:00-08:00,22,83,10.2
2025-01-01T15:30:00-08:00,23,82,12
2025-01-01T16:00:00-08:00,26,80,17
2025-01-01T16:30:00-08:00,28,78,9.9
2025-01-01T17:00:00-08:00,29,78,11.6
2025-01-01T17:30:00-08:00,30,78,16.2
2025-01-01T18:00:00-08:00,30,77,12.6
2025-01-01T18:30:00-08:00,34,74,11.8
2025-01-01T19:00:00-08:00,33,75,12
2025-01-01T19:30:00-08:00,33,74,11.5
2025-01-01T20:00:00-08:00,33,73,13.9
2025-01-01T20:30:00-08:00,34,72,17.2
2025-01-01T21:00:00-08:00,35,72,22.2
2025-01-01T21:30:00-08:00,35,72,26.6
2025-01-01T22:00:00-08:00,36,70,22.8
2025-01-01T22:30:00-08:00,35,71,24.6
2025-01-01T23:00:00-08:00,35,70,24.8
2025-01-01T23:30:00-08:00,36,69,21.1
2025-01-02T00:00:00-08:00,39,67,20.2
2025-01-02T00:30:00-08:00,37,69,18.2
2025-01-02T01:00:00-08:00,35,69,16.4
2025-01-02T01:30:00-08:00,37,68,15.1
2025-01-02T02:00:00-08:00,39,66,11.2
2025-01-02T02:30:00-08:00,39,64,8.4
2025-01-02T03:00:00-08:00,40,63,9.2
2025-01-02T03:30:00-08:00,37,66,8.9
2025-01-02T04:00:00-08:00,36,66,8.1
2025-01-02T04:30:00-08:00,36,66,7.4
2025-01-02T05:00:00-08:00,38,64,9.2
2025-01-02T05:30:00-08:00,41,63,15.2
2025-01-02T06:00:00-08:00,39,65,16.7
2025-01-02T06:30:00-08:00,35,69,13.3
2025-01-02T07:00:00-08:00,33,69,12.7
2025-01-02T07:30:00-08:00,36,67,14.2
2025-01-02T08:00:00-08:00,38,66,16
2025-01-02T08:30:00-08:00,30,75,13
2025-01-02T09:00:00-08:00,27,78,14.3
2025-01-02T09:30:00-08:00,26,79,15.1
2025-01-02T10:00:00-08:00,23,85,12.9
2025-01-02T10:30:00-08:00,16,101,9.5
2025-01-02T11:00:00-08:00,15,101,9
2025-01-02T11:30:00-08:00,18,94,9.2
2025-01-02T12:00:00-08:00,22,89,12.1
2025-01-02T12:30:00-08:00,23,88,15.9
2025-01-02T13:00:00-08:00,22,89,16.2
2025-01-02T13:30:00-08:00,22,89,15.5
2025-01-02T14:00:00-08:00,23,87,14
2025-01-02T14:30:00-08:00,25,85,13.8
2025-01-02T15:00:00-08:00,25,84,12.4
2025-01-02T15:30:00-08:00,26,83,9.2
2025-01-02T16:00:00-08:00,27,82,10.9
2025-01-02T16:30:00-08:00,27,80,15.2
2025-01-02T17:00:00-08:00,27,80,11.2
2025-01-02T17:30:00-08:00,28,79,10.5
2025-01-02T18:00:00-08:00,29,78,12.4
2025-01-02T18:30:00-08:00,30,78,13.6
2025-01-02T19:00:00-08:00,32,77,20
2025-01-02T19:30:00-08:00,35,73,27.6
2025-01-02T20:00:00-08:00,37,71,28.9
2025-01-02T20:30:00-08:00,38,71,29.9
2025-01-02T21:00:00-08:00,34,74,28.4
2025-01-02T21:30:00-08:00,34,74,27
2025-01-02T22:00:00-08:00,35,73,20.6
2025-01-02T22:30:00-08:00,35,73,19.4
2025-01-02T23:00:00-08:00,35,73,25.3
2025-01-02T23:30:00-08:00,35,73,22.7
2025-01-03T00:00:00-08:00,36,72,26.6
2025-01-03T00:30:00-08:00,35,72,29.9
2025-01-03T01:00:00-08:00,35,72,24.8
2025-01-03T01:30:00-08:00,36,72,20.2
2025-01-03T02:00:00-08:00,35,72,18.4
2025-01-03T02:30:00-08:00,36,71,19
2025-01-03T03:00:00-08:00,37,71,19.2
2025-01-03T03:30:00-08:00,37,71,19.2
2025-01-03T04:00:00-08:00,37,71,19
2025-01-03T04:30:00-08:00,37,71,19.4
2025-01-03T05:00:00-08:00,40,69,20.2
2025-01-03T05:30:00-08:00,38,72,20
2025-01-03T06:00:00-08:00,37,73,22.1
2025-01-03T06:30:00-08:00,38,74,21.7
2025-01-03T07:00:00-08:00,43,70,24.3
2025-01-03T07:30:00-08:00,41,72,22
2025-01-03T08:00:00-08:00,40,73,19.6
2025-01-03T08:30:00-08:00,38,73,18.1
2025-01-03T09:00:00-08:00,38,75,19.2
2025-01-03T09:30:00-08:00,40,74,19.8
2025-01-03T10:00:00-08:00,44,71,20.8
2025-01-03T10:30:00-08:00,42,74,18.4
2025-01-03T11:00:00-08:00,43,73,10.8
2025-01-03T11:30:00-08:00,45,73,8.6
2025-01-03T12:00:00-08:00,47,72,9.5
2025-01-03T12:30:00-08:00,46,74,6.8
2025-01-03T13:00:00-08:00,44,77,6.3
2025-01-03T13:30:00-08:00,41,77,1.8
2025-01-03T14:00:00-08:00,41,76,0.7
2025-01-03T14:30:00-08:00,41,75,0.3
2025-01-03T15:00:00-08:00,41,74,1.2
2025-01-03T15:30:00-08:00,40,75,2.8
2025-01-03T16:00:00-08:00,39,75,2.2
2025-01-03T16:30:00-08:00,40,74,6.1
2025-01-03T17:00:00-08:00,40,73,6.6
2025-01-03T17:30:00-08:00,41,73,3.1
2025-01-03T18:00:00-08:00,40,72,5.2
2025-01-03T18:30:00-08:00,40,72,11.9
2025-01-03T19:00:00-08:00,40,72,7.2
2025-01-03T19:30:00-08:00,39,71,9.4
2025-01-03T20:00:00-08:00,41,69,17.6
2025-01-03T20:30:00-08:00,40,70,17.3
2025-01-03T21:00:00-08:00,38,70,15.9
2025-01-03T21:30:00-08:00,38,69,12.7
2025-01-03T22:00:00-08:00,40,68,12.1
2025-01-03T22:30:00-08:00,44,67,11.4
2025-01-03T23:00:00-08:00,41,69,12.1
2025-01-03T23:30:00-08:00,39,68,9.9
2025-01-04T00:00:00-08:00,40,67,9.9
2025-01-04T00:30:00-08:00,39,66,10.6
2025-01-04T01:00:00-08:00,39,66,10.5
2025-01-04T01:30:00-08:00,38,66,11.3
2025-01-04T02:00:00-08:00,39,65,9.5
2025-01-04T02:30:00-08:00,41,63,7.6
2025-01-04T03:00:00-08:00,42,63,6.9
2025-01-04T03:30:00-08:00,43,62,5.9
2025-01-04T04:00:00-08:00,43,62,5.4
2025-01-04T04:30:00-08:00,45,61,6.4
2025-01-04T05:00:00-08:00,44,62,5.9
2025-01-04T05:30:00-08:00,44,61,5.5
2025-01-04T06:00:00-08:00,42,61,5.4
2025-01-04T06:30:00-08:00,42,61,5
2025-01-04T07:00:00-08:00,44,61,7
2025-01-04T07:30:00-08:00,44,62,6.4
2025-01-04T08:00:00-08:00,39,69,6
2025-01-04T08:30:00-08:00,30,79,6.2
2025-01-04T09:00:00-08:00,25,86,5.8
2025-01-04T09:30:00-08:00,25,84,4.5
2025-01-04T10:00:00-08:00,26,84,4.5
2025-01-04T10:30:00-08:00,26,85,4.2
2025-01-04T11:00:00-08:00,27,84,4
2025-01-04T11:30:00-08:00,28,83,3.1
2025-01-04T12:00:00-08:00,28,82,2.4
2025-01-04T12:30:00-08:00,30,81,2.6
2025-01-04T13:00:00-08:00,31,81,2.2
2025-01-04T13:30:00-08:00,31,80,2
2025-01-04T14:00:00-08:00,32,78,2.3
2025-01-04T14:30:00-08:00,34,76,4.8
2025-01-04T15:00:00-08:00,34,76,4.6
2025-01-04T15:30:00-08:00,34,76,4.8
2025-01-04T16:00:00-08:00,33,76,3.4
2025-01-04T16:30:00-08:00,34,75,3.7
2025-01-04T17:00:00-08:00,36,73,4.3
2025-01-04T17:30:00-08:00,36,73,10.4
2025-01-04T18:00:00-08:00,35,73,10.3
2025-01-04T18:30:00-08:00,36,72,9.1
2025-01-04T19:00:00-08:00,35,73,14.9
2025-01-04T19:30:00-08:00,37,71,17.8
2025-01-04T20:00:00-08:00,36,72,17.4
2025-01-04T20:30:00-08:00,35,71,18.9
2025-01-04T21:00:00-08:00,36,69,30.6
2025-01-04T21:30:00-08:00,37,69,25.7
2025-01-04T22:00:00-08:00,37,69,21
2025-01-04T22:30:00-08:00,36,68,18.5
2025-01-04T23:00:00-08:00,37,69,16.1
2025-01-04T23:30:00-08:00,37,69,25
2025-01-05T00:00:00-08:00,38,68,12.3
2025-01-05T00:30:00-08:00,37,68,13.4
2025-01-05T01:00:00-08:00,36,68,13
2025-01-05T01:30:00-08:00,37,67,12
2025-01-05T02:00:00-08:00,36,67,12.9
2025-01-05T02:30:00-08:00,36,67,16
2025-01-05T03:00:00-08:00,38,66,17.1
2025-01-05T03:30:00-08:00,37,66,12.5
2025-01-05T04:00:00-08:00,40,64,9
2025-01-05T04:30:00-08:00,41,64,8
2025-01-05T05:00:00-08:00,41,64,7.5
2025-01-05T05:30:00-08:00,41,63,7.5
2025-01-05T06:00:00-08:00,41,62,7.4
2025-01-05T06:30:00-08:00,41,62,7.4
2025-01-05T07:00:00-08:00,41,61,7.5
2025-01-05T07:30:00-08:00,39,63,10.7
2025-01-05T08:00:00-08:00,33,73,10
2025-01-05T08:30:00-08:00,24,86,7
2025-01-05T09:00:00-08:00,20,92,3.9
2025-01-05T09:30:00-08:00,17,100,4.5
2025-01-05T10:00:00-08:00,16,104,6.3
2025-01-05T10:30:00-08:00,16,104,5.5
2025-01-05T11:00:00-08:00,17,101,5.3
2025-01-05T11:30:00-08:00,19,97,6.8
2025-01-05T12:00:00-08:00,22,92,8.5
2025-01-05T12:30:00-08:00,24,89,8.1
2025-01-05T13:00:00-08:00,25,87,7.7
2025-01-05T13:30:00-08:00,27,85,6.7
2025-01-05T14:00:00-08:00,29,82,4.8
2025-01-05T14:30:00-08:00,29,81,4.3
2025-01-05T15:00:00-08:00,29,82,4.7
2025-01-05T15:30:00-08:00,30,80,4.3
2025-01-05T16:00:00-08:00,31,78,3.7
2025-01-05T16:30:00-08:00,31,78,3.4
2025-01-05T17:00:00-08:00,32,77,4
2025-01-05T17:30:00-08:00,32,76,8.4
2025-01-05T18:00:00-08:00,34,74,8.3
2025-01-05T18:30:00-08:00,35,74,12.6
2025-01-05T19:00:00-08:00,34,74,29.5
2025-01-05T19:30:00-08:00,35,73,23.9
2025-01-05T20:00:00-08:00,34,73,18.2
2025-01-05T20:30:00-08:00,34,72,14.9
2025-01-05T21:00:00-08:00,35,71,16.5
2025-01-05T21:30:00-08:00,35,71,20.5
2025-01-05T22:00:00-08:00,35,70,17.1
2025-01-05T22:30:00-08:00,36,69,12.6
2025-01-05T23:00:00-08:00,37,68,10.4
2025-01-05T23:30:00-08:00,37,67,14.9
2025-01-06T00:00:00-08:00,39,65,6.6
2025-01-06T00:30:00-08:00,41,64,6.2
2025-01-06T01:00:00-08:00,41,64,6.7
2025-01-06T01:30:00-08:00,42,63,7.9
2025-01-06T02:00:00-08:00,40,63,7.4
2025-01-06T02:30:00-08:00,41,63,7.9
2025-01-06T03:00:00-08:00,41,63,8
2025-01-06T03:30:00-08:00,42,63,8.3
2025-01-06T04:00:00-08:00,41,63,6.8
2025-01-06T04:30:00-08:00,41,62,6.4
2025-01-06T05:00:00-08:00,41,62,5.4
2025-01-06T05:30:00-08:00,40,62,4.5
2025-01-06T06:00:00-08:00,40,61,4.3
2025-01-06T06:30:00-08:00,41,61,4.7
2025-01-06T07:00:00-08:00,41,61,4.1
2025-01-06T07:30:00-08:00,42,62,5.9
2025-01-06T08:00:00-08:00,34,73,6.3
2025-01-06T08:30:00-08:00,24,86,5.6
2025-01-06T09:00:00-08:00,19,95,9.5
2025-01-06T09:30:00-08:00,17,99,6
2025-01-06T10:00:00-08:00,18,97,8.3
2025-01-06T10:30:00-08:00,18,97,9.3
2025-01-06T11:00:00-08:00,19,98,10.8
2025-01-06T11:30:00-08:00,19,98,10
2025-01-06T12:00:00-08:00,21,96,12
2025-01-06T12:30:00-08:00,24,92,14.9
2025-01-06T13:00:00-08:00,25,90,18
2025-01-06T13:30:00-08:00,28,86,18.5
2025-01-06T14:00:00-08:00,29,85,16.1
2025-01-06T14:30:00-08:00,31,83,17.3
2025-01-06T15:00:00-08:00,33,81,18.9
2025-01-06T15:30:00-08:00,35,80,14.2
2025-01-06T16:00:00-08:00,36,79,10.8
2025-01-06T16:30:00-08:00,37,78,14
2025-01-06T17:00:00-08:00,38,77,10.6
2025-01-06T17:30:00-08:00,39,75,9
2025-01-06T18:00:00-08:00,43,73,9.7
2025-01-06T18:30:00-08:00,44,74,10.5
2025-01-06T19:00:00-08:00,42,75,16.2
2025-01-06T19:30:00-08:00,41,76,16.5
2025-01-06T20:00:00-08:00,40,77,21.4
2025-01-06T20:30:00-08:00,39,77,24.4
2025-01-06T21:00:00-08:00,39,77,28.9
2025-01-06T21:30:00-08:00,38,77,25.2
2025-01-06T22:00:00-08:00,38,77,27.1
2025-01-06T22:30:00-08:00,38,77,25.6
2025-01-06T23:00:00-08:00,37,77,24.6
2025-01-06T23:30:00-08:00,36,77,24.3
2025-01-07T00:00:00-08:00,37,75,24.7
2025-01-07T00:30:00-08:00,39,74,23.8
2025-01-07T01:00:00-08:00,39,72,15.9
2025-01-07T01:30:00-08:00,39,70,4.7
2025-01-07T02:00:00-08:00,38,69,2.1
2025-01-07T02:30:00-08:00,38,68,2.9
2025-01-07T03:00:00-08:00,37,67,1.8
2025-01-07T03:30:00-08:00,36,67,0.7
2025-01-07T04:00:00-08:00,35,66,0.4
2025-01-07T04:30:00-08:00,33,65,0
2025-01-07T05:00:00-08:00,32,66,0
2025-01-07T05:30:00-08:00,31,66,0
2025-01-07T06:00:00-08:00,31,65,0
2025-01-07T06:30:00-08:00,30,65,0.1
2025-01-07T07:00:00-08:00,30,65,0.1
2025-01-07T07:30:00-08:00,29,66,0.1
2025-01-07T08:00:00-08:00,22,78,0
2025-01-07T08:30:00-08:00,15,91,0
2025-01-07T09:00:00-08:00,11,101,0
2025-01-07T09:30:00-08:00,10,105,0
2025-01-07T10:00:00-08:00,10,109,0
2025-01-07T10:30:00-08:00,9,112,0
2025-01-07T11:00:00-08:00,9,108,0
2025-01-07T11:30:00-08:00,10,101,0
2025-01-07T12:00:00-08:00,12,90,0
2025-01-07T12:30:00-08:00,13,88,0.2
2025-01-07T13:00:00-08:00,12,87,0
2025-01-07T13:30:00-08:00,13,86,0
2025-01-07T14:00:00-08:00,13,84,0
2025-01-07T14:30:00-08:00,14,83,0
2025-01-07T15:00:00-08:00,14,83,0
2025-01-07T15:30:00-08:00,14,85,7.2
2025-01-07T16:00:00-08:00,15,83,0
2025-01-07T16:30:00-08:00,15,80,0.2
2025-01-07T17:00:00-08:00,16,77,0.1
2025-01-07T17:30:00-08:00,17,76,0.1
2025-01-07T18:00:00-08:00,17,75,0.2
2025-01-07T18:30:00-08:00,17,75,0.2
2025-01-07T19:00:00-08:00,17,75,0.4
2025-01-07T19:30:00-08:00,18,74,0.5
2025-01-07T20:00:00-08:00,18,74,1.4
2025-01-07T20:30:00-08:00,17,73,1
2025-01-07T21:00:00-08:00,19,73,2.3
2025-01-07T21:30:00-08:00,19,73,2
2025-01-07T22:00:00-08:00,20,73,10.7
2025-01-07T22:30:00-08:00,18,73,9
2025-01-07T23:00:00-08:00,20,72,0.9
2025-01-07T23:30:00-08:00,19,70,0.3
2025-01-08T00:00:00-08:00,16,71,0
2025-01-08T00:30:00-08:00,16,72,0
2025-01-08T01:00:00-08:00,16,73,0
2025-01-08T01:30:00-08:00,19,72,0.6
2025-01-08T02:00:00-08:00,21,70,0.4
2025-01-08T02:30:00-08:00,22,68,0.3
2025-01-08T03:00:00-08:00,22,67,0.1
2025-01-08T03:30:00-08:00,23,65,0.1
2025-01-08T04:00:00-08:00,23,66,0.1
2025-01-08T04:30:00-08:00,24,65,0.1
2025-01-08T05:00:00-08:00,24,65,0.1
2025-01-08T05:30:00-08:00,24,65,0.1
2025-01-08T06:00:00-08:00,24,65,0.1
2025-01-08T06:30:00-08:00,24,65,0.1
2025-01-08T07:00:00-08:00,23,65,0.1
2025-01-08T07:30:00-08:00,23,64,0.1
2025-01-08T08:00:00-08:00,21,69,0.1
2025-01-08T08:30:00-08:00,17,77,0
2025-01-08T09:00:00-08:00,13,87,0
2025-01-08T09:30:00-08:00,10,93,0
2025-01-08T10:00:00-08:00,11,92,0
2025-01-08T10:30:00-08:00,10,96,0
2025-01-08T11:00:00-08:00,8,103,0
2025-01-08T11:30:00-08:00,9,102,0
2025-01-08T12:00:00-08:00,11,97,0.2
2025-01-08T12:30:00-08:00,12,92,0.1
2025-01-08T13:00:00-08:00,13,89,0.6
2025-01-08T13:30:00-08:00,13,88,0.5
2025-01-08T14:00:00-08:00,13,87,0.4
2025-01-08T14:30:00-08:00,14,85,0.3
2025-01-08T15:00:00-08:00,14,85,0.2
2025-01-08T15:30:00-08:00,14,84,0.1
2025-01-08T16:00:00-08:00,14,84,4.6
2025-01-08T16:30:00-08:00,16,83,1.6
2025-01-08T17:00:00-08:00,17,80,0.6
2025-01-08T17:30:00-08:00,18,79,18.8
2025-01-08T18:00:00-08:00,21,75,2.7
2025-01-08T18:30:00-08:00,23,74,6.3
2025-01-08T19:00:00-08:00,25,72,2.8
2025-01-08T19:30:00-08:00,26,71,6
2025-01-08T20:00:00-08:00,27,70,8.4
2025-01-08T20:30:00-08:00,29,68,6.6
2025-01-08T21:00:00-08:00,29,68,14.7
2025-01-08T21:30:00-08:00,29,67,7.5
2025-01-08T22:00:00-08:00,31,66,8.4
2025-01-08T22:30:00-08:00,30,67,13
2025-01-08T23:00:00-08:00,32,64,7.9
2025-01-08T23:30:00-08:00,33,64,8.4
2025-01-09T00:00:00-08:00,33,64,9.2
2025-01-09T00:30:00-08:00,33,63,8.1
2025-01-09T01:00:00-08:00,32,64,12.6
2025-01-09T01:30:00-08:00,32,64,9.1
2025-01-09T02:00:00-08:00,34,61,6.5
2025-01-09T02:30:00-08:00,35,60,6.6
2025-01-09T03:00:00-08:00,36,60,5.2
2025-01-09T03:30:00-08:00,36,60,5.4
2025-01-09T04:00:00-08:00,36,59,3.7
2025-01-09T04:30:00-08:00,39,59,5.1
2025-01-09T05:00:00-08:00,41,59,7
2025-01-09T05:30:00-08:00,40,61,7.7
2025-01-09T06:00:00-08:00,39,62,7.6
2025-01-09T06:30:00-08:00,40,61,7.5
2025-01-09T07:00:00-08:00,39,62,7.8
2025-01-09T07:30:00-08:00,37,63,9.5
2025-01-09T08:00:00-08:00,27,77,8
2025-01-09T08:30:00-08:00,17,93,5.8
2025-01-09T09:00:00-08:00,13,103,3.9
2025-01-09T09:30:00-08:00,10,111,2.4
2025-01-09T10:00:00-08:00,8,116,2.1
2025-01-09T10:30:00-08:00,7,116,0.8
2025-01-09T11:00:00-08:00,8,112,0.9
2025-01-09T11:30:00-08:00,11,105,2.3
2025-01-09T12:00:00-08:00,11,100,2.1
2025-01-09T12:30:00-08:00,11,98,1.5
2025-01-09T13:00:00-08:00,13,95,2
2025-01-09T13:30:00-08:00,14,92,1.8
2025-01-09T14:00:00-08:00,14,91,1.7
2025-01-09T14:30:00-08:00,14,89,1.6
2025-01-09T15:00:00-08:00,15,87,4
2025-01-09T15:30:00-08:00,16,85,1.9
2025-01-09T16:00:00-08:00,17,84,3.6
2025-01-09T16:30:00-08:00,17,84,2.5
2025-01-09T17:00:00-08:00,19,82,3.5
2025-01-09T17:30:00-08:00,20,79,3.1
2025-01-09T18:00:00-08:00,20,78,3.3
2025-01-09T18:30:00-08:00,23,77,5.8
2025-01-09T19:00:00-08:00,25,75,5.9
2025-01-09T19:30:00-08:00,26,74,5.7
2025-01-09T20:00:00-08:00,27,72,9.7
2025-01-09T20:30:00-08:00,29,70,7.3
2025-01-09T21:00:00-08:00,30,69,7
2025-01-09T21:30:00-08:00,29,69,7.8
2025-01-09T22:00:00-08:00,28,70,17.6
2025-01-09T22:30:00-08:00,28,69,10.3
2025-01-09T23:00:00-08:00,24,70,2.7
2025-01-09T23:30:00-08:00,26,70,6.3
2025-01-10T00:00:00-08:00,28,68,7.6
2025-01-10T00:30:00-08:00,29,67,7.2
2025-01-10T01:00:00-08:00,31,66,7.2
2025-01-10T01:30:00-08:00,31,65,7.3
2025-01-10T02:00:00-08:00,31,65,5.2
2025-01-10T02:30:00-08:00,30,65,4.2
2025-01-10T03:00:00-08:00,31,64,6.3
2025-01-10T03:30:00-08:00,30,65,7.2
2025-01-10T04:00:00-08:00,32,64,6.8
2025-01-10T04:30:00-08:00,32,64,7.8
2025-01-10T05:00:00-08:00,33,64,8.7
2025-01-10T05:30:00-08:00,33,63,8.1
2025-01-10T06:00:00-08:00,33,63,8.2
2025-01-10T06:30:00-08:00,34,62,8.5
2025-01-10T07:00:00-08:00,33,63,9.8
2025-01-10T07:30:00-08:00,32,65,11.9
2025-01-10T08:00:00-08:00,25,75,10.1
2025-01-10T08:30:00-08:00,18,85,8.9
2025-01-10T09:00:00-08:00,12,100,5.4
2025-01-10T09:30:00-08:00,10,109,5
2025-01-10T10:00:00-08:00,8,112,4.7
2025-01-10T10:30:00-08:00,8,110,4.1
2025-01-10T11:00:00-08:00,9,109,4.2
2025-01-10T11:30:00-08:00,10,105,3.9
2025-01-10T12:00:00-08:00,12,101,4.8
2025-01-10T12:30:00-08:00,15,96,5.4
2025-01-10T13:00:00-08:00,15,93,4.2
2025-01-10T13:30:00-08:00,16,92,4.1
2025-01-10T14:00:00-08:00,16,90,3.8
2025-01-10T14:30:00-08:00,15,89,3.9
2025-01-10T15:00:00-08:00,16,88,3.1
2025-01-10T15:30:00-08:00,19,85,3.9
2025-01-10T16:00:00-08:00,20,83,8.8
2025-01-10T16:30:00-08:00,21,82,3.9
2025-01-10T17:00:00-08:00,21,81,3.8
2025-01-10T17:30:00-08:00,22,79,3.9
2025-01-10T18:00:00-08:00,28,77,5.2
2025-01-10T18:30:00-08:00,34,74,6.5
2025-01-10T19:00:00-08:00,37,73,14.8
2025-01-10T19:30:00-08:00,41,71,8.5
2025-01-10T20:00:00-08:00,42,71,8.8
2025-01-10T20:30:00-08:00,40,72,9.2
2025-01-10T21:00:00-08:00,39,72,8.3
2025-01-10T21:30:00-08:00,38,72,16.9
2025-01-10T22:00:00-08:00,37,71,11.8
2025-01-10T22:30:00-08:00,38,70,9.1
2025-01-10T23:00:00-08:00,37,69,9.6
2025-01-10T23:30:00-08:00,38,70,9.5
2025-01-11T00:00:00-08:00,39,71,9.2
2025-01-11T00:30:00-08:00,40,71,14.2
2025-01-11T01:00:00-08:00,39,71,8.7
2025-01-11T01:30:00-08:00,44,66,8.5
2025-01-11T02:00:00-08:00,42,67,7.3
2025-01-11T02:30:00-08:00,39,67,7.4
2025-01-11T03:00:00-08:00,39,66,8.1
2025-01-11T03:30:00-08:00,39,66,8.5
2025-01-11T04:00:00-08:00,39,65,8.7
2025-01-11T04:30:00-08:00,39,65,8.9
2025-01-11T05:00:00-08:00,39,64,9.5
2025-01-11T05:30:00-08:00,39,64,9.4
2025-01-11T06:00:00-08:00,39,65,13.6
2025-01-11T06:30:00-08:00,38,66,22.7
2025-01-11T07:00:00-08:00,38,66,23.2
2025-01-11T07:30:00-08:00,37,66,22.5
2025-01-11T08:00:00-08:00,32,76,22.1
2025-01-11T08:30:00-08:00,21,93,13.7
2025-01-11T09:00:00-08:00,15,103,10.6
2025-01-11T09:30:00-08:00,11,108,2.2
2025-01-11T10:00:00-08:00,9,112,1.1
2025-01-11T10:30:00-08:00,7,110,0
2025-01-11T11:00:00-08:00,7,102,0
2025-01-11T11:30:00-08:00,9,93,0
2025-01-11T12:00:00-08:00,10,89,0
2025-01-11T12:30:00-08:00,11,87,0
2025-01-11T13:00:00-08:00,13,88,0
2025-01-11T13:30:00-08:00,13,87,0
2025-01-11T14:00:00-08:00,13,86,0.4
2025-01-11T14:30:00-08:00,9,84,0
2025-01-11T15:00:00-08:00,8,82,0
2025-01-11T15:30:00-08:00,8,83,0.1
2025-01-11T16:00:00-08:00,9,82,0
2025-01-11T16:30:00-08:00,9,81,0
2025-01-11T17:00:00-08:00,9,80,5.3
2025-01-11T17:30:00-08:00,10,78,1.1
2025-01-11T18:00:00-08:00,11,76,1
2025-01-11T18:30:00-08:00,11,75,0
2025-01-11T19:00:00-08:00,12,75,0.1
2025-01-11T19:30:00-08:00,12,73,0.1
2025-01-11T20:00:00-08:00,11,73,3
2025-01-11T20:30:00-08:00,11,72,0.7
2025-01-11T21:00:00-08:00,12,72,0.4
2025-01-11T21:30:00-08:00,12,72,0.1
2025-01-11T22:00:00-08:00,12,72,0
2025-01-11T22:30:00-08:00,12,71,0.2
2025-01-11T23:00:00-08:00,12,71,0
2025-01-11T23:30:00-08:00,12,71,0
2025-01-12T00:00:00-08:00,12,70,0
2025-01-12T00:30:00-08:00,12,70,0
2025-01-12T01:00:00-08:00,12,71,0.1
2025-01-12T01:30:00-08:00,14,70,0.2
2025-01-12T02:00:00-08:00,14,68,0.1
2025-01-12T02:30:00-08:00,17,67,0.3
2025-01-12T03:00:00-08:00,18,65,0.3
2025-01-12T03:30:00-08:00,19,65,0.4
2025-01-12T04:00:00-08:00,20,64,1.1
2025-01-12T04:30:00-08:00,22,63,1.7
2025-01-12T05:00:00-08:00,23,61,1.3
2025-01-12T05:30:00-08:00,23,61,0.4
2025-01-12T06:00:00-08:00,24,61,0.1
2025-01-12T06:30:00-08:00,25,59,0.2
2025-01-12T07:00:00-08:00,26,59,0.7
2025-01-12T07:30:00-08:00,25,59,1.1
2025-01-12T08:00:00-08:00,17,72,0
2025-01-12T08:30:00-08:00,11,88,0
2025-01-12T09:00:00-08:00,8,99,0
2025-01-12T09:30:00-08:00,6,109,0
2025-01-12T10:00:00-08:00,5,115,0
2025-01-12T10:30:00-08:00,5,115,0
2025-01-12T11:00:00-08:00,7,107,0
2025-01-12T11:30:00-08:00,8,99,0.3
2025-01-12T12:00:00-08:00,9,97,0
2025-01-12T12:30:00-08:00,9,93,0
2025-01-12T13:00:00-08:00,10,88,0
2025-01-12T13:30:00-08:00,12,85,0.2
2025-01-12T14:00:00-08:00,11,85,0
2025-01-12T14:30:00-08:00,12,85,0
2025-01-12T15:00:00-08:00,13,83,0
2025-01-12T15:30:00-08:00,14,78,0
2025-01-12T16:00:00-08:00,15,76,0
2025-01-12T16:30:00-08:00,17,74,0.1
2025-01-12T17:00:00-08:00,18,73,0.3
2025-01-12T17:30:00-08:00,19,72,0.3
2025-01-12T18:00:00-08:00,18,74,0.6
2025-01-12T18:30:00-08:00,19,73,2.1
2025-01-12T19:00:00-08:00,20,71,2
2025-01-12T19:30:00-08:00,21,70,2
2025-01-12T20:00:00-08:00,22,69,3
2025-01-12T20:30:00-08:00,24,67,6.6
2025-01-12T21:00:00-08:00,25,66,6.4
2025-01-12T21:30:00-08:00,26,66,10.6
2025-01-12T22:00:00-08:00,25,65,10.1
2025-01-12T22:30:00-08:00,27,65,8.9
2025-01-12T23:00:00-08:00,28,64,8.3
2025-01-12T23:30:00-08:00,29,62,6.9
2025-01-13T00:00:00-08:00,30,61,5.7
2025-01-13T00:30:00-08:00,31,62,4.9
2025-01-13T01:00:00-08:00,31,62,4.5
2025-01-13T01:30:00-08:00,31,63,8.1
2025-01-13T02:00:00-08:00,31,62,5.8
2025-01-13T02:30:00-08:00,31,62,6.2
2025-01-13T03:00:00-08:00,32,60,5.3
2025-01-13T03:30:00-08:00,31,59,1.4
2025-01-13T04:00:00-08:00,30,61,1.2
2025-01-13T04:30:00-08:00,36,57,1.2
2025-01-13T05:00:00-08:00,36,57,1.7
2025-01-13T05:30:00-08:00,33,61,3.5
2025-01-13T06:00:00-08:00,31,62,3.6
2025-01-13T06:30:00-08:00,32,61,16.7
2025-01-13T07:00:00-08:00,38,59,29.5
2025-01-13T07:30:00-08:00,34,63,26.4
2025-01-13T08:00:00-08:00,25,71,13.3
2025-01-13T08:30:00-08:00,19,76,3.9
2025-01-13T09:00:00-08:00,14,84,0.7
2025-01-13T09:30:00-08:00,14,86,0.1
2025-01-13T10:00:00-08:00,12,88,0
2025-01-13T10:30:00-08:00,12,89,0
2025-01-13T11:00:00-08:00,14,81,0
2025-01-13T11:30:00-08:00,18,72,0.1
2025-01-13T12:00:00-08:00,17,72,0
2025-01-13T12:30:00-08:00,17,72,0
2025-01-13T13:00:00-08:00,18,72,0
2025-01-13T13:30:00-08:00,18,72,0.1
2025-01-13T14:00:00-08:00,17,73,0.1
2025-01-13T14:30:00-08:00,17,73,0.1
2025-01-13T15:00:00-08:00,15,75,0.1
2025-01-13T15:30:00-08:00,15,75,0
2025-01-13T16:00:00-08:00,16,76,0.1
2025-01-13T16:30:00-08:00,16,74,0.1
2025-01-13T17:00:00-08:00,16,74,0.1
2025-01-13T17:30:00-08:00,17,73,0.2
2025-01-13T18:00:00-08:00,18,72,0.1
2025-01-13T18:30:00-08:00,20,70,2.8
2025-01-13T19:00:00-08:00,21,69,6.7
2025-01-13T19:30:00-08:00,22,68,4.9
2025-01-13T20:00:00-08:00,22,67,5.2
2025-01-13T20:30:00-08:00,24,66,6.1
2025-01-13T21:00:00-08:00,24,66,9.8
2025-01-13T21:30:00-08:00,25,65,8.8
2025-01-13T22:00:00-08:00,26,64,12.5
2025-01-13T22:30:00-08:00,26,65,20.2
2025-01-13T23:00:00-08:00,27,64,17.2
2025-01-13T23:30:00-08:00,28,62,8.9
2025-01-14T00:00:00-08:00,29,61,9
2025-01-14T00:30:00-08:00,30,60,9.5
2025-01-14T01:00:00-08:00,31,59,5.6
2025-01-14T01:30:00-08:00,33,58,4.8
2025-01-14T02:00:00-08:00,32,58,4.3
2025-01-14T02:30:00-08:00,33,57,4.9
2025-01-14T03:00:00-08:00,33,57,4.5
2025-01-14T03:30:00-08:00,33,57,3.3
2025-01-14T04:00:00-08:00,33,57,2.9
2025-01-14T04:30:00-08:00,33,56,3.2
2025-01-14T05:00:00-08:00,33,56,3.1
2025-01-14T05:30:00-08:00,33,56,2.7
2025-01-14T06:00:00-08:00,34,56,2.6
2025-01-14T06:30:00-08:00,35,55,2.8
2025-01-14T07:00:00-08:00,34,55,4.7
2025-01-14T07:30:00-08:00,35,55,5.3
2025-01-14T08:00:00-08:00,26,68,4.3
2025-01-14T08:30:00-08:00,17,81,6.7
2025-01-14T09:00:00-08:00,13,91,5.7
2025-01-14T09:30:00-08:00,10,100,4.7
2025-01-14T10:00:00-08:00,8,105,3.7
2025-01-14T10:30:00-08:00,8,107,3.3
2025-01-14T11:00:00-08:00,9,102,3.9
2025-01-14T11:30:00-08:00,12,95,5.4
2025-01-14T12:00:00-08:00,12,94,5.3
2025-01-14T12:30:00-08:00,13,91,5.3
2025-01-14T13:00:00-08:00,14,88,5
2025-01-14T13:30:00-08:00,15,86,1.9
2025-01-14T14:00:00-08:00,15,84,2.5
2025-01-14T14:30:00-08:00,15,83,1.1
2025-01-14T15:00:00-08:00,17,80,1.1
2025-01-14T15:30:00-08:00,17,80,1.1
2025-01-14T16:00:00-08:00,17,79,1.3
2025-01-14T16:30:00-08:00,18,79,1.8
2025-01-14T17:00:00-08:00,18,78,4.1
2025-01-14T17:30:00-08:00,20,76,3.9
2025-01-14T18:00:00-08:00,23,73,6.3
2025-01-14T18:30:00-08:00,24,72,8.9
2025-01-14T19:00:00-08:00,24,72,10.6
2025-01-14T19:30:00-08:00,25,71,14.5
2025-01-14T20:00:00-08:00,26,70,12.4
2025-01-14T20:30:00-08:00,28,69,15.4
2025-01-14T21:00:00-08:00,29,69,13.6
2025-01-14T21:30:00-08:00,28,69,11
2025-01-14T22:00:00-08:00,28,67,15.8
2025-01-14T22:30:00-08:00,29,66,11.3
2025-01-14T23:00:00-08:00,30,65,11.2
2025-01-14T23:30:00-08:00,30,65,11.1
2025-01-15T00:00:00-08:00,30,64,11.1
2025-01-15T00:30:00-08:00,32,62,10
2025-01-15T01:00:00-08:00,33,62,10.2
2025-01-15T01:30:00-08:00,32,62,8.4
2025-01-15T02:00:00-08:00,33,60,5.5
2025-01-15T02:30:00-08:00,33,59,4.9
2025-01-15T03:00:00-08:00,35,59,5.7
2025-01-15T03:30:00-08:00,34,59,5.4
2025-01-15T04:00:00-08:00,34,58,5.8
2025-01-15T04:30:00-08:00,34,58,5.8
2025-01-15T05:00:00-08:00,35,58,5.4
2025-01-15T05:30:00-08:00,34,58,4.7
2025-01-15T06:00:00-08:00,35,57,4.3
2025-01-15T06:30:00-08:00,35,57,4.6
2025-01-15T07:00:00-08:00,34,58,5.7
2025-01-15T07:30:00-08:00,35,58,7.4
2025-01-15T08:00:00-08:00,27,70,10.2
2025-01-15T08:30:00-08:00,17,86,10.3
2025-01-15T09:00:00-08:00,12,98,9.5
2025-01-15T09:30:00-08:00,10,106,9.2
2025-01-15T10:00:00-08:00,9,106,9.1
2025-01-15T10:30:00-08:00,9,110,7.4
2025-01-15T11:00:00-08:00,11,105,9.8
2025-01-15T11:30:00-08:00,12,100,11
2025-01-15T12:00:00-08:00,13,97,10.9
2025-01-15T12:30:00-08:00,13,95,11.5
2025-01-15T13:00:00-08:00,15,92,12.3
2025-01-15T13:30:00-08:00,17,89,13.6
2025-01-15T14:00:00-08:00,18,87,16.4
2025-01-15T14:30:00-08:00,19,87,18
2025-01-15T15:00:00-08:00,19,85,19.5
2025-01-15T15:30:00-08:00,20,84,20.3
2025-01-15T16:00:00-08:00,20,83,22.2
2025-01-15T16:30:00-08:00,22,81,25.2
2025-01-15T17:00:00-08:00,22,80,24.1
2025-01-15T17:30:00-08:00,23,79,23.6
2025-01-15T18:00:00-08:00,24,77,28.6
2025-01-15T18:30:00-08:00,26,75,25.1
2025-01-15T19:00:00-08:00,27,74,27.3
2025-01-15T19:30:00-08:00,27,72,31.7
2025-01-15T20:00:00-08:00,29,70,39.5
2025-01-15T20:30:00-08:00,30,68,31.8
2025-01-15T21:00:00-08:00,31,68,31
2025-01-15T21:30:00-08:00,31,67,37.2
2025-01-15T22:00:00-08:00,32,66,34
2025-01-15T22:30:00-08:00,32,65,33
2025-01-15T23:00:00-08:00,32,64,31.1
2025-01-15T23:30:00-08:00,32,64,26.4
2025-01-16T00:00:00-08:00,32,64,25
2025-01-16T00:30:00-08:00,31,64,22.2
2025-01-16T01:00:00-08:00,32,64,19.5
2025-01-16T01:30:00-08:00,31,63,17.3
2025-01-16T02:00:00-08:00,32,62,18.9
2025-01-16T02:30:00-08:00,35,61,19.3
2025-01-16T03:00:00-08:00,33,62,18.6
2025-01-16T03:30:00-08:00,31,63,16.2
2025-01-16T04:00:00-08:00,31,62,15.6
2025-01-16T04:30:00-08:00,32,61,15
2025-01-16T05:00:00-08:00,33,60,15.7
2025-01-16T05:30:00-08:00,31,61,15.9
2025-01-16T06:00:00-08:00,33,60,16.8
2025-01-16T06:30:00-08:00,32,60,17.2
2025-01-16T07:00:00-08:00,32,60,18.6
2025-01-16T07:30:00-08:00,33,60,20.1
2025-01-16T08:00:00-08:00,26,72,18.1
2025-01-16T08:30:00-08:00,16,87,14.9
2025-01-16T09:00:00-08:00,11,101,12
2025-01-16T09:30:00-08:00,9,109,12.3
2025-01-16T10:00:00-08:00,9,108,11.6
2025-01-16T10:30:00-08:00,9,110,12.1
2025-01-16T11:00:00-08:00,10,106,14.6
2025-01-16T11:30:00-08:00,12,101,15.2
2025-01-16T12:00:00-08:00,13,99,17.6
2025-01-16T12:30:00-08:00,13,98,18.4
2025-01-16T13:00:00-08:00,17,94,20.3
2025-01-16T13:30:00-08:00,18,88,25.9
2025-01-16T14:00:00-08:00,21,85,31.8
2025-01-16T14:30:00-08:00,21,84,32.2
2025-01-16T15:00:00-08:00,21,85,28.9
2025-01-16T15:30:00-08:00,21,83,22.6
2025-01-16T16:00:00-08:00,18,83,14.7
2025-01-16T16:30:00-08:00,18,82,12.4
2025-01-16T17:00:00-08:00,18,81,11.2
2025-01-16T17:30:00-08:00,19,79,11.9
2025-01-16T18:00:00-08:00,21,77,13.9
2025-01-16T18:30:00-08:00,22,75,15
2025-01-16T19:00:00-08:00,24,73,21.7
2025-01-16T19:30:00-08:00,26,71,27.3
2025-01-16T20:00:00-08:00,27,70,24.1
2025-01-16T20:30:00-08:00,29,69,27.3
2025-01-16T21:00:00-08:00,29,68,28.2
2025-01-16T21:30:00-08:00,29,67,24.6
2025-01-16T22:00:00-08:00,29,66,22.7
2025-01-16T22:30:00-08:00,29,66,19.9
2025-01-16T23:00:00-08:00,29,65,19.4
2025-01-16T23:30:00-08:00,30,65,24.4
2025-01-17T00:00:00-08:00,31,64,22.2
2025-01-17T00:30:00-08:00,31,64,21.6
2025-01-17T01:00:00-08:00,31,63,22.9
2025-01-17T01:30:00-08:00,32,62,21.1
2025-01-17T02:00:00-08:00,31,62,20.9
2025-01-17T02:30:00-08:00,32,62,22.4
2025-01-17T03:00:00-08:00,32,62,23.2
2025-01-17T03:30:00-08:00,32,61,23.7
2025-01-17T04:00:00-08:00,32,61,23.3
2025-01-17T04:30:00-08:00,31,61,23
2025-01-17T05:00:00-08:00,33,60,24.2
2025-01-17T05:30:00-08:00,32,60,23.5
2025-01-17T06:00:00-08:00,32,60,22.8
2025-01-17T06:30:00-08:00,33,60,23
2025-01-17T07:00:00-08:00,37,59,33.3
2025-01-17T07:30:00-08:00,42,59,42.1
2025-01-17T08:00:00-08:00,43,60,41.5
2025-01-17T08:30:00-08:00,33,71,36.8
2025-01-17T09:00:00-08:00,23,83,34.3
2025-01-17T09:30:00-08:00,19,92,33.1
2025-01-17T10:00:00-08:00,17,97,31.6
2025-01-17T10:30:00-08:00,14,103,27.6
2025-01-17T11:00:00-08:00,15,101,28.3
2025-01-17T11:30:00-08:00,17,95,30.8
2025-01-17T12:00:00-08:00,18,93,25.4
2025-01-17T12:30:00-08:00,19,90,21.7
2025-01-17T13:00:00-08:00,21,88,13.6
2025-01-17T13:30:00-08:00,22,87,13.8
2025-01-17T14:00:00-08:00,24,83,15.2
2025-01-17T14:30:00-08:00,25,82,15.9
2025-01-17T15:00:00-08:00,26,80,14.7
2025-01-17T15:30:00-08:00,27,79,13.5
2025-01-17T16:00:00-08:00,30,76,10.8
2025-01-17T16:30:00-08:00,32,74,10.2
2025-01-17T17:00:00-08:00,34,72,9.6
2025-01-17T17:30:00-08:00,35,71,9.2
2025-01-17T18:00:00-08:00,36,70,8.8
2025-01-17T18:30:00-08:00,36,70,8
2025-01-17T19:00:00-08:00,37,69,7.7
2025-01-17T19:30:00-08:00,37,68,8.7
2025-01-17T20:00:00-08:00,35,69,13
2025-01-17T20:30:00-08:00,34,69,18.3
2025-01-17T21:00:00-08:00,34,69,14.7
2025-01-17T21:30:00-08:00,35,70,16.2
2025-01-17T22:00:00-08:00,36,70,15.8
2025-01-17T22:30:00-08:00,35,71,34.7
2025-01-17T23:00:00-08:00,34,72,13.9
2025-01-17T23:30:00-08:00,34,72,10.6
2025-01-18T00:00:00-08:00,35,71,7.1
2025-01-18T00:30:00-08:00,36,70,7.8
2025-01-18T01:00:00-08:00,36,70,6.8
2025-01-18T01:30:00-08:00,36,70,12
2025-01-18T02:00:00-08:00,36,69,9.5
2025-01-18T02:30:00-08:00,39,66,11.1
2025-01-18T03:00:00-08:00,39,66,14.1
2025-01-18T03:30:00-08:00,39,66,16.8
2025-01-18T04:00:00-08:00,39,66,19.1
2025-01-18T04:30:00-08:00,39,66,15.1
2025-01-18T05:00:00-08:00,35,69,11.3
2025-01-18T05:30:00-08:00,38,66,15.1
2025-01-18T06:00:00-08:00,42,62,19.7
2025-01-18T06:30:00-08:00,43,62,22.1
2025-01-18T07:00:00-08:00,45,60,23.6
2025-01-18T07:30:00-08:00,41,63,21.4
2025-01-18T08:00:00-08:00,36,68,19.2
2025-01-18T08:30:00-08:00,27,76,15.5
2025-01-18T09:00:00-08:00,23,82,15
2025-01-18T09:30:00-08:00,18,93,13.4
2025-01-18T10:00:00-08:00,14,102,14.8
2025-01-18T10:30:00-08:00,13,106,12.2
2025-01-18T11:00:00-08:00,14,103,12
2025-01-18T11:30:00-08:00,15,100,12.5
2025-01-18T12:00:00-08:00,18,95,19.9
2025-01-18T12:30:00-08:00,20,90,15.5
2025-01-18T13:00:00-08:00,23,87,16
2025-01-18T13:30:00-08:00,23,86,16.9
2025-01-18T14:00:00-08:00,24,85,17.7
2025-01-18T14:30:00-08:00,23,85,18.8
2025-01-18T15:00:00-08:00,24,84,19.5
2025-01-18T15:30:00-08:00,25,83,20.9
2025-01-18T16:00:00-08:00,25,83,22.4
2025-01-18T16:30:00-08:00,25,82,25.2
2025-01-18T17:00:00-08:00,27,80,28.2
2025-01-18T17:30:00-08:00,28,78,27.5
2025-01-18T18:00:00-08:00,29,76,28.4
2025-01-18T18:30:00-08:00,30,73,32
2025-01-18T19:00:00-08:00,31,71,34.3
2025-01-18T19:30:00-08:00,33,70,33.6
2025-01-18T20:00:00-08:00,35,68,36
2025-01-18T20:30:00-08:00,35,68,37.9
2025-01-18T21:00:00-08:00,34,67,39
2025-01-18T21:30:00-08:00,35,66,37.8
2025-01-18T22:00:00-08:00,35,65,38.9
2025-01-18T22:30:00-08:00,35,64,35.3
2025-01-18T23:00:00-08:00,35,63,36.1
2025-01-18T23:30:00-08:00,35,63,35
2025-01-19T00:00:00-08:00,35,63,32.4
2025-01-19T00:30:00-08:00,35,63,30.9
2025-01-19T01:00:00-08:00,36,62,30.7
2025-01-19T01:30:00-08:00,37,61,33.3
2025-01-19T02:00:00-08:00,36,61,36.8
2025-01-19T02:30:00-08:00,37,61,37.2
2025-01-19T03:00:00-08:00,37,62,36
2025-01-19T03:30:00-08:00,36,63,33.8
2025-01-19T04:00:00-08:00,36,61,34.7
2025-01-19T04:30:00-08:00,37,61,34.8
2025-01-19T05:00:00-08:00,36,62,31.8
2025-01-19T05:30:00-08:00,39,62,35.7
2025-01-19T06:00:00-08:00,39,63,37.4
2025-01-19T06:30:00-08:00,38,65,36.5
2025-01-19T07:00:00-08:00,37,66,37.1
2025-01-19T07:30:00-08:00,39,65,40.9
2025-01-19T08:00:00-08:00,41,65,42.2
2025-01-19T08:30:00-08:00,41,65,40.9
2025-01-19T09:00:00-08:00,40,67,39.2
2025-01-19T09:30:00-08:00,39,68,37.7
2025-01-19T10:00:00-08:00,39,68,37
2025-01-19T10:30:00-08:00,38,69,37.7
2025-01-19T11:00:00-08:00,37,71,39.7
2025-01-19T11:30:00-08:00,36,71,40.8
2025-01-19T12:00:00-08:00,36,71,42.8
2025-01-19T12:30:00-08:00,35,72,42.7
2025-01-19T13:00:00-08:00,35,72,41.8
2025-01-19T13:30:00-08:00,33,74,39.7
2025-01-19T14:00:00-08:00,32,75,36.7
2025-01-19T14:30:00-08:00,31,76,33.5
2025-01-19T15:00:00-08:00,29,77,28.8
2025-01-19T15:30:00-08:00,29,78,19.6
2025-01-19T16:00:00-08:00,29,76,13.7
2025-01-19T16:30:00-08:00,31,74,11.3
2025-01-19T17:00:00-08:00,34,72,11.2
2025-01-19T17:30:00-08:00,34,72,12.2
2025-01-19T18:00:00-08:00,33,71,14.9
2025-01-19T18:30:00-08:00,33,70,19.4
2025-01-19T19:00:00-08:00,33,69,23.6
2025-01-19T19:30:00-08:00,34,69,21.5
2025-01-19T20:00:00-08:00,36,69,42.3
2025-01-19T20:30:00-08:00,36,71,25.2
2025-01-19T21:00:00-08:00,35,72,16
2025-01-19T21:30:00-08:00,35,72,11.6
2025-01-19T22:00:00-08:00,34,73,15.1
2025-01-19T22:30:00-08:00,33,73,17.2
2025-01-19T23:00:00-08:00,33,72,15.3
2025-01-19T23:30:00-08:00,33,72,11.4
2025-01-20T00:00:00-08:00,33,72,11.9
2025-01-20T00:30:00-08:00,33,72,13.6
2025-01-20T01:00:00-08:00,33,72,16.3
2025-01-20T01:30:00-08:00,33,72,16.7
2025-01-20T02:00:00-08:00,36,68,22.9
2025-01-20T02:30:00-08:00,37,67,23.6
2025-01-20T03:00:00-08:00,35,68,21.6
2025-01-20T03:30:00-08:00,37,65,20.6
2025-01-20T04:00:00-08:00,37,65,21.4
2025-01-20T04:30:00-08:00,37,64,20.9
2025-01-20T05:00:00-08:00,41,61,22.9
2025-01-20T05:30:00-08:00,41,61,25.2
2025-01-20T06:00:00-08:00,37,62,22.3
2025-01-20T06:30:00-08:00,36,60,15.7
2025-01-20T07:00:00-08:00,39,56,6.9
2025-01-20T07:30:00-08:00,35,57,3.7
2025-01-20T08:00:00-08:00,27,64,2.3
2025-01-20T08:30:00-08:00,20,71,2
2025-01-20T09:00:00-08:00,16,76,0.7
2025-01-20T09:30:00-08:00,15,79,0.4
2025-01-20T10:00:00-08:00,14,80,0.2
2025-01-20T10:30:00-08:00,13,79,0.2
2025-01-20T11:00:00-08:00,14,77,0.1
2025-01-20T11:30:00-08:00,15,75,0.1
2025-01-20T12:00:00-08:00,16,73,0.2
2025-01-20T12:30:00-08:00,15,74,0.1
2025-01-20T13:00:00-08:00,13,77,0.1
2025-01-20T13:30:00-08:00,13,76,0.1
2025-01-20T14:00:00-08:00,13,76,0.1
2025-01-20T14:30:00-08:00,13,75,0.1
2025-01-20T15:00:00-08:00,12,76,0.1
2025-01-20T15:30:00-08:00,14,74,0.1
2025-01-20T16:00:00-08:00,14,74,0.1
2025-01-20T16:30:00-08:00,14,74,0.2
2025-01-20T17:00:00-08:00,15,73,0.3
2025-01-20T17:30:00-08:00,15,72,2.5
2025-01-20T18:00:00-08:00,15,72,0.8
2025-01-20T18:30:00-08:00,15,72,1.7
2025-01-20T19:00:00-08:00,15,71,0.7
2025-01-20T19:30:00-08:00,16,71,18.6
2025-01-20T20:00:00-08:00,18,68,2.1
2025-01-20T20:30:00-08:00,19,67,3.3
2025-01-20T21:00:00-08:00,20,64,6
2025-01-20T21:30:00-08:00,22,64,9.5
2025-01-20T22:00:00-08:00,23,64,7.6
2025-01-20T22:30:00-08:00,23,63,13
2025-01-20T23:00:00-08:00,23,63,8
2025-01-20T23:30:00-08:00,24,62,7.2
2025-01-21T00:00:00-08:00,25,60,6.6
2025-01-21T00:30:00-08:00,26,60,5.5
2025-01-21T01:00:00-08:00,26,59,3.9
2025-01-21T01:30:00-08:00,27,58,3.7
2025-01-21T02:00:00-08:00,28,58,4.4
2025-01-21T02:30:00-08:00,28,57,4.3
2025-01-21T03:00:00-08:00,29,56,4.7
2025-01-21T03:30:00-08:00,30,56,4.9
2025-01-21T04:00:00-08:00,30,55,4.8
2025-01-21T04:30:00-08:00,30,54,4.7
2025-01-21T05:00:00-08:00,29,55,4.9
2025-01-21T05:30:00-08:00,29,56,4.3
2025-01-21T06:00:00-08:00,30,55,4.4
2025-01-21T06:30:00-08:00,31,54,5.2
2025-01-21T07:00:00-08:00,31,55,6.2
2025-01-21T07:30:00-08:00,31,55,8.7
2025-01-21T08:00:00-08:00,23,68,9.4
2025-01-21T08:30:00-08:00,12,88,2.5
2025-01-21T09:00:00-08:00,8,101,3.2
2025-01-21T09:30:00-08:00,6,108,1.8
2025-01-21T10:00:00-08:00,6,111,2.1
2025-01-21T10:30:00-08:00,6,110,2
2025-01-21T11:00:00-08:00,7,106,2.4
2025-01-21T11:30:00-08:00,8,100,2.6
2025-01-21T12:00:00-08:00,10,95,3.4
2025-01-21T12:30:00-08:00,11,91,2.6
2025-01-21T13:00:00-08:00,11,89,1.8
2025-01-21T13:30:00-08:00,11,87,1.1
2025-01-21T14:00:00-08:00,11,86,0.9
2025-01-21T14:30:00-08:00,12,86,0.9
2025-01-21T15:00:00-08:00,12,85,0.9
2025-01-21T15:30:00-08:00,13,83,1.1
2025-01-21T16:00:00-08:00,15,80,1.9
2025-01-21T16:30:00-08:00,17,79,4.5
2025-01-21T17:00:00-08:00,19,78,7.5
2025-01-21T17:30:00-08:00,21,76,8.7
2025-01-21T18:00:00-08:00,22,74,11.2
2025-01-21T18:30:00-08:00,22,74,13.8
2025-01-21T19:00:00-08:00,22,73,13.7
2025-01-21T19:30:00-08:00,23,71,14.4
2025-01-21T20:00:00-08:00,24,70,17.4
2025-01-21T20:30:00-08:00,25,69,16.2
2025-01-21T21:00:00-08:00,26,68,15.8
2025-01-21T21:30:00-08:00,26,67,15.7
2025-01-21T22:00:00-08:00,26,66,16.2
2025-01-21T22:30:00-08:00,27,65,16.4
2025-01-21T23:00:00-08:00,28,64,17.3
2025-01-21T23:30:00-08:00,28,63,15.5
2025-01-22T00:00:00-08:00,28,62,16
2025-01-22T00:30:00-08:00,28,62,14.4
2025-01-22T01:00:00-08:00,28,61,12.5
2025-01-22T01:30:00-08:00,29,60,11.9
2025-01-22T02:00:00-08:00,29,60,11.3
2025-01-22T02:30:00-08:00,30,59,11
2025-01-22T03:00:00-08:00,29,59,12.2
2025-01-22T03:30:00-08:00,30,59,12
2025-01-22T04:00:00-08:00,30,58,13.5
2025-01-22T04:30:00-08:00,29,58,12.2
2025-01-22T05:00:00-08:00,30,58,11.7
2025-01-22T05:30:00-08:00,30,58,13.6
2025-01-22T06:00:00-08:00,30,58,16.5
2025-01-22T06:30:00-08:00,30,58,17.6
2025-01-22T07:00:00-08:00,30,58,20
2025-01-22T07:30:00-08:00,31,58,18.9
2025-01-22T08:00:00-08:00,25,71,16.8
2025-01-22T08:30:00-08:00,15,89,15.3
2025-01-22T09:00:00-08:00,11,101,14.9
2025-01-22T09:30:00-08:00,10,105,16
2025-01-22T10:00:00-08:00,9,111,16
2025-01-22T10:30:00-08:00,10,110,13.4
2025-01-22T11:00:00-08:00,10,108,13.5
2025-01-22T11:30:00-08:00,12,101,12.5
2025-01-22T12:00:00-08:00,12,96,9.7
2025-01-22T12:30:00-08:00,12,92,5.5
2025-01-22T13:00:00-08:00,12,90,4.1
2025-01-22T13:30:00-08:00,12,90,3.2
2025-01-22T14:00:00-08:00,13,89,3.7
2025-01-22T14:30:00-08:00,13,88,3.7
2025-01-22T15:00:00-08:00,13,86,3.5
2025-01-22T15:30:00-08:00,13,86,3
2025-01-22T16:00:00-08:00,12,83,2.2
2025-01-22T16:30:00-08:00,12,79,1.7
2025-01-22T17:00:00-08:00,13,78,2.1
2025-01-22T17:30:00-08:00,15,77,2.8
2025-01-22T18:00:00-08:00,15,77,4.8
2025-01-22T18:30:00-08:00,14,75,3.7
2025-01-22T19:00:00-08:00,15,75,3
2025-01-22T19:30:00-08:00,15,74,4.2
2025-01-22T20:00:00-08:00,16,74,7.5
2025-01-22T20:30:00-08:00,19,73,13.5
2025-01-22T21:00:00-08:00,21,73,13.6
2025-01-22T21:30:00-08:00,21,72,10.7
2025-01-22T22:00:00-08:00,24,71,14.1
2025-01-22T22:30:00-08:00,27,70,15.2
2025-01-22T23:00:00-08:00,28,70,14.6
2025-01-22T23:30:00-08:00,28,69,16.4
2025-01-23T00:00:00-08:00,29,68,19.2
2025-01-23T00:30:00-08:00,28,67,16.9
2025-01-23T01:00:00-08:00,27,67,15.6
2025-01-23T01:30:00-08:00,28,67,18
2025-01-23T02:00:00-08:00,27,66,17.9
2025-01-23T02:30:00-08:00,28,66,17.7
2025-01-23T03:00:00-08:00,29,65,16.9
2025-01-23T03:30:00-08:00,32,64,15.9
2025-01-23T04:00:00-08:00,31,64,15.5
2025-01-23T04:30:00-08:00,28,64,17
2025-01-23T05:00:00-08:00,27,64,22.6
2025-01-23T05:30:00-08:00,27,66,27.2
2025-01-23T06:00:00-08:00,30,62,29.9
2025-01-23T06:30:00-08:00,29,62,28.3
2025-01-23T07:00:00-08:00,28,64,28.4
2025-01-23T07:30:00-08:00,25,68,27.3
2025-01-23T08:00:00-08:00,19,79,19
2025-01-23T08:30:00-08:00,12,93,14.8
2025-01-23T09:00:00-08:00,10,100,15.2
2025-01-23T09:30:00-08:00,9,103,13
2025-01-23T10:00:00-08:00,10,100,16.4
2025-01-23T10:30:00-08:00,12,93,20
2025-01-23T11:00:00-08:00,14,90,22
2025-01-23T11:30:00-08:00,15,89,18.2
2025-01-23T12:00:00-08:00,14,93,16.2
2025-01-23T12:30:00-08:00,13,96,17.7
2025-01-23T13:00:00-08:00,13,95,19.9
2025-01-23T13:30:00-08:00,13,94,17.9
2025-01-23T14:00:00-08:00,14,88,14.1
2025-01-23T14:30:00-08:00,15,88,14.6
2025-01-23T15:00:00-08:00,16,91,18.3
2025-01-23T15:30:00-08:00,15,91,18.1
2025-01-23T16:00:00-08:00,16,90,17.3
2025-01-23T16:30:00-08:00,17,88,17.8
2025-01-23T17:00:00-08:00,17,86,16.1
2025-01-23T17:30:00-08:00,19,84,18
2025-01-23T18:00:00-08:00,20,82,18.3
2025-01-23T18:30:00-08:00,21,80,22.6
2025-01-23T19:00:00-08:00,22,77,20
2025-01-23T19:30:00-08:00,22,76,18.5
2025-01-23T20:00:00-08:00,23,75,20.4
2025-01-23T20:30:00-08:00,25,73,28
2025-01-23T21:00:00-08:00,26,72,30.5
2025-01-23T21:30:00-08:00,27,71,31.4
2025-01-23T22:00:00-08:00,27,71,31
2025-01-23T22:30:00-08:00,27,70,29.4
2025-01-23T23:00:00-08:00,28,69,27.8
2025-01-23T23:30:00-08:00,28,69,26.6
2025-01-24T00:00:00-08:00,28,67,25.3
2025-01-24T00:30:00-08:00,29,67,23.9
2025-01-24T01:00:00-08:00,30,65,21.9
2025-01-24T01:30:00-08:00,30,66,21.1
2025-01-24T02:00:00-08:00,29,65,18.9
2025-01-24T02:30:00-08:00,29,65,18.2
2025-01-24T03:00:00-08:00,30,64,17
2025-01-24T03:30:00-08:00,32,62,17.3
2025-01-24T04:00:00-08:00,31,63,20.9
2025-01-24T04:30:00-08:00,30,63,19.2
2025-01-24T05:00:00-08:00,30,63,18.7
2025-01-24T05:30:00-08:00,31,62,19.3
2025-01-24T06:00:00-08:00,32,61,19.3
2025-01-24T06:30:00-08:00,31,62,16.8
2025-01-24T07:00:00-08:00,30,62,15.5
2025-01-24T07:30:00-08:00,29,63,14.9
2025-01-24T08:00:00-08:00,23,76,14.9
2025-01-24T08:30:00-08:00,15,92,15
2025-01-24T09:00:00-08:00,11,103,17.3
2025-01-24T09:30:00-08:00,9,110,17
2025-01-24T10:00:00-08:00,8,113,17.3
2025-01-24T10:30:00-08:00,8,112,15.5
2025-01-24T11:00:00-08:00,9,109,17.7
2025-01-24T11:30:00-08:00,12,101,19.2
2025-01-24T12:00:00-08:00,13,99,19.7
2025-01-24T12:30:00-08:00,15,96,22
2025-01-24T13:00:00-08:00,15,95,24.9
2025-01-24T13:30:00-08:00,17,93,29.4
2025-01-24T14:00:00-08:00,19,89,35.1
2025-01-24T14:30:00-08:00,20,87,36.3
2025-01-24T15:00:00-08:00,21,85,36.4
2025-01-24T15:30:00-08:00,21,84,34.1
2025-01-24T16:00:00-08:00,23,84,35.6
2025-01-24T16:30:00-08:00,25,82,37.2
2025-01-24T17:00:00-08:00,24,81,35.6
2025-01-24T17:30:00-08:00,25,80,37.5
2025-01-24T18:00:00-08:00,26,78,38.1
2025-01-24T18:30:00-08:00,30,76,37.1
2025-01-24T19:00:00-08:00,32,75,32.3
2025-01-24T19:30:00-08:00,34,74,21.7
2025-01-24T20:00:00-08:00,33,75,20
2025-01-24T20:30:00-08:00,32,76,17.6
2025-01-24T21:00:00-08:00,32,75,19
2025-01-24T21:30:00-08:00,32,74,20.1
2025-01-24T22:00:00-08:00,33,72,28
2025-01-24T22:30:00-08:00,34,71,34.4
2025-01-24T23:00:00-08:00,36,70,36.9
2025-01-24T23:30:00-08:00,37,70,29.4
2025-01-25T00:00:00-08:00,37,70,19.6
2025-01-25T00:30:00-08:00,35,70,15.9
2025-01-25T01:00:00-08:00,33,69,17.8
2025-01-25T01:30:00-08:00,33,68,21.3
2025-01-25T02:00:00-08:00,35,67,19.4
2025-01-25T02:30:00-08:00,35,67,18.4
2025-01-25T03:00:00-08:00,34,67,18.6
2025-01-25T03:30:00-08:00,36,65,21
2025-01-25T04:00:00-08:00,40,65,33.8
2025-01-25T04:30:00-08:00,38,68,31.5
2025-01-25T05:00:00-08:00,36,69,29.3
2025-01-25T05:30:00-08:00,36,70,28.6
2025-01-25T06:00:00-08:00,35,71,27.8
2025-01-25T06:30:00-08:00,38,69,31
2025-01-25T07:00:00-08:00,43,66,32.5
2025-01-25T07:30:00-08:00,43,66,30.9
2025-01-25T08:00:00-08:00,40,68,27.5
2025-01-25T08:30:00-08:00,32,73,24
2025-01-25T09:00:00-08:00,22,73,6.3
2025-01-25T09:30:00-08:00,19,71,1.5
2025-01-25T10:00:00-08:00,19,68,0.7
2025-01-25T10:30:00-08:00,16,73,0.5
2025-01-25T11:00:00-08:00,15,72,0.5
2025-01-25T11:30:00-08:00,16,68,0.7
2025-01-25T12:00:00-08:00,16,69,0.9
2025-01-25T12:30:00-08:00,16,70,0.6
2025-01-25T13:00:00-08:00,15,74,1
2025-01-25T13:30:00-08:00,15,73,0.7
2025-01-25T14:00:00-08:00,16,71,0.6
2025-01-25T14:30:00-08:00,16,72,0.8
2025-01-25T15:00:00-08:00,17,71,1.2
2025-01-25T15:30:00-08:00,18,71,1.1
2025-01-25T16:00:00-08:00,18,71,1.9
2025-01-25T16:30:00-08:00,21,69,3.3
2025-01-25T17:00:00-08:00,20,71,3.6
2025-01-25T17:30:00-08:00,21,71,3.7
2025-01-25T18:00:00-08:00,21,71,3.7
2025-01-25T18:30:00-08:00,22,69,6
2025-01-25T19:00:00-08:00,25,68,6.8
2025-01-25T19:30:00-08:00,25,69,8.3
2025-01-25T20:00:00-08:00,23,71,8.8
2025-01-25T20:30:00-08:00,23,70,9.6
2025-01-25T21:00:00-08:00,24,70,9.6
2025-01-25T21:30:00-08:00,28,68,6.6
2025-01-25T22:00:00-08:00,30,66,4.8
2025-01-25T22:30:00-08:00,30,66,4.4
2025-01-25T23:00:00-08:00,31,66,5.6
2025-01-25T23:30:00-08:00,31,66,5.4
2025-01-26T00:00:00-08:00,31,65,4.9
2025-01-26T00:30:00-08:00,31,65,4.4
2025-01-26T01:00:00-08:00,32,65,5.3
2025-01-26T01:30:00-08:00,32,65,8.1
2025-01-26T02:00:00-08:00,31,65,5.4
2025-01-26T02:30:00-08:00,33,63,4.8
2025-01-26T03:00:00-08:00,34,62,5.8
2025-01-26T03:30:00-08:00,31,64,6.5
2025-01-26T04:00:00-08:00,32,62,7.1
2025-01-26T04:30:00-08:00,36,59,8.4
2025-01-26T05:00:00-08:00,36,59,8.2
2025-01-26T05:30:00-08:00,37,59,7.5
2025-01-26T06:00:00-08:00,35,62,7
2025-01-26T06:30:00-08:00,35,63,8.9
2025-01-26T07:00:00-08:00,34,65,10.2
2025-01-26T07:30:00-08:00,35,64,6.8
2025-01-26T08:00:00-08:00,35,61,2.9
2025-01-26T08:30:00-08:00,36,61,3
2025-01-26T09:00:00-08:00,31,62,1.6
2025-01-26T09:30:00-08:00,21,71,0.9
2025-01-26T10:00:00-08:00,24,64,1
2025-01-26T10:30:00-08:00,22,68,1
2025-01-26T11:00:00-08:00,23,67,0.9
2025-01-26T11:30:00-08:00,20,70,0.7
2025-01-26T12:00:00-08:00,20,68,0.6
2025-01-26T12:30:00-08:00,20,69,0.6
2025-01-26T13:00:00-08:00,19,70,0.5
2025-01-26T13:30:00-08:00,21,70,0.7
2025-01-26T14:00:00-08:00,19,75,0.6
2025-01-26T14:30:00-08:00,19,74,0.7
2025-01-26T15:00:00-08:00,17,75,0.5
2025-01-26T15:30:00-08:00,15,75,0.4
2025-01-26T16:00:00-08:00,14,75,0.4
2025-01-26T16:30:00-08:00,14,73,0.4
2025-01-26T17:00:00-08:00,15,73,0.8
2025-01-26T17:30:00-08:00,16,72,1.4
2025-01-26T18:00:00-08:00,18,70,2.6
2025-01-26T18:30:00-08:00,19,69,8.5
2025-01-26T19:00:00-08:00,20,67,5.3
2025-01-26T19:30:00-08:00,22,66,15.5
2025-01-26T20:00:00-08:00,21,66,10.8
2025-01-26T20:30:00-08:00,22,65,14
2025-01-26T21:00:00-08:00,22,66,12.8
2025-01-26T21:30:00-08:00,23,65,13.3
2025-01-26T22:00:00-08:00,24,64,10.3
2025-01-26T22:30:00-08:00,25,62,7.6
2025-01-26T23:00:00-08:00,27,60,8.2
2025-01-26T23:30:00-08:00,27,60,7.3
2025-01-27T00:00:00-08:00,28,58,6.3
2025-01-27T00:30:00-08:00,29,57,6
2025-01-27T01:00:00-08:00,29,57,4.3
2025-01-27T01:30:00-08:00,31,56,6
2025-01-27T02:00:00-08:00,30,56,4.9
2025-01-27T02:30:00-08:00,30,56,4.5
2025-01-27T03:00:00-08:00,31,55,4.2
2025-01-27T03:30:00-08:00,31,55,3.9
2025-01-27T04:00:00-08:00,32,54,3.9
2025-01-27T04:30:00-08:00,32,54,4
2025-01-27T05:00:00-08:00,32,54,4.5
2025-01-27T05:30:00-08:00,33,53,4.2
2025-01-27T06:00:00-08:00,32,53,4.6
2025-01-27T06:30:00-08:00,32,53,6.5
2025-01-27T07:00:00-08:00,33,53,8.5
2025-01-27T07:30:00-08:00,31,57,8
2025-01-27T08:00:00-08:00,20,74,6.5
2025-01-27T08:30:00-08:00,13,89,6
2025-01-27T09:00:00-08:00,10,97,5.1
2025-01-27T09:30:00-08:00,9,101,5.7
2025-01-27T10:00:00-08:00,8,104,4.4
2025-01-27T10:30:00-08:00,8,106,4.1
2025-01-27T11:00:00-08:00,9,102,4
2025-01-27T11:30:00-08:00,9,96,2.2
2025-01-27T12:00:00-08:00,10,90,1.8
2025-01-27T12:30:00-08:00,10,89,1.9
2025-01-27T13:00:00-08:00,10,89,1.7
2025-01-27T13:30:00-08:00,11,86,2.5
2025-01-27T14:00:00-08:00,12,85,2.7
2025-01-27T14:30:00-08:00,12,82,2.7
2025-01-27T15:00:00-08:00,14,80,3.1
2025-01-27T15:30:00-08:00,14,79,3.3
2025-01-27T16:00:00-08:00,14,79,4.7
2025-01-27T16:30:00-08:00,15,77,5.5
2025-01-27T17:00:00-08:00,17,74,3.4
2025-01-27T17:30:00-08:00,17,74,3.9
2025-01-27T18:00:00-08:00,18,72,4
2025-01-27T18:30:00-08:00,20,71,4.9
2025-01-27T19:00:00-08:00,21,69,6
2025-01-27T19:30:00-08:00,22,69,15.4
2025-01-27T20:00:00-08:00,23,67,8.9
2025-01-27T20:30:00-08:00,25,65,11.1
2025-01-27T21:00:00-08:00,24,66,21.7
2025-01-27T21:30:00-08:00,25,66,25.8
2025-01-27T22:00:00-08:00,25,65,23.2
2025-01-27T22:30:00-08:00,25,64,15.1
2025-01-27T23:00:00-08:00,26,63,10.4
2025-01-27T23:30:00-08:00,27,62,10.2
2025-01-28T00:00:00-08:00,28,61,10.5
2025-01-28T00:30:00-08:00,28,61,10.8
2025-01-28T01:00:00-08:00,28,60,10.4
2025-01-28T01:30:00-08:00,30,59,9.5
2025-01-28T02:00:00-08:00,31,57,8.3
2025-01-28T02:30:00-08:00,32,57,8
2025-01-28T03:00:00-08:00,32,56,8.2
2025-01-28T03:30:00-08:00,32,56,7.4
2025-01-28T04:00:00-08:00,32,56,7.6
2025-01-28T04:30:00-08:00,33,55,7.5
2025-01-28T05:00:00-08:00,34,55,6.6
2025-01-28T05:30:00-08:00,33,55,6.8
2025-01-28T06:00:00-08:00,34,55,7.9
2025-01-28T06:30:00-08:00,33,55,8.6
2025-01-28T07:00:00-08:00,33,56,10.4
2025-01-28T07:30:00-08:00,30,60,10.3
2025-01-28T08:00:00-08:00,20,77,9.9
2025-01-28T08:30:00-08:00,14,88,10.1
2025-01-28T09:00:00-08:00,11,99,9.8
2025-01-28T09:30:00-08:00,9,104,8.6
2025-01-28T10:00:00-08:00,9,107,7.6
2025-01-28T10:30:00-08:00,9,106,6.7
2025-01-28T11:00:00-08:00,11,101,6.4
2025-01-28T11:30:00-08:00,13,96,6.1
2025-01-28T12:00:00-08:00,14,93,7.4
2025-01-28T12:30:00-08:00,16,89,5.4
2025-01-28T13:00:00-08:00,16,88,6
2025-01-28T13:30:00-08:00,18,86,6.9
2025-01-28T14:00:00-08:00,17,85,5.3
2025-01-28T14:30:00-08:00,16,83,3.9
2025-01-28T15:00:00-08:00,21,80,5.3
2025-01-28T15:30:00-08:00,27,78,3.5
2025-01-28T16:00:00-08:00,30,77,2.9
2025-01-28T16:30:00-08:00,30,75,2.8
2025-01-28T17:00:00-08:00,30,73,4.5
2025-01-28T17:30:00-08:00,33,72,3
2025-01-28T18:00:00-08:00,36,70,3.2
2025-01-28T18:30:00-08:00,38,69,3.5
2025-01-28T19:00:00-08:00,39,68,3.1
2025-01-28T19:30:00-08:00,38,69,4.6
2025-01-28T20:00:00-08:00,37,68,4.6
2025-01-28T20:30:00-08:00,37,67,5
2025-01-28T21:00:00-08:00,38,66,5.5
2025-01-28T21:30:00-08:00,38,66,17.9
2025-01-28T22:00:00-08:00,38,67,10.6
2025-01-28T22:30:00-08:00,38,66,4.1
2025-01-28T23:00:00-08:00,39,65,6.7
2025-01-28T23:30:00-08:00,38,64,6.4
2025-01-29T00:00:00-08:00,38,63,6.7
2025-01-29T00:30:00-08:00,38,63,7.1
2025-01-29T01:00:00-08:00,40,64,7.7
2025-01-29T01:30:00-08:00,41,64,8.9
2025-01-29T02:00:00-08:00,41,64,10.6
2025-01-29T02:30:00-08:00,40,65,12.2
2025-01-29T03:00:00-08:00,40,66,12
2025-01-29T03:30:00-08:00,38,67,12.4
2025-01-29T04:00:00-08:00,37,67,15
2025-01-29T04:30:00-08:00,38,66,17.7
2025-01-29T05:00:00-08:00,39,66,12.5
2025-01-29T05:30:00-08:00,40,64,12.9
2025-01-29T06:00:00-08:00,38,65,19.1
2025-01-29T06:30:00-08:00,37,65,13.3
2025-01-29T07:00:00-08:00,38,65,13.6
2025-01-29T07:30:00-08:00,39,64,17.5
2025-01-29T08:00:00-08:00,39,65,15.1
2025-01-29T08:30:00-08:00,37,65,12.5
2025-01-29T09:00:00-08:00,37,65,13.7
2025-01-29T09:30:00-08:00,36,67,16.6
2025-01-29T10:00:00-08:00,36,67,18.2
2025-01-29T10:30:00-08:00,35,67,17.1
2025-01-29T11:00:00-08:00,34,68,13.2
2025-01-29T11:30:00-08:00,33,69,9.9
2025-01-29T12:00:00-08:00,30,74,7.9
2025-01-29T12:30:00-08:00,27,79,6.1
2025-01-29T13:00:00-08:00,24,81,6.1
2025-01-29T13:30:00-08:00,25,80,5.7
2025-01-29T14:00:00-08:00,27,77,5.1
2025-01-29T14:30:00-08:00,27,77,6.2
2025-01-29T15:00:00-08:00,26,77,6.5
2025-01-29T15:30:00-08:00,25,78,6
2025-01-29T16:00:00-08:00,26,77,7.4
2025-01-29T16:30:00-08:00,29,75,7.4
2025-01-29T17:00:00-08:00,31,72,6.8
2025-01-29T17:30:00-08:00,34,70,8.3
2025-01-29T18:00:00-08:00,35,69,5.5
2025-01-29T18:30:00-08:00,36,69,5.5
2025-01-29T19:00:00-08:00,35,68,5.9
2025-01-29T19:30:00-08:00,35,69,8
2025-01-29T20:00:00-08:00,34,70,10.2
2025-01-29T20:30:00-08:00,33,70,7.9
2025-01-29T21:00:00-08:00,34,70,9.8
2025-01-29T21:30:00-08:00,34,70,10.2
2025-01-29T22:00:00-08:00,33,71,11.7
2025-01-29T22:30:00-08:00,34,70,9.5
2025-01-29T23:00:00-08:00,34,70,7.5
2025-01-29T23:30:00-08:00,34,70,6.9
2025-01-30T00:00:00-08:00,34,69,6.6
2025-01-30T00:30:00-08:00,34,70,6
2025-01-30T01:00:00-08:00,34,70,5.9
2025-01-30T01:30:00-08:00,34,70,6.3
2025-01-30T02:00:00-08:00,34,70,6.7
2025-01-30T02:30:00-08:00,34,70,7.3
2025-01-30T03:00:00-08:00,34,70,7.3
2025-01-30T03:30:00-08:00,34,70,7.8
2025-01-30T04:00:00-08:00,34,69,8.5
2025-01-30T04:30:00-08:00,33,69,9.2
2025-01-30T05:00:00-08:00,32,70,8.4
2025-01-30T05:30:00-08:00,32,70,8.4
2025-01-30T06:00:00-08:00,32,69,9
2025-01-30T06:30:00-08:00,32,70,9.5
2025-01-30T07:00:00-08:00,31,70,10.8
2025-01-30T07:30:00-08:00,30,71,9.7
2025-01-30T08:00:00-08:00,32,69,8.6
2025-01-30T08:30:00-08:00,32,69,11.1
2025-01-30T09:00:00-08:00,30,71,12.8
2025-01-30T09:30:00-08:00,29,72,14.1
2025-01-30T10:00:00-08:00,27,74,14.4
2025-01-30T10:30:00-08:00,28,74,14.9
2025-01-30T11:00:00-08:00,27,75,15.3
2025-01-30T11:30:00-08:00,26,75,15.9
2025-01-30T12:00:00-08:00,25,76,14.8
2025-01-30T12:30:00-08:00,24,78,7.6
2025-01-30T13:00:00-08:00,24,78,6.1
2025-01-30T13:30:00-08:00,26,74,5.9
2025-01-30T14:00:00-08:00,25,77,6
2025-01-30T14:30:00-08:00,24,78,4.7
2025-01-30T15:00:00-08:00,24,78,4.5
2025-01-30T15:30:00-08:00,26,76,4.6
2025-01-30T16:00:00-08:00,26,76,3.9
2025-01-30T16:30:00-08:00,26,75,4.3
2025-01-30T17:00:00-08:00,27,74,4.7
2025-01-30T17:30:00-08:00,30,71,5.5
2025-01-30T18:00:00-08:00,32,69,4.8
2025-01-30T18:30:00-08:00,32,69,5.5
2025-01-30T19:00:00-08:00,32,69,7.6
2025-01-30T19:30:00-08:00,32,69,9
2025-01-30T20:00:00-08:00,30,70,15.3
2025-01-30T20:30:00-08:00,31,68,10.8
2025-01-30T21:00:00-08:00,31,67,31.9
2025-01-30T21:30:00-08:00,32,67,12.8
2025-01-30T22:00:00-08:00,32,68,14.6
2025-01-30T22:30:00-08:00,34,67,15.7
2025-01-30T23:00:00-08:00,36,65,13.8
2025-01-30T23:30:00-08:00,34,67,10.4
2025-01-31T00:00:00-08:00,35,66,8.5
2025-01-31T00:30:00-08:00,37,64,11.9
2025-01-31T01:00:00-08:00,38,64,21.5
2025-01-31T01:30:00-08:00,39,63,20.5
2025-01-31T02:00:00-08:00,35,67,18.9
2025-01-31T02:30:00-08:00,34,68,16.6
2025-01-31T03:00:00-08:00,34,67,14.9
2025-01-31T03:30:00-08:00,35,67,12.9
2025-01-31T04:00:00-08:00,34,67,11.5
2025-01-31T04:30:00-08:00,34,67,12.5
2025-01-31T05:00:00-08:00,37,66,12.3
2025-01-31T05:30:00-08:00,35,68,12.6
2025-01-31T06:00:00-08:00,34,68,13.1
2025-01-31T06:30:00-08:00,35,67,12.9
2025-01-31T07:00:00-08:00,36,66,12.4
2025-01-31T07:30:00-08:00,37,66,11.4
2025-01-31T08:00:00-08:00,38,66,12.7
2025-01-31T08:30:00-08:00,36,68,12.4
2025-01-31T09:00:00-08:00,37,67,10.1
2025-01-31T09:30:00-08:00,38,67,10.6
2025-01-31T10:00:00-08:00,40,65,10.2
2025-01-31T10:30:00-08:00,42,65,9.7
2025-01-31T11:00:00-08:00,41,67,11.1
2025-01-31T11:30:00-08:00,40,68,7.4
2025-01-31T12:00:00-08:00,40,67,6.7
2025-01-31T12:30:00-08:00,40,67,6.5
2025-01-31T13:00:00-08:00,40,68,6.2
2025-01-31T13:30:00-08:00,41,68,7.9
2025-01-31T14:00:00-08:00,48,66,8.8
2025-01-31T14:30:00-08:00,50,65,7.8
2025-01-31T15:00:00-08:00,51,65,4.3
2025-01-31T15:30:00-08:00,54,64,4.1
2025-01-31T16:00:00-08:00,52,66,4.4
2025-01-31T16:30:00-08:00,50,66,4.1
2025-01-31T17:00:00-08:00,50,66,4.3
2025-01-31T17:30:00-08:00,50,66,4.7
2025-01-31T18:00:00-08:00,52,65,5.1
2025-01-31T18:30:00-08:00,51,67,4.6
2025-01-31T19:00:00-08:00,52,66,2.9
2025-01-31T19:30:00-08:00,53,66,3.6
2025-01-31T20:00:00-08:00,54,66,3.7
2025-01-31T20:30:00-08:00,52,67,5.8
2025-01-31T21:00:00-08:00,51,68,3.5
2025-01-31T21:30:00-08:00,51,68,4
2025-01-31T22:00:00-08:00,50,68,3.6
2025-01-31T22:30:00-08:00,48,69,4.5
2025-01-31T23:00:00-08:00,48,70,4.5
2025-01-31T23:30:00-08:00,48,69,3.7
2025-02-01T00:00:00-08:00,50,69,4.4
2025-02-01T00:30:00-08:00,49,70,3.7
2025-02-01T01:00:00-08:00,48,69,4.3
2025-02-01T01:30:00-08:00,49,68,5.5
2025-02-01T02:00:00-08:00,50,68,5.3
2025-02-01T02:30:00-08:00,47,70,4.2
2025-02-01T03:00:00-08:00,45,72,2.7
2025-02-01T03:30:00-08:00,45,71,3.1
2025-02-01T04:00:00-08:00,45,73,4.1
2025-02-01T04:30:00-08:00,47,72,5.1
2025-02-01T05:00:00-08:00,51,70,4.8
2025-02-01T05:30:00-08:00,52,70,3.1
2025-02-01T06:00:00-08:00,51,71,2.1
2025-02-01T06:30:00-08:00,50,72,2.1
2025-02-01T07:00:00-08:00,52,69,7.2
2025-02-01T07:30:00-08:00,47,71,10.5
2025-02-01T08:00:00-08:00,46,70,11
2025-02-01T08:30:00-08:00,44,70,8.6
2025-02-01T09:00:00-08:00,45,70,7.3
2025-02-01T09:30:00-08:00,45,70,7.7
2025-02-01T10:00:00-08:00,46,69,7.4
2025-02-01T10:30:00-08:00,45,70,8
2025-02-01T11:00:00-08:00,44,70,8.1
2025-02-01T11:30:00-08:00,43,72,8.9
2025-02-01T12:00:00-08:00,47,72,7.2
2025-02-01T12:30:00-08:00,54,70,4.3
2025-02-01T13:00:00-08:00,55,70,3.7
2025-02-01T13:30:00-08:00,55,70,1.4
2025-02-01T14:00:00-08:00,54,71,0.4
2025-02-01T14:30:00-08:00,52,72,0.1
2025-02-01T15:00:00-08:00,51,73,0.1
2025-02-01T15:30:00-08:00,50,73,0.1
2025-02-01T16:00:00-08:00,51,72,0.1
2025-02-01T16:30:00-08:00,51,72,0.2
2025-02-01T17:00:00-08:00,51,72,0.4
2025-02-01T17:30:00-08:00,52,72,0.6
2025-02-01T18:00:00-08:00,52,71,2
2025-02-01T18:30:00-08:00,51,72,0.9
2025-02-01T19:00:00-08:00,51,72,1
2025-02-01T19:30:00-08:00,50,72,0.9
2025-02-01T20:00:00-08:00,50,73,3.5
2025-02-01T20:30:00-08:00,51,72,0.8
2025-02-01T21:00:00-08:00,51,72,0.8
2025-02-01T21:30:00-08:00,52,72,2.1
2025-02-01T22:00:00-08:00,52,72,1.6
2025-02-01T22:30:00-08:00,52,72,1
2025-02-01T23:00:00-08:00,52,71,1.2
2025-02-01T23:30:00-08:00,51,72,1.4
2025-02-02T00:00:00-08:00,52,72,3.1
2025-02-02T00:30:00-08:00,52,72,1.3
2025-02-02T01:00:00-08:00,52,71,0.9
2025-02-02T01:30:00-08:00,51,72,0.9
2025-02-02T02:00:00-08:00,52,71,0.9
2025-02-02T02:30:00-08:00,53,70,1
2025-02-02T03:00:00-08:00,50,71,0.6
2025-02-02T03:30:00-08:00,52,70,0.5
2025-02-02T04:00:00-08:00,51,70,0.3
2025-02-02T04:30:00-08:00,51,70,0.4
2025-02-02T05:00:00-08:00,51,70,0.4
2025-02-02T05:30:00-08:00,50,70,0.3
2025-02-02T06:00:00-08:00,50,70,0.3
2025-02-02T06:30:00-08:00,49,70,0.4
2025-02-02T07:00:00-08:00,50,70,0.3
2025-02-02T07:30:00-08:00,50,70,0.2
2025-02-02T08:00:00-08:00,50,70,0.3
2025-02-02T08:30:00-08:00,48,71,0.3
2025-02-02T09:00:00-08:00,48,71,0.3
2025-02-02T09:30:00-08:00,48,72,0.1
2025-02-02T10:00:00-08:00,47,72,0
2025-02-02T10:30:00-08:00,46,73,0
2025-02-02T11:00:00-08:00,44,74,0
2025-02-02T11:30:00-08:00,43,75,0
2025-02-02T12:00:00-08:00,43,75,0
2025-02-02T12:30:00-08:00,43,75,0
2025-02-02T13:00:00-08:00,42,76,0
2025-02-02T13:30:00-08:00,43,75,0
2025-02-02T14:00:00-08:00,44,75,0.1
2025-02-02T14:30:00-08:00,43,76,0.9
2025-02-02T15:00:00-08:00,43,75,0
2025-02-02T15:30:00-08:00,43,75,0
2025-02-02T16:00:00-08:00,43,75,1.2
2025-02-02T16:30:00-08:00,45,73,0
2025-02-02T17:00:00-08:00,45,73,0
2025-02-02T17:30:00-08:00,45,73,0
2025-02-02T18:00:00-08:00,44,73,0
2025-02-02T18:30:00-08:00,43,75,0
2025-02-02T19:00:00-08:00,43,74,2.2
2025-02-02T19:30:00-08:00,44,73,2.1
2025-02-02T20:00:00-08:00,45,72,1.5
2025-02-02T20:30:00-08:00,44,73,0.3
2025-02-02T21:00:00-08:00,44,73,0.2
2025-02-02T21:30:00-08:00,44,72,1.9
2025-02-02T22:00:00-08:00,44,73,3
2025-02-02T22:30:00-08:00,45,72,1
2025-02-02T23:00:00-08:00,45,72,0.4
2025-02-02T23:30:00-08:00,44,73,0.3
2025-02-03T00:00:00-08:00,44,73,0.4
2025-02-03T00:30:00-08:00,44,72,0.4
2025-02-03T01:00:00-08:00,45,72,0.4
2025-02-03T01:30:00-08:00,46,71,0.4
2025-02-03T02:00:00-08:00,45,72,0.5
2025-02-03T02:30:00-08:00,43,73,0.3
2025-02-03T03:00:00-08:00,43,73,0.1
2025-02-03T03:30:00-08:00,43,73,0.1
2025-02-03T04:00:00-08:00,44,72,0.1
2025-02-03T04:30:00-08:00,44,72,0
2025-02-03T05:00:00-08:00,43,72,0.1
2025-02-03T05:30:00-08:00,42,72,0.1
2025-02-03T06:00:00-08:00,44,70,0.1
2025-02-03T06:30:00-08:00,45,70,0.2
2025-02-03T07:00:00-08:00,45,71,0.2
2025-02-03T07:30:00-08:00,45,70,0.2
2025-02-03T08:00:00-08:00,43,71,0.3
2025-02-03T08:30:00-08:00,43,71,0.3
2025-02-03T09:00:00-08:00,43,71,2.2
2025-02-03T09:30:00-08:00,41,71,0.2
2025-02-03T10:00:00-08:00,40,72,0.2
2025-02-03T10:30:00-08:00,40,73,0.3
2025-02-03T11:00:00-08:00,41,72,0.2
2025-02-03T11:30:00-08:00,39,73,0.1
2025-02-03T12:00:00-08:00,39,74,0.1
2025-02-03T12:30:00-08:00,37,74,0.1
2025-02-03T13:00:00-08:00,37,73,0.2
2025-02-03T13:30:00-08:00,37,73,0.3
2025-02-03T14:00:00-08:00,37,73,0.7
2025-02-03T14:30:00-08:00,38,73,0.3
2025-02-03T15:00:00-08:00,38,73,0.2
2025-02-03T15:30:00-08:00,39,72,0.4
2025-02-03T16:00:00-08:00,39,71,0.3
2025-02-03T16:30:00-08:00,41,69,0.3
2025-02-03T17:00:00-08:00,42,68,0.7
2025-02-03T17:30:00-08:00,41,68,0.7
2025-02-03T18:00:00-08:00,41,69,0.3
2025-02-03T18:30:00-08:00,41,69,0.2
2025-02-03T19:00:00-08:00,41,69,0.2
2025-02-03T19:30:00-08:00,41,70,0.4
2025-02-03T20:00:00-08:00,40,70,0.7
2025-02-03T20:30:00-08:00,42,69,0.2
2025-02-03T21:00:00-08:00,41,70,0.1
2025-02-03T21:30:00-08:00,43,69,0.1
2025-02-03T22:00:00-08:00,44,69,0
2025-02-03T22:30:00-08:00,43,69,0
2025-02-03T23:00:00-08:00,41,69,0.2
2025-02-03T23:30:00-08:00,46,66,0.4
2025-02-04T00:00:00-08:00,44,68,0.4
2025-02-04T00:30:00-08:00,43,68,0.5
2025-02-04T01:00:00-08:00,44,67,0.3
2025-02-04T01:30:00-08:00,44,67,0.2
2025-02-04T02:00:00-08:00,44,67,0.1
2025-02-04T02:30:00-08:00,43,68,0
2025-02-04T03:00:00-08:00,44,68,0.1
2025-02-04T03:30:00-08:00,48,67,0.1
2025-02-04T04:00:00-08:00,47,69,0.2
2025-02-04T04:30:00-08:00,47,69,0.4
2025-02-04T05:00:00-08:00,50,67,0.3
2025-02-04T05:30:00-08:00,51,66,0.2
2025-02-04T06:00:00-08:00,51,66,0.1
2025-02-04T06:30:00-08:00,54,65,0.2
2025-02-04T07:00:00-08:00,54,66,0.4
2025-02-04T07:30:00-08:00,53,66,0.1
2025-02-04T08:00:00-08:00,52,66,0.1
2025-02-04T08:30:00-08:00,55,66,0.3
2025-02-04T09:00:00-08:00,52,69,0.1
2025-02-04T09:30:00-08:00,47,72,0.1
2025-02-04T10:00:00-08:00,46,73,0.1
2025-02-04T10:30:00-08:00,50,72,0
2025-02-04T11:00:00-08:00,54,70,0.1
2025-02-04T11:30:00-08:00,51,71,0
2025-02-04T12:00:00-08:00,52,72,0.1
2025-02-04T12:30:00-08:00,56,70,0.1
2025-02-04T13:00:00-08:00,56,70,0.4
2025-02-04T13:30:00-08:00,58,69,0
2025-02-04T14:00:00-08:00,59,69,0
2025-02-04T14:30:00-08:00,61,68,0.1
2025-02-04T15:00:00-08:00,63,67,0.2
2025-02-04T15:30:00-08:00,62,67,0.5
2025-02-04T16:00:00-08:00,62,67,0.6
2025-02-04T16:30:00-08:00,61,67,0.5
2025-02-04T17:00:00-08:00,59,68,0.2
2025-02-04T17:30:00-08:00,51,67,0.9
2025-02-04T18:00:00-08:00,51,66,2.6
2025-02-04T18:30:00-08:00,51,64,3.3
2025-02-04T19:00:00-08:00,50,64,3.7
2025-02-04T19:30:00-08:00,48,65,1.9
2025-02-04T20:00:00-08:00,47,64,1.8
2025-02-04T20:30:00-08:00,47,63,3.2
2025-02-04T21:00:00-08:00,45,63,0.9
2025-02-04T21:30:00-08:00,43,63,0.7
2025-02-04T22:00:00-08:00,42,63,0.8
2025-02-04T22:30:00-08:00,41,64,1.6
2025-02-04T23:00:00-08:00,41,62,3.1
2025-02-04T23:30:00-08:00,40,61,0.7
2025-02-05T00:00:00-08:00,39,63,0.8
2025-02-05T00:30:00-08:00,40,62,1.7
2025-02-05T01:00:00-08:00,41,61,0.9
2025-02-05T01:30:00-08:00,41,61,0.9
2025-02-05T02:00:00-08:00,42,60,1.2
2025-02-05T02:30:00-08:00,43,59,1.8
2025-02-05T03:00:00-08:00,44,59,2.1
2025-02-05T03:30:00-08:00,42,59,1.4
2025-02-05T04:00:00-08:00,44,58,2.2
2025-02-05T04:30:00-08:00,44,58,1.4
2025-02-05T05:00:00-08:00,43,58,1.2
2025-02-05T05:30:00-08:00,43,57,0.8
2025-02-05T06:00:00-08:00,44,57,1.5
2025-02-05T06:30:00-08:00,44,56,2
2025-02-05T07:00:00-08:00,43,57,2.4
2025-02-05T07:30:00-08:00,37,65,3.3
2025-02-05T08:00:00-08:00,25,80,3
2025-02-05T08:30:00-08:00,21,84,2.3
2025-02-05T09:00:00-08:00,16,94,2
2025-02-05T09:30:00-08:00,13,100,0.2
2025-02-05T10:00:00-08:00,14,96,0
2025-02-05T10:30:00-08:00,16,92,0.1
2025-02-05T11:00:00-08:00,17,92,0.1
2025-02-05T11:30:00-08:00,17,91,0.1
2025-02-05T12:00:00-08:00,17,87,0.2
2025-02-05T12:30:00-08:00,19,85,0.4
2025-02-05T13:00:00-08:00,18,83,0.9
2025-02-05T13:30:00-08:00,22,81,0.2
2025-02-05T14:00:00-08:00,23,81,0.4
2025-02-05T14:30:00-08:00,24,79,0.1
2025-02-05T15:00:00-08:00,26,77,0.4
2025-02-05T15:30:00-08:00,27,76,0.8
2025-02-05T16:00:00-08:00,28,75,0.9
2025-02-05T16:30:00-08:00,28,73,1
2025-02-05T17:00:00-08:00,27,73,7.6
2025-02-05T17:30:00-08:00,25,68,0.1
2025-02-05T18:00:00-08:00,25,67,0.1
2025-02-05T18:30:00-08:00,29,64,0.1
2025-02-05T19:00:00-08:00,32,63,0.3
2025-02-05T19:30:00-08:00,31,64,0.7
2025-02-05T20:00:00-08:00,32,63,0.6
2025-02-05T20:30:00-08:00,31,63,1.5
2025-02-05T21:00:00-08:00,32,62,0.7
2025-02-05T21:30:00-08:00,33,61,0.6
2025-02-05T22:00:00-08:00,33,60,0.6
2025-02-05T22:30:00-08:00,32,60,0.5
2025-02-05T23:00:00-08:00,34,59,0.3
2025-02-05T23:30:00-08:00,34,59,0.5
2025-02-06T00:00:00-08:00,34,61,7.7
2025-02-06T00:30:00-08:00,36,61,5.6
2025-02-06T01:00:00-08:00,35,59,1
2025-02-06T01:30:00-08:00,35,59,0.7
2025-02-06T02:00:00-08:00,33,59,0.1
2025-02-06T02:30:00-08:00,33,59,0.1
2025-02-06T03:00:00-08:00,34,58,0.1
2025-02-06T03:30:00-08:00,34,59,0.1
2025-02-06T04:00:00-08:00,33,60,0.2
2025-02-06T04:30:00-08:00,34,63,2
2025-02-06T05:00:00-08:00,33,65,1.9
2025-02-06T05:30:00-08:00,34,64,2.1
2025-02-06T06:00:00-08:00,34,64,1.5
2025-02-06T06:30:00-08:00,33,66,2.8
2025-02-06T07:00:00-08:00,35,66,2.1
2025-02-06T07:30:00-08:00,42,61,1.6
2025-02-06T08:00:00-08:00,47,58,1.3
2025-02-06T08:30:00-08:00,53,56,1.2
2025-02-06T09:00:00-08:00,51,59,2.5
2025-02-06T09:30:00-08:00,52,61,6.3
2025-02-06T10:00:00-08:00,50,62,7.5
2025-02-06T10:30:00-08:00,52,63,5.9
2025-02-06T11:00:00-08:00,54,65,2
2025-02-06T11:30:00-08:00,51,68,0.6
2025-02-06T12:00:00-08:00,51,68,1.7
2025-02-06T12:30:00-08:00,51,69,0.1
2025-02-06T13:00:00-08:00,49,71,0.3
2025-02-06T13:30:00-08:00,48,72,0
2025-02-06T14:00:00-08:00,49,71,0
2025-02-06T14:30:00-08:00,51,71,0
2025-02-06T15:00:00-08:00,55,70,0.1
2025-02-06T15:30:00-08:00,57,69,0.7
2025-02-06T16:00:00-08:00,56,70,0.2
2025-02-06T16:30:00-08:00,57,70,0.1
2025-02-06T17:00:00-08:00,56,71,0.1
2025-02-06T17:30:00-08:00,54,71,0.8
2025-02-06T18:00:00-08:00,53,70,1.4
2025-02-06T18:30:00-08:00,53,71,1
2025-02-06T19:00:00-08:00,54,71,1.6
2025-02-06T19:30:00-08:00,55,70,1.6
2025-02-06T20:00:00-08:00,54,70,1
2025-02-06T20:30:00-08:00,52,71,1.1
2025-02-06T21:00:00-08:00,49,70,0.3
2025-02-06T21:30:00-08:00,53,69,1.2
2025-02-06T22:00:00-08:00,53,68,0.3
2025-02-06T22:30:00-08:00,52,66,0.1
2025-02-06T23:00:00-08:00,53,65,0.2
2025-02-06T23:30:00-08:00,52,65,0.1
2025-02-07T00:00:00-08:00,51,65,0.1
2025-02-07T00:30:00-08:00,49,65,0.3
2025-02-07T01:00:00-08:00,48,65,0.3
2025-02-07T01:30:00-08:00,47,65,0.3
2025-02-07T02:00:00-08:00,46,66,0.2
2025-02-07T02:30:00-08:00,44,68,0.3
2025-02-07T03:00:00-08:00,43,69,0.3
2025-02-07T03:30:00-08:00,45,67,0.6
2025-02-07T04:00:00-08:00,45,68,0.5
2025-02-07T04:30:00-08:00,44,68,0.4
2025-02-07T05:00:00-08:00,44,68,1
2025-02-07T05:30:00-08:00,44,68,0.6
2025-02-07T06:00:00-08:00,45,68,0.9
2025-02-07T06:30:00-08:00,46,68,2.3
2025-02-07T07:00:00-08:00,46,68,1.6
2025-02-07T07:30:00-08:00,45,68,1.3
2025-02-07T08:00:00-08:00,44,70,0.9
2025-02-07T08:30:00-08:00,40,74,0.4
2025-02-07T09:00:00-08:00,36,77,2
2025-02-07T09:30:00-08:00,35,76,7.5
2025-02-07T10:00:00-08:00,36,75,0.6
2025-02-07T10:30:00-08:00,33,77,0
2025-02-07T11:00:00-08:00,32,80,0.8
2025-02-07T11:30:00-08:00,29,83,2.6
2025-02-07T12:00:00-08:00,32,81,0.4
2025-02-07T12:30:00-08:00,29,84,0.4
2025-02-07T13:00:00-08:00,26,85,1.7
2025-02-07T13:30:00-08:00,27,83,0.8
2025-02-07T14:00:00-08:00,27,82,0
2025-02-07T14:30:00-08:00,24,83,0
2025-02-07T15:00:00-08:00,27,79,0.1
2025-02-07T15:30:00-08:00,29,76,1
2025-02-07T16:00:00-08:00,32,74,0.8
2025-02-07T16:30:00-08:00,32,73,0.2
2025-02-07T17:00:00-08:00,35,71,0.2
2025-02-07T17:30:00-08:00,36,70,1.3
2025-02-07T18:00:00-08:00,37,69,3.1
2025-02-07T18:30:00-08:00,37,70,0.8
2025-02-07T19:00:00-08:00,39,68,0.6
2025-02-07T19:30:00-08:00,38,68,1.1
2025-02-07T20:00:00-08:00,39,68,3.8
2025-02-07T20:30:00-08:00,40,67,2
2025-02-07T21:00:00-08:00,39,67,2.2
2025-02-07T21:30:00-08:00,40,66,2.9
2025-02-07T22:00:00-08:00,39,65,4.8
2025-02-07T22:30:00-08:00,40,64,8
2025-02-07T23:00:00-08:00,40,64,10
2025-02-07T23:30:00-08:00,40,64,9.7
2025-02-08T00:00:00-08:00,39,63,8.7
2025-02-08T00:30:00-08:00,41,62,6.9
2025-02-08T01:00:00-08:00,40,61,5.2
2025-02-08T01:30:00-08:00,41,60,4.5
2025-02-08T02:00:00-08:00,42,60,3.9
2025-02-08T02:30:00-08:00,42,60,2.8
2025-02-08T03:00:00-08:00,41,60,2.2
2025-02-08T03:30:00-08:00,41,59,3.2
2025-02-08T04:00:00-08:00,40,58,3.2
2025-02-08T04:30:00-08:00,41,58,3.1
2025-02-08T05:00:00-08:00,42,57,2.5
2025-02-08T05:30:00-08:00,40,57,2.5
2025-02-08T06:00:00-08:00,41,57,3.1
2025-02-08T06:30:00-08:00,41,56,4.5
2025-02-08T07:00:00-08:00,41,57,3.3
2025-02-08T07:30:00-08:00,32,68,3.3
2025-02-08T08:00:00-08:00,21,84,3.4
2025-02-08T08:30:00-08:00,17,95,2.1
2025-02-08T09:00:00-08:00,13,103,0.8
2025-02-08T09:30:00-08:00,12,106,0
2025-02-08T10:00:00-08:00,12,104,0
2025-02-08T10:30:00-08:00,13,101,0
2025-02-08T11:00:00-08:00,16,93,0.3
2025-02-08T11:30:00-08:00,19,89,0.6
2025-02-08T12:00:00-08:00,21,87,0.9
2025-02-08T12:30:00-08:00,22,84,0.8
2025-02-08T13:00:00-08:00,24,80,0.9
2025-02-08T13:30:00-08:00,25,79,1.1
2025-02-08T14:00:00-08:00,25,78,0.4
2025-02-08T14:30:00-08:00,24,76,0
2025-02-08T15:00:00-08:00,25,75,0
2025-02-08T15:30:00-08:00,26,74,1.1
2025-02-08T16:00:00-08:00,26,73,0.2
2025-02-08T16:30:00-08:00,26,73,0.1
2025-02-08T17:00:00-08:00,28,71,0.3
2025-02-08T17:30:00-08:00,31,70,0.7
2025-02-08T18:00:00-08:00,32,70,0.9
2025-02-08T18:30:00-08:00,34,69,1.8
2025-02-08T19:00:00-08:00,35,69,3.7
2025-02-08T19:30:00-08:00,35,69,6.2
2025-02-08T20:00:00-08:00,34,67,9.5
2025-02-08T20:30:00-08:00,32,67,9.4
2025-02-08T21:00:00-08:00,32,66,8.8
2025-02-08T21:30:00-08:00,32,65,4.4
2025-02-08T22:00:00-08:00,34,63,6.6
2025-02-08T22:30:00-08:00,34,63,6.5
2025-02-08T23:00:00-08:00,36,61,4
2025-02-08T23:30:00-08:00,37,59,5.8
2025-02-09T00:00:00-08:00,38,59,7.3
2025-02-09T00:30:00-08:00,36,60,7.2
2025-02-09T01:00:00-08:00,38,58,5.7
2025-02-09T01:30:00-08:00,37,58,4.8
2025-02-09T02:00:00-08:00,38,57,4.9
2025-02-09T02:30:00-08:00,39,57,5.2
2025-02-09T03:00:00-08:00,38,57,3.3
2025-02-09T03:30:00-08:00,38,56,2.6
2025-02-09T04:00:00-08:00,38,56,2.4
2025-02-09T04:30:00-08:00,39,55,1.7
2025-02-09T05:00:00-08:00,38,55,1.4
2025-02-09T05:30:00-08:00,38,55,1.2
2025-02-09T06:00:00-08:00,38,54,1.5
2025-02-09T06:30:00-08:00,38,54,3.4
2025-02-09T07:00:00-08:00,38,54,1.9
2025-02-09T07:30:00-08:00,28,68,2.4
2025-02-09T08:00:00-08:00,17,85,0.2
2025-02-09T08:30:00-08:00,12,95,0
2025-02-09T09:00:00-08:00,9,99,0
2025-02-09T09:30:00-08:00,10,93,0
2025-02-09T10:00:00-08:00,11,89,0
2025-02-09T10:30:00-08:00,11,94,0
2025-02-09T11:00:00-08:00,12,91,0.4
2025-02-09T11:30:00-08:00,14,85,0.2
2025-02-09T12:00:00-08:00,16,78,0.1
2025-02-09T12:30:00-08:00,18,80,2.5
2025-02-09T13:00:00-08:00,17,84,1.4
2025-02-09T13:30:00-08:00,17,83,0.5
2025-02-09T14:00:00-08:00,18,81,1.6
2025-02-09T14:30:00-08:00,19,80,1.5
2025-02-09T15:00:00-08:00,20,78,0.7
2025-02-09T15:30:00-08:00,20,76,0.8
2025-02-09T16:00:00-08:00,21,75,1.3
2025-02-09T16:30:00-08:00,22,75,1.6
2025-02-09T17:00:00-08:00,22,74,2.7
2025-02-09T17:30:00-08:00,21,73,1.2
2025-02-09T18:00:00-08:00,22,71,2.2
2025-02-09T18:30:00-08:00,24,70,7.2
2025-02-09T19:00:00-08:00,24,69,9.7
2025-02-09T19:30:00-08:00,25,67,4.7
2025-02-09T20:00:00-08:00,29,65,4.6
2025-02-09T20:30:00-08:00,32,64,6.6
2025-02-09T21:00:00-08:00,32,64,22.4
2025-02-09T21:30:00-08:00,30,64,37.8
2025-02-09T22:00:00-08:00,29,64,15.2
2025-02-09T22:30:00-08:00,30,62,9.5
2025-02-09T23:00:00-08:00,32,61,8.2
2025-02-09T23:30:00-08:00,34,58,6.4
2025-02-10T00:00:00-08:00,35,57,4.2
2025-02-10T00:30:00-08:00,34,58,4.6
2025-02-10T01:00:00-08:00,34,57,6.2
2025-02-10T01:30:00-08:00,37,55,3
2025-02-10T02:00:00-08:00,35,56,2.5
2025-02-10T02:30:00-08:00,35,56,1.9
2025-02-10T03:00:00-08:00,35,55,1.6
2025-02-10T03:30:00-08:00,35,55,1.4
2025-02-10T04:00:00-08:00,36,54,1.4
2025-02-10T04:30:00-08:00,36,54,1.7
2025-02-10T05:00:00-08:00,37,53,2.5
2025-02-10T05:30:00-08:00,38,53,4.1
2025-02-10T06:00:00-08:00,39,53,8.3
2025-02-10T06:30:00-08:00,35,56,11.1
2025-02-10T07:00:00-08:00,34,55,8.9
2025-02-10T07:30:00-08:00,27,67,8.8
2025-02-10T08:00:00-08:00,18,82,7.4
2025-02-10T08:30:00-08:00,15,88,7
2025-02-10T09:00:00-08:00,14,89,4.9
2025-02-10T09:30:00-08:00,14,92,4
2025-02-10T10:00:00-08:00,13,93,3.3
2025-02-10T10:30:00-08:00,13,85,1.6
2025-02-10T11:00:00-08:00,14,76,0.6
2025-02-10T11:30:00-08:00,13,76,0.2
2025-02-10T12:00:00-08:00,13,78,0.1
2025-02-10T12:30:00-08:00,12,81,0
2025-02-10T13:00:00-08:00,11,82,0.1
2025-02-10T13:30:00-08:00,11,82,0.1
2025-02-10T14:00:00-08:00,14,83,2
2025-02-10T14:30:00-08:00,15,81,1.7
2025-02-10T15:00:00-08:00,16,80,0.3
2025-02-10T15:30:00-08:00,18,78,0.7
2025-02-10T16:00:00-08:00,19,75,0.6
2025-02-10T16:30:00-08:00,23,73,3.1
2025-02-10T17:00:00-08:00,32,70,5.1
2025-02-10T17:30:00-08:00,35,67,3
2025-02-10T18:00:00-08:00,34,66,2.1
2025-02-10T18:30:00-08:00,33,67,4.1
2025-02-10T19:00:00-08:00,32,67,2.5
2025-02-10T19:30:00-08:00,33,66,4.2
2025-02-10T20:00:00-08:00,34,66,3.6
2025-02-10T20:30:00-08:00,34,65,3.6
2025-02-10T21:00:00-08:00,35,64,4.4
2025-02-10T21:30:00-08:00,35,64,5.4
2025-02-10T22:00:00-08:00,36,63,8.8
2025-02-10T22:30:00-08:00,38,61,7.4
2025-02-10T23:00:00-08:00,37,62,7.4
2025-02-10T23:30:00-08:00,37,61,6.2
2025-02-11T00:00:00-08:00,38,60,5.2
2025-02-11T00:30:00-08:00,37,60,4.9
2025-02-11T01:00:00-08:00,37,59,4.3
2025-02-11T01:30:00-08:00,38,58,3.8
2025-02-11T02:00:00-08:00,39,58,4.1
2025-02-11T02:30:00-08:00,38,57,3.4
2025-02-11T03:00:00-08:00,41,56,3.7
2025-02-11T03:30:00-08:00,40,56,3.5
2025-02-11T04:00:00-08:00,38,56,3.9
2025-02-11T04:30:00-08:00,39,55,5
2025-02-11T05:00:00-08:00,40,55,4.2
2025-02-11T05:30:00-08:00,42,54,4.1
2025-02-11T06:00:00-08:00,42,54,4.4
2025-02-11T06:30:00-08:00,42,54,4.9
2025-02-11T07:00:00-08:00,41,55,5.2
2025-02-11T07:30:00-08:00,32,66,5.7
2025-02-11T08:00:00-08:00,23,78,5.9
2025-02-11T08:30:00-08:00,21,82,5.2
2025-02-11T09:00:00-08:00,19,86,4.6
2025-02-11T09:30:00-08:00,20,83,4.3
2025-02-11T10:00:00-08:00,19,87,4
2025-02-11T10:30:00-08:00,17,92,2.1
2025-02-11T11:00:00-08:00,17,91,2.4
2025-02-11T11:30:00-08:00,19,88,2.4
2025-02-11T12:00:00-08:00,20,86,2.8
2025-02-11T12:30:00-08:00,21,85,2.2
2025-02-11T13:00:00-08:00,21,84,2.3
2025-02-11T13:30:00-08:00,23,80,1.9
2025-02-11T14:00:00-08:00,25,76,2.2
2025-02-11T14:30:00-08:00,27,73,2
2025-02-11T15:00:00-08:00,29,72,2.3
2025-02-11T15:30:00-08:00,29,71,2.1
2025-02-11T16:00:00-08:00,30,70,2
2025-02-11T16:30:00-08:00,30,69,1.9
2025-02-11T17:00:00-08:00,30,69,2.5
2025-02-11T17:30:00-08:00,30,70,2.7
2025-02-11T18:00:00-08:00,31,70,2.3
2025-02-11T18:30:00-08:00,31,69,2.6
2025-02-11T19:00:00-08:00,31,69,2.8
2025-02-11T19:30:00-08:00,31,69,2.5
2025-02-11T20:00:00-08:00,31,70,1.7
2025-02-11T20:30:00-08:00,32,67,2.9
2025-02-11T21:00:00-08:00,35,66,1.5
2025-02-11T21:30:00-08:00,37,65,1.4
2025-02-11T22:00:00-08:00,39,62,2.4
2025-02-11T22:30:00-08:00,40,61,3
2025-02-11T23:00:00-08:00,38,61,3.6
2025-02-11T23:30:00-08:00,37,63,0.9
2025-02-12T00:00:00-08:00,37,64,1.1
2025-02-12T00:30:00-08:00,36,66,1.2
2025-02-12T01:00:00-08:00,36,66,1.4
2025-02-12T01:30:00-08:00,37,64,1.6
2025-02-12T02:00:00-08:00,37,65,1.7
2025-02-12T02:30:00-08:00,38,63,2.2
2025-02-12T03:00:00-08:00,40,61,0.8
2025-02-12T03:30:00-08:00,38,62,0.8
2025-02-12T04:00:00-08:00,37,65,0.5
2025-02-12T04:30:00-08:00,36,65,0.8
2025-02-12T05:00:00-08:00,35,65,1.3
2025-02-12T05:30:00-08:00,37,62,1.5
2025-02-12T06:00:00-08:00,41,59,1.5
2025-02-12T06:30:00-08:00,42,59,2.1
2025-02-12T07:00:00-08:00,41,59,2
2025-02-12T07:30:00-08:00,40,60,2.4
2025-02-12T08:00:00-08:00,37,63,2.5
2025-02-12T08:30:00-08:00,31,70,2.8
2025-02-12T09:00:00-08:00,26,75,3
2025-02-12T09:30:00-08:00,23,80,2.9
2025-02-12T10:00:00-08:00,20,83,2.1
2025-02-12T10:30:00-08:00,22,81,2.6
2025-02-12T11:00:00-08:00,24,78,4.2
2025-02-12T11:30:00-08:00,25,77,3.8
2025-02-12T12:00:00-08:00,26,76,4.4
2025-02-12T12:30:00-08:00,26,76,4.5
2025-02-12T13:00:00-08:00,28,73,4.7
2025-02-12T13:30:00-08:00,31,70,6.2
2025-02-12T14:00:00-08:00,32,68,8
2025-02-12T14:30:00-08:00,32,69,8.4
2025-02-12T15:00:00-08:00,33,68,8.4
2025-02-12T15:30:00-08:00,33,69,7.9
2025-02-12T16:00:00-08:00,33,70,6.9
2025-02-12T16:30:00-08:00,33,69,5.9
2025-02-12T17:00:00-08:00,34,68,7
2025-02-12T17:30:00-08:00,35,69,7
2025-02-12T18:00:00-08:00,36,67,7.3
2025-02-12T18:30:00-08:00,38,67,7.2
2025-02-12T19:00:00-08:00,40,68,7.9
2025-02-12T19:30:00-08:00,42,68,7.9
2025-02-12T20:00:00-08:00,45,69,3.3
2025-02-12T20:30:00-08:00,45,68,4.8
2025-02-12T21:00:00-08:00,50,65,6.1
2025-02-12T21:30:00-08:00,54,64,5
2025-02-12T22:00:00-08:00,57,63,3.5
2025-02-12T22:30:00-08:00,58,63,1.3
2025-02-12T23:00:00-08:00,57,64,0.5
2025-02-12T23:30:00-08:00,59,64,0.1
2025-02-13T00:00:00-08:00,58,64,0.4
2025-02-13T00:30:00-08:00,59,64,1.8
2025-02-13T01:00:00-08:00,60,64,0.6
2025-02-13T01:30:00-08:00,60,64,0
2025-02-13T02:00:00-08:00,61,64,0
2025-02-13T02:30:00-08:00,62,64,0
2025-02-13T03:00:00-08:00,62,64,0
2025-02-13T03:30:00-08:00,62,65,0
2025-02-13T04:00:00-08:00,62,65,0
2025-02-13T04:30:00-08:00,56,69,0
2025-02-13T05:00:00-08:00,52,72,0.2
2025-02-13T05:30:00-08:00,52,69,0.3
2025-02-13T06:00:00-08:00,52,69,0
2025-02-13T06:30:00-08:00,52,69,0
2025-02-13T07:00:00-08:00,53,69,0.1
2025-02-13T07:30:00-08:00,53,69,0.1
2025-02-13T08:00:00-08:00,52,69,0.3
2025-02-13T08:30:00-08:00,50,70,0.3
2025-02-13T09:00:00-08:00,45,74,0.1
2025-02-13T09:30:00-08:00,36,81,0.3
2025-02-13T10:00:00-08:00,33,84,0.2
2025-02-13T10:30:00-08:00,39,76,0.9
2025-02-13T11:00:00-08:00,44,73,1.9
2025-02-13T11:30:00-08:00,47,71,2.6
2025-02-13T12:00:00-08:00,50,70,1.6
2025-02-13T12:30:00-08:00,50,71,1.4
2025-02-13T13:00:00-08:00,48,72,0.6
2025-02-13T13:30:00-08:00,47,71,1.6
2025-02-13T14:00:00-08:00,48,70,3.3
2025-02-13T14:30:00-08:00,47,71,3.6
2025-02-13T15:00:00-08:00,46,71,3.7
2025-02-13T15:30:00-08:00,48,70,4
2025-02-13T16:00:00-08:00,52,69,4.7
2025-02-13T16:30:00-08:00,53,68,4.7
2025-02-13T17:00:00-08:00,49,70,4.6
2025-02-13T17:30:00-08:00,47,71,4.6
2025-02-13T18:00:00-08:00,51,69,5.2
2025-02-13T18:30:00-08:00,49,70,6.3
2025-02-13T19:00:00-08:00,49,70,6.3
2025-02-13T19:30:00-08:00,51,69,3.3
2025-02-13T20:00:00-08:00,53,68,2.3
2025-02-13T20:30:00-08:00,53,68,2.1
2025-02-13T21:00:00-08:00,52,67,2.8
2025-02-13T21:30:00-08:00,54,67,2.5
2025-02-13T22:00:00-08:00,52,68,2.6
2025-02-13T22:30:00-08:00,53,67,1.6
2025-02-13T23:00:00-08:00,53,67,2.2
2025-02-13T23:30:00-08:00,52,66,4.4
2025-02-14T00:00:00-08:00,52,66,5
2025-02-14T00:30:00-08:00,52,66,4.5
2025-02-14T01:00:00-08:00,51,66,5.2
2025-02-14T01:30:00-08:00,50,67,4.8
2025-02-14T02:00:00-08:00,52,65,3.2
2025-02-14T02:30:00-08:00,52,65,2.5
2025-02-14T03:00:00-08:00,52,66,3.2
2025-02-14T03:30:00-08:00,51,66,4.4
2025-02-14T04:00:00-08:00,50,66,5
2025-02-14T04:30:00-08:00,48,67,3.4
2025-02-14T05:00:00-08:00,46,66,1.5
2025-02-14T05:30:00-08:00,47,66,2.5
2025-02-14T06:00:00-08:00,47,66,3.5
2025-02-14T06:30:00-08:00,45,66,2.9
2025-02-14T07:00:00-08:00,44,67,3.5
2025-02-14T07:30:00-08:00,43,67,2.9
2025-02-14T08:00:00-08:00,40,70,2.6
2025-02-14T08:30:00-08:00,35,75,3.1
2025-02-14T09:00:00-08:00,32,77,3.4
2025-02-14T09:30:00-08:00,32,76,3.8
2025-02-14T10:00:00-08:00,33,75,4.2
2025-02-14T10:30:00-08:00,35,76,3.3
2025-02-14T11:00:00-08:00,34,76,3.3
2025-02-14T11:30:00-08:00,33,76,5
2025-02-14T12:00:00-08:00,31,77,4.2
2025-02-14T12:30:00-08:00,31,77,3.5
2025-02-14T13:00:00-08:00,29,77,6.1
2025-02-14T13:30:00-08:00,29,76,3.4
2025-02-14T14:00:00-08:00,28,75,3.5
2025-02-14T14:30:00-08:00,29,73,3.6
2025-02-14T15:00:00-08:00,30,72,3.4
2025-02-14T15:30:00-08:00,32,70,3.6
2025-02-14T16:00:00-08:00,35,69,4.7
2025-02-14T16:30:00-08:00,35,70,4.6
2025-02-14T17:00:00-08:00,34,69,3.5
2025-02-14T17:30:00-08:00,35,69,4.7
2025-02-14T18:00:00-08:00,36,69,4.7
2025-02-14T18:30:00-08:00,37,68,4.5
2025-02-14T19:00:00-08:00,38,68,5.9
2025-02-14T19:30:00-08:00,37,69,10.6
2025-02-14T20:00:00-08:00,37,67,5.5
2025-02-14T20:30:00-08:00,37,67,6
2025-02-14T21:00:00-08:00,40,65,11
2025-02-14T21:30:00-08:00,37,68,16.7
2025-02-14T22:00:00-08:00,36,68,12.7
2025-02-14T22:30:00-08:00,37,66,11.5
2025-02-14T23:00:00-08:00,36,66,13.7
2025-02-14T23:30:00-08:00,37,64,10.1
2025-02-15T00:00:00-08:00,38,63,9.4
2025-02-15T00:30:00-08:00,38,62,8.7
2025-02-15T01:00:00-08:00,40,61,8.5
2025-02-15T01:30:00-08:00,42,61,10.2
2025-02-15T02:00:00-08:00,42,61,7.9
2025-02-15T02:30:00-08:00,42,60,6.9
2025-02-15T03:00:00-08:00,41,60,7.1
2025-02-15T03:30:00-08:00,41,59,7.1
2025-02-15T04:00:00-08:00,42,59,6.5
2025-02-15T04:30:00-08:00,41,59,5.8
2025-02-15T05:00:00-08:00,41,59,5.6
2025-02-15T05:30:00-08:00,43,58,5.2
2025-02-15T06:00:00-08:00,42,58,4.8
2025-02-15T06:30:00-08:00,42,58,4.6
2025-02-15T07:00:00-08:00,43,58,6
2025-02-15T07:30:00-08:00,37,66,7
2025-02-15T08:00:00-08:00,33,71,7.4
2025-02-15T08:30:00-08:00,27,78,6.9
2025-02-15T09:00:00-08:00,20,91,4.8
2025-02-15T09:30:00-08:00,16,100,3.6
2025-02-15T10:00:00-08:00,14,103,3.5
2025-02-15T10:30:00-08:00,16,96,3.1
2025-02-15T11:00:00-08:00,21,85,1.3
2025-02-15T11:30:00-08:00,22,85,3.1
2025-02-15T12:00:00-08:00,23,86,4.5
2025-02-15T12:30:00-08:00,23,86,4.5
2025-02-15T13:00:00-08:00,24,85,4.2
2025-02-15T13:30:00-08:00,24,86,3.6
2025-02-15T14:00:00-08:00,23,86,3.2
2025-02-15T14:30:00-08:00,23,86,2.9
2025-02-15T15:00:00-08:00,24,85,3.1
2025-02-15T15:30:00-08:00,26,83,3.2
2025-02-15T16:00:00-08:00,26,82,2.5
2025-02-15T16:30:00-08:00,25,83,1.9
2025-02-15T17:00:00-08:00,26,81,2.1
2025-02-15T17:30:00-08:00,28,78,3.7
2025-02-15T18:00:00-08:00,30,76,2.3
2025-02-15T18:30:00-08:00,31,75,2.8
2025-02-15T19:00:00-08:00,30,75,8.9
2025-02-15T19:30:00-08:00,31,74,5.4
2025-02-15T20:00:00-08:00,34,72,5.8
2025-02-15T20:30:00-08:00,36,71,20.1
2025-02-15T21:00:00-08:00,37,72,13.8
2025-02-15T21:30:00-08:00,37,71,10.3
2025-02-15T22:00:00-08:00,36,69,7.3
2025-02-15T22:30:00-08:00,38,67,7.5
2025-02-15T23:00:00-08:00,39,66,8.1
2025-02-15T23:30:00-08:00,37,67,8.1
2025-02-16T00:00:00-08:00,38,66,8.3
2025-02-16T00:30:00-08:00,38,66,7.2
2025-02-16T01:00:00-08:00,38,65,5.4
2025-02-16T01:30:00-08:00,38,64,4.3
2025-02-16T02:00:00-08:00,39,64,4.4
2025-02-16T02:30:00-08:00,40,63,4.9
2025-02-16T03:00:00-08:00,39,63,5.1
2025-02-16T03:30:00-08:00,43,61,4.6
2025-02-16T04:00:00-08:00,42,62,3.8
2025-02-16T04:30:00-08:00,45,61,5.2
2025-02-16T05:00:00-08:00,44,62,6.6
2025-02-16T05:30:00-08:00,42,62,7.4
2025-02-16T06:00:00-08:00,40,63,9.1
2025-02-16T06:30:00-08:00,42,62,10.1
2025-02-16T07:00:00-08:00,43,63,8.3
2025-02-16T07:30:00-08:00,39,68,8
2025-02-16T08:00:00-08:00,34,73,8.2
2025-02-16T08:30:00-08:00,25,83,4.4
2025-02-16T09:00:00-08:00,29,77,7.9
2025-02-16T09:30:00-08:00,33,74,11.2
2025-02-16T10:00:00-08:00,29,79,11.8
2025-02-16T10:30:00-08:00,24,86,11.9
2025-02-16T11:00:00-08:00,22,88,11.9
2025-02-16T11:30:00-08:00,23,86,10.1
2025-02-16T12:00:00-08:00,22,86,9.3
2025-02-16T12:30:00-08:00,22,87,7.7
2025-02-16T13:00:00-08:00,22,88,4.8
2025-02-16T13:30:00-08:00,21,87,3
2025-02-16T14:00:00-08:00,20,87,2.3
2025-02-16T14:30:00-08:00,22,85,2.2
2025-02-16T15:00:00-08:00,23,84,2.4
2025-02-16T15:30:00-08:00,23,84,2.7
2025-02-16T16:00:00-08:00,24,83,2.4
2025-02-16T16:30:00-08:00,26,83,4
2025-02-16T17:00:00-08:00,27,82,3.6
2025-02-16T17:30:00-08:00,29,81,3.3
2025-02-16T18:00:00-08:00,31,79,2.9
2025-02-16T18:30:00-08:00,34,77,4
2025-02-16T19:00:00-08:00,38,76,6.2
2025-02-16T19:30:00-08:00,40,75,1.1
2025-02-16T20:00:00-08:00,43,73,3.6
2025-02-16T20:30:00-08:00,43,73,0.8
2025-02-16T21:00:00-08:00,43,73,1.4
2025-02-16T21:30:00-08:00,44,73,3.9
2025-02-16T22:00:00-08:00,43,73,0.7
2025-02-16T22:30:00-08:00,41,72,6
2025-02-16T23:00:00-08:00,43,72,3
2025-02-16T23:30:00-08:00,44,72,2.1
2025-02-17T00:00:00-08:00,44,72,1
2025-02-17T00:30:00-08:00,43,71,1
2025-02-17T01:00:00-08:00,42,71,1.5
2025-02-17T01:30:00-08:00,42,70,1.6
2025-02-17T02:00:00-08:00,44,69,1.7
2025-02-17T02:30:00-08:00,44,69,2.5
2025-02-17T03:00:00-08:00,43,69,1.7
2025-02-17T03:30:00-08:00,42,70,2
2025-02-17T04:00:00-08:00,42,69,3.2
2025-02-17T04:30:00-08:00,43,69,2.9
2025-02-17T05:00:00-08:00,42,69,2.8
2025-02-17T05:30:00-08:00,43,69,2.3
2025-02-17T06:00:00-08:00,43,69,2.2
2025-02-17T06:30:00-08:00,43,68,2.7
2025-02-17T07:00:00-08:00,42,69,2.6
2025-02-17T07:30:00-08:00,41,71,2.5
2025-02-17T08:00:00-08:00,38,73,2.2
2025-02-17T08:30:00-08:00,35,76,2.9
2025-02-17T09:00:00-08:00,33,76,2.5
2025-02-17T09:30:00-08:00,34,75,2.3
2025-02-17T10:00:00-08:00,31,80,2
2025-02-17T10:30:00-08:00,28,83,1.9
2025-02-17T11:00:00-08:00,27,85,2
2025-02-17T11:30:00-08:00,26,85,1.7
2025-02-17T12:00:00-08:00,28,83,1.4
2025-02-17T12:30:00-08:00,28,82,1.7
2025-02-17T13:00:00-08:00,27,84,1.7
2025-02-17T13:30:00-08:00,27,85,2.6
2025-02-17T14:00:00-08:00,28,84,2.7
2025-02-17T14:30:00-08:00,29,82,1.9
2025-02-17T15:00:00-08:00,30,80,3.7
2025-02-17T15:30:00-08:00,31,78,2.5
2025-02-17T16:00:00-08:00,31,76,3.1
2025-02-17T16:30:00-08:00,31,75,1.3
2025-02-17T17:00:00-08:00,33,74,1.4
2025-02-17T17:30:00-08:00,36,72,1.8
2025-02-17T18:00:00-08:00,37,71,2.6
2025-02-17T18:30:00-08:00,37,72,3.4
2025-02-17T19:00:00-08:00,38,71,3.8
2025-02-17T19:30:00-08:00,40,70,3
2025-02-17T20:00:00-08:00,40,69,3.5
2025-02-17T20:30:00-08:00,41,69,4.4
2025-02-17T21:00:00-08:00,40,70,3.9
2025-02-17T21:30:00-08:00,40,69,7.6
2025-02-17T22:00:00-08:00,40,69,11.8
2025-02-17T22:30:00-08:00,37,70,10.3
2025-02-17T23:00:00-08:00,39,68,9.9
2025-02-17T23:30:00-08:00,39,67,7.5
2025-02-18T00:00:00-08:00,39,67,9.6
2025-02-18T00:30:00-08:00,39,66,8.8
2025-02-18T01:00:00-08:00,39,65,7
2025-02-18T01:30:00-08:00,42,63,6
2025-02-18T02:00:00-08:00,41,64,4.9
2025-02-18T02:30:00-08:00,41,63,4.3
2025-02-18T03:00:00-08:00,41,63,4
2025-02-18T03:30:00-08:00,41,62,3.5
2025-02-18T04:00:00-08:00,41,62,3.3
2025-02-18T04:30:00-08:00,41,62,3.4
2025-02-18T05:00:00-08:00,40,62,3.2
2025-02-18T05:30:00-08:00,40,61,4
2025-02-18T06:00:00-08:00,42,61,4.6
2025-02-18T06:30:00-08:00,42,62,3.1
2025-02-18T07:00:00-08:00,43,62,4.1
2025-02-18T07:30:00-08:00,37,71,5
2025-02-18T08:00:00-08:00,28,82,6.7
2025-02-18T08:30:00-08:00,21,93,6.4
2025-02-18T09:00:00-08:00,19,98,6.6
2025-02-18T09:30:00-08:00,18,99,7
2025-02-18T10:00:00-08:00,18,97,7.5
2025-02-18T10:30:00-08:00,19,96,6.9
2025-02-18T11:00:00-08:00,21,94,5.1
2025-02-18T11:30:00-08:00,21,93,3.6
2025-02-18T12:00:00-08:00,23,91,3.1
2025-02-18T12:30:00-08:00,22,91,2.6
2025-02-18T13:00:00-08:00,22,91,2
2025-02-18T13:30:00-08:00,23,89,1.6
2025-02-18T14:00:00-08:00,24,87,1.4
2025-02-18T14:30:00-08:00,24,86,2.5
2025-02-18T15:00:00-08:00,24,87,1.6
2025-02-18T15:30:00-08:00,23,88,1.2
2025-02-18T16:00:00-08:00,23,87,1
2025-02-18T16:30:00-08:00,25,84,4.3
2025-02-18T17:00:00-08:00,26,80,1.1
2025-02-18T17:30:00-08:00,27,79,2.3
2025-02-18T18:00:00-08:00,30,78,2.8
2025-02-18T18:30:00-08:00,32,78,3.5
2025-02-18T19:00:00-08:00,34,77,3.8
2025-02-18T19:30:00-08:00,34,76,5.8
2025-02-18T20:00:00-08:00,34,76,10.7
2025-02-18T20:30:00-08:00,34,74,4.5
2025-02-18T21:00:00-08:00,35,74,3.6
2025-02-18T21:30:00-08:00,35,74,6.7
2025-02-18T22:00:00-08:00,37,72,5.6
2025-02-18T22:30:00-08:00,37,72,5.3
2025-02-18T23:00:00-08:00,37,71,5.6
2025-02-18T23:30:00-08:00,37,71,8
2025-02-19T00:00:00-08:00,39,70,8.6
2025-02-19T00:30:00-08:00,39,71,7.7
2025-02-19T01:00:00-08:00,39,70,9.5
2025-02-19T01:30:00-08:00,42,69,8
2025-02-19T02:00:00-08:00,45,68,7.1
2025-02-19T02:30:00-08:00,43,69,6.4
2025-02-19T03:00:00-08:00,44,68,7.1
2025-02-19T03:30:00-08:00,43,69,6.3
2025-02-19T04:00:00-08:00,42,69,5.9
2025-02-19T04:30:00-08:00,40,70,5.6
2025-02-19T05:00:00-08:00,39,70,5.6
2025-02-19T05:30:00-08:00,41,68,6
2025-02-19T06:00:00-08:00,40,68,5.8
2025-02-19T06:30:00-08:00,40,68,6.1
2025-02-19T07:00:00-08:00,40,67,6.7
2025-02-19T07:30:00-08:00,33,77,7.4
2025-02-19T08:00:00-08:00,21,93,6.1
2025-02-19T08:30:00-08:00,16,104,4.2
2025-02-19T09:00:00-08:00,13,112,2.8
2025-02-19T09:30:00-08:00,15,106,3
2025-02-19T10:00:00-08:00,20,93,3.1
2025-02-19T10:30:00-08:00,25,85,3.1
2025-02-19T11:00:00-08:00,26,85,3.1
2025-02-19T11:30:00-08:00,32,83,3
2025-02-19T12:00:00-08:00,34,83,3
2025-02-19T12:30:00-08:00,37,80,3.8
2025-02-19T13:00:00-08:00,39,78,4
2025-02-19T13:30:00-08:00,38,79,3.7
2025-02-19T14:00:00-08:00,36,81,3.9
2025-02-19T14:30:00-08:00,36,82,1.1
2025-02-19T15:00:00-08:00,35,82,0
2025-02-19T15:30:00-08:00,36,80,0.1
2025-02-19T16:00:00-08:00,38,78,1.3
2025-02-19T16:30:00-08:00,39,77,1.5
2025-02-19T17:00:00-08:00,40,77,2.4
2025-02-19T17:30:00-08:00,41,75,2.7
2025-02-19T18:00:00-08:00,43,74,2.7
2025-02-19T18:30:00-08:00,42,75,2.9
2025-02-19T19:00:00-08:00,41,75,4.8
2025-02-19T19:30:00-08:00,42,74,3.8
2025-02-19T20:00:00-08:00,42,73,4.7
2025-02-19T20:30:00-08:00,41,73,8.4
2025-02-19T21:00:00-08:00,40,73,10.8
2025-02-19T21:30:00-08:00,41,71,8.1
2025-02-19T22:00:00-08:00,41,71,11.2
2025-02-19T22:30:00-08:00,39,71,15.4
2025-02-19T23:00:00-08:00,41,70,6
2025-02-19T23:30:00-08:00,41,68,5.5
2025-02-20T00:00:00-08:00,42,68,6.6
2025-02-20T00:30:00-08:00,42,69,7.5
2025-02-20T01:00:00-08:00,45,69,4.9
2025-02-20T01:30:00-08:00,43,71,9.6
2025-02-20T02:00:00-08:00,41,70,9.8
2025-02-20T02:30:00-08:00,40,69,6.8
2025-02-20T03:00:00-08:00,42,67,5.7
2025-02-20T03:30:00-08:00,42,66,5.9
2025-02-20T04:00:00-08:00,41,65,6.4
2025-02-20T04:30:00-08:00,42,64,6.6
2025-02-20T05:00:00-08:00,41,64,7.1
2025-02-20T05:30:00-08:00,42,63,6.8
2025-02-20T06:00:00-08:00,41,63,6.7
2025-02-20T06:30:00-08:00,42,62,7
2025-02-20T07:00:00-08:00,43,63,9.6
2025-02-20T07:30:00-08:00,30,82,11.7
2025-02-20T08:00:00-08:00,19,99,11.2
2025-02-20T08:30:00-08:00,16,107,10.5
2025-02-20T09:00:00-08:00,15,109,6.7
2025-02-20T09:30:00-08:00,15,108,4.7
2025-02-20T10:00:00-08:00,15,106,2.5
2025-02-20T10:30:00-08:00,18,100,0.8
2025-02-20T11:00:00-08:00,19,96,0.6
2025-02-20T11:30:00-08:00,19,95,0.9
2025-02-20T12:00:00-08:00,20,91,1
2025-02-20T12:30:00-08:00,21,89,1
2025-02-20T13:00:00-08:00,20,88,0.6
2025-02-20T13:30:00-08:00,20,87,0.8
2025-02-20T14:00:00-08:00,20,87,0.7
2025-02-20T14:30:00-08:00,20,87,0.4
2025-02-20T15:00:00-08:00,20,86,0.4
2025-02-20T15:30:00-08:00,20,85,1.4
2025-02-20T16:00:00-08:00,20,84,0.5
2025-02-20T16:30:00-08:00,23,83,0.9
2025-02-20T17:00:00-08:00,24,81,1.2
2025-02-20T17:30:00-08:00,27,80,5.4
2025-02-20T18:00:00-08:00,31,77,1.9
2025-02-20T18:30:00-08:00,36,74,3.1
2025-02-20T19:00:00-08:00,36,75,2.8
2025-02-20T19:30:00-08:00,35,75,6.2
2025-02-20T20:00:00-08:00,36,73,4.2
2025-02-20T20:30:00-08:00,37,72,4.2
2025-02-20T21:00:00-08:00,36,72,12.8
2025-02-20T21:30:00-08:00,36,71,5.2
2025-02-20T22:00:00-08:00,37,69,4.8
2025-02-20T22:30:00-08:00,37,69,7
2025-02-20T23:00:00-08:00,37,68,8.5
2025-02-20T23:30:00-08:00,37,68,9.8
2025-02-21T00:00:00-08:00,37,67,7.7
2025-02-21T00:30:00-08:00,37,65,6.2
2025-02-21T01:00:00-08:00,38,64,7.3
2025-02-21T01:30:00-08:00,39,63,4.4
2025-02-21T02:00:00-08:00,38,63,2.7
2025-02-21T02:30:00-08:00,38,62,2.6
2025-02-21T03:00:00-08:00,38,62,2.3
2025-02-21T03:30:00-08:00,39,62,2.8
2025-02-21T04:00:00-08:00,39,61,2.3
2025-02-21T04:30:00-08:00,41,60,3.3
2025-02-21T05:00:00-08:00,41,60,3.3
2025-02-21T05:30:00-08:00,38,62,3.2
2025-02-21T06:00:00-08:00,37,63,2.7
2025-02-21T06:30:00-08:00,38,63,4.5
2025-02-21T07:00:00-08:00,38,64,4.6
2025-02-21T07:30:00-08:00,37,66,5.6
2025-02-21T08:00:00-08:00,31,73,6.4
2025-02-21T08:30:00-08:00,23,84,6.9
2025-02-21T09:00:00-08:00,18,92,5.8
2025-02-21T09:30:00-08:00,13,102,3.2
2025-02-21T10:00:00-08:00,14,95,1
2025-02-21T10:30:00-08:00,18,86,0.3
2025-02-21T11:00:00-08:00,17,85,0.2
2025-02-21T11:30:00-08:00,17,89,0.1
2025-02-21T12:00:00-08:00,15,93,0.3
2025-02-21T12:30:00-08:00,17,92,0.7
2025-02-21T13:00:00-08:00,16,94,1
2025-02-21T13:30:00-08:00,17,92,1.3
2025-02-21T14:00:00-08:00,18,91,0.9
2025-02-21T14:30:00-08:00,18,91,2.2
2025-02-21T15:00:00-08:00,18,88,0.7
2025-02-21T15:30:00-08:00,20,86,0.9
2025-02-21T16:00:00-08:00,21,84,1.7
2025-02-21T16:30:00-08:00,27,82,3.4
2025-02-21T17:00:00-08:00,29,80,3.9
2025-02-21T17:30:00-08:00,30,79,4.5
2025-02-21T18:00:00-08:00,32,77,4.1
2025-02-21T18:30:00-08:00,32,77,3.8
2025-02-21T19:00:00-08:00,33,76,8.2
2025-02-21T19:30:00-08:00,35,75,6.1
2025-02-21T20:00:00-08:00,35,73,7.1
2025-02-21T20:30:00-08:00,36,72,8.1
2025-02-21T21:00:00-08:00,38,71,7.6
2025-02-21T21:30:00-08:00,39,71,9
2025-02-21T22:00:00-08:00,38,71,12.2
2025-02-21T22:30:00-08:00,37,70,8.5
2025-02-21T23:00:00-08:00,37,68,10.3
2025-02-21T23:30:00-08:00,36,67,5.6
2025-02-22T00:00:00-08:00,37,67,11.8
2025-02-22T00:30:00-08:00,35,67,8.6
2025-02-22T01:00:00-08:00,37,66,7.4
2025-02-22T01:30:00-08:00,39,65,6.7
2025-02-22T02:00:00-08:00,39,65,6
2025-02-22T02:30:00-08:00,40,64,4.6
2025-02-22T03:00:00-08:00,38,64,4
2025-02-22T03:30:00-08:00,38,64,4.1
2025-02-22T04:00:00-08:00,40,63,4.4
2025-02-22T04:30:00-08:00,39,63,4.5
2025-02-22T05:00:00-08:00,40,62,4.2
2025-02-22T05:30:00-08:00,39,62,4.5
2025-02-22T06:00:00-08:00,39,62,5.8
2025-02-22T06:30:00-08:00,39,63,6.9
2025-02-22T07:00:00-08:00,38,64,3.5
2025-02-22T07:30:00-08:00,30,75,2.5
2025-02-22T08:00:00-08:00,19,92,2.8
2025-02-22T08:30:00-08:00,15,102,3.9
2025-02-22T09:00:00-08:00,13,107,3.8
2025-02-22T09:30:00-08:00,12,108,4.1
2025-02-22T10:00:00-08:00,13,108,4.6
2025-02-22T10:30:00-08:00,14,105,4.2
2025-02-22T11:00:00-08:00,15,101,4.8
2025-02-22T11:30:00-08:00,17,95,5.5
2025-02-22T12:00:00-08:00,17,97,4.7
2025-02-22T12:30:00-08:00,17,97,5
2025-02-22T13:00:00-08:00,20,94,5.8
2025-02-22T13:30:00-08:00,21,94,8
2025-02-22T14:00:00-08:00,19,95,7.9
2025-02-22T14:30:00-08:00,18,93,4.3
2025-02-22T15:00:00-08:00,17,92,3.5
2025-02-22T15:30:00-08:00,18,90,3.9
2025-02-22T16:00:00-08:00,20,88,4.2
2025-02-22T16:30:00-08:00,27,84,11.4
2025-02-22T17:00:00-08:00,29,83,9.9
2025-02-22T17:30:00-08:00,30,81,8.5
2025-02-22T18:00:00-08:00,31,81,5.4
2025-02-22T18:30:00-08:00,31,79,5.8
2025-02-22T19:00:00-08:00,31,79,6.2
2025-02-22T19:30:00-08:00,30,79,8.3
2025-02-22T20:00:00-08:00,31,78,2.9
2025-02-22T20:30:00-08:00,32,78,3.8
2025-02-22T21:00:00-08:00,34,77,4.8
2025-02-22T21:30:00-08:00,34,77,5.8
2025-02-22T22:00:00-08:00,36,75,4.5
2025-02-22T22:30:00-08:00,37,76,3.7
2025-02-22T23:00:00-08:00,36,76,4.4
2025-02-22T23:30:00-08:00,37,74,2.9
2025-02-23T00:00:00-08:00,38,74,3.3
2025-02-23T00:30:00-08:00,40,73,3.5
2025-02-23T01:00:00-08:00,40,73,4.6
2025-02-23T01:30:00-08:00,41,71,4.3
2025-02-23T02:00:00-08:00,41,71,5.1
2025-02-23T02:30:00-08:00,40,70,5.3
2025-02-23T03:00:00-08:00,39,69,5.4
2025-02-23T03:30:00-08:00,41,69,6.8
2025-02-23T04:00:00-08:00,41,69,5.8
2025-02-23T04:30:00-08:00,42,68,5.4
2025-02-23T05:00:00-08:00,43,67,6.9
2025-02-23T05:30:00-08:00,41,68,7.1
2025-02-23T06:00:00-08:00,40,68,6.2
2025-02-23T06:30:00-08:00,40,68,6.1
2025-02-23T07:00:00-08:00,40,69,5.7
2025-02-23T07:30:00-08:00,32,79,4.7
2025-02-23T08:00:00-08:00,28,84,6
2025-02-23T08:30:00-08:00,34,79,7.2
2025-02-23T09:00:00-08:00,34,80,6.2
2025-02-23T09:30:00-08:00,32,82,7.1
2025-02-23T10:00:00-08:00,30,86,7.5
2025-02-23T10:30:00-08:00,27,89,3.8
2025-02-23T11:00:00-08:00,25,92,3.3
2025-02-23T11:30:00-08:00,25,91,2.6
2025-02-23T12:00:00-08:00,27,89,2.9
2025-02-23T12:30:00-08:00,25,91,2.1
2025-02-23T13:00:00-08:00,23,93,1
2025-02-23T13:30:00-08:00,23,92,1.1
2025-02-23T14:00:00-08:00,25,91,2.3
2025-02-23T14:30:00-08:00,26,89,2.2
2025-02-23T15:00:00-08:00,31,86,2.9
2025-02-23T15:30:00-08:00,33,84,2.5
2025-02-23T16:00:00-08:00,33,84,3.5
2025-02-23T16:30:00-08:00,35,82,3.1
2025-02-23T17:00:00-08:00,35,82,3.3
2025-02-23T17:30:00-08:00,38,80,4
2025-02-23T18:00:00-08:00,39,79,3.4
2025-02-23T18:30:00-08:00,39,79,6.6
2025-02-23T19:00:00-08:00,39,79,6.1
2025-02-23T19:30:00-08:00,41,77,5.7
2025-02-23T20:00:00-08:00,41,77,8
2025-02-23T20:30:00-08:00,39,77,8.9
2025-02-23T21:00:00-08:00,40,77,11.4
2025-02-23T21:30:00-08:00,39,76,8.7
2025-02-23T22:00:00-08:00,40,75,9
2025-02-23T22:30:00-08:00,40,75,7
2025-02-23T23:00:00-08:00,40,75,6.4
2025-02-23T23:30:00-08:00,40,74,7.5
2025-02-24T00:00:00-08:00,37,75,9.7
2025-02-24T00:30:00-08:00,39,73,5.2
2025-02-24T01:00:00-08:00,40,72,6.6
2025-02-24T01:30:00-08:00,44,73,10.5
2025-02-24T02:00:00-08:00,44,74,14.7
2025-02-24T02:30:00-08:00,41,76,21.3
2025-02-24T03:00:00-08:00,41,76,20.1
2025-02-24T03:30:00-08:00,41,77,24.5
2025-02-24T04:00:00-08:00,41,77,21.7
2025-02-24T04:30:00-08:00,45,73,7
2025-02-24T05:00:00-08:00,45,73,3.6
2025-02-24T05:30:00-08:00,44,74,1.8
2025-02-24T06:00:00-08:00,44,74,1
2025-02-24T06:30:00-08:00,47,72,2.6
2025-02-24T07:00:00-08:00,49,70,3.8
2025-02-24T07:30:00-08:00,47,72,2.6
2025-02-24T08:00:00-08:00,43,75,1.8
2025-02-24T08:30:00-08:00,40,78,4.9
2025-02-24T09:00:00-08:00,38,79,4
2025-02-24T09:30:00-08:00,37,80,3.4
2025-02-24T10:00:00-08:00,34,82,6.1
2025-02-24T10:30:00-08:00,32,85,5.9
2025-02-24T11:00:00-08:00,30,88,3.5
2025-02-24T11:30:00-08:00,28,92,1.8
2025-02-24T12:00:00-08:00,28,90,0.7
2025-02-24T12:30:00-08:00,29,89,0.6
2025-02-24T13:00:00-08:00,27,90,0.7
2025-02-24T13:30:00-08:00,27,90,0.6
2025-02-24T14:00:00-08:00,26,91,0.2
2025-02-24T14:30:00-08:00,26,90,0.5
2025-02-24T15:00:00-08:00,27,91,0.3
2025-02-24T15:30:00-08:00,27,91,0.4
2025-02-24T16:00:00-08:00,28,89,0.5
2025-02-24T16:30:00-08:00,29,88,2.2
2025-02-24T17:00:00-08:00,30,86,3.6
2025-02-24T17:30:00-08:00,32,84,6.6
2025-02-24T18:00:00-08:00,33,82,1.2
2025-02-24T18:30:00-08:00,35,81,1.3
2025-02-24T19:00:00-08:00,38,80,5.1
2025-02-24T19:30:00-08:00,38,80,2.2
2025-02-24T20:00:00-08:00,39,80,1.6
2025-02-24T20:30:00-08:00,40,80,3.7
2025-02-24T21:00:00-08:00,40,79,5.3
2025-02-24T21:30:00-08:00,40,79,5.4
2025-02-24T22:00:00-08:00,42,78,3.1
2025-02-24T22:30:00-08:00,42,78,6.5
2025-02-24T23:00:00-08:00,42,77,2.5
2025-02-24T23:30:00-08:00,41,77,2.4
2025-02-25T00:00:00-08:00,41,75,3.1
2025-02-25T00:30:00-08:00,42,74,3.6
2025-02-25T01:00:00-08:00,42,73,3.8
2025-02-25T01:30:00-08:00,42,72,4.7
2025-02-25T02:00:00-08:00,41,71,4.7
2025-02-25T02:30:00-08:00,42,70,5.7
2025-02-25T03:00:00-08:00,42,70,5.9
2025-02-25T03:30:00-08:00,43,69,4.9
2025-02-25T04:00:00-08:00,43,71,4.6
2025-02-25T04:30:00-08:00,43,72,8.9
2025-02-25T05:00:00-08:00,43,73,9.4
2025-02-25T05:30:00-08:00,43,72,7.4
2025-02-25T06:00:00-08:00,43,72,7
2025-02-25T06:30:00-08:00,44,71,7.6
2025-02-25T07:00:00-08:00,45,70,8.9
2025-02-25T07:30:00-08:00,45,70,11.8
2025-02-25T08:00:00-08:00,44,71,13.2
2025-02-25T08:30:00-08:00,42,73,11
2025-02-25T09:00:00-08:00,41,74,8.6
2025-02-25T09:30:00-08:00,40,76,8
2025-02-25T10:00:00-08:00,37,77,8.1
2025-02-25T10:30:00-08:00,32,83,10.2
2025-02-25T11:00:00-08:00,29,87,7.3
2025-02-25T11:30:00-08:00,30,85,7.1
2025-02-25T12:00:00-08:00,28,87,5.6
2025-02-25T12:30:00-08:00,27,88,4.3
2025-02-25T13:00:00-08:00,27,86,5.3
2025-02-25T13:30:00-08:00,26,86,3.7
2025-02-25T14:00:00-08:00,25,86,1.9
2025-02-25T14:30:00-08:00,24,85,1.7
2025-02-25T15:00:00-08:00,24,85,1.6
2025-02-25T15:30:00-08:00,24,85,2.1
2025-02-25T16:00:00-08:00,25,84,3.3
2025-02-25T16:30:00-08:00,26,83,3.1
2025-02-25T17:00:00-08:00,29,80,4.8
2025-02-25T17:30:00-08:00,29,79,5.7
2025-02-25T18:00:00-08:00,29,79,10.2
2025-02-25T18:30:00-08:00,32,76,5
2025-02-25T19:00:00-08:00,34,75,5.7
2025-02-25T19:30:00-08:00,34,76,10.2
2025-02-25T20:00:00-08:00,34,76,8.9
2025-02-25T20:30:00-08:00,37,74,8.2
2025-02-25T21:00:00-08:00,37,74,13.8
2025-02-25T21:30:00-08:00,36,73,12.3
2025-02-25T22:00:00-08:00,35,73,9.9
2025-02-25T22:30:00-08:00,36,71,12.4
2025-02-25T23:00:00-08:00,36,71,10.6
2025-02-25T23:30:00-08:00,36,70,9.3
2025-02-26T00:00:00-08:00,37,68,8.2
2025-02-26T00:30:00-08:00,38,66,7.6
2025-02-26T01:00:00-08:00,39,65,6.7
2025-02-26T01:30:00-08:00,41,64,5.4
2025-02-26T02:00:00-08:00,39,65,4.7
2025-02-26T02:30:00-08:00,40,64,4.3
2025-02-26T03:00:00-08:00,40,63,3.3
2025-02-26T03:30:00-08:00,41,62,3
2025-02-26T04:00:00-08:00,42,62,4.4
2025-02-26T04:30:00-08:00,41,62,5
2025-02-26T05:00:00-08:00,40,62,3.4
2025-02-26T05:30:00-08:00,39,62,2.7
2025-02-26T06:00:00-08:00,39,61,2.6
2025-02-26T06:30:00-08:00,40,60,3.1
2025-02-26T07:00:00-08:00,42,62,5.6
2025-02-26T07:30:00-08:00,26,80,5.3
2025-02-26T08:00:00-08:00,17,96,6.5
2025-02-26T08:30:00-08:00,14,106,5.2
2025-02-26T09:00:00-08:00,13,111,5.3
2025-02-26T09:30:00-08:00,14,105,6.6
2025-02-26T10:00:00-08:00,16,96,5.6
2025-02-26T10:30:00-08:00,17,97,4.2
2025-02-26T11:00:00-08:00,18,97,4.1
2025-02-26T11:30:00-08:00,17,96,4.8
2025-02-26T12:00:00-08:00,18,95,6.3
2025-02-26T12:30:00-08:00,17,97,4.9
2025-02-26T13:00:00-08:00,16,98,2.5
2025-02-26T13:30:00-08:00,15,97,3.4
2025-02-26T14:00:00-08:00,18,94,2.6
2025-02-26T14:30:00-08:00,17,93,1.9
2025-02-26T15:00:00-08:00,17,94,2.5
2025-02-26T15:30:00-08:00,17,94,3.7
2025-02-26T16:00:00-08:00,17,94,5
2025-02-26T16:30:00-08:00,15,89,0.4
2025-02-26T17:00:00-08:00,19,86,0.5
2025-02-26T17:30:00-08:00,22,86,4.6
2025-02-26T18:00:00-08:00,21,84,1.9
2025-02-26T18:30:00-08:00,22,83,6.2
2025-02-26T19:00:00-08:00,24,80,5.1
2025-02-26T19:30:00-08:00,25,77,2.1
2025-02-26T20:00:00-08:00,24,77,2.1
2025-02-26T20:30:00-08:00,24,78,1.7
2025-02-26T21:00:00-08:00,30,78,4
2025-02-26T21:30:00-08:00,32,76,4.5
2025-02-26T22:00:00-08:00,32,75,4
2025-02-26T22:30:00-08:00,32,72,3.8
2025-02-26T23:00:00-08:00,32,72,4.3
2025-02-26T23:30:00-08:00,32,72,4.2
2025-02-27T00:00:00-08:00,31,72,1.8
2025-02-27T00:30:00-08:00,32,72,2.8
2025-02-27T01:00:00-08:00,33,70,4.1
2025-02-27T01:30:00-08:00,34,70,3.6
2025-02-27T02:00:00-08:00,35,69,4
2025-02-27T02:30:00-08:00,36,68,4.8
2025-02-27T03:00:00-08:00,36,68,5.4
2025-02-27T03:30:00-08:00,37,67,5.9
2025-02-27T04:00:00-08:00,37,67,5.7
2025-02-27T04:30:00-08:00,38,66,6.3
2025-02-27T05:00:00-08:00,38,66,5.6
2025-02-27T05:30:00-08:00,40,65,6.7
2025-02-27T06:00:00-08:00,38,66,6.8
2025-02-27T06:30:00-08:00,39,66,7.3
2025-02-27T07:00:00-08:00,40,66,7.2
2025-02-27T07:30:00-08:00,33,72,6.7
2025-02-27T08:00:00-08:00,34,73,7.5
2025-02-27T08:30:00-08:00,28,79,7.4
2025-02-27T09:00:00-08:00,28,83,7.7
2025-02-27T09:30:00-08:00,23,93,6.9
2025-02-27T10:00:00-08:00,19,98,5.4
2025-02-27T10:30:00-08:00,27,83,4.9
2025-02-27T11:00:00-08:00,27,83,4.8
2025-02-27T11:30:00-08:00,25,85,4.5
2025-02-27T12:00:00-08:00,25,86,4.2
2025-02-27T12:30:00-08:00,23,88,4.4
2025-02-27T13:00:00-08:00,24,87,4.7
2025-02-27T13:30:00-08:00,26,86,5.2
2025-02-27T14:00:00-08:00,27,86,5.5
2025-02-27T14:30:00-08:00,28,86,5.9
2025-02-27T15:00:00-08:00,29,86,6.6
2025-02-27T15:30:00-08:00,24,92,5.9
2025-02-27T16:00:00-08:00,25,91,6.7
2025-02-27T16:30:00-08:00,28,87,7.9
2025-02-27T17:00:00-08:00,30,85,8.6
2025-02-27T17:30:00-08:00,30,85,9.9
2025-02-27T18:00:00-08:00,31,84,10.7
2025-02-27T18:30:00-08:00,29,86,8.7
2025-02-27T19:00:00-08:00,30,83,11.2
2025-02-27T19:30:00-08:00,29,84,15
2025-02-27T20:00:00-08:00,29,85,17.4
2025-02-27T20:30:00-08:00,31,84,17.4
2025-02-27T21:00:00-08:00,30,83,16.1
2025-02-27T21:30:00-08:00,31,81,22.4
2025-02-27T22:00:00-08:00,33,80,17.8
2025-02-27T22:30:00-08:00,35,78,20.5
2025-02-27T23:00:00-08:00,33,79,23.6
2025-02-27T23:30:00-08:00,33,78,18.6
2025-02-28T00:00:00-08:00,33,78,18.5
2025-02-28T00:30:00-08:00,36,76,20.6
2025-02-28T01:00:00-08:00,35,76,19.7
2025-02-28T01:30:00-08:00,34,76,18.2
2025-02-28T02:00:00-08:00,34,76,17.8
2025-02-28T02:30:00-08:00,34,75,17
2025-02-28T03:00:00-08:00,34,75,16
2025-02-28T03:30:00-08:00,34,74,14.8
2025-02-28T04:00:00-08:00,34,74,13.7
2025-02-28T04:30:00-08:00,35,74,12.7
2025-02-28T05:00:00-08:00,34,74,12.8
2025-02-28T05:30:00-08:00,34,74,13.4
2025-02-28T06:00:00-08:00,35,74,14.6
2025-02-28T06:30:00-08:00,34,73,13.3
2025-02-28T07:00:00-08:00,37,72,18.3
2025-02-28T07:30:00-08:00,35,76,18.6
2025-02-28T08:00:00-08:00,30,81,17.3
2025-02-28T08:30:00-08:00,24,90,16.8
2025-02-28T09:00:00-08:00,20,97,16
2025-02-28T09:30:00-08:00,16,105,16.4
2025-02-28T10:00:00-08:00,16,107,16.2
2025-02-28T10:30:00-08:00,18,104,16.6
2025-02-28T11:00:00-08:00,19,101,20.5
2025-02-28T11:30:00-08:00,19,102,19.3
2025-02-28T12:00:00-08:00,18,105,18.1
2025-02-28T12:30:00-08:00,19,105,14.6
2025-02-28T13:00:00-08:00,18,103,10.3
2025-02-28T13:30:00-08:00,20,101,12.1
2025-02-28T14:00:00-08:00,20,100,12.7
2025-02-28T14:30:00-08:00,20,100,12.8
2025-02-28T15:00:00-08:00,18,100,8.8
2025-02-28T15:30:00-08:00,17,98,8.1
2025-02-28T16:00:00-08:00,14,98,5.6
2025-02-28T16:30:00-08:00,17,96,5.1
2025-02-28T17:00:00-08:00,22,92,9.5
2025-02-28T17:30:00-08:00,25,88,9.9
2025-02-28T18:00:00-08:00,27,86,11.2
2025-02-28T18:30:00-08:00,28,85,12.2
2025-02-28T19:00:00-08:00,29,85,14.8
2025-02-28T19:30:00-08:00,30,84,14
2025-02-28T20:00:00-08:00,33,83,17.3
2025-02-28T20:30:00-08:00,32,83,15.1
2025-02-28T21:00:00-08:00,32,81,16.8
2025-02-28T21:30:00-08:00,34,80,23.5
2025-02-28T22:00:00-08:00,33,79,20.2
2025-02-28T22:30:00-08:00,35,78,18
2025-02-28T23:00:00-08:00,42,72,5.8
2025-02-28T23:30:00-08:00,43,71,10.8
2025-03-01T00:00:00-08:00,40,72,5.9
2025-03-01T00:30:00-08:00,39,72,3.4
2025-03-01T01:00:00-08:00,39,70,3.9
2025-03-01T01:30:00-08:00,39,69,4.1
2025-03-01T02:00:00-08:00,39,69,5.6
2025-03-01T02:30:00-08:00,41,67,6.5
2025-03-01T03:00:00-08:00,39,67,6.3
2025-03-01T03:30:00-08:00,39,67,8.2
2025-03-01T04:00:00-08:00,40,70,12.6
2025-03-01T04:30:00-08:00,39,72,14.1
2025-03-01T05:00:00-08:00,38,73,12.7
2025-03-01T05:30:00-08:00,37,74,11.7
2025-03-01T06:00:00-08:00,37,74,11.6
2025-03-01T06:30:00-08:00,39,72,6
2025-03-01T07:00:00-08:00,40,71,3.9
2025-03-01T07:30:00-08:00,40,72,3.4
2025-03-01T08:00:00-08:00,40,71,4.7
2025-03-01T08:30:00-08:00,40,71,5.8
2025-03-01T09:00:00-08:00,37,74,4.9
2025-03-01T09:30:00-08:00,27,86,3.5
2025-03-01T10:00:00-08:00,23,91,3.6
2025-03-01T10:30:00-08:00,22,91,3.3
2025-03-01T11:00:00-08:00,22,91,4.6
2025-03-01T11:30:00-08:00,25,87,5.6
2025-03-01T12:00:00-08:00,26,87,4.4
2025-03-01T12:30:00-08:00,25,89,2.2
2025-03-01T13:00:00-08:00,27,86,1.7
2025-03-01T13:30:00-08:00,29,83,1
2025-03-01T14:00:00-08:00,32,81,0.6
2025-03-01T14:30:00-08:00,35,77,0.2
2025-03-01T15:00:00-08:00,37,75,0.1
2025-03-01T15:30:00-08:00,37,75,0.3
2025-03-01T16:00:00-08:00,36,75,0.4
2025-03-01T16:30:00-08:00,33,77,1.1
2025-03-01T17:00:00-08:00,35,75,0.4
2025-03-01T17:30:00-08:00,35,73,2.3
2025-03-01T18:00:00-08:00,36,73,1.2
2025-03-01T18:30:00-08:00,37,74,2
2025-03-01T19:00:00-08:00,40,72,2.3
2025-03-01T19:30:00-08:00,43,72,1.2
2025-03-01T20:00:00-08:00,44,71,0.1
2025-03-01T20:30:00-08:00,45,71,0
2025-03-01T21:00:00-08:00,46,70,0.1
2025-03-01T21:30:00-08:00,47,69,0.9
2025-03-01T22:00:00-08:00,47,68,0.7
2025-03-01T22:30:00-08:00,46,69,0.9
2025-03-01T23:00:00-08:00,45,68,0.8
2025-03-01T23:30:00-08:00,43,68,0.9
2025-03-02T00:00:00-08:00,43,68,1.2
2025-03-02T00:30:00-08:00,42,68,1.4
2025-03-02T01:00:00-08:00,42,68,1.5
2025-03-02T01:30:00-08:00,45,65,0.7
2025-03-02T02:00:00-08:00,46,66,0.9
2025-03-02T02:30:00-08:00,48,64,1.6
2025-03-02T03:00:00-08:00,47,65,1.4
2025-03-02T03:30:00-08:00,42,68,1.3
2025-03-02T04:00:00-08:00,41,69,1
2025-03-02T04:30:00-08:00,41,68,0.8
2025-03-02T05:00:00-08:00,44,66,0.8
2025-03-02T05:30:00-08:00,45,66,0.3
2025-03-02T06:00:00-08:00,43,68,0.1
2025-03-02T06:30:00-08:00,42,69,0.1
2025-03-02T07:00:00-08:00,44,68,0.5
2025-03-02T07:30:00-08:00,43,69,0.3
2025-03-02T08:00:00-08:00,47,67,0.7
2025-03-02T08:30:00-08:00,45,67,0.2
2025-03-02T09:00:00-08:00,43,69,0.3
2025-03-02T09:30:00-08:00,41,71,0.4
2025-03-02T10:00:00-08:00,42,70,1
2025-03-02T10:30:00-08:00,37,74,1.8
2025-03-02T11:00:00-08:00,34,75,2.9
2025-03-02T11:30:00-08:00,32,75,2.8
2025-03-02T12:00:00-08:00,29,75,2.5
2025-03-02T12:30:00-08:00,30,74,2.7
2025-03-02T13:00:00-08:00,31,74,2.7
2025-03-02T13:30:00-08:00,31,73,2.4
2025-03-02T14:00:00-08:00,31,73,2.1
2025-03-02T14:30:00-08:00,31,73,1.8
2025-03-02T15:00:00-08:00,33,71,1.4
2025-03-02T15:30:00-08:00,34,69,1
2025-03-02T16:00:00-08:00,35,68,1
2025-03-02T16:30:00-08:00,36,68,1.1
2025-03-02T17:00:00-08:00,36,69,1
2025-03-02T17:30:00-08:00,37,68,1.2
2025-03-02T18:00:00-08:00,40,65,1.4
2025-03-02T18:30:00-08:00,41,65,1.6
2025-03-02T19:00:00-08:00,41,64,1.5
2025-03-02T19:30:00-08:00,41,65,1.7
2025-03-02T20:00:00-08:00,41,64,1.1
2025-03-02T20:30:00-08:00,40,64,0.9
2025-03-02T21:00:00-08:00,41,64,1.7
2025-03-02T21:30:00-08:00,41,64,2.5
2025-03-02T22:00:00-08:00,42,64,2.4
2025-03-02T22:30:00-08:00,41,65,2.4
2025-03-02T23:00:00-08:00,41,64,2.8
2025-03-02T23:30:00-08:00,42,64,3.9
2025-03-03T00:00:00-08:00,40,65,2.5
2025-03-03T00:30:00-08:00,40,65,2.3
2025-03-03T01:00:00-08:00,40,65,2
2025-03-03T01:30:00-08:00,39,65,1.7
2025-03-03T02:00:00-08:00,41,65,1.9
2025-03-03T02:30:00-08:00,41,65,2.1
2025-03-03T03:00:00-08:00,38,66,1.1
2025-03-03T03:30:00-08:00,37,67,1.2
2025-03-03T04:00:00-08:00,37,66,1.9
2025-03-03T04:30:00-08:00,38,65,1.7
2025-03-03T05:00:00-08:00,38,64,1.6
2025-03-03T05:30:00-08:00,37,64,1.7
2025-03-03T06:00:00-08:00,37,64,1.9
2025-03-03T06:30:00-08:00,39,62,1.9
2025-03-03T07:00:00-08:00,36,66,1.3
2025-03-03T07:30:00-08:00,23,83,1.3
2025-03-03T08:00:00-08:00,16,96,0.4
2025-03-03T08:30:00-08:00,12,107,3.7
2025-03-03T09:00:00-08:00,12,105,7.2
2025-03-03T09:30:00-08:00,18,91,0.8
2025-03-03T10:00:00-08:00,17,92,0.6
2025-03-03T10:30:00-08:00,19,90,0.9
2025-03-03T11:00:00-08:00,20,88,1
2025-03-03T11:30:00-08:00,22,85,0.9
2025-03-03T12:00:00-08:00,22,85,0.7
2025-03-03T12:30:00-08:00,22,85,0.6
2025-03-03T13:00:00-08:00,24,83,1.3
2025-03-03T13:30:00-08:00,27,80,0.4
2025-03-03T14:00:00-08:00,29,78,0.3
2025-03-03T14:30:00-08:00,31,76,0.4
2025-03-03T15:00:00-08:00,33,75,1.1
2025-03-03T15:30:00-08:00,34,73,0.4
2025-03-03T16:00:00-08:00,36,71,0.9
2025-03-03T16:30:00-08:00,37,70,2.7
2025-03-03T17:00:00-08:00,39,68,0.4
2025-03-03T17:30:00-08:00,39,68,0.3
2025-03-03T18:00:00-08:00,39,68,2.2
2025-03-03T18:30:00-08:00,41,66,1
2025-03-03T19:00:00-08:00,41,66,0.9
2025-03-03T19:30:00-08:00,41,66,0.4
2025-03-03T20:00:00-08:00,41,67,1.4
2025-03-03T20:30:00-08:00,40,67,1.1
2025-03-03T21:00:00-08:00,41,67,0.6
2025-03-03T21:30:00-08:00,40,67,0.6
2025-03-03T22:00:00-08:00,40,67,0.5
2025-03-03T22:30:00-08:00,40,67,3.3
2025-03-03T23:00:00-08:00,41,66,0.4
2025-03-03T23:30:00-08:00,41,67,0.4
2025-03-04T00:00:00-08:00,41,66,0.4
2025-03-04T00:30:00-08:00,40,67,0.4
2025-03-04T01:00:00-08:00,41,66,0.3
2025-03-04T01:30:00-08:00,41,66,0.3
2025-03-04T02:00:00-08:00,40,67,0.1
2025-03-04T02:30:00-08:00,40,67,0.2
2025-03-04T03:00:00-08:00,39,67,0.7
2025-03-04T03:30:00-08:00,40,67,0.2
2025-03-04T04:00:00-08:00,41,66,0.2
2025-03-04T04:30:00-08:00,43,64,0.6
2025-03-04T05:00:00-08:00,41,64,1.5
2025-03-04T05:30:00-08:00,41,64,1.8
2025-03-04T06:00:00-08:00,42,64,1.2
2025-03-04T06:30:00-08:00,43,63,1.5
2025-03-04T07:00:00-08:00,43,64,2.3
2025-03-04T07:30:00-08:00,43,64,2.6
2025-03-04T08:00:00-08:00,39,68,3.2
2025-03-04T08:30:00-08:00,34,71,3
2025-03-04T09:00:00-08:00,35,72,2.8
2025-03-04T09:30:00-08:00,31,75,2.4
2025-03-04T10:00:00-08:00,29,76,1.4
2025-03-04T10:30:00-08:00,28,77,1.7
2025-03-04T11:00:00-08:00,26,80,0.7
2025-03-04T11:30:00-08:00,22,85,0.9
2025-03-04T12:00:00-08:00,23,85,0.8
2025-03-04T12:30:00-08:00,23,86,0.9
2025-03-04T13:00:00-08:00,24,85,1.3
2025-03-04T13:30:00-08:00,24,85,1.3
2025-03-04T14:00:00-08:00,25,84,0.7
2025-03-04T14:30:00-08:00,25,85,0.7
2025-03-04T15:00:00-08:00,26,83,1.8
2025-03-04T15:30:00-08:00,26,82,1
2025-03-04T16:00:00-08:00,27,81,1.1
2025-03-04T16:30:00-08:00,30,79,1.5
2025-03-04T17:00:00-08:00,33,76,1.7
2025-03-04T17:30:00-08:00,36,75,1.6
2025-03-04T18:00:00-08:00,38,74,4.2
2025-03-04T18:30:00-08:00,39,73,5.1
2025-03-04T19:00:00-08:00,38,74,3.4
2025-03-04T19:30:00-08:00,39,74,4.2
2025-03-04T20:00:00-08:00,38,73,4.3
2025-03-04T20:30:00-08:00,37,73,22.6
2025-03-04T21:00:00-08:00,39,72,4.7
2025-03-04T21:30:00-08:00,38,72,7.6
2025-03-04T22:00:00-08:00,37,72,14.7
2025-03-04T22:30:00-08:00,38,72,4.5
2025-03-04T23:00:00-08:00,38,71,3.9
2025-03-04T23:30:00-08:00,39,71,4.1
2025-03-05T00:00:00-08:00,39,71,3.6
2025-03-05T00:30:00-08:00,37,71,1.4
2025-03-05T01:00:00-08:00,37,72,1.1
2025-03-05T01:30:00-08:00,36,72,1
2025-03-05T02:00:00-08:00,36,72,0.9
2025-03-05T02:30:00-08:00,37,72,2.9
2025-03-05T03:00:00-08:00,37,72,3.8
2025-03-05T03:30:00-08:00,41,68,1.5
2025-03-05T04:00:00-08:00,42,68,1.5
2025-03-05T04:30:00-08:00,44,68,8.1
2025-03-05T05:00:00-08:00,49,67,11.8
2025-03-05T05:30:00-08:00,49,68,16.2
2025-03-05T06:00:00-08:00,49,69,17
2025-03-05T06:30:00-08:00,49,69,18.2
2025-03-05T07:00:00-08:00,49,69,16.7
2025-03-05T07:30:00-08:00,49,69,9.2
2025-03-05T08:00:00-08:00,49,69,7
2025-03-05T08:30:00-08:00,49,69,7
2025-03-05T09:00:00-08:00,49,69,7.3
2025-03-05T09:30:00-08:00,49,69,9
2025-03-05T10:00:00-08:00,48,70,10.3
2025-03-05T10:30:00-08:00,49,69,6.1
2025-03-05T11:00:00-08:00,47,70,2
2025-03-05T11:30:00-08:00,46,70,1.4
2025-03-05T12:00:00-08:00,43,71,2.8
2025-03-05T12:30:00-08:00,39,72,2.4
2025-03-05T13:00:00-08:00,38,72,2.6
2025-03-05T13:30:00-08:00,37,73,3.1
2025-03-05T14:00:00-08:00,33,73,2.3
2025-03-05T14:30:00-08:00,28,74,1.7
2025-03-05T15:00:00-08:00,27,71,1.2
2025-03-05T15:30:00-08:00,32,69,1.7
2025-03-05T16:00:00-08:00,34,70,3.1
2025-03-05T16:30:00-08:00,35,69,6.1
2025-03-05T17:00:00-08:00,38,67,2.5
2025-03-05T17:30:00-08:00,41,65,4.1
2025-03-05T18:00:00-08:00,41,65,2.6
2025-03-05T18:30:00-08:00,41,65,2.2
2025-03-05T19:00:00-08:00,42,65,2.4
2025-03-05T19:30:00-08:00,42,65,2.5
2025-03-05T20:00:00-08:00,44,65,2.3
2025-03-05T20:30:00-08:00,46,64,1.1
2025-03-05T21:00:00-08:00,47,64,1.4
2025-03-05T21:30:00-08:00,46,64,3.2
2025-03-05T22:00:00-08:00,45,64,0.9
2025-03-05T22:30:00-08:00,46,63,1.9
2025-03-05T23:00:00-08:00,45,62,0.9
2025-03-05T23:30:00-08:00,43,63,1.6
2025-03-06T00:00:00-08:00,42,63,0.7
2025-03-06T00:30:00-08:00,43,63,1
2025-03-06T01:00:00-08:00,42,63,0.8
2025-03-06T01:30:00-08:00,40,63,0.6
2025-03-06T02:00:00-08:00,41,63,0.5
2025-03-06T02:30:00-08:00,42,62,0.4
2025-03-06T03:00:00-08:00,41,62,0.3
2025-03-06T03:30:00-08:00,42,62,0.3
2025-03-06T04:00:00-08:00,47,61,0.5
2025-03-06T04:30:00-08:00,46,62,0.7
2025-03-06T05:00:00-08:00,46,62,0.7
2025-03-06T05:30:00-08:00,47,61,0.3
2025-03-06T06:00:00-08:00,48,60,0.4
2025-03-06T06:30:00-08:00,49,60,0.2
2025-03-06T07:00:00-08:00,46,62,0.1
2025-03-06T07:30:00-08:00,47,63,1.8
2025-03-06T08:00:00-08:00,47,64,0.7
2025-03-06T08:30:00-08:00,34,77,0.5
2025-03-06T09:00:00-08:00,32,77,0.4
2025-03-06T09:30:00-08:00,28,81,0.1
2025-03-06T10:00:00-08:00,25,84,0
2025-03-06T10:30:00-08:00,24,83,0
2025-03-06T11:00:00-08:00,24,83,0
2025-03-06T11:30:00-08:00,24,83,0.2
2025-03-06T12:00:00-08:00,24,83,0
2025-03-06T12:30:00-08:00,24,83,0.1
2025-03-06T13:00:00-08:00,24,82,0.1
2025-03-06T13:30:00-08:00,24,81,0.6
2025-03-06T14:00:00-08:00,23,81,1
2025-03-06T14:30:00-08:00,23,80,0.7
2025-03-06T15:00:00-08:00,24,79,0.3
2025-03-06T15:30:00-08:00,24,79,0.2
2025-03-06T16:00:00-08:00,24,78,0.2
2025-03-06T16:30:00-08:00,25,76,1.8
2025-03-06T17:00:00-08:00,27,75,0.5
2025-03-06T17:30:00-08:00,32,71,1.6
2025-03-06T18:00:00-08:00,34,69,1.2
2025-03-06T18:30:00-08:00,35,68,1.9
2025-03-06T19:00:00-08:00,36,67,3.4
2025-03-06T19:30:00-08:00,39,67,3.2
2025-03-06T20:00:00-08:00,41,67,5.8
2025-03-06T20:30:00-08:00,42,67,12.7
2025-03-06T21:00:00-08:00,43,66,8.2
2025-03-06T21:30:00-08:00,42,66,7.4
2025-03-06T22:00:00-08:00,43,65,8.2
2025-03-06T22:30:00-08:00,44,63,10.8
2025-03-06T23:00:00-08:00,45,62,9.2
2025-03-06T23:30:00-08:00,43,63,9.3
2025-03-07T00:00:00-08:00,42,62,7.3
2025-03-07T00:30:00-08:00,43,61,6
2025-03-07T01:00:00-08:00,43,61,5.5
2025-03-07T01:30:00-08:00,43,61,5.2
2025-03-07T02:00:00-08:00,42,60,4.8
2025-03-07T02:30:00-08:00,45,59,5.4
2025-03-07T03:00:00-08:00,46,59,5.7
2025-03-07T03:30:00-08:00,47,59,6.6
2025-03-07T04:00:00-08:00,47,60,7.7
2025-03-07T04:30:00-08:00,47,60,7.5
2025-03-07T05:00:00-08:00,47,60,7.9
2025-03-07T05:30:00-08:00,46,61,9
2025-03-07T06:00:00-08:00,44,61,8.2
2025-03-07T06:30:00-08:00,44,61,7.9
2025-03-07T07:00:00-08:00,41,64,9
2025-03-07T07:30:00-08:00,27,80,7.4
2025-03-07T08:00:00-08:00,18,95,6.6
2025-03-07T08:30:00-08:00,15,104,6.7
2025-03-07T09:00:00-08:00,14,108,6.3
2025-03-07T09:30:00-08:00,14,106,6.7
2025-03-07T10:00:00-08:00,17,99,6.3
2025-03-07T10:30:00-08:00,21,93,5.6
2025-03-07T11:00:00-08:00,22,90,6.8
2025-03-07T11:30:00-08:00,22,89,4.7
2025-03-07T12:00:00-08:00,23,87,3.4
2025-03-07T12:30:00-08:00,21,87,2.7
2025-03-07T13:00:00-08:00,21,87,2.5
2025-03-07T13:30:00-08:00,21,84,2.2
2025-03-07T14:00:00-08:00,22,82,1.7
2025-03-07T14:30:00-08:00,17,83,0.7
2025-03-07T15:00:00-08:00,14,84,0.5
2025-03-07T15:30:00-08:00,28,79,3.9
2025-03-07T16:00:00-08:00,27,78,4.9
2025-03-07T16:30:00-08:00,28,77,3
2025-03-07T17:00:00-08:00,29,75,3.5
2025-03-07T17:30:00-08:00,31,74,6
2025-03-07T18:00:00-08:00,34,71,5.2
2025-03-07T18:30:00-08:00,36,70,3.8
2025-03-07T19:00:00-08:00,40,68,4.8
2025-03-07T19:30:00-08:00,40,69,4.9
2025-03-07T20:00:00-08:00,40,69,5.4
2025-03-07T20:30:00-08:00,41,68,7.2
2025-03-07T21:00:00-08:00,42,67,10
2025-03-07T21:30:00-08:00,42,66,16.7
2025-03-07T22:00:00-08:00,45,64,11.2
2025-03-07T22:30:00-08:00,46,63,9.5
2025-03-07T23:00:00-08:00,45,63,8.3
2025-03-07T23:30:00-08:00,42,63,7.5
2025-03-08T00:00:00-08:00,42,63,6.8
2025-03-08T00:30:00-08:00,42,62,6.3
2025-03-08T01:00:00-08:00,42,61,5.7
2025-03-08T01:30:00-08:00,43,61,6
2025-03-08T02:00:00-08:00,45,59,6.2
2025-03-08T02:30:00-08:00,46,59,7
2025-03-08T03:00:00-08:00,45,59,6.4
2025-03-08T03:30:00-08:00,43,59,5.8
2025-03-08T04:00:00-08:00,44,58,5.7
2025-03-08T04:30:00-08:00,45,58,5.2
2025-03-08T05:00:00-08:00,45,57,5.7
2025-03-08T05:30:00-08:00,43,57,5.2
2025-03-08T06:00:00-08:00,43,57,4.6
2025-03-08T06:30:00-08:00,42,57,4.7
2025-03-08T07:00:00-08:00,40,62,5.2
2025-03-08T07:30:00-08:00,24,81,8.4
2025-03-08T08:00:00-08:00,16,97,7.8
2025-03-08T08:30:00-08:00,13,104,6.1
2025-03-08T09:00:00-08:00,11,109,4.9
2025-03-08T09:30:00-08:00,12,108,3.5
2025-03-08T10:00:00-08:00,14,100,3.8
2025-03-08T10:30:00-08:00,15,98,3.7
2025-03-08T11:00:00-08:00,17,96,4.1
2025-03-08T11:30:00-08:00,18,93,8.3
2025-03-08T12:00:00-08:00,18,94,4
2025-03-08T12:30:00-08:00,18,95,3.2
2025-03-08T13:00:00-08:00,17,95,3.8
2025-03-08T13:30:00-08:00,17,93,2.2
2025-03-08T14:00:00-08:00,16,91,1.3
2025-03-08T14:30:00-08:00,16,89,1.8
2025-03-08T15:00:00-08:00,19,86,2.1
2025-03-08T15:30:00-08:00,22,85,4.1
2025-03-08T16:00:00-08:00,24,83,3.8
2025-03-08T16:30:00-08:00,25,82,3.2
2025-03-08T17:00:00-08:00,26,81,2.9
2025-03-08T17:30:00-08:00,24,79,5.3
2025-03-08T18:00:00-08:00,23,77,7.4
2025-03-08T18:30:00-08:00,22,76,6.9
2025-03-08T19:00:00-08:00,23,75,3.3
2025-03-08T19:30:00-08:00,26,73,4.3
2025-03-08T20:00:00-08:00,27,71,7.9
2025-03-08T20:30:00-08:00,29,70,10.2
2025-03-08T21:00:00-08:00,31,68,8.5
2025-03-08T21:30:00-08:00,32,67,12.5
2025-03-08T22:00:00-08:00,33,66,13
2025-03-08T22:30:00-08:00,35,65,13.3
2025-03-08T23:00:00-08:00,35,64,12.3
2025-03-08T23:30:00-08:00,36,63,12.9
2025-03-09T00:00:00-08:00,40,62,6.3
2025-03-09T00:30:00-08:00,40,61,5.7
2025-03-09T01:00:00-08:00,40,61,5.1
2025-03-09T01:30:00-08:00,39,62,4.6
2025-03-09T03:00:00-07:00,38,62,4.5
2025-03-09T03:30:00-07:00,38,61,4.6
2025-03-09T04:00:00-07:00,42,59,5.2
2025-03-09T04:30:00-07:00,40,59,4.6
2025-03-09T05:00:00-07:00,40,59,4.5
2025-03-09T05:30:00-07:00,40,58,4.6
2025-03-09T06:00:00-07:00,40,58,4.6
2025-03-09T06:30:00-07:00,42,57,4.1
2025-03-09T07:00:00-07:00,43,56,4.7
2025-03-09T07:30:00-07:00,42,57,4.4
2025-03-09T08:00:00-07:00,37,63,5.3
2025-03-09T08:30:00-07:00,23,82,7.9
2025-03-09T09:00:00-07:00,16,92,5.9
2025-03-09T09:30:00-07:00,13,100,3.9
2025-03-09T10:00:00-07:00,13,98,3.8
2025-03-09T10:30:00-07:00,13,101,2.8
2025-03-09T11:00:00-07:00,13,100,2.5
2025-03-09T11:30:00-07:00,15,96,2
2025-03-09T12:00:00-07:00,16,94,1.8
2025-03-09T12:30:00-07:00,15,94,1.8
2025-03-09T13:00:00-07:00,18,92,2.7
2025-03-09T13:30:00-07:00,21,88,3.8
2025-03-09T14:00:00-07:00,23,88,4.4
2025-03-09T14:30:00-07:00,23,88,4.5
2025-03-09T15:00:00-07:00,25,85,4
2025-03-09T15:30:00-07:00,25,85,3.4
2025-03-09T16:00:00-07:00,26,83,3
2025-03-09T16:30:00-07:00,27,81,2.8
2025-03-09T17:00:00-07:00,26,81,2.6
2025-03-09T17:30:00-07:00,26,80,4.9
2025-03-09T18:00:00-07:00,27,78,1.6
2025-03-09T18:30:00-07:00,28,76,1.8
2025-03-09T19:00:00-07:00,29,74,3.8
2025-03-09T19:30:00-07:00,30,73,4.2
2025-03-09T20:00:00-07:00,31,72,13.5
2025-03-09T20:30:00-07:00,32,71,3.1
2025-03-09T21:00:00-07:00,34,70,3.6
2025-03-09T21:30:00-07:00,33,69,7.1
2025-03-09T22:00:00-07:00,34,69,3.7
2025-03-09T22:30:00-07:00,35,68,3.5
2025-03-09T23:00:00-07:00,36,66,3.8
2025-03-09T23:30:00-07:00,36,65,3.2
2025-03-10T00:00:00-07:00,37,64,3.7
2025-03-10T00:30:00-07:00,38,63,4.6
2025-03-10T01:00:00-07:00,38,63,4.7
2025-03-10T01:30:00-07:00,39,62,4.2
2025-03-10T02:00:00-07:00,39,61,3.9
2025-03-10T02:30:00-07:00,40,61,4
2025-03-10T03:00:00-07:00,41,61,4.2
2025-03-10T03:30:00-07:00,41,61,4.4
2025-03-10T04:00:00-07:00,42,61,4.3
2025-03-10T04:30:00-07:00,41,61,4.3
2025-03-10T05:00:00-07:00,42,61,4.8
2025-03-10T05:30:00-07:00,44,60,5.6
2025-03-10T06:00:00-07:00,41,61,5.6
2025-03-10T06:30:00-07:00,41,61,6.1
2025-03-10T07:00:00-07:00,42,60,5.5
2025-03-10T07:30:00-07:00,42,60,5.2
2025-03-10T08:00:00-07:00,41,63,5.6
2025-03-10T08:30:00-07:00,37,67,5.8
2025-03-10T09:00:00-07:00,31,74,6
2025-03-10T09:30:00-07:00,27,78,7.6
2025-03-10T10:00:00-07:00,24,83,7.9
2025-03-10T10:30:00-07:00,20,91,7.4
2025-03-10T11:00:00-07:00,19,94,5.5
2025-03-10T11:30:00-07:00,19,94,7.7
2025-03-10T12:00:00-07:00,21,91,11.2
2025-03-10T12:30:00-07:00,22,90,10.3
2025-03-10T13:00:00-07:00,22,91,7.5
2025-03-10T13:30:00-07:00,23,90,5.2
2025-03-10T14:00:00-07:00,21,91,4.6
2025-03-10T14:30:00-07:00,21,91,4.7
2025-03-10T15:00:00-07:00,22,90,4.8
2025-03-10T15:30:00-07:00,22,90,4.2
2025-03-10T16:00:00-07:00,21,88,3.5
2025-03-10T16:30:00-07:00,20,86,4.5
2025-03-10T17:00:00-07:00,20,85,3.8
2025-03-10T17:30:00-07:00,23,82,3
2025-03-10T18:00:00-07:00,23,81,1.7
2025-03-10T18:30:00-07:00,20,79,5.4
2025-03-10T19:00:00-07:00,18,77,0.5
2025-03-10T19:30:00-07:00,19,77,0.8
2025-03-10T20:00:00-07:00,20,75,1.2
2025-03-10T20:30:00-07:00,21,73,1.6
2025-03-10T21:00:00-07:00,23,72,2
2025-03-10T21:30:00-07:00,24,71,1.5
2025-03-10T22:00:00-07:00,24,71,1.6
2025-03-10T22:30:00-07:00,25,70,1.8
2025-03-10T23:00:00-07:00,27,69,3.8
2025-03-10T23:30:00-07:00,27,68,3.2
2025-03-11T00:00:00-07:00,29,67,2.2
2025-03-11T00:30:00-07:00,29,66,2.5
2025-03-11T01:00:00-07:00,29,65,3
2025-03-11T01:30:00-07:00,31,65,2.6
2025-03-11T02:00:00-07:00,32,64,2
2025-03-11T02:30:00-07:00,32,63,2
2025-03-11T03:00:00-07:00,32,63,2
2025-03-11T03:30:00-07:00,34,62,4
2025-03-11T04:00:00-07:00,34,61,3.1
2025-03-11T04:30:00-07:00,35,60,2.9
2025-03-11T05:00:00-07:00,37,60,3.8
2025-03-11T05:30:00-07:00,37,60,4.4
2025-03-11T06:00:00-07:00,37,60,4.6
2025-03-11T06:30:00-07:00,37,60,5.3
2025-03-11T07:00:00-07:00,38,59,5.4
2025-03-11T07:30:00-07:00,37,59,5
2025-03-11T08:00:00-07:00,33,65,5.1
2025-03-11T08:30:00-07:00,21,81,4.3
2025-03-11T09:00:00-07:00,15,91,3.7
2025-03-11T09:30:00-07:00,15,90,3.4
2025-03-11T10:00:00-07:00,13,97,3
2025-03-11T10:30:00-07:00,12,98,2.9
2025-03-11T11:00:00-07:00,14,94,3.5
2025-03-11T11:30:00-07:00,13,97,1.1
2025-03-11T12:00:00-07:00,15,95,0.7
2025-03-11T12:30:00-07:00,17,92,0.8
2025-03-11T13:00:00-07:00,18,92,0.8
2025-03-11T13:30:00-07:00,19,91,1
2025-03-11T14:00:00-07:00,20,90,0.7
2025-03-11T14:30:00-07:00,20,90,0.6
2025-03-11T15:00:00-07:00,21,89,0.4
2025-03-11T15:30:00-07:00,23,87,0.3
2025-03-11T16:00:00-07:00,26,82,1.6
2025-03-11T16:30:00-07:00,29,79,0.2
2025-03-11T17:00:00-07:00,30,79,0.8
2025-03-11T17:30:00-07:00,32,77,1.5
2025-03-11T18:00:00-07:00,34,76,1
2025-03-11T18:30:00-07:00,34,75,0.9
2025-03-11T19:00:00-07:00,36,74,0.8
2025-03-11T19:30:00-07:00,37,73,0.9
2025-03-11T20:00:00-07:00,38,73,2.4
2025-03-11T20:30:00-07:00,38,72,2.9
2025-03-11T21:00:00-07:00,39,71,1.7
2025-03-11T21:30:00-07:00,39,71,2
2025-03-11T22:00:00-07:00,40,71,4.4
2025-03-11T22:30:00-07:00,40,71,2.6
2025-03-11T23:00:00-07:00,40,71,1.5
2025-03-11T23:30:00-07:00,39,71,0.9
2025-03-12T00:00:00-07:00,40,70,6.3
2025-03-12T00:30:00-07:00,43,68,1.1
2025-03-12T01:00:00-07:00,42,67,1.6
2025-03-12T01:30:00-07:00,43,67,2.9
2025-03-12T02:00:00-07:00,43,67,1.4
2025-03-12T02:30:00-07:00,43,67,2.1
2025-03-12T03:00:00-07:00,43,67,1.7
2025-03-12T03:30:00-07:00,44,68,1.6
2025-03-12T04:00:00-07:00,45,67,2.9
2025-03-12T04:30:00-07:00,44,67,2.2
2025-03-12T05:00:00-07:00,44,67,1.7
2025-03-12T05:30:00-07:00,45,66,1.5
2025-03-12T06:00:00-07:00,47,64,1.8
2025-03-12T06:30:00-07:00,46,65,1.9
2025-03-12T07:00:00-07:00,46,66,1.5
2025-03-12T07:30:00-07:00,45,66,1.2
2025-03-12T08:00:00-07:00,43,66,1.3
2025-03-12T08:30:00-07:00,43,66,1.8
2025-03-12T09:00:00-07:00,42,67,1.6
2025-03-12T09:30:00-07:00,44,67,1.6
2025-03-12T10:00:00-07:00,46,67,1.3
2025-03-12T10:30:00-07:00,49,66,1.4
2025-03-12T11:00:00-07:00,49,67,1.2
2025-03-12T11:30:00-07:00,49,67,1
2025-03-12T12:00:00-07:00,46,67,0.9
2025-03-12T12:30:00-07:00,41,69,0.6
2025-03-12T13:00:00-07:00,38,70,0.3
2025-03-12T13:30:00-07:00,40,68,0.3
2025-03-12T14:00:00-07:00,44,67,0.6
2025-03-12T14:30:00-07:00,49,66,0.8
2025-03-12T15:00:00-07:00,55,63,1
2025-03-12T15:30:00-07:00,53,61,0.2
2025-03-12T16:00:00-07:00,50,62,0.2
2025-03-12T16:30:00-07:00,50,61,0.3
2025-03-12T17:00:00-07:00,53,60,2.7
2025-03-12T17:30:00-07:00,54,60,4.9
2025-03-12T18:00:00-07:00,55,60,0.7
2025-03-12T18:30:00-07:00,55,60,0.7
2025-03-12T19:00:00-07:00,55,60,1.2
2025-03-12T19:30:00-07:00,54,61,2.3
2025-03-12T20:00:00-07:00,53,61,3
2025-03-12T20:30:00-07:00,54,61,1
2025-03-12T21:00:00-07:00,55,60,0.7
2025-03-12T21:30:00-07:00,52,61,0.7
2025-03-12T22:00:00-07:00,53,61,1.5
2025-03-12T22:30:00-07:00,53,61,3.3
2025-03-12T23:00:00-07:00,53,61,2.8
2025-03-12T23:30:00-07:00,50,63,1.7
2025-03-13T00:00:00-07:00,49,64,1.5
2025-03-13T00:30:00-07:00,50,63,2.3
2025-03-13T01:00:00-07:00,53,60,1.3
2025-03-13T01:30:00-07:00,50,61,0.3
2025-03-13T02:00:00-07:00,48,62,0.1
2025-03-13T02:30:00-07:00,47,62,0.1
2025-03-13T03:00:00-07:00,48,61,0.3
2025-03-13T03:30:00-07:00,48,60,0.3
2025-03-13T04:00:00-07:00,51,59,0.2
2025-03-13T04:30:00-07:00,50,61,0.9
2025-03-13T05:00:00-07:00,50,60,1.1
2025-03-13T05:30:00-07:00,52,59,0.7
2025-03-13T06:00:00-07:00,50,60,0.7
2025-03-13T06:30:00-07:00,52,59,1.3
2025-03-13T07:00:00-07:00,54,58,1.5
2025-03-13T07:30:00-07:00,53,59,1.8
2025-03-13T08:00:00-07:00,53,59,1.5
2025-03-13T08:30:00-07:00,51,60,1.3
2025-03-13T09:00:00-07:00,49,62,0.7
2025-03-13T09:30:00-07:00,48,63,0.6
2025-03-13T10:00:00-07:00,40,69,0.2
2025-03-13T10:30:00-07:00,30,79,0.1
2025-03-13T11:00:00-07:00,29,78,0.1
2025-03-13T11:30:00-07:00,33,72,0.1
2025-03-13T12:00:00-07:00,39,66,0
2025-03-13T12:30:00-07:00,39,66,0
2025-03-13T13:00:00-07:00,34,71,0.1
2025-03-13T13:30:00-07:00,33,71,0.5
2025-03-13T14:00:00-07:00,31,72,0.3
2025-03-13T14:30:00-07:00,30,71,0.7
2025-03-13T15:00:00-07:00,30,71,0.4
2025-03-13T15:30:00-07:00,29,70,0.6
2025-03-13T16:00:00-07:00,29,69,0.8
2025-03-13T16:30:00-07:00,29,68,0.2
2025-03-13T17:00:00-07:00,29,67,0.4
2025-03-13T17:30:00-07:00,30,66,2.4
2025-03-13T18:00:00-07:00,31,66,0.2
2025-03-13T18:30:00-07:00,33,64,0.4
2025-03-13T19:00:00-07:00,36,63,0.3
2025-03-13T19:30:00-07:00,40,62,0.5
2025-03-13T20:00:00-07:00,39,62,0.8
2025-03-13T20:30:00-07:00,39,63,3.9
2025-03-13T21:00:00-07:00,38,63,10.1
2025-03-13T21:30:00-07:00,39,63,5.7
2025-03-13T22:00:00-07:00,39,62,2.5
2025-03-13T22:30:00-07:00,40,62,1.7
2025-03-13T23:00:00-07:00,39,61,3.8
2025-03-13T23:30:00-07:00,39,61,1.7
2025-03-14T00:00:00-07:00,39,60,3.3
2025-03-14T00:30:00-07:00,40,60,1.7
2025-03-14T01:00:00-07:00,39,60,1
2025-03-14T01:30:00-07:00,40,59,1
2025-03-14T02:00:00-07:00,41,59,0.8
2025-03-14T02:30:00-07:00,44,59,0.6
2025-03-14T03:00:00-07:00,47,58,0.9
2025-03-14T03:30:00-07:00,52,56,0.3
2025-03-14T04:00:00-07:00,53,56,0.1
2025-03-14T04:30:00-07:00,53,56,0.2
2025-03-14T05:00:00-07:00,55,54,0.3
2025-03-14T05:30:00-07:00,56,54,0.4
2025-03-14T06:00:00-07:00,56,53,0.3
2025-03-14T06:30:00-07:00,57,51,0.1
2025-03-14T07:00:00-07:00,55,53,0
2025-03-14T07:30:00-07:00,52,54,0
2025-03-14T08:00:00-07:00,51,54,0
2025-03-14T08:30:00-07:00,52,54,0
2025-03-14T09:00:00-07:00,52,56,0
2025-03-14T09:30:00-07:00,44,62,0
2025-03-14T10:00:00-07:00,50,57,0
2025-03-14T10:30:00-07:00,51,58,0
2025-03-14T11:00:00-07:00,49,61,0
2025-03-14T11:30:00-07:00,42,66,2.3
2025-03-14T12:00:00-07:00,42,67,0.1
2025-03-14T12:30:00-07:00,41,68,0.3
2025-03-14T13:00:00-07:00,39,71,1.8
2025-03-14T13:30:00-07:00,43,70,2.8
2025-03-14T14:00:00-07:00,41,71,2
2025-03-14T14:30:00-07:00,42,70,2.1
2025-03-14T15:00:00-07:00,47,68,2.2
2025-03-14T15:30:00-07:00,41,70,1.9
2025-03-14T16:00:00-07:00,39,71,3.4
2025-03-14T16:30:00-07:00,40,69,2.1
2025-03-14T17:00:00-07:00,41,68,2.6
2025-03-14T17:30:00-07:00,41,67,4.8
2025-03-14T18:00:00-07:00,42,67,5.1
2025-03-14T18:30:00-07:00,45,66,5.4
2025-03-14T19:00:00-07:00,47,65,5.9
2025-03-14T19:30:00-07:00,46,64,7.1
2025-03-14T20:00:00-07:00,46,65,5.9
2025-03-14T20:30:00-07:00,46,64,6.4
2025-03-14T21:00:00-07:00,47,64,7.1
2025-03-14T21:30:00-07:00,48,64,8.1
2025-03-14T22:00:00-07:00,46,65,6.6
2025-03-14T22:30:00-07:00,46,65,7.1
2025-03-14T23:00:00-07:00,47,65,7.9
2025-03-14T23:30:00-07:00,48,65,9
2025-03-15T00:00:00-07:00,46,66,8.7
2025-03-15T00:30:00-07:00,46,65,11.3
2025-03-15T01:00:00-07:00,46,64,14.8
2025-03-15T01:30:00-07:00,47,64,12
2025-03-15T02:00:00-07:00,49,63,13.2
2025-03-15T02:30:00-07:00,46,64,12.9
2025-03-15T03:00:00-07:00,46,64,13.1
2025-03-15T03:30:00-07:00,46,64,12
2025-03-15T04:00:00-07:00,47,64,12.5
2025-03-15T04:30:00-07:00,46,64,12.1
2025-03-15T05:00:00-07:00,45,64,13.4
2025-03-15T05:30:00-07:00,47,62,13.7
2025-03-15T06:00:00-07:00,49,61,11.4
2025-03-15T06:30:00-07:00,49,61,10.4
2025-03-15T07:00:00-07:00,48,62,10.3
2025-03-15T07:30:00-07:00,48,63,9.6
2025-03-15T08:00:00-07:00,47,63,9.3
2025-03-15T08:30:00-07:00,43,67,8
2025-03-15T09:00:00-07:00,41,69,8.5
2025-03-15T09:30:00-07:00,33,75,8.3
2025-03-15T10:00:00-07:00,31,76,9.2
2025-03-15T10:30:00-07:00,27,79,9.8
2025-03-15T11:00:00-07:00,26,81,10.4
2025-03-15T11:30:00-07:00,23,87,10.6
2025-03-15T12:00:00-07:00,21,88,10.4
2025-03-15T12:30:00-07:00,23,84,10.8
2025-03-15T13:00:00-07:00,22,85,10.4
2025-03-15T13:30:00-07:00,21,88,10.2
2025-03-15T14:00:00-07:00,22,87,9.6
2025-03-15T14:30:00-07:00,21,86,9.1
2025-03-15T15:00:00-07:00,22,85,9.8
2025-03-15T15:30:00-07:00,23,84,9.5
2025-03-15T16:00:00-07:00,24,81,10
2025-03-15T16:30:00-07:00,25,81,9.8
2025-03-15T17:00:00-07:00,26,79,10.9
2025-03-15T17:30:00-07:00,28,78,10.5
2025-03-15T18:00:00-07:00,29,76,10.3
2025-03-15T18:30:00-07:00,32,74,11
2025-03-15T19:00:00-07:00,32,72,11
2025-03-15T19:30:00-07:00,33,72,12.8
2025-03-15T20:00:00-07:00,35,71,11.3
2025-03-15T20:30:00-07:00,36,70,11.2
2025-03-15T21:00:00-07:00,37,70,11
2025-03-15T21:30:00-07:00,39,68,22.6
2025-03-15T22:00:00-07:00,38,67,26.9
2025-03-15T22:30:00-07:00,40,67,20.5
2025-03-15T23:00:00-07:00,41,66,16.2
2025-03-15T23:30:00-07:00,40,66,20.6
2025-03-16T00:00:00-07:00,40,66,13.8
2025-03-16T00:30:00-07:00,42,64,16.2
2025-03-16T01:00:00-07:00,47,61,19.7
2025-03-16T01:30:00-07:00,49,62,17.2
2025-03-16T02:00:00-07:00,50,61,16
2025-03-16T02:30:00-07:00,50,60,15.1
2025-03-16T03:00:00-07:00,51,60,15.1
2025-03-16T03:30:00-07:00,51,61,14.9
2025-03-16T04:00:00-07:00,52,60,14.9
2025-03-16T04:30:00-07:00,52,60,14.9
2025-03-16T05:00:00-07:00,49,61,14.4
2025-03-16T05:30:00-07:00,50,60,14.3
2025-03-16T06:00:00-07:00,50,60,14.5
2025-03-16T06:30:00-07:00,51,59,14.2
2025-03-16T07:00:00-07:00,51,59,14.1
2025-03-16T07:30:00-07:00,49,61,13.5
2025-03-16T08:00:00-07:00,39,68,11.1
2025-03-16T08:30:00-07:00,34,70,9
2025-03-16T09:00:00-07:00,33,71,8.5
2025-03-16T09:30:00-07:00,34,69,9.4
2025-03-16T10:00:00-07:00,34,70,8.6
2025-03-16T10:30:00-07:00,34,71,6.2
2025-03-16T11:00:00-07:00,33,73,5.4
2025-03-16T11:30:00-07:00,33,73,4.6
2025-03-16T12:00:00-07:00,34,73,3.6
2025-03-16T12:30:00-07:00,35,73,4
2025-03-16T13:00:00-07:00,35,75,6
2025-03-16T13:30:00-07:00,35,75,3.7
2025-03-16T14:00:00-07:00,35,74,4.5
2025-03-16T14:30:00-07:00,37,72,4.3
2025-03-16T15:00:00-07:00,39,71,2.4
2025-03-16T15:30:00-07:00,39,73,1.8
2025-03-16T16:00:00-07:00,39,72,2
2025-03-16T16:30:00-07:00,41,70,1.9
2025-03-16T17:00:00-07:00,42,70,1.9
2025-03-16T17:30:00-07:00,42,70,2.9
2025-03-16T18:00:00-07:00,45,68,5.8
2025-03-16T18:30:00-07:00,46,68,4.3
2025-03-16T19:00:00-07:00,47,67,4.1
2025-03-16T19:30:00-07:00,49,66,4.4
2025-03-16T20:00:00-07:00,47,68,4.1
2025-03-16T20:30:00-07:00,48,67,3
2025-03-16T21:00:00-07:00,51,67,2.6
2025-03-16T21:30:00-07:00,54,66,5.5
2025-03-16T22:00:00-07:00,54,66,2.4
2025-03-16T22:30:00-07:00,54,66,2.9
2025-03-16T23:00:00-07:00,56,66,2.4
2025-03-16T23:30:00-07:00,54,67,0.5
2025-03-17T00:00:00-07:00,55,66,0
2025-03-17T00:30:00-07:00,52,66,0.4
2025-03-17T01:00:00-07:00,51,66,1.8
2025-03-17T01:30:00-07:00,50,66,0.3
2025-03-17T02:00:00-07:00,48,67,0.3
2025-03-17T02:30:00-07:00,48,68,0.2
2025-03-17T03:00:00-07:00,48,68,0.2
2025-03-17T03:30:00-07:00,49,67,0.4
2025-03-17T04:00:00-07:00,51,66,0.7
2025-03-17T04:30:00-07:00,55,63,1.2
2025-03-17T05:00:00-07:00,57,62,0.8
2025-03-17T05:30:00-07:00,55,64,0.4
2025-03-17T06:00:00-07:00,54,65,0.7
2025-03-17T06:30:00-07:00,52,65,0.9
2025-03-17T07:00:00-07:00,52,65,1.1
2025-03-17T07:30:00-07:00,53,65,1.2
2025-03-17T08:00:00-07:00,53,65,1.3
2025-03-17T08:30:00-07:00,51,66,5.5
2025-03-17T09:00:00-07:00,38,78,7.5
2025-03-17T09:30:00-07:00,24,92,2.7
2025-03-17T10:00:00-07:00,25,88,2.7
2025-03-17T10:30:00-07:00,30,80,3.3
2025-03-17T11:00:00-07:00,33,76,3.3
2025-03-17T11:30:00-07:00,33,73,2.2
2025-03-17T12:00:00-07:00,39,72,0.8
2025-03-17T12:30:00-07:00,35,74,1.2
2025-03-17T13:00:00-07:00,32,76,1
2025-03-17T13:30:00-07:00,36,75,1.2
2025-03-17T14:00:00-07:00,41,71,0.7
2025-03-17T14:30:00-07:00,38,72,0.4
2025-03-17T15:00:00-07:00,37,72,0.5
2025-03-17T15:30:00-07:00,38,70,0.5
2025-03-17T16:00:00-07:00,38,68,1.4
2025-03-17T16:30:00-07:00,39,69,0.6
2025-03-17T17:00:00-07:00,44,66,0.7
2025-03-17T17:30:00-07:00,50,64,1.4
2025-03-17T18:00:00-07:00,50,63,0.7
2025-03-17T18:30:00-07:00,49,63,3.3
2025-03-17T19:00:00-07:00,49,63,2.8
2025-03-17T19:30:00-07:00,49,63,3.9
2025-03-17T20:00:00-07:00,47,66,3.2
2025-03-17T20:30:00-07:00,47,65,3.7
2025-03-17T21:00:00-07:00,45,66,2.3
2025-03-17T21:30:00-07:00,43,66,0.9
2025-03-17T22:00:00-07:00,42,66,0.6
2025-03-17T22:30:00-07:00,41,66,0.8
2025-03-17T23:00:00-07:00,40,66,4.1
2025-03-17T23:30:00-07:00,40,65,1.9
2025-03-18T00:00:00-07:00,40,65,0.7
2025-03-18T00:30:00-07:00,40,65,1.1
2025-03-18T01:00:00-07:00,39,64,1.6
2025-03-18T01:30:00-07:00,40,63,1.6
2025-03-18T02:00:00-07:00,41,62,2.1
2025-03-18T02:30:00-07:00,41,62,3.5
2025-03-18T03:00:00-07:00,43,60,2.4
2025-03-18T03:30:00-07:00,43,59,2.7
2025-03-18T04:00:00-07:00,45,58,2.4
2025-03-18T04:30:00-07:00,44,58,2.2
2025-03-18T05:00:00-07:00,45,57,2.4
2025-03-18T05:30:00-07:00,48,56,3.1
2025-03-18T06:00:00-07:00,46,57,2.6
2025-03-18T06:30:00-07:00,45,56,2.9
2025-03-18T07:00:00-07:00,45,56,3
2025-03-18T07:30:00-07:00,42,60,3.3
2025-03-18T08:00:00-07:00,25,80,1.7
2025-03-18T08:30:00-07:00,16,94,1.1
2025-03-18T09:00:00-07:00,13,101,0.6
2025-03-18T09:30:00-07:00,12,103,0.2
2025-03-18T10:00:00-07:00,14,97,0.6
2025-03-18T10:30:00-07:00,15,95,0.4
2025-03-18T11:00:00-07:00,17,90,0.9
2025-03-18T11:30:00-07:00,19,87,0.9
2025-03-18T12:00:00-07:00,19,87,0.9
2025-03-18T12:30:00-07:00,19,86,0.8
2025-03-18T13:00:00-07:00,20,85,0.8
2025-03-18T13:30:00-07:00,20,85,0.8
2025-03-18T14:00:00-07:00,20,84,0.7
2025-03-18T14:30:00-07:00,20,84,0.5
2025-03-18T15:00:00-07:00,20,83,0.6
2025-03-18T15:30:00-07:00,18,82,0.7
2025-03-18T16:00:00-07:00,20,80,0.8
2025-03-18T16:30:00-07:00,22,79,1.8
2025-03-18T17:00:00-07:00,24,77,2.4
2025-03-18T17:30:00-07:00,25,76,1.2
2025-03-18T18:00:00-07:00,28,73,1.4
2025-03-18T18:30:00-07:00,31,71,4
2025-03-18T19:00:00-07:00,33,70,3
2025-03-18T19:30:00-07:00,34,68,2
2025-03-18T20:00:00-07:00,35,68,1.8
2025-03-18T20:30:00-07:00,36,68,2.6
2025-03-18T21:00:00-07:00,38,68,5.4
2025-03-18T21:30:00-07:00,39,67,2.7
2025-03-18T22:00:00-07:00,40,66,3
2025-03-18T22:30:00-07:00,40,65,4.9
2025-03-18T23:00:00-07:00,40,64,4.7
2025-03-18T23:30:00-07:00,42,62,5.7
2025-03-19T00:00:00-07:00,44,61,7.2
2025-03-19T00:30:00-07:00,42,62,6.9
2025-03-19T01:00:00-07:00,43,60,6.4
2025-03-19T01:30:00-07:00,44,60,5.6
2025-03-19T02:00:00-07:00,44,60,4.7
2025-03-19T02:30:00-07:00,43,60,3.9
2025-03-19T03:00:00-07:00,43,59,3.5
2025-03-19T03:30:00-07:00,43,58,3.5
2025-03-19T04:00:00-07:00,43,58,3.6
2025-03-19T04:30:00-07:00,45,57,3.8
2025-03-19T05:00:00-07:00,45,58,3.7
2025-03-19T05:30:00-07:00,47,56,4
2025-03-19T06:00:00-07:00,46,57,3.9
2025-03-19T06:30:00-07:00,46,56,5
2025-03-19T07:00:00-07:00,47,57,5.9
2025-03-19T07:30:00-07:00,44,59,4.5
2025-03-19T08:00:00-07:00,32,71,3
2025-03-19T08:30:00-07:00,25,79,4.9
2025-03-19T09:00:00-07:00,21,85,4.6
2025-03-19T09:30:00-07:00,18,91,3.1
2025-03-19T10:00:00-07:00,18,92,3.7
2025-03-19T10:30:00-07:00,17,93,3.9
2025-03-19T11:00:00-07:00,18,92,3.5
2025-03-19T11:30:00-07:00,18,89,3.1
2025-03-19T12:00:00-07:00,19,86,2.8
2025-03-19T12:30:00-07:00,21,87,3.3
2025-03-19T13:00:00-07:00,22,85,2.7
2025-03-19T13:30:00-07:00,22,86,2.1
2025-03-19T14:00:00-07:00,24,84,2.3
2025-03-19T14:30:00-07:00,23,86,2.3
2025-03-19T15:00:00-07:00,25,84,3.2
2025-03-19T15:30:00-07:00,23,81,1.7
2025-03-19T16:00:00-07:00,21,80,0.3
2025-03-19T16:30:00-07:00,22,78,0.3
2025-03-19T17:00:00-07:00,22,78,0.3
2025-03-19T17:30:00-07:00,20,75,0.7
2025-03-19T18:00:00-07:00,19,76,2
2025-03-19T18:30:00-07:00,18,76,1.2
2025-03-19T19:00:00-07:00,22,73,0.4
2025-03-19T19:30:00-07:00,25,72,0.3
2025-03-19T20:00:00-07:00,31,72,0.2
2025-03-19T20:30:00-07:00,35,71,2
2025-03-19T21:00:00-07:00,36,69,1.6
2025-03-19T21:30:00-07:00,40,67,7.9
2025-03-19T22:00:00-07:00,40,67,0.5
2025-03-19T22:30:00-07:00,42,67,0.6
2025-03-19T23:00:00-07:00,43,67,0.9
2025-03-19T23:30:00-07:00,41,69,1.2
2025-03-20T00:00:00-07:00,39,70,0.3
2025-03-20T00:30:00-07:00,42,69,0.5
2025-03-20T01:00:00-07:00,45,67,0.2
2025-03-20T01:30:00-07:00,45,67,0.2
2025-03-20T02:00:00-07:00,43,69,0.2
2025-03-20T02:30:00-07:00,42,69,0.2
2025-03-20T03:00:00-07:00,41,69,0.3
2025-03-20T03:30:00-07:00,41,68,0.6
2025-03-20T04:00:00-07:00,41,67,1.5
2025-03-20T04:30:00-07:00,42,66,1.3
2025-03-20T05:00:00-07:00,44,66,1.3
2025-03-20T05:30:00-07:00,44,67,1.4
2025-03-20T06:00:00-07:00,43,66,1
2025-03-20T06:30:00-07:00,41,67,0.3
2025-03-20T07:00:00-07:00,42,65,0.6
2025-03-20T07:30:00-07:00,42,65,1.2
2025-03-20T08:00:00-07:00,39,70,2.1
2025-03-20T08:30:00-07:00,24,87,1.4
2025-03-20T09:00:00-07:00,21,90,0.8
2025-03-20T09:30:00-07:00,18,97,0.7
2025-03-20T10:00:00-07:00,18,95,0.9
2025-03-20T10:30:00-07:00,19,93,2
2025-03-20T11:00:00-07:00,20,91,2.9
2025-03-20T11:30:00-07:00,21,90,3.2
2025-03-20T12:00:00-07:00,22,89,2.1
2025-03-20T12:30:00-07:00,22,88,1.8
2025-03-20T13:00:00-07:00,22,87,1.8
2025-03-20T13:30:00-07:00,21,87,1.3
2025-03-20T14:00:00-07:00,22,86,0.8
2025-03-20T14:30:00-07:00,21,85,0.6
2025-03-20T15:00:00-07:00,22,83,1.7
2025-03-20T15:30:00-07:00,24,82,1.2
2025-03-20T16:00:00-07:00,27,80,1.4
2025-03-20T16:30:00-07:00,29,78,1.4
2025-03-20T17:00:00-07:00,30,76,1.3
2025-03-20T17:30:00-07:00,31,75,1.7
2025-03-20T18:00:00-07:00,31,73,2.7
2025-03-20T18:30:00-07:00,31,72,2.2
2025-03-20T19:00:00-07:00,34,71,2.8
2025-03-20T19:30:00-07:00,35,70,3.4
2025-03-20T20:00:00-07:00,39,68,3.7
2025-03-20T20:30:00-07:00,40,67,4
2025-03-20T21:00:00-07:00,41,67,5.6
2025-03-20T21:30:00-07:00,41,67,7.2
2025-03-20T22:00:00-07:00,40,67,3.6
2025-03-20T22:30:00-07:00,39,67,3.7
2025-03-20T23:00:00-07:00,40,66,3.6
2025-03-20T23:30:00-07:00,42,65,4.2
2025-03-21T00:00:00-07:00,41,65,4.6
2025-03-21T00:30:00-07:00,41,65,4.5
2025-03-21T01:00:00-07:00,43,64,4.9
2025-03-21T01:30:00-07:00,46,62,5
2025-03-21T02:00:00-07:00,45,63,5.1
2025-03-21T02:30:00-07:00,45,62,5.2
2025-03-21T03:00:00-07:00,44,63,4.7
2025-03-21T03:30:00-07:00,43,62,4.3
2025-03-21T04:00:00-07:00,43,62,3.8
2025-03-21T04:30:00-07:00,43,61,3.4
2025-03-21T05:00:00-07:00,43,61,3.4
2025-03-21T05:30:00-07:00,43,60,4
2025-03-21T06:00:00-07:00,44,60,4.1
2025-03-21T06:30:00-07:00,45,60,4.3
2025-03-21T07:00:00-07:00,44,60,4
2025-03-21T07:30:00-07:00,44,62,4.9
2025-03-21T08:00:00-07:00,35,72,5.1
2025-03-21T08:30:00-07:00,25,84,6
2025-03-21T09:00:00-07:00,18,96,5.6
2025-03-21T09:30:00-07:00,18,97,5.1
2025-03-22T14:00:00-07:00,40,78,1.2
2025-03-22T14:30:00-07:00,32,85,0.8
2025-03-22T15:00:00-07:00,30,86,0.8
2025-03-22T15:30:00-07:00,29,87,0.9
2025-03-22T16:00:00-07:00,29,87,1.1
2025-03-22T16:30:00-07:00,29,87,1.6
2025-03-22T17:00:00-07:00,29,87,1.4
2025-03-22T17:30:00-07:00,29,87,1.4
2025-03-22T18:00:00-07:00,28,88,0.8
2025-03-22T18:30:00-07:00,28,88,1.9
2025-03-22T19:00:00-07:00,28,88,2.3
2025-03-22T19:30:00-07:00,28,88,1.9
2025-03-22T20:00:00-07:00,28,88,1.8
2025-03-22T20:30:00-07:00,28,88,1.5
2025-03-22T21:00:00-07:00,28,88,1.4
2025-03-22T21:30:00-07:00,28,88,1.4
2025-03-22T22:00:00-07:00,28,87,1.2
2025-03-22T22:30:00-07:00,28,88,0.5
2025-03-22T23:00:00-07:00,28,88,0.6
2025-03-22T23:30:00-07:00,28,88,0.6
2025-03-23T00:00:00-07:00,28,87,0.5
2025-03-23T00:30:00-07:00,28,87,0.5
2025-03-23T01:00:00-07:00,28,87,0.4
2025-03-23T01:30:00-07:00,28,87,0.3
2025-03-23T02:00:00-07:00,28,86,0.3
2025-03-23T02:30:00-07:00,28,86,0.3
2025-03-23T03:00:00-07:00,28,86,0.4
2025-03-23T03:30:00-07:00,28,86,0.5
2025-03-23T04:00:00-07:00,28,85,0.6
2025-03-23T04:30:00-07:00,28,85,0.6
2025-03-23T05:00:00-07:00,28,85,0.6
2025-03-23T05:30:00-07:00,28,85,0.7
2025-03-23T06:00:00-07:00,28,85,0.6
2025-03-23T06:30:00-07:00,28,85,0.6
2025-03-23T07:00:00-07:00,28,84,0.7
2025-03-23T07:30:00-07:00,28,84,0.7
2025-03-23T08:00:00-07:00,28,84,0.8
2025-03-23T08:30:00-07:00,29,84,0.9
2025-03-23T09:00:00-07:00,29,84,0.9
2025-03-23T09:30:00-07:00,29,85,2.3
2025-03-23T10:00:00-07:00,29,85,2.6
2025-03-23T10:30:00-07:00,29,85,2.4
2025-03-23T11:00:00-07:00,29,85,2
2025-03-23T11:30:00-07:00,29,85,2
2025-03-23T12:00:00-07:00,29,85,2
2025-03-23T12:30:00-07:00,30,85,2
2025-03-23T13:00:00-07:00,30,86,2.1
2025-03-23T13:30:00-07:00,29,86,2.4
2025-03-23T14:00:00-07:00,29,87,1.7
2025-03-23T14:30:00-07:00,29,87,2.8
2025-03-23T15:00:00-07:00,28,87,1.9
2025-03-23T15:30:00-07:00,27,88,1.2
2025-03-23T16:00:00-07:00,27,88,1
2025-03-23T16:30:00-07:00,27,88,2.7
2025-03-23T17:00:00-07:00,27,89,2.3
2025-03-23T17:30:00-07:00,27,89,1.8
2025-03-23T18:00:00-07:00,26,89,1.1
2025-03-23T18:30:00-07:00,26,89,1.1
2025-03-23T19:00:00-07:00,26,89,1
2025-03-23T19:30:00-07:00,27,89,5.7
2025-03-23T20:00:00-07:00,27,89,5
2025-03-23T20:30:00-07:00,28,89,3.9
2025-03-23T21:00:00-07:00,27,89,4
2025-03-23T21:30:00-07:00,28,89,6.3
2025-03-23T22:00:00-07:00,28,89,6.9
2025-03-23T22:30:00-07:00,28,89,7.9
2025-03-23T23:00:00-07:00,28,88,6.7
2025-03-23T23:30:00-07:00,28,88,5.2
2025-03-24T00:00:00-07:00,28,88,3.8
2025-03-24T00:30:00-07:00,28,87,3
2025-03-24T01:00:00-07:00,28,87,2.3
2025-03-24T01:30:00-07:00,28,87,1.8
2025-03-24T02:00:00-07:00,28,87,1.5
2025-03-24T02:30:00-07:00,28,86,1.3
2025-03-24T03:00:00-07:00,28,86,1
2025-03-24T03:30:00-07:00,28,86,1
2025-03-24T04:00:00-07:00,28,86,0.8
2025-03-24T04:30:00-07:00,28,85,0.7
2025-03-24T05:00:00-07:00,28,85,0.7
2025-03-24T05:30:00-07:00,28,85,0.6
2025-03-24T06:00:00-07:00,28,85,0.5
2025-03-24T06:30:00-07:00,28,84,0.5
2025-03-24T07:00:00-07:00,29,84,0.4
2025-03-24T07:30:00-07:00,29,84,0.5
2025-03-24T08:00:00-07:00,29,84,0.3
2025-03-24T08:30:00-07:00,29,85,0.4
2025-03-24T09:00:00-07:00,29,85,0.5
2025-03-24T09:30:00-07:00,29,85,0.8
2025-03-24T10:00:00-07:00,29,85,0.9
2025-03-24T10:30:00-07:00,29,85,0.7
2025-03-24T11:00:00-07:00,29,85,0.6
2025-03-24T11:30:00-07:00,30,86,0.5
2025-03-24T12:00:00-07:00,30,86,0.5
2025-03-24T12:30:00-07:00,30,86,0.5
2025-03-24T13:00:00-07:00,30,87,0.4
2025-03-24T13:30:00-07:00,30,87,0.4
2025-03-24T14:00:00-07:00,30,88,0.3
2025-03-24T14:30:00-07:00,30,88,0.3
2025-03-24T15:00:00-07:00,30,88,0.4
2025-03-24T15:30:00-07:00,30,89,0.4
2025-03-24T16:00:00-07:00,30,89,0.2
2025-03-24T16:30:00-07:00,30,90,0.4
2025-03-24T17:00:00-07:00,30,90,0.6
2025-03-24T17:30:00-07:00,30,91,0.8
2025-03-24T18:00:00-07:00,30,91,0.7
2025-03-24T18:30:00-07:00,30,91,1
2025-03-24T19:00:00-07:00,30,92,0.9
2025-03-24T19:30:00-07:00,30,92,1
2025-03-24T20:00:00-07:00,30,92,1.1
2025-03-24T20:30:00-07:00,30,92,1
2025-03-24T21:00:00-07:00,30,92,1.1
2025-03-24T21:30:00-07:00,30,92,1.3
2025-03-24T22:00:00-07:00,30,92,1.6
2025-03-24T22:30:00-07:00,30,92,1.6
2025-03-24T23:00:00-07:00,30,92,1.6
2025-03-24T23:30:00-07:00,30,92,1.6
2025-03-25T00:00:00-07:00,30,91,1.7
2025-03-25T00:30:00-07:00,30,91,1.7
2025-03-25T01:00:00-07:00,30,91,1.6
2025-03-25T01:30:00-07:00,30,91,1.6
2025-03-25T02:00:00-07:00,30,91,1.5
2025-03-25T02:30:00-07:00,29,90,1.4
2025-03-25T03:00:00-07:00,29,90,1.6
2025-03-25T03:30:00-07:00,29,90,1.5
2025-03-25T04:00:00-07:00,29,90,1.4
2025-03-25T04:30:00-07:00,29,89,1.3
2025-03-25T05:00:00-07:00,29,89,1.4
2025-03-25T05:30:00-07:00,29,89,1.2
2025-03-25T06:00:00-07:00,30,88,1.3
2025-03-25T06:30:00-07:00,30,88,1.2
2025-03-25T07:00:00-07:00,30,88,1.2
2025-03-25T07:30:00-07:00,30,88,1.1
2025-03-25T08:00:00-07:00,30,88,1.3
2025-03-25T08:30:00-07:00,30,88,1.2
2025-03-25T09:00:00-07:00,30,88,1.3
2025-03-25T09:30:00-07:00,30,88,1.5
2025-03-25T10:00:00-07:00,30,88,1.6
2025-03-25T10:30:00-07:00,30,88,2.3
2025-03-25T11:00:00-07:00,31,88,2.5
2025-03-25T11:30:00-07:00,31,89,2.3
2025-03-25T12:00:00-07:00,31,89,2.1
2025-03-25T12:30:00-07:00,32,89,2.1
2025-03-25T13:00:00-07:00,33,90,2.3
2025-03-25T13:30:00-07:00,33,90,2.6
2025-03-25T14:00:00-07:00,32,91,2.4
2025-03-25T14:30:00-07:00,33,91,2.5
2025-03-25T15:00:00-07:00,32,92,2.7
2025-03-25T15:30:00-07:00,31,92,2.3
2025-03-25T16:00:00-07:00,31,92,2.1
2025-03-25T16:30:00-07:00,29,92,2.7
2025-03-25T17:00:00-07:00,29,92,21
2025-03-25T17:30:00-07:00,28,92,6.5
2025-03-25T18:00:00-07:00,28,92,3.7
2025-03-25T18:30:00-07:00,27,92,2.3
2025-03-25T19:00:00-07:00,28,93,1.9
2025-03-25T19:30:00-07:00,27,92,2
2025-03-25T20:00:00-07:00,27,92,5
2025-03-25T20:30:00-07:00,28,92,6.1
2025-03-25T21:00:00-07:00,28,93,5.2
2025-03-25T21:30:00-07:00,28,93,4.7
2025-03-25T22:00:00-07:00,29,93,5.3
2025-03-25T22:30:00-07:00,29,93,5.1
2025-03-25T23:00:00-07:00,29,92,5.2
2025-03-25T23:30:00-07:00,29,92,3.9
2025-03-26T00:00:00-07:00,29,92,3.5
2025-03-26T00:30:00-07:00,29,92,3.4
2025-03-26T01:00:00-07:00,29,91,3.2
2025-03-26T01:30:00-07:00,29,91,2.7
2025-03-26T02:00:00-07:00,29,91,2.3
2025-03-26T02:30:00-07:00,29,91,1.9
2025-03-26T03:00:00-07:00,29,90,1.8
2025-03-26T03:30:00-07:00,29,90,1.4
2025-03-26T04:00:00-07:00,29,90,1.4
2025-03-26T04:30:00-07:00,29,90,1.4
2025-03-26T05:00:00-07:00,29,90,1.4
2025-03-26T05:30:00-07:00,29,89,1.4
2025-03-26T06:00:00-07:00,29,89,1.5
2025-03-26T06:30:00-07:00,29,89,1.2
2025-03-26T07:00:00-07:00,29,89,1
2025-03-26T07:30:00-07:00,29,88,0.8
2025-03-26T08:00:00-07:00,29,88,0.7
2025-03-26T08:30:00-07:00,30,88,0.6
2025-03-26T09:00:00-07:00,29,89,0.4
2025-03-26T09:30:00-07:00,29,89,0.4
2025-03-26T10:00:00-07:00,29,89,0.3
2025-03-26T10:30:00-07:00,29,89,0.3
2025-03-26T11:00:00-07:00,29,89,0.2
2025-03-26T11:30:00-07:00,29,89,0.7
2025-03-26T12:00:00-07:00,30,89,3
2025-03-26T12:30:00-07:00,30,90,1.8
2025-03-26T13:00:00-07:00,30,90,1.4
2025-03-26T13:30:00-07:00,30,90,1.1
2025-03-26T14:00:00-07:00,30,90,0.9
2025-03-26T14:30:00-07:00,29,90,0.9
2025-03-26T15:00:00-07:00,29,91,0.9
2025-03-26T15:30:00-07:00,29,91,1
2025-03-26T16:00:00-07:00,29,91,0.8
2025-03-26T16:30:00-07:00,29,91,0.6
2025-03-26T17:00:00-07:00,29,92,0.7
2025-03-26T17:30:00-07:00,29,92,0.5
2025-03-26T18:00:00-07:00,29,92,0.6
2025-03-26T18:30:00-07:00,29,92,0.6
2025-03-26T19:00:00-07:00,29,92,0.7
2025-03-26T19:30:00-07:00,29,92,0.5
2025-03-26T20:00:00-07:00,29,92,0.5
2025-03-26T20:30:00-07:00,29,91,0.6
2025-03-26T21:00:00-07:00,29,91,0.5
2025-03-26T21:30:00-07:00,29,91,0.5
2025-03-26T22:00:00-07:00,29,91,0.5
2025-03-26T22:30:00-07:00,29,91,0.5
2025-03-26T23:00:00-07:00,29,91,0.5
2025-03-26T23:30:00-07:00,29,90,0.6
2025-03-27T00:00:00-07:00,29,90,0.4
2025-03-27T00:30:00-07:00,29,90,0.3
2025-03-27T01:00:00-07:00,29,90,0.2
2025-03-27T01:30:00-07:00,29,89,0.1
2025-03-27T02:00:00-07:00,29,89,0
2025-03-27T02:30:00-07:00,29,89,0
2025-03-27T03:00:00-07:00,29,89,0
2025-03-27T03:30:00-07:00,29,89,0
2025-03-27T04:00:00-07:00,29,88,0
2025-03-27T04:30:00-07:00,29,88,0
2025-03-27T05:00:00-07:00,29,88,0
2025-03-27T05:30:00-07:00,29,88,0
2025-03-27T06:00:00-07:00,29,88,0
2025-03-27T06:30:00-07:00,29,88,0
2025-03-27T07:00:00-07:00,29,87,0
2025-03-27T07:30:00-07:00,29,88,0
2025-03-27T08:00:00-07:00,29,88,0
2025-03-27T08:30:00-07:00,30,88,0
2025-03-27T09:00:00-07:00,30,88,0.1
2025-03-27T09:30:00-07:00,30,88,0
2025-03-27T10:00:00-07:00,29,88,0
2025-03-27T10:30:00-07:00,29,88,0.1
2025-03-27T11:00:00-07:00,30,88,0.5
2025-03-27T11:30:00-07:00,30,88,0.7
2025-03-27T12:00:00-07:00,30,88,0.3
2025-03-27T12:30:00-07:00,30,88,0.3
2025-03-27T13:00:00-07:00,30,88,0.2
2025-03-27T13:30:00-07:00,30,88,0.1
2025-03-27T14:00:00-07:00,30,88,0.2
2025-03-27T14:30:00-07:00,30,88,1.2
2025-03-27T15:00:00-07:00,30,88,0.6
2025-03-27T15:30:00-07:00,30,88,0.5
2025-03-27T16:00:00-07:00,30,88,0.6
2025-03-27T16:30:00-07:00,30,88,0.6
2025-03-27T17:00:00-07:00,30,88,0.4
2025-03-27T17:30:00-07:00,30,89,0.4
2025-03-27T18:00:00-07:00,30,89,0.3
2025-03-27T18:30:00-07:00,30,89,0.3
2025-03-27T19:00:00-07:00,29,89,0.3
2025-03-27T19:30:00-07:00,29,89,0.4
2025-03-27T20:00:00-07:00,29,89,0.5
2025-03-27T20:30:00-07:00,29,88,0.6
2025-03-27T21:00:00-07:00,29,88,0.4
2025-03-27T21:30:00-07:00,29,88,0.9
2025-03-27T22:00:00-07:00,29,88,1.3
2025-03-27T22:30:00-07:00,29,88,1.2
2025-03-27T23:00:00-07:00,29,88,1.3
2025-03-27T23:30:00-07:00,29,88,1.1
2025-03-28T00:00:00-07:00,29,88,1.1
2025-03-28T00:30:00-07:00,29,87,0.8
2025-03-28T01:00:00-07:00,29,87,0.7
2025-03-28T01:30:00-07:00,29,87,0.5
2025-03-28T02:00:00-07:00,29,87,0.4
2025-03-28T02:30:00-07:00,29,87,0.3
2025-03-28T03:00:00-07:00,29,86,0.3
2025-03-28T03:30:00-07:00,29,86,0.3
2025-03-28T04:00:00-07:00,29,86,0.2
2025-03-28T04:30:00-07:00,29,86,0.2
2025-03-28T05:00:00-07:00,29,86,0.1
2025-03-28T05:30:00-07:00,29,85,0.1
2025-03-28T06:00:00-07:00,29,85,0.1
2025-03-28T06:30:00-07:00,29,85,0.1
2025-03-28T07:00:00-07:00,29,85,0.1
2025-03-28T07:30:00-07:00,29,85,0.2
2025-03-28T08:00:00-07:00,29,85,0.1
2025-03-28T08:30:00-07:00,29,85,0.2
2025-03-28T09:00:00-07:00,30,85,0.2
2025-03-28T09:30:00-07:00,30,85,0.2
2025-03-28T10:00:00-07:00,29,85,0.2
2025-03-28T10:30:00-07:00,29,85,0.1
2025-03-28T11:00:00-07:00,29,85,0.1
2025-03-28T11:30:00-07:00,29,85,1.2
2025-03-28T12:00:00-07:00,30,87,0.2
2025-03-28T12:30:00-07:00,29,88,0.1
2025-03-28T13:00:00-07:00,29,88,0.1
2025-03-28T13:30:00-07:00,29,87,0.2
2025-03-28T14:00:00-07:00,28,87,0.2
2025-03-28T14:30:00-07:00,28,87,0.1
2025-03-28T15:00:00-07:00,28,87,0.1
2025-03-28T15:30:00-07:00,28,87,0.1
2025-03-28T16:00:00-07:00,28,87,0.3
2025-03-28T16:30:00-07:00,28,87,0.4
2025-03-28T17:00:00-07:00,28,87,0.3
2025-03-28T17:30:00-07:00,28,87,0.3
2025-03-28T18:00:00-07:00,28,87,0.3
2025-03-28T18:30:00-07:00,28,87,0.2
2025-03-28T19:00:00-07:00,28,87,0.2
2025-03-28T19:30:00-07:00,28,87,0.2
2025-03-28T20:00:00-07:00,28,87,0.2
2025-03-28T20:30:00-07:00,28,87,0.2
2025-03-28T21:00:00-07:00,28,87,0.1
2025-03-28T21:30:00-07:00,28,87,0.1
2025-03-28T22:00:00-07:00,28,87,0.4
2025-03-28T22:30:00-07:00,28,87,0.4
2025-03-28T23:00:00-07:00,28,86,0.3
2025-03-28T23:30:00-07:00,28,86,0.2
2025-03-29T00:00:00-07:00,28,86,0.2
2025-03-29T00:30:00-07:00,28,86,0.1
2025-03-29T01:00:00-07:00,28,86,0.1
2025-03-29T01:30:00-07:00,28,85,0.1
2025-03-29T02:00:00-07:00,28,85,0.1
2025-03-29T02:30:00-07:00,28,85,0
2025-03-29T03:00:00-07:00,28,85,0.1
2025-03-29T03:30:00-07:00,28,84,0
2025-03-29T04:00:00-07:00,29,84,0
2025-03-29T04:30:00-07:00,28,86,0
2025-03-29T05:00:00-07:00,28,85,0
2025-03-29T05:30:00-07:00,28,85,0
2025-03-29T06:00:00-07:00,29,86,0
2025-03-29T06:30:00-07:00,28,86,0
2025-03-29T07:00:00-07:00,29,86,0
2025-03-29T07:30:00-07:00,28,86,0
2025-03-29T08:00:00-07:00,28,86,0
2025-03-29T08:30:00-07:00,29,85,0
2025-03-29T09:00:00-07:00,29,85,0
2025-03-29T09:30:00-07:00,29,85,0
2025-03-29T10:00:00-07:00,29,85,0
2025-03-29T10:30:00-07:00,29,86,0
2025-03-29T11:00:00-07:00,29,86,0
2025-03-29T11:30:00-07:00,29,86,0
2025-03-29T12:00:00-07:00,29,86,0
2025-03-29T12:30:00-07:00,29,86,0.2
2025-03-29T13:00:00-07:00,29,86,0
2025-03-29T13:30:00-07:00,29,86,0
2025-03-29T14:00:00-07:00,29,87,0
2025-03-29T14:30:00-07:00,29,87,0
2025-03-29T15:00:00-07:00,28,87,0.1
2025-03-29T15:30:00-07:00,28,87,0.2
2025-03-29T16:00:00-07:00,28,88,0.2
2025-03-29T16:30:00-07:00,28,88,0.5
2025-03-29T17:00:00-07:00,28,88,0.4
2025-03-29T17:30:00-07:00,28,88,1.3
2025-03-29T18:00:00-07:00,28,88,4.1
2025-03-29T18:30:00-07:00,28,88,7.2
2025-03-29T19:00:00-07:00,28,87,10.9
2025-03-29T19:30:00-07:00,28,87,9.9
2025-03-29T20:00:00-07:00,28,87,8
2025-03-29T20:30:00-07:00,28,87,5.9
2025-03-29T21:00:00-07:00,28,87,4.5
2025-03-29T21:30:00-07:00,28,87,5.5
2025-03-29T22:00:00-07:00,28,87,5.7
2025-03-29T22:30:00-07:00,28,87,7.9
2025-03-29T23:00:00-07:00,28,86,8.1
2025-03-29T23:30:00-07:00,28,86,7.2
2025-03-30T00:00:00-07:00,28,86,6.2
2025-03-30T00:30:00-07:00,28,86,5.1
2025-03-30T01:00:00-07:00,28,86,4.3
2025-03-30T01:30:00-07:00,28,85,3
2025-03-30T02:00:00-07:00,28,86,1.1
2025-03-30T02:30:00-07:00,28,86,0.8
2025-03-30T03:00:00-07:00,28,86,0.5
2025-03-30T03:30:00-07:00,28,86,0.4
2025-03-30T04:00:00-07:00,28,85,0.2
2025-03-30T04:30:00-07:00,27,86,0.1
2025-03-30T05:00:00-07:00,27,86,0.1
2025-03-30T05:30:00-07:00,27,85,0.1
2025-03-30T06:00:00-07:00,28,86,0
2025-03-30T06:30:00-07:00,27,86,0
2025-03-30T07:00:00-07:00,27,86,0.1
2025-03-30T07:30:00-07:00,27,85,0.1
2025-03-30T08:00:00-07:00,28,85,0.2
2025-03-30T08:30:00-07:00,28,85,0.3
2025-03-30T09:00:00-07:00,28,85,0.2
2025-03-30T09:30:00-07:00,28,85,0.1
2025-03-30T10:00:00-07:00,28,85,0.1
2025-03-30T10:30:00-07:00,28,85,0
2025-03-30T11:00:00-07:00,28,85,0
2025-03-30T11:30:00-07:00,28,85,0
2025-03-30T12:00:00-07:00,30,85,0.1
2025-03-30T12:30:00-07:00,30,86,0.2
2025-03-30T13:00:00-07:00,30,86,0.2
2025-03-30T13:30:00-07:00,30,86,0.2
2025-03-30T14:00:00-07:00,29,86,0.3
2025-03-30T14:30:00-07:00,29,86,0.2
2025-03-30T15:00:00-07:00,29,86,0.4
2025-03-30T15:30:00-07:00,29,87,0.4
2025-03-30T16:00:00-07:00,29,87,0.5
2025-03-30T16:30:00-07:00,28,87,0.4
2025-03-30T17:00:00-07:00,28,88,0.5
2025-03-30T17:30:00-07:00,28,88,0.5
2025-03-30T18:00:00-07:00,28,88,0.4
2025-03-30T18:30:00-07:00,29,88,0.3
2025-03-30T19:00:00-07:00,29,88,0.3
2025-03-30T19:30:00-07:00,28,88,0.5
2025-03-30T20:00:00-07:00,28,88,1
2025-03-30T20:30:00-07:00,29,88,1.1
2025-03-30T21:00:00-07:00,29,88,1
2025-03-30T21:30:00-07:00,29,88,0.9
2025-03-30T22:00:00-07:00,29,88,0.9
2025-03-30T22:30:00-07:00,29,88,1.3
2025-03-30T23:00:00-07:00,29,88,2.6
2025-03-30T23:30:00-07:00,29,88,4.2
2025-03-31T00:00:00-07:00,29,88,4.6
2025-03-31T00:30:00-07:00,29,87,3.5
2025-03-31T01:00:00-07:00,29,87,2.6
2025-03-31T01:30:00-07:00,29,87,2.2
2025-03-31T02:00:00-07:00,29,87,1.6
2025-03-31T02:30:00-07:00,29,87,1.2
2025-03-31T03:00:00-07:00,29,87,0.9
2025-03-31T03:30:00-07:00,29,86,0.6
2025-03-31T04:00:00-07:00,29,86,0.4
2025-03-31T04:30:00-07:00,29,86,0.2
2025-03-31T05:00:00-07:00,29,86,0.2
2025-03-31T05:30:00-07:00,29,86,0.1
2025-03-31T06:00:00-07:00,29,86,0
2025-03-31T06:30:00-07:00,29,86,0
2025-03-31T07:00:00-07:00,29,86,0
2025-03-31T07:30:00-07:00,29,86,0
2025-03-31T08:00:00-07:00,29,86,1
2025-03-31T08:30:00-07:00,29,86,1.8
2025-03-31T09:00:00-07:00,30,86,1.4
2025-03-31T09:30:00-07:00,30,86,1.3
2025-03-31T10:00:00-07:00,30,86,1.2
2025-03-31T10:30:00-07:00,30,86,1.1
2025-03-31T11:00:00-07:00,30,86,0.9
2025-03-31T11:30:00-07:00,30,86,1
2025-03-31T12:00:00-07:00,30,86,0.8
2025-03-31T12:30:00-07:00,30,86,0.9
2025-03-31T13:00:00-07:00,30,86,0.9
2025-03-31T13:30:00-07:00,30,86,0.6
2025-03-31T14:00:00-07:00,30,86,0.5
2025-03-31T14:30:00-07:00,30,86,0.6
2025-03-31T15:00:00-07:00,29,86,0.3
2025-03-31T15:30:00-07:00,29,87,0.3
2025-03-31T16:00:00-07:00,29,87,0.4
2025-03-31T16:30:00-07:00,29,87,0.3
2025-03-31T17:00:00-07:00,29,87,0.8
2025-03-31T17:30:00-07:00,28,87,0.6
2025-03-31T18:00:00-07:00,29,87,0.3
2025-03-31T18:30:00-07:00,29,87,0.4
2025-03-31T19:00:00-07:00,29,87,0.7
2025-03-31T19:30:00-07:00,29,88,0.2
2025-03-31T20:00:00-07:00,28,89,0.2
2025-03-31T20:30:00-07:00,29,88,0.3
2025-03-31T21:00:00-07:00,29,88,0.1
2025-03-31T21:30:00-07:00,29,89,0
2025-03-31T22:00:00-07:00,28,89,0
2025-03-31T22:30:00-07:00,28,88,0
2025-03-31T23:00:00-07:00,28,89,0
2025-03-31T23:30:00-07:00,28,89,0
2025-04-01T00:00:00-07:00,28,88,0
2025-04-01T00:30:00-07:00,28,89,0
2025-04-01T01:00:00-07:00,28,88,0
2025-04-01T01:30:00-07:00,28,88,0
2025-04-01T02:00:00-07:00,28,89,0
2025-04-01T02:30:00-07:00,28,88,0
2025-04-01T03:00:00-07:00,28,88,0
2025-04-01T03:30:00-07:00,28,89,0
2025-04-01T04:00:00-07:00,28,88,0
2025-04-01T04:30:00-07:00,28,88,0
2025-04-01T05:00:00-07:00,28,88,0
2025-04-01T05:30:00-07:00,28,88,0
2025-04-01T06:00:00-07:00,28,88,0
2025-04-01T06:30:00-07:00,28,88,0
2025-04-01T07:00:00-07:00,28,89,0.1
2025-04-01T07:30:00-07:00,28,88,0
2025-04-01T08:00:00-07:00,28,88,0.1
2025-04-01T08:30:00-07:00,28,87,0
2025-04-01T09:00:00-07:00,28,87,0.1
2025-04-01T09:30:00-07:00,28,87,0.1
2025-04-01T10:00:00-07:00,28,86,0.2
2025-04-01T10:30:00-07:00,28,86,0.2
2025-04-01T11:00:00-07:00,28,87,0.1
2025-04-01T11:30:00-07:00,28,88,0.1
2025-04-01T12:00:00-07:00,28,87,0.1
2025-04-01T12:30:00-07:00,28,87,0.2
2025-04-01T13:00:00-07:00,28,87,0.3
2025-04-01T13:30:00-07:00,28,88,0.1
2025-04-01T14:00:00-07:00,28,88,0.3
2025-04-01T14:30:00-07:00,28,88,0.3
2025-04-01T15:00:00-07:00,28,88,0.4
2025-04-01T15:30:00-07:00,28,88,0.5
2025-04-01T16:00:00-07:00,28,87,0.5
2025-04-01T16:30:00-07:00,28,88,0.5
2025-04-01T17:00:00-07:00,28,88,0.5
2025-04-01T17:30:00-07:00,28,87,0.5
2025-04-01T18:00:00-07:00,28,88,0.3
2025-04-01T18:30:00-07:00,27,88,0.2
2025-04-01T19:00:00-07:00,27,88,0.1
2025-04-01T19:30:00-07:00,27,88,0.3
2025-04-01T20:00:00-07:00,27,88,0.2
2025-04-01T20:30:00-07:00,27,87,0.3
2025-04-01T21:00:00-07:00,27,87,0.2
2025-04-01T21:30:00-07:00,27,87,0.3
2025-04-01T22:00:00-07:00,27,87,0.3
2025-04-01T22:30:00-07:00,27,87,0.2
2025-04-01T23:00:00-07:00,27,86,0.2
2025-04-01T23:30:00-07:00,27,86,0.2
2025-04-02T00:00:00-07:00,27,86,0.1
2025-04-02T00:30:00-07:00,27,86,0.1
2025-04-02T01:00:00-07:00,27,85,0
2025-04-02T01:30:00-07:00,27,85,0
2025-04-02T02:00:00-07:00,27,85,0
2025-04-02T02:30:00-07:00,27,84,0
2025-04-02T03:00:00-07:00,27,84,0
2025-04-02T03:30:00-07:00,27,84,0
2025-04-02T04:00:00-07:00,27,84,0
2025-04-02T04:30:00-07:00,27,85,0
2025-04-02T05:00:00-07:00,27,84,0
2025-04-02T05:30:00-07:00,27,84,0
2025-04-02T06:00:00-07:00,27,84,0
2025-04-02T06:30:00-07:00,27,84,0
2025-04-02T07:00:00-07:00,27,85,0
2025-04-02T07:30:00-07:00,26,87,0
2025-04-02T08:00:00-07:00,26,87,0
2025-04-02T08:30:00-07:00,26,87,0
2025-04-02T09:00:00-07:00,27,87,0
2025-04-02T09:30:00-07:00,27,87,0.1
2025-04-02T10:00:00-07:00,27,88,0.1
2025-04-02T10:30:00-07:00,27,87,0.3
2025-04-02T11:00:00-07:00,27,87,0.1
2025-04-02T11:30:00-07:00,27,87,0
2025-04-02T12:00:00-07:00,28,87,0
2025-04-02T12:30:00-07:00,28,87,0.1
2025-04-02T13:00:00-07:00,28,87,0
2025-04-02T13:30:00-07:00,28,88,0
2025-04-02T14:00:00-07:00,27,88,0
2025-04-02T14:30:00-07:00,27,88,0
2025-04-02T15:00:00-07:00,27,88,0
2025-04-02T15:30:00-07:00,27,88,0
2025-04-02T16:00:00-07:00,27,88,0
2025-04-02T16:30:00-07:00,27,88,0.1
2025-04-02T17:00:00-07:00,27,88,0.1
2025-04-02T17:30:00-07:00,27,88,0.1
2025-04-02T18:00:00-07:00,27,88,0.1
2025-04-02T18:30:00-07:00,27,88,0.3
2025-04-02T19:00:00-07:00,27,88,0.3
2025-04-02T19:30:00-07:00,27,88,0.4
2025-04-02T20:00:00-07:00,27,88,0.4
2025-04-02T20:30:00-07:00,26,88,0.6
2025-04-02T21:00:00-07:00,27,87,0.4
2025-04-02T21:30:00-07:00,27,87,0.4
2025-04-02T22:00:00-07:00,27,87,0.3
2025-04-02T22:30:00-07:00,27,87,0.4
2025-04-02T23:00:00-07:00,27,87,0.3
2025-04-02T23:30:00-07:00,27,87,0.3
2025-04-03T00:00:00-07:00,27,86,0.2
2025-04-03T00:30:00-07:00,27,86,0.1
2025-04-03T01:00:00-07:00,27,86,0.1
2025-04-03T01:30:00-07:00,26,87,0
2025-04-03T02:00:00-07:00,26,86,0
2025-04-03T02:30:00-07:00,27,86,0
2025-04-03T03:00:00-07:00,27,86,0
2025-04-03T03:30:00-07:00,26,86,0.1
2025-04-03T04:00:00-07:00,26,86,0.1
2025-04-03T04:30:00-07:00,27,86,0.1
2025-04-03T05:00:00-07:00,26,86,0.1
2025-04-03T05:30:00-07:00,26,86,0.1
2025-04-03T06:00:00-07:00,26,85,0.1
2025-04-03T06:30:00-07:00,26,86,0.1
2025-04-03T07:00:00-07:00,26,86,0.1
2025-04-03T07:30:00-07:00,27,85,0.2
2025-04-03T08:00:00-07:00,27,86,0.2
2025-04-03T08:30:00-07:00,26,85,1.1
2025-04-03T09:00:00-07:00,27,85,0.9
2025-04-03T09:30:00-07:00,27,85,0.7
2025-04-03T10:00:00-07:00,26,87,0.1
2025-04-03T10:30:00-07:00,26,87,0.1
2025-04-03T11:00:00-07:00,27,86,0.1
2025-04-03T11:30:00-07:00,27,86,0.1
2025-04-03T12:00:00-07:00,27,86,0.1
2025-04-03T12:30:00-07:00,27,86,0.1
2025-04-03T13:00:00-07:00,27,87,0.3
2025-04-03T13:30:00-07:00,27,87,0.3
2025-04-03T14:00:00-07:00,27,87,0.2
2025-04-03T14:30:00-07:00,27,87,0.1
2025-04-03T15:00:00-07:00,27,87,0.2
2025-04-03T15:30:00-07:00,27,88,0.2
2025-04-03T16:00:00-07:00,26,88,0.9
2025-04-03T16:30:00-07:00,26,88,2
2025-04-03T17:00:00-07:00,26,88,1.3
2025-04-03T17:30:00-07:00,26,88,1.1
2025-04-03T18:00:00-07:00,26,89,1.1
2025-04-03T18:30:00-07:00,26,89,0.8
2025-04-03T19:00:00-07:00,27,89,0.6
2025-04-03T19:30:00-07:00,27,89,0.6
2025-04-03T20:00:00-07:00,26,89,1.1
2025-04-03T20:30:00-07:00,26,89,0.9
2025-04-03T21:00:00-07:00,26,88,0.8
2025-04-03T21:30:00-07:00,26,88,0.7
2025-04-03T22:00:00-07:00,26,88,1.3
2025-04-03T22:30:00-07:00,26,88,1.3
2025-04-03T23:00:00-07:00,26,88,1
2025-04-03T23:30:00-07:00,26,87,0.7
2025-04-04T00:00:00-07:00,26,87,0.6
2025-04-04T00:30:00-07:00,26,87,0.5
2025-04-04T01:00:00-07:00,26,86,0.5
2025-04-04T01:30:00-07:00,26,86,0.4
2025-04-04T02:00:00-07:00,27,86,0.3
2025-04-04T02:30:00-07:00,27,85,0.3
2025-04-04T03:00:00-07:00,27,85,0.3
2025-04-04T03:30:00-07:00,27,85,0.3
2025-04-04T04:00:00-07:00,27,85,0.3
2025-04-04T04:30:00-07:00,27,84,0.3
2025-04-04T05:00:00-07:00,27,84,0.2
2025-04-04T05:30:00-07:00,27,84,0.1
2025-04-04T06:00:00-07:00,27,84,0.1
2025-04-04T06:30:00-07:00,27,84,0.1
2025-04-04T07:00:00-07:00,27,84,0
2025-04-04T07:30:00-07:00,27,85,0
2025-04-04T08:00:00-07:00,27,85,0.1
2025-04-04T08:30:00-07:00,27,85,0.1
2025-04-04T09:00:00-07:00,27,85,0.1
2025-04-04T09:30:00-07:00,27,85,1
2025-04-04T10:00:00-07:00,28,85,1.7
2025-04-04T10:30:00-07:00,28,85,1.5
2025-04-04T11:00:00-07:00,28,85,1
2025-04-04T11:30:00-07:00,28,86,1
2025-04-04T12:00:00-07:00,28,86,0.9
2025-04-04T12:30:00-07:00,28,86,0.8
2025-04-04T13:00:00-07:00,28,86,0.6
2025-04-04T13:30:00-07:00,28,86,0.4
2025-04-04T14:00:00-07:00,28,87,0.3
2025-04-04T14:30:00-07:00,28,87,0.3
2025-04-04T15:00:00-07:00,28,87,0.2
2025-04-04T15:30:00-07:00,28,87,0.2
2025-04-04T16:00:00-07:00,28,88,0.1
2025-04-04T16:30:00-07:00,28,88,0.1
2025-04-04T17:00:00-07:00,28,88,0.1
2025-04-04T17:30:00-07:00,27,88,0.1
2025-04-04T18:00:00-07:00,27,88,0.1
2025-04-04T18:30:00-07:00,27,89,0.2
2025-04-04T19:00:00-07:00,28,89,0.5
2025-04-04T19:30:00-07:00,28,89,0.5
2025-04-04T20:00:00-07:00,27,89,0.6
2025-04-04T20:30:00-07:00,27,89,0.4
2025-04-04T21:00:00-07:00,27,89,0.4
2025-04-04T21:30:00-07:00,27,89,0.4
2025-04-04T22:00:00-07:00,27,88,0.5
2025-04-04T22:30:00-07:00,27,88,0.5
2025-04-04T23:00:00-07:00,27,88,0.4
2025-04-04T23:30:00-07:00,27,88,0.7
2025-04-05T00:00:00-07:00,27,87,0.8
2025-04-05T00:30:00-07:00,27,87,0.9
2025-04-05T01:00:00-07:00,27,87,1.3
2025-04-05T01:30:00-07:00,27,87,1.2
2025-04-05T02:00:00-07:00,27,86,1.2
2025-04-05T02:30:00-07:00,27,86,1.1
2025-04-05T03:00:00-07:00,27,86,1
2025-04-05T03:30:00-07:00,27,86,0.9
2025-04-05T04:00:00-07:00,27,85,0.9
2025-04-05T04:30:00-07:00,27,85,0.8
2025-04-05T05:00:00-07:00,27,85,0.7
2025-04-05T05:30:00-07:00,27,85,0.7
2025-04-05T06:00:00-07:00,27,84,0.6
2025-04-05T06:30:00-07:00,27,84,0.6
2025-04-05T07:00:00-07:00,28,85,0.3
2025-04-05T07:30:00-07:00,27,86,0.2
2025-04-05T08:00:00-07:00,27,86,0.4
2025-04-05T08:30:00-07:00,27,86,0.2
2025-04-05T09:00:00-07:00,28,85,0.2
2025-04-05T09:30:00-07:00,28,85,0.2
2025-04-05T10:00:00-07:00,27,86,0.2
2025-04-05T10:30:00-07:00,27,87,0.2
2025-04-05T11:00:00-07:00,27,86,0.1
2025-04-05T11:30:00-07:00,27,86,0.1
2025-04-05T12:00:00-07:00,28,87,0.9
2025-04-05T12:30:00-07:00,28,87,4.3
2025-04-05T13:00:00-07:00,28,87,3.4
2025-04-05T13:30:00-07:00,28,88,2.6
2025-04-05T14:00:00-07:00,28,88,2.1
2025-04-05T14:30:00-07:00,28,88,1.8
2025-04-05T15:00:00-07:00,28,89,1.6
2025-04-05T15:30:00-07:00,28,89,1.4
2025-04-05T16:00:00-07:00,28,90,1.2
2025-04-05T16:30:00-07:00,28,90,1.1
2025-04-05T17:00:00-07:00,27,90,1.2
2025-04-05T17:30:00-07:00,26,90,1.8
2025-04-05T18:00:00-07:00,22,90,1.4
2025-04-05T18:30:00-07:00,21,90,1.1
2025-04-05T19:00:00-07:00,23,90,1.7
2025-04-05T19:30:00-07:00,24,89,2.4
2025-04-05T20:00:00-07:00,25,89,14.4
2025-04-05T20:30:00-07:00,27,88,7.9
2025-04-05T21:00:00-07:00,27,89,6.5
2025-04-05T21:30:00-07:00,27,89,6.6
2025-04-05T22:00:00-07:00,27,89,6.3
2025-04-05T22:30:00-07:00,27,89,5.8
2025-04-05T23:00:00-07:00,27,89,6.4
2025-04-05T23:30:00-07:00,27,88,6.2
2025-04-06T00:00:00-07:00,27,88,8.7
2025-04-06T00:30:00-07:00,27,88,10
2025-04-06T01:00:00-07:00,27,87,8.7
2025-04-06T01:30:00-07:00,27,87,7.3
2025-04-06T02:00:00-07:00,27,87,5.9
2025-04-06T02:30:00-07:00,27,87,4.8
2025-04-06T03:00:00-07:00,27,86,3.8
2025-04-06T03:30:00-07:00,27,86,3.3
2025-04-06T04:00:00-07:00,27,86,3.5
2025-04-06T04:30:00-07:00,27,86,4.2
2025-04-06T05:00:00-07:00,27,85,4.1
2025-04-06T05:30:00-07:00,27,85,3.2
2025-04-06T06:00:00-07:00,27,86,2.3
2025-04-06T06:30:00-07:00,27,86,1.9
2025-04-06T07:00:00-07:00,27,85,1.6
2025-04-06T07:30:00-07:00,27,85,1.5
2025-04-06T08:00:00-07:00,28,85,1.4
2025-04-06T08:30:00-07:00,28,85,1.4
2025-04-06T09:00:00-07:00,28,85,2.2
2025-04-06T09:30:00-07:00,28,85,1.8
2025-04-06T10:00:00-07:00,28,85,1.6
2025-04-06T10:30:00-07:00,28,85,1.3
2025-04-06T11:00:00-07:00,28,85,1.4
2025-04-06T11:30:00-07:00,29,86,1.9
2025-04-06T12:00:00-07:00,29,86,1.7
2025-04-06T12:30:00-07:00,29,86,1.7
2025-04-06T13:00:00-07:00,29,86,1.7
2025-04-06T13:30:00-07:00,29,87,1.5
2025-04-06T14:00:00-07:00,29,87,1.4
2025-04-06T14:30:00-07:00,29,88,1.5
2025-04-06T15:00:00-07:00,29,88,1.2
2025-04-06T15:30:00-07:00,29,88,2.6
2025-04-06T16:00:00-07:00,27,89,5.2
2025-04-06T16:30:00-07:00,26,89,3
2025-04-06T17:00:00-07:00,26,89,2.6
2025-04-06T17:30:00-07:00,26,90,2.1
2025-04-06T18:00:00-07:00,25,90,1.5
2025-04-06T18:30:00-07:00,25,90,1.9
2025-04-06T19:00:00-07:00,25,90,1.8
2025-04-06T19:30:00-07:00,25,90,1.6
2025-04-06T20:00:00-07:00,25,90,2.6
2025-04-06T20:30:00-07:00,25,90,3.9
2025-04-06T21:00:00-07:00,25,89,3.8
2025-04-06T21:30:00-07:00,25,89,3.5
2025-04-06T22:00:00-07:00,25,89,5.4
2025-04-06T22:30:00-07:00,25,89,5.7
2025-04-06T23:00:00-07:00,26,89,6.8
2025-04-06T23:30:00-07:00,26,88,7
2025-04-07T00:00:00-07:00,26,88,6.6
2025-04-07T00:30:00-07:00,26,88,6.2
2025-04-07T01:00:00-07:00,26,88,4.7
2025-04-07T01:30:00-07:00,26,87,3.8
2025-04-07T02:00:00-07:00,26,87,3.2
2025-04-07T02:30:00-07:00,26,87,2.5
2025-04-07T03:00:00-07:00,26,87,2
2025-04-07T03:30:00-07:00,26,86,1.8
2025-04-07T04:00:00-07:00,26,86,1.4
2025-04-07T04:30:00-07:00,26,86,1.4
2025-04-07T05:00:00-07:00,26,86,1.2
2025-04-07T05:30:00-07:00,26,86,1.1
2025-04-07T06:00:00-07:00,26,86,1
2025-04-07T06:30:00-07:00,26,86,0.9
2025-04-07T07:00:00-07:00,26,85,1
2025-04-07T07:30:00-07:00,27,85,0.9
2025-04-07T08:00:00-07:00,27,85,1
2025-04-07T08:30:00-07:00,27,86,0.8
2025-04-07T09:00:00-07:00,27,86,1
2025-04-07T09:30:00-07:00,27,86,2.2
2025-04-07T10:00:00-07:00,27,86,1.6
2025-04-07T10:30:00-07:00,27,86,1.3
2025-04-07T11:00:00-07:00,28,87,2.1
2025-04-07T11:30:00-07:00,28,87,2
2025-04-07T12:00:00-07:00,28,87,1.7
2025-04-07T12:30:00-07:00,29,87,0.6
2025-04-07T13:00:00-07:00,30,87,0.5
2025-04-07T13:30:00-07:00,29,87,3.2
2025-04-07T14:00:00-07:00,29,87,1.3
2025-04-07T14:30:00-07:00,28,87,1
2025-04-07T15:00:00-07:00,28,88,1.6
2025-04-07T15:30:00-07:00,28,88,1.3
2025-04-07T16:00:00-07:00,28,88,0.9
2025-04-07T16:30:00-07:00,28,89,0.7
2025-04-07T17:00:00-07:00,28,89,0.6
2025-04-07T17:30:00-07:00,28,89,0.4
2025-04-07T18:00:00-07:00,28,89,0.3
2025-04-07T18:30:00-07:00,28,89,0.4
2025-04-07T19:00:00-07:00,28,89,1
2025-04-07T19:30:00-07:00,28,90,1
2025-04-07T20:00:00-07:00,28,90,1.6
2025-04-07T20:30:00-07:00,28,89,1.1
2025-04-07T21:00:00-07:00,28,89,1.3
2025-04-07T21:30:00-07:00,28,89,1.3
2025-04-07T22:00:00-07:00,28,89,0.8
2025-04-07T22:30:00-07:00,28,89,0.6
2025-04-07T23:00:00-07:00,28,89,0.5
2025-04-07T23:30:00-07:00,28,89,0.3
2025-04-08T00:00:00-07:00,28,88,0.3
2025-04-08T00:30:00-07:00,28,88,0.3
2025-04-08T01:00:00-07:00,28,88,0.3
2025-04-08T01:30:00-07:00,28,87,0.2
2025-04-08T02:00:00-07:00,28,87,0.2
2025-04-08T02:30:00-07:00,28,87,0.2
2025-04-08T03:00:00-07:00,28,87,0.2
2025-04-08T03:30:00-07:00,28,87,0.2
2025-04-08T04:00:00-07:00,28,86,0.1
2025-04-08T04:30:00-07:00,28,86,0.1
2025-04-08T05:00:00-07:00,28,86,0.1
2025-04-08T05:30:00-07:00,28,86,0.1
2025-04-08T06:00:00-07:00,28,86,0.1
2025-04-08T06:30:00-07:00,28,86,0.1
2025-04-08T07:00:00-07:00,28,86,0.1
2025-04-08T07:30:00-07:00,28,86,0.3
2025-04-08T08:00:00-07:00,29,86,0.2
2025-04-08T08:30:00-07:00,29,86,0.3
2025-04-08T09:00:00-07:00,29,86,0.6
2025-04-08T09:30:00-07:00,29,86,0.4
2025-04-08T10:00:00-07:00,29,86,0.3
2025-04-08T10:30:00-07:00,29,86,0.5
2025-04-08T11:00:00-07:00,29,86,0.4
2025-04-08T11:30:00-07:00,29,87,0.3
2025-04-08T12:00:00-07:00,29,87,0.3
2025-04-08T12:30:00-07:00,29,87,0.2
2025-04-08T13:00:00-07:00,29,87,0.2
2025-04-08T13:30:00-07:00,29,88,0.2
2025-04-08T14:00:00-07:00,29,88,0.1
2025-04-08T14:30:00-07:00,29,88,0.2
2025-04-08T15:00:00-07:00,29,89,0.3
2025-04-08T15:30:00-07:00,29,89,0.3
2025-04-08T16:00:00-07:00,29,89,0.7
2025-04-08T16:30:00-07:00,28,90,1.2
2025-04-08T17:00:00-07:00,28,90,1.2
2025-04-08T17:30:00-07:00,28,90,1.3
2025-04-08T18:00:00-07:00,28,90,1
2025-04-08T18:30:00-07:00,28,90,0.9
2025-04-08T19:00:00-07:00,28,90,0.9
2025-04-08T19:30:00-07:00,28,90,0.9
2025-04-08T20:00:00-07:00,28,90,0.8
2025-04-08T20:30:00-07:00,28,90,1.2
2025-04-08T21:00:00-07:00,28,90,1.3
2025-04-08T21:30:00-07:00,28,90,1.7
2025-04-08T22:00:00-07:00,28,90,3.2
2025-04-08T22:30:00-07:00,28,89,5.8
2025-04-08T23:00:00-07:00,28,89,5.1
2025-04-08T23:30:00-07:00,28,89,6.2
2025-04-09T00:00:00-07:00,28,89,7.5
2025-04-09T00:30:00-07:00,28,88,7.5
2025-04-09T01:00:00-07:00,28,88,9.1
2025-04-09T01:30:00-07:00,28,88,9.8
2025-04-09T02:00:00-07:00,28,87,9.1
2025-04-09T02:30:00-07:00,28,87,7.9
2025-04-09T03:00:00-07:00,28,87,6.7
2025-04-09T03:30:00-07:00,28,87,5.8
2025-04-09T04:00:00-07:00,28,86,4.9
2025-04-09T04:30:00-07:00,28,86,4.1
2025-04-09T05:00:00-07:00,28,86,3.4
2025-04-09T05:30:00-07:00,28,86,2.8
2025-04-09T06:00:00-07:00,28,85,2.3
2025-04-09T06:30:00-07:00,28,85,2
2025-04-09T07:00:00-07:00,28,85,1.7
2025-04-09T07:30:00-07:00,28,85,1.4
2025-04-09T08:00:00-07:00,28,85,1.2
2025-04-09T08:30:00-07:00,28,85,1
2025-04-09T09:00:00-07:00,28,85,1
2025-04-09T09:30:00-07:00,28,85,0.9
2025-04-09T10:00:00-07:00,28,85,0.9
2025-04-09T10:30:00-07:00,28,85,0.8
2025-04-09T11:00:00-07:00,28,86,0.8
2025-04-09T11:30:00-07:00,28,86,0.8
2025-04-09T12:00:00-07:00,29,86,0.9
2025-04-09T12:30:00-07:00,29,87,0.8
2025-04-09T13:00:00-07:00,29,87,0.7
2025-04-09T13:30:00-07:00,29,87,0.6
2025-04-09T14:00:00-07:00,29,88,0.8
2025-04-09T14:30:00-07:00,29,88,1.1
2025-04-09T15:00:00-07:00,29,89,1.1
2025-04-09T15:30:00-07:00,29,89,1.2
2025-04-09T16:00:00-07:00,29,90,1.5
2025-04-09T16:30:00-07:00,29,90,1.6
2025-04-09T17:00:00-07:00,29,90,1.5
2025-04-09T17:30:00-07:00,29,91,1.3
2025-04-09T18:00:00-07:00,29,91,1.2
2025-04-09T18:30:00-07:00,28,91,1.3
2025-04-09T19:00:00-07:00,28,91,1.2
2025-04-09T19:30:00-07:00,28,91,1.5
2025-04-09T20:00:00-07:00,28,91,1.8
2025-04-09T20:30:00-07:00,29,91,1.7
2025-04-09T21:00:00-07:00,29,91,1.8
2025-04-09T21:30:00-07:00,29,91,2
2025-04-09T22:00:00-07:00,29,91,2.6
2025-04-09T22:30:00-07:00,29,91,2.2
2025-04-09T23:00:00-07:00,29,91,2.5
2025-04-09T23:30:00-07:00,29,91,2.8
2025-04-10T00:00:00-07:00,29,90,3.5
2025-04-10T00:30:00-07:00,29,90,3.8
2025-04-10T01:00:00-07:00,29,90,3.4
2025-04-10T01:30:00-07:00,28,90,3
2025-04-10T02:00:00-07:00,28,89,2.6
2025-04-10T02:30:00-07:00,28,89,2.3
2025-04-10T03:00:00-07:00,28,89,2
2025-04-10T03:30:00-07:00,28,88,1.9
2025-04-10T04:00:00-07:00,28,88,1.9
2025-04-10T04:30:00-07:00,28,88,1.7
2025-04-10T05:00:00-07:00,28,88,1.6
2025-04-10T05:30:00-07:00,28,87,1.4
2025-04-10T06:00:00-07:00,28,87,1.3
2025-04-10T06:30:00-07:00,28,87,1.2
2025-04-10T07:00:00-07:00,29,87,1.4
2025-04-10T07:30:00-07:00,29,87,1.5
2025-04-10T08:00:00-07:00,29,87,1.5
2025-04-10T08:30:00-07:00,29,87,1.2
2025-04-10T09:00:00-07:00,29,87,1.1
2025-04-10T09:30:00-07:00,29,87,1.3
2025-04-10T10:00:00-07:00,29,87,1.4
2025-04-10T10:30:00-07:00,29,87,1
2025-04-10T11:00:00-07:00,29,88,0.9
2025-04-10T11:30:00-07:00,29,88,0.7
2025-04-10T12:00:00-07:00,30,88,0.6
2025-04-10T12:30:00-07:00,30,88,0.8
2025-04-10T13:00:00-07:00,30,88,0.6
2025-04-10T13:30:00-07:00,30,89,0.5
2025-04-10T14:00:00-07:00,29,89,0.3
2025-04-10T14:30:00-07:00,29,89,0.2
2025-04-10T15:00:00-07:00,29,89,0.3
2025-04-10T15:30:00-07:00,29,90,0.6
2025-04-10T16:00:00-07:00,29,90,0.5
2025-04-10T16:30:00-07:00,28,90,1.7
2025-04-10T17:00:00-07:00,29,90,2.7
2025-04-10T17:30:00-07:00,29,91,1.1
2025-04-10T18:00:00-07:00,29,91,0.8
2025-04-10T18:30:00-07:00,29,91,0.7
2025-04-10T19:00:00-07:00,28,91,0.5
2025-04-10T19:30:00-07:00,28,91,0.3
2025-04-10T20:00:00-07:00,28,91,0.2
2025-04-10T20:30:00-07:00,28,91,0.1
2025-04-10T21:00:00-07:00,28,91,0.1
2025-04-10T21:30:00-07:00,28,91,0.1
2025-04-10T22:00:00-07:00,28,91,0
2025-04-10T22:30:00-07:00,28,90,0.1
2025-04-10T23:00:00-07:00,28,90,0.2
2025-04-10T23:30:00-07:00,29,90,0.4
2025-04-11T00:00:00-07:00,29,90,0.2
2025-04-11T00:30:00-07:00,29,89,0.1
2025-04-11T01:00:00-07:00,28,89,0.1
2025-04-11T01:30:00-07:00,28,89,0.4
2025-04-11T02:00:00-07:00,29,89,0.2
2025-04-11T02:30:00-07:00,29,88,0.2
2025-04-11T03:00:00-07:00,29,88,0.2
2025-04-11T03:30:00-07:00,28,88,0.1
2025-04-11T04:00:00-07:00,29,88,0.1
2025-04-11T04:30:00-07:00,29,87,0.1
2025-04-11T05:00:00-07:00,29,87,0.1
2025-04-11T05:30:00-07:00,29,87,0.1
2025-04-11T06:00:00-07:00,29,87,0
2025-04-11T06:30:00-07:00,29,87,0
2025-04-11T07:00:00-07:00,29,86,0
2025-04-11T07:30:00-07:00,29,86,0.1
2025-04-11T08:00:00-07:00,29,87,0.1
2025-04-11T08:30:00-07:00,29,87,0
2025-04-11T09:00:00-07:00,29,87,0.1
2025-04-11T09:30:00-07:00,29,87,0
2025-04-11T10:00:00-07:00,29,87,0.1
2025-04-11T10:30:00-07:00,29,87,0.1
2025-04-11T11:00:00-07:00,29,87,0
2025-04-11T11:30:00-07:00,29,88,0.1
2025-04-11T12:00:00-07:00,30,88,0.1
2025-04-11T12:30:00-07:00,30,88,0.1
2025-04-11T13:00:00-07:00,30,88,0.1
2025-04-11T13:30:00-07:00,30,89,0.1
2025-04-11T14:00:00-07:00,30,89,0.2
2025-04-11T14:30:00-07:00,30,89,0.3
2025-04-11T15:00:00-07:00,30,89,0.3
2025-04-11T15:30:00-07:00,30,90,0.5
2025-04-11T16:00:00-07:00,29,90,0.6
2025-04-11T16:30:00-07:00,29,90,0.6
2025-04-11T17:00:00-07:00,29,90,0.7
2025-04-11T17:30:00-07:00,29,90,0.9
2025-04-11T18:00:00-07:00,29,90,0.9
2025-04-11T18:30:00-07:00,29,90,0.8
2025-04-11T19:00:00-07:00,29,90,0.8
2025-04-11T19:30:00-07:00,28,90,0.7
2025-04-11T20:00:00-07:00,28,90,0.7
2025-04-11T20:30:00-07:00,28,90,0.7
2025-04-11T21:00:00-07:00,29,90,0.8
2025-04-11T21:30:00-07:00,28,90,0.6
2025-04-11T22:00:00-07:00,28,90,0.9
2025-04-11T22:30:00-07:00,29,89,0.9
2025-04-11T23:00:00-07:00,29,89,0.8
2025-04-11T23:30:00-07:00,28,89,0.6
2025-04-12T00:00:00-07:00,28,89,0.7
2025-04-12T00:30:00-07:00,28,89,0.7
2025-04-12T01:00:00-07:00,28,88,0.7
2025-04-12T01:30:00-07:00,28,88,0.6
2025-04-12T02:00:00-07:00,28,88,0.7
2025-04-12T02:30:00-07:00,28,87,0.6
2025-04-12T03:00:00-07:00,28,87,0.7
2025-04-12T03:30:00-07:00,28,87,0.7
2025-04-12T04:00:00-07:00,28,87,0.6
2025-04-12T04:30:00-07:00,28,87,0.6
2025-04-12T05:00:00-07:00,28,86,0.6
2025-04-12T05:30:00-07:00,28,86,0.5
2025-04-12T06:00:00-07:00,28,86,0.4
2025-04-12T06:30:00-07:00,28,85,0.5
2025-04-12T07:00:00-07:00,28,86,0.2
2025-04-12T07:30:00-07:00,28,87,0.2
2025-04-12T08:00:00-07:00,28,87,0.3
2025-04-12T08:30:00-07:00,28,86,0.2
2025-04-12T09:00:00-07:00,28,86,0.3
2025-04-12T09:30:00-07:00,28,87,5.4
2025-04-12T10:00:00-07:00,28,88,5.1
2025-04-12T10:30:00-07:00,28,88,4
2025-04-12T11:00:00-07:00,28,88,3.2
2025-04-12T11:30:00-07:00,28,88,2.6
2025-04-12T12:00:00-07:00,29,88,2.4
2025-04-12T12:30:00-07:00,28,88,6.8
2025-04-12T13:00:00-07:00,29,89,15.1
2025-04-12T13:30:00-07:00,29,89,11.2
2025-04-12T14:00:00-07:00,28,89,8.7
2025-04-12T14:30:00-07:00,28,89,7.2
2025-04-12T15:00:00-07:00,28,90,6.4
2025-04-12T15:30:00-07:00,28,90,4.3
2025-04-12T16:00:00-07:00,26,90,2.1
2025-04-12T16:30:00-07:00,26,90,2
2025-04-12T17:00:00-07:00,27,90,1.9
2025-04-12T17:30:00-07:00,26,90,1.8
2025-04-12T18:00:00-07:00,24,90,3.7
2025-04-12T18:30:00-07:00,25,90,2.9
2025-04-12T19:00:00-07:00,26,90,3.3
2025-04-12T19:30:00-07:00,26,90,3.1
2025-04-12T20:00:00-07:00,26,90,3
2025-04-12T20:30:00-07:00,26,90,3
2025-04-12T21:00:00-07:00,27,90,3.1
2025-04-12T21:30:00-07:00,27,90,2.8
2025-04-12T22:00:00-07:00,27,90,2.6
2025-04-12T22:30:00-07:00,27,89,2.7
2025-04-12T23:00:00-07:00,27,89,2.7
2025-04-12T23:30:00-07:00,27,89,2.6
2025-04-13T00:00:00-07:00,27,89,2.2
2025-04-13T00:30:00-07:00,27,88,2
2025-04-13T01:00:00-07:00,27,88,1.8
2025-04-13T01:30:00-07:00,27,87,1.9
2025-04-13T02:00:00-07:00,27,87,1.7
2025-04-13T02:30:00-07:00,27,87,1.7
2025-04-13T03:00:00-07:00,27,86,1.7
2025-04-13T03:30:00-07:00,27,86,1.5
2025-04-13T04:00:00-07:00,27,86,1.7
2025-04-13T04:30:00-07:00,28,86,1.7
2025-04-13T05:00:00-07:00,28,85,1.6
2025-04-13T05:30:00-07:00,28,85,1
2025-04-13T06:00:00-07:00,28,86,0.7
2025-04-13T06:30:00-07:00,28,86,0.6
2025-04-13T07:00:00-07:00,28,85,0.6
2025-04-13T07:30:00-07:00,28,85,0.6
2025-04-13T08:00:00-07:00,28,85,0.7
2025-04-13T08:30:00-07:00,28,85,0.8
2025-04-13T09:00:00-07:00,28,85,0.7
2025-04-13T09:30:00-07:00,28,85,0.9
2025-04-13T10:00:00-07:00,28,85,0.8
2025-04-13T10:30:00-07:00,28,85,0.8
2025-04-13T11:00:00-07:00,28,85,0.8
2025-04-13T11:30:00-07:00,29,86,3.3
2025-04-13T12:00:00-07:00,29,86,16.5
2025-04-13T12:30:00-07:00,28,86,12.3
2025-04-13T13:00:00-07:00,28,87,9.2
2025-04-13T13:30:00-07:00,28,87,7.4
2025-04-13T14:00:00-07:00,29,87,6.2
2025-04-13T14:30:00-07:00,29,88,5.7
2025-04-13T15:00:00-07:00,29,88,5
2025-04-13T15:30:00-07:00,28,89,4.6
2025-04-13T16:00:00-07:00,28,89,4.3
2025-04-13T16:30:00-07:00,28,90,3.9
2025-04-13T17:00:00-07:00,28,90,3.6
2025-04-13T17:30:00-07:00,28,91,3.5
2025-04-13T18:00:00-07:00,28,91,3.3
2025-04-13T18:30:00-07:00,28,91,3.4
2025-04-13T19:00:00-07:00,27,91,3.7
2025-04-13T19:30:00-07:00,27,91,3.5
2025-04-13T20:00:00-07:00,27,91,3.3
2025-04-13T20:30:00-07:00,27,91,3.9
2025-04-13T21:00:00-07:00,27,91,3.4
2025-04-13T21:30:00-07:00,27,91,2.9
2025-04-13T22:00:00-07:00,27,91,2.8
2025-04-13T22:30:00-07:00,27,91,2.7
2025-04-13T23:00:00-07:00,27,90,3
2025-04-13T23:30:00-07:00,27,90,3
2025-04-14T00:00:00-07:00,27,90,3
2025-04-14T00:30:00-07:00,27,90,2.9
2025-04-14T01:00:00-07:00,27,89,2.6
2025-04-14T01:30:00-07:00,27,89,2.7
2025-04-14T02:00:00-07:00,27,89,2.2
2025-04-14T02:30:00-07:00,27,89,2
2025-04-14T03:00:00-07:00,27,88,1.9
2025-04-14T03:30:00-07:00,27,88,1.8
2025-04-14T04:00:00-07:00,27,88,1.8
2025-04-14T04:30:00-07:00,27,87,1.7
2025-04-14T05:00:00-07:00,27,87,1.7
2025-04-14T05:30:00-07:00,27,87,1.6
2025-04-14T06:00:00-07:00,27,87,1.4
2025-04-14T06:30:00-07:00,28,86,1.5
2025-04-14T07:00:00-07:00,28,86,1.4
2025-04-14T07:30:00-07:00,28,86,1.6
2025-04-14T08:00:00-07:00,28,86,1.7
2025-04-14T08:30:00-07:00,28,86,1.7
2025-04-14T09:00:00-07:00,28,86,1.7
2025-04-14T09:30:00-07:00,28,87,2.4
2025-04-14T10:00:00-07:00,29,87,2.6
2025-04-14T10:30:00-07:00,29,87,2.4
2025-04-14T11:00:00-07:00,29,87,2.2
2025-04-14T11:30:00-07:00,29,87,1.9
2025-04-14T12:00:00-07:00,30,88,1.9
2025-04-14T12:30:00-07:00,29,88,1.9
2025-04-14T13:00:00-07:00,30,88,1.8
2025-04-14T13:30:00-07:00,29,89,1.9
2025-04-14T14:00:00-07:00,29,89,1.8
2025-04-14T14:30:00-07:00,29,89,1.7
2025-04-14T15:00:00-07:00,29,90,1.8
2025-04-14T15:30:00-07:00,29,90,1.8
2025-04-14T16:00:00-07:00,29,91,1.7
2025-04-14T16:30:00-07:00,28,91,1.9
2025-04-14T17:00:00-07:00,28,91,2.2
2025-04-14T17:30:00-07:00,28,92,2.6
2025-04-14T18:00:00-07:00,28,92,2.6
2025-04-14T18:30:00-07:00,28,92,2.8
2025-04-14T19:00:00-07:00,28,92,3.8
2025-04-14T19:30:00-07:00,28,92,5.3
2025-04-14T20:00:00-07:00,28,92,4.9
2025-04-14T20:30:00-07:00,28,92,4.4
2025-04-14T21:00:00-07:00,28,92,4.1
2025-04-14T21:30:00-07:00,28,92,4.4
2025-04-14T22:00:00-07:00,28,91,3.9
2025-04-14T22:30:00-07:00,28,91,3.6
2025-04-14T23:00:00-07:00,28,91,3.4
2025-04-14T23:30:00-07:00,28,91,3.4
2025-04-15T00:00:00-07:00,28,90,3.2
2025-04-15T00:30:00-07:00,28,90,2.8
2025-04-15T01:00:00-07:00,28,90,2.4
2025-04-15T01:30:00-07:00,28,90,2.4
2025-04-15T02:00:00-07:00,28,89,2.1
2025-04-15T02:30:00-07:00,28,89,2.1
2025-04-15T03:00:00-07:00,28,89,2
2025-04-15T03:30:00-07:00,28,89,1.8
2025-04-15T04:00:00-07:00,28,88,1.8
2025-04-15T04:30:00-07:00,28,88,1.8
2025-04-15T05:00:00-07:00,28,88,1.8
2025-04-15T05:30:00-07:00,28,88,1.6
2025-04-15T06:00:00-07:00,28,88,1.6
2025-04-15T06:30:00-07:00,28,87,1.2
2025-04-15T07:00:00-07:00,28,87,1.5
2025-04-15T07:30:00-07:00,29,87,1.5
2025-04-15T08:00:00-07:00,29,87,1.4
2025-04-15T08:30:00-07:00,29,87,1.4
2025-04-15T09:00:00-07:00,29,87,1.3
2025-04-15T09:30:00-07:00,29,87,0.9
2025-04-15T10:00:00-07:00,29,87,1.2
2025-04-15T10:30:00-07:00,29,87,1.5
2025-04-15T11:00:00-07:00,29,87,1.5
2025-04-15T11:30:00-07:00,29,87,1.4
2025-04-15T12:00:00-07:00,29,87,1.7
2025-04-15T12:30:00-07:00,29,88,1.9
2025-04-15T13:00:00-07:00,29,88,1.7
2025-04-15T13:30:00-07:00,29,88,1.6
2025-04-15T14:00:00-07:00,29,88,1.7
2025-04-15T14:30:00-07:00,29,89,1.9
2025-04-15T15:00:00-07:00,29,89,1.9
2025-04-15T15:30:00-07:00,29,89,2
2025-04-15T16:00:00-07:00,29,90,2.2
2025-04-15T16:30:00-07:00,29,90,2.4
2025-04-15T17:00:00-07:00,28,90,2.3
2025-04-15T17:30:00-07:00,28,90,2.4
2025-04-15T18:00:00-07:00,28,90,2.4
2025-04-15T18:30:00-07:00,27,90,2.9
2025-04-15T19:00:00-07:00,28,90,2.8
2025-04-15T19:30:00-07:00,28,90,2.8
2025-04-15T20:00:00-07:00,28,90,2.9
2025-04-15T20:30:00-07:00,28,90,2.7
2025-04-15T21:00:00-07:00,28,90,2.5
2025-04-15T21:30:00-07:00,28,89,2.2
2025-04-15T22:00:00-07:00,28,89,2.2
2025-04-15T22:30:00-07:00,28,89,2.1
2025-04-15T23:00:00-07:00,28,89,4.6
2025-04-15T23:30:00-07:00,28,89,3.3
2025-04-16T00:00:00-07:00,28,88,3
2025-04-16T00:30:00-07:00,28,88,2.5
2025-04-16T01:00:00-07:00,28,88,2.3
2025-04-16T01:30:00-07:00,28,88,1.8
2025-04-16T02:00:00-07:00,28,88,1.7
2025-04-16T02:30:00-07:00,28,87,1.5
2025-04-16T03:00:00-07:00,28,87,1.4
2025-04-16T03:30:00-07:00,28,87,1.2
2025-04-16T04:00:00-07:00,28,87,1.2
2025-04-16T04:30:00-07:00,28,86,1.2
2025-04-16T05:00:00-07:00,28,86,1.2
2025-04-16T05:30:00-07:00,28,86,1
2025-04-16T06:00:00-07:00,28,86,1.1
2025-04-16T06:30:00-07:00,28,85,1.1
2025-04-16T07:00:00-07:00,28,85,1.1
2025-04-16T07:30:00-07:00,28,85,1
2025-04-16T08:00:00-07:00,28,85,1.1
2025-04-16T08:30:00-07:00,28,85,1.2
2025-04-16T09:00:00-07:00,28,85,1
2025-04-16T09:30:00-07:00,28,85,1.2
2025-04-16T10:00:00-07:00,29,86,1.8
2025-04-16T10:30:00-07:00,29,86,1.5
2025-04-16T11:00:00-07:00,29,86,1.7
2025-04-16T11:30:00-07:00,29,86,1.7
2025-04-16T12:00:00-07:00,29,86,1.8
2025-04-16T12:30:00-07:00,29,87,2
2025-04-16T13:00:00-07:00,28,87,2.9
2025-04-16T13:30:00-07:00,27,87,3.3
2025-04-16T14:00:00-07:00,28,87,3.3
2025-04-16T14:30:00-07:00,28,88,3
2025-04-16T15:00:00-07:00,28,88,2.9
2025-04-16T15:30:00-07:00,28,89,2.7
2025-04-16T16:00:00-07:00,28,89,2.3
2025-04-16T16:30:00-07:00,27,89,2.5
2025-04-16T17:00:00-07:00,28,89,2.3
2025-04-16T17:30:00-07:00,27,89,2.2
2025-04-16T18:00:00-07:00,27,89,2.2
2025-04-16T18:30:00-07:00,27,90,2.4
2025-04-16T19:00:00-07:00,27,90,2.6
2025-04-16T19:30:00-07:00,27,90,2.6
2025-04-16T20:00:00-07:00,27,90,2.5
2025-04-16T20:30:00-07:00,27,89,2.3
2025-04-16T21:00:00-07:00,28,89,2
2025-04-16T21:30:00-07:00,27,89,2.1
2025-04-16T22:00:00-07:00,27,89,1.9
2025-04-16T22:30:00-07:00,27,89,1.8
2025-04-16T23:00:00-07:00,28,89,1.8
2025-04-16T23:30:00-07:00,28,89,1.6
2025-04-17T00:00:00-07:00,28,88,1.4
2025-04-17T00:30:00-07:00,28,88,1.3
2025-04-17T01:00:00-07:00,28,88,1.1
2025-04-17T01:30:00-07:00,28,88,1
2025-04-17T02:00:00-07:00,28,87,1
2025-04-17T02:30:00-07:00,28,87,1
2025-04-17T03:00:00-07:00,28,87,0.9
2025-04-17T03:30:00-07:00,28,87,0.8
2025-04-17T04:00:00-07:00,28,86,0.9
2025-04-17T04:30:00-07:00,28,86,0.8
2025-04-17T05:00:00-07:00,28,86,0.6
2025-04-17T05:30:00-07:00,28,86,0.6
2025-04-17T06:00:00-07:00,28,86,0.7
2025-04-17T06:30:00-07:00,28,86,0.6
2025-04-17T07:00:00-07:00,28,86,0.5
2025-04-17T07:30:00-07:00,28,85,0.5
2025-04-17T08:00:00-07:00,28,85,0.5
2025-04-17T08:30:00-07:00,28,85,0.4
2025-04-17T09:00:00-07:00,29,86,0.4
2025-04-17T09:30:00-07:00,29,86,0.6
2025-04-17T10:00:00-07:00,29,86,0.4
2025-04-17T10:30:00-07:00,29,86,0.6
2025-04-17T11:00:00-07:00,29,86,0.7
2025-04-17T11:30:00-07:00,29,86,0.7
2025-04-17T12:00:00-07:00,29,86,0.8
2025-04-17T12:30:00-07:00,29,86,0.7
2025-04-17T13:00:00-07:00,29,86,0.7
2025-04-17T13:30:00-07:00,29,86,0.8
2025-04-17T14:00:00-07:00,29,86,0.9
2025-04-17T14:30:00-07:00,28,86,1.8
2025-04-17T15:00:00-07:00,28,86,2.6
2025-04-17T15:30:00-07:00,29,86,2.4
2025-04-17T16:00:00-07:00,29,86,2.2
2025-04-17T16:30:00-07:00,28,86,1.9
2025-04-17T17:00:00-07:00,29,86,1.7
2025-04-17T17:30:00-07:00,28,86,1.4
2025-04-17T18:00:00-07:00,29,87,1.3
2025-04-17T18:30:00-07:00,29,87,1.6
2025-04-17T19:00:00-07:00,29,87,1.7
2025-04-17T19:30:00-07:00,28,87,1.7
2025-04-17T20:00:00-07:00,28,87,1.9
2025-04-17T20:30:00-07:00,28,87,1.5
2025-04-17T21:00:00-07:00,28,88,1.3
2025-04-17T21:30:00-07:00,28,88,1
2025-04-17T22:00:00-07:00,28,88,1
2025-04-17T22:30:00-07:00,28,87,1
2025-04-17T23:00:00-07:00,28,87,1
2025-04-17T23:30:00-07:00,28,87,0.9
2025-04-18T00:00:00-07:00,28,87,0.8
2025-04-18T00:30:00-07:00,28,86,0.7
2025-04-18T01:00:00-07:00,28,86,0.7
2025-04-18T01:30:00-07:00,28,86,0.5
2025-04-18T02:00:00-07:00,28,86,0.4
2025-04-18T02:30:00-07:00,28,86,0.3
2025-04-18T03:00:00-07:00,28,85,0.3
2025-04-18T03:30:00-07:00,28,85,0.2
2025-04-18T04:00:00-07:00,28,85,0.2
2025-04-18T04:30:00-07:00,28,85,0.1
2025-04-18T05:00:00-07:00,28,85,0.1
2025-04-18T05:30:00-07:00,28,84,0.1
2025-04-18T06:00:00-07:00,28,84,0.1
2025-04-18T06:30:00-07:00,28,84,0.1
2025-04-18T07:00:00-07:00,28,85,0
2025-04-18T07:30:00-07:00,28,86,0.2
2025-04-18T08:00:00-07:00,28,86,0.2
2025-04-18T08:30:00-07:00,28,86,0.2
2025-04-18T09:00:00-07:00,28,85,0.6
2025-04-18T09:30:00-07:00,28,85,0.9
2025-04-18T10:00:00-07:00,28,85,0.9
2025-04-18T10:30:00-07:00,28,85,1.1
2025-04-18T11:00:00-07:00,28,85,1.3
2025-04-18T11:30:00-07:00,28,85,3.1
2025-04-18T12:00:00-07:00,28,85,4.5
2025-04-18T12:30:00-07:00,28,85,5.6
2025-04-18T13:00:00-07:00,28,85,4.9
2025-04-18T13:30:00-07:00,29,86,4.8
2025-04-18T14:00:00-07:00,29,86,4
2025-04-18T14:30:00-07:00,29,87,4
2025-04-18T15:00:00-07:00,29,87,4.1
2025-04-18T15:30:00-07:00,29,87,3.7
2025-04-18T16:00:00-07:00,29,88,3.2
2025-04-18T16:30:00-07:00,28,88,3.2
2025-04-18T17:00:00-07:00,29,88,2.8
2025-04-18T17:30:00-07:00,28,89,2.5
2025-04-18T18:00:00-07:00,28,89,2.1
2025-04-18T18:30:00-07:00,28,89,1.8
2025-04-18T19:00:00-07:00,28,89,1.4
2025-04-18T19:30:00-07:00,28,89,1.6
2025-04-18T20:00:00-07:00,28,89,1.3
2025-04-18T20:30:00-07:00,28,89,1.2
2025-04-18T21:00:00-07:00,28,89,1
2025-04-18T21:30:00-07:00,28,89,0.9
2025-04-18T22:00:00-07:00,28,89,0.7
2025-04-18T22:30:00-07:00,28,89,0.8
2025-04-18T23:00:00-07:00,28,88,0.6
2025-04-18T23:30:00-07:00,28,88,0.7
2025-04-19T00:00:00-07:00,28,88,0.5
2025-04-19T00:30:00-07:00,28,87,0.5
2025-04-19T01:00:00-07:00,28,87,0.7
2025-04-19T01:30:00-07:00,28,87,0.6
2025-04-19T02:00:00-07:00,28,86,0.7
2025-04-19T02:30:00-07:00,28,86,0.6
2025-04-19T03:00:00-07:00,28,86,0.7
2025-04-19T03:30:00-07:00,28,86,0.7
2025-04-19T04:00:00-07:00,28,85,0.7
2025-04-19T04:30:00-07:00,28,85,0.5
2025-04-19T05:00:00-07:00,28,85,0.5
2025-04-19T05:30:00-07:00,28,85,0.5
2025-04-19T06:00:00-07:00,28,85,0.5
2025-04-19T06:30:00-07:00,28,84,0.5
2025-04-19T07:00:00-07:00,29,85,0.3
2025-04-19T07:30:00-07:00,28,86,0.1
2025-04-19T08:00:00-07:00,28,86,0.5
2025-04-19T08:30:00-07:00,28,86,0.6
2025-04-19T09:00:00-07:00,28,86,0.7
2025-04-19T09:30:00-07:00,29,86,3.4
2025-04-19T10:00:00-07:00,29,86,5.6
2025-04-19T10:30:00-07:00,29,86,4.7
2025-04-19T11:00:00-07:00,29,86,5.5
2025-04-19T11:30:00-07:00,28,86,10.1
2025-04-19T12:00:00-07:00,28,85,9.8
2025-04-19T12:30:00-07:00,28,85,10.1
2025-04-19T13:00:00-07:00,29,86,9
2025-04-19T13:30:00-07:00,29,87,7.5
2025-04-19T14:00:00-07:00,29,87,6.3
2025-04-19T14:30:00-07:00,28,87,5.8
2025-04-19T15:00:00-07:00,28,88,5.2
2025-04-19T15:30:00-07:00,28,88,4.4
2025-04-19T16:00:00-07:00,28,88,3.9
2025-04-19T16:30:00-07:00,28,88,3.8
2025-04-19T17:00:00-07:00,28,89,4.1
2025-04-19T17:30:00-07:00,28,89,3.8
2025-04-19T18:00:00-07:00,28,89,3.3
2025-04-19T18:30:00-07:00,28,89,4.1
2025-04-19T19:00:00-07:00,28,89,3.7
2025-04-19T19:30:00-07:00,28,89,3.2
2025-04-19T20:00:00-07:00,28,89,2.8
2025-04-19T20:30:00-07:00,27,89,2.6
2025-04-19T21:00:00-07:00,27,89,2.4
2025-04-19T21:30:00-07:00,28,89,2.1
2025-04-19T22:00:00-07:00,28,89,2.1
2025-04-19T22:30:00-07:00,28,88,2
2025-04-19T23:00:00-07:00,28,88,3.1
2025-04-19T23:30:00-07:00,28,88,2.8
2025-04-20T00:00:00-07:00,28,88,2.3
2025-04-20T00:30:00-07:00,28,88,1.7
2025-04-20T01:00:00-07:00,28,87,1.5
2025-04-20T01:30:00-07:00,28,87,1.3
2025-04-20T02:00:00-07:00,28,87,1.1
2025-04-20T02:30:00-07:00,28,87,1.1
2025-04-20T03:00:00-07:00,28,86,1
2025-04-20T03:30:00-07:00,28,86,1
2025-04-20T04:00:00-07:00,28,86,1
2025-04-20T04:30:00-07:00,28,86,1
2025-04-20T05:00:00-07:00,28,86,1
2025-04-20T05:30:00-07:00,28,86,0.7
2025-04-20T06:00:00-07:00,28,87,0.8
2025-04-20T06:30:00-07:00,28,86,0.8
2025-04-20T07:00:00-07:00,28,86,0.6
2025-04-20T07:30:00-07:00,28,86,0.7
2025-04-20T08:00:00-07:00,28,86,0.7
2025-04-20T08:30:00-07:00,28,86,0.8
2025-04-20T09:00:00-07:00,28,86,1
2025-04-20T09:30:00-07:00,28,86,1.2
2025-04-20T10:00:00-07:00,29,86,9.4
2025-04-20T10:30:00-07:00,29,87,9.5
2025-04-20T11:00:00-07:00,29,87,7.5
2025-04-20T11:30:00-07:00,29,87,6.2
2025-04-20T12:00:00-07:00,29,87,5.2
2025-04-20T12:30:00-07:00,29,87,4.4
2025-04-20T13:00:00-07:00,29,88,4.8
2025-04-20T13:30:00-07:00,29,88,4.1
2025-04-20T14:00:00-07:00,28,88,3.7
2025-04-20T14:30:00-07:00,29,89,2.9
2025-04-20T15:00:00-07:00,29,89,2.5
2025-04-20T15:30:00-07:00,29,89,2.3
2025-04-20T16:00:00-07:00,29,90,2.6
2025-04-20T16:30:00-07:00,29,90,2.5
2025-04-20T17:00:00-07:00,28,90,2.4
2025-04-20T17:30:00-07:00,28,90,2.2
2025-04-20T18:00:00-07:00,28,91,2
2025-04-20T18:30:00-07:00,28,91,2
2025-04-20T19:00:00-07:00,28,91,2
2025-04-20T19:30:00-07:00,28,91,1.9
2025-04-20T20:00:00-07:00,27,91,2.2
2025-04-20T20:30:00-07:00,27,91,2.4
2025-04-20T21:00:00-07:00,27,91,2.2
2025-04-20T21:30:00-07:00,27,91,2.1
2025-04-20T22:00:00-07:00,27,90,2
2025-04-20T22:30:00-07:00,27,90,1.4
2025-04-20T23:00:00-07:00,28,90,1.2
2025-04-20T23:30:00-07:00,28,90,1.1
2025-04-21T00:00:00-07:00,28,89,1
2025-04-21T00:30:00-07:00,28,89,1
2025-04-21T01:00:00-07:00,27,89,0.8
2025-04-21T01:30:00-07:00,28,88,0.8
2025-04-21T02:00:00-07:00,27,88,0.8
2025-04-21T02:30:00-07:00,27,88,0.8
2025-04-21T03:00:00-07:00,27,88,0.8
2025-04-21T03:30:00-07:00,27,87,0.8
2025-04-21T04:00:00-07:00,27,87,0.7
2025-04-21T04:30:00-07:00,27,87,0.8
2025-04-21T05:00:00-07:00,27,86,0.8
2025-04-21T05:30:00-07:00,27,86,0.8
2025-04-21T06:00:00-07:00,27,86,0.7
2025-04-21T06:30:00-07:00,27,86,0.7
2025-04-21T07:00:00-07:00,27,85,0.6
2025-04-21T07:30:00-07:00,28,85,0.8
2025-04-21T08:00:00-07:00,28,85,0.9
2025-04-21T08:30:00-07:00,28,86,1.1
2025-04-21T09:00:00-07:00,28,86,1.4
2025-04-21T09:30:00-07:00,28,86,1.4
2025-04-21T10:00:00-07:00,28,85,1.8
2025-04-21T10:30:00-07:00,28,86,2.2
2025-04-21T11:00:00-07:00,28,86,2.1
2025-04-21T11:30:00-07:00,28,86,11.3
2025-04-21T12:00:00-07:00,28,86,22.9
2025-04-21T12:30:00-07:00,29,87,15.8
2025-04-21T13:00:00-07:00,29,87,11.1
2025-04-21T13:30:00-07:00,30,87,8.4
2025-04-21T14:00:00-07:00,30,88,6.7
2025-04-21T14:30:00-07:00,30,88,5.6
2025-04-21T15:00:00-07:00,30,89,4.9
2025-04-21T15:30:00-07:00,30,89,4.3
2025-04-21T16:00:00-07:00,30,90,3.8
2025-04-21T16:30:00-07:00,30,90,3.4
2025-04-21T17:00:00-07:00,30,90,3
2025-04-21T17:30:00-07:00,30,91,2.8
2025-04-21T18:00:00-07:00,29,91,2.8
2025-04-21T18:30:00-07:00,29,91,3
2025-04-21T19:00:00-07:00,29,92,3
2025-04-21T19:30:00-07:00,29,92,2.9
2025-04-21T20:00:00-07:00,29,92,2.7
2025-04-21T20:30:00-07:00,29,92,2.6
2025-04-21T21:00:00-07:00,29,92,2.3
2025-04-21T21:30:00-07:00,29,92,2.4
2025-04-21T22:00:00-07:00,29,91,2.3
2025-04-21T22:30:00-07:00,29,91,2
2025-04-21T23:00:00-07:00,29,91,1.6
2025-04-21T23:30:00-07:00,29,91,1.3
2025-04-22T00:00:00-07:00,29,91,1.5
2025-04-22T00:30:00-07:00,29,90,1.3
2025-04-22T01:00:00-07:00,29,90,1.3
2025-04-22T01:30:00-07:00,29,90,1.2
2025-04-22T02:00:00-07:00,28,89,1.2
2025-04-22T02:30:00-07:00,28,89,1.1
2025-04-22T03:00:00-07:00,28,89,1
2025-04-22T03:30:00-07:00,28,89,1
2025-04-22T04:00:00-07:00,28,88,1
2025-04-22T04:30:00-07:00,28,88,0.9
2025-04-22T05:00:00-07:00,28,88,1
2025-04-22T05:30:00-07:00,28,87,0.9
2025-04-22T06:00:00-07:00,28,87,0.9
2025-04-22T06:30:00-07:00,28,87,0.9
2025-04-22T07:00:00-07:00,28,87,0.8
2025-04-22T07:30:00-07:00,28,86,0.8
2025-04-22T08:00:00-07:00,28,86,1
2025-04-22T08:30:00-07:00,29,86,0.8
2025-04-22T09:00:00-07:00,29,87,0.8
2025-04-22T09:30:00-07:00,29,87,0.8
2025-04-22T10:00:00-07:00,29,87,0.8
2025-04-22T10:30:00-07:00,29,87,1.1
2025-04-22T11:00:00-07:00,29,87,1.1
2025-04-22T11:30:00-07:00,29,87,1
2025-04-22T12:00:00-07:00,29,88,0.9
2025-04-22T12:30:00-07:00,30,88,1.2
2025-04-22T13:00:00-07:00,30,88,1.1
2025-04-22T13:30:00-07:00,30,89,1.3
2025-04-22T14:00:00-07:00,30,89,1.5
2025-04-22T14:30:00-07:00,30,89,1.5
2025-04-22T15:00:00-07:00,30,89,1.6
2025-04-22T15:30:00-07:00,30,90,1.4
2025-04-22T16:00:00-07:00,29,90,1.4
2025-04-22T16:30:00-07:00,29,90,1.4
2025-04-22T17:00:00-07:00,28,91,3.5
2025-04-22T17:30:00-07:00,28,91,4.3
2025-04-22T18:00:00-07:00,28,91,3.9
2025-04-22T18:30:00-07:00,28,91,3.1
2025-04-22T19:00:00-07:00,28,91,2.6
2025-04-22T19:30:00-07:00,28,91,2.6
2025-04-22T20:00:00-07:00,28,91,2
2025-04-22T20:30:00-07:00,28,91,1.7
2025-04-22T21:00:00-07:00,28,91,1.7
2025-04-22T21:30:00-07:00,28,91,1.3
2025-04-22T22:00:00-07:00,28,91,1.2
2025-04-22T22:30:00-07:00,28,90,1.4
2025-04-22T23:00:00-07:00,28,90,1.3
2025-04-22T23:30:00-07:00,28,90,1.1
2025-04-23T00:00:00-07:00,28,90,1.2
2025-04-23T00:30:00-07:00,28,89,1.2
2025-04-23T01:00:00-07:00,28,89,1.2
2025-04-23T01:30:00-07:00,28,89,1
2025-04-23T02:00:00-07:00,28,89,1
2025-04-23T02:30:00-07:00,28,88,0.8
2025-04-23T03:00:00-07:00,27,88,0.9
2025-04-23T03:30:00-07:00,27,88,0.8
2025-04-23T04:00:00-07:00,27,88,0.6
2025-04-23T04:30:00-07:00,27,87,0.8
2025-04-23T05:00:00-07:00,27,87,0.6
2025-04-23T05:30:00-07:00,27,87,0.6
2025-04-23T06:00:00-07:00,27,87,0.6
2025-04-23T06:30:00-07:00,27,86,0.5
2025-04-23T07:00:00-07:00,27,86,0.5
2025-04-23T07:30:00-07:00,27,86,0.5
2025-04-23T08:00:00-07:00,28,86,0.5
2025-04-23T08:30:00-07:00,28,86,0.7
2025-04-23T09:00:00-07:00,28,86,0.9
2025-04-23T09:30:00-07:00,27,87,0.6
2025-04-23T10:00:00-07:00,27,87,1.3
2025-04-23T10:30:00-07:00,27,87,1.6
2025-04-23T11:00:00-07:00,28,87,1.3
2025-04-23T11:30:00-07:00,28,87,1.5
2025-04-23T12:00:00-07:00,28,87,1.7
2025-04-23T12:30:00-07:00,25,87,3.5
2025-04-23T13:00:00-07:00,25,87,4.7
2025-04-23T13:30:00-07:00,25,87,4.2
2025-04-23T14:00:00-07:00,25,87,4.7
2025-04-23T14:30:00-07:00,25,87,4.5
2025-04-23T15:00:00-07:00,25,87,4.5
2025-04-23T15:30:00-07:00,25,87,4.7
2025-04-23T16:00:00-07:00,25,87,4.5
2025-04-23T16:30:00-07:00,25,87,4.4
2025-04-23T17:00:00-07:00,25,87,4
2025-04-23T17:30:00-07:00,25,87,3.6
2025-04-23T18:00:00-07:00,25,88,3.5
2025-04-23T18:30:00-07:00,25,88,3.5
2025-04-23T19:00:00-07:00,25,87,4.3
2025-04-23T19:30:00-07:00,25,87,6.3
2025-04-23T20:00:00-07:00,25,89,2.8
2025-04-23T20:30:00-07:00,25,89,2.1
2025-04-23T21:00:00-07:00,25,88,1.8
2025-04-23T21:30:00-07:00,26,88,1.5
2025-04-23T22:00:00-07:00,26,88,1.7
2025-04-23T22:30:00-07:00,26,88,1.7
2025-04-23T23:00:00-07:00,26,88,1.2
2025-04-23T23:30:00-07:00,26,89,0.8
2025-04-24T00:00:00-07:00,26,88,0.7
2025-04-24T00:30:00-07:00,26,88,0.7
2025-04-24T01:00:00-07:00,26,88,0.6
2025-04-24T01:30:00-07:00,26,88,0.6
2025-04-24T02:00:00-07:00,26,88,0.4
2025-04-24T02:30:00-07:00,26,88,0.3
2025-04-24T03:00:00-07:00,26,88,0.4
2025-04-24T03:30:00-07:00,26,88,0.4
2025-04-24T04:00:00-07:00,26,88,0.4
2025-04-24T04:30:00-07:00,26,88,0.4
2025-04-24T05:00:00-07:00,26,88,0.3
2025-04-24T05:30:00-07:00,26,88,0.3
2025-04-24T06:00:00-07:00,26,88,0.3
2025-04-24T06:30:00-07:00,26,88,0.2
2025-04-24T07:00:00-07:00,26,87,0.3
2025-04-24T07:30:00-07:00,26,87,0.3
2025-04-24T08:00:00-07:00,26,87,0.3
2025-04-24T08:30:00-07:00,26,87,0.3
2025-04-24T09:00:00-07:00,26,87,0.3
2025-04-24T09:30:00-07:00,26,87,0.4
2025-04-24T10:00:00-07:00,26,87,0.6
2025-04-24T10:30:00-07:00,25,87,1.6
2025-04-24T11:00:00-07:00,26,87,1.3
2025-04-24T11:30:00-07:00,26,87,1.4
2025-04-24T12:00:00-07:00,26,86,1.8
2025-04-24T12:30:00-07:00,25,86,2.3
2025-04-24T13:00:00-07:00,25,86,2.4
2025-04-24T13:30:00-07:00,26,86,2
2025-04-24T14:00:00-07:00,26,86,2
2025-04-24T14:30:00-07:00,27,86,1.8
2025-04-24T15:00:00-07:00,26,86,1.7
2025-04-24T15:30:00-07:00,27,86,1.8
2025-04-24T16:00:00-07:00,27,86,1.4
2025-04-24T16:30:00-07:00,26,87,1.1
2025-04-24T17:00:00-07:00,26,87,1.1
2025-04-24T17:30:00-07:00,26,87,0.7
2025-04-24T18:00:00-07:00,26,87,0.8
2025-04-24T18:30:00-07:00,26,87,0.5
2025-04-24T19:00:00-07:00,26,87,0.7
2025-04-24T19:30:00-07:00,26,87,1
2025-04-24T20:00:00-07:00,26,87,1.1
2025-04-24T20:30:00-07:00,26,87,1
2025-04-24T21:00:00-07:00,26,88,0.6
2025-04-24T21:30:00-07:00,26,88,0.3
2025-04-24T22:00:00-07:00,26,87,0.6
2025-04-24T22:30:00-07:00,26,87,0.8
2025-04-24T23:00:00-07:00,26,87,0.3
2025-04-24T23:30:00-07:00,26,87,0.2
2025-04-25T00:00:00-07:00,26,87,0.2
2025-04-25T00:30:00-07:00,26,86,0.1
2025-04-25T01:00:00-07:00,26,86,0.1
2025-04-25T01:30:00-07:00,26,86,0.1
2025-04-25T02:00:00-07:00,26,87,0.1
2025-04-25T02:30:00-07:00,26,86,0.1
2025-04-25T03:00:00-07:00,26,86,0.1
2025-04-25T03:30:00-07:00,26,86,0.1
2025-04-25T04:00:00-07:00,26,86,0
2025-04-25T04:30:00-07:00,26,86,0
2025-04-25T05:00:00-07:00,26,86,0
2025-04-25T05:30:00-07:00,26,86,0
2025-04-25T06:00:00-07:00,26,86,0
2025-04-25T06:30:00-07:00,26,86,0
2025-04-25T07:00:00-07:00,26,86,0
2025-04-25T07:30:00-07:00,26,86,0.3
2025-04-25T08:00:00-07:00,26,86,0.2
2025-04-25T08:30:00-07:00,26,86,0.1
2025-04-25T09:00:00-07:00,26,86,0.2
2025-04-25T09:30:00-07:00,26,86,0.2
2025-04-25T10:00:00-07:00,25,86,0.7
2025-04-25T10:30:00-07:00,25,86,1.1
2025-04-25T11:00:00-07:00,24,85,1.4
2025-04-25T11:30:00-07:00,24,85,1.3
2025-04-25T12:00:00-07:00,24,85,1.7
2025-04-25T12:30:00-07:00,25,85,1.7
2025-04-25T13:00:00-07:00,25,85,1.2
2025-04-25T13:30:00-07:00,25,86,1.1
2025-04-25T14:00:00-07:00,26,86,0.9
2025-04-25T14:30:00-07:00,26,86,1.2
2025-04-25T15:00:00-07:00,26,86,0.8
2025-04-25T15:30:00-07:00,26,86,0.8
2025-04-25T16:00:00-07:00,26,86,0.6
2025-04-25T16:30:00-07:00,26,86,0.4
2025-04-25T17:00:00-07:00,26,87,0.1
2025-04-25T17:30:00-07:00,26,88,0.1
2025-04-25T18:00:00-07:00,26,87,0.1
2025-04-25T18:30:00-07:00,26,87,0.1
2025-04-25T19:00:00-07:00,26,87,0
2025-04-25T19:30:00-07:00,26,87,0
2025-04-25T20:00:00-07:00,26,87,0
2025-04-25T20:30:00-07:00,26,88,0
2025-04-25T21:00:00-07:00,26,88,0.1
2025-04-25T21:30:00-07:00,26,87,0.1
2025-04-25T22:00:00-07:00,26,87,0
2025-04-25T22:30:00-07:00,25,88,0
2025-04-25T23:00:00-07:00,25,87,0.2
2025-04-25T23:30:00-07:00,26,87,0.6
2025-04-26T00:00:00-07:00,26,87,0.7
2025-04-26T00:30:00-07:00,26,86,0.3
2025-04-26T01:00:00-07:00,25,87,0.1
2025-04-26T01:30:00-07:00,25,87,0.1
2025-04-26T02:00:00-07:00,26,86,0.1
2025-04-26T02:30:00-07:00,25,87,0.1
2025-04-26T03:00:00-07:00,25,87,0
2025-04-26T03:30:00-07:00,25,86,0
2025-04-26T04:00:00-07:00,25,87,0
2025-04-26T04:30:00-07:00,25,87,0
2025-04-26T05:00:00-07:00,25,86,0
2025-04-26T05:30:00-07:00,25,87,0
2025-04-26T06:00:00-07:00,25,86,0
2025-04-26T06:30:00-07:00,25,86,0
2025-04-26T07:00:00-07:00,25,87,0
2025-04-26T07:30:00-07:00,25,86,0
2025-04-26T08:00:00-07:00,25,86,0
2025-04-26T08:30:00-07:00,25,87,0
2025-04-26T09:00:00-07:00,26,86,0
2025-04-26T09:30:00-07:00,26,86,0
2025-04-26T10:00:00-07:00,26,86,0.5
2025-04-26T10:30:00-07:00,26,86,0.6
2025-04-26T11:00:00-07:00,26,86,0.4
2025-04-26T11:30:00-07:00,26,86,0.8
2025-04-26T12:00:00-07:00,26,86,0.7
2025-04-26T12:30:00-07:00,26,87,0.4
2025-04-26T13:00:00-07:00,26,87,0.4
2025-04-26T13:30:00-07:00,25,87,0.8
2025-04-26T14:00:00-07:00,25,87,0.9
2025-04-26T14:30:00-07:00,25,87,0.9
2025-04-26T15:00:00-07:00,26,87,0.7
2025-04-26T15:30:00-07:00,26,87,0.5
2025-04-26T16:00:00-07:00,26,87,0.3
2025-04-26T16:30:00-07:00,26,87,0.2
2025-04-26T17:00:00-07:00,27,87,0.3
2025-04-26T17:30:00-07:00,27,87,0.3
2025-04-26T18:00:00-07:00,28,87,0.3
2025-04-26T18:30:00-07:00,27,88,0.2
2025-04-26T19:00:00-07:00,28,88,0.1
2025-04-26T19:30:00-07:00,28,88,0.1
2025-04-26T20:00:00-07:00,28,88,0.1
2025-04-26T20:30:00-07:00,28,88,0.1
2025-04-26T21:00:00-07:00,28,88,0
2025-04-26T21:30:00-07:00,28,88,0
2025-04-26T22:00:00-07:00,27,88,0
2025-04-26T22:30:00-07:00,28,87,0
2025-04-26T23:00:00-07:00,28,87,0
2025-04-26T23:30:00-07:00,27,87,0
2025-04-27T00:00:00-07:00,27,87,0
2025-04-27T00:30:00-07:00,27,87,0
2025-04-27T01:00:00-07:00,27,87,0
2025-04-27T01:30:00-07:00,27,87,0
2025-04-27T02:00:00-07:00,27,87,0
2025-04-27T02:30:00-07:00,27,86,0
2025-04-27T03:00:00-07:00,27,86,0
2025-04-27T03:30:00-07:00,27,87,0
2025-04-27T04:00:00-07:00,27,87,0
2025-04-27T04:30:00-07:00,27,86,0
2025-04-27T05:00:00-07:00,27,86,0
2025-04-27T05:30:00-07:00,27,86,0
2025-04-27T06:00:00-07:00,27,87,0
2025-04-27T06:30:00-07:00,27,87,0
2025-04-27T07:00:00-07:00,27,86,0
2025-04-27T07:30:00-07:00,27,86,0
2025-04-27T08:00:00-07:00,27,86,0
2025-04-27T08:30:00-07:00,27,86,0.1
2025-04-27T09:00:00-07:00,27,86,0.2
2025-04-27T09:30:00-07:00,27,86,0.5
2025-04-27T10:00:00-07:00,27,86,0.7
2025-04-27T10:30:00-07:00,27,86,1.2
2025-04-27T11:00:00-07:00,27,86,1.7
2025-04-27T11:30:00-07:00,27,86,2
2025-04-27T12:00:00-07:00,27,86,1.8
2025-04-27T12:30:00-07:00,27,86,2
2025-04-27T13:00:00-07:00,27,86,2.2
2025-04-27T13:30:00-07:00,27,86,2.3
2025-04-27T14:00:00-07:00,27,86,3.3
2025-04-27T14:30:00-07:00,27,86,3
2025-04-27T15:00:00-07:00,27,86,3.7
2025-04-27T15:30:00-07:00,27,86,3.3
2025-04-27T16:00:00-07:00,27,86,2.8
2025-04-27T16:30:00-07:00,28,86,2.5
2025-04-27T17:00:00-07:00,28,86,1.9
2025-04-27T17:30:00-07:00,28,86,1.7
2025-04-27T18:00:00-07:00,28,86,1.4
2025-04-27T18:30:00-07:00,28,87,1.3
2025-04-27T19:00:00-07:00,28,87,1.4
2025-04-27T19:30:00-07:00,28,87,1.2
2025-04-27T20:00:00-07:00,28,87,1.1
2025-04-27T20:30:00-07:00,28,87,0.9
2025-04-27T21:00:00-07:00,28,87,0.8
2025-04-27T21:30:00-07:00,28,88,1
2025-04-27T22:00:00-07:00,28,88,0.9
2025-04-27T22:30:00-07:00,28,88,0.8
2025-04-27T23:00:00-07:00,28,87,0.7
2025-04-27T23:30:00-07:00,28,87,0.7
2025-04-28T00:00:00-07:00,28,87,0.6
2025-04-28T00:30:00-07:00,28,86,0.9
2025-04-28T01:00:00-07:00,28,86,0.8
2025-04-28T01:30:00-07:00,28,86,0.6
2025-04-28T02:00:00-07:00,28,87,0.5
2025-04-28T02:30:00-07:00,27,86,0.6
2025-04-28T03:00:00-07:00,27,86,0.5
2025-04-28T03:30:00-07:00,27,86,0.6
2025-04-28T04:00:00-07:00,27,86,0.5
2025-04-28T04:30:00-07:00,27,86,0.5
2025-04-28T05:00:00-07:00,27,86,0.3
2025-04-28T05:30:00-07:00,27,86,0.3
2025-04-28T06:00:00-07:00,26,86,0.3
2025-04-28T06:30:00-07:00,27,86,0.3
2025-04-28T07:00:00-07:00,27,85,0.3
2025-04-28T07:30:00-07:00,27,85,0.4
2025-04-28T08:00:00-07:00,27,86,0.6
2025-04-28T08:30:00-07:00,27,87,0.7
2025-04-28T09:00:00-07:00,27,87,0.8
2025-04-28T09:30:00-07:00,27,87,0.8
2025-04-28T10:00:00-07:00,27,87,0.8
2025-04-28T10:30:00-07:00,27,87,0.7
2025-04-28T11:00:00-07:00,27,88,0.5
2025-04-28T11:30:00-07:00,27,88,0.5
2025-04-28T12:00:00-07:00,27,89,0.3
2025-04-28T12:30:00-07:00,28,89,0.3
2025-04-28T13:00:00-07:00,28,89,0.5
2025-04-28T13:30:00-07:00,28,89,0.6
2025-04-28T14:00:00-07:00,28,89,0.7
2025-04-28T14:30:00-07:00,28,90,0.8
2025-04-28T15:00:00-07:00,28,90,0.9
2025-04-28T15:30:00-07:00,28,90,0.8
2025-04-28T16:00:00-07:00,28,90,0.9
2025-04-28T16:30:00-07:00,27,90,2
2025-04-28T17:00:00-07:00,27,90,4.9
2025-04-28T17:30:00-07:00,26,91,3.4
2025-04-28T18:00:00-07:00,26,91,3
2025-04-28T18:30:00-07:00,27,91,2.4
2025-04-28T19:00:00-07:00,27,91,2.2
2025-04-28T19:30:00-07:00,26,90,2.4
2025-04-28T20:00:00-07:00,27,90,2.1
2025-04-28T20:30:00-07:00,27,90,1.9
2025-04-28T21:00:00-07:00,27,90,1.5
2025-04-28T21:30:00-07:00,27,90,1.7
2025-04-28T22:00:00-07:00,27,90,1.6
2025-04-28T22:30:00-07:00,27,90,1.3
2025-04-28T23:00:00-07:00,27,90,1.2
2025-04-28T23:30:00-07:00,27,89,0.9
2025-04-29T00:00:00-07:00,27,89,0.6
2025-04-29T00:30:00-07:00,27,89,0.6
2025-04-29T01:00:00-07:00,27,88,0.5
2025-04-29T01:30:00-07:00,27,88,0.4
2025-04-29T02:00:00-07:00,27,88,0.4
2025-04-29T02:30:00-07:00,27,87,0.4
2025-04-29T03:00:00-07:00,27,87,0.4
2025-04-29T03:30:00-07:00,27,87,0.4
2025-04-29T04:00:00-07:00,27,87,0.3
2025-04-29T04:30:00-07:00,27,86,0.3
2025-04-29T05:00:00-07:00,27,86,0.3
2025-04-29T05:30:00-07:00,27,86,0.2
2025-04-29T06:00:00-07:00,27,86,0.3
2025-04-29T06:30:00-07:00,27,85,0.3
2025-04-29T07:00:00-07:00,27,85,0.3
2025-04-29T07:30:00-07:00,27,85,0.4
2025-04-29T08:00:00-07:00,27,86,0.4
2025-04-29T08:30:00-07:00,27,86,0.3
2025-04-29T09:00:00-07:00,27,86,0.8
2025-04-29T09:30:00-07:00,27,86,1.9
2025-04-29T10:00:00-07:00,27,87,1.5
2025-04-29T10:30:00-07:00,27,87,1.6
2025-04-29T11:00:00-07:00,27,87,1.3
2025-04-29T11:30:00-07:00,28,87,1.9
2025-04-29T12:00:00-07:00,28,88,2
2025-04-29T12:30:00-07:00,28,88,1.6
2025-04-29T13:00:00-07:00,28,88,1.5
2025-04-29T13:30:00-07:00,29,89,1.2
2025-04-29T14:00:00-07:00,29,89,1.2
2025-04-29T14:30:00-07:00,29,90,1
2025-04-29T15:00:00-07:00,29,90,1.3
2025-04-29T15:30:00-07:00,29,91,1.1
2025-04-29T16:00:00-07:00,29,91,1.1
2025-04-29T16:30:00-07:00,29,92,1.1
2025-04-29T17:00:00-07:00,29,92,1.1
2025-04-29T17:30:00-07:00,29,92,1.3
2025-04-29T18:00:00-07:00,28,92,1.6
2025-04-29T18:30:00-07:00,28,93,1.5
2025-04-29T19:00:00-07:00,27,93,1.8
2025-04-29T19:30:00-07:00,26,92,2.7
2025-04-29T20:00:00-07:00,25,92,3.2
2025-04-29T20:30:00-07:00,26,92,3
2025-04-29T21:00:00-07:00,27,92,2.3
2025-04-29T21:30:00-07:00,26,92,2.2
2025-04-29T22:00:00-07:00,27,92,2
2025-04-29T22:30:00-07:00,27,91,2
2025-04-29T23:00:00-07:00,27,91,1.8
2025-04-29T23:30:00-07:00,27,91,1.5
2025-04-30T00:00:00-07:00,27,91,1.2
2025-04-30T00:30:00-07:00,27,90,1.1
2025-04-30T01:00:00-07:00,27,90,1
2025-04-30T01:30:00-07:00,27,90,0.9
2025-04-30T02:00:00-07:00,27,89,0.9
2025-04-30T02:30:00-07:00,27,89,0.8
2025-04-30T03:00:00-07:00,27,89,0.8
2025-04-30T03:30:00-07:00,27,88,0.8
2025-04-30T04:00:00-07:00,27,88,0.7
2025-04-30T04:30:00-07:00,27,88,0.5
2025-04-30T05:00:00-07:00,27,88,0.5
2025-04-30T05:30:00-07:00,27,87,0.5
2025-04-30T06:00:00-07:00,27,87,0.4
2025-04-30T06:30:00-07:00,27,87,0.5
2025-04-30T07:00:00-07:00,27,87,0.5
2025-04-30T07:30:00-07:00,27,87,0.4
2025-04-30T08:00:00-07:00,27,86,0.5
2025-04-30T08:30:00-07:00,27,87,0.6
2025-04-30T09:00:00-07:00,27,87,0.8
2025-04-30T09:30:00-07:00,27,87,2.2
2025-04-30T10:00:00-07:00,27,87,2
2025-04-30T10:30:00-07:00,27,87,1.8
2025-04-30T11:00:00-07:00,28,88,3.6
2025-04-30T11:30:00-07:00,28,88,3.9
2025-04-30T12:00:00-07:00,28,88,4
2025-04-30T12:30:00-07:00,28,89,4
2025-04-30T13:00:00-07:00,28,89,3.9
2025-04-30T13:30:00-07:00,28,89,3.2
2025-04-30T14:00:00-07:00,28,90,2.7
2025-04-30T14:30:00-07:00,29,90,2.6
2025-04-30T15:00:00-07:00,29,90,2.5
2025-04-30T15:30:00-07:00,29,91,2.3
2025-04-30T16:00:00-07:00,29,91,2
2025-04-30T16:30:00-07:00,29,92,2.4
2025-04-30T17:00:00-07:00,29,92,2.4
2025-04-30T17:30:00-07:00,28,92,2.2
2025-04-30T18:00:00-07:00,28,93,2.1
2025-04-30T18:30:00-07:00,28,93,2.1
2025-04-30T19:00:00-07:00,28,93,2
2025-04-30T19:30:00-07:00,27,93,2.7
2025-04-30T20:00:00-07:00,27,93,2.9
2025-04-30T20:30:00-07:00,27,93,2.4
2025-04-30T21:00:00-07:00,27,92,2.2
2025-04-30T21:30:00-07:00,27,92,2.4
2025-04-30T22:00:00-07:00,27,92,2.3
2025-04-30T22:30:00-07:00,27,92,2.2
2025-04-30T23:00:00-07:00,27,92,2.7
2025-04-30T23:30:00-07:00,27,92,2.5
2025-05-01T00:00:00-07:00,27,91,2
2025-05-01T00:30:00-07:00,27,91,1.7
2025-05-01T01:00:00-07:00,27,91,1.7
2025-05-01T01:30:00-07:00,27,91,1.6
2025-05-01T02:00:00-07:00,27,90,1.4
2025-05-01T02:30:00-07:00,27,90,1.2
2025-05-01T03:00:00-07:00,27,90,1.2
2025-05-01T03:30:00-07:00,27,89,0.9
2025-05-01T04:00:00-07:00,27,89,0.8
2025-05-01T04:30:00-07:00,27,89,0.6
2025-05-01T05:00:00-07:00,27,89,0.6
2025-05-01T05:30:00-07:00,27,88,0.6
2025-05-01T06:00:00-07:00,27,88,0.6
2025-05-01T06:30:00-07:00,27,88,0.5
2025-05-01T07:00:00-07:00,27,88,0.6
2025-05-01T07:30:00-07:00,27,88,0.5
2025-05-01T08:00:00-07:00,28,88,0.6
2025-05-01T08:30:00-07:00,28,88,0.6
2025-05-01T09:00:00-07:00,28,88,0.7
2025-05-01T09:30:00-07:00,28,88,0.6
2025-05-01T10:00:00-07:00,28,88,0.8
2025-05-01T10:30:00-07:00,28,88,0.8
2025-05-01T11:00:00-07:00,28,89,1.1
2025-05-01T11:30:00-07:00,28,89,0.9
2025-05-01T12:00:00-07:00,28,89,0.9
2025-05-01T12:30:00-07:00,28,89,0.9
2025-05-01T13:00:00-07:00,28,89,0.8
2025-05-01T13:30:00-07:00,28,90,0.9
2025-05-01T14:00:00-07:00,28,90,1
2025-05-01T14:30:00-07:00,28,90,1.5
2025-05-01T15:00:00-07:00,28,91,2.3
2025-05-01T15:30:00-07:00,28,91,3.5
2025-05-01T16:00:00-07:00,28,91,3.1
2025-05-01T16:30:00-07:00,28,91,2.7
2025-05-01T17:00:00-07:00,28,92,2.6
2025-05-01T17:30:00-07:00,28,92,2.3
2025-05-01T18:00:00-07:00,27,92,2.7
2025-05-01T18:30:00-07:00,26,92,3.7
2025-05-01T19:00:00-07:00,26,92,3.7
2025-05-01T19:30:00-07:00,26,92,3.1
2025-05-01T20:00:00-07:00,27,92,2.8
2025-05-01T20:30:00-07:00,27,92,2.4
2025-05-01T21:00:00-07:00,27,91,2.4
2025-05-01T21:30:00-07:00,27,91,5.8
2025-05-01T22:00:00-07:00,26,91,5.4
2025-05-01T22:30:00-07:00,25,90,5
2025-05-01T23:00:00-07:00,26,90,4
2025-05-01T23:30:00-07:00,26,90,3.3
2025-05-02T00:00:00-07:00,26,90,2.9
2025-05-02T00:30:00-07:00,26,89,2.4
2025-05-02T01:00:00-07:00,27,89,2.2
2025-05-02T01:30:00-07:00,27,89,1.9
2025-05-02T02:00:00-07:00,27,89,1.8
2025-05-02T02:30:00-07:00,27,88,1.3
2025-05-02T03:00:00-07:00,27,88,1.4
2025-05-02T03:30:00-07:00,27,88,1.3
2025-05-02T04:00:00-07:00,27,88,1.1
2025-05-02T04:30:00-07:00,27,88,1.1
2025-05-02T05:00:00-07:00,27,87,1
2025-05-02T05:30:00-07:00,27,87,1.1
2025-05-02T06:00:00-07:00,27,87,0.9
2025-05-02T06:30:00-07:00,27,87,0.8
2025-05-02T07:00:00-07:00,27,87,0.9
2025-05-02T07:30:00-07:00,27,86,0.8
2025-05-02T08:00:00-07:00,27,86,0.9
2025-05-02T08:30:00-07:00,27,86,0.9
2025-05-02T09:00:00-07:00,27,87,1.3
2025-05-02T09:30:00-07:00,27,87,1.9
2025-05-02T10:00:00-07:00,27,87,1.8
2025-05-02T10:30:00-07:00,27,87,2.2
2025-05-02T11:00:00-07:00,27,88,4.8
2025-05-02T11:30:00-07:00,28,88,3.8
2025-05-02T12:00:00-07:00,28,88,3.2
2025-05-02T12:30:00-07:00,28,88,2.5
2025-05-02T13:00:00-07:00,28,88,2
2025-05-02T13:30:00-07:00,28,88,1.5
2025-05-02T14:00:00-07:00,29,88,1.2
2025-05-02T14:30:00-07:00,29,89,1.1
2025-05-02T15:00:00-07:00,29,89,0.7
2025-05-02T15:30:00-07:00,29,89,0.6
2025-05-02T16:00:00-07:00,28,89,0.4
2025-05-02T16:30:00-07:00,27,89,0.3
2025-05-02T17:00:00-07:00,27,89,0.9
2025-05-02T17:30:00-07:00,27,89,0.5
2025-05-02T18:00:00-07:00,27,89,0.2
2025-05-02T18:30:00-07:00,27,90,0.2
2025-05-02T19:00:00-07:00,27,90,0.2
2025-05-02T19:30:00-07:00,28,90,0.3
2025-05-02T20:00:00-07:00,27,90,0.1
2025-05-02T20:30:00-07:00,27,90,0.1
2025-05-02T21:00:00-07:00,27,89,0.1
2025-05-02T21:30:00-07:00,27,89,0.1
2025-05-02T22:00:00-07:00,27,89,0
2025-05-02T22:30:00-07:00,27,89,0.1
2025-05-02T23:00:00-07:00,27,89,0.1
2025-05-02T23:30:00-07:00,27,89,0
2025-05-03T00:00:00-07:00,27,88,0
2025-05-03T00:30:00-07:00,27,88,0
2025-05-03T01:00:00-07:00,27,88,0.1
2025-05-03T01:30:00-07:00,27,88,0
2025-05-03T02:00:00-07:00,27,87,0
2025-05-03T02:30:00-07:00,27,87,0
2025-05-03T03:00:00-07:00,27,87,0
2025-05-03T03:30:00-07:00,27,87,0
2025-05-03T04:00:00-07:00,27,87,0
2025-05-03T04:30:00-07:00,27,87,0
2025-05-03T05:00:00-07:00,27,86,0
2025-05-03T05:30:00-07:00,27,86,0
2025-05-03T06:00:00-07:00,27,86,0
2025-05-03T06:30:00-07:00,27,86,0
2025-05-03T07:00:00-07:00,27,87,0
2025-05-03T07:30:00-07:00,27,87,0
2025-05-03T08:00:00-07:00,27,87,0
2025-05-03T08:30:00-07:00,27,87,0
2025-05-03T09:00:00-07:00,27,87,0
2025-05-03T09:30:00-07:00,27,87,0.1
2025-05-03T10:00:00-07:00,27,87,0
2025-05-03T10:30:00-07:00,27,87,0.1
2025-05-03T11:00:00-07:00,27,87,0.2
2025-05-03T11:30:00-07:00,27,87,0.2
2025-05-03T12:00:00-07:00,27,87,0.3
2025-05-03T12:30:00-07:00,27,87,0.5
2025-05-03T13:00:00-07:00,27,87,0.5
2025-05-03T13:30:00-07:00,27,87,0.7
2025-05-03T14:00:00-07:00,27,88,1.5
2025-05-03T14:30:00-07:00,26,87,8.2
2025-05-03T15:00:00-07:00,26,87,5.8
2025-05-03T15:30:00-07:00,26,88,3.7
2025-05-03T16:00:00-07:00,26,88,3.2
2025-05-03T16:30:00-07:00,26,88,3.4
2025-05-03T17:00:00-07:00,26,88,3
2025-05-03T17:30:00-07:00,26,88,2.3
2025-05-03T18:00:00-07:00,26,88,2
2025-05-03T18:30:00-07:00,26,88,2
2025-05-03T19:00:00-07:00,26,88,1.8
2025-05-03T19:30:00-07:00,26,88,1.6
2025-05-03T20:00:00-07:00,26,88,1.5
2025-05-03T20:30:00-07:00,26,88,1.3
2025-05-03T21:00:00-07:00,26,88,1.4
2025-05-03T21:30:00-07:00,27,88,1.6
2025-05-03T22:00:00-07:00,27,88,1.5
2025-05-03T22:30:00-07:00,27,88,1.1
2025-05-03T23:00:00-07:00,27,88,1
2025-05-03T23:30:00-07:00,27,87,1
2025-05-04T00:00:00-07:00,27,87,0.8
2025-05-04T00:30:00-07:00,27,87,0.7
2025-05-04T01:00:00-07:00,27,87,0.7
2025-05-04T01:30:00-07:00,27,86,0.6
2025-05-04T02:00:00-07:00,26,87,0.4
2025-05-04T02:30:00-07:00,26,87,0.3
2025-05-04T03:00:00-07:00,26,87,0.3
2025-05-04T03:30:00-07:00,26,86,0.4
2025-05-04T04:00:00-07:00,26,87,0.3
2025-05-04T04:30:00-07:00,26,87,0.3
2025-05-04T05:00:00-07:00,26,86,0.3
2025-05-04T05:30:00-07:00,26,86,0.3
2025-05-04T06:00:00-07:00,26,87,0.2
2025-05-04T06:30:00-07:00,26,87,0.3
2025-05-04T07:00:00-07:00,26,86,0.2
2025-05-04T07:30:00-07:00,26,86,0.2
2025-05-04T08:00:00-07:00,26,86,0.3
2025-05-04T08:30:00-07:00,26,85,0.3
2025-05-04T09:00:00-07:00,26,86,0.2
2025-05-04T09:30:00-07:00,26,87,0.3
2025-05-04T10:00:00-07:00,26,87,0.3
2025-05-04T10:30:00-07:00,26,87,0.3
2025-05-04T11:00:00-07:00,26,88,0.3
2025-05-04T11:30:00-07:00,26,88,0.3
2025-05-04T12:00:00-07:00,26,88,2.2
2025-05-04T12:30:00-07:00,27,88,2
2025-05-04T13:00:00-07:00,27,88,1.7
2025-05-04T13:30:00-07:00,27,89,1.7
2025-05-04T14:00:00-07:00,27,89,1.5
2025-05-04T14:30:00-07:00,27,89,1.5
2025-05-04T15:00:00-07:00,27,89,1.4
2025-05-04T15:30:00-07:00,27,90,1.3
2025-05-04T16:00:00-07:00,27,90,1.4
2025-05-04T16:30:00-07:00,26,90,1.4
2025-05-04T17:00:00-07:00,27,91,1.5
2025-05-04T17:30:00-07:00,26,91,1.6
2025-05-04T18:00:00-07:00,26,91,1.6
2025-05-04T18:30:00-07:00,26,91,1.7
2025-05-04T19:00:00-07:00,26,91,1.9
2025-05-04T19:30:00-07:00,26,91,1.8
2025-05-04T20:00:00-07:00,26,91,3.4
2025-05-04T20:30:00-07:00,25,91,6.4
2025-05-04T21:00:00-07:00,25,90,5.3
2025-05-04T21:30:00-07:00,26,90,4.2
2025-05-04T22:00:00-07:00,26,90,3.4
2025-05-04T22:30:00-07:00,26,90,3
2025-05-04T23:00:00-07:00,26,90,2.7
2025-05-04T23:30:00-07:00,26,90,2.2
2025-05-05T00:00:00-07:00,26,89,2.1
2025-05-05T00:30:00-07:00,26,89,1.9
2025-05-05T01:00:00-07:00,26,89,2.1
2025-05-05T01:30:00-07:00,26,89,1.9
2025-05-05T02:00:00-07:00,26,88,1.8
2025-05-05T02:30:00-07:00,26,88,1.6
2025-05-05T03:00:00-07:00,26,88,1.5
2025-05-05T03:30:00-07:00,26,88,1.3
2025-05-05T04:00:00-07:00,26,87,1.3
2025-05-05T04:30:00-07:00,26,87,1.2
2025-05-05T05:00:00-07:00,26,87,1.1
2025-05-05T05:30:00-07:00,26,87,1.2
2025-05-05T06:00:00-07:00,26,86,1.2
2025-05-05T06:30:00-07:00,26,86,1
2025-05-05T07:00:00-07:00,26,86,1.1
2025-05-05T07:30:00-07:00,27,86,1.6
2025-05-05T08:00:00-07:00,27,86,1.8
2025-05-05T08:30:00-07:00,27,86,1.5
2025-05-05T09:00:00-07:00,27,86,1.3
2025-05-05T09:30:00-07:00,26,87,1.1
2025-05-05T10:00:00-07:00,26,87,0.8
2025-05-05T10:30:00-07:00,26,87,0.7
2025-05-05T11:00:00-07:00,26,87,0.5
2025-05-05T11:30:00-07:00,26,88,0.4
2025-05-05T12:00:00-07:00,26,88,3.1
2025-05-05T12:30:00-07:00,26,88,7.1
2025-05-05T13:00:00-07:00,26,89,4.5
2025-05-05T13:30:00-07:00,26,89,3
2025-05-05T14:00:00-07:00,26,90,2.2
2025-05-05T14:30:00-07:00,26,90,1.5
2025-05-05T15:00:00-07:00,26,91,1.6
2025-05-05T15:30:00-07:00,26,91,1.5
2025-05-05T16:00:00-07:00,26,92,1.1
2025-05-05T16:30:00-07:00,26,92,0.8
2025-05-05T17:00:00-07:00,26,93,0.8
2025-05-05T17:30:00-07:00,26,93,0.6
2025-05-05T18:00:00-07:00,26,93,0.5
2025-05-05T18:30:00-07:00,24,93,0.5
2025-05-05T19:00:00-07:00,24,93,0.7
2025-05-05T19:30:00-07:00,25,93,0.9
2025-05-05T20:00:00-07:00,25,93,0.8
2025-05-05T20:30:00-07:00,25,94,0.8
2025-05-05T21:00:00-07:00,25,94,0.6
2025-05-05T21:30:00-07:00,25,94,0.7
2025-05-05T22:00:00-07:00,25,94,1.1
2025-05-05T22:30:00-07:00,25,93,1.2
2025-05-05T23:00:00-07:00,25,93,1.6
2025-05-05T23:30:00-07:00,25,93,1.2
2025-05-06T00:00:00-07:00,25,93,1.4
2025-05-06T00:30:00-07:00,25,92,1.4
2025-05-06T01:00:00-07:00,25,92,1.5
2025-05-06T01:30:00-07:00,25,92,1.5
2025-05-06T02:00:00-07:00,25,91,1.3
2025-05-06T02:30:00-07:00,26,91,1.3
2025-05-06T03:00:00-07:00,26,91,1.2
2025-05-06T03:30:00-07:00,26,91,1.2
2025-05-06T04:00:00-07:00,26,90,1.1
2025-05-06T04:30:00-07:00,26,90,1.1
2025-05-06T05:00:00-07:00,26,90,1.1
2025-05-06T05:30:00-07:00,26,90,1
2025-05-06T06:00:00-07:00,26,89,1
2025-05-06T06:30:00-07:00,26,89,1.1
2025-05-06T07:00:00-07:00,26,89,0.9
2025-05-06T07:30:00-07:00,26,89,1.1
2025-05-06T08:00:00-07:00,26,89,1.1
2025-05-06T08:30:00-07:00,26,89,1.1
2025-05-06T09:00:00-07:00,26,89,1
2025-05-06T09:30:00-07:00,26,89,1
2025-05-06T10:00:00-07:00,26,89,1.1
2025-05-06T10:30:00-07:00,26,90,1
2025-05-06T11:00:00-07:00,26,90,0.9
2025-05-06T11:30:00-07:00,27,90,0.8
2025-05-06T12:00:00-07:00,27,91,1.8
2025-05-06T12:30:00-07:00,27,91,2.8
2025-05-06T13:00:00-07:00,27,92,2
2025-05-06T13:30:00-07:00,28,92,2
2025-05-06T14:00:00-07:00,28,92,2.5
2025-05-06T14:30:00-07:00,28,93,2.5
2025-05-06T15:00:00-07:00,27,93,3.1
2025-05-06T15:30:00-07:00,27,93,3.1
2025-05-06T16:00:00-07:00,25,93,1.6
2025-05-06T16:30:00-07:00,26,93,2
2025-05-06T17:00:00-07:00,26,94,1.8
2025-05-06T17:30:00-07:00,25,93,1.7
2025-05-06T18:00:00-07:00,26,94,2.7
2025-05-06T18:30:00-07:00,26,94,2.7
2025-05-06T19:00:00-07:00,26,94,3.4
2025-05-06T19:30:00-07:00,25,93,6.7
2025-05-06T20:00:00-07:00,25,93,6.7
2025-05-06T20:30:00-07:00,25,93,5.4
2025-05-06T21:00:00-07:00,26,93,4.4
2025-05-06T21:30:00-07:00,26,93,4
2025-05-06T22:00:00-07:00,26,93,3.8
2025-05-06T22:30:00-07:00,26,93,3.5
2025-05-06T23:00:00-07:00,26,92,3.1
2025-05-06T23:30:00-07:00,26,92,2.6
2025-05-07T00:00:00-07:00,26,92,2.4
2025-05-07T00:30:00-07:00,26,91,2.1
2025-05-07T01:00:00-07:00,26,91,2
2025-05-07T01:30:00-07:00,26,91,1.7
2025-05-07T02:00:00-07:00,26,91,1.6
2025-05-07T02:30:00-07:00,26,90,1.3
2025-05-07T03:00:00-07:00,26,90,1.3
2025-05-07T03:30:00-07:00,26,90,1.2
2025-05-07T04:00:00-07:00,26,90,1.2
2025-05-07T04:30:00-07:00,26,89,1
2025-05-07T05:00:00-07:00,26,89,1.1
2025-05-07T05:30:00-07:00,26,89,1
2025-05-07T06:00:00-07:00,26,89,1
2025-05-07T06:30:00-07:00,26,88,0.8
2025-05-07T07:00:00-07:00,27,88,0.7
2025-05-07T07:30:00-07:00,27,88,0.8
2025-05-07T08:00:00-07:00,27,88,1.1
2025-05-07T08:30:00-07:00,27,88,0.9
2025-05-07T09:00:00-07:00,27,88,0.7
2025-05-07T09:30:00-07:00,27,88,0.8
2025-05-07T10:00:00-07:00,27,89,0.7
2025-05-07T10:30:00-07:00,27,89,1.3
2025-05-07T11:00:00-07:00,27,89,2.5
2025-05-07T11:30:00-07:00,27,89,4.6
2025-05-07T12:00:00-07:00,27,90,5.9
2025-05-07T12:30:00-07:00,27,90,4.1
2025-05-07T13:00:00-07:00,27,90,3.5
2025-05-07T13:30:00-07:00,28,91,3.1
2025-05-07T14:00:00-07:00,28,91,3.5
2025-05-07T14:30:00-07:00,27,92,5.3
2025-05-07T15:00:00-07:00,27,92,6.7
2025-05-07T15:30:00-07:00,26,92,5.8
2025-05-07T16:00:00-07:00,26,92,5.3
2025-05-07T16:30:00-07:00,26,92,5
2025-05-07T17:00:00-07:00,25,92,5.5
2025-05-07T17:30:00-07:00,25,91,6.9
2025-05-07T18:00:00-07:00,25,91,4.5
2025-05-07T18:30:00-07:00,25,92,3.5
2025-05-07T19:00:00-07:00,25,92,3
2025-05-07T19:30:00-07:00,26,92,2.8
2025-05-07T20:00:00-07:00,26,92,2.5
2025-05-07T20:30:00-07:00,26,92,2.2
2025-05-07T21:00:00-07:00,26,92,1.9
2025-05-07T21:30:00-07:00,26,92,1.6
2025-05-07T22:00:00-07:00,26,91,1.7
2025-05-07T22:30:00-07:00,26,91,1.5
2025-05-07T23:00:00-07:00,26,91,1.2
2025-05-07T23:30:00-07:00,26,91,1.1
2025-05-08T00:00:00-07:00,26,91,1.2
2025-05-08T00:30:00-07:00,27,90,1.1
2025-05-08T01:00:00-07:00,27,90,1
2025-05-08T01:30:00-07:00,27,90,0.9
2025-05-08T02:00:00-07:00,27,90,0.8
2025-05-08T02:30:00-07:00,27,89,0.7
2025-05-08T03:00:00-07:00,27,89,0.7
2025-05-08T03:30:00-07:00,27,89,0.7
2025-05-08T04:00:00-07:00,27,89,0.6
2025-05-08T04:30:00-07:00,27,88,0.9
2025-05-08T05:00:00-07:00,27,88,1.1
2025-05-08T05:30:00-07:00,27,88,1.1
2025-05-08T06:00:00-07:00,27,88,0.9
2025-05-08T06:30:00-07:00,27,88,0.9
2025-05-08T07:00:00-07:00,27,87,1
2025-05-08T07:30:00-07:00,27,87,1
2025-05-08T08:00:00-07:00,27,87,1
2025-05-08T08:30:00-07:00,27,88,1.1
2025-05-08T09:00:00-07:00,27,88,1.2
2025-05-08T09:30:00-07:00,27,88,1.2
2025-05-08T10:00:00-07:00,27,88,1.4
2025-05-08T10:30:00-07:00,28,88,2.7
2025-05-08T11:00:00-07:00,28,89,3.4
2025-05-08T11:30:00-07:00,28,89,2.9
2025-05-08T12:00:00-07:00,28,89,2.8
2025-05-08T12:30:00-07:00,28,90,2.4
2025-05-08T13:00:00-07:00,28,90,2.3
2025-05-08T13:30:00-07:00,28,90,2.2
2025-05-08T14:00:00-07:00,29,91,2.4
2025-05-08T14:30:00-07:00,29,91,2.2
2025-05-08T15:00:00-07:00,29,92,2.1
2025-05-08T15:30:00-07:00,29,92,1.8
2025-05-08T16:00:00-07:00,29,93,1.5
2025-05-08T16:30:00-07:00,27,93,0.9
2025-05-08T17:00:00-07:00,27,93,0.7
2025-05-08T17:30:00-07:00,26,92,6
2025-05-08T18:00:00-07:00,26,93,4.1
2025-05-08T18:30:00-07:00,25,92,2.8
2025-05-08T19:00:00-07:00,25,92,4.1
2025-05-08T19:30:00-07:00,25,93,3.6
2025-05-08T20:00:00-07:00,25,92,3.9
2025-05-08T20:30:00-07:00,25,92,4.2
2025-05-08T21:00:00-07:00,25,92,4.2
2025-05-08T21:30:00-07:00,26,92,3.7
2025-05-08T22:00:00-07:00,26,92,3.3
2025-05-08T22:30:00-07:00,26,92,3.1
2025-05-08T23:00:00-07:00,26,92,3
2025-05-08T23:30:00-07:00,26,92,2.3
2025-05-09T00:00:00-07:00,26,91,1.9
2025-05-09T00:30:00-07:00,27,91,1.5
2025-05-09T01:00:00-07:00,27,91,1.2
2025-05-09T01:30:00-07:00,27,91,1.2
2025-05-09T02:00:00-07:00,27,90,1
2025-05-09T02:30:00-07:00,27,90,0.8
2025-05-09T03:00:00-07:00,27,90,0.7
2025-05-09T03:30:00-07:00,27,89,0.8
2025-05-09T04:00:00-07:00,27,89,0.7
2025-05-09T04:30:00-07:00,27,89,0.6
2025-05-09T05:00:00-07:00,27,89,0.5
2025-05-09T05:30:00-07:00,27,88,0.5
2025-05-09T06:00:00-07:00,27,88,0.5
2025-05-09T06:30:00-07:00,27,88,0.5
2025-05-09T07:00:00-07:00,27,88,0.5
2025-05-09T07:30:00-07:00,27,88,0.4
2025-05-09T08:00:00-07:00,27,88,0.4
2025-05-09T08:30:00-07:00,27,88,0.4
2025-05-09T09:00:00-07:00,28,88,0.3
2025-05-09T09:30:00-07:00,27,88,0.2
2025-05-09T10:00:00-07:00,27,88,0.3
2025-05-09T10:30:00-07:00,27,89,0.4
2025-05-09T11:00:00-07:00,27,89,0.4
2025-05-09T11:30:00-07:00,28,89,3.8
2025-05-09T12:00:00-07:00,28,90,4.5
2025-05-09T12:30:00-07:00,29,91,3.2
2025-05-09T13:00:00-07:00,29,91,2.6
2025-05-09T13:30:00-07:00,29,92,2.1
2025-05-09T14:00:00-07:00,29,92,2.1
2025-05-09T14:30:00-07:00,29,92,1.7
2025-05-09T15:00:00-07:00,29,93,1.7
2025-05-09T15:30:00-07:00,28,93,1.4
2025-05-09T16:00:00-07:00,27,93,1.1
2025-05-09T16:30:00-07:00,27,93,1.3
2025-05-09T17:00:00-07:00,26,93,1
2025-05-09T17:30:00-07:00,26,93,1.2
2025-05-09T18:00:00-07:00,26,93,1.2
2025-05-09T18:30:00-07:00,26,93,0.9
2025-05-09T19:00:00-07:00,25,93,0.8
2025-05-09T19:30:00-07:00,25,93,1.3
2025-05-09T20:00:00-07:00,25,92,1
2025-05-09T20:30:00-07:00,25,93,1.8
2025-05-09T21:00:00-07:00,25,93,7.9
2025-05-09T21:30:00-07:00,24,93,7.3
2025-05-09T22:00:00-07:00,25,93,5.3
2025-05-09T22:30:00-07:00,26,92,4.4
2025-05-09T23:00:00-07:00,26,92,17
2025-05-09T23:30:00-07:00,26,92,24
2025-05-10T00:00:00-07:00,26,92,10.3
2025-05-10T00:30:00-07:00,26,91,5.7
2025-05-10T01:00:00-07:00,26,91,6.9
2025-05-10T01:30:00-07:00,26,91,5.7
2025-05-10T02:00:00-07:00,26,91,4.4
2025-05-10T02:30:00-07:00,26,90,3.8
2025-05-10T03:00:00-07:00,26,90,3.3
2025-05-10T03:30:00-07:00,26,90,2.8
2025-05-10T04:00:00-07:00,26,90,2.4
2025-05-10T04:30:00-07:00,26,89,2.2
2025-05-10T05:00:00-07:00,26,89,2.1
2025-05-10T05:30:00-07:00,26,89,2.1
2025-05-10T06:00:00-07:00,26,89,2
2025-05-10T06:30:00-07:00,26,89,2
2025-05-10T07:00:00-07:00,26,88,2
2025-05-10T07:30:00-07:00,27,88,2.2
2025-05-10T08:00:00-07:00,27,88,2.7
2025-05-10T08:30:00-07:00,27,89,2.5
2025-05-10T09:00:00-07:00,27,89,2.3
2025-05-10T09:30:00-07:00,27,89,2
2025-05-10T10:00:00-07:00,27,89,1.8
2025-05-10T10:30:00-07:00,27,89,1.5
2025-05-10T11:00:00-07:00,27,90,2.5
2025-05-10T11:30:00-07:00,27,90,2.3
2025-05-10T12:00:00-07:00,27,91,2
2025-05-10T12:30:00-07:00,27,91,1.6
2025-05-10T13:00:00-07:00,28,91,1.6
2025-05-10T13:30:00-07:00,28,92,1.4
2025-05-10T14:00:00-07:00,28,92,1.2
2025-05-10T14:30:00-07:00,28,93,1.1
2025-05-10T15:00:00-07:00,28,93,1.1
2025-05-10T15:30:00-07:00,26,93,0.8
2025-05-10T16:00:00-07:00,26,93,0.7
2025-05-10T16:30:00-07:00,25,93,0.8
2025-05-10T17:00:00-07:00,25,93,0.5
2025-05-10T17:30:00-07:00,25,93,0.6
2025-05-10T18:00:00-07:00,25,93,0.8
2025-05-10T18:30:00-07:00,24,93,1.4
2025-05-10T19:00:00-07:00,24,93,2.2
2025-05-10T19:30:00-07:00,24,93,4
2025-05-10T20:00:00-07:00,23,93,5.3
2025-05-10T20:30:00-07:00,23,92,3.1
2025-05-10T21:00:00-07:00,23,92,3
2025-05-10T21:30:00-07:00,23,92,10.3
2025-05-10T22:00:00-07:00,23,91,8.4
2025-05-10T22:30:00-07:00,23,91,5.2
2025-05-10T23:00:00-07:00,22,91,3.6
2025-05-10T23:30:00-07:00,22,90,2.9
2025-05-11T00:00:00-07:00,23,90,2.8
2025-05-11T00:30:00-07:00,23,89,2.8
2025-05-11T01:00:00-07:00,23,89,2
2025-05-11T01:30:00-07:00,24,89,1.7
2025-05-11T02:00:00-07:00,24,89,1.2
2025-05-11T02:30:00-07:00,24,89,0.7
2025-05-11T03:00:00-07:00,24,88,0.7
2025-05-11T03:30:00-07:00,24,88,0.5
2025-05-11T04:00:00-07:00,25,88,0.4
2025-05-11T04:30:00-07:00,25,88,0.4
2025-05-11T05:00:00-07:00,25,88,0.2
2025-05-11T05:30:00-07:00,25,87,0.2
2025-05-11T06:00:00-07:00,25,87,0.1
2025-05-11T06:30:00-07:00,25,87,0.1
2025-05-11T07:00:00-07:00,25,87,0.1
2025-05-11T07:30:00-07:00,26,87,0.2
2025-05-11T08:00:00-07:00,26,87,0.1
2025-05-11T08:30:00-07:00,26,87,0.1
2025-05-11T09:00:00-07:00,26,88,0.1
2025-05-11T09:30:00-07:00,26,88,0
2025-05-11T10:00:00-07:00,26,88,0
2025-05-11T10:30:00-07:00,27,88,0
2025-05-11T11:00:00-07:00,27,88,0.1
2025-05-11T11:30:00-07:00,27,89,0.1
2025-05-11T12:00:00-07:00,27,89,0.1
2025-05-11T12:30:00-07:00,27,89,0.1
2025-05-11T13:00:00-07:00,26,89,0.6
2025-05-11T13:30:00-07:00,25,89,1.2
2025-05-11T14:00:00-07:00,24,89,1.5
2025-05-11T14:30:00-07:00,23,89,1.5
2025-05-11T15:00:00-07:00,21,90,1.5
2025-05-11T15:30:00-07:00,21,90,1.4
2025-05-11T16:00:00-07:00,21,90,1.4
2025-05-11T16:30:00-07:00,21,90,1.3
2025-05-11T17:00:00-07:00,21,89,1.4
2025-05-11T17:30:00-07:00,22,90,1.3
2025-05-11T18:00:00-07:00,23,90,1.2
2025-05-11T18:30:00-07:00,23,90,1.1
2025-05-11T19:00:00-07:00,23,90,0.8
2025-05-11T19:30:00-07:00,23,90,0.8
2025-05-11T20:00:00-07:00,24,90,0.7
2025-05-11T20:30:00-07:00,24,90,0.6
2025-05-11T21:00:00-07:00,24,90,0.4
2025-05-11T21:30:00-07:00,25,91,0.1
2025-05-11T22:00:00-07:00,24,91,0.2
2025-05-11T22:30:00-07:00,24,91,0.1
2025-05-11T23:00:00-07:00,24,91,0.1
2025-05-11T23:30:00-07:00,25,90,0.1
2025-05-12T00:00:00-07:00,25,90,0
2025-05-12T00:30:00-07:00,25,90,0
2025-05-12T01:00:00-07:00,25,89,0
2025-05-12T01:30:00-07:00,25,89,0
2025-05-12T02:00:00-07:00,25,89,0
2025-05-12T02:30:00-07:00,25,88,0
2025-05-12T03:00:00-07:00,25,88,0
2025-05-12T03:30:00-07:00,25,88,0
2025-05-12T04:00:00-07:00,25,88,0
2025-05-12T04:30:00-07:00,25,88,0
2025-05-12T05:00:00-07:00,25,87,0
2025-05-12T05:30:00-07:00,25,87,0
2025-05-12T06:00:00-07:00,25,87,0
2025-05-12T06:30:00-07:00,25,87,0
2025-05-12T07:00:00-07:00,25,87,0
2025-05-12T07:30:00-07:00,25,87,0
2025-05-12T08:00:00-07:00,26,88,0
2025-05-12T08:30:00-07:00,26,89,0
2025-05-12T09:00:00-07:00,26,88,0
2025-05-12T09:30:00-07:00,26,88,0
2025-05-12T10:00:00-07:00,26,88,0.1
2025-05-12T10:30:00-07:00,26,88,0.1
2025-05-12T11:00:00-07:00,26,88,0.1
2025-05-12T11:30:00-07:00,26,88,0.1
2025-05-12T12:00:00-07:00,26,88,0.1
2025-05-12T12:30:00-07:00,27,88,0.2
2025-05-12T13:00:00-07:00,27,89,0.2
2025-05-12T13:30:00-07:00,27,89,0.2
2025-05-12T14:00:00-07:00,27,89,0.2
2025-05-12T14:30:00-07:00,27,89,0.1
2025-05-12T15:00:00-07:00,27,89,0.1
2025-05-12T15:30:00-07:00,26,89,0.1
2025-05-12T16:00:00-07:00,26,89,0.3
2025-05-12T16:30:00-07:00,25,90,0.3
2025-05-12T17:00:00-07:00,26,90,0.2
2025-05-12T17:30:00-07:00,26,90,0.1
2025-05-12T18:00:00-07:00,26,90,0.2
2025-05-12T18:30:00-07:00,26,90,0.1
2025-05-12T19:00:00-07:00,26,90,0.1
2025-05-12T19:30:00-07:00,26,90,0.2
2025-05-12T20:00:00-07:00,26,90,0.1
2025-05-12T20:30:00-07:00,26,89,0.1
2025-05-12T21:00:00-07:00,26,89,0
2025-05-12T21:30:00-07:00,26,89,0
2025-05-12T22:00:00-07:00,26,89,0
2025-05-12T22:30:00-07:00,26,89,0.1
2025-05-12T23:00:00-07:00,26,89,0
2025-05-12T23:30:00-07:00,26,89,0
2025-05-13T00:00:00-07:00,26,89,0
2025-05-13T00:30:00-07:00,26,88,0
2025-05-13T01:00:00-07:00,26,88,0
2025-05-13T01:30:00-07:00,26,88,0
2025-05-13T02:00:00-07:00,26,88,0
2025-05-13T02:30:00-07:00,26,87,0
2025-05-13T03:00:00-07:00,26,87,0
2025-05-13T03:30:00-07:00,26,87,0
2025-05-13T04:00:00-07:00,26,87,0
2025-05-13T04:30:00-07:00,26,87,0
2025-05-13T05:00:00-07:00,26,86,0
2025-05-13T05:30:00-07:00,26,86,0
2025-05-13T06:00:00-07:00,26,86,0
2025-05-13T06:30:00-07:00,26,86,0
2025-05-13T07:00:00-07:00,26,86,0
2025-05-13T07:30:00-07:00,26,86,0
2025-05-13T08:00:00-07:00,27,86,0
2025-05-13T08:30:00-07:00,27,86,0
2025-05-13T09:00:00-07:00,27,86,0
2025-05-13T09:30:00-07:00,27,86,0
2025-05-13T10:00:00-07:00,27,87,0.1
2025-05-13T10:30:00-07:00,27,88,1.1
2025-05-13T11:00:00-07:00,27,88,0.7
2025-05-13T11:30:00-07:00,27,88,0.6
2025-05-13T12:00:00-07:00,27,88,0.6
2025-05-13T12:30:00-07:00,27,88,0.5
2025-05-13T13:00:00-07:00,27,89,0.3
2025-05-13T13:30:00-07:00,27,89,0.2
2025-05-13T14:00:00-07:00,27,89,0.2
2025-05-13T14:30:00-07:00,27,89,0.2
2025-05-13T15:00:00-07:00,27,89,0.6
2025-05-13T15:30:00-07:00,26,90,0.8
2025-05-13T16:00:00-07:00,25,90,0.5
2025-05-13T16:30:00-07:00,25,90,0.4
2025-05-13T17:00:00-07:00,24,90,0.9
2025-05-13T17:30:00-07:00,24,90,2.7
2025-05-13T18:00:00-07:00,24,90,2.3
2025-05-13T18:30:00-07:00,25,90,2.6
2025-05-13T19:00:00-07:00,25,90,2.6
2025-05-13T19:30:00-07:00,25,89,2.7
2025-05-13T20:00:00-07:00,25,89,3.3
2025-05-13T20:30:00-07:00,25,89,3.3
2025-05-13T21:00:00-07:00,25,89,3
2025-05-13T21:30:00-07:00,25,89,2.7
2025-05-13T22:00:00-07:00,26,89,2
2025-05-13T22:30:00-07:00,26,89,1.5
2025-05-13T23:00:00-07:00,26,89,1.4
2025-05-13T23:30:00-07:00,26,89,1.1
2025-05-14T00:00:00-07:00,26,89,0.9
2025-05-14T00:30:00-07:00,26,88,0.8
2025-05-14T01:00:00-07:00,26,88,0.6
2025-05-14T01:30:00-07:00,26,88,0.5
2025-05-14T02:00:00-07:00,26,88,0.4
2025-05-14T02:30:00-07:00,26,87,0.3
2025-05-14T03:00:00-07:00,26,87,0.2
2025-05-14T03:30:00-07:00,26,87,0.2
2025-05-14T04:00:00-07:00,26,87,0.2
2025-05-14T04:30:00-07:00,26,86,0.2
2025-05-14T05:00:00-07:00,26,86,0.2
2025-05-14T05:30:00-07:00,26,86,0.2
2025-05-14T06:00:00-07:00,26,86,0.2
2025-05-14T06:30:00-07:00,26,86,0.2
2025-05-14T07:00:00-07:00,26,85,0.3
2025-05-14T07:30:00-07:00,26,86,0.3
2025-05-14T08:00:00-07:00,26,86,0.2
2025-05-14T08:30:00-07:00,27,86,12.1
2025-05-14T09:00:00-07:00,27,86,11.8
2025-05-14T09:30:00-07:00,26,86,8.9
2025-05-14T10:00:00-07:00,26,86,7.2
2025-05-14T10:30:00-07:00,27,87,5.4
2025-05-14T11:00:00-07:00,27,87,4.3
2025-05-14T11:30:00-07:00,27,87,3.3
2025-05-14T12:00:00-07:00,27,88,2.6
2025-05-14T12:30:00-07:00,27,88,3.2
2025-05-14T13:00:00-07:00,27,88,1.6
2025-05-14T13:30:00-07:00,27,89,1.2
2025-05-14T14:00:00-07:00,27,89,1
2025-05-14T14:30:00-07:00,27,89,0.8
2025-05-14T15:00:00-07:00,27,90,0.7
2025-05-14T15:30:00-07:00,26,91,0.9
2025-05-14T16:00:00-07:00,26,92,0.8
2025-05-14T16:30:00-07:00,26,92,0.8
2025-05-14T17:00:00-07:00,26,93,0.8
2025-05-14T17:30:00-07:00,23,92,4.3
2025-05-14T18:00:00-07:00,23,92,4.6
2025-05-14T18:30:00-07:00,23,92,3.9
2025-05-14T19:00:00-07:00,24,93,3
2025-05-14T19:30:00-07:00,24,93,2.9
2025-05-14T20:00:00-07:00,24,93,2.8
2025-05-14T20:30:00-07:00,24,93,2.4
2025-05-14T21:00:00-07:00,25,93,2.3
2025-05-14T21:30:00-07:00,25,93,1.8
2025-05-14T22:00:00-07:00,25,92,1.6
2025-05-14T22:30:00-07:00,25,92,1.2
2025-05-14T23:00:00-07:00,25,92,1.2
2025-05-14T23:30:00-07:00,25,92,0.9
2025-05-15T00:00:00-07:00,25,91,0.7
2025-05-15T00:30:00-07:00,25,91,0.6
2025-05-15T01:00:00-07:00,25,91,0.6
2025-05-15T01:30:00-07:00,25,91,0.5
2025-05-15T02:00:00-07:00,25,90,0.4
2025-05-15T02:30:00-07:00,25,90,0.3
2025-05-15T03:00:00-07:00,25,90,0.3
2025-05-15T03:30:00-07:00,25,89,0.2
2025-05-15T04:00:00-07:00,25,89,0.2
2025-05-15T04:30:00-07:00,25,89,0.2
2025-05-15T05:00:00-07:00,25,89,0.2
2025-05-15T05:30:00-07:00,25,88,0.1
2025-05-15T06:00:00-07:00,25,88,0.2
2025-05-15T06:30:00-07:00,25,88,0.2
2025-05-15T07:00:00-07:00,25,88,0.2
2025-05-15T07:30:00-07:00,25,88,0.2
2025-05-15T08:00:00-07:00,25,87,0.2
2025-05-15T08:30:00-07:00,26,87,0.2
2025-05-15T09:00:00-07:00,26,88,0.3
2025-05-15T09:30:00-07:00,26,88,0.2
2025-05-15T10:00:00-07:00,26,88,0.2
2025-05-15T10:30:00-07:00,26,89,0.4
2025-05-15T11:00:00-07:00,26,89,0.4
2025-05-15T11:30:00-07:00,26,89,0.3
2025-05-15T12:00:00-07:00,26,90,0.3
2025-05-15T12:30:00-07:00,26,90,0.3
2025-05-15T13:00:00-07:00,27,91,0.3
2025-05-15T13:30:00-07:00,26,91,0.3
2025-05-15T14:00:00-07:00,27,91,0.3
2025-05-15T14:30:00-07:00,27,92,0.3
2025-05-15T15:00:00-07:00,27,92,0.5
2025-05-15T15:30:00-07:00,26,92,0.7
2025-05-15T16:00:00-07:00,26,93,0.8
2025-05-15T16:30:00-07:00,26,93,0.8
2025-05-15T17:00:00-07:00,26,93,1
2025-05-15T17:30:00-07:00,26,93,1.1
2025-05-15T18:00:00-07:00,26,94,0.9
2025-05-15T18:30:00-07:00,26,94,1.1
2025-05-15T19:00:00-07:00,26,94,1.3
2025-05-15T19:30:00-07:00,26,94,1.3
2025-05-15T20:00:00-07:00,26,94,1.3
2025-05-15T20:30:00-07:00,26,94,1.2
2025-05-15T21:00:00-07:00,26,94,1.2
2025-05-15T21:30:00-07:00,26,94,1.3
2025-05-15T22:00:00-07:00,26,93,1.3
2025-05-15T22:30:00-07:00,26,93,1.2
2025-05-15T23:00:00-07:00,26,93,1.3
2025-05-15T23:30:00-07:00,26,93,1.3
2025-05-16T00:00:00-07:00,26,92,1.1
2025-05-16T00:30:00-07:00,26,92,1.1
2025-05-16T01:00:00-07:00,26,92,1
2025-05-16T01:30:00-07:00,25,91,0.9
2025-05-16T02:00:00-07:00,25,91,1
2025-05-16T02:30:00-07:00,25,91,0.9
2025-05-16T03:00:00-07:00,25,90,0.9
2025-05-16T03:30:00-07:00,25,90,0.9
2025-05-16T04:00:00-07:00,25,90,0.8
2025-05-16T04:30:00-07:00,25,90,0.8
2025-05-16T05:00:00-07:00,25,90,0.8
2025-05-16T05:30:00-07:00,25,89,0.7
2025-05-16T06:00:00-07:00,25,89,0.8
2025-05-16T06:30:00-07:00,25,89,0.6
2025-05-16T07:00:00-07:00,26,89,0.7
2025-05-16T07:30:00-07:00,26,89,0.8
2025-05-16T08:00:00-07:00,26,89,0.8
2025-05-16T08:30:00-07:00,26,89,0.8
2025-05-16T09:00:00-07:00,26,89,0.7
2025-05-16T09:30:00-07:00,26,89,0.6
2025-05-16T10:00:00-07:00,26,89,0.6
2025-05-16T10:30:00-07:00,26,90,0.6
2025-05-16T11:00:00-07:00,26,90,0.4
2025-05-16T11:30:00-07:00,26,90,0.4
2025-05-16T12:00:00-07:00,27,91,0.2
2025-05-16T12:30:00-07:00,27,91,0.3
2025-05-16T13:00:00-07:00,26,91,0.2
2025-05-16T13:30:00-07:00,26,91,0.4
2025-05-16T14:00:00-07:00,26,92,0.4
2025-05-16T14:30:00-07:00,26,92,0.4
2025-05-16T15:00:00-07:00,26,92,0.6
2025-05-16T15:30:00-07:00,26,92,0.7
2025-05-16T16:00:00-07:00,26,93,0.9
2025-05-16T16:30:00-07:00,26,93,0.9
2025-05-16T17:00:00-07:00,26,93,1
2025-05-16T17:30:00-07:00,26,93,1.2
2025-05-16T18:00:00-07:00,25,93,4.7
2025-05-16T18:30:00-07:00,25,93,4.1
2025-05-16T19:00:00-07:00,25,93,3.5
2025-05-16T19:30:00-07:00,25,93,3.5
2025-05-16T20:00:00-07:00,25,92,4.7
2025-05-16T20:30:00-07:00,24,92,3.8
2025-05-16T21:00:00-07:00,24,92,3.7
2025-05-16T21:30:00-07:00,25,92,3
2025-05-16T22:00:00-07:00,25,92,2.5
2025-05-16T22:30:00-07:00,25,91,2
2025-05-16T23:00:00-07:00,25,91,1.8
2025-05-16T23:30:00-07:00,25,91,1.7
2025-05-17T00:00:00-07:00,25,91,1.5
2025-05-17T00:30:00-07:00,25,91,1.4
2025-05-17T01:00:00-07:00,25,90,1.1
2025-05-17T01:30:00-07:00,25,90,1
2025-05-17T02:00:00-07:00,25,90,0.7
2025-05-17T02:30:00-07:00,25,90,0.6
2025-05-17T03:00:00-07:00,25,89,0.4
2025-05-17T03:30:00-07:00,25,89,0.2
2025-05-17T04:00:00-07:00,26,89,0.1
2025-05-17T04:30:00-07:00,26,89,0.1
2025-05-17T05:00:00-07:00,26,89,0.1
2025-05-17T05:30:00-07:00,26,89,0.1
2025-05-17T06:00:00-07:00,26,88,0
2025-05-17T06:30:00-07:00,26,88,0
2025-05-17T07:00:00-07:00,26,88,0
2025-05-17T07:30:00-07:00,26,88,0
2025-05-17T08:00:00-07:00,26,88,0
2025-05-17T08:30:00-07:00,26,88,0
2025-05-17T09:00:00-07:00,26,88,0
2025-05-17T09:30:00-07:00,26,88,0
2025-05-17T10:00:00-07:00,26,88,0.1
2025-05-17T10:30:00-07:00,26,89,0.2
2025-05-17T11:00:00-07:00,26,89,0.2
2025-05-17T11:30:00-07:00,26,89,0.2
2025-05-17T12:00:00-07:00,26,90,0.5
2025-05-17T12:30:00-07:00,26,90,0.5
2025-05-17T13:00:00-07:00,26,90,0.5
2025-05-17T13:30:00-07:00,26,90,0.4
2025-05-17T14:00:00-07:00,26,90,0.4
2025-05-17T14:30:00-07:00,26,90,0.5
2025-05-17T15:00:00-07:00,25,90,0.9
2025-05-17T15:30:00-07:00,25,90,1.3
2025-05-17T16:00:00-07:00,25,91,1.3
2025-05-17T16:30:00-07:00,25,91,0.9
2025-05-17T17:00:00-07:00,25,91,0.9
2025-05-17T17:30:00-07:00,25,91,0.8
2025-05-17T18:00:00-07:00,25,91,0.9
2025-05-17T18:30:00-07:00,26,91,1.2
2025-05-17T19:00:00-07:00,26,91,1
2025-05-17T19:30:00-07:00,26,91,0.9
2025-05-17T20:00:00-07:00,26,91,0.7
2025-05-17T20:30:00-07:00,26,91,0.7
2025-05-17T21:00:00-07:00,26,91,0.6
2025-05-17T21:30:00-07:00,26,91,0.6
2025-05-17T22:00:00-07:00,26,91,0.7
2025-05-17T22:30:00-07:00,26,91,0.6
2025-05-17T23:00:00-07:00,26,91,0.6
2025-05-17T23:30:00-07:00,26,91,0.5
2025-05-18T00:00:00-07:00,26,90,0.5
2025-05-18T00:30:00-07:00,26,90,0.3
2025-05-18T01:00:00-07:00,26,90,0.3
2025-05-18T01:30:00-07:00,25,89,0.2
2025-05-18T02:00:00-07:00,26,89,0.2
2025-05-18T02:30:00-07:00,25,89,0.2
2025-05-18T03:00:00-07:00,25,89,0.2
2025-05-18T03:30:00-07:00,25,88,0.2
2025-05-18T04:00:00-07:00,25,88,0.2
2025-05-18T04:30:00-07:00,26,88,0.1
2025-05-18T05:00:00-07:00,26,88,0.2
2025-05-18T05:30:00-07:00,26,87,0.2
2025-05-18T06:00:00-07:00,26,88,0.1
2025-05-18T06:30:00-07:00,26,88,0.1
2025-05-18T07:00:00-07:00,26,88,0.1
2025-05-18T07:30:00-07:00,26,88,0.1
2025-05-18T08:00:00-07:00,26,88,0.2
2025-05-18T08:30:00-07:00,26,88,0.2
2025-05-18T09:00:00-07:00,26,88,0.2
2025-05-18T09:30:00-07:00,26,88,0.1
2025-05-18T10:00:00-07:00,26,88,0.1
2025-05-18T10:30:00-07:00,26,89,0.1
2025-05-18T11:00:00-07:00,26,89,0.1
2025-05-18T11:30:00-07:00,26,89,0.2
2025-05-18T12:00:00-07:00,26,90,0.4
2025-05-18T12:30:00-07:00,26,90,0.9
2025-05-18T13:00:00-07:00,26,90,1.3
2025-05-18T13:30:00-07:00,26,90,1.6
2025-05-18T14:00:00-07:00,26,91,2
2025-05-18T14:30:00-07:00,26,91,2
2025-05-18T15:00:00-07:00,26,91,2.2
2025-05-18T15:30:00-07:00,26,91,2.3
2025-05-18T16:00:00-07:00,26,92,2.5
2025-05-18T16:30:00-07:00,25,92,2.9
2025-05-18T17:00:00-07:00,26,92,4
2025-05-18T17:30:00-07:00,25,93,3.6
2025-05-18T18:00:00-07:00,25,93,3.7
2025-05-18T18:30:00-07:00,25,93,3.5
2025-05-18T19:00:00-07:00,25,93,3.5
2025-05-18T19:30:00-07:00,24,93,5.5
2025-05-18T20:00:00-07:00,24,93,10.8
2025-05-18T20:30:00-07:00,24,92,8.3
2025-05-18T21:00:00-07:00,24,92,6.8
2025-05-18T21:30:00-07:00,25,92,5.5
2025-05-18T22:00:00-07:00,25,92,4.8
2025-05-18T22:30:00-07:00,25,92,4
2025-05-18T23:00:00-07:00,25,92,3.5
2025-05-18T23:30:00-07:00,25,91,3.2
2025-05-19T00:00:00-07:00,25,91,2.7
2025-05-19T00:30:00-07:00,25,91,2.4
2025-05-19T01:00:00-07:00,25,90,2.1
2025-05-19T01:30:00-07:00,25,90,1.8
2025-05-19T02:00:00-07:00,25,90,1.6
2025-05-19T02:30:00-07:00,25,90,1.6
2025-05-19T03:00:00-07:00,25,89,1.4
2025-05-19T03:30:00-07:00,25,89,1.4
2025-05-19T04:00:00-07:00,25,89,1.3
2025-05-19T04:30:00-07:00,25,89,1.3
2025-05-19T05:00:00-07:00,25,89,1.2
2025-05-19T05:30:00-07:00,25,88,1.2
2025-05-19T06:00:00-07:00,26,88,1.2
2025-05-19T06:30:00-07:00,26,88,1.3
2025-05-19T07:00:00-07:00,26,88,1.3
2025-05-19T07:30:00-07:00,26,88,1.2
2025-05-19T08:00:00-07:00,26,88,1.1
2025-05-19T08:30:00-07:00,26,88,1.1
2025-05-19T09:00:00-07:00,26,88,1
2025-05-19T09:30:00-07:00,26,89,0.9
2025-05-19T10:00:00-07:00,26,89,1.7
2025-05-19T10:30:00-07:00,26,89,3.6
2025-05-19T11:00:00-07:00,26,90,3.3
2025-05-19T11:30:00-07:00,26,90,2.2
2025-05-19T12:00:00-07:00,26,90,1.9
2025-05-19T12:30:00-07:00,26,90,1.9
2025-05-19T13:00:00-07:00,26,91,1.6
2025-05-19T13:30:00-07:00,25,90,0.7
2025-05-19T14:00:00-07:00,24,90,0.2
2025-05-19T14:30:00-07:00,25,90,0.2
2025-05-19T15:00:00-07:00,24,90,0
2025-05-19T15:30:00-07:00,24,90,0
2025-05-19T16:00:00-07:00,25,91,0
2025-05-19T16:30:00-07:00,25,91,0
2025-05-19T17:00:00-07:00,25,92,0.1
2025-05-19T17:30:00-07:00,25,92,0
2025-05-19T18:00:00-07:00,25,92,0
2025-05-19T18:30:00-07:00,26,93,0.2
2025-05-19T19:00:00-07:00,26,93,0.9
2025-05-19T19:30:00-07:00,26,93,1
2025-05-19T20:00:00-07:00,26,93,0.8
2025-05-19T20:30:00-07:00,26,93,1
2025-05-19T21:00:00-07:00,26,93,0.8
2025-05-19T21:30:00-07:00,26,93,1
2025-05-19T22:00:00-07:00,26,93,0.8
2025-05-19T22:30:00-07:00,26,93,0.8
2025-05-19T23:00:00-07:00,26,92,1
2025-05-19T23:30:00-07:00,26,92,0.7
2025-05-20T00:00:00-07:00,26,92,0.7
2025-05-20T00:30:00-07:00,26,92,0.5
2025-05-20T01:00:00-07:00,26,91,0.4
2025-05-20T01:30:00-07:00,26,91,0.3
2025-05-20T02:00:00-07:00,26,91,0.2
2025-05-20T02:30:00-07:00,26,90,0.3
2025-05-20T03:00:00-07:00,26,90,0.3
2025-05-20T03:30:00-07:00,26,90,0.3
2025-05-20T04:00:00-07:00,26,90,0.2
2025-05-20T04:30:00-07:00,26,90,0.2
2025-05-20T05:00:00-07:00,26,89,0.1
2025-05-20T05:30:00-07:00,26,89,0.1
2025-05-20T06:00:00-07:00,26,89,0.1
2025-05-20T06:30:00-07:00,26,89,0.2
2025-05-20T07:00:00-07:00,26,89,0.1
2025-05-20T07:30:00-07:00,26,88,0.1
2025-05-20T08:00:00-07:00,26,88,0.1
2025-05-20T08:30:00-07:00,27,88,0.2
2025-05-20T09:00:00-07:00,27,89,0.2
2025-05-20T09:30:00-07:00,27,89,0.2
2025-05-20T10:00:00-07:00,27,89,0.2
2025-05-20T10:30:00-07:00,27,90,0.3
2025-05-20T11:00:00-07:00,27,90,3.4
2025-05-20T11:30:00-07:00,27,90,3.7
2025-05-20T12:00:00-07:00,27,91,2.4
2025-05-20T12:30:00-07:00,26,91,1.7
2025-05-20T13:00:00-07:00,26,91,1.1
2025-05-20T13:30:00-07:00,26,92,1.3
2025-05-20T14:00:00-07:00,26,92,1.6
2025-05-20T14:30:00-07:00,26,92,1.3
2025-05-20T15:00:00-07:00,26,92,1.4
2025-05-20T15:30:00-07:00,26,93,1.6
2025-05-20T16:00:00-07:00,26,93,1.5
2025-05-20T16:30:00-07:00,26,93,1.2
2025-05-20T17:00:00-07:00,25,93,3.2
2025-05-20T17:30:00-07:00,25,94,5.4
2025-05-20T18:00:00-07:00,25,94,3.9
2025-05-20T18:30:00-07:00,25,94,3.1
2025-05-20T19:00:00-07:00,25,94,2.8
2025-05-20T19:30:00-07:00,25,94,2.5
2025-05-20T20:00:00-07:00,25,94,2.3
2025-05-20T20:30:00-07:00,25,94,2
2025-05-20T21:00:00-07:00,25,94,1.9
2025-05-20T21:30:00-07:00,25,94,1.7
2025-05-20T22:00:00-07:00,26,94,1.8
2025-05-20T22:30:00-07:00,26,93,1.5
2025-05-20T23:00:00-07:00,26,93,2.3
2025-05-20T23:30:00-07:00,26,93,1.9
2025-05-21T00:00:00-07:00,26,92,1.9
2025-05-21T00:30:00-07:00,26,92,1.4
2025-05-21T01:00:00-07:00,26,92,1.3
2025-05-21T01:30:00-07:00,26,92,1.2
2025-05-21T02:00:00-07:00,25,91,1.3
2025-05-21T02:30:00-07:00,25,91,1.2
2025-05-21T03:00:00-07:00,25,91,1.1
2025-05-21T03:30:00-07:00,25,91,1
2025-05-21T04:00:00-07:00,25,90,0.9
2025-05-21T04:30:00-07:00,25,90,0.8
2025-05-21T05:00:00-07:00,25,90,0.9
2025-05-21T05:30:00-07:00,25,89,0.8
2025-05-21T06:00:00-07:00,25,89,0.8
2025-05-21T06:30:00-07:00,25,89,1.1
2025-05-21T07:00:00-07:00,26,89,1
2025-05-21T07:30:00-07:00,26,89,0.9
2025-05-21T08:00:00-07:00,26,89,0.8
2025-05-21T08:30:00-07:00,26,89,0.8
2025-05-21T09:00:00-07:00,26,89,0.7
2025-05-21T09:30:00-07:00,26,90,0.9
2025-05-21T10:00:00-07:00,26,90,1
2025-05-21T10:30:00-07:00,26,90,0.8
2025-05-21T11:00:00-07:00,26,91,1
2025-05-21T11:30:00-07:00,26,91,1
2025-05-21T12:00:00-07:00,26,91,1
2025-05-21T12:30:00-07:00,26,92,1
2025-05-21T13:00:00-07:00,26,92,0.8
2025-05-21T13:30:00-07:00,26,92,0.8
2025-05-21T14:00:00-07:00,26,93,1
2025-05-21T14:30:00-07:00,26,93,2.4
2025-05-21T15:00:00-07:00,26,94,2.3
2025-05-21T15:30:00-07:00,26,94,1.8
2025-05-21T16:00:00-07:00,26,94,1.6
2025-05-21T16:30:00-07:00,26,95,1.5
2025-05-21T17:00:00-07:00,26,95,1.3
2025-05-21T17:30:00-07:00,26,95,1.3
2025-05-21T18:00:00-07:00,25,95,0.9
2025-05-21T18:30:00-07:00,24,95,0.7
2025-05-21T19:00:00-07:00,24,95,1
2025-05-21T19:30:00-07:00,24,95,1.2
2025-05-21T20:00:00-07:00,24,95,1.4
2025-05-21T20:30:00-07:00,25,95,1.5
2025-05-21T21:00:00-07:00,25,95,1.4
2025-05-21T21:30:00-07:00,25,95,1.4
2025-05-21T22:00:00-07:00,25,95,1.3
2025-05-21T22:30:00-07:00,25,94,1.4
2025-05-21T23:00:00-07:00,25,94,1.4
2025-05-21T23:30:00-07:00,25,94,1.3
2025-05-22T00:00:00-07:00,25,93,1.8
2025-05-22T00:30:00-07:00,25,93,1.3
2025-05-22T01:00:00-07:00,25,93,1.2
2025-05-22T01:30:00-07:00,25,92,1
2025-05-22T02:00:00-07:00,25,92,0.8
2025-05-22T02:30:00-07:00,25,92,0.7
2025-05-22T03:00:00-07:00,25,92,0.6
2025-05-22T03:30:00-07:00,25,91,0.5
2025-05-22T04:00:00-07:00,25,91,0.3
2025-05-22T04:30:00-07:00,25,91,0.2
2025-05-22T05:00:00-07:00,25,90,0.3
2025-05-22T05:30:00-07:00,25,90,0.2
2025-05-22T06:00:00-07:00,25,90,0.2
2025-05-22T06:30:00-07:00,26,90,0.2
2025-05-22T07:00:00-07:00,26,90,0.4
2025-05-22T07:30:00-07:00,26,90,0.3
2025-05-22T08:00:00-07:00,26,90,0.3
2025-05-22T08:30:00-07:00,26,90,0.3
2025-05-22T09:00:00-07:00,26,90,0.3
2025-05-22T09:30:00-07:00,26,90,0.2
2025-05-22T10:00:00-07:00,26,90,0.2
2025-05-22T10:30:00-07:00,26,90,0.2
2025-05-22T11:00:00-07:00,26,91,0.2
2025-05-22T11:30:00-07:00,26,91,0.2
2025-05-22T12:00:00-07:00,26,91,0.2
2025-05-22T12:30:00-07:00,26,91,0.2
2025-05-22T13:00:00-07:00,26,91,0.2
2025-05-22T13:30:00-07:00,26,92,0.2
2025-05-22T14:00:00-07:00,25,92,0.7
2025-05-22T14:30:00-07:00,25,92,0.9
2025-05-22T15:00:00-07:00,23,92,1.8
2025-05-22T15:30:00-07:00,23,92,2.8
2025-05-22T16:00:00-07:00,23,93,3.4
2025-05-22T16:30:00-07:00,24,93,2.2
2025-05-22T17:00:00-07:00,24,93,1.8
2025-05-22T17:30:00-07:00,24,93,1.4
2025-05-22T18:00:00-07:00,24,94,1.2
2025-05-22T18:30:00-07:00,24,94,1.1
2025-05-22T19:00:00-07:00,24,94,0.9
2025-05-22T19:30:00-07:00,24,94,0.7
2025-05-22T20:00:00-07:00,24,93,0.7
2025-05-22T20:30:00-07:00,24,93,0.5
2025-05-22T21:00:00-07:00,24,93,0.5
2025-05-22T21:30:00-07:00,25,93,0.3
2025-05-22T22:00:00-07:00,25,93,0.2
2025-05-22T22:30:00-07:00,25,93,0.2
2025-05-22T23:00:00-07:00,25,93,0.3
2025-05-22T23:30:00-07:00,25,92,0.1
2025-05-23T00:00:00-07:00,25,92,0.2
2025-05-23T00:30:00-07:00,25,92,0.1
2025-05-23T01:00:00-07:00,25,91,0.1
2025-05-23T01:30:00-07:00,25,91,0.1
2025-05-23T02:00:00-07:00,25,91,0.1
2025-05-23T02:30:00-07:00,25,91,0.1
2025-05-23T03:00:00-07:00,25,90,0
2025-05-23T03:30:00-07:00,25,90,0
2025-05-23T04:00:00-07:00,25,90,0
2025-05-23T04:30:00-07:00,25,90,0
2025-05-23T05:00:00-07:00,25,89,0
2025-05-23T05:30:00-07:00,25,89,0
2025-05-23T06:00:00-07:00,25,89,0
2025-05-23T06:30:00-07:00,25,89,0
2025-05-23T07:00:00-07:00,25,89,0
2025-05-23T07:30:00-07:00,25,88,0
2025-05-23T08:00:00-07:00,25,88,0
2025-05-23T08:30:00-07:00,25,88,0.1
2025-05-23T09:00:00-07:00,25,89,0.1
2025-05-23T09:30:00-07:00,25,89,0.1
2025-05-23T10:00:00-07:00,25,89,0.2
2025-05-23T10:30:00-07:00,25,89,0.2
2025-05-23T11:00:00-07:00,25,89,0.5
2025-05-23T11:30:00-07:00,25,90,10.3
2025-05-23T12:00:00-07:00,25,91,29.4
2025-05-23T12:30:00-07:00,24,92,18.4
2025-05-23T13:00:00-07:00,24,92,13.7
2025-05-23T13:30:00-07:00,24,92,9.9
2025-05-23T14:00:00-07:00,25,91,7.1
2025-05-23T14:30:00-07:00,25,91,6.3
2025-05-23T15:00:00-07:00,25,91,5.2
2025-05-23T15:30:00-07:00,25,92,4.2
2025-05-23T16:00:00-07:00,24,92,3.8
2025-05-23T16:30:00-07:00,24,92,3.6
2025-05-23T17:00:00-07:00,24,92,3.5
2025-05-23T17:30:00-07:00,24,92,3.2
2025-05-23T18:00:00-07:00,24,92,3.3
2025-05-23T18:30:00-07:00,24,92,3.3
2025-05-23T19:00:00-07:00,24,92,3.2
2025-05-23T19:30:00-07:00,24,92,2.9
2025-05-23T20:00:00-07:00,24,92,2.8
2025-05-23T20:30:00-07:00,24,92,3
2025-05-23T21:00:00-07:00,25,92,2.6
2025-05-23T21:30:00-07:00,25,92,2.5
2025-05-23T22:00:00-07:00,25,92,2.9
2025-05-23T22:30:00-07:00,25,92,2.5
2025-05-23T23:00:00-07:00,25,92,2.6
2025-05-23T23:30:00-07:00,25,91,2.3
2025-05-24T00:00:00-07:00,25,91,2
2025-05-24T00:30:00-07:00,25,91,1.8
2025-05-24T01:00:00-07:00,25,90,1.8
2025-05-24T01:30:00-07:00,25,90,1.8
2025-05-24T02:00:00-07:00,25,90,1.6
2025-05-24T02:30:00-07:00,25,90,1.5
2025-05-24T03:00:00-07:00,25,89,1.3
2025-05-24T03:30:00-07:00,25,89,1.3
2025-05-24T04:00:00-07:00,25,89,1.2
2025-05-24T04:30:00-07:00,25,89,1.2
2025-05-24T05:00:00-07:00,25,89,1
2025-05-24T05:30:00-07:00,25,88,1
2025-05-24T06:00:00-07:00,25,88,1
2025-05-24T06:30:00-07:00,25,88,0.9
2025-05-24T07:00:00-07:00,25,88,0.9
2025-05-24T07:30:00-07:00,25,88,1
2025-05-24T08:00:00-07:00,25,88,1.2
2025-05-24T08:30:00-07:00,25,88,1.2
2025-05-24T09:00:00-07:00,26,88,1.2
2025-05-24T09:30:00-07:00,26,88,1.4
2025-05-24T10:00:00-07:00,26,88,1.9
2025-05-24T10:30:00-07:00,26,89,1.8
2025-05-24T11:00:00-07:00,26,89,1.8
2025-05-24T11:30:00-07:00,26,89,1.9
2025-05-24T12:00:00-07:00,26,89,1.8
2025-05-24T12:30:00-07:00,26,90,1.9
2025-05-24T13:00:00-07:00,26,90,1.8
2025-05-24T13:30:00-07:00,26,90,2
2025-05-24T14:00:00-07:00,26,90,2.2
2025-05-24T14:30:00-07:00,26,91,2.4
2025-05-24T15:00:00-07:00,26,91,2.6
2025-05-24T15:30:00-07:00,25,91,2.5
2025-05-24T16:00:00-07:00,25,91,2.5
2025-05-24T16:30:00-07:00,26,91,2.6
2025-05-24T17:00:00-07:00,25,92,2.5
2025-05-24T17:30:00-07:00,25,92,2.1
2025-05-24T18:00:00-07:00,25,92,2.2
2025-05-24T18:30:00-07:00,25,92,2.1
2025-05-24T19:00:00-07:00,25,92,2.2
2025-05-24T19:30:00-07:00,25,92,1.9
2025-05-24T20:00:00-07:00,26,92,2.1
2025-05-24T20:30:00-07:00,26,92,2
2025-05-24T21:00:00-07:00,26,92,1.6
2025-05-24T21:30:00-07:00,26,92,1.5
2025-05-24T22:00:00-07:00,26,92,1.3
2025-05-24T22:30:00-07:00,26,92,1.2
2025-05-24T23:00:00-07:00,25,91,1.2
2025-05-24T23:30:00-07:00,25,91,1.3
2025-05-25T00:00:00-07:00,26,91,1.1
2025-05-25T00:30:00-07:00,26,91,0.9
2025-05-25T01:00:00-07:00,26,91,0.9
2025-05-25T01:30:00-07:00,26,90,0.7
2025-05-25T02:00:00-07:00,26,90,0.6
2025-05-25T02:30:00-07:00,25,90,0.5
2025-05-25T03:00:00-07:00,25,90,0.5
2025-05-25T03:30:00-07:00,25,90,0.4
2025-05-25T04:00:00-07:00,25,89,0.3
2025-05-25T04:30:00-07:00,25,89,0.2
2025-05-25T05:00:00-07:00,25,89,0.1
2025-05-25T05:30:00-07:00,25,89,0.2
2025-05-25T06:00:00-07:00,25,89,0.1
2025-05-25T06:30:00-07:00,25,88,0.1
2025-05-25T07:00:00-07:00,25,88,0.1
2025-05-25T07:30:00-07:00,25,88,0.1
2025-05-25T08:00:00-07:00,26,88,0.1
2025-05-25T08:30:00-07:00,26,88,0.2
2025-05-25T09:00:00-07:00,26,88,0.2
2025-05-25T09:30:00-07:00,26,88,0.2
2025-05-25T10:00:00-07:00,26,89,0.3
2025-05-25T10:30:00-07:00,25,89,0.3
2025-05-25T11:00:00-07:00,26,89,0.2
2025-05-25T11:30:00-07:00,26,89,0.2
2025-05-25T12:00:00-07:00,26,90,0.4
2025-05-25T12:30:00-07:00,26,90,0.3
2025-05-25T13:00:00-07:00,25,90,0.3
2025-05-25T13:30:00-07:00,25,90,0.3
2025-05-25T14:00:00-07:00,25,90,0.3
2025-05-25T14:30:00-07:00,25,91,0.4
2025-05-25T15:00:00-07:00,25,91,3.1
2025-05-25T15:30:00-07:00,24,92,25
2025-05-25T16:00:00-07:00,24,93,20.9
2025-05-25T16:30:00-07:00,24,93,12.3
2025-05-25T17:00:00-07:00,24,93,7.8
2025-05-25T17:30:00-07:00,25,92,4.6
2025-05-25T18:00:00-07:00,25,92,3.1
2025-05-25T18:30:00-07:00,25,92,2.3
2025-05-25T19:00:00-07:00,24,92,1.9
2025-05-25T19:30:00-07:00,25,92,1.7
2025-05-25T20:00:00-07:00,25,92,1.8
2025-05-25T20:30:00-07:00,25,92,1.5
2025-05-25T21:00:00-07:00,25,92,1.5
2025-05-25T21:30:00-07:00,25,92,1.3
2025-05-25T22:00:00-07:00,25,91,1.3
2025-05-25T22:30:00-07:00,25,91,1.2
2025-05-25T23:00:00-07:00,25,91,1.1
2025-05-25T23:30:00-07:00,25,91,1
2025-05-26T00:00:00-07:00,25,91,0.7
2025-05-26T00:30:00-07:00,25,91,0.6
2025-05-26T01:00:00-07:00,25,90,0.5
2025-05-26T01:30:00-07:00,25,90,0.4
2025-05-26T02:00:00-07:00,25,90,0.3
2025-05-26T02:30:00-07:00,25,90,0.2
2025-05-26T03:00:00-07:00,25,89,0.1
2025-05-26T03:30:00-07:00,25,89,0.1
2025-05-26T04:00:00-07:00,25,89,0.1
2025-05-26T04:30:00-07:00,25,89,0
2025-05-26T05:00:00-07:00,25,89,0
2025-05-26T05:30:00-07:00,25,89,0
2025-05-26T06:00:00-07:00,25,89,0
2025-05-26T06:30:00-07:00,25,88,0
2025-05-26T07:00:00-07:00,25,88,0
2025-05-26T07:30:00-07:00,25,88,0
2025-05-26T08:00:00-07:00,25,88,0
2025-05-26T08:30:00-07:00,26,88,0.1
2025-05-26T09:00:00-07:00,26,88,0.2
2025-05-26T09:30:00-07:00,26,88,0.1
2025-05-26T10:00:00-07:00,26,89,0.3
2025-05-26T10:30:00-07:00,26,89,0.5
2025-05-26T11:00:00-07:00,26,89,0.3
2025-05-26T11:30:00-07:00,26,89,0.3
2025-05-26T12:00:00-07:00,26,89,0.2
2025-05-26T12:30:00-07:00,26,90,0.1
2025-05-26T13:00:00-07:00,26,90,0.2
2025-05-26T13:30:00-07:00,26,90,0.2
2025-05-26T14:00:00-07:00,26,90,0.2
2025-05-26T14:30:00-07:00,26,91,0.3
2025-05-26T15:00:00-07:00,26,91,0.5
2025-05-26T15:30:00-07:00,26,91,0.3
2025-05-26T16:00:00-07:00,26,91,0.2
2025-05-26T16:30:00-07:00,26,92,0.2
2025-05-26T17:00:00-07:00,26,92,0.1
2025-05-26T17:30:00-07:00,26,92,0.2
2025-05-26T18:00:00-07:00,26,92,0.4
2025-05-26T18:30:00-07:00,26,92,0.7
2025-05-26T19:00:00-07:00,26,92,0.8
2025-05-26T19:30:00-07:00,26,92,0.9
2025-05-26T20:00:00-07:00,26,92,1.1
2025-05-26T20:30:00-07:00,26,92,1.2
2025-05-26T21:00:00-07:00,26,92,1.2
2025-05-26T21:30:00-07:00,26,92,1.3
2025-05-26T22:00:00-07:00,26,92,1.1
2025-05-26T22:30:00-07:00,26,92,1.2
2025-05-26T23:00:00-07:00,26,92,1.1
2025-05-26T23:30:00-07:00,26,91,1.5
2025-05-27T00:00:00-07:00,26,91,1.6
2025-05-27T00:30:00-07:00,26,91,1.3
2025-05-27T01:00:00-07:00,26,91,1.2
2025-05-27T01:30:00-07:00,26,90,1
2025-05-27T02:00:00-07:00,26,90,0.8
2025-05-27T02:30:00-07:00,26,90,0.8
2025-05-27T03:00:00-07:00,26,89,0.7
2025-05-27T03:30:00-07:00,26,89,0.7
2025-05-27T04:00:00-07:00,26,89,0.7
2025-05-27T04:30:00-07:00,26,89,0.7
2025-05-27T05:00:00-07:00,26,89,0.7
2025-05-27T05:30:00-07:00,26,88,0.7
2025-05-27T06:00:00-07:00,26,88,0.6
2025-05-27T06:30:00-07:00,26,88,0.6
2025-05-27T07:00:00-07:00,26,88,0.7
2025-05-27T07:30:00-07:00,26,88,0.7
2025-05-27T08:00:00-07:00,26,88,0.7
2025-05-27T08:30:00-07:00,26,88,0.8
2025-05-27T09:00:00-07:00,26,88,0.9
2025-05-27T09:30:00-07:00,26,88,0.9
2025-05-27T10:00:00-07:00,26,88,0.9
2025-05-27T10:30:00-07:00,26,89,1
2025-05-27T11:00:00-07:00,27,89,3
2025-05-27T11:30:00-07:00,27,90,3.4
2025-05-27T12:00:00-07:00,27,90,2.8
2025-05-27T12:30:00-07:00,27,91,3.1
2025-05-27T13:00:00-07:00,28,91,3.5
2025-05-27T13:30:00-07:00,28,92,3.4
2025-05-27T14:00:00-07:00,28,92,3.3
2025-05-27T14:30:00-07:00,27,93,3.1
2025-05-27T15:00:00-07:00,27,93,3.3
2025-05-27T15:30:00-07:00,27,93,3.3
2025-05-27T16:00:00-07:00,26,94,3.3
2025-05-27T16:30:00-07:00,26,94,3.2
2025-05-27T17:00:00-07:00,26,94,3.5
2025-05-27T17:30:00-07:00,26,94,3.4
2025-05-27T18:00:00-07:00,26,95,3.5
2025-05-27T18:30:00-07:00,25,94,3.1
2025-05-27T19:00:00-07:00,25,94,4.3
2025-05-27T19:30:00-07:00,24,94,6.3
2025-05-27T20:00:00-07:00,24,93,3.4
2025-05-27T20:30:00-07:00,25,93,3
2025-05-27T21:00:00-07:00,25,93,2.8
2025-05-27T21:30:00-07:00,25,93,2.5
2025-05-27T22:00:00-07:00,25,93,2.3
2025-05-27T22:30:00-07:00,25,93,2.3
2025-05-27T23:00:00-07:00,25,93,2.8
2025-05-27T23:30:00-07:00,25,93,2.6
2025-05-28T00:00:00-07:00,25,92,2.2
2025-05-28T00:30:00-07:00,25,92,1.9
2025-05-28T01:00:00-07:00,25,92,1.5
2025-05-28T01:30:00-07:00,26,92,1.5
2025-05-28T02:00:00-07:00,26,91,1.3
2025-05-28T02:30:00-07:00,26,91,1.1
2025-05-28T03:00:00-07:00,26,91,1
2025-05-28T03:30:00-07:00,26,91,1.1
2025-05-28T04:00:00-07:00,26,91,0.9
2025-05-28T04:30:00-07:00,26,90,0.9
2025-05-28T05:00:00-07:00,26,90,0.8
2025-05-28T05:30:00-07:00,26,90,0.7
2025-05-28T06:00:00-07:00,26,90,0.5
2025-05-28T06:30:00-07:00,26,90,0.4
2025-05-28T07:00:00-07:00,26,90,0.4
2025-05-28T07:30:00-07:00,26,89,0.3
2025-05-28T08:00:00-07:00,26,89,0.3
2025-05-28T08:30:00-07:00,26,89,0.3
2025-05-28T09:00:00-07:00,26,90,0.3
2025-05-28T09:30:00-07:00,26,90,0.8
2025-05-28T10:00:00-07:00,26,90,1.7
2025-05-28T10:30:00-07:00,26,90,1.5
2025-05-28T11:00:00-07:00,26,90,1.5
2025-05-28T11:30:00-07:00,27,90,1.5
2025-05-28T12:00:00-07:00,27,90,2.9
2025-05-28T12:30:00-07:00,27,91,4.9
2025-05-28T13:00:00-07:00,27,91,3.5
2025-05-28T13:30:00-07:00,27,91,3
2025-05-28T14:00:00-07:00,26,91,2.5
2025-05-28T14:30:00-07:00,25,91,2
2025-05-28T15:00:00-07:00,26,92,1.9
2025-05-28T15:30:00-07:00,26,92,1.6
2025-05-28T16:00:00-07:00,26,92,1.7
2025-05-28T16:30:00-07:00,26,92,1.8
2025-05-28T17:00:00-07:00,25,93,1.4
2025-05-28T17:30:00-07:00,25,93,1
2025-05-28T18:00:00-07:00,24,93,1
2025-05-28T18:30:00-07:00,24,93,0.9
2025-05-28T19:00:00-07:00,24,93,0.9
2025-05-28T19:30:00-07:00,24,93,0.7
2025-05-28T20:00:00-07:00,24,93,0.4
2025-05-28T20:30:00-07:00,24,93,0.3
2025-05-28T21:00:00-07:00,25,93,0.3
2025-05-28T21:30:00-07:00,25,93,0.2
2025-05-28T22:00:00-07:00,25,92,0.2
2025-05-28T22:30:00-07:00,25,92,0.4
2025-05-28T23:00:00-07:00,25,92,0.2
2025-05-28T23:30:00-07:00,25,92,0.2
2025-05-29T00:00:00-07:00,25,92,0.1
2025-05-29T00:30:00-07:00,25,91,0.2
2025-05-29T01:00:00-07:00,25,91,0.1
2025-05-29T01:30:00-07:00,25,91,0.1
2025-05-29T02:00:00-07:00,25,90,0.1
2025-05-29T02:30:00-07:00,25,90,0
2025-05-29T03:00:00-07:00,25,90,0
2025-05-29T03:30:00-07:00,25,90,0
2025-05-29T04:00:00-07:00,25,89,0
2025-05-29T04:30:00-07:00,25,89,0
2025-05-29T05:00:00-07:00,25,89,0
2025-05-29T05:30:00-07:00,25,89,0
2025-05-29T06:00:00-07:00,25,89,0
2025-05-29T06:30:00-07:00,26,89,0
2025-05-29T07:00:00-07:00,26,88,0
2025-05-29T07:30:00-07:00,26,88,0.1
2025-05-29T08:00:00-07:00,26,89,0
2025-05-29T08:30:00-07:00,26,89,0
2025-05-29T09:00:00-07:00,26,89,0.2
2025-05-29T09:30:00-07:00,26,89,0.6
2025-05-29T10:00:00-07:00,26,89,0.5
2025-05-29T10:30:00-07:00,26,89,0.4
2025-05-29T11:00:00-07:00,26,90,0.3
2025-05-29T11:30:00-07:00,26,90,0.2
2025-05-29T12:00:00-07:00,26,91,14
2025-05-29T12:30:00-07:00,25,92,12.9
2025-05-29T13:00:00-07:00,26,92,9.3
2025-05-29T13:30:00-07:00,26,92,6.7
2025-05-29T14:00:00-07:00,26,92,5.7
2025-05-29T14:30:00-07:00,27,92,3.7
2025-05-29T15:00:00-07:00,27,93,1.5
2025-05-29T15:30:00-07:00,26,93,0.9
2025-05-29T16:00:00-07:00,26,93,0.8
2025-05-29T16:30:00-07:00,26,94,0.7
2025-05-29T17:00:00-07:00,26,94,0.6
2025-05-29T17:30:00-07:00,26,94,0.6
2025-05-29T18:00:00-07:00,26,95,0.4
2025-05-29T18:30:00-07:00,25,94,0.2
2025-05-29T19:00:00-07:00,25,94,0.9
2025-05-29T19:30:00-07:00,26,94,2
2025-05-29T20:00:00-07:00,26,94,2.1
2025-05-29T20:30:00-07:00,26,94,2
2025-05-29T21:00:00-07:00,26,94,1.9
2025-05-29T21:30:00-07:00,26,94,1.6
2025-05-29T22:00:00-07:00,26,94,1.5
2025-05-29T22:30:00-07:00,26,94,1.8
2025-05-29T23:00:00-07:00,26,94,1.9
2025-05-29T23:30:00-07:00,26,94,1.5
2025-05-30T00:00:00-07:00,26,93,1.5
2025-05-30T00:30:00-07:00,27,93,1.2
2025-05-30T01:00:00-07:00,27,93,1.1
2025-05-30T01:30:00-07:00,27,93,0.9
2025-05-30T02:00:00-07:00,27,92,0.8
2025-05-30T02:30:00-07:00,26,92,0.8
2025-05-30T03:00:00-07:00,26,92,0.5
2025-05-30T03:30:00-07:00,26,92,0.5
2025-05-30T04:00:00-07:00,26,91,0.4
2025-05-30T04:30:00-07:00,26,91,0.3
2025-05-30T05:00:00-07:00,26,91,0.5
2025-05-30T05:30:00-07:00,26,91,0.4
2025-05-30T06:00:00-07:00,26,90,0.4
2025-05-30T06:30:00-07:00,27,90,0.6
2025-05-30T07:00:00-07:00,27,91,0.6
2025-05-30T07:30:00-07:00,27,91,0.5
2025-05-30T08:00:00-07:00,27,91,0.6
2025-05-30T08:30:00-07:00,27,91,0.4
2025-05-30T09:00:00-07:00,27,91,0.7
2025-05-30T09:30:00-07:00,27,91,0.6
2025-05-30T10:00:00-07:00,27,91,0.7
2025-05-30T10:30:00-07:00,28,92,0.7
2025-05-30T11:00:00-07:00,28,92,0.6
2025-05-30T11:30:00-07:00,28,93,0.5
2025-05-30T12:00:00-07:00,28,93,0.6
2025-05-30T12:30:00-07:00,28,94,0.6
2025-05-30T13:00:00-07:00,28,94,0.6
2025-05-30T13:30:00-07:00,29,95,0.6
2025-05-30T14:00:00-07:00,28,94,0.5
2025-05-30T14:30:00-07:00,27,95,0.6
2025-05-30T15:00:00-07:00,27,95,0.5
2025-05-30T15:30:00-07:00,26,95,0.3
2025-05-30T16:00:00-07:00,26,95,0.1
2025-05-30T16:30:00-07:00,25,94,0
2025-05-30T17:00:00-07:00,25,95,0.1
2025-05-30T17:30:00-07:00,24,94,0.1
2025-05-30T18:00:00-07:00,24,94,0.1
2025-05-30T18:30:00-07:00,24,94,0.2
2025-05-30T19:00:00-07:00,25,95,0.4
2025-05-30T19:30:00-07:00,25,95,0.5
2025-05-30T20:00:00-07:00,24,95,0.5
2025-05-30T20:30:00-07:00,25,95,0.7
2025-05-30T21:00:00-07:00,24,95,1
2025-05-30T21:30:00-07:00,25,95,1
2025-05-30T22:00:00-07:00,25,95,1.5
2025-05-30T22:30:00-07:00,26,95,3.5
2025-05-30T23:00:00-07:00,26,95,5.7
2025-05-30T23:30:00-07:00,27,95,5.7
2025-05-31T00:00:00-07:00,27,94,6.2
2025-05-31T00:30:00-07:00,27,94,5.9
2025-05-31T01:00:00-07:00,27,94,5.2
2025-05-31T01:30:00-07:00,27,94,4.5
2025-05-31T02:00:00-07:00,27,94,4
2025-05-31T02:30:00-07:00,27,93,3.7
2025-05-31T03:00:00-07:00,27,93,3.5
2025-05-31T03:30:00-07:00,27,93,3.3
2025-05-31T04:00:00-07:00,27,93,3.1
2025-05-31T04:30:00-07:00,27,93,3
2025-05-31T05:00:00-07:00,27,93,2.7
2025-05-31T05:30:00-07:00,27,92,2.6
2025-05-31T06:00:00-07:00,27,92,2.6
2025-05-31T06:30:00-07:00,27,92,2.5
2025-05-31T07:00:00-07:00,27,92,2.4
2025-05-31T07:30:00-07:00,27,92,2.3
2025-05-31T08:00:00-07:00,27,92,2.1
2025-05-31T08:30:00-07:00,27,92,2.2
2025-05-31T09:00:00-07:00,27,92,2
2025-05-31T09:30:00-07:00,27,92,2.2
2025-05-31T10:00:00-07:00,27,93,2.1
2025-05-31T10:30:00-07:00,27,93,1.9
2025-05-31T11:00:00-07:00,28,93,2.2
2025-05-31T11:30:00-07:00,28,94,6.6
2025-05-31T12:00:00-07:00,28,94,6.1
2025-05-31T12:30:00-07:00,28,95,3.6
2025-05-31T13:00:00-07:00,28,95,2.7
2025-05-31T13:30:00-07:00,27,95,1.8
2025-05-31T14:00:00-07:00,27,95,1.7
2025-05-31T14:30:00-07:00,27,95,1.2
2025-05-31T15:00:00-07:00,26,95,0.8
2025-05-31T15:30:00-07:00,26,95,0.5
2025-05-31T16:00:00-07:00,26,96,1
2025-05-31T16:30:00-07:00,26,96,1.4
2025-05-31T17:00:00-07:00,25,96,10.8
2025-05-31T17:30:00-07:00,24,97,15.3
2025-05-31T18:00:00-07:00,24,97,6.3
2025-05-31T18:30:00-07:00,24,96,2.1
2025-05-31T19:00:00-07:00,24,96,0.9
2025-05-31T19:30:00-07:00,23,96,0.5
2025-05-31T20:00:00-07:00,24,96,0.8
2025-05-31T20:30:00-07:00,24,96,2
2025-05-31T21:00:00-07:00,23,95,1.2
2025-05-31T21:30:00-07:00,23,96,1.1
2025-05-31T22:00:00-07:00,24,96,1.2
2025-05-31T22:30:00-07:00,24,96,1.6
2025-05-31T23:00:00-07:00,24,95,1.1
2025-05-31T23:30:00-07:00,23,94,0.9
2025-06-01T00:00:00-07:00,23,94,0.8
2025-06-01T00:30:00-07:00,24,94,0.7
2025-06-01T01:00:00-07:00,24,94,1
2025-06-01T01:30:00-07:00,25,94,1.2
2025-06-01T02:00:00-07:00,25,93,1.3
2025-06-01T02:30:00-07:00,25,93,1.2
2025-06-01T03:00:00-07:00,25,93,1.3
2025-06-01T03:30:00-07:00,25,93,1.4
2025-06-01T04:00:00-07:00,25,93,1.5
2025-06-01T04:30:00-07:00,25,92,1.4
2025-06-01T05:00:00-07:00,25,92,1.5
2025-06-01T05:30:00-07:00,25,92,1.4
2025-06-01T06:00:00-07:00,25,92,1.7
2025-06-01T06:30:00-07:00,25,92,1.6
2025-06-01T07:00:00-07:00,26,91,1.5
2025-06-01T07:30:00-07:00,26,91,1.6
2025-06-01T08:00:00-07:00,26,91,1.7
2025-06-01T08:30:00-07:00,26,92,1.7
2025-06-01T09:00:00-07:00,26,92,1.8
2025-06-01T09:30:00-07:00,26,92,1.7
2025-06-01T10:00:00-07:00,26,92,1.8
2025-06-01T10:30:00-07:00,26,92,1.7
2025-06-01T11:00:00-07:00,26,92,1.8
2025-06-01T11:30:00-07:00,26,92,1.8
2025-06-01T12:00:00-07:00,26,93,9.4
2025-06-01T12:30:00-07:00,26,94,7.6
2025-06-01T13:00:00-07:00,26,94,6.6
2025-06-01T13:30:00-07:00,26,94,5.9
2025-06-01T14:00:00-07:00,26,94,5.4
2025-06-01T14:30:00-07:00,26,94,5
2025-06-01T15:00:00-07:00,26,94,5
2025-06-01T15:30:00-07:00,26,95,4.9
2025-06-01T16:00:00-07:00,26,95,5.1
2025-06-01T16:30:00-07:00,26,95,5.4
2025-06-01T17:00:00-07:00,25,95,4
2025-06-01T17:30:00-07:00,25,95,4.1
2025-06-01T18:00:00-07:00,25,95,5
2025-06-01T18:30:00-07:00,25,95,5.3
2025-06-01T19:00:00-07:00,25,95,5.3
2025-06-01T19:30:00-07:00,25,95,5.3
2025-06-01T20:00:00-07:00,25,95,5.6
2025-06-01T20:30:00-07:00,25,95,5.2
2025-06-01T21:00:00-07:00,25,95,5.3
2025-06-01T21:30:00-07:00,25,95,5.2
2025-06-01T22:00:00-07:00,25,94,5.3
2025-06-01T22:30:00-07:00,25,94,4.8
2025-06-01T23:00:00-07:00,25,94,4.8
2025-06-01T23:30:00-07:00,25,94,4.6
2025-06-02T00:00:00-07:00,25,93,4.3
2025-06-02T00:30:00-07:00,25,93,4.2
2025-06-02T01:00:00-07:00,25,93,3.9
2025-06-02T01:30:00-07:00,25,92,3.4
2025-06-02T02:00:00-07:00,25,92,3.2
2025-06-02T02:30:00-07:00,26,92,3.1
2025-06-02T03:00:00-07:00,26,92,3.1
2025-06-02T03:30:00-07:00,25,91,2.9
2025-06-02T04:00:00-07:00,25,91,2.9
2025-06-02T04:30:00-07:00,25,91,2.8
2025-06-02T05:00:00-07:00,25,91,2.5
2025-06-02T05:30:00-07:00,25,90,2.3
2025-06-02T06:00:00-07:00,26,90,2
2025-06-02T06:30:00-07:00,26,90,1.8
2025-06-02T07:00:00-07:00,26,90,1.8
2025-06-02T07:30:00-07:00,26,90,1.5
2025-06-02T08:00:00-07:00,26,90,1.4
2025-06-02T08:30:00-07:00,26,90,1.3
2025-06-02T09:00:00-07:00,26,90,1.2
2025-06-02T09:30:00-07:00,26,90,1.7
2025-06-02T10:00:00-07:00,26,90,1.3
2025-06-02T10:30:00-07:00,26,90,1.2
2025-06-02T11:00:00-07:00,27,90,1.5
2025-06-02T11:30:00-07:00,27,91,1.4
2025-06-02T12:00:00-07:00,27,91,1.4
2025-06-02T12:30:00-07:00,27,92,1.3
2025-06-02T13:00:00-07:00,27,92,1.2
2025-06-02T13:30:00-07:00,27,92,7.5
2025-06-02T14:00:00-07:00,26,94,11.3
2025-06-02T14:30:00-07:00,26,94,8.8
2025-06-02T15:00:00-07:00,27,94,7.3
2025-06-02T15:30:00-07:00,27,94,5.9
2025-06-02T16:00:00-07:00,27,94,4.9
2025-06-02T16:30:00-07:00,26,95,4.2
2025-06-02T17:00:00-07:00,26,95,3.3
2025-06-02T17:30:00-07:00,25,94,2.1
2025-06-02T18:00:00-07:00,25,95,2.2
2025-06-02T18:30:00-07:00,25,95,2.3
2025-06-02T19:00:00-07:00,25,95,2.2
2025-06-02T19:30:00-07:00,25,95,1.9
2025-06-02T20:00:00-07:00,25,95,2
2025-06-02T20:30:00-07:00,25,95,2.2
2025-06-02T21:00:00-07:00,26,95,2.1
2025-06-02T21:30:00-07:00,26,95,2
2025-06-02T22:00:00-07:00,26,95,1.9
2025-06-02T22:30:00-07:00,26,94,1.8
2025-06-02T23:00:00-07:00,26,94,1.8
2025-06-02T23:30:00-07:00,26,94,1.7
2025-06-03T00:00:00-07:00,26,94,1.5
2025-06-03T00:30:00-07:00,26,94,1.4
2025-06-03T01:00:00-07:00,26,93,1.5
2025-06-03T01:30:00-07:00,26,93,1.1
2025-06-03T02:00:00-07:00,26,93,1.1
2025-06-03T02:30:00-07:00,26,92,1.1
2025-06-03T03:00:00-07:00,26,92,0.9
2025-06-03T03:30:00-07:00,26,92,1
2025-06-03T04:00:00-07:00,26,92,1
2025-06-03T04:30:00-07:00,26,91,0.9
2025-06-03T05:00:00-07:00,26,91,0.9
2025-06-03T05:30:00-07:00,26,91,0.9
2025-06-03T06:00:00-07:00,26,91,1
2025-06-03T06:30:00-07:00,26,91,0.9
2025-06-03T07:00:00-07:00,26,91,0.8
2025-06-03T07:30:00-07:00,26,91,1.5
2025-06-03T08:00:00-07:00,27,91,2.2
2025-06-03T08:30:00-07:00,27,91,1.9
2025-06-03T09:00:00-07:00,27,91,1.5
2025-06-03T09:30:00-07:00,27,91,1.4
2025-06-03T10:00:00-07:00,27,92,1.2
2025-06-03T10:30:00-07:00,27,92,1.1
2025-06-03T11:00:00-07:00,27,92,1
2025-06-03T11:30:00-07:00,27,92,0.9
2025-06-03T12:00:00-07:00,27,93,0.9
2025-06-03T12:30:00-07:00,27,93,0.9
2025-06-03T13:00:00-07:00,27,93,1.3
2025-06-03T13:30:00-07:00,27,94,8.1
2025-06-03T14:00:00-07:00,27,94,5.6
2025-06-03T14:30:00-07:00,27,95,4.3
2025-06-03T15:00:00-07:00,27,94,3
2025-06-03T15:30:00-07:00,26,95,3
2025-06-03T16:00:00-07:00,26,94,2.2
2025-06-03T16:30:00-07:00,26,95,1.9
2025-06-03T17:00:00-07:00,26,95,2.3
2025-06-03T17:30:00-07:00,26,95,3.1
2025-06-03T18:00:00-07:00,25,95,2.8
2025-06-03T18:30:00-07:00,25,95,3.5
2025-06-03T19:00:00-07:00,25,95,3.6
2025-06-03T19:30:00-07:00,24,95,3.2
2025-06-03T20:00:00-07:00,24,95,3.9
2025-06-03T20:30:00-07:00,25,95,4.4
2025-06-03T21:00:00-07:00,25,95,4.3
2025-06-03T21:30:00-07:00,25,95,4.2
2025-06-03T22:00:00-07:00,25,95,4.1
2025-06-03T22:30:00-07:00,26,95,3.9
2025-06-03T23:00:00-07:00,26,95,4
2025-06-03T23:30:00-07:00,26,94,3.9
2025-06-04T00:00:00-07:00,26,94,3.8
2025-06-04T00:30:00-07:00,26,94,3.6
2025-06-04T01:00:00-07:00,26,94,3.6
2025-06-04T01:30:00-07:00,26,93,3.2
2025-06-04T02:00:00-07:00,26,93,3.1
2025-06-04T02:30:00-07:00,26,93,3.1
2025-06-04T03:00:00-07:00,26,93,3
2025-06-04T03:30:00-07:00,26,93,3.2
2025-06-04T04:00:00-07:00,26,92,3
2025-06-04T04:30:00-07:00,26,92,3.1
2025-06-04T05:00:00-07:00,26,92,2.9
2025-06-04T05:30:00-07:00,26,92,3
2025-06-04T06:00:00-07:00,26,92,3
2025-06-04T06:30:00-07:00,26,91,2.8
2025-06-04T07:00:00-07:00,26,91,2.7
2025-06-04T07:30:00-07:00,26,91,2.6
2025-06-04T08:00:00-07:00,26,91,2.6
2025-06-04T08:30:00-07:00,26,91,2.6
2025-06-04T09:00:00-07:00,27,91,2.5
2025-06-04T09:30:00-07:00,27,91,2.6
2025-06-04T10:00:00-07:00,27,92,2.5
2025-06-04T10:30:00-07:00,27,92,2.6
2025-06-04T11:00:00-07:00,27,92,2.6
2025-06-04T11:30:00-07:00,27,92,2.8
2025-06-04T12:00:00-07:00,27,93,5.6
2025-06-04T12:30:00-07:00,26,95,11.4
2025-06-04T13:00:00-07:00,26,95,9.7
2025-06-04T13:30:00-07:00,27,95,8.3
2025-06-04T14:00:00-07:00,27,95,7.6
2025-06-04T14:30:00-07:00,27,95,6.9
2025-06-04T15:00:00-07:00,27,95,6.4
2025-06-04T15:30:00-07:00,26,95,4.6
2025-06-04T16:00:00-07:00,26,95,4.1
2025-06-04T16:30:00-07:00,26,95,3.9
2025-06-04T17:00:00-07:00,25,95,2.7
2025-06-04T17:30:00-07:00,25,95,2.7
2025-06-04T18:00:00-07:00,25,96,2.7
2025-06-04T18:30:00-07:00,24,95,2.6
2025-06-04T19:00:00-07:00,24,95,2.5
2025-06-04T19:30:00-07:00,24,95,2.8
2025-06-04T20:00:00-07:00,24,95,3.2
2025-06-04T20:30:00-07:00,25,95,3.5
2025-06-04T21:00:00-07:00,25,95,4
2025-06-04T21:30:00-07:00,25,95,4
2025-06-04T22:00:00-07:00,25,95,4
2025-06-04T22:30:00-07:00,25,95,3.9
2025-06-04T23:00:00-07:00,25,95,3.5
2025-06-04T23:30:00-07:00,25,94,3.6
2025-06-05T00:00:00-07:00,26,94,3.1
2025-06-05T00:30:00-07:00,26,94,3.1
2025-06-05T01:00:00-07:00,26,93,2.8
2025-06-05T01:30:00-07:00,26,93,2.5
2025-06-05T02:00:00-07:00,26,93,2.2
2025-06-05T02:30:00-07:00,26,93,2.1
2025-06-05T03:00:00-07:00,26,92,1.9
2025-06-05T03:30:00-07:00,26,92,1.9
2025-06-05T04:00:00-07:00,26,92,1.8
2025-06-05T04:30:00-07:00,26,92,1.7
2025-06-05T05:00:00-07:00,26,91,1.6
2025-06-05T05:30:00-07:00,26,91,1.5
2025-06-05T06:00:00-07:00,26,91,1.4
2025-06-05T06:30:00-07:00,26,91,1.3
2025-06-05T07:00:00-07:00,26,91,1.2
2025-06-05T07:30:00-07:00,26,91,1.1
2025-06-05T08:00:00-07:00,26,91,1.2
2025-06-05T08:30:00-07:00,26,91,1.2
2025-06-05T09:00:00-07:00,27,91,1.2
2025-06-05T09:30:00-07:00,27,91,1.2
2025-06-05T10:00:00-07:00,26,91,1.3
2025-06-05T10:30:00-07:00,27,92,1.2
2025-06-05T11:00:00-07:00,27,92,1.3
2025-06-05T11:30:00-07:00,27,92,2
2025-06-05T12:00:00-07:00,27,93,2.1
2025-06-05T12:30:00-07:00,27,93,2
2025-06-05T13:00:00-07:00,27,94,2.1
2025-06-05T13:30:00-07:00,27,94,2
2025-06-05T14:00:00-07:00,27,94,1.9
2025-06-05T14:30:00-07:00,26,94,1.7
2025-06-05T15:00:00-07:00,26,95,1.9
2025-06-05T15:30:00-07:00,26,95,2.1
2025-06-05T16:00:00-07:00,25,95,1.7
2025-06-05T16:30:00-07:00,25,95,1.7
2025-06-05T17:00:00-07:00,25,95,1.7
2025-06-05T17:30:00-07:00,25,95,1.7
2025-06-05T18:00:00-07:00,25,95,1.5
2025-06-05T18:30:00-07:00,24,95,1.5
2025-06-05T19:00:00-07:00,25,95,2.1
2025-06-05T19:30:00-07:00,25,95,2.9
2025-06-05T20:00:00-07:00,25,95,2.9
2025-06-05T20:30:00-07:00,25,95,2.6
2025-06-05T21:00:00-07:00,25,95,2.4
2025-06-05T21:30:00-07:00,25,95,2.1
2025-06-05T22:00:00-07:00,25,94,2.1
2025-06-05T22:30:00-07:00,26,94,2
2025-06-05T23:00:00-07:00,26,94,1.8
2025-06-05T23:30:00-07:00,26,94,1.9
2025-06-06T00:00:00-07:00,26,94,2.3
2025-06-06T00:30:00-07:00,26,93,1.9
2025-06-06T01:00:00-07:00,26,93,1.7
2025-06-06T01:30:00-07:00,26,93,1.5
2025-06-06T02:00:00-07:00,26,93,1.3
2025-06-06T02:30:00-07:00,26,92,1.2
2025-06-06T03:00:00-07:00,26,92,1.1
2025-06-06T03:30:00-07:00,26,92,1
2025-06-06T04:00:00-07:00,26,92,0.9
2025-06-06T04:30:00-07:00,26,92,1
2025-06-06T05:00:00-07:00,26,91,1
2025-06-06T05:30:00-07:00,26,91,1
2025-06-06T06:00:00-07:00,26,91,1
2025-06-06T06:30:00-07:00,26,91,1
2025-06-06T07:00:00-07:00,26,91,1.2
2025-06-06T07:30:00-07:00,26,91,1.1
2025-06-06T08:00:00-07:00,26,91,1.2
2025-06-06T08:30:00-07:00,27,91,1.3
2025-06-06T09:00:00-07:00,27,91,1.5
2025-06-06T09:30:00-07:00,27,91,1.5
2025-06-06T10:00:00-07:00,27,91,1.5
2025-06-06T10:30:00-07:00,27,92,1.6
2025-06-06T11:00:00-07:00,27,92,1.7
2025-06-06T11:30:00-07:00,27,92,1.7
2025-06-06T12:00:00-07:00,27,93,1.9
2025-06-06T12:30:00-07:00,27,93,1.9
2025-06-06T13:00:00-07:00,27,93,2.2
2025-06-06T13:30:00-07:00,28,94,2.4
2025-06-06T14:00:00-07:00,28,94,2.5
2025-06-06T14:30:00-07:00,28,94,2.7
2025-06-06T15:00:00-07:00,28,95,2.7
2025-06-06T15:30:00-07:00,28,95,2.6
2025-06-06T16:00:00-07:00,27,95,2.4
2025-06-06T16:30:00-07:00,26,95,2
2025-06-06T17:00:00-07:00,26,95,1.9
2025-06-06T17:30:00-07:00,25,95,1.3
2025-06-06T18:00:00-07:00,25,95,1.3
2025-06-06T18:30:00-07:00,25,95,1.5
2025-06-06T19:00:00-07:00,25,95,1.8
2025-06-06T19:30:00-07:00,25,95,1.9
2025-06-06T20:00:00-07:00,25,95,1.9
2025-06-06T20:30:00-07:00,26,95,1.8
2025-06-06T21:00:00-07:00,26,95,1.8
2025-06-06T21:30:00-07:00,26,95,1.8
2025-06-06T22:00:00-07:00,26,95,1.8
2025-06-06T22:30:00-07:00,26,95,1.7
2025-06-06T23:00:00-07:00,26,95,1.7
2025-06-06T23:30:00-07:00,26,95,1.5
2025-06-07T00:00:00-07:00,26,94,1.7
2025-06-07T00:30:00-07:00,26,94,1.7
2025-06-07T01:00:00-07:00,26,94,1.6
2025-06-07T01:30:00-07:00,27,94,1.4
2025-06-07T02:00:00-07:00,27,93,1.5
2025-06-07T02:30:00-07:00,27,93,1.5
2025-06-07T03:00:00-07:00,26,93,1.4
2025-06-07T03:30:00-07:00,26,93,1.3
2025-06-07T04:00:00-07:00,26,92,1.4
2025-06-07T04:30:00-07:00,26,92,1.3
2025-06-07T05:00:00-07:00,27,92,1.1
2025-06-07T05:30:00-07:00,26,92,1.3
2025-06-07T06:00:00-07:00,27,92,1.2
2025-06-07T06:30:00-07:00,27,92,1.3
2025-06-07T07:00:00-07:00,27,92,1.3
2025-06-07T07:30:00-07:00,27,91,1.4
2025-06-07T08:00:00-07:00,27,92,1.4
2025-06-07T08:30:00-07:00,27,92,1.3
2025-06-07T09:00:00-07:00,27,92,1.6
2025-06-07T09:30:00-07:00,27,92,1.7
2025-06-07T10:00:00-07:00,27,92,1.8
2025-06-07T10:30:00-07:00,27,92,2.4
2025-06-07T11:00:00-07:00,27,92,3.1
2025-06-07T11:30:00-07:00,27,92,3.2
2025-06-07T12:00:00-07:00,27,92,3.1
2025-06-07T12:30:00-07:00,27,93,3.2
2025-06-07T13:00:00-07:00,27,93,3.1
2025-06-07T13:30:00-07:00,27,93,3.3
2025-06-07T14:00:00-07:00,27,93,3.2
2025-06-07T14:30:00-07:00,27,94,2.9
2025-06-07T15:00:00-07:00,27,94,2.7
2025-06-07T15:30:00-07:00,27,94,2.9
2025-06-07T16:00:00-07:00,27,95,3
2025-06-07T16:30:00-07:00,27,95,2.6
2025-06-07T17:00:00-07:00,27,95,2.6
2025-06-07T17:30:00-07:00,25,95,1.9
2025-06-07T18:00:00-07:00,24,95,1.2
2025-06-07T18:30:00-07:00,25,95,1.5
2025-06-07T19:00:00-07:00,25,95,1.8
2025-06-07T19:30:00-07:00,25,96,1.4
2025-06-07T20:00:00-07:00,26,96,1.4
2025-06-07T20:30:00-07:00,26,96,1.3
2025-06-07T21:00:00-07:00,26,95,1.2
2025-06-07T21:30:00-07:00,26,95,1.2
2025-06-07T22:00:00-07:00,26,95,1.4
2025-06-07T22:30:00-07:00,26,95,1.4
2025-06-07T23:00:00-07:00,26,95,1.5
2025-06-07T23:30:00-07:00,26,95,1.5
2025-06-08T00:00:00-07:00,26,94,1.2
2025-06-08T00:30:00-07:00,26,94,1.3
2025-06-08T01:00:00-07:00,26,94,1.3
2025-06-08T01:30:00-07:00,26,93,1.3
2025-06-08T02:00:00-07:00,26,93,1.1
2025-06-08T02:30:00-07:00,26,93,1
2025-06-08T03:00:00-07:00,26,93,1
2025-06-08T03:30:00-07:00,26,92,1
2025-06-08T04:00:00-07:00,26,92,1
2025-06-08T04:30:00-07:00,26,92,0.9
2025-06-08T05:00:00-07:00,26,92,1.1
2025-06-08T05:30:00-07:00,26,92,1
2025-06-08T06:00:00-07:00,26,91,0.9
2025-06-08T06:30:00-07:00,26,91,0.8
2025-06-08T07:00:00-07:00,26,91,0.8
2025-06-08T07:30:00-07:00,27,91,0.8
2025-06-08T08:00:00-07:00,27,91,0.7
2025-06-08T08:30:00-07:00,27,91,0.7
2025-06-08T09:00:00-07:00,27,91,0.9
2025-06-08T09:30:00-07:00,27,91,1
2025-06-08T10:00:00-07:00,27,91,1
2025-06-08T10:30:00-07:00,27,92,1.1
2025-06-08T11:00:00-07:00,27,92,1.4
2025-06-08T11:30:00-07:00,27,93,1.3
2025-06-08T12:00:00-07:00,27,93,1.3
2025-06-08T12:30:00-07:00,27,93,1.4
2025-06-08T13:00:00-07:00,27,93,1.3
2025-06-08T13:30:00-07:00,27,94,1.2
2025-06-08T14:00:00-07:00,27,94,1.3
2025-06-08T14:30:00-07:00,27,94,1.2
2025-06-08T15:00:00-07:00,27,95,1.3
2025-06-08T15:30:00-07:00,26,95,1.1
2025-06-08T16:00:00-07:00,26,95,1.1
2025-06-08T16:30:00-07:00,26,95,1
2025-06-08T17:00:00-07:00,25,95,0.6
2025-06-08T17:30:00-07:00,25,95,0.5
2025-06-08T18:00:00-07:00,24,95,1
2025-06-08T18:30:00-07:00,25,95,1.6
2025-06-08T19:00:00-07:00,25,95,1.1
2025-06-08T19:30:00-07:00,25,95,0.8
2025-06-08T20:00:00-07:00,25,94,0.6
2025-06-08T20:30:00-07:00,25,94,1.3
2025-06-08T21:00:00-07:00,25,94,1
2025-06-08T21:30:00-07:00,25,94,0.8
2025-06-08T22:00:00-07:00,26,94,0.6
2025-06-08T22:30:00-07:00,26,94,0.3
2025-06-08T23:00:00-07:00,26,94,0.2
2025-06-08T23:30:00-07:00,26,94,0.3
2025-06-09T00:00:00-07:00,26,93,0.2
2025-06-09T00:30:00-07:00,26,93,0.3
2025-06-09T01:00:00-07:00,26,93,0.3
2025-06-09T01:30:00-07:00,26,93,0.2
2025-06-09T02:00:00-07:00,26,92,0.2
2025-06-09T02:30:00-07:00,26,92,0.1
2025-06-09T03:00:00-07:00,26,92,0.1
2025-06-09T03:30:00-07:00,26,92,0.1
2025-06-09T04:00:00-07:00,26,92,0.1
2025-06-09T04:30:00-07:00,26,91,0.1
2025-06-09T05:00:00-07:00,26,91,0.1
2025-06-09T05:30:00-07:00,26,91,0.1
2025-06-09T06:00:00-07:00,26,91,0.1
2025-06-09T06:30:00-07:00,26,91,0.1
2025-06-09T07:00:00-07:00,26,91,0.1
2025-06-09T07:30:00-07:00,26,91,0
2025-06-09T08:00:00-07:00,26,91,0
2025-06-09T08:30:00-07:00,26,90,0
2025-06-09T09:00:00-07:00,27,91,0.2
2025-06-09T09:30:00-07:00,27,91,0.6
2025-06-09T10:00:00-07:00,27,91,0.8
2025-06-09T10:30:00-07:00,27,91,0.7
2025-06-09T11:00:00-07:00,27,91,0.7
2025-06-09T11:30:00-07:00,27,91,0.6
2025-06-09T12:00:00-07:00,27,92,0.5
2025-06-09T12:30:00-07:00,27,92,0.6
2025-06-09T13:00:00-07:00,27,92,0.5
2025-06-09T13:30:00-07:00,27,92,0.4
2025-06-09T14:00:00-07:00,27,93,0.4
2025-06-09T14:30:00-07:00,27,93,0.4
2025-06-09T15:00:00-07:00,27,93,0.5
2025-06-09T15:30:00-07:00,28,94,0.4
2025-06-09T16:00:00-07:00,27,94,0.7
2025-06-09T16:30:00-07:00,27,94,0.7
2025-06-09T17:00:00-07:00,27,94,0.7
2025-06-09T17:30:00-07:00,27,94,1
2025-06-09T18:00:00-07:00,26,94,0.9
2025-06-09T18:30:00-07:00,26,94,1.7
2025-06-09T19:00:00-07:00,26,94,2.2
2025-06-09T19:30:00-07:00,25,94,7.4
2025-06-09T20:00:00-07:00,26,93,1.9
2025-06-09T20:30:00-07:00,26,93,2.1
2025-06-09T21:00:00-07:00,26,93,2.2
2025-06-09T21:30:00-07:00,27,93,1.8
2025-06-09T22:00:00-07:00,27,93,1.7
2025-06-09T22:30:00-07:00,27,93,1.8
2025-06-09T23:00:00-07:00,27,93,1.6
2025-06-09T23:30:00-07:00,27,93,1.5
2025-06-10T00:00:00-07:00,27,93,1.3
2025-06-10T00:30:00-07:00,27,92,1.3
2025-06-10T01:00:00-07:00,27,92,1.2
2025-06-10T01:30:00-07:00,27,92,1.1
2025-06-10T02:00:00-07:00,27,92,1
2025-06-10T02:30:00-07:00,27,92,1.2
2025-06-10T03:00:00-07:00,27,92,1
2025-06-10T03:30:00-07:00,27,91,0.8
2025-06-10T04:00:00-07:00,27,91,0.7
2025-06-10T04:30:00-07:00,27,91,0.6
2025-06-10T05:00:00-07:00,27,91,0.3
2025-06-10T05:30:00-07:00,27,91,0.2
2025-06-10T06:00:00-07:00,27,91,0.2
2025-06-10T06:30:00-07:00,27,90,0.1
2025-06-10T07:00:00-07:00,27,90,0.1
2025-06-10T07:30:00-07:00,27,90,0
2025-06-10T08:00:00-07:00,27,90,0.1
2025-06-10T08:30:00-07:00,27,90,0.1
2025-06-10T09:00:00-07:00,27,90,0.1
2025-06-10T09:30:00-07:00,27,90,0.1
2025-06-10T10:00:00-07:00,27,91,0.2
2025-06-10T10:30:00-07:00,27,91,0.3
2025-06-10T11:00:00-07:00,27,91,0.3
2025-06-10T11:30:00-07:00,27,91,0.6
2025-06-10T12:00:00-07:00,27,91,0.7
2025-06-10T12:30:00-07:00,27,92,0.9
2025-06-10T13:00:00-07:00,28,92,2.8
2025-06-10T13:30:00-07:00,28,93,2.5
2025-06-10T14:00:00-07:00,28,93,2.3
2025-06-10T14:30:00-07:00,28,93,2
2025-06-10T15:00:00-07:00,28,93,3.2
2025-06-10T15:30:00-07:00,26,94,5.9
2025-06-10T16:00:00-07:00,27,92,3.9
2025-06-10T16:30:00-07:00,28,90,5.1
2025-06-10T17:00:00-07:00,31,87,4.4
2025-06-10T17:30:00-07:00,32,85,4.2
2025-06-10T18:00:00-07:00,33,84,4.3
2025-06-10T18:30:00-07:00,35,81,4.9
2025-06-10T19:00:00-07:00,36,80,6.3
2025-06-10T19:30:00-07:00,36,80,10.4
2025-06-10T20:00:00-07:00,36,79,8.5
2025-06-10T20:30:00-07:00,38,78,7.7
2025-06-10T21:00:00-07:00,37,78,7.5
2025-06-10T21:30:00-07:00,36,78,7.5
2025-06-10T22:00:00-07:00,36,77,6.8
2025-06-10T22:30:00-07:00,37,76,13.1
2025-06-10T23:00:00-07:00,38,75,7.7
2025-06-10T23:30:00-07:00,38,75,8.1
2025-06-11T00:00:00-07:00,38,74,8.1
2025-06-11T00:30:00-07:00,38,74,7.9
2025-06-11T01:00:00-07:00,37,74,8
2025-06-11T01:30:00-07:00,37,74,8.1
2025-06-11T02:00:00-07:00,39,74,8.2
2025-06-11T02:30:00-07:00,40,74,7.8
2025-06-11T03:00:00-07:00,39,74,7.5
2025-06-11T03:30:00-07:00,39,74,7
2025-06-11T04:00:00-07:00,38,75,6.9
2025-06-11T04:30:00-07:00,37,75,6.6
2025-06-11T05:00:00-07:00,37,75,6.5
2025-06-11T05:30:00-07:00,38,74,6.5
2025-06-11T06:00:00-07:00,37,74,6.4
2025-06-11T06:30:00-07:00,39,72,6.7
2025-06-11T07:00:00-07:00,38,74,6.4
2025-06-11T07:30:00-07:00,35,76,6
2025-06-11T08:00:00-07:00,34,78,6
2025-06-11T08:30:00-07:00,32,80,6.2
2025-06-11T09:00:00-07:00,31,81,6.8
2025-06-11T09:30:00-07:00,31,83,6.9
2025-06-11T10:00:00-07:00,27,88,6.5
2025-06-11T10:30:00-07:00,24,93,6.3
2025-06-11T11:00:00-07:00,24,93,6.8
2025-06-11T11:30:00-07:00,23,94,6.8
2025-06-11T12:00:00-07:00,22,95,6.8
2025-06-11T12:30:00-07:00,22,97,6.3
2025-06-11T13:00:00-07:00,22,96,6.9
2025-06-11T13:30:00-07:00,22,96,6.6
2025-06-11T14:00:00-07:00,23,95,7.5
2025-06-11T14:30:00-07:00,23,93,7.2
2025-06-11T15:00:00-07:00,24,92,7.6
2025-06-11T15:30:00-07:00,24,91,7.9
2025-06-11T16:00:00-07:00,25,89,7.2
2025-06-11T16:30:00-07:00,26,88,7.3
2025-06-11T17:00:00-07:00,27,87,7.7
2025-06-11T17:30:00-07:00,28,85,8.8
2025-06-11T18:00:00-07:00,29,83,6.8
2025-06-11T18:30:00-07:00,30,83,6.5
2025-06-11T19:00:00-07:00,31,81,7.4
2025-06-11T19:30:00-07:00,33,79,10.7
2025-06-11T20:00:00-07:00,35,77,6.9
2025-06-11T20:30:00-07:00,35,77,6.7
2025-06-11T21:00:00-07:00,35,77,6.5
2025-06-11T21:30:00-07:00,35,77,12.1
2025-06-11T22:00:00-07:00,34,77,11.7
2025-06-11T22:30:00-07:00,35,76,6.3
2025-06-11T23:00:00-07:00,36,75,6.3
2025-06-11T23:30:00-07:00,36,75,6.7
2025-06-12T00:00:00-07:00,36,74,6.4
2025-06-12T00:30:00-07:00,36,75,16.6
2025-06-12T01:00:00-07:00,37,74,6.5
2025-06-12T01:30:00-07:00,38,73,6.7
2025-06-12T02:00:00-07:00,38,73,6.5
2025-06-12T02:30:00-07:00,37,73,6.4
2025-06-12T03:00:00-07:00,36,73,6.4
2025-06-12T03:30:00-07:00,38,72,6.6
2025-06-12T04:00:00-07:00,39,72,7.4
2025-06-12T04:30:00-07:00,39,71,7.2
2025-06-12T05:00:00-07:00,40,71,7.8
2025-06-12T05:30:00-07:00,39,71,7.4
2025-06-12T06:00:00-07:00,39,72,7.2
2025-06-12T06:30:00-07:00,33,80,6.6
2025-06-12T07:00:00-07:00,29,86,6.6
2025-06-12T07:30:00-07:00,34,80,7.5
2025-06-12T08:00:00-07:00,31,83,6.9
2025-06-12T08:30:00-07:00,25,91,6.5
2025-06-12T09:00:00-07:00,22,95,5.8
2025-06-12T09:30:00-07:00,22,95,5.9
2025-06-12T10:00:00-07:00,22,96,6
2025-06-12T10:30:00-07:00,21,98,6.5
2025-06-12T11:00:00-07:00,21,99,7.5
2025-06-12T11:30:00-07:00,21,99,7.9
2025-06-12T12:00:00-07:00,22,98,7.6
2025-06-12T12:30:00-07:00,22,97,7.5
2025-06-12T13:00:00-07:00,22,96,7.7
2025-06-12T13:30:00-07:00,22,96,7.3
2025-06-12T14:00:00-07:00,23,95,7.8
2025-06-12T14:30:00-07:00,23,95,7.9
2025-06-12T15:00:00-07:00,23,94,8.2
2025-06-12T15:30:00-07:00,24,92,10
2025-06-12T16:00:00-07:00,25,92,10.3
2025-06-12T16:30:00-07:00,25,90,9
2025-06-12T17:00:00-07:00,27,89,9.1
2025-06-12T17:30:00-07:00,27,87,8.6
2025-06-12T18:00:00-07:00,29,84,8.6
2025-06-12T18:30:00-07:00,29,85,8.5
2025-06-12T19:00:00-07:00,29,84,8.4
2025-06-12T19:30:00-07:00,31,82,8.1
2025-06-12T20:00:00-07:00,32,81,8.3
2025-06-12T20:30:00-07:00,33,79,8.1
2025-06-12T21:00:00-07:00,33,77,8.1
2025-06-12T21:30:00-07:00,35,77,8.8
2025-06-12T22:00:00-07:00,36,76,8.8
2025-06-12T22:30:00-07:00,37,75,9
2025-06-12T23:00:00-07:00,37,75,9.3
2025-06-12T23:30:00-07:00,37,75,16.6
2025-06-13T00:00:00-07:00,36,76,10.2
2025-06-13T00:30:00-07:00,38,75,9.7
2025-06-13T01:00:00-07:00,38,74,9.7
2025-06-13T01:30:00-07:00,39,74,9.8
2025-06-13T02:00:00-07:00,39,74,10.2
2025-06-13T02:30:00-07:00,39,73,9.9
2025-06-13T03:00:00-07:00,40,73,10.2
2025-06-13T03:30:00-07:00,40,73,9.9
2025-06-13T04:00:00-07:00,39,73,9
2025-06-13T04:30:00-07:00,39,73,8.8
2025-06-13T05:00:00-07:00,39,73,9.2
2025-06-13T05:30:00-07:00,39,73,8.7
2025-06-13T06:00:00-07:00,39,74,8.3
2025-06-13T06:30:00-07:00,39,75,8.5
2025-06-13T07:00:00-07:00,37,76,8.3
2025-06-13T07:30:00-07:00,37,76,7.8
2025-06-13T08:00:00-07:00,33,80,7.4
2025-06-13T08:30:00-07:00,28,86,6.5
2025-06-13T09:00:00-07:00,25,91,6.5
2025-06-13T09:30:00-07:00,23,93,6.3
2025-06-13T10:00:00-07:00,23,94,6.3
2025-06-13T10:30:00-07:00,22,96,6.2
2025-06-13T11:00:00-07:00,22,96,6.5
2025-06-13T11:30:00-07:00,22,97,6.7
2025-06-13T12:00:00-07:00,22,98,6.6
2025-06-13T12:30:00-07:00,21,99,6.3
2025-06-13T13:00:00-07:00,22,99,6.2
2025-06-13T13:30:00-07:00,21,99,6.8
2025-06-13T14:00:00-07:00,21,99,8.3
2025-06-13T14:30:00-07:00,22,98,7.2
2025-06-13T15:00:00-07:00,22,97,7.2
2025-06-13T15:30:00-07:00,23,96,7.5
2025-06-13T16:00:00-07:00,24,93,9.3
2025-06-13T16:30:00-07:00,24,93,9
2025-06-13T17:00:00-07:00,24,93,7.8
2025-06-13T17:30:00-07:00,24,92,7.6
2025-06-13T18:00:00-07:00,25,91,10.1
2025-06-13T18:30:00-07:00,26,89,7.5
2025-06-13T19:00:00-07:00,26,86,5.9
2025-06-13T19:30:00-07:00,27,84,5.4
2025-06-13T20:00:00-07:00,29,82,5.3
2025-06-13T20:30:00-07:00,31,80,7.2
2025-06-13T21:00:00-07:00,32,79,8.2
2025-06-13T21:30:00-07:00,34,77,6.1
2025-06-13T22:00:00-07:00,35,76,6.3
2025-06-13T22:30:00-07:00,35,76,6.4
2025-06-13T23:00:00-07:00,37,74,6.8
2025-06-13T23:30:00-07:00,36,75,7.2
2025-06-14T00:00:00-07:00,35,75,6.2
2025-06-14T00:30:00-07:00,35,75,6
2025-06-14T01:00:00-07:00,36,74,6.2
2025-06-14T01:30:00-07:00,36,74,7.5
2025-06-14T02:00:00-07:00,36,74,7.8
2025-06-14T02:30:00-07:00,37,73,6.7
2025-06-14T03:00:00-07:00,37,73,6.3
2025-06-14T03:30:00-07:00,36,73,6
2025-06-14T04:00:00-07:00,36,72,6
2025-06-14T04:30:00-07:00,37,72,6.3
2025-06-14T05:00:00-07:00,37,72,6.8
2025-06-14T05:30:00-07:00,37,71,6.8
2025-06-14T06:00:00-07:00,36,74,6.6
2025-06-14T06:30:00-07:00,27,87,5.8
2025-06-14T07:00:00-07:00,20,100,5.6
2025-06-14T07:30:00-07:00,16,108,4.6
2025-06-14T08:00:00-07:00,17,105,4.1
2025-06-14T08:30:00-07:00,18,101,3.6
2025-06-14T09:00:00-07:00,18,99,3.6
2025-06-14T09:30:00-07:00,18,98,3.7
2025-06-14T10:00:00-07:00,19,98,4.2
2025-06-14T10:30:00-07:00,19,99,4.2
2025-06-14T11:00:00-07:00,19,100,4.5
2025-06-14T11:30:00-07:00,18,102,4.3
2025-06-14T12:00:00-07:00,18,103,4.2
2025-06-14T12:30:00-07:00,18,102,4.2
2025-06-14T13:00:00-07:00,18,101,4.5
2025-06-14T13:30:00-07:00,18,101,4.1
2025-06-14T14:00:00-07:00,19,100,5.1
2025-06-14T14:30:00-07:00,18,100,4.3
2025-06-14T15:00:00-07:00,18,99,4
2025-06-14T15:30:00-07:00,19,99,4.6
2025-06-14T16:00:00-07:00,19,97,4.6
2025-06-14T16:30:00-07:00,20,95,6.1
2025-06-14T17:00:00-07:00,21,93,5
2025-06-14T17:30:00-07:00,22,92,5.5
2025-06-14T18:00:00-07:00,22,90,6.2
2025-06-14T18:30:00-07:00,23,89,6.3
2025-06-14T19:00:00-07:00,24,88,5.6
2025-06-14T19:30:00-07:00,28,86,6.3
2025-06-14T20:00:00-07:00,29,83,7.2
2025-06-14T20:30:00-07:00,31,81,6.6
2025-06-14T21:00:00-07:00,34,79,7.7
2025-06-14T21:30:00-07:00,35,79,11.4
2025-06-14T22:00:00-07:00,34,79,11.7
2025-06-14T22:30:00-07:00,35,78,7.7
2025-06-14T23:00:00-07:00,36,77,7.7
2025-06-14T23:30:00-07:00,36,76,7.6
2025-06-15T00:00:00-07:00,36,75,7.7
2025-06-15T00:30:00-07:00,36,75,7.6
2025-06-15T01:00:00-07:00,36,75,7.7
2025-06-15T01:30:00-07:00,37,75,8.1
2025-06-15T02:00:00-07:00,36,74,8
2025-06-15T02:30:00-07:00,35,74,7.5
2025-06-15T03:00:00-07:00,36,73,7.6
2025-06-15T03:30:00-07:00,36,73,7.3
2025-06-15T04:00:00-07:00,36,73,7.2
2025-06-15T04:30:00-07:00,36,72,7.3
2025-06-15T05:00:00-07:00,36,72,7.3
2025-06-15T05:30:00-07:00,37,72,7.3
2025-06-15T06:00:00-07:00,36,74,6.9
2025-06-15T06:30:00-07:00,31,83,7.3
2025-06-15T07:00:00-07:00,26,90,6.9
2025-06-15T07:30:00-07:00,22,98,6.2
2025-06-15T08:00:00-07:00,19,103,5.7
2025-06-15T08:30:00-07:00,20,100,6.2
2025-06-15T09:00:00-07:00,21,99,6.6
2025-06-15T09:30:00-07:00,21,99,6.6
2025-06-15T10:00:00-07:00,20,100,6.4
2025-06-15T10:30:00-07:00,20,101,6.2
2025-06-15T11:00:00-07:00,19,103,6
2025-06-15T11:30:00-07:00,18,103,5.6
2025-06-15T12:00:00-07:00,17,105,5.6
2025-06-15T12:30:00-07:00,18,106,6.5
2025-06-15T13:00:00-07:00,18,106,6.4
2025-06-15T13:30:00-07:00,18,105,6.8
2025-06-15T14:00:00-07:00,18,104,6.8
2025-06-15T14:30:00-07:00,19,103,6.6
2025-06-15T15:00:00-07:00,20,101,7.6
2025-06-15T15:30:00-07:00,20,100,8.5
2025-06-15T16:00:00-07:00,21,99,9.6
2025-06-15T16:30:00-07:00,21,97,7.4
2025-06-15T17:00:00-07:00,24,95,8.5
2025-06-15T17:30:00-07:00,25,92,9.5
2025-06-15T18:00:00-07:00,25,90,7.5
2025-06-15T18:30:00-07:00,28,88,8
2025-06-15T19:00:00-07:00,28,87,10.4
2025-06-15T19:30:00-07:00,28,85,9.5
2025-06-15T20:00:00-07:00,31,82,7.4
2025-06-15T20:30:00-07:00,33,80,7.5
2025-06-15T21:00:00-07:00,36,78,7.9
2025-06-15T21:30:00-07:00,36,77,7.6
2025-06-15T22:00:00-07:00,37,76,7.6
2025-06-15T22:30:00-07:00,36,77,16.1
2025-06-15T23:00:00-07:00,38,75,8.1
2025-06-15T23:30:00-07:00,38,75,7.7
2025-06-16T00:00:00-07:00,38,75,7.2
2025-06-16T00:30:00-07:00,37,75,7.5
2025-06-16T01:00:00-07:00,38,75,7.4
2025-06-16T01:30:00-07:00,39,74,7.6
2025-06-16T02:00:00-07:00,40,73,7.6
2025-06-16T02:30:00-07:00,40,73,7.6
2025-06-16T03:00:00-07:00,39,73,7.4
2025-06-16T03:30:00-07:00,39,73,8
2025-06-16T04:00:00-07:00,39,73,8
2025-06-16T04:30:00-07:00,39,72,7.9
2025-06-16T05:00:00-07:00,40,72,7.5
2025-06-16T05:30:00-07:00,40,72,7
2025-06-16T06:00:00-07:00,39,74,6.8
2025-06-16T06:30:00-07:00,32,82,5.9
2025-06-16T07:00:00-07:00,28,86,5.3
2025-06-16T07:30:00-07:00,30,85,5.6
2025-06-16T08:00:00-07:00,29,86,5.7
2025-06-16T08:30:00-07:00,24,92,4.9
2025-06-16T09:00:00-07:00,25,90,5.4
2025-06-16T09:30:00-07:00,23,93,5.1
2025-06-16T10:00:00-07:00,23,95,5.1
2025-06-16T10:30:00-07:00,22,96,5.1
2025-06-16T11:00:00-07:00,22,96,5.4
2025-06-16T11:30:00-07:00,22,97,5.5
2025-06-16T12:00:00-07:00,22,98,5.2
2025-06-16T12:30:00-07:00,21,98,4.8
2025-06-16T13:00:00-07:00,21,97,3.9
2025-06-16T13:30:00-07:00,21,97,3.6
2025-06-16T14:00:00-07:00,21,97,3.5
2025-06-16T14:30:00-07:00,20,97,3.4
2025-06-16T15:00:00-07:00,21,96,3
2025-06-16T15:30:00-07:00,21,95,3.4
2025-06-16T16:00:00-07:00,21,94,3.5
2025-06-16T16:30:00-07:00,21,93,3.5
2025-06-16T17:00:00-07:00,22,92,3.6
2025-06-16T17:30:00-07:00,23,89,3.7
2025-06-16T18:00:00-07:00,24,88,3.6
2025-06-16T18:30:00-07:00,25,87,4.1
2025-06-16T19:00:00-07:00,25,86,4.9
2025-06-16T19:30:00-07:00,27,83,3.4
2025-06-16T20:00:00-07:00,29,81,3.6
2025-06-16T20:30:00-07:00,31,80,3.9
2025-06-16T21:00:00-07:00,32,79,3.9
2025-06-16T21:30:00-07:00,32,78,3.9
2025-06-16T22:00:00-07:00,33,78,5.7
2025-06-16T22:30:00-07:00,33,78,9.5
2025-06-16T23:00:00-07:00,34,77,4.1
2025-06-16T23:30:00-07:00,36,76,4.3
2025-06-17T00:00:00-07:00,37,75,4.2
2025-06-17T00:30:00-07:00,37,75,4.5
2025-06-17T01:00:00-07:00,37,75,4.4
2025-06-17T01:30:00-07:00,36,75,4.2
2025-06-17T02:00:00-07:00,36,75,4.2
2025-06-17T02:30:00-07:00,37,75,4.2
2025-06-17T03:00:00-07:00,37,74,4.4
2025-06-17T03:30:00-07:00,38,74,4.5
2025-06-17T04:00:00-07:00,38,74,4.3
2025-06-17T04:30:00-07:00,38,73,4.2
2025-06-17T05:00:00-07:00,38,73,4.3
2025-06-17T05:30:00-07:00,38,73,4.4
2025-06-17T06:00:00-07:00,35,77,4.3
2025-06-17T06:30:00-07:00,24,91,3.5
2025-06-17T07:00:00-07:00,18,103,3.1
2025-06-17T07:30:00-07:00,16,107,2.8
2025-06-17T08:30:00-07:00,18,102,2.5
2025-06-17T09:00:00-07:00,19,100,2.6
2025-06-17T09:30:00-07:00,18,100,2.5
2025-06-17T10:00:00-07:00,18,101,2.4
2025-06-17T10:30:00-07:00,18,102,2.8
2025-06-17T11:00:00-07:00,17,102,2.9
2025-06-17T11:30:00-07:00,17,103,2.3
2025-06-17T12:00:00-07:00,17,105,2.5
2025-06-17T12:30:00-07:00,17,104,2.3
2025-06-17T13:00:00-07:00,17,103,2
2025-06-17T13:30:00-07:00,17,103,1.7
2025-06-17T14:00:00-07:00,18,102,1.5
2025-06-17T14:30:00-07:00,19,99,2
2025-06-17T15:00:00-07:00,19,98,1.9
2025-06-17T15:30:00-07:00,19,97,1.9
2025-06-17T16:00:00-07:00,20,95,2
2025-06-17T16:30:00-07:00,21,93,2.4
2025-06-17T17:00:00-07:00,22,93,2.5
2025-06-17T17:30:00-07:00,23,91,2.4
2025-06-17T18:00:00-07:00,23,90,3.5
2025-06-17T18:30:00-07:00,24,89,2.3
2025-06-17T19:00:00-07:00,25,88,2
2025-06-17T19:30:00-07:00,26,87,2
2025-06-17T20:00:00-07:00,28,86,4.5
2025-06-17T20:30:00-07:00,29,84,2.5
2025-06-17T21:00:00-07:00,30,83,2.3
2025-06-17T21:30:00-07:00,31,82,2.6
2025-06-17T22:00:00-07:00,32,81,2.4
2025-06-17T22:30:00-07:00,32,81,2.5
2025-06-17T23:00:00-07:00,33,80,2.7
2025-06-17T23:30:00-07:00,35,79,2.7
2025-06-18T00:00:00-07:00,35,78,2.7
2025-06-18T00:30:00-07:00,36,78,2.8
2025-06-18T01:00:00-07:00,36,77,2.8
2025-06-18T01:30:00-07:00,37,77,2.9
2025-06-18T02:00:00-07:00,37,76,3.1
2025-06-18T02:30:00-07:00,38,76,3.3
2025-06-18T03:00:00-07:00,38,76,3.5
2025-06-18T03:30:00-07:00,40,75,3.5
2025-06-18T04:00:00-07:00,40,75,3.6
2025-06-18T04:30:00-07:00,41,75,3.9
2025-06-18T05:00:00-07:00,42,74,3.8
2025-06-18T05:30:00-07:00,42,74,3.9
2025-06-18T06:00:00-07:00,40,76,3.2
2025-06-18T06:30:00-07:00,28,90,2.3
2025-06-18T07:00:00-07:00,20,104,1.8
2025-06-18T07:30:00-07:00,17,110,1.5
2025-06-18T08:00:00-07:00,17,108,1.4
2025-06-18T08:30:00-07:00,20,103,1.6
2025-06-18T09:00:00-07:00,21,101,1.8
2025-06-18T09:30:00-07:00,21,100,1.9
2025-06-18T10:00:00-07:00,20,102,1.7
2025-06-18T10:30:00-07:00,20,103,1.9
2025-06-18T11:00:00-07:00,20,104,2.1
2025-06-18T11:30:00-07:00,20,105,2
2025-06-18T12:00:00-07:00,18,107,1.8
2025-06-18T12:30:00-07:00,17,107,1.4
2025-06-18T13:00:00-07:00,16,108,1.3
2025-06-18T13:30:00-07:00,17,109,1.4
2025-06-18T14:00:00-07:00,17,110,1.6
2025-06-18T14:30:00-07:00,17,109,1.4
2025-06-18T15:00:00-07:00,17,108,2.9
2025-06-18T15:30:00-07:00,18,108,1.6
2025-06-18T16:00:00-07:00,18,106,1.8
2025-06-18T16:30:00-07:00,19,104,2.4
2025-06-18T17:00:00-07:00,21,102,2.8
2025-06-18T17:30:00-07:00,23,98,3.4
2025-06-18T18:00:00-07:00,25,94,4.1
2025-06-18T18:30:00-07:00,26,93,4.3
2025-06-18T19:00:00-07:00,28,90,5.9
2025-06-18T19:30:00-07:00,29,89,4.7
2025-06-18T20:00:00-07:00,30,87,5.4
2025-06-18T20:30:00-07:00,31,85,5.9
2025-06-18T21:00:00-07:00,32,84,8
2025-06-18T21:30:00-07:00,33,83,5.8
2025-06-18T22:00:00-07:00,34,81,6.2
2025-06-18T22:30:00-07:00,36,79,6.8
2025-06-18T23:00:00-07:00,36,79,6.4
2025-06-18T23:30:00-07:00,35,79,6.6
2025-06-19T00:00:00-07:00,36,78,7.2
2025-06-19T00:30:00-07:00,37,77,7
2025-06-19T01:00:00-07:00,37,77,6.7
2025-06-19T01:30:00-07:00,37,77,6.5
2025-06-19T02:00:00-07:00,36,77,6.9
2025-06-19T02:30:00-07:00,36,76,6.7
2025-06-19T03:00:00-07:00,36,76,6.9
2025-06-19T03:30:00-07:00,37,76,7.2
2025-06-19T04:00:00-07:00,38,75,7.7
2025-06-19T04:30:00-07:00,38,75,7.4
2025-06-19T05:00:00-07:00,38,75,6.5
2025-06-19T05:30:00-07:00,37,75,6.6
2025-06-19T06:00:00-07:00,36,78,7
2025-06-19T06:30:00-07:00,26,90,6.8
2025-06-19T07:00:00-07:00,18,104,4.8
2025-06-19T07:30:00-07:00,15,110,4.1
2025-06-19T08:00:00-07:00,16,107,4
2025-06-19T08:30:00-07:00,18,100,4.2
2025-06-19T09:00:00-07:00,20,97,4.5
2025-06-19T09:30:00-07:00,20,97,4.8
2025-06-19T10:00:00-07:00,19,99,4.8
2025-06-19T10:30:00-07:00,18,100,4.1
2025-06-19T11:00:00-07:00,18,101,4.2
2025-06-19T11:30:00-07:00,20,99,4.6
2025-06-19T12:00:00-07:00,20,98,4.5
2025-06-19T12:30:00-07:00,21,97,4.3
2025-06-19T13:00:00-07:00,22,96,4.5
2025-06-19T13:30:00-07:00,22,95,4.6
2025-06-19T14:00:00-07:00,23,94,5
2025-06-19T14:30:00-07:00,23,94,5.7
2025-06-19T15:00:00-07:00,24,92,4.9
2025-06-19T15:30:00-07:00,24,91,5.7
2025-06-19T16:00:00-07:00,25,91,5.6
2025-06-19T16:30:00-07:00,25,89,5.3
2025-06-19T17:00:00-07:00,27,87,5.4
2025-06-19T17:30:00-07:00,28,84,4.8
2025-06-19T18:00:00-07:00,29,84,4.9
2025-06-19T18:30:00-07:00,30,82,4.8
2025-06-19T19:00:00-07:00,31,81,5.5
2025-06-19T19:30:00-07:00,32,78,4.7
2025-06-19T20:00:00-07:00,33,78,4.7
2025-06-19T20:30:00-07:00,37,75,5.3
2025-06-19T21:00:00-07:00,38,74,5.1
2025-06-19T21:30:00-07:00,37,75,5.6
2025-06-19T22:00:00-07:00,37,75,4.9
2025-06-19T22:30:00-07:00,38,74,6.1
2025-06-19T23:00:00-07:00,40,72,5.9
2025-06-19T23:30:00-07:00,40,72,5.7
2025-06-20T00:00:00-07:00,39,74,5.3
2025-06-20T00:30:00-07:00,40,73,5.4
2025-06-20T01:00:00-07:00,41,71,5.8
2025-06-20T01:30:00-07:00,39,73,4.9
2025-06-20T02:00:00-07:00,39,71,5
2025-06-20T02:30:00-07:00,38,72,4.3
2025-06-20T03:00:00-07:00,40,70,4.6
2025-06-20T03:30:00-07:00,41,70,5.2
2025-06-20T04:00:00-07:00,41,71,5.2
2025-06-20T04:30:00-07:00,41,71,4.7
2025-06-20T05:00:00-07:00,41,71,4.6
2025-06-20T05:30:00-07:00,40,71,5
2025-06-20T06:00:00-07:00,40,71,5
2025-06-20T06:30:00-07:00,39,72,5.3
2025-06-20T07:00:00-07:00,39,72,5.5
2025-06-20T07:30:00-07:00,36,74,5.2
2025-06-20T08:00:00-07:00,32,78,4.9
2025-06-20T08:30:00-07:00,29,82,4.7
2025-06-20T09:00:00-07:00,26,86,4.3
2025-06-20T09:30:00-07:00,25,87,4.2
2025-06-20T10:00:00-07:00,23,89,4.8
2025-06-20T10:30:00-07:00,21,93,5.2
2025-06-20T11:00:00-07:00,21,94,5.8
2025-06-20T11:30:00-07:00,21,93,5.8
2025-06-20T12:00:00-07:00,21,92,5.8
2025-06-20T12:30:00-07:00,22,91,5.7
2025-06-20T13:00:00-07:00,23,89,5.9
2025-06-20T13:30:00-07:00,24,88,5.9
2025-06-20T14:00:00-07:00,24,88,5.8
2025-06-20T14:30:00-07:00,24,88,5.3
2025-06-20T15:00:00-07:00,24,88,5.1
2025-06-20T15:30:00-07:00,24,87,4.7
2025-06-20T16:00:00-07:00,25,86,4.4
2025-06-20T16:30:00-07:00,26,84,4.3
2025-06-20T17:00:00-07:00,27,84,3.9
2025-06-20T17:30:00-07:00,28,82,4.1
2025-06-20T18:00:00-07:00,31,79,4.7
2025-06-20T18:30:00-07:00,33,78,5.3
2025-06-20T19:00:00-07:00,35,76,5.7
2025-06-20T19:30:00-07:00,36,76,6.2
2025-06-20T20:00:00-07:00,37,75,5.9
2025-06-20T20:30:00-07:00,37,74,5.9
2025-06-20T21:00:00-07:00,38,74,6.2
2025-06-20T21:30:00-07:00,40,72,6.7
2025-06-20T22:00:00-07:00,40,73,6.4
2025-06-20T22:30:00-07:00,40,73,6.3
2025-06-20T23:00:00-07:00,41,72,8.9
2025-06-20T23:30:00-07:00,42,72,6.3
2025-06-21T00:00:00-07:00,43,71,6.9
2025-06-21T00:30:00-07:00,42,72,6.8
2025-06-21T01:00:00-07:00,40,73,6.2
2025-06-21T01:30:00-07:00,41,72,6.5
2025-06-21T02:00:00-07:00,42,72,6.4
2025-06-21T02:30:00-07:00,40,73,6.2
2025-06-21T03:00:00-07:00,41,72,6.3
2025-06-21T03:30:00-07:00,41,72,6
2025-06-21T04:00:00-07:00,41,72,6.1
2025-06-21T04:30:00-07:00,39,72,6
2025-06-21T05:00:00-07:00,40,72,6.3
2025-06-21T05:30:00-07:00,41,72,6.1
2025-06-21T06:00:00-07:00,40,72,5.7
2025-06-21T06:30:00-07:00,31,83,4.9
2025-06-21T07:00:00-07:00,24,92,4.4
2025-06-21T07:30:00-07:00,21,97,3.9
2025-06-21T08:00:00-07:00,20,98,3.5
2025-06-21T08:30:00-07:00,21,97,3.3
2025-06-21T09:00:00-07:00,20,97,3.1
2025-06-21T09:30:00-07:00,20,96,3.2
2025-06-21T10:00:00-07:00,19,96,2.7
2025-06-21T10:30:00-07:00,18,99,2.1
2025-06-21T11:00:00-07:00,18,99,1.8
2025-06-21T11:30:00-07:00,18,98,1.8
2025-06-21T12:00:00-07:00,18,98,1.7
2025-06-21T12:30:00-07:00,17,99,1.8
2025-06-21T13:00:00-07:00,18,97,1.8
2025-06-21T13:30:00-07:00,20,94,2.2
2025-06-21T14:00:00-07:00,20,93,1.9
2025-06-21T14:30:00-07:00,18,93,1.3
2025-06-21T15:00:00-07:00,18,94,1.5
2025-06-21T15:30:00-07:00,19,92,1.6
2025-06-21T16:00:00-07:00,20,92,2.3
2025-06-21T16:30:00-07:00,22,90,2.4
2025-06-21T17:00:00-07:00,24,90,2.8
2025-06-21T17:30:00-07:00,24,89,3.1
2025-06-21T18:00:00-07:00,25,88,3.1
2025-06-21T18:30:00-07:00,26,87,3.4
2025-06-21T19:00:00-07:00,26,87,3.3
2025-06-21T19:30:00-07:00,27,85,6.2
2025-06-21T20:00:00-07:00,29,84,4.5
2025-06-21T20:30:00-07:00,31,82,4.2
2025-06-21T21:00:00-07:00,33,81,4.4
2025-06-21T21:30:00-07:00,33,80,7.7
2025-06-21T22:00:00-07:00,34,80,5.8
2025-06-21T22:30:00-07:00,34,79,9.2
2025-06-21T23:00:00-07:00,34,79,8
2025-06-21T23:30:00-07:00,35,79,5.2
2025-06-22T00:00:00-07:00,35,78,5.5
2025-06-22T00:30:00-07:00,36,77,5.8
2025-06-22T01:00:00-07:00,36,76,6.1
2025-06-22T01:30:00-07:00,36,76,5.9
2025-06-22T02:00:00-07:00,36,75,5.6
2025-06-22T02:30:00-07:00,37,75,5.6
2025-06-22T03:00:00-07:00,38,74,6.6
2025-06-22T03:30:00-07:00,36,76,13.9
2025-06-22T04:00:00-07:00,34,77,19.5
2025-06-22T04:30:00-07:00,33,76,11.9
2025-06-22T05:00:00-07:00,34,74,7.9
2025-06-22T05:30:00-07:00,36,73,7.5
2025-06-22T06:00:00-07:00,35,75,6.4
2025-06-22T07:00:00-07:00,18,104,2.8
2025-06-22T07:30:00-07:00,16,109,3.4
2025-06-22T08:00:00-07:00,17,107,3.8
2025-06-22T08:30:00-07:00,19,102,3.9
2025-06-22T09:00:00-07:00,19,101,3.1
2025-06-22T09:30:00-07:00,21,100,3.1
2025-06-22T10:00:00-07:00,20,101,3
2025-06-22T10:30:00-07:00,18,103,2.1
2025-06-22T11:00:00-07:00,16,104,1.6
2025-06-22T11:30:00-07:00,16,103,1.1
2025-06-22T12:00:00-07:00,16,103,0.8
2025-06-22T12:30:00-07:00,15,104,1
2025-06-22T13:00:00-07:00,16,104,1.6
2025-06-22T13:30:00-07:00,16,103,2.2
2025-06-22T14:00:00-07:00,17,101,2.1
2025-06-22T14:30:00-07:00,18,99,2.5
2025-06-22T15:00:00-07:00,19,99,5.7
2025-06-22T15:30:00-07:00,20,97,4.6
2025-06-22T16:00:00-07:00,22,95,4
2025-06-22T16:30:00-07:00,23,93,5.7
2025-06-22T17:00:00-07:00,25,89,4.5
2025-06-22T17:30:00-07:00,25,88,4.1
2025-06-22T18:00:00-07:00,26,86,3.6
2025-06-22T18:30:00-07:00,27,85,4
2025-06-22T19:00:00-07:00,29,84,7.7
2025-06-22T19:30:00-07:00,30,83,4.4
2025-06-22T20:00:00-07:00,32,82,4.7
2025-06-22T20:30:00-07:00,33,80,5.4
2025-06-22T21:00:00-07:00,33,79,5.5
2025-06-22T21:30:00-07:00,35,78,7.4
2025-06-22T22:00:00-07:00,36,78,5.8
2025-06-22T22:30:00-07:00,37,77,5.9
2025-06-22T23:00:00-07:00,37,77,5.4
2025-06-22T23:30:00-07:00,37,76,7.4
2025-06-23T00:00:00-07:00,37,77,5.2
2025-06-23T00:30:00-07:00,37,77,5.1
2025-06-23T01:00:00-07:00,37,76,5.4
2025-06-23T01:30:00-07:00,37,76,5.5
2025-06-23T02:00:00-07:00,37,75,5.1
2025-06-23T02:30:00-07:00,38,75,5.2
2025-06-23T03:00:00-07:00,37,75,5.3
2025-06-23T03:30:00-07:00,37,74,5.3
2025-06-23T04:00:00-07:00,37,73,5.2
2025-06-23T04:30:00-07:00,36,73,5.2
2025-06-23T05:00:00-07:00,36,73,5.3
2025-06-23T05:30:00-07:00,36,73,5.4
2025-06-23T06:00:00-07:00,35,75,5.2
2025-06-23T06:30:00-07:00,28,85,5.5
2025-06-23T07:00:00-07:00,23,93,5.7
2025-06-23T07:30:00-07:00,19,104,4.6
2025-06-23T08:00:00-07:00,17,105,5
2025-06-23T08:30:00-07:00,19,101,5.3
2025-06-23T09:00:00-07:00,20,100,19.9
2025-06-23T09:30:00-07:00,20,99,8.6
2025-06-23T10:00:00-07:00,20,99,6.6
2025-06-23T10:30:00-07:00,22,101,4.6
2025-06-23T11:00:00-07:00,20,103,4.5
2025-06-23T11:30:00-07:00,18,106,4.2
2025-06-23T12:00:00-07:00,17,107,3.9
2025-06-23T12:30:00-07:00,17,107,3.4
2025-06-23T13:00:00-07:00,18,108,3.9
2025-06-23T13:30:00-07:00,17,109,3.9
2025-06-23T14:00:00-07:00,16,109,1.8
2025-06-23T14:30:00-07:00,16,109,1.6
2025-06-23T15:00:00-07:00,18,107,1.8
2025-06-23T15:30:00-07:00,18,106,3.1
2025-06-23T16:00:00-07:00,19,105,3.5
2025-06-23T16:30:00-07:00,20,101,1.8
2025-06-23T17:00:00-07:00,23,97,2.7
2025-06-23T17:30:00-07:00,22,95,2.5
2025-06-23T18:00:00-07:00,22,94,2.7
2025-06-23T18:30:00-07:00,25,92,4.2
2025-06-23T19:00:00-07:00,28,87,5.9
2025-06-23T19:30:00-07:00,32,84,4.7
2025-06-23T20:00:00-07:00,35,81,5.3
2025-06-23T20:30:00-07:00,36,79,5.2
2025-06-23T21:00:00-07:00,37,79,5
2025-06-23T21:30:00-07:00,37,79,4.8
2025-06-23T22:00:00-07:00,38,78,5.4
2025-06-23T22:30:00-07:00,39,77,4.9
2025-06-23T23:00:00-07:00,39,77,4
2025-06-23T23:30:00-07:00,40,76,3.6
2025-06-24T00:00:00-07:00,39,76,2.5
2025-06-24T00:30:00-07:00,40,75,2.5
2025-06-24T01:00:00-07:00,40,75,2.3
2025-06-24T01:30:00-07:00,41,75,2.1
2025-06-24T02:00:00-07:00,40,75,1.9
2025-06-24T02:30:00-07:00,40,76,1.4
2025-06-24T03:00:00-07:00,40,76,1.5
2025-06-24T03:30:00-07:00,40,76,0.9
2025-06-24T04:00:00-07:00,40,76,0.7
2025-06-24T04:30:00-07:00,39,77,0.8
2025-06-24T05:00:00-07:00,38,77,1
2025-06-24T05:30:00-07:00,38,77,0.9
2025-06-24T06:00:00-07:00,37,78,1.3
2025-06-24T06:30:00-07:00,37,78,1
2025-06-24T07:00:00-07:00,37,78,1
2025-06-24T07:30:00-07:00,37,79,1.1
2025-06-24T08:00:00-07:00,36,80,1
2025-06-24T08:30:00-07:00,35,81,1.1
2025-06-24T09:00:00-07:00,33,83,1.2
2025-06-24T09:30:00-07:00,31,86,1.4
2025-06-24T10:00:00-07:00,26,91,1.3
2025-06-24T10:30:00-07:00,25,93,1.7
2025-06-24T11:00:00-07:00,24,95,1.5
2025-06-24T11:30:00-07:00,23,98,1.4
2025-06-24T12:00:00-07:00,22,98,1.5
2025-06-24T12:30:00-07:00,23,98,3.2
2025-06-24T13:00:00-07:00,23,96,1.4
2025-06-24T13:30:00-07:00,24,96,3.2
2025-06-24T14:00:00-07:00,24,95,2.2
2025-06-24T14:30:00-07:00,25,94,2.6
2025-06-24T15:00:00-07:00,26,92,2.5
2025-06-24T15:30:00-07:00,26,91,2.3
2025-06-24T16:00:00-07:00,27,90,2.2
2025-06-24T16:30:00-07:00,28,89,3.7
2025-06-24T17:00:00-07:00,29,88,2.9
2025-06-24T17:30:00-07:00,31,86,2.7
2025-06-24T18:00:00-07:00,32,84,4.9
2025-06-24T18:30:00-07:00,34,83,3.4
2025-06-24T19:00:00-07:00,35,82,3.7
2025-06-24T19:30:00-07:00,36,80,3.2
2025-06-24T20:00:00-07:00,38,78,4
2025-06-24T20:30:00-07:00,38,78,6.6
2025-06-24T21:00:00-07:00,39,77,3.3
2025-06-24T21:30:00-07:00,40,77,3.4
2025-06-24T22:00:00-07:00,39,77,3.8
2025-06-24T22:30:00-07:00,39,78,8.6
2025-06-24T23:00:00-07:00,39,77,2.9
2025-06-24T23:30:00-07:00,38,78,2.6
2025-06-25T00:00:00-07:00,38,78,2.4
2025-06-25T00:30:00-07:00,39,77,2.5
2025-06-25T01:00:00-07:00,39,77,2.8
2025-06-25T01:30:00-07:00,38,77,2.2
2025-06-25T02:00:00-07:00,38,77,2
2025-06-25T02:30:00-07:00,38,77,1.9
2025-06-25T03:00:00-07:00,37,78,1.3
2025-06-25T03:30:00-07:00,37,78,1.3
2025-06-25T04:00:00-07:00,37,77,1.6
2025-06-25T04:30:00-07:00,37,77,2.3
2025-06-25T05:00:00-07:00,38,77,2.8
2025-06-25T05:30:00-07:00,37,78,3
2025-06-25T06:00:00-07:00,37,78,3.1
2025-06-25T06:30:00-07:00,37,78,3.6
2025-06-25T07:00:00-07:00,39,77,4
2025-06-25T07:30:00-07:00,37,78,4.2
2025-06-25T08:00:00-07:00,36,80,4.4
2025-06-25T08:30:00-07:00,35,81,4.5
2025-06-25T09:00:00-07:00,34,82,4.8
2025-06-25T09:30:00-07:00,30,86,5
2025-06-25T10:00:00-07:00,25,93,5.1
2025-06-25T10:30:00-07:00,24,95,5.4
2025-06-25T11:00:00-07:00,23,97,5.3
2025-06-25T11:30:00-07:00,22,99,5.1
2025-06-25T12:00:00-07:00,22,100,5
2025-06-25T12:30:00-07:00,22,101,5.1
2025-06-25T13:00:00-07:00,22,101,5.2
2025-06-25T13:30:00-07:00,22,101,5.7
2025-06-25T14:00:00-07:00,22,102,7.6
2025-06-25T14:30:00-07:00,22,101,6.2
2025-06-25T15:00:00-07:00,23,98,5.4
2025-06-25T15:30:00-07:00,24,96,5.3
2025-06-25T16:00:00-07:00,25,94,6.1
2025-06-25T16:30:00-07:00,27,91,5.9
2025-06-25T17:00:00-07:00,28,89,8.7
2025-06-25T17:30:00-07:00,30,87,3.5
2025-06-25T18:00:00-07:00,30,86,2.9
2025-06-25T18:30:00-07:00,32,85,2.6
2025-06-25T19:00:00-07:00,33,84,2.5
2025-06-25T19:30:00-07:00,33,83,3.2
2025-06-25T20:00:00-07:00,34,82,3.6
2025-06-25T20:30:00-07:00,36,80,1.8
2025-06-25T21:00:00-07:00,37,79,1.9
2025-06-25T21:30:00-07:00,37,79,2.1
2025-06-25T22:00:00-07:00,37,78,5.2
2025-06-25T22:30:00-07:00,38,77,2.2
2025-06-25T23:00:00-07:00,38,77,2.2
2025-06-25T23:30:00-07:00,39,77,2.6
2025-06-26T00:00:00-07:00,38,76,7.3
2025-06-26T00:30:00-07:00,39,75,4.9
2025-06-26T01:00:00-07:00,40,75,3.4
2025-06-26T01:30:00-07:00,40,75,3.2
2025-06-26T02:00:00-07:00,39,75,3
2025-06-26T02:30:00-07:00,39,75,3.2
2025-06-26T03:00:00-07:00,40,74,3.3
2025-06-26T03:30:00-07:00,39,74,3.5
2025-06-26T04:00:00-07:00,39,74,3.8
2025-06-26T04:30:00-07:00,39,73,3.7
2025-06-26T05:00:00-07:00,38,73,3.3
2025-06-26T05:30:00-07:00,40,73,3.4
2025-06-26T06:00:00-07:00,40,75,3.4
2025-06-26T06:30:00-07:00,29,88,2.9
2025-06-26T07:00:00-07:00,25,95,2.9
2025-06-26T07:30:00-07:00,24,94,2.6
2025-06-26T08:00:00-07:00,21,99,1.7
2025-06-26T08:30:00-07:00,20,100,1.7
2025-06-26T09:00:00-07:00,21,99,2.3
2025-06-26T09:30:00-07:00,21,99,2.5
2025-06-26T10:00:00-07:00,22,98,2.9
2025-06-26T10:30:00-07:00,22,99,2.9
2025-06-26T11:00:00-07:00,21,101,3
2025-06-26T11:30:00-07:00,21,101,2.6
2025-06-26T12:00:00-07:00,21,102,2.3
2025-06-26T12:30:00-07:00,21,102,1.9
2025-06-26T13:00:00-07:00,21,102,1.9
2025-06-26T13:30:00-07:00,21,102,2
2025-06-26T14:00:00-07:00,21,102,4.7
2025-06-26T14:30:00-07:00,22,100,3.2
2025-06-26T15:00:00-07:00,23,98,2.5
2025-06-26T15:30:00-07:00,24,96,2.3
2025-06-26T16:00:00-07:00,25,94,5
2025-06-26T16:30:00-07:00,25,94,2.6
2025-06-26T17:00:00-07:00,25,93,2.9
2025-06-26T17:30:00-07:00,27,91,2.5
2025-06-26T18:00:00-07:00,28,89,2.5
2025-06-26T18:30:00-07:00,30,87,2.7
2025-06-26T19:00:00-07:00,32,85,2.8
2025-06-26T19:30:00-07:00,34,83,2.9
2025-06-26T20:00:00-07:00,35,82,4.3
2025-06-26T20:30:00-07:00,35,82,3.2
2025-06-26T21:00:00-07:00,35,81,2.7
2025-06-26T21:30:00-07:00,36,81,2.7
2025-06-26T22:00:00-07:00,36,80,2.9
2025-06-26T22:30:00-07:00,36,80,2.9
2025-06-26T23:00:00-07:00,36,79,3.2
2025-06-26T23:30:00-07:00,36,79,5.7
2025-06-27T00:00:00-07:00,37,79,9.2
2025-06-27T00:30:00-07:00,37,79,10.4
2025-06-27T01:00:00-07:00,37,78,4.4
2025-06-27T01:30:00-07:00,38,78,4.4
2025-06-27T02:00:00-07:00,38,77,4.5
2025-06-27T02:30:00-07:00,38,77,4.6
2025-06-27T03:00:00-07:00,39,76,4.5
2025-06-27T03:30:00-07:00,40,75,4.1
2025-06-27T04:00:00-07:00,38,75,3.8
2025-06-27T04:30:00-07:00,38,75,3.7
2025-06-27T05:00:00-07:00,38,75,3.8
2025-06-27T05:30:00-07:00,38,75,3.8
2025-06-27T06:00:00-07:00,37,77,3.6
2025-06-27T06:30:00-07:00,27,91,3.5
2025-06-27T07:00:00-07:00,20,104,2.9
2025-06-27T07:30:00-07:00,16,112,2.7
2025-06-27T08:00:00-07:00,17,109,3.1
2025-06-27T08:30:00-07:00,19,105,3.3
2025-06-27T09:00:00-07:00,21,101,3.5
2025-06-27T09:30:00-07:00,22,100,3.9
2025-06-27T10:00:00-07:00,22,101,4.5
2025-06-27T10:30:00-07:00,21,103,4.2
2025-06-27T11:00:00-07:00,19,106,3.8
2025-06-27T11:30:00-07:00,19,108,4.1
2025-06-27T12:00:00-07:00,18,109,2.5
2025-06-27T12:30:00-07:00,15,111,1.4
2025-06-27T13:00:00-07:00,15,112,3.5
2025-06-27T13:30:00-07:00,16,111,2.1
2025-06-27T14:00:00-07:00,17,110,3
2025-06-27T14:30:00-07:00,17,109,2.8
2025-06-27T15:00:00-07:00,18,108,2.6
2025-06-27T15:30:00-07:00,18,106,3.1
2025-06-27T16:00:00-07:00,20,104,3.7
2025-06-27T16:30:00-07:00,22,103,2.6
2025-06-27T17:00:00-07:00,23,100,3.7
2025-06-27T17:30:00-07:00,24,98,3.9
2025-06-27T18:00:00-07:00,26,95,4.9
2025-06-27T18:30:00-07:00,27,93,7.7
2025-06-27T19:00:00-07:00,28,92,4.8
2025-06-27T19:30:00-07:00,30,90,4.3
2025-06-27T20:00:00-07:00,31,89,4.6
2025-06-27T20:30:00-07:00,32,87,5.7
2025-06-27T21:00:00-07:00,34,86,5
2025-06-27T21:30:00-07:00,35,85,5.1
2025-06-27T22:00:00-07:00,34,85,7.4
2025-06-27T22:30:00-07:00,33,85,8
2025-06-27T23:00:00-07:00,33,84,5.7
2025-06-27T23:30:00-07:00,34,83,6.1
2025-06-28T00:00:00-07:00,35,83,5.7
2025-06-28T00:30:00-07:00,36,82,5.9
2025-06-28T01:00:00-07:00,36,82,6.7
2025-06-28T01:30:00-07:00,36,81,6.3
2025-06-28T02:00:00-07:00,36,81,6.6
2025-06-28T02:30:00-07:00,36,80,7.1
2025-06-28T03:00:00-07:00,36,79,6.6
2025-06-28T03:30:00-07:00,36,79,6.8
2025-06-28T04:00:00-07:00,37,79,7.3
2025-06-28T04:30:00-07:00,37,78,7.4
2025-06-28T05:00:00-07:00,36,78,7.2
2025-06-28T05:30:00-07:00,37,78,6.9
2025-06-28T06:00:00-07:00,35,81,6.8
2025-06-28T06:30:00-07:00,26,94,6.6
2025-06-28T07:00:00-07:00,20,104,4.5
2025-06-28T07:30:00-07:00,18,107,3.2
2025-06-28T08:00:00-07:00,19,105,3.1
2025-06-28T08:30:00-07:00,21,102,3.6
2025-06-28T09:00:00-07:00,23,99,4.2
2025-06-28T09:30:00-07:00,23,99,4
2025-06-28T10:00:00-07:00,21,102,3.8
2025-06-28T10:30:00-07:00,21,104,4
2025-06-28T11:00:00-07:00,20,105,4.1
2025-06-28T11:30:00-07:00,19,107,4.3
2025-06-28T12:00:00-07:00,20,107,4.7
2025-06-28T12:30:00-07:00,19,110,4.7
2025-06-28T13:00:00-07:00,19,114,4.6
2025-06-28T13:30:00-07:00,18,115,4.1
2025-06-28T14:00:00-07:00,17,115,3.2
2025-06-28T14:30:00-07:00,16,115,2.5
2025-06-28T15:00:00-07:00,17,114,3.8
2025-06-28T15:30:00-07:00,17,112,3.7
2025-06-28T16:00:00-07:00,17,111,3.2
2025-06-28T16:30:00-07:00,17,109,3.3
2025-06-28T17:00:00-07:00,18,107,3.1
2025-06-28T17:30:00-07:00,18,105,3.1
2025-06-28T18:00:00-07:00,19,103,3.3
2025-06-28T18:30:00-07:00,19,102,4.6
2025-06-28T19:00:00-07:00,19,100,4
2025-06-28T19:30:00-07:00,20,98,3.8
2025-06-28T20:00:00-07:00,21,96,5.7
2025-06-28T20:30:00-07:00,23,93,5.7
2025-06-28T21:00:00-07:00,26,91,7.4
2025-06-28T21:30:00-07:00,28,88,7.2
2025-06-28T22:00:00-07:00,29,87,5.3
2025-06-28T22:30:00-07:00,30,86,5.1
2025-06-28T23:00:00-07:00,32,85,5.1
2025-06-28T23:30:00-07:00,33,84,5
2025-06-29T00:00:00-07:00,34,82,5.7
2025-06-29T00:30:00-07:00,34,82,5.3
2025-06-29T01:00:00-07:00,34,82,5.6
2025-06-29T01:30:00-07:00,35,81,5.4
2025-06-29T02:00:00-07:00,35,81,5.2
2025-06-29T02:30:00-07:00,36,80,5
2025-06-29T03:00:00-07:00,36,80,5
2025-06-29T03:30:00-07:00,36,79,4.8
2025-06-29T04:00:00-07:00,36,79,4.5
2025-06-29T04:30:00-07:00,36,78,4.4
2025-06-29T05:00:00-07:00,36,78,4.2
2025-06-29T05:30:00-07:00,36,77,4
2025-06-29T06:00:00-07:00,35,80,3.9
2025-06-29T06:30:00-07:00,26,93,4.1
2025-06-29T07:00:00-07:00,19,105,3.8
2025-06-29T07:30:00-07:00,16,112,3.1
2025-06-29T08:00:00-07:00,17,110,2.9
2025-06-29T08:30:00-07:00,19,106,3.2
2025-06-29T09:00:00-07:00,21,103,3.2
2025-06-29T09:30:00-07:00,22,102,3.2
2025-06-29T10:00:00-07:00,21,104,3
2025-06-29T10:30:00-07:00,20,106,3
2025-06-29T11:00:00-07:00,20,107,3
2025-06-29T11:30:00-07:00,18,109,3.6
2025-06-29T12:00:00-07:00,17,112,3.9
2025-06-29T12:30:00-07:00,17,114,3.6
2025-06-29T13:00:00-07:00,18,113,3.2
2025-06-29T13:30:00-07:00,18,112,3.4
2025-06-29T14:00:00-07:00,17,111,2.6
2025-06-29T14:30:00-07:00,18,110,2.5
2025-06-29T15:00:00-07:00,17,110,2.3
2025-06-29T15:30:00-07:00,17,108,1.1
2025-06-29T16:00:00-07:00,16,107,1
2025-06-29T16:30:00-07:00,17,106,1.5
2025-06-29T17:00:00-07:00,18,103,1.3
2025-06-29T17:30:00-07:00,19,101,2.1
2025-06-29T18:00:00-07:00,20,100,2.8
2025-06-29T18:30:00-07:00,20,98,3.2
2025-06-29T19:00:00-07:00,21,96,4.2
2025-06-29T19:30:00-07:00,23,93,5.8
2025-06-29T20:00:00-07:00,25,91,5.3
2025-06-29T20:30:00-07:00,26,89,4.8
2025-06-29T21:00:00-07:00,27,88,5.9
2025-06-29T21:30:00-07:00,28,87,5.9
2025-06-29T22:00:00-07:00,28,86,6.4
2025-06-29T22:30:00-07:00,28,87,12.4
2025-06-29T23:00:00-07:00,31,85,7.1
2025-06-29T23:30:00-07:00,31,84,8.9
2025-06-30T00:00:00-07:00,33,84,7.8
2025-06-30T00:30:00-07:00,34,83,7
2025-06-30T01:00:00-07:00,34,82,5.9
2025-06-30T01:30:00-07:00,34,81,5.2
2025-06-30T02:00:00-07:00,35,80,5.2
2025-06-30T02:30:00-07:00,36,79,4.1
2025-06-30T03:00:00-07:00,37,79,3.4
2025-06-30T03:30:00-07:00,37,78,2.7
2025-06-30T04:00:00-07:00,37,78,2.5
2025-06-30T04:30:00-07:00,37,78,2.6
2025-06-30T05:00:00-07:00,37,78,3.4
2025-06-30T05:30:00-07:00,37,77,2.9
2025-06-30T06:00:00-07:00,36,79,1.8
2025-06-30T06:30:00-07:00,29,88,1.3
2025-06-30T07:00:00-07:00,21,99,1
2025-06-30T07:30:00-07:00,17,107,0.9
2025-06-30T08:00:00-07:00,17,108,1.1
2025-06-30T08:30:00-07:00,20,103,1.3
2025-06-30T09:00:00-07:00,21,101,1.4
2025-06-30T09:30:00-07:00,21,100,2.1
2025-06-30T10:00:00-07:00,20,101,2.2
2025-06-30T10:30:00-07:00,19,104,1.6
2025-06-30T11:00:00-07:00,19,106,1.3
2025-06-30T11:30:00-07:00,18,107,1.5
2025-06-30T12:00:00-07:00,18,108,1.7
2025-06-30T12:30:00-07:00,19,108,2
2025-06-30T13:00:00-07:00,20,107,1.8
2025-06-30T13:30:00-07:00,19,107,1.1
2025-06-30T14:00:00-07:00,19,106,1.6
2025-06-30T14:30:00-07:00,19,106,1.3
2025-06-30T15:00:00-07:00,18,107,1.2
2025-06-30T15:30:00-07:00,20,105,1
2025-06-30T16:00:00-07:00,21,103,1.3
2025-06-30T16:30:00-07:00,21,102,1.4
2025-06-30T17:00:00-07:00,21,100,1.6
2025-06-30T17:30:00-07:00,21,100,3.6
2025-06-30T18:00:00-07:00,21,98,3.9
2025-06-30T18:30:00-07:00,23,96,3.7
2025-06-30T19:00:00-07:00,26,92,4.1
2025-06-30T19:30:00-07:00,28,89,4.2
2025-06-30T20:00:00-07:00,30,87,4.3
2025-06-30T20:30:00-07:00,31,85,3.8
2025-06-30T21:00:00-07:00,33,84,4.4
2025-06-30T21:30:00-07:00,34,84,6.2
2025-06-30T22:00:00-07:00,34,83,7.5
2025-06-30T22:30:00-07:00,35,82,6.8
2025-06-30T23:00:00-07:00,35,82,6.3
2025-06-30T23:30:00-07:00,36,81,6.5
2025-07-01T00:00:00-07:00,36,82,11.3
2025-07-01T00:30:00-07:00,36,81,7.5
2025-07-01T01:00:00-07:00,37,80,7.2
2025-07-01T01:30:00-07:00,37,80,7.2
2025-07-01T02:00:00-07:00,37,79,7.8
2025-07-01T02:30:00-07:00,37,79,8.1
2025-07-01T03:00:00-07:00,37,79,8.2
2025-07-01T03:30:00-07:00,37,78,8.7
2025-07-01T04:00:00-07:00,38,78,9.2
2025-07-01T04:30:00-07:00,38,79,9.5
2025-07-01T05:00:00-07:00,38,79,9.3
2025-07-01T05:30:00-07:00,38,80,9.4
2025-07-01T06:00:00-07:00,38,80,10.5
2025-07-01T06:30:00-07:00,37,83,12.5
2025-07-01T07:00:00-07:00,35,85,13.2
2025-07-01T07:30:00-07:00,33,87,13.7
2025-07-01T08:00:00-07:00,26,96,12
2025-07-01T08:30:00-07:00,24,99,7.9
2025-07-01T09:00:00-07:00,24,99,6.3
2025-07-01T09:30:00-07:00,23,99,6.4
2025-07-01T10:00:00-07:00,23,100,7.4
2025-07-01T10:30:00-07:00,21,102,6.4
2025-07-01T11:00:00-07:00,20,104,5.5
2025-07-01T11:30:00-07:00,19,106,5.1
2025-07-01T12:00:00-07:00,19,106,5
2025-07-01T12:30:00-07:00,19,109,5.2
2025-07-01T13:00:00-07:00,19,109,5.8
2025-07-01T13:30:00-07:00,19,110,5.8
2025-07-01T14:00:00-07:00,20,109,5.4
2025-07-01T14:30:00-07:00,20,109,3.4
2025-07-01T15:00:00-07:00,19,109,2
2025-07-01T15:30:00-07:00,20,108,1.6
2025-07-01T16:00:00-07:00,21,106,1.7
2025-07-01T16:30:00-07:00,21,105,1.5
2025-07-01T17:00:00-07:00,23,101,1.4
2025-07-01T17:30:00-07:00,25,96,2.3
2025-07-01T18:00:00-07:00,26,95,3.1
2025-07-01T18:30:00-07:00,28,92,5.5
2025-07-01T19:00:00-07:00,30,89,7
2025-07-01T19:30:00-07:00,31,88,6
2025-07-01T20:00:00-07:00,33,86,5.7
2025-07-01T20:30:00-07:00,32,86,5.5
2025-07-01T21:00:00-07:00,32,86,7.9
2025-07-01T21:30:00-07:00,33,85,4.5
2025-07-01T22:00:00-07:00,35,83,5.5
2025-07-01T22:30:00-07:00,37,81,4.3
2025-07-01T23:00:00-07:00,37,80,5
2025-07-01T23:30:00-07:00,38,79,2.7
2025-07-02T00:00:00-07:00,38,79,2.9
2025-07-02T00:30:00-07:00,38,78,3.1
2025-07-02T01:00:00-07:00,38,78,2.9
2025-07-02T01:30:00-07:00,39,78,3.3
2025-07-02T02:00:00-07:00,40,77,3.2
2025-07-02T02:30:00-07:00,41,77,2.9
2025-07-02T03:00:00-07:00,41,77,3.3
2025-07-02T03:30:00-07:00,41,78,3.6
2025-07-02T04:00:00-07:00,40,78,4.2
2025-07-02T04:30:00-07:00,40,78,4.6
2025-07-02T05:00:00-07:00,40,79,4.8
2025-07-02T05:30:00-07:00,40,79,4.4
2025-07-02T06:00:00-07:00,40,79,4.6
2025-07-02T06:30:00-07:00,39,80,6.1
2025-07-02T07:00:00-07:00,38,81,9.5
2025-07-02T07:30:00-07:00,37,82,5.3
2025-07-02T08:00:00-07:00,36,83,4.8
2025-07-02T08:30:00-07:00,34,85,6.1
2025-07-02T09:00:00-07:00,30,91,6.7
2025-07-02T09:30:00-07:00,26,96,5.1
2025-07-02T10:00:00-07:00,24,99,5.6
2025-07-02T10:30:00-07:00,23,101,10.1
2025-07-02T11:00:00-07:00,23,101,8.3
2025-07-02T11:30:00-07:00,22,105,4.3
2025-07-02T12:00:00-07:00,21,107,4.2
2025-07-02T12:30:00-07:00,21,108,3.6
2025-07-02T13:00:00-07:00,21,107,3.1
2025-07-02T13:30:00-07:00,21,106,2.2
2025-07-02T14:00:00-07:00,21,105,1.6
2025-07-02T14:30:00-07:00,21,105,1.7
2025-07-02T15:00:00-07:00,22,102,2.2
2025-07-02T15:30:00-07:00,23,101,2.6
2025-07-02T16:00:00-07:00,25,98,5.5
2025-07-02T16:30:00-07:00,25,96,8.1
2025-07-02T17:00:00-07:00,27,94,5.5
2025-07-02T17:30:00-07:00,27,93,5.8
2025-07-02T18:00:00-07:00,29,91,6.6
2025-07-02T18:30:00-07:00,30,88,6.7
2025-07-02T19:00:00-07:00,32,86,7.8
2025-07-02T19:30:00-07:00,33,83,10.6
2025-07-02T20:00:00-07:00,34,82,7.9
2025-07-02T20:30:00-07:00,35,81,8.2
2025-07-02T21:00:00-07:00,35,81,8.2
2025-07-02T21:30:00-07:00,35,81,11.1
2025-07-02T22:00:00-07:00,34,82,9
2025-07-02T22:30:00-07:00,34,81,8.6
2025-07-02T23:00:00-07:00,35,81,8.3
2025-07-02T23:30:00-07:00,36,80,8.4
2025-07-03T00:00:00-07:00,36,79,8.4
2025-07-03T00:30:00-07:00,36,79,8.6
2025-07-03T01:00:00-07:00,38,78,8.3
2025-07-03T01:30:00-07:00,37,77,7.8
2025-07-03T02:00:00-07:00,37,77,7.4
2025-07-03T02:30:00-07:00,37,77,7
2025-07-03T03:00:00-07:00,37,76,7.3
2025-07-03T03:30:00-07:00,37,76,7.2
2025-07-03T04:00:00-07:00,37,75,7
2025-07-03T04:30:00-07:00,37,75,7
2025-07-03T05:00:00-07:00,37,74,6.5
2025-07-03T05:30:00-07:00,38,74,6.6
2025-07-03T06:00:00-07:00,37,75,6.5
2025-07-03T06:30:00-07:00,29,88,5.9
2025-07-03T07:00:00-07:00,23,98,5.5
2025-07-03T07:30:00-07:00,18,106,4.5
2025-07-03T08:00:00-07:00,18,106,4.3
2025-07-03T08:30:00-07:00,21,99,4.3
2025-07-03T09:00:00-07:00,21,100,4.5
2025-07-03T09:30:00-07:00,21,100,5.1
2025-07-03T10:00:00-07:00,21,101,4.1
2025-07-03T10:30:00-07:00,21,100,3.3
2025-07-03T11:00:00-07:00,21,101,3.4
2025-07-03T11:30:00-07:00,22,101,2.7
2025-07-03T12:00:00-07:00,22,99,2.1
2025-07-03T12:30:00-07:00,23,98,2
2025-07-03T13:00:00-07:00,22,100,1.8
2025-07-03T13:30:00-07:00,22,99,2.3
2025-07-03T14:00:00-07:00,23,96,2.8
2025-07-03T14:30:00-07:00,25,94,2.5
2025-07-03T15:00:00-07:00,25,94,2
2025-07-03T15:30:00-07:00,25,93,2.1
2025-07-03T16:00:00-07:00,25,93,2.1
2025-07-03T16:30:00-07:00,26,92,2.9
2025-07-03T17:00:00-07:00,26,92,2.5
2025-07-03T17:30:00-07:00,26,91,2.5
2025-07-03T18:00:00-07:00,28,90,2.7
2025-07-03T18:30:00-07:00,28,89,2.7
2025-07-03T19:00:00-07:00,28,88,2.8
2025-07-03T19:30:00-07:00,31,85,3.6
2025-07-03T20:00:00-07:00,33,83,6.4
2025-07-03T20:30:00-07:00,35,81,3.5
2025-07-03T21:00:00-07:00,35,80,3.6
2025-07-03T21:30:00-07:00,36,79,3.7
2025-07-03T22:00:00-07:00,36,79,3.7
2025-07-03T22:30:00-07:00,37,79,4.1
2025-07-03T23:00:00-07:00,36,79,3.9
2025-07-03T23:30:00-07:00,36,79,3.9
2025-07-04T00:00:00-07:00,36,78,4
2025-07-04T00:30:00-07:00,36,78,4.4
2025-07-04T01:00:00-07:00,38,77,4.5
2025-07-04T01:30:00-07:00,38,77,4.4
2025-07-04T02:00:00-07:00,38,76,4.4
2025-07-04T02:30:00-07:00,39,75,4.5
2025-07-04T03:00:00-07:00,39,75,4.2
2025-07-04T03:30:00-07:00,38,75,4
2025-07-04T04:00:00-07:00,39,75,4.2
2025-07-04T04:30:00-07:00,39,75,3.9
2025-07-04T05:00:00-07:00,40,74,4.3
2025-07-04T05:30:00-07:00,41,74,4.2
2025-07-04T06:00:00-07:00,40,76,4.3
2025-07-04T06:30:00-07:00,29,87,3.7
2025-07-04T07:00:00-07:00,21,100,3
2025-07-04T07:30:00-07:00,16,109,2.1
2025-07-04T08:00:00-07:00,16,108,1.9
2025-07-04T08:30:00-07:00,18,102,1.5
2025-07-04T09:00:00-07:00,19,100,1.6
2025-07-04T09:30:00-07:00,19,98,1.5
2025-07-04T10:00:00-07:00,19,98,1.6
2025-07-04T10:30:00-07:00,19,99,1.3
2025-07-04T11:00:00-07:00,18,102,1.1
2025-07-04T11:30:00-07:00,18,103,1.4
2025-07-04T12:00:00-07:00,18,104,1.2
2025-07-04T12:30:00-07:00,19,103,1.5
2025-07-04T13:00:00-07:00,20,101,2.3
2025-07-04T13:30:00-07:00,20,100,1.9
2025-07-04T14:00:00-07:00,22,98,1.9
2025-07-04T14:30:00-07:00,22,97,1.5
2025-07-04T15:00:00-07:00,22,97,1.2
2025-07-04T15:30:00-07:00,22,95,1.7
2025-07-04T16:00:00-07:00,24,93,3.3
2025-07-04T16:30:00-07:00,24,90,2.7
2025-07-04T17:00:00-07:00,25,87,1.4
2025-07-04T17:30:00-07:00,26,86,3
2025-07-04T18:00:00-07:00,27,85,1.3
2025-07-04T18:30:00-07:00,29,82,2.4
2025-07-04T19:00:00-07:00,32,79,1.5
2025-07-04T19:30:00-07:00,32,78,1.5
2025-07-04T20:00:00-07:00,33,79,1.9
2025-07-04T20:30:00-07:00,33,78,6.8
2025-07-04T21:00:00-07:00,32,79,19
2025-07-04T21:30:00-07:00,32,79,43.4
2025-07-04T22:00:00-07:00,33,78,56.9
2025-07-04T22:30:00-07:00,33,80,30.6
2025-07-04T23:00:00-07:00,32,81,16.3
2025-07-04T23:30:00-07:00,32,81,12.6
2025-07-05T00:00:00-07:00,34,79,8.3
2025-07-05T00:30:00-07:00,35,78,6.2
2025-07-05T01:00:00-07:00,37,76,3.7
2025-07-05T01:30:00-07:00,40,75,3.1
2025-07-05T02:00:00-07:00,40,75,3.1
2025-07-05T02:30:00-07:00,40,74,3
2025-07-05T03:00:00-07:00,40,74,3
2025-07-05T03:30:00-07:00,40,74,3.2
2025-07-05T04:00:00-07:00,38,74,3.3
2025-07-05T04:30:00-07:00,38,73,3.7
2025-07-05T05:00:00-07:00,38,73,3.9
2025-07-05T05:30:00-07:00,38,73,3.7
2025-07-05T06:00:00-07:00,37,75,3.2
2025-07-05T06:30:00-07:00,27,89,2.4
2025-07-05T07:00:00-07:00,20,102,1.9
2025-07-05T07:30:00-07:00,16,111,2
2025-07-05T08:00:00-07:00,16,108,3.1
2025-07-05T08:30:00-07:00,19,102,3.5
2025-07-05T09:00:00-07:00,21,98,3.7
2025-07-05T09:30:00-07:00,22,96,3.8
2025-07-05T10:00:00-07:00,22,97,2.6
2025-07-05T10:30:00-07:00,21,98,3.2
2025-07-05T11:00:00-07:00,21,99,2.7
2025-07-05T11:30:00-07:00,21,100,2.4
2025-07-05T12:00:00-07:00,19,104,2.2
2025-07-05T12:30:00-07:00,19,104,2.3
2025-07-05T13:00:00-07:00,19,105,2.3
2025-07-05T13:30:00-07:00,19,104,2.5
2025-07-05T14:00:00-07:00,19,103,2.8
2025-07-05T14:30:00-07:00,20,102,2.6
2025-07-05T15:00:00-07:00,21,99,2.8
2025-07-05T15:30:00-07:00,22,97,3
2025-07-05T16:00:00-07:00,24,95,4.6
2025-07-05T16:30:00-07:00,24,94,5.4
2025-07-05T17:00:00-07:00,26,91,3.4
2025-07-05T17:30:00-07:00,27,90,3.8
2025-07-05T18:00:00-07:00,28,89,4
2025-07-05T18:30:00-07:00,30,87,4.5
2025-07-05T19:00:00-07:00,32,84,4.6
2025-07-05T19:30:00-07:00,34,82,4.8
2025-07-05T20:00:00-07:00,36,80,6.4
2025-07-05T20:30:00-07:00,38,79,6.7
2025-07-05T21:00:00-07:00,39,77,6.9
2025-07-05T21:30:00-07:00,40,76,5.3
2025-07-05T22:00:00-07:00,41,76,5.4
2025-07-05T22:30:00-07:00,41,76,9.1
2025-07-05T23:00:00-07:00,40,76,9.6
2025-07-05T23:30:00-07:00,41,76,5.2
2025-07-06T00:00:00-07:00,41,75,5.3
2025-07-06T00:30:00-07:00,41,75,5.6
2025-07-06T01:00:00-07:00,41,75,5.8
2025-07-06T01:30:00-07:00,44,74,5.3
2025-07-06T02:00:00-07:00,42,75,5.7
2025-07-06T02:30:00-07:00,42,75,5.8
2025-07-06T03:00:00-07:00,42,75,6
2025-07-06T03:30:00-07:00,42,75,5.3
2025-07-06T04:00:00-07:00,41,76,4.4
2025-07-06T04:30:00-07:00,41,76,4.2
2025-07-06T05:00:00-07:00,41,76,4.4
2025-07-06T05:30:00-07:00,40,77,4.7
2025-07-06T06:00:00-07:00,40,77,4.9
2025-07-06T06:30:00-07:00,41,77,5.4
2025-07-06T07:00:00-07:00,40,78,5.2
2025-07-06T07:30:00-07:00,35,82,5
2025-07-06T08:00:00-07:00,29,88,4.2
2025-07-06T08:30:00-07:00,24,96,3.5
2025-07-06T09:00:00-07:00,24,96,3.6
2025-07-06T09:30:00-07:00,23,97,3.9
2025-07-06T10:00:00-07:00,23,98,3.9
2025-07-06T10:30:00-07:00,23,98,3.9
2025-07-06T11:00:00-07:00,21,101,3.3
2025-07-06T11:30:00-07:00,20,104,3.1
2025-07-06T12:00:00-07:00,20,105,3.6
2025-07-06T12:30:00-07:00,20,104,3.2
2025-07-06T13:00:00-07:00,20,104,2.5
2025-07-06T13:30:00-07:00,19,105,3.3
2025-07-06T14:00:00-07:00,20,105,4.7
2025-07-06T14:30:00-07:00,20,104,2.6
2025-07-06T15:00:00-07:00,20,104,3.6
2025-07-06T15:30:00-07:00,20,102,2.9
2025-07-06T16:00:00-07:00,22,101,2.9
2025-07-06T16:30:00-07:00,21,100,4.7
2025-07-06T17:00:00-07:00,23,98,4.6
2025-07-06T17:30:00-07:00,23,96,3.6
2025-07-06T18:00:00-07:00,24,94,3.9
2025-07-06T18:30:00-07:00,25,93,4.3
2025-07-06T19:00:00-07:00,27,91,4.6
2025-07-06T19:30:00-07:00,29,90,6.1
2025-07-06T20:00:00-07:00,30,88,7.8
2025-07-06T20:30:00-07:00,31,86,6.5
2025-07-06T21:00:00-07:00,33,84,5.9
2025-07-06T21:30:00-07:00,35,83,6.3
2025-07-06T22:00:00-07:00,36,82,6.7
2025-07-06T22:30:00-07:00,36,81,6.6
2025-07-06T23:00:00-07:00,36,81,9.5
2025-07-06T23:30:00-07:00,36,80,7.8
2025-07-07T00:00:00-07:00,36,80,8.5
2025-07-07T00:30:00-07:00,37,79,8.4
2025-07-07T01:00:00-07:00,37,79,8.4
2025-07-07T01:30:00-07:00,39,77,7.1
2025-07-07T02:00:00-07:00,40,76,7.3
2025-07-07T02:30:00-07:00,41,76,7.6
2025-07-07T03:00:00-07:00,41,77,7.9
2025-07-07T03:30:00-07:00,40,77,7.6
2025-07-07T04:00:00-07:00,39,78,8.3
2025-07-07T04:30:00-07:00,38,79,8.2
2025-07-07T05:00:00-07:00,38,79,8.3
2025-07-07T05:30:00-07:00,38,80,8.2
2025-07-07T06:00:00-07:00,40,77,6.3
2025-07-07T06:30:00-07:00,42,74,6.6
2025-07-07T07:00:00-07:00,41,76,8
2025-07-07T07:30:00-07:00,40,77,7.3
2025-07-07T08:00:00-07:00,38,79,8.8
2025-07-07T08:30:00-07:00,35,82,10.2
2025-07-07T09:00:00-07:00,30,89,20.3
2025-07-07T09:30:00-07:00,26,92,9.8
2025-07-07T10:00:00-07:00,26,93,9
2025-07-07T10:30:00-07:00,24,96,7.9
2025-07-07T11:00:00-07:00,23,98,7.4
2025-07-07T11:30:00-07:00,23,100,5.8
2025-07-07T12:00:00-07:00,21,103,5.3
2025-07-07T12:30:00-07:00,21,104,5.5
2025-07-07T13:00:00-07:00,20,106,5.6
2025-07-07T13:30:00-07:00,19,107,7.9
2025-07-07T14:00:00-07:00,20,106,5.3
2025-07-07T14:30:00-07:00,21,103,2.5
2025-07-07T15:00:00-07:00,22,101,1.8
2025-07-07T15:30:00-07:00,22,100,1.6
2025-07-07T16:00:00-07:00,23,98,1.5
2025-07-07T16:30:00-07:00,25,96,3
2025-07-07T17:00:00-07:00,26,94,3.1
2025-07-07T17:30:00-07:00,26,93,2.4
2025-07-07T18:00:00-07:00,27,92,2.1
2025-07-07T18:30:00-07:00,28,90,2.9
2025-07-07T19:00:00-07:00,30,87,2.3
2025-07-07T19:30:00-07:00,31,85,2
2025-07-07T20:00:00-07:00,33,84,1.9
2025-07-07T20:30:00-07:00,34,82,1.8
2025-07-07T21:00:00-07:00,35,80,5.6
2025-07-07T21:30:00-07:00,36,80,8.9
2025-07-07T22:00:00-07:00,37,79,1.7
2025-07-07T22:30:00-07:00,38,78,1.8
2025-07-07T23:00:00-07:00,38,78,1.6
2025-07-07T23:30:00-07:00,37,79,10.5
2025-07-08T00:00:00-07:00,37,79,6.4
2025-07-08T00:30:00-07:00,38,78,2
2025-07-08T01:00:00-07:00,38,78,2
2025-07-08T01:30:00-07:00,38,78,2.1
2025-07-08T02:00:00-07:00,38,78,2.2
2025-07-08T02:30:00-07:00,39,77,2.3
2025-07-08T03:00:00-07:00,40,76,2.7
2025-07-08T03:30:00-07:00,41,77,2.9
2025-07-08T04:00:00-07:00,40,77,2.6
2025-07-08T04:30:00-07:00,40,77,3.5
2025-07-08T05:00:00-07:00,42,74,3
2025-07-08T05:30:00-07:00,43,73,3.4
2025-07-08T06:00:00-07:00,41,75,3.6
2025-07-08T06:30:00-07:00,30,87,3.5
2025-07-08T07:00:00-07:00,23,97,4
2025-07-08T07:30:00-07:00,21,99,3.1
2025-07-08T08:00:00-07:00,23,96,3.3
2025-07-08T08:30:00-07:00,23,97,4.4
2025-07-08T09:00:00-07:00,24,95,3.7
2025-07-08T09:30:00-07:00,23,96,3.1
2025-07-08T10:00:00-07:00,22,98,3.1
2025-07-08T10:30:00-07:00,21,100,2.5
2025-07-08T11:00:00-07:00,20,101,2.1
2025-07-08T11:30:00-07:00,20,101,2.4
2025-07-08T12:00:00-07:00,20,104,2.1
2025-07-08T12:30:00-07:00,19,105,1.3
2025-07-08T13:00:00-07:00,20,104,0.9
2025-07-08T13:30:00-07:00,20,104,0.4
2025-07-08T14:00:00-07:00,20,103,0.1
2025-07-08T14:30:00-07:00,21,102,0
2025-07-08T15:00:00-07:00,22,101,0
2025-07-08T15:30:00-07:00,23,99,0.7
2025-07-08T16:00:00-07:00,23,98,0.7
2025-07-08T16:30:00-07:00,24,97,1.4
2025-07-08T17:00:00-07:00,25,95,0.5
2025-07-08T17:30:00-07:00,27,92,0.1
2025-07-08T18:00:00-07:00,29,90,0.1
2025-07-08T18:30:00-07:00,30,89,1.1
2025-07-08T19:00:00-07:00,31,87,2.8
2025-07-08T19:30:00-07:00,33,86,0.3
2025-07-08T20:00:00-07:00,34,84,0.2
2025-07-08T20:30:00-07:00,36,83,0.6
2025-07-08T21:00:00-07:00,38,81,0.4
2025-07-08T21:30:00-07:00,39,80,2.2
2025-07-08T22:00:00-07:00,40,79,1.1
2025-07-08T22:30:00-07:00,40,79,0.3
2025-07-08T23:00:00-07:00,39,80,0.5
2025-07-08T23:30:00-07:00,39,80,0.3
2025-07-09T00:00:00-07:00,39,80,0.3
2025-07-09T00:30:00-07:00,39,80,0.3
2025-07-09T01:00:00-07:00,39,80,0.4
2025-07-09T01:30:00-07:00,38,81,0.9
2025-07-09T02:00:00-07:00,38,81,0.8
2025-07-09T02:30:00-07:00,38,81,0.9
2025-07-09T03:00:00-07:00,38,81,1.5
2025-07-09T03:30:00-07:00,38,81,1.6
2025-07-09T04:00:00-07:00,38,81,1.2
2025-07-09T04:30:00-07:00,38,81,1.2
2025-07-09T05:00:00-07:00,38,80,1.1
2025-07-09T05:30:00-07:00,39,80,1.1
2025-07-09T06:00:00-07:00,40,79,0.7
2025-07-09T06:30:00-07:00,39,80,0.9
2025-07-09T07:00:00-07:00,38,81,1.1
2025-07-09T07:30:00-07:00,38,81,1.8
2025-07-09T08:00:00-07:00,38,81,1.9
2025-07-09T08:30:00-07:00,37,81,1.8
2025-07-09T09:00:00-07:00,36,83,2
2025-07-09T09:30:00-07:00,33,85,2.2
2025-07-09T10:00:00-07:00,31,88,3.3
2025-07-09T10:30:00-07:00,27,93,2.9
2025-07-09T11:00:00-07:00,26,95,2.9
2025-07-09T11:30:00-07:00,24,98,3.7
2025-07-09T12:00:00-07:00,22,100,3
2025-07-09T12:30:00-07:00,22,101,0.7
2025-07-09T13:00:00-07:00,21,102,0.1
2025-07-09T13:30:00-07:00,21,103,0.7
2025-07-09T14:00:00-07:00,21,103,1
2025-07-09T14:30:00-07:00,21,102,1.5
2025-07-09T15:00:00-07:00,22,101,0.2
2025-07-09T15:30:00-07:00,23,100,0.9
2025-07-09T16:00:00-07:00,23,100,0.6
2025-07-09T16:30:00-07:00,24,98,0.6
2025-07-09T17:00:00-07:00,26,97,1
2025-07-09T17:30:00-07:00,26,96,3.7
2025-07-09T18:00:00-07:00,28,94,2.7
2025-07-09T18:30:00-07:00,30,91,1.8
2025-07-09T19:00:00-07:00,32,89,1.9
2025-07-09T19:30:00-07:00,34,86,2.2
2025-07-09T20:00:00-07:00,36,84,2
2025-07-09T20:30:00-07:00,37,83,6.2
2025-07-09T21:00:00-07:00,38,82,3.4
2025-07-09T21:30:00-07:00,39,81,3.6
2025-07-09T22:00:00-07:00,39,81,3.6
2025-07-09T22:30:00-07:00,39,81,4.1
2025-07-09T23:00:00-07:00,39,81,7.2
2025-07-09T23:30:00-07:00,39,80,6
2025-07-10T00:00:00-07:00,39,80,6.2
2025-07-10T00:30:00-07:00,39,79,6.1
2025-07-10T01:00:00-07:00,39,78,5.7
2025-07-10T01:30:00-07:00,39,78,5.9
2025-07-10T02:00:00-07:00,39,78,6.5
2025-07-10T02:30:00-07:00,40,78,5.7
2025-07-10T03:00:00-07:00,42,77,4.2
2025-07-10T03:30:00-07:00,41,77,3.5
2025-07-10T04:00:00-07:00,41,78,3.7
2025-07-10T04:30:00-07:00,41,78,4.6
2025-07-10T05:00:00-07:00,40,78,5.2
2025-07-10T05:30:00-07:00,40,77,5.4
2025-07-10T06:00:00-07:00,40,77,5.6
2025-07-10T06:30:00-07:00,37,82,7.2
2025-07-10T07:00:00-07:00,25,98,6.2
2025-07-10T07:30:00-07:00,18,109,5.3
2025-07-10T08:00:00-07:00,18,110,5
2025-07-10T08:30:00-07:00,20,105,5.5
2025-07-10T09:00:00-07:00,22,103,6
2025-07-10T09:30:00-07:00,22,102,5.2
2025-07-10T10:00:00-07:00,22,102,3.6
2025-07-10T10:30:00-07:00,22,104,3.4
2025-07-10T11:00:00-07:00,21,106,4
2025-07-10T11:30:00-07:00,19,109,4.5
2025-07-10T12:00:00-07:00,18,111,4.9
2025-07-10T12:30:00-07:00,17,112,5.2
2025-07-10T13:00:00-07:00,16,114,5.3
2025-07-10T13:30:00-07:00,15,115,4.9
2025-07-10T14:00:00-07:00,16,115,4.1
2025-07-10T14:30:00-07:00,16,115,3.9
2025-07-10T15:00:00-07:00,16,115,3.7
2025-07-10T15:30:00-07:00,17,113,4.2
2025-07-10T16:00:00-07:00,17,112,4
2025-07-10T16:30:00-07:00,16,110,4.5
2025-07-10T17:00:00-07:00,17,108,4.4
2025-07-10T17:30:00-07:00,17,107,4.9
2025-07-10T18:00:00-07:00,19,106,4.3
2025-07-10T18:30:00-07:00,21,104,6.3
2025-07-10T19:00:00-07:00,22,101,4.7
2025-07-10T19:30:00-07:00,26,97,3.8
2025-07-10T20:00:00-07:00,29,94,4
2025-07-10T20:30:00-07:00,31,91,4.1
2025-07-10T21:00:00-07:00,33,90,6.4
2025-07-10T21:30:00-07:00,33,88,4.8
2025-07-10T22:00:00-07:00,34,87,4.8
2025-07-10T22:30:00-07:00,35,86,5.2
2025-07-10T23:00:00-07:00,35,85,5.7
2025-07-10T23:30:00-07:00,35,85,9.4
2025-07-11T00:00:00-07:00,36,84,6.4
2025-07-11T00:30:00-07:00,36,84,5.9
2025-07-11T01:00:00-07:00,37,83,6.1
2025-07-11T01:30:00-07:00,38,82,6.5
2025-07-11T02:00:00-07:00,37,82,6.2
2025-07-11T02:30:00-07:00,37,81,6.1
2025-07-11T03:00:00-07:00,38,81,6.3
2025-07-11T03:30:00-07:00,39,80,7
2025-07-11T04:00:00-07:00,38,80,7.3
2025-07-11T04:30:00-07:00,38,80,7.4
2025-07-11T05:00:00-07:00,39,79,7.7
2025-07-11T05:30:00-07:00,39,79,7.8
2025-07-11T06:00:00-07:00,38,80,7.6
2025-07-11T06:30:00-07:00,31,90,7.6
2025-07-11T07:00:00-07:00,23,102,8.5
2025-07-11T07:30:00-07:00,18,110,8.5
2025-07-11T08:00:00-07:00,18,112,7.4
2025-07-11T08:30:00-07:00,19,109,7.3
2025-07-11T09:00:00-07:00,20,106,7.5
2025-07-11T09:30:00-07:00,21,105,7.2
2025-07-11T10:00:00-07:00,21,105,7.6
2025-07-11T10:30:00-07:00,21,107,7.3
2025-07-11T11:00:00-07:00,19,110,7.1
2025-07-11T11:30:00-07:00,19,111,8
2025-07-11T12:00:00-07:00,18,113,9.3
2025-07-11T12:30:00-07:00,18,116,9.7
2025-07-11T13:00:00-07:00,18,116,8.8
2025-07-11T13:30:00-07:00,19,113,8.3
2025-07-11T14:00:00-07:00,19,112,7.6
2025-07-11T14:30:00-07:00,19,111,7.9
2025-07-11T15:00:00-07:00,19,110,9.3
2025-07-11T15:30:00-07:00,19,110,10
2025-07-11T16:00:00-07:00,19,109,11.9
2025-07-11T16:30:00-07:00,20,107,11.9
2025-07-11T17:00:00-07:00,21,105,9.6
2025-07-11T17:30:00-07:00,22,103,7.8
2025-07-11T18:00:00-07:00,23,101,7.5
2025-07-11T18:30:00-07:00,25,99,6.5
2025-07-11T19:00:00-07:00,27,96,7.7
2025-07-11T19:30:00-07:00,28,94,7
2025-07-11T20:00:00-07:00,29,92,6.7
2025-07-11T20:30:00-07:00,31,90,6.7
2025-07-11T21:00:00-07:00,33,89,9.6
2025-07-11T21:30:00-07:00,33,88,8.4
2025-07-11T22:00:00-07:00,34,87,8
2025-07-11T22:30:00-07:00,35,86,8.7
2025-07-11T23:00:00-07:00,35,85,9.2
2025-07-11T23:30:00-07:00,35,85,11.1
2025-07-12T00:00:00-07:00,35,84,10.3
2025-07-12T00:30:00-07:00,35,84,10.5
2025-07-12T01:00:00-07:00,35,84,9.7
2025-07-12T01:30:00-07:00,37,82,8.1
2025-07-12T02:00:00-07:00,38,81,6.2
2025-07-12T02:30:00-07:00,38,80,7.1
2025-07-12T03:00:00-07:00,39,80,7
2025-07-12T03:30:00-07:00,39,79,5.5
2025-07-12T04:00:00-07:00,40,79,4.9
2025-07-12T04:30:00-07:00,40,79,6.3
2025-07-12T05:00:00-07:00,40,78,6.6
2025-07-12T05:30:00-07:00,41,79,8.4
2025-07-12T06:00:00-07:00,40,79,7.8
2025-07-12T06:30:00-07:00,41,80,8.6
2025-07-12T07:00:00-07:00,38,82,9.5
2025-07-12T07:30:00-07:00,37,83,7.9
2025-07-12T08:00:00-07:00,34,87,9
2025-07-12T08:30:00-07:00,29,93,9.4
2025-07-12T09:00:00-07:00,26,97,7.6
2025-07-12T09:30:00-07:00,25,99,7.9
2025-07-12T10:00:00-07:00,24,101,7.6
2025-07-12T10:30:00-07:00,23,102,6.7
2025-07-12T11:00:00-07:00,22,104,6.7
2025-07-12T11:30:00-07:00,21,106,6.8
2025-07-12T12:00:00-07:00,21,108,7.2
2025-07-12T12:30:00-07:00,20,110,7
2025-07-12T13:00:00-07:00,20,111,6.7
2025-07-12T13:30:00-07:00,20,110,6.1
2025-07-12T14:00:00-07:00,20,109,5.5
2025-07-12T14:30:00-07:00,20,108,5.1
2025-07-12T15:00:00-07:00,21,107,5.1
2025-07-12T15:30:00-07:00,22,104,5.1
2025-07-12T16:00:00-07:00,23,102,4.9
2025-07-12T16:30:00-07:00,24,101,4.4
2025-07-12T17:00:00-07:00,24,99,5
2025-07-12T17:30:00-07:00,24,99,6.4
2025-07-12T18:00:00-07:00,25,97,5.8
2025-07-12T18:30:00-07:00,26,94,6.7
2025-07-12T19:00:00-07:00,27,94,9.5
2025-07-12T19:30:00-07:00,28,92,7.3
2025-07-12T20:00:00-07:00,30,89,7.3
2025-07-12T20:30:00-07:00,32,86,7.6
2025-07-12T21:00:00-07:00,34,84,9.2
2025-07-12T21:30:00-07:00,35,83,9.4
2025-07-12T22:00:00-07:00,36,81,7.3
2025-07-12T22:30:00-07:00,38,80,7.4
2025-07-12T23:00:00-07:00,38,80,7.6
2025-07-12T23:30:00-07:00,38,80,7.6
2025-07-13T00:00:00-07:00,38,80,7.5
2025-07-13T00:30:00-07:00,39,79,8.1
2025-07-13T01:00:00-07:00,38,80,11.3
2025-07-13T01:30:00-07:00,39,81,10.4
2025-07-13T02:00:00-07:00,39,81,9.6
2025-07-13T02:30:00-07:00,39,81,9.7
2025-07-13T03:00:00-07:00,39,81,9.3
2025-07-13T03:30:00-07:00,38,81,9.3
2025-07-13T04:00:00-07:00,38,82,9.8
2025-07-13T04:30:00-07:00,38,82,10.2
2025-07-13T05:00:00-07:00,38,83,10.1
2025-07-13T05:30:00-07:00,37,83,10.3
2025-07-13T06:00:00-07:00,37,82,10
2025-07-13T06:30:00-07:00,38,82,9.7
2025-07-13T07:00:00-07:00,37,83,9.4
2025-07-13T07:30:00-07:00,37,83,9.4
2025-07-13T08:00:00-07:00,36,85,9.4
2025-07-13T08:30:00-07:00,35,86,9.3
2025-07-13T09:00:00-07:00,32,89,9.6
2025-07-13T09:30:00-07:00,28,95,8.1
2025-07-13T10:00:00-07:00,25,99,7.1
2025-07-13T10:30:00-07:00,24,101,6.9
2025-07-13T11:00:00-07:00,23,102,7.6
2025-07-13T11:30:00-07:00,22,105,7
2025-07-13T12:00:00-07:00,21,107,7
2025-07-13T12:30:00-07:00,20,109,6.7
2025-07-13T13:00:00-07:00,21,109,6.9
2025-07-13T13:30:00-07:00,21,109,6.2
2025-07-13T14:00:00-07:00,21,107,5.7
2025-07-13T14:30:00-07:00,21,107,2.8
2025-07-13T15:00:00-07:00,21,106,2.3
2025-07-13T15:30:00-07:00,21,105,1.3
2025-07-13T16:00:00-07:00,21,103,1.4
2025-07-13T16:30:00-07:00,23,101,1.6
2025-07-13T17:00:00-07:00,25,98,1.7
2025-07-13T17:30:00-07:00,25,97,3.7
2025-07-13T18:00:00-07:00,26,95,1.7
2025-07-13T18:30:00-07:00,28,92,2.4
2025-07-13T19:00:00-07:00,31,89,2.6
2025-07-13T19:30:00-07:00,33,86,2.9
2025-07-13T20:00:00-07:00,35,84,3
2025-07-13T20:30:00-07:00,36,83,2.3
2025-07-13T21:00:00-07:00,38,80,2.2
2025-07-13T21:30:00-07:00,38,80,6.4
2025-07-13T22:00:00-07:00,38,80,3
2025-07-13T22:30:00-07:00,38,80,3.7
2025-07-13T23:00:00-07:00,38,80,3.5
2025-07-13T23:30:00-07:00,38,80,6
2025-07-14T00:00:00-07:00,37,80,15.3
2025-07-14T00:30:00-07:00,37,81,20.4
2025-07-14T01:00:00-07:00,38,80,6.4
2025-07-14T01:30:00-07:00,39,79,6.3
2025-07-14T02:00:00-07:00,40,78,4.7
2025-07-14T02:30:00-07:00,41,79,5.1
2025-07-14T03:00:00-07:00,41,79,5.4
2025-07-14T03:30:00-07:00,40,80,6.7
2025-07-14T04:00:00-07:00,41,80,7.8
2025-07-14T04:30:00-07:00,40,80,8.1
2025-07-14T05:00:00-07:00,41,80,9.3
2025-07-14T05:30:00-07:00,41,80,9.1
2025-07-14T06:00:00-07:00,41,80,9.3
2025-07-14T06:30:00-07:00,40,81,10.4
2025-07-14T07:00:00-07:00,41,81,11.9
2025-07-14T07:30:00-07:00,39,83,12.1
2025-07-14T08:00:00-07:00,37,85,12.3
2025-07-14T08:30:00-07:00,37,85,14.9
2025-07-14T09:00:00-07:00,35,87,15.5
2025-07-14T09:30:00-07:00,30,94,11.6
2025-07-14T10:00:00-07:00,27,98,9.9
2025-07-14T10:30:00-07:00,25,100,8.2
2025-07-14T11:00:00-07:00,23,102,8.6
2025-07-14T11:30:00-07:00,22,104,7.4
2025-07-14T12:00:00-07:00,20,108,5
2025-07-14T12:30:00-07:00,18,111,3.9
2025-07-14T13:00:00-07:00,18,112,4.2
2025-07-14T13:30:00-07:00,19,111,2.8
2025-07-14T14:00:00-07:00,18,110,1.3
2025-07-14T14:30:00-07:00,18,109,0.6
2025-07-14T15:00:00-07:00,19,107,1.4
2025-07-14T15:30:00-07:00,20,105,1.2
2025-07-14T16:00:00-07:00,21,104,0
2025-07-14T16:30:00-07:00,21,102,0.4
2025-07-14T17:00:00-07:00,23,99,0.2
2025-07-14T17:30:00-07:00,24,98,1
2025-07-14T18:00:00-07:00,25,95,0.5
2025-07-14T18:30:00-07:00,26,93,1
2025-07-14T19:00:00-07:00,28,90,1.2
2025-07-14T19:30:00-07:00,31,88,3.7
2025-07-14T20:00:00-07:00,33,85,2.2
2025-07-14T20:30:00-07:00,35,83,2.2
2025-07-14T21:00:00-07:00,37,81,1.8
2025-07-14T21:30:00-07:00,37,81,1.2
2025-07-14T22:00:00-07:00,38,80,5.5
2025-07-14T22:30:00-07:00,38,80,0.3
2025-07-14T23:00:00-07:00,39,80,0.2
2025-07-14T23:30:00-07:00,39,80,0.2
2025-07-15T00:00:00-07:00,39,80,0.3
2025-07-15T00:30:00-07:00,39,80,0.5
2025-07-15T01:00:00-07:00,39,79,0.7
2025-07-15T01:30:00-07:00,39,79,1
2025-07-15T02:00:00-07:00,40,79,1.2
2025-07-15T02:30:00-07:00,41,79,3.2
2025-07-15T03:00:00-07:00,41,80,4.3
2025-07-15T03:30:00-07:00,41,80,4.9
2025-07-15T04:00:00-07:00,41,80,5.1
2025-07-15T04:30:00-07:00,41,80,6.4
2025-07-15T05:00:00-07:00,41,80,8.1
2025-07-15T05:30:00-07:00,40,81,6.6
2025-07-15T06:00:00-07:00,40,81,4.1
2025-07-15T06:30:00-07:00,39,81,3.5
2025-07-15T07:00:00-07:00,39,81,2.5
2025-07-15T07:30:00-07:00,38,82,2.1
2025-07-15T08:00:00-07:00,37,83,1.9
2025-07-15T08:30:00-07:00,34,87,3.1
2025-07-15T09:00:00-07:00,29,93,3.2
2025-07-15T09:30:00-07:00,26,96,3.2
2025-07-15T10:00:00-07:00,24,99,2.4
2025-07-15T10:30:00-07:00,23,101,1.8
2025-07-15T11:00:00-07:00,22,103,1.6
2025-07-15T11:30:00-07:00,22,104,2.5
2025-07-15T12:00:00-07:00,22,105,2.8
2025-07-15T12:30:00-07:00,20,107,3.2
2025-07-15T13:00:00-07:00,20,108,2.9
2025-07-15T13:30:00-07:00,21,107,3.1
2025-07-15T14:00:00-07:00,22,104,2.5
2025-07-15T14:30:00-07:00,23,102,0.9
2025-07-15T15:00:00-07:00,24,101,0.6
2025-07-15T15:30:00-07:00,25,98,2.8
2025-07-15T16:00:00-07:00,25,97,0.6
2025-07-15T16:30:00-07:00,26,95,1.3
2025-07-15T17:00:00-07:00,27,93,2.8
2025-07-15T17:30:00-07:00,28,92,1.7
2025-07-15T18:00:00-07:00,29,91,1.6
2025-07-15T18:30:00-07:00,30,90,2.3
2025-07-15T19:00:00-07:00,32,87,3
2025-07-15T19:30:00-07:00,35,85,4.8
2025-07-15T20:00:00-07:00,36,84,3.2
2025-07-15T20:30:00-07:00,37,82,2.8
2025-07-15T21:00:00-07:00,38,81,3.3
2025-07-15T21:30:00-07:00,39,81,8.9
2025-07-15T22:00:00-07:00,39,80,4.3
2025-07-15T22:30:00-07:00,40,80,4
2025-07-15T23:00:00-07:00,40,80,4.1
2025-07-15T23:30:00-07:00,40,80,9.9
2025-07-16T00:00:00-07:00,41,80,4.3
2025-07-16T00:30:00-07:00,40,80,4.1
2025-07-16T01:00:00-07:00,39,80,3.6
2025-07-16T01:30:00-07:00,39,81,2.9
2025-07-16T02:00:00-07:00,38,81,2.7
2025-07-16T02:30:00-07:00,38,80,2.6
2025-07-16T03:00:00-07:00,39,78,3.1
2025-07-16T03:30:00-07:00,40,78,3
2025-07-16T04:00:00-07:00,40,78,3.2
2025-07-16T04:30:00-07:00,39,78,3.2
2025-07-16T05:00:00-07:00,40,78,3
2025-07-16T05:30:00-07:00,42,77,2.4
2025-07-16T06:00:00-07:00,42,77,2.3
2025-07-16T06:30:00-07:00,42,77,2.2
2025-07-16T07:00:00-07:00,42,78,2
2025-07-16T07:30:00-07:00,39,80,2.1
2025-07-16T08:00:00-07:00,30,91,1.9
2025-07-16T08:30:00-07:00,24,97,1.6
2025-07-16T09:00:00-07:00,23,99,1.2
2025-07-16T09:30:00-07:00,24,97,1.6
2025-07-16T10:00:00-07:00,23,100,1.2
2025-07-16T10:30:00-07:00,22,101,1.1
2025-07-16T11:00:00-07:00,21,103,0.8
2025-07-16T11:30:00-07:00,21,103,0.3
2025-07-16T12:00:00-07:00,21,104,0.1
2025-07-16T12:30:00-07:00,21,103,0.3
2025-07-16T13:00:00-07:00,22,102,0.5
2025-07-16T13:30:00-07:00,23,100,1.5
2025-07-16T14:00:00-07:00,23,99,0.5
2025-07-16T14:30:00-07:00,24,98,1.5
2025-07-16T15:00:00-07:00,24,98,0.1
2025-07-16T15:30:00-07:00,24,97,0.8
2025-07-16T16:00:00-07:00,25,95,1.6
2025-07-16T16:30:00-07:00,25,94,0.4
2025-07-16T17:00:00-07:00,27,92,0.2
2025-07-16T17:30:00-07:00,29,90,2.3
2025-07-16T18:00:00-07:00,29,89,1.9
2025-07-16T18:30:00-07:00,31,87,0.5
2025-07-16T19:00:00-07:00,32,86,2.3
2025-07-16T19:30:00-07:00,34,84,1.9
2025-07-16T20:00:00-07:00,36,82,1
2025-07-16T20:30:00-07:00,37,81,2.9
2025-07-16T21:00:00-07:00,38,80,1
2025-07-16T21:30:00-07:00,39,79,1
2025-07-16T22:00:00-07:00,39,79,1.3
2025-07-16T22:30:00-07:00,39,79,1.2
2025-07-16T23:00:00-07:00,39,79,0.9
2025-07-16T23:30:00-07:00,40,79,1.1
2025-07-17T00:00:00-07:00,41,78,1
2025-07-17T00:30:00-07:00,41,78,1
2025-07-17T01:00:00-07:00,41,78,1
2025-07-17T01:30:00-07:00,41,78,1.1
2025-07-17T02:00:00-07:00,41,79,1.4
2025-07-17T02:30:00-07:00,41,79,1.5
2025-07-17T03:00:00-07:00,41,79,1.6
2025-07-17T03:30:00-07:00,41,78,1.6
2025-07-17T04:00:00-07:00,40,79,1.6
2025-07-17T04:30:00-07:00,39,80,1.6
2025-07-17T05:00:00-07:00,38,80,1.8
2025-07-17T05:30:00-07:00,38,81,1.9
2025-07-17T06:00:00-07:00,38,81,2
2025-07-17T06:30:00-07:00,37,81,2.9
2025-07-17T07:00:00-07:00,37,82,4.1
2025-07-17T07:30:00-07:00,36,82,4.1
2025-07-17T08:00:00-07:00,36,82,5.2
2025-07-17T08:30:00-07:00,35,84,5.3
2025-07-17T09:00:00-07:00,32,88,4.4
2025-07-17T09:30:00-07:00,30,91,3.3
2025-07-17T10:00:00-07:00,26,95,3.1
2025-07-17T10:30:00-07:00,24,99,3.1
2025-07-17T11:00:00-07:00,23,101,2.4
2025-07-17T11:30:00-07:00,22,102,2.5
2025-07-17T12:00:00-07:00,21,104,2.8
2025-07-17T12:30:00-07:00,21,104,3.7
2025-07-17T13:00:00-07:00,21,105,2.9
2025-07-17T13:30:00-07:00,22,104,1.5
2025-07-17T14:00:00-07:00,22,103,1.1
2025-07-17T14:30:00-07:00,22,102,1.2
2025-07-17T15:00:00-07:00,23,101,1.2
2025-07-17T15:30:00-07:00,24,99,0.8
2025-07-17T16:00:00-07:00,25,97,0.6
2025-07-17T16:30:00-07:00,26,95,2.6
2025-07-17T17:00:00-07:00,27,93,3.2
2025-07-17T17:30:00-07:00,28,91,1
2025-07-17T18:00:00-07:00,29,90,1.4
2025-07-17T18:30:00-07:00,30,89,0.7
2025-07-17T19:00:00-07:00,31,87,0.6
2025-07-17T19:30:00-07:00,32,86,0.5
2025-07-17T20:00:00-07:00,33,84,2.8
2025-07-17T20:30:00-07:00,35,83,0.6
2025-07-17T21:00:00-07:00,36,82,0.7
2025-07-17T21:30:00-07:00,37,82,0.4
2025-07-17T22:00:00-07:00,38,81,0.6
2025-07-17T22:30:00-07:00,38,81,4.4
2025-07-17T23:00:00-07:00,38,81,0.9
2025-07-17T23:30:00-07:00,39,81,2.4
2025-07-18T00:00:00-07:00,40,80,5.5
2025-07-18T00:30:00-07:00,40,80,1.2
2025-07-18T01:00:00-07:00,41,79,1.4
2025-07-18T01:30:00-07:00,40,79,1.6
2025-07-18T02:00:00-07:00,41,79,2.3
2025-07-18T02:30:00-07:00,41,79,1.2
2025-07-18T03:00:00-07:00,41,80,1.4
2025-07-18T03:30:00-07:00,41,80,1.4
2025-07-18T04:00:00-07:00,40,81,1.7
2025-07-18T04:30:00-07:00,39,81,2.4
2025-07-18T05:00:00-07:00,38,81,2.8
2025-07-18T05:30:00-07:00,38,82,2.8
2025-07-18T06:00:00-07:00,38,82,2.8
2025-07-18T06:30:00-07:00,38,82,3
2025-07-18T07:00:00-07:00,38,82,3
2025-07-18T07:30:00-07:00,37,83,3.1
2025-07-18T08:00:00-07:00,36,84,3.4
2025-07-18T08:30:00-07:00,35,85,3.8
2025-07-18T09:00:00-07:00,33,87,4
2025-07-18T09:30:00-07:00,31,90,4.4
2025-07-18T10:00:00-07:00,27,95,4.3
2025-07-18T10:30:00-07:00,26,97,4.4
2025-07-18T11:00:00-07:00,25,98,4.4
2025-07-18T11:30:00-07:00,24,100,4.4
2025-07-18T12:00:00-07:00,23,101,6.2
2025-07-18T12:30:00-07:00,23,102,5.4
2025-07-18T13:00:00-07:00,23,102,4.2
2025-07-18T13:30:00-07:00,23,102,5
2025-07-18T14:00:00-07:00,23,101,5.2
2025-07-18T14:30:00-07:00,24,100,3.1
2025-07-18T15:00:00-07:00,25,98,1.8
2025-07-18T15:30:00-07:00,26,96,1.4
2025-07-18T16:00:00-07:00,26,95,1.5
2025-07-18T16:30:00-07:00,27,92,1.9
2025-07-18T17:00:00-07:00,28,92,1.8
2025-07-18T17:30:00-07:00,28,91,3.1
2025-07-18T18:00:00-07:00,29,90,0.6
2025-07-18T18:30:00-07:00,31,89,0.6
2025-07-18T19:00:00-07:00,33,87,1.4
2025-07-18T19:30:00-07:00,36,84,4.7
2025-07-18T20:00:00-07:00,38,81,1.8
2025-07-18T20:30:00-07:00,40,80,3.6
2025-07-18T21:00:00-07:00,40,80,5.8
2025-07-18T21:30:00-07:00,41,79,5.3
2025-07-18T22:00:00-07:00,41,79,4.8
2025-07-18T22:30:00-07:00,40,80,7
2025-07-18T23:00:00-07:00,40,80,5.4
2025-07-18T23:30:00-07:00,39,80,8.4
2025-07-19T00:00:00-07:00,40,80,5.4
2025-07-19T00:30:00-07:00,40,80,5.8
2025-07-19T01:00:00-07:00,40,80,7.6
2025-07-19T01:30:00-07:00,40,79,7.2
2025-07-19T02:00:00-07:00,40,79,7.2
2025-07-19T02:30:00-07:00,40,80,6.3
2025-07-19T03:00:00-07:00,40,79,6.5
2025-07-19T03:30:00-07:00,40,78,6.2
2025-07-19T04:00:00-07:00,40,78,4.6
2025-07-19T04:30:00-07:00,40,78,4.2
2025-07-19T05:00:00-07:00,40,78,3.8
2025-07-19T05:30:00-07:00,39,78,4.4
2025-07-19T06:00:00-07:00,39,78,4.4
2025-07-19T06:30:00-07:00,39,78,4.1
2025-07-19T07:00:00-07:00,39,79,4.7
2025-07-19T07:30:00-07:00,38,80,4.6
2025-07-19T08:00:00-07:00,38,80,4.9
2025-07-19T08:30:00-07:00,37,81,5
2025-07-19T09:00:00-07:00,37,82,5
2025-07-19T09:30:00-07:00,35,83,5.7
2025-07-19T10:00:00-07:00,34,84,6.5
2025-07-19T10:30:00-07:00,33,86,6.7
2025-07-19T11:00:00-07:00,31,87,8.4
2025-07-19T11:30:00-07:00,29,91,7.8
2025-07-19T12:00:00-07:00,27,95,6
2025-07-19T12:30:00-07:00,26,96,4.9
2025-07-19T13:00:00-07:00,25,98,5
2025-07-19T13:30:00-07:00,24,100,7.4
2025-07-19T14:00:00-07:00,24,100,3.5
2025-07-19T14:30:00-07:00,23,101,3.7
2025-07-19T15:00:00-07:00,23,100,4.1
2025-07-19T15:30:00-07:00,24,100,2.8
2025-07-19T16:00:00-07:00,24,99,2.7
2025-07-19T16:30:00-07:00,24,98,2.1
2025-07-19T17:00:00-07:00,26,95,2.4
2025-07-19T17:30:00-07:00,26,95,6.5
2025-07-19T18:00:00-07:00,27,93,4.7
2025-07-19T18:30:00-07:00,29,90,2.7
2025-07-19T19:00:00-07:00,30,88,2.9
2025-07-19T19:30:00-07:00,32,86,6.2
2025-07-19T20:00:00-07:00,35,84,4.4
2025-07-19T20:30:00-07:00,36,82,5.2
2025-07-19T21:00:00-07:00,38,80,4.9
2025-07-19T21:30:00-07:00,38,80,8.5
2025-07-19T22:00:00-07:00,38,80,9.3
2025-07-19T22:30:00-07:00,39,79,6.5
2025-07-19T23:00:00-07:00,40,79,7.3
2025-07-19T23:30:00-07:00,40,79,7.5
2025-07-20T00:00:00-07:00,40,79,13.8
2025-07-20T00:30:00-07:00,40,78,7.8
2025-07-20T01:00:00-07:00,41,79,8.4
2025-07-20T01:30:00-07:00,40,80,9.1
2025-07-20T02:00:00-07:00,39,81,9.5
2025-07-20T02:30:00-07:00,39,81,9.1
2025-07-20T03:00:00-07:00,39,81,7.9
2025-07-20T03:30:00-07:00,39,81,7.7
2025-07-20T04:00:00-07:00,39,81,7.3
2025-07-20T04:30:00-07:00,39,81,7.2
2025-07-20T05:00:00-07:00,39,81,7.8
2025-07-20T05:30:00-07:00,39,80,13.7
2025-07-20T06:00:00-07:00,40,79,14
2025-07-20T06:30:00-07:00,42,78,13.5
2025-07-20T07:00:00-07:00,43,77,10.6
2025-07-20T07:30:00-07:00,45,75,8.3
2025-07-20T08:00:00-07:00,45,75,8.3
2025-07-20T08:30:00-07:00,43,77,8.6
2025-07-20T09:00:00-07:00,39,80,10.6
2025-07-20T09:30:00-07:00,35,84,10.9
2025-07-20T10:00:00-07:00,32,88,11.2
2025-07-20T10:30:00-07:00,28,93,11.4
2025-07-20T11:00:00-07:00,26,97,12.1
2025-07-20T11:30:00-07:00,24,99,6.3
2025-07-20T12:00:00-07:00,24,101,2.5
2025-07-20T12:30:00-07:00,24,101,2.8
2025-07-20T13:00:00-07:00,24,101,2.6
2025-07-20T13:30:00-07:00,24,100,3.5
2025-07-20T14:00:00-07:00,25,98,5
2025-07-20T14:30:00-07:00,25,98,6.6
2025-07-20T15:00:00-07:00,25,97,4.3
2025-07-20T15:30:00-07:00,26,95,3.8
2025-07-20T16:00:00-07:00,28,93,5.3
2025-07-20T16:30:00-07:00,29,92,8.9
2025-07-20T17:00:00-07:00,30,90,5.8
2025-07-20T17:30:00-07:00,32,89,7.2
2025-07-20T18:00:00-07:00,32,88,13.2
2025-07-20T18:30:00-07:00,33,86,7.9
2025-07-20T19:00:00-07:00,34,85,7.3
2025-07-20T19:30:00-07:00,35,84,6.7
2025-07-20T20:00:00-07:00,35,84,6
2025-07-20T20:30:00-07:00,35,83,6.3
2025-07-20T21:00:00-07:00,36,82,7
2025-07-20T21:30:00-07:00,35,82,9.9
2025-07-20T22:00:00-07:00,36,81,6.1
2025-07-20T22:30:00-07:00,36,81,8.9
2025-07-20T23:00:00-07:00,37,81,8.2
2025-07-20T23:30:00-07:00,37,80,5.8
2025-07-21T00:00:00-07:00,38,80,9
2025-07-21T00:30:00-07:00,38,79,5.9
2025-07-21T01:00:00-07:00,39,79,5.7
2025-07-21T01:30:00-07:00,39,79,5.6
2025-07-21T02:00:00-07:00,40,78,5.3
2025-07-21T02:30:00-07:00,40,79,5.3
2025-07-21T03:00:00-07:00,40,79,4.9
2025-07-21T03:30:00-07:00,41,78,5.3
2025-07-21T04:00:00-07:00,43,77,6.4
2025-07-21T04:30:00-07:00,44,76,6.8
2025-07-21T05:00:00-07:00,44,76,2.4
2025-07-21T05:30:00-07:00,44,77,3.9
2025-07-21T06:00:00-07:00,42,77,7.3
2025-07-21T06:30:00-07:00,43,77,7.4
2025-07-21T07:00:00-07:00,43,77,5.9
2025-07-21T07:30:00-07:00,42,77,3
2025-07-21T08:00:00-07:00,40,79,1.1
2025-07-21T08:30:00-07:00,39,80,1.6
2025-07-21T09:00:00-07:00,38,81,1.4
2025-07-21T09:30:00-07:00,37,83,0.5
2025-07-21T10:00:00-07:00,34,86,0
2025-07-21T10:30:00-07:00,30,92,0
2025-07-21T11:00:00-07:00,27,95,0
2025-07-21T11:30:00-07:00,25,98,0
2025-07-21T12:00:00-07:00,24,100,0
2025-07-21T12:30:00-07:00,24,102,0
2025-07-21T13:00:00-07:00,24,101,0
2025-07-21T13:30:00-07:00,24,100,0
2025-07-21T14:00:00-07:00,25,99,0.1
2025-07-21T14:30:00-07:00,26,98,0.2
2025-07-21T15:00:00-07:00,26,97,1.4
2025-07-21T15:30:00-07:00,27,95,1.1
2025-07-21T16:00:00-07:00,27,94,1.2
2025-07-21T16:30:00-07:00,29,92,2.7
2025-07-21T17:00:00-07:00,30,91,1.7
2025-07-21T17:30:00-07:00,31,90,0.6
2025-07-21T18:00:00-07:00,31,88,2
2025-07-21T18:30:00-07:00,33,86,2.8
2025-07-21T19:00:00-07:00,34,85,1.3
2025-07-21T19:30:00-07:00,35,84,1.1
2025-07-21T20:00:00-07:00,36,83,6.8
2025-07-21T20:30:00-07:00,37,82,1.6
2025-07-21T21:00:00-07:00,37,82,2.3
2025-07-21T21:30:00-07:00,38,81,1.4
2025-07-21T22:00:00-07:00,40,80,0.3
2025-07-21T22:30:00-07:00,41,79,0.4
2025-07-21T23:00:00-07:00,41,79,0
2025-07-21T23:30:00-07:00,41,80,0.1
2025-07-22T00:00:00-07:00,40,79,1.5
2025-07-22T00:30:00-07:00,42,78,0.1
2025-07-22T01:00:00-07:00,42,78,0.2
2025-07-22T01:30:00-07:00,43,77,0.2
2025-07-22T02:00:00-07:00,43,77,0.2
2025-07-22T02:30:00-07:00,42,78,0.2
2025-07-22T03:00:00-07:00,42,78,0.4
2025-07-22T03:30:00-07:00,44,77,0.8
2025-07-22T04:00:00-07:00,45,76,0.9
2025-07-22T04:30:00-07:00,44,77,0.7
2025-07-22T05:00:00-07:00,44,77,0.3
2025-07-22T05:30:00-07:00,44,77,0.1
2025-07-22T06:00:00-07:00,42,78,0.1
2025-07-22T06:30:00-07:00,43,78,0.1
2025-07-22T07:00:00-07:00,42,78,0.1
2025-07-22T07:30:00-07:00,40,80,0.1
2025-07-22T08:00:00-07:00,39,80,0.1
2025-07-22T08:30:00-07:00,39,82,0.1
2025-07-22T09:00:00-07:00,36,84,0
2025-07-22T09:30:00-07:00,34,86,0
2025-07-22T10:00:00-07:00,30,90,0
2025-07-22T10:30:00-07:00,28,93,0
2025-07-22T11:00:00-07:00,24,99,0
2025-07-22T11:30:00-07:00,24,99,0
2025-07-22T12:00:00-07:00,24,99,0
2025-07-22T12:30:00-07:00,25,97,0.4
2025-07-22T13:00:00-07:00,25,98,1.8
2025-07-22T13:30:00-07:00,25,98,0.9
2025-07-22T14:00:00-07:00,26,95,0.4
2025-07-22T14:30:00-07:00,27,93,0.5
2025-07-22T15:00:00-07:00,28,92,0.7
2025-07-22T15:30:00-07:00,29,91,1.2
2025-07-22T16:00:00-07:00,30,90,1.5
2025-07-22T16:30:00-07:00,31,90,1.7
2025-07-22T17:00:00-07:00,31,89,1.1
2025-07-22T17:30:00-07:00,32,89,1.3
2025-07-22T18:00:00-07:00,32,87,1
2025-07-22T18:30:00-07:00,34,86,1.1
2025-07-22T19:00:00-07:00,34,85,2.7
2025-07-22T19:30:00-07:00,35,84,3.2
2025-07-22T20:00:00-07:00,36,83,1.9
2025-07-22T20:30:00-07:00,35,83,1.4
2025-07-22T21:00:00-07:00,36,82,3
2025-07-22T21:30:00-07:00,36,82,5.4
2025-07-22T22:00:00-07:00,37,82,4.6
2025-07-22T22:30:00-07:00,36,82,2.4
2025-07-22T23:00:00-07:00,36,82,2
2025-07-22T23:30:00-07:00,36,82,1.4
2025-07-23T00:00:00-07:00,36,82,1.2
2025-07-23T00:30:00-07:00,36,81,1.3
2025-07-23T01:00:00-07:00,36,81,1.5
2025-07-23T01:30:00-07:00,37,81,1.8
2025-07-23T02:00:00-07:00,38,80,2
2025-07-23T02:30:00-07:00,38,79,1.8
2025-07-23T03:00:00-07:00,39,79,1.7
2025-07-23T03:30:00-07:00,39,79,1.5
2025-07-23T04:00:00-07:00,39,79,1.4
2025-07-23T04:30:00-07:00,39,78,1
2025-07-23T05:00:00-07:00,39,78,0.8
2025-07-23T05:30:00-07:00,39,79,0.7
2025-07-23T06:00:00-07:00,38,79,0.6
2025-07-23T06:30:00-07:00,38,79,0.6
2025-07-23T07:00:00-07:00,38,79,0.4
2025-07-23T07:30:00-07:00,38,79,0.2
2025-07-23T08:00:00-07:00,37,81,0.4
2025-07-23T08:30:00-07:00,35,83,0.4
2025-07-23T09:00:00-07:00,32,86,0.3
2025-07-23T09:30:00-07:00,30,88,0.4
2025-07-23T10:00:00-07:00,29,90,0.9
2025-07-23T10:30:00-07:00,26,95,1.5
2025-07-23T11:00:00-07:00,24,97,1.1
2025-07-23T11:30:00-07:00,23,99,0.5
2025-07-23T12:00:00-07:00,22,101,1
2025-07-23T12:30:00-07:00,22,101,0
2025-07-23T13:00:00-07:00,22,101,0
2025-07-23T13:30:00-07:00,22,102,0
2025-07-23T14:00:00-07:00,22,101,0
2025-07-23T14:30:00-07:00,22,100,0.1
2025-07-23T15:00:00-07:00,23,98,0.2
2025-07-23T15:30:00-07:00,25,96,0.8
2025-07-23T16:00:00-07:00,26,95,0.1
2025-07-23T16:30:00-07:00,27,93,0
2025-07-23T17:00:00-07:00,28,92,0
2025-07-23T17:30:00-07:00,30,90,1.5
2025-07-23T18:00:00-07:00,32,89,0
2025-07-23T18:30:00-07:00,32,88,0
2025-07-23T19:00:00-07:00,34,87,0
2025-07-23T19:30:00-07:00,34,86,0
2025-07-23T20:00:00-07:00,36,84,1.5
2025-07-23T20:30:00-07:00,36,83,3
2025-07-23T21:00:00-07:00,38,82,1
2025-07-23T21:30:00-07:00,39,81,0.3
2025-07-23T22:00:00-07:00,40,80,7.4
2025-07-23T22:30:00-07:00,41,80,1.1
2025-07-23T23:00:00-07:00,41,80,0.9
2025-07-23T23:30:00-07:00,41,80,0.6
2025-07-24T00:00:00-07:00,40,80,2.8
2025-07-24T00:30:00-07:00,40,80,1.1
2025-07-24T01:00:00-07:00,41,79,0.3
2025-07-24T01:30:00-07:00,41,79,0.2
2025-07-24T02:00:00-07:00,42,79,0.2
2025-07-24T02:30:00-07:00,41,79,0.2
2025-07-24T03:00:00-07:00,41,79,0.2
2025-07-24T03:30:00-07:00,41,79,0.1
2025-07-24T04:00:00-07:00,40,80,0.2
2025-07-24T04:30:00-07:00,40,80,0.1
2025-07-24T05:00:00-07:00,40,80,0.1
2025-07-24T05:30:00-07:00,40,79,0.2
2025-07-24T06:00:00-07:00,40,80,0.3
2025-07-24T06:30:00-07:00,41,80,0.4
2025-07-24T07:00:00-07:00,40,80,0.5
2025-07-24T07:30:00-07:00,40,80,0.5
2025-07-24T08:00:00-07:00,39,81,0.5
2025-07-24T08:30:00-07:00,38,82,0.7
2025-07-24T09:00:00-07:00,37,83,0.6
2025-07-24T09:30:00-07:00,35,85,0.6
2025-07-24T10:00:00-07:00,34,86,0.9
2025-07-24T10:30:00-07:00,32,89,1.2
2025-07-24T11:00:00-07:00,29,91,2.3
2025-07-24T11:30:00-07:00,28,93,3.7
2025-07-24T12:00:00-07:00,28,93,2.7
2025-07-24T12:30:00-07:00,25,99,1.3
2025-07-24T13:00:00-07:00,24,101,0.6
2025-07-24T13:30:00-07:00,24,101,0.3
2025-07-24T14:00:00-07:00,23,101,0
2025-07-24T14:30:00-07:00,24,99,0
2025-07-24T15:00:00-07:00,24,98,1.7
2025-07-24T15:30:00-07:00,25,97,1.6
2025-07-24T16:00:00-07:00,26,96,0.2
2025-07-24T16:30:00-07:00,28,93,0.1
2025-07-24T17:00:00-07:00,30,91,0.2
2025-07-24T17:30:00-07:00,31,89,2.5
2025-07-24T18:00:00-07:00,32,88,0.2
2025-07-24T18:30:00-07:00,34,86,0.9
2025-07-24T19:00:00-07:00,36,84,0.5
2025-07-24T19:30:00-07:00,38,83,0.7
2025-07-24T20:00:00-07:00,39,81,3.1
2025-07-24T20:30:00-07:00,39,81,4.4
2025-07-24T21:00:00-07:00,41,79,1
2025-07-24T21:30:00-07:00,42,79,1.1
2025-07-24T22:00:00-07:00,41,80,3.5
2025-07-24T22:30:00-07:00,42,78,1.2
2025-07-24T23:00:00-07:00,44,78,5
2025-07-24T23:30:00-07:00,42,79,14.8
2025-07-25T00:00:00-07:00,42,79,3.1
2025-07-25T00:30:00-07:00,42,79,1.9
2025-07-25T01:00:00-07:00,43,78,1.1
2025-07-25T01:30:00-07:00,42,78,0.9
2025-07-25T02:00:00-07:00,43,78,1.8
2025-07-25T02:30:00-07:00,42,78,0.4
2025-07-25T03:00:00-07:00,43,78,1.3
2025-07-25T03:30:00-07:00,42,79,2.6
2025-07-25T04:00:00-07:00,41,79,0.8
2025-07-25T04:30:00-07:00,41,79,0
2025-07-25T05:00:00-07:00,41,79,0
2025-07-25T05:30:00-07:00,42,78,0
2025-07-25T06:00:00-07:00,42,78,0
2025-07-25T06:30:00-07:00,42,78,0
2025-07-25T07:00:00-07:00,42,77,0
2025-07-25T07:30:00-07:00,43,77,0
2025-07-25T08:00:00-07:00,40,80,0
2025-07-25T08:30:00-07:00,37,82,0
2025-07-25T09:00:00-07:00,34,86,0
2025-07-25T09:30:00-07:00,29,91,0
2025-07-25T10:00:00-07:00,27,94,0.3
2025-07-25T10:30:00-07:00,26,95,0.4
2025-07-25T11:00:00-07:00,25,97,0.5
2025-07-25T11:30:00-07:00,24,99,2.6
2025-07-25T12:00:00-07:00,24,100,0.5
2025-07-25T12:30:00-07:00,23,101,0.2
2025-07-25T13:00:00-07:00,24,100,0.2
2025-07-25T13:30:00-07:00,24,100,1.7
2025-07-25T14:00:00-07:00,25,99,0.9
2025-07-25T14:30:00-07:00,26,97,0.3
2025-07-25T15:00:00-07:00,27,95,1.5
2025-07-25T15:30:00-07:00,28,94,1
2025-07-25T16:00:00-07:00,29,92,0.7
2025-07-25T16:30:00-07:00,31,89,0.9
2025-07-25T17:00:00-07:00,33,87,3.5
2025-07-25T17:30:00-07:00,34,86,0.4
2025-07-25T18:00:00-07:00,35,85,0.4
2025-07-25T18:30:00-07:00,37,84,3.4
2025-07-25T19:00:00-07:00,38,82,0.4
2025-07-25T19:30:00-07:00,40,81,0.6
2025-07-25T20:00:00-07:00,40,80,0.5
2025-07-25T20:30:00-07:00,41,80,2.2
2025-07-25T21:00:00-07:00,43,79,1.2
2025-07-25T21:30:00-07:00,42,78,1.8
2025-07-25T22:00:00-07:00,43,78,2.2
2025-07-25T22:30:00-07:00,43,78,1
2025-07-25T23:00:00-07:00,42,78,0.9
2025-07-25T23:30:00-07:00,42,79,2.7
2025-07-26T00:00:00-07:00,43,78,0.1
2025-07-26T00:30:00-07:00,43,78,0.1
2025-07-26T01:00:00-07:00,42,79,3.6
2025-07-26T01:30:00-07:00,42,79,2
2025-07-26T02:00:00-07:00,43,78,0
2025-07-26T02:30:00-07:00,43,77,0
2025-07-26T03:00:00-07:00,43,78,0
2025-07-26T03:30:00-07:00,43,77,0
2025-07-26T04:00:00-07:00,42,78,0
2025-07-26T04:30:00-07:00,42,78,0
2025-07-26T05:00:00-07:00,42,78,0
2025-07-26T05:30:00-07:00,42,78,0
2025-07-26T06:00:00-07:00,44,76,0
2025-07-26T06:30:00-07:00,43,77,0.1
2025-07-26T07:00:00-07:00,43,77,0.1
2025-07-26T07:30:00-07:00,40,79,0
2025-07-26T08:00:00-07:00,38,80,0
2025-07-26T08:30:00-07:00,35,83,0
2025-07-26T09:00:00-07:00,31,88,0
2025-07-26T09:30:00-07:00,28,91,0.3
2025-07-26T10:00:00-07:00,28,92,0.2
2025-07-26T10:30:00-07:00,26,94,0
2025-07-26T11:00:00-07:00,25,97,0.7
2025-07-26T11:30:00-07:00,24,99,1.2
2025-07-26T12:00:00-07:00,23,100,0
2025-07-26T12:30:00-07:00,23,100,0
2025-07-26T13:00:00-07:00,23,101,1.7
2025-07-26T13:30:00-07:00,23,100,0.3
2025-07-26T14:00:00-07:00,24,100,0.8
2025-07-26T14:30:00-07:00,25,98,0.9
2025-07-26T15:00:00-07:00,26,97,2.3
2025-07-26T15:30:00-07:00,27,94,1.5
2025-07-26T16:00:00-07:00,30,92,1.1
2025-07-26T16:30:00-07:00,31,91,5.4
2025-07-26T17:00:00-07:00,32,90,1.2
2025-07-26T17:30:00-07:00,33,88,0.9
2025-07-26T18:00:00-07:00,33,87,0.8
2025-07-26T18:30:00-07:00,35,85,1.3
2025-07-26T19:00:00-07:00,36,84,5.9
2025-07-26T19:30:00-07:00,39,82,0.6
2025-07-26T20:00:00-07:00,40,81,0.7
2025-07-26T20:30:00-07:00,41,79,1
2025-07-26T21:00:00-07:00,41,79,3.6
2025-07-26T21:30:00-07:00,42,79,0.2
2025-07-26T22:00:00-07:00,41,79,0.2
2025-07-26T22:30:00-07:00,41,79,0.6
2025-07-26T23:00:00-07:00,42,79,0.3
2025-07-26T23:30:00-07:00,41,79,0.4
2025-07-27T00:00:00-07:00,41,80,0.2
2025-07-27T00:30:00-07:00,42,79,0.1
2025-07-27T01:00:00-07:00,42,80,0.1
2025-07-27T01:30:00-07:00,41,80,0.3
2025-07-27T02:00:00-07:00,41,80,0.2
2025-07-27T02:30:00-07:00,41,80,0.1
2025-07-27T03:00:00-07:00,40,80,0
2025-07-27T03:30:00-07:00,40,81,0
2025-07-27T04:00:00-07:00,40,80,0
2025-07-27T04:30:00-07:00,40,80,0
2025-07-27T05:00:00-07:00,41,80,0
2025-07-27T05:30:00-07:00,40,80,0
2025-07-27T06:00:00-07:00,41,80,0
2025-07-27T06:30:00-07:00,41,79,0
2025-07-27T07:00:00-07:00,39,81,0
2025-07-27T07:30:00-07:00,29,92,0
2025-07-27T08:00:00-07:00,32,88,0
2025-07-27T08:30:00-07:00,33,87,0
2025-07-27T09:00:00-07:00,33,86,0
2025-07-27T09:30:00-07:00,33,87,0.1
2025-07-27T10:00:00-07:00,31,90,0.2
2025-07-27T10:30:00-07:00,28,93,0.2
2025-07-27T11:00:00-07:00,26,96,0.4
2025-07-27T11:30:00-07:00,27,96,0.9
2025-07-27T12:00:00-07:00,25,98,3.2
2025-07-27T12:30:00-07:00,25,99,0.4
2025-07-27T13:00:00-07:00,25,98,0.4
2025-07-27T13:30:00-07:00,25,98,3.3
2025-07-27T14:00:00-07:00,26,98,0.4
2025-07-27T14:30:00-07:00,27,97,0.6
2025-07-27T15:00:00-07:00,27,96,0.9
2025-07-27T15:30:00-07:00,28,94,1.7
2025-07-27T16:00:00-07:00,28,93,2.1
2025-07-27T16:30:00-07:00,29,92,5.1
2025-07-27T17:00:00-07:00,30,91,7
2025-07-27T17:30:00-07:00,32,89,3.3
2025-07-27T18:00:00-07:00,34,87,3.5
2025-07-27T18:30:00-07:00,36,85,3.6
2025-07-27T19:00:00-07:00,37,84,3.8
2025-07-27T19:30:00-07:00,38,83,5.6
2025-07-27T20:00:00-07:00,40,81,2.8
2025-07-27T20:30:00-07:00,42,80,2.4
2025-07-27T21:00:00-07:00,42,80,4.7
2025-07-27T21:30:00-07:00,42,80,2
2025-07-27T22:00:00-07:00,42,79,1.9
2025-07-27T22:30:00-07:00,43,79,1.6
2025-07-27T23:00:00-07:00,42,79,1.4
2025-07-27T23:30:00-07:00,42,79,1.4
2025-07-28T00:00:00-07:00,42,79,1.4
2025-07-28T00:30:00-07:00,42,79,1.5
2025-07-28T01:00:00-07:00,42,79,1.5
2025-07-28T01:30:00-07:00,42,79,1.7
2025-07-28T02:00:00-07:00,41,79,1.7
2025-07-28T02:30:00-07:00,42,79,1.5
2025-07-28T03:00:00-07:00,42,79,1
2025-07-28T03:30:00-07:00,43,79,1
2025-07-28T04:00:00-07:00,43,79,1.1
2025-07-28T04:30:00-07:00,43,79,1
2025-07-28T05:00:00-07:00,42,79,1
2025-07-28T05:30:00-07:00,43,79,1
2025-07-28T06:00:00-07:00,43,79,1.8
2025-07-28T06:30:00-07:00,43,79,1.6
2025-07-28T07:00:00-07:00,42,80,1.4
2025-07-28T07:30:00-07:00,40,82,2.1
2025-07-28T08:00:00-07:00,39,82,2.7
2025-07-28T08:30:00-07:00,39,83,3.1
2025-07-28T09:00:00-07:00,36,86,3
2025-07-28T09:30:00-07:00,31,90,2.7
2025-07-28T10:00:00-07:00,28,95,1.3
2025-07-28T10:30:00-07:00,26,98,1.5
2025-07-28T11:00:00-07:00,25,99,1.5
2025-07-28T11:30:00-07:00,24,102,1.5
2025-07-28T12:00:00-07:00,23,104,1.9
2025-07-28T12:30:00-07:00,22,105,2.1
2025-07-28T13:00:00-07:00,23,104,2.6
2025-07-28T13:30:00-07:00,23,103,3.3
2025-07-28T14:00:00-07:00,23,103,3.6
2025-07-28T14:30:00-07:00,23,102,3.6
2025-07-28T15:00:00-07:00,24,101,3.5
2025-07-28T15:30:00-07:00,25,99,3.3
2025-07-28T16:00:00-07:00,25,98,3.9
2025-07-28T16:30:00-07:00,25,97,4
2025-07-28T17:00:00-07:00,26,96,2.4
2025-07-28T17:30:00-07:00,27,95,2.7
2025-07-28T18:00:00-07:00,29,93,3.4
2025-07-28T18:30:00-07:00,31,91,4.2
2025-07-28T19:00:00-07:00,32,89,3.6
2025-07-28T19:30:00-07:00,33,88,2.7
2025-07-28T20:00:00-07:00,34,87,2.8
2025-07-28T20:30:00-07:00,35,86,3
2025-07-28T21:00:00-07:00,36,85,3.1
2025-07-28T21:30:00-07:00,37,84,3.1
2025-07-28T22:00:00-07:00,38,83,3.5
2025-07-28T22:30:00-07:00,39,83,3.2
2025-07-28T23:00:00-07:00,39,83,5.3
2025-07-28T23:30:00-07:00,39,82,3.4
2025-07-29T00:00:00-07:00,40,82,3.5
2025-07-29T00:30:00-07:00,41,81,3.8
2025-07-29T01:00:00-07:00,41,80,4.3
2025-07-29T01:30:00-07:00,42,80,4.6
2025-07-29T02:00:00-07:00,42,80,4.7
2025-07-29T02:30:00-07:00,41,80,4.7
2025-07-29T03:00:00-07:00,41,79,4.8
2025-07-29T03:30:00-07:00,41,79,5.4
2025-07-29T04:00:00-07:00,41,79,5.6
2025-07-29T04:30:00-07:00,41,78,5
2025-07-29T05:00:00-07:00,41,78,4.8
2025-07-29T05:30:00-07:00,41,77,5
2025-07-29T06:00:00-07:00,42,77,4.8
2025-07-29T06:30:00-07:00,37,84,4.4
2025-07-29T07:00:00-07:00,26,99,3.4
2025-07-29T07:30:00-07:00,20,110,2.9
2025-07-29T08:00:00-07:00,17,115,2.6
2025-07-29T08:30:00-07:00,19,111,2.8
2025-07-29T09:00:00-07:00,20,109,3
2025-07-29T09:30:00-07:00,22,105,3.3
2025-07-29T10:00:00-07:00,22,104,2.9
2025-07-29T10:30:00-07:00,22,106,2.7
2025-07-29T11:00:00-07:00,21,107,3.1
2025-07-29T11:30:00-07:00,21,106,3.2
2025-07-29T12:00:00-07:00,21,107,3.1
2025-07-29T12:30:00-07:00,20,108,3.3
2025-07-29T13:00:00-07:00,20,108,3.4
2025-07-29T13:30:00-07:00,20,106,3.5
2025-07-29T14:00:00-07:00,22,103,3.6
2025-07-29T14:30:00-07:00,24,99,3.8
2025-07-29T15:00:00-07:00,24,99,3.3
2025-07-29T15:30:00-07:00,25,97,4.8
2025-07-29T16:00:00-07:00,26,96,3.9
2025-07-29T16:30:00-07:00,28,94,4
2025-07-29T17:00:00-07:00,29,92,4
2025-07-29T17:30:00-07:00,31,91,4.1
2025-07-29T18:00:00-07:00,33,88,4.1
2025-07-29T18:30:00-07:00,34,87,4
2025-07-29T19:00:00-07:00,37,85,4
2025-07-29T19:30:00-07:00,38,83,4.9
2025-07-29T20:00:00-07:00,40,82,5.8
2025-07-29T20:30:00-07:00,41,81,4.4
2025-07-29T21:00:00-07:00,42,80,4.6
2025-07-29T21:30:00-07:00,42,80,4.7
2025-07-29T22:00:00-07:00,42,79,4.5
2025-07-29T22:30:00-07:00,43,79,5
2025-07-29T23:00:00-07:00,42,80,7.6
2025-07-29T23:30:00-07:00,43,80,4.4
2025-07-30T00:00:00-07:00,43,79,3.9
2025-07-30T00:30:00-07:00,43,79,3.8
2025-07-30T01:00:00-07:00,42,80,3.6
2025-07-30T01:30:00-07:00,42,80,3.5
2025-07-30T02:00:00-07:00,42,80,3.3
2025-07-30T02:30:00-07:00,42,80,3
2025-07-30T03:00:00-07:00,43,79,3
2025-07-30T03:30:00-07:00,42,80,3.2
2025-07-30T04:00:00-07:00,41,80,2.7
2025-07-30T04:30:00-07:00,41,80,3
2025-07-30T05:00:00-07:00,41,80,2.8
2025-07-30T05:30:00-07:00,41,81,2.3
2025-07-30T06:00:00-07:00,41,81,2
2025-07-30T06:30:00-07:00,40,81,2.1
2025-07-30T07:00:00-07:00,40,82,2
2025-07-30T07:30:00-07:00,41,81,3.4
2025-07-30T08:00:00-07:00,41,81,5.8
2025-07-30T08:30:00-07:00,39,83,7.4
2025-07-30T09:00:00-07:00,37,85,8.6
2025-07-30T09:30:00-07:00,32,91,7.4
2025-07-30T10:00:00-07:00,28,95,4.4
2025-07-30T10:30:00-07:00,26,98,2.6
2025-07-30T11:00:00-07:00,25,99,2.2
2025-07-30T11:30:00-07:00,25,99,2.2
2025-07-30T12:00:00-07:00,25,100,2
2025-07-30T12:30:00-07:00,25,100,2.4
2025-07-30T13:00:00-07:00,25,100,2.7
2025-07-30T13:30:00-07:00,26,99,3.4
2025-07-30T14:00:00-07:00,26,97,4.3
2025-07-30T14:30:00-07:00,27,97,4.4
2025-07-30T15:00:00-07:00,27,96,4.6
2025-07-30T15:30:00-07:00,28,95,4.6
2025-07-30T16:00:00-07:00,29,94,4.9
2025-07-30T16:30:00-07:00,31,92,5.7
2025-07-30T17:00:00-07:00,32,90,4.6
2025-07-30T17:30:00-07:00,33,88,8.8
2025-07-30T18:00:00-07:00,36,86,4.5
2025-07-30T18:30:00-07:00,37,85,4.2
2025-07-30T19:00:00-07:00,39,84,3.7
2025-07-30T19:30:00-07:00,39,83,3.1
2025-07-30T20:00:00-07:00,40,82,5.2
2025-07-30T20:30:00-07:00,42,81,3.3
2025-07-30T21:00:00-07:00,42,81,3.8
2025-07-30T21:30:00-07:00,41,81,4
2025-07-30T22:00:00-07:00,43,80,2.5
2025-07-30T22:30:00-07:00,43,80,3.7
2025-07-30T23:00:00-07:00,42,80,3.2
2025-07-30T23:30:00-07:00,42,81,2.2
2025-07-31T00:00:00-07:00,44,79,2.1
2025-07-31T00:30:00-07:00,44,80,1.7
2025-07-31T01:00:00-07:00,43,80,1.6
2025-07-31T01:30:00-07:00,44,79,1
2025-07-31T02:00:00-07:00,43,80,0.8
2025-07-31T02:30:00-07:00,42,81,0.6
2025-07-31T03:00:00-07:00,42,81,0.6
2025-07-31T03:30:00-07:00,41,81,0.5
2025-07-31T04:00:00-07:00,41,81,0.5
2025-07-31T04:30:00-07:00,40,82,0.5
2025-07-31T05:00:00-07:00,41,81,1.7
2025-07-31T05:30:00-07:00,43,80,4.7
2025-07-31T06:00:00-07:00,44,79,6.4
2025-07-31T06:30:00-07:00,44,79,7.9
2025-07-31T07:00:00-07:00,43,80,10.4
2025-07-31T07:30:00-07:00,46,78,8.7
2025-07-31T08:00:00-07:00,46,78,8.5
2025-07-31T08:30:00-07:00,44,79,8.5
2025-07-31T09:00:00-07:00,35,87,7.2
2025-07-31T09:30:00-07:00,31,92,5.6
2025-07-31T10:00:00-07:00,30,94,5.1
2025-07-31T10:30:00-07:00,27,97,4.1
2025-07-31T11:00:00-07:00,24,101,3.1
2025-07-31T11:30:00-07:00,22,104,3.8
2025-07-31T12:00:00-07:00,22,105,4.5
2025-07-31T12:30:00-07:00,23,105,5.4
2025-07-31T13:00:00-07:00,21,108,5.1
2025-07-31T13:30:00-07:00,21,109,4.1
2025-07-31T14:00:00-07:00,22,107,3.5
2025-07-31T14:30:00-07:00,23,106,3.3
2025-07-31T15:00:00-07:00,24,105,3.4
2025-07-31T15:30:00-07:00,24,104,3.9
2025-07-31T16:00:00-07:00,25,102,4.5
2025-07-31T16:30:00-07:00,26,101,5.3
2025-07-31T17:00:00-07:00,28,97,3.1
2025-07-31T17:30:00-07:00,31,92,4
2025-07-31T18:00:00-07:00,34,88,6.1
2025-07-31T18:30:00-07:00,37,85,4.3
2025-07-31T19:00:00-07:00,40,83,2.4
2025-07-31T19:30:00-07:00,42,80,2.6
2025-07-31T20:00:00-07:00,45,78,3.5
2025-07-31T20:30:00-07:00,45,78,5.5
2025-07-31T21:00:00-07:00,44,79,6.5
2025-07-31T21:30:00-07:00,44,79,6.1
2025-07-31T22:00:00-07:00,43,80,3.5
2025-07-31T22:30:00-07:00,43,80,1.6
2025-07-31T23:00:00-07:00,42,80,1.5
2025-07-31T23:30:00-07:00,42,80,2.5
2025-08-01T00:00:00-07:00,43,80,0.7
2025-08-01T00:30:00-07:00,43,79,0.5
2025-08-01T01:00:00-07:00,43,80,0.3
2025-08-01T01:30:00-07:00,43,80,0.4
2025-08-01T02:00:00-07:00,43,79,0.3
2025-08-01T02:30:00-07:00,44,79,0.1
2025-08-01T03:00:00-07:00,44,79,0
2025-08-01T03:30:00-07:00,43,80,0
2025-08-01T04:00:00-07:00,42,80,0
2025-08-01T04:30:00-07:00,42,80,0
2025-08-01T05:00:00-07:00,42,80,0.1
2025-08-01T05:30:00-07:00,42,80,0
2025-08-01T06:00:00-07:00,43,79,0.1
2025-08-01T06:30:00-07:00,42,80,0.1
2025-08-01T07:00:00-07:00,40,81,0.1
2025-08-01T07:30:00-07:00,39,82,0.2
2025-08-01T08:00:00-07:00,38,84,1.7
2025-08-01T08:30:00-07:00,35,88,4.9
2025-08-01T09:00:00-07:00,30,94,7.4
2025-08-01T09:30:00-07:00,27,97,8.7
2025-08-01T10:00:00-07:00,25,101,8.2
2025-08-01T10:30:00-07:00,24,102,6.1
2025-08-01T11:00:00-07:00,24,103,2.4
2025-08-01T11:30:00-07:00,23,104,1.8
2025-08-01T12:00:00-07:00,23,104,2.1
2025-08-01T12:30:00-07:00,23,104,0.4
2025-08-01T13:00:00-07:00,23,103,0.2
2025-08-01T13:30:00-07:00,24,101,1.3
2025-08-01T14:00:00-07:00,25,100,0.3
2025-08-01T14:30:00-07:00,25,99,0.7
2025-08-01T15:00:00-07:00,26,98,1.7
2025-08-01T15:30:00-07:00,27,96,0.9
2025-08-01T16:00:00-07:00,29,94,1.1
2025-08-01T16:30:00-07:00,30,92,2.3
2025-08-01T17:00:00-07:00,31,90,3.4
2025-08-01T17:30:00-07:00,33,88,2.2
2025-08-01T18:00:00-07:00,35,86,2.2
2025-08-01T18:30:00-07:00,36,84,4.6
2025-08-01T19:00:00-07:00,38,83,4.2
2025-08-01T19:30:00-07:00,39,82,3.8
2025-08-01T20:00:00-07:00,40,81,3.8
2025-08-01T20:30:00-07:00,40,81,3.9
2025-08-01T21:00:00-07:00,41,81,8.6
2025-08-01T21:30:00-07:00,41,80,7.6
2025-08-01T22:00:00-07:00,42,79,3.8
2025-08-01T22:30:00-07:00,43,79,4.1
2025-08-01T23:00:00-07:00,43,79,4.3
2025-08-01T23:30:00-07:00,42,79,6.3
2025-08-02T00:00:00-07:00,41,80,7.6
2025-08-02T00:30:00-07:00,42,79,4
2025-08-02T01:00:00-07:00,42,79,4
2025-08-02T01:30:00-07:00,43,78,3.5
2025-08-02T02:00:00-07:00,44,78,2.8
2025-08-02T02:30:00-07:00,44,77,2.2
2025-08-02T03:00:00-07:00,44,77,1.9
2025-08-02T03:30:00-07:00,45,77,1.6
2025-08-02T04:00:00-07:00,45,77,0.9
2025-08-02T04:30:00-07:00,45,77,0.5
2025-08-02T05:00:00-07:00,44,78,0.4
2025-08-02T05:30:00-07:00,44,78,0.3
2025-08-02T06:00:00-07:00,42,78,0.3
2025-08-02T06:30:00-07:00,42,78,0.3
2025-08-02T07:00:00-07:00,42,79,0.3
2025-08-02T07:30:00-07:00,40,81,0.6
2025-08-02T08:00:00-07:00,38,83,1
2025-08-02T08:30:00-07:00,34,87,1.9
2025-08-02T09:00:00-07:00,31,90,1.6
2025-08-02T09:30:00-07:00,28,93,1.6
2025-08-02T10:00:00-07:00,27,96,1.5
2025-08-02T10:30:00-07:00,25,98,1.2
2025-08-02T11:00:00-07:00,24,100,1
2025-08-02T11:30:00-07:00,23,101,0.7
2025-08-02T12:00:00-07:00,23,102,0.7
2025-08-02T12:30:00-07:00,23,103,2.9
2025-08-02T13:00:00-07:00,23,102,0.7
2025-08-02T13:30:00-07:00,24,100,0.9
2025-08-02T14:00:00-07:00,25,98,1.8
2025-08-02T14:30:00-07:00,25,97,0.8
2025-08-02T15:00:00-07:00,25,98,2.4
2025-08-02T15:30:00-07:00,25,97,0.3
2025-08-02T16:00:00-07:00,26,96,0.3
2025-08-02T16:30:00-07:00,27,94,2.4
2025-08-02T17:00:00-07:00,28,94,2.6
2025-08-02T17:30:00-07:00,28,93,1.8
2025-08-02T18:00:00-07:00,30,91,0.9
2025-08-02T18:30:00-07:00,31,90,1.4
2025-08-02T19:00:00-07:00,33,87,3.1
2025-08-02T19:30:00-07:00,37,83,1.3
2025-08-02T20:00:00-07:00,41,80,2.6
2025-08-02T20:30:00-07:00,43,79,3.9
2025-08-02T21:00:00-07:00,44,79,6
2025-08-02T21:30:00-07:00,44,79,8.7
2025-08-02T22:00:00-07:00,42,79,7.3
2025-08-02T22:30:00-07:00,43,79,4.3
2025-08-02T23:00:00-07:00,43,78,4.4
2025-08-02T23:30:00-07:00,43,78,6
2025-08-03T00:00:00-07:00,42,78,4.5
2025-08-03T00:30:00-07:00,44,77,5
2025-08-03T01:00:00-07:00,44,77,4.9
2025-08-03T01:30:00-07:00,42,77,4.4
2025-08-03T02:00:00-07:00,41,77,4.5
2025-08-03T02:30:00-07:00,41,77,4.3
2025-08-03T03:00:00-07:00,41,76,4.3
2025-08-03T03:30:00-07:00,42,76,4.2
2025-08-03T04:00:00-07:00,42,75,4.5
2025-08-03T04:30:00-07:00,44,75,4.8
2025-08-03T05:00:00-07:00,44,75,5.1
2025-08-03T05:30:00-07:00,43,75,5
2025-08-03T06:00:00-07:00,46,74,5.6
2025-08-03T06:30:00-07:00,42,78,5.1
2025-08-03T07:00:00-07:00,29,94,4.2
2025-08-03T07:30:00-07:00,21,107,3.5
2025-08-03T08:00:00-07:00,17,114,3.4
2025-08-03T08:30:00-07:00,18,111,3.6
2025-08-03T09:00:00-07:00,20,106,3.2
2025-08-03T09:30:00-07:00,22,103,2.8
2025-08-03T10:00:00-07:00,21,103,2.6
2025-08-03T10:30:00-07:00,22,103,4.3
2025-08-03T11:00:00-07:00,22,102,3.6
2025-08-03T11:30:00-07:00,21,103,3.1
2025-08-03T12:00:00-07:00,20,103,2.8
2025-08-03T12:30:00-07:00,20,103,3.3
2025-08-03T13:00:00-07:00,20,104,2.9
2025-08-03T13:30:00-07:00,22,101,3.2
2025-08-03T14:00:00-07:00,23,98,3.3
2025-08-03T14:30:00-07:00,24,97,3.3
2025-08-03T15:00:00-07:00,24,97,3.6
2025-08-03T15:30:00-07:00,23,97,3.1
2025-08-03T16:00:00-07:00,23,97,4.2
2025-08-03T16:30:00-07:00,24,96,3.8
2025-08-03T17:00:00-07:00,25,95,4.5
2025-08-03T17:30:00-07:00,25,93,3.6
2025-08-03T18:00:00-07:00,26,91,4.2
2025-08-03T18:30:00-07:00,28,88,3.2
2025-08-03T19:00:00-07:00,30,85,6
2025-08-03T19:30:00-07:00,33,83,5.4
2025-08-03T20:00:00-07:00,35,81,4
2025-08-03T20:30:00-07:00,34,81,4
2025-08-03T21:00:00-07:00,35,81,4.1
2025-08-03T21:30:00-07:00,35,80,5.8
2025-08-03T22:00:00-07:00,36,80,7
2025-08-03T22:30:00-07:00,38,79,7.6
2025-08-03T23:00:00-07:00,37,79,4.5
2025-08-03T23:30:00-07:00,37,79,4.6
2025-08-04T00:00:00-07:00,39,78,4.6
2025-08-04T00:30:00-07:00,40,77,4.8
2025-08-04T01:00:00-07:00,42,75,5.3
2025-08-04T01:30:00-07:00,42,76,5.2
2025-08-04T02:00:00-07:00,41,76,5.2
2025-08-04T02:30:00-07:00,40,76,5
2025-08-04T03:00:00-07:00,40,76,5.3
2025-08-04T03:30:00-07:00,39,76,5.1
2025-08-04T04:00:00-07:00,39,75,4.9
2025-08-04T04:30:00-07:00,40,75,4.9
2025-08-04T05:00:00-07:00,40,74,5
2025-08-04T05:30:00-07:00,40,74,4.6
2025-08-04T06:00:00-07:00,42,74,4.8
2025-08-04T06:30:00-07:00,38,77,4.4
2025-08-04T07:00:00-07:00,27,90,3.8
2025-08-04T07:30:00-07:00,19,102,2.2
2025-08-04T08:00:00-07:00,16,109,2.1
2025-08-04T08:30:00-07:00,16,109,2.1
2025-08-04T09:00:00-07:00,17,106,2.1
2025-08-04T09:30:00-07:00,18,103,2
2025-08-04T10:00:00-07:00,20,100,2.2
2025-08-04T10:30:00-07:00,21,99,2.7
2025-08-04T11:00:00-07:00,20,100,2.5
2025-08-04T11:30:00-07:00,20,102,2.3
2025-08-04T12:00:00-07:00,20,102,2.5
2025-08-04T12:30:00-07:00,20,100,2.1
2025-08-04T13:00:00-07:00,21,98,2.6
2025-08-04T13:30:00-07:00,21,97,2.3
2025-08-04T14:00:00-07:00,22,97,3.9
2025-08-04T14:30:00-07:00,22,96,2.9
2025-08-04T15:00:00-07:00,22,96,1.9
2025-08-04T15:30:00-07:00,22,94,2
2025-08-04T16:00:00-07:00,22,94,1.7
2025-08-04T16:30:00-07:00,24,92,4.1
2025-08-04T17:00:00-07:00,25,91,3.9
2025-08-04T17:30:00-07:00,26,90,3.5
2025-08-04T18:00:00-07:00,26,88,1.9
2025-08-04T18:30:00-07:00,27,86,1.9
2025-08-04T19:00:00-07:00,28,85,4.6
2025-08-04T19:30:00-07:00,28,84,2.1
2025-08-04T20:00:00-07:00,29,84,6
2025-08-04T20:30:00-07:00,30,83,2.2
2025-08-04T21:00:00-07:00,30,83,4.7
2025-08-04T21:30:00-07:00,31,82,2.6
2025-08-04T22:00:00-07:00,33,81,2.9
2025-08-04T22:30:00-07:00,34,81,2.9
2025-08-04T23:00:00-07:00,36,80,3.1
2025-08-04T23:30:00-07:00,36,80,5.1
2025-08-05T00:00:00-07:00,37,79,3.5
2025-08-05T00:30:00-07:00,37,78,3.4
2025-08-05T01:00:00-07:00,38,77,3.6
2025-08-05T01:30:00-07:00,40,76,3.8
2025-08-05T02:00:00-07:00,39,76,3.9
2025-08-05T02:30:00-07:00,39,76,3.6
2025-08-05T03:00:00-07:00,40,75,3.9
2025-08-05T03:30:00-07:00,41,75,4.1
2025-08-05T04:00:00-07:00,42,75,4.2
2025-08-05T04:30:00-07:00,43,75,4.4
2025-08-05T05:00:00-07:00,43,75,4.5
2025-08-05T05:30:00-07:00,43,74,4.6
2025-08-05T06:00:00-07:00,43,74,4.4
2025-08-05T06:30:00-07:00,42,77,4.4
2025-08-05T07:00:00-07:00,28,93,3.1
2025-08-05T07:30:00-07:00,20,106,1.9
2025-08-05T08:00:00-07:00,16,113,1.7
2025-08-05T08:30:00-07:00,17,110,1.8
2025-08-05T09:00:00-07:00,18,106,2.4
2025-08-05T09:30:00-07:00,19,104,11.5
2025-08-05T10:00:00-07:00,20,102,3.9
2025-08-05T10:30:00-07:00,20,103,2.2
2025-08-05T11:00:00-07:00,19,104,1.6
2025-08-05T11:30:00-07:00,19,104,2
2025-08-05T12:00:00-07:00,20,105,2.4
2025-08-05T12:30:00-07:00,19,106,2.8
2025-08-05T13:00:00-07:00,19,106,2.8
2025-08-05T13:30:00-07:00,20,105,2.5
2025-08-05T14:00:00-07:00,19,105,2.3
2025-08-05T14:30:00-07:00,19,103,2.2
2025-08-05T15:00:00-07:00,21,101,4.2
2025-08-05T15:30:00-07:00,21,99,3.7
2025-08-05T16:00:00-07:00,22,97,3.8
2025-08-05T16:30:00-07:00,23,95,2.3
2025-08-05T17:00:00-07:00,24,95,2.8
2025-08-05T17:30:00-07:00,25,93,3.1
2025-08-05T18:00:00-07:00,27,91,16.5
2025-08-05T18:30:00-07:00,28,90,21.3
2025-08-05T19:00:00-07:00,31,89,42.4
2025-08-05T19:30:00-07:00,34,87,4.5
2025-08-05T20:00:00-07:00,36,85,6.5
2025-08-05T20:30:00-07:00,38,83,4.2
2025-08-05T21:00:00-07:00,38,82,6
2025-08-05T21:30:00-07:00,38,82,6.2
2025-08-05T22:00:00-07:00,39,82,9.9
2025-08-05T22:30:00-07:00,38,82,8.3
2025-08-05T23:00:00-07:00,40,80,4.3
2025-08-05T23:30:00-07:00,40,80,4.5
2025-08-06T00:00:00-07:00,40,79,4.7
2025-08-06T00:30:00-07:00,40,80,4.7
2025-08-06T01:00:00-07:00,40,79,4.6
2025-08-06T01:30:00-07:00,39,79,4.8
2025-08-06T02:00:00-07:00,40,78,4.9
2025-08-06T02:30:00-07:00,39,78,4.6
2025-08-06T03:00:00-07:00,40,78,4.9
2025-08-06T03:30:00-07:00,40,77,4.7
2025-08-06T04:00:00-07:00,40,77,4.3
2025-08-06T04:30:00-07:00,41,76,4.6
2025-08-06T05:00:00-07:00,41,76,5
2025-08-06T05:30:00-07:00,40,76,4.8
2025-08-06T06:00:00-07:00,41,76,4.9
2025-08-06T06:30:00-07:00,39,79,4.6
2025-08-06T07:00:00-07:00,27,95,3.9
2025-08-06T07:30:00-07:00,19,108,3.1
2025-08-06T08:00:00-07:00,16,114,3.4
2025-08-06T08:30:00-07:00,15,116,3.4
2025-08-06T09:00:00-07:00,17,113,3.5
2025-08-06T09:30:00-07:00,19,108,4.1
2025-08-06T10:00:00-07:00,20,106,4.9
2025-08-06T10:30:00-07:00,19,108,4.7
2025-08-06T11:00:00-07:00,19,108,3.6
2025-08-06T11:30:00-07:00,17,111,3.1
2025-08-06T12:00:00-07:00,16,111,2.3
2025-08-06T12:30:00-07:00,15,113,2.2
2025-08-06T13:00:00-07:00,14,114,2
2025-08-06T13:30:00-07:00,13,114,1.5
2025-08-06T14:00:00-07:00,14,112,1.8
2025-08-06T14:30:00-07:00,15,111,3.8
2025-08-06T15:00:00-07:00,15,111,3.2
2025-08-06T15:30:00-07:00,15,111,2.6
2025-08-06T16:00:00-07:00,17,109,4.1
2025-08-06T16:30:00-07:00,17,108,4.3
2025-08-06T17:00:00-07:00,19,106,2.8
2025-08-06T17:30:00-07:00,20,102,3.9
2025-08-06T18:00:00-07:00,23,99,1.9
2025-08-06T18:30:00-07:00,26,98,6.4
2025-08-06T19:00:00-07:00,26,96,2.5
2025-08-06T19:30:00-07:00,29,93,3.2
2025-08-06T20:00:00-07:00,32,91,4.3
2025-08-06T20:30:00-07:00,34,90,5.6
2025-08-06T21:00:00-07:00,36,87,3.9
2025-08-06T21:30:00-07:00,36,87,3.3
2025-08-06T22:00:00-07:00,36,87,3.7
2025-08-06T22:30:00-07:00,36,87,12.3
2025-08-06T23:00:00-07:00,37,85,3.4
2025-08-06T23:30:00-07:00,39,84,3.3
2025-08-07T00:00:00-07:00,40,83,3.3
2025-08-07T00:30:00-07:00,40,83,3.3
2025-08-07T01:00:00-07:00,41,83,4
2025-08-07T01:30:00-07:00,41,82,3.5
2025-08-07T02:00:00-07:00,41,82,3.6
2025-08-07T02:30:00-07:00,43,81,3.6
2025-08-07T03:00:00-07:00,43,81,3.8
2025-08-07T03:30:00-07:00,43,81,3.2
2025-08-07T04:00:00-07:00,44,80,3.5
2025-08-07T04:30:00-07:00,44,80,3.3
2025-08-07T05:00:00-07:00,44,80,3.3
2025-08-07T05:30:00-07:00,44,79,2.5
2025-08-07T06:00:00-07:00,44,79,2.3
2025-08-07T06:30:00-07:00,42,82,2.2
2025-08-07T07:00:00-07:00,30,96,2.1
2025-08-07T07:30:00-07:00,21,109,1.3
2025-08-07T08:00:00-07:00,17,118,1.5
2025-08-07T08:30:00-07:00,19,117,1.8
2025-08-07T09:00:00-07:00,24,109,1.6
2025-08-07T09:30:00-07:00,21,108,0.5
2025-08-07T10:00:00-07:00,21,107,0
2025-08-07T10:30:00-07:00,21,107,0
2025-08-07T11:00:00-07:00,21,108,0.1
2025-08-07T11:30:00-07:00,21,108,0.1
2025-08-07T12:00:00-07:00,20,108,0
2025-08-07T12:30:00-07:00,21,108,0.1
2025-08-07T13:00:00-07:00,21,108,0.2
2025-08-07T13:30:00-07:00,21,107,0.1
2025-08-07T14:00:00-07:00,21,108,0.5
2025-08-07T14:30:00-07:00,20,109,0.6
2025-08-07T15:00:00-07:00,20,108,1.6
2025-08-07T15:30:00-07:00,21,106,1.1
2025-08-07T16:00:00-07:00,21,104,0
2025-08-07T16:30:00-07:00,22,103,0.4
2025-08-07T17:00:00-07:00,24,102,0.5
2025-08-07T17:30:00-07:00,26,100,3
2025-08-07T18:00:00-07:00,28,97,2.6
2025-08-07T18:30:00-07:00,30,94,1.5
2025-08-07T19:00:00-07:00,32,92,2
2025-08-07T19:30:00-07:00,33,90,3.5
2025-08-07T20:00:00-07:00,36,88,7.8
2025-08-07T20:30:00-07:00,37,86,3.1
2025-08-07T21:00:00-07:00,38,85,3.6
2025-08-07T21:30:00-07:00,39,84,8.3
2025-08-07T22:00:00-07:00,40,84,7.6
2025-08-07T22:30:00-07:00,41,82,6.8
2025-08-07T23:00:00-07:00,42,81,6.6
2025-08-07T23:30:00-07:00,41,82,6.7
2025-08-08T00:00:00-07:00,40,82,13.9
2025-08-08T00:30:00-07:00,41,81,6.5
2025-08-08T01:00:00-07:00,42,80,6.1
2025-08-08T01:30:00-07:00,41,80,6.1
2025-08-08T02:00:00-07:00,41,80,5.7
2025-08-08T02:30:00-07:00,40,79,5.6
2025-08-08T03:00:00-07:00,41,79,5.7
2025-08-08T03:30:00-07:00,41,79,5.7
2025-08-08T04:00:00-07:00,41,78,5.9
2025-08-08T04:30:00-07:00,42,78,6.2
2025-08-08T05:00:00-07:00,41,78,6.4
2025-08-08T05:30:00-07:00,41,78,6.8
2025-08-08T06:00:00-07:00,41,77,7
2025-08-08T06:30:00-07:00,41,80,7.5
2025-08-08T07:00:00-07:00,30,93,7
2025-08-08T07:30:00-07:00,22,105,6.2
2025-08-08T08:00:00-07:00,18,115,5.8
2025-08-08T08:30:00-07:00,17,117,5.5
2025-08-08T09:00:00-07:00,20,109,6
2025-08-08T09:30:00-07:00,22,104,6.7
2025-08-08T10:00:00-07:00,23,105,6.8
2025-08-08T10:30:00-07:00,22,107,6.7
2025-08-08T11:00:00-07:00,22,107,6.2
2025-08-08T11:30:00-07:00,21,108,5.8
2025-08-08T12:00:00-07:00,21,109,5.3
2025-08-08T12:30:00-07:00,20,110,4.6
2025-08-08T13:00:00-07:00,18,113,4.1
2025-08-08T13:30:00-07:00,18,116,4.5
2025-08-08T14:00:00-07:00,18,115,4
2025-08-08T14:30:00-07:00,17,114,2.5
2025-08-08T15:00:00-07:00,17,115,3.3
2025-08-08T15:30:00-07:00,17,113,1.8
2025-08-08T16:00:00-07:00,17,111,2.7
2025-08-08T16:30:00-07:00,18,110,6
2025-08-08T17:00:00-07:00,20,108,3.8
2025-08-08T17:30:00-07:00,21,106,3.8
2025-08-08T18:00:00-07:00,23,105,6.2
2025-08-08T18:30:00-07:00,24,103,5.7
2025-08-08T19:00:00-07:00,27,100,6.3
2025-08-08T19:30:00-07:00,28,97,5.5
2025-08-08T20:00:00-07:00,30,95,8.1
2025-08-08T20:30:00-07:00,31,93,8.2
2025-08-08T21:00:00-07:00,30,91,8.9
2025-08-08T21:30:00-07:00,31,90,6
2025-08-08T22:00:00-07:00,30,90,11.6
2025-08-08T22:30:00-07:00,33,88,6.9
2025-08-08T23:00:00-07:00,34,87,7.5
2025-08-08T23:30:00-07:00,34,86,6.7
2025-08-09T00:00:00-07:00,34,86,6.1
2025-08-09T00:30:00-07:00,35,86,6.8
2025-08-09T01:00:00-07:00,35,85,6.5
2025-08-09T01:30:00-07:00,36,85,6.6
2025-08-09T02:00:00-07:00,37,84,6.8
2025-08-09T02:30:00-07:00,38,84,7.1
2025-08-09T03:00:00-07:00,38,84,7.5
2025-08-09T03:30:00-07:00,38,84,8.7
2025-08-09T04:00:00-07:00,39,83,8.8
2025-08-09T04:30:00-07:00,40,82,8.2
2025-08-09T05:00:00-07:00,41,82,8.4
2025-08-09T05:30:00-07:00,41,81,8.2
2025-08-09T06:00:00-07:00,41,81,7.3
2025-08-09T06:30:00-07:00,40,82,7
2025-08-09T07:00:00-07:00,29,95,8
2025-08-09T07:30:00-07:00,21,107,5
2025-08-09T08:00:00-07:00,17,116,5.2
2025-08-09T08:30:00-07:00,16,117,5
2025-08-09T09:00:00-07:00,18,112,5.3
2025-08-09T09:30:00-07:00,21,109,5.6
2025-08-09T10:00:00-07:00,22,107,5.9
2025-08-09T10:30:00-07:00,22,106,5.7
2025-08-09T11:00:00-07:00,21,108,5.4
2025-08-09T11:30:00-07:00,22,107,6.7
2025-08-09T12:00:00-07:00,21,108,6.5
2025-08-09T12:30:00-07:00,20,111,5.6
2025-08-09T13:00:00-07:00,20,112,5.4
2025-08-09T13:30:00-07:00,20,112,5.1
2025-08-09T14:00:00-07:00,19,112,4.4
2025-08-09T14:30:00-07:00,19,112,6.1
2025-08-09T15:00:00-07:00,18,111,3
2025-08-09T15:30:00-07:00,18,111,3
2025-08-09T16:00:00-07:00,19,110,3.3
2025-08-09T16:30:00-07:00,20,108,4.5
2025-08-09T17:00:00-07:00,19,107,4.6
2025-08-09T17:30:00-07:00,20,105,3.3
2025-08-09T18:00:00-07:00,23,102,4.9
2025-08-09T18:30:00-07:00,26,100,6.5
2025-08-09T19:00:00-07:00,28,97,8.5
2025-08-09T19:30:00-07:00,31,93,7.8
2025-08-09T20:00:00-07:00,33,91,7.7
2025-08-09T20:30:00-07:00,35,88,7.5
2025-08-09T21:00:00-07:00,35,87,9
2025-08-09T21:30:00-07:00,35,86,7.9
2025-08-09T22:00:00-07:00,36,85,10.6
2025-08-09T22:30:00-07:00,37,84,7.2
2025-08-09T23:00:00-07:00,38,83,7
2025-08-09T23:30:00-07:00,39,83,9.1
2025-08-10T00:00:00-07:00,38,83,11.5
2025-08-10T00:30:00-07:00,39,82,6.7
2025-08-10T01:00:00-07:00,40,82,7.1
2025-08-10T01:30:00-07:00,39,82,9
2025-08-10T02:00:00-07:00,37,83,12.1
2025-08-10T02:30:00-07:00,37,84,17
2025-08-10T03:00:00-07:00,37,84,12.1
2025-08-10T03:30:00-07:00,39,81,7.5
2025-08-10T04:00:00-07:00,40,80,7.5
2025-08-10T04:30:00-07:00,41,80,6.8
2025-08-10T05:00:00-07:00,43,80,6
2025-08-10T05:30:00-07:00,43,80,7
2025-08-10T06:00:00-07:00,44,81,8.1
2025-08-10T06:30:00-07:00,43,82,9.9
2025-08-10T07:00:00-07:00,41,83,11.1
2025-08-10T07:30:00-07:00,40,84,10.9
2025-08-10T08:00:00-07:00,40,85,10.4
2025-08-10T08:30:00-07:00,37,88,10.2
2025-08-10T09:00:00-07:00,32,92,9.9
2025-08-10T09:30:00-07:00,28,97,6
2025-08-10T10:00:00-07:00,26,100,5.2
2025-08-10T10:30:00-07:00,25,102,6.1
2025-08-10T11:00:00-07:00,24,104,6
2025-08-10T11:30:00-07:00,23,105,4.6
2025-08-10T12:00:00-07:00,21,108,4
2025-08-10T12:30:00-07:00,21,109,4.7
2025-08-10T13:00:00-07:00,21,110,5.8
2025-08-10T13:30:00-07:00,21,110,4.9
2025-08-10T14:00:00-07:00,21,109,4.2
2025-08-10T14:30:00-07:00,22,108,2.7
2025-08-10T15:00:00-07:00,22,107,2.7
2025-08-10T15:30:00-07:00,22,105,3.7
2025-08-10T16:00:00-07:00,23,103,2.3
2025-08-10T16:30:00-07:00,24,102,3.6
2025-08-10T17:00:00-07:00,25,101,2.2
2025-08-10T17:30:00-07:00,26,100,3.2
2025-08-10T18:00:00-07:00,28,98,3.7
2025-08-10T18:30:00-07:00,30,95,5
2025-08-10T19:00:00-07:00,33,92,3.1
2025-08-10T19:30:00-07:00,36,89,3.9
2025-08-10T20:00:00-07:00,38,87,6.5
2025-08-10T20:30:00-07:00,39,85,5.2
2025-08-10T21:00:00-07:00,40,84,3.3
2025-08-10T21:30:00-07:00,40,83,5.9
2025-08-10T22:00:00-07:00,41,83,3.7
2025-08-10T22:30:00-07:00,42,82,11.4
2025-08-10T23:00:00-07:00,42,81,5.1
2025-08-10T23:30:00-07:00,43,81,5.4
2025-08-11T00:00:00-07:00,44,80,8.2
2025-08-11T00:30:00-07:00,44,80,5.6
2025-08-11T01:00:00-07:00,45,80,5.3
2025-08-11T01:30:00-07:00,45,80,5.8
2025-08-11T02:00:00-07:00,44,80,5.3
2025-08-11T02:30:00-07:00,43,81,5.5
2025-08-11T03:00:00-07:00,43,81,5.6
2025-08-11T03:30:00-07:00,43,81,6.1
2025-08-11T04:00:00-07:00,42,81,6.1
2025-08-11T04:30:00-07:00,43,81,6.9
2025-08-11T05:00:00-07:00,44,80,7.3
2025-08-11T05:30:00-07:00,42,81,7.1
2025-08-11T06:00:00-07:00,42,81,6.6
2025-08-11T06:30:00-07:00,43,81,6.6
2025-08-11T07:00:00-07:00,42,82,6.5
2025-08-11T07:30:00-07:00,41,83,7.6
2025-08-11T08:00:00-07:00,39,84,7.1
2025-08-11T08:30:00-07:00,36,87,5.7
2025-08-11T09:00:00-07:00,27,99,4.4
2025-08-11T09:30:00-07:00,24,101,4
2025-08-11T10:00:00-07:00,23,102,4.1
2025-08-11T10:30:00-07:00,23,103,4.3
2025-08-11T11:00:00-07:00,23,104,5.1
2025-08-11T11:30:00-07:00,22,105,5.4
2025-08-11T12:00:00-07:00,22,106,6.8
2025-08-11T12:30:00-07:00,22,106,7.3
2025-08-11T13:00:00-07:00,22,106,6
2025-08-11T13:30:00-07:00,22,106,4.2
2025-08-11T14:00:00-07:00,22,105,2.3
2025-08-11T14:30:00-07:00,21,103,0.6
2025-08-11T15:00:00-07:00,22,102,0
2025-08-11T15:30:00-07:00,23,100,0
2025-08-11T16:00:00-07:00,24,99,0
2025-08-11T16:30:00-07:00,25,98,0.4
2025-08-11T17:00:00-07:00,26,97,1
2025-08-11T17:30:00-07:00,26,96,1.5
2025-08-11T18:00:00-07:00,27,94,4
2025-08-11T18:30:00-07:00,28,93,5.9
2025-08-11T19:00:00-07:00,32,89,4.7
2025-08-11T19:30:00-07:00,35,87,4
2025-08-11T20:00:00-07:00,38,84,6.7
2025-08-11T20:30:00-07:00,40,82,9.7
2025-08-11T21:00:00-07:00,41,81,7.3
2025-08-11T21:30:00-07:00,42,80,5
2025-08-11T22:00:00-07:00,43,79,4.7
2025-08-11T22:30:00-07:00,44,78,7.8
2025-08-11T23:00:00-07:00,43,79,6.5
2025-08-11T23:30:00-07:00,44,79,4.5
2025-08-12T00:00:00-07:00,43,79,7.6
2025-08-12T00:30:00-07:00,43,78,5.3
2025-08-12T01:00:00-07:00,44,78,4.9
2025-08-12T01:30:00-07:00,45,78,5
2025-08-12T02:00:00-07:00,45,78,5
2025-08-12T02:30:00-07:00,45,79,5.1
2025-08-12T03:00:00-07:00,44,79,5
2025-08-12T03:30:00-07:00,44,79,5.7
2025-08-12T04:00:00-07:00,43,79,6.5
2025-08-12T04:30:00-07:00,43,80,6.9
2025-08-12T05:00:00-07:00,43,79,5.9
2025-08-12T05:30:00-07:00,42,79,5.2
2025-08-12T06:00:00-07:00,42,79,5.2
2025-08-12T06:30:00-07:00,42,79,4.9
2025-08-12T07:00:00-07:00,42,80,5.7
2025-08-12T07:30:00-07:00,40,81,5.6
2025-08-12T08:00:00-07:00,38,83,5
2025-08-12T08:30:00-07:00,32,90,4.1
2025-08-12T09:00:00-07:00,24,99,4
2025-08-12T09:30:00-07:00,23,101,4.4
2025-08-12T10:00:00-07:00,24,101,4.6
2025-08-12T10:30:00-07:00,23,102,4.7
2025-08-12T11:00:00-07:00,22,103,4.3
2025-08-12T11:30:00-07:00,21,104,5.8
2025-08-12T12:00:00-07:00,22,105,6.3
2025-08-12T12:30:00-07:00,22,106,6.5
2025-08-12T13:00:00-07:00,21,106,5.9
2025-08-12T13:30:00-07:00,22,105,6.1
2025-08-12T14:00:00-07:00,22,105,4.2
2025-08-12T14:30:00-07:00,23,104,1.6
2025-08-12T15:00:00-07:00,23,103,3.7
2025-08-12T15:30:00-07:00,24,101,1.2
2025-08-12T16:00:00-07:00,25,99,1.2
2025-08-12T16:30:00-07:00,27,97,3.8
2025-08-12T17:00:00-07:00,28,94,2
2025-08-12T17:30:00-07:00,30,93,5.6
2025-08-12T18:00:00-07:00,32,90,3.5
2025-08-12T18:30:00-07:00,35,88,4.4
2025-08-12T19:00:00-07:00,38,86,2.5
2025-08-12T19:30:00-07:00,39,84,2.5
2025-08-12T20:00:00-07:00,40,83,4.6
2025-08-12T20:30:00-07:00,41,82,4.8
2025-08-12T21:00:00-07:00,42,82,7.9
2025-08-12T21:30:00-07:00,42,81,6.7
2025-08-12T22:00:00-07:00,43,81,7.2
2025-08-12T22:30:00-07:00,44,81,8.2
2025-08-12T23:00:00-07:00,43,81,14.4
2025-08-12T23:30:00-07:00,43,81,6.2
2025-08-13T00:00:00-07:00,45,80,6.5
2025-08-13T00:30:00-07:00,45,81,4.9
2025-08-13T01:00:00-07:00,44,81,5.6
2025-08-13T01:30:00-07:00,44,82,6.1
2025-08-13T02:00:00-07:00,43,82,6
2025-08-13T02:30:00-07:00,43,82,6.1
2025-08-13T03:00:00-07:00,43,82,7
2025-08-13T03:30:00-07:00,42,82,6.5
2025-08-13T04:00:00-07:00,43,81,5
2025-08-13T04:30:00-07:00,42,82,4.8
2025-08-13T05:00:00-07:00,42,82,3.8
2025-08-13T05:30:00-07:00,42,81,1.7
2025-08-13T06:00:00-07:00,43,81,2
2025-08-13T06:30:00-07:00,42,81,2.6
2025-08-13T07:00:00-07:00,41,82,4.4
2025-08-13T07:30:00-07:00,41,82,3.4
2025-08-13T08:00:00-07:00,40,83,2.4
2025-08-13T08:30:00-07:00,39,84,3.3
2025-08-13T09:00:00-07:00,39,85,3.2
2025-08-13T09:30:00-07:00,38,85,3.4
2025-08-13T10:00:00-07:00,36,87,4
2025-08-13T10:30:00-07:00,35,89,6.5
2025-08-13T11:00:00-07:00,32,91,5.4
2025-08-13T11:30:00-07:00,29,96,4.5
2025-08-13T12:00:00-07:00,26,100,3.9
2025-08-13T12:30:00-07:00,25,102,2.1
2025-08-13T13:00:00-07:00,24,103,0.7
2025-08-13T13:30:00-07:00,25,102,0
2025-08-13T14:00:00-07:00,25,102,0.7
2025-08-13T14:30:00-07:00,26,101,1.3
2025-08-13T15:00:00-07:00,26,100,0.8
2025-08-13T15:30:00-07:00,27,99,0.2
2025-08-13T16:00:00-07:00,29,97,0.6
2025-08-13T16:30:00-07:00,30,96,2.2
2025-08-13T17:00:00-07:00,32,94,0.6
2025-08-13T17:30:00-07:00,33,93,1.6
2025-08-13T18:00:00-07:00,36,90,1.9
2025-08-13T18:30:00-07:00,37,89,1.7
2025-08-13T19:00:00-07:00,38,86,2
2025-08-13T19:30:00-07:00,40,84,3.1
2025-08-13T20:00:00-07:00,42,83,0.1
2025-08-13T20:30:00-07:00,44,81,0
2025-08-13T21:00:00-07:00,44,81,0
2025-08-13T21:30:00-07:00,44,81,0
2025-08-13T22:00:00-07:00,44,81,1.3
2025-08-13T22:30:00-07:00,44,81,1.6
2025-08-13T23:00:00-07:00,45,81,0
2025-08-13T23:30:00-07:00,45,81,0
2025-08-14T00:00:00-07:00,44,81,0
2025-08-14T00:30:00-07:00,44,82,0
2025-08-14T01:00:00-07:00,43,81,0
2025-08-14T01:30:00-07:00,43,81,0
2025-08-14T02:00:00-07:00,43,82,0
2025-08-14T02:30:00-07:00,44,81,0
2025-08-14T03:00:00-07:00,44,81,0
2025-08-14T03:30:00-07:00,43,81,0
2025-08-14T04:00:00-07:00,43,81,0
2025-08-14T04:30:00-07:00,43,81,0
2025-08-14T05:00:00-07:00,43,81,0
2025-08-14T05:30:00-07:00,43,81,0
2025-08-14T06:00:00-07:00,44,80,0.1
2025-08-14T06:30:00-07:00,42,81,0
2025-08-14T07:00:00-07:00,41,82,0
2025-08-14T07:30:00-07:00,41,82,0
2025-08-14T08:00:00-07:00,41,82,0.1
2025-08-14T08:30:00-07:00,39,83,0.1
2025-08-14T09:00:00-07:00,38,85,0.6
2025-08-14T09:30:00-07:00,37,87,2.6
2025-08-14T10:00:00-07:00,36,88,4.6
2025-08-14T10:30:00-07:00,33,91,5.3
2025-08-14T11:00:00-07:00,30,95,5.9
2025-08-14T11:30:00-07:00,29,97,6
2025-08-14T12:00:00-07:00,29,97,7.4
2025-08-14T12:30:00-07:00,26,101,5.2
2025-08-14T13:00:00-07:00,24,105,2.7
2025-08-14T13:30:00-07:00,23,105,1.6
2025-08-14T14:00:00-07:00,22,106,1.1
2025-08-14T14:30:00-07:00,23,106,1.3
2025-08-14T15:00:00-07:00,24,105,2.6
2025-08-14T15:30:00-07:00,25,102,1.2
2025-08-14T16:00:00-07:00,27,98,2.6
2025-08-14T16:30:00-07:00,29,95,2.1
2025-08-14T17:00:00-07:00,30,93,3.4
2025-08-14T17:30:00-07:00,31,91,6
2025-08-14T18:00:00-07:00,33,90,2.9
2025-08-14T18:30:00-07:00,34,88,4.3
2025-08-14T19:00:00-07:00,35,86,3.8
2025-08-14T19:30:00-07:00,36,85,3.8
2025-08-14T20:00:00-07:00,39,83,4.3
2025-08-14T20:30:00-07:00,41,81,5.3
2025-08-14T21:00:00-07:00,41,81,5.5
2025-08-14T21:30:00-07:00,41,81,5.4
2025-08-14T22:00:00-07:00,42,81,5.7
2025-08-14T22:30:00-07:00,42,80,5.8
2025-08-14T23:00:00-07:00,41,81,5.8
2025-08-14T23:30:00-07:00,41,81,5.9
2025-08-15T00:00:00-07:00,41,80,5.6
2025-08-15T00:30:00-07:00,42,80,5.8
2025-08-15T01:00:00-07:00,43,79,5.6
2025-08-15T01:30:00-07:00,41,79,5
2025-08-15T02:00:00-07:00,41,79,4.8
2025-08-15T02:30:00-07:00,42,78,4.8
2025-08-15T03:00:00-07:00,41,78,4.6
2025-08-15T03:30:00-07:00,41,78,4.7
2025-08-15T04:00:00-07:00,43,77,4.7
2025-08-15T04:30:00-07:00,42,77,4.4
2025-08-15T05:00:00-07:00,43,77,4.7
2025-08-15T05:30:00-07:00,45,77,6.1
2025-08-15T06:00:00-07:00,46,77,7
2025-08-15T06:30:00-07:00,47,77,7.5
2025-08-15T07:00:00-07:00,41,82,7.5
2025-08-15T07:30:00-07:00,27,97,6.8
2025-08-15T08:00:00-07:00,21,107,5
2025-08-15T08:30:00-07:00,19,109,4.3
2025-08-15T09:00:00-07:00,21,105,4.9
2025-08-15T09:30:00-07:00,21,105,4.9
2025-08-15T10:00:00-07:00,22,104,4.9
2025-08-15T10:30:00-07:00,22,103,4
2025-08-15T11:00:00-07:00,21,104,4.2
2025-08-15T11:30:00-07:00,21,105,4
2025-08-15T12:00:00-07:00,21,104,3.9
2025-08-15T12:30:00-07:00,20,108,3.6
2025-08-15T13:00:00-07:00,20,109,2.9
2025-08-15T13:30:00-07:00,21,108,2.2
2025-08-15T14:00:00-07:00,21,107,2.2
2025-08-15T14:30:00-07:00,22,106,1.1
2025-08-15T15:00:00-07:00,23,103,0.7
2025-08-15T15:30:00-07:00,24,102,0.4
2025-08-15T16:00:00-07:00,26,98,0.7
2025-08-15T16:30:00-07:00,29,95,1.2
2025-08-15T17:00:00-07:00,31,93,2.2
2025-08-15T17:30:00-07:00,33,92,1.5
2025-08-15T18:00:00-07:00,33,91,1.1
2025-08-15T18:30:00-07:00,36,89,1.2
2025-08-15T19:00:00-07:00,38,87,0.9
2025-08-15T19:30:00-07:00,40,85,0.4
2025-08-15T20:00:00-07:00,41,85,1
2025-08-15T20:30:00-07:00,43,84,0
2025-08-15T21:00:00-07:00,41,85,0.1
2025-08-15T21:30:00-07:00,41,84,0.3
2025-08-15T22:00:00-07:00,41,84,0
2025-08-15T22:30:00-07:00,40,85,0
2025-08-15T23:00:00-07:00,41,85,0
2025-08-15T23:30:00-07:00,42,85,0
2025-08-16T00:00:00-07:00,42,84,0
2025-08-16T00:30:00-07:00,42,84,0.7
2025-08-16T01:00:00-07:00,44,82,1.3
2025-08-16T01:30:00-07:00,48,80,0
2025-08-16T02:00:00-07:00,48,79,0
2025-08-16T02:30:00-07:00,48,79,0
2025-08-16T03:00:00-07:00,48,79,0
2025-08-16T03:30:00-07:00,47,80,0
2025-08-16T04:00:00-07:00,48,79,0
2025-08-16T04:30:00-07:00,48,79,0
2025-08-16T05:00:00-07:00,47,80,1.5
2025-08-16T05:30:00-07:00,48,80,0.5
2025-08-16T06:00:00-07:00,49,80,0.4
2025-08-16T06:30:00-07:00,47,80,1.5
2025-08-16T07:00:00-07:00,46,80,2
2025-08-16T07:30:00-07:00,46,81,1.9
2025-08-16T08:00:00-07:00,46,82,0.6
2025-08-16T08:30:00-07:00,46,84,0.1
2025-08-16T09:00:00-07:00,44,85,1.9
2025-08-16T09:30:00-07:00,43,86,0
2025-08-16T10:00:00-07:00,41,87,0.1
2025-08-16T10:30:00-07:00,42,88,0.4
2025-08-16T11:00:00-07:00,42,88,0
2025-08-16T11:30:00-07:00,41,89,0
2025-08-16T12:00:00-07:00,40,90,0
2025-08-16T12:30:00-07:00,38,92,0
2025-08-16T13:00:00-07:00,37,92,0
2025-08-16T13:30:00-07:00,36,93,0
2025-08-16T14:00:00-07:00,34,96,0
2025-08-16T14:30:00-07:00,33,98,0
2025-08-16T15:00:00-07:00,32,99,0
2025-08-16T15:30:00-07:00,32,98,0
2025-08-16T16:00:00-07:00,34,96,0
2025-08-16T16:30:00-07:00,36,94,0.5
2025-08-16T17:00:00-07:00,36,94,0.7
2025-08-16T17:30:00-07:00,36,93,0
2025-08-16T18:00:00-07:00,36,91,0
2025-08-16T18:30:00-07:00,36,90,0.8
2025-08-16T19:00:00-07:00,38,89,0.1
2025-08-16T19:30:00-07:00,40,87,0.8
2025-08-16T20:00:00-07:00,41,86,0.1
2025-08-16T20:30:00-07:00,39,86,0.6
2025-08-16T21:00:00-07:00,37,86,2.7
2025-08-16T21:30:00-07:00,39,84,2.6
2025-08-16T22:00:00-07:00,38,84,1.3
2025-08-16T22:30:00-07:00,39,83,1.3
2025-08-16T23:00:00-07:00,43,81,2
2025-08-16T23:30:00-07:00,41,82,3.5
2025-08-17T00:00:00-07:00,43,81,2.8
2025-08-17T00:30:00-07:00,44,80,2.2
2025-08-17T01:00:00-07:00,46,79,2.9
2025-08-17T01:30:00-07:00,45,80,2.9
2025-08-17T02:00:00-07:00,46,79,3.4
2025-08-17T02:30:00-07:00,46,78,3.5
2025-08-17T03:00:00-07:00,48,77,3.4
2025-08-17T03:30:00-07:00,47,77,3.1
2025-08-17T04:00:00-07:00,46,77,2.8
2025-08-17T04:30:00-07:00,46,78,2.5
2025-08-17T05:00:00-07:00,46,78,2.1
2025-08-17T05:30:00-07:00,46,79,2.1
2025-08-17T06:00:00-07:00,46,78,2
2025-08-17T06:30:00-07:00,46,78,1.7
2025-08-17T07:00:00-07:00,45,79,1.3
2025-08-17T07:30:00-07:00,42,81,1.3
2025-08-17T08:00:00-07:00,35,87,1.1
2025-08-17T08:30:00-07:00,27,97,0.5
2025-08-17T09:00:00-07:00,25,99,0.3
2025-08-17T09:30:00-07:00,25,100,0.3
2025-08-17T10:00:00-07:00,24,101,0.5
2025-08-17T10:30:00-07:00,24,100,0.8
2025-08-17T11:00:00-07:00,24,100,1.4
2025-08-17T11:30:00-07:00,25,100,1.7
2025-08-17T12:00:00-07:00,23,101,1.5
2025-08-17T12:30:00-07:00,23,102,1.1
2025-08-17T13:00:00-07:00,23,101,1.2
2025-08-17T13:30:00-07:00,24,100,1.2
2025-08-17T14:00:00-07:00,24,99,1.9
2025-08-17T14:30:00-07:00,26,98,2
2025-08-17T15:00:00-07:00,26,97,1.4
2025-08-17T15:30:00-07:00,27,96,2.1
2025-08-17T16:00:00-07:00,28,94,1.6
2025-08-17T16:30:00-07:00,28,93,2.1
2025-08-17T17:00:00-07:00,29,91,2.2
2025-08-17T17:30:00-07:00,32,89,2.2
2025-08-17T18:00:00-07:00,33,87,2.2
2025-08-17T18:30:00-07:00,35,86,2.1
2025-08-17T19:00:00-07:00,37,84,2
2025-08-17T19:30:00-07:00,37,84,1.6
2025-08-17T20:00:00-07:00,38,83,2.1
2025-08-17T20:30:00-07:00,38,82,2.1
2025-08-17T21:00:00-07:00,38,82,3.4
2025-08-17T21:30:00-07:00,40,81,2.9
2025-08-17T22:00:00-07:00,41,81,1.5
2025-08-17T22:30:00-07:00,41,81,1.6
2025-08-17T23:00:00-07:00,43,81,2.6
2025-08-17T23:30:00-07:00,42,82,4.4
2025-08-18T00:00:00-07:00,42,81,1.7
2025-08-18T00:30:00-07:00,43,79,1.8
2025-08-18T01:00:00-07:00,43,80,1.9
2025-08-18T01:30:00-07:00,42,80,1.8
2025-08-18T02:00:00-07:00,41,80,1.9
2025-08-18T02:30:00-07:00,42,79,1.6
2025-08-18T03:00:00-07:00,41,79,1.7
2025-08-18T03:30:00-07:00,42,79,1.9
2025-08-18T04:00:00-07:00,42,78,1.8
2025-08-18T04:30:00-07:00,42,77,1.9
2025-08-18T05:00:00-07:00,44,77,2.2
2025-08-18T05:30:00-07:00,43,77,2.6
2025-08-18T06:00:00-07:00,43,76,2.6
2025-08-18T06:30:00-07:00,43,76,2.7
2025-08-18T07:00:00-07:00,41,80,2.5
2025-08-18T07:30:00-07:00,24,101,1.3
2025-08-18T08:00:00-07:00,17,114,4
2025-08-18T08:30:00-07:00,16,113,2
2025-08-18T09:00:00-07:00,19,106,0.8
2025-08-18T09:30:00-07:00,21,102,1.3
2025-08-18T10:00:00-07:00,22,101,1.5
2025-08-18T10:30:00-07:00,20,102,1.1
2025-08-18T11:00:00-07:00,20,102,0.7
2025-08-18T11:30:00-07:00,18,104,0.2
2025-08-18T12:00:00-07:00,17,105,0.2
2025-08-18T12:30:00-07:00,17,106,0.1
2025-08-18T13:00:00-07:00,17,107,0.2
2025-08-18T13:30:00-07:00,17,107,0.4
2025-08-18T14:00:00-07:00,18,106,0.3
2025-08-18T14:30:00-07:00,19,103,0.7
2025-08-18T15:00:00-07:00,20,102,1
2025-08-18T15:30:00-07:00,20,99,0.6
2025-08-18T16:00:00-07:00,21,97,0.6
2025-08-18T16:30:00-07:00,22,96,0.8
2025-08-18T17:00:00-07:00,23,95,1.6
2025-08-18T17:30:00-07:00,24,93,2.1
2025-08-18T18:00:00-07:00,26,91,1.3
2025-08-18T18:30:00-07:00,27,89,1.8
2025-08-18T19:00:00-07:00,29,87,1.7
2025-08-18T19:30:00-07:00,31,85,1.8
2025-08-18T20:00:00-07:00,32,84,2.1
2025-08-18T20:30:00-07:00,34,83,2.3
2025-08-18T21:00:00-07:00,36,82,3.8
2025-08-18T21:30:00-07:00,37,82,3.3
2025-08-18T22:00:00-07:00,36,82,2.4
2025-08-18T22:30:00-07:00,35,83,6
2025-08-18T23:00:00-07:00,35,81,2.7
2025-08-18T23:30:00-07:00,35,81,1.9
2025-08-19T00:00:00-07:00,35,80,1.8
2025-08-19T00:30:00-07:00,35,80,2
2025-08-19T01:00:00-07:00,35,79,2.1
2025-08-19T01:30:00-07:00,37,78,2.5
2025-08-19T02:00:00-07:00,38,78,2.6
2025-08-19T02:30:00-07:00,39,77,2.7
2025-08-19T03:00:00-07:00,40,77,2.9
2025-08-19T03:30:00-07:00,40,77,2.6
2025-08-19T04:00:00-07:00,40,76,2.6
2025-08-19T04:30:00-07:00,39,76,2.5
2025-08-19T05:00:00-07:00,40,75,2.5
2025-08-19T05:30:00-07:00,42,75,2.9
2025-08-19T06:00:00-07:00,41,75,2.8
2025-08-19T06:30:00-07:00,41,75,3
2025-08-19T07:00:00-07:00,39,79,3.1
2025-08-19T07:30:00-07:00,23,100,1.9
2025-08-19T08:00:00-07:00,16,113,1.4
2025-08-19T08:30:00-07:00,14,118,1.3
2025-08-19T09:00:00-07:00,15,116,1.4
2025-08-19T09:30:00-07:00,17,110,1.6
2025-08-19T10:00:00-07:00,18,107,1.6
2025-08-19T10:30:00-07:00,18,105,1.5
2025-08-19T11:00:00-07:00,19,105,1.7
2025-08-19T11:30:00-07:00,19,106,1.9
2025-08-19T12:00:00-07:00,19,107,1.9
2025-08-19T12:30:00-07:00,19,107,2
2025-08-19T13:00:00-07:00,18,108,1.9
2025-08-19T13:30:00-07:00,18,107,2
2025-08-19T14:00:00-07:00,18,106,1.9
2025-08-19T14:30:00-07:00,19,104,2.2
2025-08-19T15:00:00-07:00,22,100,2.2
2025-08-19T15:30:00-07:00,23,98,2.2
2025-08-19T16:00:00-07:00,23,96,2.2
2025-08-19T16:30:00-07:00,25,93,2.7
2025-08-19T17:00:00-07:00,27,91,1.9
2025-08-19T17:30:00-07:00,30,90,2.9
2025-08-19T18:00:00-07:00,33,88,3.7
2025-08-19T18:30:00-07:00,35,87,3
2025-08-19T19:00:00-07:00,36,85,4
2025-08-19T19:30:00-07:00,37,84,3.4
2025-08-19T20:00:00-07:00,38,84,3.5
2025-08-19T20:30:00-07:00,39,83,6.1
2025-08-19T21:00:00-07:00,38,83,5.1
2025-08-19T21:30:00-07:00,38,83,3.3
2025-08-19T22:00:00-07:00,40,82,3.9
2025-08-19T22:30:00-07:00,41,81,3.9
2025-08-19T23:00:00-07:00,42,81,4.1
2025-08-19T23:30:00-07:00,42,80,4.4
2025-08-20T00:00:00-07:00,41,81,13.7
2025-08-20T00:30:00-07:00,41,80,4.4
2025-08-20T01:00:00-07:00,41,80,4.2
2025-08-20T01:30:00-07:00,41,79,4.2
2025-08-20T02:00:00-07:00,41,79,4.4
2025-08-20T02:30:00-07:00,41,78,4.3
2025-08-20T03:00:00-07:00,41,78,4.1
2025-08-20T03:30:00-07:00,41,77,4.2
2025-08-20T04:00:00-07:00,42,77,4.1
2025-08-20T04:30:00-07:00,41,76,3.9
2025-08-20T05:00:00-07:00,42,76,4
2025-08-20T05:30:00-07:00,42,75,4
2025-08-20T06:00:00-07:00,41,75,3.9
2025-08-20T06:30:00-07:00,43,75,4.4
2025-08-20T07:00:00-07:00,42,79,4.7
2025-08-20T07:30:00-07:00,25,98,4.6
2025-08-20T08:00:00-07:00,17,113,3.7
2025-08-20T08:30:00-07:00,15,118,4.1
2025-08-20T09:00:00-07:00,16,115,4.3
2025-08-20T09:30:00-07:00,17,112,4.5
2025-08-20T10:00:00-07:00,19,109,5.7
2025-08-20T10:30:00-07:00,20,108,6.9
2025-08-20T11:00:00-07:00,20,108,4.7
2025-08-20T11:30:00-07:00,19,111,4.6
2025-08-20T12:00:00-07:00,18,112,4
2025-08-20T12:30:00-07:00,16,113,2.8
2025-08-20T13:00:00-07:00,15,114,2.6
2025-08-20T13:30:00-07:00,15,115,2.3
2025-08-20T14:00:00-07:00,16,114,2.9
2025-08-20T14:30:00-07:00,16,113,3.3
2025-08-20T15:00:00-07:00,16,112,4.4
2025-08-20T15:30:00-07:00,16,111,4.5
2025-08-20T16:00:00-07:00,16,110,3
2025-08-20T16:30:00-07:00,19,107,3.8
2025-08-20T17:00:00-07:00,20,104,3.1
2025-08-20T17:30:00-07:00,22,101,4.3
2025-08-20T18:00:00-07:00,24,100,4.9
2025-08-20T18:30:00-07:00,26,98,4.6
2025-08-20T19:00:00-07:00,28,95,4.6
2025-08-20T19:30:00-07:00,30,94,4.8
2025-08-20T20:00:00-07:00,32,92,5.4
2025-08-20T20:30:00-07:00,33,90,7.1
2025-08-20T21:00:00-07:00,36,88,6.2
2025-08-20T21:30:00-07:00,37,87,6.7
2025-08-20T22:00:00-07:00,37,87,7.6
2025-08-20T22:30:00-07:00,37,86,7.8
2025-08-20T23:00:00-07:00,38,85,8.6
2025-08-20T23:30:00-07:00,39,85,9.9
2025-08-21T00:00:00-07:00,38,85,8.8
2025-08-21T00:30:00-07:00,38,84,8.6
2025-08-21T01:00:00-07:00,39,83,8.7
2025-08-21T01:30:00-07:00,39,82,8.4
2025-08-21T02:00:00-07:00,39,81,8.5
2025-08-21T02:30:00-07:00,40,81,8.6
2025-08-21T03:00:00-07:00,40,80,8.8
2025-08-21T03:30:00-07:00,40,80,8.7
2025-08-21T04:00:00-07:00,40,80,8.7
2025-08-21T04:30:00-07:00,41,79,8.9
2025-08-21T05:00:00-07:00,41,79,9.2
2025-08-21T05:30:00-07:00,41,79,9.1
2025-08-21T06:00:00-07:00,41,78,8.8
2025-08-21T06:30:00-07:00,41,78,8.3
2025-08-21T07:00:00-07:00,40,81,8.3
2025-08-21T07:30:00-07:00,29,95,8.2
2025-08-21T08:00:00-07:00,21,109,8.2
2025-08-21T08:30:00-07:00,17,119,7
2025-08-21T09:00:00-07:00,16,120,6.7
2025-08-21T09:30:00-07:00,18,115,7.7
2025-08-21T10:00:00-07:00,20,112,7.2
2025-08-21T10:30:00-07:00,20,112,7.1
2025-08-21T11:00:00-07:00,20,112,6.6
2025-08-21T11:30:00-07:00,18,115,5
2025-08-21T12:00:00-07:00,15,117,4
2025-08-21T12:30:00-07:00,15,118,3.3
2025-08-21T13:00:00-07:00,14,119,2.5
2025-08-21T13:30:00-07:00,14,119,3.6
2025-08-21T14:00:00-07:00,14,118,5.8
2025-08-21T14:30:00-07:00,15,117,5.9
2025-08-21T15:00:00-07:00,14,115,3.3
2025-08-21T15:30:00-07:00,15,114,5.5
2025-08-21T16:00:00-07:00,16,113,4.9
2025-08-21T16:30:00-07:00,19,110,7.4
2025-08-21T17:00:00-07:00,22,107,7.6
2025-08-21T17:30:00-07:00,24,102,7.8
2025-08-21T18:00:00-07:00,25,99,7.8
2025-08-21T18:30:00-07:00,28,95,8.5
2025-08-21T19:00:00-07:00,31,93,9
2025-08-21T19:30:00-07:00,32,91,9.7
2025-08-21T20:00:00-07:00,33,90,9.6
2025-08-21T20:30:00-07:00,34,89,9
2025-08-21T21:00:00-07:00,34,88,9
2025-08-21T21:30:00-07:00,36,87,8.7
2025-08-21T22:00:00-07:00,38,85,9.3
2025-08-21T22:30:00-07:00,38,85,9.5
2025-08-21T23:00:00-07:00,39,84,9.5
2025-08-21T23:30:00-07:00,39,83,9.9
2025-08-22T00:00:00-07:00,40,82,11.8
2025-08-22T00:30:00-07:00,40,82,9.9
2025-08-22T01:00:00-07:00,41,81,10.1
2025-08-22T01:30:00-07:00,42,80,9.7
2025-08-22T02:00:00-07:00,43,80,9.2
2025-08-22T02:30:00-07:00,43,79,8.8
2025-08-22T03:00:00-07:00,44,79,9.3
2025-08-22T03:30:00-07:00,44,78,9
2025-08-22T04:00:00-07:00,45,78,8.6
2025-08-22T04:30:00-07:00,46,77,7.5
2025-08-22T05:00:00-07:00,46,77,6.4
2025-08-22T05:30:00-07:00,47,77,6.3
2025-08-22T06:00:00-07:00,47,77,6.1
2025-08-22T06:30:00-07:00,47,77,6.3
2025-08-22T07:00:00-07:00,46,78,6.3
2025-08-22T07:30:00-07:00,45,79,5.8
2025-08-22T08:00:00-07:00,43,82,6.2
2025-08-22T08:30:00-07:00,36,88,6.5
2025-08-22T09:00:00-07:00,26,98,5.8
2025-08-22T09:30:00-07:00,24,101,5.1
2025-08-22T10:00:00-07:00,24,102,4.1
2025-08-22T10:30:00-07:00,23,102,4.5
2025-08-22T11:00:00-07:00,23,103,5.9
2025-08-22T11:30:00-07:00,22,105,5.9
2025-08-22T12:00:00-07:00,21,107,6.3
2025-08-22T12:30:00-07:00,21,108,6.4
2025-08-22T13:00:00-07:00,22,109,6.1
2025-08-22T13:30:00-07:00,22,108,5.6
2025-08-22T14:00:00-07:00,21,108,4.7
2025-08-22T14:30:00-07:00,22,107,4.2
2025-08-22T15:00:00-07:00,21,108,4.2
2025-08-22T15:30:00-07:00,21,107,4.4
2025-08-22T16:00:00-07:00,21,106,4.8
2025-08-22T16:30:00-07:00,23,104,5
2025-08-22T17:00:00-07:00,23,103,5
2025-08-22T17:30:00-07:00,24,102,6.1
2025-08-22T18:00:00-07:00,26,99,5.7
2025-08-22T18:30:00-07:00,28,96,6
2025-08-22T19:00:00-07:00,31,93,6
2025-08-22T19:30:00-07:00,33,90,6.3
2025-08-22T20:00:00-07:00,34,89,8
2025-08-22T20:30:00-07:00,35,88,8.5
2025-08-22T21:00:00-07:00,36,87,6.9
2025-08-22T21:30:00-07:00,37,86,6.5
2025-08-22T22:00:00-07:00,38,84,7.4
2025-08-22T22:30:00-07:00,40,84,7.6
2025-08-22T23:00:00-07:00,39,84,9.7
2025-08-22T23:30:00-07:00,38,84,9.3
2025-08-23T00:00:00-07:00,39,83,8.4
2025-08-23T00:30:00-07:00,39,83,9.4
2025-08-23T01:00:00-07:00,40,82,10.8
2025-08-23T01:30:00-07:00,40,82,8.2
2025-08-23T02:00:00-07:00,41,81,9
2025-08-23T02:30:00-07:00,41,80,7.6
2025-08-23T03:00:00-07:00,42,80,7.6
2025-08-23T03:30:00-07:00,43,79,21.4
2025-08-23T04:00:00-07:00,43,79,8.9
2025-08-23T04:30:00-07:00,44,79,7.9
2025-08-23T05:00:00-07:00,44,79,7.5
2025-08-23T05:30:00-07:00,45,79,7.6
2025-08-23T06:00:00-07:00,44,79,7
2025-08-23T06:30:00-07:00,43,79,7
2025-08-23T07:00:00-07:00,42,81,6.9
2025-08-23T07:30:00-07:00,31,93,4.9
2025-08-23T08:00:00-07:00,23,104,2.9
2025-08-23T08:30:00-07:00,18,113,1.7
2025-08-23T09:00:00-07:00,18,113,1.6
2025-08-23T09:30:00-07:00,20,109,2.2
2025-08-23T10:00:00-07:00,21,107,2.8
2025-08-23T10:30:00-07:00,21,106,2.9
2025-08-23T11:00:00-07:00,22,106,2.7
2025-08-23T11:30:00-07:00,21,108,2.1
2025-08-23T12:00:00-07:00,21,108,2.7
2025-08-23T12:30:00-07:00,22,106,2.2
2025-08-23T13:00:00-07:00,22,106,1.5
2025-08-23T13:30:00-07:00,22,105,1.1
2025-08-23T14:00:00-07:00,23,103,2
2025-08-23T14:30:00-07:00,24,102,1.8
2025-08-23T15:00:00-07:00,25,101,1.7
2025-08-23T15:30:00-07:00,26,99,2.2
2025-08-23T16:00:00-07:00,28,97,3.5
2025-08-23T16:30:00-07:00,30,96,4
2025-08-23T17:00:00-07:00,31,94,6.5
2025-08-23T17:30:00-07:00,32,93,6.6
2025-08-23T18:00:00-07:00,32,92,5.4
2025-08-23T18:30:00-07:00,33,90,5.4
2025-08-23T19:00:00-07:00,36,88,5.8
2025-08-23T19:30:00-07:00,38,86,6
2025-08-23T20:00:00-07:00,40,85,7.6
2025-08-23T20:30:00-07:00,41,84,10.3
2025-08-23T21:00:00-07:00,43,83,7
2025-08-23T21:30:00-07:00,43,83,7.9
2025-08-23T22:00:00-07:00,44,82,6.1
2025-08-23T22:30:00-07:00,43,82,5.8
2025-08-23T23:00:00-07:00,43,82,6.8
2025-08-23T23:30:00-07:00,42,83,8.2
2025-08-24T00:00:00-07:00,44,82,5.9
2025-08-24T00:30:00-07:00,44,82,7.1
2025-08-24T01:00:00-07:00,43,83,9.6
2025-08-24T01:30:00-07:00,43,82,5.9
2025-08-24T02:00:00-07:00,44,81,5.3
2025-08-24T02:30:00-07:00,44,81,5.7
2025-08-24T03:00:00-07:00,44,81,4.8
2025-08-24T03:30:00-07:00,44,81,3
2025-08-24T04:00:00-07:00,43,81,1.6
2025-08-24T04:30:00-07:00,43,82,2.1
2025-08-24T05:00:00-07:00,42,82,2.4
2025-08-24T05:30:00-07:00,43,82,2.5
2025-08-24T06:00:00-07:00,43,82,2.9
2025-08-24T06:30:00-07:00,43,82,3.4
2025-08-24T07:00:00-07:00,44,81,3.5
2025-08-24T07:30:00-07:00,43,82,3.8
2025-08-24T08:00:00-07:00,42,83,4.2
2025-08-24T08:30:00-07:00,42,83,4
2025-08-24T09:00:00-07:00,41,84,4
2025-08-24T09:30:00-07:00,39,85,3.7
2025-08-24T10:00:00-07:00,37,87,3.5
2025-08-24T10:30:00-07:00,35,89,3.5
2025-08-24T11:00:00-07:00,31,93,4
2025-08-24T11:30:00-07:00,28,97,4.1
2025-08-24T12:00:00-07:00,27,99,4.2
2025-08-24T12:30:00-07:00,26,101,3
2025-08-24T13:00:00-07:00,25,102,1.8
2025-08-24T13:30:00-07:00,25,102,1.7
2025-08-24T14:00:00-07:00,25,102,1
2025-08-24T14:30:00-07:00,25,101,3
2025-08-24T15:00:00-07:00,26,100,1.9
2025-08-24T15:30:00-07:00,27,98,2.1
2025-08-24T16:00:00-07:00,28,96,2.3
2025-08-24T16:30:00-07:00,30,94,2.6
2025-08-24T17:00:00-07:00,32,92,3.5
2025-08-24T17:30:00-07:00,34,90,6.6
2025-08-24T18:00:00-07:00,35,89,5.5
2025-08-24T18:30:00-07:00,38,86,4.8
2025-08-24T19:00:00-07:00,39,84,4.7
2025-08-24T19:30:00-07:00,41,83,4.8
2025-08-24T20:00:00-07:00,43,81,5.8
2025-08-24T20:30:00-07:00,44,81,7.2
2025-08-24T21:00:00-07:00,44,81,6.4
2025-08-24T21:30:00-07:00,44,81,4.9
2025-08-24T22:00:00-07:00,44,81,4.9
2025-08-24T22:30:00-07:00,45,80,5
2025-08-24T23:00:00-07:00,45,80,7.6
2025-08-24T23:30:00-07:00,44,81,8
2025-08-25T00:00:00-07:00,44,81,4.6
2025-08-25T00:30:00-07:00,45,80,4.6
2025-08-25T01:00:00-07:00,45,80,4.8
2025-08-25T01:30:00-07:00,45,80,5
2025-08-25T02:00:00-07:00,45,80,5.8
2025-08-25T02:30:00-07:00,44,80,5.3
2025-08-25T03:00:00-07:00,44,81,5.8
2025-08-25T03:30:00-07:00,44,81,6.4
2025-08-25T04:00:00-07:00,44,81,6.2
2025-08-25T04:30:00-07:00,44,81,5.7
2025-08-25T05:00:00-07:00,43,81,5.2
2025-08-25T05:30:00-07:00,43,81,5.4
2025-08-25T06:00:00-07:00,43,82,5.5
2025-08-25T06:30:00-07:00,42,82,5.7
2025-08-25T07:00:00-07:00,42,82,6.2
2025-08-25T07:30:00-07:00,43,82,6.9
2025-08-25T08:00:00-07:00,41,83,6.8
2025-08-25T08:30:00-07:00,40,84,7.5
2025-08-25T09:00:00-07:00,39,86,8.1
2025-08-25T09:30:00-07:00,36,88,8.1
2025-08-25T10:00:00-07:00,31,94,7.6
2025-08-25T10:30:00-07:00,27,99,7
2025-08-25T11:00:00-07:00,26,101,7.8
2025-08-25T11:30:00-07:00,26,102,8.4
2025-08-25T12:00:00-07:00,24,105,8.1
2025-08-25T12:30:00-07:00,22,108,8
2025-08-25T13:00:00-07:00,21,109,7.9
2025-08-25T13:30:00-07:00,23,107,8.2
2025-08-25T14:00:00-07:00,24,105,3.4
2025-08-25T14:30:00-07:00,24,104,1.1
2025-08-25T15:00:00-07:00,25,103,1
2025-08-25T15:30:00-07:00,25,102,1.2
2025-08-25T16:00:00-07:00,26,100,3.1
2025-08-25T16:30:00-07:00,27,98,4.2
2025-08-25T17:00:00-07:00,29,96,4.3
2025-08-25T17:30:00-07:00,31,93,4.3
2025-08-25T18:00:00-07:00,33,91,4.7
2025-08-25T18:30:00-07:00,35,89,4.9
2025-08-25T19:00:00-07:00,37,88,5.2
2025-08-25T19:30:00-07:00,39,85,5.4
2025-08-25T20:00:00-07:00,40,84,5.5
2025-08-25T20:30:00-07:00,40,84,8.1
2025-08-25T21:00:00-07:00,40,84,11.1
2025-08-25T21:30:00-07:00,39,84,5.4
2025-08-25T22:00:00-07:00,40,84,5.4
2025-08-25T22:30:00-07:00,41,83,5.7
2025-08-25T23:00:00-07:00,42,83,6
2025-08-25T23:30:00-07:00,40,84,13.5
2025-08-26T00:00:00-07:00,40,84,6.8
2025-08-26T00:30:00-07:00,41,83,5.9
2025-08-26T01:00:00-07:00,41,83,6.1
2025-08-26T01:30:00-07:00,41,82,6.6
2025-08-26T02:00:00-07:00,42,82,7.1
2025-08-26T02:30:00-07:00,42,81,7
2025-08-26T03:00:00-07:00,41,81,6.8
2025-08-26T03:30:00-07:00,41,81,6.9
2025-08-26T04:00:00-07:00,43,81,7.6
2025-08-26T04:30:00-07:00,42,81,7.8
2025-08-26T05:00:00-07:00,42,81,8.2
2025-08-26T05:30:00-07:00,42,80,8.1
2025-08-26T06:00:00-07:00,42,80,8.1
2025-08-26T06:30:00-07:00,42,80,8.4
2025-08-26T07:00:00-07:00,42,83,9.1
2025-08-26T07:30:00-07:00,36,90,9.4
2025-08-26T08:00:00-07:00,34,92,11.5
2025-08-26T08:30:00-07:00,28,99,12
2025-08-26T09:00:00-07:00,21,110,9.5
2025-08-26T09:30:00-07:00,23,107,8.6
2025-08-26T10:00:00-07:00,23,107,8.1
2025-08-26T10:30:00-07:00,23,106,8.4
2025-08-26T11:00:00-07:00,23,106,8.9
2025-08-26T11:30:00-07:00,23,107,9.1
2025-08-26T12:00:00-07:00,22,108,9.4
2025-08-26T12:30:00-07:00,22,108,9.4
2025-08-26T13:00:00-07:00,22,108,9.8
2025-08-26T13:30:00-07:00,22,107,8.1
2025-08-26T14:00:00-07:00,22,106,7.7
2025-08-26T14:30:00-07:00,23,105,8.6
2025-08-26T15:00:00-07:00,23,105,8.3
2025-08-26T15:30:00-07:00,23,105,7.8
2025-08-26T16:00:00-07:00,24,102,7.4
2025-08-26T16:30:00-07:00,26,99,7
2025-08-26T17:00:00-07:00,26,97,6.2
2025-08-26T17:30:00-07:00,27,95,5.9
2025-08-26T18:00:00-07:00,28,93,6.1
2025-08-26T18:30:00-07:00,31,91,6.3
2025-08-26T19:00:00-07:00,34,88,6.6
2025-08-26T19:30:00-07:00,36,86,8.7
2025-08-26T20:00:00-07:00,37,85,10
2025-08-26T20:30:00-07:00,39,83,7.2
2025-08-26T21:00:00-07:00,41,82,7.4
2025-08-26T21:30:00-07:00,40,83,14.1
2025-08-26T22:00:00-07:00,41,82,7.2
2025-08-26T22:30:00-07:00,40,83,7.5
2025-08-26T23:00:00-07:00,40,83,6.9
2025-08-26T23:30:00-07:00,39,83,7.9
2025-08-27T00:00:00-07:00,38,84,9.9
2025-08-27T00:30:00-07:00,39,83,7.4
2025-08-27T01:00:00-07:00,38,82,7.2
2025-08-27T01:30:00-07:00,39,82,7.2
2025-08-27T02:00:00-07:00,39,81,7.1
2025-08-27T02:30:00-07:00,39,81,7.6
2025-08-27T03:00:00-07:00,39,81,7.7
2025-08-27T03:30:00-07:00,40,80,8
2025-08-27T04:00:00-07:00,41,80,7.5
2025-08-27T04:30:00-07:00,41,80,7.6
2025-08-27T05:00:00-07:00,41,79,8.1
2025-08-27T05:30:00-07:00,41,79,8.2
2025-08-27T06:00:00-07:00,42,79,8
2025-08-27T06:30:00-07:00,43,80,8.9
2025-08-27T07:00:00-07:00,43,81,9
2025-08-27T07:30:00-07:00,39,85,8
2025-08-27T08:00:00-07:00,37,88,8.1
2025-08-27T08:30:00-07:00,34,91,8.3
2025-08-27T09:00:00-07:00,26,101,8.1
2025-08-27T09:30:00-07:00,23,106,6.9
2025-08-27T10:00:00-07:00,22,106,7.1
2025-08-27T10:30:00-07:00,22,107,7.6
2025-08-27T11:00:00-07:00,22,108,8.2
2025-08-27T11:30:00-07:00,22,108,7.8
2025-08-27T12:00:00-07:00,21,109,7.4
2025-08-27T12:30:00-07:00,21,108,8
2025-08-27T13:00:00-07:00,21,108,8
2025-08-27T13:30:00-07:00,22,107,8.2
2025-08-27T14:00:00-07:00,22,106,8.4
2025-08-27T14:30:00-07:00,23,105,10.6
2025-08-27T15:00:00-07:00,24,103,8.7
2025-08-27T15:30:00-07:00,25,100,9
2025-08-27T16:00:00-07:00,26,98,8
2025-08-27T16:30:00-07:00,27,96,7.6
2025-08-27T17:00:00-07:00,29,94,7.8
2025-08-27T17:30:00-07:00,29,94,8.1
2025-08-27T18:00:00-07:00,29,92,7.9
2025-08-27T18:30:00-07:00,31,91,9.2
2025-08-27T19:00:00-07:00,31,90,8.9
2025-08-27T19:30:00-07:00,33,88,8
2025-08-27T20:00:00-07:00,34,87,10.3
2025-08-27T20:30:00-07:00,34,87,11.7
2025-08-27T21:00:00-07:00,37,85,7.8
2025-08-27T21:30:00-07:00,38,84,7.8
2025-08-27T22:00:00-07:00,38,83,7.6
2025-08-27T22:30:00-07:00,38,83,7.7
2025-08-27T23:00:00-07:00,38,83,8.1
2025-08-27T23:30:00-07:00,38,83,16.1
2025-08-28T00:00:00-07:00,39,83,8.9
2025-08-28T00:30:00-07:00,40,82,7.2
2025-08-28T01:00:00-07:00,40,81,6.7
2025-08-28T01:30:00-07:00,40,81,8
2025-08-28T02:00:00-07:00,39,81,7.8
2025-08-28T02:30:00-07:00,39,80,7.9
2025-08-28T03:00:00-07:00,41,79,8
2025-08-28T03:30:00-07:00,41,79,7.5
2025-08-28T04:00:00-07:00,41,79,7.3
2025-08-28T04:30:00-07:00,41,78,7.4
2025-08-28T05:00:00-07:00,41,77,7.2
2025-08-28T05:30:00-07:00,41,77,7.2
2025-08-28T06:00:00-07:00,42,76,7.3
2025-08-28T06:30:00-07:00,42,76,7.6
2025-08-28T07:00:00-07:00,42,78,7.8
2025-08-28T07:30:00-07:00,42,80,8.2
2025-08-28T08:00:00-07:00,42,82,7.4
2025-08-28T08:30:00-07:00,38,85,7.4
2025-08-28T09:00:00-07:00,35,89,7.6
2025-08-28T09:30:00-07:00,29,94,7.2
2025-08-28T10:00:00-07:00,27,98,7.1
2025-08-28T10:30:00-07:00,25,100,8
2025-08-28T11:00:00-07:00,24,102,8.9
2025-08-28T11:30:00-07:00,23,103,8.7
2025-08-28T12:00:00-07:00,22,104,7.9
2025-08-28T12:30:00-07:00,21,106,6.8
2025-08-28T13:00:00-07:00,21,106,6.5
2025-08-28T13:30:00-07:00,20,107,6.5
2025-08-28T14:00:00-07:00,20,108,6.3
2025-08-28T14:30:00-07:00,20,108,5.8
2025-08-28T15:00:00-07:00,20,107,5.1
2025-08-28T15:30:00-07:00,21,106,4.5
2025-08-28T16:00:00-07:00,22,103,4
2025-08-28T16:30:00-07:00,25,100,2.6
2025-08-28T17:00:00-07:00,28,96,2.3
2025-08-28T17:30:00-07:00,31,92,3.5
2025-08-28T18:00:00-07:00,33,89,2.9
2025-08-28T18:30:00-07:00,35,86,2.8
2025-08-28T19:00:00-07:00,37,85,2.3
2025-08-28T19:30:00-07:00,38,83,4.1
2025-08-28T20:00:00-07:00,39,83,6.9
2025-08-28T20:30:00-07:00,40,82,4
2025-08-28T21:00:00-07:00,41,82,4.2
2025-08-28T21:30:00-07:00,41,82,4.1
2025-08-28T22:00:00-07:00,42,82,4.4
2025-08-28T22:30:00-07:00,41,82,5.2
2025-08-28T23:00:00-07:00,40,83,9.9
2025-08-28T23:30:00-07:00,41,82,4
2025-08-29T00:00:00-07:00,42,81,5
2025-08-29T00:30:00-07:00,42,80,3.8
2025-08-29T01:00:00-07:00,42,80,3.7
2025-08-29T01:30:00-07:00,42,80,3.3
2025-08-29T02:00:00-07:00,42,80,2.7
2025-08-29T02:30:00-07:00,42,79,2.9
2025-08-29T03:00:00-07:00,41,79,3.5
2025-08-29T03:30:00-07:00,42,78,4.2
2025-08-29T04:00:00-07:00,43,78,4.5
2025-08-29T04:30:00-07:00,42,78,4.6
2025-08-29T05:00:00-07:00,42,77,4.3
2025-08-29T05:30:00-07:00,44,77,4.3
2025-08-29T06:00:00-07:00,45,77,4.7
2025-08-29T06:30:00-07:00,44,77,4.9
2025-08-29T07:00:00-07:00,44,78,5.5
2025-08-29T07:30:00-07:00,45,80,6.2
2025-08-29T08:00:00-07:00,44,81,6.8
2025-08-29T08:30:00-07:00,43,81,6.8
2025-08-29T09:00:00-07:00,41,83,7.3
2025-08-29T09:30:00-07:00,38,85,6.5
2025-08-29T10:00:00-07:00,32,92,5.9
2025-08-29T10:30:00-07:00,28,97,5.7
2025-08-29T11:00:00-07:00,26,98,5.5
2025-08-29T11:30:00-07:00,25,100,5.1
2025-08-29T12:00:00-07:00,24,101,5.5
2025-08-29T12:30:00-07:00,24,102,5.1
2025-08-29T13:00:00-07:00,24,103,4.9
2025-08-29T13:30:00-07:00,23,104,4.8
2025-08-29T14:00:00-07:00,23,104,5.1
2025-08-29T14:30:00-07:00,23,104,5.2
2025-08-29T15:00:00-07:00,24,102,4.2
2025-08-29T15:30:00-07:00,24,102,3.9
2025-08-29T16:00:00-07:00,26,99,3.8
2025-08-29T16:30:00-07:00,27,97,5.5
2025-08-29T17:00:00-07:00,28,96,4.3
2025-08-29T17:30:00-07:00,29,95,4.3
2025-08-29T18:00:00-07:00,31,93,4.6
2025-08-29T18:30:00-07:00,33,91,4.9
2025-08-29T19:00:00-07:00,35,89,6.5
2025-08-29T19:30:00-07:00,37,87,5.3
2025-08-29T20:00:00-07:00,38,86,5.6
2025-08-29T20:30:00-07:00,38,85,5.9
2025-08-29T21:00:00-07:00,39,85,5.6
2025-08-29T21:30:00-07:00,40,84,5.6
2025-08-29T22:00:00-07:00,40,83,5.6
2025-08-29T22:30:00-07:00,41,82,5.6
2025-08-29T23:00:00-07:00,41,82,7.5
2025-08-29T23:30:00-07:00,42,82,5.5
2025-08-30T00:00:00-07:00,42,81,5.6
2025-08-30T00:30:00-07:00,43,81,5.5
2025-08-30T01:00:00-07:00,43,81,5.5
2025-08-30T01:30:00-07:00,42,80,5.6
2025-08-30T02:00:00-07:00,43,80,5.8
2025-08-30T02:30:00-07:00,43,80,5.7
2025-08-30T03:00:00-07:00,43,79,5.9
2025-08-30T03:30:00-07:00,42,79,5.9
2025-08-30T04:00:00-07:00,44,78,6.5
2025-08-30T04:30:00-07:00,44,78,6.9
2025-08-30T05:00:00-07:00,44,78,7.2
2025-08-30T05:30:00-07:00,42,78,7
2025-08-30T06:00:00-07:00,42,77,6.7
2025-08-30T06:30:00-07:00,43,77,6.5
2025-08-30T07:00:00-07:00,42,79,6.7
2025-08-30T07:30:00-07:00,29,96,7.2
2025-08-30T08:00:00-07:00,20,111,5.8
2025-08-30T08:30:00-07:00,16,119,4.4
2025-08-30T09:00:00-07:00,15,120,3.9
2025-08-30T09:30:00-07:00,16,118,4
2025-08-30T10:00:00-07:00,18,114,4.7
2025-08-30T10:30:00-07:00,19,112,5.2
2025-08-30T11:00:00-07:00,21,110,6
2025-08-30T11:30:00-07:00,18,112,5.4
2025-08-30T12:00:00-07:00,16,114,4.3
2025-08-30T12:30:00-07:00,14,115,3.7
2025-08-30T13:00:00-07:00,13,117,3.1
2025-08-30T13:30:00-07:00,14,117,4
2025-08-30T14:00:00-07:00,15,116,5.3
2025-08-30T14:30:00-07:00,13,115,4.1
2025-08-30T15:00:00-07:00,12,115,2.5
2025-08-30T15:30:00-07:00,15,114,4.9
2025-08-30T16:00:00-07:00,16,111,4.1
2025-08-30T16:30:00-07:00,17,108,3.7
2025-08-30T17:00:00-07:00,19,106,4.3
2025-08-30T17:30:00-07:00,23,103,7.1
2025-08-30T18:00:00-07:00,23,100,6.5
2025-08-30T18:30:00-07:00,24,98,6
2025-08-30T19:00:00-07:00,24,96,10.5
2025-08-30T19:30:00-07:00,25,96,11.2
2025-08-30T20:00:00-07:00,29,94,7.5
2025-08-30T20:30:00-07:00,33,92,8.4
2025-08-30T21:00:00-07:00,35,90,8.4
2025-08-30T21:30:00-07:00,35,89,8.1
2025-08-30T22:00:00-07:00,35,89,16.2
2025-08-30T22:30:00-07:00,34,90,14.4
2025-08-30T23:00:00-07:00,35,88,8
2025-08-30T23:30:00-07:00,36,87,9
2025-08-31T00:00:00-07:00,36,86,9.5
2025-08-31T00:30:00-07:00,37,85,9.4
2025-08-31T01:00:00-07:00,37,85,9.1
2025-08-31T01:30:00-07:00,37,84,8.9
2025-08-31T02:00:00-07:00,37,83,9.2
2025-08-31T02:30:00-07:00,38,83,9.2
2025-08-31T03:00:00-07:00,38,82,9
2025-08-31T03:30:00-07:00,39,82,9.7
2025-08-31T04:00:00-07:00,38,82,10.3
2025-08-31T04:30:00-07:00,38,81,9.6
2025-08-31T05:00:00-07:00,40,81,10.6
2025-08-31T05:30:00-07:00,38,81,9.5
2025-08-31T06:00:00-07:00,38,80,9
2025-08-31T06:30:00-07:00,39,80,8.6
2025-08-31T07:00:00-07:00,38,82,8.4
2025-08-31T07:30:00-07:00,26,98,7.5
2025-08-31T08:00:00-07:00,19,112,7.5
2025-08-31T08:30:00-07:00,15,122,6.6
2025-08-31T09:00:00-07:00,14,125,6.8
2025-08-31T09:30:00-07:00,15,121,6.7
2025-08-31T10:00:00-07:00,15,118,6.6
2025-08-31T10:30:00-07:00,15,117,7
2025-08-31T11:00:00-07:00,14,118,5.8
2025-08-31T11:30:00-07:00,15,119,5.9
2025-08-31T12:00:00-07:00,12,120,4
2025-08-31T12:30:00-07:00,10,122,2.6
2025-08-31T13:00:00-07:00,8,122,1
2025-08-31T13:30:00-07:00,8,121,2.9
2025-08-31T14:00:00-07:00,11,118,3.1
2025-08-31T14:30:00-07:00,14,114,3.8
2025-08-31T15:00:00-07:00,14,113,6.2
2025-08-31T15:30:00-07:00,15,112,7.5
2025-08-31T16:00:00-07:00,16,110,4.2
2025-08-31T16:30:00-07:00,19,107,3.7
2025-08-31T17:00:00-07:00,20,105,2.4
2025-08-31T17:30:00-07:00,21,103,2.3
2025-08-31T18:00:00-07:00,23,101,3.4
2025-08-31T18:30:00-07:00,25,98,3
2025-08-31T19:00:00-07:00,27,96,4.4
2025-08-31T19:30:00-07:00,29,95,4.4
2025-08-31T20:00:00-07:00,30,93,5.1
2025-08-31T20:30:00-07:00,32,92,9.7
2025-08-31T21:00:00-07:00,33,91,6.5
2025-08-31T21:30:00-07:00,34,90,5.8
2025-08-31T22:00:00-07:00,35,89,6.1
2025-08-31T22:30:00-07:00,36,88,6.7
2025-08-31T23:00:00-07:00,37,87,6.3
2025-08-31T23:30:00-07:00,37,86,6.5
2025-09-01T00:00:00-07:00,39,86,8.5
2025-09-01T00:30:00-07:00,40,85,8
2025-09-01T01:00:00-07:00,40,85,7.5
2025-09-01T01:30:00-07:00,40,84,8.1
2025-09-01T02:00:00-07:00,39,84,8.1
2025-09-01T02:30:00-07:00,38,84,8.8
2025-09-01T03:00:00-07:00,39,83,9.3
2025-09-01T03:30:00-07:00,38,84,10.5
2025-09-01T04:00:00-07:00,39,83,9.5
2025-09-01T04:30:00-07:00,40,82,8.9
2025-09-01T05:00:00-07:00,40,82,9.9
2025-09-01T05:30:00-07:00,42,81,8.5
2025-09-01T06:00:00-07:00,43,81,8
2025-09-01T06:30:00-07:00,44,80,6.5
2025-09-01T07:00:00-07:00,42,83,5.6
2025-09-01T07:30:00-07:00,29,98,6.8
2025-09-01T08:00:00-07:00,21,110,5.9
2025-09-01T08:30:00-07:00,17,118,5.6
2025-09-01T09:00:00-07:00,16,119,10.1
2025-09-01T09:30:00-07:00,18,116,10.1
2025-09-01T10:00:00-07:00,20,111,5.8
2025-09-01T10:30:00-07:00,20,110,5.5
2025-09-01T11:00:00-07:00,20,112,4.6
2025-09-01T11:30:00-07:00,20,113,3.7
2025-09-01T12:00:00-07:00,19,113,3.5
2025-09-01T12:30:00-07:00,19,115,3.9
2025-09-01T13:00:00-07:00,18,114,3.3
2025-09-01T13:30:00-07:00,16,115,1.5
2025-09-01T14:00:00-07:00,16,115,1.7
2025-09-01T14:30:00-07:00,17,114,3
2025-09-01T15:00:00-07:00,18,114,2.8
2025-09-01T15:30:00-07:00,16,113,2.5
2025-09-01T16:00:00-07:00,16,112,2.2
2025-09-01T16:30:00-07:00,17,110,1.9
2025-09-01T17:00:00-07:00,18,107,2.5
2025-09-01T17:30:00-07:00,21,105,2.5
2025-09-01T18:00:00-07:00,23,103,2.8
2025-09-01T18:30:00-07:00,26,99,4.5
2025-09-01T19:00:00-07:00,28,97,5.3
2025-09-01T19:30:00-07:00,28,96,5.4
2025-09-01T20:00:00-07:00,28,95,6.1
2025-09-01T20:30:00-07:00,31,93,5.2
2025-09-01T21:00:00-07:00,33,92,6.1
2025-09-01T21:30:00-07:00,34,90,6.5
2025-09-01T22:00:00-07:00,35,90,7
2025-09-01T22:30:00-07:00,36,89,7.1
2025-09-01T23:00:00-07:00,35,88,6.7
2025-09-01T23:30:00-07:00,34,89,11.5
2025-09-02T00:00:00-07:00,35,88,7.6
2025-09-02T00:30:00-07:00,37,86,7
2025-09-02T01:00:00-07:00,37,86,7.2
2025-09-02T01:30:00-07:00,38,85,7.5
2025-09-02T02:00:00-07:00,39,85,7.7
2025-09-02T02:30:00-07:00,39,85,7.9
2025-09-02T03:00:00-07:00,40,85,8.7
2025-09-02T03:30:00-07:00,39,85,8.9
2025-09-02T04:00:00-07:00,39,85,9.2
2025-09-02T04:30:00-07:00,39,85,9.2
2025-09-02T05:00:00-07:00,39,85,9.4
2025-09-02T05:30:00-07:00,39,85,9
2025-09-02T06:00:00-07:00,39,86,9.7
2025-09-02T06:30:00-07:00,38,85,9
2025-09-02T07:00:00-07:00,38,85,9.4
2025-09-02T07:30:00-07:00,37,87,8.9
2025-09-02T08:00:00-07:00,32,94,8.9
2025-09-02T08:30:00-07:00,21,110,7.4
2025-09-02T09:00:00-07:00,16,120,6.6
2025-09-02T09:30:00-07:00,16,118,6.4
2025-09-02T10:00:00-07:00,18,114,6.2
2025-09-02T10:30:00-07:00,19,111,5.8
2025-09-02T11:00:00-07:00,20,111,5.1
2025-09-02T11:30:00-07:00,19,113,4.6
2025-09-02T12:00:00-07:00,19,113,4.8
2025-09-02T12:30:00-07:00,18,114,4.6
2025-09-02T13:00:00-07:00,19,112,4.4
2025-09-02T13:30:00-07:00,20,111,4.1
2025-09-02T14:00:00-07:00,21,108,4.4
2025-09-02T14:30:00-07:00,22,105,3.5
2025-09-02T15:00:00-07:00,24,103,3.8
2025-09-02T15:30:00-07:00,24,103,3.7
2025-09-02T16:00:00-07:00,24,104,3.6
2025-09-02T16:30:00-07:00,25,102,4.2
2025-09-02T17:00:00-07:00,26,100,3.2
2025-09-02T17:30:00-07:00,28,98,3.4
2025-09-02T18:00:00-07:00,29,97,7.1
2025-09-02T18:30:00-07:00,30,95,3.6
2025-09-02T19:00:00-07:00,34,91,4.5
2025-09-02T19:30:00-07:00,38,87,4.9
2025-09-02T20:00:00-07:00,41,84,4.8
2025-09-02T20:30:00-07:00,40,85,11.3
2025-09-02T21:00:00-07:00,40,85,4
2025-09-02T21:30:00-07:00,40,84,3.9
2025-09-02T22:00:00-07:00,40,84,3.9
2025-09-02T22:30:00-07:00,39,84,7.5
2025-09-02T23:00:00-07:00,40,84,5.9
2025-09-02T23:30:00-07:00,41,83,5.3
2025-09-03T00:00:00-07:00,42,82,4.1
2025-09-03T00:30:00-07:00,41,82,4
2025-09-03T01:00:00-07:00,40,82,3.7
2025-09-03T01:30:00-07:00,41,81,3.7
2025-09-03T02:00:00-07:00,41,81,3.5
2025-09-03T02:30:00-07:00,43,80,4
2025-09-03T03:00:00-07:00,44,80,4.4
2025-09-03T03:30:00-07:00,42,81,4.1
2025-09-03T04:00:00-07:00,42,80,4.6
2025-09-03T04:30:00-07:00,41,80,4.8
2025-09-03T05:00:00-07:00,41,79,5.2
2025-09-03T05:30:00-07:00,42,79,4.8
2025-09-03T06:00:00-07:00,44,78,5.3
2025-09-03T06:30:00-07:00,45,78,5.7
2025-09-03T07:00:00-07:00,43,80,6.2
2025-09-03T07:30:00-07:00,31,93,5.2
2025-09-03T08:00:00-07:00,23,104,3.7
2025-09-03T08:30:00-07:00,20,111,4.2
2025-09-03T09:00:00-07:00,19,112,4.1
2025-09-03T09:30:00-07:00,21,107,4.3
2025-09-03T10:00:00-07:00,22,105,4.9
2025-09-03T10:30:00-07:00,22,105,5
2025-09-03T11:00:00-07:00,24,104,5.4
2025-09-03T11:30:00-07:00,23,105,5.7
2025-09-03T12:00:00-07:00,21,108,5.4
2025-09-03T12:30:00-07:00,21,109,5.2
2025-09-03T13:00:00-07:00,20,109,5.3
2025-09-03T13:30:00-07:00,21,108,5.9
2025-09-03T14:00:00-07:00,21,109,5.9
2025-09-03T14:30:00-07:00,21,109,6.1
2025-09-03T15:00:00-07:00,23,106,5.7
2025-09-03T15:30:00-07:00,24,104,4.7
2025-09-03T16:00:00-07:00,26,101,3.9
2025-09-03T16:30:00-07:00,27,98,4.4
2025-09-03T17:00:00-07:00,29,96,3.9
2025-09-03T17:30:00-07:00,30,95,2.8
2025-09-03T18:00:00-07:00,30,93,3
2025-09-03T18:30:00-07:00,32,91,3.3
2025-09-03T19:00:00-07:00,36,87,3.8
2025-09-03T19:30:00-07:00,40,84,5.2
2025-09-03T20:00:00-07:00,42,83,6
2025-09-03T20:30:00-07:00,41,83,4.8
2025-09-03T21:00:00-07:00,42,82,5
2025-09-03T21:30:00-07:00,42,81,5
2025-09-03T22:00:00-07:00,42,81,6.6
2025-09-03T22:30:00-07:00,42,82,6.2
2025-09-03T23:00:00-07:00,41,82,4.9
2025-09-03T23:30:00-07:00,41,81,7.4
2025-09-04T00:00:00-07:00,40,81,6.7
2025-09-04T00:30:00-07:00,40,80,5.1
2025-09-04T01:00:00-07:00,41,80,5.4
2025-09-04T01:30:00-07:00,41,80,5.8
2025-09-04T02:00:00-07:00,41,80,6.2
2025-09-04T02:30:00-07:00,42,80,6.5
2025-09-04T03:00:00-07:00,44,80,5.1
2025-09-04T03:30:00-07:00,44,81,5.7
2025-09-04T04:00:00-07:00,44,81,7
2025-09-04T04:30:00-07:00,43,82,7.4
2025-09-04T05:00:00-07:00,43,81,7.5
2025-09-04T05:30:00-07:00,42,82,9.8
2025-09-04T06:00:00-07:00,42,82,8.3
2025-09-04T06:30:00-07:00,42,82,6.2
2025-09-04T07:00:00-07:00,42,81,3.9
2025-09-04T07:30:00-07:00,43,80,2.5
2025-09-04T08:00:00-07:00,42,81,3
2025-09-04T08:30:00-07:00,41,82,3.4
2025-09-04T09:00:00-07:00,40,83,4.2
2025-09-04T09:30:00-07:00,39,84,4.2
2025-09-04T10:00:00-07:00,37,85,4.4
2025-09-04T10:30:00-07:00,35,88,5
2025-09-04T11:00:00-07:00,32,91,6
2025-09-04T11:30:00-07:00,28,96,5.5
2025-09-04T12:00:00-07:00,26,98,1.8
2025-09-04T12:30:00-07:00,25,100,0.5
2025-09-04T13:00:00-07:00,26,99,0.4
2025-09-04T13:30:00-07:00,26,99,1
2025-09-04T14:00:00-07:00,27,98,1.5
2025-09-04T14:30:00-07:00,27,98,1.8
2025-09-04T15:00:00-07:00,28,96,1.8
2025-09-04T15:30:00-07:00,30,95,2.7
2025-09-04T16:00:00-07:00,32,92,4.6
2025-09-04T16:30:00-07:00,33,91,2.6
2025-09-04T17:00:00-07:00,34,89,2.5
2025-09-04T17:30:00-07:00,37,86,2.6
2025-09-04T18:00:00-07:00,39,85,4.9
2025-09-04T18:30:00-07:00,41,84,1.5
2025-09-04T19:00:00-07:00,42,83,2.1
2025-09-04T19:30:00-07:00,42,83,1.3
2025-09-04T20:00:00-07:00,43,82,2.7
2025-09-04T20:30:00-07:00,43,83,2.3
2025-09-04T21:00:00-07:00,44,82,1.6
2025-09-04T21:30:00-07:00,44,82,0.5
2025-09-04T22:00:00-07:00,43,82,0.9
2025-09-04T22:30:00-07:00,43,82,1
2025-09-04T23:00:00-07:00,43,82,0.7
2025-09-04T23:30:00-07:00,43,82,0.3
2025-09-05T00:00:00-07:00,44,81,0.8
2025-09-05T00:30:00-07:00,43,82,1.5
2025-09-05T01:00:00-07:00,43,81,1.9
2025-09-05T01:30:00-07:00,43,82,2.3
2025-09-05T02:00:00-07:00,44,81,3.1
2025-09-05T02:30:00-07:00,44,81,4.1
2025-09-05T03:00:00-07:00,44,81,4.7
2025-09-05T03:30:00-07:00,43,81,4.6
2025-09-05T04:00:00-07:00,44,81,3.6
2025-09-05T04:30:00-07:00,44,81,2.2
2025-09-05T05:00:00-07:00,44,80,1.5
2025-09-05T05:30:00-07:00,44,81,0.6
2025-09-05T06:00:00-07:00,44,81,1
2025-09-05T06:30:00-07:00,44,81,1.4
2025-09-05T07:00:00-07:00,44,81,1.2
2025-09-05T07:30:00-07:00,42,82,1.4
2025-09-05T08:00:00-07:00,42,82,1.8
2025-09-05T08:30:00-07:00,42,83,2.2
2025-09-05T09:00:00-07:00,41,83,3.1
2025-09-05T09:30:00-07:00,41,83,3.3
2025-09-05T10:00:00-07:00,42,82,3.9
2025-09-05T10:30:00-07:00,41,83,4.8
2025-09-05T11:00:00-07:00,39,85,4.6
2025-09-05T11:30:00-07:00,37,87,4.1
2025-09-05T12:00:00-07:00,33,91,3.6
2025-09-05T12:30:00-07:00,30,95,3.7
2025-09-05T13:00:00-07:00,28,97,4
2025-09-05T13:30:00-07:00,28,96,3.4
2025-09-05T14:00:00-07:00,29,96,2.6
2025-09-05T14:30:00-07:00,29,96,0.8
2025-09-05T15:00:00-07:00,30,95,0.5
2025-09-05T15:30:00-07:00,31,93,0.7
2025-09-05T16:00:00-07:00,31,93,0.7
2025-09-05T16:30:00-07:00,32,91,0.6
2025-09-05T17:00:00-07:00,34,90,1.2
2025-09-05T17:30:00-07:00,35,88,1.7
2025-09-05T18:00:00-07:00,38,86,2.3
2025-09-05T18:30:00-07:00,39,85,3.6
2025-09-05T19:00:00-07:00,41,83,3
2025-09-05T19:30:00-07:00,43,82,2.9
2025-09-05T20:00:00-07:00,44,81,3.2
2025-09-05T20:30:00-07:00,45,80,5.8
2025-09-05T21:00:00-07:00,45,80,3.5
2025-09-05T21:30:00-07:00,45,80,4.3
2025-09-05T22:00:00-07:00,44,81,5.8
2025-09-05T22:30:00-07:00,43,81,4.5
2025-09-05T23:00:00-07:00,42,81,5.4
2025-09-05T23:30:00-07:00,41,81,6.9
2025-09-06T00:00:00-07:00,41,80,8.4
2025-09-06T00:30:00-07:00,43,80,5.9
2025-09-06T01:00:00-07:00,45,79,5.1
2025-09-06T01:30:00-07:00,44,80,5.3
2025-09-06T02:00:00-07:00,43,81,5.4
2025-09-06T02:30:00-07:00,43,81,5.5
2025-09-06T03:00:00-07:00,43,81,6.2
2025-09-06T03:30:00-07:00,43,80,7.5
2025-09-06T04:00:00-07:00,43,80,7.5
2025-09-06T04:30:00-07:00,43,80,7.7
2025-09-06T05:00:00-07:00,43,80,8
2025-09-06T05:30:00-07:00,43,80,8.3
2025-09-06T06:00:00-07:00,42,81,8.2
2025-09-06T06:30:00-07:00,41,81,9.1
2025-09-06T07:00:00-07:00,39,82,9.1
2025-09-06T07:30:00-07:00,41,81,9.3
2025-09-06T08:00:00-07:00,40,81,8.9
2025-09-06T08:30:00-07:00,40,82,8.4
2025-09-06T09:00:00-07:00,37,84,8.2
2025-09-06T09:30:00-07:00,35,86,8.8
2025-09-06T10:00:00-07:00,34,87,8.7
2025-09-06T10:30:00-07:00,30,92,8.7
2025-09-06T11:00:00-07:00,26,97,8.3
2025-09-06T11:30:00-07:00,25,99,7.7
2025-09-06T12:00:00-07:00,23,101,7
2025-09-06T12:30:00-07:00,23,102,6.3
2025-09-06T13:00:00-07:00,22,103,5.9
2025-09-06T13:30:00-07:00,22,103,4.8
2025-09-06T14:00:00-07:00,23,102,4.4
2025-09-06T14:30:00-07:00,25,99,4.1
2025-09-06T15:00:00-07:00,25,98,3.3
2025-09-06T15:30:00-07:00,25,97,3.1
2025-09-06T16:00:00-07:00,26,95,4.5
2025-09-06T16:30:00-07:00,27,94,4.7
2025-09-06T17:00:00-07:00,29,92,4.9
2025-09-06T17:30:00-07:00,31,91,4.6
2025-09-06T18:00:00-07:00,33,89,3.9
2025-09-06T18:30:00-07:00,35,87,6.7
2025-09-06T19:00:00-07:00,38,85,4.2
2025-09-06T19:30:00-07:00,40,84,4.6
2025-09-06T20:00:00-07:00,41,84,4.6
2025-09-06T20:30:00-07:00,41,84,4.9
2025-09-06T21:00:00-07:00,42,84,4.9
2025-09-06T21:30:00-07:00,42,83,5.9
2025-09-06T22:00:00-07:00,42,84,8.7
2025-09-06T22:30:00-07:00,42,84,6
2025-09-06T23:00:00-07:00,42,83,4.6
2025-09-06T23:30:00-07:00,43,83,4.7
2025-09-07T00:00:00-07:00,42,83,5.6
2025-09-07T00:30:00-07:00,41,83,5.2
2025-09-07T01:00:00-07:00,43,82,4.2
2025-09-07T01:30:00-07:00,42,82,4.1
2025-09-07T02:00:00-07:00,42,81,4.1
2025-09-07T02:30:00-07:00,43,82,4.4
2025-09-07T03:00:00-07:00,42,82,4.4
2025-09-07T03:30:00-07:00,43,81,4.3
2025-09-07T04:00:00-07:00,44,81,3.3
2025-09-07T04:30:00-07:00,45,81,3.9
2025-09-07T05:00:00-07:00,45,81,3.5
2025-09-07T05:30:00-07:00,44,82,3.3
2025-09-07T06:00:00-07:00,45,82,2.1
2025-09-07T06:30:00-07:00,44,83,1.8
2025-09-07T07:00:00-07:00,44,83,2.4
2025-09-07T07:30:00-07:00,44,83,2.4
2025-09-07T08:00:00-07:00,45,83,2.4
2025-09-07T08:30:00-07:00,43,84,1.6
2025-09-07T09:00:00-07:00,41,86,1.6
2025-09-07T09:30:00-07:00,39,87,3.4
2025-09-07T10:00:00-07:00,35,92,1.6
2025-09-07T10:30:00-07:00,31,97,1.1
2025-09-07T11:00:00-07:00,28,100,0.6
2025-09-07T11:30:00-07:00,27,102,0.2
2025-09-07T12:00:00-07:00,25,104,0
2025-09-07T12:30:00-07:00,23,104,0
2025-09-07T13:00:00-07:00,22,106,0
2025-09-07T13:30:00-07:00,19,106,0.2
2025-09-07T14:00:00-07:00,19,106,1.1
2025-09-07T14:30:00-07:00,21,104,2.6
2025-09-07T15:00:00-07:00,24,102,1.6
2025-09-07T15:30:00-07:00,25,101,1.1
2025-09-07T16:00:00-07:00,26,99,1.6
2025-09-07T16:30:00-07:00,27,97,1.5
2025-09-07T17:00:00-07:00,29,95,1.6
2025-09-07T17:30:00-07:00,31,94,1.2
2025-09-07T18:00:00-07:00,31,93,1.2
2025-09-07T18:30:00-07:00,33,91,4.5
2025-09-07T19:00:00-07:00,35,90,5.3
2025-09-07T19:30:00-07:00,37,89,2.3
2025-09-07T20:00:00-07:00,40,87,3
2025-09-07T20:30:00-07:00,41,86,5.1
2025-09-07T21:00:00-07:00,42,85,2.8
2025-09-07T21:30:00-07:00,42,85,4.1
2025-09-07T22:00:00-07:00,43,84,2.1
2025-09-07T22:30:00-07:00,43,84,4.7
2025-09-07T23:00:00-07:00,43,84,1.9
2025-09-07T23:30:00-07:00,43,84,5.7
2025-09-08T00:00:00-07:00,43,83,8.9
2025-09-08T00:30:00-07:00,42,83,2.5
2025-09-08T01:00:00-07:00,42,82,2.8
2025-09-08T01:30:00-07:00,42,81,3
2025-09-08T02:00:00-07:00,43,81,3.3
2025-09-08T02:30:00-07:00,43,80,3.4
2025-09-08T03:00:00-07:00,42,80,3.3
2025-09-08T03:30:00-07:00,42,79,3.5
2025-09-08T04:00:00-07:00,43,79,3.2
2025-09-08T04:30:00-07:00,43,78,3.5
2025-09-08T05:00:00-07:00,43,78,3.5
2025-09-08T05:30:00-07:00,45,79,3.6
2025-09-08T06:00:00-07:00,47,80,3.2
2025-09-08T06:30:00-07:00,47,80,4.5
2025-09-08T07:00:00-07:00,46,82,6.8
2025-09-08T07:30:00-07:00,45,83,8.9
2025-09-08T08:00:00-07:00,45,83,8.8
2025-09-08T08:30:00-07:00,43,85,8.4
2025-09-08T09:00:00-07:00,42,86,8.4
2025-09-08T09:30:00-07:00,42,85,7.9
2025-09-08T10:00:00-07:00,39,88,7
2025-09-08T10:30:00-07:00,34,95,5.5
2025-09-08T11:00:00-07:00,29,100,2.5
2025-09-08T11:30:00-07:00,27,102,0.6
2025-09-08T12:00:00-07:00,26,104,0
2025-09-08T12:30:00-07:00,24,106,0
2025-09-08T13:00:00-07:00,23,107,0
2025-09-08T13:30:00-07:00,23,107,0
2025-09-08T14:00:00-07:00,23,107,0
2025-09-08T14:30:00-07:00,23,107,0.3
2025-09-08T15:00:00-07:00,24,106,1.5
2025-09-08T15:30:00-07:00,25,104,0.4
2025-09-08T16:00:00-07:00,26,102,0
2025-09-08T16:30:00-07:00,27,100,0.2
2025-09-08T17:00:00-07:00,28,98,0.5
2025-09-08T17:30:00-07:00,29,96,1.8
2025-09-08T18:00:00-07:00,31,95,2
2025-09-08T18:30:00-07:00,33,93,0.9
2025-09-08T19:00:00-07:00,35,91,1
2025-09-08T19:30:00-07:00,38,89,0.9
2025-09-08T20:00:00-07:00,39,88,0.9
2025-09-08T20:30:00-07:00,40,87,2.4
2025-09-08T21:00:00-07:00,38,89,7.7
2025-09-08T21:30:00-07:00,39,88,0.7
2025-09-08T22:00:00-07:00,41,87,1
2025-09-08T22:30:00-07:00,42,87,0.4
2025-09-08T23:00:00-07:00,40,88,0.4
2025-09-08T23:30:00-07:00,40,87,2.5
2025-09-09T00:00:00-07:00,43,85,1.3
2025-09-09T00:30:00-07:00,42,86,1.1
2025-09-09T01:00:00-07:00,46,85,0.4
2025-09-09T01:30:00-07:00,46,85,0.3
2025-09-09T02:00:00-07:00,46,84,0.9
2025-09-09T02:30:00-07:00,47,83,0.6
2025-09-09T03:00:00-07:00,46,84,0.5
2025-09-09T03:30:00-07:00,44,85,0.7
2025-09-09T04:00:00-07:00,42,86,0.4
2025-09-09T04:30:00-07:00,41,86,0.5
2025-09-09T05:00:00-07:00,42,85,0.6
2025-09-09T05:30:00-07:00,41,85,0.9
2025-09-09T06:00:00-07:00,41,85,0.9
2025-09-09T06:30:00-07:00,41,85,1.2
2025-09-09T07:00:00-07:00,40,87,1.2
2025-09-09T07:30:00-07:00,31,96,0.7
2025-09-09T08:00:00-07:00,34,91,0.8
2025-09-09T08:30:00-07:00,42,86,0.9
2025-09-09T09:00:00-07:00,44,86,0.1
2025-09-09T09:30:00-07:00,41,88,0.2
2025-09-09T10:00:00-07:00,33,94,0.2
2025-09-09T10:30:00-07:00,27,99,0.1
2025-09-09T11:00:00-07:00,26,100,0
2025-09-09T11:30:00-07:00,26,101,0
2025-09-09T12:00:00-07:00,26,101,0.1
2025-09-09T12:30:00-07:00,26,102,0.2
2025-09-09T13:00:00-07:00,25,102,1.6
2025-09-09T13:30:00-07:00,26,101,0.3
2025-09-09T14:00:00-07:00,26,101,0.6
2025-09-09T14:30:00-07:00,25,103,0.3
2025-09-09T15:00:00-07:00,27,100,0.4
2025-09-09T15:30:00-07:00,28,98,0.7
2025-09-09T16:00:00-07:00,31,95,0.4
2025-09-09T16:30:00-07:00,31,94,0.8
2025-09-09T17:00:00-07:00,32,93,1.1
2025-09-09T17:30:00-07:00,34,91,1
2025-09-09T18:00:00-07:00,35,90,1.1
2025-09-09T18:30:00-07:00,37,87,1.5
2025-09-09T19:00:00-07:00,38,87,3
2025-09-09T19:30:00-07:00,40,85,1
2025-09-09T20:00:00-07:00,41,84,1
2025-09-09T20:30:00-07:00,42,84,1.1
2025-09-09T21:00:00-07:00,42,84,1.5
2025-09-09T21:30:00-07:00,41,85,4
2025-09-09T22:00:00-07:00,42,85,1.5
2025-09-09T22:30:00-07:00,43,84,1.3
2025-09-09T23:00:00-07:00,43,84,1
2025-09-09T23:30:00-07:00,43,84,1.5
2025-09-10T00:00:00-07:00,42,84,2
2025-09-10T00:30:00-07:00,43,83,0.2
2025-09-10T01:00:00-07:00,42,84,0.2
2025-09-10T02:00:00-07:00,41,85,0.1
2025-09-10T02:30:00-07:00,43,84,0.2
2025-09-10T03:00:00-07:00,43,85,0.1
2025-09-10T03:30:00-07:00,43,84,0.1
2025-09-10T04:00:00-07:00,45,82,0
2025-09-10T04:30:00-07:00,47,82,0
2025-09-10T05:00:00-07:00,47,84,0.1
2025-09-10T05:30:00-07:00,47,84,0.1
2025-09-10T06:00:00-07:00,47,84,0.2
2025-09-10T06:30:00-07:00,46,84,0.4
2025-09-10T07:00:00-07:00,46,84,0.5
2025-09-10T07:30:00-07:00,46,84,0.4
2025-09-10T08:00:00-07:00,45,84,0.1
2025-09-10T08:30:00-07:00,42,87,0
2025-09-10T09:00:00-07:00,35,93,0
2025-09-10T09:30:00-07:00,36,92,0
2025-09-10T10:00:00-07:00,35,93,0
2025-09-10T10:30:00-07:00,32,95,0
2025-09-10T11:00:00-07:00,31,95,0
2025-09-10T11:30:00-07:00,35,92,0.1
2025-09-10T12:00:00-07:00,32,95,0
2025-09-10T12:30:00-07:00,34,93,0.1
2025-09-10T13:00:00-07:00,35,92,0.1
2025-09-10T13:30:00-07:00,33,92,0
2025-09-10T14:00:00-07:00,32,94,0.1
2025-09-10T14:30:00-07:00,31,94,0.2
2025-09-10T15:00:00-07:00,31,95,0.4
2025-09-10T15:30:00-07:00,30,96,1.6
2025-09-10T16:00:00-07:00,31,95,0.8
2025-09-10T16:30:00-07:00,31,94,0.1
2025-09-10T17:00:00-07:00,33,92,0.2
2025-09-10T17:30:00-07:00,35,89,3.9
2025-09-10T18:00:00-07:00,38,87,3.5
2025-09-10T18:30:00-07:00,41,84,4.3
2025-09-10T19:00:00-07:00,42,82,5.4
2025-09-10T19:30:00-07:00,42,82,6.8
2025-09-10T20:00:00-07:00,41,83,7.9
2025-09-10T20:30:00-07:00,40,84,9
2025-09-10T21:00:00-07:00,40,83,7.2
2025-09-10T21:30:00-07:00,40,83,7.7
2025-09-10T22:00:00-07:00,41,83,7.7
2025-09-10T22:30:00-07:00,42,82,8.2
2025-09-10T23:00:00-07:00,41,83,8.6
2025-09-10T23:30:00-07:00,42,83,7.5
2025-09-11T00:00:00-07:00,43,82,7.6
2025-09-11T00:30:00-07:00,45,81,8
2025-09-11T01:00:00-07:00,47,80,7.9
2025-09-11T01:30:00-07:00,44,81,7.7
2025-09-11T02:00:00-07:00,44,81,7.9
2025-09-11T02:30:00-07:00,43,81,8.2
2025-09-11T03:00:00-07:00,44,80,8
2025-09-11T03:30:00-07:00,45,80,8
2025-09-11T04:00:00-07:00,46,80,8.2
2025-09-11T04:30:00-07:00,46,80,7.8
2025-09-11T05:00:00-07:00,45,80,7.3
2025-09-11T05:30:00-07:00,46,79,7.4
2025-09-11T06:00:00-07:00,45,79,6.8
2025-09-11T06:30:00-07:00,44,80,6.5
2025-09-11T07:00:00-07:00,44,80,6.7
2025-09-11T07:30:00-07:00,45,79,6.8
2025-09-11T08:00:00-07:00,43,80,6.6
2025-09-11T08:30:00-07:00,41,82,6.2
2025-09-11T09:00:00-07:00,40,83,6.2
2025-09-11T09:30:00-07:00,35,88,6.1
2025-09-11T10:00:00-07:00,31,92,5.9
2025-09-11T10:30:00-07:00,29,95,6.2
2025-09-11T11:00:00-07:00,28,97,6.2
2025-09-11T11:30:00-07:00,26,100,5.9
2025-09-11T12:00:00-07:00,24,103,5.2
2025-09-11T12:30:00-07:00,23,104,5.5
2025-09-11T13:00:00-07:00,23,104,5.6
2025-09-11T13:30:00-07:00,23,104,5.7
2025-09-11T14:00:00-07:00,25,102,5.6
2025-09-11T14:30:00-07:00,25,100,5.4
2025-09-11T15:00:00-07:00,27,98,7.6
2025-09-11T15:30:00-07:00,29,96,6.3
2025-09-11T16:00:00-07:00,30,95,6.5
2025-09-11T16:30:00-07:00,31,94,6.4
2025-09-11T17:00:00-07:00,33,92,8
2025-09-11T17:30:00-07:00,36,89,9.3
2025-09-11T18:00:00-07:00,38,87,9.7
2025-09-11T18:30:00-07:00,38,87,9.8
2025-09-11T19:00:00-07:00,39,85,8.9
2025-09-11T19:30:00-07:00,39,85,9.7
2025-09-11T20:00:00-07:00,40,84,8.3
2025-09-11T20:30:00-07:00,39,85,11.4
2025-09-11T21:00:00-07:00,40,85,8
2025-09-11T21:30:00-07:00,41,83,7.6
2025-09-11T22:00:00-07:00,40,84,7.5
2025-09-11T22:30:00-07:00,41,84,7.6
2025-09-11T23:00:00-07:00,42,83,13.6
2025-09-11T23:30:00-07:00,40,84,9.9
2025-09-12T00:00:00-07:00,41,83,9.1
2025-09-12T00:30:00-07:00,41,83,8.4
2025-09-12T01:00:00-07:00,42,82,8.3
2025-09-12T01:30:00-07:00,43,82,10.1
2025-09-12T02:00:00-07:00,42,83,10.2
2025-09-12T02:30:00-07:00,44,82,8.5
2025-09-12T03:00:00-07:00,45,81,6.9
2025-09-12T03:30:00-07:00,45,81,6.5
2025-09-12T04:00:00-07:00,45,81,6.7
2025-09-12T04:30:00-07:00,44,82,6.5
2025-09-12T05:00:00-07:00,44,82,6.4
2025-09-12T05:30:00-07:00,44,82,6.9
2025-09-12T06:00:00-07:00,44,82,6.9
2025-09-12T06:30:00-07:00,42,83,6.8
2025-09-12T07:00:00-07:00,41,83,7
2025-09-12T07:30:00-07:00,41,84,7
2025-09-12T08:00:00-07:00,40,84,6.9
2025-09-12T08:30:00-07:00,41,84,9.2
2025-09-12T09:00:00-07:00,39,85,9.5
2025-09-12T09:30:00-07:00,37,88,10.1
2025-09-12T10:00:00-07:00,33,92,10.8
2025-09-12T10:30:00-07:00,28,98,9.7
2025-09-12T11:00:00-07:00,27,99,10.1
2025-09-12T11:30:00-07:00,25,102,8.5
2025-09-12T12:00:00-07:00,24,104,7.5
2025-09-12T12:30:00-07:00,25,103,7.5
2025-09-12T13:00:00-07:00,26,102,6.3
2025-09-12T13:30:00-07:00,26,101,5.2
2025-09-12T14:00:00-07:00,27,100,5.2
2025-09-12T14:30:00-07:00,28,98,6
2025-09-12T15:00:00-07:00,28,97,6.1
2025-09-12T15:30:00-07:00,29,96,7.2
2025-09-12T16:00:00-07:00,29,95,5.9
2025-09-12T16:30:00-07:00,31,93,6
2025-09-12T17:00:00-07:00,33,90,5.5
2025-09-12T17:30:00-07:00,35,88,5.5
2025-09-12T18:00:00-07:00,37,86,8
2025-09-12T18:30:00-07:00,38,85,5.2
2025-09-12T19:00:00-07:00,40,83,4.9
2025-09-12T19:30:00-07:00,40,83,4.6
2025-09-12T20:00:00-07:00,40,83,4.7
2025-09-12T20:30:00-07:00,40,83,6.9
2025-09-12T21:00:00-07:00,40,83,6.7
2025-09-12T21:30:00-07:00,41,82,4.7
2025-09-12T22:00:00-07:00,41,82,4.8
2025-09-12T22:30:00-07:00,41,82,4.8
2025-09-12T23:00:00-07:00,41,82,4.9
2025-09-12T23:30:00-07:00,41,81,6.2
2025-09-13T00:00:00-07:00,41,81,5.8
2025-09-13T00:30:00-07:00,42,81,4.8
2025-09-13T01:00:00-07:00,43,81,4.7
2025-09-13T01:30:00-07:00,43,81,4.5
2025-09-13T02:00:00-07:00,42,80,4.5
2025-09-13T02:30:00-07:00,43,80,4.6
2025-09-13T03:00:00-07:00,43,79,4.7
2025-09-13T03:30:00-07:00,44,79,4.5
2025-09-13T04:00:00-07:00,44,80,4.6
2025-09-13T04:30:00-07:00,45,80,5.5
2025-09-13T05:00:00-07:00,45,80,5.9
2025-09-13T05:30:00-07:00,45,80,4.9
2025-09-13T06:00:00-07:00,45,79,5.7
2025-09-13T06:30:00-07:00,45,79,5
2025-09-13T07:00:00-07:00,45,79,4.8
2025-09-13T07:30:00-07:00,43,80,4.8
2025-09-13T08:00:00-07:00,43,81,4.5
2025-09-13T08:30:00-07:00,41,82,5.1
2025-09-13T09:00:00-07:00,40,83,4.9
2025-09-13T09:30:00-07:00,38,84,4.6
2025-09-13T10:00:00-07:00,37,86,4.7
2025-09-13T10:30:00-07:00,36,87,5.1
2025-09-13T11:00:00-07:00,33,89,5.1
2025-09-13T11:30:00-07:00,30,94,5.3
2025-09-13T12:00:00-07:00,27,98,5.1
2025-09-13T12:30:00-07:00,27,98,5.4
2025-09-13T13:00:00-07:00,27,97,4.8
2025-09-13T13:30:00-07:00,28,96,4.5
2025-09-13T14:00:00-07:00,27,96,4.2
2025-09-13T14:30:00-07:00,28,95,4.4
2025-09-13T15:00:00-07:00,29,93,5
2025-09-13T15:30:00-07:00,30,92,4.2
2025-09-13T16:00:00-07:00,30,92,5.2
2025-09-13T16:30:00-07:00,31,90,5.8
2025-09-13T17:00:00-07:00,33,88,3.7
2025-09-13T17:30:00-07:00,33,87,2.6
2025-09-13T18:00:00-07:00,33,87,4.1
2025-09-13T18:30:00-07:00,36,85,4.7
2025-09-13T19:00:00-07:00,40,82,2.4
2025-09-13T19:30:00-07:00,41,81,2.3
2025-09-13T20:00:00-07:00,42,82,1.5
2025-09-13T20:30:00-07:00,42,83,1.3
2025-09-13T21:00:00-07:00,42,82,2.5
2025-09-13T21:30:00-07:00,42,82,2
2025-09-13T22:00:00-07:00,42,83,1
2025-09-13T22:30:00-07:00,42,83,1
2025-09-13T23:00:00-07:00,42,82,1
2025-09-13T23:30:00-07:00,43,81,1
2025-09-14T00:00:00-07:00,42,82,2.4
2025-09-14T00:30:00-07:00,42,81,2.7
2025-09-14T01:00:00-07:00,44,80,2.7
2025-09-14T01:30:00-07:00,46,80,1.4
2025-09-14T02:00:00-07:00,48,80,1.4
2025-09-14T02:30:00-07:00,48,80,1.4
2025-09-14T03:00:00-07:00,47,81,1.4
2025-09-14T03:30:00-07:00,47,81,1.3
2025-09-14T04:00:00-07:00,46,81,1.4
2025-09-14T04:30:00-07:00,45,82,1.2
2025-09-14T05:00:00-07:00,44,82,1.3
2025-09-14T05:30:00-07:00,43,82,1.5
2025-09-14T06:00:00-07:00,43,82,2.2
2025-09-14T06:30:00-07:00,44,81,1.7
2025-09-14T07:00:00-07:00,43,82,1.4
2025-09-14T07:30:00-07:00,31,96,0.7
2025-09-14T08:00:00-07:00,28,98,0.7
2025-09-14T08:30:00-07:00,30,94,1
2025-09-14T09:00:00-07:00,27,99,0.3
2025-09-14T09:30:00-07:00,28,99,0.6
2025-09-14T10:00:00-07:00,26,103,0.5
2025-09-14T10:30:00-07:00,25,104,0.2
2025-09-14T11:00:00-07:00,25,104,0.1
2025-09-14T11:30:00-07:00,25,104,0.1
2025-09-14T12:00:00-07:00,27,103,0.2
2025-09-14T12:30:00-07:00,26,104,0.3
2025-09-14T13:00:00-07:00,24,106,0.4
2025-09-14T13:30:00-07:00,25,105,0.6
2025-09-14T14:00:00-07:00,27,103,0.5
2025-09-14T14:30:00-07:00,30,100,0.5
2025-09-14T15:00:00-07:00,31,99,0.6
2025-09-14T15:30:00-07:00,32,99,0.6
2025-09-14T16:00:00-07:00,33,97,0.8
2025-09-14T16:30:00-07:00,35,95,1.3
2025-09-14T17:00:00-07:00,37,93,0.2
2025-09-14T17:30:00-07:00,38,92,0
2025-09-14T18:00:00-07:00,39,90,2
2025-09-14T18:30:00-07:00,40,89,4.5
2025-09-14T19:00:00-07:00,41,88,0
2025-09-14T19:30:00-07:00,42,87,0
2025-09-14T20:00:00-07:00,43,85,0
2025-09-14T20:30:00-07:00,44,84,3.6
2025-09-14T21:00:00-07:00,43,84,2
2025-09-14T21:30:00-07:00,44,83,0
2025-09-14T22:00:00-07:00,44,83,2.1
2025-09-14T22:30:00-07:00,43,83,0.1
2025-09-14T23:00:00-07:00,44,82,3.4
2025-09-14T23:30:00-07:00,43,82,2.3
2025-09-15T00:00:00-07:00,43,82,0.4
2025-09-15T00:30:00-07:00,43,81,0.4
2025-09-15T01:00:00-07:00,43,80,0.5
2025-09-15T01:30:00-07:00,44,80,0.6
2025-09-15T02:00:00-07:00,43,79,0.7
2025-09-15T02:30:00-07:00,43,79,0.9
2025-09-15T03:00:00-07:00,43,79,1.2
2025-09-15T03:30:00-07:00,43,78,1.5
2025-09-15T04:00:00-07:00,44,78,1.6
2025-09-15T04:30:00-07:00,48,78,1.4
2025-09-15T05:00:00-07:00,48,79,4.4
2025-09-15T05:30:00-07:00,46,81,4.8
2025-09-15T06:00:00-07:00,46,82,7.8
2025-09-15T06:30:00-07:00,45,82,8.4
2025-09-15T07:00:00-07:00,45,82,9.9
2025-09-15T07:30:00-07:00,43,84,12.1
2025-09-15T08:00:00-07:00,40,87,11.3
2025-09-15T08:30:00-07:00,31,98,21.1
2025-09-15T09:00:00-07:00,20,113,11.5
2025-09-15T09:30:00-07:00,20,113,6.8
2025-09-15T10:00:00-07:00,21,111,4.2
2025-09-15T10:30:00-07:00,23,107,4.1
2025-09-15T11:00:00-07:00,23,107,3.9
2025-09-15T11:30:00-07:00,23,106,3.6
2025-09-15T12:00:00-07:00,23,108,3.8
2025-09-15T12:30:00-07:00,22,109,4.2
2025-09-15T13:00:00-07:00,20,112,4.6
2025-09-15T13:30:00-07:00,19,113,3.8
2025-09-15T14:00:00-07:00,19,114,3.3
2025-09-15T14:30:00-07:00,20,113,3.8
2025-09-15T15:00:00-07:00,20,111,4.8
2025-09-15T15:30:00-07:00,18,111,4.9
2025-09-15T16:00:00-07:00,19,110,5.3
2025-09-15T16:30:00-07:00,21,108,6.5
2025-09-15T17:00:00-07:00,21,107,5.4
2025-09-15T17:30:00-07:00,23,104,3.9
2025-09-15T18:00:00-07:00,24,103,3.5
2025-09-15T18:30:00-07:00,27,100,4.2
2025-09-15T19:00:00-07:00,28,98,4
2025-09-15T19:30:00-07:00,29,96,2.5
2025-09-15T20:00:00-07:00,30,94,8.1
2025-09-15T20:30:00-07:00,30,94,5.2
2025-09-15T21:00:00-07:00,31,93,3.5
2025-09-15T21:30:00-07:00,32,91,4
2025-09-15T22:00:00-07:00,34,91,5.9
2025-09-15T22:30:00-07:00,35,89,4.1
2025-09-15T23:00:00-07:00,37,88,4.1
2025-09-15T23:30:00-07:00,38,87,4.5
2025-09-16T00:00:00-07:00,37,87,4.4
2025-09-16T00:30:00-07:00,38,86,4.3
2025-09-16T01:00:00-07:00,38,85,4.8
2025-09-16T01:30:00-07:00,39,85,5
2025-09-16T02:00:00-07:00,38,84,5.3
2025-09-16T02:30:00-07:00,39,84,5.4
2025-09-16T03:00:00-07:00,39,83,5.8
2025-09-16T03:30:00-07:00,40,82,5.9
2025-09-16T04:00:00-07:00,39,82,5.8
2025-09-16T04:30:00-07:00,39,82,5.9
2025-09-16T05:00:00-07:00,40,81,6.1
2025-09-16T05:30:00-07:00,40,81,6
2025-09-16T06:00:00-07:00,40,80,6.1
2025-09-16T06:30:00-07:00,40,80,6.1
2025-09-16T07:00:00-07:00,41,81,6.2
2025-09-16T07:30:00-07:00,31,95,6
2025-09-16T08:00:00-07:00,22,109,6.8
2025-09-16T08:30:00-07:00,17,119,5.9
2025-09-16T09:00:00-07:00,16,124,5.3
2025-09-16T09:30:00-07:00,15,123,4.9
2025-09-16T10:00:00-07:00,18,118,5.6
2025-09-16T10:30:00-07:00,19,116,5.5
2025-09-16T11:00:00-07:00,20,113,5.9
2025-09-16T11:30:00-07:00,20,113,5.7
2025-09-16T12:00:00-07:00,18,116,5.4
2025-09-16T12:30:00-07:00,18,114,4.8
2025-09-16T13:00:00-07:00,19,113,4.6
2025-09-16T13:30:00-07:00,19,112,4.2
2025-09-16T14:00:00-07:00,20,110,4.4
2025-09-16T14:30:00-07:00,21,108,5.6
2025-09-16T15:00:00-07:00,21,108,6.6
2025-09-16T15:30:00-07:00,21,107,5.2
2025-09-16T16:00:00-07:00,21,105,4.9
2025-09-16T16:30:00-07:00,22,103,4.3
2025-09-16T17:00:00-07:00,24,101,3.9
2025-09-16T17:30:00-07:00,26,99,4
2025-09-16T18:00:00-07:00,27,98,3.8
2025-09-16T18:30:00-07:00,28,96,3.6
2025-09-16T19:00:00-07:00,31,95,5.2
2025-09-16T19:30:00-07:00,33,93,7.1
2025-09-16T20:00:00-07:00,34,91,5.4
2025-09-16T20:30:00-07:00,35,90,5.5
2025-09-16T21:00:00-07:00,38,89,6
2025-09-16T21:30:00-07:00,39,88,6.3
2025-09-16T22:00:00-07:00,39,88,6.8
2025-09-16T22:30:00-07:00,39,87,8.1
2025-09-16T23:00:00-07:00,39,88,17.7
2025-09-16T23:30:00-07:00,42,86,7.1
2025-09-17T00:00:00-07:00,41,85,6.2
2025-09-17T00:30:00-07:00,41,85,6.4
2025-09-17T01:00:00-07:00,42,84,6.4
2025-09-17T01:30:00-07:00,42,84,5.7
2025-09-17T02:00:00-07:00,42,83,5.7
2025-09-17T02:30:00-07:00,43,82,5.4
2025-09-17T03:00:00-07:00,43,82,5
2025-09-17T03:30:00-07:00,42,82,4.8
2025-09-17T04:00:00-07:00,42,81,5
2025-09-17T04:30:00-07:00,43,80,5.3
2025-09-17T05:00:00-07:00,43,80,5.5
2025-09-17T05:30:00-07:00,43,80,5.3
2025-09-17T06:00:00-07:00,43,79,5.3
2025-09-17T06:30:00-07:00,45,78,6.8
2025-09-17T07:00:00-07:00,43,79,6.5
2025-09-17T07:30:00-07:00,33,92,6.7
2025-09-17T08:00:00-07:00,23,107,4.7
2025-09-17T08:30:00-07:00,18,117,4.7
2025-09-17T09:00:00-07:00,17,119,4.1
2025-09-17T09:30:00-07:00,17,120,3.8
2025-09-17T10:00:00-07:00,18,117,3.6
2025-09-17T10:30:00-07:00,21,112,3.7
2025-09-17T11:00:00-07:00,24,107,3
2025-09-17T11:30:00-07:00,23,109,3
2025-09-17T12:00:00-07:00,21,112,3.4
2025-09-17T12:30:00-07:00,19,114,4.1
2025-09-17T13:00:00-07:00,17,114,4.1
2025-09-17T13:30:00-07:00,16,115,4.3
2025-09-17T14:00:00-07:00,17,113,4.5
2025-09-17T14:30:00-07:00,18,113,5.6
2025-09-17T15:00:00-07:00,19,112,5.3
2025-09-17T15:30:00-07:00,17,112,4.5
2025-09-17T16:00:00-07:00,15,111,3.4
2025-09-17T16:30:00-07:00,18,108,3.1
2025-09-17T17:00:00-07:00,19,106,5.1
2025-09-17T17:30:00-07:00,20,104,2.8
2025-09-17T18:00:00-07:00,23,101,2.4
2025-09-17T18:30:00-07:00,26,99,2.9
2025-09-17T19:00:00-07:00,27,97,3.5
2025-09-17T19:30:00-07:00,29,95,4.8
2025-09-17T20:00:00-07:00,30,94,3.8
2025-09-17T20:30:00-07:00,33,93,4.7
2025-09-17T21:00:00-07:00,33,92,3.8
2025-09-17T21:30:00-07:00,34,91,3.9
2025-09-17T22:00:00-07:00,35,90,4.3
2025-09-17T22:30:00-07:00,35,90,4.5
2025-09-17T23:00:00-07:00,35,90,11.4
2025-09-17T23:30:00-07:00,36,89,4.9
2025-09-18T00:00:00-07:00,37,87,5
2025-09-18T00:30:00-07:00,37,87,5.1
2025-09-18T01:00:00-07:00,38,86,5.1
2025-09-18T01:30:00-07:00,38,86,5.3
2025-09-18T02:00:00-07:00,39,85,5.3
2025-09-18T02:30:00-07:00,39,84,5.6
2025-09-18T03:00:00-07:00,42,83,6
2025-09-18T03:30:00-07:00,40,83,5.7
2025-09-18T04:00:00-07:00,40,83,5.9
2025-09-18T04:30:00-07:00,42,83,6.3
2025-09-18T05:00:00-07:00,42,83,6.3
2025-09-18T05:30:00-07:00,41,83,6.4
2025-09-18T06:00:00-07:00,41,83,6.7
2025-09-18T06:30:00-07:00,42,83,6.4
2025-09-18T07:00:00-07:00,41,83,6
2025-09-18T07:30:00-07:00,41,85,6.7
2025-09-18T08:00:00-07:00,38,87,7.5
2025-09-18T08:30:00-07:00,36,90,7.4
2025-09-18T09:00:00-07:00,28,99,6.9
2025-09-18T09:30:00-07:00,23,106,6.5
2025-09-18T10:00:00-07:00,23,105,6.2
2025-09-18T10:30:00-07:00,28,96,5.9
2025-09-18T11:00:00-07:00,30,94,7.6
2025-09-18T11:30:00-07:00,32,93,8.2
2025-09-18T12:00:00-07:00,32,92,5.8
2025-09-18T12:30:00-07:00,31,94,4.9
2025-09-18T13:00:00-07:00,29,96,4.5
2025-09-18T13:30:00-07:00,27,99,4.8
2025-09-18T14:00:00-07:00,28,99,5.1
2025-09-18T14:30:00-07:00,29,98,5.7
2025-09-18T15:00:00-07:00,29,97,8.1
2025-09-18T15:30:00-07:00,32,93,6.6
2025-09-18T16:00:00-07:00,35,90,6.4
2025-09-18T16:30:00-07:00,34,91,9.3
2025-09-18T17:00:00-07:00,34,91,5.9
2025-09-18T17:30:00-07:00,34,91,5.7
2025-09-18T18:00:00-07:00,35,89,5
2025-09-18T18:30:00-07:00,35,89,4
2025-09-18T19:00:00-07:00,37,87,3.1
2025-09-18T19:30:00-07:00,37,86,3.3
2025-09-18T20:00:00-07:00,38,86,4.1
2025-09-18T20:30:00-07:00,40,85,4.2
2025-09-18T21:00:00-07:00,40,85,4.8
2025-09-18T21:30:00-07:00,41,84,5.1
2025-09-18T22:00:00-07:00,40,84,5.4
2025-09-18T22:30:00-07:00,41,84,6.5
2025-09-18T23:00:00-07:00,40,85,9.5
2025-09-18T23:30:00-07:00,41,84,7.6
2025-09-19T00:00:00-07:00,41,83,7.1
2025-09-19T00:30:00-07:00,43,82,7.7
2025-09-19T01:00:00-07:00,43,82,8.8
2025-09-19T01:30:00-07:00,42,82,9
2025-09-19T02:00:00-07:00,43,82,7.6
2025-09-19T02:30:00-07:00,43,82,8.2
2025-09-19T03:00:00-07:00,44,82,9.2
2025-09-19T03:30:00-07:00,43,82,9.1
2025-09-19T04:00:00-07:00,43,82,9
2025-09-19T04:30:00-07:00,44,81,8.3
2025-09-19T05:00:00-07:00,43,81,7.7
2025-09-19T05:30:00-07:00,43,81,7.9
2025-09-19T06:00:00-07:00,43,82,8.8
2025-09-19T06:30:00-07:00,42,83,9.5
2025-09-19T07:00:00-07:00,42,83,9.7
2025-09-19T07:30:00-07:00,42,84,9.4
2025-09-19T08:00:00-07:00,41,85,9.4
2025-09-19T08:30:00-07:00,39,87,9.4
2025-09-19T09:00:00-07:00,36,90,9
2025-09-19T09:30:00-07:00,33,93,8.3
2025-09-19T10:00:00-07:00,28,100,7.2
2025-09-19T10:30:00-07:00,24,104,6.8
2025-09-19T11:00:00-07:00,25,103,7.2
2025-09-19T11:30:00-07:00,24,104,7.7
2025-09-19T12:00:00-07:00,23,106,7.6
2025-09-19T12:30:00-07:00,23,106,7.5
2025-09-19T13:00:00-07:00,23,107,6.7
2025-09-19T13:30:00-07:00,22,106,6.4
2025-09-19T14:00:00-07:00,24,105,6.3
2025-09-19T14:30:00-07:00,25,103,3.8
2025-09-19T15:00:00-07:00,26,102,3.3
2025-09-19T15:30:00-07:00,28,99,2.3
2025-09-19T16:00:00-07:00,29,97,2.1
2025-09-19T16:30:00-07:00,30,96,4.8
2025-09-19T17:00:00-07:00,31,94,3.8
2025-09-19T17:30:00-07:00,32,94,2.6
2025-09-19T18:00:00-07:00,33,92,3
2025-09-19T18:30:00-07:00,34,90,3.1
2025-09-19T19:00:00-07:00,37,88,6.7
2025-09-19T19:30:00-07:00,40,86,5.9
2025-09-19T20:00:00-07:00,41,85,5.2
2025-09-19T20:30:00-07:00,42,85,5.1
2025-09-19T21:00:00-07:00,41,85,5.4
2025-09-19T21:30:00-07:00,42,85,7
2025-09-19T22:00:00-07:00,42,84,8
2025-09-19T22:30:00-07:00,42,84,8.4
2025-09-19T23:00:00-07:00,43,83,6.3
2025-09-19T23:30:00-07:00,43,84,13.2
2025-09-20T00:00:00-07:00,41,84,8.7
2025-09-20T00:30:00-07:00,42,83,6.1
2025-09-20T01:00:00-07:00,42,83,6.1
2025-09-20T01:30:00-07:00,42,83,6.2
2025-09-20T02:00:00-07:00,41,82,6.2
2025-09-20T02:30:00-07:00,42,82,6.3
2025-09-20T03:00:00-07:00,42,82,6.7
2025-09-20T03:30:00-07:00,43,82,7.3
2025-09-20T04:00:00-07:00,43,83,7
2025-09-20T04:30:00-07:00,42,83,6.3
2025-09-20T05:00:00-07:00,42,82,6.5
2025-09-20T05:30:00-07:00,42,81,6.3
2025-09-20T06:00:00-07:00,43,81,6.3
2025-09-20T06:30:00-07:00,43,81,5.9
2025-09-20T07:00:00-07:00,43,81,5.6
2025-09-20T07:30:00-07:00,42,83,5.8
2025-09-20T08:00:00-07:00,37,89,6.2
2025-09-20T08:30:00-07:00,31,96,5.3
2025-09-20T09:00:00-07:00,22,110,4.7
2025-09-20T09:30:00-07:00,22,109,5.3
2025-09-20T10:00:00-07:00,23,107,6.4
2025-09-20T10:30:00-07:00,23,108,7.2
2025-09-20T11:00:00-07:00,23,107,8.1
2025-09-20T11:30:00-07:00,23,107,8.5
2025-09-20T12:00:00-07:00,23,108,7.9
2025-09-20T12:30:00-07:00,23,107,5.8
2025-09-20T13:00:00-07:00,22,107,4.6
2025-09-20T13:30:00-07:00,23,107,4.9
2025-09-20T14:00:00-07:00,24,105,4.3
2025-09-20T14:30:00-07:00,25,103,3.6
2025-09-20T15:00:00-07:00,26,101,3
2025-09-20T15:30:00-07:00,26,100,3.5
2025-09-20T16:00:00-07:00,27,99,4
2025-09-20T16:30:00-07:00,28,96,4
2025-09-20T17:00:00-07:00,30,95,3.2
2025-09-20T17:30:00-07:00,32,93,3.8
2025-09-20T18:00:00-07:00,34,91,4.1
2025-09-20T18:30:00-07:00,36,89,6.1
2025-09-20T19:00:00-07:00,38,88,5.3
2025-09-20T19:30:00-07:00,40,86,4.7
2025-09-20T20:00:00-07:00,41,85,6.4
2025-09-20T20:30:00-07:00,40,86,6.9
2025-09-20T21:00:00-07:00,40,86,4.6
2025-09-20T21:30:00-07:00,41,85,4.9
2025-09-20T22:00:00-07:00,41,85,5
2025-09-20T22:30:00-07:00,41,85,8.8
2025-09-20T23:00:00-07:00,41,84,5.6
2025-09-20T23:30:00-07:00,43,83,5.2
2025-09-21T00:00:00-07:00,44,82,7.8
2025-09-21T00:30:00-07:00,45,82,5.1
2025-09-21T01:00:00-07:00,45,82,5.3
2025-09-21T01:30:00-07:00,46,82,5.5
2025-09-21T02:00:00-07:00,46,81,5.5
2025-09-21T02:30:00-07:00,46,81,5.7
2025-09-21T03:00:00-07:00,46,81,5.6
2025-09-21T03:30:00-07:00,45,81,5.5
2025-09-21T04:00:00-07:00,46,81,6.4
2025-09-21T04:30:00-07:00,46,80,6
2025-09-21T05:00:00-07:00,47,80,5.6
2025-09-21T05:30:00-07:00,47,80,5.3
2025-09-21T06:00:00-07:00,47,81,5.6
2025-09-21T06:30:00-07:00,46,81,4.9
2025-09-21T07:00:00-07:00,45,82,4.6
2025-09-21T07:30:00-07:00,45,82,4.5
2025-09-21T08:00:00-07:00,46,82,4
2025-09-21T08:30:00-07:00,44,83,4.7
2025-09-21T09:00:00-07:00,43,83,2.8
2025-09-21T09:30:00-07:00,42,83,2.1
2025-09-21T10:00:00-07:00,40,85,1
2025-09-21T10:30:00-07:00,37,88,1.5
2025-09-21T11:00:00-07:00,33,93,1.8
2025-09-21T11:30:00-07:00,30,95,2.2
2025-09-21T12:00:00-07:00,28,98,2.9
2025-09-21T12:30:00-07:00,28,99,3.9
2025-09-21T13:00:00-07:00,27,101,4.9
2025-09-21T13:30:00-07:00,26,103,3.2
2025-09-21T14:00:00-07:00,25,104,2.7
2025-09-21T14:30:00-07:00,26,102,1.8
2025-09-21T15:00:00-07:00,26,102,2.3
2025-09-21T15:30:00-07:00,26,101,6
2025-09-21T16:00:00-07:00,26,101,3.5
2025-09-21T16:30:00-07:00,25,100,3.9
2025-09-21T17:00:00-07:00,26,100,3.3
2025-09-21T17:30:00-07:00,26,99,3.4
2025-09-21T18:00:00-07:00,26,98,4.8
2025-09-21T18:30:00-07:00,28,95,3.9
2025-09-21T19:00:00-07:00,31,91,3.9
2025-09-21T19:30:00-07:00,35,90,4.7
2025-09-21T20:00:00-07:00,37,88,6.7
2025-09-21T20:30:00-07:00,38,88,5.7
2025-09-21T21:00:00-07:00,38,87,5.7
2025-09-21T21:30:00-07:00,39,86,5.5
2025-09-21T22:00:00-07:00,40,85,5.1
2025-09-21T22:30:00-07:00,40,84,5.3
2025-09-21T23:00:00-07:00,39,84,5.4
2025-09-21T23:30:00-07:00,40,83,6
2025-09-22T00:00:00-07:00,40,83,6.5
2025-09-22T00:30:00-07:00,41,82,6
2025-09-22T01:00:00-07:00,40,81,5.7
2025-09-22T01:30:00-07:00,41,81,6.1
2025-09-22T02:00:00-07:00,42,80,6.1
2025-09-22T02:30:00-07:00,42,80,5.9
2025-09-22T03:00:00-07:00,42,79,5.5
2025-09-22T03:30:00-07:00,43,79,5.8
2025-09-22T04:00:00-07:00,43,78,5.9
2025-09-22T04:30:00-07:00,43,78,6.2
2025-09-22T05:00:00-07:00,43,78,6.4
2025-09-22T05:30:00-07:00,42,78,6
2025-09-22T06:00:00-07:00,42,77,5.6
2025-09-22T06:30:00-07:00,43,77,5.9
2025-09-22T07:00:00-07:00,43,77,5.9
2025-09-22T07:30:00-07:00,36,87,5.7
2025-09-22T08:00:00-07:00,24,103,5.1
2025-09-22T08:30:00-07:00,18,116,4.4
2025-09-22T09:00:00-07:00,15,121,4.2
2025-09-22T09:30:00-07:00,15,122,3.9
2025-09-22T10:00:00-07:00,16,118,4.2
2025-09-22T10:30:00-07:00,19,113,4.6
2025-09-22T11:00:00-07:00,20,112,4.2
2025-09-22T11:30:00-07:00,20,111,3.9
2025-09-22T12:00:00-07:00,19,112,3.5
2025-09-22T12:30:00-07:00,18,112,2.9
2025-09-22T13:00:00-07:00,17,113,2.3
2025-09-22T13:30:00-07:00,16,114,2.2
2025-09-22T14:00:00-07:00,15,114,2.4
2025-09-22T14:30:00-07:00,16,113,2.7
2025-09-22T15:00:00-07:00,16,112,2.9
2025-09-22T15:30:00-07:00,17,111,3.3
2025-09-22T16:00:00-07:00,18,109,4.6
2025-09-22T16:30:00-07:00,20,107,5.2
2025-09-22T17:00:00-07:00,21,105,5.4
2025-09-22T17:30:00-07:00,22,104,5.3
2025-09-22T18:00:00-07:00,24,101,5.3
2025-09-22T18:30:00-07:00,26,99,5.2
2025-09-22T19:00:00-07:00,28,96,5.6
2025-09-22T19:30:00-07:00,30,94,5.6
2025-09-22T20:00:00-07:00,30,93,5.7
2025-09-22T20:30:00-07:00,30,92,5.5
2025-09-22T21:00:00-07:00,32,91,5.9
2025-09-22T21:30:00-07:00,34,91,5.5
2025-09-22T22:00:00-07:00,34,90,5.4
2025-09-22T22:30:00-07:00,35,88,5.3
2025-09-22T23:00:00-07:00,36,87,5.7
2025-09-22T23:30:00-07:00,36,87,5.7
2025-09-23T00:00:00-07:00,37,86,5.9
2025-09-23T00:30:00-07:00,37,85,5.7
2025-09-23T01:00:00-07:00,38,84,5.6
2025-09-23T01:30:00-07:00,38,83,5.9
2025-09-23T02:00:00-07:00,40,83,6.5
2025-09-23T02:30:00-07:00,39,83,6.3
2025-09-23T03:00:00-07:00,40,82,6.2
2025-09-23T03:30:00-07:00,40,81,6.3
2025-09-23T04:00:00-07:00,41,81,6.2
2025-09-23T04:30:00-07:00,40,80,5.7
2025-09-23T05:00:00-07:00,41,80,5.9
2025-09-23T05:30:00-07:00,41,80,5.8
2025-09-23T06:00:00-07:00,41,79,5.8
2025-09-23T06:30:00-07:00,42,79,5.8
2025-09-23T07:00:00-07:00,41,79,5.4
2025-09-23T07:30:00-07:00,34,89,5.6
2025-09-23T08:00:00-07:00,22,106,8.1
2025-09-23T08:30:00-07:00,16,120,8.2
2025-09-23T09:00:00-07:00,14,125,6.4
2025-09-23T09:30:00-07:00,15,124,7.5
2025-09-23T10:00:00-07:00,15,122,7
2025-09-23T10:30:00-07:00,15,120,5.4
2025-09-23T11:00:00-07:00,16,119,5.2
2025-09-23T11:30:00-07:00,17,118,4.5
2025-09-23T12:00:00-07:00,16,118,4
2025-09-23T12:30:00-07:00,16,118,4.1
2025-09-23T13:00:00-07:00,15,119,3.8
2025-09-23T13:30:00-07:00,14,119,3.4
2025-09-23T14:00:00-07:00,14,118,3.8
2025-09-23T14:30:00-07:00,14,117,4.7
2025-09-23T15:00:00-07:00,16,117,5.3
2025-09-23T15:30:00-07:00,16,114,5.4
2025-09-23T16:00:00-07:00,17,112,6.9
2025-09-23T16:30:00-07:00,18,111,7.4
2025-09-23T17:00:00-07:00,20,109,6
2025-09-23T17:30:00-07:00,21,106,5
2025-09-23T18:00:00-07:00,22,104,5
2025-09-23T18:30:00-07:00,24,101,4.8
2025-09-23T19:00:00-07:00,26,99,4.5
2025-09-23T19:30:00-07:00,26,98,4.5
2025-09-23T20:00:00-07:00,27,96,4.7
2025-09-23T20:30:00-07:00,27,94,4.8
2025-09-23T21:00:00-07:00,27,94,4.6
2025-09-23T21:30:00-07:00,28,94,5.2
2025-09-23T22:00:00-07:00,31,92,5.5
2025-09-23T22:30:00-07:00,32,92,5.5
2025-09-23T23:00:00-07:00,32,91,5.9
2025-09-23T23:30:00-07:00,34,90,6.1
2025-09-24T00:00:00-07:00,34,90,6.1
2025-09-24T00:30:00-07:00,35,89,6.4
2025-09-24T01:00:00-07:00,35,88,6.6
2025-09-24T01:30:00-07:00,35,88,6.5
2025-09-24T02:00:00-07:00,36,87,6.9
2025-09-24T02:30:00-07:00,36,87,6.7
2025-09-24T03:00:00-07:00,36,87,7.4
2025-09-24T03:30:00-07:00,37,86,7.5
2025-09-24T04:00:00-07:00,37,86,6.9
2025-09-24T04:30:00-07:00,37,86,6.9
2025-09-24T05:00:00-07:00,37,86,7.3
2025-09-24T05:30:00-07:00,39,86,7.3
2025-09-24T06:00:00-07:00,39,87,8.4
2025-09-24T06:30:00-07:00,39,87,8.7
2025-09-24T07:00:00-07:00,39,88,9.4
2025-09-24T07:30:00-07:00,38,88,10.4
2025-09-24T08:00:00-07:00,38,88,9.9
2025-09-24T08:30:00-07:00,36,90,8.8
2025-09-24T09:00:00-07:00,36,90,8.8
2025-09-24T09:30:00-07:00,36,90,9.3
2025-09-24T10:00:00-07:00,34,91,8.7
2025-09-24T10:30:00-07:00,33,92,8.4
2025-09-24T11:00:00-07:00,34,92,8.8
2025-09-24T11:30:00-07:00,33,92,8.4
2025-09-24T12:00:00-07:00,34,91,8.5
2025-09-24T12:30:00-07:00,33,91,7.1
2025-09-24T13:00:00-07:00,33,91,7.4
2025-09-24T13:30:00-07:00,36,93,6.9
2025-09-24T14:00:00-07:00,35,95,5.1
2025-09-24T14:30:00-07:00,34,95,5.4
2025-09-24T15:00:00-07:00,28,100,4.4
2025-09-24T15:30:00-07:00,26,101,4.5
2025-09-24T16:00:00-07:00,24,102,3.6
2025-09-24T16:30:00-07:00,24,101,3.9
2025-09-24T17:00:00-07:00,24,99,3.7
2025-09-24T17:30:00-07:00,25,98,4.2
2025-09-24T18:00:00-07:00,27,96,4.5
2025-09-24T18:30:00-07:00,28,95,5
2025-09-24T19:00:00-07:00,30,93,6
2025-09-24T19:30:00-07:00,32,92,6.9
2025-09-24T20:00:00-07:00,31,92,6.1
2025-09-24T20:30:00-07:00,31,91,5.9
2025-09-24T21:00:00-07:00,31,91,6
2025-09-24T21:30:00-07:00,31,90,6.4
2025-09-24T22:00:00-07:00,32,90,6.3
2025-09-24T22:30:00-07:00,33,90,5.7
2025-09-24T23:00:00-07:00,35,89,5.9
2025-09-24T23:30:00-07:00,38,88,6.9
2025-09-25T00:00:00-07:00,38,88,6.9
2025-09-25T00:30:00-07:00,37,88,7.1
2025-09-25T01:00:00-07:00,36,88,6.2
2025-09-25T01:30:00-07:00,38,86,6.4
2025-09-25T02:00:00-07:00,38,86,6.2
2025-09-25T02:30:00-07:00,38,86,5.6
2025-09-25T03:00:00-07:00,38,86,6.1
2025-09-25T03:30:00-07:00,39,85,6.3
2025-09-25T04:00:00-07:00,38,86,6.3
2025-09-25T04:30:00-07:00,39,86,7.5
2025-09-25T05:00:00-07:00,40,85,7.4
2025-09-25T05:30:00-07:00,39,85,6.9
2025-09-25T06:00:00-07:00,40,84,7.1
2025-09-25T06:30:00-07:00,41,83,7.2
2025-09-25T07:00:00-07:00,40,83,7
2025-09-25T07:30:00-07:00,40,85,7.6
2025-09-25T08:00:00-07:00,38,89,7.7
2025-09-25T08:30:00-07:00,28,102,5.5
2025-09-25T09:00:00-07:00,18,118,3.6
2025-09-25T09:30:00-07:00,16,122,3.3
2025-09-25T10:00:00-07:00,18,115,2.9
2025-09-25T10:30:00-07:00,20,110,2.6
2025-09-25T11:00:00-07:00,19,111,2.1
2025-09-25T11:30:00-07:00,20,112,1.9
2025-09-25T12:00:00-07:00,21,111,2.9
2025-09-25T12:30:00-07:00,22,109,6.4
2025-09-25T13:00:00-07:00,22,108,7.6
2025-09-25T13:30:00-07:00,22,108,6.6
2025-09-25T14:00:00-07:00,21,107,4.6
2025-09-25T14:30:00-07:00,21,106,5.3
2025-09-25T15:00:00-07:00,25,103,6.5
2025-09-25T15:30:00-07:00,27,100,7.3
2025-09-25T16:00:00-07:00,29,97,8
2025-09-25T16:30:00-07:00,31,94,8
2025-09-25T17:00:00-07:00,33,90,8.2
2025-09-25T17:30:00-07:00,35,89,8.5
2025-09-25T18:00:00-07:00,38,86,8.5
2025-09-25T18:30:00-07:00,40,84,8.8
2025-09-25T19:00:00-07:00,41,84,9.7
2025-09-25T19:30:00-07:00,41,83,9.4
2025-09-25T20:00:00-07:00,40,83,9
2025-09-25T20:30:00-07:00,40,83,9.2
2025-09-25T21:00:00-07:00,40,83,9.6
2025-09-25T21:30:00-07:00,40,83,9.5
2025-09-25T22:00:00-07:00,40,82,9.7
2025-09-25T22:30:00-07:00,40,82,10.4
2025-09-25T23:00:00-07:00,40,82,9.9
2025-09-25T23:30:00-07:00,40,82,9.8
2025-09-26T00:00:00-07:00,40,82,9.8
2025-09-26T00:30:00-07:00,41,82,10.1
2025-09-26T01:00:00-07:00,41,82,10.5
2025-09-26T01:30:00-07:00,40,83,10.3
2025-09-26T02:00:00-07:00,40,83,10.5
2025-09-26T02:30:00-07:00,39,84,10.5
2025-09-26T03:00:00-07:00,38,85,10.7
2025-09-26T03:30:00-07:00,38,85,12.5
2025-09-26T04:00:00-07:00,41,83,14.3
2025-09-26T04:30:00-07:00,41,83,13.8
2025-09-26T05:00:00-07:00,41,83,13.8
2025-09-26T05:30:00-07:00,42,83,13.9
2025-09-26T06:00:00-07:00,41,83,14.5
2025-09-26T06:30:00-07:00,42,82,14.6
2025-09-26T07:00:00-07:00,41,82,15.5
2025-09-26T07:30:00-07:00,38,85,14
2025-09-26T08:00:00-07:00,35,89,14.4
2025-09-26T08:30:00-07:00,24,103,11.6
2025-09-26T09:00:00-07:00,19,113,10.7
2025-09-26T09:30:00-07:00,19,112,11.2
2025-09-26T10:00:00-07:00,19,112,10
2025-09-26T10:30:00-07:00,20,109,10.3
2025-09-26T11:00:00-07:00,20,110,10.8
2025-09-26T11:30:00-07:00,20,109,11.1
2025-09-26T12:00:00-07:00,20,110,11.7
2025-09-26T12:30:00-07:00,20,112,11.9
2025-09-26T13:00:00-07:00,19,113,11.6
2025-09-26T13:30:00-07:00,19,111,10.9
2025-09-26T14:00:00-07:00,19,111,9.9
2025-09-26T14:30:00-07:00,19,110,10.7
2025-09-26T15:00:00-07:00,20,109,11
2025-09-26T15:30:00-07:00,22,107,10.4
2025-09-26T16:00:00-07:00,23,105,10.9
2025-09-26T16:30:00-07:00,23,103,11.8
2025-09-26T17:00:00-07:00,23,103,13.2
2025-09-26T17:30:00-07:00,23,101,13.2
2025-09-26T18:00:00-07:00,24,99,14.9
2025-09-26T18:30:00-07:00,25,98,15.3
2025-09-26T19:00:00-07:00,26,96,15.5
2025-09-26T19:30:00-07:00,28,94,16.6
2025-09-26T20:00:00-07:00,30,92,18.1
2025-09-26T20:30:00-07:00,32,90,19.1
2025-09-26T21:00:00-07:00,32,90,19.6
2025-09-26T21:30:00-07:00,33,89,22
2025-09-26T22:00:00-07:00,33,88,22.6
2025-09-26T22:30:00-07:00,33,88,20.6
2025-09-26T23:00:00-07:00,33,87,22.6
2025-09-26T23:30:00-07:00,34,87,22.7
2025-09-27T00:00:00-07:00,34,86,22.6
2025-09-27T00:30:00-07:00,34,86,21.9
2025-09-27T01:00:00-07:00,34,85,22.2
2025-09-27T01:30:00-07:00,35,85,22.9
2025-09-27T02:00:00-07:00,35,84,22.8
2025-09-27T02:30:00-07:00,35,84,23.6
2025-09-27T03:00:00-07:00,35,83,23.1
2025-09-27T03:30:00-07:00,35,83,23
2025-09-27T04:00:00-07:00,36,82,23.5
2025-09-27T04:30:00-07:00,38,81,22.1
2025-09-27T05:00:00-07:00,38,81,16.3
2025-09-27T05:30:00-07:00,38,81,16.9
2025-09-27T06:00:00-07:00,39,81,17
2025-09-27T06:30:00-07:00,39,81,16.9
2025-09-27T07:00:00-07:00,40,81,15.9
2025-09-27T07:30:00-07:00,37,86,14.9
2025-09-27T08:00:00-07:00,27,97,13.9
2025-09-27T08:30:00-07:00,24,102,12.8
2025-09-27T09:00:00-07:00,22,105,11.7
2025-09-27T09:30:00-07:00,22,105,10.9
2025-09-27T10:00:00-07:00,22,106,10.3
2025-09-27T10:30:00-07:00,22,105,10.3
2025-09-27T11:00:00-07:00,21,107,9.4
2025-09-27T11:30:00-07:00,22,105,9
2025-09-27T12:00:00-07:00,22,106,7.6
2025-09-27T12:30:00-07:00,23,105,7.4
2025-09-27T13:00:00-07:00,23,104,7.3
2025-09-27T13:30:00-07:00,24,103,6.7
2025-09-27T14:00:00-07:00,25,103,7.2
2025-09-27T14:30:00-07:00,25,102,6.3
2025-09-27T15:00:00-07:00,26,100,5.5
2025-09-27T15:30:00-07:00,28,98,5.3
2025-09-27T16:00:00-07:00,28,98,4.5
2025-09-27T16:30:00-07:00,28,98,3.1
2025-09-27T17:00:00-07:00,30,94,2.1
2025-09-27T17:30:00-07:00,34,91,3.9
2025-09-27T18:00:00-07:00,36,89,7
2025-09-27T18:30:00-07:00,36,89,8.9
2025-09-27T19:00:00-07:00,37,88,7.5
2025-09-27T19:30:00-07:00,38,87,7.9
2025-09-27T20:00:00-07:00,39,86,7.5
2025-09-27T20:30:00-07:00,40,85,8.2
2025-09-27T21:00:00-07:00,42,83,5.8
2025-09-27T21:30:00-07:00,44,82,4.5
2025-09-27T22:00:00-07:00,46,80,5.4
2025-09-27T22:30:00-07:00,45,81,4.4
2025-09-27T23:00:00-07:00,45,81,3.7
2025-09-27T23:30:00-07:00,46,81,3.4
2025-09-28T00:00:00-07:00,46,81,3.7
2025-09-28T00:30:00-07:00,46,81,4
2025-09-28T01:00:00-07:00,45,82,4
2025-09-28T01:30:00-07:00,43,83,3.7
2025-09-28T02:00:00-07:00,42,85,4.2
2025-09-28T02:30:00-07:00,43,83,4
2025-09-28T03:00:00-07:00,43,83,5.1
2025-09-28T03:30:00-07:00,44,83,4.3
2025-09-28T04:00:00-07:00,44,82,2.7
2025-09-28T04:30:00-07:00,44,82,1.7
2025-09-28T05:00:00-07:00,45,82,1.2
2025-09-28T05:30:00-07:00,45,82,1
2025-09-28T06:00:00-07:00,44,82,0.7
2025-09-28T06:30:00-07:00,43,82,0.9
2025-09-28T07:00:00-07:00,42,84,1.2
2025-09-28T07:30:00-07:00,41,85,0.9
2025-09-28T08:00:00-07:00,41,85,3.4
2025-09-28T08:30:00-07:00,40,86,4.3
2025-09-28T09:00:00-07:00,41,84,2.2
2025-09-28T09:30:00-07:00,42,84,0.7
2025-09-28T10:00:00-07:00,41,84,1.1
2025-09-28T10:30:00-07:00,40,85,2
2025-09-28T11:00:00-07:00,39,86,3
2025-09-28T11:30:00-07:00,39,86,3.1
2025-09-28T12:00:00-07:00,38,86,3.3
2025-09-28T12:30:00-07:00,37,87,2.8
2025-09-28T13:00:00-07:00,35,91,7.9
2025-09-28T13:30:00-07:00,31,97,16.8
2025-09-28T14:00:00-07:00,28,100,14.7
2025-09-28T14:30:00-07:00,28,100,9.6
2025-09-28T15:00:00-07:00,28,98,7.3
2025-09-28T15:30:00-07:00,30,96,5.1
2025-09-28T16:00:00-07:00,30,96,5.1
2025-09-28T16:30:00-07:00,32,94,4.4
2025-09-28T17:00:00-07:00,33,93,4.1
2025-09-28T17:30:00-07:00,34,91,4.1
2025-09-28T18:00:00-07:00,36,89,4.4
2025-09-28T18:30:00-07:00,36,87,5
2025-09-28T19:00:00-07:00,37,87,2.3
2025-09-28T19:30:00-07:00,38,86,2.5
2025-09-28T20:00:00-07:00,39,86,2.2
2025-09-28T20:30:00-07:00,38,86,3.6
2025-09-28T21:00:00-07:00,37,88,2.1
2025-09-28T21:30:00-07:00,38,86,3.8
2025-09-28T22:00:00-07:00,39,86,3.6
2025-09-28T22:30:00-07:00,39,86,6.4
2025-09-28T23:00:00-07:00,38,86,4.7
2025-09-28T23:30:00-07:00,39,86,3.7
2025-09-29T00:00:00-07:00,38,88,3.2
2025-09-29T00:30:00-07:00,37,88,3.6
2025-09-29T01:00:00-07:00,37,87,3.5
2025-09-29T01:30:00-07:00,38,86,3.3
2025-09-29T02:00:00-07:00,38,86,3.5
2025-09-29T02:30:00-07:00,41,83,4.3
2025-09-29T03:00:00-07:00,43,82,4.2
2025-09-29T03:30:00-07:00,43,82,2.5
2025-09-29T04:00:00-07:00,42,84,2.9
2025-09-29T04:30:00-07:00,40,86,3.3
2025-09-29T05:00:00-07:00,40,86,3.4
2025-09-29T05:30:00-07:00,42,85,3.6
2025-09-29T06:00:00-07:00,41,86,4.5
2025-09-29T06:30:00-07:00,41,86,4.6
2025-09-29T07:00:00-07:00,41,86,5.8
2025-09-29T07:30:00-07:00,42,85,5.9
2025-09-29T08:00:00-07:00,44,83,5.1
2025-09-29T08:30:00-07:00,44,83,4.2
2025-09-29T09:00:00-07:00,41,84,4.9
2025-09-29T09:30:00-07:00,41,84,3.8
2025-09-29T10:00:00-07:00,42,83,4.2
2025-09-29T10:30:00-07:00,41,84,4.5
2025-09-29T11:00:00-07:00,39,86,4.3
2025-09-29T11:30:00-07:00,39,86,5.3
2025-09-29T12:00:00-07:00,37,86,5.3
2025-09-29T12:30:00-07:00,37,87,5.6
2025-09-29T13:00:00-07:00,34,90,5.6
2025-09-29T13:30:00-07:00,32,92,5.7
2025-09-29T14:00:00-07:00,29,95,5
2025-09-29T14:30:00-07:00,27,96,4.7
2025-09-29T15:00:00-07:00,28,94,6.5
2025-09-29T15:30:00-07:00,27,94,7
2025-09-29T16:00:00-07:00,27,94,6.9
2025-09-29T16:30:00-07:00,26,94,6.2
2025-09-29T17:00:00-07:00,27,94,6.5
2025-09-29T17:30:00-07:00,29,93,7.8
2025-09-29T18:00:00-07:00,30,92,5
2025-09-29T18:30:00-07:00,31,91,4.2
2025-09-29T19:00:00-07:00,33,89,4.2
2025-09-29T19:30:00-07:00,34,89,6.4
2025-09-29T20:00:00-07:00,34,89,10.5
2025-09-29T20:30:00-07:00,33,89,9.6
2025-09-29T21:00:00-07:00,34,88,7.2
2025-09-29T21:30:00-07:00,34,88,5.3
2025-09-29T22:00:00-07:00,36,87,8.4
2025-09-29T22:30:00-07:00,38,86,8
2025-09-29T23:00:00-07:00,38,86,7.2
2025-09-29T23:30:00-07:00,37,86,6.9
2025-09-30T00:00:00-07:00,37,87,6.2
2025-09-30T00:30:00-07:00,37,87,6.1
2025-09-30T01:00:00-07:00,38,84,7.3
2025-09-30T01:30:00-07:00,41,83,6
2025-09-30T02:00:00-07:00,44,80,6.2
2025-09-30T02:30:00-07:00,48,79,9.9
2025-09-30T03:00:00-07:00,47,80,10.9
2025-09-30T03:30:00-07:00,45,83,11.1
2025-09-30T04:00:00-07:00,43,84,10.9
2025-09-30T04:30:00-07:00,43,83,10.4
2025-09-30T05:00:00-07:00,43,82,8
2025-09-30T05:30:00-07:00,45,81,6.7
2025-09-30T06:00:00-07:00,47,80,8.3
2025-09-30T06:30:00-07:00,47,79,8.1
2025-09-30T07:00:00-07:00,48,78,7.3
2025-09-30T07:30:00-07:00,47,80,5.9
2025-09-30T08:00:00-07:00,36,90,5.3
2025-09-30T08:30:00-07:00,28,99,4.6
2025-09-30T09:00:00-07:00,25,102,3.6
2025-09-30T09:30:00-07:00,27,100,3.1
2025-09-30T10:00:00-07:00,28,97,1.5
2025-09-30T10:30:00-07:00,27,97,1.2
2025-09-30T11:00:00-07:00,28,97,1.3
2025-09-30T11:30:00-07:00,26,98,1.5
2025-09-30T12:00:00-07:00,24,98,1.9
2025-09-30T12:30:00-07:00,25,97,1.7
2025-09-30T13:00:00-07:00,26,95,2.4
2025-09-30T13:30:00-07:00,27,95,3
2025-09-30T14:00:00-07:00,26,95,2
2025-09-30T14:30:00-07:00,27,94,1.8
2025-09-30T15:00:00-07:00,25,95,1.4
2025-09-30T15:30:00-07:00,25,94,1.6
2025-09-30T16:00:00-07:00,26,93,1.1
2025-09-30T16:30:00-07:00,27,93,1
2025-09-30T17:00:00-07:00,27,92,1.2
2025-09-30T17:30:00-07:00,29,91,1.4
2025-09-30T18:00:00-07:00,30,90,1.7
2025-09-30T18:30:00-07:00,30,90,1.1
2025-09-30T19:00:00-07:00,33,91,4
2025-09-30T19:30:00-07:00,35,90,4
2025-09-30T20:00:00-07:00,35,89,2.4
2025-09-30T20:30:00-07:00,37,88,2.7
2025-09-30T21:00:00-07:00,37,88,2.8
2025-09-30T21:30:00-07:00,36,86,4
2025-09-30T22:00:00-07:00,36,85,6.1
2025-09-30T22:30:00-07:00,37,84,2.5
2025-09-30T23:00:00-07:00,38,83,2.8
2025-09-30T23:30:00-07:00,40,82,3
2025-10-01T00:00:00-07:00,41,82,2.1
2025-10-01T00:30:00-07:00,41,82,1.8
2025-10-01T01:00:00-07:00,42,81,1.7
2025-10-01T01:30:00-07:00,42,82,1.8
2025-10-01T02:00:00-07:00,42,81,2.1
2025-10-01T02:30:00-07:00,42,81,2.1
2025-10-01T03:00:00-07:00,41,82,2
2025-10-01T03:30:00-07:00,41,82,1.8
2025-10-01T04:00:00-07:00,42,81,2.1
2025-10-01T04:30:00-07:00,42,81,2
2025-10-01T05:00:00-07:00,42,81,2.3
2025-10-01T05:30:00-07:00,43,81,2.6
2025-10-01T06:00:00-07:00,45,80,2.8
2025-10-01T06:30:00-07:00,45,80,2.9
2025-10-01T07:00:00-07:00,43,81,3
2025-10-01T07:30:00-07:00,43,81,2.7
2025-10-01T08:00:00-07:00,43,80,2.1
2025-10-01T08:30:00-07:00,40,82,1.8
2025-10-01T09:00:00-07:00,41,81,1.9
2025-10-01T09:30:00-07:00,37,81,0.6
2025-10-01T10:00:00-07:00,38,81,0.7
2025-10-01T10:30:00-07:00,38,81,0.5
2025-10-01T11:00:00-07:00,36,83,0.5
2025-10-01T11:30:00-07:00,32,86,0.2
2025-10-01T12:00:00-07:00,29,89,0.1
2025-10-01T12:30:00-07:00,27,93,0.1
2025-10-01T13:00:00-07:00,26,95,0.1
2025-10-01T13:30:00-07:00,25,96,0.1
2025-10-01T14:00:00-07:00,25,97,0.1
2025-10-01T14:30:00-07:00,25,96,0.2
2025-10-01T15:00:00-07:00,25,97,0.5
2025-10-01T15:30:00-07:00,24,99,0.6
2025-10-01T16:00:00-07:00,24,99,0.1
2025-10-01T16:30:00-07:00,26,99,0.2
2025-10-01T17:00:00-07:00,29,95,1.3
2025-10-01T17:30:00-07:00,30,94,0.3
2025-10-01T18:00:00-07:00,33,92,3
2025-10-01T18:30:00-07:00,36,89,0.6
2025-10-01T19:00:00-07:00,37,89,1
2025-10-01T19:30:00-07:00,39,87,0.7
2025-10-01T20:00:00-07:00,40,86,2.8
2025-10-01T20:30:00-07:00,39,87,6.3
2025-10-01T21:00:00-07:00,39,87,0.4
2025-10-01T21:30:00-07:00,39,86,0.6
2025-10-01T22:00:00-07:00,40,86,0.6
2025-10-01T22:30:00-07:00,39,86,1
2025-10-01T23:00:00-07:00,41,85,1.6
2025-10-01T23:30:00-07:00,40,85,1.5
2025-10-02T00:00:00-07:00,40,85,1.6
2025-10-02T00:30:00-07:00,41,84,1.7
2025-10-02T01:00:00-07:00,43,83,1.3
2025-10-02T01:30:00-07:00,42,84,1
2025-10-02T02:00:00-07:00,40,85,1.2
2025-10-02T02:30:00-07:00,39,86,0.9
2025-10-02T03:00:00-07:00,39,85,1.2
2025-10-02T03:30:00-07:00,39,86,1
2025-10-02T04:00:00-07:00,40,85,2.8
2025-10-02T04:30:00-07:00,48,82,2.2
2025-10-02T05:00:00-07:00,53,79,1.9
2025-10-02T05:30:00-07:00,52,80,2.2
2025-10-02T06:00:00-07:00,53,79,1.6
2025-10-02T06:30:00-07:00,52,80,1.3
2025-10-02T07:00:00-07:00,51,81,2
2025-10-02T07:30:00-07:00,51,81,1.3
2025-10-02T08:00:00-07:00,51,81,1
2025-10-02T08:30:00-07:00,49,83,0.9
2025-10-02T09:00:00-07:00,49,83,1.5
2025-10-02T09:30:00-07:00,48,84,1.5
2025-10-02T10:00:00-07:00,40,90,0.8
2025-10-02T10:30:00-07:00,35,94,0.7
2025-10-02T11:00:00-07:00,32,97,0.4
2025-10-02T11:30:00-07:00,29,97,0.5
2025-10-02T12:00:00-07:00,28,99,0.7
2025-10-02T12:30:00-07:00,27,99,0.7
2025-10-02T13:00:00-07:00,29,98,1.3
2025-10-02T13:30:00-07:00,30,95,2.4
2025-10-02T14:00:00-07:00,28,95,3
2025-10-02T14:30:00-07:00,26,94,2.3
2025-10-02T15:00:00-07:00,26,92,1.5
2025-10-02T15:30:00-07:00,30,90,1.5
2025-10-02T16:00:00-07:00,29,90,1.6
2025-10-02T16:30:00-07:00,30,91,1.8
2025-10-02T17:00:00-07:00,30,90,4.1
2025-10-02T17:30:00-07:00,33,87,3.1
2025-10-02T18:00:00-07:00,36,86,3.1
2025-10-02T18:30:00-07:00,38,84,3.4
2025-10-02T19:00:00-07:00,40,83,4.1
2025-10-02T19:30:00-07:00,40,83,7.5
2025-10-02T20:00:00-07:00,40,84,6.8
2025-10-02T20:30:00-07:00,41,83,2.7
2025-10-02T21:00:00-07:00,41,83,6.2
2025-10-02T21:30:00-07:00,46,81,2.2
2025-10-02T22:00:00-07:00,44,82,2.4
2025-10-02T22:30:00-07:00,46,81,2
2025-10-02T23:00:00-07:00,49,79,2.2
2025-10-02T23:30:00-07:00,49,80,2.1
2025-10-03T00:00:00-07:00,48,80,0.9
2025-10-03T00:30:00-07:00,48,79,0.8
2025-10-03T01:00:00-07:00,47,79,0.8
2025-10-03T01:30:00-07:00,48,78,0.8
2025-10-03T02:00:00-07:00,47,77,0.5
2025-10-03T02:30:00-07:00,47,77,0.6
2025-10-03T03:00:00-07:00,48,77,0.9
2025-10-03T03:30:00-07:00,48,77,1.3
2025-10-03T04:00:00-07:00,46,77,1.2
2025-10-03T04:30:00-07:00,47,76,1.3
2025-10-03T05:00:00-07:00,47,76,1.5
2025-10-03T05:30:00-07:00,47,77,1.4
2025-10-03T06:00:00-07:00,47,76,1.4
2025-10-03T06:30:00-07:00,46,76,1.5
2025-10-03T07:00:00-07:00,47,76,1.5
2025-10-03T07:30:00-07:00,46,76,1.8
2025-10-03T08:00:00-07:00,45,77,2
2025-10-03T08:30:00-07:00,45,78,2
2025-10-03T09:00:00-07:00,44,79,1.9
2025-10-03T09:30:00-07:00,40,81,1.9
2025-10-03T10:00:00-07:00,41,80,2
2025-10-03T10:30:00-07:00,40,81,1.7
2025-10-03T11:00:00-07:00,35,85,1.5
2025-10-03T11:30:00-07:00,32,87,1.4
2025-10-03T12:00:00-07:00,33,87,1.8
2025-10-03T12:30:00-07:00,32,88,1.7
2025-10-03T13:00:00-07:00,30,90,1.6
2025-10-03T13:30:00-07:00,31,90,1.7
2025-10-03T14:00:00-07:00,28,93,2.2
2025-10-03T14:30:00-07:00,27,94,2.5
2025-10-03T15:00:00-07:00,27,93,1.4
2025-10-03T15:30:00-07:00,28,92,1.6
2025-10-03T16:00:00-07:00,28,91,2
2025-10-03T16:30:00-07:00,29,91,4.3
2025-10-03T17:00:00-07:00,30,89,2.2
2025-10-03T17:30:00-07:00,33,87,2.3
2025-10-03T18:00:00-07:00,35,85,2.5
2025-10-03T18:30:00-07:00,37,83,2.9
2025-10-03T19:00:00-07:00,40,81,3.3
2025-10-03T19:30:00-07:00,42,79,3.8
2025-10-03T20:00:00-07:00,43,79,4.2
2025-10-03T20:30:00-07:00,42,80,3.6
2025-10-03T21:00:00-07:00,42,80,3.5
2025-10-03T21:30:00-07:00,41,80,5.8
2025-10-03T22:00:00-07:00,42,80,4.9
2025-10-03T22:30:00-07:00,42,80,10.6
2025-10-03T23:00:00-07:00,43,79,5.8
2025-10-03T23:30:00-07:00,44,78,6.7
2025-10-04T00:00:00-07:00,44,78,5.2
2025-10-04T00:30:00-07:00,43,77,5.4
2025-10-04T01:00:00-07:00,43,77,4.9
2025-10-04T01:30:00-07:00,44,76,4.8
2025-10-04T02:00:00-07:00,46,76,5.9
2025-10-04T02:30:00-07:00,46,75,5.6
2025-10-04T03:00:00-07:00,46,74,4.4
2025-10-04T03:30:00-07:00,44,75,3.9
2025-10-04T04:00:00-07:00,44,74,4.1
2025-10-04T04:30:00-07:00,45,74,4.4
2025-10-04T05:00:00-07:00,44,73,3.9
2025-10-04T05:30:00-07:00,43,73,3.3
2025-10-04T06:00:00-07:00,44,73,3.1
2025-10-04T06:30:00-07:00,44,72,3.1
2025-10-04T07:00:00-07:00,44,73,3.7
2025-10-04T07:30:00-07:00,44,74,3.8
2025-10-04T08:00:00-07:00,31,90,4.6
2025-10-04T08:30:00-07:00,24,100,5.2
2025-10-04T09:00:00-07:00,20,107,5.2
2025-10-04T09:30:00-07:00,18,112,4.7
2025-10-04T10:00:00-07:00,17,111,4.5
2025-10-04T10:30:00-07:00,19,107,4.1
2025-10-04T11:00:00-07:00,21,103,3.6
2025-10-04T11:30:00-07:00,22,101,3.1
2025-10-04T12:00:00-07:00,22,102,2.6
2025-10-04T12:30:00-07:00,22,104,2.3
2025-10-04T13:00:00-07:00,22,102,1.8
2025-10-04T13:30:00-07:00,23,101,2.2
2025-10-04T14:00:00-07:00,23,100,2
2025-10-04T14:30:00-07:00,23,100,2.4
2025-10-04T15:00:00-07:00,24,98,2.8
2025-10-04T15:30:00-07:00,25,96,3.3
2025-10-04T16:00:00-07:00,27,96,3.6
2025-10-04T16:30:00-07:00,28,93,3.4
2025-10-04T17:00:00-07:00,30,91,6
2025-10-04T17:30:00-07:00,32,89,3.6
2025-10-04T18:00:00-07:00,34,86,3.5
2025-10-04T18:30:00-07:00,36,86,4.4
2025-10-04T19:00:00-07:00,38,84,4.5
2025-10-04T19:30:00-07:00,40,82,3.8
2025-10-04T20:00:00-07:00,42,81,3.8
2025-10-04T20:30:00-07:00,42,81,3.8
2025-10-04T21:00:00-07:00,41,81,10.1
2025-10-04T21:30:00-07:00,40,81,6.5
2025-10-04T22:00:00-07:00,41,80,4.4
2025-10-04T22:30:00-07:00,42,79,4.6
2025-10-04T23:00:00-07:00,42,78,5.2
2025-10-04T23:30:00-07:00,41,78,7.5
2025-10-05T00:00:00-07:00,41,77,5.8
2025-10-05T00:30:00-07:00,42,77,5.9
2025-10-05T01:00:00-07:00,42,76,5.9
2025-10-05T01:30:00-07:00,43,75,5.7
2025-10-05T02:00:00-07:00,45,74,5.3
2025-10-05T02:30:00-07:00,46,74,4.5
2025-10-05T03:00:00-07:00,45,74,4.7
2025-10-05T03:30:00-07:00,43,74,4.6
2025-10-05T04:00:00-07:00,43,74,4.3
2025-10-05T04:30:00-07:00,42,74,3.7
2025-10-05T05:00:00-07:00,43,73,3.6
2025-10-05T05:30:00-07:00,42,73,3.5
2025-10-05T06:00:00-07:00,43,72,3.5
2025-10-05T06:30:00-07:00,43,72,3.2
2025-10-05T07:00:00-07:00,43,72,3.2
2025-10-05T07:30:00-07:00,43,74,3.4
2025-10-05T08:00:00-07:00,31,89,4.6
2025-10-05T08:30:00-07:00,21,105,4.4
2025-10-05T09:00:00-07:00,17,114,4.8
2025-10-05T09:30:00-07:00,16,118,4.3
2025-10-05T10:00:00-07:00,16,116,4.4
2025-10-05T10:30:00-07:00,18,111,5
2025-10-05T11:00:00-07:00,22,105,5.4
2025-10-05T11:30:00-07:00,23,104,4.7
2025-10-05T12:00:00-07:00,21,105,3.6
2025-10-05T12:30:00-07:00,21,105,3.1
2025-10-05T13:00:00-07:00,20,105,2.1
2025-10-05T13:30:00-07:00,19,105,1.9
2025-10-05T14:00:00-07:00,19,104,1.6
2025-10-05T14:30:00-07:00,20,103,2.2
2025-10-05T15:00:00-07:00,21,101,2.1
2025-10-05T15:30:00-07:00,23,99,3.4
2025-10-05T16:00:00-07:00,25,96,5
2025-10-05T16:30:00-07:00,26,94,4.7
2025-10-05T17:00:00-07:00,27,94,4.2
2025-10-05T17:30:00-07:00,29,93,4.8
2025-10-05T18:00:00-07:00,30,92,4.8
2025-10-05T18:30:00-07:00,32,89,4.2
2025-10-05T19:00:00-07:00,35,87,4.1
2025-10-05T19:30:00-07:00,37,86,4.4
2025-10-05T20:00:00-07:00,38,85,4.7
2025-10-05T20:30:00-07:00,39,85,5
2025-10-05T21:00:00-07:00,38,85,7.3
2025-10-05T21:30:00-07:00,38,84,11.3
2025-10-05T22:00:00-07:00,38,83,5.5
2025-10-05T22:30:00-07:00,39,82,5.2
2025-10-05T23:00:00-07:00,40,81,5.7
2025-10-05T23:30:00-07:00,40,80,6.5
2025-10-06T00:00:00-07:00,41,80,7.6
2025-10-06T00:30:00-07:00,41,79,7.4
2025-10-06T01:00:00-07:00,41,79,7.2
2025-10-06T01:30:00-07:00,42,78,7
2025-10-06T02:00:00-07:00,41,78,6.7
2025-10-06T02:30:00-07:00,42,77,6.6
2025-10-06T03:00:00-07:00,42,77,6.5
2025-10-06T03:30:00-07:00,44,76,6.5
2025-10-06T04:00:00-07:00,42,76,5.8
2025-10-06T04:30:00-07:00,42,75,5.4
2025-10-06T05:00:00-07:00,42,75,5.2
2025-10-06T05:30:00-07:00,42,75,4.6
2025-10-06T06:00:00-07:00,43,74,4.7
2025-10-06T06:30:00-07:00,43,74,4.5
2025-10-06T07:00:00-07:00,43,74,4.6
2025-10-06T07:30:00-07:00,44,75,5.7
2025-10-06T08:00:00-07:00,31,92,6.9
2025-10-06T08:30:00-07:00,20,108,6.8
2025-10-06T09:00:00-07:00,16,115,6.5
2025-10-06T09:30:00-07:00,16,117,6.3
2025-10-06T10:00:00-07:00,16,116,5.7
2025-10-06T10:30:00-07:00,18,111,6.5
2025-10-06T11:00:00-07:00,19,109,6.3
2025-10-06T11:30:00-07:00,18,110,5.2
2025-10-06T12:00:00-07:00,19,108,5.2
2025-10-06T12:30:00-07:00,19,109,3.5
2025-10-06T13:00:00-07:00,16,110,2.4
2025-10-06T13:30:00-07:00,15,109,1.8
2025-10-06T14:00:00-07:00,16,108,2.5
2025-10-06T14:30:00-07:00,16,108,2.5
2025-10-06T15:00:00-07:00,16,107,1.7
2025-10-06T15:30:00-07:00,17,106,1.8
2025-10-06T16:00:00-07:00,16,104,1.9
2025-10-06T16:30:00-07:00,17,103,1.6
2025-10-06T17:00:00-07:00,17,102,2.7
2025-10-06T17:30:00-07:00,17,101,0.6
2025-10-06T18:00:00-07:00,22,98,4.8
2025-10-06T18:30:00-07:00,25,95,2.5
2025-10-06T19:00:00-07:00,27,93,2.8
2025-10-06T19:30:00-07:00,28,92,2.9
2025-10-06T20:00:00-07:00,31,90,3.1
2025-10-06T20:30:00-07:00,33,89,5
2025-10-06T21:00:00-07:00,34,88,4.8
2025-10-06T21:30:00-07:00,35,86,3.7
2025-10-06T22:00:00-07:00,36,85,4
2025-10-06T22:30:00-07:00,37,85,3.8
2025-10-06T23:00:00-07:00,39,85,7.9
2025-10-06T23:30:00-07:00,39,84,6.1
2025-10-07T00:00:00-07:00,39,82,5.3
2025-10-07T00:30:00-07:00,40,82,6
2025-10-07T01:00:00-07:00,39,81,6.2
2025-10-07T01:30:00-07:00,39,81,7.1
2025-10-07T02:00:00-07:00,40,80,7
2025-10-07T02:30:00-07:00,40,79,6.5
2025-10-07T03:00:00-07:00,40,79,5.6
2025-10-07T03:30:00-07:00,40,78,5.7
2025-10-07T04:00:00-07:00,40,78,5.8
2025-10-07T04:30:00-07:00,41,77,5.7
2025-10-07T05:00:00-07:00,41,76,5.5
2025-10-07T05:30:00-07:00,41,76,5.4
2025-10-07T06:00:00-07:00,41,76,5.5
2025-10-07T06:30:00-07:00,42,75,6.2
2025-10-07T07:00:00-07:00,41,75,5.6
2025-10-07T07:30:00-07:00,41,77,5.4
2025-10-07T08:00:00-07:00,28,93,4.4
2025-10-07T08:30:00-07:00,18,109,2.9
2025-10-07T09:00:00-07:00,14,117,3.8
2025-10-07T09:30:00-07:00,14,120,9.2
2025-10-07T10:00:00-07:00,14,120,8.9
2025-10-07T10:30:00-07:00,15,116,8.3
2025-10-07T11:00:00-07:00,17,113,7.9
2025-10-07T11:30:00-07:00,19,110,6.4
2025-10-07T12:00:00-07:00,18,109,3.9
2025-10-07T12:30:00-07:00,15,112,3
2025-10-07T13:00:00-07:00,15,112,3.3
2025-10-07T13:30:00-07:00,15,110,3.3
2025-10-07T14:00:00-07:00,16,108,3.4
2025-10-07T14:30:00-07:00,18,106,5.4
2025-10-07T15:00:00-07:00,21,104,7.7
2025-10-07T15:30:00-07:00,22,102,8.9
2025-10-07T16:00:00-07:00,24,101,10.9
2025-10-07T16:30:00-07:00,25,100,13.5
2025-10-07T17:00:00-07:00,26,97,12.4
2025-10-07T17:30:00-07:00,28,95,9.6
2025-10-07T18:00:00-07:00,31,92,9.6
2025-10-07T18:30:00-07:00,33,90,10.5
2025-10-07T19:00:00-07:00,35,89,8.4
2025-10-07T19:30:00-07:00,37,87,7.8
2025-10-07T20:00:00-07:00,37,87,8
2025-10-07T20:30:00-07:00,38,85,8.8
2025-10-07T21:00:00-07:00,38,85,8.6
2025-10-07T21:30:00-07:00,37,85,11.6
2025-10-07T22:00:00-07:00,38,84,8.7
2025-10-07T22:30:00-07:00,39,83,8.1
2025-10-07T23:00:00-07:00,39,83,7.8
2025-10-07T23:30:00-07:00,39,82,8.9
2025-10-08T00:00:00-07:00,38,82,9.7
2025-10-08T00:30:00-07:00,39,81,9
2025-10-08T01:00:00-07:00,40,80,9.2
2025-10-08T01:30:00-07:00,40,80,9.6
2025-10-08T02:00:00-07:00,40,80,9.9
2025-10-08T02:30:00-07:00,40,79,9.8
2025-10-08T03:00:00-07:00,41,80,10.5
2025-10-08T03:30:00-07:00,42,81,10.8
2025-10-08T04:00:00-07:00,43,81,12
2025-10-08T04:30:00-07:00,44,80,13
2025-10-08T05:00:00-07:00,45,80,13
2025-10-08T05:30:00-07:00,46,79,13.2
2025-10-08T06:00:00-07:00,47,77,12.1
2025-10-08T06:30:00-07:00,46,78,11.5
2025-10-08T07:00:00-07:00,46,78,12.1
2025-10-08T07:30:00-07:00,45,78,13.5
2025-10-08T08:00:00-07:00,44,79,11.9
2025-10-08T08:30:00-07:00,43,80,10.6
2025-10-08T09:00:00-07:00,42,81,10.3
2025-10-08T09:30:00-07:00,40,82,10.2
2025-10-08T10:00:00-07:00,38,84,9.3
2025-10-08T10:30:00-07:00,38,85,7.7
2025-10-08T11:00:00-07:00,34,87,6.4
2025-10-08T11:30:00-07:00,30,92,5.5
2025-10-08T12:00:00-07:00,27,96,4.5
2025-10-08T12:30:00-07:00,26,97,4.8
2025-10-08T13:00:00-07:00,26,97,5.3
2025-10-08T13:30:00-07:00,27,96,5.6
2025-10-08T14:00:00-07:00,26,97,7
2025-10-08T14:30:00-07:00,26,96,5.8
2025-10-08T15:00:00-07:00,27,96,4.2
2025-10-08T15:30:00-07:00,27,94,3.4
2025-10-08T16:00:00-07:00,28,92,2.6
2025-10-08T16:30:00-07:00,28,91,3.9
2025-10-08T17:00:00-07:00,29,89,2.3
2025-10-08T17:30:00-07:00,29,88,2.2
2025-10-08T18:00:00-07:00,30,86,2.1
2025-10-08T18:30:00-07:00,34,82,2.9
2025-10-08T19:00:00-07:00,37,80,3.2
2025-10-08T19:30:00-07:00,37,80,2.7
2025-10-08T20:00:00-07:00,36,81,2.5
2025-10-08T20:30:00-07:00,35,83,2.4
2025-10-08T21:00:00-07:00,35,83,2.5
2025-10-08T21:30:00-07:00,35,83,5.2
2025-10-08T22:00:00-07:00,38,82,3
2025-10-08T22:30:00-07:00,38,82,3.1
2025-10-08T23:00:00-07:00,40,81,2.6
2025-10-08T23:30:00-07:00,39,81,3
2025-10-09T00:00:00-07:00,38,81,3.3
2025-10-09T00:30:00-07:00,41,80,2.7
2025-10-09T01:00:00-07:00,42,78,2.9
2025-10-09T01:30:00-07:00,42,78,3.3
2025-10-09T02:00:00-07:00,42,78,3.3
2025-10-09T02:30:00-07:00,43,78,3.3
2025-10-09T03:00:00-07:00,41,78,3.1
2025-10-09T03:30:00-07:00,41,79,2.8
2025-10-09T04:00:00-07:00,40,78,3
2025-10-09T04:30:00-07:00,42,77,3.4
2025-10-09T05:00:00-07:00,42,77,3.9
2025-10-09T05:30:00-07:00,42,77,3.3
2025-10-09T06:00:00-07:00,42,76,3.2
2025-10-09T06:30:00-07:00,45,74,4.4
2025-10-09T07:00:00-07:00,47,74,5
2025-10-09T07:30:00-07:00,46,74,4.9
2025-10-09T08:00:00-07:00,34,86,3.4
2025-10-09T08:30:00-07:00,25,94,2.6
2025-10-09T09:00:00-07:00,23,98,2.1
2025-10-09T09:30:00-07:00,22,99,1.8
2025-10-09T10:00:00-07:00,23,96,1.7
2025-10-09T10:30:00-07:00,24,93,1.6
2025-10-09T11:00:00-07:00,23,95,1.2
2025-10-09T11:30:00-07:00,21,97,1.2
2025-10-09T12:00:00-07:00,20,98,0.9
2025-10-09T12:30:00-07:00,20,98,0.7
2025-10-09T13:00:00-07:00,20,100,0.7
2025-10-09T13:30:00-07:00,20,99,0.8
2025-10-09T14:00:00-07:00,20,99,0.9
2025-10-09T14:30:00-07:00,22,99,1.4
2025-10-09T15:00:00-07:00,24,96,2.7
2025-10-09T15:30:00-07:00,27,92,3.1
2025-10-09T16:00:00-07:00,30,91,2.2
2025-10-09T16:30:00-07:00,31,90,2.1
2025-10-09T17:00:00-07:00,32,90,2
2025-10-09T17:30:00-07:00,34,88,2.7
2025-10-09T18:00:00-07:00,37,87,5.1
2025-10-09T18:30:00-07:00,39,85,3.7
2025-10-09T19:00:00-07:00,40,84,4
2025-10-09T19:30:00-07:00,40,83,4.2
2025-10-09T20:00:00-07:00,40,83,4.6
2025-10-09T20:30:00-07:00,40,83,4.9
2025-10-09T21:00:00-07:00,41,83,4.7
2025-10-09T21:30:00-07:00,39,83,4.6
2025-10-09T22:00:00-07:00,42,81,4.9
2025-10-09T22:30:00-07:00,43,81,6.7
2025-10-09T23:00:00-07:00,43,81,3.8
2025-10-09T23:30:00-07:00,42,81,14.1
2025-10-10T00:00:00-07:00,39,82,13.5
2025-10-10T00:30:00-07:00,41,80,4.3
2025-10-10T01:00:00-07:00,43,78,4.8
2025-10-10T01:30:00-07:00,44,78,6.5
2025-10-10T02:00:00-07:00,43,78,5.3
2025-10-10T02:30:00-07:00,44,78,4.9
2025-10-10T03:00:00-07:00,44,79,3.8
2025-10-10T03:30:00-07:00,43,79,2.6
2025-10-10T04:00:00-07:00,41,79,2.5
2025-10-10T04:30:00-07:00,41,79,2.3
2025-10-10T05:00:00-07:00,43,79,4
2025-10-10T05:30:00-07:00,42,79,4.1
2025-10-10T06:00:00-07:00,41,79,3.7
2025-10-10T06:30:00-07:00,40,79,3.1
2025-10-10T07:00:00-07:00,39,78,2.4
2025-10-10T07:30:00-07:00,40,78,3.3
2025-10-10T08:00:00-07:00,33,85,1
2025-10-10T08:30:00-07:00,23,97,0.4
2025-10-10T09:00:00-07:00,16,111,0
2025-10-10T09:30:00-07:00,14,117,0.2
2025-10-10T10:00:00-07:00,15,115,0.9
2025-10-10T10:30:00-07:00,17,109,1.1
2025-10-10T11:00:00-07:00,19,103,1
2025-10-10T11:30:00-07:00,17,103,0.1
2025-10-10T12:00:00-07:00,18,101,0
2025-10-10T12:30:00-07:00,18,103,0.1
2025-10-10T13:00:00-07:00,19,101,0.1
2025-10-10T13:30:00-07:00,19,100,0.2
2025-10-10T14:00:00-07:00,19,100,0.8
2025-10-10T14:30:00-07:00,20,98,1.5
2025-10-10T15:00:00-07:00,21,95,1.1
2025-10-10T15:30:00-07:00,22,95,0.1
2025-10-10T16:00:00-07:00,24,93,0.2
2025-10-10T16:30:00-07:00,26,90,2.4
2025-10-10T17:00:00-07:00,29,87,0.1
2025-10-10T17:30:00-07:00,31,86,0.2
2025-10-10T18:00:00-07:00,32,85,0.9
2025-10-10T18:30:00-07:00,35,83,2.5
2025-10-10T19:00:00-07:00,35,83,0.1
2025-10-10T19:30:00-07:00,36,82,0.3
2025-10-10T20:00:00-07:00,38,81,1
2025-10-10T20:30:00-07:00,41,80,0.6
2025-10-10T21:00:00-07:00,40,81,0.4
2025-10-10T21:30:00-07:00,40,81,0.4
2025-10-10T22:00:00-07:00,41,80,0.5
2025-10-10T22:30:00-07:00,40,80,0.5
2025-10-10T23:00:00-07:00,41,80,4.7
2025-10-10T23:30:00-07:00,41,81,1.2
2025-10-11T00:00:00-07:00,43,79,0.7
2025-10-11T00:30:00-07:00,44,78,1
2025-10-11T01:00:00-07:00,45,78,1
2025-10-11T01:30:00-07:00,46,78,1.3
2025-10-11T02:00:00-07:00,45,79,1.1
2025-10-11T02:30:00-07:00,45,78,1
2025-10-11T03:00:00-07:00,45,78,0.8
2025-10-11T03:30:00-07:00,43,79,0.6
2025-10-11T04:00:00-07:00,42,79,0.6
2025-10-11T04:30:00-07:00,42,79,1
2025-10-11T05:00:00-07:00,43,78,1.3
2025-10-11T05:30:00-07:00,42,78,1.3
2025-10-11T06:00:00-07:00,43,76,1.2
2025-10-11T06:30:00-07:00,42,75,1.1
2025-10-11T07:00:00-07:00,42,74,1.2
2025-10-11T07:30:00-07:00,43,75,1.3
2025-10-11T08:00:00-07:00,29,91,0.4
2025-10-11T08:30:00-07:00,19,105,0
2025-10-11T09:00:00-07:00,15,115,0
2025-10-11T09:30:00-07:00,13,118,0
2025-10-11T10:00:00-07:00,14,115,0
2025-10-11T10:30:00-07:00,15,110,0
2025-10-11T11:00:00-07:00,17,106,0
2025-10-11T11:30:00-07:00,18,102,0
2025-10-11T12:00:00-07:00,19,100,0
2025-10-11T12:30:00-07:00,20,99,0.1
2025-10-11T13:00:00-07:00,21,97,0.1
2025-10-11T13:30:00-07:00,22,96,0.1
2025-10-11T14:00:00-07:00,24,93,0.3
2025-10-11T14:30:00-07:00,26,91,0.3
2025-10-11T15:00:00-07:00,26,90,0.2
2025-10-11T15:30:00-07:00,28,88,0.8
2025-10-11T16:00:00-07:00,28,86,0.9
2025-10-11T16:30:00-07:00,30,84,0.2
2025-10-11T17:00:00-07:00,32,84,0.3
2025-10-11T17:30:00-07:00,35,83,2.6
2025-10-11T18:00:00-07:00,36,82,0.6
2025-10-11T18:30:00-07:00,36,81,0.6
2025-10-11T19:00:00-07:00,37,80,0.5
2025-10-11T19:30:00-07:00,38,79,1.5
2025-10-11T20:00:00-07:00,38,79,5.2
2025-10-11T20:30:00-07:00,39,79,1.1
2025-10-11T21:00:00-07:00,40,78,1
2025-10-11T21:30:00-07:00,37,79,0.6
2025-10-11T22:00:00-07:00,36,78,3.7
2025-10-11T22:30:00-07:00,38,77,2
2025-10-11T23:00:00-07:00,38,76,2.6
2025-10-11T23:30:00-07:00,39,76,2.7
2025-10-12T00:00:00-07:00,40,75,2.3
2025-10-12T00:30:00-07:00,40,74,1.9
2025-10-12T01:00:00-07:00,40,74,1.9
2025-10-12T01:30:00-07:00,41,73,1.5
2025-10-12T02:00:00-07:00,40,73,1.5
2025-10-12T02:30:00-07:00,40,72,1.4
2025-10-12T03:00:00-07:00,41,72,1.3
2025-10-12T03:30:00-07:00,41,71,1.3
2025-10-12T04:00:00-07:00,41,71,3
2025-10-12T04:30:00-07:00,41,70,2.1
2025-10-12T05:00:00-07:00,41,70,1.8
2025-10-12T05:30:00-07:00,42,69,1.5
2025-10-12T06:00:00-07:00,42,69,1.3
2025-10-12T06:30:00-07:00,42,69,2
2025-10-12T07:00:00-07:00,42,69,3.1
2025-10-12T07:30:00-07:00,42,70,2.2
2025-10-12T08:00:00-07:00,30,87,1.6
2025-10-12T08:30:00-07:00,19,102,2.1
2025-10-12T09:00:00-07:00,16,111,1.7
2025-10-12T09:30:00-07:00,15,114,1
2025-10-12T10:00:00-07:00,14,115,0.5
2025-10-12T10:30:00-07:00,15,111,1
2025-10-12T11:00:00-07:00,17,106,0.8
2025-10-12T11:30:00-07:00,19,102,0.6
2025-10-12T12:00:00-07:00,18,101,0.4
2025-10-12T12:30:00-07:00,18,101,0.2
2025-10-12T13:00:00-07:00,17,101,0
2025-10-12T13:30:00-07:00,16,99,0
2025-10-12T14:00:00-07:00,15,99,0
2025-10-12T14:30:00-07:00,17,97,0.1
2025-10-12T15:00:00-07:00,19,95,1.1
2025-10-12T15:30:00-07:00,22,93,1.5
2025-10-12T16:00:00-07:00,26,90,1.7
2025-10-12T16:30:00-07:00,29,89,1.7
2025-10-12T17:00:00-07:00,31,86,2.1
2025-10-12T17:30:00-07:00,33,84,4.7
2025-10-12T18:00:00-07:00,33,83,4.3
2025-10-12T18:30:00-07:00,34,81,4.5
2025-10-12T19:00:00-07:00,35,80,3.5
2025-10-12T19:30:00-07:00,35,79,4.2
2025-10-12T20:00:00-07:00,37,78,5.1
2025-10-12T20:30:00-07:00,39,77,8
2025-10-12T21:00:00-07:00,39,77,8.5
2025-10-12T21:30:00-07:00,40,76,7.2
2025-10-12T22:00:00-07:00,39,75,6.2
2025-10-12T22:30:00-07:00,39,75,6.2
2025-10-12T23:00:00-07:00,40,75,7.8
2025-10-12T23:30:00-07:00,42,74,6.5
2025-10-13T00:00:00-07:00,44,73,6.7
2025-10-13T00:30:00-07:00,44,73,6.6
2025-10-13T01:00:00-07:00,45,72,6.4
2025-10-13T01:30:00-07:00,45,72,5.5
2025-10-13T02:00:00-07:00,45,72,4.5
2025-10-13T02:30:00-07:00,45,73,4.2
2025-10-13T03:00:00-07:00,45,74,4.3
2025-10-13T03:30:00-07:00,44,74,4.1
2025-10-13T04:00:00-07:00,45,73,4.2
2025-10-13T04:30:00-07:00,44,74,4.6
2025-10-13T05:00:00-07:00,45,73,4.6
2025-10-13T05:30:00-07:00,45,73,3.6
2025-10-13T06:00:00-07:00,44,74,3.2
2025-10-13T06:30:00-07:00,43,73,3
2025-10-13T07:00:00-07:00,43,73,2.5
2025-10-13T07:30:00-07:00,43,74,1.8
2025-10-13T08:00:00-07:00,42,74,1.7
2025-10-13T08:30:00-07:00,41,75,9.6
2025-10-13T09:00:00-07:00,40,75,2.2
2025-10-13T09:30:00-07:00,35,80,1.1
2025-10-13T10:00:00-07:00,29,86,0.9
2025-10-13T10:30:00-07:00,28,88,1
2025-10-13T11:00:00-07:00,27,87,1.3
2025-10-13T11:30:00-07:00,27,87,1.5
2025-10-13T12:00:00-07:00,29,85,2.3
2025-10-13T12:30:00-07:00,30,82,1.9
2025-10-13T13:00:00-07:00,34,81,1.7
2025-10-13T13:30:00-07:00,42,78,2.4
2025-10-13T14:00:00-07:00,46,77,2
2025-10-13T14:30:00-07:00,48,76,2.1
2025-10-13T15:00:00-07:00,47,77,3.3
2025-10-13T15:30:00-07:00,49,75,1.7
2025-10-13T16:00:00-07:00,52,73,1.8
2025-10-13T16:30:00-07:00,55,71,1.6
2025-10-13T17:00:00-07:00,52,72,0.3
2025-10-13T17:30:00-07:00,48,74,0.8
2025-10-13T18:00:00-07:00,48,74,0.5
2025-10-13T18:30:00-07:00,45,74,0.4
2025-10-13T19:00:00-07:00,50,71,0.4
2025-10-13T19:30:00-07:00,53,69,0.6
2025-10-13T20:00:00-07:00,51,68,0.2
2025-10-13T20:30:00-07:00,49,68,1.7
2025-10-13T21:00:00-07:00,45,71,0.3
2025-10-13T21:30:00-07:00,44,72,0.1
2025-10-13T22:00:00-07:00,45,72,0.4
2025-10-13T22:30:00-07:00,46,71,0.1
2025-10-13T23:00:00-07:00,48,69,0.1
2025-10-13T23:30:00-07:00,47,70,0
2025-10-14T00:00:00-07:00,48,70,0.1
2025-10-14T00:30:00-07:00,50,68,0
2025-10-14T01:00:00-07:00,55,66,0
2025-10-14T01:30:00-07:00,53,67,0
2025-10-14T02:00:00-07:00,50,68,0
2025-10-14T02:30:00-07:00,50,68,0.1
2025-10-14T03:00:00-07:00,49,69,0
2025-10-14T03:30:00-07:00,47,70,1.3
2025-10-14T04:00:00-07:00,47,70,3.9
2025-10-14T04:30:00-07:00,47,71,2.5
2025-10-14T05:00:00-07:00,48,71,4.4
2025-10-14T05:30:00-07:00,47,71,4.7
2025-10-14T06:00:00-07:00,45,71,5.1
2025-10-14T06:30:00-07:00,44,71,9.2
2025-10-14T07:00:00-07:00,43,71,11.4
2025-10-14T07:30:00-07:00,44,71,12.3
2025-10-14T08:00:00-07:00,38,77,9.4
2025-10-14T08:30:00-07:00,29,86,7.4
2025-10-14T09:00:00-07:00,36,79,8
2025-10-14T09:30:00-07:00,27,90,8.9
2025-10-14T10:00:00-07:00,22,97,5.6
2025-10-14T10:30:00-07:00,22,95,6.2
2025-10-14T11:00:00-07:00,23,94,4.6
2025-10-14T11:30:00-07:00,24,94,4.4
2025-10-14T12:00:00-07:00,24,92,5.4
2025-10-14T12:30:00-07:00,23,92,2.7
2025-10-14T13:00:00-07:00,23,93,2.2
2025-10-14T13:30:00-07:00,22,92,1.5
2025-10-14T14:00:00-07:00,21,91,2
2025-10-14T14:30:00-07:00,20,90,1.4
2025-10-14T15:00:00-07:00,21,89,0.8
2025-10-14T15:30:00-07:00,22,86,0.6
2025-10-14T16:00:00-07:00,24,85,1.2
2025-10-14T16:30:00-07:00,30,82,1.7
2025-10-14T17:00:00-07:00,39,75,1.4
2025-10-14T17:30:00-07:00,43,73,1.2
2025-10-14T18:00:00-07:00,41,75,1.3
2025-10-14T18:30:00-07:00,40,76,1.2
2025-10-14T19:00:00-07:00,39,77,1.3
2025-10-14T19:30:00-07:00,39,76,1.6
2025-10-14T20:00:00-07:00,39,76,4.1
2025-10-14T20:30:00-07:00,38,77,1.8
2025-10-14T21:00:00-07:00,41,76,2.1
2025-10-14T21:30:00-07:00,44,75,1.6
2025-10-14T22:00:00-07:00,44,75,1.3
2025-10-14T22:30:00-07:00,46,75,2.5
2025-10-14T23:00:00-07:00,47,74,2.4
2025-10-14T23:30:00-07:00,45,77,1.5
2025-10-15T00:00:00-07:00,46,75,3.1
2025-10-15T00:30:00-07:00,48,72,3.4
2025-10-15T01:00:00-07:00,47,72,1.9
2025-10-15T01:30:00-07:00,45,74,1.3
2025-10-15T02:00:00-07:00,44,74,1.6
2025-10-15T02:30:00-07:00,45,73,2
2025-10-15T03:00:00-07:00,45,73,1.9
2025-10-15T03:30:00-07:00,45,72,2.1
2025-10-15T04:00:00-07:00,45,72,1.7
2025-10-15T04:30:00-07:00,44,73,2.4
2025-10-15T05:00:00-07:00,44,73,3.3
2025-10-15T05:30:00-07:00,45,72,2.7
2025-10-15T06:00:00-07:00,44,73,2.6
2025-10-15T06:30:00-07:00,42,72,2.2
2025-10-15T07:00:00-07:00,41,72,1.4
2025-10-15T07:30:00-07:00,42,73,1.8
2025-10-15T08:00:00-07:00,42,72,1.1
2025-10-15T08:30:00-07:00,46,69,1.4
2025-10-15T09:00:00-07:00,47,70,1
2025-10-15T09:30:00-07:00,46,71,1.5
2025-10-15T10:00:00-07:00,45,73,1.7
2025-10-15T10:30:00-07:00,42,74,1.4
2025-10-15T11:00:00-07:00,41,75,1.9
2025-10-15T11:30:00-07:00,38,78,2.1
2025-10-15T12:00:00-07:00,35,81,1.1
2025-10-15T12:30:00-07:00,30,87,0.5
2025-10-15T13:00:00-07:00,28,89,0.3
2025-10-15T13:30:00-07:00,29,89,1.7
2025-10-15T14:00:00-07:00,28,88,1.3
2025-10-15T14:30:00-07:00,30,86,0.4
2025-10-15T15:00:00-07:00,32,84,1.1
2025-10-15T15:30:00-07:00,33,84,2.7
2025-10-15T16:00:00-07:00,34,84,5.4
2025-10-15T16:30:00-07:00,33,84,5.7
2025-10-15T17:00:00-07:00,33,84,4.2
2025-10-15T17:30:00-07:00,32,84,5
2025-10-15T18:00:00-07:00,34,83,4
2025-10-15T18:30:00-07:00,35,82,7.6
2025-10-15T19:00:00-07:00,37,81,4.1
2025-10-15T19:30:00-07:00,38,80,4.4
2025-10-15T20:00:00-07:00,39,78,6.9
2025-10-15T20:30:00-07:00,39,77,7.5
2025-10-15T21:00:00-07:00,40,76,8.1
2025-10-15T21:30:00-07:00,40,75,5.8
2025-10-15T22:00:00-07:00,41,75,4.1
2025-10-15T22:30:00-07:00,42,73,4.5
2025-10-15T23:00:00-07:00,42,73,4.4
2025-10-15T23:30:00-07:00,42,72,4.3
2025-10-16T00:00:00-07:00,43,71,4.4
2025-10-16T00:30:00-07:00,42,71,4
2025-10-16T01:00:00-07:00,42,70,3.6
2025-10-16T01:30:00-07:00,43,70,2.7
2025-10-16T02:00:00-07:00,43,70,2.3
2025-10-16T02:30:00-07:00,44,70,2.2
2025-10-16T03:00:00-07:00,43,70,2.2
2025-10-16T03:30:00-07:00,44,69,2.6
2025-10-16T04:00:00-07:00,44,69,2.7
2025-10-16T04:30:00-07:00,45,68,3
2025-10-16T05:00:00-07:00,43,68,3.2
2025-10-16T05:30:00-07:00,44,68,3.8
2025-10-16T06:00:00-07:00,44,68,3.8
2025-10-16T06:30:00-07:00,45,68,4.3
2025-10-16T07:00:00-07:00,45,68,4.1
2025-10-16T07:30:00-07:00,44,68,3.6
2025-10-16T08:00:00-07:00,35,81,3.5
2025-10-16T08:30:00-07:00,23,97,3.4
2025-10-16T09:00:00-07:00,18,106,5.7
2025-10-16T09:30:00-07:00,15,113,2.7
2025-10-16T10:00:00-07:00,16,111,2
2025-10-16T10:30:00-07:00,16,109,1.2
2025-10-16T11:00:00-07:00,19,103,1.3
2025-10-16T11:30:00-07:00,21,98,1.9
2025-10-16T12:00:00-07:00,25,96,4.4
2025-10-16T12:30:00-07:00,24,97,3.2
2025-10-16T13:00:00-07:00,24,96,3
2025-10-16T13:30:00-07:00,25,94,3.3
2025-10-16T14:00:00-07:00,27,93,5.2
2025-10-16T14:30:00-07:00,28,91,5.9
2025-10-16T15:00:00-07:00,28,90,6.1
2025-10-16T15:30:00-07:00,28,90,7.3
2025-10-16T16:00:00-07:00,30,88,8.9
2025-10-16T16:30:00-07:00,32,86,7.6
2025-10-16T17:00:00-07:00,34,85,5
2025-10-16T17:30:00-07:00,35,84,3.7
2025-10-16T18:00:00-07:00,37,82,3.4
2025-10-16T18:30:00-07:00,39,81,3.4
2025-10-16T19:00:00-07:00,41,80,3.4
2025-10-16T19:30:00-07:00,41,79,3.4
2025-10-16T20:00:00-07:00,41,79,3.5
2025-10-16T20:30:00-07:00,41,79,4.1
2025-10-16T21:00:00-07:00,41,79,3.8
2025-10-16T21:30:00-07:00,41,78,4.1
2025-10-16T22:00:00-07:00,41,77,4.8
2025-10-16T22:30:00-07:00,41,76,5.5
2025-10-16T23:00:00-07:00,41,75,5.5
2025-10-16T23:30:00-07:00,41,75,5.8
2025-10-17T00:00:00-07:00,43,74,5.7
2025-10-17T00:30:00-07:00,47,72,7.6
2025-10-17T01:00:00-07:00,44,73,6.3
2025-10-17T01:30:00-07:00,44,73,6.4
2025-10-17T02:00:00-07:00,43,72,6.3
2025-10-17T02:30:00-07:00,45,71,6.8
2025-10-17T03:00:00-07:00,47,71,7.3
2025-10-17T03:30:00-07:00,45,71,6.3
2025-10-17T04:00:00-07:00,43,71,6.4
2025-10-17T04:30:00-07:00,43,71,6.7
2025-10-17T05:00:00-07:00,43,70,6.2
2025-10-17T05:30:00-07:00,43,69,5.7
2025-10-17T06:00:00-07:00,44,69,5.7
2025-10-17T06:30:00-07:00,45,69,5.8
2025-10-17T07:00:00-07:00,46,68,6.1
2025-10-17T07:30:00-07:00,47,69,8.9
2025-10-17T08:00:00-07:00,36,83,7.6
2025-10-17T08:30:00-07:00,23,98,7.9
2025-10-17T09:00:00-07:00,19,105,9.5
2025-10-17T09:30:00-07:00,16,113,8
2025-10-17T10:00:00-07:00,15,114,8
2025-10-17T10:30:00-07:00,16,112,7.2
2025-10-17T11:00:00-07:00,18,109,6.6
2025-10-17T11:30:00-07:00,19,105,6.8
2025-10-17T12:00:00-07:00,21,104,6.7
2025-10-17T12:30:00-07:00,21,103,5.7
2025-10-17T13:00:00-07:00,21,102,5.2
2025-10-17T13:30:00-07:00,22,100,4
2025-10-17T14:00:00-07:00,23,98,4.1
2025-10-17T14:30:00-07:00,24,98,5
2025-10-17T15:00:00-07:00,25,97,7.3
2025-10-17T15:30:00-07:00,25,97,6.5
2025-10-17T16:00:00-07:00,24,96,8.1
2025-10-17T16:30:00-07:00,24,95,6.2
2025-10-17T17:00:00-07:00,24,94,6.1
2025-10-17T17:30:00-07:00,25,92,6.1
2025-10-17T18:00:00-07:00,27,91,8
2025-10-17T18:30:00-07:00,30,89,9
2025-10-17T19:00:00-07:00,32,89,10.9
2025-10-17T19:30:00-07:00,32,89,10.7
2025-10-17T20:00:00-07:00,33,87,11.8
2025-10-17T20:30:00-07:00,34,87,14.9
2025-10-17T21:00:00-07:00,35,86,12.5
2025-10-17T21:30:00-07:00,35,84,11.5
2025-10-17T22:00:00-07:00,36,83,11
2025-10-17T22:30:00-07:00,37,82,10.3
2025-10-17T23:00:00-07:00,37,81,17.5
2025-10-17T23:30:00-07:00,38,81,12.6
2025-10-18T00:00:00-07:00,37,81,13.4
2025-10-18T00:30:00-07:00,37,80,12.9
2025-10-18T01:00:00-07:00,37,80,12.1
2025-10-18T01:30:00-07:00,38,79,11.7
2025-10-18T02:00:00-07:00,38,78,11.6
2025-10-18T02:30:00-07:00,38,78,11
2025-10-18T03:00:00-07:00,40,76,10.8
2025-10-18T03:30:00-07:00,39,76,10
2025-10-18T04:00:00-07:00,40,76,9.7
2025-10-18T04:30:00-07:00,40,75,9.9
2025-10-18T05:00:00-07:00,40,74,9.3
2025-10-18T05:30:00-07:00,41,74,8.7
2025-10-18T06:00:00-07:00,41,73,7.7
2025-10-18T06:30:00-07:00,43,72,7.6
2025-10-18T07:00:00-07:00,42,72,7.7
2025-10-18T07:30:00-07:00,42,72,8.6
2025-10-18T08:00:00-07:00,33,85,8
2025-10-18T08:30:00-07:00,21,102,8.4
2025-10-18T09:00:00-07:00,16,113,7
2025-10-18T09:30:00-07:00,14,117,5
2025-10-18T10:00:00-07:00,13,119,4.2
2025-10-18T10:30:00-07:00,14,118,4
2025-10-18T11:00:00-07:00,16,113,5.5
2025-10-18T11:30:00-07:00,18,108,6.7
2025-10-18T12:00:00-07:00,21,102,8.2
2025-10-18T12:30:00-07:00,22,103,9.6
2025-10-18T13:00:00-07:00,22,105,8.2
2025-10-18T13:30:00-07:00,20,107,12.2
2025-10-18T14:00:00-07:00,20,106,7.1
2025-10-18T14:30:00-07:00,20,105,6.3
2025-10-18T15:00:00-07:00,21,103,7.3
2025-10-18T15:30:00-07:00,22,102,7.8
2025-10-18T16:00:00-07:00,21,102,7.8
2025-10-18T16:30:00-07:00,22,100,6.7
2025-10-18T17:00:00-07:00,23,98,8
2025-10-18T17:30:00-07:00,24,98,13.9
2025-10-18T18:00:00-07:00,24,97,12.5
2025-10-18T18:30:00-07:00,26,94,8.9
2025-10-18T19:00:00-07:00,28,93,9.3
2025-10-18T19:30:00-07:00,29,92,12.6
2025-10-18T20:00:00-07:00,30,90,12.4
2025-10-18T20:30:00-07:00,31,90,13.7
2025-10-18T21:00:00-07:00,32,89,14.4
2025-10-18T21:30:00-07:00,33,88,18
2025-10-18T22:00:00-07:00,34,86,29
2025-10-18T22:30:00-07:00,36,84,53.4
2025-10-18T23:00:00-07:00,36,84,22.8
2025-10-18T23:30:00-07:00,37,84,22.7
2025-10-19T00:00:00-07:00,36,84,21.1
2025-10-19T00:30:00-07:00,36,83,19.4
2025-10-19T01:00:00-07:00,37,82,19
2025-10-19T01:30:00-07:00,37,82,19.3
2025-10-19T02:00:00-07:00,37,82,22.1
2025-10-19T02:30:00-07:00,38,81,22.5
2025-10-19T03:00:00-07:00,37,80,20.1
2025-10-19T03:30:00-07:00,38,80,19.6
2025-10-19T04:00:00-07:00,39,79,19.2
2025-10-19T04:30:00-07:00,39,79,19.2
2025-10-19T05:00:00-07:00,38,79,17.8
2025-10-19T05:30:00-07:00,38,78,18
2025-10-19T06:00:00-07:00,38,78,18.4
2025-10-19T06:30:00-07:00,39,77,18.7
2025-10-19T07:00:00-07:00,43,75,22.7
2025-10-19T07:30:00-07:00,40,77,19.3
2025-10-19T08:00:00-07:00,31,88,17.2
2025-10-19T08:30:00-07:00,20,104,13.4
2025-10-19T09:00:00-07:00,15,114,11
2025-10-19T09:30:00-07:00,14,116,9.4
2025-10-19T10:00:00-07:00,14,116,8.1
2025-10-19T10:30:00-07:00,16,113,10.4
2025-10-19T11:00:00-07:00,19,106,14.7
2025-10-19T11:30:00-07:00,19,107,13.6
2025-10-19T12:00:00-07:00,23,104,20.5
2025-10-19T12:30:00-07:00,24,101,17.6
2025-10-19T13:00:00-07:00,24,100,16.2
2025-10-19T13:30:00-07:00,25,100,13.5
2025-10-19T14:00:00-07:00,24,99,12.2
2025-10-19T14:30:00-07:00,23,99,10.7
2025-10-19T15:00:00-07:00,21,96,6.8
2025-10-19T15:30:00-07:00,19,96,2.4
2025-10-19T16:00:00-07:00,19,96,2.3
2025-10-19T16:30:00-07:00,19,95,2.4
2025-10-19T17:00:00-07:00,21,94,6.3
2025-10-19T17:30:00-07:00,28,91,8.2
2025-10-19T18:00:00-07:00,32,88,9
2025-10-19T18:30:00-07:00,34,85,9
2025-10-19T19:00:00-07:00,35,85,8.9
2025-10-19T19:30:00-07:00,37,84,9.6
2025-10-19T20:00:00-07:00,38,83,9.2
2025-10-19T20:30:00-07:00,39,82,12.5
2025-10-19T21:00:00-07:00,38,83,10.7
2025-10-19T21:30:00-07:00,39,81,8.5
2025-10-19T22:00:00-07:00,41,80,8.1
2025-10-19T22:30:00-07:00,42,79,8.7
2025-10-19T23:00:00-07:00,40,80,12.9
2025-10-19T23:30:00-07:00,38,81,12.9
2025-10-20T00:00:00-07:00,37,81,12.8
2025-10-20T00:30:00-07:00,37,81,12.8
2025-10-20T01:00:00-07:00,37,80,12.6
2025-10-20T01:30:00-07:00,37,79,11.7
2025-10-20T02:00:00-07:00,38,78,10
2025-10-20T02:30:00-07:00,40,77,8.9
2025-10-20T03:00:00-07:00,41,75,8.1
2025-10-20T03:30:00-07:00,41,75,7.4
2025-10-20T04:00:00-07:00,43,74,6.8
2025-10-20T04:30:00-07:00,44,74,6
2025-10-20T05:00:00-07:00,44,73,6.1
2025-10-20T05:30:00-07:00,46,72,6.9
2025-10-20T06:00:00-07:00,45,74,9
2025-10-20T06:30:00-07:00,43,75,9.8
2025-10-20T07:00:00-07:00,42,75,12.3
2025-10-20T07:30:00-07:00,41,77,13.8
2025-10-20T08:00:00-07:00,32,83,6.2
2025-10-20T08:30:00-07:00,23,89,1.7
2025-10-20T09:00:00-07:00,18,95,0.9
2025-10-20T09:30:00-07:00,17,97,0.6
2025-10-20T10:00:00-07:00,16,98,0.3
2025-10-20T10:30:00-07:00,16,96,0.4
2025-10-20T11:00:00-07:00,17,94,0.9
2025-10-20T11:30:00-07:00,18,93,1.2
2025-10-20T12:00:00-07:00,18,94,1.3
2025-10-20T12:30:00-07:00,17,96,1.3
2025-10-20T13:00:00-07:00,17,98,1.5
2025-10-20T13:30:00-07:00,18,101,3.5
2025-10-20T14:00:00-07:00,18,101,1.7
2025-10-20T14:30:00-07:00,16,104,0.9
2025-10-20T15:00:00-07:00,16,103,1.1
2025-10-20T15:30:00-07:00,18,101,1.3
2025-10-20T16:00:00-07:00,19,99,1.9
2025-10-20T16:30:00-07:00,18,99,3
2025-10-20T17:00:00-07:00,19,98,3.8
2025-10-20T17:30:00-07:00,20,96,2.9
2025-10-20T18:00:00-07:00,21,94,3.2
2025-10-20T18:30:00-07:00,21,92,5.9
2025-10-20T19:00:00-07:00,23,91,9.7
2025-10-20T19:30:00-07:00,25,90,13.7
2025-10-20T20:00:00-07:00,26,88,7.7
2025-10-20T20:30:00-07:00,28,86,9.2
2025-10-20T21:00:00-07:00,28,86,26
2025-10-20T21:30:00-07:00,30,84,38
2025-10-20T22:00:00-07:00,32,84,28.6
2025-10-20T22:30:00-07:00,33,84,29
2025-10-20T23:00:00-07:00,33,82,39.8
2025-10-20T23:30:00-07:00,34,81,30.6
2025-10-21T00:00:00-07:00,32,82,21.4
2025-10-21T00:30:00-07:00,32,81,19.9
2025-10-21T01:00:00-07:00,32,81,16.2
2025-10-21T01:30:00-07:00,33,80,14.3
2025-10-21T02:00:00-07:00,34,80,11.6
2025-10-21T02:30:00-07:00,35,78,9.7
2025-10-21T03:00:00-07:00,37,76,7.1
2025-10-21T03:30:00-07:00,38,75,6.1
2025-10-21T04:00:00-07:00,38,74,6
2025-10-21T04:30:00-07:00,39,74,6.6
2025-10-21T05:00:00-07:00,39,73,6.4
2025-10-21T05:30:00-07:00,39,73,6.5
2025-10-21T06:00:00-07:00,39,73,8.8
2025-10-21T06:30:00-07:00,39,73,8.3
2025-10-21T07:00:00-07:00,40,72,6.7
2025-10-21T07:30:00-07:00,40,73,6.7
2025-10-21T08:00:00-07:00,32,84,7.3
2025-10-21T08:30:00-07:00,20,101,7.6
2025-10-21T09:00:00-07:00,16,111,8.1
2025-10-21T09:30:00-07:00,13,117,7.3
2025-10-21T10:00:00-07:00,12,121,7.1
2025-10-21T10:30:00-07:00,13,118,6.9
2025-10-21T11:00:00-07:00,15,112,8.8
2025-10-21T11:30:00-07:00,16,109,8.4
2025-10-21T12:00:00-07:00,17,107,7.3
2025-10-21T12:30:00-07:00,19,106,8.2
2025-10-21T13:00:00-07:00,20,105,7.1
2025-10-21T13:30:00-07:00,20,104,6.2
2025-10-21T14:00:00-07:00,20,103,5.5
2025-10-21T14:30:00-07:00,21,100,5.8
2025-10-21T15:00:00-07:00,24,99,12
2025-10-21T15:30:00-07:00,24,98,11.2
2025-10-21T16:00:00-07:00,27,96,13.4
2025-10-21T16:30:00-07:00,27,95,14.2
2025-10-21T17:00:00-07:00,31,91,15.3
2025-10-21T17:30:00-07:00,32,89,13.8
2025-10-21T18:00:00-07:00,34,87,13.5
2025-10-21T18:30:00-07:00,35,85,15.5
2025-10-21T19:00:00-07:00,36,84,15.5
2025-10-21T19:30:00-07:00,37,83,14.7
2025-10-21T20:00:00-07:00,38,82,15.9
2025-10-21T20:30:00-07:00,39,82,15.1
2025-10-21T21:00:00-07:00,40,81,15.5
2025-10-21T21:30:00-07:00,41,81,19.5
2025-10-21T22:00:00-07:00,39,82,11.9
2025-10-21T22:30:00-07:00,40,81,13
2025-10-21T23:00:00-07:00,39,82,15.2
2025-10-21T23:30:00-07:00,39,82,23.1
2025-10-22T00:00:00-07:00,39,82,11.5
2025-10-22T00:30:00-07:00,40,81,8.6
2025-10-22T01:00:00-07:00,39,81,8.2
2025-10-22T01:30:00-07:00,40,81,6.9
2025-10-22T02:00:00-07:00,41,80,7.9
2025-10-22T02:30:00-07:00,39,82,12
2025-10-22T03:00:00-07:00,38,81,3.6
2025-10-22T03:30:00-07:00,40,80,6.7
2025-10-22T04:00:00-07:00,41,79,6
2025-10-22T04:30:00-07:00,41,78,4
2025-10-22T05:00:00-07:00,41,78,2.6
2025-10-22T05:30:00-07:00,42,77,2.8
2025-10-22T06:00:00-07:00,42,77,2.7
2025-10-22T06:30:00-07:00,41,78,2.4
2025-10-22T07:00:00-07:00,41,78,2.6
2025-10-22T07:30:00-07:00,40,79,2.3
2025-10-22T08:00:00-07:00,39,80,2.9
2025-10-22T08:30:00-07:00,40,79,3.4
2025-10-22T09:00:00-07:00,38,82,3.5
2025-10-22T09:30:00-07:00,26,96,2.6
2025-10-22T10:00:00-07:00,22,101,1.9
2025-10-22T10:30:00-07:00,28,91,2.9
2025-10-22T11:00:00-07:00,31,87,2.5
2025-10-22T11:30:00-07:00,32,87,3.1
2025-10-22T12:00:00-07:00,31,88,2.7
2025-10-22T12:30:00-07:00,27,93,2.4
2025-10-22T13:00:00-07:00,27,93,2.3
2025-10-22T13:30:00-07:00,27,92,4.3
2025-10-22T14:00:00-07:00,28,92,3.6
2025-10-22T14:30:00-07:00,27,93,2.9
2025-10-22T15:00:00-07:00,27,92,3
2025-10-22T15:30:00-07:00,28,91,3.4
2025-10-22T16:00:00-07:00,28,91,3.5
2025-10-22T16:30:00-07:00,29,89,4.4
2025-10-22T17:00:00-07:00,31,86,3.5
2025-10-22T17:30:00-07:00,35,83,3.2
2025-10-22T18:00:00-07:00,36,81,3.1
2025-10-22T18:30:00-07:00,37,81,4.4
2025-10-22T19:00:00-07:00,37,81,10.5
2025-10-22T19:30:00-07:00,37,81,4
2025-10-22T20:00:00-07:00,38,80,4.6
2025-10-22T20:30:00-07:00,38,79,6.1
2025-10-22T21:00:00-07:00,38,80,8.3
2025-10-22T21:30:00-07:00,39,78,5.2
2025-10-22T22:00:00-07:00,39,78,5.8
2025-10-22T22:30:00-07:00,40,77,6.6
2025-10-22T23:00:00-07:00,41,77,5.8
2025-10-22T23:30:00-07:00,41,76,5.6
2025-10-23T00:00:00-07:00,41,75,5.6
2025-10-23T00:30:00-07:00,41,75,5.4
2025-10-23T01:00:00-07:00,42,74,6.5
2025-10-23T01:30:00-07:00,42,74,6.8
2025-10-23T02:00:00-07:00,42,74,7.4
2025-10-23T02:30:00-07:00,43,75,8.3
2025-10-23T03:00:00-07:00,45,75,7.2
2025-10-23T03:30:00-07:00,43,76,6.1
2025-10-23T04:00:00-07:00,44,76,5.5
2025-10-23T04:30:00-07:00,44,77,5.7
2025-10-23T05:00:00-07:00,44,77,6.1
2025-10-23T05:30:00-07:00,44,77,5.7
2025-10-23T06:00:00-07:00,45,77,6.1
2025-10-23T06:30:00-07:00,45,77,6.4
2025-10-23T07:00:00-07:00,45,77,6.7
2025-10-23T07:30:00-07:00,44,78,6.7
2025-10-23T08:00:00-07:00,43,79,7
2025-10-23T08:30:00-07:00,42,79,8.8
2025-10-23T09:00:00-07:00,41,80,7.9
2025-10-23T09:30:00-07:00,40,81,8.6
2025-10-23T10:00:00-07:00,39,82,10.5
2025-10-23T10:30:00-07:00,36,85,10.3
2025-10-23T11:00:00-07:00,35,85,9.9
2025-10-23T11:30:00-07:00,35,86,9.1
2025-10-23T12:00:00-07:00,32,89,12.9
2025-10-23T12:30:00-07:00,29,92,10.6
2025-10-23T13:00:00-07:00,28,94,8.6
2025-10-23T13:30:00-07:00,28,93,8.4
2025-10-23T14:00:00-07:00,28,93,8.5
2025-10-23T14:30:00-07:00,28,93,8.3
2025-10-23T15:00:00-07:00,28,93,7.5
2025-10-23T15:30:00-07:00,30,90,7.5
2025-10-23T16:00:00-07:00,30,90,7.6
2025-10-23T16:30:00-07:00,33,88,7.8
2025-10-23T17:00:00-07:00,34,86,7.6
2025-10-23T17:30:00-07:00,36,84,7.7
2025-10-23T18:00:00-07:00,37,83,8
2025-10-23T18:30:00-07:00,40,82,8
2025-10-23T19:00:00-07:00,41,80,8
2025-10-23T19:30:00-07:00,42,80,10
2025-10-23T20:00:00-07:00,43,79,8.7
2025-10-23T20:30:00-07:00,43,79,8
2025-10-23T21:00:00-07:00,43,79,8.5
2025-10-23T21:30:00-07:00,44,78,8.2
2025-10-23T22:00:00-07:00,45,77,6.8
2025-10-23T22:30:00-07:00,44,77,6.4
2025-10-23T23:00:00-07:00,44,76,5.8
2025-10-23T23:30:00-07:00,45,76,6.5
2025-10-24T00:00:00-07:00,45,75,7.2
2025-10-24T00:30:00-07:00,44,75,6.9
2025-10-24T01:00:00-07:00,45,74,7.6
2025-10-24T01:30:00-07:00,45,73,7
2025-10-24T02:00:00-07:00,44,72,6.9
2025-10-24T02:30:00-07:00,44,72,7.3
2025-10-24T03:00:00-07:00,43,72,7.6
2025-10-24T03:30:00-07:00,44,71,7.6
2025-10-24T04:00:00-07:00,44,71,7.8
2025-10-24T04:30:00-07:00,45,71,8.2
2025-10-24T05:00:00-07:00,46,74,11.3
2025-10-24T05:30:00-07:00,43,76,11.1
2025-10-24T06:00:00-07:00,42,78,11.4
2025-10-24T06:30:00-07:00,41,78,10.9
2025-10-24T07:00:00-07:00,42,78,11.2
2025-10-24T07:30:00-07:00,42,79,10.7
2025-10-24T08:00:00-07:00,42,78,13.1
2025-10-24T08:30:00-07:00,42,78,14.8
2025-10-24T09:00:00-07:00,41,79,16.4
2025-10-24T09:30:00-07:00,41,79,18.2
2025-10-24T10:00:00-07:00,38,80,15.3
2025-10-24T10:30:00-07:00,37,82,17
2025-10-24T11:00:00-07:00,32,88,16.2
2025-10-24T11:30:00-07:00,29,91,15.2
2025-10-24T12:00:00-07:00,28,92,14.2
2025-10-24T12:30:00-07:00,28,93,6.4
2025-10-24T13:00:00-07:00,26,94,1.6
2025-10-24T13:30:00-07:00,26,95,1.8
2025-10-24T14:00:00-07:00,26,94,1.8
2025-10-24T14:30:00-07:00,26,94,1.1
2025-10-24T15:00:00-07:00,26,93,0.6
2025-10-24T15:30:00-07:00,29,91,0.7
2025-10-24T16:00:00-07:00,32,88,0.5
2025-10-24T16:30:00-07:00,38,84,0.1
2025-10-24T17:00:00-07:00,40,82,0.1
2025-10-24T17:30:00-07:00,43,80,0.1
2025-10-24T18:00:00-07:00,43,79,0.1
2025-10-24T18:30:00-07:00,41,80,0.1
2025-10-24T19:00:00-07:00,41,79,0.1
2025-10-24T19:30:00-07:00,42,79,0.2
2025-10-24T20:00:00-07:00,43,78,0.4
2025-10-24T20:30:00-07:00,44,77,0.5
2025-10-24T21:00:00-07:00,45,77,1.5
2025-10-24T21:30:00-07:00,45,77,3.7
2025-10-24T22:00:00-07:00,47,75,4.1
2025-10-24T22:30:00-07:00,46,76,4
2025-10-24T23:00:00-07:00,44,76,4.3
2025-10-24T23:30:00-07:00,44,76,6.1
2025-10-25T00:00:00-07:00,46,76,5.6
2025-10-25T00:30:00-07:00,46,77,2.4
2025-10-25T01:00:00-07:00,47,76,3.8
2025-10-25T01:30:00-07:00,47,76,4
2025-10-25T02:00:00-07:00,45,77,3.3
2025-10-25T02:30:00-07:00,45,78,4.6
2025-10-25T03:00:00-07:00,46,77,4.6
2025-10-25T03:30:00-07:00,45,78,4.1
2025-10-25T04:00:00-07:00,45,77,5.3
2025-10-25T04:30:00-07:00,46,76,6.6
2025-10-25T05:00:00-07:00,47,76,8.1
2025-10-25T05:30:00-07:00,46,76,8
2025-10-25T06:00:00-07:00,46,76,9.8
2025-10-25T06:30:00-07:00,46,76,13.8
2025-10-25T07:00:00-07:00,46,76,12.7
2025-10-25T07:30:00-07:00,46,76,12.7
2025-10-25T08:00:00-07:00,46,75,14.9
2025-10-25T08:30:00-07:00,47,75,15.8
2025-10-25T09:00:00-07:00,46,76,14.7
2025-10-25T09:30:00-07:00,45,76,14.9
2025-10-25T10:00:00-07:00,44,77,15.2
2025-10-25T10:30:00-07:00,44,76,10.1
2025-10-25T11:00:00-07:00,43,77,8.4
2025-10-25T11:30:00-07:00,40,80,7.1
2025-10-25T12:00:00-07:00,38,82,6.3
2025-10-25T12:30:00-07:00,39,83,5.1
2025-10-25T13:00:00-07:00,39,84,3.4
2025-10-25T13:30:00-07:00,38,87,2.7
2025-10-25T14:00:00-07:00,38,88,2.2
2025-10-25T14:30:00-07:00,41,86,0.2
2025-10-25T15:00:00-07:00,38,86,0.5
2025-10-25T15:30:00-07:00,35,88,0.6
2025-10-25T16:00:00-07:00,32,89,0.6
2025-10-25T16:30:00-07:00,31,88,0.7
2025-10-25T17:00:00-07:00,31,88,0.7
2025-10-25T17:30:00-07:00,32,87,0.8
2025-10-25T18:00:00-07:00,33,86,1.3
2025-10-25T18:30:00-07:00,35,84,1.2
2025-10-25T19:00:00-07:00,37,82,2.7
2025-10-25T19:30:00-07:00,39,81,6.2
2025-10-25T20:00:00-07:00,40,80,5.4
2025-10-25T20:30:00-07:00,40,80,5.2
2025-10-25T21:00:00-07:00,40,79,5.9
2025-10-25T21:30:00-07:00,42,78,6.4
2025-10-25T22:00:00-07:00,41,78,7.7
2025-10-25T22:30:00-07:00,43,77,6.5
2025-10-25T23:00:00-07:00,43,77,7.9
2025-10-25T23:30:00-07:00,44,76,6.2
2025-10-26T00:00:00-07:00,43,77,5.8
2025-10-26T00:30:00-07:00,44,77,6.1
2025-10-26T01:00:00-07:00,44,77,5.1
2025-10-26T01:30:00-07:00,44,76,4.9
2025-10-26T02:00:00-07:00,46,75,5.4
2025-10-26T02:30:00-07:00,45,76,4.8
2025-10-26T03:00:00-07:00,44,76,5
2025-10-26T03:30:00-07:00,43,76,5.2
2025-10-26T04:00:00-07:00,43,76,7.2
2025-10-26T04:30:00-07:00,43,76,6.9
2025-10-26T05:00:00-07:00,43,77,6.2
2025-10-26T05:30:00-07:00,43,77,6
2025-10-26T06:00:00-07:00,46,74,6.6
2025-10-26T06:30:00-07:00,47,73,4.6
2025-10-26T07:00:00-07:00,48,72,5.1
2025-10-26T07:30:00-07:00,48,73,6.4
2025-10-26T08:00:00-07:00,42,78,6.1
2025-10-26T08:30:00-07:00,41,79,6.6
2025-10-26T09:00:00-07:00,38,83,5.5
2025-10-26T09:30:00-07:00,29,92,4.5
2025-10-26T10:00:00-07:00,27,94,3
2025-10-26T10:30:00-07:00,28,91,2.1
2025-10-26T11:00:00-07:00,32,86,2
2025-10-26T11:30:00-07:00,32,85,1.8
2025-10-26T12:00:00-07:00,31,86,1.3
2025-10-26T12:30:00-07:00,30,86,1.3
2025-10-26T13:00:00-07:00,31,85,1.7
2025-10-26T13:30:00-07:00,34,84,0.6
2025-10-26T14:00:00-07:00,36,83,0.6
2025-10-26T14:30:00-07:00,37,82,0.5
2025-10-26T15:00:00-07:00,38,82,0.2
2025-10-26T15:30:00-07:00,40,82,0
2025-10-26T16:00:00-07:00,43,81,0
2025-10-26T16:30:00-07:00,47,80,1.3
2025-10-26T17:00:00-07:00,47,77,3
2025-10-26T17:30:00-07:00,47,76,2.1
2025-10-26T18:00:00-07:00,43,76,1.9
2025-10-26T18:30:00-07:00,42,76,1.7
2025-10-26T19:00:00-07:00,41,77,4.2
2025-10-26T19:30:00-07:00,40,77,1.3
2025-10-26T20:00:00-07:00,42,76,1.3
2025-10-26T20:30:00-07:00,42,76,1
2025-10-26T21:00:00-07:00,42,76,3
2025-10-26T21:30:00-07:00,44,74,1.5
2025-10-26T22:00:00-07:00,44,74,1.3
2025-10-26T22:30:00-07:00,44,73,1.3
2025-10-26T23:00:00-07:00,43,73,1.2
2025-10-26T23:30:00-07:00,43,74,1.2
2025-10-27T00:00:00-07:00,43,74,1
2025-10-27T00:30:00-07:00,41,75,0.9
2025-10-27T01:00:00-07:00,44,72,1.2
2025-10-27T01:30:00-07:00,46,72,1.2
2025-10-27T02:00:00-07:00,45,73,1.2
2025-10-27T02:30:00-07:00,45,73,1.2
2025-10-27T03:00:00-07:00,44,73,1.3
2025-10-27T03:30:00-07:00,45,73,1.4
2025-10-27T04:00:00-07:00,44,73,1.3
2025-10-27T04:30:00-07:00,42,75,1.1
2025-10-27T05:00:00-07:00,41,75,1.1
2025-10-27T05:30:00-07:00,41,75,1.3
2025-10-27T06:00:00-07:00,40,77,1.2
2025-10-27T06:30:00-07:00,40,77,1.1
2025-10-27T07:00:00-07:00,40,77,1.4
2025-10-27T07:30:00-07:00,41,77,1.5
2025-10-27T08:00:00-07:00,41,78,1.4
2025-10-27T08:30:00-07:00,39,79,1.6
2025-10-27T09:00:00-07:00,38,80,4.8
2025-10-27T09:30:00-07:00,38,81,2
2025-10-27T10:00:00-07:00,35,84,1.6
2025-10-27T10:30:00-07:00,33,87,1.2
2025-10-27T11:00:00-07:00,32,87,1.2
2025-10-27T11:30:00-07:00,31,87,0.3
2025-10-27T12:00:00-07:00,31,87,0.3
2025-10-27T12:30:00-07:00,29,88,0.1
2025-10-27T13:00:00-07:00,30,87,0.2
2025-10-27T13:30:00-07:00,30,89,1.2
2025-10-27T14:00:00-07:00,30,90,3.1
2025-10-27T14:30:00-07:00,29,88,1.9
2025-10-27T15:00:00-07:00,29,88,1
2025-10-27T15:30:00-07:00,30,86,0.5
2025-10-27T16:00:00-07:00,30,85,0.2
2025-10-27T16:30:00-07:00,30,85,0.6
2025-10-27T17:00:00-07:00,31,84,0.5
2025-10-27T17:30:00-07:00,34,83,0.9
2025-10-27T18:00:00-07:00,36,81,2.1
2025-10-27T18:30:00-07:00,37,81,0.7
2025-10-27T19:00:00-07:00,38,80,0.8
2025-10-27T19:30:00-07:00,38,80,1
2025-10-27T20:00:00-07:00,38,79,5.1
2025-10-27T20:30:00-07:00,39,78,1.8
2025-10-27T21:00:00-07:00,41,77,2
2025-10-27T21:30:00-07:00,42,76,2.3
2025-10-27T22:00:00-07:00,42,75,3
2025-10-27T22:30:00-07:00,40,74,5.8
2025-10-27T23:00:00-07:00,40,73,4.1
2025-10-27T23:30:00-07:00,41,72,3.8
2025-10-28T00:00:00-07:00,41,72,3.6
2025-10-28T00:30:00-07:00,41,71,3
2025-10-28T01:00:00-07:00,40,71,2.9
2025-10-28T01:30:00-07:00,32,71,1
2025-10-28T02:00:00-07:00,32,72,1.2
2025-10-28T02:30:00-07:00,34,72,1.2
2025-10-28T03:00:00-07:00,37,71,1.8
2025-10-28T03:30:00-07:00,41,71,2.3
2025-10-28T04:00:00-07:00,38,70,1.7
2025-10-28T04:30:00-07:00,37,70,1.6
2025-10-28T05:00:00-07:00,36,69,2
2025-10-28T05:30:00-07:00,37,69,3.6
2025-10-28T06:00:00-07:00,38,68,4.1
2025-10-28T06:30:00-07:00,40,68,5
2025-10-28T07:00:00-07:00,41,68,5.3
2025-10-28T07:30:00-07:00,42,68,4.8
2025-10-28T08:00:00-07:00,33,79,7.1
2025-10-28T08:30:00-07:00,24,92,4.9
2025-10-28T09:00:00-07:00,19,102,3.9
2025-10-28T09:30:00-07:00,15,111,3.5
2025-10-28T10:00:00-07:00,14,113,3.4
2025-10-28T10:30:00-07:00,14,114,3.5
2025-10-28T11:00:00-07:00,15,111,4
2025-10-28T11:30:00-07:00,17,106,4.4
2025-10-28T12:00:00-07:00,18,103,2.8
2025-10-28T12:30:00-07:00,18,102,1.8
2025-10-28T13:00:00-07:00,17,102,1.1
2025-10-28T13:30:00-07:00,16,102,0.9
2025-10-28T14:00:00-07:00,16,101,0.9
2025-10-28T14:30:00-07:00,18,97,2.3
2025-10-28T15:00:00-07:00,19,94,3.2
2025-10-28T15:30:00-07:00,20,93,2.9
2025-10-28T16:00:00-07:00,21,92,1.6
2025-10-28T16:30:00-07:00,22,92,2.3
2025-10-28T17:00:00-07:00,23,91,2.5
2025-10-28T17:30:00-07:00,24,91,4.9
2025-10-28T18:00:00-07:00,24,90,1.8
2025-10-28T18:30:00-07:00,26,88,7
2025-10-28T19:00:00-07:00,25,87,5.1
2025-10-28T19:30:00-07:00,28,85,3.7
2025-10-28T20:00:00-07:00,32,83,3.3
2025-10-28T20:30:00-07:00,35,82,3.5
2025-10-28T21:00:00-07:00,38,81,2.7
2025-10-28T21:30:00-07:00,38,80,3.2
2025-10-28T22:00:00-07:00,38,79,3.5
2025-10-28T22:30:00-07:00,40,78,4
2025-10-28T23:00:00-07:00,40,77,4.5
2025-10-28T23:30:00-07:00,41,76,4.6
2025-10-29T00:00:00-07:00,39,75,4.5
2025-10-29T00:30:00-07:00,38,75,5.2
2025-10-29T01:00:00-07:00,39,73,6.7
2025-10-29T01:30:00-07:00,39,73,5.9
2025-10-29T02:00:00-07:00,41,72,6.2
2025-10-29T02:30:00-07:00,40,72,6
2025-10-29T03:00:00-07:00,39,72,5.3
2025-10-29T03:30:00-07:00,39,72,4.7
2025-10-29T04:00:00-07:00,39,71,4.5
2025-10-29T04:30:00-07:00,38,71,4.8
2025-10-29T05:00:00-07:00,39,71,5.2
2025-10-29T05:30:00-07:00,40,70,5.6
2025-10-29T06:00:00-07:00,42,70,6.7
2025-10-29T06:30:00-07:00,40,70,6.3
2025-10-29T07:00:00-07:00,40,71,6.3
2025-10-29T07:30:00-07:00,40,71,7.6
2025-10-29T08:00:00-07:00,33,81,7.2
2025-10-29T08:30:00-07:00,21,96,6.2
2025-10-29T09:00:00-07:00,16,106,6.2
2025-10-29T09:30:00-07:00,14,115,4.6
2025-10-29T10:00:00-07:00,13,119,3.8
2025-10-29T10:30:00-07:00,14,118,3.4
2025-10-29T11:00:00-07:00,16,111,5.3
2025-10-29T11:30:00-07:00,18,105,5.8
2025-10-29T12:00:00-07:00,19,103,4.9
2025-10-29T12:30:00-07:00,19,104,4.4
2025-10-29T13:00:00-07:00,19,103,4.5
2025-10-29T13:30:00-07:00,20,102,5.1
2025-10-29T14:00:00-07:00,21,100,5.9
2025-10-29T14:30:00-07:00,22,99,6.4
2025-10-29T15:00:00-07:00,22,97,6.1
2025-10-29T15:30:00-07:00,22,97,5.8
2025-10-29T16:00:00-07:00,22,96,4
2025-10-29T16:30:00-07:00,22,96,2.3
2025-10-29T17:00:00-07:00,23,95,4.8
2025-10-29T17:30:00-07:00,26,93,5.3
2025-10-29T18:00:00-07:00,29,92,5.9
2025-10-29T18:30:00-07:00,28,90,5.7
2025-10-29T19:00:00-07:00,30,88,5.2
2025-10-29T19:30:00-07:00,33,88,10.8
2025-10-29T20:00:00-07:00,34,87,11.2
2025-10-29T20:30:00-07:00,36,85,5.4
2025-10-29T21:00:00-07:00,39,83,5
2025-10-29T21:30:00-07:00,40,82,5.2
2025-10-29T22:00:00-07:00,40,81,4.8
2025-10-29T22:30:00-07:00,41,80,5.4
2025-10-29T23:00:00-07:00,40,79,5.7
2025-10-29T23:30:00-07:00,41,79,5.4
2025-10-30T00:00:00-07:00,41,78,6.1
2025-10-30T00:30:00-07:00,41,77,5.6
2025-10-30T01:00:00-07:00,41,76,5.8
2025-10-30T01:30:00-07:00,42,76,5.9
2025-10-30T02:00:00-07:00,41,75,5.8
2025-10-30T02:30:00-07:00,41,75,6
2025-10-30T03:00:00-07:00,42,74,6.1
2025-10-30T03:30:00-07:00,41,74,6.5
2025-10-30T04:00:00-07:00,42,73,6.5
2025-10-30T04:30:00-07:00,43,72,6.6
2025-10-30T05:00:00-07:00,43,73,7
2025-10-30T05:30:00-07:00,44,74,7.4
2025-10-30T06:00:00-07:00,46,77,11.2
2025-10-30T06:30:00-07:00,44,78,11.3
2025-10-30T07:00:00-07:00,43,79,11.5
2025-10-30T07:30:00-07:00,42,80,12.6
2025-10-30T08:00:00-07:00,42,80,14.6
2025-10-30T08:30:00-07:00,41,81,13.2
2025-10-30T09:00:00-07:00,41,81,10.2
2025-10-30T09:30:00-07:00,40,81,12.3
2025-10-30T10:00:00-07:00,40,82,12.1
2025-10-30T10:30:00-07:00,39,83,12.9
2025-10-30T11:00:00-07:00,38,84,13.3
2025-10-30T11:30:00-07:00,36,85,14.6
2025-10-30T12:00:00-07:00,35,86,15
2025-10-30T12:30:00-07:00,33,89,15
2025-10-30T13:00:00-07:00,31,92,12.9
2025-10-30T13:30:00-07:00,29,93,11.9
2025-10-30T14:00:00-07:00,30,93,10.4
2025-10-30T14:30:00-07:00,30,91,11.2
2025-10-30T15:00:00-07:00,33,89,11.1
2025-10-30T15:30:00-07:00,35,86,8.9
2025-10-30T16:00:00-07:00,37,84,9.2
2025-10-30T16:30:00-07:00,37,83,9.1
2025-10-30T17:00:00-07:00,39,81,9.1
2025-10-30T17:30:00-07:00,42,79,12.5
2025-10-30T18:00:00-07:00,44,76,10.2
2025-10-30T18:30:00-07:00,46,75,9.9
2025-10-30T19:00:00-07:00,46,75,9.6
2025-10-30T19:30:00-07:00,44,76,8.7
2025-10-30T20:00:00-07:00,44,76,8.9
2025-10-30T20:30:00-07:00,43,77,13
2025-10-30T21:00:00-07:00,41,77,11.1
2025-10-30T21:30:00-07:00,42,76,8.2
2025-10-30T22:00:00-07:00,40,77,13.7
2025-10-30T22:30:00-07:00,41,76,8.5
2025-10-30T23:00:00-07:00,43,76,12.4
2025-10-30T23:30:00-07:00,41,78,14.5
2025-10-31T00:00:00-07:00,43,76,8.1
2025-10-31T00:30:00-07:00,43,76,7.6
2025-10-31T01:00:00-07:00,42,77,8.7
2025-10-31T01:30:00-07:00,42,77,7.1
2025-10-31T02:00:00-07:00,41,77,6.6
2025-10-31T02:30:00-07:00,41,76,6.8
2025-10-31T03:00:00-07:00,41,77,7.4
2025-10-31T03:30:00-07:00,41,76,6.9
2025-10-31T04:00:00-07:00,43,75,7.7
2025-10-31T04:30:00-07:00,43,75,7.7
2025-10-31T05:00:00-07:00,42,75,7.3
2025-10-31T05:30:00-07:00,42,74,7
2025-10-31T06:00:00-07:00,43,73,7
2025-10-31T06:30:00-07:00,45,72,7.3
2025-10-31T07:00:00-07:00,44,74,7.1
2025-10-31T07:30:00-07:00,43,75,10
2025-10-31T08:00:00-07:00,42,76,12.2
2025-10-31T08:30:00-07:00,40,78,13
2025-10-31T09:00:00-07:00,38,80,13.8
2025-10-31T09:30:00-07:00,38,79,14.9
2025-10-31T10:00:00-07:00,37,81,14.5
2025-10-31T10:30:00-07:00,33,86,14.9
2025-10-31T11:00:00-07:00,25,96,14.5
2025-10-31T11:30:00-07:00,23,99,14.6
2025-10-31T12:00:00-07:00,24,97,14.9
2025-10-31T12:30:00-07:00,24,98,12.8
2025-10-31T13:00:00-07:00,25,98,11.1
2025-10-31T13:30:00-07:00,25,98,12.8
2025-10-31T14:00:00-07:00,26,97,13.3
2025-10-31T14:30:00-07:00,25,98,14.2
2025-10-31T15:00:00-07:00,26,97,10.9
2025-10-31T15:30:00-07:00,26,95,9.1
2025-10-31T16:00:00-07:00,26,95,10.4
2025-10-31T16:30:00-07:00,27,93,9.7
2025-10-31T17:00:00-07:00,30,91,10.5
2025-10-31T17:30:00-07:00,33,88,7.9
2025-10-31T18:00:00-07:00,36,85,5.8
2025-10-31T18:30:00-07:00,39,82,6.5
2025-10-31T19:00:00-07:00,40,81,9.6
2025-10-31T19:30:00-07:00,40,81,6.6
2025-10-31T20:00:00-07:00,41,80,6.4
2025-10-31T20:30:00-07:00,41,79,6.1
2025-10-31T21:00:00-07:00,41,78,6.7
2025-10-31T21:30:00-07:00,41,78,10.5
2025-10-31T22:00:00-07:00,40,77,8.4
2025-10-31T22:30:00-07:00,41,76,8.7
2025-10-31T23:00:00-07:00,40,76,10.1
2025-10-31T23:30:00-07:00,39,76,10.5
2025-11-01T00:00:00-07:00,39,75,10.6
2025-11-01T00:30:00-07:00,39,75,11.4
2025-11-01T01:00:00-07:00,38,75,11.4
2025-11-01T01:30:00-07:00,39,74,10.6
2025-11-01T02:00:00-07:00,39,73,10.2
2025-11-01T02:30:00-07:00,40,72,9.2
2025-11-01T03:00:00-07:00,41,71,8.7
2025-11-01T03:30:00-07:00,41,71,8.5
2025-11-01T04:00:00-07:00,40,71,11
2025-11-01T04:30:00-07:00,39,72,14.1
2025-11-01T05:00:00-07:00,38,72,16.7
2025-11-01T05:30:00-07:00,37,72,19.5
2025-11-01T06:00:00-07:00,38,72,20.7
2025-11-01T06:30:00-07:00,38,72,17.1
2025-11-01T07:00:00-07:00,38,72,13.3
2025-11-01T07:30:00-07:00,38,72,14.1
2025-11-01T08:00:00-07:00,35,78,12.1
2025-11-01T08:30:00-07:00,26,90,11.4
2025-11-01T09:00:00-07:00,27,92,14.3
2025-11-01T09:30:00-07:00,31,89,16.8
2025-11-01T10:00:00-07:00,26,98,14.8
2025-11-01T10:30:00-07:00,20,108,12.9
2025-11-01T11:00:00-07:00,19,110,12.9
2025-11-01T11:30:00-07:00,21,106,15.5
2025-11-01T12:00:00-07:00,22,103,13.1
2025-11-01T12:30:00-07:00,23,100,8.2
2025-11-01T13:00:00-07:00,24,98,5.5
2025-11-01T13:30:00-07:00,24,97,3
2025-11-01T14:00:00-07:00,23,96,2.3
2025-11-01T14:30:00-07:00,24,94,2.5
2025-11-01T15:00:00-07:00,26,92,2.4
2025-11-01T15:30:00-07:00,27,91,2.4
2025-11-01T16:00:00-07:00,27,91,3.2
2025-11-01T16:30:00-07:00,28,90,4.4
2025-11-01T17:00:00-07:00,31,88,4.4
2025-11-01T17:30:00-07:00,33,86,3.7
2025-11-01T18:00:00-07:00,36,85,4.4
2025-11-01T18:30:00-07:00,37,84,5.8
2025-11-01T19:00:00-07:00,42,82,3.4
2025-11-01T19:30:00-07:00,41,81,3.5
2025-11-01T20:00:00-07:00,44,80,5.1
2025-11-01T20:30:00-07:00,45,79,4.5
2025-11-01T21:00:00-07:00,44,79,4.1
2025-11-01T21:30:00-07:00,44,78,6
2025-11-01T22:00:00-07:00,43,78,8.7
2025-11-01T22:30:00-07:00,42,77,8.1
2025-11-01T23:00:00-07:00,42,76,9.7
2025-11-01T23:30:00-07:00,41,77,12.5
2025-11-02T00:00:00-07:00,41,75,7.9
2025-11-02T00:30:00-07:00,44,73,8
2025-11-02T01:00:00-07:00,42,73,7.1
2025-11-02T01:30:00-07:00,42,72,6.8
2025-11-02T01:00:00-08:00,43,71,7.1
2025-11-02T01:30:00-08:00,44,71,7.3
2025-11-02T02:00:00-08:00,44,70,6.6
2025-11-02T02:30:00-08:00,43,70,6.3
2025-11-02T03:00:00-08:00,45,70,6.6
2025-11-02T03:30:00-08:00,46,69,6.9
2025-11-02T04:00:00-08:00,45,70,7
2025-11-02T04:30:00-08:00,46,70,9.1
2025-11-02T05:00:00-08:00,48,73,16.4
2025-11-02T05:30:00-08:00,46,74,14.8
2025-11-02T06:00:00-08:00,43,75,11.7
2025-11-02T06:30:00-08:00,42,74,10.9
2025-11-02T07:00:00-08:00,35,82,10.2
2025-11-02T07:30:00-08:00,25,95,7.9
2025-11-02T08:00:00-08:00,20,104,8.8
2025-11-02T08:30:00-08:00,17,112,8
2025-11-02T09:00:00-08:00,15,116,7
2025-11-02T09:30:00-08:00,16,115,7
2025-11-02T10:00:00-08:00,17,112,6.4
2025-11-02T10:30:00-08:00,18,109,5.8
2025-11-02T11:00:00-08:00,20,104,5.5
2025-11-02T11:30:00-08:00,22,103,4.8
2025-11-02T12:00:00-08:00,23,103,5.4
2025-11-02T12:30:00-08:00,22,103,4
2025-11-02T13:00:00-08:00,22,101,3
2025-11-02T13:30:00-08:00,23,100,2.8
2025-11-02T14:00:00-08:00,25,98,5.4
2025-11-02T14:30:00-08:00,26,98,6.5
2025-11-02T15:00:00-08:00,26,97,5.4
2025-11-02T15:30:00-08:00,25,96,5.6
2025-11-02T16:00:00-08:00,28,94,10.2
2025-11-02T16:30:00-08:00,29,94,12.3
2025-11-02T17:00:00-08:00,30,93,11
2025-11-02T17:30:00-08:00,33,90,8.4
2025-11-02T18:00:00-08:00,34,89,10.8
2025-11-02T18:30:00-08:00,35,88,9.9
2025-11-02T19:00:00-08:00,35,88,11.9
2025-11-02T19:30:00-08:00,37,86,10.1
2025-11-02T20:00:00-08:00,38,85,8.8
2025-11-02T20:30:00-08:00,40,84,8.2
2025-11-02T21:00:00-08:00,40,82,9.2
2025-11-02T21:30:00-08:00,41,82,9.5
2025-11-02T22:00:00-08:00,41,81,8.3
2025-11-02T22:30:00-08:00,41,80,8.2
2025-11-02T23:00:00-08:00,41,80,7.7
2025-11-02T23:30:00-08:00,41,79,8.2
2025-11-03T00:00:00-08:00,43,78,8.2
2025-11-03T00:30:00-08:00,42,78,8.1
2025-11-03T01:00:00-08:00,44,77,8.6
2025-11-03T01:30:00-08:00,44,77,7.8
2025-11-03T02:00:00-08:00,43,77,8.3
2025-11-03T02:30:00-08:00,43,76,8.5
2025-11-03T03:00:00-08:00,42,76,8.2
2025-11-03T03:30:00-08:00,42,75,7.9
2025-11-03T04:00:00-08:00,43,74,8.1
2025-11-03T04:30:00-08:00,42,73,7.9
2025-11-03T05:00:00-08:00,44,72,7.7
2025-11-03T05:30:00-08:00,44,73,7.6
2025-11-03T06:00:00-08:00,46,74,10
2025-11-03T06:30:00-08:00,45,75,10.5
2025-11-03T07:00:00-08:00,44,77,12.5
2025-11-03T07:30:00-08:00,44,78,19.3
2025-11-03T08:00:00-08:00,45,78,17.8
2025-11-03T08:30:00-08:00,41,80,13.6
2025-11-03T09:00:00-08:00,41,80,10.3
2025-11-03T09:30:00-08:00,39,81,15.3
2025-11-03T10:00:00-08:00,36,85,13.5
2025-11-03T10:30:00-08:00,29,90,6.9
2025-11-03T11:00:00-08:00,26,93,2.6
2025-11-03T11:30:00-08:00,24,93,2
2025-11-03T12:00:00-08:00,21,93,1.7
2025-11-03T12:30:00-08:00,16,94,0.9
2025-11-03T13:00:00-08:00,15,94,0.6
2025-11-03T13:30:00-08:00,20,91,1.5
2025-11-03T14:00:00-08:00,21,90,1.5
2025-11-03T14:30:00-08:00,23,87,2.6
2025-11-03T15:00:00-08:00,24,86,3.6
2025-11-03T15:30:00-08:00,24,86,1.6
2025-11-03T16:00:00-08:00,23,86,1.2
2025-11-03T16:30:00-08:00,25,85,1.2
2025-11-03T17:00:00-08:00,25,83,4.7
2025-11-03T17:30:00-08:00,31,80,2.2
2025-11-03T18:00:00-08:00,35,78,2.2
2025-11-03T18:30:00-08:00,34,78,2.3
2025-11-03T19:00:00-08:00,35,78,2.4
2025-11-03T19:30:00-08:00,36,77,3.6
2025-11-03T20:00:00-08:00,36,77,12.3
2025-11-03T20:30:00-08:00,38,77,4.1
2025-11-03T21:00:00-08:00,38,78,4.3
2025-11-03T21:30:00-08:00,37,78,5.4
2025-11-03T22:00:00-08:00,35,77,4.1
2025-11-03T22:30:00-08:00,34,78,3.7
2025-11-03T23:00:00-08:00,33,78,3.3
2025-11-03T23:30:00-08:00,32,78,4
2025-11-04T00:00:00-08:00,33,78,4.1
2025-11-04T00:30:00-08:00,33,78,4.3
2025-11-04T01:00:00-08:00,34,78,4.4
2025-11-04T01:30:00-08:00,37,76,5.9
2025-11-04T02:00:00-08:00,37,75,5.9
2025-11-04T02:30:00-08:00,37,75,5.4
2025-11-04T03:00:00-08:00,38,74,5.4
2025-11-04T03:30:00-08:00,38,75,5.3
2025-11-04T04:00:00-08:00,38,75,4.7
2025-11-04T04:30:00-08:00,37,75,3.8
2025-11-04T05:00:00-08:00,37,75,4.2
2025-11-04T05:30:00-08:00,38,73,5.1
2025-11-04T06:00:00-08:00,39,72,5.5
2025-11-04T06:30:00-08:00,42,71,5.8
2025-11-04T07:00:00-08:00,34,80,5
2025-11-04T07:30:00-08:00,24,93,4.1
2025-11-04T08:00:00-08:00,20,99,2.1
2025-11-04T08:30:00-08:00,19,100,2.2
2025-11-04T09:00:00-08:00,17,105,1.7
2025-11-04T09:30:00-08:00,16,108,1.2
2025-11-04T10:00:00-08:00,18,106,0.1
2025-11-04T10:30:00-08:00,20,104,0
2025-11-04T11:00:00-08:00,21,102,0
2025-11-04T11:30:00-08:00,22,100,0
2025-11-04T12:00:00-08:00,22,100,0
2025-11-04T12:30:00-08:00,23,98,0
2025-11-04T13:00:00-08:00,24,97,0.1
2025-11-04T13:30:00-08:00,26,96,0.1
2025-11-04T14:00:00-08:00,28,93,0.1
2025-11-04T14:30:00-08:00,29,92,0.1
2025-11-04T15:00:00-08:00,30,91,0
2025-11-04T15:30:00-08:00,31,90,4.9
2025-11-04T16:00:00-08:00,33,88,4
2025-11-04T16:30:00-08:00,35,86,0
2025-11-04T17:00:00-08:00,36,85,1.7
2025-11-04T17:30:00-08:00,37,84,1.2
2025-11-04T18:00:00-08:00,37,84,0
2025-11-04T18:30:00-08:00,38,83,0.6
2025-11-04T19:00:00-08:00,41,80,1.5
2025-11-04T19:30:00-08:00,44,78,1.2
2025-11-04T20:00:00-08:00,42,79,0.2
2025-11-04T20:30:00-08:00,45,77,1.7
2025-11-04T21:00:00-08:00,46,76,0.2
2025-11-04T21:30:00-08:00,47,75,0.1
2025-11-04T22:00:00-08:00,47,75,1
2025-11-04T22:30:00-08:00,47,75,1.6
2025-11-04T23:00:00-08:00,49,73,2.2
2025-11-04T23:30:00-08:00,50,73,3.2
2025-11-05T00:00:00-08:00,49,74,1.1
2025-11-05T00:30:00-08:00,51,72,0.5
2025-11-05T01:00:00-08:00,53,71,1.6
2025-11-05T01:30:00-08:00,54,70,2.1
2025-11-05T02:00:00-08:00,52,71,1.7
2025-11-05T02:30:00-08:00,49,71,2.1
2025-11-05T03:00:00-08:00,48,71,4
2025-11-05T03:30:00-08:00,47,71,5.5
2025-11-05T04:00:00-08:00,46,71,4.4
2025-11-05T04:30:00-08:00,47,71,4.5
2025-11-05T05:00:00-08:00,46,71,6
2025-11-05T05:30:00-08:00,45,72,5.7
2025-11-05T06:00:00-08:00,47,72,4.7
2025-11-05T06:30:00-08:00,51,71,4.6
2025-11-05T07:00:00-08:00,53,71,4.9
2025-11-05T07:30:00-08:00,53,71,5.7
2025-11-05T08:00:00-08:00,56,69,4.8
2025-11-05T08:30:00-08:00,54,71,3.9
2025-11-05T09:00:00-08:00,50,74,2.7
2025-11-05T09:30:00-08:00,47,76,1.6
2025-11-05T10:00:00-08:00,42,80,0.4
2025-11-05T10:30:00-08:00,39,82,0.3
2025-11-05T11:00:00-08:00,38,84,0.2
2025-11-05T11:30:00-08:00,36,85,0.1
2025-11-05T12:00:00-08:00,36,85,0
2025-11-05T12:30:00-08:00,37,84,0
2025-11-05T13:00:00-08:00,39,82,0
2025-11-05T13:30:00-08:00,39,82,0
2025-11-05T14:00:00-08:00,41,81,0
2025-11-05T14:30:00-08:00,42,81,0
2025-11-05T15:00:00-08:00,42,81,0.4
2025-11-05T15:30:00-08:00,42,81,1.6
2025-11-05T16:00:00-08:00,43,80,0.1
2025-11-05T16:30:00-08:00,45,78,1.1
2025-11-05T17:00:00-08:00,46,78,1.6
2025-11-05T17:30:00-08:00,47,78,0.7
2025-11-05T18:00:00-08:00,47,78,0.9
2025-11-05T18:30:00-08:00,48,77,1.3
2025-11-05T19:00:00-08:00,49,76,1.3
2025-11-05T19:30:00-08:00,50,76,1
2025-11-05T20:00:00-08:00,50,76,3.9
2025-11-05T20:30:00-08:00,48,77,0.7
2025-11-05T21:00:00-08:00,47,78,1.1
2025-11-05T21:30:00-08:00,47,77,1.6
2025-11-05T22:00:00-08:00,47,78,4
2025-11-05T22:30:00-08:00,45,78,1.5
2025-11-05T23:00:00-08:00,46,77,1.6
2025-11-05T23:30:00-08:00,45,77,1.7
2025-11-06T00:00:00-08:00,45,76,2.2
2025-11-06T00:30:00-08:00,44,76,2.3
2025-11-06T01:00:00-08:00,44,75,2.6
2025-11-06T01:30:00-08:00,45,74,2.5
2025-11-06T02:00:00-08:00,46,75,2
2025-11-06T02:30:00-08:00,45,75,1.7
2025-11-06T03:00:00-08:00,45,76,1.7
2025-11-06T03:30:00-08:00,47,75,2.6
2025-11-06T04:00:00-08:00,46,76,1.8
2025-11-06T04:30:00-08:00,47,76,1.2
2025-11-06T05:00:00-08:00,46,77,1.2
2025-11-06T05:30:00-08:00,46,77,2.1
2025-11-06T06:00:00-08:00,47,76,4.2
2025-11-06T06:30:00-08:00,48,75,4.6
2025-11-06T07:00:00-08:00,43,80,4.9
2025-11-06T07:30:00-08:00,31,92,4.7
2025-11-06T08:00:00-08:00,25,98,2.1
2025-11-06T08:30:00-08:00,21,106,0.5
2025-11-06T09:00:00-08:00,18,112,0.2
2025-11-06T09:30:00-08:00,17,113,0.9
2025-11-06T10:00:00-08:00,17,113,0.7
2025-11-06T10:30:00-08:00,20,106,0.6
2025-11-06T11:00:00-08:00,22,101,0.9
2025-11-06T11:30:00-08:00,23,100,1.2
2025-11-06T12:00:00-08:00,24,98,1.7
2025-11-06T12:30:00-08:00,25,96,2.3
2025-11-06T13:00:00-08:00,28,92,3.2
2025-11-06T13:30:00-08:00,30,90,3.8
2025-11-06T14:00:00-08:00,31,89,3.9
2025-11-06T14:30:00-08:00,32,87,3.2
2025-11-06T15:00:00-08:00,33,86,3.7
2025-11-06T15:30:00-08:00,33,85,5.1
2025-11-06T16:00:00-08:00,35,85,5.9
2025-11-06T16:30:00-08:00,36,83,3.3
2025-11-06T17:00:00-08:00,38,82,6
2025-11-06T17:30:00-08:00,38,83,5
2025-11-06T18:00:00-08:00,40,82,5.8
2025-11-06T18:30:00-08:00,41,81,3.9
2025-11-06T19:00:00-08:00,42,80,3
2025-11-06T19:30:00-08:00,42,80,3.6
2025-11-06T20:00:00-08:00,43,79,3.6
2025-11-06T20:30:00-08:00,42,79,6.2
2025-11-06T21:00:00-08:00,42,78,3.6
2025-11-06T21:30:00-08:00,43,77,4.1
2025-11-06T22:00:00-08:00,43,77,4.5
2025-11-06T22:30:00-08:00,42,76,6.8
2025-11-06T23:00:00-08:00,42,76,6.3
2025-11-06T23:30:00-08:00,42,75,6.2
2025-11-07T00:00:00-08:00,42,75,6.1
2025-11-07T00:30:00-08:00,43,74,4.7
2025-11-07T01:00:00-08:00,43,74,4.7
2025-11-07T01:30:00-08:00,43,73,4.2
2025-11-07T02:00:00-08:00,43,73,3.8
2025-11-07T02:30:00-08:00,42,73,3.5
2025-11-07T03:00:00-08:00,44,73,3.7
2025-11-07T03:30:00-08:00,44,72,3.8
2025-11-07T04:00:00-08:00,45,73,3.9
2025-11-07T04:30:00-08:00,48,73,6
2025-11-07T05:00:00-08:00,46,74,5.7
2025-11-07T05:30:00-08:00,45,73,6.5
2025-11-07T06:00:00-08:00,46,74,8.7
2025-11-07T06:30:00-08:00,45,74,6.4
2025-11-07T07:00:00-08:00,43,77,6.7
2025-11-07T07:30:00-08:00,32,90,8.5
2025-11-07T08:00:00-08:00,23,100,7.4
2025-11-07T08:30:00-08:00,22,103,7.3
2025-11-07T09:00:00-08:00,27,94,7.3
2025-11-07T09:30:00-08:00,28,93,5.8
2025-11-07T10:00:00-08:00,27,97,2.3
2025-11-07T10:30:00-08:00,24,102,1.5
2025-11-07T11:00:00-08:00,26,101,0.6
2025-11-07T11:30:00-08:00,28,98,0.2
2025-11-07T12:00:00-08:00,28,98,1.5
2025-11-07T12:30:00-08:00,31,96,1.1
2025-11-07T13:00:00-08:00,33,93,2.2
2025-11-07T13:30:00-08:00,34,92,3.7
2025-11-07T14:00:00-08:00,34,91,3.3
2025-11-07T14:30:00-08:00,35,89,1.2
2025-11-07T15:00:00-08:00,37,88,0.9
2025-11-07T15:30:00-08:00,37,87,1.2
2025-11-07T16:00:00-08:00,39,85,0.5
2025-11-07T16:30:00-08:00,40,84,1.6
2025-11-07T17:00:00-08:00,42,84,2.1
2025-11-07T17:30:00-08:00,44,82,3.4
2025-11-07T18:00:00-08:00,44,82,2.1
2025-11-07T18:30:00-08:00,45,81,2.8
2025-11-07T19:00:00-08:00,46,81,3.3
2025-11-07T19:30:00-08:00,45,80,6.5
2025-11-07T20:00:00-08:00,44,81,7.3
2025-11-07T20:30:00-08:00,44,79,6.2
2025-11-07T21:00:00-08:00,44,78,7
2025-11-07T21:30:00-08:00,44,78,7.9
2025-11-07T22:00:00-08:00,45,77,8.6
2025-11-07T22:30:00-08:00,45,77,9.6
2025-11-07T23:00:00-08:00,43,77,9.3
2025-11-07T23:30:00-08:00,44,77,10
2025-11-08T00:00:00-08:00,45,76,9.8
2025-11-08T00:30:00-08:00,43,76,8.5
2025-11-08T01:00:00-08:00,43,74,7.6
2025-11-08T01:30:00-08:00,43,74,8.4
2025-11-08T02:00:00-08:00,43,74,9.3
2025-11-08T02:30:00-08:00,42,74,9.5
2025-11-08T03:00:00-08:00,43,73,10.5
2025-11-08T03:30:00-08:00,42,74,12
2025-11-08T04:00:00-08:00,41,74,14.1
2025-11-08T04:30:00-08:00,42,74,16.3
2025-11-08T05:00:00-08:00,42,75,22
2025-11-08T05:30:00-08:00,43,74,20.1
2025-11-08T06:00:00-08:00,43,74,18.5
2025-11-08T06:30:00-08:00,44,74,18.7
2025-11-08T07:00:00-08:00,43,75,16.9
2025-11-08T07:30:00-08:00,41,80,17.4
2025-11-08T08:00:00-08:00,27,98,14.5
2025-11-08T08:30:00-08:00,20,109,9.9
2025-11-08T09:00:00-08:00,17,115,9.3
2025-11-08T09:30:00-08:00,16,117,7.8
2025-11-08T10:00:00-08:00,16,115,7.8
2025-11-08T10:30:00-08:00,18,110,6.5
2025-11-08T11:00:00-08:00,20,106,4.2
2025-11-08T11:30:00-08:00,23,101,3.7
2025-11-08T12:00:00-08:00,24,98,3.2
2025-11-08T12:30:00-08:00,24,97,2.4
2025-11-08T13:00:00-08:00,24,97,2.3
2025-11-08T13:30:00-08:00,25,95,2.1
2025-11-08T14:00:00-08:00,25,94,3.1
2025-11-08T14:30:00-08:00,25,95,4.4
2025-11-08T15:00:00-08:00,24,94,4.2
2025-11-08T15:30:00-08:00,25,92,2.2
2025-11-08T16:00:00-08:00,27,91,1.8
2025-11-08T16:30:00-08:00,28,90,2.4
2025-11-08T17:00:00-08:00,29,88,5.9
2025-11-08T17:30:00-08:00,31,87,5.9
2025-11-08T18:00:00-08:00,33,85,4.8
2025-11-08T18:30:00-08:00,33,84,12.3
2025-11-08T19:00:00-08:00,30,82,4.2
2025-11-08T19:30:00-08:00,29,82,4.3
2025-11-08T20:00:00-08:00,31,82,7.2
2025-11-08T20:30:00-08:00,32,82,10.3
2025-11-08T21:00:00-08:00,33,80,8.7
2025-11-08T21:30:00-08:00,35,79,6.4
2025-11-08T22:00:00-08:00,36,77,7.2
2025-11-08T22:30:00-08:00,36,77,8.4
2025-11-08T23:00:00-08:00,36,77,11.9
2025-11-08T23:30:00-08:00,36,77,12.4
2025-11-09T00:00:00-08:00,38,75,7.2
2025-11-09T00:30:00-08:00,38,74,6.6
2025-11-09T01:00:00-08:00,39,74,6.8
2025-11-09T01:30:00-08:00,39,74,5.8
2025-11-09T02:00:00-08:00,40,73,5.9
2025-11-09T02:30:00-08:00,40,73,5.2
2025-11-09T03:00:00-08:00,40,73,4.6
2025-11-09T03:30:00-08:00,40,72,4.4
2025-11-09T04:00:00-08:00,40,72,4.2
2025-11-09T04:30:00-08:00,41,71,4
2025-11-09T05:00:00-08:00,41,71,3.9
2025-11-09T05:30:00-08:00,41,70,3.7
2025-11-09T06:00:00-08:00,41,70,3.9
2025-11-09T06:30:00-08:00,42,70,4.4
2025-11-09T07:00:00-08:00,38,76,5.2
2025-11-09T07:30:00-08:00,26,92,5.1
2025-11-09T08:00:00-08:00,19,104,3.4
2025-11-09T08:30:00-08:00,16,113,6.4
2025-11-09T09:00:00-08:00,14,118,4.6
2025-11-09T09:30:00-08:00,14,119,4.9
2025-11-09T10:00:00-08:00,16,112,3.8
2025-11-09T10:30:00-08:00,21,103,4
2025-11-09T11:00:00-08:00,24,99,5.3
2025-11-09T11:30:00-08:00,22,102,4.7
2025-11-09T12:00:00-08:00,21,103,4.1
2025-11-09T12:30:00-08:00,22,102,3.9
2025-11-09T13:00:00-08:00,22,102,3.5
2025-11-09T13:30:00-08:00,22,101,3.4
2025-11-09T14:00:00-08:00,23,100,3.7
2025-11-09T14:30:00-08:00,24,99,5.6
2025-11-09T15:00:00-08:00,25,98,6.1
2025-11-09T15:30:00-08:00,27,96,7
2025-11-09T16:00:00-08:00,28,95,8.4
2025-11-09T16:30:00-08:00,29,94,8.3
2025-11-09T17:00:00-08:00,31,92,8.5
2025-11-09T17:30:00-08:00,32,91,10.9
2025-11-09T18:00:00-08:00,32,90,11.3
2025-11-09T18:30:00-08:00,35,86,9.2
2025-11-09T19:00:00-08:00,37,85,9.6
2025-11-09T19:30:00-08:00,38,84,9.1
2025-11-09T20:00:00-08:00,39,83,8.3
2025-11-09T20:30:00-08:00,41,82,7.9
2025-11-09T21:00:00-08:00,39,83,7.4
2025-11-09T21:30:00-08:00,38,83,6.7
2025-11-09T22:00:00-08:00,35,86,14.1
2025-11-09T22:30:00-08:00,35,86,12.9
2025-11-09T23:00:00-08:00,36,84,10.8
2025-11-09T23:30:00-08:00,36,83,18.1
2025-11-10T00:00:00-08:00,37,82,32.2
2025-11-10T00:30:00-08:00,37,82,22.4
2025-11-10T01:00:00-08:00,37,81,12.6
2025-11-10T01:30:00-08:00,38,80,12.7
2025-11-10T02:00:00-08:00,39,79,9.7
2025-11-10T02:30:00-08:00,40,77,9.4
2025-11-10T03:00:00-08:00,40,76,9.2
2025-11-10T03:30:00-08:00,40,76,9.1
2025-11-10T04:00:00-08:00,40,75,8.4
2025-11-10T04:30:00-08:00,42,74,8.1
2025-11-10T05:00:00-08:00,42,73,7.5
2025-11-10T05:30:00-08:00,41,73,7.4
2025-11-10T06:00:00-08:00,43,73,8.2
2025-11-10T06:30:00-08:00,42,73,9
2025-11-10T07:00:00-08:00,40,76,9.6
2025-11-10T07:30:00-08:00,32,87,10.9
2025-11-10T08:00:00-08:00,23,99,10.6
2025-11-10T08:30:00-08:00,19,107,9
2025-11-10T09:00:00-08:00,15,115,8.8
2025-11-10T09:30:00-08:00,15,117,4.6
2025-11-10T10:00:00-08:00,15,116,4.6
2025-11-10T10:30:00-08:00,16,114,5
2025-11-10T11:00:00-08:00,17,111,4.5
2025-11-10T11:30:00-08:00,18,110,4.1
2025-11-10T12:00:00-08:00,20,107,5.7
2025-11-10T12:30:00-08:00,21,105,6.5
2025-11-10T13:00:00-08:00,21,104,5.8
2025-11-10T13:30:00-08:00,22,102,5.5
2025-11-10T14:00:00-08:00,22,102,6.2
2025-11-10T14:30:00-08:00,22,100,5.6
2025-11-10T15:00:00-08:00,23,99,6.4
2025-11-10T15:30:00-08:00,24,99,8.5
2025-11-10T16:00:00-08:00,25,97,8.3
2025-11-10T16:30:00-08:00,26,95,7.1
2025-11-10T17:00:00-08:00,28,93,5.9
2025-11-10T17:30:00-08:00,30,91,6.2
2025-11-10T18:00:00-08:00,31,90,11.9
2025-11-10T18:30:00-08:00,32,89,12.8
2025-11-10T19:00:00-08:00,33,88,8.2
2025-11-10T19:30:00-08:00,33,86,8.5
2025-11-10T20:00:00-08:00,34,86,8.3
2025-11-10T20:30:00-08:00,35,85,9.9
2025-11-10T21:00:00-08:00,35,84,14.6
2025-11-10T21:30:00-08:00,35,84,12.2
2025-11-10T22:00:00-08:00,36,83,10.7
2025-11-10T22:30:00-08:00,36,81,10.2
2025-11-10T23:00:00-08:00,37,80,9.7
2025-11-10T23:30:00-08:00,37,80,17.4
2025-11-11T00:00:00-08:00,37,79,11.1
2025-11-11T00:30:00-08:00,38,78,8.9
2025-11-11T01:00:00-08:00,40,77,7.8
2025-11-11T01:30:00-08:00,40,75,7.3
2025-11-11T02:00:00-08:00,40,75,6.9
2025-11-11T02:30:00-08:00,40,74,6.7
2025-11-11T03:00:00-08:00,40,74,6.3
2025-11-11T03:30:00-08:00,41,73,6.1
2025-11-11T04:00:00-08:00,43,73,6.3
2025-11-11T04:30:00-08:00,41,73,5.9
2025-11-11T05:00:00-08:00,41,73,6.6
2025-11-11T05:30:00-08:00,41,72,6.8
2025-11-11T06:00:00-08:00,42,72,7.3
2025-11-11T06:30:00-08:00,42,72,6.9
2025-11-11T07:00:00-08:00,42,73,6.6
2025-11-11T07:30:00-08:00,42,75,7.3
2025-11-11T08:00:00-08:00,41,77,9.2
2025-11-11T08:30:00-08:00,33,86,11.9
2025-11-11T09:00:00-08:00,30,89,13.3
2025-11-11T09:30:00-08:00,24,97,12.8
2025-11-11T10:00:00-08:00,21,101,10.4
2025-11-11T10:30:00-08:00,22,101,11.5
2025-11-11T11:00:00-08:00,21,102,11.1
2025-11-11T11:30:00-08:00,22,101,8.6
2025-11-11T12:00:00-08:00,23,100,9.5
2025-11-11T12:30:00-08:00,23,99,9.1
2025-11-11T13:00:00-08:00,23,98,8.2
2025-11-11T13:30:00-08:00,24,98,13
2025-11-11T14:00:00-08:00,25,96,12.9
2025-11-11T14:30:00-08:00,27,95,13.1
2025-11-11T15:00:00-08:00,28,94,9.9
2025-11-11T15:30:00-08:00,28,93,15.7
2025-11-11T16:00:00-08:00,30,92,10.2
2025-11-11T16:30:00-08:00,31,89,7.6
2025-11-11T17:00:00-08:00,33,87,7.8
2025-11-11T17:30:00-08:00,35,86,9.3
2025-11-11T18:00:00-08:00,36,84,6.7
2025-11-11T18:30:00-08:00,38,83,5.8
2025-11-11T19:00:00-08:00,38,83,7
2025-11-11T19:30:00-08:00,39,82,9.8
2025-11-11T20:00:00-08:00,37,83,11.7
2025-11-11T20:30:00-08:00,38,81,9.6
2025-11-11T21:00:00-08:00,40,80,9.1
2025-11-11T21:30:00-08:00,40,79,9.6
2025-11-11T22:00:00-08:00,40,79,12
2025-11-11T22:30:00-08:00,40,79,13.7
2025-11-11T23:00:00-08:00,40,79,21.7
2025-11-11T23:30:00-08:00,40,78,10.8
2025-11-12T00:00:00-08:00,42,78,11.6
2025-11-12T00:30:00-08:00,42,79,11.8
2025-11-12T01:00:00-08:00,42,79,13
2025-11-12T01:30:00-08:00,44,77,13.9
2025-11-12T02:00:00-08:00,44,77,13.6
2025-11-12T02:30:00-08:00,44,77,12.7
2025-11-12T03:00:00-08:00,43,77,11.8
2025-11-12T03:30:00-08:00,45,76,10
2025-11-12T04:00:00-08:00,46,75,8.5
2025-11-12T04:30:00-08:00,45,75,8.7
2025-11-12T05:00:00-08:00,43,76,9.4
2025-11-12T05:30:00-08:00,44,75,10.7
2025-11-12T06:00:00-08:00,42,77,10.5
2025-11-12T06:30:00-08:00,44,76,9.4
2025-11-12T07:00:00-08:00,45,75,9.7
2025-11-12T07:30:00-08:00,45,76,9.9
2025-11-12T08:00:00-08:00,45,76,9.1
2025-11-12T08:30:00-08:00,46,75,8.5
2025-11-12T09:00:00-08:00,44,76,4.2
2025-11-12T09:30:00-08:00,40,79,3.5
2025-11-12T10:00:00-08:00,38,80,2.9
2025-11-12T10:30:00-08:00,39,79,2.3
2025-11-12T11:00:00-08:00,39,80,3.1
2025-11-12T11:30:00-08:00,37,82,2.4
2025-11-12T12:00:00-08:00,37,81,2
2025-11-12T12:30:00-08:00,38,81,2.1
2025-11-12T13:00:00-08:00,37,82,2.6
2025-11-12T13:30:00-08:00,37,82,5.7
2025-11-12T14:00:00-08:00,38,82,3.5
2025-11-12T14:30:00-08:00,36,83,3.4
2025-11-12T15:00:00-08:00,35,84,4.1
2025-11-12T15:30:00-08:00,34,85,4.5
2025-11-12T16:00:00-08:00,34,85,3.2
2025-11-12T16:30:00-08:00,36,84,5.5
2025-11-12T17:00:00-08:00,38,82,3.5
2025-11-12T17:30:00-08:00,38,82,8.1
2025-11-12T18:00:00-08:00,40,81,4.2
2025-11-12T18:30:00-08:00,39,82,4.4
2025-11-12T19:00:00-08:00,40,81,3.8
2025-11-12T19:30:00-08:00,44,80,1.5
2025-11-12T20:00:00-08:00,45,79,1.8
2025-11-12T20:30:00-08:00,45,79,1.5
2025-11-12T21:00:00-08:00,43,80,3.6
2025-11-12T21:30:00-08:00,41,82,4.4
2025-11-12T22:00:00-08:00,41,82,4.8
2025-11-12T22:30:00-08:00,42,80,5.8
2025-11-12T23:00:00-08:00,43,79,4.7
2025-11-12T23:30:00-08:00,43,79,3.6
2025-11-13T00:00:00-08:00,44,78,1.7
2025-11-13T00:30:00-08:00,44,78,1.7
2025-11-13T01:00:00-08:00,45,77,1.9
2025-11-13T01:30:00-08:00,46,77,1.9
2025-11-13T02:00:00-08:00,45,77,1.5
2025-11-13T02:30:00-08:00,45,78,1.5
2025-11-13T03:00:00-08:00,46,77,1.8
2025-11-13T03:30:00-08:00,47,77,2
2025-11-13T04:00:00-08:00,49,76,2.1
2025-11-13T04:30:00-08:00,50,76,2.4
2025-11-13T05:00:00-08:00,52,76,2.5
2025-11-13T05:30:00-08:00,55,74,2.8
2025-11-13T06:00:00-08:00,57,74,3.3
2025-11-13T06:30:00-08:00,57,74,3.6
2025-11-13T07:00:00-08:00,58,74,3.3
2025-11-13T07:30:00-08:00,59,74,2.5
2025-11-13T08:00:00-08:00,60,74,1.6
2025-11-13T08:30:00-08:00,58,75,1.3
2025-11-13T09:00:00-08:00,58,75,0.9
2025-11-13T09:30:00-08:00,59,75,1
2025-11-13T10:00:00-08:00,58,75,1.5
2025-11-13T10:30:00-08:00,58,76,2.6
2025-11-13T11:00:00-08:00,58,76,3.3
2025-11-13T11:30:00-08:00,56,78,2.6
2025-11-13T12:00:00-08:00,51,81,1.8
2025-11-13T12:30:00-08:00,48,82,0.3
2025-11-13T13:00:00-08:00,50,79,0.3
2025-11-13T13:30:00-08:00,48,81,3.7
2025-11-13T14:00:00-08:00,46,81,1.8
2025-11-13T14:30:00-08:00,46,81,0.4
2025-11-13T15:00:00-08:00,47,80,0.1
2025-11-13T15:30:00-08:00,45,81,0.2
2025-11-13T16:00:00-08:00,47,79,1
2025-11-13T16:30:00-08:00,48,79,1.4
2025-11-13T17:00:00-08:00,45,80,1.3
2025-11-13T17:30:00-08:00,46,78,3
2025-11-13T18:00:00-08:00,47,78,3.4
2025-11-13T18:30:00-08:00,48,78,0.9
2025-11-13T19:00:00-08:00,51,76,1.6
2025-11-13T19:30:00-08:00,50,77,1.4
2025-11-13T20:00:00-08:00,50,77,7.1
2025-11-13T20:30:00-08:00,49,77,1
2025-11-13T21:00:00-08:00,48,78,1.1
2025-11-13T21:30:00-08:00,48,78,5.2
2025-11-13T22:00:00-08:00,48,78,1.7
2025-11-13T22:30:00-08:00,48,78,1.5
2025-11-13T23:00:00-08:00,47,79,4.8
2025-11-13T23:30:00-08:00,47,78,5.5
2025-11-14T00:00:00-08:00,46,79,2.1
2025-11-14T00:30:00-08:00,47,78,1.6
2025-11-14T01:00:00-08:00,48,77,2.2
2025-11-14T01:30:00-08:00,48,77,2.3
2025-11-14T02:00:00-08:00,48,77,2.6
2025-11-14T02:30:00-08:00,47,77,4.4
2025-11-14T03:00:00-08:00,47,77,2.6
2025-11-14T03:30:00-08:00,48,76,1.4
2025-11-14T04:00:00-08:00,47,76,1
2025-11-14T04:30:00-08:00,47,76,1
2025-11-14T05:00:00-08:00,47,76,1.1
2025-11-14T05:30:00-08:00,47,75,1.6
2025-11-14T06:00:00-08:00,48,75,1.3
2025-11-14T06:30:00-08:00,47,75,0.9
2025-11-14T07:00:00-08:00,47,75,0.9
2025-11-14T07:30:00-08:00,48,76,0.9
2025-11-14T08:00:00-08:00,49,76,2.6
2025-11-14T08:30:00-08:00,48,76,2.5
2025-11-14T09:00:00-08:00,49,76,2.8
2025-11-14T09:30:00-08:00,51,75,5.9
2025-11-14T10:00:00-08:00,48,77,4.4
2025-11-14T10:30:00-08:00,43,81,1.8
2025-11-14T11:00:00-08:00,38,84,1.9
2025-11-14T11:30:00-08:00,36,86,2.7
2025-11-14T12:00:00-08:00,33,88,2.9
2025-11-14T12:30:00-08:00,33,90,2.8
2025-11-14T13:00:00-08:00,30,91,2
2025-11-14T13:30:00-08:00,31,89,4.3
2025-11-14T14:00:00-08:00,30,89,1.2
2025-11-14T14:30:00-08:00,31,87,0.6
2025-11-14T15:00:00-08:00,31,88,0.6
2025-11-14T15:30:00-08:00,32,86,1.3
2025-11-14T16:00:00-08:00,32,86,0.8
2025-11-14T16:30:00-08:00,32,85,0.5
2025-11-14T17:00:00-08:00,35,82,1.2
2025-11-14T17:30:00-08:00,37,82,4.3
2025-11-14T18:00:00-08:00,37,81,5.5
2025-11-14T18:30:00-08:00,39,80,5.2
2025-11-14T19:00:00-08:00,40,79,4.5
2025-11-14T19:30:00-08:00,41,78,4.3
2025-11-14T20:00:00-08:00,42,78,9.2
2025-11-14T20:30:00-08:00,46,75,4.1
2025-11-14T21:00:00-08:00,47,74,4.3
2025-11-14T21:30:00-08:00,48,74,5.7
2025-11-14T22:00:00-08:00,47,74,6.3
2025-11-14T22:30:00-08:00,46,75,6
2025-11-14T23:00:00-08:00,44,75,6.6
2025-11-14T23:30:00-08:00,43,75,10.4
2025-11-15T00:00:00-08:00,44,74,8.3
2025-11-15T00:30:00-08:00,45,74,7.3
2025-11-15T01:00:00-08:00,46,73,5.9
2025-11-15T01:30:00-08:00,46,73,4.7
2025-11-15T02:00:00-08:00,47,73,4.8
2025-11-15T02:30:00-08:00,48,73,4.5
2025-11-15T03:00:00-08:00,46,73,3.2
2025-11-15T03:30:00-08:00,47,74,1.8
2025-11-15T04:00:00-08:00,46,74,1.1
2025-11-15T04:30:00-08:00,46,74,4
2025-11-15T05:00:00-08:00,47,74,4.7
2025-11-15T05:30:00-08:00,45,74,2.6
2025-11-15T06:00:00-08:00,45,74,1.1
2025-11-15T06:30:00-08:00,45,74,2
2025-11-15T07:00:00-08:00,44,74,0.9
2025-11-15T07:30:00-08:00,44,76,4.9
2025-11-15T08:00:00-08:00,40,81,6.6
2025-11-15T08:30:00-08:00,38,83,6.6
2025-11-15T09:00:00-08:00,41,80,5.2
2025-11-15T09:30:00-08:00,42,80,5.1
2025-11-15T10:00:00-08:00,42,80,7
2025-11-15T10:30:00-08:00,40,81,3.6
2025-11-15T11:00:00-08:00,37,82,1.5
2025-11-15T11:30:00-08:00,35,84,1.7
2025-11-15T12:00:00-08:00,34,87,1.1
2025-11-15T12:30:00-08:00,32,87,0.6
2025-11-15T13:00:00-08:00,33,85,0.6
2025-11-15T13:30:00-08:00,34,84,0.6
2025-11-15T14:00:00-08:00,33,84,0.3
2025-11-15T14:30:00-08:00,34,82,0.7
2025-11-15T15:00:00-08:00,33,83,0.8
2025-11-15T15:30:00-08:00,33,84,0.7
2025-11-15T16:00:00-08:00,35,82,1.4
2025-11-15T16:30:00-08:00,41,79,5.7
2025-11-15T17:00:00-08:00,46,77,7.2
2025-11-15T17:30:00-08:00,49,75,4.7
2025-11-15T18:00:00-08:00,50,74,4.2
2025-11-15T18:30:00-08:00,51,74,5.5
2025-11-15T19:00:00-08:00,51,74,3.3
2025-11-15T19:30:00-08:00,52,74,2.8
2025-11-15T20:00:00-08:00,53,73,5.4
2025-11-15T20:30:00-08:00,52,74,2.3
2025-11-15T21:00:00-08:00,53,74,1.7
2025-11-15T21:30:00-08:00,55,73,1.5
2025-11-15T22:00:00-08:00,55,72,1.7
2025-11-15T22:30:00-08:00,54,73,1.6
2025-11-15T23:00:00-08:00,52,75,1.6
2025-11-15T23:30:00-08:00,51,75,1.7
2025-11-16T00:00:00-08:00,52,74,2.1
2025-11-16T00:30:00-08:00,51,75,1.4
2025-11-16T01:00:00-08:00,53,73,1.5
2025-11-16T01:30:00-08:00,54,73,1.3
2025-11-16T02:00:00-08:00,55,72,0.5
2025-11-16T02:30:00-08:00,55,72,0.2
2025-11-16T03:00:00-08:00,56,71,0
2025-11-16T03:30:00-08:00,56,71,0.2
2025-11-16T04:00:00-08:00,56,71,0.2
2025-11-16T04:30:00-08:00,56,71,0.1
2025-11-16T05:00:00-08:00,54,72,0.1
2025-11-16T05:30:00-08:00,53,72,0
2025-11-16T06:00:00-08:00,52,72,0
2025-11-16T06:30:00-08:00,51,73,0
2025-11-16T07:00:00-08:00,50,74,0
2025-11-16T07:30:00-08:00,49,75,0.1
2025-11-16T08:00:00-08:00,53,73,0.2
2025-11-16T08:30:00-08:00,52,74,0.3
2025-11-16T09:00:00-08:00,52,73,0.6
2025-11-16T09:30:00-08:00,53,73,0.2
2025-11-16T10:00:00-08:00,51,74,0.5
2025-11-16T10:30:00-08:00,48,77,0.7
2025-11-16T11:00:00-08:00,42,81,0.2
2025-11-16T11:30:00-08:00,38,84,0.1
2025-11-16T12:00:00-08:00,35,86,0.1
2025-11-16T12:30:00-08:00,34,86,0.1
2025-11-16T13:00:00-08:00,33,86,0
2025-11-16T13:30:00-08:00,32,86,0
2025-11-16T14:00:00-08:00,33,83,0.7
2025-11-16T14:30:00-08:00,38,80,1.8
2025-11-16T15:00:00-08:00,40,78,0
2025-11-16T15:30:00-08:00,42,75,0.1
2025-11-16T16:00:00-08:00,43,75,1.6
2025-11-16T16:30:00-08:00,43,74,0.4
2025-11-16T17:00:00-08:00,44,74,0.4
2025-11-16T17:30:00-08:00,45,73,0.5
2025-11-16T18:00:00-08:00,45,73,1
2025-11-16T18:30:00-08:00,45,73,0.6
2025-11-16T19:00:00-08:00,44,73,2
2025-11-16T19:30:00-08:00,44,73,0.5
2025-11-16T20:00:00-08:00,44,73,0.5
2025-11-16T20:30:00-08:00,44,72,0.5
2025-11-16T21:00:00-08:00,45,72,0.4
2025-11-16T21:30:00-08:00,45,72,0.3
2025-11-16T22:00:00-08:00,44,71,0.1
2025-11-16T22:30:00-08:00,44,71,0.1
2025-11-16T23:00:00-08:00,45,71,0.1
2025-11-16T23:30:00-08:00,49,69,0.2
2025-11-17T00:00:00-08:00,53,68,0.2
2025-11-17T00:30:00-08:00,57,67,0.5
2025-11-17T01:00:00-08:00,59,68,1.1
2025-11-17T01:30:00-08:00,56,69,0.2
2025-11-17T02:00:00-08:00,52,71,0.1
2025-11-17T02:30:00-08:00,54,70,0.2
2025-11-17T03:00:00-08:00,56,69,0
2025-11-17T03:30:00-08:00,56,69,0
2025-11-17T04:00:00-08:00,55,70,0
2025-11-17T04:30:00-08:00,50,72,0
2025-11-17T05:00:00-08:00,49,72,0
2025-11-17T05:30:00-08:00,51,71,0
2025-11-17T06:00:00-08:00,51,70,0.3
2025-11-17T06:30:00-08:00,52,68,0.5
2025-11-17T07:00:00-08:00,52,68,0.6
2025-11-17T07:30:00-08:00,52,68,0.9
2025-11-17T08:00:00-08:00,50,69,1.8
2025-11-17T08:30:00-08:00,50,69,1.3
2025-11-17T09:00:00-08:00,48,71,1.1
2025-11-17T09:30:00-08:00,46,71,1.6
2025-11-17T10:00:00-08:00,44,72,1.4
2025-11-17T10:30:00-08:00,43,73,0.3
2025-11-17T11:00:00-08:00,44,73,1.4
2025-11-17T11:30:00-08:00,43,75,1
2025-11-17T12:00:00-08:00,41,75,0.8
2025-11-17T12:30:00-08:00,40,75,0.7
2025-11-17T13:00:00-08:00,40,74,0.9
2025-11-17T13:30:00-08:00,40,73,1
2025-11-17T14:00:00-08:00,42,72,1.3
2025-11-17T14:30:00-08:00,44,72,1.5
2025-11-17T15:00:00-08:00,46,71,2.6
2025-11-17T15:30:00-08:00,46,71,2.1
2025-11-17T16:00:00-08:00,47,70,2.1
2025-11-17T16:30:00-08:00,48,69,1.8
2025-11-17T17:00:00-08:00,50,69,2.5
2025-11-17T17:30:00-08:00,50,68,3.1
2025-11-17T18:00:00-08:00,51,68,2.5
2025-11-17T18:30:00-08:00,50,69,2.5
2025-11-17T19:00:00-08:00,48,70,2.8
2025-11-17T19:30:00-08:00,47,70,2.9
2025-11-17T20:00:00-08:00,46,71,5.8
2025-11-17T20:30:00-08:00,46,72,2.4
2025-11-17T21:00:00-08:00,46,72,2.7
2025-11-17T21:30:00-08:00,45,71,2.3
2025-11-17T22:00:00-08:00,46,71,2.5
2025-11-17T22:30:00-08:00,45,72,2.6
2025-11-17T23:00:00-08:00,44,72,3.9
2025-11-17T23:30:00-08:00,44,71,1.6
2025-11-18T00:00:00-08:00,47,70,2.9
2025-11-18T00:30:00-08:00,50,68,2.6
2025-11-18T01:00:00-08:00,52,67,2.3
2025-11-18T01:30:00-08:00,51,68,2.1
2025-11-18T02:00:00-08:00,50,68,2.4
2025-11-18T02:30:00-08:00,51,68,2.2
2025-11-18T03:00:00-08:00,47,69,2.1
2025-11-18T03:30:00-08:00,45,69,2.6
2025-11-18T04:00:00-08:00,46,68,2.3
2025-11-18T04:30:00-08:00,47,68,1.9
2025-11-18T05:00:00-08:00,47,69,1.3
2025-11-18T05:30:00-08:00,46,70,1.3
2025-11-18T06:00:00-08:00,47,69,2.4
2025-11-18T06:30:00-08:00,47,70,5.6
2025-11-18T07:00:00-08:00,45,71,5.2
2025-11-18T07:30:00-08:00,45,72,4.1
2025-11-18T08:00:00-08:00,46,70,2.9
2025-11-18T08:30:00-08:00,50,68,5.6
2025-11-18T09:00:00-08:00,47,70,5.6
2025-11-18T09:30:00-08:00,37,77,2.9
2025-11-18T10:00:00-08:00,36,78,1.8
2025-11-18T10:30:00-08:00,34,79,0.9
2025-11-18T11:00:00-08:00,32,79,0.4
2025-11-18T11:30:00-08:00,28,82,0.1
2025-11-18T12:00:00-08:00,28,84,0.2
2025-11-18T12:30:00-08:00,28,84,0.3
2025-11-18T13:00:00-08:00,28,84,1.4
2025-11-18T13:30:00-08:00,27,85,3.2
2025-11-18T14:00:00-08:00,27,85,1.2
2025-11-18T14:30:00-08:00,28,84,2.9
2025-11-18T15:00:00-08:00,31,82,3.5
2025-11-18T15:30:00-08:00,34,79,0.6
2025-11-18T16:00:00-08:00,34,77,1.5
2025-11-18T16:30:00-08:00,36,76,1.4
2025-11-18T17:00:00-08:00,40,75,2.8
2025-11-18T17:30:00-08:00,41,74,4.9
2025-11-18T18:00:00-08:00,42,74,4
2025-11-18T18:30:00-08:00,42,74,3
2025-11-18T19:00:00-08:00,43,74,3.5
2025-11-18T19:30:00-08:00,42,74,5.4
2025-11-18T20:00:00-08:00,41,74,8.6
2025-11-18T20:30:00-08:00,42,72,4.4
2025-11-18T21:00:00-08:00,43,71,5
2025-11-18T21:30:00-08:00,43,70,4.6
2025-11-18T22:00:00-08:00,44,70,5.1
2025-11-18T22:30:00-08:00,44,70,7.8
2025-11-18T23:00:00-08:00,43,70,7.4
2025-11-18T23:30:00-08:00,43,69,8
2025-11-19T00:00:00-08:00,42,69,9.3
2025-11-19T00:30:00-08:00,42,68,8.8
2025-11-19T01:00:00-08:00,42,67,8.4
2025-11-19T01:30:00-08:00,42,67,8.3
2025-11-19T02:00:00-08:00,46,67,7.2
2025-11-19T02:30:00-08:00,47,67,6.7
2025-11-19T03:00:00-08:00,48,66,5.8
2025-11-19T03:30:00-08:00,46,67,5.9
2025-11-19T04:00:00-08:00,46,68,5.3
2025-11-19T04:30:00-08:00,46,68,5.5
2025-11-19T05:00:00-08:00,48,66,5.5
2025-11-19T05:30:00-08:00,47,67,5.4
2025-11-19T06:00:00-08:00,46,68,5
2025-11-19T06:30:00-08:00,45,69,4.8
2025-11-19T07:00:00-08:00,45,69,5.5
2025-11-19T07:30:00-08:00,44,70,5.8
2025-11-19T08:00:00-08:00,44,70,6.1
2025-11-19T08:30:00-08:00,43,72,5.4
2025-11-19T09:00:00-08:00,30,85,3.4
2025-11-19T09:30:00-08:00,24,92,2.8
2025-11-19T10:00:00-08:00,24,90,2.5
2025-11-19T10:30:00-08:00,24,88,1.8
2025-11-19T11:00:00-08:00,28,83,2
2025-11-19T11:30:00-08:00,28,82,1.6
2025-11-19T12:00:00-08:00,28,83,1.8
2025-11-19T12:30:00-08:00,28,83,2.1
2025-11-19T13:00:00-08:00,29,82,3.5
2025-11-19T13:30:00-08:00,29,82,6.7
2025-11-19T14:00:00-08:00,30,80,2.7
2025-11-19T14:30:00-08:00,32,78,2.5
2025-11-19T15:00:00-08:00,33,77,2.5
2025-11-19T15:30:00-08:00,33,78,2.2
2025-11-19T16:00:00-08:00,37,76,2.7
2025-11-19T16:30:00-08:00,37,77,2.8
2025-11-19T17:00:00-08:00,36,78,3
2025-11-19T17:30:00-08:00,35,78,3.1
2025-11-19T18:00:00-08:00,37,76,5.9
2025-11-19T18:30:00-08:00,38,76,15.4
2025-11-19T19:00:00-08:00,42,72,6.4
2025-11-19T19:30:00-08:00,38,73,3.7
2025-11-19T20:00:00-08:00,39,73,7.6
2025-11-19T20:30:00-08:00,39,75,4.8
2025-11-19T21:00:00-08:00,40,75,5.2
2025-11-19T21:30:00-08:00,39,75,4.9
2025-11-19T22:00:00-08:00,40,75,4.5
2025-11-19T22:30:00-08:00,40,74,4.5
2025-11-19T23:00:00-08:00,39,75,7.6
2025-11-19T23:30:00-08:00,38,75,5.6
2025-11-20T00:00:00-08:00,39,74,4.5
2025-11-20T00:30:00-08:00,40,74,4.3
2025-11-20T01:00:00-08:00,41,75,5.5
2025-11-20T01:30:00-08:00,41,75,5.3
2025-11-20T02:00:00-08:00,42,74,5.1
2025-11-20T02:30:00-08:00,44,73,4.8
2025-11-20T03:00:00-08:00,47,71,2.5
2025-11-20T03:30:00-08:00,45,73,1.2
2025-11-20T04:00:00-08:00,45,73,1.1
2025-11-20T04:30:00-08:00,45,73,1.7
2025-11-20T05:00:00-08:00,45,72,1.7
2025-11-20T05:30:00-08:00,45,72,2
2025-11-20T06:00:00-08:00,46,71,1.6
2025-11-20T06:30:00-08:00,45,72,1.6
2025-11-20T07:00:00-08:00,45,72,1.4
2025-11-20T07:30:00-08:00,45,72,2.1
2025-11-20T08:00:00-08:00,45,73,2.2
2025-11-20T08:30:00-08:00,44,74,2.1
2025-11-20T09:00:00-08:00,44,75,1.1
2025-11-20T09:30:00-08:00,43,76,3.8
2025-11-20T10:00:00-08:00,42,77,3.3
2025-11-20T10:30:00-08:00,40,79,3.4
2025-11-20T11:00:00-08:00,42,77,2.8
2025-11-20T11:30:00-08:00,43,76,0.7
2025-11-20T12:00:00-08:00,42,77,1.5
2025-11-20T12:30:00-08:00,41,78,1.2
2025-11-20T13:00:00-08:00,41,77,0.9
2025-11-20T13:30:00-08:00,41,77,0.2
2025-11-20T14:00:00-08:00,38,80,0
2025-11-20T14:30:00-08:00,36,80,0
2025-11-20T15:00:00-08:00,35,80,1.5
2025-11-20T15:30:00-08:00,35,78,2.2
2025-11-20T16:00:00-08:00,36,77,0.1
2025-11-20T16:30:00-08:00,37,76,0.4
2025-11-20T17:00:00-08:00,39,75,0.5
2025-11-20T17:30:00-08:00,40,75,10.1
2025-11-20T18:00:00-08:00,41,74,2.2
2025-11-20T18:30:00-08:00,42,74,2.9
2025-11-20T19:00:00-08:00,42,72,4.4
2025-11-20T19:30:00-08:00,42,72,5.2
2025-11-20T20:00:00-08:00,42,71,9.7
2025-11-20T20:30:00-08:00,43,70,7.3
2025-11-20T21:00:00-08:00,44,70,8.1
2025-11-20T21:30:00-08:00,45,70,6
2025-11-20T22:00:00-08:00,46,70,4.4
2025-11-20T22:30:00-08:00,46,70,3.7
2025-11-20T23:00:00-08:00,44,70,4.7
2025-11-20T23:30:00-08:00,44,69,5.1
2025-11-21T00:00:00-08:00,45,68,3.9
2025-11-21T00:30:00-08:00,44,68,3.9
2025-11-21T01:00:00-08:00,44,67,2.7
2025-11-21T01:30:00-08:00,44,67,2.2
2025-11-21T02:00:00-08:00,45,67,2.3
2025-11-21T02:30:00-08:00,45,66,2.7
2025-11-21T03:00:00-08:00,44,66,2.8
2025-11-21T03:30:00-08:00,45,66,4
2025-11-21T04:00:00-08:00,45,67,5.4
2025-11-21T04:30:00-08:00,45,66,4.8
2025-11-21T05:00:00-08:00,45,65,4.4
2025-11-21T05:30:00-08:00,45,65,4
2025-11-21T06:00:00-08:00,47,64,4.1
2025-11-21T06:30:00-08:00,46,64,4.8
2025-11-21T07:00:00-08:00,46,64,4.7
2025-11-21T07:30:00-08:00,43,70,4.4
2025-11-21T08:00:00-08:00,25,89,2.1
2025-11-21T08:30:00-08:00,18,98,0.9
2025-11-21T09:00:00-08:00,17,95,1.1
2025-11-21T09:30:00-08:00,18,92,1.4
2025-11-21T10:00:00-08:00,19,91,1.3
2025-11-21T10:30:00-08:00,21,89,1.7
2025-11-21T11:00:00-08:00,22,87,2.2
2025-11-21T11:30:00-08:00,22,89,1.8
2025-11-21T12:00:00-08:00,22,89,2.2
2025-11-21T12:30:00-08:00,22,88,2
2025-11-21T13:00:00-08:00,23,87,2.1
2025-11-21T13:30:00-08:00,24,87,2.2
2025-11-21T14:00:00-08:00,24,86,1.8
2025-11-21T14:30:00-08:00,24,85,3.1
2025-11-21T15:00:00-08:00,25,84,2.5
2025-11-21T15:30:00-08:00,27,82,1.8
2025-11-21T16:00:00-08:00,28,81,1.9
2025-11-21T16:30:00-08:00,28,80,4.7
2025-11-21T17:00:00-08:00,30,78,3
2025-11-21T17:30:00-08:00,32,77,3.6
2025-11-21T18:00:00-08:00,34,75,5.4
2025-11-21T18:30:00-08:00,36,74,7.4
2025-11-21T19:00:00-08:00,36,74,9.5
2025-11-21T19:30:00-08:00,36,74,7.8
2025-11-21T20:00:00-08:00,38,72,8
2025-11-21T20:30:00-08:00,38,72,9.7
2025-11-21T21:00:00-08:00,37,72,17.4
2025-11-21T21:30:00-08:00,38,71,9.9
2025-11-21T22:00:00-08:00,38,71,17
2025-11-21T22:30:00-08:00,40,70,17
2025-11-21T23:00:00-08:00,38,71,12
2025-11-21T23:30:00-08:00,38,71,12.5
2025-11-22T00:00:00-08:00,39,69,9.2
2025-11-22T00:30:00-08:00,40,68,7.4
2025-11-22T01:00:00-08:00,41,67,7.7
2025-11-22T01:30:00-08:00,41,66,6.8
2025-11-22T02:00:00-08:00,42,65,6.5
2025-11-22T02:30:00-08:00,42,65,5.6
2025-11-22T03:00:00-08:00,43,64,5.6
2025-11-22T03:30:00-08:00,44,64,5.8
2025-11-22T04:00:00-08:00,43,64,6.1
2025-11-22T04:30:00-08:00,44,63,6.3
2025-11-22T05:00:00-08:00,42,63,5.9
2025-11-22T05:30:00-08:00,43,63,6.5
2025-11-22T06:00:00-08:00,43,63,7.1
2025-11-22T06:30:00-08:00,43,63,7.4
2025-11-22T07:00:00-08:00,43,63,6.9
2025-11-22T07:30:00-08:00,40,69,6.1
2025-11-22T08:00:00-08:00,26,86,4.2
2025-11-22T08:30:00-08:00,19,98,3
2025-11-22T09:00:00-08:00,15,106,2.6
2025-11-22T09:30:00-08:00,15,106,3.6
2025-11-22T10:00:00-08:00,17,105,5.7
2025-11-22T10:30:00-08:00,17,104,5.9
2025-11-22T11:00:00-08:00,20,98,5.3
2025-11-22T11:30:00-08:00,21,95,4.4
2025-11-22T12:00:00-08:00,23,93,4.9
2025-11-22T12:30:00-08:00,24,91,5.1
2025-11-22T13:00:00-08:00,25,89,5.7
2025-11-22T13:30:00-08:00,25,89,5.3
2025-11-22T14:00:00-08:00,26,88,5.1
2025-11-22T14:30:00-08:00,27,85,5.4
2025-11-22T15:00:00-08:00,27,84,5.2
2025-11-22T15:30:00-08:00,27,84,4.7
2025-11-22T16:00:00-08:00,26,84,6.1
2025-11-22T16:30:00-08:00,28,84,10.4
2025-11-22T17:00:00-08:00,31,81,6.6
2025-11-22T17:30:00-08:00,33,79,6.7
2025-11-22T18:00:00-08:00,35,78,9.9
2025-11-22T18:30:00-08:00,34,78,12.2
2025-11-22T19:00:00-08:00,34,78,18.4
2025-11-22T19:30:00-08:00,35,77,20.6
2025-11-22T20:00:00-08:00,36,75,17.1
2025-11-22T20:30:00-08:00,36,75,17.5
2025-11-22T21:00:00-08:00,36,74,21
2025-11-22T21:30:00-08:00,38,73,16.5
2025-11-22T22:00:00-08:00,40,73,14.3
2025-11-22T22:30:00-08:00,40,72,17.3
2025-11-22T23:00:00-08:00,38,72,16.5
2025-11-22T23:30:00-08:00,38,71,21
2025-11-23T00:00:00-08:00,38,70,21.9
2025-11-23T00:30:00-08:00,37,70,19.2
2025-11-23T01:00:00-08:00,37,69,18.4
2025-11-23T01:30:00-08:00,37,69,19.5
2025-11-23T02:00:00-08:00,39,68,17.8
2025-11-23T02:30:00-08:00,40,68,15.6
2025-11-23T03:00:00-08:00,39,68,14.3
2025-11-23T03:30:00-08:00,40,70,13.4
2025-11-23T04:00:00-08:00,40,71,15
2025-11-23T04:30:00-08:00,41,71,18.4
2025-11-23T05:00:00-08:00,44,71,22.7
2025-11-23T05:30:00-08:00,43,72,24.7
2025-11-23T06:00:00-08:00,43,72,25.4
2025-11-23T06:30:00-08:00,43,72,24.7
2025-11-23T07:00:00-08:00,41,74,21.7
2025-11-23T07:30:00-08:00,41,74,21.6
2025-11-23T08:00:00-08:00,42,72,22.5
2025-11-23T08:30:00-08:00,41,73,23.2
2025-11-23T09:00:00-08:00,39,76,24.1
2025-11-23T09:30:00-08:00,37,77,24.3
2025-11-23T10:00:00-08:00,36,78,24.8
2025-11-23T10:30:00-08:00,33,81,24.1
2025-11-23T11:00:00-08:00,31,84,25.1
2025-11-23T11:30:00-08:00,30,86,25.3
2025-11-23T12:00:00-08:00,30,86,24.5
2025-11-23T12:30:00-08:00,30,86,24.9
2025-11-23T13:00:00-08:00,30,86,25.3
2025-11-23T13:30:00-08:00,31,85,20
2025-11-23T14:00:00-08:00,31,85,16.9
2025-11-23T14:30:00-08:00,31,85,15.4
2025-11-23T15:00:00-08:00,31,84,17.9
2025-11-23T15:30:00-08:00,33,82,18.8
2025-11-23T16:00:00-08:00,34,81,17.7
2025-11-23T16:30:00-08:00,35,80,19.3
2025-11-23T17:00:00-08:00,37,79,19.4
2025-11-23T17:30:00-08:00,37,78,18.5
2025-11-23T18:00:00-08:00,37,78,15.5
2025-11-23T18:30:00-08:00,38,77,15.8
2025-11-23T19:00:00-08:00,39,76,15.4
2025-11-23T19:30:00-08:00,40,75,14.4
2025-11-23T20:00:00-08:00,43,73,8.7
2025-11-23T20:30:00-08:00,44,73,6.9
2025-11-23T21:00:00-08:00,43,73,5.9
2025-11-23T21:30:00-08:00,44,72,5.9
2025-11-23T22:00:00-08:00,43,73,6.2
2025-11-23T22:30:00-08:00,42,73,4.8
2025-11-23T23:00:00-08:00,42,73,6.1
2025-11-23T23:30:00-08:00,42,73,6.1
2025-11-24T00:00:00-08:00,42,73,5.3
2025-11-24T00:30:00-08:00,43,72,6.1
2025-11-24T01:00:00-08:00,44,71,7.4
2025-11-24T01:30:00-08:00,42,73,6.2
2025-11-24T02:00:00-08:00,43,73,9.5
2025-11-24T02:30:00-08:00,43,72,8.3
2025-11-24T03:00:00-08:00,42,72,7.2
2025-11-24T03:30:00-08:00,41,73,6.8
2025-11-24T04:00:00-08:00,42,73,6.4
2025-11-24T04:30:00-08:00,42,73,6.4
2025-11-24T05:00:00-08:00,42,73,7.3
2025-11-24T05:30:00-08:00,40,74,8.4
2025-11-24T06:00:00-08:00,40,74,9.3
2025-11-24T06:30:00-08:00,42,70,5.7
2025-11-24T07:00:00-08:00,45,68,4.8
2025-11-24T07:30:00-08:00,44,69,5.6
2025-11-24T08:00:00-08:00,44,69,8
2025-11-24T08:30:00-08:00,40,73,8.6
2025-11-24T09:00:00-08:00,31,81,5.3
2025-11-24T09:30:00-08:00,27,87,5.2
2025-11-24T10:00:00-08:00,25,88,7.8
2025-11-24T10:30:00-08:00,24,91,9.1
2025-11-24T11:00:00-08:00,23,93,8.5
2025-11-24T11:30:00-08:00,24,92,8.4
2025-11-24T12:00:00-08:00,25,90,10.1
2025-11-24T12:30:00-08:00,26,89,12.8
2025-11-24T13:00:00-08:00,28,88,16
2025-11-24T13:30:00-08:00,29,87,21.6
2025-11-24T14:00:00-08:00,32,84,27.3
2025-11-24T14:30:00-08:00,32,84,28
2025-11-24T15:00:00-08:00,32,84,27.5
2025-11-24T15:30:00-08:00,33,83,28.2
2025-11-24T16:00:00-08:00,34,81,28.7
2025-11-24T16:30:00-08:00,35,80,29.1
2025-11-24T17:00:00-08:00,35,80,28.8
2025-11-24T17:30:00-08:00,36,79,29.7
2025-11-24T18:00:00-08:00,38,78,30.9
2025-11-24T18:30:00-08:00,38,77,32
2025-11-24T19:00:00-08:00,38,76,31.1
2025-11-24T19:30:00-08:00,38,75,30.7
2025-11-24T20:00:00-08:00,40,73,34.4
2025-11-24T20:30:00-08:00,40,73,32.4
2025-11-24T21:00:00-08:00,39,72,26.7
2025-11-24T21:30:00-08:00,38,73,21.8
2025-11-24T22:00:00-08:00,37,72,23.6
2025-11-24T22:30:00-08:00,37,72,20.7
2025-11-24T23:00:00-08:00,37,71,18.2
2025-11-24T23:30:00-08:00,38,71,16.3
2025-11-25T00:00:00-08:00,38,70,15.8
2025-11-25T00:30:00-08:00,37,70,16.3
2025-11-25T01:00:00-08:00,37,69,15.5
2025-11-25T01:30:00-08:00,37,69,17.5
2025-11-25T02:00:00-08:00,38,68,20.7
2025-11-25T02:30:00-08:00,38,68,20.2
2025-11-25T03:00:00-08:00,38,67,18.2
2025-11-25T03:30:00-08:00,40,67,13.2
2025-11-25T04:00:00-08:00,38,67,13
2025-11-25T04:30:00-08:00,38,67,13.7
2025-11-25T05:00:00-08:00,43,66,23.7
2025-11-25T05:30:00-08:00,44,66,29.3
2025-11-25T06:00:00-08:00,47,65,31.6
2025-11-25T06:30:00-08:00,49,65,31.8
2025-11-25T07:00:00-08:00,51,64,31.1
2025-11-25T07:30:00-08:00,51,64,30.9
2025-11-25T08:00:00-08:00,49,65,30.6
2025-11-25T08:30:00-08:00,46,68,30.5
2025-11-25T09:00:00-08:00,37,76,26.9
2025-11-25T09:30:00-08:00,34,79,30
2025-11-25T10:00:00-08:00,36,78,30.7
2025-11-25T10:30:00-08:00,34,79,27.4
2025-11-25T11:00:00-08:00,30,85,26.2
2025-11-25T11:30:00-08:00,27,87,28.9
2025-11-25T12:00:00-08:00,28,87,28.1
2025-11-25T12:30:00-08:00,27,87,26.6
2025-11-25T13:00:00-08:00,28,87,27.2
2025-11-25T13:30:00-08:00,28,85,24.8
2025-11-25T14:00:00-08:00,32,80,20.7
2025-11-25T14:30:00-08:00,34,77,20.4
2025-11-25T15:00:00-08:00,36,76,21.3
2025-11-25T15:30:00-08:00,35,77,21.5
2025-11-25T16:00:00-08:00,34,80,26.6
2025-11-25T16:30:00-08:00,34,80,30.2
2025-11-25T17:00:00-08:00,36,77,27.5
2025-11-25T17:30:00-08:00,37,73,26.1
2025-11-25T18:00:00-08:00,40,71,30
2025-11-25T18:30:00-08:00,42,70,31.3
2025-11-25T19:00:00-08:00,44,68,32.5
2025-11-25T19:30:00-08:00,47,66,34.2
2025-11-25T20:00:00-08:00,47,66,35
2025-11-25T20:30:00-08:00,47,66,34.2
2025-11-25T21:00:00-08:00,48,65,35.3
2025-11-25T21:30:00-08:00,46,66,35.6
2025-11-25T22:00:00-08:00,46,66,35
2025-11-25T22:30:00-08:00,46,66,34.5
2025-11-25T23:00:00-08:00,44,67,32.9
2025-11-25T23:30:00-08:00,45,66,33.8
2025-11-26T00:00:00-08:00,47,65,34.6
2025-11-26T00:30:00-08:00,43,68,32.4
2025-11-26T01:00:00-08:00,40,69,30.7
2025-11-26T01:30:00-08:00,44,66,33
2025-11-26T02:00:00-08:00,47,64,33.1
2025-11-26T02:30:00-08:00,47,64,32.5
2025-11-26T03:00:00-08:00,47,63,32.3
2025-11-26T03:30:00-08:00,47,63,30.5
2025-11-26T04:00:00-08:00,48,62,30.6
2025-11-26T04:30:00-08:00,49,62,31
2025-11-26T05:00:00-08:00,49,61,30.5
2025-11-26T05:30:00-08:00,49,61,30.2
2025-11-26T06:00:00-08:00,49,62,29.7
2025-11-26T06:30:00-08:00,48,62,27.6
2025-11-26T07:00:00-08:00,47,63,26.9
2025-11-26T07:30:00-08:00,48,63,27.5
2025-11-26T08:00:00-08:00,41,68,26.1
2025-11-26T08:30:00-08:00,35,74,23.9
2025-11-26T09:00:00-08:00,29,81,21.8
2025-11-26T09:30:00-08:00,26,85,20.7
2025-11-26T10:00:00-08:00,25,87,21.4
2025-11-26T10:30:00-08:00,20,98,25.3
2025-11-26T11:00:00-08:00,19,98,26.3
2025-11-26T11:30:00-08:00,21,95,28.4
2025-11-26T12:00:00-08:00,23,91,26.3
2025-11-26T12:30:00-08:00,28,83,22.6
2025-11-26T13:00:00-08:00,26,86,24.4
2025-11-26T13:30:00-08:00,28,82,19.9
2025-11-26T14:00:00-08:00,31,78,20.7
2025-11-26T14:30:00-08:00,33,77,21.3
2025-11-26T15:00:00-08:00,35,75,21.6
2025-11-26T15:30:00-08:00,37,73,22.5
2025-11-26T16:00:00-08:00,38,72,23
2025-11-26T16:30:00-08:00,39,71,23.9
2025-11-26T17:00:00-08:00,38,71,22.4
2025-11-26T17:30:00-08:00,36,71,20.5
2025-11-26T18:00:00-08:00,37,71,20.7
2025-11-26T18:30:00-08:00,41,67,24.6
2025-11-26T19:00:00-08:00,43,67,27.5
2025-11-26T19:30:00-08:00,44,66,30.1
2025-11-26T20:00:00-08:00,45,66,30.6
2025-11-26T20:30:00-08:00,46,65,31
2025-11-26T21:00:00-08:00,47,64,31.4
2025-11-26T21:30:00-08:00,47,64,32.7
2025-11-26T22:00:00-08:00,47,64,33.4
2025-11-26T22:30:00-08:00,47,64,34.1
2025-11-26T23:00:00-08:00,48,64,34.8
2025-11-26T23:30:00-08:00,47,64,34.4
2025-11-27T00:00:00-08:00,46,64,33.8
2025-11-27T00:30:00-08:00,47,64,34.4
2025-11-27T01:00:00-08:00,44,66,32.1
2025-11-27T01:30:00-08:00,49,62,34
2025-11-27T02:00:00-08:00,53,60,36.1
2025-11-27T02:30:00-08:00,53,60,35.9
2025-11-27T03:00:00-08:00,53,59,36.1
2025-11-27T03:30:00-08:00,50,62,33.9
2025-11-27T04:00:00-08:00,49,61,33.3
2025-11-27T04:30:00-08:00,53,59,33.6
2025-11-27T05:00:00-08:00,54,59,33.9
2025-11-27T05:30:00-08:00,52,60,33.4
2025-11-27T06:00:00-08:00,51,60,34.1
2025-11-27T06:30:00-08:00,53,59,34.6
2025-11-27T07:00:00-08:00,57,57,34.4
2025-11-27T07:30:00-08:00,52,60,32.7
2025-11-27T08:00:00-08:00,46,65,30.9
2025-11-27T08:30:00-08:00,42,67,30.3
2025-11-27T09:00:00-08:00,37,73,29.5
2025-11-27T09:30:00-08:00,27,82,26
2025-11-27T10:00:00-08:00,29,80,28
2025-11-27T10:30:00-08:00,31,78,28.6
2025-11-27T11:00:00-08:00,33,76,30.2
2025-11-27T11:30:00-08:00,35,75,29.4
2025-11-27T12:00:00-08:00,34,75,28.7
2025-11-27T12:30:00-08:00,36,74,28.9
2025-11-27T13:00:00-08:00,36,74,28.3
2025-11-27T13:30:00-08:00,36,75,27.1
2025-11-27T14:00:00-08:00,36,74,27.2
2025-11-27T14:30:00-08:00,36,75,26.8
2025-11-27T15:00:00-08:00,35,76,41
2025-11-27T15:30:00-08:00,36,75,32.1
2025-11-27T16:00:00-08:00,39,72,29.6
2025-11-27T16:30:00-08:00,38,73,29.8
2025-11-27T17:00:00-08:00,35,75,29.1
2025-11-27T17:30:00-08:00,36,74,30.1
2025-11-27T18:00:00-08:00,38,73,31
2025-11-27T18:30:00-08:00,38,72,30
2025-11-27T19:00:00-08:00,37,72,31.8
2025-11-27T19:30:00-08:00,44,67,34.7
2025-11-27T20:00:00-08:00,49,63,36.9
2025-11-27T20:30:00-08:00,51,63,37.1
2025-11-27T21:00:00-08:00,51,62,35.9
2025-11-27T21:30:00-08:00,52,62,36
2025-11-27T22:00:00-08:00,54,61,38.1
2025-11-27T22:30:00-08:00,54,61,37.8
2025-11-27T23:00:00-08:00,51,62,34.7
2025-11-27T23:30:00-08:00,52,61,36.2
2025-11-28T00:00:00-08:00,50,63,37.9
2025-11-28T00:30:00-08:00,47,64,35.5
2025-11-28T01:00:00-08:00,48,63,36.1
2025-11-28T01:30:00-08:00,51,61,36.1
2025-11-28T02:00:00-08:00,51,62,33.6
2025-11-28T02:30:00-08:00,49,63,31.7
2025-11-28T03:00:00-08:00,46,64,29.9
2025-11-28T03:30:00-08:00,46,64,29.6
2025-11-28T04:00:00-08:00,45,64,29.7
2025-11-28T04:30:00-08:00,44,65,29.7
2025-11-28T05:00:00-08:00,45,65,31.1
2025-11-28T05:30:00-08:00,47,64,32.8
2025-11-28T06:00:00-08:00,48,63,34.2
2025-11-28T06:30:00-08:00,47,63,33.7
2025-11-28T07:00:00-08:00,46,64,33
2025-11-28T07:30:00-08:00,42,67,33.4
2025-11-28T08:00:00-08:00,33,76,30.3
2025-11-28T08:30:00-08:00,24,89,28
2025-11-28T09:00:00-08:00,20,96,27.5
2025-11-28T09:30:00-08:00,19,97,27.4
2025-11-28T10:00:00-08:00,18,98,28.5
2025-11-28T10:30:00-08:00,20,95,30.9
2025-11-28T11:00:00-08:00,23,88,29.6
2025-11-28T11:30:00-08:00,24,88,28.9
2025-11-28T12:00:00-08:00,26,87,33
2025-11-28T12:30:00-08:00,27,85,34.1
2025-11-28T13:00:00-08:00,29,84,34
2025-11-28T13:30:00-08:00,29,83,32.3
2025-11-28T14:00:00-08:00,30,82,31.5
2025-11-28T14:30:00-08:00,31,81,35.6
2025-11-28T15:00:00-08:00,34,79,37.3
2025-11-28T15:30:00-08:00,36,76,37.2
2025-11-28T16:00:00-08:00,37,76,34.7
2025-11-28T16:30:00-08:00,37,76,34
2025-11-28T17:00:00-08:00,37,75,32.2
2025-11-28T17:30:00-08:00,37,75,31.7
2025-11-28T18:00:00-08:00,38,73,37.7
2025-11-28T18:30:00-08:00,39,71,37
2025-11-28T19:00:00-08:00,41,69,37.5
2025-11-28T19:30:00-08:00,47,64,39.8
2025-11-28T20:00:00-08:00,52,62,37.9
2025-11-28T20:30:00-08:00,53,61,35.3
2025-11-28T21:00:00-08:00,54,61,34.5
2025-11-28T21:30:00-08:00,54,61,35.2
2025-11-28T22:00:00-08:00,52,62,32.7
2025-11-28T22:30:00-08:00,52,62,31.9
2025-11-28T23:00:00-08:00,51,63,31.9
2025-11-28T23:30:00-08:00,53,61,29.3
2025-11-29T00:00:00-08:00,53,61,27.5
2025-11-29T00:30:00-08:00,53,61,27.7
2025-11-29T01:00:00-08:00,53,60,29.4
2025-11-29T01:30:00-08:00,53,60,29.8
2025-11-29T02:00:00-08:00,51,61,29.6
2025-11-29T02:30:00-08:00,51,61,26.5
2025-11-29T03:00:00-08:00,51,60,25.3
2025-11-29T03:30:00-08:00,49,62,24.6
2025-11-29T04:00:00-08:00,47,64,23.8
2025-11-29T04:30:00-08:00,44,65,22.1
2025-11-29T05:00:00-08:00,45,64,25.4
2025-11-29T05:30:00-08:00,45,64,27.9
2025-11-29T06:00:00-08:00,48,62,30.8
2025-11-29T06:30:00-08:00,48,62,29.8
2025-11-29T07:00:00-08:00,50,61,31.3
2025-11-29T07:30:00-08:00,48,62,28.8
2025-11-29T08:00:00-08:00,45,65,27.1
2025-11-29T08:30:00-08:00,40,70,29.7
2025-11-29T09:00:00-08:00,38,71,28.6
2025-11-29T09:30:00-08:00,34,74,27.1
2025-11-29T10:00:00-08:00,31,79,26.6
2025-11-29T10:30:00-08:00,32,76,29.4
2025-11-29T11:00:00-08:00,30,79,30
2025-11-29T11:30:00-08:00,33,75,30.4
2025-11-29T12:00:00-08:00,36,72,28.8
2025-11-29T12:30:00-08:00,36,72,25.7
2025-11-29T13:00:00-08:00,36,73,24.8
2025-11-29T13:30:00-08:00,35,74,24.2
2025-11-29T14:00:00-08:00,36,73,23.4
2025-11-29T14:30:00-08:00,37,73,23.5
2025-11-29T15:00:00-08:00,36,74,25.3
2025-11-29T15:30:00-08:00,37,72,25.6
2025-11-29T16:00:00-08:00,38,72,27.1
2025-11-29T16:30:00-08:00,36,74,27
2025-11-29T17:00:00-08:00,37,73,28.1
2025-11-29T17:30:00-08:00,37,72,28.8
2025-11-29T18:00:00-08:00,39,70,30.3
2025-11-29T18:30:00-08:00,45,65,32.3
2025-11-29T19:00:00-08:00,49,63,37.4
2025-11-29T19:30:00-08:00,50,62,36.3
2025-11-29T20:00:00-08:00,50,62,35.5
2025-11-29T20:30:00-08:00,51,61,36.6
2025-11-29T21:00:00-08:00,54,60,37
2025-11-29T21:30:00-08:00,51,62,37
2025-11-29T22:00:00-08:00,49,63,36.5
2025-11-29T22:30:00-08:00,44,65,33.7
2025-11-29T23:00:00-08:00,47,63,33.8
2025-11-29T23:30:00-08:00,48,63,35.8
2025-11-30T00:00:00-08:00,50,61,36.8
2025-11-30T00:30:00-08:00,50,61,33
2025-11-30T01:00:00-08:00,49,62,30.5
2025-11-30T01:30:00-08:00,49,62,29.1
2025-11-30T02:00:00-08:00,50,62,23
2025-11-30T02:30:00-08:00,50,61,23.2
2025-11-30T03:00:00-08:00,48,63,22.6
2025-11-30T03:30:00-08:00,46,64,22.1
2025-11-30T04:00:00-08:00,48,63,25.5
2025-11-30T04:30:00-08:00,48,62,23.4
2025-11-30T05:00:00-08:00,45,64,20.1
2025-11-30T05:30:00-08:00,43,66,21.3
2025-11-30T06:00:00-08:00,44,65,17
2025-11-30T06:30:00-08:00,46,63,17.5
2025-11-30T07:00:00-08:00,45,64,18
2025-11-30T07:30:00-08:00,44,65,17.1
2025-11-30T08:00:00-08:00,45,64,19.3
2025-11-30T08:30:00-08:00,47,63,19
2025-11-30T09:00:00-08:00,45,65,19.8
2025-11-30T09:30:00-08:00,43,66,20.2
2025-11-30T10:00:00-08:00,43,67,17.7
2025-11-30T10:30:00-08:00,39,71,22
2025-11-30T11:00:00-08:00,36,74,23.3
2025-11-30T11:30:00-08:00,33,78,21.6
2025-11-30T12:00:00-08:00,32,79,26.4
2025-11-30T12:30:00-08:00,31,80,26.1
2025-11-30T13:00:00-08:00,29,81,23
2025-11-30T13:30:00-08:00,30,79,16.1
2025-11-30T14:00:00-08:00,35,73,14.9
2025-11-30T14:30:00-08:00,35,74,17.3
2025-11-30T15:00:00-08:00,38,71,21.1
2025-11-30T15:30:00-08:00,40,69,25.1
2025-11-30T16:00:00-08:00,40,69,28.1
2025-11-30T16:30:00-08:00,40,69,33.2
2025-11-30T17:00:00-08:00,42,67,26.8
2025-11-30T17:30:00-08:00,45,65,27.3
2025-11-30T18:00:00-08:00,47,63,31.1
2025-11-30T18:30:00-08:00,47,63,32
2025-11-30T19:00:00-08:00,45,65,32.9
2025-11-30T19:30:00-08:00,44,65,34.6
2025-11-30T20:00:00-08:00,42,66,34.2
2025-11-30T20:30:00-08:00,41,66,33.6
2025-11-30T21:00:00-08:00,41,66,32.3
2025-11-30T21:30:00-08:00,40,66,30.5
2025-11-30T22:00:00-08:00,38,67,28.8
2025-11-30T22:30:00-08:00,37,66,29.1
2025-11-30T23:00:00-08:00,39,65,29.6
2025-11-30T23:30:00-08:00,46,62,29.1
2025-12-01T00:00:00-08:00,46,62,27.8
2025-12-01T00:30:00-08:00,47,61,27.9
2025-12-01T01:00:00-08:00,44,62,25
2025-12-01T01:30:00-08:00,47,60,27.9
2025-12-01T02:00:00-08:00,50,59,30.8
2025-12-01T02:30:00-08:00,49,60,29.8
2025-12-01T03:00:00-08:00,50,60,28.3
2025-12-01T03:30:00-08:00,49,61,27.5
2025-12-01T04:00:00-08:00,46,62,25.8
2025-12-01T04:30:00-08:00,47,62,24.2
2025-12-01T05:00:00-08:00,48,61,25
2025-12-01T05:30:00-08:00,47,62,26
2025-12-01T06:00:00-08:00,47,62,25.3
2025-12-01T06:30:00-08:00,45,63,24.5
2025-12-01T07:00:00-08:00,44,64,22.5
2025-12-01T07:30:00-08:00,44,64,19.5
2025-12-01T08:00:00-08:00,44,65,25.2
2025-12-01T08:30:00-08:00,39,69,25.3
2025-12-01T09:00:00-08:00,40,67,25.6
2025-12-01T09:30:00-08:00,41,67,25.7
2025-12-01T10:00:00-08:00,39,68,25.2
2025-12-01T10:30:00-08:00,36,71,24.1
2025-12-01T11:00:00-08:00,32,76,21.7
2025-12-01T11:30:00-08:00,34,73,21.4
2025-12-01T12:00:00-08:00,32,76,22.7
2025-12-01T12:30:00-08:00,30,79,24.1
2025-12-01T13:00:00-08:00,35,72,21.4
2025-12-01T13:30:00-08:00,37,70,22.5
2025-12-01T14:00:00-08:00,36,71,23.8
2025-12-01T14:30:00-08:00,38,70,24.4
2025-12-01T15:00:00-08:00,39,70,26.2
2025-12-01T15:30:00-08:00,41,68,26.6
2025-12-01T16:00:00-08:00,43,66,27.9
2025-12-01T16:30:00-08:00,43,66,27.7
2025-12-01T17:00:00-08:00,44,65,28.4
2025-12-01T17:30:00-08:00,45,65,30.6
2025-12-01T18:00:00-08:00,45,65,31.1
2025-12-01T18:30:00-08:00,45,64,31.9
2025-12-01T19:00:00-08:00,46,63,32.3
2025-12-01T19:30:00-08:00,46,63,32.2
2025-12-01T20:00:00-08:00,46,64,31.9
2025-12-01T20:30:00-08:00,43,65,31.2
2025-12-01T21:00:00-08:00,44,64,31.2
2025-12-01T21:30:00-08:00,47,62,32
2025-12-01T22:00:00-08:00,47,62,30.7
2025-12-01T22:30:00-08:00,44,64,30.1
2025-12-01T23:00:00-08:00,43,65,28.8
2025-12-01T23:30:00-08:00,41,66,27.4
2025-12-02T00:00:00-08:00,40,67,26.6
2025-12-02T00:30:00-08:00,41,66,28.7
2025-12-02T01:00:00-08:00,41,66,28.7
2025-12-02T01:30:00-08:00,42,65,29.7
2025-12-02T02:00:00-08:00,40,66,28.8
2025-12-02T02:30:00-08:00,39,67,28.3
2025-12-02T03:00:00-08:00,38,67,27.3
2025-12-02T03:30:00-08:00,39,67,27.5
2025-12-02T04:00:00-08:00,40,66,27.1
2025-12-02T04:30:00-08:00,41,66,28.5
2025-12-02T05:00:00-08:00,43,65,32.6
2025-12-02T05:30:00-08:00,46,63,31.2
2025-12-02T06:00:00-08:00,47,64,30
2025-12-02T06:30:00-08:00,42,66,27
2025-12-02T07:00:00-08:00,39,67,26
2025-12-02T07:30:00-08:00,37,70,25.8
2025-12-02T08:00:00-08:00,27,83,26.5
2025-12-02T08:30:00-08:00,20,94,24.7
2025-12-02T09:00:00-08:00,16,103,23
2025-12-02T09:30:00-08:00,14,108,21.8
2025-12-02T10:00:00-08:00,13,109,21.4
2025-12-02T10:30:00-08:00,14,107,22.2
2025-12-02T11:00:00-08:00,17,101,25.7
2025-12-02T11:30:00-08:00,20,94,26.8
2025-12-02T12:00:00-08:00,22,91,27.5
2025-12-02T12:30:00-08:00,22,91,26.6
2025-12-02T13:00:00-08:00,24,90,25.6
2025-12-02T13:30:00-08:00,25,88,24
2025-12-02T14:00:00-08:00,25,87,21.7
2025-12-02T14:30:00-08:00,23,88,14.1
2025-12-02T15:00:00-08:00,23,88,14.7
2025-12-02T15:30:00-08:00,23,87,13
2025-12-02T16:00:00-08:00,25,86,18.6
2025-12-02T16:30:00-08:00,27,83,22
2025-12-02T17:00:00-08:00,30,80,24.8
2025-12-02T17:30:00-08:00,30,79,26
2025-12-02T18:00:00-08:00,32,78,20
2025-12-02T18:30:00-08:00,37,76,10.4
2025-12-02T19:00:00-08:00,38,75,10.3
2025-12-02T19:30:00-08:00,41,73,7.2
2025-12-02T20:00:00-08:00,41,73,24.9
2025-12-02T20:30:00-08:00,42,72,8.4
2025-12-02T21:00:00-08:00,42,72,11.1
2025-12-02T21:30:00-08:00,38,73,15.4
2025-12-02T22:00:00-08:00,39,72,19.2
2025-12-02T22:30:00-08:00,40,69,23.7
2025-12-02T23:00:00-08:00,42,67,26.5
2025-12-02T23:30:00-08:00,50,63,40.9
2025-12-03T00:00:00-08:00,55,60,40.5
2025-12-03T00:30:00-08:00,55,60,34.8
2025-12-03T01:00:00-08:00,54,59,30.6
2025-12-03T01:30:00-08:00,53,59,26
2025-12-03T02:00:00-08:00,48,62,24.4
2025-12-03T02:30:00-08:00,45,63,25.5
2025-12-03T03:00:00-08:00,43,64,26.1
2025-12-03T03:30:00-08:00,39,67,22.5
2025-12-03T04:00:00-08:00,36,68,20.5
2025-12-03T04:30:00-08:00,37,66,20.6
2025-12-03T05:00:00-08:00,37,66,20.2
2025-12-03T05:30:00-08:00,38,65,21.6
2025-12-03T06:00:00-08:00,38,64,21.5
2025-12-03T06:30:00-08:00,38,64,21.4
2025-12-03T07:00:00-08:00,39,64,21.7
2025-12-03T07:30:00-08:00,38,66,22
2025-12-03T08:00:00-08:00,31,76,20.3
2025-12-03T08:30:00-08:00,24,86,16.6
2025-12-03T09:00:00-08:00,19,93,10.2
2025-12-03T09:30:00-08:00,17,90,2.5
2025-12-03T10:00:00-08:00,16,90,0.7
2025-12-03T10:30:00-08:00,18,85,0.6
2025-12-03T11:00:00-08:00,17,88,1.2
2025-12-03T11:30:00-08:00,18,85,0.9
2025-12-03T12:00:00-08:00,20,80,0.2
2025-12-03T12:30:00-08:00,19,81,0.2
2025-12-03T13:00:00-08:00,19,82,0.7
2025-12-03T13:30:00-08:00,20,85,1.9
2025-12-03T14:00:00-08:00,19,84,1.7
2025-12-03T14:30:00-08:00,20,81,1.5
2025-12-03T15:00:00-08:00,20,81,1.2
2025-12-03T15:30:00-08:00,19,81,4.9
2025-12-03T16:00:00-08:00,21,80,4.4
2025-12-03T16:30:00-08:00,23,79,2.1
2025-12-03T17:00:00-08:00,24,76,1.6
2025-12-03T17:30:00-08:00,25,75,0.4
2025-12-03T18:00:00-08:00,26,73,0.7
2025-12-03T18:30:00-08:00,28,72,1.2
2025-12-03T19:00:00-08:00,29,70,1.2
2025-12-03T19:30:00-08:00,29,70,14.7
2025-12-03T20:00:00-08:00,30,70,5.5
2025-12-03T20:30:00-08:00,32,68,2.5
2025-12-03T21:00:00-08:00,33,67,9.6
2025-12-03T21:30:00-08:00,33,66,5.1
2025-12-03T22:00:00-08:00,34,66,5
2025-12-03T22:30:00-08:00,35,65,5.7
2025-12-03T23:00:00-08:00,36,64,9.3
2025-12-03T23:30:00-08:00,35,65,8.3
2025-12-04T00:00:00-08:00,36,64,7.9
2025-12-04T00:30:00-08:00,36,63,8.4
2025-12-04T01:00:00-08:00,37,63,8.3
2025-12-04T01:30:00-08:00,38,62,5.7
2025-12-04T02:00:00-08:00,38,61,4.6
2025-12-04T02:30:00-08:00,40,60,4.5
2025-12-04T03:00:00-08:00,39,60,4.5
2025-12-04T03:30:00-08:00,40,60,4.4
2025-12-04T04:00:00-08:00,40,60,4.5
2025-12-04T04:30:00-08:00,39,60,4.8
2025-12-04T05:00:00-08:00,40,59,5.5
2025-12-04T05:30:00-08:00,41,59,5.8
2025-12-04T06:00:00-08:00,39,59,5
2025-12-04T06:30:00-08:00,40,59,5.7
2025-12-04T07:00:00-08:00,42,59,11.1
2025-12-04T07:30:00-08:00,45,59,21
2025-12-04T08:00:00-08:00,43,63,28
2025-12-04T08:30:00-08:00,35,70,29
2025-12-04T09:00:00-08:00,30,75,29
2025-12-04T09:30:00-08:00,33,71,31
2025-12-04T10:00:00-08:00,32,74,30.7
2025-12-04T10:30:00-08:00,33,72,31.8
2025-12-04T11:00:00-08:00,35,70,32.5
2025-12-04T11:30:00-08:00,34,71,32.4
2025-12-04T12:00:00-08:00,36,69,31.8
2025-12-04T12:30:00-08:00,33,72,30.4
2025-12-04T13:00:00-08:00,32,73,29.7
2025-12-04T13:30:00-08:00,34,71,30.8
2025-12-04T14:00:00-08:00,35,70,31
2025-12-04T14:30:00-08:00,35,70,30.5
2025-12-04T15:00:00-08:00,33,72,28.4
2025-12-04T15:30:00-08:00,32,73,28.9
2025-12-04T16:00:00-08:00,36,69,30.1
2025-12-04T16:30:00-08:00,37,68,29.8
2025-12-04T17:00:00-08:00,38,66,30.1
2025-12-04T17:30:00-08:00,39,65,30.2
2025-12-04T18:00:00-08:00,40,64,31.7
2025-12-04T18:30:00-08:00,39,65,30.6
2025-12-04T19:00:00-08:00,37,67,30.3
2025-12-04T19:30:00-08:00,38,65,31.8
2025-12-04T20:00:00-08:00,39,65,31.6
2025-12-04T20:30:00-08:00,40,64,33.7
2025-12-04T21:00:00-08:00,41,64,34.1
2025-12-04T21:30:00-08:00,36,68,31.1
2025-12-04T22:00:00-08:00,35,68,29.1
2025-12-04T22:30:00-08:00,34,68,26.7
2025-12-04T23:00:00-08:00,34,68,26
2025-12-04T23:30:00-08:00,35,66,26
2025-12-05T00:00:00-08:00,37,65,29.3
2025-12-05T00:30:00-08:00,37,66,28.9
2025-12-05T01:00:00-08:00,36,66,27.5
2025-12-05T01:30:00-08:00,36,66,25.3
2025-12-05T02:00:00-08:00,36,66,25.1
2025-12-05T02:30:00-08:00,36,66,24.2
2025-12-05T03:00:00-08:00,37,65,25.5
2025-12-05T03:30:00-08:00,37,65,25.2
2025-12-05T04:00:00-08:00,37,64,26.2
2025-12-05T04:30:00-08:00,37,64,26.2
2025-12-05T05:00:00-08:00,38,64,26.8
2025-12-05T05:30:00-08:00,36,64,27.3
2025-12-05T06:00:00-08:00,36,64,25.6
2025-12-05T06:30:00-08:00,37,63,22.9
2025-12-05T07:00:00-08:00,37,64,23.2
2025-12-05T07:30:00-08:00,36,67,24.8
2025-12-05T08:00:00-08:00,25,80,25.9
2025-12-05T08:30:00-08:00,23,82,29.1
2025-12-05T09:00:00-08:00,19,90,27.1
2025-12-05T09:30:00-08:00,17,95,26.7
2025-12-05T10:00:00-08:00,16,98,25.6
2025-12-05T10:30:00-08:00,14,101,23.6
2025-12-05T11:00:00-08:00,15,99,23.9
2025-12-05T11:30:00-08:00,16,96,25.2
2025-12-05T12:00:00-08:00,18,93,26.9
2025-12-05T12:30:00-08:00,19,91,28.7
2025-12-05T13:00:00-08:00,22,88,32.1
2025-12-05T13:30:00-08:00,25,85,33.8
2025-12-05T14:00:00-08:00,28,82,34
2025-12-05T14:30:00-08:00,29,81,34.4
2025-12-05T15:00:00-08:00,30,80,35.3
2025-12-05T15:30:00-08:00,30,79,34
2025-12-05T16:00:00-08:00,32,78,33.7
2025-12-05T16:30:00-08:00,31,77,34.6
2025-12-05T17:00:00-08:00,33,76,32.7
2025-12-05T17:30:00-08:00,34,76,32.2
2025-12-05T18:00:00-08:00,35,74,37.8
2025-12-05T18:30:00-08:00,35,73,38.4
2025-12-05T19:00:00-08:00,36,72,34.2
2025-12-05T19:30:00-08:00,35,71,31.3
2025-12-05T20:00:00-08:00,37,69,32
2025-12-05T20:30:00-08:00,37,69,31.5
2025-12-05T21:00:00-08:00,35,70,27.6
2025-12-05T21:30:00-08:00,34,70,28.9
2025-12-05T22:00:00-08:00,35,69,27.7
2025-12-05T22:30:00-08:00,35,69,27.8
2025-12-05T23:00:00-08:00,37,68,28.1
2025-12-05T23:30:00-08:00,37,68,29
2025-12-06T00:00:00-08:00,39,66,31.4
2025-12-06T00:30:00-08:00,39,66,31.4
2025-12-06T01:00:00-08:00,38,67,29.5
2025-12-06T01:30:00-08:00,43,63,32.1
2025-12-06T02:00:00-08:00,47,60,32.9
2025-12-06T02:30:00-08:00,52,58,32.7
2025-12-06T03:00:00-08:00,51,58,29.6
2025-12-06T03:30:00-08:00,54,56,30.1
2025-12-06T04:00:00-08:00,53,57,27.5
2025-12-06T04:30:00-08:00,53,57,29.2
2025-12-06T05:00:00-08:00,53,57,31.7
2025-12-06T05:30:00-08:00,53,57,30.3
2025-12-06T06:00:00-08:00,53,57,30.2
2025-12-06T06:30:00-08:00,52,58,29.9
2025-12-06T07:00:00-08:00,51,58,29.1
2025-12-06T07:30:00-08:00,54,56,32
2025-12-06T08:00:00-08:00,52,58,32.6
2025-12-06T08:30:00-08:00,47,62,29.9
2025-12-06T09:00:00-08:00,45,63,31
2025-12-06T09:30:00-08:00,48,61,34.2
2025-12-06T10:00:00-08:00,42,67,33.7
2025-12-06T10:30:00-08:00,34,72,31.7
2025-12-06T11:00:00-08:00,34,72,31.5
2025-12-06T11:30:00-08:00,34,73,33.1
2025-12-06T12:00:00-08:00,29,79,30.7
2025-12-06T12:30:00-08:00,27,82,29.6
2025-12-06T13:00:00-08:00,28,82,29.8
2025-12-06T13:30:00-08:00,29,80,30.2
2025-12-06T14:00:00-08:00,30,79,30.8
2025-12-06T14:30:00-08:00,31,78,30.9
2025-12-06T15:00:00-08:00,31,79,31.3
2025-12-06T15:30:00-08:00,31,79,33.8
2025-12-06T16:00:00-08:00,33,77,31.9
2025-12-06T16:30:00-08:00,35,75,31.4
2025-12-06T17:00:00-08:00,35,74,30.1
2025-12-06T17:30:00-08:00,36,73,32
2025-12-06T18:00:00-08:00,36,71,30.3
2025-12-06T18:30:00-08:00,37,70,31
2025-12-06T19:00:00-08:00,38,69,33.2
2025-12-06T19:30:00-08:00,40,68,32.5
2025-12-06T20:00:00-08:00,43,65,33.8
2025-12-06T20:30:00-08:00,45,64,35.6
2025-12-06T21:00:00-08:00,47,62,34.6
2025-12-06T21:30:00-08:00,49,61,35.9
2025-12-06T22:00:00-08:00,52,59,36.5
2025-12-06T22:30:00-08:00,53,59,39.7
2025-12-06T23:00:00-08:00,52,59,36.2
2025-12-06T23:30:00-08:00,52,59,30.9
2025-12-07T00:00:00-08:00,53,59,26.6
2025-12-07T00:30:00-08:00,53,58,23.6
2025-12-07T01:00:00-08:00,53,59,25.5
2025-12-07T01:30:00-08:00,52,59,22.8
2025-12-07T02:00:00-08:00,51,60,22.7
2025-12-07T02:30:00-08:00,49,61,23.6
2025-12-07T03:00:00-08:00,50,61,23.5
2025-12-07T03:30:00-08:00,50,60,22.6
2025-12-07T04:00:00-08:00,50,60,21.9
2025-12-07T04:30:00-08:00,47,62,22.2
2025-12-07T05:00:00-08:00,48,61,22.2
2025-12-07T05:30:00-08:00,47,61,21.2
2025-12-07T06:00:00-08:00,47,61,20.1
2025-12-07T06:30:00-08:00,46,62,16.7
2025-12-07T07:00:00-08:00,46,62,17.2
2025-12-07T07:30:00-08:00,44,63,17.7
2025-12-07T08:00:00-08:00,42,66,16.1
2025-12-07T08:30:00-08:00,35,72,16.1
2025-12-07T09:00:00-08:00,30,77,16.2
2025-12-07T09:30:00-08:00,24,85,14.9
2025-12-07T10:00:00-08:00,22,88,16.1
2025-12-07T10:30:00-08:00,24,84,16.8
2025-12-07T11:00:00-08:00,29,78,18.7
2025-12-07T11:30:00-08:00,30,77,18.4
2025-12-07T12:00:00-08:00,31,77,20.2
2025-12-07T12:30:00-08:00,30,79,20.2
2025-12-07T13:00:00-08:00,32,77,22.4
2025-12-07T13:30:00-08:00,31,78,22.5
2025-12-07T14:00:00-08:00,30,80,26.7
2025-12-07T14:30:00-08:00,30,80,27.5
2025-12-07T15:00:00-08:00,30,80,25.8
2025-12-07T15:30:00-08:00,30,80,23.6
2025-12-07T16:00:00-08:00,32,78,24.9
2025-12-07T16:30:00-08:00,33,77,26.8
2025-12-07T17:00:00-08:00,33,76,29
2025-12-07T17:30:00-08:00,34,75,32.9
2025-12-07T18:00:00-08:00,35,73,34.5
2025-12-07T18:30:00-08:00,36,72,32.1
2025-12-07T19:00:00-08:00,36,72,26.3
2025-12-07T19:30:00-08:00,36,70,32.3
2025-12-07T20:00:00-08:00,37,70,26.6
2025-12-07T20:30:00-08:00,44,64,26.7
2025-12-07T21:00:00-08:00,49,61,29.5
2025-12-07T21:30:00-08:00,52,59,30.3
2025-12-07T22:00:00-08:00,54,59,29.1
2025-12-07T22:30:00-08:00,54,58,31.6
2025-12-07T23:00:00-08:00,55,58,34.5
2025-12-07T23:30:00-08:00,55,58,34.6
2025-12-08T00:00:00-08:00,53,58,30.4
2025-12-08T00:30:00-08:00,52,59,27.4
2025-12-08T01:00:00-08:00,52,59,26.2
2025-12-08T01:30:00-08:00,53,58,24.3
2025-12-08T02:00:00-08:00,53,58,25
2025-12-08T02:30:00-08:00,53,58,24.3
2025-12-08T03:00:00-08:00,53,58,25.7
2025-12-08T03:30:00-08:00,52,59,25.8
2025-12-08T04:00:00-08:00,52,58,23.6
2025-12-08T04:30:00-08:00,51,59,21.4
2025-12-08T05:00:00-08:00,49,61,24
2025-12-08T05:30:00-08:00,44,63,18.1
2025-12-08T06:00:00-08:00,48,60,19.5
2025-12-08T06:30:00-08:00,52,58,19.4
2025-12-08T07:00:00-08:00,50,59,20
2025-12-08T07:30:00-08:00,49,60,17
2025-12-08T08:00:00-08:00,48,61,16
2025-12-08T08:30:00-08:00,47,61,16.8
2025-12-08T09:00:00-08:00,48,61,15.6
2025-12-08T09:30:00-08:00,38,70,14.6
2025-12-08T10:00:00-08:00,26,83,13.7
2025-12-08T10:30:00-08:00,26,81,14.7
2025-12-08T11:00:00-08:00,29,79,11
2025-12-08T11:30:00-08:00,27,81,13.9
2025-12-08T12:00:00-08:00,28,81,17.1
2025-12-08T12:30:00-08:00,28,81,23.6
2025-12-08T13:00:00-08:00,28,81,29.3
2025-12-08T13:30:00-08:00,28,82,26.7
2025-12-08T14:00:00-08:00,29,81,24.9
2025-12-08T14:30:00-08:00,32,77,16.4
2025-12-08T15:00:00-08:00,32,78,25.3
2025-12-08T15:30:00-08:00,33,77,23.1
2025-12-08T16:00:00-08:00,33,77,24.4
2025-12-08T16:30:00-08:00,33,77,25.2
2025-12-08T17:00:00-08:00,33,77,26.1
2025-12-08T17:30:00-08:00,34,75,24
2025-12-08T18:00:00-08:00,35,74,24.2
2025-12-08T18:30:00-08:00,37,72,25.1
2025-12-08T19:00:00-08:00,41,67,20.6
2025-12-08T19:30:00-08:00,43,65,22.6
2025-12-08T20:00:00-08:00,45,64,25.1
2025-12-08T20:30:00-08:00,42,66,23.7
2025-12-08T21:00:00-08:00,39,68,21.9
2025-12-08T21:30:00-08:00,41,65,22.9
2025-12-08T22:00:00-08:00,46,62,25.8
2025-12-08T22:30:00-08:00,46,61,25.8
2025-12-08T23:00:00-08:00,49,60,28.4
2025-12-08T23:30:00-08:00,51,59,29.2
2025-12-09T00:00:00-08:00,54,58,31.7
2025-12-09T00:30:00-08:00,53,58,30.9
2025-12-09T01:00:00-08:00,52,58,29.3
2025-12-09T01:30:00-08:00,51,59,29
2025-12-09T02:00:00-08:00,50,59,28.3
2025-12-09T02:30:00-08:00,48,61,26.1
2025-12-09T03:00:00-08:00,50,59,28.2
2025-12-09T03:30:00-08:00,53,58,29.1
2025-12-09T04:00:00-08:00,53,57,28.8
2025-12-09T04:30:00-08:00,55,56,28
2025-12-09T05:00:00-08:00,52,58,27.3
2025-12-09T05:30:00-08:00,49,60,27.3
2025-12-09T06:00:00-08:00,45,63,26.2
2025-12-09T06:30:00-08:00,43,66,32.6
2025-12-09T07:00:00-08:00,44,63,25.7
2025-12-09T07:30:00-08:00,46,61,24.6
2025-12-09T08:00:00-08:00,47,61,26.7
2025-12-09T08:30:00-08:00,40,68,25.6
2025-12-09T09:00:00-08:00,32,76,26.1
2025-12-09T09:30:00-08:00,26,82,21.5
2025-12-09T10:00:00-08:00,27,80,20.4
2025-12-09T10:30:00-08:00,26,81,20.5
2025-12-09T11:00:00-08:00,27,82,20.3
2025-12-09T11:30:00-08:00,24,86,20.8
2025-12-09T12:00:00-08:00,26,83,22.3
2025-12-09T12:30:00-08:00,29,80,23.4
2025-12-09T13:00:00-08:00,30,80,22.6
2025-12-09T13:30:00-08:00,29,82,25.5
2025-12-09T14:00:00-08:00,30,81,30.5
2025-12-09T14:30:00-08:00,30,80,30.3
2025-12-09T15:00:00-08:00,31,79,31.7
2025-12-09T15:30:00-08:00,33,78,33.4
2025-12-09T16:00:00-08:00,33,77,32.2
2025-12-09T16:30:00-08:00,35,76,31.8
2025-12-09T17:00:00-08:00,36,75,32.2
2025-12-09T17:30:00-08:00,37,73,31.4
2025-12-09T18:00:00-08:00,37,70,26.6
2025-12-09T18:30:00-08:00,43,65,29.8
2025-12-09T19:00:00-08:00,48,62,34
2025-12-09T19:30:00-08:00,50,60,33.8
2025-12-09T20:00:00-08:00,51,59,34.2
2025-12-09T20:30:00-08:00,51,59,32.3
2025-12-09T21:00:00-08:00,49,61,30.6
2025-12-09T21:30:00-08:00,47,62,28.1
2025-12-09T22:00:00-08:00,47,62,25.1
2025-12-09T22:30:00-08:00,46,62,25.4
2025-12-09T23:00:00-08:00,47,62,24.8
2025-12-09T23:30:00-08:00,47,62,22.8
2025-12-10T00:00:00-08:00,50,60,23
2025-12-10T00:30:00-08:00,50,60,22
2025-12-10T01:00:00-08:00,52,59,26
2025-12-10T01:30:00-08:00,49,61,22
2025-12-10T02:00:00-08:00,41,66,18.4
2025-12-10T02:30:00-08:00,38,66,19
2025-12-10T03:00:00-08:00,38,65,20
2025-12-10T03:30:00-08:00,40,64,19.7
2025-12-10T04:00:00-08:00,42,64,19.1
2025-12-10T04:30:00-08:00,39,65,17.9
2025-12-10T05:00:00-08:00,38,64,17.3
2025-12-10T05:30:00-08:00,37,64,17.1
2025-12-10T06:00:00-08:00,37,64,18.2
2025-12-10T06:30:00-08:00,38,63,19.9
2025-12-10T07:00:00-08:00,38,64,20
2025-12-10T07:30:00-08:00,37,66,20.2
2025-12-10T08:00:00-08:00,31,76,19.9
2025-12-10T08:30:00-08:00,27,81,13.8
2025-12-10T09:00:00-08:00,27,81,13.6
2025-12-10T09:30:00-08:00,25,84,12.9
2025-12-10T10:00:00-08:00,21,93,13.6
2025-12-10T10:30:00-08:00,19,96,14.6
2025-12-10T11:00:00-08:00,18,99,17.1
2025-12-10T11:30:00-08:00,19,96,19.5
2025-12-10T12:00:00-08:00,21,93,20
2025-12-10T12:30:00-08:00,23,90,20.9
2025-12-10T13:00:00-08:00,25,87,21.7
2025-12-10T13:30:00-08:00,26,86,22.3
2025-12-10T14:00:00-08:00,27,85,22
2025-12-10T14:30:00-08:00,27,85,22
2025-12-10T15:00:00-08:00,27,85,21.5
2025-12-10T15:30:00-08:00,28,84,20.5
2025-12-10T16:00:00-08:00,29,83,23.7
2025-12-10T16:30:00-08:00,30,81,24.1
2025-12-10T17:00:00-08:00,31,80,23.1
2025-12-10T17:30:00-08:00,32,78,25.8
2025-12-10T18:00:00-08:00,35,75,30
2025-12-10T18:30:00-08:00,35,74,31.3
2025-12-10T19:00:00-08:00,37,72,30.5
2025-12-10T19:30:00-08:00,36,71,22.2
2025-12-10T20:00:00-08:00,36,71,21.9
2025-12-10T20:30:00-08:00,35,71,22.6
2025-12-10T21:00:00-08:00,36,69,23
2025-12-10T21:30:00-08:00,38,68,22.6
2025-12-10T22:00:00-08:00,39,67,20.9
2025-12-10T22:30:00-08:00,41,65,22.1
2025-12-10T23:00:00-08:00,45,63,23.2
2025-12-10T23:30:00-08:00,48,61,23.8
2025-12-11T00:00:00-08:00,49,61,24.7
2025-12-11T00:30:00-08:00,50,60,22.4
2025-12-11T01:00:00-08:00,50,60,22.3
2025-12-11T01:30:00-08:00,51,60,21.9
2025-12-11T02:00:00-08:00,51,60,21.9
2025-12-11T02:30:00-08:00,52,59,21.6
2025-12-11T03:00:00-08:00,50,61,18.2
2025-12-11T03:30:00-08:00,48,62,17.2
2025-12-11T04:00:00-08:00,41,66,14.3
2025-12-11T04:30:00-08:00,45,62,16.3
2025-12-11T05:00:00-08:00,51,59,18.4
2025-12-11T05:30:00-08:00,51,59,16.6
2025-12-11T06:00:00-08:00,51,59,16.8
2025-12-11T06:30:00-08:00,52,59,16.8
2025-12-11T07:00:00-08:00,51,59,16.2
2025-12-11T07:30:00-08:00,49,60,15.9
2025-12-11T08:00:00-08:00,38,69,13
2025-12-11T08:30:00-08:00,31,75,10.3
2025-12-11T09:00:00-08:00,29,77,9.6
2025-12-11T09:30:00-08:00,28,78,9.3
2025-12-11T10:00:00-08:00,30,76,10.5
2025-12-11T10:30:00-08:00,28,79,12
2025-12-11T11:00:00-08:00,24,86,13.7
2025-12-11T11:30:00-08:00,22,91,18
2025-12-11T12:00:00-08:00,23,89,19.8
2025-12-11T12:30:00-08:00,23,88,14.8
2025-12-11T13:00:00-08:00,27,82,10.5
2025-12-11T13:30:00-08:00,30,79,12.3
2025-12-11T14:00:00-08:00,26,84,14.9
2025-12-11T14:30:00-08:00,26,86,17.8
2025-12-11T15:00:00-08:00,27,83,22
2025-12-11T15:30:00-08:00,29,82,26
2025-12-11T16:00:00-08:00,29,82,25.8
2025-12-11T16:30:00-08:00,30,81,25.7
2025-12-11T17:00:00-08:00,32,78,26.9
2025-12-11T17:30:00-08:00,33,77,28.7
2025-12-11T18:00:00-08:00,34,74,29.7
2025-12-11T18:30:00-08:00,34,73,12.7
2025-12-11T19:00:00-08:00,33,73,12.5
2025-12-11T19:30:00-08:00,33,73,15
2025-12-11T20:00:00-08:00,33,71,17.8
2025-12-11T20:30:00-08:00,33,70,18.8
2025-12-11T21:00:00-08:00,35,68,23.7
2025-12-11T21:30:00-08:00,35,68,16.5
2025-12-11T22:00:00-08:00,36,66,11
2025-12-11T22:30:00-08:00,38,65,13.2
2025-12-11T23:00:00-08:00,40,63,13.9
2025-12-11T23:30:00-08:00,41,62,13.5
2025-12-12T00:00:00-08:00,37,65,10.7
2025-12-12T00:30:00-08:00,40,63,14.4
2025-12-12T01:00:00-08:00,44,60,15.5
2025-12-12T01:30:00-08:00,47,58,13.6
2025-12-12T02:00:00-08:00,48,58,12
2025-12-12T02:30:00-08:00,48,58,9.3
2025-12-12T03:00:00-08:00,49,58,10.3
2025-12-12T03:30:00-08:00,49,58,11.1
2025-12-12T04:00:00-08:00,50,58,12.5
2025-12-12T04:30:00-08:00,52,57,13.7
2025-12-12T05:00:00-08:00,54,56,12.4
2025-12-12T05:30:00-08:00,55,55,11.5
2025-12-12T06:00:00-08:00,55,55,10.9
2025-12-12T06:30:00-08:00,53,56,11.1
2025-12-12T07:00:00-08:00,55,55,10.1
2025-12-12T07:30:00-08:00,54,56,9.8
2025-12-12T08:00:00-08:00,41,65,7.5
2025-12-12T08:30:00-08:00,36,69,6.4
2025-12-12T09:00:00-08:00,31,74,5.7
2025-12-12T09:30:00-08:00,30,74,5.6
2025-12-12T10:00:00-08:00,30,74,6
2025-12-12T10:30:00-08:00,33,71,6.1
2025-12-12T11:00:00-08:00,35,70,6
2025-12-12T11:30:00-08:00,38,67,5.7
2025-12-12T12:00:00-08:00,40,66,6.3
2025-12-12T12:30:00-08:00,39,67,6.8
2025-12-12T13:00:00-08:00,39,68,7.7
2025-12-12T13:30:00-08:00,38,69,8.3
2025-12-12T14:00:00-08:00,36,71,7.9
2025-12-12T14:30:00-08:00,36,71,7.9
2025-12-12T15:00:00-08:00,36,71,8.5
2025-12-12T15:30:00-08:00,37,70,8.7
2025-12-12T16:00:00-08:00,38,69,9
2025-12-12T16:30:00-08:00,39,68,10.1
2025-12-12T17:00:00-08:00,41,66,11.5
2025-12-12T17:30:00-08:00,41,65,13.1
2025-12-12T18:00:00-08:00,42,65,13.6
2025-12-12T18:30:00-08:00,42,64,12.9
2025-12-12T19:00:00-08:00,43,63,12.2
2025-12-12T19:30:00-08:00,43,63,12.1
2025-12-12T20:00:00-08:00,42,64,12
2025-12-12T20:30:00-08:00,41,64,12.6
2025-12-12T21:00:00-08:00,39,65,12.9
2025-12-12T21:30:00-08:00,38,65,11.7
2025-12-12T22:00:00-08:00,40,64,12
2025-12-12T22:30:00-08:00,39,64,11.6
2025-12-12T23:00:00-08:00,39,64,11
2025-12-12T23:30:00-08:00,41,62,11
2025-12-13T00:00:00-08:00,42,61,8.8
2025-12-13T00:30:00-08:00,47,57,7.3
2025-12-13T01:00:00-08:00,47,58,7.3
2025-12-13T01:30:00-08:00,47,57,7.4
2025-12-13T02:00:00-08:00,49,56,7
2025-12-13T02:30:00-08:00,50,56,6
2025-12-13T03:00:00-08:00,49,56,5.2
2025-12-13T03:30:00-08:00,51,54,5.5
2025-12-13T04:00:00-08:00,52,54,4.8
2025-12-13T04:30:00-08:00,51,55,4.1
2025-12-13T05:00:00-08:00,51,54,3.3
2025-12-13T05:30:00-08:00,51,54,3.4
2025-12-13T06:00:00-08:00,51,54,3.6
2025-12-13T06:30:00-08:00,52,54,3.5
2025-12-13T07:00:00-08:00,52,54,3.5
2025-12-13T07:30:00-08:00,50,56,3.4
2025-12-13T08:00:00-08:00,42,61,3.3
2025-12-13T08:30:00-08:00,36,68,3.1
2025-12-13T09:00:00-08:00,29,74,3.6
2025-12-13T09:30:00-08:00,27,77,4.3
2025-12-13T10:00:00-08:00,25,80,4
2025-12-13T10:30:00-08:00,24,81,4.3
2025-12-13T11:00:00-08:00,26,79,5.3
2025-12-13T11:30:00-08:00,26,83,15
2025-12-13T12:00:00-08:00,24,86,18.3
2025-12-13T12:30:00-08:00,25,84,16.8
2025-12-13T13:00:00-08:00,28,79,13.5
2025-12-13T13:30:00-08:00,27,80,14
2025-12-13T14:00:00-08:00,29,80,16.1
2025-12-13T14:30:00-08:00,30,79,16.1
2025-12-13T15:00:00-08:00,30,79,16
2025-12-13T15:30:00-08:00,31,79,15.9
2025-12-13T16:00:00-08:00,32,77,16
2025-12-13T16:30:00-08:00,31,77,19.3
2025-12-13T17:00:00-08:00,31,76,17.1
2025-12-13T17:30:00-08:00,32,75,16.9
2025-12-13T18:00:00-08:00,33,73,26.8
2025-12-13T18:30:00-08:00,34,71,30.8
2025-12-13T19:00:00-08:00,35,70,29.3
2025-12-13T19:30:00-08:00,36,69,30.8
2025-12-13T20:00:00-08:00,37,69,29.7
2025-12-13T20:30:00-08:00,36,68,25.9
2025-12-13T21:00:00-08:00,36,68,27.8
2025-12-13T21:30:00-08:00,37,66,34.1
2025-12-13T22:00:00-08:00,41,64,26
2025-12-13T22:30:00-08:00,38,66,23.4
2025-12-13T23:00:00-08:00,37,66,28.2
2025-12-13T23:30:00-08:00,37,65,23.8
2025-12-14T00:00:00-08:00,37,65,22.4
2025-12-14T00:30:00-08:00,38,64,22
2025-12-14T01:00:00-08:00,41,64,15.3
2025-12-14T01:30:00-08:00,40,66,15.6
2025-12-14T02:00:00-08:00,40,67,17.6
2025-12-14T02:30:00-08:00,41,66,21.5
2025-12-14T03:00:00-08:00,42,66,23.4
2025-12-14T03:30:00-08:00,42,66,26.3
2025-12-14T04:00:00-08:00,45,64,27.5
2025-12-14T04:30:00-08:00,46,63,29.7
2025-12-14T05:00:00-08:00,46,61,18.9
2025-12-14T05:30:00-08:00,41,64,16.2
2025-12-14T06:00:00-08:00,40,65,15.7
2025-12-14T06:30:00-08:00,39,66,17.4
2025-12-14T07:00:00-08:00,38,67,17.9
2025-12-14T07:30:00-08:00,42,64,20.1
2025-12-14T08:00:00-08:00,43,64,21.3
2025-12-14T08:30:00-08:00,43,66,22.4
2025-12-14T09:00:00-08:00,43,64,16.3
2025-12-14T09:30:00-08:00,41,66,17.7
2025-12-14T10:00:00-08:00,44,64,19.3
2025-12-14T10:30:00-08:00,45,62,15.3
2025-12-14T11:00:00-08:00,43,64,14.9
2025-12-14T11:30:00-08:00,38,71,19.6
2025-12-14T12:00:00-08:00,34,75,22.8
2025-12-14T13:30:00-08:00,40,71,28.8
2025-12-14T14:00:00-08:00,37,74,29
2025-12-14T14:30:00-08:00,35,75,27.8
2025-12-14T15:00:00-08:00,36,74,28.7
2025-12-14T15:30:00-08:00,37,73,29.9
2025-12-14T16:00:00-08:00,36,74,30.2
2025-12-14T16:30:00-08:00,37,73,30.7
2025-12-14T17:00:00-08:00,36,73,30.4
2025-12-14T17:30:00-08:00,37,72,31.2
2025-12-14T18:00:00-08:00,38,70,33.2
2025-12-14T18:30:00-08:00,40,68,32.2
2025-12-14T19:00:00-08:00,37,69,32
2025-12-14T19:30:00-08:00,39,67,33.7
2025-12-14T20:00:00-08:00,39,67,39.8
2025-12-14T20:30:00-08:00,45,63,35.2
2025-12-14T21:00:00-08:00,42,65,32.3
2025-12-14T21:30:00-08:00,40,65,31.3
2025-12-14T22:00:00-08:00,39,66,30.8
2025-12-14T22:30:00-08:00,38,66,29.6
2025-12-14T23:00:00-08:00,39,65,30.2
2025-12-14T23:30:00-08:00,40,64,28.4
2025-12-15T00:00:00-08:00,39,64,27
2025-12-15T00:30:00-08:00,38,64,26.6
2025-12-15T01:00:00-08:00,38,63,26.8
2025-12-15T01:30:00-08:00,38,63,26.2
2025-12-15T02:00:00-08:00,39,64,26.1
2025-12-15T02:30:00-08:00,43,63,28.8
2025-12-15T03:00:00-08:00,41,65,25.9
2025-12-15T03:30:00-08:00,43,61,21.7
2025-12-15T04:00:00-08:00,43,62,22
2025-12-15T04:30:00-08:00,42,64,22
2025-12-15T05:00:00-08:00,40,64,16.3
2025-12-15T05:30:00-08:00,38,66,15.1
2025-12-15T06:00:00-08:00,37,67,18.6
2025-12-15T06:30:00-08:00,40,67,27
2025-12-15T07:00:00-08:00,44,62,22.7
2025-12-15T07:30:00-08:00,42,61,12.2
2025-12-15T08:00:00-08:00,43,62,14.7
2025-12-15T08:30:00-08:00,42,62,13.3
2025-12-15T09:00:00-08:00,42,63,14.8
2025-12-15T09:30:00-08:00,36,68,10.4
2025-12-15T10:00:00-08:00,28,78,14.1
2025-12-15T10:30:00-08:00,27,78,9.6
2025-12-15T11:00:00-08:00,24,83,8
2025-12-15T11:30:00-08:00,24,83,10.3
2025-12-15T12:00:00-08:00,24,84,12.5
2025-12-15T12:30:00-08:00,24,85,19.3
2025-12-15T13:00:00-08:00,26,84,26.2
2025-12-15T13:30:00-08:00,26,84,26.7
2025-12-15T14:00:00-08:00,27,83,26.9
2025-12-15T14:30:00-08:00,29,81,29.9
2025-12-15T15:00:00-08:00,31,79,30.1
2025-12-15T15:30:00-08:00,29,80,27.1
2025-12-15T16:00:00-08:00,32,76,29.6
2025-12-15T16:30:00-08:00,32,77,29.3
2025-12-15T17:00:00-08:00,33,76,32.4
2025-12-15T17:30:00-08:00,33,76,30.2
2025-12-15T18:00:00-08:00,34,74,31.8
2025-12-15T18:30:00-08:00,34,74,32.9
2025-12-15T19:00:00-08:00,35,73,33.5
2025-12-15T19:30:00-08:00,36,72,32.3
2025-12-15T20:00:00-08:00,37,71,34.2
2025-12-15T20:30:00-08:00,38,71,37.5
2025-12-15T21:00:00-08:00,39,70,33.5
2025-12-15T21:30:00-08:00,38,71,32.9
2025-12-15T22:00:00-08:00,38,70,34.7
2025-12-15T22:30:00-08:00,39,69,31.7
2025-12-15T23:00:00-08:00,38,69,32.3
2025-12-15T23:30:00-08:00,38,69,32.3
2025-12-16T00:00:00-08:00,38,69,30.5
2025-12-16T00:30:00-08:00,38,68,27.5
2025-12-16T01:00:00-08:00,37,69,23.6
2025-12-16T01:30:00-08:00,37,69,22.3
2025-12-16T02:00:00-08:00,38,68,24.5
2025-12-16T02:30:00-08:00,39,68,26.3
2025-12-16T03:00:00-08:00,40,67,28.8
2025-12-16T03:30:00-08:00,38,68,27.7
2025-12-16T04:00:00-08:00,38,68,26.6
2025-12-16T04:30:00-08:00,38,68,24.8
2025-12-16T05:00:00-08:00,37,69,23.6
2025-12-16T05:30:00-08:00,37,69,22
2025-12-16T06:00:00-08:00,38,69,20.5
2025-12-16T06:30:00-08:00,38,69,18.9
2025-12-16T07:00:00-08:00,37,70,18.1
2025-12-16T07:30:00-08:00,37,69,19.5
2025-12-16T08:00:00-08:00,41,66,15.4
2025-12-16T08:30:00-08:00,36,70,14.6
2025-12-16T09:00:00-08:00,36,71,13.2
2025-12-16T09:30:00-08:00,31,77,12.1
2025-12-16T10:00:00-08:00,28,82,22.6
2025-12-16T10:30:00-08:00,26,86,24.2
2025-12-16T11:00:00-08:00,28,83,26.2
2025-12-16T11:30:00-08:00,29,82,27.5
2025-12-16T12:00:00-08:00,27,85,24.5
2025-12-16T12:30:00-08:00,25,88,24.2
2025-12-16T13:00:00-08:00,25,89,20.4
2025-12-16T13:30:00-08:00,25,89,15.9
2025-12-16T14:00:00-08:00,28,86,12.9
2025-12-16T14:30:00-08:00,31,82,11.7
2025-12-16T15:00:00-08:00,30,84,18.8
2025-12-16T15:30:00-08:00,29,84,21.6
2025-12-16T16:00:00-08:00,29,84,23.9
2025-12-16T16:30:00-08:00,29,83,22.9
2025-12-16T17:00:00-08:00,30,82,22.5
2025-12-16T17:30:00-08:00,31,81,22.7
2025-12-16T18:00:00-08:00,32,79,22.8
2025-12-16T18:30:00-08:00,33,78,23.4
2025-12-16T19:00:00-08:00,34,78,26
2025-12-16T19:30:00-08:00,35,77,23.2
2025-12-16T20:00:00-08:00,38,75,21.1
2025-12-16T20:30:00-08:00,38,75,25.9
2025-12-16T21:00:00-08:00,36,77,25.7
2025-12-16T21:30:00-08:00,37,77,23.6
2025-12-16T22:00:00-08:00,36,77,23.6
2025-12-16T22:30:00-08:00,35,77,22.8
2025-12-16T23:00:00-08:00,35,76,23
2025-12-16T23:30:00-08:00,37,75,23.9
2025-12-17T00:00:00-08:00,37,75,23.4
2025-12-17T00:30:00-08:00,38,75,21.8
2025-12-17T01:00:00-08:00,38,77,20.4
2025-12-17T01:30:00-08:00,36,78,19.3
2025-12-17T02:00:00-08:00,37,78,19.7
2025-12-17T02:30:00-08:00,39,75,22.4
2025-12-17T03:00:00-08:00,39,78,21.1
2025-12-17T03:30:00-08:00,42,76,23.9
2025-12-17T04:00:00-08:00,44,75,25.5
2025-12-17T04:30:00-08:00,43,76,25.8
2025-12-17T05:00:00-08:00,42,76,26.9
2025-12-17T05:30:00-08:00,44,75,28.6
2025-12-17T06:00:00-08:00,45,74,29.2
2025-12-17T06:30:00-08:00,45,74,26.9
2025-12-17T07:00:00-08:00,44,75,24.7
2025-12-17T07:30:00-08:00,44,75,25.8
2025-12-17T08:00:00-08:00,43,78,24
2025-12-17T08:30:00-08:00,43,78,24.7
2025-12-17T09:00:00-08:00,44,78,21.9
2025-12-17T09:30:00-08:00,45,78,18.3
2025-12-17T10:00:00-08:00,47,78,14.2
2025-12-17T10:30:00-08:00,48,78,13.8
2025-12-17T11:00:00-08:00,48,79,13.3
2025-12-17T11:30:00-08:00,47,81,14.5
2025-12-17T12:00:00-08:00,45,84,12.1
2025-12-17T12:30:00-08:00,45,84,7.9
2025-12-17T13:00:00-08:00,42,85,1.4
2025-12-17T13:30:00-08:00,40,86,0.8
2025-12-17T14:00:00-08:00,40,87,0.9
2025-12-17T14:30:00-08:00,43,84,4
2025-12-17T15:00:00-08:00,42,84,1.2
2025-12-17T15:30:00-08:00,41,84,3.7
2025-12-17T16:00:00-08:00,42,82,0.4
2025-12-17T16:30:00-08:00,43,81,0.1
2025-12-17T17:00:00-08:00,42,80,0.4
2025-12-17T17:30:00-08:00,44,77,1.6
2025-12-17T18:00:00-08:00,45,76,2.4
2025-12-17T18:30:00-08:00,43,75,3.6
2025-12-17T19:00:00-08:00,43,75,3.9
2025-12-17T19:30:00-08:00,44,74,4.2
2025-12-17T20:00:00-08:00,44,73,4
2025-12-17T20:30:00-08:00,43,73,7.5
2025-12-17T21:00:00-08:00,42,73,9.3
2025-12-17T21:30:00-08:00,43,72,7.7
2025-12-17T22:00:00-08:00,42,72,11.3
2025-12-17T22:30:00-08:00,42,73,15.9
2025-12-17T23:00:00-08:00,40,73,12
2025-12-17T23:30:00-08:00,40,71,10.4
2025-12-18T00:00:00-08:00,41,70,9
2025-12-18T00:30:00-08:00,40,70,16.4
2025-12-18T01:00:00-08:00,41,69,7
2025-12-18T01:30:00-08:00,42,67,5.8
2025-12-18T02:00:00-08:00,44,67,5.5
2025-12-18T02:30:00-08:00,45,67,7.4
2025-12-18T03:00:00-08:00,45,71,13
2025-12-18T03:30:00-08:00,46,72,15.7
2025-12-18T04:00:00-08:00,43,74,18.4
2025-12-18T04:30:00-08:00,42,75,20.4
2025-12-18T05:00:00-08:00,42,75,24.6
2025-12-18T05:30:00-08:00,42,75,23.5
2025-12-18T06:00:00-08:00,41,75,20.8
2025-12-18T06:30:00-08:00,40,75,15.2
2025-12-18T07:00:00-08:00,42,74,18
2025-12-18T07:30:00-08:00,44,72,19.8
2025-12-18T08:00:00-08:00,42,74,18.6
2025-12-18T08:30:00-08:00,43,74,23.6
2025-12-18T09:00:00-08:00,43,75,22
2025-12-18T09:30:00-08:00,42,76,19.3
2025-12-18T10:00:00-08:00,40,77,14.7
2025-12-18T10:30:00-08:00,37,80,13.7
2025-12-18T11:00:00-08:00,30,88,12.9
2025-12-18T11:30:00-08:00,27,92,13.6
2025-12-18T12:00:00-08:00,26,92,14.5
2025-12-18T12:30:00-08:00,27,91,14.8
2025-12-18T13:00:00-08:00,28,89,14.8
2025-12-18T13:30:00-08:00,29,88,14
2025-12-18T14:00:00-08:00,32,85,15.2
2025-12-18T14:30:00-08:00,33,84,14
2025-12-18T15:00:00-08:00,32,83,9.1
2025-12-18T15:30:00-08:00,32,82,6.5
2025-12-18T16:00:00-08:00,34,81,7.3
2025-12-18T16:30:00-08:00,36,80,13.5
2025-12-18T17:00:00-08:00,36,79,20
2025-12-18T17:30:00-08:00,36,79,22.8
2025-12-18T18:00:00-08:00,36,78,24.5
2025-12-18T18:30:00-08:00,36,77,25.8
2025-12-18T19:00:00-08:00,36,76,25.5
2025-12-18T19:30:00-08:00,37,75,27.5
2025-12-18T20:00:00-08:00,38,75,29.8
2025-12-18T20:30:00-08:00,39,75,30.2
2025-12-18T21:00:00-08:00,41,75,31.6
2025-12-18T21:30:00-08:00,42,75,29.5
2025-12-18T22:00:00-08:00,40,77,23.5
2025-12-18T22:30:00-08:00,40,77,28.7
2025-12-18T23:00:00-08:00,42,77,27.7
2025-12-18T23:30:00-08:00,45,74,30.7
2025-12-19T00:00:00-08:00,46,73,32.7
2025-12-19T00:30:00-08:00,45,73,32.2
2025-12-19T01:00:00-08:00,44,74,31.1
2025-12-19T01:30:00-08:00,43,74,30.6
2025-12-19T02:00:00-08:00,43,74,30
2025-12-19T02:30:00-08:00,42,74,30.4
2025-12-19T03:00:00-08:00,45,73,30.5
2025-12-19T03:30:00-08:00,43,75,29.1
2025-12-19T04:00:00-08:00,42,75,27.6
2025-12-19T04:30:00-08:00,41,77,25.3
2025-12-19T05:00:00-08:00,41,77,24
2025-12-19T05:30:00-08:00,41,76,24.4
2025-12-19T06:00:00-08:00,40,78,22.5
2025-12-19T06:30:00-08:00,39,77,22.4
2025-12-19T07:00:00-08:00,40,76,22.1
2025-12-19T07:30:00-08:00,44,73,21.3
2025-12-19T08:00:00-08:00,46,71,20.7
2025-12-19T08:30:00-08:00,42,74,19
2025-12-19T09:00:00-08:00,40,76,18.6
2025-12-19T09:30:00-08:00,36,80,15.1
2025-12-19T10:00:00-08:00,33,84,12.7
2025-12-19T10:30:00-08:00,31,86,8.7
2025-12-19T11:00:00-08:00,30,86,4.8
2025-12-19T11:30:00-08:00,31,84,2.6
2025-12-19T12:00:00-08:00,31,85,1.8
2025-12-19T12:30:00-08:00,31,85,1.4
2025-12-19T13:00:00-08:00,31,85,1.5
2025-12-19T13:30:00-08:00,31,85,2.4
2025-12-19T14:00:00-08:00,35,83,0.6
2025-12-19T14:30:00-08:00,38,81,0.1
2025-12-19T15:00:00-08:00,37,81,0.1
2025-12-19T15:30:00-08:00,40,80,0.2
2025-12-19T16:00:00-08:00,42,79,0.3
2025-12-19T16:30:00-08:00,43,79,0.1
2025-12-19T17:00:00-08:00,45,78,0.1
2025-12-19T17:30:00-08:00,42,79,3.5
2025-12-19T18:00:00-08:00,39,81,2.2
2025-12-19T18:30:00-08:00,38,82,1.2
2025-12-19T19:00:00-08:00,40,81,1.9
2025-12-19T19:30:00-08:00,45,79,2.8
2025-12-19T20:00:00-08:00,49,78,3.9
2025-12-19T20:30:00-08:00,48,79,3.4
2025-12-19T21:00:00-08:00,48,79,4.6
2025-12-19T21:30:00-08:00,48,78,5.3
2025-12-19T22:00:00-08:00,47,79,5.8
2025-12-19T22:30:00-08:00,47,78,5.4
2025-12-19T23:00:00-08:00,46,77,2.2
2025-12-19T23:30:00-08:00,46,77,2.1
2025-12-20T00:00:00-08:00,46,77,1.7
2025-12-20T00:30:00-08:00,46,77,1.4
2025-12-20T01:00:00-08:00,46,78,1.1
2025-12-20T01:30:00-08:00,46,78,1.4
2025-12-20T02:00:00-08:00,47,77,1.6
2025-12-20T02:30:00-08:00,48,76,1.6
2025-12-20T03:00:00-08:00,48,77,1.4
2025-12-20T03:30:00-08:00,48,77,1.7
2025-12-20T04:00:00-08:00,49,76,1.2
2025-12-20T04:30:00-08:00,49,76,1.2
2025-12-20T05:00:00-08:00,50,75,1
2025-12-20T05:30:00-08:00,50,76,0.4
2025-12-20T06:00:00-08:00,48,77,0.4
2025-12-20T06:30:00-08:00,46,78,0.6
2025-12-20T07:00:00-08:00,47,78,0.8
2025-12-20T07:30:00-08:00,48,77,1.1
2025-12-20T08:00:00-08:00,48,77,1
2025-12-20T08:30:00-08:00,48,77,1.7
2025-12-20T09:00:00-08:00,48,78,1.4
2025-12-20T09:30:00-08:00,47,78,1.2
2025-12-20T10:00:00-08:00,47,79,1.3
2025-12-20T10:30:00-08:00,44,81,1.6
2025-12-20T11:00:00-08:00,44,81,1.8
2025-12-20T11:30:00-08:00,43,82,1.1
2025-12-20T12:00:00-08:00,43,83,0.7
2025-12-20T12:30:00-08:00,40,85,1.1
2025-12-20T13:00:00-08:00,40,86,2.6
2025-12-20T13:30:00-08:00,39,86,1.8
2025-12-20T14:00:00-08:00,39,86,1.7
2025-12-20T14:30:00-08:00,39,86,1.9
2025-12-20T15:00:00-08:00,40,85,5.9
2025-12-20T15:30:00-08:00,40,85,3.7
2025-12-20T16:00:00-08:00,40,84,2.5
2025-12-20T16:30:00-08:00,40,84,4.8
2025-12-20T17:00:00-08:00,41,84,3.3
2025-12-20T17:30:00-08:00,41,84,5.2
2025-12-20T18:00:00-08:00,42,83,6.9
2025-12-20T18:30:00-08:00,43,83,7.2
2025-12-20T19:00:00-08:00,43,83,11.2
2025-12-20T19:30:00-08:00,43,83,10.7
2025-12-20T20:00:00-08:00,42,84,15.1
2025-12-20T20:30:00-08:00,42,84,15.1
2025-12-20T21:00:00-08:00,42,84,14.3
2025-12-20T21:30:00-08:00,47,80,3.7
2025-12-20T22:00:00-08:00,51,77,0.8
2025-12-20T22:30:00-08:00,52,76,2.5
2025-12-20T23:00:00-08:00,52,76,0.6
2025-12-20T23:30:00-08:00,51,77,0
2025-12-21T00:00:00-08:00,52,76,0
2025-12-21T00:30:00-08:00,52,77,0
2025-12-21T01:00:00-08:00,51,77,0
2025-12-21T01:30:00-08:00,50,78,0
2025-12-21T02:00:00-08:00,49,78,0
2025-12-21T02:30:00-08:00,49,79,0
2025-12-21T03:00:00-08:00,49,79,0
2025-12-21T03:30:00-08:00,49,78,0
2025-12-21T04:00:00-08:00,49,78,0
2025-12-21T04:30:00-08:00,50,78,0
2025-12-21T05:00:00-08:00,49,78,0
2025-12-21T05:30:00-08:00,48,79,0
2025-12-21T06:00:00-08:00,48,78,0
2025-12-21T06:30:00-08:00,48,78,0
2025-12-21T07:00:00-08:00,46,80,0
2025-12-21T07:30:00-08:00,46,80,0
2025-12-21T08:00:00-08:00,45,80,0
2025-12-21T08:30:00-08:00,45,80,0
2025-12-21T09:00:00-08:00,44,81,0
2025-12-21T09:30:00-08:00,44,81,0
2025-12-21T10:00:00-08:00,42,82,0
2025-12-21T10:30:00-08:00,44,81,0
2025-12-21T11:00:00-08:00,42,83,0
2025-12-21T11:30:00-08:00,42,82,0
2025-12-21T12:00:00-08:00,41,82,0.2
2025-12-21T12:30:00-08:00,43,82,0
2025-12-21T13:00:00-08:00,43,82,0.1
2025-12-21T13:30:00-08:00,42,82,0
2025-12-21T14:00:00-08:00,43,82,0
2025-12-21T14:30:00-08:00,47,79,0.8
2025-12-21T15:00:00-08:00,46,78,0.6
2025-12-21T15:30:00-08:00,46,76,0
2025-12-21T16:00:00-08:00,48,75,0.1
2025-12-21T16:30:00-08:00,46,76,1.6
2025-12-21T17:00:00-08:00,47,76,1.8
2025-12-21T17:30:00-08:00,47,75,0.6
2025-12-21T18:00:00-08:00,47,74,2.4
2025-12-21T18:30:00-08:00,48,74,1.3
2025-12-21T19:00:00-08:00,49,73,1.2
2025-12-21T19:30:00-08:00,49,74,1
2025-12-21T20:00:00-08:00,48,74,0.8
2025-12-21T20:30:00-08:00,47,75,2
2025-12-21T21:00:00-08:00,47,75,0.3
2025-12-21T21:30:00-08:00,47,75,0.2
2025-12-21T22:00:00-08:00,48,74,1.1
2025-12-21T22:30:00-08:00,48,75,0.6
2025-12-21T23:00:00-08:00,49,74,1.7
2025-12-21T23:30:00-08:00,48,74,1.6
2025-12-22T00:00:00-08:00,46,75,1.1
2025-12-22T00:30:00-08:00,47,75,1.3
2025-12-22T01:00:00-08:00,48,75,1.4
2025-12-22T01:30:00-08:00,48,75,1.4
2025-12-22T02:00:00-08:00,49,74,0.9
2025-12-22T02:30:00-08:00,48,73,0.9
2025-12-22T03:00:00-08:00,48,73,0.7
2025-12-22T03:30:00-08:00,48,73,0.6
2025-12-22T04:00:00-08:00,48,73,0.7
2025-12-22T04:30:00-08:00,48,73,0.6
2025-12-22T05:00:00-08:00,48,73,0.3
2025-12-22T05:30:00-08:00,48,73,0.3
2025-12-22T06:00:00-08:00,48,73,0.6
2025-12-22T06:30:00-08:00,48,73,1.1
2025-12-22T07:00:00-08:00,48,73,1.7
2025-12-22T07:30:00-08:00,46,75,1.6
2025-12-22T08:00:00-08:00,45,75,1.7
2025-12-22T08:30:00-08:00,49,74,2.1
2025-12-22T09:00:00-08:00,50,74,2.4
2025-12-22T09:30:00-08:00,51,74,3.4
2025-12-22T10:00:00-08:00,52,73,4
2025-12-22T10:30:00-08:00,49,76,1.3
2025-12-22T11:00:00-08:00,49,77,0.7
2025-12-22T11:30:00-08:00,42,82,3.2
2025-12-22T12:00:00-08:00,41,81,0.6
2025-12-22T12:30:00-08:00,39,83,0.4
2025-12-22T13:00:00-08:00,35,86,2.1
2025-12-22T13:30:00-08:00,35,87,0.7
2025-12-22T14:00:00-08:00,34,88,0.4
2025-12-22T14:30:00-08:00,34,89,0.1
2025-12-22T15:00:00-08:00,34,89,1.1
2025-12-22T15:30:00-08:00,35,88,0.5
2025-12-22T16:00:00-08:00,36,86,1
2025-12-22T16:30:00-08:00,37,85,1.1
2025-12-22T17:00:00-08:00,39,84,1.1
2025-12-22T17:30:00-08:00,39,83,4.8
2025-12-22T18:00:00-08:00,41,82,5.5
2025-12-22T18:30:00-08:00,43,81,5.1
2025-12-22T19:00:00-08:00,43,81,4.5
2025-12-22T19:30:00-08:00,43,80,5.4
2025-12-22T20:00:00-08:00,43,81,16.4
2025-12-22T20:30:00-08:00,43,81,9.8
2025-12-22T21:00:00-08:00,43,81,7.6
2025-12-22T21:30:00-08:00,43,81,7.4
2025-12-22T22:00:00-08:00,44,81,8.1
2025-12-22T22:30:00-08:00,44,80,9
2025-12-22T23:00:00-08:00,45,80,9.3
2025-12-22T23:30:00-08:00,44,80,10
2025-12-23T00:00:00-08:00,44,80,8.2
2025-12-23T00:30:00-08:00,44,80,7.5
2025-12-23T01:00:00-08:00,45,79,7.4
2025-12-23T01:30:00-08:00,47,78,8.6
2025-12-23T02:00:00-08:00,48,76,7.7
2025-12-23T02:30:00-08:00,51,74,8.5
2025-12-23T03:00:00-08:00,50,74,8.2
2025-12-23T03:30:00-08:00,49,75,6.3
2025-12-23T04:00:00-08:00,47,76,5.7
2025-12-23T04:30:00-08:00,46,77,5.9
2025-12-23T05:00:00-08:00,47,76,6.3
2025-12-23T05:30:00-08:00,48,75,6.8
2025-12-23T06:00:00-08:00,50,73,7
2025-12-23T06:30:00-08:00,52,72,5.2
2025-12-23T07:00:00-08:00,52,72,5.5
2025-12-23T07:30:00-08:00,50,73,5.5
2025-12-23T08:00:00-08:00,47,75,5.6
2025-12-23T08:30:00-08:00,48,73,3.7
2025-12-23T09:00:00-08:00,46,75,3.5
2025-12-23T09:30:00-08:00,45,76,3.1
2025-12-23T10:00:00-08:00,41,78,2.9
2025-12-23T10:30:00-08:00,38,78,2.9
2025-12-23T11:00:00-08:00,41,76,3
2025-12-23T11:30:00-08:00,40,77,2.9
2025-12-23T12:00:00-08:00,38,79,2.5
2025-12-23T12:30:00-08:00,36,78,2.2
2025-12-23T13:00:00-08:00,36,78,2
2025-12-23T13:30:00-08:00,38,77,2.5
2025-12-23T14:00:00-08:00,38,77,2.8
2025-12-23T14:30:00-08:00,37,78,2.5
2025-12-23T15:00:00-08:00,37,79,1.9
2025-12-23T15:30:00-08:00,36,81,2.2
2025-12-23T16:00:00-08:00,35,78,2.4
2025-12-23T16:30:00-08:00,37,77,3.6
2025-12-23T17:00:00-08:00,39,76,3.7
2025-12-23T17:30:00-08:00,46,73,3.1
2025-12-23T18:00:00-08:00,48,73,3.3
2025-12-23T18:30:00-08:00,50,72,3.1
2025-12-23T19:00:00-08:00,53,72,2.2
2025-12-23T19:30:00-08:00,55,71,2.1
2025-12-23T20:00:00-08:00,53,73,2.1
2025-12-23T20:30:00-08:00,49,75,2.2
2025-12-23T21:00:00-08:00,46,75,0.5
2025-12-23T21:30:00-08:00,44,74,0
2025-12-23T22:00:00-08:00,45,74,0.1
2025-12-23T22:30:00-08:00,48,73,0.3
2025-12-23T23:00:00-08:00,50,73,0.5
2025-12-23T23:30:00-08:00,48,74,0.1
2025-12-24T00:00:00-08:00,46,75,0
2025-12-24T00:30:00-08:00,46,75,0
2025-12-24T01:00:00-08:00,51,74,0
2025-12-24T01:30:00-08:00,54,73,0
2025-12-24T02:00:00-08:00,55,73,0
2025-12-24T02:30:00-08:00,52,75,0
2025-12-24T03:00:00-08:00,54,74,0.1
2025-12-24T03:30:00-08:00,56,72,0.2
2025-12-24T04:00:00-08:00,58,69,0.1
2025-12-24T04:30:00-08:00,53,71,0.2
2025-12-24T05:00:00-08:00,51,72,1.3
2025-12-24T05:30:00-08:00,50,72,1.2
2025-12-24T06:00:00-08:00,47,74,0.8
2025-12-24T06:30:00-08:00,46,74,0.8
2025-12-24T07:00:00-08:00,47,73,0.8
2025-12-24T07:30:00-08:00,46,72,1
2025-12-24T08:00:00-08:00,45,74,0.7
2025-12-24T08:30:00-08:00,43,76,1
2025-12-24T09:00:00-08:00,43,77,1.5
2025-12-24T09:30:00-08:00,42,77,1.5
2025-12-24T10:00:00-08:00,41,77,1.3
2025-12-24T10:30:00-08:00,38,80,1.2
2025-12-24T11:00:00-08:00,31,85,1
2025-12-24T11:30:00-08:00,33,83,1.2
2025-12-24T12:00:00-08:00,37,81,2
2025-12-24T12:30:00-08:00,37,81,1.4
2025-12-24T13:00:00-08:00,36,80,0.9
2025-12-24T13:30:00-08:00,37,79,1.7
2025-12-24T14:00:00-08:00,38,78,3.8
2025-12-24T14:30:00-08:00,39,78,1.4
2025-12-24T15:00:00-08:00,38,78,1.3
2025-12-24T15:30:00-08:00,39,77,2
2025-12-24T16:00:00-08:00,39,77,2.1
2025-12-24T16:30:00-08:00,41,76,1
2025-12-24T17:00:00-08:00,43,75,1.2
2025-12-24T17:30:00-08:00,52,72,1.3
2025-12-24T18:00:00-08:00,51,72,1.5
2025-12-24T18:30:00-08:00,49,71,0.4
2025-12-24T19:00:00-08:00,51,70,0.3
2025-12-24T19:30:00-08:00,54,69,0.2
2025-12-24T20:00:00-08:00,54,69,1.1
2025-12-24T20:30:00-08:00,53,70,1.3
2025-12-24T21:00:00-08:00,55,69,0.3
2025-12-24T21:30:00-08:00,57,68,0.3
2025-12-24T22:00:00-08:00,57,68,0.3
2025-12-24T22:30:00-08:00,56,68,0.3
2025-12-24T23:00:00-08:00,56,68,0.2
2025-12-24T23:30:00-08:00,52,68,0.3
2025-12-25T00:00:00-08:00,48,69,0.2
2025-12-25T00:30:00-08:00,49,69,0.2
2025-12-25T01:00:00-08:00,48,69,0.1
2025-12-25T01:30:00-08:00,50,68,0.3
2025-12-25T02:00:00-08:00,56,66,0.4
2025-12-25T02:30:00-08:00,61,64,0.4
2025-12-25T03:00:00-08:00,63,63,0.7
2025-12-25T03:30:00-08:00,64,63,0.6
2025-12-25T04:00:00-08:00,59,65,0
2025-12-25T04:30:00-08:00,59,65,0.3
2025-12-25T05:00:00-08:00,57,66,1.2
2025-12-25T05:30:00-08:00,51,69,1
2025-12-25T06:00:00-08:00,53,68,0.4
2025-12-25T06:30:00-08:00,54,68,1.1
2025-12-25T07:00:00-08:00,53,68,1.5
2025-12-25T07:30:00-08:00,51,68,1.6
2025-12-25T08:00:00-08:00,50,68,1
2025-12-25T08:30:00-08:00,49,69,1.4
2025-12-25T09:00:00-08:00,46,72,1.6
2025-12-25T09:30:00-08:00,45,73,1.8
2025-12-25T10:00:00-08:00,42,75,1.4
2025-12-25T10:30:00-08:00,39,76,1.2
2025-12-25T11:00:00-08:00,41,74,1.6
2025-12-25T11:30:00-08:00,46,71,1.4
2025-12-25T12:00:00-08:00,43,72,1.1
2025-12-25T12:30:00-08:00,41,74,2.6
2025-12-25T13:00:00-08:00,40,73,1.2
2025-12-25T13:30:00-08:00,39,73,0.9
2025-12-25T14:00:00-08:00,43,71,3.5
2025-12-25T14:30:00-08:00,46,73,4.4
2025-12-25T15:00:00-08:00,46,71,1.4
2025-12-25T15:30:00-08:00,48,70,5.7
2025-12-25T16:00:00-08:00,48,70,4.2
2025-12-25T16:30:00-08:00,50,70,2.9
2025-12-25T17:00:00-08:00,55,67,2
2025-12-25T17:30:00-08:00,57,66,2.6
2025-12-25T18:00:00-08:00,60,67,3.4
2025-12-25T18:30:00-08:00,59,66,3.7
2025-12-25T19:00:00-08:00,59,65,1.4
2025-12-25T19:30:00-08:00,60,64,0.9
2025-12-25T20:00:00-08:00,61,64,0.6
2025-12-25T20:30:00-08:00,60,65,0.8
2025-12-25T21:00:00-08:00,58,65,0.4
2025-12-25T21:30:00-08:00,57,65,0.1
2025-12-25T22:00:00-08:00,54,66,0.2
2025-12-25T22:30:00-08:00,53,67,2.7
2025-12-25T23:00:00-08:00,55,66,0.7
2025-12-25T23:30:00-08:00,56,66,0.5
2025-12-26T00:00:00-08:00,54,66,0.4
2025-12-26T00:30:00-08:00,53,67,0.4
2025-12-26T01:00:00-08:00,55,65,0.3
2025-12-26T01:30:00-08:00,54,65,0.4
2025-12-26T02:00:00-08:00,52,66,0.6
2025-12-26T02:30:00-08:00,52,66,0.7
2025-12-26T03:00:00-08:00,51,66,0.8
2025-12-26T03:30:00-08:00,49,66,0.7
2025-12-26T04:00:00-08:00,51,66,0.9
2025-12-26T04:30:00-08:00,50,66,0.9
2025-12-26T05:00:00-08:00,49,65,1.3
2025-12-26T05:30:00-08:00,48,66,1.5
2025-12-26T06:00:00-08:00,48,65,1.1
2025-12-26T06:30:00-08:00,48,65,1.4
2025-12-26T07:00:00-08:00,47,65,1.2
2025-12-26T07:30:00-08:00,47,66,1
2025-12-26T08:00:00-08:00,39,73,0.7
2025-12-26T08:30:00-08:00,31,80,0.7
2025-12-26T09:00:00-08:00,31,79,0.7
2025-12-26T09:30:00-08:00,28,84,0.6
2025-12-26T10:00:00-08:00,25,88,0.6
2025-12-26T10:30:00-08:00,27,84,1
2025-12-26T11:00:00-08:00,33,78,0.7
2025-12-26T11:30:00-08:00,32,78,0.6
2025-12-26T12:00:00-08:00,32,78,0.6
2025-12-26T12:30:00-08:00,30,78,0.6
2025-12-26T13:00:00-08:00,33,76,0.4
2025-12-26T13:30:00-08:00,36,74,0.4
2025-12-26T14:00:00-08:00,41,72,1.5
2025-12-26T14:30:00-08:00,46,71,1.4
2025-12-26T15:00:00-08:00,45,70,0.5
2025-12-26T15:30:00-08:00,45,69,1.5
2025-12-26T16:00:00-08:00,47,68,1.3
2025-12-26T16:30:00-08:00,50,67,1.1
2025-12-26T17:00:00-08:00,53,67,1
2025-12-26T17:30:00-08:00,55,67,2.3
2025-12-26T18:00:00-08:00,50,69,3.5
2025-12-26T18:30:00-08:00,49,69,2.6
2025-12-26T19:00:00-08:00,50,69,3.2
2025-12-26T19:30:00-08:00,50,67,4.3
2025-12-26T20:00:00-08:00,50,67,6.2
2025-12-26T20:30:00-08:00,51,66,6.7
2025-12-26T21:00:00-08:00,50,66,10.3
2025-12-26T21:30:00-08:00,50,66,3.2
2025-12-26T22:00:00-08:00,51,66,5.8
2025-12-26T22:30:00-08:00,51,66,3.9
2025-12-26T23:00:00-08:00,52,65,8
2025-12-26T23:30:00-08:00,51,65,4.5
2025-12-27T00:00:00-08:00,52,65,1.9
2025-12-27T00:30:00-08:00,51,65,1.4
2025-12-27T01:00:00-08:00,51,66,1.3
2025-12-27T01:30:00-08:00,51,66,1.3
2025-12-27T02:00:00-08:00,52,66,1.8
2025-12-27T02:30:00-08:00,51,66,1.8
2025-12-27T03:00:00-08:00,51,66,1.3
2025-12-27T03:30:00-08:00,51,66,1
2025-12-27T04:00:00-08:00,50,67,1.4
2025-12-27T04:30:00-08:00,50,66,1.2
2025-12-27T05:00:00-08:00,51,65,1.5
2025-12-27T05:30:00-08:00,50,65,1.2
2025-12-27T06:00:00-08:00,48,65,1.1
2025-12-27T06:30:00-08:00,49,64,1.2
2025-12-27T07:00:00-08:00,51,62,2.7
2025-12-27T07:30:00-08:00,50,62,2.6
2025-12-27T08:00:00-08:00,46,68,2.9
2025-12-27T08:30:00-08:00,39,75,2.9
2025-12-27T09:00:00-08:00,29,87,1.5
2025-12-27T09:30:00-08:00,21,97,0.1
2025-12-27T10:00:00-08:00,25,89,0.4
2025-12-27T10:30:00-08:00,29,82,0.8
2025-12-27T11:00:00-08:00,30,81,0.1
2025-12-27T11:30:00-08:00,28,85,0.1
2025-12-27T12:00:00-08:00,29,83,0.1
2025-12-27T12:30:00-08:00,32,80,0.1
2025-12-27T13:00:00-08:00,34,78,0.1
2025-12-27T13:30:00-08:00,35,77,0.9
2025-12-27T14:00:00-08:00,36,76,0.6
2025-12-27T14:30:00-08:00,37,75,1.1
2025-12-27T15:00:00-08:00,38,74,1.2
2025-12-27T15:30:00-08:00,37,74,0.4
2025-12-27T16:00:00-08:00,43,68,0.8
2025-12-27T16:30:00-08:00,47,65,0.8
2025-12-27T17:00:00-08:00,48,64,1
2025-12-27T17:30:00-08:00,49,63,1.3
2025-12-27T18:00:00-08:00,47,64,1.3
2025-12-27T18:30:00-08:00,46,65,1.8
2025-12-27T19:00:00-08:00,46,64,2.2
2025-12-27T19:30:00-08:00,48,63,6.8
2025-12-27T20:00:00-08:00,47,64,3
2025-12-27T20:30:00-08:00,46,64,5.8
2025-12-27T21:00:00-08:00,49,62,3
2025-12-27T21:30:00-08:00,50,62,4.2
2025-12-27T22:00:00-08:00,48,63,10.5
2025-12-27T22:30:00-08:00,47,62,7.6
2025-12-27T23:00:00-08:00,48,61,7
2025-12-27T23:30:00-08:00,49,60,6.4
2025-12-28T00:00:00-08:00,49,59,10.9
2025-12-28T00:30:00-08:00,49,59,10.2
2025-12-28T01:00:00-08:00,49,59,9.5
2025-12-28T01:30:00-08:00,49,58,8.8
2025-12-28T02:00:00-08:00,49,58,5.3
2025-12-28T02:30:00-08:00,48,58,4.1
2025-12-28T03:00:00-08:00,48,57,3.2
2025-12-28T03:30:00-08:00,47,58,1.1
2025-12-28T04:00:00-08:00,44,58,0.1
2025-12-28T04:30:00-08:00,42,59,0
2025-12-28T05:00:00-08:00,41,60,0.1
2025-12-28T05:30:00-08:00,40,60,0
2025-12-28T06:00:00-08:00,40,59,0.1
2025-12-28T06:30:00-08:00,41,59,0.1
2025-12-28T07:00:00-08:00,42,58,0.1
2025-12-28T07:30:00-08:00,43,57,0.3
2025-12-28T08:00:00-08:00,34,69,1.6
2025-12-28T08:30:00-08:00,25,82,6.1
2025-12-28T09:00:00-08:00,19,92,5.5
2025-12-28T09:30:00-08:00,17,95,4.6
2025-12-28T10:00:00-08:00,16,98,3.8
2025-12-28T10:30:00-08:00,14,102,2.3
2025-12-28T11:00:00-08:00,14,99,0.8
2025-12-28T11:30:00-08:00,15,92,0.2
2025-12-28T12:00:00-08:00,18,85,0.1
2025-12-28T12:30:00-08:00,18,82,0.1
2025-12-28T13:00:00-08:00,19,81,0.1
2025-12-28T13:30:00-08:00,20,80,0.2
2025-12-28T14:00:00-08:00,24,78,0.8
2025-12-28T14:30:00-08:00,25,78,1.4
2025-12-28T15:00:00-08:00,26,77,1
2025-12-28T15:30:00-08:00,27,76,1.2
2025-12-28T16:00:00-08:00,27,71,1.9
2025-12-28T16:30:00-08:00,29,69,0.6
2025-12-28T17:00:00-08:00,30,68,0.8
2025-12-28T17:30:00-08:00,33,65,1.1
2025-12-28T18:00:00-08:00,34,64,1.4
2025-12-28T18:30:00-08:00,36,63,2.2
2025-12-28T19:00:00-08:00,36,63,2.6
2025-12-28T19:30:00-08:00,38,63,3.7
2025-12-28T20:00:00-08:00,41,62,4.5
2025-12-28T20:30:00-08:00,42,63,4.9
2025-12-28T21:00:00-08:00,43,62,5.4
2025-12-28T21:30:00-08:00,42,63,4.1
2025-12-28T22:00:00-08:00,42,63,4.5
2025-12-28T22:30:00-08:00,41,62,2.6
2025-12-28T23:00:00-08:00,40,62,3
2025-12-28T23:30:00-08:00,42,61,3.9
2025-12-29T00:00:00-08:00,46,60,6.1
2025-12-29T00:30:00-08:00,47,60,8.6
2025-12-29T01:00:00-08:00,47,60,9
2025-12-29T01:30:00-08:00,48,58,6.8
2025-12-29T02:00:00-08:00,46,58,4.1
2025-12-29T02:30:00-08:00,44,59,4.9
2025-12-29T03:00:00-08:00,45,60,3.6
2025-12-29T03:30:00-08:00,43,61,5.8
2025-12-29T04:00:00-08:00,43,59,6.3
2025-12-29T04:30:00-08:00,44,58,7
2025-12-29T05:00:00-08:00,45,57,6.6
2025-12-29T05:30:00-08:00,47,57,6.7
2025-12-29T06:00:00-08:00,51,57,7.6
2025-12-29T06:30:00-08:00,49,58,8.8
2025-12-29T07:00:00-08:00,44,58,5.8
2025-12-29T07:30:00-08:00,43,59,6.2
2025-12-29T08:00:00-08:00,34,71,6.4
2025-12-29T08:30:00-08:00,22,85,6.3
2025-12-29T09:00:00-08:00,19,90,5.1
2025-12-29T09:30:00-08:00,16,97,2.7
2025-12-29T10:00:00-08:00,15,101,3.8
2025-12-29T10:30:00-08:00,15,100,5.1
2025-12-29T11:00:00-08:00,16,98,5.1
2025-12-29T11:30:00-08:00,17,91,4.7
2025-12-29T12:00:00-08:00,18,79,0.3
2025-12-29T12:30:00-08:00,20,76,0.2
2025-12-29T13:00:00-08:00,21,76,0.2
2025-12-29T13:30:00-08:00,20,76,0.1
2025-12-29T14:00:00-08:00,21,75,0.1
2025-12-29T14:30:00-08:00,22,74,0.2
2025-12-29T15:00:00-08:00,22,73,0.2
2025-12-29T15:30:00-08:00,23,72,0.3
2025-12-29T16:00:00-08:00,24,71,0.4
2025-12-29T16:30:00-08:00,23,69,0.3
2025-12-29T17:00:00-08:00,21,69,0.1
2025-12-29T17:30:00-08:00,20,70,0.1
2025-12-29T18:00:00-08:00,20,69,0.4
2025-12-29T18:30:00-08:00,20,69,0.7
2025-12-29T19:00:00-08:00,21,69,0.7
2025-12-29T19:30:00-08:00,23,68,1.3
2025-12-29T20:00:00-08:00,25,66,2.4
2025-12-29T20:30:00-08:00,27,65,3.4
2025-12-29T21:00:00-08:00,30,63,3.7
2025-12-29T21:30:00-08:00,33,62,6.1
2025-12-29T22:00:00-08:00,36,61,16.9
2025-12-29T22:30:00-08:00,37,60,14.8
2025-12-29T23:00:00-08:00,38,59,13.1
2025-12-29T23:30:00-08:00,39,58,10.3
2025-12-30T00:00:00-08:00,40,58,8
2025-12-30T00:30:00-08:00,40,57,5.8
2025-12-30T01:00:00-08:00,40,57,5.7
2025-12-30T01:30:00-08:00,40,56,4.8
2025-12-30T02:00:00-08:00,40,56,4.1
2025-12-30T02:30:00-08:00,41,56,4.1
2025-12-30T03:00:00-08:00,42,55,3.9
2025-12-30T03:30:00-08:00,42,55,3.2
2025-12-30T04:00:00-08:00,42,55,5.6
2025-12-30T04:30:00-08:00,43,55,6.6
2025-12-30T05:00:00-08:00,45,54,8.2
2025-12-30T05:30:00-08:00,43,55,6.5
2025-12-30T06:00:00-08:00,43,55,6.4
2025-12-30T06:30:00-08:00,43,54,6.5
2025-12-30T07:00:00-08:00,44,54,6.4
2025-12-30T07:30:00-08:00,44,54,7.7
2025-12-30T08:00:00-08:00,47,54,11.7
2025-12-30T08:30:00-08:00,49,54,13.5
2025-12-30T09:00:00-08:00,46,57,11.3
2025-12-30T09:30:00-08:00,43,60,11.4
2025-12-30T10:00:00-08:00,47,58,12.5
2025-12-30T10:30:00-08:00,48,59,13.5
2025-12-30T11:00:00-08:00,45,61,15.2
2025-12-30T11:30:00-08:00,45,62,15.2
2025-12-30T12:00:00-08:00,44,62,15
2025-12-30T12:30:00-08:00,46,61,15.4
2025-12-30T13:00:00-08:00,49,60,15.9
2025-12-30T13:30:00-08:00,49,60,15.3
2025-12-30T14:00:00-08:00,47,61,14.4
2025-12-30T14:30:00-08:00,46,62,14.9
2025-12-30T15:00:00-08:00,45,63,14.9
2025-12-30T15:30:00-08:00,44,64,14.8
2025-12-30T16:00:00-08:00,45,63,17.1
2025-12-30T16:30:00-08:00,48,61,20.4
2025-12-30T17:00:00-08:00,50,60,23.7
2025-12-30T17:30:00-08:00,54,58,29.3
2025-12-30T18:00:00-08:00,54,58,31.4
2025-12-30T18:30:00-08:00,55,58,33.3
2025-12-30T19:00:00-08:00,55,58,32.5
2025-12-30T19:30:00-08:00,54,58,31.8
2025-12-30T20:00:00-08:00,53,58,27.4
2025-12-30T20:30:00-08:00,51,59,23.2
2025-12-30T21:00:00-08:00,49,60,19.9
2025-12-30T21:30:00-08:00,47,61,17.5
2025-12-30T22:00:00-08:00,45,61,14.7
2025-12-30T22:30:00-08:00,44,63,13.2
2025-12-30T23:00:00-08:00,42,64,14.2
2025-12-30T23:30:00-08:00,44,63,19.2
2025-12-31T00:00:00-08:00,45,63,21.2
2025-12-31T00:30:00-08:00,45,63,23.2
2025-12-31T01:00:00-08:00,45,64,23
2025-12-31T01:30:00-08:00,46,64,24.7
2025-12-31T02:00:00-08:00,46,65,25.1
2025-12-31T02:30:00-08:00,45,65,23.3
2025-12-31T03:00:00-08:00,45,65,23.9
2025-12-31T03:30:00-08:00,45,65,24.8
2025-12-31T04:00:00-08:00,45,65,24.7
2025-12-31T04:30:00-08:00,44,66,25.4
2025-12-31T05:00:00-08:00,45,66,24.4
2025-12-31T05:30:00-08:00,45,66,23.6
2025-12-31T06:00:00-08:00,45,66,23.6
2025-12-31T06:30:00-08:00,45,67,23.5
2025-12-31T07:00:00-08:00,46,65,24.9
2025-12-31T07:30:00-08:00,46,65,25.3
2025-12-31T08:00:00-08:00,46,66,23.4
2025-12-31T08:30:00-08:00,44,67,23.3
2025-12-31T09:00:00-08:00,46,65,23.8
2025-12-31T09:30:00-08:00,48,64,24.8
2025-12-31T10:00:00-08:00,47,67,23.7
2025-12-31T10:30:00-08:00,46,68,23.5
2025-12-31T11:00:00-08:00,45,69,24.6
2025-12-31T11:30:00-08:00,44,68,24.4
2025-12-31T12:00:00-08:00,47,67,13.8
2025-12-31T12:30:00-08:00,47,66,8.9
2025-12-31T13:00:00-08:00,49,65,9.9
2025-12-31T13:30:00-08:00,50,65,11.9
2025-12-31T14:00:00-08:00,52,64,20.1
2025-12-31T14:30:00-08:00,54,63,22.9
2025-12-31T15:00:00-08:00,56,63,25.6
2025-12-31T15:30:00-08:00,56,63,26.2
2025-12-31T16:00:00-08:00,57,63,26.8
2025-12-31T16:30:00-08:00,57,64,26.2
2025-12-31T17:00:00-08:00,56,65,23.9
2025-12-31T17:30:00-08:00,55,66,23.5
2025-12-31T18:00:00-08:00,55,66,30.1
2025-12-31T18:30:00-08:00,54,67,26.9
2025-12-31T19:00:00-08:00,52,68,29
2025-12-31T19:30:00-08:00,55,67,15.6
2025-12-31T20:00:00-08:00,55,66,18.4
2025-12-31T20:30:00-08:00,58,64,12.3
2025-12-31T21:00:00-08:00,59,63,14.6
2025-12-31T21:30:00-08:00,58,63,24.9
2025-12-31T22:00:00-08:00,59,62,21.5
2025-12-31T22:30:00-08:00,60,62,25.8
2025-12-31T23:00:00-08:00,60,62,24.7
2025-12-31T23:30:00-08:00,60,62,18.9
2026-01-01T00:00:00-08:00,61,62,17.2
2026-01-01T00:30:00-08:00,61,62,16.9
2026-01-01T01:00:00-08:00,61,62,9.1
2026-01-01T01:30:00-08:00,61,62,4.7
2026-01-01T02:00:00-08:00,60,62,1.9
2026-01-01T02:30:00-08:00,60,62,2
2026-01-01T03:00:00-08:00,61,62,6.3
2026-01-01T03:30:00-08:00,61,63,6.6
2026-01-01T04:00:00-08:00,60,63,4.5
2026-01-01T04:30:00-08:00,59,63,3.6
2026-01-01T05:00:00-08:00,59,64,3.4
2026-01-01T05:30:00-08:00,59,64,3.9
2026-01-01T06:00:00-08:00,59,65,3.1
2026-01-01T06:30:00-08:00,55,67,2.5
2026-01-01T07:00:00-08:00,57,65,2
2026-01-01T07:30:00-08:00,59,65,3.2
2026-01-01T08:00:00-08:00,56,67,3.1
2026-01-01T08:30:00-08:00,57,67,2.6
2026-01-01T09:00:00-08:00,56,68,4.2
2026-01-01T09:30:00-08:00,58,68,3.6
2026-01-01T10:00:00-08:00,55,71,5.2
2026-01-01T10:30:00-08:00,54,71,5.1
2026-01-01T11:00:00-08:00,53,72,6.9
2026-01-01T11:30:00-08:00,52,75,7.4
2026-01-01T12:00:00-08:00,49,78,4.1
2026-01-01T12:30:00-08:00,48,77,2.2
2026-01-01T13:00:00-08:00,48,75,0.3
2026-01-01T13:30:00-08:00,50,74,0.2
2026-01-01T14:00:00-08:00,51,74,1.2
2026-01-01T14:30:00-08:00,49,74,0.5
2026-01-01T15:00:00-08:00,49,74,1.2
2026-01-01T15:30:00-08:00,48,74,1.1
2026-01-01T16:00:00-08:00,47,74,3.3
2026-01-01T16:30:00-08:00,47,74,1.5
2026-01-01T17:00:00-08:00,48,73,0.7
2026-01-01T17:30:00-08:00,49,73,1.1
2026-01-01T18:00:00-08:00,50,73,1
2026-01-01T18:30:00-08:00,51,72,1.4
2026-01-01T19:00:00-08:00,52,71,1
2026-01-01T19:30:00-08:00,54,70,3.7
2026-01-01T20:00:00-08:00,55,70,0.7
2026-01-01T20:30:00-08:00,55,69,0.4
2026-01-01T21:00:00-08:00,55,69,0.2
2026-01-01T21:30:00-08:00,54,69,0.3
2026-01-01T22:00:00-08:00,55,69,0.9
2026-01-01T22:30:00-08:00,56,68,0.1
2026-01-01T23:00:00-08:00,55,69,0
2026-01-01T23:30:00-08:00,54,69,0
2026-01-02T00:00:00-08:00,54,70,0.1
2026-01-02T00:30:00-08:00,52,70,0.2
2026-01-02T01:00:00-08:00,51,71,0.1
2026-01-02T01:30:00-08:00,50,70,0.2
2026-01-02T02:00:00-08:00,49,70,0.3
2026-01-02T02:30:00-08:00,48,71,0.3
2026-01-02T03:00:00-08:00,48,71,0.2
2026-01-02T03:30:00-08:00,47,72,0.4
2026-01-02T04:00:00-08:00,49,70,0.6
2026-01-02T04:30:00-08:00,49,70,0.7
2026-01-02T05:00:00-08:00,49,70,0.8
2026-01-02T05:30:00-08:00,50,69,0.8
2026-01-02T06:00:00-08:00,49,69,1.6
2026-01-02T06:30:00-08:00,48,69,1.2
2026-01-02T07:00:00-08:00,47,69,1
2026-01-02T07:30:00-08:00,47,69,0.8
2026-01-02T08:00:00-08:00,45,70,0.6
2026-01-02T08:30:00-08:00,43,72,0.6
2026-01-02T09:00:00-08:00,36,78,0.3
2026-01-02T09:30:00-08:00,31,81,0.2
2026-01-02T10:00:00-08:00,35,77,0.4
2026-01-02T10:30:00-08:00,36,77,0.4
2026-01-02T11:00:00-08:00,37,75,0.9
2026-01-02T11:30:00-08:00,38,74,0.6
2026-01-02T12:00:00-08:00,40,73,0.6
2026-01-02T12:30:00-08:00,38,74,0.4
2026-01-02T13:00:00-08:00,37,75,0.3
2026-01-02T13:30:00-08:00,36,75,0.2
2026-01-02T14:00:00-08:00,36,75,0.3
2026-01-02T14:30:00-08:00,37,74,1.3
2026-01-02T15:00:00-08:00,37,75,0.5
2026-01-02T15:30:00-08:00,38,75,0.1
2026-01-02T16:00:00-08:00,39,74,0.5
2026-01-02T16:30:00-08:00,40,73,0.3
2026-01-02T17:00:00-08:00,41,73,0
2026-01-02T17:30:00-08:00,43,72,0.3
2026-01-02T18:00:00-08:00,48,71,1.2
2026-01-02T18:30:00-08:00,50,70,0.2
2026-01-02T19:00:00-08:00,52,70,0.7
2026-01-02T19:30:00-08:00,55,69,0.1
2026-01-02T20:00:00-08:00,58,68,0.1
2026-01-02T20:30:00-08:00,59,68,0.4
2026-01-02T21:00:00-08:00,57,70,0.4
2026-01-02T21:30:00-08:00,59,70,0.1
2026-01-02T22:00:00-08:00,61,68,0
2026-01-02T22:30:00-08:00,61,68,0.1
2026-01-02T23:00:00-08:00,61,68,0
2026-01-02T23:30:00-08:00,60,68,0
2026-01-03T00:00:00-08:00,58,68,0
2026-01-03T00:30:00-08:00,56,68,0
2026-01-03T01:00:00-08:00,55,69,0.1
2026-01-03T01:30:00-08:00,54,69,0.2
2026-01-03T02:00:00-08:00,53,69,0.4
2026-01-03T02:30:00-08:00,53,69,0.5
2026-01-03T03:00:00-08:00,53,69,0.6
2026-01-03T03:30:00-08:00,53,69,0.6
2026-01-03T04:00:00-08:00,54,69,0.5
2026-01-03T04:30:00-08:00,51,70,0.4
2026-01-03T05:00:00-08:00,51,70,0.6
2026-01-03T05:30:00-08:00,53,69,0.8
2026-01-03T06:00:00-08:00,55,69,0.9
2026-01-03T06:30:00-08:00,55,69,0.8
2026-01-03T07:00:00-08:00,55,70,0.6
2026-01-03T07:30:00-08:00,54,70,0.6
2026-01-03T08:00:00-08:00,53,70,0.6
2026-01-03T08:30:00-08:00,53,70,0.3
2026-01-03T09:00:00-08:00,54,70,0.3
2026-01-03T09:30:00-08:00,52,72,0.5
2026-01-03T10:00:00-08:00,52,71,0.5
2026-01-03T10:30:00-08:00,50,74,0.4
2026-01-03T11:00:00-08:00,50,73,0.3
2026-01-03T11:30:00-08:00,49,75,0.3
2026-01-03T12:00:00-08:00,49,75,0.4
2026-01-03T12:30:00-08:00,48,76,0.2
2026-01-03T13:00:00-08:00,49,75,1.7
2026-01-03T13:30:00-08:00,45,77,1.8
2026-01-03T14:00:00-08:00,43,76,0.4
2026-01-03T14:30:00-08:00,41,75,0.3
2026-01-03T15:00:00-08:00,38,76,0.3
2026-01-03T15:30:00-08:00,39,76,1.2
2026-01-03T16:00:00-08:00,41,74,0.8
2026-01-03T16:30:00-08:00,43,73,1.4
2026-01-03T17:00:00-08:00,48,71,2.6
2026-01-03T17:30:00-08:00,49,70,1.9
2026-01-03T18:00:00-08:00,49,70,3.3
2026-01-03T18:30:00-08:00,48,70,1.6
2026-01-03T19:00:00-08:00,48,70,1.7
2026-01-03T19:30:00-08:00,49,69,1.4
2026-01-03T20:00:00-08:00,50,69,1.7
2026-01-03T20:30:00-08:00,52,69,1.8
2026-01-03T21:00:00-08:00,53,69,1.8
2026-01-03T21:30:00-08:00,52,69,4.7
2026-01-03T22:00:00-08:00,53,69,1.9
2026-01-03T22:30:00-08:00,53,68,1.5
2026-01-03T23:00:00-08:00,53,68,1.5
2026-01-03T23:30:00-08:00,52,68,1.2
2026-01-04T00:00:00-08:00,52,68,1.2
2026-01-04T00:30:00-08:00,53,68,1.1
2026-01-04T01:00:00-08:00,53,68,0.5
2026-01-04T01:30:00-08:00,56,67,0.4
2026-01-04T02:00:00-08:00,57,66,0.4
2026-01-04T02:30:00-08:00,57,67,0.3
2026-01-04T03:00:00-08:00,58,67,0.4
2026-01-04T03:30:00-08:00,59,67,0.2
2026-01-04T04:00:00-08:00,58,67,0.1
2026-01-04T04:30:00-08:00,56,68,0.1
2026-01-04T05:00:00-08:00,58,66,0.1
2026-01-04T05:30:00-08:00,59,67,0
2026-01-04T06:00:00-08:00,57,68,0
2026-01-04T06:30:00-08:00,58,67,0.1
2026-01-04T07:00:00-08:00,58,67,0.1
2026-01-04T07:30:00-08:00,59,67,0
2026-01-04T08:00:00-08:00,60,65,0.1
2026-01-04T08:30:00-08:00,62,65,0
2026-01-04T09:00:00-08:00,61,65,0
2026-01-04T09:30:00-08:00,59,66,0.2
2026-01-04T10:00:00-08:00,58,67,0.3
2026-01-04T10:30:00-08:00,57,68,0.6
2026-01-04T11:00:00-08:00,57,68,0.1
2026-01-04T11:30:00-08:00,57,68,0.2
2026-01-04T12:00:00-08:00,60,66,1
2026-01-04T12:30:00-08:00,60,66,1.1
2026-01-04T13:00:00-08:00,57,68,0.7
2026-01-04T13:30:00-08:00,55,69,0.4
2026-01-04T14:00:00-08:00,55,69,0.5
2026-01-04T14:30:00-08:00,53,71,1.7
2026-01-04T15:00:00-08:00,52,71,0.9
2026-01-04T15:30:00-08:00,53,71,0.2
2026-01-04T16:00:00-08:00,53,69,0.2
2026-01-04T16:30:00-08:00,54,69,2.2
2026-01-04T17:00:00-08:00,54,69,0.8
2026-01-04T17:30:00-08:00,52,70,1.2
2026-01-04T18:00:00-08:00,52,70,1.2
2026-01-04T18:30:00-08:00,52,69,3.8
2026-01-04T19:00:00-08:00,52,69,4.4
2026-01-04T19:30:00-08:00,52,69,5.2
2026-01-04T20:00:00-08:00,52,68,2.5
2026-01-04T20:30:00-08:00,55,67,4.3
2026-01-04T21:00:00-08:00,56,67,6.8
2026-01-04T21:30:00-08:00,54,67,4.4
2026-01-04T22:00:00-08:00,55,66,4.2
2026-01-04T22:30:00-08:00,54,66,2.6
2026-01-04T23:00:00-08:00,53,66,1.6
2026-01-04T23:30:00-08:00,54,64,1.2
2026-01-05T00:00:00-08:00,55,64,0.9
2026-01-05T00:30:00-08:00,55,63,1.1
2026-01-05T01:00:00-08:00,56,63,1.1
2026-01-05T01:30:00-08:00,55,64,0.5
2026-01-05T02:00:00-08:00,55,64,0.7
2026-01-05T02:30:00-08:00,54,64,1.2
2026-01-05T03:00:00-08:00,56,63,0.3
2026-01-05T03:30:00-08:00,56,63,0.1
2026-01-05T04:00:00-08:00,54,64,0.1
2026-01-05T04:30:00-08:00,54,64,0
2026-01-05T05:00:00-08:00,54,64,0.1
2026-01-05T05:30:00-08:00,54,64,0.2
2026-01-05T06:00:00-08:00,52,64,0.7
2026-01-05T06:30:00-08:00,52,64,12.4
2026-01-05T07:00:00-08:00,53,64,0
2026-01-05T07:30:00-08:00,53,64,0
2026-01-05T08:00:00-08:00,50,66,0.1
2026-01-05T08:30:00-08:00,41,72,0
2026-01-05T09:00:00-08:00,37,75,0.4
2026-01-05T09:30:00-08:00,43,70,0.1
2026-01-05T10:00:00-08:00,46,69,0
2026-01-05T10:30:00-08:00,42,72,0
2026-01-05T11:00:00-08:00,42,72,0
2026-01-05T11:30:00-08:00,43,70,0
2026-01-05T12:00:00-08:00,44,70,0
2026-01-05T12:30:00-08:00,46,69,0
2026-01-05T13:00:00-08:00,47,69,0.2
2026-01-05T13:30:00-08:00,47,70,0.4
2026-01-05T14:00:00-08:00,47,71,0.2
2026-01-05T14:30:00-08:00,48,69,0.2
2026-01-05T15:00:00-08:00,50,70,0.3
2026-01-05T15:30:00-08:00,52,70,0.4
2026-01-05T16:00:00-08:00,54,68,0.2
2026-01-05T16:30:00-08:00,56,68,2.4
2026-01-05T17:00:00-08:00,58,67,1.4
2026-01-05T17:30:00-08:00,56,69,4.5
2026-01-05T18:00:00-08:00,55,69,2.1
2026-01-05T18:30:00-08:00,58,67,2
2026-01-05T19:00:00-08:00,57,67,1.4
2026-01-05T19:30:00-08:00,58,65,1.3
2026-01-05T20:00:00-08:00,56,67,0.4
2026-01-05T20:30:00-08:00,54,67,0.9
2026-01-05T21:00:00-08:00,52,68,0.8
2026-01-05T21:30:00-08:00,53,67,0.5
2026-01-05T22:00:00-08:00,54,66,0.2
2026-01-05T22:30:00-08:00,54,66,0.2
2026-01-05T23:00:00-08:00,53,66,0.3
2026-01-05T23:30:00-08:00,52,68,0.4
2026-01-06T00:00:00-08:00,50,69,0.4
2026-01-06T00:30:00-08:00,49,70,0.5
2026-01-06T01:00:00-08:00,49,70,0.5
2026-01-06T01:30:00-08:00,50,69,0.3
2026-01-06T02:00:00-08:00,52,68,0.4
2026-01-06T02:30:00-08:00,55,66,0.2
2026-01-06T03:00:00-08:00,53,68,0.2
2026-01-06T03:30:00-08:00,51,69,0.2
2026-01-06T04:00:00-08:00,51,68,0.2
2026-01-06T04:30:00-08:00,50,69,0.1
2026-01-06T05:00:00-08:00,49,69,0.1
2026-01-06T05:30:00-08:00,50,68,0.1
2026-01-06T06:00:00-08:00,51,67,0.2
2026-01-06T06:30:00-08:00,51,66,0.3
2026-01-06T07:00:00-08:00,51,67,0.7
2026-01-06T07:30:00-08:00,51,67,1.5
2026-01-06T08:00:00-08:00,49,69,2.2
2026-01-06T08:30:00-08:00,45,72,2.7
2026-01-06T09:00:00-08:00,41,76,2.6
2026-01-06T09:30:00-08:00,28,91,0.7
2026-01-06T10:00:00-08:00,21,100,0
2026-01-06T10:30:00-08:00,19,104,0
2026-01-06T11:00:00-08:00,19,102,0
2026-01-06T11:30:00-08:00,21,97,0
2026-01-06T12:00:00-08:00,25,93,0.3
2026-01-06T12:30:00-08:00,26,91,0.3
2026-01-06T13:00:00-08:00,27,89,0.4
2026-01-06T13:30:00-08:00,30,86,0.5
2026-01-06T14:00:00-08:00,31,84,0.9
2026-01-06T14:30:00-08:00,32,84,1.2
2026-01-06T15:00:00-08:00,34,83,2.3
2026-01-06T15:30:00-08:00,36,80,4.2
2026-01-06T16:00:00-08:00,37,79,6.6
2026-01-06T16:30:00-08:00,39,77,6.1
2026-01-06T17:00:00-08:00,41,75,2.1
2026-01-06T17:30:00-08:00,45,72,0.8
2026-01-06T18:00:00-08:00,46,70,1.1
2026-01-06T18:30:00-08:00,46,70,0.7
2026-01-06T19:00:00-08:00,45,72,1.9
2026-01-06T19:30:00-08:00,46,71,4
2026-01-06T20:00:00-08:00,47,70,4.2
2026-01-06T20:30:00-08:00,47,69,3.6
2026-01-06T21:00:00-08:00,47,69,4.9
2026-01-06T21:30:00-08:00,47,68,4.8
2026-01-06T22:00:00-08:00,47,67,4.5
2026-01-06T22:30:00-08:00,49,66,5.7
2026-01-06T23:00:00-08:00,49,66,5.8
2026-01-06T23:30:00-08:00,49,65,5.8
2026-01-07T00:00:00-08:00,49,64,5
2026-01-07T00:30:00-08:00,49,64,4.5
2026-01-07T01:00:00-08:00,49,64,4.4
2026-01-07T01:30:00-08:00,51,64,5.1
2026-01-07T02:00:00-08:00,51,64,4.9
2026-01-07T02:30:00-08:00,51,65,5.7
2026-01-07T03:00:00-08:00,51,66,6.4
2026-01-07T03:30:00-08:00,53,64,8.1
2026-01-07T04:00:00-08:00,55,63,10.8
2026-01-07T04:30:00-08:00,53,64,11.3
2026-01-07T05:00:00-08:00,53,64,11.3
2026-01-07T05:30:00-08:00,54,65,11.6
2026-01-07T06:00:00-08:00,53,66,11.8
2026-01-07T06:30:00-08:00,52,67,12.6
2026-01-07T07:00:00-08:00,53,66,15.8
2026-01-07T07:30:00-08:00,52,66,15.6
2026-01-07T08:00:00-08:00,49,69,17.2
2026-01-07T08:30:00-08:00,37,80,15.3
2026-01-07T09:00:00-08:00,34,84,13.5
2026-01-07T09:30:00-08:00,26,93,6
2026-01-07T10:00:00-08:00,25,92,1.4
2026-01-07T10:30:00-08:00,26,89,0.3
2026-01-07T11:00:00-08:00,28,88,0.2
2026-01-07T11:30:00-08:00,28,86,0.3
2026-01-07T12:00:00-08:00,30,82,0.3
2026-01-07T12:30:00-08:00,33,80,0.3
2026-01-07T13:00:00-08:00,36,77,0.3
2026-01-07T13:30:00-08:00,38,76,0.7
2026-01-07T14:00:00-08:00,39,75,0.4
2026-01-07T14:30:00-08:00,40,74,0.2
2026-01-07T15:00:00-08:00,42,73,0.3
2026-01-07T15:30:00-08:00,44,72,0.1
2026-01-07T16:00:00-08:00,48,70,0.1
2026-01-07T16:30:00-08:00,51,68,0.9
2026-01-07T17:00:00-08:00,47,69,0.9
2026-01-07T17:30:00-08:00,44,69,1.2
2026-01-07T18:00:00-08:00,44,67,1.8
2026-01-07T18:30:00-08:00,46,66,2.2
2026-01-07T19:00:00-08:00,47,65,2.3
2026-01-07T19:30:00-08:00,46,66,5.8
2026-01-07T20:00:00-08:00,46,66,2.7
2026-01-07T20:30:00-08:00,47,66,4.1
2026-01-07T21:00:00-08:00,46,66,4.2
2026-01-07T21:30:00-08:00,44,67,4.3
2026-01-07T22:00:00-08:00,44,67,4
2026-01-07T22:30:00-08:00,44,67,4.8
2026-01-07T23:00:00-08:00,48,67,4.5
2026-01-07T23:30:00-08:00,51,66,5.1
