time_stamp,humidity,temperature,pm2.5_atm
2025-01-01T00:00:00-08:00,60,50,23.6
2025-01-01T00:30:00-08:00,61,50,49.3
2025-01-01T01:00:00-08:00,61,49,38.7
2025-01-01T01:30:00-08:00,61,48,22.4
2025-01-01T02:00:00-08:00,62,47,17.3
2025-01-01T02:30:00-08:00,63,47,18.5
2025-01-01T03:00:00-08:00,63,47,13
2025-01-01T03:30:00-08:00,63,46,5.2
2025-01-01T04:00:00-08:00,63,46,2.8
2025-01-01T04:30:00-08:00,63,45,3.4
2025-01-01T05:00:00-08:00,63,46,3.4
2025-01-01T05:30:00-08:00,62,46,2.7
2025-01-01T06:00:00-08:00,62,46,4.9
2025-01-01T06:30:00-08:00,62,47,4.2
2025-01-01T07:00:00-08:00,61,48,7.5
2025-01-01T07:30:00-08:00,63,48,14.8
2025-01-01T08:00:00-08:00,64,49,18.1
2025-01-01T08:30:00-08:00,61,52,23.2
2025-01-01T09:00:00-08:00,53,56,17.4
2025-01-01T09:30:00-08:00,47,59,12.2
2025-01-01T10:00:00-08:00,46,60,20.2
2025-01-01T10:30:00-08:00,46,61,21.5
2025-01-01T11:00:00-08:00,43,64,22.2
2025-01-01T11:30:00-08:00,40,66,17.2
2025-01-01T12:00:00-08:00,38,68,18.2
2025-01-01T12:30:00-08:00,36,69,15.8
2025-01-01T13:00:00-08:00,37,69,13
2025-01-01T13:30:00-08:00,40,67,17.4
2025-01-01T14:00:00-08:00,39,66,12.5
2025-01-01T14:30:00-08:00,39,66,11.7
2025-01-01T15:00:00-08:00,39,66,12.2
2025-01-01T15:30:00-08:00,41,65,15.8
2025-01-01T16:00:00-08:00,46,64,14.9
2025-01-01T16:30:00-08:00,49,63,9.8
2025-01-01T17:00:00-08:00,51,62,12.5
2025-01-01T17:30:00-08:00,52,62,13.5
2025-01-01T18:00:00-08:00,53,62,14.1
2025-01-01T18:30:00-08:00,55,61,13.3
2025-01-01T19:00:00-08:00,57,59,16
2025-01-01T19:30:00-08:00,60,58,19.5
2025-01-01T20:00:00-08:00,62,57,39.3
2025-01-01T20:30:00-08:00,63,56,30.6
2025-01-01T21:00:00-08:00,64,57,42.6
2025-01-01T21:30:00-08:00,63,57,39.5
2025-01-01T22:00:00-08:00,64,56,35.8
2025-01-01T22:30:00-08:00,64,55,30.5
2025-01-01T23:00:00-08:00,65,54,28.5
2025-01-01T23:30:00-08:00,66,54,25.5
2025-01-02T00:00:00-08:00,66,53,25.4
2025-01-02T00:30:00-08:00,67,53,21
2025-01-02T01:00:00-08:00,67,53,23.3
2025-01-02T01:30:00-08:00,66,53,22
2025-01-02T02:00:00-08:00,66,53,25.6
2025-01-02T02:30:00-08:00,64,53,23.1
2025-01-02T03:00:00-08:00,61,54,10.1
2025-01-02T03:30:00-08:00,58,55,8.7
2025-01-02T04:00:00-08:00,58,55,9.1
2025-01-02T04:30:00-08:00,59,54,7.8
2025-01-02T05:00:00-08:00,61,53,18.3
2025-01-02T05:30:00-08:00,62,54,20.2
2025-01-02T06:00:00-08:00,58,56,16
2025-01-02T06:30:00-08:00,59,55,14.8
2025-01-02T07:00:00-08:00,61,54,13.7
2025-01-02T07:30:00-08:00,62,53,16.2
2025-01-02T08:00:00-08:00,62,55,18.8
2025-01-02T08:30:00-08:00,58,57,15.7
2025-01-02T09:00:00-08:00,55,59,17.1
2025-01-02T09:30:00-08:00,53,61,17.4
2025-01-02T10:00:00-08:00,51,63,15.4
2025-01-02T10:30:00-08:00,48,64,15.3
2025-01-02T11:00:00-08:00,46,66,14.9
2025-01-02T11:30:00-08:00,45,68,14.8
2025-01-02T12:00:00-08:00,43,69,15.6
2025-01-02T12:30:00-08:00,44,69,22.1
2025-01-02T13:00:00-08:00,43,70,20.2
2025-01-02T13:30:00-08:00,41,72,19.2
2025-01-02T14:00:00-08:00,39,74,15.4
2025-01-02T14:30:00-08:00,39,73,13.5
2025-01-02T15:00:00-08:00,40,72,11.8
2025-01-02T15:30:00-08:00,40,71,10.1
2025-01-02T16:00:00-08:00,42,70,11.4
2025-01-02T16:30:00-08:00,44,68,14
2025-01-02T17:00:00-08:00,47,66,14.6
2025-01-02T17:30:00-08:00,50,64,13.3
2025-01-02T18:00:00-08:00,54,62,14.1
2025-01-02T18:30:00-08:00,56,61,18.2
2025-01-02T19:00:00-08:00,58,60,20.1
2025-01-02T19:30:00-08:00,60,59,19
2025-01-02T20:00:00-08:00,61,60,25.4
2025-01-02T20:30:00-08:00,59,60,30.2
2025-01-02T21:00:00-08:00,59,60,30.3
2025-01-02T21:30:00-08:00,61,59,27
2025-01-02T22:00:00-08:00,63,58,22.8
2025-01-02T22:30:00-08:00,63,58,22.2
2025-01-02T23:00:00-08:00,63,57,27.8
2025-01-02T23:30:00-08:00,64,58,28.1
2025-01-03T00:00:00-08:00,64,57,30.2
2025-01-03T00:30:00-08:00,64,57,30.8
2025-01-03T01:00:00-08:00,65,57,30.6
2025-01-03T01:30:00-08:00,65,57,28.3
2025-01-03T02:00:00-08:00,65,56,24.5
2025-01-03T02:30:00-08:00,67,56,23.2
2025-01-03T03:00:00-08:00,68,56,24.3
2025-01-03T03:30:00-08:00,67,57,25.5
2025-01-03T04:00:00-08:00,66,57,26
2025-01-03T04:30:00-08:00,66,57,25.9
2025-01-03T05:00:00-08:00,66,58,24.5
2025-01-03T05:30:00-08:00,65,59,23.7
2025-01-03T06:00:00-08:00,64,60,24.6
2025-01-03T06:30:00-08:00,67,60,29.1
2025-01-03T07:00:00-08:00,69,60,30.2
2025-01-03T07:30:00-08:00,69,61,28.5
2025-01-03T08:00:00-08:00,67,61,25.7
2025-01-03T08:30:00-08:00,64,61,21.3
2025-01-03T09:00:00-08:00,66,62,23.4
2025-01-03T09:30:00-08:00,68,61,24.2
2025-01-03T10:00:00-08:00,70,61,25.3
2025-01-03T10:30:00-08:00,70,62,23.8
2025-01-03T11:00:00-08:00,70,63,16.6
2025-01-03T11:30:00-08:00,70,64,9.1
2025-01-03T12:00:00-08:00,69,65,7.2
2025-01-03T12:30:00-08:00,67,67,6.4
2025-01-03T13:00:00-08:00,65,68,11.3
2025-01-03T13:30:00-08:00,61,68,4.1
2025-01-03T14:00:00-08:00,60,67,8.1
2025-01-03T14:30:00-08:00,61,66,0.3
2025-01-03T15:00:00-08:00,60,66,0.7
2025-01-03T15:30:00-08:00,62,65,1.4
2025-01-03T16:00:00-08:00,61,64,1.9
2025-01-03T16:30:00-08:00,63,63,1.9
2025-01-03T17:00:00-08:00,65,62,2.8
2025-01-03T17:30:00-08:00,66,61,4
2025-01-03T18:00:00-08:00,67,60,4.9
2025-01-03T18:30:00-08:00,68,59,5.6
2025-01-03T19:00:00-08:00,69,58,10.5
2025-01-03T19:30:00-08:00,68,56,20.1
2025-01-03T20:00:00-08:00,70,56,20.7
2025-01-03T20:30:00-08:00,69,55,30.9
2025-01-03T21:00:00-08:00,69,54,39.1
2025-01-03T21:30:00-08:00,68,54,23.4
2025-01-03T22:00:00-08:00,70,53,16.5
2025-01-03T22:30:00-08:00,70,55,29.6
2025-01-03T23:00:00-08:00,69,54,21.4
2025-01-03T23:30:00-08:00,69,54,17.8
2025-01-04T00:00:00-08:00,69,53,11.9
2025-01-04T00:30:00-08:00,69,52,9.9
2025-01-04T01:00:00-08:00,69,52,10.1
2025-01-04T01:30:00-08:00,69,52,8.6
2025-01-04T02:00:00-08:00,68,51,7.9
2025-01-04T02:30:00-08:00,70,51,6.2
2025-01-04T03:00:00-08:00,70,51,5.9
2025-01-04T03:30:00-08:00,70,51,5.4
2025-01-04T04:00:00-08:00,69,51,6.3
2025-01-04T04:30:00-08:00,70,50,5.1
2025-01-04T05:00:00-08:00,70,50,4.7
2025-01-04T05:30:00-08:00,70,50,4.3
2025-01-04T06:00:00-08:00,69,50,4.3
2025-01-04T06:30:00-08:00,68,50,8.2
2025-01-04T07:00:00-08:00,69,50,5
2025-01-04T07:30:00-08:00,69,50,4.3
2025-01-04T08:00:00-08:00,70,51,4.9
2025-01-04T08:30:00-08:00,71,54,6.6
2025-01-04T09:00:00-08:00,69,56,11.3
2025-01-04T09:30:00-08:00,66,59,8
2025-01-04T10:00:00-08:00,62,61,5.4
2025-01-04T10:30:00-08:00,59,63,5.4
2025-01-04T11:00:00-08:00,56,64,4.7
2025-01-04T11:30:00-08:00,54,65,4.2
2025-01-04T12:00:00-08:00,53,65,3.4
2025-01-04T12:30:00-08:00,51,66,3.2
2025-01-04T13:00:00-08:00,51,67,2.5
2025-01-04T13:30:00-08:00,52,66,2.3
2025-01-04T14:00:00-08:00,52,65,2.3
2025-01-04T14:30:00-08:00,56,63,3.3
2025-01-04T15:00:00-08:00,57,63,5
2025-01-04T15:30:00-08:00,57,62,4.1
2025-01-04T16:00:00-08:00,57,62,3.9
2025-01-04T16:30:00-08:00,59,61,3.5
2025-01-04T17:00:00-08:00,61,60,3.9
2025-01-04T17:30:00-08:00,63,58,4.1
2025-01-04T18:00:00-08:00,65,57,8.1
2025-01-04T18:30:00-08:00,66,56,30.2
2025-01-04T19:00:00-08:00,66,56,24.7
2025-01-04T19:30:00-08:00,67,56,29.6
2025-01-04T20:00:00-08:00,68,55,27.1
2025-01-04T20:30:00-08:00,67,54,35.2
2025-01-04T21:00:00-08:00,67,54,27
2025-01-04T21:30:00-08:00,68,53,20.4
2025-01-04T22:00:00-08:00,68,53,13.6
2025-01-04T22:30:00-08:00,68,52,15.8
2025-01-04T23:00:00-08:00,69,53,16.1
2025-01-04T23:30:00-08:00,67,54,13.9
2025-01-05T00:00:00-08:00,68,53,16.1
2025-01-05T00:30:00-08:00,68,53,28.6
2025-01-05T01:00:00-08:00,67,52,30.2
2025-01-05T01:30:00-08:00,68,52,16.8
2025-01-05T02:00:00-08:00,67,51,14.8
2025-01-05T02:30:00-08:00,67,51,13.7
2025-01-05T03:00:00-08:00,68,51,13.5
2025-01-05T03:30:00-08:00,68,51,13
2025-01-05T04:00:00-08:00,68,51,9
2025-01-05T04:30:00-08:00,67,52,7.9
2025-01-05T05:00:00-08:00,68,51,7.1
2025-01-05T05:30:00-08:00,67,50,7.4
2025-01-05T06:00:00-08:00,68,50,7.9
2025-01-05T06:30:00-08:00,68,49,11.8
2025-01-05T07:00:00-08:00,68,49,13.3
2025-01-05T07:30:00-08:00,68,49,8.4
2025-01-05T08:00:00-08:00,70,51,7.3
2025-01-05T08:30:00-08:00,70,53,5.1
2025-01-05T09:00:00-08:00,68,56,6.1
2025-01-05T09:30:00-08:00,67,57,13.7
2025-01-05T10:00:00-08:00,65,59,10.6
2025-01-05T10:30:00-08:00,62,61,9.3
2025-01-05T11:00:00-08:00,58,63,7
2025-01-05T11:30:00-08:00,55,65,8.9
2025-01-05T12:00:00-08:00,55,66,10.2
2025-01-05T12:30:00-08:00,53,67,9.9
2025-01-05T13:00:00-08:00,51,68,15.1
2025-01-05T13:30:00-08:00,49,69,9.4
2025-01-05T14:00:00-08:00,48,69,5.6
2025-01-05T14:30:00-08:00,48,69,4.9
2025-01-05T15:00:00-08:00,47,69,6.1
2025-01-05T15:30:00-08:00,48,68,6.2
2025-01-05T16:00:00-08:00,48,67,5.3
2025-01-05T16:30:00-08:00,49,66,3.7
2025-01-05T17:00:00-08:00,52,64,3.6
2025-01-05T17:30:00-08:00,56,62,4.6
2025-01-05T18:00:00-08:00,59,60,27.6
2025-01-05T18:30:00-08:00,61,59,23.2
2025-01-05T19:00:00-08:00,63,58,14.4
2025-01-05T19:30:00-08:00,65,57,16.2
2025-01-05T20:00:00-08:00,65,57,23.8
2025-01-05T20:30:00-08:00,65,56,22.1
2025-01-05T21:00:00-08:00,67,55,21.8
2025-01-05T21:30:00-08:00,67,55,21.8
2025-01-05T22:00:00-08:00,67,54,36.3
2025-01-05T22:30:00-08:00,67,53,11.1
2025-01-05T23:00:00-08:00,68,53,7.7
2025-01-05T23:30:00-08:00,67,52,5.8
2025-01-06T00:00:00-08:00,68,52,5.8
2025-01-06T00:30:00-08:00,68,52,5.8
2025-01-06T01:00:00-08:00,68,51,6.3
2025-01-06T01:30:00-08:00,68,51,6.6
2025-01-06T02:00:00-08:00,68,51,6.2
2025-01-06T02:30:00-08:00,68,51,6.8
2025-01-06T03:00:00-08:00,68,50,6.8
2025-01-06T03:30:00-08:00,69,50,6.9
2025-01-06T04:00:00-08:00,68,50,6.6
2025-01-06T04:30:00-08:00,68,50,6
2025-01-06T05:00:00-08:00,68,49,5.3
2025-01-06T05:30:00-08:00,68,49,6.7
2025-01-06T06:00:00-08:00,68,49,7.7
2025-01-06T06:30:00-08:00,68,49,5.9
2025-01-06T07:00:00-08:00,68,49,4.6
2025-01-06T07:30:00-08:00,68,49,6.1
2025-01-06T08:00:00-08:00,70,50,8
2025-01-06T08:30:00-08:00,71,53,9.5
2025-01-06T09:00:00-08:00,68,56,12.5
2025-01-06T09:30:00-08:00,64,58,14.3
2025-01-06T10:00:00-08:00,60,61,11.6
2025-01-06T10:30:00-08:00,58,63,14.5
2025-01-06T11:00:00-08:00,55,65,16.9
2025-01-06T11:30:00-08:00,53,67,16.8
2025-01-06T12:00:00-08:00,52,68,20.3
2025-01-06T12:30:00-08:00,54,68,23.8
2025-01-06T13:00:00-08:00,55,67,28.3
2025-01-06T13:30:00-08:00,56,67,25.6
2025-01-06T14:00:00-08:00,55,68,22.5
2025-01-06T14:30:00-08:00,55,68,22.1
2025-01-06T15:00:00-08:00,58,66,23.3
2025-01-06T15:30:00-08:00,59,66,14.6
2025-01-06T16:00:00-08:00,62,65,11.4
2025-01-06T16:30:00-08:00,65,64,9
2025-01-06T17:00:00-08:00,66,63,12.3
2025-01-06T17:30:00-08:00,68,62,11
2025-01-06T18:00:00-08:00,73,61,7
2025-01-06T18:30:00-08:00,73,62,9.7
2025-01-06T19:00:00-08:00,72,62,17.2
2025-01-06T19:30:00-08:00,72,62,18.6
2025-01-06T20:00:00-08:00,70,63,23.9
2025-01-06T20:30:00-08:00,68,63,28.7
2025-01-06T21:00:00-08:00,67,63,30
2025-01-06T21:30:00-08:00,66,63,28.6
2025-01-06T22:00:00-08:00,66,63,28.3
2025-01-06T22:30:00-08:00,66,63,28.1
2025-01-06T23:00:00-08:00,67,62,28.7
2025-01-06T23:30:00-08:00,67,60,28.1
2025-01-07T00:00:00-08:00,68,59,28
2025-01-07T00:30:00-08:00,72,58,28.9
2025-01-07T01:00:00-08:00,70,58,16.7
2025-01-07T01:30:00-08:00,67,58,9.9
2025-01-07T02:00:00-08:00,62,58,4.5
2025-01-07T02:30:00-08:00,63,57,10.9
2025-01-07T03:00:00-08:00,63,55,3.8
2025-01-07T03:30:00-08:00,62,54,1.8
2025-01-07T04:00:00-08:00,60,54,1.6
2025-01-07T04:30:00-08:00,51,57,9.8
2025-01-07T05:00:00-08:00,47,58,4.8
2025-01-07T05:30:00-08:00,47,57,18.8
2025-01-07T06:00:00-08:00,46,57,22.7
2025-01-07T06:30:00-08:00,43,58,0.5
2025-01-07T07:00:00-08:00,43,58,0.1
2025-01-07T07:30:00-08:00,43,58,0.7
2025-01-07T08:00:00-08:00,42,59,0.1
2025-01-07T08:30:00-08:00,40,61,0.3
2025-01-07T09:00:00-08:00,38,62,0.1
2025-01-07T09:30:00-08:00,36,65,0.1
2025-01-07T10:00:00-08:00,34,66,0.2
2025-01-07T10:30:00-08:00,33,68,5.2
2025-01-07T11:00:00-08:00,31,69,2.2
2025-01-07T11:30:00-08:00,27,71,0.1
2025-01-07T12:00:00-08:00,25,72,0
2025-01-07T12:30:00-08:00,23,74,0
2025-01-07T13:00:00-08:00,21,75,0.6
2025-01-07T13:30:00-08:00,20,76,3.2
2025-01-07T14:00:00-08:00,20,76,0.2
2025-01-07T14:30:00-08:00,21,75,0
2025-01-07T15:00:00-08:00,22,75,0
2025-01-07T15:30:00-08:00,22,74,0
2025-01-07T16:00:00-08:00,23,72,0
2025-01-07T16:30:00-08:00,22,70,0
2025-01-07T17:00:00-08:00,23,69,0
2025-01-07T17:30:00-08:00,25,67,0.3
2025-01-07T18:00:00-08:00,25,66,0.1
2025-01-07T18:30:00-08:00,24,67,0.1
2025-01-07T19:00:00-08:00,25,66,0.6
2025-01-07T19:30:00-08:00,28,64,0.6
2025-01-07T20:00:00-08:00,28,63,0.7
2025-01-07T20:30:00-08:00,26,65,0.5
2025-01-07T21:00:00-08:00,26,65,0.9
2025-01-07T21:30:00-08:00,30,63,3.1
2025-01-07T22:00:00-08:00,34,60,2.1
2025-01-07T22:30:00-08:00,36,59,1.6
2025-01-07T23:00:00-08:00,36,58,1.5
2025-01-07T23:30:00-08:00,26,63,0.1
2025-01-08T00:00:00-08:00,22,66,0
2025-01-08T00:30:00-08:00,22,66,0
2025-01-08T01:00:00-08:00,22,65,0
2025-01-08T01:30:00-08:00,24,64,0
2025-01-08T02:00:00-08:00,27,62,0.2
2025-01-08T02:30:00-08:00,32,59,0.3
2025-01-08T03:00:00-08:00,34,58,0.2
2025-01-08T03:30:00-08:00,33,58,0.3
2025-01-08T04:00:00-08:00,33,59,0.1
2025-01-08T04:30:00-08:00,34,58,0.1
2025-01-08T05:00:00-08:00,34,58,2.2
2025-01-08T05:30:00-08:00,34,58,5.6
2025-01-08T06:00:00-08:00,34,58,2.5
2025-01-08T06:30:00-08:00,34,58,8.2
2025-01-08T07:00:00-08:00,34,57,34
2025-01-08T07:30:00-08:00,33,58,1.1
2025-01-08T08:00:00-08:00,33,59,0.1
2025-01-08T08:30:00-08:00,32,61,0.2
2025-01-08T09:00:00-08:00,31,62,0.3
2025-01-08T09:30:00-08:00,29,64,0.1
2025-01-08T10:00:00-08:00,27,66,0.1
2025-01-08T10:30:00-08:00,26,68,0.2
2025-01-08T11:00:00-08:00,25,69,2
2025-01-08T11:30:00-08:00,23,71,2
2025-01-08T12:00:00-08:00,23,72,0.1
2025-01-08T12:30:00-08:00,24,72,0.1
2025-01-08T13:00:00-08:00,23,73,0.3
2025-01-08T13:30:00-08:00,22,74,0.2
2025-01-08T14:00:00-08:00,22,75,0.1
2025-01-08T14:30:00-08:00,22,75,0.2
2025-01-08T15:00:00-08:00,22,74,0.1
2025-01-08T15:30:00-08:00,22,73,0.1
2025-01-08T16:00:00-08:00,22,73,0.2
2025-01-08T16:30:00-08:00,24,71,0.2
2025-01-08T17:00:00-08:00,27,68,3
2025-01-08T17:30:00-08:00,31,65,1.7
2025-01-08T18:00:00-08:00,35,62,2.6
2025-01-08T18:30:00-08:00,39,60,5
2025-01-08T19:00:00-08:00,42,59,4.1
2025-01-08T19:30:00-08:00,44,58,6.5
2025-01-08T20:00:00-08:00,45,57,9.3
2025-01-08T20:30:00-08:00,47,56,8.2
2025-01-08T21:00:00-08:00,49,55,6.8
2025-01-08T21:30:00-08:00,50,54,8.8
2025-01-08T22:00:00-08:00,50,54,14.8
2025-01-08T22:30:00-08:00,51,53,14.8
2025-01-08T23:00:00-08:00,52,52,11.1
2025-01-08T23:30:00-08:00,53,52,10.7
2025-01-09T00:00:00-08:00,54,51,8.5
2025-01-09T00:30:00-08:00,54,51,8
2025-01-09T01:00:00-08:00,55,51,6.3
2025-01-09T01:30:00-08:00,56,50,4.7
2025-01-09T02:00:00-08:00,56,50,4
2025-01-09T02:30:00-08:00,57,49,3.2
2025-01-09T03:00:00-08:00,57,49,3.4
2025-01-09T03:30:00-08:00,58,49,4.5
2025-01-09T04:00:00-08:00,58,49,5.1
2025-01-09T04:30:00-08:00,60,49,8.4
2025-01-09T05:00:00-08:00,61,50,7.5
2025-01-09T05:30:00-08:00,63,51,8.5
2025-01-09T06:00:00-08:00,63,51,8.4
2025-01-09T06:30:00-08:00,63,51,9
2025-01-09T07:00:00-08:00,62,51,9
2025-01-09T07:30:00-08:00,60,52,8.9
2025-01-09T08:00:00-08:00,60,53,9.2
2025-01-09T08:30:00-08:00,57,56,9.5
2025-01-09T09:00:00-08:00,49,61,11.1
2025-01-09T09:30:00-08:00,41,64,4.5
2025-01-09T10:00:00-08:00,36,67,4
2025-01-09T10:30:00-08:00,32,70,3.4
2025-01-09T11:00:00-08:00,30,72,3.2
2025-01-09T11:30:00-08:00,31,73,4.5
2025-01-09T12:00:00-08:00,27,74,2.6
2025-01-09T12:30:00-08:00,25,75,2.6
2025-01-09T13:00:00-08:00,24,76,8.7
2025-01-09T13:30:00-08:00,24,77,6.2
2025-01-09T14:00:00-08:00,23,77,2.2
2025-01-09T14:30:00-08:00,23,78,2.1
2025-01-09T15:00:00-08:00,23,76,9.3
2025-01-09T15:30:00-08:00,24,75,2.5
2025-01-09T16:00:00-08:00,25,74,2.4
2025-01-09T16:30:00-08:00,28,73,2.6
2025-01-09T17:00:00-08:00,32,69,6.7
2025-01-09T17:30:00-08:00,33,67,14.9
2025-01-09T18:00:00-08:00,33,67,14.8
2025-01-09T18:30:00-08:00,38,64,6.2
2025-01-09T19:00:00-08:00,42,61,6.7
2025-01-09T19:30:00-08:00,45,59,8
2025-01-09T20:00:00-08:00,47,58,10.8
2025-01-09T20:30:00-08:00,47,58,10.8
2025-01-09T21:00:00-08:00,48,57,9.9
2025-01-09T21:30:00-08:00,48,57,10.7
2025-01-09T22:00:00-08:00,49,57,20.9
2025-01-09T22:30:00-08:00,50,56,12.5
2025-01-09T23:00:00-08:00,46,57,7.9
2025-01-09T23:30:00-08:00,45,57,10.4
2025-01-10T00:00:00-08:00,49,55,11.5
2025-01-10T00:30:00-08:00,50,54,9.8
2025-01-10T01:00:00-08:00,51,54,9.4
2025-01-10T01:30:00-08:00,52,53,8.7
2025-01-10T02:00:00-08:00,50,53,6.2
2025-01-10T02:30:00-08:00,50,53,5.2
2025-01-10T03:00:00-08:00,50,54,6
2025-01-10T03:30:00-08:00,50,53,7
2025-01-10T04:00:00-08:00,52,52,6.2
2025-01-10T04:30:00-08:00,54,51,6.2
2025-01-10T05:00:00-08:00,54,51,6.5
2025-01-10T05:30:00-08:00,55,51,7.1
2025-01-10T06:00:00-08:00,56,51,7
2025-01-10T06:30:00-08:00,57,50,8.6
2025-01-10T07:00:00-08:00,57,50,9.8
2025-01-10T07:30:00-08:00,58,50,9.7
2025-01-10T08:00:00-08:00,58,51,13.4
2025-01-10T08:30:00-08:00,53,55,10.8
2025-01-10T09:00:00-08:00,47,58,9.9
2025-01-10T09:30:00-08:00,42,61,6.3
2025-01-10T10:00:00-08:00,38,64,4.9
2025-01-10T10:30:00-08:00,34,67,5.1
2025-01-10T11:00:00-08:00,31,69,7.8
2025-01-10T11:30:00-08:00,29,71,6.4
2025-01-10T12:00:00-08:00,28,73,5.4
2025-01-10T12:30:00-08:00,28,74,5.5
2025-01-10T13:00:00-08:00,29,75,5.2
2025-01-10T13:30:00-08:00,28,76,15
2025-01-10T14:00:00-08:00,26,76,11.3
2025-01-10T14:30:00-08:00,25,76,6.2
2025-01-10T15:00:00-08:00,26,75,7.3
2025-01-10T15:30:00-08:00,29,73,4.3
2025-01-10T16:00:00-08:00,30,72,4.1
2025-01-10T16:30:00-08:00,32,70,4.3
2025-01-10T17:00:00-08:00,34,68,5.9
2025-01-10T17:30:00-08:00,36,66,6.7
2025-01-10T18:00:00-08:00,45,64,5.1
2025-01-10T18:30:00-08:00,54,63,7.2
2025-01-10T19:00:00-08:00,60,61,9
2025-01-10T19:30:00-08:00,66,60,10
2025-01-10T20:00:00-08:00,67,60,10
2025-01-10T20:30:00-08:00,67,60,9.1
2025-01-10T21:00:00-08:00,67,59,10.9
2025-01-10T21:30:00-08:00,67,58,8
2025-01-10T22:00:00-08:00,66,57,12.9
2025-01-10T22:30:00-08:00,66,56,10.6
2025-01-10T23:00:00-08:00,66,55,10.8
2025-01-10T23:30:00-08:00,66,58,14.8
2025-01-11T00:00:00-08:00,66,59,10.7
2025-01-11T00:30:00-08:00,65,60,10.2
2025-01-11T01:00:00-08:00,65,60,9.8
2025-01-11T01:30:00-08:00,65,57,19
2025-01-11T02:00:00-08:00,66,56,23.9
2025-01-11T02:30:00-08:00,65,55,26.4
2025-01-11T03:00:00-08:00,66,54,10.4
2025-01-11T03:30:00-08:00,67,53,10.6
2025-01-11T04:00:00-08:00,67,52,10.7
2025-01-11T04:30:00-08:00,67,51,11.1
2025-01-11T05:00:00-08:00,67,51,10.9
2025-01-11T05:30:00-08:00,67,51,12
2025-01-11T06:00:00-08:00,70,53,21
2025-01-11T06:30:00-08:00,69,52,21.6
2025-01-11T07:00:00-08:00,69,50,21.6
2025-01-11T07:30:00-08:00,69,50,18.6
2025-01-11T08:00:00-08:00,71,50,24.3
2025-01-11T08:30:00-08:00,73,53,25.3
2025-01-11T09:00:00-08:00,66,57,15.4
2025-01-11T09:30:00-08:00,50,60,4.7
2025-01-11T10:00:00-08:00,44,62,5
2025-01-11T10:30:00-08:00,29,66,0.1
2025-01-11T11:00:00-08:00,24,68,1.1
2025-01-11T11:30:00-08:00,22,69,0.1
2025-01-11T12:00:00-08:00,20,71,0
2025-01-11T12:30:00-08:00,19,72,0
2025-01-11T13:00:00-08:00,21,74,0
2025-01-11T13:30:00-08:00,23,74,0
2025-01-11T14:00:00-08:00,19,75,0.8
2025-01-11T14:30:00-08:00,14,76,16
2025-01-11T15:00:00-08:00,13,75,0.7
2025-01-11T15:30:00-08:00,13,74,0
2025-01-11T16:00:00-08:00,14,73,0
2025-01-11T16:30:00-08:00,14,71,0
2025-01-11T17:00:00-08:00,17,68,0.9
2025-01-11T17:30:00-08:00,21,64,1.5
2025-01-11T18:00:00-08:00,20,63,2.7
2025-01-11T18:30:00-08:00,22,62,3.4
2025-01-11T19:00:00-08:00,22,60,1.5
2025-01-11T19:30:00-08:00,23,60,1.9
2025-01-11T20:00:00-08:00,21,61,1.6
2025-01-11T20:30:00-08:00,22,59,3.7
2025-01-11T21:00:00-08:00,25,58,3.9
2025-01-11T21:30:00-08:00,22,60,0.9
2025-01-11T22:00:00-08:00,22,60,5.3
2025-01-11T22:30:00-08:00,23,59,0.4
2025-01-11T23:00:00-08:00,23,58,0.4
2025-01-11T23:30:00-08:00,22,60,0.1
2025-01-12T00:00:00-08:00,22,60,0.3
2025-01-12T00:30:00-08:00,19,63,0.1
2025-01-12T01:00:00-08:00,20,62,0
2025-01-12T01:30:00-08:00,22,60,0.1
2025-01-12T02:00:00-08:00,22,61,0
2025-01-12T02:30:00-08:00,26,57,2.6
2025-01-12T03:00:00-08:00,28,55,0
2025-01-12T03:30:00-08:00,32,53,0.1
2025-01-12T04:00:00-08:00,34,51,0.8
2025-01-12T04:30:00-08:00,36,50,4.9
2025-01-12T05:00:00-08:00,39,49,1.5
2025-01-12T05:30:00-08:00,40,48,1.8
2025-01-12T06:00:00-08:00,42,48,0.2
2025-01-12T06:30:00-08:00,42,47,0.1
2025-01-12T07:00:00-08:00,43,47,0.1
2025-01-12T07:30:00-08:00,43,47,0.1
2025-01-12T08:00:00-08:00,37,52,0.2
2025-01-12T08:30:00-08:00,31,57,2
2025-01-12T09:00:00-08:00,28,60,0
2025-01-12T09:30:00-08:00,28,62,0
2025-01-12T10:00:00-08:00,25,64,0
2025-01-12T10:30:00-08:00,24,65,0.1
2025-01-12T11:00:00-08:00,24,67,0.2
2025-01-12T11:30:00-08:00,24,68,5
2025-01-12T12:00:00-08:00,22,70,0.2
2025-01-12T12:30:00-08:00,20,72,0.1
2025-01-12T13:00:00-08:00,18,73,0
2025-01-12T13:30:00-08:00,18,73,0
2025-01-12T14:00:00-08:00,17,74,0
2025-01-12T14:30:00-08:00,17,75,0
2025-01-12T15:00:00-08:00,19,74,0
2025-01-12T15:30:00-08:00,20,72,0
2025-01-12T16:00:00-08:00,21,71,0
2025-01-12T16:30:00-08:00,24,69,0
2025-01-12T17:00:00-08:00,26,66,0.2
2025-01-12T17:30:00-08:00,27,64,0.5
2025-01-12T18:00:00-08:00,29,62,0.9
2025-01-12T18:30:00-08:00,32,60,2.5
2025-01-12T19:00:00-08:00,35,58,0.9
2025-01-12T19:30:00-08:00,36,57,2.6
2025-01-12T20:00:00-08:00,39,56,9
2025-01-12T20:30:00-08:00,42,54,8.3
2025-01-12T21:00:00-08:00,44,52,11.2
2025-01-12T21:30:00-08:00,46,51,9.9
2025-01-12T22:00:00-08:00,47,51,8.2
2025-01-12T22:30:00-08:00,48,50,6.3
2025-01-12T23:00:00-08:00,49,50,6
2025-01-12T23:30:00-08:00,50,49,4.7
2025-01-13T00:00:00-08:00,51,48,3.7
2025-01-13T00:30:00-08:00,52,49,3.4
2025-01-13T01:00:00-08:00,52,51,3.5
2025-01-13T01:30:00-08:00,51,51,4.5
2025-01-13T02:00:00-08:00,51,50,4.8
2025-01-13T02:30:00-08:00,52,49,4.8
2025-01-13T03:00:00-08:00,53,48,4.8
2025-01-13T03:30:00-08:00,49,50,1.6
2025-01-13T04:00:00-08:00,48,51,1.3
2025-01-13T04:30:00-08:00,48,52,1.3
2025-01-13T05:00:00-08:00,47,52,1.7
2025-01-13T05:30:00-08:00,45,53,7.7
2025-01-13T06:00:00-08:00,47,52,6
2025-01-13T06:30:00-08:00,50,51,16.4
2025-01-13T07:00:00-08:00,53,51,31.6
2025-01-13T07:30:00-08:00,53,52,30.5
2025-01-13T08:00:00-08:00,48,53,17.3
2025-01-13T08:30:00-08:00,42,55,4.9
2025-01-13T09:00:00-08:00,39,57,1.9
2025-01-13T09:30:00-08:00,35,58,2.7
2025-01-13T10:00:00-08:00,32,60,0.1
2025-01-13T10:30:00-08:00,30,62,0.1
2025-01-13T11:00:00-08:00,28,64,0
2025-01-13T11:30:00-08:00,26,65,0
2025-01-13T12:00:00-08:00,25,66,0
2025-01-13T12:30:00-08:00,24,67,0.1
2025-01-13T13:00:00-08:00,24,68,3
2025-01-13T13:30:00-08:00,23,69,0.4
2025-01-13T14:00:00-08:00,22,70,0.4
2025-01-13T14:30:00-08:00,22,69,0.3
2025-01-13T15:00:00-08:00,21,69,0
2025-01-13T15:30:00-08:00,22,68,1.1
2025-01-13T16:00:00-08:00,24,67,4.1
2025-01-13T16:30:00-08:00,25,66,0.5
2025-01-13T17:00:00-08:00,26,64,0
2025-01-13T17:30:00-08:00,29,60,0.2
2025-01-13T18:00:00-08:00,32,58,0.6
2025-01-13T18:30:00-08:00,35,56,3.5
2025-01-13T19:00:00-08:00,38,55,2.2
2025-01-13T19:30:00-08:00,39,54,4.2
2025-01-13T20:00:00-08:00,39,54,3.9
2025-01-13T20:30:00-08:00,41,53,6.1
2025-01-13T21:00:00-08:00,42,52,6
2025-01-13T21:30:00-08:00,44,51,7.1
2025-01-13T22:00:00-08:00,46,50,9.6
2025-01-13T22:30:00-08:00,48,49,12.6
2025-01-13T23:00:00-08:00,49,49,8.3
2025-01-13T23:30:00-08:00,50,48,6.9
2025-01-14T00:00:00-08:00,51,47,8
2025-01-14T00:30:00-08:00,52,47,7.3
2025-01-14T01:00:00-08:00,52,47,4.8
2025-01-14T01:30:00-08:00,53,47,3.7
2025-01-14T02:00:00-08:00,53,46,3.2
2025-01-14T02:30:00-08:00,54,46,2.4
2025-01-14T03:00:00-08:00,54,45,3
2025-01-14T03:30:00-08:00,55,44,2.7
2025-01-14T04:00:00-08:00,56,44,2.8
2025-01-14T04:30:00-08:00,56,44,3
2025-01-14T05:00:00-08:00,56,44,2.7
2025-01-14T05:30:00-08:00,56,44,9.3
2025-01-14T06:00:00-08:00,56,43,7.4
2025-01-14T06:30:00-08:00,57,43,5.4
2025-01-14T07:00:00-08:00,57,43,5.2
2025-01-14T07:30:00-08:00,58,43,4.4
2025-01-14T08:00:00-08:00,58,45,5
2025-01-14T08:30:00-08:00,54,49,9
2025-01-14T09:00:00-08:00,47,52,8.7
2025-01-14T09:30:00-08:00,43,55,6.6
2025-01-14T10:00:00-08:00,38,57,8.3
2025-01-14T10:30:00-08:00,35,60,4.3
2025-01-14T11:00:00-08:00,33,62,5.2
2025-01-14T11:30:00-08:00,33,64,8.3
2025-01-14T12:00:00-08:00,32,65,7.6
2025-01-14T12:30:00-08:00,30,67,6.9
2025-01-14T13:00:00-08:00,29,68,6.6
2025-01-14T13:30:00-08:00,29,68,2
2025-01-14T14:00:00-08:00,27,69,1.3
2025-01-14T14:30:00-08:00,26,70,1.5
2025-01-14T15:00:00-08:00,26,70,1.4
2025-01-14T15:30:00-08:00,27,69,1.2
2025-01-14T16:00:00-08:00,27,68,1.6
2025-01-14T16:30:00-08:00,28,67,2.4
2025-01-14T17:00:00-08:00,31,65,3.1
2025-01-14T17:30:00-08:00,36,62,5.9
2025-01-14T18:00:00-08:00,39,59,14.3
2025-01-14T18:30:00-08:00,43,57,20.1
2025-01-14T19:00:00-08:00,46,56,31.2
2025-01-14T19:30:00-08:00,47,55,21.6
2025-01-14T20:00:00-08:00,49,54,28.7
2025-01-14T20:30:00-08:00,50,53,10.6
2025-01-14T21:00:00-08:00,52,52,17.4
2025-01-14T21:30:00-08:00,53,51,14.2
2025-01-14T22:00:00-08:00,54,50,12.3
2025-01-14T22:30:00-08:00,55,50,11.3
2025-01-14T23:00:00-08:00,56,50,12.3
2025-01-14T23:30:00-08:00,56,49,11
2025-01-15T00:00:00-08:00,57,48,11.1
2025-01-15T00:30:00-08:00,57,48,9.6
2025-01-15T01:00:00-08:00,58,48,10
2025-01-15T01:30:00-08:00,57,48,7.9
2025-01-15T02:00:00-08:00,57,47,5.5
2025-01-15T02:30:00-08:00,57,47,5
2025-01-15T03:00:00-08:00,58,46,4.8
2025-01-15T03:30:00-08:00,58,46,4.9
2025-01-15T04:00:00-08:00,58,46,4.9
2025-01-15T04:30:00-08:00,58,45,4.5
2025-01-15T05:00:00-08:00,58,45,5.2
2025-01-15T05:30:00-08:00,58,45,4.5
2025-01-15T06:00:00-08:00,59,46,5.5
2025-01-15T06:30:00-08:00,58,46,5.9
2025-01-15T07:00:00-08:00,57,45,6.3
2025-01-15T07:30:00-08:00,58,45,7.8
2025-01-15T08:00:00-08:00,60,47,12.1
2025-01-15T08:30:00-08:00,57,50,15
2025-01-15T09:00:00-08:00,53,52,15.9
2025-01-15T09:30:00-08:00,49,55,15.8
2025-01-15T10:00:00-08:00,45,58,15.4
2025-01-15T10:30:00-08:00,41,60,12
2025-01-15T11:00:00-08:00,38,63,11.1
2025-01-15T11:30:00-08:00,36,65,12.3
2025-01-15T12:00:00-08:00,34,67,13.3
2025-01-15T12:30:00-08:00,33,68,14
2025-01-15T13:00:00-08:00,34,69,14.9
2025-01-15T13:30:00-08:00,35,69,16.8
2025-01-15T14:00:00-08:00,36,69,20.3
2025-01-15T14:30:00-08:00,36,70,21.7
2025-01-15T15:00:00-08:00,35,70,21.3
2025-01-15T15:30:00-08:00,35,70,21.5
2025-01-15T16:00:00-08:00,36,69,23.3
2025-01-15T16:30:00-08:00,37,67,23.5
2025-01-15T17:00:00-08:00,40,64,22.9
2025-01-15T17:30:00-08:00,43,61,22.9
2025-01-15T18:00:00-08:00,47,59,24.2
2025-01-15T18:30:00-08:00,50,57,27.5
2025-01-15T19:00:00-08:00,52,56,30.2
2025-01-15T19:30:00-08:00,53,55,31.2
2025-01-15T20:00:00-08:00,54,54,33.2
2025-01-15T20:30:00-08:00,55,53,30.7
2025-01-15T21:00:00-08:00,56,52,31.9
2025-01-15T21:30:00-08:00,57,51,31.2
2025-01-15T22:00:00-08:00,57,52,27.7
2025-01-15T22:30:00-08:00,57,50,26.7
2025-01-15T23:00:00-08:00,59,49,28.6
2025-01-15T23:30:00-08:00,59,49,29.2
2025-01-16T00:00:00-08:00,59,49,23.8
2025-01-16T00:30:00-08:00,59,49,20.5
2025-01-16T01:00:00-08:00,60,48,20
2025-01-16T01:30:00-08:00,60,47,21.9
2025-01-16T02:00:00-08:00,60,47,24.2
2025-01-16T02:30:00-08:00,60,47,19.3
2025-01-16T03:00:00-08:00,61,47,21.3
2025-01-16T03:30:00-08:00,61,46,19.7
2025-01-16T04:00:00-08:00,61,46,16.8
2025-01-16T04:30:00-08:00,60,46,18.1
2025-01-16T05:00:00-08:00,61,46,20
2025-01-16T05:30:00-08:00,60,45,19.9
2025-01-16T06:00:00-08:00,61,44,20.1
2025-01-16T06:30:00-08:00,62,44,22.5
2025-01-16T07:00:00-08:00,61,44,22.7
2025-01-16T07:30:00-08:00,62,44,24
2025-01-16T08:00:00-08:00,63,45,24.9
2025-01-16T08:30:00-08:00,59,49,22.8
2025-01-16T09:00:00-08:00,53,52,21.2
2025-01-16T09:30:00-08:00,49,55,21.6
2025-01-16T10:00:00-08:00,46,58,26.8
2025-01-16T10:30:00-08:00,43,60,21.4
2025-01-16T11:00:00-08:00,40,63,20.1
2025-01-16T11:30:00-08:00,37,66,20.7
2025-01-16T12:00:00-08:00,35,68,24.6
2025-01-16T12:30:00-08:00,34,71,20.5
2025-01-16T13:00:00-08:00,31,73,17.6
2025-01-16T13:30:00-08:00,34,71,27.2
2025-01-16T14:00:00-08:00,38,68,34.8
2025-01-16T14:30:00-08:00,38,69,35.1
2025-01-16T15:00:00-08:00,36,71,31.6
2025-01-16T15:30:00-08:00,36,71,24.6
2025-01-16T16:00:00-08:00,32,69,16.5
2025-01-16T16:30:00-08:00,31,68,14.2
2025-01-16T17:00:00-08:00,35,65,14.4
2025-01-16T17:30:00-08:00,40,61,11.2
2025-01-16T18:00:00-08:00,44,59,14.7
2025-01-16T18:30:00-08:00,46,56,17.9
2025-01-16T19:00:00-08:00,50,55,16.8
2025-01-16T19:30:00-08:00,53,53,18.6
2025-01-16T20:00:00-08:00,55,53,28.4
2025-01-16T20:30:00-08:00,57,52,33.9
2025-01-16T21:00:00-08:00,57,51,25.1
2025-01-16T21:30:00-08:00,56,50,18.1
2025-01-16T22:00:00-08:00,56,50,16.9
2025-01-16T22:30:00-08:00,57,49,16
2025-01-16T23:00:00-08:00,57,48,14.1
2025-01-16T23:30:00-08:00,57,48,15.1
2025-01-17T00:00:00-08:00,58,48,18.1
2025-01-17T00:30:00-08:00,58,47,19.1
2025-01-17T01:00:00-08:00,59,47,18.8
2025-01-17T01:30:00-08:00,59,46,20
2025-01-17T02:00:00-08:00,60,46,19.5
2025-01-17T02:30:00-08:00,60,46,22.3
2025-01-17T03:00:00-08:00,61,46,25.1
2025-01-17T03:30:00-08:00,61,45,26
2025-01-17T04:00:00-08:00,61,45,26.3
2025-01-17T04:30:00-08:00,61,44,25.7
2025-01-17T05:00:00-08:00,61,44,26.5
2025-01-17T05:30:00-08:00,62,44,27
2025-01-17T06:00:00-08:00,62,44,26.6
2025-01-17T06:30:00-08:00,62,43,27.8
2025-01-17T07:00:00-08:00,69,46,40.4
2025-01-17T07:30:00-08:00,69,48,44
2025-01-17T08:00:00-08:00,68,50,40.5
2025-01-17T08:30:00-08:00,67,51,39.6
2025-01-17T09:00:00-08:00,66,53,43.4
2025-01-17T09:30:00-08:00,64,56,45.3
2025-01-17T10:00:00-08:00,60,59,42.9
2025-01-17T10:30:00-08:00,57,59,42
2025-01-17T11:00:00-08:00,53,61,37.6
2025-01-17T11:30:00-08:00,50,62,34.6
2025-01-17T12:00:00-08:00,48,64,27.2
2025-01-17T12:30:00-08:00,47,65,18
2025-01-17T13:00:00-08:00,45,66,15.9
2025-01-17T13:30:00-08:00,45,66,15.9
2025-01-17T14:00:00-08:00,46,66,17.9
2025-01-17T14:30:00-08:00,46,65,18.1
2025-01-17T15:00:00-08:00,47,64,16.9
2025-01-17T15:30:00-08:00,49,64,15.4
2025-01-17T16:00:00-08:00,51,62,13.6
2025-01-17T16:30:00-08:00,54,60,10.8
2025-01-17T17:00:00-08:00,58,59,9.8
2025-01-17T17:30:00-08:00,61,58,10
2025-01-17T18:00:00-08:00,62,57,12.4
2025-01-17T18:30:00-08:00,63,56,14
2025-01-17T19:00:00-08:00,64,56,12.4
2025-01-17T19:30:00-08:00,64,54,19
2025-01-17T20:00:00-08:00,64,53,19.5
2025-01-17T20:30:00-08:00,64,52,25.4
2025-01-17T21:00:00-08:00,65,52,27.3
2025-01-17T21:30:00-08:00,65,54,28.2
2025-01-17T22:00:00-08:00,64,56,29.4
2025-01-17T22:30:00-08:00,63,57,29.8
2025-01-17T23:00:00-08:00,63,58,17.1
2025-01-17T23:30:00-08:00,62,58,14.3
2025-01-18T00:00:00-08:00,61,58,10.9
2025-01-18T00:30:00-08:00,59,58,6.7
2025-01-18T01:00:00-08:00,59,59,7.2
2025-01-18T01:30:00-08:00,59,58,8.3
2025-01-18T02:00:00-08:00,59,58,8.1
2025-01-18T02:30:00-08:00,59,57,19.6
2025-01-18T03:00:00-08:00,61,56,20.5
2025-01-18T03:30:00-08:00,60,56,23.8
2025-01-18T04:00:00-08:00,60,56,20.3
2025-01-18T04:30:00-08:00,60,56,20.4
2025-01-18T05:00:00-08:00,60,56,20.9
2025-01-18T05:30:00-08:00,61,56,22.4
2025-01-18T06:00:00-08:00,63,54,37.8
2025-01-18T06:30:00-08:00,64,52,23.5
2025-01-18T07:00:00-08:00,65,52,24.5
2025-01-18T07:30:00-08:00,66,51,24.2
2025-01-18T08:00:00-08:00,67,51,23.7
2025-01-18T08:30:00-08:00,65,52,20.1
2025-01-18T09:00:00-08:00,62,54,18.4
2025-01-18T09:30:00-08:00,60,56,19.6
2025-01-18T10:00:00-08:00,58,58,23.8
2025-01-18T10:30:00-08:00,54,60,21.5
2025-01-18T11:00:00-08:00,51,62,19.4
2025-01-18T11:30:00-08:00,49,64,18.1
2025-01-18T12:00:00-08:00,48,65,19.6
2025-01-18T12:30:00-08:00,48,66,19.7
2025-01-18T13:00:00-08:00,48,66,20.6
2025-01-18T13:30:00-08:00,47,66,20.9
2025-01-18T14:00:00-08:00,46,67,22.6
2025-01-18T14:30:00-08:00,45,68,23.7
2025-01-18T15:00:00-08:00,45,68,26.5
2025-01-18T15:30:00-08:00,45,67,28.5
2025-01-18T16:00:00-08:00,45,67,27.1
2025-01-18T16:30:00-08:00,47,65,30.5
2025-01-18T17:00:00-08:00,50,63,31.8
2025-01-18T17:30:00-08:00,53,61,31.5
2025-01-18T18:00:00-08:00,56,58,32.7
2025-01-18T18:30:00-08:00,58,56,38
2025-01-18T19:00:00-08:00,60,55,43.5
2025-01-18T19:30:00-08:00,61,54,64.1
2025-01-18T20:00:00-08:00,62,53,48.4
2025-01-18T20:30:00-08:00,64,52,44.4
2025-01-18T21:00:00-08:00,64,51,39.9
2025-01-18T21:30:00-08:00,63,50,38.9
2025-01-18T22:00:00-08:00,64,50,40.8
2025-01-18T22:30:00-08:00,64,49,35.2
2025-01-18T23:00:00-08:00,64,49,35
2025-01-18T23:30:00-08:00,64,49,34.8
2025-01-19T00:00:00-08:00,64,48,36.1
2025-01-19T00:30:00-08:00,64,48,34.7
2025-01-19T01:00:00-08:00,63,47,30.7
2025-01-19T01:30:00-08:00,63,47,31.2
2025-01-19T02:00:00-08:00,63,46,33.7
2025-01-19T02:30:00-08:00,66,48,37.8
2025-01-19T03:00:00-08:00,65,49,34.4
2025-01-19T03:30:00-08:00,64,49,32.1
2025-01-19T04:00:00-08:00,64,48,29.5
2025-01-19T04:30:00-08:00,64,47,30.2
2025-01-19T05:00:00-08:00,64,47,32.7
2025-01-19T05:30:00-08:00,64,49,35.3
2025-01-19T06:00:00-08:00,64,51,40.5
2025-01-19T06:30:00-08:00,63,53,41.8
2025-01-19T07:00:00-08:00,63,53,40.8
2025-01-19T07:30:00-08:00,63,54,42.2
2025-01-19T08:00:00-08:00,63,54,42.2
2025-01-19T08:30:00-08:00,64,55,44.1
2025-01-19T09:00:00-08:00,65,56,45.4
2025-01-19T09:30:00-08:00,64,57,42.2
2025-01-19T10:00:00-08:00,63,57,40
2025-01-19T10:30:00-08:00,63,57,41.6
2025-01-19T11:00:00-08:00,62,58,43.5
2025-01-19T11:30:00-08:00,62,58,45.3
2025-01-19T12:00:00-08:00,62,58,46.6
2025-01-19T12:30:00-08:00,60,59,47.1
2025-01-19T13:00:00-08:00,58,60,46.5
2025-01-19T13:30:00-08:00,55,61,43.4
2025-01-19T14:00:00-08:00,52,63,40.4
2025-01-19T14:30:00-08:00,51,63,37.1
2025-01-19T15:00:00-08:00,49,64,32.2
2025-01-19T15:30:00-08:00,50,63,25
2025-01-19T16:00:00-08:00,50,62,17.2
2025-01-19T16:30:00-08:00,53,60,14.8
2025-01-19T17:00:00-08:00,58,58,14.4
2025-01-19T17:30:00-08:00,61,56,18.1
2025-01-19T18:00:00-08:00,62,55,16.4
2025-01-19T18:30:00-08:00,62,53,19.5
2025-01-19T19:00:00-08:00,62,53,22.9
2025-01-19T19:30:00-08:00,64,55,26.5
2025-01-19T20:00:00-08:00,63,56,30.3
2025-01-19T20:30:00-08:00,63,57,28.3
2025-01-19T21:00:00-08:00,62,57,21.7
2025-01-19T21:30:00-08:00,61,58,19
2025-01-19T22:00:00-08:00,60,58,17.6
2025-01-19T22:30:00-08:00,59,58,20.8
2025-01-19T23:00:00-08:00,59,58,19.8
2025-01-19T23:30:00-08:00,59,58,17.1
2025-01-20T00:00:00-08:00,59,58,18.4
2025-01-20T00:30:00-08:00,59,58,21.5
2025-01-20T01:00:00-08:00,59,57,24.5
2025-01-20T01:30:00-08:00,60,56,22.6
2025-01-20T02:00:00-08:00,61,56,25.5
2025-01-20T02:30:00-08:00,63,54,27.6
2025-01-20T03:00:00-08:00,63,53,24.5
2025-01-20T03:30:00-08:00,65,52,25.1
2025-01-20T04:00:00-08:00,66,51,25.1
2025-01-20T04:30:00-08:00,66,49,24.5
2025-01-20T05:00:00-08:00,67,48,25.7
2025-01-20T05:30:00-08:00,67,48,25.6
2025-01-20T06:00:00-08:00,65,47,24.2
2025-01-20T06:30:00-08:00,66,46,22.7
2025-01-20T07:00:00-08:00,61,48,9.2
2025-01-20T07:30:00-08:00,51,51,3.1
2025-01-20T08:00:00-08:00,44,53,2.4
2025-01-20T08:30:00-08:00,40,55,1.7
2025-01-20T09:00:00-08:00,35,57,2.8
2025-01-20T09:30:00-08:00,33,59,3.1
2025-01-20T10:00:00-08:00,30,61,0.9
2025-01-20T10:30:00-08:00,28,63,0.4
2025-01-20T11:00:00-08:00,26,64,0.2
2025-01-20T11:30:00-08:00,25,66,0.2
2025-01-20T12:00:00-08:00,24,67,0.2
2025-01-20T12:30:00-08:00,21,68,2.6
2025-01-20T13:00:00-08:00,20,69,0.2
2025-01-20T13:30:00-08:00,19,71,0.5
2025-01-20T14:00:00-08:00,18,71,0.1
2025-01-20T14:30:00-08:00,18,71,0.1
2025-01-20T15:00:00-08:00,18,71,0.1
2025-01-20T15:30:00-08:00,19,71,0.1
2025-01-20T16:00:00-08:00,19,70,0.8
2025-01-20T16:30:00-08:00,20,68,2.5
2025-01-20T17:00:00-08:00,22,66,0.3
2025-01-20T17:30:00-08:00,23,64,0.5
2025-01-20T18:00:00-08:00,23,63,0.7
2025-01-20T18:30:00-08:00,23,62,0.4
2025-01-20T19:00:00-08:00,25,60,0.6
2025-01-20T19:30:00-08:00,27,58,1.5
2025-01-20T20:00:00-08:00,28,57,5.9
2025-01-20T20:30:00-08:00,31,55,1.3
2025-01-20T21:00:00-08:00,34,53,3.5
2025-01-20T21:30:00-08:00,34,52,6.3
2025-01-20T22:00:00-08:00,37,51,5.6
2025-01-20T22:30:00-08:00,38,50,5.5
2025-01-20T23:00:00-08:00,40,50,6.1
2025-01-20T23:30:00-08:00,42,49,5.9
2025-01-21T00:00:00-08:00,44,48,6
2025-01-21T00:30:00-08:00,44,47,5
2025-01-21T01:00:00-08:00,46,46,4.4
2025-01-21T01:30:00-08:00,47,46,3.8
2025-01-21T02:00:00-08:00,47,45,3.4
2025-01-21T02:30:00-08:00,48,44,3.9
2025-01-21T03:00:00-08:00,49,44,3.8
2025-01-21T03:30:00-08:00,49,44,3.6
2025-01-21T04:00:00-08:00,49,44,4
2025-01-21T04:30:00-08:00,50,43,5.2
2025-01-21T05:00:00-08:00,49,44,8.3
2025-01-21T05:30:00-08:00,49,43,9.2
2025-01-21T06:00:00-08:00,51,43,7.2
2025-01-21T06:30:00-08:00,51,42,7.6
2025-01-21T07:00:00-08:00,52,42,6.8
2025-01-21T07:30:00-08:00,52,42,7.4
2025-01-21T08:00:00-08:00,49,45,3.4
2025-01-21T08:30:00-08:00,42,50,1.8
2025-01-21T09:00:00-08:00,38,53,5.1
2025-01-21T09:30:00-08:00,34,55,4.7
2025-01-21T10:00:00-08:00,32,58,7.5
2025-01-21T10:30:00-08:00,30,61,4.9
2025-01-21T11:00:00-08:00,29,63,5.6
2025-01-21T11:30:00-08:00,26,66,4.5
2025-01-21T12:00:00-08:00,26,68,4.4
2025-01-21T12:30:00-08:00,26,69,4.6
2025-01-21T13:00:00-08:00,25,70,9.5
2025-01-21T13:30:00-08:00,22,72,1.6
2025-01-21T14:00:00-08:00,21,72,1.5
2025-01-21T14:30:00-08:00,20,73,1.1
2025-01-21T15:00:00-08:00,21,72,1.2
2025-01-21T15:30:00-08:00,23,69,2.2
2025-01-21T16:00:00-08:00,24,69,2.7
2025-01-21T16:30:00-08:00,27,67,11.8
2025-01-21T17:00:00-08:00,32,65,8.3
2025-01-21T17:30:00-08:00,37,61,9.1
2025-01-21T18:00:00-08:00,40,59,10.9
2025-01-21T18:30:00-08:00,43,57,13.6
2025-01-21T19:00:00-08:00,46,55,13
2025-01-21T19:30:00-08:00,48,53,13.9
2025-01-21T20:00:00-08:00,49,52,16.1
2025-01-21T20:30:00-08:00,50,51,16.1
2025-01-21T21:00:00-08:00,51,50,15.4
2025-01-21T21:30:00-08:00,51,49,14.3
2025-01-21T22:00:00-08:00,52,49,14
2025-01-21T22:30:00-08:00,53,48,14.5
2025-01-21T23:00:00-08:00,54,48,21.8
2025-01-21T23:30:00-08:00,53,47,19.5
2025-01-22T00:00:00-08:00,54,46,14.2
2025-01-22T00:30:00-08:00,54,46,13.2
2025-01-22T01:00:00-08:00,56,45,13.8
2025-01-22T01:30:00-08:00,56,46,14.5
2025-01-22T02:00:00-08:00,56,45,15.6
2025-01-22T02:30:00-08:00,56,44,15.3
2025-01-22T03:00:00-08:00,56,44,14.3
2025-01-22T03:30:00-08:00,57,43,14.4
2025-01-22T04:00:00-08:00,57,43,13.6
2025-01-22T04:30:00-08:00,57,43,15.4
2025-01-22T05:00:00-08:00,57,43,18
2025-01-22T05:30:00-08:00,57,42,14
2025-01-22T06:00:00-08:00,57,42,18.6
2025-01-22T06:30:00-08:00,58,42,14.8
2025-01-22T07:00:00-08:00,59,42,15
2025-01-22T07:30:00-08:00,59,42,18.9
2025-01-22T08:00:00-08:00,60,44,24.3
2025-01-22T08:30:00-08:00,57,48,22.3
2025-01-22T09:00:00-08:00,53,51,25.6
2025-01-22T09:30:00-08:00,51,55,30
2025-01-22T10:00:00-08:00,49,58,34
2025-01-22T10:30:00-08:00,45,61,28.7
2025-01-22T11:00:00-08:00,40,64,23.7
2025-01-22T11:30:00-08:00,36,67,18.9
2025-01-22T12:00:00-08:00,32,69,12.9
2025-01-22T12:30:00-08:00,27,70,6.2
2025-01-22T13:00:00-08:00,25,72,4.6
2025-01-22T13:30:00-08:00,23,74,3.9
2025-01-22T14:00:00-08:00,22,75,3.8
2025-01-22T14:30:00-08:00,23,75,4.3
2025-01-22T15:00:00-08:00,22,75,4
2025-01-22T15:30:00-08:00,21,75,3.3
2025-01-22T16:00:00-08:00,19,74,2.4
2025-01-22T16:30:00-08:00,19,73,1.9
2025-01-22T17:00:00-08:00,20,70,2.2
2025-01-22T17:30:00-08:00,24,67,5.7
2025-01-22T18:00:00-08:00,25,65,4.9
2025-01-22T18:30:00-08:00,23,64,2.8
2025-01-22T19:00:00-08:00,23,65,3.5
2025-01-22T19:30:00-08:00,24,64,5
2025-01-22T20:00:00-08:00,25,63,8
2025-01-22T20:30:00-08:00,30,60,10.4
2025-01-22T21:00:00-08:00,35,58,11.2
2025-01-22T21:30:00-08:00,38,57,18.7
2025-01-22T22:00:00-08:00,43,56,23.5
2025-01-22T22:30:00-08:00,49,55,18.2
2025-01-22T23:00:00-08:00,51,54,21
2025-01-22T23:30:00-08:00,52,53,18.3
2025-01-23T00:00:00-08:00,52,52,16.1
2025-01-23T00:30:00-08:00,51,52,15.2
2025-01-23T01:00:00-08:00,51,51,15.5
2025-01-23T01:30:00-08:00,53,50,17.3
2025-01-23T02:00:00-08:00,54,50,19.7
2025-01-23T02:30:00-08:00,55,49,18
2025-01-23T03:00:00-08:00,56,49,16.8
2025-01-23T03:30:00-08:00,58,49,17
2025-01-23T04:00:00-08:00,58,48,17.2
2025-01-23T04:30:00-08:00,57,48,18.5
2025-01-23T05:00:00-08:00,52,49,19.3
2025-01-23T05:30:00-08:00,51,50,27.1
2025-01-23T06:00:00-08:00,48,53,29.5
2025-01-23T06:30:00-08:00,46,54,27.3
2025-01-23T07:00:00-08:00,46,53,27.5
2025-01-23T07:30:00-08:00,49,51,29.5
2025-01-23T08:00:00-08:00,47,53,26.7
2025-01-23T08:30:00-08:00,44,55,22.8
2025-01-23T09:00:00-08:00,41,58,21.4
2025-01-23T09:30:00-08:00,37,61,19.4
2025-01-23T10:00:00-08:00,34,64,19.6
2025-01-23T10:30:00-08:00,32,67,20.6
2025-01-23T11:00:00-08:00,31,70,24
2025-01-23T11:30:00-08:00,30,72,20.8
2025-01-23T12:00:00-08:00,29,72,17.9
2025-01-23T12:30:00-08:00,29,72,20.2
2025-01-23T13:00:00-08:00,27,74,19.5
2025-01-23T13:30:00-08:00,25,77,23.3
2025-01-23T14:00:00-08:00,24,78,15
2025-01-23T14:30:00-08:00,23,79,14.5
2025-01-23T15:00:00-08:00,24,79,17
2025-01-23T15:30:00-08:00,25,79,16.4
2025-01-23T16:00:00-08:00,27,76,20.9
2025-01-23T16:30:00-08:00,28,74,23.9
2025-01-23T17:00:00-08:00,30,72,20.6
2025-01-23T17:30:00-08:00,34,68,19.7
2025-01-23T18:00:00-08:00,37,65,21.4
2025-01-23T18:30:00-08:00,40,62,17.2
2025-01-23T19:00:00-08:00,41,61,16.3
2025-01-23T19:30:00-08:00,40,61,20.1
2025-01-23T20:00:00-08:00,43,59,20.5
2025-01-23T20:30:00-08:00,43,60,26.8
2025-01-23T21:00:00-08:00,43,60,27.2
2025-01-23T21:30:00-08:00,45,57,26.3
2025-01-23T22:00:00-08:00,47,56,33.8
2025-01-23T22:30:00-08:00,49,55,30.4
2025-01-23T23:00:00-08:00,51,54,26.6
2025-01-23T23:30:00-08:00,52,53,25.9
2025-01-24T00:00:00-08:00,53,52,24.2
2025-01-24T00:30:00-08:00,54,51,22.4
2025-01-24T01:00:00-08:00,54,51,20.7
2025-01-24T01:30:00-08:00,55,50,18.6
2025-01-24T02:00:00-08:00,55,50,17.5
2025-01-24T02:30:00-08:00,55,49,17.8
2025-01-24T03:00:00-08:00,56,48,17.3
2025-01-24T03:30:00-08:00,56,48,16.9
2025-01-24T04:00:00-08:00,56,48,19.2
2025-01-24T04:30:00-08:00,57,47,20.8
2025-01-24T05:00:00-08:00,58,47,21.4
2025-01-24T05:30:00-08:00,58,46,24.3
2025-01-24T06:00:00-08:00,59,46,22.8
2025-01-24T06:30:00-08:00,59,46,19.7
2025-01-24T07:00:00-08:00,59,45,19.2
2025-01-24T07:30:00-08:00,59,45,18.9
2025-01-24T08:00:00-08:00,60,47,19.5
2025-01-24T08:30:00-08:00,57,51,25.7
2025-01-24T09:00:00-08:00,51,55,29.8
2025-01-24T09:30:00-08:00,46,58,31.3
2025-01-24T10:00:00-08:00,42,60,24.5
2025-01-24T10:30:00-08:00,38,63,18.7
2025-01-24T11:00:00-08:00,35,66,16.5
2025-01-24T11:30:00-08:00,32,68,20.1
2025-01-24T12:00:00-08:00,32,70,23.6
2025-01-24T12:30:00-08:00,33,71,24.9
2025-01-24T13:00:00-08:00,33,72,28.7
2025-01-24T13:30:00-08:00,33,73,33.9
2025-01-24T14:00:00-08:00,36,70,39.4
2025-01-24T14:30:00-08:00,37,69,40
2025-01-24T15:00:00-08:00,37,69,37.5
2025-01-24T15:30:00-08:00,37,68,35.3
2025-01-24T16:00:00-08:00,40,68,38.3
2025-01-24T16:30:00-08:00,43,67,40.9
2025-01-24T17:00:00-08:00,45,66,40.3
2025-01-24T17:30:00-08:00,45,64,38.3
2025-01-24T18:00:00-08:00,48,62,39.2
2025-01-24T18:30:00-08:00,51,61,41
2025-01-24T19:00:00-08:00,56,61,41.1
2025-01-24T19:30:00-08:00,60,60,26.6
2025-01-24T20:00:00-08:00,61,60,25.9
2025-01-24T20:30:00-08:00,61,59,26.1
2025-01-24T21:00:00-08:00,61,57,30.3
2025-01-24T21:30:00-08:00,62,56,37.8
2025-01-24T22:00:00-08:00,63,55,39.3
2025-01-24T22:30:00-08:00,63,55,38.4
2025-01-24T23:00:00-08:00,63,56,41
2025-01-24T23:30:00-08:00,64,56,36
2025-01-25T00:00:00-08:00,66,55,20.7
2025-01-25T00:30:00-08:00,65,53,20.3
2025-01-25T01:00:00-08:00,64,52,20.5
2025-01-25T01:30:00-08:00,65,50,19.9
2025-01-25T02:00:00-08:00,66,51,20.9
2025-01-25T02:30:00-08:00,66,51,18.6
2025-01-25T03:00:00-08:00,66,50,18.6
2025-01-25T03:30:00-08:00,66,50,20.9
2025-01-25T04:00:00-08:00,66,53,30.5
2025-01-25T04:30:00-08:00,66,55,33.5
2025-01-25T05:00:00-08:00,64,56,35.4
2025-01-25T05:30:00-08:00,64,57,34.1
2025-01-25T06:00:00-08:00,64,57,33.1
2025-01-25T06:30:00-08:00,64,57,33.7
2025-01-25T07:00:00-08:00,65,57,36.3
2025-01-25T07:30:00-08:00,65,57,34.1
2025-01-25T08:00:00-08:00,64,58,25.2
2025-01-25T08:30:00-08:00,57,59,21.8
2025-01-25T09:00:00-08:00,42,59,5.1
2025-01-25T09:30:00-08:00,34,60,1.5
2025-01-25T10:00:00-08:00,31,60,0.9
2025-01-25T10:30:00-08:00,28,62,0.8
2025-01-25T11:00:00-08:00,26,62,0.5
2025-01-25T11:30:00-08:00,26,62,0.3
2025-01-25T12:00:00-08:00,25,62,0.5
2025-01-25T12:30:00-08:00,25,62,0.4
2025-01-25T13:00:00-08:00,25,64,0.6
2025-01-25T13:30:00-08:00,24,63,0.7
2025-01-25T14:00:00-08:00,25,63,0.9
2025-01-25T14:30:00-08:00,26,62,1.4
2025-01-25T15:00:00-08:00,26,63,1.7
2025-01-25T15:30:00-08:00,27,62,1.9
2025-01-25T16:00:00-08:00,29,62,2.2
2025-01-25T16:30:00-08:00,31,61,4.1
2025-01-25T17:00:00-08:00,33,61,4.2
2025-01-25T17:30:00-08:00,34,60,2.8
2025-01-25T18:00:00-08:00,35,59,3.2
2025-01-25T18:30:00-08:00,37,58,6.2
2025-01-25T19:00:00-08:00,38,57,4.7
2025-01-25T19:30:00-08:00,40,57,8.4
2025-01-25T20:00:00-08:00,39,58,7.5
2025-01-25T20:30:00-08:00,39,58,7.8
2025-01-25T21:00:00-08:00,43,57,8.1
2025-01-25T21:30:00-08:00,50,55,7.5
2025-01-25T22:00:00-08:00,52,55,7
2025-01-25T22:30:00-08:00,51,55,5.7
2025-01-25T23:00:00-08:00,54,53,5.9
2025-01-25T23:30:00-08:00,54,52,4.9
2025-01-26T00:00:00-08:00,54,52,4.7
2025-01-26T00:30:00-08:00,54,53,5.2
2025-01-26T01:00:00-08:00,55,53,5.2
2025-01-26T01:30:00-08:00,54,52,4.9
2025-01-26T02:00:00-08:00,54,53,4.9
2025-01-26T02:30:00-08:00,52,53,5.3
2025-01-26T03:00:00-08:00,52,54,6.2
2025-01-26T03:30:00-08:00,51,54,5.6
2025-01-26T04:00:00-08:00,49,53,6.7
2025-01-26T04:30:00-08:00,50,53,8.6
2025-01-26T05:00:00-08:00,50,53,8.2
2025-01-26T05:30:00-08:00,50,54,7.1
2025-01-26T06:00:00-08:00,51,53,6.9
2025-01-26T06:30:00-08:00,53,53,10.1
2025-01-26T07:00:00-08:00,54,55,11.5
2025-01-26T07:30:00-08:00,52,55,7.9
2025-01-26T08:00:00-08:00,49,55,3.2
2025-01-26T08:30:00-08:00,49,55,2.7
2025-01-26T09:00:00-08:00,46,53,1.5
2025-01-26T09:30:00-08:00,42,54,1.2
2025-01-26T10:00:00-08:00,39,55,1
2025-01-26T10:30:00-08:00,37,57,6
2025-01-26T11:00:00-08:00,35,58,21.9
2025-01-26T11:30:00-08:00,32,60,0.6
2025-01-26T12:00:00-08:00,30,61,0.8
2025-01-26T12:30:00-08:00,30,61,0.7
2025-01-26T13:00:00-08:00,29,63,0.8
2025-01-26T13:30:00-08:00,30,64,0.9
2025-01-26T14:00:00-08:00,29,66,0.8
2025-01-26T14:30:00-08:00,28,68,0.8
2025-01-26T15:00:00-08:00,24,67,1
2025-01-26T15:30:00-08:00,23,66,0.6
2025-01-26T16:00:00-08:00,22,66,0.4
2025-01-26T16:30:00-08:00,22,65,0.4
2025-01-26T17:00:00-08:00,24,62,1.5
2025-01-26T17:30:00-08:00,29,59,2.8
2025-01-26T18:00:00-08:00,33,56,2.6
2025-01-26T18:30:00-08:00,36,54,3.3
2025-01-26T19:00:00-08:00,39,52,8.8
2025-01-26T19:30:00-08:00,40,51,13.6
2025-01-26T20:00:00-08:00,41,50,15
2025-01-26T20:30:00-08:00,43,49,11.1
2025-01-26T21:00:00-08:00,44,49,8.9
2025-01-26T21:30:00-08:00,46,48,8.8
2025-01-26T22:00:00-08:00,47,47,10.9
2025-01-26T22:30:00-08:00,48,47,11.2
2025-01-26T23:00:00-08:00,48,46,8.8
2025-01-26T23:30:00-08:00,49,46,8.3
2025-01-27T00:00:00-08:00,49,45,7.4
2025-01-27T00:30:00-08:00,50,45,5.4
2025-01-27T01:00:00-08:00,50,45,3.9
2025-01-27T01:30:00-08:00,51,44,3.6
2025-01-27T02:00:00-08:00,51,44,4.1
2025-01-27T02:30:00-08:00,51,44,4
2025-01-27T03:00:00-08:00,52,43,3.6
2025-01-27T03:30:00-08:00,52,43,2.6
2025-01-27T04:00:00-08:00,52,42,3
2025-01-27T04:30:00-08:00,53,42,4.7
2025-01-27T05:00:00-08:00,54,42,8.5
2025-01-27T05:30:00-08:00,54,41,6
2025-01-27T06:00:00-08:00,54,41,8.9
2025-01-27T06:30:00-08:00,54,41,5.6
2025-01-27T07:00:00-08:00,54,40,6.2
2025-01-27T07:30:00-08:00,55,41,8.3
2025-01-27T08:00:00-08:00,54,44,10.7
2025-01-27T08:30:00-08:00,50,46,10.5
2025-01-27T09:00:00-08:00,47,49,9.5
2025-01-27T09:30:00-08:00,43,53,10.2
2025-01-27T10:00:00-08:00,39,55,9.4
2025-01-27T10:30:00-08:00,36,58,9.1
2025-01-27T11:00:00-08:00,33,61,6.3
2025-01-27T11:30:00-08:00,28,63,3.3
2025-01-27T12:00:00-08:00,26,65,2.5
2025-01-27T12:30:00-08:00,25,66,2.2
2025-01-27T13:00:00-08:00,23,67,2.3
2025-01-27T13:30:00-08:00,23,68,2.8
2025-01-27T14:00:00-08:00,22,69,2.4
2025-01-27T14:30:00-08:00,22,69,2.8
2025-01-27T15:00:00-08:00,22,69,3.4
2025-01-27T15:30:00-08:00,22,68,4.6
2025-01-27T16:00:00-08:00,23,67,4.8
2025-01-27T16:30:00-08:00,24,66,5.2
2025-01-27T17:00:00-08:00,25,63,3.4
2025-01-27T17:30:00-08:00,28,61,3.3
2025-01-27T18:00:00-08:00,32,58,3.6
2025-01-27T18:30:00-08:00,36,56,19.6
2025-01-27T19:00:00-08:00,39,54,18.9
2025-01-27T19:30:00-08:00,42,52,8.5
2025-01-27T20:00:00-08:00,44,51,23.9
2025-01-27T20:30:00-08:00,46,50,20.9
2025-01-27T21:00:00-08:00,47,50,18.7
2025-01-27T21:30:00-08:00,47,48,13.8
2025-01-27T22:00:00-08:00,48,48,10.8
2025-01-27T22:30:00-08:00,49,47,10.6
2025-01-27T23:00:00-08:00,49,48,7.8
2025-01-27T23:30:00-08:00,50,47,8.1
2025-01-28T00:00:00-08:00,51,46,7.8
2025-01-28T00:30:00-08:00,52,45,7.2
2025-01-28T01:00:00-08:00,52,45,7.8
2025-01-28T01:30:00-08:00,53,45,8.6
2025-01-28T02:00:00-08:00,54,44,8.6
2025-01-28T02:30:00-08:00,54,44,7.4
2025-01-28T03:00:00-08:00,55,44,6.9
2025-01-28T03:30:00-08:00,55,43,6.6
2025-01-28T04:00:00-08:00,55,43,6.4
2025-01-28T04:30:00-08:00,56,42,6.7
2025-01-28T05:00:00-08:00,57,43,6.8
2025-01-28T05:30:00-08:00,57,42,7.1
2025-01-28T06:00:00-08:00,57,42,11.4
2025-01-28T06:30:00-08:00,58,42,15.1
2025-01-28T07:00:00-08:00,58,42,13.6
2025-01-28T07:30:00-08:00,59,42,13.2
2025-01-28T08:00:00-08:00,60,44,14.9
2025-01-28T08:30:00-08:00,56,47,14.4
2025-01-28T09:00:00-08:00,51,50,15.8
2025-01-28T09:30:00-08:00,48,53,16.6
2025-01-28T10:00:00-08:00,44,56,14.5
2025-01-28T10:30:00-08:00,42,59,11.8
2025-01-28T11:00:00-08:00,41,61,10.3
2025-01-28T11:30:00-08:00,38,63,9.1
2025-01-28T12:00:00-08:00,36,65,7.9
2025-01-28T12:30:00-08:00,36,65,6.7
2025-01-28T13:00:00-08:00,34,67,7.2
2025-01-28T13:30:00-08:00,34,68,8.2
2025-01-28T14:00:00-08:00,33,69,6.8
2025-01-28T14:30:00-08:00,27,70,5.1
2025-01-28T15:00:00-08:00,31,69,4.2
2025-01-28T15:30:00-08:00,39,67,3.8
2025-01-28T16:00:00-08:00,44,66,3.4
2025-01-28T16:30:00-08:00,47,64,2.8
2025-01-28T17:00:00-08:00,49,61,2.8
2025-01-28T17:30:00-08:00,56,59,3.2
2025-01-28T18:00:00-08:00,60,58,3.6
2025-01-28T18:30:00-08:00,63,57,7.8
2025-01-28T19:00:00-08:00,64,57,38
2025-01-28T19:30:00-08:00,64,56,23.5
2025-01-28T20:00:00-08:00,64,56,16.6
2025-01-28T20:30:00-08:00,64,55,17.1
2025-01-28T21:00:00-08:00,65,54,30.1
2025-01-28T21:30:00-08:00,66,55,39.5
2025-01-28T22:00:00-08:00,66,55,29.2
2025-01-28T22:30:00-08:00,65,55,45.3
2025-01-28T23:00:00-08:00,64,54,14.1
2025-01-28T23:30:00-08:00,64,52,6.6
2025-01-29T00:00:00-08:00,64,50,6.9
2025-01-29T00:30:00-08:00,64,51,7.9
2025-01-29T01:00:00-08:00,65,53,11.3
2025-01-29T01:30:00-08:00,64,54,16.4
2025-01-29T02:00:00-08:00,64,54,12.5
2025-01-29T02:30:00-08:00,64,55,14.1
2025-01-29T03:00:00-08:00,62,56,12.8
2025-01-29T03:30:00-08:00,61,57,16.1
2025-01-29T04:00:00-08:00,60,56,18.8
2025-01-29T04:30:00-08:00,60,56,22.6
2025-01-29T05:00:00-08:00,60,56,20.9
2025-01-29T05:30:00-08:00,58,57,15.1
2025-01-29T06:00:00-08:00,57,57,20.2
2025-01-29T06:30:00-08:00,56,57,18.3
2025-01-29T07:00:00-08:00,56,57,17.9
2025-01-29T07:30:00-08:00,56,57,21.2
2025-01-29T08:00:00-08:00,56,57,17.5
2025-01-29T08:30:00-08:00,55,57,15.4
2025-01-29T09:00:00-08:00,54,58,14.9
2025-01-29T09:30:00-08:00,52,59,17.1
2025-01-29T10:00:00-08:00,50,60,19.5
2025-01-29T10:30:00-08:00,48,61,17.6
2025-01-29T11:00:00-08:00,47,62,12.8
2025-01-29T11:30:00-08:00,45,64,8.9
2025-01-29T12:00:00-08:00,43,66,7.7
2025-01-29T12:30:00-08:00,42,66,7.6
2025-01-29T13:00:00-08:00,41,67,8.4
2025-01-29T13:30:00-08:00,40,67,8
2025-01-29T14:00:00-08:00,40,67,6.8
2025-01-29T14:30:00-08:00,41,67,6.5
2025-01-29T15:00:00-08:00,41,66,7.2
2025-01-29T15:30:00-08:00,40,66,6.9
2025-01-29T16:00:00-08:00,42,65,5.8
2025-01-29T16:30:00-08:00,45,63,6.3
2025-01-29T17:00:00-08:00,49,61,5.9
2025-01-29T17:30:00-08:00,54,58,6.1
2025-01-29T18:00:00-08:00,57,57,6.1
2025-01-29T18:30:00-08:00,58,57,6.7
2025-01-29T19:00:00-08:00,59,56,6.2
2025-01-29T19:30:00-08:00,59,55,6.5
2025-01-29T20:00:00-08:00,60,54,6.8
2025-01-29T20:30:00-08:00,61,54,10
2025-01-29T21:00:00-08:00,61,54,19.2
2025-01-29T21:30:00-08:00,61,55,14.7
2025-01-29T22:00:00-08:00,60,56,12.9
2025-01-29T22:30:00-08:00,59,57,14.5
2025-01-29T23:00:00-08:00,58,58,14.3
2025-01-29T23:30:00-08:00,58,58,13.6
2025-01-30T00:00:00-08:00,57,58,11
2025-01-30T00:30:00-08:00,57,58,9.5
2025-01-30T01:00:00-08:00,56,58,9.6
2025-01-30T01:30:00-08:00,56,58,9.2
2025-01-30T02:00:00-08:00,56,59,9.2
2025-01-30T02:30:00-08:00,56,58,8.5
2025-01-30T03:00:00-08:00,56,58,8.7
2025-01-30T03:30:00-08:00,55,58,8.9
2025-01-30T04:00:00-08:00,56,58,9.5
2025-01-30T04:30:00-08:00,56,58,11.3
2025-01-30T05:00:00-08:00,55,58,11
2025-01-30T05:30:00-08:00,55,58,10.5
2025-01-30T06:00:00-08:00,53,58,10.6
2025-01-30T06:30:00-08:00,52,58,9.7
2025-01-30T07:00:00-08:00,52,58,13
2025-01-30T07:30:00-08:00,51,58,9
2025-01-30T08:00:00-08:00,51,59,9.6
2025-01-30T08:30:00-08:00,52,58,12.2
2025-01-30T09:00:00-08:00,50,59,14.5
2025-01-30T09:30:00-08:00,49,60,16.1
2025-01-30T10:00:00-08:00,47,61,16.3
2025-01-30T10:30:00-08:00,45,62,16.7
2025-01-30T11:00:00-08:00,45,62,17.6
2025-01-30T11:30:00-08:00,43,63,17.3
2025-01-30T12:00:00-08:00,42,63,17.3
2025-01-30T12:30:00-08:00,41,64,9.5
2025-01-30T13:00:00-08:00,40,65,6.9
2025-01-30T13:30:00-08:00,39,66,5.2
2025-01-30T14:00:00-08:00,39,66,5.6
2025-01-30T14:30:00-08:00,38,66,5.2
2025-01-30T15:00:00-08:00,38,66,5.5
2025-01-30T15:30:00-08:00,38,66,5.2
2025-01-30T16:00:00-08:00,39,66,4.7
2025-01-30T16:30:00-08:00,41,63,4.9
2025-01-30T17:00:00-08:00,44,61,5.6
2025-01-30T17:30:00-08:00,48,59,6.6
2025-01-30T18:00:00-08:00,51,57,6
2025-01-30T18:30:00-08:00,52,57,7.6
2025-01-30T19:00:00-08:00,53,56,10.2
2025-01-30T19:30:00-08:00,54,55,9.9
2025-01-30T20:00:00-08:00,56,53,11.7
2025-01-30T20:30:00-08:00,57,52,11.8
2025-01-30T21:00:00-08:00,58,51,11.3
2025-01-30T21:30:00-08:00,59,51,12.2
2025-01-30T22:00:00-08:00,60,52,12.1
2025-01-30T22:30:00-08:00,60,53,13.7
2025-01-30T23:00:00-08:00,59,53,14.7
2025-01-30T23:30:00-08:00,59,53,14.3
2025-01-31T00:00:00-08:00,60,52,14.9
2025-01-31T00:30:00-08:00,60,53,14.3
2025-01-31T01:00:00-08:00,60,53,16.6
2025-01-31T01:30:00-08:00,60,54,18
2025-01-31T02:00:00-08:00,60,54,20.3
2025-01-31T02:30:00-08:00,60,54,20.3
2025-01-31T03:00:00-08:00,59,54,17.2
2025-01-31T03:30:00-08:00,60,53,15
2025-01-31T04:00:00-08:00,60,53,14.8
2025-01-31T04:30:00-08:00,60,54,14
2025-01-31T05:00:00-08:00,60,54,15.1
2025-01-31T05:30:00-08:00,60,54,16.1
2025-01-31T06:00:00-08:00,60,55,17.1
2025-01-31T06:30:00-08:00,59,55,15.2
2025-01-31T07:00:00-08:00,58,55,14
2025-01-31T07:30:00-08:00,58,56,12.9
2025-01-31T08:00:00-08:00,59,56,13.7
2025-01-31T08:30:00-08:00,58,57,25.2
2025-01-31T09:00:00-08:00,56,59,14.7
2025-01-31T09:30:00-08:00,55,59,14.5
2025-01-31T10:00:00-08:00,54,60,11
2025-01-31T10:30:00-08:00,57,60,10.1
2025-01-31T11:00:00-08:00,58,61,9.6
2025-01-31T11:30:00-08:00,56,61,8.8
2025-01-31T12:00:00-08:00,54,62,7.6
2025-01-31T12:30:00-08:00,53,62,7.4
2025-01-31T13:00:00-08:00,53,63,7
2025-01-31T13:30:00-08:00,56,62,9.3
2025-01-31T14:00:00-08:00,64,60,10.4
2025-01-31T14:30:00-08:00,67,60,7.5
2025-01-31T15:00:00-08:00,68,60,4.7
2025-01-31T15:30:00-08:00,69,60,4.4
2025-01-31T16:00:00-08:00,68,62,4.1
2025-01-31T16:30:00-08:00,65,62,4.8
2025-01-31T17:00:00-08:00,66,61,6
2025-01-31T17:30:00-08:00,68,60,5.4
2025-01-31T18:00:00-08:00,68,61,5.5
2025-01-31T18:30:00-08:00,69,61,4.8
2025-01-31T19:00:00-08:00,68,61,5
2025-01-31T19:30:00-08:00,70,61,5.4
2025-01-31T20:00:00-08:00,70,62,4.5
2025-01-31T20:30:00-08:00,69,62,3.5
2025-01-31T21:00:00-08:00,68,63,3.8
2025-01-31T21:30:00-08:00,67,63,3.8
2025-01-31T22:00:00-08:00,66,63,3.7
2025-01-31T22:30:00-08:00,66,63,5.3
2025-01-31T23:00:00-08:00,66,64,5.6
2025-01-31T23:30:00-08:00,65,64,4.1
2025-02-01T00:00:00-08:00,66,64,4.2
2025-02-01T00:30:00-08:00,66,64,3.9
2025-02-01T01:00:00-08:00,65,64,4.5
2025-02-01T01:30:00-08:00,65,64,5.3
2025-02-01T02:00:00-08:00,65,63,5
2025-02-01T02:30:00-08:00,64,64,4.8
2025-02-01T03:00:00-08:00,64,65,3.5
2025-02-01T03:30:00-08:00,63,65,4
2025-02-01T04:00:00-08:00,64,65,4.7
2025-02-01T04:30:00-08:00,67,64,5.6
2025-02-01T05:00:00-08:00,70,64,4.8
2025-02-01T05:30:00-08:00,71,64,3.8
2025-02-01T06:00:00-08:00,71,64,2.7
2025-02-01T06:30:00-08:00,70,65,1.8
2025-02-01T07:00:00-08:00,71,64,5.2
2025-02-01T07:30:00-08:00,70,64,11.1
2025-02-01T08:00:00-08:00,66,64,12.4
2025-02-01T08:30:00-08:00,63,64,11.3
2025-02-01T09:00:00-08:00,62,65,8.9
2025-02-01T09:30:00-08:00,60,65,8.2
2025-02-01T10:00:00-08:00,59,65,8.2
2025-02-01T10:30:00-08:00,57,66,8.4
2025-02-01T11:00:00-08:00,56,66,8.9
2025-02-01T11:30:00-08:00,56,67,9.1
2025-02-01T12:00:00-08:00,60,67,9.1
2025-02-01T12:30:00-08:00,68,66,5.3
2025-02-01T13:00:00-08:00,71,66,4.5
2025-02-01T13:30:00-08:00,71,66,2.1
2025-02-01T14:00:00-08:00,70,66,0.8
2025-02-01T14:30:00-08:00,70,67,0.5
2025-02-01T15:00:00-08:00,70,67,0.4
2025-02-01T15:30:00-08:00,68,67,0.1
2025-02-01T16:00:00-08:00,68,67,0.5
2025-02-01T16:30:00-08:00,67,67,3.7
2025-02-01T17:00:00-08:00,66,68,2.1
2025-02-01T17:30:00-08:00,66,68,1.8
2025-02-01T18:00:00-08:00,64,68,4.7
2025-02-01T18:30:00-08:00,64,68,3.8
2025-02-01T19:00:00-08:00,65,67,3.4
2025-02-01T19:30:00-08:00,66,67,3.5
2025-02-01T20:00:00-08:00,66,68,5.1
2025-02-01T20:30:00-08:00,65,68,3.7
2025-02-01T21:00:00-08:00,66,68,3.7
2025-02-01T21:30:00-08:00,65,68,2.7
2025-02-01T22:00:00-08:00,65,68,2.4
2025-02-01T22:30:00-08:00,65,68,3.1
2025-02-01T23:00:00-08:00,66,67,1.5
2025-02-01T23:30:00-08:00,65,68,2.2
2025-02-02T00:00:00-08:00,66,67,1.9
2025-02-02T00:30:00-08:00,66,67,1.6
2025-02-02T01:00:00-08:00,66,67,1.2
2025-02-02T01:30:00-08:00,65,67,1.2
2025-02-02T02:00:00-08:00,65,67,1.3
2025-02-02T02:30:00-08:00,66,67,1.2
2025-02-02T03:00:00-08:00,64,67,0.8
2025-02-02T03:30:00-08:00,63,67,0.7
2025-02-02T04:00:00-08:00,63,67,0.5
2025-02-02T04:30:00-08:00,62,67,0.5
2025-02-02T05:00:00-08:00,62,67,0.6
2025-02-02T05:30:00-08:00,62,67,0.6
2025-02-02T06:00:00-08:00,61,68,0.4
2025-02-02T06:30:00-08:00,60,68,0.5
2025-02-02T07:00:00-08:00,60,67,0.5
2025-02-02T07:30:00-08:00,60,67,0.5
2025-02-02T08:00:00-08:00,60,68,0.5
2025-02-02T08:30:00-08:00,60,68,0.6
2025-02-02T09:00:00-08:00,60,68,3
2025-02-02T09:30:00-08:00,58,69,9.8
2025-02-02T10:00:00-08:00,57,70,2.6
2025-02-02T10:30:00-08:00,54,71,0.2
2025-02-02T11:00:00-08:00,52,72,0
2025-02-02T11:30:00-08:00,51,73,0
2025-02-02T12:00:00-08:00,50,73,0
2025-02-02T12:30:00-08:00,50,74,0
2025-02-02T13:00:00-08:00,49,74,0
2025-02-02T13:30:00-08:00,50,73,0
2025-02-02T14:00:00-08:00,51,73,0
2025-02-02T14:30:00-08:00,51,73,0
2025-02-02T15:00:00-08:00,50,73,0
2025-02-02T15:30:00-08:00,51,72,0
2025-02-02T16:00:00-08:00,52,71,0
2025-02-02T16:30:00-08:00,54,70,0.1
2025-02-02T17:00:00-08:00,54,70,0.1
2025-02-02T17:30:00-08:00,54,70,0
2025-02-02T18:00:00-08:00,55,69,0.4
2025-02-02T18:30:00-08:00,54,70,1
2025-02-02T19:00:00-08:00,55,69,3.6
2025-02-02T19:30:00-08:00,55,68,17.6
2025-02-02T20:00:00-08:00,56,68,5
2025-02-02T20:30:00-08:00,57,68,0.6
2025-02-02T21:00:00-08:00,57,68,0.5
2025-02-02T21:30:00-08:00,58,67,1.3
2025-02-02T22:00:00-08:00,59,66,1.4
2025-02-02T22:30:00-08:00,59,67,1.5
2025-02-02T23:00:00-08:00,58,67,0.8
2025-02-02T23:30:00-08:00,57,67,0.5
2025-02-03T00:00:00-08:00,57,68,0.7
2025-02-03T00:30:00-08:00,56,68,0.8
2025-02-03T01:00:00-08:00,56,67,0.6
2025-02-03T01:30:00-08:00,57,67,0.7
2025-02-03T02:00:00-08:00,57,67,0.8
2025-02-03T02:30:00-08:00,57,67,0.7
2025-02-03T03:00:00-08:00,57,67,0.3
2025-02-03T03:30:00-08:00,57,66,0.2
2025-02-03T04:00:00-08:00,57,66,0.2
2025-02-03T04:30:00-08:00,58,66,0.1
2025-02-03T05:00:00-08:00,57,66,0.1
2025-02-03T05:30:00-08:00,56,66,0.1
2025-02-03T06:00:00-08:00,57,65,0.4
2025-02-03T06:30:00-08:00,58,65,0.3
2025-02-03T07:00:00-08:00,58,65,0.3
2025-02-03T07:30:00-08:00,57,65,0.5
2025-02-03T08:00:00-08:00,56,66,0.7
2025-02-03T08:30:00-08:00,55,66,0.6
2025-02-03T09:00:00-08:00,55,66,0.4
2025-02-03T09:30:00-08:00,52,67,0.4
2025-02-03T10:00:00-08:00,49,68,3
2025-02-03T10:30:00-08:00,49,69,4.8
2025-02-03T11:00:00-08:00,50,68,6.3
2025-02-03T11:30:00-08:00,49,69,2.1
2025-02-03T12:00:00-08:00,48,70,0.4
2025-02-03T12:30:00-08:00,45,71,0.3
2025-02-03T13:00:00-08:00,45,70,0.4
2025-02-03T13:30:00-08:00,44,70,0.4
2025-02-03T14:00:00-08:00,45,69,1.1
2025-02-03T14:30:00-08:00,47,69,6.9
2025-02-03T15:00:00-08:00,47,69,4.4
2025-02-03T15:30:00-08:00,47,68,4.4
2025-02-03T16:00:00-08:00,48,68,3.2
2025-02-03T16:30:00-08:00,48,67,0.6
2025-02-03T17:00:00-08:00,49,66,0.5
2025-02-03T17:30:00-08:00,49,65,0.4
2025-02-03T18:00:00-08:00,49,66,0.4
2025-02-03T18:30:00-08:00,49,66,0.4
2025-02-03T19:00:00-08:00,50,66,0.3
2025-02-03T19:30:00-08:00,49,67,0.4
2025-02-03T20:00:00-08:00,49,66,0.4
2025-02-03T20:30:00-08:00,50,66,0.3
2025-02-03T21:00:00-08:00,50,66,0.3
2025-02-03T21:30:00-08:00,51,66,0.1
2025-02-03T22:00:00-08:00,53,66,0
2025-02-03T22:30:00-08:00,52,66,0.2
2025-02-03T23:00:00-08:00,51,66,0.3
2025-02-03T23:30:00-08:00,56,63,0.4
2025-02-04T00:00:00-08:00,56,63,0.7
2025-02-04T00:30:00-08:00,54,63,0.6
2025-02-04T01:00:00-08:00,54,64,0.5
2025-02-04T01:30:00-08:00,54,64,0.4
2025-02-04T02:00:00-08:00,53,64,0.1
2025-02-04T02:30:00-08:00,52,65,0.1
2025-02-04T03:00:00-08:00,55,64,0.1
2025-02-04T03:30:00-08:00,60,63,0.1
2025-02-04T04:00:00-08:00,62,63,0.2
2025-02-04T04:30:00-08:00,64,63,0.4
2025-02-04T05:00:00-08:00,65,62,0.6
2025-02-04T05:30:00-08:00,64,62,0.2
2025-02-04T06:00:00-08:00,64,63,0.2
2025-02-04T06:30:00-08:00,67,62,0.2
2025-02-04T07:00:00-08:00,68,62,0.3
2025-02-04T07:30:00-08:00,65,63,0.2
2025-02-04T08:00:00-08:00,64,64,0.1
2025-02-04T08:30:00-08:00,67,63,0.2
2025-02-04T09:00:00-08:00,68,64,0.3
2025-02-04T09:30:00-08:00,64,66,0.1
2025-02-04T10:00:00-08:00,61,68,2
2025-02-04T10:30:00-08:00,60,69,3.4
2025-02-04T11:00:00-08:00,63,69,1.3
2025-02-04T11:30:00-08:00,61,69,0.3
2025-02-04T12:00:00-08:00,62,70,0.9
2025-02-04T12:30:00-08:00,66,68,3.5
2025-02-04T13:00:00-08:00,67,68,0.2
2025-02-04T13:30:00-08:00,69,68,0.7
2025-02-04T14:00:00-08:00,71,67,0.3
2025-02-04T14:30:00-08:00,73,66,0
2025-02-04T15:00:00-08:00,74,65,0.1
2025-02-04T15:30:00-08:00,75,64,0.1
2025-02-04T16:00:00-08:00,74,65,0.1
2025-02-04T16:30:00-08:00,74,65,0.1
2025-02-04T17:00:00-08:00,74,64,0.2
2025-02-04T17:30:00-08:00,72,59,0.3
2025-02-04T18:00:00-08:00,74,58,0.6
2025-02-04T18:30:00-08:00,72,57,3.1
2025-02-04T19:00:00-08:00,69,57,4.4
2025-02-04T19:30:00-08:00,67,57,3.7
2025-02-04T20:00:00-08:00,65,57,2.4
2025-02-04T20:30:00-08:00,64,56,3
2025-02-04T21:00:00-08:00,61,57,3.6
2025-02-04T21:30:00-08:00,60,56,0.9
2025-02-04T22:00:00-08:00,59,56,0.6
2025-02-04T22:30:00-08:00,59,55,0.8
2025-02-04T23:00:00-08:00,58,54,0.7
2025-02-04T23:30:00-08:00,56,54,0.6
2025-02-05T00:00:00-08:00,57,54,0.7
2025-02-05T00:30:00-08:00,60,52,0.7
2025-02-05T01:00:00-08:00,59,53,0.4
2025-02-05T01:30:00-08:00,61,52,0.5
2025-02-05T02:00:00-08:00,64,50,0.9
2025-02-05T02:30:00-08:00,65,50,1
2025-02-05T03:00:00-08:00,65,49,1
2025-02-05T03:30:00-08:00,65,49,0.8
2025-02-05T04:00:00-08:00,65,48,1
2025-02-05T04:30:00-08:00,65,48,1.4
2025-02-05T05:00:00-08:00,64,47,1.9
2025-02-05T05:30:00-08:00,64,46,1.4
2025-02-05T06:00:00-08:00,65,47,2.4
2025-02-05T06:30:00-08:00,65,46,2.5
2025-02-05T07:00:00-08:00,65,46,2.6
2025-02-05T07:30:00-08:00,66,46,4.5
2025-02-05T08:00:00-08:00,68,49,3.2
2025-02-05T08:30:00-08:00,65,52,4.9
2025-02-05T09:00:00-08:00,60,55,3.7
2025-02-05T09:30:00-08:00,55,56,1.4
2025-02-05T10:00:00-08:00,51,59,3
2025-02-05T10:30:00-08:00,46,61,0.2
2025-02-05T11:00:00-08:00,42,63,0.1
2025-02-05T11:30:00-08:00,39,64,0.4
2025-02-05T12:00:00-08:00,36,65,0.3
2025-02-05T12:30:00-08:00,34,66,0.4
2025-02-05T13:00:00-08:00,31,68,0.3
2025-02-05T13:30:00-08:00,32,68,0.3
2025-02-05T14:00:00-08:00,35,67,0.2
2025-02-05T14:30:00-08:00,37,67,0.1
2025-02-05T15:00:00-08:00,39,66,0.4
2025-02-05T15:30:00-08:00,40,66,0.9
2025-02-05T16:00:00-08:00,40,66,0.9
2025-02-05T16:30:00-08:00,40,64,1.2
2025-02-05T17:00:00-08:00,38,64,0.5
2025-02-05T17:30:00-08:00,35,62,0.1
2025-02-05T18:00:00-08:00,36,60,0.1
2025-02-05T18:30:00-08:00,39,59,0.7
2025-02-05T19:00:00-08:00,41,58,29.9
2025-02-05T19:30:00-08:00,42,57,21.3
2025-02-05T20:00:00-08:00,43,56,7.3
2025-02-05T20:30:00-08:00,44,55,16.1
2025-02-05T21:00:00-08:00,46,54,17
2025-02-05T21:30:00-08:00,47,54,0.2
2025-02-05T22:00:00-08:00,47,53,0.3
2025-02-05T22:30:00-08:00,46,53,0.2
2025-02-05T23:00:00-08:00,47,53,0.2
2025-02-05T23:30:00-08:00,48,52,0.1
2025-02-06T00:00:00-08:00,48,52,0.5
2025-02-06T00:30:00-08:00,49,53,1.5
2025-02-06T01:00:00-08:00,48,52,0.2
2025-02-06T01:30:00-08:00,48,53,0.1
2025-02-06T02:00:00-08:00,49,52,0.1
2025-02-06T02:30:00-08:00,48,52,0.1
2025-02-06T03:00:00-08:00,47,52,0
2025-02-06T03:30:00-08:00,46,53,0.1
2025-02-06T04:00:00-08:00,47,54,0.1
2025-02-06T04:30:00-08:00,47,56,1.5
2025-02-06T05:00:00-08:00,48,56,2.2
2025-02-06T05:30:00-08:00,49,56,2.2
2025-02-06T06:00:00-08:00,49,56,1.3
2025-02-06T06:30:00-08:00,49,56,1.8
2025-02-06T07:00:00-08:00,52,57,2.3
2025-02-06T07:30:00-08:00,58,54,1.5
2025-02-06T08:00:00-08:00,63,53,1.2
2025-02-06T08:30:00-08:00,66,52,1.1
2025-02-06T09:00:00-08:00,68,53,3.1
2025-02-06T09:30:00-08:00,69,55,6.5
2025-02-06T10:00:00-08:00,68,57,8.5
2025-02-06T10:30:00-08:00,69,58,7.2
2025-02-06T11:00:00-08:00,70,61,1.4
2025-02-06T11:30:00-08:00,66,64,0
2025-02-06T12:00:00-08:00,62,66,0
2025-02-06T12:30:00-08:00,61,67,0
2025-02-06T13:00:00-08:00,59,68,1.7
2025-02-06T13:30:00-08:00,57,70,1.1
2025-02-06T14:00:00-08:00,55,71,0
2025-02-06T14:30:00-08:00,58,70,0
2025-02-06T15:00:00-08:00,64,69,1.3
2025-02-06T15:30:00-08:00,68,67,0.4
2025-02-06T16:00:00-08:00,69,67,0.2
2025-02-06T16:30:00-08:00,70,67,0.2
2025-02-06T17:00:00-08:00,70,67,0.1
2025-02-06T17:30:00-08:00,69,67,0.3
2025-02-06T18:00:00-08:00,66,67,0.4
2025-02-06T18:30:00-08:00,66,67,0.8
2025-02-06T19:00:00-08:00,67,67,1.2
2025-02-06T19:30:00-08:00,69,67,1.4
2025-02-06T20:00:00-08:00,67,67,0.8
2025-02-06T20:30:00-08:00,65,67,0.9
2025-02-06T21:00:00-08:00,62,66,0.5
2025-02-06T21:30:00-08:00,65,66,0.3
2025-02-06T22:00:00-08:00,71,61,0.1
2025-02-06T22:30:00-08:00,72,59,0.1
2025-02-06T23:00:00-08:00,73,58,0.2
2025-02-06T23:30:00-08:00,70,58,0.2
2025-02-07T00:00:00-08:00,70,58,0.3
2025-02-07T00:30:00-08:00,67,59,0.3
2025-02-07T01:00:00-08:00,65,59,0.2
2025-02-07T01:30:00-08:00,63,59,0.2
2025-02-07T02:00:00-08:00,64,59,0.2
2025-02-07T02:30:00-08:00,64,60,0.2
2025-02-07T03:00:00-08:00,64,59,0.1
2025-02-07T03:30:00-08:00,65,59,0.4
2025-02-07T04:00:00-08:00,65,59,0.7
2025-02-07T04:30:00-08:00,66,59,1.2
2025-02-07T05:00:00-08:00,67,58,1.2
2025-02-07T05:30:00-08:00,68,58,1.4
2025-02-07T06:00:00-08:00,68,58,2.1
2025-02-07T06:30:00-08:00,69,58,1.7
2025-02-07T07:00:00-08:00,69,58,1.7
2025-02-07T07:30:00-08:00,69,59,1.6
2025-02-07T08:00:00-08:00,69,59,1.6
2025-02-07T08:30:00-08:00,67,61,0.6
2025-02-07T09:00:00-08:00,64,62,0.6
2025-02-07T09:30:00-08:00,60,64,1.1
2025-02-07T10:00:00-08:00,55,65,0.5
2025-02-07T10:30:00-08:00,50,66,0.1
2025-02-07T11:00:00-08:00,48,67,0.2
2025-02-07T11:30:00-08:00,52,65,0.3
2025-02-07T12:00:00-08:00,58,64,0.4
2025-02-07T12:30:00-08:00,54,65,0.4
2025-02-07T13:00:00-08:00,49,68,0.6
2025-02-07T13:30:00-08:00,44,69,3.8
2025-02-07T14:00:00-08:00,43,69,2.7
2025-02-07T14:30:00-08:00,37,70,0.1
2025-02-07T15:00:00-08:00,40,69,3.9
2025-02-07T15:30:00-08:00,41,67,0.1
2025-02-07T16:00:00-08:00,44,66,0.3
2025-02-07T16:30:00-08:00,45,64,0.7
2025-02-07T17:00:00-08:00,49,61,0.8
2025-02-07T17:30:00-08:00,53,60,0.5
2025-02-07T18:00:00-08:00,55,60,0.5
2025-02-07T18:30:00-08:00,58,59,0.6
2025-02-07T19:00:00-08:00,59,58,3.3
2025-02-07T19:30:00-08:00,59,58,10.3
2025-02-07T20:00:00-08:00,59,57,1.1
2025-02-07T20:30:00-08:00,61,56,9.2
2025-02-07T21:00:00-08:00,62,55,11.7
2025-02-07T21:30:00-08:00,64,54,7.8
2025-02-07T22:00:00-08:00,63,53,7.7
2025-02-07T22:30:00-08:00,64,52,7.9
2025-02-07T23:00:00-08:00,65,52,8
2025-02-07T23:30:00-08:00,64,51,8.5
2025-02-08T00:00:00-08:00,64,50,7
2025-02-08T00:30:00-08:00,66,50,5.9
2025-02-08T01:00:00-08:00,65,50,4.8
2025-02-08T01:30:00-08:00,65,49,4
2025-02-08T02:00:00-08:00,66,49,4.9
2025-02-08T02:30:00-08:00,66,49,4.9
2025-02-08T03:00:00-08:00,65,48,3.2
2025-02-08T03:30:00-08:00,64,48,2.3
2025-02-08T04:00:00-08:00,64,47,2.6
2025-02-08T04:30:00-08:00,64,47,2.8
2025-02-08T05:00:00-08:00,65,47,2.1
2025-02-08T05:30:00-08:00,64,47,2.1
2025-02-08T06:00:00-08:00,64,46,2.1
2025-02-08T06:30:00-08:00,64,46,2
2025-02-08T07:00:00-08:00,64,45,2.6
2025-02-08T07:30:00-08:00,65,46,3.7
2025-02-08T08:00:00-08:00,67,48,4
2025-02-08T08:30:00-08:00,67,51,3.5
2025-02-08T09:00:00-08:00,62,54,3.4
2025-02-08T09:30:00-08:00,56,57,1.1
2025-02-08T10:00:00-08:00,50,59,7.3
2025-02-08T10:30:00-08:00,46,61,0.8
2025-02-08T11:00:00-08:00,46,62,0.9
2025-02-08T11:30:00-08:00,45,63,1.1
2025-02-08T12:00:00-08:00,43,64,1.8
2025-02-08T12:30:00-08:00,43,64,1.4
2025-02-08T13:00:00-08:00,42,65,0.8
2025-02-08T13:30:00-08:00,42,65,0.4
2025-02-08T14:00:00-08:00,41,66,0.4
2025-02-08T14:30:00-08:00,37,66,0.1
2025-02-08T15:00:00-08:00,36,67,0
2025-02-08T15:30:00-08:00,36,67,0
2025-02-08T16:00:00-08:00,36,67,0.2
2025-02-08T16:30:00-08:00,36,65,0.2
2025-02-08T17:00:00-08:00,37,64,0.6
2025-02-08T17:30:00-08:00,43,61,0.5
2025-02-08T18:00:00-08:00,47,59,0.6
2025-02-08T18:30:00-08:00,51,58,1.3
2025-02-08T19:00:00-08:00,55,57,8.3
2025-02-08T19:30:00-08:00,56,56,6.6
2025-02-08T20:00:00-08:00,57,54,7.2
2025-02-08T20:30:00-08:00,56,53,4.6
2025-02-08T21:00:00-08:00,55,52,3.2
2025-02-08T21:30:00-08:00,55,51,2.7
2025-02-08T22:00:00-08:00,57,50,12.7
2025-02-08T22:30:00-08:00,59,49,7.8
2025-02-08T23:00:00-08:00,59,48,4.9
2025-02-08T23:30:00-08:00,60,48,5.4
2025-02-09T00:00:00-08:00,61,48,5.8
2025-02-09T00:30:00-08:00,60,47,5.1
2025-02-09T01:00:00-08:00,61,47,5
2025-02-09T01:30:00-08:00,61,46,4.6
2025-02-09T02:00:00-08:00,61,46,4.6
2025-02-09T02:30:00-08:00,62,45,4.1
2025-02-09T03:00:00-08:00,62,45,3
2025-02-09T03:30:00-08:00,62,45,2.6
2025-02-09T04:00:00-08:00,61,45,1.7
2025-02-09T04:30:00-08:00,60,44,1.5
2025-02-09T05:00:00-08:00,61,44,1.7
2025-02-09T05:30:00-08:00,61,43,1.6
2025-02-09T06:00:00-08:00,62,43,1.8
2025-02-09T06:30:00-08:00,62,43,2.1
2025-02-09T07:00:00-08:00,62,43,2.4
2025-02-09T07:30:00-08:00,62,44,2.1
2025-02-09T08:00:00-08:00,57,48,0.5
2025-02-09T08:30:00-08:00,49,52,0.2
2025-02-09T09:00:00-08:00,40,56,0.1
2025-02-09T09:30:00-08:00,35,58,9.8
2025-02-09T10:00:00-08:00,32,60,0.1
2025-02-09T10:30:00-08:00,32,61,3.3
2025-02-09T11:00:00-08:00,32,63,0.8
2025-02-09T11:30:00-08:00,28,64,0.2
2025-02-09T12:00:00-08:00,27,66,0.1
2025-02-09T12:30:00-08:00,28,67,0.4
2025-02-09T13:00:00-08:00,30,67,0.6
2025-02-09T13:30:00-08:00,31,67,0.6
2025-02-09T14:00:00-08:00,29,68,2
2025-02-09T14:30:00-08:00,29,69,6.9
2025-02-09T15:00:00-08:00,29,68,1.1
2025-02-09T15:30:00-08:00,28,68,0.9
2025-02-09T16:00:00-08:00,31,67,1.3
2025-02-09T16:30:00-08:00,31,66,1.4
2025-02-09T17:00:00-08:00,30,65,1.4
2025-02-09T17:30:00-08:00,31,62,1.2
2025-02-09T18:00:00-08:00,36,60,2.3
2025-02-09T18:30:00-08:00,39,57,10.9
2025-02-09T19:00:00-08:00,41,55,6.2
2025-02-09T19:30:00-08:00,43,54,5.4
2025-02-09T20:00:00-08:00,45,53,5.2
2025-02-09T20:30:00-08:00,50,52,7.7
2025-02-09T21:00:00-08:00,52,51,9.7
2025-02-09T21:30:00-08:00,52,50,7.6
2025-02-09T22:00:00-08:00,53,49,6.4
2025-02-09T22:30:00-08:00,54,48,10.5
2025-02-09T23:00:00-08:00,54,48,7.6
2025-02-09T23:30:00-08:00,54,47,3.6
2025-02-10T00:00:00-08:00,55,47,3.6
2025-02-10T00:30:00-08:00,55,46,3.1
2025-02-10T01:00:00-08:00,56,45,3.1
2025-02-10T01:30:00-08:00,56,45,2.4
2025-02-10T02:00:00-08:00,56,45,1.6
2025-02-10T02:30:00-08:00,55,45,1.3
2025-02-10T03:00:00-08:00,56,44,1.2
2025-02-10T03:30:00-08:00,56,44,0.9
2025-02-10T04:00:00-08:00,56,44,0.8
2025-02-10T04:30:00-08:00,56,43,0.9
2025-02-10T05:00:00-08:00,57,42,3.1
2025-02-10T05:30:00-08:00,57,42,4.3
2025-02-10T06:00:00-08:00,58,42,7.9
2025-02-10T06:30:00-08:00,59,42,4.1
2025-02-10T07:00:00-08:00,59,42,5.9
2025-02-10T07:30:00-08:00,59,42,9.2
2025-02-10T08:00:00-08:00,61,45,12.7
2025-02-10T08:30:00-08:00,57,49,10
2025-02-10T09:00:00-08:00,52,52,7.8
2025-02-10T09:30:00-08:00,48,55,5.6
2025-02-10T10:00:00-08:00,41,58,4.1
2025-02-10T10:30:00-08:00,31,61,0.5
2025-02-10T11:00:00-08:00,27,63,0.2
2025-02-10T11:30:00-08:00,25,65,0.1
2025-02-10T12:00:00-08:00,24,66,0.1
2025-02-10T12:30:00-08:00,22,68,0
2025-02-10T13:00:00-08:00,21,69,5.6
2025-02-10T13:30:00-08:00,20,70,2.7
2025-02-10T14:00:00-08:00,23,70,0.4
2025-02-10T14:30:00-08:00,23,71,0.3
2025-02-10T15:00:00-08:00,24,71,0.4
2025-02-10T15:30:00-08:00,26,69,2.6
2025-02-10T16:00:00-08:00,28,66,0.6
2025-02-10T16:30:00-08:00,33,64,1
2025-02-10T17:00:00-08:00,45,61,2.1
2025-02-10T17:30:00-08:00,50,58,4.4
2025-02-10T18:00:00-08:00,50,57,11.1
2025-02-10T18:30:00-08:00,50,57,1.9
2025-02-10T19:00:00-08:00,51,55,2.1
2025-02-10T19:30:00-08:00,53,54,2.8
2025-02-10T20:00:00-08:00,54,54,4.9
2025-02-10T20:30:00-08:00,55,52,7.5
2025-02-10T21:00:00-08:00,57,52,9.1
2025-02-10T21:30:00-08:00,58,51,10.4
2025-02-10T22:00:00-08:00,60,50,7.1
2025-02-10T22:30:00-08:00,59,50,5.7
2025-02-10T23:00:00-08:00,61,49,5.4
2025-02-10T23:30:00-08:00,61,48,4.6
2025-02-11T00:00:00-08:00,62,48,4.1
2025-02-11T00:30:00-08:00,62,48,3.7
2025-02-11T01:00:00-08:00,61,47,3.5
2025-02-11T01:30:00-08:00,61,46,2.9
2025-02-11T02:00:00-08:00,61,46,3.4
2025-02-11T02:30:00-08:00,62,46,3.2
2025-02-11T03:00:00-08:00,63,46,3
2025-02-11T03:30:00-08:00,62,45,3
2025-02-11T04:00:00-08:00,61,45,2.8
2025-02-11T04:30:00-08:00,61,44,2.9
2025-02-11T05:00:00-08:00,61,44,2.9
2025-02-11T05:30:00-08:00,61,44,3.6
2025-02-11T06:00:00-08:00,62,43,6.4
2025-02-11T06:30:00-08:00,63,44,9.2
2025-02-11T07:00:00-08:00,61,43,7.4
2025-02-11T07:30:00-08:00,63,44,7.9
2025-02-11T08:00:00-08:00,65,47,10
2025-02-11T08:30:00-08:00,62,50,7.4
2025-02-11T09:00:00-08:00,58,54,5.7
2025-02-11T09:30:00-08:00,54,57,6.5
2025-02-11T10:00:00-08:00,49,60,4.3
2025-02-11T10:30:00-08:00,47,61,3.3
2025-02-11T11:00:00-08:00,45,62,2.9
2025-02-11T11:30:00-08:00,42,65,2.8
2025-02-11T12:00:00-08:00,41,66,2.7
2025-02-11T12:30:00-08:00,41,65,2.3
2025-02-11T13:00:00-08:00,41,65,2.1
2025-02-11T13:30:00-08:00,40,64,1.9
2025-02-11T14:00:00-08:00,42,63,1.7
2025-02-11T14:30:00-08:00,44,61,2.1
2025-02-11T15:00:00-08:00,46,60,2
2025-02-11T15:30:00-08:00,47,59,1.9
2025-02-11T16:00:00-08:00,47,59,1.9
2025-02-11T16:30:00-08:00,47,59,1.9
2025-02-11T17:00:00-08:00,47,59,1.9
2025-02-11T17:30:00-08:00,47,59,2.1
2025-02-11T18:00:00-08:00,46,59,2
2025-02-11T18:30:00-08:00,47,59,2.2
2025-02-11T19:00:00-08:00,48,59,2
2025-02-11T19:30:00-08:00,48,59,1.9
2025-02-11T20:00:00-08:00,47,58,4.5
2025-02-11T20:30:00-08:00,49,56,3.2
2025-02-11T21:00:00-08:00,55,55,1.5
2025-02-11T21:30:00-08:00,56,55,1.3
2025-02-11T22:00:00-08:00,57,55,2.1
2025-02-11T22:30:00-08:00,58,54,2
2025-02-11T23:00:00-08:00,57,55,2.6
2025-02-11T23:30:00-08:00,58,55,1.7
2025-02-12T00:00:00-08:00,58,55,1.4
2025-02-12T00:30:00-08:00,59,55,1.3
2025-02-12T01:00:00-08:00,59,55,1.3
2025-02-12T01:30:00-08:00,59,55,1.3
2025-02-12T02:00:00-08:00,59,55,0.9
2025-02-12T02:30:00-08:00,58,54,0.6
2025-02-12T03:00:00-08:00,57,54,0.7
2025-02-12T03:30:00-08:00,56,55,0.6
2025-02-12T04:00:00-08:00,57,55,0.7
2025-02-12T04:30:00-08:00,55,55,1
2025-02-12T05:00:00-08:00,54,55,1.3
2025-02-12T05:30:00-08:00,54,54,1.4
2025-02-12T06:00:00-08:00,56,53,1.5
2025-02-12T06:30:00-08:00,57,52,1.4
2025-02-12T07:00:00-08:00,58,53,1.8
2025-02-12T07:30:00-08:00,57,53,2
2025-02-12T08:00:00-08:00,56,54,2.1
2025-02-12T08:30:00-08:00,54,56,2.7
2025-02-12T09:00:00-08:00,52,57,6.9
2025-02-12T09:30:00-08:00,49,58,6
2025-02-12T10:00:00-08:00,45,62,2.5
2025-02-12T10:30:00-08:00,43,63,3.5
2025-02-12T11:00:00-08:00,42,64,4.6
2025-02-12T11:30:00-08:00,41,66,4.4
2025-02-12T12:00:00-08:00,39,67,5
2025-02-12T12:30:00-08:00,39,67,4.6
2025-02-12T13:00:00-08:00,38,68,5
2025-02-12T13:30:00-08:00,39,67,6.2
2025-02-12T14:00:00-08:00,39,66,7.9
2025-02-12T14:30:00-08:00,40,66,8
2025-02-12T15:00:00-08:00,42,65,8.2
2025-02-12T15:30:00-08:00,42,65,7.7
2025-02-12T16:00:00-08:00,42,65,6.7
2025-02-12T16:30:00-08:00,43,65,5.9
2025-02-12T17:00:00-08:00,44,63,6.7
2025-02-12T17:30:00-08:00,45,63,6.9
2025-02-12T18:00:00-08:00,46,63,7.9
2025-02-12T18:30:00-08:00,51,61,8.6
2025-02-12T19:00:00-08:00,55,60,9.6
2025-02-12T19:30:00-08:00,60,60,9.1
2025-02-12T20:00:00-08:00,64,60,8.9
2025-02-12T20:30:00-08:00,65,61,6.9
2025-02-12T21:00:00-08:00,67,60,8.5
2025-02-12T21:30:00-08:00,69,59,5.1
2025-02-12T22:00:00-08:00,71,60,3.1
2025-02-12T22:30:00-08:00,72,60,1.3
2025-02-12T23:00:00-08:00,72,60,0.4
2025-02-12T23:30:00-08:00,74,60,0.1
2025-02-13T00:00:00-08:00,73,61,0.3
2025-02-13T00:30:00-08:00,73,61,0.6
2025-02-13T01:00:00-08:00,74,61,0.4
2025-02-13T01:30:00-08:00,74,61,0
2025-02-13T02:00:00-08:00,74,62,0
2025-02-13T02:30:00-08:00,75,62,0
2025-02-13T03:00:00-08:00,77,62,0
2025-02-13T03:30:00-08:00,77,62,0
2025-02-13T04:00:00-08:00,77,62,0
2025-02-13T04:30:00-08:00,75,64,0
2025-02-13T05:00:00-08:00,72,65,0.2
2025-02-13T05:30:00-08:00,71,64,0.2
2025-02-13T06:00:00-08:00,69,64,0
2025-02-13T06:30:00-08:00,69,64,0
2025-02-13T07:00:00-08:00,70,64,0
2025-02-13T07:30:00-08:00,71,64,0.1
2025-02-13T08:00:00-08:00,69,64,0.3
2025-02-13T08:30:00-08:00,69,64,0.4
2025-02-13T09:00:00-08:00,66,65,0.1
2025-02-13T09:30:00-08:00,62,66,0.5
2025-02-13T10:00:00-08:00,58,68,1.5
2025-02-13T10:30:00-08:00,55,68,2.5
2025-02-13T11:00:00-08:00,61,66,1.6
2025-02-13T11:30:00-08:00,64,65,1.7
2025-02-13T12:00:00-08:00,67,64,1.4
2025-02-13T12:30:00-08:00,68,64,0.8
2025-02-13T13:00:00-08:00,67,65,0.4
2025-02-13T13:30:00-08:00,62,67,1
2025-02-13T14:00:00-08:00,58,68,2.8
2025-02-13T14:30:00-08:00,57,69,3.4
2025-02-13T15:00:00-08:00,54,70,3
2025-02-13T15:30:00-08:00,57,68,8.8
2025-02-13T16:00:00-08:00,64,65,3.4
2025-02-13T16:30:00-08:00,65,65,3.8
2025-02-13T17:00:00-08:00,63,65,3.5
2025-02-13T17:30:00-08:00,62,65,3.5
2025-02-13T18:00:00-08:00,65,64,3.9
2025-02-13T18:30:00-08:00,66,64,4.3
2025-02-13T19:00:00-08:00,66,64,3.2
2025-02-13T19:30:00-08:00,67,64,2.5
2025-02-13T20:00:00-08:00,70,63,2.1
2025-02-13T20:30:00-08:00,69,63,1.4
2025-02-13T21:00:00-08:00,67,63,1.5
2025-02-13T21:30:00-08:00,70,62,1.5
2025-02-13T22:00:00-08:00,70,63,1.9
2025-02-13T22:30:00-08:00,70,62,0.9
2025-02-13T23:00:00-08:00,71,61,1.7
2025-02-13T23:30:00-08:00,69,61,2.9
2025-02-14T00:00:00-08:00,68,61,4.3
2025-02-14T00:30:00-08:00,68,61,3.7
2025-02-14T01:00:00-08:00,67,61,4.1
2025-02-14T01:30:00-08:00,66,61,4.2
2025-02-14T02:00:00-08:00,70,60,2.8
2025-02-14T02:30:00-08:00,69,59,1.6
2025-02-14T03:00:00-08:00,70,60,2.4
2025-02-14T03:30:00-08:00,69,60,3.7
2025-02-14T04:00:00-08:00,67,61,3.8
2025-02-14T04:30:00-08:00,65,61,3
2025-02-14T05:00:00-08:00,67,58,1.9
2025-02-14T05:30:00-08:00,68,58,4.3
2025-02-14T06:00:00-08:00,66,59,2.7
2025-02-14T06:30:00-08:00,64,59,3.1
2025-02-14T07:00:00-08:00,63,59,3
2025-02-14T07:30:00-08:00,60,59,2.9
2025-02-14T08:00:00-08:00,60,60,2.6
2025-02-14T08:30:00-08:00,60,60,3.2
2025-02-14T09:00:00-08:00,56,61,3.7
2025-02-14T09:30:00-08:00,54,62,3.8
2025-02-14T10:00:00-08:00,52,62,3.6
2025-02-14T10:30:00-08:00,56,62,4.2
2025-02-14T11:00:00-08:00,55,62,3.5
2025-02-14T11:30:00-08:00,52,63,3.5
2025-02-14T12:00:00-08:00,49,64,3.6
2025-02-14T12:30:00-08:00,47,65,3.7
2025-02-14T13:00:00-08:00,45,65,3.2
2025-02-14T13:30:00-08:00,44,65,3.1
2025-02-14T14:00:00-08:00,41,65,2.8
2025-02-14T14:30:00-08:00,41,65,2.9
2025-02-14T15:00:00-08:00,42,64,2.7
2025-02-14T15:30:00-08:00,43,64,2.8
2025-02-14T16:00:00-08:00,44,64,3.7
2025-02-14T16:30:00-08:00,46,63,3
2025-02-14T17:00:00-08:00,47,62,3.1
2025-02-14T17:30:00-08:00,48,60,3.1
2025-02-14T18:00:00-08:00,50,60,3.4
2025-02-14T18:30:00-08:00,52,59,3.8
2025-02-14T19:00:00-08:00,55,58,7.9
2025-02-14T19:30:00-08:00,57,57,13.7
2025-02-14T20:00:00-08:00,59,56,20.9
2025-02-14T20:30:00-08:00,60,55,8.3
2025-02-14T21:00:00-08:00,61,55,12.9
2025-02-14T21:30:00-08:00,62,54,16.2
2025-02-14T22:00:00-08:00,63,53,26.5
2025-02-14T22:30:00-08:00,62,52,16.4
2025-02-14T23:00:00-08:00,63,52,11.8
2025-02-14T23:30:00-08:00,63,51,11.1
2025-02-15T00:00:00-08:00,64,50,9.8
2025-02-15T00:30:00-08:00,64,50,8.6
2025-02-15T01:00:00-08:00,64,49,7.8
2025-02-15T01:30:00-08:00,65,49,8.8
2025-02-15T02:00:00-08:00,65,49,8
2025-02-15T02:30:00-08:00,65,49,7.7
2025-02-15T03:00:00-08:00,64,48,9.3
2025-02-15T03:30:00-08:00,64,48,9.7
2025-02-15T04:00:00-08:00,65,48,7.6
2025-02-15T04:30:00-08:00,65,48,6.4
2025-02-15T05:00:00-08:00,64,47,6
2025-02-15T05:30:00-08:00,64,47,5
2025-02-15T06:00:00-08:00,64,47,4.1
2025-02-15T06:30:00-08:00,65,47,4.6
2025-02-15T07:00:00-08:00,65,48,5.8
2025-02-15T07:30:00-08:00,66,50,7.8
2025-02-15T08:00:00-08:00,65,53,10.3
2025-02-15T08:30:00-08:00,61,56,9
2025-02-15T09:00:00-08:00,56,59,14.3
2025-02-15T09:30:00-08:00,54,60,4.6
2025-02-15T10:00:00-08:00,52,61,4.7
2025-02-15T10:30:00-08:00,49,64,4.2
2025-02-15T11:00:00-08:00,43,67,1.2
2025-02-15T11:30:00-08:00,41,68,2.6
2025-02-15T12:00:00-08:00,42,70,9.1
2025-02-15T12:30:00-08:00,41,70,4.7
2025-02-15T13:00:00-08:00,41,70,3.9
2025-02-15T13:30:00-08:00,39,72,3.5
2025-02-15T14:00:00-08:00,37,73,3.4
2025-02-15T14:30:00-08:00,36,73,3
2025-02-15T15:00:00-08:00,36,73,2.6
2025-02-15T15:30:00-08:00,37,73,2.6
2025-02-15T16:00:00-08:00,38,71,1.9
2025-02-15T16:30:00-08:00,39,70,1.8
2025-02-15T17:00:00-08:00,42,68,3.5
2025-02-15T17:30:00-08:00,45,66,2.3
2025-02-15T18:00:00-08:00,47,64,2.9
2025-02-15T18:30:00-08:00,47,63,5
2025-02-15T19:00:00-08:00,48,62,4.7
2025-02-15T19:30:00-08:00,50,61,5.9
2025-02-15T20:00:00-08:00,53,59,7.9
2025-02-15T20:30:00-08:00,56,58,10.4
2025-02-15T21:00:00-08:00,59,58,10
2025-02-15T21:30:00-08:00,59,57,10.7
2025-02-15T22:00:00-08:00,59,56,5.4
2025-02-15T22:30:00-08:00,59,55,5.9
2025-02-15T23:00:00-08:00,61,55,8.2
2025-02-15T23:30:00-08:00,61,54,9.7
2025-02-16T00:00:00-08:00,62,54,6.6
2025-02-16T00:30:00-08:00,62,54,5
2025-02-16T01:00:00-08:00,63,53,4.3
2025-02-16T01:30:00-08:00,63,52,3.6
2025-02-16T02:00:00-08:00,64,52,4.1
2025-02-16T02:30:00-08:00,64,51,4
2025-02-16T03:00:00-08:00,64,51,3.4
2025-02-16T03:30:00-08:00,64,51,3.4
2025-02-16T04:00:00-08:00,63,51,3.3
2025-02-16T04:30:00-08:00,65,52,5.3
2025-02-16T05:00:00-08:00,65,52,6.5
2025-02-16T05:30:00-08:00,65,52,9.4
2025-02-16T06:00:00-08:00,66,51,12.1
2025-02-16T06:30:00-08:00,66,51,12.3
2025-02-16T07:00:00-08:00,66,52,11
2025-02-16T07:30:00-08:00,65,54,8.1
2025-02-16T08:00:00-08:00,63,57,6.8
2025-02-16T08:30:00-08:00,60,58,8.4
2025-02-16T09:00:00-08:00,55,61,9.6
2025-02-16T09:30:00-08:00,55,62,13.1
2025-02-16T10:00:00-08:00,49,65,13.3
2025-02-16T10:30:00-08:00,45,67,14.6
2025-02-16T11:00:00-08:00,43,69,16
2025-02-16T11:30:00-08:00,40,71,12.6
2025-02-16T12:00:00-08:00,38,72,8.6
2025-02-16T12:30:00-08:00,36,73,6.2
2025-02-16T13:00:00-08:00,34,74,4.8
2025-02-16T13:30:00-08:00,33,73,3.4
2025-02-16T14:00:00-08:00,31,72,2
2025-02-16T14:30:00-08:00,35,71,2.4
2025-02-16T15:00:00-08:00,35,71,2.6
2025-02-16T15:30:00-08:00,36,71,2.5
2025-02-16T16:00:00-08:00,37,71,2.4
2025-02-16T16:30:00-08:00,39,70,2.8
2025-02-16T17:00:00-08:00,41,69,2.9
2025-02-16T17:30:00-08:00,44,68,12.2
2025-02-16T18:00:00-08:00,47,67,3.2
2025-02-16T18:30:00-08:00,53,66,2.6
2025-02-16T19:00:00-08:00,58,65,0.9
2025-02-16T19:30:00-08:00,61,64,1.4
2025-02-16T20:00:00-08:00,65,63,1
2025-02-16T20:30:00-08:00,68,62,1
2025-02-16T21:00:00-08:00,69,61,2
2025-02-16T21:30:00-08:00,70,62,1.6
2025-02-16T22:00:00-08:00,68,62,1.2
2025-02-16T22:30:00-08:00,66,61,1.7
2025-02-16T23:00:00-08:00,67,61,3.4
2025-02-16T23:30:00-08:00,67,62,2.9
2025-02-17T00:00:00-08:00,66,62,2
2025-02-17T00:30:00-08:00,67,61,2.6
2025-02-17T01:00:00-08:00,67,61,2.2
2025-02-17T01:30:00-08:00,67,60,2.3
2025-02-17T02:00:00-08:00,68,59,3.9
2025-02-17T02:30:00-08:00,67,59,3.2
2025-02-17T03:00:00-08:00,65,60,2.4
2025-02-17T03:30:00-08:00,65,60,3.4
2025-02-17T04:00:00-08:00,65,59,3.6
2025-02-17T04:30:00-08:00,65,60,3.5
2025-02-17T05:00:00-08:00,65,59,3.3
2025-02-17T05:30:00-08:00,66,59,2.7
2025-02-17T06:00:00-08:00,65,60,2.5
2025-02-17T06:30:00-08:00,64,60,2.6
2025-02-17T07:00:00-08:00,63,60,2.7
2025-02-17T07:30:00-08:00,62,61,2.7
2025-02-17T08:00:00-08:00,61,61,2.9
2025-02-17T08:30:00-08:00,59,63,3.3
2025-02-17T09:00:00-08:00,56,64,3.5
2025-02-17T09:30:00-08:00,52,65,2.9
2025-02-17T10:00:00-08:00,51,66,2.5
2025-02-17T10:30:00-08:00,49,67,2.4
2025-02-17T11:00:00-08:00,46,69,4.2
2025-02-17T11:30:00-08:00,45,70,1.9
2025-02-17T12:00:00-08:00,45,68,2.8
2025-02-17T12:30:00-08:00,46,68,2.6
2025-02-17T13:00:00-08:00,45,69,2.3
2025-02-17T13:30:00-08:00,45,69,2.2
2025-02-17T14:00:00-08:00,46,69,2.2
2025-02-17T14:30:00-08:00,47,68,2.3
2025-02-17T15:00:00-08:00,48,68,2.6
2025-02-17T15:30:00-08:00,47,68,2.4
2025-02-17T16:00:00-08:00,46,66,2
2025-02-17T16:30:00-08:00,45,66,1.2
2025-02-17T17:00:00-08:00,47,65,1.3
2025-02-17T17:30:00-08:00,52,63,1.7
2025-02-17T18:00:00-08:00,54,62,1.8
2025-02-17T18:30:00-08:00,56,61,2.5
2025-02-17T19:00:00-08:00,59,60,2.2
2025-02-17T19:30:00-08:00,61,60,2.4
2025-02-17T20:00:00-08:00,61,59,2.5
2025-02-17T20:30:00-08:00,63,59,3.5
2025-02-17T21:00:00-08:00,63,58,9.1
2025-02-17T21:30:00-08:00,63,57,10.6
2025-02-17T22:00:00-08:00,63,56,10.6
2025-02-17T22:30:00-08:00,65,56,12
2025-02-17T23:00:00-08:00,65,55,11.3
2025-02-17T23:30:00-08:00,64,55,8.3
2025-02-18T00:00:00-08:00,64,54,7
2025-02-18T00:30:00-08:00,64,53,5.9
2025-02-18T01:00:00-08:00,65,53,4.3
2025-02-18T01:30:00-08:00,64,53,3.6
2025-02-18T02:00:00-08:00,64,52,3.9
2025-02-18T02:30:00-08:00,65,52,3.9
2025-02-18T03:00:00-08:00,65,52,2.8
2025-02-18T03:30:00-08:00,65,52,2.8
2025-02-18T04:00:00-08:00,65,52,2.6
2025-02-18T04:30:00-08:00,65,51,2.5
2025-02-18T05:00:00-08:00,65,51,2.3
2025-02-18T05:30:00-08:00,63,51,2.1
2025-02-18T06:00:00-08:00,64,50,2.2
2025-02-18T06:30:00-08:00,64,50,2.9
2025-02-18T07:00:00-08:00,65,51,3.4
2025-02-18T07:30:00-08:00,65,53,4.2
2025-02-18T08:00:00-08:00,66,56,6.8
2025-02-18T08:30:00-08:00,64,59,11.9
2025-02-18T09:00:00-08:00,59,62,10.6
2025-02-18T09:30:00-08:00,57,63,9
2025-02-18T10:00:00-08:00,54,65,9
2025-02-18T10:30:00-08:00,51,66,8.3
2025-02-18T11:00:00-08:00,48,68,6
2025-02-18T11:30:00-08:00,46,69,6.5
2025-02-18T12:00:00-08:00,46,70,4
2025-02-18T12:30:00-08:00,44,71,3.1
2025-02-18T13:00:00-08:00,41,72,2.5
2025-02-18T13:30:00-08:00,40,72,2.3
2025-02-18T14:00:00-08:00,40,73,1.7
2025-02-18T14:30:00-08:00,39,73,1.6
2025-02-18T15:00:00-08:00,37,74,1.6
2025-02-18T15:30:00-08:00,35,76,1.7
2025-02-18T16:00:00-08:00,35,75,1.9
2025-02-18T16:30:00-08:00,38,72,1.1
2025-02-18T17:00:00-08:00,40,69,2
2025-02-18T17:30:00-08:00,41,68,11.1
2025-02-18T18:00:00-08:00,46,66,2.6
2025-02-18T18:30:00-08:00,49,65,3.8
2025-02-18T19:00:00-08:00,53,65,4.4
2025-02-18T19:30:00-08:00,55,64,4.8
2025-02-18T20:00:00-08:00,55,63,4.7
2025-02-18T20:30:00-08:00,56,63,4
2025-02-18T21:00:00-08:00,56,62,3.9
2025-02-18T21:30:00-08:00,57,62,4.2
2025-02-18T22:00:00-08:00,58,61,5.7
2025-02-18T22:30:00-08:00,60,60,8.6
2025-02-18T23:00:00-08:00,61,59,8.3
2025-02-18T23:30:00-08:00,61,59,8.1
2025-02-19T00:00:00-08:00,62,59,9.5
2025-02-19T00:30:00-08:00,62,59,10.7
2025-02-19T01:00:00-08:00,62,59,9.4
2025-02-19T01:30:00-08:00,62,59,7.6
2025-02-19T02:00:00-08:00,63,60,7.2
2025-02-19T02:30:00-08:00,62,60,6.6
2025-02-19T03:00:00-08:00,63,60,5.8
2025-02-19T03:30:00-08:00,63,60,6.2
2025-02-19T04:00:00-08:00,63,60,5.7
2025-02-19T04:30:00-08:00,63,59,5.3
2025-02-19T05:00:00-08:00,63,58,7.7
2025-02-19T05:30:00-08:00,64,57,9.5
2025-02-19T06:00:00-08:00,65,57,5.8
2025-02-19T06:30:00-08:00,66,56,6.7
2025-02-19T07:00:00-08:00,66,56,7
2025-02-19T07:30:00-08:00,67,56,8.6
2025-02-19T08:00:00-08:00,64,60,8.5
2025-02-19T08:30:00-08:00,55,64,5.8
2025-02-19T09:00:00-08:00,48,68,8.9
2025-02-19T09:30:00-08:00,46,70,4.8
2025-02-19T10:00:00-08:00,44,71,3.4
2025-02-19T10:30:00-08:00,44,71,2.9
2025-02-19T11:00:00-08:00,44,71,3
2025-02-19T11:30:00-08:00,49,70,3
2025-02-19T12:00:00-08:00,58,68,3.8
2025-02-19T12:30:00-08:00,61,68,6.3
2025-02-19T13:00:00-08:00,58,70,4.1
2025-02-19T13:30:00-08:00,59,69,10.8
2025-02-19T14:00:00-08:00,60,69,14.9
2025-02-19T14:30:00-08:00,60,69,8.5
2025-02-19T15:00:00-08:00,54,71,0.4
2025-02-19T15:30:00-08:00,52,71,0
2025-02-19T16:00:00-08:00,54,70,0.4
2025-02-19T16:30:00-08:00,56,68,9.2
2025-02-19T17:00:00-08:00,59,67,1.4
2025-02-19T17:30:00-08:00,61,66,1.6
2025-02-19T18:00:00-08:00,65,64,2.7
2025-02-19T18:30:00-08:00,65,64,3.8
2025-02-19T19:00:00-08:00,65,64,3.6
2025-02-19T19:30:00-08:00,66,63,3.4
2025-02-19T20:00:00-08:00,67,62,3.9
2025-02-19T20:30:00-08:00,67,60,6.4
2025-02-19T21:00:00-08:00,67,59,9.2
2025-02-19T21:30:00-08:00,67,58,10.6
2025-02-19T22:00:00-08:00,68,58,16.4
2025-02-19T22:30:00-08:00,68,57,7.1
2025-02-19T23:00:00-08:00,68,57,5.4
2025-02-19T23:30:00-08:00,67,57,5.4
2025-02-20T00:00:00-08:00,67,57,7.1
2025-02-20T00:30:00-08:00,67,59,6.4
2025-02-20T01:00:00-08:00,67,59,3.4
2025-02-20T01:30:00-08:00,67,59,4.8
2025-02-20T02:00:00-08:00,67,57,5.9
2025-02-20T02:30:00-08:00,67,56,5.3
2025-02-20T03:00:00-08:00,67,54,7
2025-02-20T03:30:00-08:00,68,54,18.9
2025-02-20T04:00:00-08:00,68,53,10.5
2025-02-20T04:30:00-08:00,68,53,6.9
2025-02-20T05:00:00-08:00,67,52,7.1
2025-02-20T05:30:00-08:00,67,52,7.9
2025-02-20T06:00:00-08:00,68,52,7.8
2025-02-20T06:30:00-08:00,69,52,8.3
2025-02-20T07:00:00-08:00,69,52,10.2
2025-02-20T07:30:00-08:00,72,53,14.6
2025-02-20T08:00:00-08:00,73,57,20.5
2025-02-20T08:30:00-08:00,70,60,19.7
2025-02-20T09:00:00-08:00,64,63,12.6
2025-02-20T09:30:00-08:00,59,64,10.1
2025-02-20T10:00:00-08:00,55,65,7.2
2025-02-20T10:30:00-08:00,51,67,3
2025-02-20T11:00:00-08:00,45,69,7.2
2025-02-20T11:30:00-08:00,42,71,2.4
2025-02-20T12:00:00-08:00,40,72,1.6
2025-02-20T12:30:00-08:00,37,72,1.6
2025-02-20T13:00:00-08:00,34,73,1
2025-02-20T13:30:00-08:00,32,75,0.7
2025-02-20T14:00:00-08:00,31,75,0.6
2025-02-20T14:30:00-08:00,30,76,0.4
2025-02-20T15:00:00-08:00,29,76,0.6
2025-02-20T15:30:00-08:00,28,76,1.2
2025-02-20T16:00:00-08:00,28,77,7.4
2025-02-20T16:30:00-08:00,29,75,0.9
2025-02-20T17:00:00-08:00,35,72,1.3
2025-02-20T17:30:00-08:00,41,69,8.5
2025-02-20T18:00:00-08:00,46,67,14.8
2025-02-20T18:30:00-08:00,53,64,6.4
2025-02-20T19:00:00-08:00,55,64,3
2025-02-20T19:30:00-08:00,57,62,3.3
2025-02-20T20:00:00-08:00,60,61,4.3
2025-02-20T20:30:00-08:00,60,60,3.8
2025-02-20T21:00:00-08:00,61,58,4.6
2025-02-20T21:30:00-08:00,63,57,9.3
2025-02-20T22:00:00-08:00,63,57,7.4
2025-02-20T22:30:00-08:00,62,56,7.7
2025-02-20T23:00:00-08:00,62,55,7
2025-02-20T23:30:00-08:00,63,55,6.2
2025-02-21T00:00:00-08:00,63,54,5.3
2025-02-21T00:30:00-08:00,62,54,4.2
2025-02-21T01:00:00-08:00,61,53,3.1
2025-02-21T01:30:00-08:00,62,52,2.8
2025-02-21T02:00:00-08:00,61,52,2.4
2025-02-21T02:30:00-08:00,62,51,1.7
2025-02-21T03:00:00-08:00,61,51,1.7
2025-02-21T03:30:00-08:00,62,51,1.6
2025-02-21T04:00:00-08:00,62,51,1.5
2025-02-21T04:30:00-08:00,61,51,1.5
2025-02-21T05:00:00-08:00,58,52,1.8
2025-02-21T05:30:00-08:00,57,53,2.6
2025-02-21T06:00:00-08:00,58,53,2.4
2025-02-21T06:30:00-08:00,59,52,3.3
2025-02-21T07:00:00-08:00,60,53,4.4
2025-02-21T07:30:00-08:00,60,54,5.7
2025-02-21T08:00:00-08:00,60,54,7.4
2025-02-21T08:30:00-08:00,58,58,9.1
2025-02-21T09:00:00-08:00,51,62,7.6
2025-02-21T09:30:00-08:00,44,65,4.1
2025-02-21T10:00:00-08:00,36,68,0.9
2025-02-21T10:30:00-08:00,34,70,3.5
2025-02-21T11:00:00-08:00,30,72,0.3
2025-02-21T11:30:00-08:00,29,74,0.3
2025-02-21T12:00:00-08:00,27,76,0.4
2025-02-21T12:30:00-08:00,27,77,6
2025-02-21T13:00:00-08:00,27,78,2.5
2025-02-21T13:30:00-08:00,26,79,0.5
2025-02-21T14:00:00-08:00,27,79,1.1
2025-02-21T14:30:00-08:00,24,81,0.3
2025-02-21T15:00:00-08:00,26,79,0.9
2025-02-21T15:30:00-08:00,27,77,2.4
2025-02-21T16:00:00-08:00,29,76,1.3
2025-02-21T16:30:00-08:00,36,74,3.1
2025-02-21T17:00:00-08:00,40,71,3.5
2025-02-21T17:30:00-08:00,45,69,5.1
2025-02-21T18:00:00-08:00,47,67,4.1
2025-02-21T18:30:00-08:00,49,65,4.1
2025-02-21T19:00:00-08:00,54,64,4.8
2025-02-21T19:30:00-08:00,56,63,4.9
2025-02-21T20:00:00-08:00,57,61,5.1
2025-02-21T20:30:00-08:00,60,60,6.7
2025-02-21T21:00:00-08:00,62,58,7.6
2025-02-21T21:30:00-08:00,64,58,13.8
2025-02-21T22:00:00-08:00,64,58,17.8
2025-02-21T22:30:00-08:00,63,57,7.1
2025-02-21T23:00:00-08:00,61,57,5.4
2025-02-21T23:30:00-08:00,60,56,4.6
2025-02-22T00:00:00-08:00,59,56,3.6
2025-02-22T00:30:00-08:00,58,55,3.8
2025-02-22T01:00:00-08:00,60,55,4.8
2025-02-22T01:30:00-08:00,60,55,4.8
2025-02-22T02:00:00-08:00,60,55,5
2025-02-22T02:30:00-08:00,60,55,6.3
2025-02-22T03:00:00-08:00,60,54,5
2025-02-22T03:30:00-08:00,60,53,4.8
2025-02-22T04:00:00-08:00,61,52,4.5
2025-02-22T04:30:00-08:00,62,52,5.2
2025-02-22T05:00:00-08:00,61,52,5
2025-02-22T05:30:00-08:00,61,52,5.9
2025-02-22T06:00:00-08:00,61,52,4.4
2025-02-22T06:30:00-08:00,62,52,4.2
2025-02-22T07:00:00-08:00,61,52,2.9
2025-02-22T07:30:00-08:00,61,54,3.1
2025-02-22T08:00:00-08:00,58,57,5
2025-02-22T08:30:00-08:00,53,61,5
2025-02-22T09:00:00-08:00,45,65,2.7
2025-02-22T09:30:00-08:00,44,66,4.5
2025-02-22T10:00:00-08:00,43,68,7
2025-02-22T10:30:00-08:00,42,70,8.3
2025-02-22T11:00:00-08:00,38,72,5.8
2025-02-22T11:30:00-08:00,35,75,5
2025-02-22T12:00:00-08:00,32,77,7.1
2025-02-22T12:30:00-08:00,30,79,4.2
2025-02-22T13:00:00-08:00,35,78,6
2025-02-22T13:30:00-08:00,35,78,7.7
2025-02-22T14:00:00-08:00,32,80,8.9
2025-02-22T14:30:00-08:00,28,81,4.9
2025-02-22T15:00:00-08:00,26,80,2.7
2025-02-22T15:30:00-08:00,28,78,5.5
2025-02-22T16:00:00-08:00,30,77,9.6
2025-02-22T16:30:00-08:00,41,73,7.8
2025-02-22T17:00:00-08:00,44,71,6.9
2025-02-22T17:30:00-08:00,46,70,8.3
2025-02-22T18:00:00-08:00,49,69,6.1
2025-02-22T18:30:00-08:00,50,68,7
2025-02-22T19:00:00-08:00,49,67,5.7
2025-02-22T19:30:00-08:00,49,66,4.9
2025-02-22T20:00:00-08:00,49,67,3.8
2025-02-22T20:30:00-08:00,51,66,4.3
2025-02-22T21:00:00-08:00,52,66,4.8
2025-02-22T21:30:00-08:00,53,65,5.7
2025-02-22T22:00:00-08:00,55,65,10.1
2025-02-22T22:30:00-08:00,57,65,4.6
2025-02-22T23:00:00-08:00,57,65,4.8
2025-02-22T23:30:00-08:00,57,64,2.8
2025-02-23T00:00:00-08:00,58,63,3.1
2025-02-23T00:30:00-08:00,62,61,3.1
2025-02-23T01:00:00-08:00,64,61,3.3
2025-02-23T01:30:00-08:00,64,60,3.5
2025-02-23T02:00:00-08:00,64,59,3.7
2025-02-23T02:30:00-08:00,64,58,11.3
2025-02-23T03:00:00-08:00,64,58,20.4
2025-02-23T03:30:00-08:00,64,58,26.2
2025-02-23T04:00:00-08:00,63,58,25.9
2025-02-23T04:30:00-08:00,64,58,33.7
2025-02-23T05:00:00-08:00,63,59,12.1
2025-02-23T05:30:00-08:00,63,58,18.9
2025-02-23T06:00:00-08:00,63,57,15.8
2025-02-23T06:30:00-08:00,65,57,14.1
2025-02-23T07:00:00-08:00,64,58,5.9
2025-02-23T07:30:00-08:00,63,60,6.7
2025-02-23T08:00:00-08:00,60,63,5.7
2025-02-23T08:30:00-08:00,58,65,7.9
2025-02-23T09:00:00-08:00,57,67,6.7
2025-02-23T09:30:00-08:00,54,68,7.8
2025-02-23T10:00:00-08:00,53,70,10.7
2025-02-23T10:30:00-08:00,50,71,5.2
2025-02-23T11:00:00-08:00,47,72,4.5
2025-02-23T11:30:00-08:00,47,72,2.8
2025-02-23T12:00:00-08:00,48,72,2.7
2025-02-23T12:30:00-08:00,44,74,2.3
2025-02-23T13:00:00-08:00,39,77,4.3
2025-02-23T13:30:00-08:00,38,78,4.4
2025-02-23T14:00:00-08:00,39,77,5.3
2025-02-23T14:30:00-08:00,42,75,4.9
2025-02-23T15:00:00-08:00,48,73,2.6
2025-02-23T15:30:00-08:00,50,72,2.8
2025-02-23T16:00:00-08:00,51,72,3.3
2025-02-23T16:30:00-08:00,56,70,3.6
2025-02-23T17:00:00-08:00,54,71,4.3
2025-02-23T17:30:00-08:00,58,70,5.3
2025-02-23T18:00:00-08:00,61,68,17.8
2025-02-23T18:30:00-08:00,63,67,4.2
2025-02-23T19:00:00-08:00,64,67,4.2
2025-02-23T19:30:00-08:00,65,66,6.1
2025-02-23T20:00:00-08:00,66,65,9.6
2025-02-23T20:30:00-08:00,66,64,7.9
2025-02-23T21:00:00-08:00,66,64,10.3
2025-02-23T21:30:00-08:00,63,64,7.1
2025-02-23T22:00:00-08:00,62,64,6.6
2025-02-23T22:30:00-08:00,62,64,6.4
2025-02-23T23:00:00-08:00,62,64,5.9
2025-02-23T23:30:00-08:00,62,63,5.3
2025-02-24T00:00:00-08:00,62,63,4.6
2025-02-24T00:30:00-08:00,62,61,4.6
2025-02-24T01:00:00-08:00,64,60,6.2
2025-02-24T01:30:00-08:00,72,61,10.7
2025-02-24T02:00:00-08:00,72,62,14.5
2025-02-24T02:30:00-08:00,71,63,19.3
2025-02-24T03:00:00-08:00,69,64,18.3
2025-02-24T03:30:00-08:00,70,64,20
2025-02-24T04:00:00-08:00,69,65,20.6
2025-02-24T04:30:00-08:00,70,64,7.6
2025-02-24T05:00:00-08:00,70,63,5.2
2025-02-24T05:30:00-08:00,68,64,2.3
2025-02-24T06:00:00-08:00,68,65,1.4
2025-02-24T06:30:00-08:00,68,64,2.7
2025-02-24T07:00:00-08:00,69,63,3.6
2025-02-24T07:30:00-08:00,69,63,2.2
2025-02-24T08:00:00-08:00,69,65,2.9
2025-02-24T08:30:00-08:00,64,67,4.6
2025-02-24T09:00:00-08:00,59,69,10.8
2025-02-24T09:30:00-08:00,56,70,4.1
2025-02-24T10:00:00-08:00,54,71,5.1
2025-02-24T10:30:00-08:00,52,72,5.4
2025-02-24T11:00:00-08:00,50,73,4.6
2025-02-24T11:30:00-08:00,48,75,2.9
2025-02-24T12:00:00-08:00,47,75,1.2
2025-02-24T12:30:00-08:00,47,75,1
2025-02-24T13:00:00-08:00,44,76,0.6
2025-02-24T13:30:00-08:00,43,76,0.4
2025-02-24T14:00:00-08:00,42,78,3
2025-02-24T14:30:00-08:00,40,79,0.7
2025-02-24T15:00:00-08:00,41,79,0.6
2025-02-24T15:30:00-08:00,40,80,0.5
2025-02-24T16:00:00-08:00,42,77,2.5
2025-02-24T16:30:00-08:00,43,76,3.3
2025-02-24T17:00:00-08:00,46,74,1.1
2025-02-24T17:30:00-08:00,49,72,1.1
2025-02-24T18:00:00-08:00,50,71,1.2
2025-02-24T18:30:00-08:00,54,70,2.1
2025-02-24T19:00:00-08:00,60,69,4.1
2025-02-24T19:30:00-08:00,60,69,5
2025-02-24T20:00:00-08:00,61,69,4.6
2025-02-24T20:30:00-08:00,62,69,3.8
2025-02-24T21:00:00-08:00,62,69,4.3
2025-02-24T21:30:00-08:00,62,69,6.2
2025-02-24T22:00:00-08:00,66,67,3.9
2025-02-24T22:30:00-08:00,67,67,3.1
2025-02-24T23:00:00-08:00,66,67,2.7
2025-02-24T23:30:00-08:00,66,66,3
2025-02-25T00:00:00-08:00,66,64,3.1
2025-02-25T00:30:00-08:00,68,63,4
2025-02-25T01:00:00-08:00,67,62,6
2025-02-25T01:30:00-08:00,67,61,5.1
2025-02-25T02:00:00-08:00,66,60,4.5
2025-02-25T02:30:00-08:00,67,59,29
2025-02-25T03:00:00-08:00,67,58,47.7
2025-02-25T03:30:00-08:00,67,59,25.7
2025-02-25T04:00:00-08:00,66,61,4.1
2025-02-25T04:30:00-08:00,67,62,9.4
2025-02-25T05:00:00-08:00,68,62,9.5
2025-02-25T05:30:00-08:00,68,61,7.4
2025-02-25T06:00:00-08:00,67,61,6.9
2025-02-25T06:30:00-08:00,67,61,7.3
2025-02-25T07:00:00-08:00,67,60,6.8
2025-02-25T07:30:00-08:00,67,61,8.5
2025-02-25T08:00:00-08:00,66,61,11.2
2025-02-25T08:30:00-08:00,66,62,9.9
2025-02-25T09:00:00-08:00,64,64,8.1
2025-02-25T09:30:00-08:00,62,64,8.6
2025-02-25T10:00:00-08:00,60,65,10.3
2025-02-25T10:30:00-08:00,57,66,9.7
2025-02-25T11:00:00-08:00,56,67,8.2
2025-02-25T11:30:00-08:00,53,69,8.4
2025-02-25T12:00:00-08:00,51,70,7.9
2025-02-25T12:30:00-08:00,47,71,5.3
2025-02-25T13:00:00-08:00,45,72,5.3
2025-02-25T13:30:00-08:00,41,73,3.3
2025-02-25T14:00:00-08:00,38,75,2.1
2025-02-25T14:30:00-08:00,34,76,1.4
2025-02-25T15:00:00-08:00,33,77,1.3
2025-02-25T15:30:00-08:00,33,77,2.6
2025-02-25T16:00:00-08:00,35,75,3
2025-02-25T16:30:00-08:00,37,74,2.9
2025-02-25T17:00:00-08:00,39,72,4
2025-02-25T17:30:00-08:00,42,70,5.9
2025-02-25T18:00:00-08:00,44,68,9.6
2025-02-25T18:30:00-08:00,47,66,4.7
2025-02-25T19:00:00-08:00,50,65,4.8
2025-02-25T19:30:00-08:00,53,63,5.4
2025-02-25T20:00:00-08:00,56,62,6.5
2025-02-25T20:30:00-08:00,59,60,6.8
2025-02-25T21:00:00-08:00,62,60,7.9
2025-02-25T21:30:00-08:00,61,59,8.9
2025-02-25T22:00:00-08:00,61,58,14.2
2025-02-25T22:30:00-08:00,62,57,11.3
2025-02-25T23:00:00-08:00,62,56,8.8
2025-02-25T23:30:00-08:00,62,56,7.7
2025-02-26T00:00:00-08:00,63,55,7.8
2025-02-26T00:30:00-08:00,63,54,7.9
2025-02-26T01:00:00-08:00,63,54,6.3
2025-02-26T01:30:00-08:00,62,53,5.4
2025-02-26T02:00:00-08:00,63,53,4.9
2025-02-26T02:30:00-08:00,63,53,4.5
2025-02-26T03:00:00-08:00,62,52,3.8
2025-02-26T03:30:00-08:00,62,52,3.1
2025-02-26T04:00:00-08:00,62,51,3.1
2025-02-26T04:30:00-08:00,62,51,3.2
2025-02-26T05:00:00-08:00,63,51,3.3
2025-02-26T05:30:00-08:00,63,50,2.4
2025-02-26T06:00:00-08:00,63,50,2.2
2025-02-26T06:30:00-08:00,62,50,2.6
2025-02-26T07:00:00-08:00,63,50,3.8
2025-02-26T07:30:00-08:00,63,52,4.9
2025-02-26T08:00:00-08:00,61,56,8.7
2025-02-26T08:30:00-08:00,54,62,8.5
2025-02-26T09:00:00-08:00,51,66,8.9
2025-02-26T09:30:00-08:00,47,67,9.7
2025-02-26T10:00:00-08:00,43,69,9.5
2025-02-26T10:30:00-08:00,39,72,6.1
2025-02-26T11:00:00-08:00,37,74,4.8
2025-02-26T11:30:00-08:00,35,75,4.9
2025-02-26T12:00:00-08:00,28,79,4.6
2025-02-26T12:30:00-08:00,23,82,0.4
2025-02-26T13:00:00-08:00,22,84,0.5
2025-02-26T13:30:00-08:00,23,84,1.8
2025-02-26T14:00:00-08:00,24,85,1.7
2025-02-26T14:30:00-08:00,25,83,1.8
2025-02-26T15:00:00-08:00,25,85,2.5
2025-02-26T15:30:00-08:00,23,86,2.2
2025-02-26T16:00:00-08:00,22,87,1.8
2025-02-26T16:30:00-08:00,20,85,0.3
2025-02-26T17:00:00-08:00,23,83,0.3
2025-02-26T17:30:00-08:00,29,77,7.9
2025-02-26T18:00:00-08:00,32,74,3.8
2025-02-26T18:30:00-08:00,34,72,3.2
2025-02-26T19:00:00-08:00,37,70,3.4
2025-02-26T19:30:00-08:00,35,69,2.1
2025-02-26T20:00:00-08:00,35,69,4.5
2025-02-26T20:30:00-08:00,38,67,4.5
2025-02-26T21:00:00-08:00,45,65,3.7
2025-02-26T21:30:00-08:00,49,63,3.6
2025-02-26T22:00:00-08:00,48,62,2.3
2025-02-26T22:30:00-08:00,49,61,2.5
2025-02-26T23:00:00-08:00,49,61,2.1
2025-02-26T23:30:00-08:00,50,60,1.8
2025-02-27T00:00:00-08:00,50,60,1.6
2025-02-27T00:30:00-08:00,50,60,2.6
2025-02-27T01:00:00-08:00,53,59,4.4
2025-02-27T01:30:00-08:00,54,59,12.8
2025-02-27T02:00:00-08:00,56,58,10
2025-02-27T02:30:00-08:00,57,57,5.4
2025-02-27T03:00:00-08:00,59,56,4.9
2025-02-27T03:30:00-08:00,59,56,4.9
2025-02-27T04:00:00-08:00,60,55,5.2
2025-02-27T04:30:00-08:00,61,55,6
2025-02-27T05:00:00-08:00,61,54,5.9
2025-02-27T05:30:00-08:00,62,54,6.3
2025-02-27T06:00:00-08:00,63,54,6.3
2025-02-27T06:30:00-08:00,62,54,7.4
2025-02-27T07:00:00-08:00,63,55,7.7
2025-02-27T07:30:00-08:00,58,59,8
2025-02-27T08:00:00-08:00,56,62,8.7
2025-02-27T08:30:00-08:00,53,66,11.4
2025-02-27T09:00:00-08:00,48,70,10.6
2025-02-27T09:30:00-08:00,44,71,10.4
2025-02-27T10:00:00-08:00,41,74,8.3
2025-02-27T10:30:00-08:00,38,76,7.9
2025-02-27T11:00:00-08:00,35,77,8.4
2025-02-27T11:30:00-08:00,34,80,4.5
2025-02-27T12:00:00-08:00,32,81,4.5
2025-02-27T12:30:00-08:00,30,84,4.7
2025-02-27T13:00:00-08:00,30,85,4.9
2025-02-27T13:30:00-08:00,30,85,5.1
2025-02-27T14:00:00-08:00,31,85,5.7
2025-02-27T14:30:00-08:00,32,85,6.5
2025-02-27T15:00:00-08:00,32,84,6.8
2025-02-27T15:30:00-08:00,29,87,5.6
2025-02-27T16:00:00-08:00,29,88,6.4
2025-02-27T16:30:00-08:00,31,86,7.7
2025-02-27T17:00:00-08:00,35,82,8.8
2025-02-27T17:30:00-08:00,38,79,9.9
2025-02-27T18:00:00-08:00,41,77,15
2025-02-27T18:30:00-08:00,42,75,10.2
2025-02-27T19:00:00-08:00,44,73,10.5
2025-02-27T19:30:00-08:00,45,72,12.1
2025-02-27T20:00:00-08:00,48,70,13.2
2025-02-27T20:30:00-08:00,52,68,17.9
2025-02-27T21:00:00-08:00,56,66,18.9
2025-02-27T21:30:00-08:00,58,65,19.9
2025-02-27T22:00:00-08:00,59,64,20.4
2025-02-27T22:30:00-08:00,61,63,22.5
2025-02-27T23:00:00-08:00,60,63,22.9
2025-02-27T23:30:00-08:00,60,62,22
2025-02-28T00:00:00-08:00,61,61,22.1
2025-02-28T00:30:00-08:00,62,61,22.4
2025-02-28T01:00:00-08:00,62,61,23.5
2025-02-28T01:30:00-08:00,61,61,22.6
2025-02-28T02:00:00-08:00,61,60,21
2025-02-28T02:30:00-08:00,62,60,19.3
2025-02-28T03:00:00-08:00,62,60,18.1
2025-02-28T03:30:00-08:00,61,60,15.3
2025-02-28T04:00:00-08:00,60,60,14.6
2025-02-28T04:30:00-08:00,60,60,14.8
2025-02-28T05:00:00-08:00,59,60,12.7
2025-02-28T05:30:00-08:00,60,59,13
2025-02-28T06:00:00-08:00,60,59,15.9
2025-02-28T06:30:00-08:00,61,59,17.3
2025-02-28T07:00:00-08:00,61,60,17.8
2025-02-28T07:30:00-08:00,60,61,18.3
2025-02-28T08:00:00-08:00,59,64,18.9
2025-02-28T08:30:00-08:00,52,68,18.8
2025-02-28T09:00:00-08:00,46,71,19.6
2025-02-28T09:30:00-08:00,43,74,23
2025-02-28T10:00:00-08:00,40,76,22.8
2025-02-28T10:30:00-08:00,38,78,25.4
2025-02-28T11:00:00-08:00,37,80,23.5
2025-02-28T11:30:00-08:00,37,81,22.7
2025-02-28T12:00:00-08:00,34,84,18.8
2025-02-28T12:30:00-08:00,33,86,17.3
2025-02-28T13:00:00-08:00,30,87,12.3
2025-02-28T13:30:00-08:00,32,87,13.5
2025-02-28T14:00:00-08:00,32,87,14.1
2025-02-28T14:30:00-08:00,31,86,13.4
2025-02-28T15:00:00-08:00,30,87,11.3
2025-02-28T15:30:00-08:00,27,88,10
2025-02-28T16:00:00-08:00,24,87,7
2025-02-28T16:30:00-08:00,23,86,8
2025-02-28T17:00:00-08:00,31,81,9.3
2025-02-28T17:30:00-08:00,37,77,13.8
2025-02-28T18:00:00-08:00,41,74,11.3
2025-02-28T18:30:00-08:00,45,72,13.4
2025-02-28T19:00:00-08:00,47,70,14.2
2025-02-28T19:30:00-08:00,50,70,17.2
2025-02-28T20:00:00-08:00,55,68,23.4
2025-02-28T20:30:00-08:00,57,67,18.3
2025-02-28T21:00:00-08:00,59,65,19.2
2025-02-28T21:30:00-08:00,60,63,19.4
2025-02-28T22:00:00-08:00,62,62,20.3
2025-02-28T22:30:00-08:00,64,62,22.6
2025-02-28T23:00:00-08:00,69,61,7.1
2025-02-28T23:30:00-08:00,69,60,4.8
2025-03-01T00:00:00-08:00,67,60,4.7
2025-03-01T00:30:00-08:00,65,60,5.1
2025-03-01T01:00:00-08:00,65,59,5.8
2025-03-01T01:30:00-08:00,65,58,6.9
2025-03-01T02:00:00-08:00,63,57,6.3
2025-03-01T02:30:00-08:00,65,56,6
2025-03-01T03:00:00-08:00,64,55,6.7
2025-03-01T03:30:00-08:00,66,55,9.7
2025-03-01T04:00:00-08:00,69,56,18.4
2025-03-01T04:30:00-08:00,67,59,17.8
2025-03-01T05:00:00-08:00,65,60,15.1
2025-03-01T05:30:00-08:00,64,61,14.5
2025-03-01T06:00:00-08:00,63,61,14.8
2025-03-01T06:30:00-08:00,63,61,8.6
2025-03-01T07:00:00-08:00,62,61,4.8
2025-03-01T07:30:00-08:00,62,61,4.1
2025-03-01T08:00:00-08:00,61,61,5.8
2025-03-01T08:30:00-08:00,60,62,7
2025-03-01T09:00:00-08:00,56,63,6.4
2025-03-01T09:30:00-08:00,50,67,5.4
2025-03-01T10:00:00-08:00,47,69,5.7
2025-03-01T10:30:00-08:00,47,68,4.7
2025-03-01T11:00:00-08:00,47,68,5.5
2025-03-01T11:30:00-08:00,46,69,7
2025-03-01T12:00:00-08:00,48,69,4.3
2025-03-01T12:30:00-08:00,46,70,3.6
2025-03-01T13:00:00-08:00,44,72,2.2
2025-03-01T13:30:00-08:00,46,70,2.6
2025-03-01T14:00:00-08:00,50,68,1.8
2025-03-01T14:30:00-08:00,52,67,0.4
2025-03-01T15:00:00-08:00,53,66,0.2
2025-03-01T15:30:00-08:00,53,67,0.5
2025-03-01T16:00:00-08:00,51,68,0.6
2025-03-01T16:30:00-08:00,48,69,0.6
2025-03-01T17:00:00-08:00,49,67,0.9
2025-03-01T17:30:00-08:00,49,67,0.6
2025-03-01T18:00:00-08:00,49,66,0.7
2025-03-01T18:30:00-08:00,50,66,1.1
2025-03-01T19:00:00-08:00,54,65,1.3
2025-03-01T19:30:00-08:00,58,65,0.8
2025-03-01T20:00:00-08:00,59,65,0.2
2025-03-01T20:30:00-08:00,62,65,0
2025-03-01T21:00:00-08:00,62,64,0.2
2025-03-01T21:30:00-08:00,62,63,0.5
2025-03-01T22:00:00-08:00,62,63,1
2025-03-01T22:30:00-08:00,62,63,1.2
2025-03-01T23:00:00-08:00,60,62,5.2
2025-03-01T23:30:00-08:00,59,61,1
2025-03-02T00:00:00-08:00,60,61,1.2
2025-03-02T00:30:00-08:00,60,61,1.5
2025-03-02T01:00:00-08:00,60,60,1.7
2025-03-02T01:30:00-08:00,59,60,0.8
2025-03-02T02:00:00-08:00,62,59,0.8
2025-03-02T02:30:00-08:00,64,59,1
2025-03-02T03:00:00-08:00,64,59,1
2025-03-02T03:30:00-08:00,61,59,3.7
2025-03-02T04:00:00-08:00,62,60,2.5
2025-03-02T04:30:00-08:00,59,60,0.6
2025-03-02T05:00:00-08:00,59,60,0.4
2025-03-02T05:30:00-08:00,64,59,9.5
2025-03-02T06:00:00-08:00,64,59,3
2025-03-02T06:30:00-08:00,65,59,5.2
2025-03-02T07:00:00-08:00,65,59,6.2
2025-03-02T07:30:00-08:00,65,60,0.1
2025-03-02T08:00:00-08:00,66,60,0.7
2025-03-02T08:30:00-08:00,63,60,0.2
2025-03-02T09:00:00-08:00,61,61,0.5
2025-03-02T09:30:00-08:00,59,61,1
2025-03-02T10:00:00-08:00,60,62,2.5
2025-03-02T10:30:00-08:00,56,62,2.1
2025-03-02T11:00:00-08:00,52,64,3
2025-03-02T11:30:00-08:00,48,64,2.5
2025-03-02T12:00:00-08:00,43,65,2.2
2025-03-02T12:30:00-08:00,43,65,2.2
2025-03-02T13:00:00-08:00,43,65,2.8
2025-03-02T13:30:00-08:00,42,65,2
2025-03-02T14:00:00-08:00,42,65,1.7
2025-03-02T14:30:00-08:00,43,65,1.5
2025-03-02T15:00:00-08:00,43,65,1.2
2025-03-02T15:30:00-08:00,43,64,0.9
2025-03-02T16:00:00-08:00,44,64,0.8
2025-03-02T16:30:00-08:00,45,63,0.9
2025-03-02T17:00:00-08:00,48,62,1.4
2025-03-02T17:30:00-08:00,50,60,1
2025-03-02T18:00:00-08:00,53,59,1.2
2025-03-02T18:30:00-08:00,54,59,1.5
2025-03-02T19:00:00-08:00,55,58,7.7
2025-03-02T19:30:00-08:00,55,59,2
2025-03-02T20:00:00-08:00,54,59,1
2025-03-02T20:30:00-08:00,54,58,2.8
2025-03-02T21:00:00-08:00,55,58,16.7
2025-03-02T21:30:00-08:00,56,57,17.4
2025-03-02T22:00:00-08:00,56,57,16.3
2025-03-02T22:30:00-08:00,57,58,21.6
2025-03-02T23:00:00-08:00,56,58,20.7
2025-03-02T23:30:00-08:00,57,57,19.4
2025-03-03T00:00:00-08:00,58,58,14.4
2025-03-03T00:30:00-08:00,56,58,15.4
2025-03-03T01:00:00-08:00,55,58,31.3
2025-03-03T01:30:00-08:00,54,58,37.2
2025-03-03T02:00:00-08:00,57,57,19.7
2025-03-03T02:30:00-08:00,58,57,8.8
2025-03-03T03:00:00-08:00,56,57,8
2025-03-03T03:30:00-08:00,55,57,10.3
2025-03-03T04:00:00-08:00,55,56,13.1
2025-03-03T04:30:00-08:00,56,55,12
2025-03-03T05:00:00-08:00,57,54,2.5
2025-03-03T05:30:00-08:00,59,52,2.5
2025-03-03T06:00:00-08:00,60,52,2.3
2025-03-03T06:30:00-08:00,61,51,2.3
2025-03-03T07:00:00-08:00,61,52,1.8
2025-03-03T07:30:00-08:00,61,54,2.2
2025-03-03T08:00:00-08:00,55,57,4
2025-03-03T08:30:00-08:00,48,61,1.6
2025-03-03T09:00:00-08:00,45,64,1
2025-03-03T09:30:00-08:00,43,65,1.3
2025-03-03T10:00:00-08:00,42,65,1.2
2025-03-03T10:30:00-08:00,41,66,1.1
2025-03-03T11:00:00-08:00,42,67,1.3
2025-03-03T11:30:00-08:00,40,69,1.1
2025-03-03T12:00:00-08:00,38,69,3.2
2025-03-03T12:30:00-08:00,38,70,2
2025-03-03T13:00:00-08:00,39,69,5.5
2025-03-03T13:30:00-08:00,41,69,6.6
2025-03-03T14:00:00-08:00,42,69,4.2
2025-03-03T14:30:00-08:00,44,67,0.8
2025-03-03T15:00:00-08:00,45,68,0.4
2025-03-03T15:30:00-08:00,46,67,0.5
2025-03-03T16:00:00-08:00,47,66,0.5
2025-03-03T16:30:00-08:00,49,65,0.4
2025-03-03T17:00:00-08:00,50,63,0.4
2025-03-03T17:30:00-08:00,52,62,0.5
2025-03-03T18:00:00-08:00,53,61,0.5
2025-03-03T18:30:00-08:00,54,61,0.5
2025-03-03T19:00:00-08:00,54,61,0.3
2025-03-03T19:30:00-08:00,53,61,0.7
2025-03-03T20:00:00-08:00,53,62,0.9
2025-03-03T20:30:00-08:00,53,62,0.7
2025-03-03T21:00:00-08:00,53,61,0.8
2025-03-03T21:30:00-08:00,52,62,0.8
2025-03-03T22:00:00-08:00,52,62,0.8
2025-03-03T22:30:00-08:00,52,62,0.8
2025-03-03T23:00:00-08:00,52,61,0.4
2025-03-03T23:30:00-08:00,52,62,0.5
2025-03-04T00:00:00-08:00,53,62,0.5
2025-03-04T00:30:00-08:00,51,62,0.4
2025-03-04T01:00:00-08:00,51,62,0.5
2025-03-04T01:30:00-08:00,51,62,0.3
2025-03-04T02:00:00-08:00,50,62,0.3
2025-03-04T02:30:00-08:00,51,62,0.2
2025-03-04T03:00:00-08:00,51,61,0.1
2025-03-04T03:30:00-08:00,52,61,0.3
2025-03-04T04:00:00-08:00,53,61,0.2
2025-03-04T04:30:00-08:00,54,61,0.5
2025-03-04T05:00:00-08:00,53,60,1.1
2025-03-04T05:30:00-08:00,53,60,1.7
2025-03-04T06:00:00-08:00,53,60,1.8
2025-03-04T06:30:00-08:00,54,60,1.5
2025-03-04T07:00:00-08:00,53,60,1.8
2025-03-04T07:30:00-08:00,52,61,1.9
2025-03-04T08:00:00-08:00,51,63,3.1
2025-03-04T08:30:00-08:00,46,66,2.6
2025-03-04T09:00:00-08:00,45,66,2.4
2025-03-04T09:30:00-08:00,43,68,2.5
2025-03-04T10:00:00-08:00,40,70,2.7
2025-03-04T10:30:00-08:00,38,71,1.3
2025-03-04T11:00:00-08:00,36,73,1.2
2025-03-04T11:30:00-08:00,34,75,1
2025-03-04T12:00:00-08:00,34,75,0.9
2025-03-04T12:30:00-08:00,33,77,1
2025-03-04T13:00:00-08:00,33,76,0.9
2025-03-04T13:30:00-08:00,36,73,0.6
2025-03-04T14:00:00-08:00,36,74,0.8
2025-03-04T14:30:00-08:00,37,74,1
2025-03-04T15:00:00-08:00,37,74,1
2025-03-04T15:30:00-08:00,37,73,0.9
2025-03-04T16:00:00-08:00,37,73,1.2
2025-03-04T16:30:00-08:00,39,73,1.5
2025-03-04T17:00:00-08:00,43,70,2.4
2025-03-04T17:30:00-08:00,47,68,14.4
2025-03-04T18:00:00-08:00,50,67,3.1
2025-03-04T18:30:00-08:00,52,67,3.5
2025-03-04T19:00:00-08:00,53,67,3.9
2025-03-04T19:30:00-08:00,53,66,3.9
2025-03-04T20:00:00-08:00,52,66,4.3
2025-03-04T20:30:00-08:00,53,66,3.4
2025-03-04T21:00:00-08:00,53,65,2.9
2025-03-04T21:30:00-08:00,53,65,2.7
2025-03-04T22:00:00-08:00,53,65,3.2
2025-03-04T22:30:00-08:00,54,64,4
2025-03-04T23:00:00-08:00,55,64,4.3
2025-03-04T23:30:00-08:00,54,64,3.4
2025-03-05T00:00:00-08:00,52,64,2.1
2025-03-05T00:30:00-08:00,50,65,1.3
2025-03-05T01:00:00-08:00,49,65,1
2025-03-05T01:30:00-08:00,49,65,1.2
2025-03-05T02:00:00-08:00,49,65,1.4
2025-03-05T02:30:00-08:00,50,65,2.4
2025-03-05T03:00:00-08:00,50,65,3
2025-03-05T03:30:00-08:00,50,65,2.1
2025-03-05T04:00:00-08:00,51,65,1.8
2025-03-05T04:30:00-08:00,53,65,6.6
2025-03-05T05:00:00-08:00,58,64,14
2025-03-05T05:30:00-08:00,62,64,17.7
2025-03-05T06:00:00-08:00,64,64,19.2
2025-03-05T06:30:00-08:00,64,64,18.8
2025-03-05T07:00:00-08:00,64,64,21.1
2025-03-05T07:30:00-08:00,64,64,14.8
2025-03-05T08:00:00-08:00,64,64,8.3
2025-03-05T08:30:00-08:00,63,65,8.2
2025-03-05T09:00:00-08:00,63,65,8.6
2025-03-05T09:30:00-08:00,62,66,9.8
2025-03-05T10:00:00-08:00,62,66,11.2
2025-03-05T10:30:00-08:00,63,64,7.9
2025-03-05T11:00:00-08:00,64,63,2.7
2025-03-05T11:30:00-08:00,62,63,1.4
2025-03-05T12:00:00-08:00,59,64,2.8
2025-03-05T12:30:00-08:00,54,65,2.5
2025-03-05T13:00:00-08:00,52,65,2.4
2025-03-05T13:30:00-08:00,51,65,2.8
2025-03-05T14:00:00-08:00,46,65,2
2025-03-05T14:30:00-08:00,40,66,1.3
2025-03-05T15:00:00-08:00,37,64,1
2025-03-05T15:30:00-08:00,42,63,1.5
2025-03-05T16:00:00-08:00,44,64,1.8
2025-03-05T16:30:00-08:00,44,65,1.9
2025-03-05T17:00:00-08:00,48,62,2.2
2025-03-05T17:30:00-08:00,51,60,2.6
2025-03-05T18:00:00-08:00,52,60,2.3
2025-03-05T18:30:00-08:00,52,60,2.5
2025-03-05T19:00:00-08:00,53,60,2.2
2025-03-05T19:30:00-08:00,53,60,2.3
2025-03-05T20:00:00-08:00,56,60,1.8
2025-03-05T20:30:00-08:00,62,58,10.5
2025-03-05T21:00:00-08:00,61,58,14.7
2025-03-05T21:30:00-08:00,60,59,6.7
2025-03-05T22:00:00-08:00,59,58,7.4
2025-03-05T22:30:00-08:00,59,57,16.4
2025-03-05T23:00:00-08:00,58,57,12.5
2025-03-05T23:30:00-08:00,56,57,13
2025-03-06T00:00:00-08:00,56,57,12.2
2025-03-06T00:30:00-08:00,56,57,11.8
2025-03-06T01:00:00-08:00,55,56,6.6
2025-03-06T01:30:00-08:00,55,57,5.9
2025-03-06T02:00:00-08:00,54,57,9
2025-03-06T02:30:00-08:00,54,57,6.7
2025-03-06T03:00:00-08:00,54,56,6.6
2025-03-06T03:30:00-08:00,54,56,13
2025-03-06T04:00:00-08:00,61,55,7.3
2025-03-06T04:30:00-08:00,63,56,0.6
2025-03-06T05:00:00-08:00,63,56,0.4
2025-03-06T05:30:00-08:00,62,55,0.1
2025-03-06T06:00:00-08:00,62,56,0.3
2025-03-06T06:30:00-08:00,62,56,0.1
2025-03-06T07:00:00-08:00,62,57,0.2
2025-03-06T07:30:00-08:00,64,58,1.5
2025-03-06T08:00:00-08:00,64,58,3.5
2025-03-06T08:30:00-08:00,60,61,0.8
2025-03-06T09:00:00-08:00,54,62,0.5
2025-03-06T09:30:00-08:00,51,61,1.7
2025-03-06T10:00:00-08:00,49,62,1.2
2025-03-06T10:30:00-08:00,45,63,0.1
2025-03-06T11:00:00-08:00,43,65,0.1
2025-03-06T11:30:00-08:00,40,66,0.1
2025-03-06T12:00:00-08:00,39,68,0.1
2025-03-06T12:30:00-08:00,38,68,0.1
2025-03-06T13:00:00-08:00,38,68,0.1
2025-03-06T13:30:00-08:00,36,69,1.3
2025-03-06T14:00:00-08:00,34,69,0.7
2025-03-06T14:30:00-08:00,32,71,5.6
2025-03-06T15:00:00-08:00,33,71,7.1
2025-03-06T15:30:00-08:00,35,69,0.5
2025-03-06T16:00:00-08:00,35,70,0.2
2025-03-06T16:30:00-08:00,34,69,0.3
2025-03-06T17:00:00-08:00,36,68,0.5
2025-03-06T17:30:00-08:00,43,64,1
2025-03-06T18:00:00-08:00,46,62,1.5
2025-03-06T18:30:00-08:00,47,61,1.6
2025-03-06T19:00:00-08:00,49,61,1.5
2025-03-06T19:30:00-08:00,53,60,3
2025-03-06T20:00:00-08:00,57,60,5
2025-03-06T20:30:00-08:00,59,60,6.4
2025-03-06T21:00:00-08:00,59,58,8.3
2025-03-06T21:30:00-08:00,61,57,10.1
2025-03-06T22:00:00-08:00,60,56,4.5
2025-03-06T22:30:00-08:00,59,55,3.7
2025-03-06T23:00:00-08:00,61,55,5.8
2025-03-06T23:30:00-08:00,61,54,5.1
2025-03-07T00:00:00-08:00,62,54,5.4
2025-03-07T00:30:00-08:00,61,53,5.4
2025-03-07T01:00:00-08:00,62,53,5.6
2025-03-07T01:30:00-08:00,61,53,5.3
2025-03-07T02:00:00-08:00,61,52,4.6
2025-03-07T02:30:00-08:00,62,52,4.4
2025-03-07T03:00:00-08:00,62,52,5
2025-03-07T03:30:00-08:00,63,53,5.6
2025-03-07T04:00:00-08:00,63,55,5.9
2025-03-07T04:30:00-08:00,62,56,6.2
2025-03-07T05:00:00-08:00,61,56,7.4
2025-03-07T05:30:00-08:00,61,56,8
2025-03-07T06:00:00-08:00,61,55,9.8
2025-03-07T06:30:00-08:00,61,53,8.7
2025-03-07T07:00:00-08:00,62,53,10.1
2025-03-07T07:30:00-08:00,62,55,13.6
2025-03-07T08:00:00-08:00,60,58,12.1
2025-03-07T08:30:00-08:00,54,62,10.8
2025-03-07T09:00:00-08:00,50,65,11.4
2025-03-07T09:30:00-08:00,48,66,10.2
2025-03-07T10:00:00-08:00,47,67,8.5
2025-03-07T10:30:00-08:00,47,68,6.7
2025-03-07T11:00:00-08:00,45,69,5.9
2025-03-07T11:30:00-08:00,43,69,5.6
2025-03-07T12:00:00-08:00,40,71,4
2025-03-07T12:30:00-08:00,35,72,2.8
2025-03-07T13:00:00-08:00,32,73,2.3
2025-03-07T13:30:00-08:00,30,75,1.9
2025-03-07T14:00:00-08:00,26,76,1.6
2025-03-07T14:30:00-08:00,19,78,2.2
2025-03-07T15:00:00-08:00,18,78,1.2
2025-03-07T15:30:00-08:00,34,74,4.6
2025-03-07T16:00:00-08:00,36,71,2.7
2025-03-07T16:30:00-08:00,38,69,3.4
2025-03-07T17:00:00-08:00,39,68,2.8
2025-03-07T17:30:00-08:00,42,66,3.1
2025-03-07T18:00:00-08:00,47,63,3.6
2025-03-07T18:30:00-08:00,49,62,3.9
2025-03-07T19:00:00-08:00,55,61,6.5
2025-03-07T19:30:00-08:00,57,61,5.2
2025-03-07T20:00:00-08:00,58,61,5.9
2025-03-07T20:30:00-08:00,59,59,10.5
2025-03-07T21:00:00-08:00,60,58,11.7
2025-03-07T21:30:00-08:00,61,57,16
2025-03-07T22:00:00-08:00,61,56,11.1
2025-03-07T22:30:00-08:00,62,56,7.7
2025-03-07T23:00:00-08:00,62,55,6.7
2025-03-07T23:30:00-08:00,62,55,6.1
2025-03-08T00:00:00-08:00,62,54,5.6
2025-03-08T00:30:00-08:00,61,53,4.9
2025-03-08T01:00:00-08:00,62,53,5
2025-03-08T01:30:00-08:00,62,52,5.1
2025-03-08T02:00:00-08:00,63,52,6.2
2025-03-08T02:30:00-08:00,62,51,5.9
2025-03-08T03:00:00-08:00,63,51,6.3
2025-03-08T03:30:00-08:00,62,50,7.1
2025-03-08T04:00:00-08:00,63,50,6.1
2025-03-08T04:30:00-08:00,63,49,5.2
2025-03-08T05:00:00-08:00,63,49,4.8
2025-03-08T05:30:00-08:00,62,48,4.9
2025-03-08T06:00:00-08:00,63,48,5
2025-03-08T06:30:00-08:00,64,48,5.5
2025-03-08T07:00:00-08:00,65,49,6.2
2025-03-08T07:30:00-08:00,64,52,12
2025-03-08T08:00:00-08:00,59,56,12.3
2025-03-08T08:30:00-08:00,51,61,9.3
2025-03-08T09:00:00-08:00,45,65,6.4
2025-03-08T09:30:00-08:00,42,66,4.7
2025-03-08T10:00:00-08:00,40,68,4.5
2025-03-08T10:30:00-08:00,37,70,4.5
2025-03-08T11:00:00-08:00,35,72,4.6
2025-03-08T11:30:00-08:00,32,74,4.6
2025-03-08T12:00:00-08:00,29,76,4.5
2025-03-08T12:30:00-08:00,29,78,4.2
2025-03-08T13:00:00-08:00,28,79,2.7
2025-03-08T13:30:00-08:00,26,79,1.8
2025-03-08T14:00:00-08:00,24,79,1.5
2025-03-08T14:30:00-08:00,24,79,1.3
2025-03-08T15:00:00-08:00,26,78,2.1
2025-03-08T15:30:00-08:00,28,77,3.5
2025-03-08T16:00:00-08:00,30,77,7.1
2025-03-08T16:30:00-08:00,33,75,4.6
2025-03-08T17:00:00-08:00,34,73,6.1
2025-03-08T17:30:00-08:00,31,71,15.3
2025-03-08T18:00:00-08:00,32,69,6.2
2025-03-08T18:30:00-08:00,31,67,6
2025-03-08T19:00:00-08:00,34,66,3.4
2025-03-08T19:30:00-08:00,38,64,4
2025-03-08T20:00:00-08:00,41,62,4.8
2025-03-08T20:30:00-08:00,44,60,8.3
2025-03-08T21:00:00-08:00,46,59,10.8
2025-03-08T21:30:00-08:00,49,58,10.5
2025-03-08T22:00:00-08:00,50,57,10.9
2025-03-08T22:30:00-08:00,51,56,9.5
2025-03-08T23:00:00-08:00,51,55,7.2
2025-03-08T23:30:00-08:00,51,54,6.1
2025-03-09T00:00:00-08:00,53,54,5.2
2025-03-09T00:30:00-08:00,54,55,5.9
2025-03-09T01:00:00-08:00,54,54,5.6
2025-03-09T01:30:00-08:00,55,54,4.9
2025-03-09T03:00:00-07:00,56,53,4.2
2025-03-09T03:30:00-07:00,56,53,4.1
2025-03-09T04:00:00-07:00,56,52,4.1
2025-03-09T04:30:00-07:00,56,51,3.9
2025-03-09T05:00:00-07:00,57,51,3.8
2025-03-09T05:30:00-07:00,56,51,3.2
2025-03-09T06:00:00-07:00,56,51,3.6
2025-03-09T06:30:00-07:00,58,50,3.3
2025-03-09T07:00:00-07:00,58,50,3.9
2025-03-09T07:30:00-07:00,58,49,4.1
2025-03-09T08:00:00-07:00,59,50,5.3
2025-03-09T08:30:00-07:00,59,53,8.2
2025-03-09T09:00:00-07:00,53,57,10.8
2025-03-09T09:30:00-07:00,44,63,6.9
2025-03-09T10:00:00-07:00,38,66,5.1
2025-03-09T10:30:00-07:00,36,67,8.5
2025-03-09T11:00:00-07:00,35,69,9.4
2025-03-09T11:30:00-07:00,33,71,4
2025-03-09T12:00:00-07:00,31,73,3.3
2025-03-09T12:30:00-07:00,28,75,2.2
2025-03-09T13:00:00-07:00,30,75,3
2025-03-09T13:30:00-07:00,32,74,3.9
2025-03-09T14:00:00-07:00,35,73,4.8
2025-03-09T14:30:00-07:00,37,73,4.8
2025-03-09T15:00:00-07:00,38,73,4.1
2025-03-09T15:30:00-07:00,38,73,3.4
2025-03-09T16:00:00-07:00,37,73,3.2
2025-03-09T16:30:00-07:00,37,73,3.1
2025-03-09T17:00:00-07:00,36,73,3
2025-03-09T17:30:00-07:00,36,72,2.4
2025-03-09T18:00:00-07:00,37,70,2.3
2025-03-09T18:30:00-07:00,39,67,3.9
2025-03-09T19:00:00-07:00,41,65,2.3
2025-03-09T19:30:00-07:00,42,64,3.4
2025-03-09T20:00:00-07:00,44,63,3.8
2025-03-09T20:30:00-07:00,45,63,5.4
2025-03-09T21:00:00-07:00,47,62,5.9
2025-03-09T21:30:00-07:00,49,61,5.3
2025-03-09T22:00:00-07:00,50,60,3.5
2025-03-09T22:30:00-07:00,51,58,8.5
2025-03-09T23:00:00-07:00,53,58,10.1
2025-03-09T23:30:00-07:00,53,57,4.8
2025-03-10T00:00:00-07:00,54,55,3.7
2025-03-10T00:30:00-07:00,56,55,4.3
2025-03-10T01:00:00-07:00,57,54,5
2025-03-10T01:30:00-07:00,57,54,4.6
2025-03-10T02:00:00-07:00,58,53,4.7
2025-03-10T02:30:00-07:00,59,54,5
2025-03-10T03:00:00-07:00,60,54,5.3
2025-03-10T03:30:00-07:00,59,54,5.1
2025-03-10T04:00:00-07:00,60,54,4.9
2025-03-10T04:30:00-07:00,59,54,4.8
2025-03-10T05:00:00-07:00,59,54,4.9
2025-03-10T05:30:00-07:00,59,53,6.1
2025-03-10T06:00:00-07:00,60,53,6.5
2025-03-10T06:30:00-07:00,60,52,5.9
2025-03-10T07:00:00-07:00,60,52,7.6
2025-03-10T07:30:00-07:00,60,52,8.2
2025-03-10T08:00:00-07:00,61,53,7.9
2025-03-10T08:30:00-07:00,59,56,6.1
2025-03-10T09:00:00-07:00,56,59,9
2025-03-10T09:30:00-07:00,51,62,7.8
2025-03-10T10:00:00-07:00,47,65,8.7
2025-03-10T10:30:00-07:00,42,67,7.5
2025-03-10T11:00:00-07:00,40,69,9.7
2025-03-10T11:30:00-07:00,37,71,7.3
2025-03-10T12:00:00-07:00,37,73,8.6
2025-03-10T12:30:00-07:00,38,75,11.1
2025-03-10T13:00:00-07:00,37,76,8.7
2025-03-10T13:30:00-07:00,35,78,9.6
2025-03-10T14:00:00-07:00,33,78,6.3
2025-03-10T14:30:00-07:00,32,78,5.6
2025-03-10T15:00:00-07:00,32,80,5.1
2025-03-10T15:30:00-07:00,32,79,5.5
2025-03-10T16:00:00-07:00,30,78,4
2025-03-10T16:30:00-07:00,29,77,6.2
2025-03-10T17:00:00-07:00,29,76,3.7
2025-03-10T17:30:00-07:00,31,74,2.3
2025-03-10T18:00:00-07:00,32,72,2.1
2025-03-10T18:30:00-07:00,30,71,1.4
2025-03-10T19:00:00-07:00,27,69,3.6
2025-03-10T19:30:00-07:00,28,67,6.8
2025-03-10T20:00:00-07:00,28,66,0.9
2025-03-10T20:30:00-07:00,29,65,1
2025-03-10T21:00:00-07:00,33,64,1.3
2025-03-10T21:30:00-07:00,36,63,1.6
2025-03-10T22:00:00-07:00,38,62,3.3
2025-03-10T22:30:00-07:00,40,61,2.4
2025-03-10T23:00:00-07:00,40,60,1.8
2025-03-10T23:30:00-07:00,41,59,1.9
2025-03-11T00:00:00-07:00,43,58,7
2025-03-11T00:30:00-07:00,42,58,15.7
2025-03-11T01:00:00-07:00,43,57,5.5
2025-03-11T01:30:00-07:00,45,56,1.9
2025-03-11T02:00:00-07:00,45,55,2
2025-03-11T02:30:00-07:00,46,55,2.3
2025-03-11T03:00:00-07:00,46,55,3.6
2025-03-11T03:30:00-07:00,47,54,4.8
2025-03-11T04:00:00-07:00,48,54,2.4
2025-03-11T04:30:00-07:00,49,53,2.5
2025-03-11T05:00:00-07:00,51,52,3
2025-03-11T05:30:00-07:00,52,52,7.1
2025-03-11T06:00:00-07:00,54,51,5.2
2025-03-11T06:30:00-07:00,54,51,4.2
2025-03-11T07:00:00-07:00,54,51,4.7
2025-03-11T07:30:00-07:00,55,51,5.6
2025-03-11T08:00:00-07:00,54,52,5.4
2025-03-11T08:30:00-07:00,51,55,5.4
2025-03-11T09:00:00-07:00,44,59,7.7
2025-03-11T09:30:00-07:00,38,64,3.5
2025-03-11T10:00:00-07:00,34,68,7.3
2025-03-11T10:30:00-07:00,31,70,4.8
2025-03-11T11:00:00-07:00,30,71,5.1
2025-03-11T11:30:00-07:00,28,73,2.1
2025-03-11T12:00:00-07:00,30,73,1.1
2025-03-11T12:30:00-07:00,31,73,1.1
2025-03-11T13:00:00-07:00,31,74,1
2025-03-11T13:30:00-07:00,31,76,2.4
2025-03-11T14:00:00-07:00,30,78,16.2
2025-03-11T14:30:00-07:00,30,78,4.1
2025-03-11T15:00:00-07:00,31,78,1
2025-03-11T15:30:00-07:00,34,77,4.4
2025-03-11T16:00:00-07:00,35,75,0.4
2025-03-11T16:30:00-07:00,37,73,0.4
2025-03-11T17:00:00-07:00,40,72,0.5
2025-03-11T17:30:00-07:00,41,71,1.2
2025-03-11T18:00:00-07:00,45,68,15.2
2025-03-11T18:30:00-07:00,47,67,12.1
2025-03-11T19:00:00-07:00,50,66,22.1
2025-03-11T19:30:00-07:00,52,65,1.2
2025-03-11T20:00:00-07:00,54,64,1.8
2025-03-11T20:30:00-07:00,55,63,2.1
2025-03-11T21:00:00-07:00,56,63,2.3
2025-03-11T21:30:00-07:00,57,62,2.8
2025-03-11T22:00:00-07:00,57,63,3.1
2025-03-11T22:30:00-07:00,56,64,2.9
2025-03-11T23:00:00-07:00,55,64,2.8
2025-03-11T23:30:00-07:00,53,66,1
2025-03-12T00:00:00-07:00,52,65,1
2025-03-12T00:30:00-07:00,52,65,1.4
2025-03-12T01:00:00-07:00,52,64,1.3
2025-03-12T01:30:00-07:00,52,64,1.8
2025-03-12T02:00:00-07:00,53,64,1.8
2025-03-12T02:30:00-07:00,52,64,2.3
2025-03-12T03:00:00-07:00,53,64,2.1
2025-03-12T03:30:00-07:00,53,65,2.1
2025-03-12T04:00:00-07:00,55,64,3.2
2025-03-12T04:30:00-07:00,53,64,3.1
2025-03-12T05:00:00-07:00,53,64,2.2
2025-03-12T05:30:00-07:00,54,63,1.8
2025-03-12T06:00:00-07:00,55,63,1.6
2025-03-12T06:30:00-07:00,54,63,1.5
2025-03-12T07:00:00-07:00,54,63,1.8
2025-03-12T07:30:00-07:00,54,64,1.4
2025-03-12T08:00:00-07:00,52,64,1.6
2025-03-12T08:30:00-07:00,49,65,2
2025-03-12T09:00:00-07:00,48,66,1.8
2025-03-12T09:30:00-07:00,51,65,1.8
2025-03-12T10:00:00-07:00,52,66,1.5
2025-03-12T10:30:00-07:00,57,64,1.5
2025-03-12T11:00:00-07:00,58,65,1.8
2025-03-12T11:30:00-07:00,56,66,1.4
2025-03-12T12:00:00-07:00,52,66,1.2
2025-03-12T12:30:00-07:00,47,68,4.7
2025-03-12T13:00:00-07:00,42,70,1.2
2025-03-12T13:30:00-07:00,44,67,4.7
2025-03-12T14:00:00-07:00,49,66,0.7
2025-03-12T14:30:00-07:00,56,65,0.7
2025-03-12T15:00:00-07:00,60,63,0.7
2025-03-12T15:30:00-07:00,61,59,0.1
2025-03-12T16:00:00-07:00,60,60,0.2
2025-03-12T16:30:00-07:00,59,59,0.6
2025-03-12T17:00:00-07:00,63,58,1.8
2025-03-12T17:30:00-07:00,65,57,9.1
2025-03-12T18:00:00-07:00,67,57,11.4
2025-03-12T18:30:00-07:00,68,57,12.3
2025-03-12T19:00:00-07:00,67,57,10
2025-03-12T19:30:00-07:00,67,58,4.4
2025-03-12T20:00:00-07:00,65,58,4.8
2025-03-12T20:30:00-07:00,66,58,5
2025-03-12T21:00:00-07:00,66,58,5.8
2025-03-12T21:30:00-07:00,65,57,3.6
2025-03-12T22:00:00-07:00,66,57,10.5
2025-03-12T22:30:00-07:00,67,56,10.3
2025-03-12T23:00:00-07:00,66,57,10.7
2025-03-12T23:30:00-07:00,68,57,12.5
2025-03-13T00:00:00-07:00,68,58,14.7
2025-03-13T00:30:00-07:00,67,58,12.9
2025-03-13T01:00:00-07:00,67,57,8.7
2025-03-13T01:30:00-07:00,65,57,5.6
2025-03-13T02:00:00-07:00,63,56,5.5
2025-03-13T02:30:00-07:00,65,56,20.1
2025-03-13T03:00:00-07:00,65,55,9.9
2025-03-13T03:30:00-07:00,66,55,0.3
2025-03-13T04:00:00-07:00,65,55,2.1
2025-03-13T04:30:00-07:00,65,55,1.4
2025-03-13T05:00:00-07:00,66,55,2.5
2025-03-13T05:30:00-07:00,66,55,0.4
2025-03-13T06:00:00-07:00,66,56,0.9
2025-03-13T06:30:00-07:00,66,55,1.5
2025-03-13T07:00:00-07:00,67,55,1.2
2025-03-13T07:30:00-07:00,68,55,1
2025-03-13T08:00:00-07:00,67,55,0.7
2025-03-13T08:30:00-07:00,67,56,1.6
2025-03-13T09:00:00-07:00,65,57,4.9
2025-03-13T09:30:00-07:00,64,58,4.1
2025-03-13T10:00:00-07:00,60,59,1.4
2025-03-13T10:30:00-07:00,57,61,0.7
2025-03-13T11:00:00-07:00,51,62,0.2
2025-03-13T11:30:00-07:00,51,60,0.4
2025-03-13T12:00:00-07:00,58,57,1.2
2025-03-13T12:30:00-07:00,54,58,0.7
2025-03-13T13:00:00-07:00,49,61,0.3
2025-03-13T13:30:00-07:00,47,62,0.6
2025-03-13T14:00:00-07:00,44,63,0.2
2025-03-13T14:30:00-07:00,40,63,0.1
2025-03-13T15:00:00-07:00,40,63,0.1
2025-03-13T15:30:00-07:00,38,64,0.2
2025-03-13T16:00:00-07:00,36,64,0.1
2025-03-13T16:30:00-07:00,36,64,0.1
2025-03-13T17:00:00-07:00,36,63,0.3
2025-03-13T17:30:00-07:00,37,62,0.1
2025-03-13T18:00:00-07:00,39,60,0.7
2025-03-13T18:30:00-07:00,42,59,0.2
2025-03-13T19:00:00-07:00,44,58,1.4
2025-03-13T19:30:00-07:00,47,58,3.3
2025-03-13T20:00:00-07:00,49,58,7.9
2025-03-13T20:30:00-07:00,50,57,9.1
2025-03-13T21:00:00-07:00,51,56,1.3
2025-03-13T21:30:00-07:00,51,56,0.9
2025-03-13T22:00:00-07:00,51,57,6.7
2025-03-13T22:30:00-07:00,50,58,11.7
2025-03-13T23:00:00-07:00,49,58,12.3
2025-03-13T23:30:00-07:00,47,57,14.4
2025-03-14T00:00:00-07:00,47,57,11
2025-03-14T00:30:00-07:00,48,57,9.5
2025-03-14T01:00:00-07:00,47,57,12.2
2025-03-14T01:30:00-07:00,48,57,16.1
2025-03-14T02:00:00-07:00,48,57,9.1
2025-03-14T02:30:00-07:00,52,57,10.5
2025-03-14T03:00:00-07:00,56,56,0.7
2025-03-14T03:30:00-07:00,61,54,0.3
2025-03-14T04:00:00-07:00,63,53,0.1
2025-03-14T04:30:00-07:00,65,53,0.1
2025-03-14T05:00:00-07:00,66,52,0.3
2025-03-14T05:30:00-07:00,67,51,0.2
2025-03-14T06:00:00-07:00,68,51,0.3
2025-03-14T06:30:00-07:00,67,50,0.1
2025-03-14T07:00:00-07:00,65,51,0.2
2025-03-14T07:30:00-07:00,64,52,0
2025-03-14T08:00:00-07:00,62,53,0
2025-03-14T08:30:00-07:00,60,54,0
2025-03-14T09:00:00-07:00,60,55,0
2025-03-14T09:30:00-07:00,58,56,5.2
2025-03-14T10:00:00-07:00,58,57,0.7
2025-03-14T10:30:00-07:00,59,58,1.8
2025-03-14T11:00:00-07:00,59,59,1.3
2025-03-14T11:30:00-07:00,55,62,0.2
2025-03-14T12:00:00-07:00,50,66,0.1
2025-03-14T12:30:00-07:00,47,68,0.5
2025-03-14T13:00:00-07:00,46,68,2.2
2025-03-14T13:30:00-07:00,51,66,2.6
2025-03-14T14:00:00-07:00,48,68,2.5
2025-03-14T14:30:00-07:00,48,66,2.1
2025-03-14T15:00:00-07:00,58,63,1.9
2025-03-14T15:30:00-07:00,52,65,1.7
2025-03-14T16:00:00-07:00,50,66,2.4
2025-03-14T16:30:00-07:00,49,65,2.4
2025-03-14T17:00:00-07:00,49,65,2.2
2025-03-14T17:30:00-07:00,50,63,3.2
2025-03-14T18:00:00-07:00,51,63,4.4
2025-03-14T18:30:00-07:00,53,62,4.1
2025-03-14T19:00:00-07:00,57,61,4.3
2025-03-14T19:30:00-07:00,58,60,4.1
2025-03-14T20:00:00-07:00,58,60,4.7
2025-03-14T20:30:00-07:00,58,60,5.3
2025-03-14T21:00:00-07:00,59,60,6.1
2025-03-14T21:30:00-07:00,60,60,5.5
2025-03-14T22:00:00-07:00,62,59,8.3
2025-03-14T22:30:00-07:00,63,58,20.5
2025-03-14T23:00:00-07:00,63,59,11.9
2025-03-14T23:30:00-07:00,62,60,7.4
2025-03-15T00:00:00-07:00,62,59,6.9
2025-03-15T00:30:00-07:00,62,59,10.3
2025-03-15T01:00:00-07:00,62,58,17.5
2025-03-15T01:30:00-07:00,64,57,10.4
2025-03-15T02:00:00-07:00,64,58,18.9
2025-03-15T02:30:00-07:00,63,58,19.3
2025-03-15T03:00:00-07:00,63,58,18.5
2025-03-15T03:30:00-07:00,62,58,21
2025-03-15T04:00:00-07:00,62,59,13.8
2025-03-15T04:30:00-07:00,62,59,11.6
2025-03-15T05:00:00-07:00,61,59,12
2025-03-15T05:30:00-07:00,60,59,11.9
2025-03-15T06:00:00-07:00,60,58,11.6
2025-03-15T06:30:00-07:00,60,58,11.1
2025-03-15T07:00:00-07:00,59,59,10.1
2025-03-15T07:30:00-07:00,59,59,9.3
2025-03-15T08:00:00-07:00,59,59,8.3
2025-03-15T08:30:00-07:00,58,61,7.9
2025-03-15T09:00:00-07:00,56,62,8.2
2025-03-15T09:30:00-07:00,52,64,8.1
2025-03-15T10:00:00-07:00,47,66,9
2025-03-15T10:30:00-07:00,42,68,13.6
2025-03-15T11:00:00-07:00,40,70,11.9
2025-03-15T11:30:00-07:00,39,70,10.2
2025-03-15T12:00:00-07:00,37,72,9.7
2025-03-15T12:30:00-07:00,36,73,9.5
2025-03-15T13:00:00-07:00,34,75,9.3
2025-03-15T13:30:00-07:00,31,77,10.6
2025-03-15T14:00:00-07:00,30,76,9.4
2025-03-15T14:30:00-07:00,29,77,8.4
2025-03-15T15:00:00-07:00,29,77,9.4
2025-03-15T15:30:00-07:00,29,77,9.4
2025-03-15T16:00:00-07:00,30,76,8.6
2025-03-15T16:30:00-07:00,32,74,8.3
2025-03-15T17:00:00-07:00,34,72,8.6
2025-03-15T17:30:00-07:00,36,72,9.1
2025-03-15T18:00:00-07:00,39,69,9.8
2025-03-15T18:30:00-07:00,41,67,10
2025-03-15T19:00:00-07:00,43,65,10.5
2025-03-15T19:30:00-07:00,44,64,10.8
2025-03-15T20:00:00-07:00,46,63,10.4
2025-03-15T20:30:00-07:00,48,63,11.6
2025-03-15T21:00:00-07:00,51,62,14.7
2025-03-15T21:30:00-07:00,52,61,15.9
2025-03-15T22:00:00-07:00,54,60,16.4
2025-03-15T22:30:00-07:00,55,59,16.7
2025-03-15T23:00:00-07:00,56,59,17.2
2025-03-15T23:30:00-07:00,57,58,20.5
2025-03-16T00:00:00-07:00,57,57,21.9
2025-03-16T00:30:00-07:00,58,56,25.8
2025-03-16T01:00:00-07:00,59,56,24.6
2025-03-16T01:30:00-07:00,60,56,20.8
2025-03-16T02:00:00-07:00,62,57,16
2025-03-16T02:30:00-07:00,61,57,15.4
2025-03-16T03:00:00-07:00,61,57,13.9
2025-03-16T03:30:00-07:00,62,57,13.2
2025-03-16T04:00:00-07:00,63,57,13.1
2025-03-16T04:30:00-07:00,62,56,12.8
2025-03-16T05:00:00-07:00,62,55,12.9
2025-03-16T05:30:00-07:00,63,55,12.3
2025-03-16T06:00:00-07:00,62,55,12.4
2025-03-16T06:30:00-07:00,63,55,11.7
2025-03-16T07:00:00-07:00,62,55,12.2
2025-03-16T07:30:00-07:00,61,56,12
2025-03-16T08:00:00-07:00,60,58,16.6
2025-03-16T08:30:00-07:00,54,62,10.4
2025-03-16T09:00:00-07:00,48,64,7.7
2025-03-16T09:30:00-07:00,44,65,6.7
2025-03-16T10:00:00-07:00,43,66,7.3
2025-03-16T10:30:00-07:00,41,68,8
2025-03-16T11:00:00-07:00,40,70,8.7
2025-03-16T11:30:00-07:00,40,71,4.1
2025-03-16T12:00:00-07:00,40,71,3.3
2025-03-16T12:30:00-07:00,41,72,3.5
2025-03-16T13:00:00-07:00,39,74,3.2
2025-03-16T13:30:00-07:00,40,74,2.9
2025-03-16T14:00:00-07:00,41,73,2.4
2025-03-16T14:30:00-07:00,41,72,3.2
2025-03-16T15:00:00-07:00,43,71,1.7
2025-03-16T15:30:00-07:00,44,71,1.7
2025-03-16T16:00:00-07:00,42,72,1.3
2025-03-16T16:30:00-07:00,43,72,1.5
2025-03-16T17:00:00-07:00,44,71,1.7
2025-03-16T17:30:00-07:00,43,72,2.2
2025-03-16T18:00:00-07:00,47,69,8.8
2025-03-16T18:30:00-07:00,50,67,8.6
2025-03-16T19:00:00-07:00,52,66,3.6
2025-03-16T19:30:00-07:00,54,66,3.6
2025-03-16T20:00:00-07:00,54,66,3.3
2025-03-16T20:30:00-07:00,55,66,3
2025-03-16T21:00:00-07:00,57,66,2.4
2025-03-16T21:30:00-07:00,63,64,2.5
2025-03-16T22:00:00-07:00,65,64,2.2
2025-03-16T22:30:00-07:00,65,64,2.2
2025-03-16T23:00:00-07:00,66,64,1.4
2025-03-16T23:30:00-07:00,65,65,0.5
2025-03-17T00:00:00-07:00,67,63,0.1
2025-03-17T00:30:00-07:00,69,60,0.3
2025-03-17T01:00:00-07:00,71,58,12.7
2025-03-17T01:30:00-07:00,71,58,16.4
2025-03-17T02:00:00-07:00,70,59,3
2025-03-17T02:30:00-07:00,68,60,0.1
2025-03-17T03:00:00-07:00,67,61,0.1
2025-03-17T03:30:00-07:00,66,61,0.3
2025-03-17T04:00:00-07:00,66,61,0.3
2025-03-17T04:30:00-07:00,68,61,0.5
2025-03-17T05:00:00-07:00,69,60,0.3
2025-03-17T05:30:00-07:00,68,61,0.1
2025-03-17T06:00:00-07:00,67,61,0.4
2025-03-17T06:30:00-07:00,67,61,0.6
2025-03-17T07:00:00-07:00,66,62,0.8
2025-03-17T07:30:00-07:00,66,62,1.1
2025-03-17T08:00:00-07:00,66,62,1.6
2025-03-17T08:30:00-07:00,65,62,1.8
2025-03-17T09:00:00-07:00,64,63,2
2025-03-17T09:30:00-07:00,57,66,6.6
2025-03-17T10:00:00-07:00,50,68,7.9
2025-03-17T10:30:00-07:00,48,69,6.5
2025-03-17T11:00:00-07:00,46,68,7
2025-03-17T11:30:00-07:00,44,67,2.9
2025-03-17T12:00:00-07:00,52,65,0.8
2025-03-17T12:30:00-07:00,50,65,1.2
2025-03-17T13:00:00-07:00,45,66,1
2025-03-17T13:30:00-07:00,46,67,0.9
2025-03-17T14:00:00-07:00,52,64,0.7
2025-03-17T14:30:00-07:00,48,66,0.4
2025-03-17T15:00:00-07:00,47,66,0.4
2025-03-17T15:30:00-07:00,46,66,0.5
2025-03-17T16:00:00-07:00,45,65,0.4
2025-03-17T16:30:00-07:00,45,66,0.6
2025-03-17T17:00:00-07:00,51,63,0.5
2025-03-17T17:30:00-07:00,58,61,1.7
2025-03-17T18:00:00-07:00,60,60,0.6
2025-03-17T18:30:00-07:00,59,59,1.4
2025-03-17T19:00:00-07:00,60,59,2.4
2025-03-17T19:30:00-07:00,62,59,2.3
2025-03-17T20:00:00-07:00,65,59,5.1
2025-03-17T20:30:00-07:00,62,60,3.3
2025-03-17T21:00:00-07:00,59,60,2.2
2025-03-17T21:30:00-07:00,56,60,0.9
2025-03-17T22:00:00-07:00,55,60,0.8
2025-03-17T22:30:00-07:00,53,60,0.5
2025-03-17T23:00:00-07:00,53,59,0.3
2025-03-17T23:30:00-07:00,53,59,10.9
2025-03-18T00:00:00-07:00,53,58,17.5
2025-03-18T00:30:00-07:00,54,58,23.3
2025-03-18T01:00:00-07:00,54,57,2.7
2025-03-18T01:30:00-07:00,55,56,1.7
2025-03-18T02:00:00-07:00,56,55,2
2025-03-18T02:30:00-07:00,58,55,2.2
2025-03-18T03:00:00-07:00,59,53,1.5
2025-03-18T03:30:00-07:00,60,53,1.5
2025-03-18T04:00:00-07:00,61,52,1.5
2025-03-18T04:30:00-07:00,61,51,1.5
2025-03-18T05:00:00-07:00,61,51,1.8
2025-03-18T05:30:00-07:00,62,50,2.3
2025-03-18T06:00:00-07:00,63,49,4.7
2025-03-18T06:30:00-07:00,63,49,3.2
2025-03-18T07:00:00-07:00,63,48,2.9
2025-03-18T07:30:00-07:00,64,48,2.9
2025-03-18T08:00:00-07:00,63,51,2.8
2025-03-18T08:30:00-07:00,57,54,2.7
2025-03-18T09:00:00-07:00,50,57,2
2025-03-18T09:30:00-07:00,43,61,1.1
2025-03-18T10:00:00-07:00,41,63,1.3
2025-03-18T10:30:00-07:00,38,65,0.9
2025-03-18T11:00:00-07:00,36,65,0.8
2025-03-18T11:30:00-07:00,37,67,1.1
2025-03-18T12:00:00-07:00,36,68,1.1
2025-03-18T12:30:00-07:00,35,69,3
2025-03-18T13:00:00-07:00,33,71,2
2025-03-18T13:30:00-07:00,32,71,0.8
2025-03-18T14:00:00-07:00,32,72,0.8
2025-03-18T14:30:00-07:00,30,73,0.6
2025-03-18T15:00:00-07:00,28,73,0.7
2025-03-18T15:30:00-07:00,26,73,0.4
2025-03-18T16:00:00-07:00,29,72,1
2025-03-18T16:30:00-07:00,29,72,1.2
2025-03-18T17:00:00-07:00,32,71,1.3
2025-03-18T17:30:00-07:00,33,69,2.6
2025-03-18T18:00:00-07:00,36,67,1.3
2025-03-18T18:30:00-07:00,41,64,1.7
2025-03-18T19:00:00-07:00,43,62,1.4
2025-03-18T19:30:00-07:00,46,61,1.8
2025-03-18T20:00:00-07:00,48,61,1.6
2025-03-18T20:30:00-07:00,50,60,1.9
2025-03-18T21:00:00-07:00,52,60,2
2025-03-18T21:30:00-07:00,54,58,23.4
2025-03-18T22:00:00-07:00,55,57,15.6
2025-03-18T22:30:00-07:00,57,56,4.9
2025-03-18T23:00:00-07:00,58,55,3.6
2025-03-18T23:30:00-07:00,58,54,4.8
2025-03-19T00:00:00-07:00,59,54,4.9
2025-03-19T00:30:00-07:00,60,53,4.4
2025-03-19T01:00:00-07:00,61,53,3.8
2025-03-19T01:30:00-07:00,62,52,3.7
2025-03-19T02:00:00-07:00,61,52,3.5
2025-03-19T02:30:00-07:00,62,51,3.1
2025-03-19T03:00:00-07:00,63,51,2.9
2025-03-19T03:30:00-07:00,62,50,2.8
2025-03-19T04:00:00-07:00,62,50,2.6
2025-03-19T04:30:00-07:00,62,49,2.5
2025-03-19T05:00:00-07:00,61,49,2.9
2025-03-19T05:30:00-07:00,63,49,3.7
2025-03-19T06:00:00-07:00,63,49,4
2025-03-19T06:30:00-07:00,63,49,4.3
2025-03-19T07:00:00-07:00,63,49,4.9
2025-03-19T07:30:00-07:00,64,50,3.9
2025-03-19T08:00:00-07:00,62,51,2.7
2025-03-19T08:30:00-07:00,60,54,5.7
2025-03-19T09:00:00-07:00,55,58,7.5
2025-03-19T09:30:00-07:00,46,64,4.8
2025-03-19T10:00:00-07:00,43,65,4.6
2025-03-19T10:30:00-07:00,40,67,4.1
2025-03-19T11:00:00-07:00,37,69,4.6
2025-03-19T11:30:00-07:00,34,72,4.4
2025-03-19T12:00:00-07:00,32,72,3
2025-03-19T12:30:00-07:00,34,72,3.6
2025-03-19T13:00:00-07:00,35,72,2.6
2025-03-19T13:30:00-07:00,35,72,2.1
2025-03-19T14:00:00-07:00,38,71,4.4
2025-03-19T14:30:00-07:00,36,73,2.5
2025-03-19T15:00:00-07:00,37,73,2.5
2025-03-19T15:30:00-07:00,34,70,1.3
2025-03-19T16:00:00-07:00,31,69,4.4
2025-03-19T16:30:00-07:00,32,69,3.5
2025-03-19T17:00:00-07:00,30,69,1.9
2025-03-19T17:30:00-07:00,28,69,0.2
2025-03-19T18:00:00-07:00,26,67,0.1
2025-03-19T18:30:00-07:00,26,67,0
2025-03-19T19:00:00-07:00,27,67,0
2025-03-19T19:30:00-07:00,30,67,0.1
2025-03-19T20:00:00-07:00,39,66,0.2
2025-03-19T20:30:00-07:00,47,63,0.4
2025-03-19T21:00:00-07:00,47,63,0.6
2025-03-19T21:30:00-07:00,48,63,0.4
2025-03-19T22:00:00-07:00,49,64,0.6
2025-03-19T22:30:00-07:00,51,64,0.3
2025-03-19T23:00:00-07:00,52,63,0.5
2025-03-19T23:30:00-07:00,52,63,0.5
2025-03-20T00:00:00-07:00,53,63,0.7
2025-03-20T00:30:00-07:00,58,61,0.9
2025-03-20T01:00:00-07:00,61,60,0.3
2025-03-20T01:30:00-07:00,60,61,0.2
2025-03-20T02:00:00-07:00,59,62,0.4
2025-03-20T02:30:00-07:00,58,62,0.7
2025-03-20T03:00:00-07:00,58,61,0.6
2025-03-20T03:30:00-07:00,59,60,1
2025-03-20T04:00:00-07:00,60,59,3.2
2025-03-20T04:30:00-07:00,61,57,3.4
2025-03-20T05:00:00-07:00,61,59,4.4
2025-03-20T05:30:00-07:00,60,60,1.5
2025-03-20T06:00:00-07:00,58,60,0.7
2025-03-20T06:30:00-07:00,57,60,0.6
2025-03-20T07:00:00-07:00,59,58,3.2
2025-03-20T07:30:00-07:00,61,57,1.9
2025-03-20T08:00:00-07:00,62,57,1.9
2025-03-20T08:30:00-07:00,60,59,3.6
2025-03-20T09:00:00-07:00,54,63,2.2
2025-03-20T09:30:00-07:00,47,67,4.4
2025-03-20T10:00:00-07:00,43,68,4.7
2025-03-20T10:30:00-07:00,42,68,4.3
2025-03-20T11:00:00-07:00,41,68,6.4
2025-03-20T11:30:00-07:00,40,69,7.2
2025-03-20T12:00:00-07:00,40,70,11.7
2025-03-20T12:30:00-07:00,39,70,9
2025-03-20T13:00:00-07:00,38,71,8.9
2025-03-20T13:30:00-07:00,36,72,1.3
2025-03-20T14:00:00-07:00,34,73,1.1
2025-03-20T14:30:00-07:00,32,73,0.7
2025-03-20T15:00:00-07:00,33,73,0.6
2025-03-20T15:30:00-07:00,34,73,1.1
2025-03-20T16:00:00-07:00,38,72,1.4
2025-03-20T16:30:00-07:00,39,72,1.3
2025-03-20T17:00:00-07:00,39,71,1.2
2025-03-20T17:30:00-07:00,41,69,3.5
2025-03-20T18:00:00-07:00,41,67,1.4
2025-03-20T18:30:00-07:00,42,65,1.8
2025-03-20T19:00:00-07:00,46,63,2.5
2025-03-20T19:30:00-07:00,49,62,3.1
2025-03-20T20:00:00-07:00,51,61,3.3
2025-03-20T20:30:00-07:00,53,61,3.3
2025-03-20T21:00:00-07:00,56,60,3.4
2025-03-20T21:30:00-07:00,56,60,3.2
2025-03-20T22:00:00-07:00,56,60,3.3
2025-03-20T22:30:00-07:00,56,59,5
2025-03-20T23:00:00-07:00,57,58,22.3
2025-03-20T23:30:00-07:00,58,58,19
2025-03-21T00:00:00-07:00,59,57,15
2025-03-21T00:30:00-07:00,60,56,4.9
2025-03-21T01:00:00-07:00,61,56,3.7
2025-03-21T01:30:00-07:00,60,56,3.9
2025-03-21T02:00:00-07:00,61,55,3.8
2025-03-21T02:30:00-07:00,61,55,3.7
2025-03-21T03:00:00-07:00,61,55,4.1
2025-03-21T03:30:00-07:00,62,54,4.8
2025-03-21T04:00:00-07:00,62,54,3
2025-03-21T04:30:00-07:00,63,53,3
2025-03-21T05:00:00-07:00,62,53,2.6
2025-03-21T05:30:00-07:00,61,53,2.7
2025-03-21T06:00:00-07:00,62,52,3.1
2025-03-21T06:30:00-07:00,62,52,3.3
2025-03-21T07:00:00-07:00,62,52,3.4
2025-03-21T07:30:00-07:00,62,52,3.5
2025-03-21T08:00:00-07:00,63,55,5
2025-03-21T08:30:00-07:00,62,57,8.9
2025-03-21T09:00:00-07:00,55,62,7.7
2025-03-21T09:30:00-07:00,49,66,6.5
2025-03-21T10:00:00-07:00,44,69,5.9
2025-03-21T10:30:00-07:00,41,70,5.6
2025-03-21T11:00:00-07:00,38,71,4.6
2025-03-21T11:30:00-07:00,38,72,3.9
2025-03-21T12:00:00-07:00,37,73,2.7
2025-03-21T12:30:00-07:00,33,73,1.8
2025-03-21T13:00:00-07:00,34,73,2.5
2025-03-21T13:30:00-07:00,36,72,3.2
2025-03-21T14:00:00-07:00,35,72,2.8
2025-03-21T14:30:00-07:00,36,74,2.2
2025-03-21T15:00:00-07:00,37,74,2.3
2025-03-21T15:30:00-07:00,37,74,2.1
2025-03-21T16:00:00-07:00,40,72,1.9
2025-03-21T16:30:00-07:00,42,72,2.3
2025-03-21T17:00:00-07:00,41,71,1.4
2025-03-21T17:30:00-07:00,42,70,1.5
2025-03-21T18:00:00-07:00,44,68,3.2
2025-03-21T18:30:00-07:00,47,66,1.6
2025-03-21T19:00:00-07:00,51,64,1.9
2025-03-21T19:30:00-07:00,54,63,1.9
2025-03-21T20:00:00-07:00,56,63,2.1
2025-03-21T20:30:00-07:00,56,63,2.2
2025-03-21T21:00:00-07:00,58,62,2.9
2025-03-21T21:30:00-07:00,58,62,2.8
2025-03-21T22:00:00-07:00,58,61,2.7
2025-03-21T22:30:00-07:00,59,60,3.6
2025-03-21T23:00:00-07:00,59,60,5.4
2025-03-21T23:30:00-07:00,60,60,3.6
2025-03-22T00:00:00-07:00,61,59,4.3
2025-03-22T00:30:00-07:00,60,59,8.6
2025-03-22T01:00:00-07:00,61,59,14.9
2025-03-22T01:30:00-07:00,61,58,12.1
2025-03-22T02:00:00-07:00,62,58,4.7
2025-03-22T02:30:00-07:00,61,58,3.7
2025-03-22T03:00:00-07:00,61,58,3.5
2025-03-22T03:30:00-07:00,61,57,3.4
2025-03-22T04:00:00-07:00,62,57,3.3
2025-03-22T04:30:00-07:00,61,57,3.1
2025-03-22T05:00:00-07:00,61,57,3.1
2025-03-22T05:30:00-07:00,62,57,3.2
2025-03-22T06:00:00-07:00,62,57,3.1
2025-03-22T06:30:00-07:00,61,57,2.9
2025-03-22T07:00:00-07:00,62,57,3.1
2025-03-22T07:30:00-07:00,63,58,4.1
2025-03-22T08:00:00-07:00,63,61,9.7
2025-03-22T08:30:00-07:00,62,64,4.1
2025-03-22T09:00:00-07:00,57,67,2.2
2025-03-22T09:30:00-07:00,53,69,2
2025-03-22T10:00:00-07:00,52,69,4.8
2025-03-22T10:30:00-07:00,51,70,5.9
2025-03-22T11:00:00-07:00,50,70,2.4
2025-03-22T11:30:00-07:00,48,71,1.1
2025-03-22T12:00:00-07:00,47,73,0.8
2025-03-22T12:30:00-07:00,44,74,0.7
2025-03-22T13:00:00-07:00,45,73,1.8
2025-03-22T13:30:00-07:00,48,71,2.7
2025-03-22T14:00:00-07:00,48,70,3.9
2025-03-22T14:30:00-07:00,48,72,4.2
2025-03-22T15:00:00-07:00,49,71,4.5
2025-03-22T15:30:00-07:00,46,73,4.2
2025-03-22T16:00:00-07:00,42,73,4.3
2025-03-22T16:30:00-07:00,42,74,4.3
2025-03-22T17:00:00-07:00,42,74,3.9
2025-03-22T17:30:00-07:00,43,73,3.2
2025-03-22T18:00:00-07:00,47,70,8
2025-03-22T18:30:00-07:00,53,67,3.5
2025-03-22T19:00:00-07:00,58,65,4.1
2025-03-22T19:30:00-07:00,61,64,4.5
2025-03-22T20:00:00-07:00,61,64,4.6
2025-03-22T20:30:00-07:00,61,64,4.5
2025-03-22T21:00:00-07:00,62,64,4.4
2025-03-22T21:30:00-07:00,62,64,4.3
2025-03-22T22:00:00-07:00,62,64,4
2025-03-22T22:30:00-07:00,61,65,3.5
2025-03-22T23:00:00-07:00,61,65,4.6
2025-03-22T23:30:00-07:00,59,65,5
2025-03-23T00:00:00-07:00,59,65,5.7
2025-03-23T00:30:00-07:00,60,65,6.8
2025-03-23T01:00:00-07:00,60,65,7
2025-03-23T01:30:00-07:00,59,66,6.1
2025-03-23T02:00:00-07:00,59,65,6.9
2025-03-23T02:30:00-07:00,60,65,5.2
2025-03-23T03:00:00-07:00,60,64,7.7
2025-03-23T03:30:00-07:00,61,64,7.8
2025-03-23T04:00:00-07:00,61,64,5.7
2025-03-23T04:30:00-07:00,61,64,4.5
2025-03-23T05:00:00-07:00,60,65,5.2
2025-03-23T05:30:00-07:00,59,66,6.4
2025-03-23T06:00:00-07:00,59,65,7.4
2025-03-23T06:30:00-07:00,60,64,9
2025-03-23T07:00:00-07:00,62,63,8.9
2025-03-23T07:30:00-07:00,62,64,9
2025-03-23T08:00:00-07:00,60,64,10.2
2025-03-23T08:30:00-07:00,58,65,10.3
2025-03-23T09:00:00-07:00,57,66,9.8
2025-03-23T09:30:00-07:00,53,69,10.9
2025-03-23T10:00:00-07:00,50,71,6.8
2025-03-23T10:30:00-07:00,47,73,5.8
2025-03-23T11:00:00-07:00,44,75,5.5
2025-03-23T11:30:00-07:00,42,76,7.4
2025-03-23T12:00:00-07:00,41,79,9.2
2025-03-23T12:30:00-07:00,40,80,4.1
2025-03-23T13:00:00-07:00,38,81,2.8
2025-03-23T13:30:00-07:00,36,82,2.4
2025-03-23T14:00:00-07:00,35,82,1.7
2025-03-23T14:30:00-07:00,36,81,2.4
2025-03-23T15:00:00-07:00,34,82,2
2025-03-23T15:30:00-07:00,32,83,1.2
2025-03-23T16:00:00-07:00,32,84,1.7
2025-03-23T16:30:00-07:00,33,84,2.2
2025-03-23T17:00:00-07:00,33,83,2.1
2025-03-23T17:30:00-07:00,33,83,1.7
2025-03-23T18:00:00-07:00,31,81,1.3
2025-03-23T18:30:00-07:00,32,79,1.4
2025-03-23T19:00:00-07:00,36,76,5.1
2025-03-23T19:30:00-07:00,44,73,3.7
2025-03-23T20:00:00-07:00,49,71,5.9
2025-03-23T20:30:00-07:00,54,69,6.6
2025-03-23T21:00:00-07:00,56,68,4.1
2025-03-23T21:30:00-07:00,58,67,4
2025-03-23T22:00:00-07:00,60,66,3.8
2025-03-23T22:30:00-07:00,61,65,3.7
2025-03-23T23:00:00-07:00,61,65,3.2
2025-03-23T23:30:00-07:00,61,64,2.9
2025-03-24T00:00:00-07:00,61,63,3
2025-03-24T00:30:00-07:00,61,62,3.3
2025-03-24T01:00:00-07:00,61,62,3.4
2025-03-24T01:30:00-07:00,62,61,5.1
2025-03-24T02:00:00-07:00,64,61,5.3
2025-03-24T02:30:00-07:00,64,61,5
2025-03-24T03:00:00-07:00,63,60,4.3
2025-03-24T03:30:00-07:00,64,60,4.5
2025-03-24T04:00:00-07:00,63,60,4.1
2025-03-24T04:30:00-07:00,62,59,9.3
2025-03-24T05:00:00-07:00,63,59,18.7
2025-03-24T05:30:00-07:00,64,59,16
2025-03-24T06:00:00-07:00,64,59,5.2
2025-03-24T06:30:00-07:00,65,59,4.5
2025-03-24T07:00:00-07:00,64,59,7.4
2025-03-24T07:30:00-07:00,64,59,5
2025-03-24T08:00:00-07:00,65,61,3.1
2025-03-24T08:30:00-07:00,63,65,6
2025-03-24T09:00:00-07:00,54,70,4.6
2025-03-24T09:30:00-07:00,45,75,3.4
2025-03-24T10:00:00-07:00,40,78,1.8
2025-03-24T10:30:00-07:00,39,80,1.9
2025-03-24T11:00:00-07:00,40,81,3.8
2025-03-24T11:30:00-07:00,40,82,3.6
2025-03-24T12:00:00-07:00,39,84,3.5
2025-03-24T12:30:00-07:00,37,86,3.1
2025-03-24T13:00:00-07:00,34,87,2.5
2025-03-24T13:30:00-07:00,33,88,2.7
2025-03-24T14:00:00-07:00,32,90,2.6
2025-03-24T14:30:00-07:00,30,92,2.5
2025-03-24T15:00:00-07:00,28,95,1.8
2025-03-24T15:30:00-07:00,27,96,1.5
2025-03-24T16:00:00-07:00,26,96,1.6
2025-03-24T16:30:00-07:00,26,96,1.9
2025-03-24T17:00:00-07:00,27,95,1.9
2025-03-24T17:30:00-07:00,28,94,2.4
2025-03-24T18:00:00-07:00,30,92,2.7
2025-03-24T18:30:00-07:00,31,90,2.5
2025-03-24T19:00:00-07:00,33,87,2.3
2025-03-24T19:30:00-07:00,37,84,3.1
2025-03-24T20:00:00-07:00,41,81,3.4
2025-03-24T20:30:00-07:00,46,79,3.6
2025-03-24T21:00:00-07:00,49,77,8.4
2025-03-24T21:30:00-07:00,50,76,5
2025-03-24T22:00:00-07:00,51,75,5.2
2025-03-24T22:30:00-07:00,53,74,6.7
2025-03-24T23:00:00-07:00,54,73,8.4
2025-03-24T23:30:00-07:00,56,72,7.8
2025-03-25T00:00:00-07:00,57,72,6.3
2025-03-25T00:30:00-07:00,58,70,11.7
2025-03-25T01:00:00-07:00,59,70,13.6
2025-03-25T01:30:00-07:00,61,68,10.3
2025-03-25T02:00:00-07:00,61,67,7.3
2025-03-25T02:30:00-07:00,62,67,7.1
2025-03-25T03:00:00-07:00,63,66,6.6
2025-03-25T03:30:00-07:00,63,65,6.6
2025-03-25T04:00:00-07:00,64,65,6.5
2025-03-25T04:30:00-07:00,64,64,6.2
2025-03-25T05:00:00-07:00,65,63,5.7
2025-03-25T05:30:00-07:00,66,63,5.4
2025-03-25T06:00:00-07:00,65,63,5.3
2025-03-25T06:30:00-07:00,66,63,5.6
2025-03-25T07:00:00-07:00,65,62,6.9
2025-03-25T07:30:00-07:00,66,63,6.5
2025-03-25T08:00:00-07:00,65,67,6.1
2025-03-25T08:30:00-07:00,59,71,8
2025-03-25T09:00:00-07:00,50,76,6.5
2025-03-25T09:30:00-07:00,43,81,9.3
2025-03-25T10:00:00-07:00,40,83,10.9
2025-03-25T10:30:00-07:00,38,85,10
2025-03-25T11:00:00-07:00,36,87,8.5
2025-03-25T11:30:00-07:00,34,89,5.8
2025-03-25T12:00:00-07:00,32,91,3.9
2025-03-25T12:30:00-07:00,30,93,3.8
2025-03-25T13:00:00-07:00,29,95,4.2
2025-03-25T13:30:00-07:00,32,93,7.4
2025-03-25T14:00:00-07:00,31,92,6.2
2025-03-25T14:30:00-07:00,29,94,6.4
2025-03-25T15:00:00-07:00,28,95,6.1
2025-03-25T15:30:00-07:00,27,95,4.4
2025-03-25T16:00:00-07:00,28,93,5.7
2025-03-25T16:30:00-07:00,30,92,5.9
2025-03-25T17:00:00-07:00,30,92,6.5
2025-03-25T17:30:00-07:00,31,90,6.3
2025-03-25T18:00:00-07:00,32,88,6.6
2025-03-25T18:30:00-07:00,34,86,5.8
2025-03-25T19:00:00-07:00,36,84,5.9
2025-03-25T19:30:00-07:00,37,82,6.1
2025-03-25T20:00:00-07:00,39,81,6.5
2025-03-25T20:30:00-07:00,42,79,7.4
2025-03-25T21:00:00-07:00,45,77,12.5
2025-03-25T21:30:00-07:00,47,76,17.6
2025-03-25T22:00:00-07:00,48,75,24.8
2025-03-25T22:30:00-07:00,47,74,34.8
2025-03-25T23:00:00-07:00,49,73,7
2025-03-25T23:30:00-07:00,53,70,7.4
2025-03-26T00:00:00-07:00,57,68,9.2
2025-03-26T00:30:00-07:00,58,67,7.3
2025-03-26T01:00:00-07:00,60,66,9.1
2025-03-26T01:30:00-07:00,60,66,11.2
2025-03-26T02:00:00-07:00,61,65,12
2025-03-26T02:30:00-07:00,63,64,10.3
2025-03-26T03:00:00-07:00,65,63,8.4
2025-03-26T03:30:00-07:00,66,63,9.9
2025-03-26T04:00:00-07:00,67,63,10.7
2025-03-26T04:30:00-07:00,67,64,15.1
2025-03-26T05:00:00-07:00,65,65,11.3
2025-03-26T05:30:00-07:00,64,65,10.6
2025-03-26T06:00:00-07:00,63,65,6.9
2025-03-26T06:30:00-07:00,62,64,2.5
2025-03-26T07:00:00-07:00,62,64,1.6
2025-03-26T07:30:00-07:00,62,64,2.9
2025-03-26T08:00:00-07:00,60,65,2.9
2025-03-26T08:30:00-07:00,56,67,2.2
2025-03-26T09:00:00-07:00,53,69,1
2025-03-26T09:30:00-07:00,48,71,1.1
2025-03-26T10:00:00-07:00,45,74,2.3
2025-03-26T10:30:00-07:00,44,75,5.8
2025-03-26T11:00:00-07:00,42,77,4.3
2025-03-26T11:30:00-07:00,41,78,1.6
2025-03-26T12:00:00-07:00,40,78,2
2025-03-26T12:30:00-07:00,39,78,1.4
2025-03-26T13:00:00-07:00,38,79,1.4
2025-03-26T13:30:00-07:00,38,79,1.7
2025-03-26T14:00:00-07:00,38,79,2.1
2025-03-26T14:30:00-07:00,37,80,1.9
2025-03-26T15:00:00-07:00,35,81,2
2025-03-26T15:30:00-07:00,36,80,2.1
2025-03-26T16:00:00-07:00,37,79,2.1
2025-03-26T16:30:00-07:00,37,78,2.2
2025-03-26T17:00:00-07:00,38,78,2.5
2025-03-26T17:30:00-07:00,40,76,3.9
2025-03-26T18:00:00-07:00,43,73,1.5
2025-03-26T18:30:00-07:00,46,71,1.9
2025-03-26T19:00:00-07:00,49,69,2.7
2025-03-26T19:30:00-07:00,52,68,3.2
2025-03-26T20:00:00-07:00,53,68,2.6
2025-03-26T20:30:00-07:00,54,68,1.5
2025-03-26T21:00:00-07:00,53,68,1.6
2025-03-26T21:30:00-07:00,52,68,3.1
2025-03-26T22:00:00-07:00,52,68,2.4
2025-03-26T22:30:00-07:00,53,67,2.6
2025-03-26T23:00:00-07:00,54,67,1.9
2025-03-26T23:30:00-07:00,53,67,2.2
2025-03-27T00:00:00-07:00,53,68,1.9
2025-03-27T00:30:00-07:00,54,68,2.1
2025-03-27T01:00:00-07:00,54,68,2.6
2025-03-27T01:30:00-07:00,54,68,15.5
2025-03-27T02:00:00-07:00,54,68,17.1
2025-03-27T02:30:00-07:00,55,67,0.2
2025-03-27T03:00:00-07:00,55,68,0.1
2025-03-27T03:30:00-07:00,55,68,0.6
2025-03-27T04:00:00-07:00,55,68,0.2
2025-03-27T04:30:00-07:00,56,68,0.1
2025-03-27T05:00:00-07:00,57,68,0.1
2025-03-27T05:30:00-07:00,58,67,0.1
2025-03-27T06:00:00-07:00,58,67,0.2
2025-03-27T06:30:00-07:00,58,67,0.7
2025-03-27T07:00:00-07:00,57,67,0.6
2025-03-27T07:30:00-07:00,57,67,0.9
2025-03-27T08:00:00-07:00,58,67,1.1
2025-03-27T08:30:00-07:00,57,68,1.3
2025-03-27T09:00:00-07:00,54,70,0.6
2025-03-27T09:30:00-07:00,50,72,1.1
2025-03-27T10:00:00-07:00,45,74,1.3
2025-03-27T10:30:00-07:00,42,75,1.3
2025-03-27T11:00:00-07:00,40,77,4.2
2025-03-27T11:30:00-07:00,38,76,6.9
2025-03-27T12:00:00-07:00,42,75,4.8
2025-03-27T12:30:00-07:00,45,74,2.6
2025-03-27T13:00:00-07:00,42,75,2.4
2025-03-27T13:30:00-07:00,44,73,2.9
2025-03-27T14:00:00-07:00,50,71,2.6
2025-03-27T14:30:00-07:00,50,73,2.3
2025-03-27T15:00:00-07:00,41,74,1.9
2025-03-27T15:30:00-07:00,46,71,2
2025-03-27T16:00:00-07:00,44,73,2
2025-03-27T16:30:00-07:00,42,72,1.2
2025-03-27T17:00:00-07:00,40,72,1.5
2025-03-27T17:30:00-07:00,36,75,1.4
2025-03-27T18:00:00-07:00,38,73,1.7
2025-03-27T18:30:00-07:00,40,71,1.5
2025-03-27T19:00:00-07:00,43,69,2.6
2025-03-27T19:30:00-07:00,46,68,3
2025-03-27T20:00:00-07:00,48,68,2.6
2025-03-27T20:30:00-07:00,48,67,2.8
2025-03-27T21:00:00-07:00,48,67,3.3
2025-03-27T21:30:00-07:00,48,67,3
2025-03-27T22:00:00-07:00,48,66,2.7
2025-03-27T22:30:00-07:00,48,66,2.4
2025-03-27T23:00:00-07:00,50,65,2.7
2025-03-27T23:30:00-07:00,50,65,2.6
2025-03-28T00:00:00-07:00,50,66,2.3
2025-03-28T00:30:00-07:00,53,65,1.7
2025-03-28T01:00:00-07:00,54,64,2.6
2025-03-28T01:30:00-07:00,56,64,2.9
2025-03-28T02:00:00-07:00,55,64,3.4
2025-03-28T02:30:00-07:00,53,65,3.1
2025-03-28T03:00:00-07:00,53,65,3
2025-03-28T03:30:00-07:00,54,65,2.8
2025-03-28T04:00:00-07:00,55,65,2.2
2025-03-28T04:30:00-07:00,55,65,2.5
2025-03-28T05:00:00-07:00,59,65,2.3
2025-03-28T05:30:00-07:00,60,64,2.2
2025-03-28T06:00:00-07:00,60,64,2.4
2025-03-28T06:30:00-07:00,61,65,2.6
2025-03-28T07:00:00-07:00,59,65,3.2
2025-03-28T07:30:00-07:00,58,65,3.7
2025-03-28T08:00:00-07:00,57,66,3.6
2025-03-28T08:30:00-07:00,58,66,2.9
2025-03-28T09:00:00-07:00,55,66,2.3
2025-03-28T09:30:00-07:00,54,66,1.7
2025-03-28T10:00:00-07:00,52,67,1.2
2025-03-28T10:30:00-07:00,48,70,1.2
2025-03-28T11:00:00-07:00,45,70,0.8
2025-03-28T11:30:00-07:00,43,71,1
2025-03-28T12:00:00-07:00,41,71,0.8
2025-03-28T12:30:00-07:00,40,71,0.8
2025-03-28T13:00:00-07:00,40,70,0.8
2025-03-28T13:30:00-07:00,40,70,1.5
2025-03-28T14:00:00-07:00,36,70,1.1
2025-03-28T14:30:00-07:00,35,71,1
2025-03-28T15:00:00-07:00,33,72,1.1
2025-03-28T15:30:00-07:00,33,72,1.2
2025-03-28T16:00:00-07:00,35,72,1.4
2025-03-28T16:30:00-07:00,37,70,1.4
2025-03-28T17:00:00-07:00,43,67,2.5
2025-03-28T17:30:00-07:00,46,66,1.2
2025-03-28T18:00:00-07:00,43,67,0.8
2025-03-28T18:30:00-07:00,44,66,1.3
2025-03-28T19:00:00-07:00,46,64,1.1
2025-03-28T19:30:00-07:00,48,63,1.8
2025-03-28T20:00:00-07:00,49,62,1.6
2025-03-28T20:30:00-07:00,50,63,1.7
2025-03-28T21:00:00-07:00,51,63,1.7
2025-03-28T21:30:00-07:00,52,63,1.7
2025-03-28T22:00:00-07:00,53,63,1.5
2025-03-28T22:30:00-07:00,52,62,3.3
2025-03-28T23:00:00-07:00,53,61,1.8
2025-03-28T23:30:00-07:00,57,62,3.3
2025-03-29T00:00:00-07:00,58,61,1.9
2025-03-29T00:30:00-07:00,57,60,1.6
2025-03-29T01:00:00-07:00,59,59,1.7
2025-03-29T01:30:00-07:00,60,58,2.5
2025-03-29T02:00:00-07:00,59,59,2.1
2025-03-29T02:30:00-07:00,60,59,2.2
2025-03-29T03:00:00-07:00,61,58,2.1
2025-03-29T03:30:00-07:00,60,58,2.4
2025-03-29T04:00:00-07:00,59,59,1.8
2025-03-29T04:30:00-07:00,59,58,1.9
2025-03-29T05:00:00-07:00,60,57,3.4
2025-03-29T05:30:00-07:00,62,55,2.7
2025-03-29T06:00:00-07:00,62,54,2.5
2025-03-29T06:30:00-07:00,63,54,2.8
2025-03-29T07:00:00-07:00,64,53,3.3
2025-03-29T07:30:00-07:00,64,55,2.5
2025-03-29T08:00:00-07:00,62,57,2.7
2025-03-29T08:30:00-07:00,57,61,2
2025-03-29T09:00:00-07:00,51,64,1.7
2025-03-29T09:30:00-07:00,45,67,3.6
2025-03-29T10:00:00-07:00,41,68,1.1
2025-03-29T10:30:00-07:00,41,67,1.5
2025-03-29T11:00:00-07:00,38,69,1.4
2025-03-29T11:30:00-07:00,38,71,1
2025-03-29T12:00:00-07:00,38,72,1
2025-03-29T12:30:00-07:00,36,72,0.8
2025-03-29T13:00:00-07:00,33,73,0.6
2025-03-29T13:30:00-07:00,31,74,0.6
2025-03-29T14:00:00-07:00,29,75,0.5
2025-03-29T14:30:00-07:00,29,76,2
2025-03-29T15:00:00-07:00,31,74,1.4
2025-03-29T15:30:00-07:00,35,71,0.8
2025-03-29T16:00:00-07:00,37,70,1.7
2025-03-29T16:30:00-07:00,39,68,1.1
2025-03-29T17:00:00-07:00,40,67,1.2
2025-03-29T17:30:00-07:00,43,66,1.1
2025-03-29T18:00:00-07:00,44,64,1.1
2025-03-29T18:30:00-07:00,44,64,1.2
2025-03-29T19:00:00-07:00,44,63,1.1
2025-03-29T19:30:00-07:00,45,63,1.1
2025-03-29T20:00:00-07:00,45,62,1.3
2025-03-29T20:30:00-07:00,46,62,1.3
2025-03-29T21:00:00-07:00,44,63,1.7
2025-03-29T21:30:00-07:00,45,63,2.6
2025-03-29T22:00:00-07:00,46,63,1.9
2025-03-29T22:30:00-07:00,46,62,2.3
2025-03-29T23:00:00-07:00,46,63,2.3
2025-03-29T23:30:00-07:00,46,63,2.2
2025-03-30T00:00:00-07:00,47,62,2.7
2025-03-30T00:30:00-07:00,44,62,2.3
2025-03-30T01:00:00-07:00,38,62,0.9
2025-03-30T01:30:00-07:00,43,62,0.6
2025-03-30T02:00:00-07:00,51,60,1.6
2025-03-30T02:30:00-07:00,51,60,1.4
2025-03-30T03:00:00-07:00,50,60,2.6
2025-03-30T03:30:00-07:00,48,60,2.6
2025-03-30T04:00:00-07:00,49,59,1.8
2025-03-30T04:30:00-07:00,48,60,2.5
2025-03-30T05:00:00-07:00,47,60,1.7
2025-03-30T05:30:00-07:00,46,61,2.1
2025-03-30T06:00:00-07:00,46,61,2.7
2025-03-30T06:30:00-07:00,48,60,3.4
2025-03-30T07:00:00-07:00,47,61,3.3
2025-03-30T07:30:00-07:00,48,61,4.1
2025-03-30T08:00:00-07:00,51,62,1.9
2025-03-30T08:30:00-07:00,52,64,0.9
2025-03-30T09:00:00-07:00,49,67,0.7
2025-03-30T09:30:00-07:00,46,70,0.1
2025-03-30T10:00:00-07:00,43,73,0
2025-03-30T10:30:00-07:00,42,73,0
2025-03-30T11:00:00-07:00,43,73,0
2025-03-30T11:30:00-07:00,43,74,0
2025-03-30T12:00:00-07:00,45,73,0.2
2025-03-30T12:30:00-07:00,44,74,0.3
2025-03-30T13:00:00-07:00,42,76,2.5
2025-03-30T13:30:00-07:00,41,77,6.3
2025-03-30T14:00:00-07:00,39,79,1.1
2025-03-30T14:30:00-07:00,38,79,1
2025-03-30T15:00:00-07:00,36,80,0.9
2025-03-30T15:30:00-07:00,35,81,0.7
2025-03-30T16:00:00-07:00,33,82,0.8
2025-03-30T16:30:00-07:00,32,82,0.7
2025-03-30T17:00:00-07:00,32,82,1
2025-03-30T17:30:00-07:00,33,80,1
2025-03-30T18:00:00-07:00,35,79,1.3
2025-03-30T18:30:00-07:00,39,75,3.4
2025-03-30T19:00:00-07:00,42,73,1.2
2025-03-30T19:30:00-07:00,46,70,1.2
2025-03-30T20:00:00-07:00,50,70,2.3
2025-03-30T20:30:00-07:00,51,70,3.6
2025-03-30T21:00:00-07:00,51,70,4.1
2025-03-30T21:30:00-07:00,52,70,3.3
2025-03-30T22:00:00-07:00,54,69,1.2
2025-03-30T22:30:00-07:00,54,69,1.9
2025-03-30T23:00:00-07:00,54,69,2.1
2025-03-30T23:30:00-07:00,54,67,1.2
2025-03-31T00:00:00-07:00,56,67,1
2025-03-31T00:30:00-07:00,56,67,1.1
2025-03-31T01:00:00-07:00,56,68,1
2025-03-31T01:30:00-07:00,56,68,1.7
2025-03-31T02:00:00-07:00,57,68,3.5
2025-03-31T02:30:00-07:00,60,67,1.4
2025-03-31T03:00:00-07:00,59,66,1.7
2025-03-31T03:30:00-07:00,56,66,1.1
2025-03-31T04:00:00-07:00,59,65,0.7
2025-03-31T04:30:00-07:00,66,63,0.3
2025-03-31T05:00:00-07:00,67,63,0
2025-03-31T05:30:00-07:00,66,64,0
2025-03-31T06:00:00-07:00,66,65,0
2025-03-31T06:30:00-07:00,65,65,0.1
2025-03-31T07:00:00-07:00,64,65,0.7
2025-03-31T07:30:00-07:00,62,65,2
2025-03-31T08:00:00-07:00,62,65,2.1
2025-03-31T08:30:00-07:00,60,65,2.4
2025-03-31T09:00:00-07:00,59,66,2.3
2025-03-31T09:30:00-07:00,58,64,2.1
2025-03-31T10:00:00-07:00,56,65,1.9
2025-03-31T10:30:00-07:00,56,66,1.8
2025-03-31T11:00:00-07:00,59,65,2.1
2025-03-31T11:30:00-07:00,58,66,2.2
2025-03-31T12:00:00-07:00,48,68,2.4
2025-03-31T12:30:00-07:00,40,70,1.7
2025-03-31T13:00:00-07:00,37,70,1.4
2025-03-31T13:30:00-07:00,38,70,1.1
2025-03-31T14:00:00-07:00,35,71,0.9
2025-03-31T14:30:00-07:00,33,73,1.2
2025-03-31T15:00:00-07:00,34,73,1.2
2025-03-31T15:30:00-07:00,34,73,1.2
2025-03-31T16:00:00-07:00,34,71,1.2
2025-03-31T16:30:00-07:00,49,65,1.7
2025-03-31T17:00:00-07:00,53,64,1
2025-03-31T17:30:00-07:00,48,67,1
2025-03-31T18:00:00-07:00,48,64,1.2
2025-03-31T18:30:00-07:00,52,62,1.5
2025-03-31T19:00:00-07:00,54,62,2.4
2025-03-31T19:30:00-07:00,56,62,2.7
2025-03-31T20:00:00-07:00,58,59,0.9
2025-03-31T20:30:00-07:00,61,58,1
2025-03-31T21:00:00-07:00,62,58,1.7
2025-03-31T21:30:00-07:00,61,57,8.7
2025-03-31T22:00:00-07:00,62,57,6.6
2025-03-31T22:30:00-07:00,62,57,1.9
2025-03-31T23:00:00-07:00,63,57,1.7
2025-03-31T23:30:00-07:00,63,58,2.7
2025-04-01T00:00:00-07:00,61,59,1.2
2025-04-01T00:30:00-07:00,62,58,2.1
2025-04-01T01:00:00-07:00,63,57,2.1
2025-04-01T01:30:00-07:00,64,57,1.3
2025-04-01T02:00:00-07:00,64,57,2.1
2025-04-01T02:30:00-07:00,63,57,1.8
2025-04-01T03:00:00-07:00,61,58,1.6
2025-04-01T03:30:00-07:00,62,58,10.5
2025-04-01T04:00:00-07:00,63,58,8.5
2025-04-01T04:30:00-07:00,64,58,8.5
2025-04-01T05:00:00-07:00,65,58,17.4
2025-04-01T05:30:00-07:00,64,58,14.4
2025-04-01T06:00:00-07:00,65,58,28.6
2025-04-01T06:30:00-07:00,66,57,14.9
2025-04-01T07:00:00-07:00,66,58,60.8
2025-04-01T07:30:00-07:00,66,58,29.3
2025-04-01T08:00:00-07:00,67,58,35.4
2025-04-01T08:30:00-07:00,66,60,4.2
2025-04-01T09:00:00-07:00,63,61,3.2
2025-04-01T09:30:00-07:00,63,61,2.7
2025-04-01T10:00:00-07:00,60,62,3.1
2025-04-01T10:30:00-07:00,58,63,2.8
2025-04-01T11:00:00-07:00,62,60,2.5
2025-04-01T11:30:00-07:00,62,63,3.9
2025-04-01T12:00:00-07:00,56,66,4.6
2025-04-01T12:30:00-07:00,49,67,4.1
2025-04-01T13:00:00-07:00,47,67,3.1
2025-04-01T13:30:00-07:00,45,67,2.1
2025-04-01T14:00:00-07:00,46,66,2
2025-04-01T14:30:00-07:00,45,68,2.7
2025-04-01T15:00:00-07:00,45,65,1.1
2025-04-01T15:30:00-07:00,44,67,2.4
2025-04-01T16:00:00-07:00,44,66,1.9
2025-04-01T16:30:00-07:00,41,68,2.9
2025-04-01T17:00:00-07:00,44,65,2.5
2025-04-01T17:30:00-07:00,46,65,2.5
2025-04-01T18:00:00-07:00,55,62,3
2025-04-01T18:30:00-07:00,59,60,1.8
2025-04-01T19:00:00-07:00,59,59,1.1
2025-04-01T19:30:00-07:00,61,59,1.5
2025-04-01T20:00:00-07:00,60,59,3.9
2025-04-01T20:30:00-07:00,58,58,1.9
2025-04-01T21:00:00-07:00,57,59,2.4
2025-04-01T21:30:00-07:00,58,59,1.5
2025-04-01T22:00:00-07:00,58,59,1.1
2025-04-01T22:30:00-07:00,57,59,2.3
2025-04-01T23:00:00-07:00,55,59,0.9
2025-04-01T23:30:00-07:00,55,59,0.9
2025-04-02T00:00:00-07:00,54,59,0.8
2025-04-02T00:30:00-07:00,54,59,0.7
2025-04-02T01:00:00-07:00,53,60,0.7
2025-04-02T01:30:00-07:00,52,59,7.3
2025-04-02T02:00:00-07:00,54,58,13.2
2025-04-02T02:30:00-07:00,56,56,0.7
2025-04-02T03:00:00-07:00,58,55,0.9
2025-04-02T03:30:00-07:00,60,54,0.8
2025-04-02T04:00:00-07:00,60,53,0.7
2025-04-02T04:30:00-07:00,61,52,1.3
2025-04-02T05:00:00-07:00,62,51,1.1
2025-04-02T05:30:00-07:00,62,51,2.5
2025-04-02T06:00:00-07:00,63,51,1.6
2025-04-02T06:30:00-07:00,63,50,0.7
2025-04-02T07:00:00-07:00,62,50,2.8
2025-04-02T07:30:00-07:00,62,51,2.1
2025-04-02T08:00:00-07:00,61,54,1.9
2025-04-02T08:30:00-07:00,55,58,2.1
2025-04-02T09:00:00-07:00,47,63,1.1
2025-04-02T09:30:00-07:00,42,65,1.8
2025-04-02T10:00:00-07:00,41,66,1.7
2025-04-02T10:30:00-07:00,40,66,1.6
2025-04-02T11:00:00-07:00,39,68,0.8
2025-04-02T11:30:00-07:00,38,68,1
2025-04-02T12:00:00-07:00,38,69,1.5
2025-04-02T12:30:00-07:00,36,69,7.7
2025-04-02T13:00:00-07:00,34,70,1.1
2025-04-02T13:30:00-07:00,32,71,0.8
2025-04-02T14:00:00-07:00,32,71,1
2025-04-02T14:30:00-07:00,34,71,1.1
2025-04-02T15:00:00-07:00,36,72,1.4
2025-04-02T15:30:00-07:00,37,71,1.5
2025-04-02T16:00:00-07:00,37,70,1.3
2025-04-02T16:30:00-07:00,38,70,1.7
2025-04-02T17:00:00-07:00,39,68,2.6
2025-04-02T17:30:00-07:00,40,68,1.9
2025-04-02T18:00:00-07:00,42,66,1.9
2025-04-02T18:30:00-07:00,45,64,2
2025-04-02T19:00:00-07:00,49,61,3.6
2025-04-02T19:30:00-07:00,52,60,2.2
2025-04-02T20:00:00-07:00,54,59,2.4
2025-04-02T20:30:00-07:00,54,59,2.2
2025-04-02T21:00:00-07:00,54,60,2.5
2025-04-02T21:30:00-07:00,55,60,2.3
2025-04-02T22:00:00-07:00,55,59,2.4
2025-04-02T22:30:00-07:00,56,59,2.7
2025-04-02T23:00:00-07:00,54,60,2.2
2025-04-02T23:30:00-07:00,53,60,2.2
2025-04-03T00:00:00-07:00,53,60,2
2025-04-03T00:30:00-07:00,53,60,2
2025-04-03T01:00:00-07:00,51,61,2.2
2025-04-03T01:30:00-07:00,51,61,2.1
2025-04-03T02:00:00-07:00,51,61,2
2025-04-03T02:30:00-07:00,52,59,2.6
2025-04-03T03:00:00-07:00,54,58,7.4
2025-04-03T03:30:00-07:00,55,57,8.4
2025-04-03T04:00:00-07:00,57,56,5.7
2025-04-03T04:30:00-07:00,58,55,5.8
2025-04-03T05:00:00-07:00,59,54,5.6
2025-04-03T05:30:00-07:00,59,54,5.2
2025-04-03T06:00:00-07:00,60,53,4.6
2025-04-03T06:30:00-07:00,60,53,5.6
2025-04-03T07:00:00-07:00,60,52,6.1
2025-04-03T07:30:00-07:00,61,53,5.7
2025-04-03T08:00:00-07:00,59,56,5.3
2025-04-03T08:30:00-07:00,53,59,4.6
2025-04-03T09:00:00-07:00,46,64,3.5
2025-04-03T09:30:00-07:00,41,67,4.7
2025-04-03T10:00:00-07:00,38,69,2.9
2025-04-03T10:30:00-07:00,37,71,3
2025-04-03T11:00:00-07:00,36,72,2.4
2025-04-03T11:30:00-07:00,35,73,2
2025-04-03T12:00:00-07:00,34,74,2
2025-04-03T12:30:00-07:00,34,75,2.1
2025-04-03T13:00:00-07:00,32,76,1.7
2025-04-03T13:30:00-07:00,30,76,1.1
2025-04-03T14:00:00-07:00,28,76,2.3
2025-04-03T14:30:00-07:00,26,76,0.5
2025-04-03T15:00:00-07:00,29,76,1.7
2025-04-03T15:30:00-07:00,32,76,2.6
2025-04-03T16:00:00-07:00,32,75,1.3
2025-04-03T16:30:00-07:00,34,75,0.9
2025-04-03T17:00:00-07:00,36,73,1
2025-04-03T17:30:00-07:00,38,71,1.4
2025-04-03T18:00:00-07:00,41,69,1.5
2025-04-03T18:30:00-07:00,42,67,1.4
2025-04-03T19:00:00-07:00,45,65,1.5
2025-04-03T19:30:00-07:00,48,64,1.7
2025-04-03T20:00:00-07:00,50,62,1.8
2025-04-03T20:30:00-07:00,53,62,1.9
2025-04-03T21:00:00-07:00,53,62,2.5
2025-04-03T21:30:00-07:00,56,61,2.4
2025-04-03T22:00:00-07:00,58,61,2.6
2025-04-03T22:30:00-07:00,58,60,2.7
2025-04-03T23:00:00-07:00,59,59,3.7
2025-04-03T23:30:00-07:00,61,58,15.9
2025-04-04T00:00:00-07:00,61,57,16.6
2025-04-04T00:30:00-07:00,61,57,10.5
2025-04-04T01:00:00-07:00,63,56,7.5
2025-04-04T01:30:00-07:00,64,56,2.9
2025-04-04T02:00:00-07:00,63,56,2.8
2025-04-04T02:30:00-07:00,63,55,3
2025-04-04T03:00:00-07:00,64,54,3.2
2025-04-04T03:30:00-07:00,63,54,3.1
2025-04-04T04:00:00-07:00,63,54,2.4
2025-04-04T04:30:00-07:00,63,53,2.2
2025-04-04T05:00:00-07:00,62,53,1.9
2025-04-04T05:30:00-07:00,62,52,1.8
2025-04-04T06:00:00-07:00,61,52,1.6
2025-04-04T06:30:00-07:00,62,52,2.1
2025-04-04T07:00:00-07:00,62,52,2.3
2025-04-04T07:30:00-07:00,63,54,5.6
2025-04-04T08:00:00-07:00,59,57,7.1
2025-04-04T08:30:00-07:00,54,61,5.6
2025-04-04T09:00:00-07:00,46,66,7.4
2025-04-04T09:30:00-07:00,42,70,5.7
2025-04-04T10:00:00-07:00,39,72,4.7
2025-04-04T10:30:00-07:00,36,74,3.4
2025-04-04T11:00:00-07:00,36,75,3.2
2025-04-04T11:30:00-07:00,36,76,4.9
2025-04-04T12:00:00-07:00,34,78,10.7
2025-04-04T12:30:00-07:00,32,78,2.6
2025-04-04T13:00:00-07:00,32,79,2.4
2025-04-04T13:30:00-07:00,30,81,2.3
2025-04-04T14:00:00-07:00,30,81,2.4
2025-04-04T14:30:00-07:00,29,81,1.8
2025-04-04T15:00:00-07:00,26,82,1.6
2025-04-04T15:30:00-07:00,25,84,1.2
2025-04-04T16:00:00-07:00,25,84,1.4
2025-04-04T16:30:00-07:00,25,83,1.3
2025-04-04T17:00:00-07:00,28,81,1.3
2025-04-04T17:30:00-07:00,31,77,3.5
2025-04-04T18:00:00-07:00,35,74,1.8
2025-04-04T18:30:00-07:00,40,72,1.9
2025-04-04T19:00:00-07:00,43,68,12.4
2025-04-04T19:30:00-07:00,45,67,5.8
2025-04-04T20:00:00-07:00,46,67,2
2025-04-04T20:30:00-07:00,46,66,2.2
2025-04-04T21:00:00-07:00,47,65,2.2
2025-04-04T21:30:00-07:00,53,65,3
2025-04-04T22:00:00-07:00,56,64,2.8
2025-04-04T22:30:00-07:00,56,63,3
2025-04-04T23:00:00-07:00,58,62,4.9
2025-04-04T23:30:00-07:00,60,61,5.8
2025-04-05T00:00:00-07:00,59,60,5
2025-04-05T00:30:00-07:00,58,59,5.2
2025-04-05T01:00:00-07:00,59,58,10.7
2025-04-05T01:30:00-07:00,59,57,8.4
2025-04-05T02:00:00-07:00,60,57,3.5
2025-04-05T02:30:00-07:00,60,56,3.6
2025-04-05T03:00:00-07:00,60,57,3.8
2025-04-05T03:30:00-07:00,59,57,14.6
2025-04-05T04:00:00-07:00,60,57,17.2
2025-04-05T04:30:00-07:00,60,58,17.5
2025-04-05T05:00:00-07:00,60,57,18.7
2025-04-05T05:30:00-07:00,61,57,17.7
2025-04-05T06:00:00-07:00,62,58,18.7
2025-04-05T06:30:00-07:00,61,57,20.2
2025-04-05T07:00:00-07:00,61,57,15.3
2025-04-05T07:30:00-07:00,61,59,10.7
2025-04-05T08:00:00-07:00,57,62,5.4
2025-04-05T08:30:00-07:00,53,64,5.7
2025-04-05T09:00:00-07:00,43,69,4.3
2025-04-05T09:30:00-07:00,37,73,4.4
2025-04-05T10:00:00-07:00,32,76,4.2
2025-04-05T10:30:00-07:00,29,78,2.9
2025-04-05T11:00:00-07:00,27,78,2.1
2025-04-05T11:30:00-07:00,29,80,2.9
2025-04-05T12:00:00-07:00,29,81,3
2025-04-05T12:30:00-07:00,29,82,2.5
2025-04-05T13:00:00-07:00,27,82,2
2025-04-05T13:30:00-07:00,23,83,1.5
2025-04-05T14:00:00-07:00,25,84,1.5
2025-04-05T14:30:00-07:00,23,84,1.5
2025-04-05T15:00:00-07:00,23,85,1.6
2025-04-05T15:30:00-07:00,23,86,2
2025-04-05T16:00:00-07:00,24,85,2.2
2025-04-05T16:30:00-07:00,24,84,2
2025-04-05T17:00:00-07:00,25,83,2.2
2025-04-05T17:30:00-07:00,24,82,1.9
2025-04-05T18:00:00-07:00,24,79,1.3
2025-04-05T18:30:00-07:00,27,76,3.9
2025-04-05T19:00:00-07:00,39,73,2.6
2025-04-05T19:30:00-07:00,45,70,13.3
2025-04-05T20:00:00-07:00,52,67,12.6
2025-04-05T20:30:00-07:00,56,66,3.2
2025-04-05T21:00:00-07:00,57,66,3.4
2025-04-05T21:30:00-07:00,57,65,3.4
2025-04-05T22:00:00-07:00,60,64,3.5
2025-04-05T22:30:00-07:00,60,63,3.5
2025-04-05T23:00:00-07:00,60,62,4
2025-04-05T23:30:00-07:00,62,61,4.4
2025-04-06T00:00:00-07:00,63,60,4.1
2025-04-06T00:30:00-07:00,63,59,5.8
2025-04-06T01:00:00-07:00,62,59,5.1
2025-04-06T01:30:00-07:00,62,58,4.4
2025-04-06T02:00:00-07:00,62,57,4.7
2025-04-06T02:30:00-07:00,62,57,5.1
2025-04-06T03:00:00-07:00,62,56,4.5
2025-04-06T03:30:00-07:00,62,56,4.6
2025-04-06T04:00:00-07:00,62,55,5
2025-04-06T04:30:00-07:00,63,55,6.6
2025-04-06T05:00:00-07:00,64,54,5
2025-04-06T05:30:00-07:00,64,54,4.8
2025-04-06T06:00:00-07:00,64,54,4.6
2025-04-06T06:30:00-07:00,63,54,4.6
2025-04-06T07:00:00-07:00,63,54,4.4
2025-04-06T07:30:00-07:00,64,56,5.8
2025-04-06T08:00:00-07:00,63,59,10.2
2025-04-06T08:30:00-07:00,56,64,9.3
2025-04-06T09:00:00-07:00,50,69,9.5
2025-04-06T09:30:00-07:00,46,71,9.9
2025-04-06T10:00:00-07:00,41,74,10.5
2025-04-06T10:30:00-07:00,37,76,10.2
2025-04-06T11:00:00-07:00,36,77,9.6
2025-04-06T11:30:00-07:00,35,79,7
2025-04-06T12:00:00-07:00,33,81,5.4
2025-04-06T12:30:00-07:00,30,83,4.2
2025-04-06T13:00:00-07:00,31,82,4
2025-04-06T13:30:00-07:00,27,80,1.9
2025-04-06T14:00:00-07:00,33,79,3
2025-04-06T14:30:00-07:00,28,81,2.3
2025-04-06T15:00:00-07:00,25,83,1.6
2025-04-06T15:30:00-07:00,24,84,1.4
2025-04-06T16:00:00-07:00,23,81,1.1
2025-04-06T16:30:00-07:00,20,80,1
2025-04-06T17:00:00-07:00,19,80,0.7
2025-04-06T18:00:00-07:00,21,76,1.8
2025-04-06T18:30:00-07:00,20,74,0.5
2025-04-06T19:00:00-07:00,22,71,0.6
2025-04-06T19:30:00-07:00,25,70,3.8
2025-04-06T20:00:00-07:00,28,68,9
2025-04-06T20:30:00-07:00,34,67,2.2
2025-04-06T21:00:00-07:00,38,66,2.2
2025-04-06T21:30:00-07:00,42,65,2.6
2025-04-06T22:00:00-07:00,46,65,3.4
2025-04-06T22:30:00-07:00,51,65,2.9
2025-04-06T23:00:00-07:00,52,65,3.2
2025-04-06T23:30:00-07:00,51,66,4.1
2025-04-07T00:00:00-07:00,50,66,4
2025-04-07T00:30:00-07:00,51,66,4.1
2025-04-07T01:00:00-07:00,53,65,4.4
2025-04-07T01:30:00-07:00,55,64,4.5
2025-04-07T02:00:00-07:00,56,63,4.5
2025-04-07T02:30:00-07:00,56,64,4.2
2025-04-07T03:00:00-07:00,53,65,4.1
2025-04-07T03:30:00-07:00,52,66,3.7
2025-04-07T04:00:00-07:00,49,66,4
2025-04-07T04:30:00-07:00,45,67,3.7
2025-04-07T05:00:00-07:00,44,67,4.5
2025-04-07T05:30:00-07:00,44,67,4.3
2025-04-07T06:00:00-07:00,44,67,4.5
2025-04-07T06:30:00-07:00,43,67,5.4
2025-04-07T07:00:00-07:00,43,67,4.4
2025-04-07T07:30:00-07:00,41,68,6.6
2025-04-07T08:00:00-07:00,41,69,13.4
2025-04-07T08:30:00-07:00,41,70,7.2
2025-04-07T09:00:00-07:00,39,71,3.2
2025-04-07T09:30:00-07:00,37,74,2.6
2025-04-07T10:00:00-07:00,37,74,2.2
2025-04-07T10:30:00-07:00,38,77,4.7
2025-04-07T11:00:00-07:00,45,75,7.5
2025-04-07T11:30:00-07:00,47,75,2
2025-04-07T12:00:00-07:00,45,77,15.7
2025-04-07T12:30:00-07:00,46,76,12.8
2025-04-07T13:00:00-07:00,46,76,7.2
2025-04-07T13:30:00-07:00,45,76,10.4
2025-04-07T14:00:00-07:00,43,76,14.3
2025-04-07T14:30:00-07:00,39,76,17.9
2025-04-07T15:00:00-07:00,37,78,1.1
2025-04-07T15:30:00-07:00,37,77,6.4
2025-04-07T16:00:00-07:00,39,76,16.6
2025-04-07T16:30:00-07:00,39,76,4.5
2025-04-07T17:00:00-07:00,38,76,1.4
2025-04-07T17:30:00-07:00,44,73,0.8
2025-04-07T18:00:00-07:00,48,72,0.8
2025-04-07T18:30:00-07:00,53,69,1.2
2025-04-07T19:00:00-07:00,59,66,1.9
2025-04-07T19:30:00-07:00,62,65,0.8
2025-04-07T20:00:00-07:00,61,64,1
2025-04-07T20:30:00-07:00,61,64,1.8
2025-04-07T21:00:00-07:00,61,64,2.1
2025-04-07T21:30:00-07:00,62,64,2.4
2025-04-07T22:00:00-07:00,63,64,2.7
2025-04-07T22:30:00-07:00,63,63,2.7
2025-04-07T23:00:00-07:00,63,63,4.2
2025-04-07T23:30:00-07:00,63,62,4.4
2025-04-08T00:00:00-07:00,64,61,4.4
2025-04-08T00:30:00-07:00,64,61,3.5
2025-04-08T01:00:00-07:00,63,63,3.6
2025-04-08T01:30:00-07:00,62,64,3.7
2025-04-08T02:00:00-07:00,61,65,3.7
2025-04-08T02:30:00-07:00,60,66,3.6
2025-04-08T03:00:00-07:00,60,66,3.3
2025-04-08T03:30:00-07:00,59,66,2.2
2025-04-08T04:00:00-07:00,60,65,2
2025-04-08T04:30:00-07:00,60,65,1.7
2025-04-08T05:00:00-07:00,60,65,1.6
2025-04-08T05:30:00-07:00,60,64,1.5
2025-04-08T06:00:00-07:00,62,63,2
2025-04-08T06:30:00-07:00,62,62,2.4
2025-04-08T07:00:00-07:00,64,61,2.7
2025-04-08T07:30:00-07:00,65,62,2.5
2025-04-08T08:00:00-07:00,62,64,1.7
2025-04-08T08:30:00-07:00,56,68,2.1
2025-04-08T09:00:00-07:00,48,72,1.6
2025-04-08T09:30:00-07:00,44,74,1.7
2025-04-08T10:00:00-07:00,41,75,12
2025-04-08T10:30:00-07:00,39,76,11.4
2025-04-08T11:00:00-07:00,39,76,5.2
2025-04-08T11:30:00-07:00,37,77,4
2025-04-08T12:00:00-07:00,38,77,6.6
2025-04-08T12:30:00-07:00,37,77,4.2
2025-04-08T13:00:00-07:00,36,77,2.1
2025-04-08T13:30:00-07:00,35,78,1.1
2025-04-08T14:00:00-07:00,34,79,1
2025-04-08T14:30:00-07:00,34,80,1
2025-04-08T15:00:00-07:00,34,81,1
2025-04-08T15:30:00-07:00,33,81,1.6
2025-04-08T16:00:00-07:00,35,80,1.8
2025-04-08T16:30:00-07:00,36,78,2.4
2025-04-08T17:00:00-07:00,37,76,5.8
2025-04-08T17:30:00-07:00,38,75,2.6
2025-04-08T18:00:00-07:00,40,73,1.5
2025-04-08T18:30:00-07:00,43,72,1.5
2025-04-08T19:00:00-07:00,48,68,1.8
2025-04-08T19:30:00-07:00,53,66,1.7
2025-04-08T20:00:00-07:00,55,65,2
2025-04-08T20:30:00-07:00,55,65,1.8
2025-04-08T21:00:00-07:00,55,65,1.9
2025-04-08T21:30:00-07:00,55,65,2
2025-04-08T22:00:00-07:00,55,64,2
2025-04-08T22:30:00-07:00,55,63,1.9
2025-04-08T23:00:00-07:00,57,62,2.2
2025-04-08T23:30:00-07:00,57,62,2.5
2025-04-09T00:00:00-07:00,59,61,2.2
2025-04-09T00:30:00-07:00,60,60,2.4
2025-04-09T01:00:00-07:00,61,60,3
2025-04-09T01:30:00-07:00,61,59,3.2
2025-04-09T02:00:00-07:00,62,59,2.7
2025-04-09T02:30:00-07:00,63,59,2.6
2025-04-09T03:00:00-07:00,62,59,3.5
2025-04-09T03:30:00-07:00,61,58,5.5
2025-04-09T04:00:00-07:00,62,57,3.8
2025-04-09T04:30:00-07:00,63,57,2.4
2025-04-09T05:00:00-07:00,63,57,1.9
2025-04-09T05:30:00-07:00,63,57,1.8
2025-04-09T06:00:00-07:00,63,56,1.7
2025-04-09T06:30:00-07:00,63,56,2.3
2025-04-09T07:00:00-07:00,63,57,3.1
2025-04-09T07:30:00-07:00,64,59,3.7
2025-04-09T08:00:00-07:00,60,63,2.7
2025-04-09T08:30:00-07:00,53,67,3.6
2025-04-09T09:00:00-07:00,45,72,2.7
2025-04-09T09:30:00-07:00,40,75,5.7
2025-04-09T10:00:00-07:00,38,77,3.7
2025-04-09T10:30:00-07:00,36,79,3.4
2025-04-09T11:00:00-07:00,35,80,3.2
2025-04-09T11:30:00-07:00,34,82,3
2025-04-09T12:00:00-07:00,34,83,3
2025-04-09T12:30:00-07:00,35,84,3.1
2025-04-09T13:00:00-07:00,35,84,3.9
2025-04-09T13:30:00-07:00,34,86,4.1
2025-04-09T14:00:00-07:00,33,87,5
2025-04-09T14:30:00-07:00,32,87,5.6
2025-04-09T15:00:00-07:00,31,89,6.2
2025-04-09T15:30:00-07:00,31,88,6.7
2025-04-09T16:00:00-07:00,32,88,5.6
2025-04-09T16:30:00-07:00,31,87,4
2025-04-09T17:00:00-07:00,32,86,3.2
2025-04-09T17:30:00-07:00,32,85,2.8
2025-04-09T18:00:00-07:00,33,83,2.7
2025-04-09T18:30:00-07:00,37,81,2.8
2025-04-09T19:00:00-07:00,40,78,2.7
2025-04-09T19:30:00-07:00,44,75,3.2
2025-04-09T20:00:00-07:00,49,73,3.3
2025-04-09T20:30:00-07:00,54,70,4.2
2025-04-09T21:00:00-07:00,58,68,9.7
2025-04-09T21:30:00-07:00,59,68,4.4
2025-04-09T22:00:00-07:00,59,68,4.4
2025-04-09T22:30:00-07:00,60,67,4.2
2025-04-09T23:00:00-07:00,61,66,4.2
2025-04-09T23:30:00-07:00,62,66,4.5
2025-04-10T00:00:00-07:00,61,65,4.3
2025-04-10T00:30:00-07:00,62,65,4.3
2025-04-10T01:00:00-07:00,62,64,4.6
2025-04-10T01:30:00-07:00,64,63,4.7
2025-04-10T02:00:00-07:00,65,63,5.2
2025-04-10T02:30:00-07:00,65,62,5.5
2025-04-10T03:00:00-07:00,64,62,5.7
2025-04-10T03:30:00-07:00,65,61,6.3
2025-04-10T04:00:00-07:00,66,61,5.9
2025-04-10T04:30:00-07:00,66,60,5.6
2025-04-10T05:00:00-07:00,67,60,5.4
2025-04-10T05:30:00-07:00,66,60,5.7
2025-04-10T06:00:00-07:00,67,60,6.5
2025-04-10T06:30:00-07:00,68,61,7.4
2025-04-10T07:00:00-07:00,68,62,10.2
2025-04-10T07:30:00-07:00,68,63,6.6
2025-04-10T08:00:00-07:00,66,64,10.7
2025-04-10T08:30:00-07:00,61,66,8.1
2025-04-10T09:00:00-07:00,56,68,5.1
2025-04-10T09:30:00-07:00,50,72,1.3
2025-04-10T10:00:00-07:00,47,73,1.5
2025-04-10T10:30:00-07:00,43,76,1
2025-04-10T11:00:00-07:00,39,79,0.2
2025-04-10T11:30:00-07:00,37,79,0.4
2025-04-10T12:00:00-07:00,36,80,0.3
2025-04-10T12:30:00-07:00,34,81,0.1
2025-04-10T13:00:00-07:00,33,83,0.1
2025-04-10T13:30:00-07:00,31,84,0
2025-04-10T14:00:00-07:00,33,82,0.1
2025-04-10T14:30:00-07:00,34,81,0.4
2025-04-10T15:00:00-07:00,34,82,0.5
2025-04-10T15:30:00-07:00,35,82,0.7
2025-04-10T16:00:00-07:00,35,82,0.6
2025-04-10T16:30:00-07:00,35,82,0.3
2025-04-10T17:00:00-07:00,36,79,0.2
2025-04-10T17:30:00-07:00,38,77,1.7
2025-04-10T18:00:00-07:00,40,76,9.1
2025-04-10T18:30:00-07:00,44,74,0.4
2025-04-10T19:00:00-07:00,51,71,0.5
2025-04-10T19:30:00-07:00,54,69,1
2025-04-10T20:00:00-07:00,57,68,1.1
2025-04-10T20:30:00-07:00,59,67,0.5
2025-04-10T21:00:00-07:00,61,66,0.7
2025-04-10T21:30:00-07:00,62,66,0.9
2025-04-10T22:00:00-07:00,64,65,1
2025-04-10T22:30:00-07:00,65,65,1.2
2025-04-10T23:00:00-07:00,66,65,1.2
2025-04-10T23:30:00-07:00,65,66,1.1
2025-04-11T00:00:00-07:00,65,65,1.2
2025-04-11T00:30:00-07:00,65,65,1.6
2025-04-11T01:00:00-07:00,65,65,1.5
2025-04-11T01:30:00-07:00,65,64,1.6
2025-04-11T02:00:00-07:00,66,63,1.5
2025-04-11T02:30:00-07:00,66,62,2.4
2025-04-11T03:00:00-07:00,67,62,3
2025-04-11T03:30:00-07:00,66,62,2
2025-04-11T04:00:00-07:00,67,62,1.9
2025-04-11T04:30:00-07:00,67,63,1.5
2025-04-11T05:00:00-07:00,66,63,2
2025-04-11T05:30:00-07:00,65,64,2
2025-04-11T06:00:00-07:00,65,64,2
2025-04-11T06:30:00-07:00,65,63,2
2025-04-11T07:00:00-07:00,66,64,1.9
2025-04-11T07:30:00-07:00,64,65,2.5
2025-04-11T08:00:00-07:00,63,67,4.2
2025-04-11T08:30:00-07:00,62,68,5.4
2025-04-11T09:00:00-07:00,56,71,1.3
2025-04-11T09:30:00-07:00,49,75,1.6
2025-04-11T10:00:00-07:00,45,77,0.6
2025-04-11T10:30:00-07:00,42,80,0.6
2025-04-11T11:00:00-07:00,40,81,0.7
2025-04-11T11:30:00-07:00,40,82,0.5
2025-04-11T12:00:00-07:00,39,82,0.7
2025-04-11T12:30:00-07:00,39,82,0.7
2025-04-11T13:00:00-07:00,39,82,0.6
2025-04-11T13:30:00-07:00,42,80,1.8
2025-04-11T14:00:00-07:00,42,79,2.1
2025-04-11T14:30:00-07:00,40,80,2.4
2025-04-11T15:00:00-07:00,39,80,2.1
2025-04-11T15:30:00-07:00,38,79,2.9
2025-04-11T16:00:00-07:00,41,77,10.3
2025-04-11T16:30:00-07:00,43,75,3.2
2025-04-11T17:00:00-07:00,43,74,3.1
2025-04-11T17:30:00-07:00,43,73,2.9
2025-04-11T18:00:00-07:00,45,71,3.8
2025-04-11T18:30:00-07:00,50,68,9
2025-04-11T19:00:00-07:00,53,66,4.8
2025-04-11T19:30:00-07:00,56,65,2.9
2025-04-11T20:00:00-07:00,57,64,3
2025-04-11T20:30:00-07:00,57,64,3.3
2025-04-11T21:00:00-07:00,57,64,3.3
2025-04-11T21:30:00-07:00,56,64,3.7
2025-04-11T22:00:00-07:00,56,63,3.6
2025-04-11T22:30:00-07:00,57,62,4.4
2025-04-11T23:00:00-07:00,58,62,4.8
2025-04-11T23:30:00-07:00,59,61,5.2
2025-04-12T00:00:00-07:00,61,61,5.8
2025-04-12T00:30:00-07:00,61,60,6
2025-04-12T01:00:00-07:00,61,60,5.6
2025-04-12T01:30:00-07:00,62,59,5.1
2025-04-12T02:00:00-07:00,62,59,5.5
2025-04-12T02:30:00-07:00,61,59,5.8
2025-04-12T03:00:00-07:00,61,60,5.7
2025-04-12T03:30:00-07:00,59,60,5.4
2025-04-12T04:00:00-07:00,59,59,4.4
2025-04-12T04:30:00-07:00,60,58,4.7
2025-04-12T05:00:00-07:00,60,57,4.8
2025-04-12T05:30:00-07:00,62,56,4
2025-04-12T06:00:00-07:00,62,56,4
2025-04-12T06:30:00-07:00,61,56,3.9
2025-04-12T07:00:00-07:00,61,56,4.3
2025-04-12T07:30:00-07:00,60,58,7.7
2025-04-12T08:00:00-07:00,57,60,4.3
2025-04-12T08:30:00-07:00,50,63,3.6
2025-04-12T09:00:00-07:00,44,67,3.5
2025-04-12T09:30:00-07:00,41,69,3
2025-04-12T10:00:00-07:00,38,71,3.7
2025-04-12T10:30:00-07:00,37,72,3.6
2025-04-12T11:00:00-07:00,35,74,3.4
2025-04-12T11:30:00-07:00,33,75,7.3
2025-04-12T12:00:00-07:00,32,77,11.8
2025-04-12T12:30:00-07:00,31,78,3.4
2025-04-12T13:00:00-07:00,32,77,6.1
2025-04-12T13:30:00-07:00,33,77,9.3
2025-04-12T14:00:00-07:00,34,76,7.7
2025-04-12T14:30:00-07:00,34,77,7.3
2025-04-12T15:00:00-07:00,34,76,6.8
2025-04-12T15:30:00-07:00,32,77,8.1
2025-04-12T16:00:00-07:00,32,77,7.2
2025-04-12T16:30:00-07:00,32,76,8.2
2025-04-12T17:00:00-07:00,32,76,6.7
2025-04-12T17:30:00-07:00,33,75,4.4
2025-04-12T18:00:00-07:00,35,73,4.7
2025-04-12T18:30:00-07:00,41,70,6.4
2025-04-12T19:00:00-07:00,45,67,7.4
2025-04-12T19:30:00-07:00,50,65,7.4
2025-04-12T20:00:00-07:00,52,63,7.5
2025-04-12T20:30:00-07:00,55,62,8.4
2025-04-12T21:00:00-07:00,57,61,9.1
2025-04-12T21:30:00-07:00,58,61,9.6
2025-04-12T22:00:00-07:00,59,61,9.5
2025-04-12T22:30:00-07:00,60,60,9.6
2025-04-12T23:00:00-07:00,60,59,9.9
2025-04-12T23:30:00-07:00,61,59,10.3
2025-04-13T00:00:00-07:00,61,58,8.5
2025-04-13T00:30:00-07:00,62,58,15.8
2025-04-13T01:00:00-07:00,61,57,15.8
2025-04-13T01:30:00-07:00,62,57,10.5
2025-04-13T02:00:00-07:00,63,56,9.2
2025-04-13T02:30:00-07:00,62,56,6.1
2025-04-13T03:00:00-07:00,61,55,5.4
2025-04-13T03:30:00-07:00,62,55,5.2
2025-04-13T04:00:00-07:00,62,55,5.5
2025-04-13T04:30:00-07:00,63,54,6.4
2025-04-13T05:00:00-07:00,62,53,11.7
2025-04-13T05:30:00-07:00,63,53,7.2
2025-04-13T06:00:00-07:00,62,53,5.3
2025-04-13T06:30:00-07:00,64,52,5.2
2025-04-13T07:00:00-07:00,64,54,5.9
2025-04-13T07:30:00-07:00,63,56,7.6
2025-04-13T08:00:00-07:00,60,60,9
2025-04-13T08:30:00-07:00,52,65,9.8
2025-04-13T09:00:00-07:00,45,70,8.4
2025-04-13T09:30:00-07:00,41,73,10.1
2025-04-13T10:00:00-07:00,37,76,7.2
2025-04-13T10:30:00-07:00,33,78,6.1
2025-04-13T11:00:00-07:00,32,80,5.9
2025-04-13T11:30:00-07:00,30,80,4.8
2025-04-13T12:00:00-07:00,28,82,4.6
2025-04-13T12:30:00-07:00,27,83,4.9
2025-04-13T13:00:00-07:00,26,84,5.1
2025-04-13T13:30:00-07:00,26,85,5.2
2025-04-13T14:00:00-07:00,25,86,5.5
2025-04-13T14:30:00-07:00,24,87,4.9
2025-04-13T15:00:00-07:00,23,88,5
2025-04-13T15:30:00-07:00,23,90,5.1
2025-04-13T16:00:00-07:00,21,92,5.2
2025-04-13T16:30:00-07:00,21,93,5.2
2025-04-13T17:00:00-07:00,21,91,5.4
2025-04-13T17:30:00-07:00,25,88,5.9
2025-04-13T18:00:00-07:00,27,85,5.5
2025-04-13T18:30:00-07:00,30,80,4.8
2025-04-13T19:00:00-07:00,32,76,9.8
2025-04-13T19:30:00-07:00,32,74,14.7
2025-04-13T20:00:00-07:00,38,73,7.5
2025-04-13T20:30:00-07:00,42,72,4.8
2025-04-13T21:00:00-07:00,43,71,5.5
2025-04-13T21:30:00-07:00,45,69,8.9
2025-04-13T22:00:00-07:00,50,68,14
2025-04-13T22:30:00-07:00,54,66,6.1
2025-04-13T23:00:00-07:00,55,66,8.5
2025-04-13T23:30:00-07:00,55,65,9.1
2025-04-14T00:00:00-07:00,55,64,9.4
2025-04-14T00:30:00-07:00,54,63,6.6
2025-04-14T01:00:00-07:00,55,62,6.3
2025-04-14T01:30:00-07:00,56,62,6.5
2025-04-14T02:00:00-07:00,56,61,6.4
2025-04-14T02:30:00-07:00,57,61,6.3
2025-04-14T03:00:00-07:00,58,60,6.7
2025-04-14T03:30:00-07:00,58,59,6.4
2025-04-14T04:00:00-07:00,59,59,6.3
2025-04-14T04:30:00-07:00,59,58,6.2
2025-04-14T05:00:00-07:00,60,58,7.6
2025-04-14T05:30:00-07:00,60,58,9.9
2025-04-14T06:00:00-07:00,59,57,6
2025-04-14T06:30:00-07:00,60,57,7.6
2025-04-14T07:00:00-07:00,60,58,9.4
2025-04-14T07:30:00-07:00,60,61,9.6
2025-04-14T08:00:00-07:00,54,66,11.1
2025-04-14T08:30:00-07:00,46,71,10.8
2025-04-14T09:00:00-07:00,40,76,11.1
2025-04-14T09:30:00-07:00,37,79,9.6
2025-04-14T10:00:00-07:00,34,81,8.4
2025-04-14T10:30:00-07:00,32,83,9.1
2025-04-14T11:00:00-07:00,30,85,7.3
2025-04-14T11:30:00-07:00,30,86,6.8
2025-04-14T12:00:00-07:00,32,86,7.2
2025-04-14T12:30:00-07:00,27,87,5.6
2025-04-14T13:00:00-07:00,26,88,4.9
2025-04-14T13:30:00-07:00,25,89,4.9
2025-04-14T14:00:00-07:00,23,89,4.7
2025-04-14T14:30:00-07:00,24,89,4.9
2025-04-14T15:00:00-07:00,27,87,5.3
2025-04-14T15:30:00-07:00,30,86,5.3
2025-04-14T16:00:00-07:00,30,85,5.2
2025-04-14T16:30:00-07:00,31,84,5.4
2025-04-14T17:00:00-07:00,34,82,5.9
2025-04-14T17:30:00-07:00,36,79,6.3
2025-04-14T18:00:00-07:00,39,78,7.8
2025-04-14T18:30:00-07:00,43,75,17.6
2025-04-14T19:00:00-07:00,47,72,7.8
2025-04-14T19:30:00-07:00,50,69,12.8
2025-04-14T20:00:00-07:00,53,67,11
2025-04-14T20:30:00-07:00,56,66,7.8
2025-04-14T21:00:00-07:00,57,65,7.9
2025-04-14T21:30:00-07:00,58,65,8.5
2025-04-14T22:00:00-07:00,60,64,9
2025-04-14T22:30:00-07:00,60,63,8.5
2025-04-14T23:00:00-07:00,61,63,8.5
2025-04-14T23:30:00-07:00,61,63,8.8
2025-04-15T00:00:00-07:00,61,63,9
2025-04-15T00:30:00-07:00,60,64,8.5
2025-04-15T01:00:00-07:00,59,65,9
2025-04-15T01:30:00-07:00,58,65,8.9
2025-04-15T02:00:00-07:00,59,66,7.9
2025-04-15T02:30:00-07:00,59,66,7.9
2025-04-15T03:00:00-07:00,59,66,9.8
2025-04-15T03:30:00-07:00,58,66,8.8
2025-04-15T04:00:00-07:00,56,66,9.6
2025-04-15T04:30:00-07:00,57,66,9.6
2025-04-15T05:00:00-07:00,58,65,7
2025-04-15T05:30:00-07:00,58,64,6.5
2025-04-15T06:00:00-07:00,57,65,8.4
2025-04-15T06:30:00-07:00,57,65,8.2
2025-04-15T07:00:00-07:00,57,65,8
2025-04-15T07:30:00-07:00,56,65,6.1
2025-04-15T08:00:00-07:00,55,65,4.9
2025-04-15T08:30:00-07:00,53,67,3.1
2025-04-15T09:00:00-07:00,51,68,3.6
2025-04-15T09:30:00-07:00,50,69,3.7
2025-04-15T10:00:00-07:00,48,70,3.8
2025-04-15T10:30:00-07:00,45,72,3.9
2025-04-15T11:00:00-07:00,42,75,3.6
2025-04-15T11:30:00-07:00,39,77,7.6
2025-04-15T12:00:00-07:00,37,80,3.7
2025-04-15T12:30:00-07:00,36,80,3.3
2025-04-15T13:00:00-07:00,37,80,3.2
2025-04-15T13:30:00-07:00,37,79,4
2025-04-15T14:00:00-07:00,38,78,5.3
2025-04-15T14:30:00-07:00,39,77,6.5
2025-04-15T15:00:00-07:00,38,78,6.4
2025-04-15T15:30:00-07:00,38,78,7.3
2025-04-15T16:00:00-07:00,38,78,6
2025-04-15T16:30:00-07:00,38,76,10.4
2025-04-15T17:00:00-07:00,40,74,5.2
2025-04-15T17:30:00-07:00,41,72,5.1
2025-04-15T18:00:00-07:00,43,71,5.3
2025-04-15T18:30:00-07:00,45,69,10.2
2025-04-15T19:00:00-07:00,47,68,5.3
2025-04-15T19:30:00-07:00,49,67,5.6
2025-04-15T20:00:00-07:00,50,66,5.8
2025-04-15T20:30:00-07:00,50,65,5.7
2025-04-15T21:00:00-07:00,51,65,5.8
2025-04-15T21:30:00-07:00,52,64,5.7
2025-04-15T22:00:00-07:00,53,64,6
2025-04-15T22:30:00-07:00,55,64,6
2025-04-15T23:00:00-07:00,56,64,6
2025-04-15T23:30:00-07:00,56,64,6.1
2025-04-16T00:00:00-07:00,57,63,6.1
2025-04-16T00:30:00-07:00,58,63,6.1
2025-04-16T01:00:00-07:00,58,63,6
2025-04-16T01:30:00-07:00,57,64,6.3
2025-04-16T02:00:00-07:00,58,63,6.2
2025-04-16T02:30:00-07:00,58,62,6.3
2025-04-16T03:00:00-07:00,59,61,6.6
2025-04-16T03:30:00-07:00,60,60,6.6
2025-04-16T04:00:00-07:00,62,59,6.6
2025-04-16T04:30:00-07:00,62,59,6.8
2025-04-16T05:00:00-07:00,61,59,12.3
2025-04-16T05:30:00-07:00,62,58,13.3
2025-04-16T06:00:00-07:00,63,57,11.5
2025-04-16T06:30:00-07:00,63,57,9.9
2025-04-16T07:00:00-07:00,64,58,10.8
2025-04-16T07:30:00-07:00,64,61,8.7
2025-04-16T08:00:00-07:00,59,63,8.2
2025-04-16T08:30:00-07:00,52,67,8.1
2025-04-16T09:00:00-07:00,44,72,5.4
2025-04-16T09:30:00-07:00,39,75,8.4
2025-04-16T10:00:00-07:00,36,77,4.4
2025-04-16T10:30:00-07:00,37,75,14.4
2025-04-16T11:00:00-07:00,37,76,13.2
2025-04-16T11:30:00-07:00,38,76,10.6
2025-04-16T12:00:00-07:00,37,77,8.3
2025-04-16T12:30:00-07:00,37,77,5.8
2025-04-16T13:00:00-07:00,37,77,5.1
2025-04-16T13:30:00-07:00,38,76,13
2025-04-16T14:00:00-07:00,39,75,4.5
2025-04-16T14:30:00-07:00,40,76,4.7
2025-04-16T15:00:00-07:00,40,76,6.6
2025-04-16T15:30:00-07:00,38,75,4.1
2025-04-16T16:00:00-07:00,39,75,4.2
2025-04-16T16:30:00-07:00,39,74,4.1
2025-04-16T17:00:00-07:00,40,73,4.1
2025-04-16T17:30:00-07:00,43,72,4.9
2025-04-16T18:00:00-07:00,45,70,5
2025-04-16T18:30:00-07:00,46,70,5
2025-04-16T19:00:00-07:00,49,68,6
2025-04-16T19:30:00-07:00,51,67,5.5
2025-04-16T20:00:00-07:00,55,65,5.6
2025-04-16T20:30:00-07:00,55,65,5.5
2025-04-16T21:00:00-07:00,54,65,5.5
2025-04-16T21:30:00-07:00,52,64,5
2025-04-16T22:00:00-07:00,53,64,4.7
2025-04-16T22:30:00-07:00,53,64,4.9
2025-04-16T23:00:00-07:00,55,64,5.3
2025-04-16T23:30:00-07:00,55,63,5.2
2025-04-17T00:00:00-07:00,54,63,4.6
2025-04-17T00:30:00-07:00,54,63,4.6
2025-04-17T01:00:00-07:00,53,63,4.5
2025-04-17T01:30:00-07:00,53,64,4.6
2025-04-17T02:00:00-07:00,52,65,4.5
2025-04-17T02:30:00-07:00,51,65,4.4
2025-04-17T03:00:00-07:00,51,65,4.2
2025-04-17T03:30:00-07:00,52,66,4
2025-04-17T04:00:00-07:00,50,66,3.4
2025-04-17T04:30:00-07:00,49,65,2.8
2025-04-17T05:00:00-07:00,49,66,3
2025-04-17T05:30:00-07:00,50,66,4.9
2025-04-17T06:00:00-07:00,49,66,4.6
2025-04-17T06:30:00-07:00,49,66,2.2
2025-04-17T07:00:00-07:00,51,66,2.3
2025-04-17T07:30:00-07:00,52,66,1.7
2025-04-17T08:00:00-07:00,56,65,1.7
2025-04-17T08:30:00-07:00,57,66,1.9
2025-04-17T09:00:00-07:00,53,68,2
2025-04-17T09:30:00-07:00,51,68,2.2
2025-04-17T10:00:00-07:00,49,69,2.4
2025-04-17T10:30:00-07:00,46,72,1.5
2025-04-17T11:00:00-07:00,43,73,2
2025-04-17T11:30:00-07:00,42,73,2
2025-04-17T12:00:00-07:00,47,71,1.4
2025-04-17T12:30:00-07:00,48,70,1.7
2025-04-17T13:00:00-07:00,49,70,1.6
2025-04-17T13:30:00-07:00,49,70,1.6
2025-04-17T14:00:00-07:00,49,70,2.4
2025-04-17T14:30:00-07:00,47,71,3.3
2025-04-17T15:00:00-07:00,47,71,4
2025-04-17T15:30:00-07:00,46,72,3.7
2025-04-17T16:00:00-07:00,43,73,2.8
2025-04-17T16:30:00-07:00,41,75,2.5
2025-04-17T17:00:00-07:00,39,77,3.6
2025-04-17T17:30:00-07:00,39,75,3.1
2025-04-17T18:00:00-07:00,40,74,2.8
2025-04-17T18:30:00-07:00,43,71,2.9
2025-04-17T19:00:00-07:00,46,69,5.3
2025-04-17T19:30:00-07:00,49,67,4
2025-04-17T20:00:00-07:00,53,65,4.5
2025-04-17T20:30:00-07:00,55,64,4.6
2025-04-17T21:00:00-07:00,58,63,5.1
2025-04-17T21:30:00-07:00,59,62,5.4
2025-04-17T22:00:00-07:00,60,62,5.7
2025-04-17T22:30:00-07:00,61,62,5.8
2025-04-17T23:00:00-07:00,62,61,5.9
2025-04-17T23:30:00-07:00,62,61,5.8
2025-04-18T00:00:00-07:00,61,62,4.5
2025-04-18T00:30:00-07:00,60,63,4
2025-04-18T01:00:00-07:00,59,63,3.5
2025-04-18T01:30:00-07:00,59,63,3.2
2025-04-18T02:00:00-07:00,59,64,3.1
2025-04-18T02:30:00-07:00,58,64,3.2
2025-04-18T03:00:00-07:00,57,64,3.1
2025-04-18T03:30:00-07:00,56,64,3
2025-04-18T04:00:00-07:00,55,64,2.5
2025-04-18T04:30:00-07:00,55,65,1.8
2025-04-18T05:00:00-07:00,54,65,1.4
2025-04-18T05:30:00-07:00,56,64,2.9
2025-04-18T06:00:00-07:00,56,63,3.2
2025-04-18T06:30:00-07:00,56,64,3.4
2025-04-18T07:00:00-07:00,56,64,4.1
2025-04-18T07:30:00-07:00,56,64,3.5
2025-04-18T08:00:00-07:00,55,64,4
2025-04-18T08:30:00-07:00,54,65,4.6
2025-04-18T09:00:00-07:00,53,66,5.2
2025-04-18T09:30:00-07:00,52,66,5.7
2025-04-18T10:00:00-07:00,52,67,5.6
2025-04-18T10:30:00-07:00,50,69,6.7
2025-04-18T11:00:00-07:00,47,71,7.8
2025-04-18T11:30:00-07:00,45,73,7.4
2025-04-18T12:00:00-07:00,44,74,7.4
2025-04-18T12:30:00-07:00,42,75,8
2025-04-18T13:00:00-07:00,41,77,13.6
2025-04-18T13:30:00-07:00,39,79,9.4
2025-04-18T14:00:00-07:00,38,79,7.5
2025-04-18T14:30:00-07:00,38,80,7.5
2025-04-18T15:00:00-07:00,36,81,7.6
2025-04-18T15:30:00-07:00,36,81,6.6
2025-04-18T16:00:00-07:00,36,81,6
2025-04-18T16:30:00-07:00,39,79,6.4
2025-04-18T17:00:00-07:00,40,77,17.4
2025-04-18T17:30:00-07:00,41,75,14.9
2025-04-18T18:00:00-07:00,42,75,16.1
2025-04-18T18:30:00-07:00,47,71,8.3
2025-04-18T19:00:00-07:00,52,68,7.5
2025-04-18T19:30:00-07:00,56,65,6.1
2025-04-18T20:00:00-07:00,58,65,6.1
2025-04-18T20:30:00-07:00,60,64,7.3
2025-04-18T21:00:00-07:00,61,64,7.7
2025-04-18T21:30:00-07:00,62,63,8.2
2025-04-18T22:00:00-07:00,62,63,8.1
2025-04-18T22:30:00-07:00,62,63,8.3
2025-04-18T23:00:00-07:00,61,62,8.4
2025-04-18T23:30:00-07:00,62,61,8.6
2025-04-19T00:00:00-07:00,64,60,10.6
2025-04-19T00:30:00-07:00,64,60,10.9
2025-04-19T01:00:00-07:00,63,59,9.9
2025-04-19T01:30:00-07:00,63,59,9
2025-04-19T02:00:00-07:00,63,58,8.4
2025-04-19T02:30:00-07:00,63,57,7.9
2025-04-19T03:00:00-07:00,63,57,8
2025-04-19T03:30:00-07:00,64,59,9.1
2025-04-19T04:00:00-07:00,63,61,8.5
2025-04-19T04:30:00-07:00,62,62,9.2
2025-04-19T05:00:00-07:00,61,63,8.5
2025-04-19T05:30:00-07:00,60,64,9.5
2025-04-19T06:00:00-07:00,60,64,11.2
2025-04-19T06:30:00-07:00,60,63,10.7
2025-04-19T07:00:00-07:00,59,64,14.6
2025-04-19T07:30:00-07:00,58,64,10.6
2025-04-19T08:00:00-07:00,58,65,15.8
2025-04-19T08:30:00-07:00,55,66,12
2025-04-19T09:00:00-07:00,54,67,15.8
2025-04-19T09:30:00-07:00,52,68,18.4
2025-04-19T10:00:00-07:00,48,70,20.4
2025-04-19T10:30:00-07:00,44,74,17.4
2025-04-19T11:00:00-07:00,43,74,18.2
2025-04-19T11:30:00-07:00,41,75,19.9
2025-04-19T12:00:00-07:00,40,77,19.6
2025-04-19T12:30:00-07:00,38,79,14.1
2025-04-19T13:00:00-07:00,38,80,14.2
2025-04-19T13:30:00-07:00,36,80,9.1
2025-04-19T14:00:00-07:00,36,80,8.3
2025-04-19T14:30:00-07:00,35,80,7.6
2025-04-19T15:00:00-07:00,35,81,6.3
2025-04-19T15:30:00-07:00,35,81,5.8
2025-04-19T16:00:00-07:00,37,80,6
2025-04-19T16:30:00-07:00,38,79,6.1
2025-04-19T17:00:00-07:00,40,77,16.4
2025-04-19T17:30:00-07:00,42,75,5.3
2025-04-19T18:00:00-07:00,43,73,5.5
2025-04-19T18:30:00-07:00,48,69,6.8
2025-04-19T19:00:00-07:00,51,66,5.5
2025-04-19T19:30:00-07:00,55,64,5.8
2025-04-19T20:00:00-07:00,57,63,6.9
2025-04-19T20:30:00-07:00,58,62,7.4
2025-04-19T21:00:00-07:00,59,62,7.6
2025-04-19T21:30:00-07:00,59,62,7.1
2025-04-19T22:00:00-07:00,60,62,7
2025-04-19T22:30:00-07:00,61,61,6.6
2025-04-19T23:00:00-07:00,61,61,6.9
2025-04-19T23:30:00-07:00,60,62,6.5
2025-04-20T00:00:00-07:00,59,63,5.8
2025-04-20T00:30:00-07:00,58,63,5.6
2025-04-20T01:00:00-07:00,57,63,5.4
2025-04-20T01:30:00-07:00,57,64,6.2
2025-04-20T02:00:00-07:00,56,65,7.4
2025-04-20T02:30:00-07:00,56,65,7.8
2025-04-20T03:00:00-07:00,57,64,8.1
2025-04-20T03:30:00-07:00,56,65,10.3
2025-04-20T04:00:00-07:00,57,65,13
2025-04-20T04:30:00-07:00,57,64,13.7
2025-04-20T05:00:00-07:00,57,64,18.5
2025-04-20T05:30:00-07:00,57,64,19
2025-04-20T06:00:00-07:00,57,64,11.5
2025-04-20T06:30:00-07:00,57,64,15.2
2025-04-20T07:00:00-07:00,56,65,15.3
2025-04-20T07:30:00-07:00,55,65,16
2025-04-20T08:00:00-07:00,54,66,15.6
2025-04-20T08:30:00-07:00,51,68,16.3
2025-04-20T09:00:00-07:00,49,69,17.8
2025-04-20T09:30:00-07:00,46,71,17
2025-04-20T10:00:00-07:00,41,75,16.7
2025-04-20T10:30:00-07:00,39,77,12.9
2025-04-20T11:00:00-07:00,37,78,10.1
2025-04-20T11:30:00-07:00,36,79,8.3
2025-04-20T12:00:00-07:00,38,79,8.1
2025-04-20T12:30:00-07:00,37,80,8.1
2025-04-20T13:00:00-07:00,34,82,7.5
2025-04-20T13:30:00-07:00,33,82,7.4
2025-04-20T14:00:00-07:00,34,83,7.8
2025-04-20T14:30:00-07:00,34,84,7.4
2025-04-20T15:00:00-07:00,33,85,7.9
2025-04-20T15:30:00-07:00,32,85,6.7
2025-04-20T16:00:00-07:00,33,84,6.4
2025-04-20T16:30:00-07:00,31,84,5.1
2025-04-20T17:00:00-07:00,31,83,4.2
2025-04-20T17:30:00-07:00,32,82,3.7
2025-04-20T18:00:00-07:00,34,80,4
2025-04-20T18:30:00-07:00,39,76,8.1
2025-04-20T19:00:00-07:00,44,72,5
2025-04-20T19:30:00-07:00,48,69,8
2025-04-20T20:00:00-07:00,51,67,7.2
2025-04-20T20:30:00-07:00,54,66,7.1
2025-04-20T21:00:00-07:00,56,65,7.5
2025-04-20T21:30:00-07:00,58,64,8
2025-04-20T22:00:00-07:00,60,63,8.5
2025-04-20T22:30:00-07:00,60,63,7.9
2025-04-20T23:00:00-07:00,61,62,8.8
2025-04-20T23:30:00-07:00,61,62,8.4
2025-04-21T00:00:00-07:00,60,61,7.8
2025-04-21T00:30:00-07:00,61,60,7.7
2025-04-21T01:00:00-07:00,61,59,8.1
2025-04-21T01:30:00-07:00,62,59,8.2
2025-04-21T02:00:00-07:00,62,58,9.4
2025-04-21T02:30:00-07:00,62,58,9.7
2025-04-21T03:00:00-07:00,62,57,8.3
2025-04-21T03:30:00-07:00,63,57,8.4
2025-04-21T04:00:00-07:00,64,56,9
2025-04-21T04:30:00-07:00,62,56,8.4
2025-04-21T05:00:00-07:00,62,56,8.2
2025-04-21T05:30:00-07:00,64,57,8.9
2025-04-21T06:00:00-07:00,64,59,9.7
2025-04-21T06:30:00-07:00,65,60,10.1
2025-04-21T07:00:00-07:00,65,62,15.3
2025-04-21T07:30:00-07:00,63,64,18
2025-04-21T08:00:00-07:00,59,66,17.9
2025-04-21T08:30:00-07:00,55,68,18.1
2025-04-21T09:00:00-07:00,51,70,17.9
2025-04-21T09:30:00-07:00,44,74,17.6
2025-04-21T10:00:00-07:00,41,77,13.8
2025-04-21T10:30:00-07:00,38,80,12.1
2025-04-21T11:00:00-07:00,36,81,10.6
2025-04-21T11:30:00-07:00,35,82,9.5
2025-04-21T12:00:00-07:00,36,83,10.9
2025-04-21T12:30:00-07:00,35,85,11.3
2025-04-21T13:00:00-07:00,35,86,11.6
2025-04-21T13:30:00-07:00,34,86,11.8
2025-04-21T14:00:00-07:00,33,87,10.4
2025-04-21T14:30:00-07:00,31,88,10.1
2025-04-21T15:00:00-07:00,29,89,7.7
2025-04-21T15:30:00-07:00,28,90,6.9
2025-04-21T16:00:00-07:00,28,91,7
2025-04-21T16:30:00-07:00,28,90,6.5
2025-04-21T17:00:00-07:00,29,88,6
2025-04-21T17:30:00-07:00,32,86,7.2
2025-04-21T18:00:00-07:00,36,84,8.5
2025-04-21T18:30:00-07:00,40,80,8.3
2025-04-21T19:00:00-07:00,44,76,9.7
2025-04-21T19:30:00-07:00,49,73,7.3
2025-04-21T20:00:00-07:00,52,71,7.5
2025-04-21T20:30:00-07:00,55,70,13.7
2025-04-21T21:00:00-07:00,55,70,7
2025-04-21T21:30:00-07:00,56,69,8.5
2025-04-21T22:00:00-07:00,57,68,7.1
2025-04-21T22:30:00-07:00,58,66,6.9
2025-04-21T23:00:00-07:00,60,65,7.3
2025-04-21T23:30:00-07:00,60,65,7.3
2025-04-22T00:00:00-07:00,61,64,7
2025-04-22T00:30:00-07:00,62,63,7.5
2025-04-22T01:00:00-07:00,62,62,8
2025-04-22T01:30:00-07:00,63,62,9.3
2025-04-22T02:00:00-07:00,63,61,8.5
2025-04-22T02:30:00-07:00,63,60,8.4
2025-04-22T03:00:00-07:00,63,60,10
2025-04-22T03:30:00-07:00,64,59,9.2
2025-04-22T04:00:00-07:00,63,59,8.7
2025-04-22T04:30:00-07:00,64,58,9.2
2025-04-22T05:00:00-07:00,64,58,10.3
2025-04-22T05:30:00-07:00,65,58,10.6
2025-04-22T06:00:00-07:00,66,59,10.3
2025-04-22T06:30:00-07:00,66,61,10
2025-04-22T07:00:00-07:00,65,62,11
2025-04-22T07:30:00-07:00,62,64,12
2025-04-22T08:00:00-07:00,57,68,13.1
2025-04-22T08:30:00-07:00,49,71,12.7
2025-04-22T09:00:00-07:00,44,75,12.5
2025-04-22T09:30:00-07:00,41,77,10.2
2025-04-22T10:00:00-07:00,38,79,10
2025-04-22T10:30:00-07:00,36,80,9
2025-04-22T11:00:00-07:00,35,82,8.4
2025-04-22T11:30:00-07:00,36,83,9.3
2025-04-22T12:00:00-07:00,36,84,9.5
2025-04-22T12:30:00-07:00,36,84,8.9
2025-04-22T13:00:00-07:00,36,84,9.1
2025-04-22T13:30:00-07:00,37,83,8.5
2025-04-22T14:00:00-07:00,37,83,7.5
2025-04-22T14:30:00-07:00,36,84,6.4
2025-04-22T15:00:00-07:00,35,83,5.3
2025-04-22T15:30:00-07:00,35,84,5.6
2025-04-22T16:00:00-07:00,34,83,5.5
2025-04-22T16:30:00-07:00,36,80,5.6
2025-04-22T17:00:00-07:00,39,78,6.9
2025-04-22T17:30:00-07:00,42,76,15.2
2025-04-22T18:00:00-07:00,43,76,16.1
2025-04-22T18:30:00-07:00,43,74,14.7
2025-04-22T19:00:00-07:00,44,71,6.3
2025-04-22T19:30:00-07:00,46,67,6.7
2025-04-22T20:00:00-07:00,49,65,6.7
2025-04-22T20:30:00-07:00,51,65,6.7
2025-04-22T21:00:00-07:00,54,63,7.1
2025-04-22T21:30:00-07:00,55,63,6.7
2025-04-22T22:00:00-07:00,56,62,8
2025-04-22T22:30:00-07:00,56,62,8.4
2025-04-22T23:00:00-07:00,57,61,7.5
2025-04-22T23:30:00-07:00,58,61,7.5
2025-04-23T00:00:00-07:00,58,60,7.4
2025-04-23T00:30:00-07:00,59,60,7.8
2025-04-23T01:00:00-07:00,60,59,8
2025-04-23T01:30:00-07:00,62,59,8.7
2025-04-23T02:00:00-07:00,62,59,8.6
2025-04-23T02:30:00-07:00,62,59,8.3
2025-04-23T03:00:00-07:00,61,59,8
2025-04-23T03:30:00-07:00,61,59,7.7
2025-04-23T04:00:00-07:00,61,58,7.7
2025-04-23T04:30:00-07:00,62,58,7.9
2025-04-23T05:00:00-07:00,61,59,7.2
2025-04-23T05:30:00-07:00,59,60,7.3
2025-04-23T06:00:00-07:00,59,60,7.2
2025-04-23T06:30:00-07:00,58,60,7.3
2025-04-23T07:00:00-07:00,57,61,6.8
2025-04-23T07:30:00-07:00,57,61,6.7
2025-04-23T08:00:00-07:00,54,62,6.2
2025-04-23T08:30:00-07:00,53,63,5.6
2025-04-23T09:00:00-07:00,50,65,5.4
2025-04-23T09:30:00-07:00,47,66,5.4
2025-04-23T10:00:00-07:00,45,68,5.4
2025-04-23T10:30:00-07:00,42,70,6.2
2025-04-23T11:00:00-07:00,40,72,4.9
2025-04-23T11:30:00-07:00,39,73,4.7
2025-04-23T12:00:00-07:00,38,74,5.1
2025-04-23T12:30:00-07:00,39,73,5.2
2025-04-23T13:00:00-07:00,40,72,5.5
2025-04-23T13:30:00-07:00,39,73,5.3
2025-04-23T14:00:00-07:00,38,73,5.4
2025-04-23T14:30:00-07:00,39,74,5.8
2025-04-23T15:00:00-07:00,39,74,5.9
2025-04-23T15:30:00-07:00,40,73,6
2025-04-23T16:00:00-07:00,40,73,6.2
2025-04-23T16:30:00-07:00,41,72,5.9
2025-04-23T17:00:00-07:00,42,71,6
2025-04-23T17:30:00-07:00,45,69,6.8
2025-04-23T18:00:00-07:00,46,68,6.7
2025-04-23T18:30:00-07:00,48,66,6.5
2025-04-23T19:00:00-07:00,51,64,6.3
2025-04-23T19:30:00-07:00,53,62,6.6
2025-04-23T20:00:00-07:00,54,62,8
2025-04-23T20:30:00-07:00,55,62,8.8
2025-04-23T21:00:00-07:00,54,62,6.7
2025-04-23T21:30:00-07:00,55,62,7.4
2025-04-23T22:00:00-07:00,54,62,7.2
2025-04-23T22:30:00-07:00,53,62,6.4
2025-04-23T23:00:00-07:00,54,62,6.4
2025-04-23T23:30:00-07:00,53,62,6.6
2025-04-24T00:00:00-07:00,52,62,6.7
2025-04-24T00:30:00-07:00,52,62,6.8
2025-04-24T01:00:00-07:00,53,62,7.1
2025-04-24T01:30:00-07:00,53,62,7
2025-04-24T02:00:00-07:00,53,62,7.3
2025-04-24T02:30:00-07:00,53,62,7.3
2025-04-24T03:00:00-07:00,54,62,7.3
2025-04-24T03:30:00-07:00,55,61,7.2
2025-04-24T04:00:00-07:00,55,61,7.1
2025-04-24T04:30:00-07:00,55,61,6.7
2025-04-24T05:00:00-07:00,55,61,6.5
2025-04-24T05:30:00-07:00,55,61,5.9
2025-04-24T06:00:00-07:00,55,61,5.6
2025-04-24T06:30:00-07:00,54,62,5.6
2025-04-24T07:00:00-07:00,54,62,5.1
2025-04-24T07:30:00-07:00,53,62,5.1
2025-04-24T08:00:00-07:00,51,63,4.9
2025-04-24T08:30:00-07:00,51,63,4.9
2025-04-24T09:00:00-07:00,51,63,4.7
2025-04-24T09:30:00-07:00,50,63,5.1
2025-04-24T10:00:00-07:00,51,63,5.3
2025-04-24T10:30:00-07:00,50,64,5.2
2025-04-24T11:00:00-07:00,50,64,5.1
2025-04-24T11:30:00-07:00,47,65,4.8
2025-04-24T12:00:00-07:00,46,66,4.8
2025-04-24T12:30:00-07:00,46,66,4.7
2025-04-24T13:00:00-07:00,46,65,4.7
2025-04-24T13:30:00-07:00,45,66,4.4
2025-04-24T14:00:00-07:00,44,67,4.4
2025-04-24T14:30:00-07:00,44,66,4.1
2025-04-24T15:00:00-07:00,44,67,4
2025-04-24T15:30:00-07:00,44,67,3.9
2025-04-24T16:00:00-07:00,45,66,3.8
2025-04-24T16:30:00-07:00,45,65,3.8
2025-04-24T17:00:00-07:00,44,65,3.4
2025-04-24T17:30:00-07:00,44,65,3
2025-04-24T18:00:00-07:00,45,64,3.2
2025-04-24T18:30:00-07:00,45,64,3.1
2025-04-24T19:00:00-07:00,46,63,3.1
2025-04-24T19:30:00-07:00,47,63,3.2
2025-04-24T20:00:00-07:00,48,63,3.3
2025-04-24T20:30:00-07:00,48,62,3.3
2025-04-24T21:00:00-07:00,49,62,3.7
2025-04-24T21:30:00-07:00,50,62,4.8
2025-04-24T22:00:00-07:00,50,62,3.8
2025-04-24T22:30:00-07:00,50,62,3.5
2025-04-24T23:00:00-07:00,51,62,3.8
2025-04-24T23:30:00-07:00,52,62,3.8
2025-04-25T00:00:00-07:00,52,62,3.4
2025-04-25T00:30:00-07:00,54,62,3.5
2025-04-25T01:00:00-07:00,53,61,4.4
2025-04-25T01:30:00-07:00,50,62,4
2025-04-25T02:00:00-07:00,49,61,3.8
2025-04-25T02:30:00-07:00,51,62,4.2
2025-04-25T03:00:00-07:00,51,62,3.5
2025-04-25T03:30:00-07:00,52,61,3.3
2025-04-25T04:00:00-07:00,52,61,3.4
2025-04-25T04:30:00-07:00,52,62,3.4
2025-04-25T05:00:00-07:00,52,61,3.5
2025-04-25T05:30:00-07:00,53,61,3.8
2025-04-25T06:00:00-07:00,54,61,3.6
2025-04-25T06:30:00-07:00,53,61,3.2
2025-04-25T07:00:00-07:00,52,61,3.2
2025-04-25T07:30:00-07:00,51,62,2.7
2025-04-25T08:00:00-07:00,50,63,2.4
2025-04-25T08:30:00-07:00,48,64,2.2
2025-04-25T09:00:00-07:00,46,65,2.1
2025-04-25T09:30:00-07:00,43,67,1.9
2025-04-25T10:00:00-07:00,40,68,1.9
2025-04-25T10:30:00-07:00,40,67,2.2
2025-04-25T11:00:00-07:00,39,68,2.3
2025-04-25T11:30:00-07:00,36,72,1.6
2025-04-25T12:00:00-07:00,34,73,1.5
2025-04-25T12:30:00-07:00,34,73,1.8
2025-04-25T13:00:00-07:00,34,72,1.5
2025-04-25T13:30:00-07:00,40,69,2
2025-04-25T14:00:00-07:00,42,68,2
2025-04-25T14:30:00-07:00,46,66,1.6
2025-04-25T15:00:00-07:00,44,68,1
2025-04-25T15:30:00-07:00,40,71,1.4
2025-04-25T16:00:00-07:00,39,70,1.2
2025-04-25T16:30:00-07:00,40,69,1.7
2025-04-25T17:00:00-07:00,42,69,4.6
2025-04-25T17:30:00-07:00,44,68,1.5
2025-04-25T18:00:00-07:00,47,66,1.4
2025-04-25T18:30:00-07:00,47,65,1
2025-04-25T19:00:00-07:00,51,63,5.5
2025-04-25T19:30:00-07:00,52,63,17.4
2025-04-25T20:00:00-07:00,52,63,2.2
2025-04-25T20:30:00-07:00,53,63,5.4
2025-04-25T21:00:00-07:00,52,63,10.4
2025-04-25T21:30:00-07:00,50,62,3.4
2025-04-25T22:00:00-07:00,52,61,3.8
2025-04-25T22:30:00-07:00,55,60,2.4
2025-04-25T23:00:00-07:00,56,60,1.9
2025-04-25T23:30:00-07:00,55,60,1.9
2025-04-26T00:00:00-07:00,56,60,1.9
2025-04-26T00:30:00-07:00,57,58,2
2025-04-26T01:00:00-07:00,58,57,7.8
2025-04-26T01:30:00-07:00,59,57,2.1
2025-04-26T02:00:00-07:00,61,57,2.8
2025-04-26T02:30:00-07:00,60,58,4
2025-04-26T03:00:00-07:00,59,58,3.2
2025-04-26T03:30:00-07:00,59,57,3.1
2025-04-26T04:00:00-07:00,59,57,1.4
2025-04-26T04:30:00-07:00,59,56,1.3
2025-04-26T05:00:00-07:00,59,56,1.5
2025-04-26T05:30:00-07:00,60,55,1.6
2025-04-26T06:00:00-07:00,61,55,1.5
2025-04-26T06:30:00-07:00,61,55,1.7
2025-04-26T07:00:00-07:00,61,56,1.9
2025-04-26T07:30:00-07:00,60,58,4.1
2025-04-26T08:00:00-07:00,56,62,3.4
2025-04-26T08:30:00-07:00,53,64,3.2
2025-04-26T09:00:00-07:00,51,65,2.7
2025-04-26T09:30:00-07:00,48,66,2.5
2025-04-26T10:00:00-07:00,44,68,2.4
2025-04-26T10:30:00-07:00,42,69,2.5
2025-04-26T11:00:00-07:00,41,69,2.7
2025-04-26T11:30:00-07:00,39,72,1.7
2025-04-26T12:00:00-07:00,35,75,1.6
2025-04-26T12:30:00-07:00,31,77,12.6
2025-04-26T13:00:00-07:00,34,75,2.6
2025-04-26T13:30:00-07:00,38,72,1.3
2025-04-26T14:00:00-07:00,40,71,1.1
2025-04-26T14:30:00-07:00,39,73,1
2025-04-26T15:00:00-07:00,39,74,1
2025-04-26T15:30:00-07:00,40,72,1
2025-04-26T16:00:00-07:00,40,71,1
2025-04-26T16:30:00-07:00,43,69,1.6
2025-04-26T17:00:00-07:00,48,67,2.9
2025-04-26T17:30:00-07:00,51,65,2.7
2025-04-26T18:00:00-07:00,51,65,2.4
2025-04-26T18:30:00-07:00,51,64,1.9
2025-04-26T19:00:00-07:00,53,64,1.8
2025-04-26T19:30:00-07:00,54,63,1.6
2025-04-26T20:00:00-07:00,54,63,0.9
2025-04-26T20:30:00-07:00,55,63,0.8
2025-04-26T21:00:00-07:00,57,63,0.7
2025-04-26T21:30:00-07:00,57,63,1.3
2025-04-26T22:00:00-07:00,57,62,0.4
2025-04-26T22:30:00-07:00,57,63,0.3
2025-04-26T23:00:00-07:00,58,63,0.9
2025-04-26T23:30:00-07:00,58,63,0.2
2025-04-27T00:00:00-07:00,56,63,0.1
2025-04-27T00:30:00-07:00,56,64,0.2
2025-04-27T01:00:00-07:00,56,64,0.4
2025-04-27T01:30:00-07:00,55,64,0.9
2025-04-27T02:00:00-07:00,54,64,0.7
2025-04-27T02:30:00-07:00,55,64,0.7
2025-04-27T03:00:00-07:00,55,64,0.4
2025-04-27T03:30:00-07:00,56,63,0.4
2025-04-27T04:00:00-07:00,59,63,0.5
2025-04-27T04:30:00-07:00,59,63,0.3
2025-04-27T05:00:00-07:00,57,63,0.5
2025-04-27T05:30:00-07:00,57,63,0.9
2025-04-27T06:00:00-07:00,56,63,1.9
2025-04-27T06:30:00-07:00,56,63,2.4
2025-04-27T07:00:00-07:00,57,63,2.9
2025-04-27T07:30:00-07:00,57,64,2.9
2025-04-27T08:00:00-07:00,58,63,4.4
2025-04-27T08:30:00-07:00,61,63,7.8
2025-04-27T09:00:00-07:00,58,63,7.5
2025-04-27T09:30:00-07:00,55,64,7.4
2025-04-27T10:00:00-07:00,53,65,7.3
2025-04-27T10:30:00-07:00,50,67,6.9
2025-04-27T11:00:00-07:00,49,67,6.5
2025-04-27T11:30:00-07:00,48,68,6.6
2025-04-27T12:00:00-07:00,47,68,7.2
2025-04-27T12:30:00-07:00,45,70,6.3
2025-04-27T13:00:00-07:00,44,70,6
2025-04-27T13:30:00-07:00,43,71,5.8
2025-04-27T14:00:00-07:00,43,70,5.5
2025-04-27T14:30:00-07:00,43,69,6.2
2025-04-27T15:00:00-07:00,43,70,6
2025-04-27T15:30:00-07:00,43,70,5.9
2025-04-27T16:00:00-07:00,43,71,6.1
2025-04-27T16:30:00-07:00,40,73,5.9
2025-04-27T17:00:00-07:00,41,72,5.7
2025-04-27T17:30:00-07:00,42,70,5.3
2025-04-27T18:00:00-07:00,45,70,5.8
2025-04-27T18:30:00-07:00,49,68,6.8
2025-04-27T19:00:00-07:00,51,67,6.9
2025-04-27T19:30:00-07:00,53,65,7
2025-04-27T20:00:00-07:00,56,64,7
2025-04-27T20:30:00-07:00,57,63,7.4
2025-04-27T21:00:00-07:00,58,63,6.9
2025-04-27T21:30:00-07:00,59,62,6.9
2025-04-27T22:00:00-07:00,60,61,7.9
2025-04-27T22:30:00-07:00,60,61,8.3
2025-04-27T23:00:00-07:00,59,60,8
2025-04-27T23:30:00-07:00,61,59,9.5
2025-04-28T00:00:00-07:00,61,58,17.5
2025-04-28T00:30:00-07:00,61,57,15.6
2025-04-28T01:00:00-07:00,61,57,13.8
2025-04-28T01:30:00-07:00,61,56,15.4
2025-04-28T02:00:00-07:00,61,56,21.5
2025-04-28T02:30:00-07:00,62,55,14.4
2025-04-28T03:00:00-07:00,62,55,8.6
2025-04-28T03:30:00-07:00,62,54,8.4
2025-04-28T04:00:00-07:00,62,54,7.8
2025-04-28T04:30:00-07:00,64,54,7.3
2025-04-28T05:00:00-07:00,63,53,6.6
2025-04-28T05:30:00-07:00,63,53,6.4
2025-04-28T06:00:00-07:00,63,53,6.1
2025-04-28T06:30:00-07:00,63,53,5.9
2025-04-28T07:00:00-07:00,65,55,7.2
2025-04-28T07:30:00-07:00,64,59,9.9
2025-04-28T08:00:00-07:00,57,64,12.2
2025-04-28T08:30:00-07:00,49,70,11.1
2025-04-28T09:00:00-07:00,44,72,8.7
2025-04-28T09:30:00-07:00,41,75,11.1
2025-04-28T10:00:00-07:00,39,76,7.1
2025-04-28T10:30:00-07:00,38,78,7.6
2025-04-28T11:00:00-07:00,37,79,6.6
2025-04-28T11:30:00-07:00,36,80,6
2025-04-28T12:00:00-07:00,36,80,5.9
2025-04-28T12:30:00-07:00,35,81,5.5
2025-04-28T13:00:00-07:00,35,81,5.2
2025-04-28T13:30:00-07:00,35,80,5.1
2025-04-28T14:00:00-07:00,35,80,4.5
2025-04-28T14:30:00-07:00,34,81,4.3
2025-04-28T15:00:00-07:00,32,81,3.7
2025-04-28T15:30:00-07:00,33,81,3.8
2025-04-28T16:00:00-07:00,33,81,4.2
2025-04-28T16:30:00-07:00,33,80,4
2025-04-28T17:00:00-07:00,34,79,4.2
2025-04-28T17:30:00-07:00,35,78,4.4
2025-04-28T18:00:00-07:00,38,76,13
2025-04-28T18:30:00-07:00,40,75,14.6
2025-04-28T19:00:00-07:00,43,72,5.2
2025-04-28T19:30:00-07:00,49,68,4.8
2025-04-28T20:00:00-07:00,52,66,5
2025-04-28T20:30:00-07:00,52,65,4.8
2025-04-28T21:00:00-07:00,56,64,4.7
2025-04-28T21:30:00-07:00,58,64,4.9
2025-04-28T22:00:00-07:00,60,63,5.2
2025-04-28T22:30:00-07:00,60,63,4.9
2025-04-28T23:00:00-07:00,60,63,5.1
2025-04-28T23:30:00-07:00,60,62,5.6
2025-04-29T00:00:00-07:00,60,61,6.1
2025-04-29T00:30:00-07:00,60,61,6.5
2025-04-29T01:00:00-07:00,61,60,6.8
2025-04-29T01:30:00-07:00,61,60,5.9
2025-04-29T02:00:00-07:00,61,59,6
2025-04-29T02:30:00-07:00,61,59,6.1
2025-04-29T03:00:00-07:00,61,58,6.2
2025-04-29T03:30:00-07:00,61,58,7.3
2025-04-29T04:00:00-07:00,62,57,7.1
2025-04-29T04:30:00-07:00,62,57,5.3
2025-04-29T05:00:00-07:00,62,57,5.4
2025-04-29T05:30:00-07:00,62,56,5.3
2025-04-29T06:00:00-07:00,62,56,5.1
2025-04-29T06:30:00-07:00,63,57,5.8
2025-04-29T07:00:00-07:00,64,58,7.6
2025-04-29T07:30:00-07:00,63,62,10.8
2025-04-29T08:00:00-07:00,55,67,10.8
2025-04-29T08:30:00-07:00,47,72,10.4
2025-04-29T09:00:00-07:00,42,76,10.9
2025-04-29T09:30:00-07:00,38,79,11.2
2025-04-29T10:00:00-07:00,36,80,10.9
2025-04-29T10:30:00-07:00,35,82,10
2025-04-29T11:00:00-07:00,33,84,8.3
2025-04-29T11:30:00-07:00,35,84,7.5
2025-04-29T12:00:00-07:00,36,85,7.5
2025-04-29T12:30:00-07:00,33,87,7.1
2025-04-29T13:00:00-07:00,31,88,6.3
2025-04-29T13:30:00-07:00,30,89,5.7
2025-04-29T14:00:00-07:00,27,90,4.8
2025-04-29T14:30:00-07:00,26,91,4
2025-04-29T15:00:00-07:00,26,91,5
2025-04-29T15:30:00-07:00,25,91,4.9
2025-04-29T16:00:00-07:00,24,91,4.7
2025-04-29T16:30:00-07:00,26,90,5.2
2025-04-29T17:00:00-07:00,28,89,5.5
2025-04-29T17:30:00-07:00,30,86,5.5
2025-04-29T18:00:00-07:00,32,82,4.8
2025-04-29T18:30:00-07:00,37,78,5.9
2025-04-29T19:00:00-07:00,39,75,6.1
2025-04-29T19:30:00-07:00,45,72,4.9
2025-04-29T20:00:00-07:00,52,69,11.6
2025-04-29T20:30:00-07:00,55,67,6.4
2025-04-29T21:00:00-07:00,55,66,6.5
2025-04-29T21:30:00-07:00,57,65,6.9
2025-04-29T22:00:00-07:00,58,65,7.6
2025-04-29T22:30:00-07:00,58,64,7.9
2025-04-29T23:00:00-07:00,59,64,8.2
2025-04-29T23:30:00-07:00,60,63,8.2
2025-04-30T00:00:00-07:00,60,63,8.3
2025-04-30T00:30:00-07:00,60,63,8.3
2025-04-30T01:00:00-07:00,62,62,9.2
2025-04-30T01:30:00-07:00,62,62,9.7
2025-04-30T02:00:00-07:00,63,62,9.8
2025-04-30T02:30:00-07:00,63,62,8.7
2025-04-30T03:00:00-07:00,63,62,8.4
2025-04-30T03:30:00-07:00,63,61,7.7
2025-04-30T04:00:00-07:00,63,61,7.3
2025-04-30T04:30:00-07:00,62,60,7.6
2025-04-30T05:00:00-07:00,63,60,7.6
2025-04-30T05:30:00-07:00,63,60,7.4
2025-04-30T06:00:00-07:00,63,60,7.8
2025-04-30T06:30:00-07:00,64,63,8.4
2025-04-30T07:00:00-07:00,63,64,9.1
2025-04-30T07:30:00-07:00,60,66,9.5
2025-04-30T08:00:00-07:00,58,68,12.1
2025-04-30T08:30:00-07:00,55,69,14.1
2025-04-30T09:00:00-07:00,47,74,15.9
2025-04-30T09:30:00-07:00,43,76,16.9
2025-04-30T10:00:00-07:00,41,78,16.5
2025-04-30T10:30:00-07:00,38,80,16.4
2025-04-30T11:00:00-07:00,37,82,16.8
2025-04-30T11:30:00-07:00,36,83,16.5
2025-04-30T12:00:00-07:00,35,84,15.6
2025-04-30T12:30:00-07:00,34,86,15
2025-04-30T13:00:00-07:00,34,86,12.2
2025-04-30T13:30:00-07:00,34,87,11.5
2025-04-30T14:00:00-07:00,33,87,8.8
2025-04-30T14:30:00-07:00,32,87,7.3
2025-04-30T15:00:00-07:00,32,88,7.7
2025-04-30T15:30:00-07:00,32,88,7.8
2025-04-30T16:00:00-07:00,33,87,8
2025-04-30T16:30:00-07:00,35,84,8.1
2025-04-30T17:00:00-07:00,36,83,7.8
2025-04-30T17:30:00-07:00,36,82,7.1
2025-04-30T18:00:00-07:00,37,80,7.4
2025-04-30T18:30:00-07:00,40,77,9.7
2025-04-30T19:00:00-07:00,42,74,7.3
2025-04-30T19:30:00-07:00,45,72,7.2
2025-04-30T20:00:00-07:00,47,71,7.9
2025-04-30T20:30:00-07:00,49,70,9.9
2025-04-30T21:00:00-07:00,52,69,11.3
2025-04-30T21:30:00-07:00,54,67,9.9
2025-04-30T22:00:00-07:00,55,66,9.6
2025-04-30T22:30:00-07:00,57,66,9.7
2025-04-30T23:00:00-07:00,58,65,10.3
2025-04-30T23:30:00-07:00,59,65,11.1
2025-05-01T00:00:00-07:00,60,64,10.8
2025-05-01T00:30:00-07:00,61,63,10.5
2025-05-01T01:00:00-07:00,62,63,9.9
2025-05-01T01:30:00-07:00,62,63,9.1
2025-05-01T02:00:00-07:00,63,63,9
2025-05-01T02:30:00-07:00,63,64,9.5
2025-05-01T03:00:00-07:00,62,65,6.9
2025-05-01T03:30:00-07:00,62,65,5.1
2025-05-01T04:00:00-07:00,61,65,5.2
2025-05-01T04:30:00-07:00,60,66,6.6
2025-05-01T05:00:00-07:00,59,66,8.2
2025-05-01T05:30:00-07:00,60,66,11.3
2025-05-01T06:00:00-07:00,60,65,10.4
2025-05-01T06:30:00-07:00,59,66,9.4
2025-05-01T07:00:00-07:00,59,66,10.6
2025-05-01T07:30:00-07:00,58,67,10
2025-05-01T08:00:00-07:00,57,67,11.6
2025-05-01T08:30:00-07:00,55,67,10.8
2025-05-01T09:00:00-07:00,54,69,10.1
2025-05-01T09:30:00-07:00,51,71,11.1
2025-05-01T10:00:00-07:00,46,75,11.9
2025-05-01T10:30:00-07:00,41,78,11.4
2025-05-01T11:00:00-07:00,38,80,9.4
2025-05-01T11:30:00-07:00,36,81,8.7
2025-05-01T12:00:00-07:00,36,83,8
2025-05-01T12:30:00-07:00,36,83,5.5
2025-05-01T13:00:00-07:00,36,83,5.5
2025-05-01T13:30:00-07:00,36,83,5.4
2025-05-01T14:00:00-07:00,36,83,6.6
2025-05-01T14:30:00-07:00,36,83,7.8
2025-05-01T15:00:00-07:00,36,82,7.6
2025-05-01T15:30:00-07:00,36,82,8.1
2025-05-01T16:00:00-07:00,36,81,8
2025-05-01T16:30:00-07:00,35,81,7.8
2025-05-01T17:00:00-07:00,36,80,7.3
2025-05-01T17:30:00-07:00,38,78,7.9
2025-05-01T18:00:00-07:00,41,75,8.5
2025-05-01T18:30:00-07:00,44,72,7
2025-05-01T19:00:00-07:00,49,68,8.4
2025-05-01T19:30:00-07:00,53,65,7
2025-05-01T20:00:00-07:00,57,64,7.4
2025-05-01T20:30:00-07:00,59,63,8.1
2025-05-01T21:00:00-07:00,60,62,9.2
2025-05-01T21:30:00-07:00,59,62,8.7
2025-05-01T22:00:00-07:00,60,62,10.1
2025-05-01T22:30:00-07:00,61,62,10.5
2025-05-01T23:00:00-07:00,62,61,11.3
2025-05-01T23:30:00-07:00,63,61,10.5
2025-05-02T00:00:00-07:00,63,61,11
2025-05-02T00:30:00-07:00,63,61,11.4
2025-05-02T01:00:00-07:00,62,62,11.2
2025-05-02T01:30:00-07:00,61,62,9.4
2025-05-02T02:00:00-07:00,61,62,8.2
2025-05-02T02:30:00-07:00,61,62,8.2
2025-05-02T03:00:00-07:00,62,61,8.8
2025-05-02T03:30:00-07:00,62,62,9.2
2025-05-02T04:00:00-07:00,61,62,9.2
2025-05-02T04:30:00-07:00,59,62,9.1
2025-05-02T05:00:00-07:00,58,62,8.6
2025-05-02T05:30:00-07:00,57,63,8.6
2025-05-02T06:00:00-07:00,57,63,8.3
2025-05-02T06:30:00-07:00,57,63,8
2025-05-02T07:00:00-07:00,56,63,8.2
2025-05-02T07:30:00-07:00,55,64,8.3
2025-05-02T08:00:00-07:00,53,65,7.9
2025-05-02T08:30:00-07:00,49,67,7.7
2025-05-02T09:00:00-07:00,44,70,7.3
2025-05-02T09:30:00-07:00,42,72,7.7
2025-05-02T10:00:00-07:00,39,73,7.4
2025-05-02T10:30:00-07:00,38,74,9.5
2025-05-02T11:00:00-07:00,37,76,20.3
2025-05-02T11:30:00-07:00,37,76,25.7
2025-05-02T12:00:00-07:00,38,75,4.3
2025-05-02T12:30:00-07:00,40,75,2.7
2025-05-02T13:00:00-07:00,42,75,2.4
2025-05-02T13:30:00-07:00,42,75,2.4
2025-05-02T14:00:00-07:00,42,76,2
2025-05-02T14:30:00-07:00,42,76,1
2025-05-02T15:00:00-07:00,41,77,1
2025-05-02T15:30:00-07:00,40,77,1.2
2025-05-02T16:00:00-07:00,40,77,2.7
2025-05-02T16:30:00-07:00,42,75,0.6
2025-05-02T17:00:00-07:00,45,73,1.3
2025-05-02T17:30:00-07:00,46,72,0.9
2025-05-02T18:00:00-07:00,49,69,2.1
2025-05-02T18:30:00-07:00,51,67,1.9
2025-05-02T19:00:00-07:00,53,67,2
2025-05-02T19:30:00-07:00,55,66,2.1
2025-05-02T20:00:00-07:00,56,65,2.1
2025-05-02T20:30:00-07:00,56,64,2.1
2025-05-02T21:00:00-07:00,56,65,2
2025-05-02T21:30:00-07:00,55,65,2.1
2025-05-02T22:00:00-07:00,54,65,1.9
2025-05-02T22:30:00-07:00,55,65,1.8
2025-05-02T23:00:00-07:00,55,65,1.9
2025-05-02T23:30:00-07:00,55,65,1.8
2025-05-03T00:00:00-07:00,56,65,1.9
2025-05-03T00:30:00-07:00,57,64,1.8
2025-05-03T01:00:00-07:00,57,64,1.7
2025-05-03T01:30:00-07:00,57,65,1.7
2025-05-03T02:00:00-07:00,57,65,1.7
2025-05-03T02:30:00-07:00,58,65,1.5
2025-05-03T03:00:00-07:00,59,65,1.5
2025-05-03T03:30:00-07:00,58,65,1.6
2025-05-03T04:00:00-07:00,59,65,1.2
2025-05-03T04:30:00-07:00,60,64,0.8
2025-05-03T05:00:00-07:00,60,64,0.7
2025-05-03T05:30:00-07:00,61,63,0.8
2025-05-03T06:00:00-07:00,61,63,0.9
2025-05-03T06:30:00-07:00,63,63,1.4
2025-05-03T07:00:00-07:00,63,62,1.6
2025-05-03T07:30:00-07:00,61,63,1.5
2025-05-03T08:00:00-07:00,59,64,1.4
2025-05-03T08:30:00-07:00,58,64,2.5
2025-05-03T09:00:00-07:00,57,65,2.3
2025-05-03T09:30:00-07:00,54,66,2.5
2025-05-03T10:00:00-07:00,51,68,2.9
2025-05-03T10:30:00-07:00,48,70,3.5
2025-05-03T11:00:00-07:00,47,70,3.6
2025-05-03T11:30:00-07:00,47,70,4.4
2025-05-03T12:00:00-07:00,45,71,3.6
2025-05-03T12:30:00-07:00,43,72,3.8
2025-05-03T13:00:00-07:00,40,75,3.9
2025-05-03T13:30:00-07:00,40,74,4.7
2025-05-03T14:00:00-07:00,41,73,3.7
2025-05-03T14:30:00-07:00,39,73,3.5
2025-05-03T15:00:00-07:00,40,73,3.7
2025-05-03T15:30:00-07:00,39,73,3.9
2025-05-03T16:00:00-07:00,38,73,3.8
2025-05-03T16:30:00-07:00,40,72,4.2
2025-05-03T17:00:00-07:00,43,68,6.6
2025-05-03T17:30:00-07:00,44,68,7
2025-05-03T18:00:00-07:00,45,67,5.5
2025-05-03T18:30:00-07:00,46,66,5.8
2025-05-03T19:00:00-07:00,48,65,5.9
2025-05-03T19:30:00-07:00,50,64,6.8
2025-05-03T20:00:00-07:00,51,63,7.6
2025-05-03T20:30:00-07:00,52,63,8.1
2025-05-03T21:00:00-07:00,52,63,7.9
2025-05-03T21:30:00-07:00,52,63,7.3
2025-05-03T22:00:00-07:00,52,63,7.4
2025-05-03T22:30:00-07:00,53,62,7.4
2025-05-03T23:00:00-07:00,52,62,9.4
2025-05-03T23:30:00-07:00,53,61,6.6
2025-05-04T00:00:00-07:00,54,61,6.5
2025-05-04T00:30:00-07:00,56,60,6.9
2025-05-04T01:00:00-07:00,56,59,6.6
2025-05-04T01:30:00-07:00,58,58,8
2025-05-04T02:00:00-07:00,58,58,8.7
2025-05-04T02:30:00-07:00,59,57,9.3
2025-05-04T03:00:00-07:00,60,57,7.8
2025-05-04T03:30:00-07:00,60,57,7.2
2025-05-04T04:00:00-07:00,60,56,6.6
2025-05-04T04:30:00-07:00,61,56,6.6
2025-05-04T05:00:00-07:00,61,55,6.2
2025-05-04T05:30:00-07:00,61,55,6.3
2025-05-04T06:00:00-07:00,61,55,6.1
2025-05-04T06:30:00-07:00,62,56,5.9
2025-05-04T07:00:00-07:00,62,58,9.3
2025-05-04T07:30:00-07:00,58,62,6.3
2025-05-04T08:00:00-07:00,54,64,6.4
2025-05-04T08:30:00-07:00,51,66,6.3
2025-05-04T09:00:00-07:00,47,68,6.7
2025-05-04T09:30:00-07:00,42,73,5.5
2025-05-04T10:00:00-07:00,38,75,9.1
2025-05-04T10:30:00-07:00,37,76,6.3
2025-05-04T11:00:00-07:00,36,77,4.6
2025-05-04T11:30:00-07:00,35,78,4.5
2025-05-04T12:00:00-07:00,34,79,3.9
2025-05-04T12:30:00-07:00,34,79,4.6
2025-05-04T13:00:00-07:00,34,80,5.3
2025-05-04T13:30:00-07:00,33,81,4.9
2025-05-04T14:00:00-07:00,32,82,4.6
2025-05-04T14:30:00-07:00,31,82,3.8
2025-05-04T15:00:00-07:00,31,82,5.5
2025-05-04T15:30:00-07:00,32,82,10.4
2025-05-04T16:00:00-07:00,32,81,10.5
2025-05-04T16:30:00-07:00,32,81,5.9
2025-05-04T17:00:00-07:00,31,80,4.4
2025-05-04T17:30:00-07:00,32,78,4.3
2025-05-04T18:00:00-07:00,34,77,10.8
2025-05-04T18:30:00-07:00,37,75,9.5
2025-05-04T19:00:00-07:00,40,73,7.6
2025-05-04T19:30:00-07:00,41,72,7.8
2025-05-04T20:00:00-07:00,45,71,8.7
2025-05-04T20:30:00-07:00,47,70,10.3
2025-05-04T21:00:00-07:00,49,68,10
2025-05-04T21:30:00-07:00,51,67,9.9
2025-05-04T22:00:00-07:00,53,66,10.4
2025-05-04T22:30:00-07:00,55,66,10.6
2025-05-04T23:00:00-07:00,57,65,11.1
2025-05-04T23:30:00-07:00,57,64,10.6
2025-05-05T00:00:00-07:00,58,64,10.9
2025-05-05T00:30:00-07:00,59,63,11.1
2025-05-05T01:00:00-07:00,61,62,11.1
2025-05-05T01:30:00-07:00,61,62,10.9
2025-05-05T02:00:00-07:00,61,61,10.3
2025-05-05T02:30:00-07:00,61,61,9.5
2025-05-05T03:00:00-07:00,62,60,9
2025-05-05T03:30:00-07:00,62,60,8.9
2025-05-05T04:00:00-07:00,62,60,8.7
2025-05-05T04:30:00-07:00,62,59,8.5
2025-05-05T05:00:00-07:00,62,59,8.7
2025-05-05T05:30:00-07:00,63,58,10
2025-05-05T06:00:00-07:00,64,58,12.9
2025-05-05T06:30:00-07:00,65,59,11.5
2025-05-05T07:00:00-07:00,65,61,10.8
2025-05-05T07:30:00-07:00,60,66,11.3
2025-05-05T08:00:00-07:00,43,75,8
2025-05-05T08:30:00-07:00,28,80,4.5
2025-05-05T09:00:00-07:00,19,82,2.5
2025-05-05T09:30:00-07:00,17,84,2
2025-05-05T10:00:00-07:00,16,86,1.8
2025-05-05T10:30:00-07:00,16,87,1.8
2025-05-05T11:00:00-07:00,15,89,1.8
2025-05-05T11:30:00-07:00,15,90,1.9
2025-05-05T12:00:00-07:00,14,92,1.9
2025-05-05T12:30:00-07:00,14,92,2
2025-05-05T13:00:00-07:00,14,93,1.9
2025-05-05T13:30:00-07:00,14,94,1.9
2025-05-05T14:00:00-07:00,14,95,1.8
2025-05-05T14:30:00-07:00,14,96,1.8
2025-05-05T15:00:00-07:00,13,97,1.9
2025-05-05T15:30:00-07:00,13,97,1.8
2025-05-05T16:00:00-07:00,13,97,1.9
2025-05-05T16:30:00-07:00,12,98,2.3
2025-05-05T17:00:00-07:00,13,97,3.1
2025-05-05T17:30:00-07:00,16,93,3.5
2025-05-05T18:00:00-07:00,16,89,3.1
2025-05-05T18:30:00-07:00,18,87,3.1
2025-05-05T19:00:00-07:00,19,85,3.5
2025-05-05T19:30:00-07:00,20,83,4
2025-05-05T20:00:00-07:00,20,81,4.4
2025-05-05T20:30:00-07:00,19,80,4.1
2025-05-05T21:00:00-07:00,24,77,7.1
2025-05-05T21:30:00-07:00,28,74,5.8
2025-05-05T22:00:00-07:00,31,72,5.6
2025-05-05T22:30:00-07:00,34,71,6.9
2025-05-05T23:00:00-07:00,36,69,7.7
2025-05-05T23:30:00-07:00,39,68,6.9
2025-05-06T00:00:00-07:00,40,67,6.3
2025-05-06T00:30:00-07:00,41,67,14.5
2025-05-06T01:00:00-07:00,43,68,18
2025-05-06T01:30:00-07:00,46,66,9.9
2025-05-06T02:00:00-07:00,48,65,9
2025-05-06T02:30:00-07:00,50,64,9.6
2025-05-06T03:00:00-07:00,51,63,9.4
2025-05-06T03:30:00-07:00,53,63,9.8
2025-05-06T04:00:00-07:00,53,64,9.8
2025-05-06T04:30:00-07:00,54,62,9.6
2025-05-06T05:00:00-07:00,56,63,10.6
2025-05-06T05:30:00-07:00,56,63,10.7
2025-05-06T06:00:00-07:00,56,62,10.6
2025-05-06T06:30:00-07:00,57,62,10.6
2025-05-06T07:00:00-07:00,57,64,11.5
2025-05-06T07:30:00-07:00,54,67,11.6
2025-05-06T08:00:00-07:00,48,72,10.8
2025-05-06T08:30:00-07:00,41,76,11.3
2025-05-06T09:00:00-07:00,37,79,9.6
2025-05-06T09:30:00-07:00,34,81,8.5
2025-05-06T10:00:00-07:00,32,84,8
2025-05-06T10:30:00-07:00,30,85,7.6
2025-05-06T11:00:00-07:00,27,87,7.2
2025-05-06T11:30:00-07:00,27,88,7.7
2025-05-06T12:00:00-07:00,26,89,7.3
2025-05-06T12:30:00-07:00,25,89,6.9
2025-05-06T13:00:00-07:00,25,88,6.6
2025-05-06T13:30:00-07:00,28,88,8.9
2025-05-06T14:00:00-07:00,30,87,9.5
2025-05-06T14:30:00-07:00,30,87,9.9
2025-05-06T15:00:00-07:00,31,86,9.7
2025-05-06T15:30:00-07:00,30,86,9.2
2025-05-06T16:00:00-07:00,31,85,8.9
2025-05-06T16:30:00-07:00,33,83,9.5
2025-05-06T17:00:00-07:00,34,82,9.6
2025-05-06T17:30:00-07:00,34,80,9
2025-05-06T18:00:00-07:00,37,78,9.3
2025-05-06T18:30:00-07:00,42,74,11.1
2025-05-06T19:00:00-07:00,47,71,10.8
2025-05-06T19:30:00-07:00,51,68,14.3
2025-05-06T20:00:00-07:00,54,67,12.3
2025-05-06T20:30:00-07:00,55,67,12.1
2025-05-06T21:00:00-07:00,55,66,12
2025-05-06T21:30:00-07:00,56,66,12.3
2025-05-06T22:00:00-07:00,58,65,12.8
2025-05-06T22:30:00-07:00,59,65,12.2
2025-05-06T23:00:00-07:00,59,64,12.3
2025-05-06T23:30:00-07:00,61,64,12.1
2025-05-07T00:00:00-07:00,62,64,11.6
2025-05-07T00:30:00-07:00,61,64,11.5
2025-05-07T01:00:00-07:00,60,65,11.2
2025-05-07T01:30:00-07:00,60,65,10.9
2025-05-07T02:00:00-07:00,59,66,10.9
2025-05-07T02:30:00-07:00,59,65,11.1
2025-05-07T03:00:00-07:00,59,64,10
2025-05-07T03:30:00-07:00,58,65,9.7
2025-05-07T04:00:00-07:00,59,63,9.5
2025-05-07T04:30:00-07:00,60,63,9.9
2025-05-07T05:00:00-07:00,61,62,11
2025-05-07T05:30:00-07:00,61,62,10.5
2025-05-07T06:00:00-07:00,60,63,9.7
2025-05-07T06:30:00-07:00,60,63,9.6
2025-05-07T07:00:00-07:00,58,65,9.3
2025-05-07T07:30:00-07:00,53,68,10.7
2025-05-07T08:00:00-07:00,48,70,8.3
2025-05-07T08:30:00-07:00,46,71,7.8
2025-05-07T09:00:00-07:00,44,73,7.1
2025-05-07T09:30:00-07:00,40,77,6.8
2025-05-07T10:00:00-07:00,35,81,5.9
2025-05-07T10:30:00-07:00,34,81,5.8
2025-05-07T11:00:00-07:00,34,82,6
2025-05-07T11:30:00-07:00,33,82,6.6
2025-05-07T12:00:00-07:00,33,83,7.4
2025-05-07T12:30:00-07:00,32,85,7.9
2025-05-07T13:00:00-07:00,30,86,7.8
2025-05-07T13:30:00-07:00,31,86,7.1
2025-05-07T14:00:00-07:00,33,84,6.6
2025-05-07T14:30:00-07:00,33,84,6.8
2025-05-07T15:00:00-07:00,35,83,6.7
2025-05-07T15:30:00-07:00,37,81,6.4
2025-05-07T16:00:00-07:00,39,79,6.6
2025-05-07T16:30:00-07:00,40,78,7
2025-05-07T17:00:00-07:00,41,77,27
2025-05-07T17:30:00-07:00,42,75,15.6
2025-05-07T18:00:00-07:00,44,73,17.3
2025-05-07T18:30:00-07:00,45,72,5.2
2025-05-07T19:00:00-07:00,48,70,5.8
2025-05-07T19:30:00-07:00,51,68,9.6
2025-05-07T20:00:00-07:00,55,67,6
2025-05-07T20:30:00-07:00,59,65,6.6
2025-05-07T21:00:00-07:00,60,64,7.1
2025-05-07T21:30:00-07:00,61,64,6.9
2025-05-07T22:00:00-07:00,61,63,6.4
2025-05-07T22:30:00-07:00,62,63,6.1
2025-05-07T23:00:00-07:00,62,63,6.1
2025-05-07T23:30:00-07:00,62,62,6.8
2025-05-08T00:00:00-07:00,62,62,7.3
2025-05-08T00:30:00-07:00,62,62,7.2
2025-05-08T01:00:00-07:00,61,61,7.5
2025-05-08T01:30:00-07:00,61,61,7.4
2025-05-08T02:00:00-07:00,61,60,7.2
2025-05-08T02:30:00-07:00,62,59,7.8
2025-05-08T03:00:00-07:00,63,60,8.5
2025-05-08T03:30:00-07:00,63,62,12.2
2025-05-08T04:00:00-07:00,62,63,25
2025-05-08T04:30:00-07:00,60,64,11.9
2025-05-08T05:00:00-07:00,60,65,10.4
2025-05-08T05:30:00-07:00,59,65,13.1
2025-05-08T06:00:00-07:00,59,65,12.5
2025-05-08T06:30:00-07:00,58,66,14.5
2025-05-08T07:00:00-07:00,58,66,14.4
2025-05-08T07:30:00-07:00,56,68,16
2025-05-08T08:00:00-07:00,53,70,17.2
2025-05-08T08:30:00-07:00,49,72,16.1
2025-05-08T09:00:00-07:00,44,76,15.4
2025-05-08T09:30:00-07:00,41,78,13
2025-05-08T10:00:00-07:00,39,80,11.1
2025-05-08T10:30:00-07:00,38,82,9.5
2025-05-08T11:00:00-07:00,36,83,9.4
2025-05-08T11:30:00-07:00,35,85,10.4
2025-05-08T12:00:00-07:00,34,86,8.1
2025-05-08T12:30:00-07:00,33,87,7.2
2025-05-08T13:00:00-07:00,32,88,6
2025-05-08T13:30:00-07:00,31,89,4.8
2025-05-08T14:00:00-07:00,30,90,5
2025-05-08T14:30:00-07:00,30,91,6.3
2025-05-08T15:00:00-07:00,29,92,4.9
2025-05-08T15:30:00-07:00,29,92,4.4
2025-05-08T16:00:00-07:00,29,91,3
2025-05-08T16:30:00-07:00,29,91,2.4
2025-05-08T17:00:00-07:00,31,90,1.9
2025-05-08T17:30:00-07:00,31,88,1.6
2025-05-08T18:00:00-07:00,33,85,2.5
2025-05-08T18:30:00-07:00,34,81,3.4
2025-05-08T19:00:00-07:00,39,77,7.1
2025-05-08T19:30:00-07:00,43,75,5.5
2025-05-08T20:00:00-07:00,46,73,5.4
2025-05-08T20:30:00-07:00,47,72,5.4
2025-05-08T21:00:00-07:00,49,71,6.4
2025-05-08T21:30:00-07:00,50,70,9.7
2025-05-08T22:00:00-07:00,53,69,7.1
2025-05-08T22:30:00-07:00,56,68,14.6
2025-05-08T23:00:00-07:00,57,67,6.3
2025-05-08T23:30:00-07:00,58,67,6.3
2025-05-09T00:00:00-07:00,60,66,6.3
2025-05-09T00:30:00-07:00,60,65,6.3
2025-05-09T01:00:00-07:00,60,64,5.9
2025-05-09T01:30:00-07:00,60,63,5.6
2025-05-09T02:00:00-07:00,60,63,5.2
2025-05-09T02:30:00-07:00,60,62,5.7
2025-05-09T03:00:00-07:00,61,62,6.7
2025-05-09T03:30:00-07:00,62,61,6.1
2025-05-09T04:00:00-07:00,62,61,6.3
2025-05-09T04:30:00-07:00,62,60,6.3
2025-05-09T05:00:00-07:00,62,59,6
2025-05-09T05:30:00-07:00,62,59,5.6
2025-05-09T06:00:00-07:00,62,59,5.1
2025-05-09T06:30:00-07:00,62,60,4.5
2025-05-09T07:00:00-07:00,62,63,6
2025-05-09T07:30:00-07:00,56,68,8.1
2025-05-09T08:00:00-07:00,48,75,9.8
2025-05-09T08:30:00-07:00,40,81,7.7
2025-05-09T09:00:00-07:00,35,84,6.7
2025-05-09T09:30:00-07:00,32,86,5.9
2025-05-09T10:00:00-07:00,30,89,5.4
2025-05-09T10:30:00-07:00,27,91,4.8
2025-05-09T11:00:00-07:00,27,93,5.7
2025-05-09T11:30:00-07:00,29,94,6.4
2025-05-09T12:00:00-07:00,26,94,5
2025-05-09T12:30:00-07:00,24,95,4.8
2025-05-09T13:00:00-07:00,21,96,4.5
2025-05-09T13:30:00-07:00,20,97,3.5
2025-05-09T14:00:00-07:00,19,98,3.5
2025-05-09T14:30:00-07:00,20,98,4.8
2025-05-09T15:00:00-07:00,21,98,5.2
2025-05-09T15:30:00-07:00,21,99,4.5
2025-05-09T16:00:00-07:00,20,99,4.6
2025-05-09T16:30:00-07:00,23,97,5
2025-05-09T17:00:00-07:00,25,95,5.3
2025-05-09T17:30:00-07:00,26,93,4.6
2025-05-09T18:00:00-07:00,27,90,4.6
2025-05-09T18:30:00-07:00,28,88,4.7
2025-05-09T19:00:00-07:00,31,85,4.5
2025-05-09T19:30:00-07:00,29,81,4.3
2025-05-09T20:00:00-07:00,32,79,5
2025-05-09T20:30:00-07:00,36,78,6.2
2025-05-09T21:00:00-07:00,40,76,8.3
2025-05-09T21:30:00-07:00,43,75,6.7
2025-05-09T22:00:00-07:00,50,73,6.5
2025-05-09T22:30:00-07:00,52,72,6.5
2025-05-09T23:00:00-07:00,52,71,7.1
2025-05-09T23:30:00-07:00,54,70,8.2
2025-05-10T00:00:00-07:00,55,69,7.8
2025-05-10T00:30:00-07:00,56,68,6.9
2025-05-10T01:00:00-07:00,58,67,7
2025-05-10T01:30:00-07:00,58,66,6.6
2025-05-10T02:00:00-07:00,60,66,7.2
2025-05-10T02:30:00-07:00,61,65,8.1
2025-05-10T03:00:00-07:00,61,65,8.8
2025-05-10T03:30:00-07:00,59,65,8.2
2025-05-10T04:00:00-07:00,60,64,8.9
2025-05-10T04:30:00-07:00,60,63,9.7
2025-05-10T05:00:00-07:00,60,63,9.8
2025-05-10T05:30:00-07:00,60,62,9.9
2025-05-10T06:00:00-07:00,61,62,10.8
2025-05-10T06:30:00-07:00,62,63,10.6
2025-05-10T07:00:00-07:00,61,65,11.9
2025-05-10T07:30:00-07:00,56,69,11.6
2025-05-10T08:00:00-07:00,47,75,8.8
2025-05-10T08:30:00-07:00,42,78,7.1
2025-05-10T09:00:00-07:00,37,81,6.3
2025-05-10T09:30:00-07:00,33,85,5.9
2025-05-10T10:00:00-07:00,31,87,6.2
2025-05-10T10:30:00-07:00,26,89,5.4
2025-05-10T11:00:00-07:00,25,89,5.5
2025-05-10T11:30:00-07:00,23,90,5
2025-05-10T12:00:00-07:00,21,91,4.7
2025-05-10T12:30:00-07:00,20,91,4.4
2025-05-10T13:00:00-07:00,18,92,3.4
2025-05-10T13:30:00-07:00,16,93,2.7
2025-05-10T14:00:00-07:00,18,93,3
2025-05-10T14:30:00-07:00,18,94,2.8
2025-05-10T15:00:00-07:00,22,92,3.9
2025-05-10T15:30:00-07:00,26,91,4.8
2025-05-10T16:00:00-07:00,27,89,4.8
2025-05-10T16:30:00-07:00,30,87,5.2
2025-05-10T17:00:00-07:00,31,85,5.1
2025-05-10T17:30:00-07:00,32,83,5
2025-05-10T18:00:00-07:00,33,81,5.1
2025-05-10T18:30:00-07:00,35,78,4.8
2025-05-10T19:00:00-07:00,38,75,6.6
2025-05-10T19:30:00-07:00,41,72,4.5
2025-05-10T20:00:00-07:00,43,70,5.4
2025-05-10T20:30:00-07:00,45,68,5.5
2025-05-10T21:00:00-07:00,47,67,4.9
2025-05-10T21:30:00-07:00,48,66,4.6
2025-05-10T22:00:00-07:00,49,65,4.8
2025-05-10T22:30:00-07:00,48,65,4.5
2025-05-10T23:00:00-07:00,48,65,4.4
2025-05-10T23:30:00-07:00,49,64,4.4
2025-05-11T00:00:00-07:00,49,64,4
2025-05-11T00:30:00-07:00,48,64,3.7
2025-05-11T01:00:00-07:00,49,63,3.7
2025-05-11T01:30:00-07:00,50,63,3.9
2025-05-11T02:00:00-07:00,53,63,4
2025-05-11T02:30:00-07:00,54,64,3.8
2025-05-11T03:00:00-07:00,56,63,3.8
2025-05-11T03:30:00-07:00,58,62,3.7
2025-05-11T04:00:00-07:00,58,62,3.5
2025-05-11T04:30:00-07:00,59,61,3.8
2025-05-11T05:00:00-07:00,60,61,3.6
2025-05-11T05:30:00-07:00,60,60,3.7
2025-05-11T06:00:00-07:00,60,60,3.9
2025-05-11T06:30:00-07:00,62,60,4.1
2025-05-11T07:00:00-07:00,63,62,4
2025-05-11T07:30:00-07:00,57,66,2.9
2025-05-11T08:00:00-07:00,49,70,2.5
2025-05-11T08:30:00-07:00,43,74,5.3
2025-05-11T09:00:00-07:00,40,76,2
2025-05-11T09:30:00-07:00,41,76,1
2025-05-11T10:00:00-07:00,42,75,0.7
2025-05-11T10:30:00-07:00,42,75,1.4
2025-05-11T11:00:00-07:00,42,76,0.5
2025-05-11T11:30:00-07:00,42,76,0.7
2025-05-11T12:00:00-07:00,42,75,7
2025-05-11T12:30:00-07:00,42,75,2.8
2025-05-11T13:00:00-07:00,38,76,8.1
2025-05-11T13:30:00-07:00,35,77,4.9
2025-05-11T14:00:00-07:00,35,77,8.4
2025-05-11T14:30:00-07:00,32,76,5.5
2025-05-11T15:00:00-07:00,29,77,10.3
2025-05-11T15:30:00-07:00,30,77,3.7
2025-05-11T16:00:00-07:00,32,76,3.7
2025-05-11T16:30:00-07:00,34,74,2.3
2025-05-11T17:00:00-07:00,37,73,3.3
2025-05-11T17:30:00-07:00,37,72,2.4
2025-05-11T18:00:00-07:00,38,70,3
2025-05-11T18:30:00-07:00,40,69,2.5
2025-05-11T19:00:00-07:00,42,67,2.5
2025-05-11T19:30:00-07:00,45,65,2.4
2025-05-11T20:00:00-07:00,48,65,2.5
2025-05-11T20:30:00-07:00,50,64,2.7
2025-05-11T21:00:00-07:00,50,64,2.4
2025-05-11T21:30:00-07:00,51,63,2.7
2025-05-11T22:00:00-07:00,52,63,2.6
2025-05-11T22:30:00-07:00,53,63,2.7
2025-05-11T23:00:00-07:00,53,63,2.8
2025-05-11T23:30:00-07:00,56,62,3.1
2025-05-12T00:00:00-07:00,57,63,3.2
2025-05-12T00:30:00-07:00,58,63,2.9
2025-05-12T01:00:00-07:00,57,63,2.6
2025-05-12T01:30:00-07:00,55,64,2.4
2025-05-12T02:00:00-07:00,54,65,2.5
2025-05-12T02:30:00-07:00,53,65,2.5
2025-05-12T03:00:00-07:00,52,65,2.3
2025-05-12T03:30:00-07:00,50,65,2.3
2025-05-12T04:00:00-07:00,49,65,2.4
2025-05-12T04:30:00-07:00,49,65,2.5
2025-05-12T05:00:00-07:00,52,65,2.4
2025-05-12T05:30:00-07:00,50,65,2.7
2025-05-12T06:00:00-07:00,50,64,3
2025-05-12T06:30:00-07:00,52,64,3
2025-05-12T07:00:00-07:00,52,64,3
2025-05-12T07:30:00-07:00,55,64,2.6
2025-05-12T08:00:00-07:00,66,63,2
2025-05-12T08:30:00-07:00,64,64,0
2025-05-12T09:00:00-07:00,63,66,0.1
2025-05-12T09:30:00-07:00,62,67,0.1
2025-05-12T10:00:00-07:00,58,70,4
2025-05-12T10:30:00-07:00,49,73,0.1
2025-05-12T11:00:00-07:00,55,70,0.3
2025-05-12T11:30:00-07:00,56,70,0.4
2025-05-12T12:00:00-07:00,49,73,0.4
2025-05-12T12:30:00-07:00,43,73,0.3
2025-05-12T13:00:00-07:00,40,76,2.3
2025-05-12T13:30:00-07:00,40,75,0.9
2025-05-12T14:00:00-07:00,38,76,0.6
2025-05-12T14:30:00-07:00,35,77,6.6
2025-05-12T15:00:00-07:00,34,76,16.6
2025-05-12T15:30:00-07:00,32,76,1.5
2025-05-12T16:00:00-07:00,32,77,44.5
2025-05-12T16:30:00-07:00,33,75,4.3
2025-05-12T17:00:00-07:00,36,74,1.1
2025-05-12T17:30:00-07:00,41,70,5.2
2025-05-12T18:00:00-07:00,42,70,4.2
2025-05-12T18:30:00-07:00,45,69,1.5
2025-05-12T19:00:00-07:00,47,68,1.4
2025-05-12T19:30:00-07:00,49,67,1
2025-05-12T20:00:00-07:00,50,67,1
2025-05-12T20:30:00-07:00,51,66,0.9
2025-05-12T21:00:00-07:00,53,66,1.2
2025-05-12T21:30:00-07:00,57,66,1.9
2025-05-12T22:00:00-07:00,62,64,1.7
2025-05-12T22:30:00-07:00,64,64,1.8
2025-05-12T23:00:00-07:00,62,63,1.3
2025-05-12T23:30:00-07:00,61,62,0.9
2025-05-13T00:00:00-07:00,60,62,0.9
2025-05-13T00:30:00-07:00,59,62,0.9
2025-05-13T01:00:00-07:00,59,62,0.9
2025-05-13T01:30:00-07:00,58,63,1.1
2025-05-13T02:00:00-07:00,57,63,1.4
2025-05-13T02:30:00-07:00,58,63,1.5
2025-05-13T03:00:00-07:00,59,63,1.9
2025-05-13T03:30:00-07:00,59,63,1.5
2025-05-13T04:00:00-07:00,61,63,1.4
2025-05-13T04:30:00-07:00,61,63,1.2
2025-05-13T05:00:00-07:00,60,63,1.4
2025-05-13T05:30:00-07:00,60,63,1.6
2025-05-13T06:00:00-07:00,60,62,1.4
2025-05-13T06:30:00-07:00,58,63,1.5
2025-05-13T07:00:00-07:00,58,64,1.6
2025-05-13T07:30:00-07:00,57,64,1.7
2025-05-13T08:00:00-07:00,56,65,1.7
2025-05-13T08:30:00-07:00,52,66,1.2
2025-05-13T09:00:00-07:00,48,69,1.2
2025-05-13T09:30:00-07:00,44,71,1.1
2025-05-13T10:00:00-07:00,41,73,1.5
2025-05-13T10:30:00-07:00,39,75,1.5
2025-05-13T11:00:00-07:00,37,77,1.9
2025-05-13T11:30:00-07:00,36,78,1.5
2025-05-13T12:00:00-07:00,36,78,1.3
2025-05-13T12:30:00-07:00,34,80,1.1
2025-05-13T13:00:00-07:00,33,80,1.2
2025-05-13T13:30:00-07:00,33,80,1.3
2025-05-13T14:00:00-07:00,32,80,1.7
2025-05-13T14:30:00-07:00,30,82,1.2
2025-05-13T15:00:00-07:00,30,82,1.3
2025-05-13T15:30:00-07:00,31,82,0.9
2025-05-13T16:00:00-07:00,32,80,0.9
2025-05-13T16:30:00-07:00,34,78,1.1
2025-05-13T17:00:00-07:00,36,77,8.8
2025-05-13T17:30:00-07:00,38,76,3.2
2025-05-13T18:00:00-07:00,40,73,2.3
2025-05-13T18:30:00-07:00,46,70,3.6
2025-05-13T19:00:00-07:00,48,69,3.9
2025-05-13T19:30:00-07:00,50,68,5.7
2025-05-13T20:00:00-07:00,54,65,4.1
2025-05-13T20:30:00-07:00,57,65,4.6
2025-05-13T21:00:00-07:00,58,64,4.8
2025-05-13T21:30:00-07:00,59,63,4.4
2025-05-13T22:00:00-07:00,58,63,4.7
2025-05-13T22:30:00-07:00,58,63,4.9
2025-05-13T23:00:00-07:00,59,62,4.7
2025-05-13T23:30:00-07:00,61,62,4.9
2025-05-14T00:00:00-07:00,62,61,5.2
2025-05-14T00:30:00-07:00,63,61,5.1
2025-05-14T01:00:00-07:00,63,61,5.2
2025-05-14T01:30:00-07:00,63,60,4.7
2025-05-14T02:00:00-07:00,63,60,4.6
2025-05-14T02:30:00-07:00,64,59,4.9
2025-05-14T03:00:00-07:00,65,59,5.1
2025-05-14T03:30:00-07:00,64,59,5.2
2025-05-14T04:00:00-07:00,64,59,5.5
2025-05-14T04:30:00-07:00,64,58,11.4
2025-05-14T05:00:00-07:00,64,58,14.2
2025-05-14T05:30:00-07:00,64,58,5
2025-05-14T06:00:00-07:00,66,58,9.1
2025-05-14T06:30:00-07:00,65,59,7.9
2025-05-14T07:00:00-07:00,64,61,6.9
2025-05-14T07:30:00-07:00,58,65,6
2025-05-14T08:00:00-07:00,49,70,5.9
2025-05-14T08:30:00-07:00,43,74,5.9
2025-05-14T09:00:00-07:00,39,77,5.4
2025-05-14T09:30:00-07:00,36,79,4.5
2025-05-14T10:00:00-07:00,33,81,4
2025-05-14T10:30:00-07:00,32,82,4
2025-05-14T11:00:00-07:00,32,83,3.9
2025-05-14T11:30:00-07:00,31,84,3.9
2025-05-14T12:00:00-07:00,31,85,3.5
2025-05-14T12:30:00-07:00,31,86,3.2
2025-05-14T13:00:00-07:00,31,86,3.5
2025-05-14T13:30:00-07:00,31,86,3.6
2025-05-14T14:00:00-07:00,30,86,3.5
2025-05-14T14:30:00-07:00,31,86,4.1
2025-05-14T15:00:00-07:00,31,86,4.5
2025-05-14T15:30:00-07:00,33,85,4.6
2025-05-14T16:00:00-07:00,33,83,4.3
2025-05-14T16:30:00-07:00,32,82,2.8
2025-05-14T17:00:00-07:00,32,81,2.5
2025-05-14T17:30:00-07:00,33,80,3
2025-05-14T18:00:00-07:00,36,76,5.3
2025-05-14T18:30:00-07:00,41,73,5
2025-05-14T19:00:00-07:00,45,70,5.3
2025-05-14T19:30:00-07:00,51,67,7
2025-05-14T20:00:00-07:00,55,66,5.5
2025-05-14T20:30:00-07:00,57,65,5.1
2025-05-14T21:00:00-07:00,57,65,4.9
2025-05-14T21:30:00-07:00,59,64,5.4
2025-05-14T22:00:00-07:00,59,64,5.4
2025-05-14T22:30:00-07:00,60,64,5.3
2025-05-14T23:00:00-07:00,60,63,5.5
2025-05-14T23:30:00-07:00,61,63,5.8
2025-05-15T00:00:00-07:00,60,62,6
2025-05-15T00:30:00-07:00,60,61,5.8
2025-05-15T01:00:00-07:00,61,60,5.1
2025-05-15T01:30:00-07:00,61,60,4.9
2025-05-15T02:00:00-07:00,61,59,4.7
2025-05-15T02:30:00-07:00,61,59,4.4
2025-05-15T03:00:00-07:00,62,59,5
2025-05-15T03:30:00-07:00,62,58,9.7
2025-05-15T04:00:00-07:00,62,58,6.8
2025-05-15T04:30:00-07:00,61,58,6
2025-05-15T05:00:00-07:00,61,57,3.6
2025-05-15T05:30:00-07:00,62,57,4
2025-05-15T06:00:00-07:00,63,57,4.4
2025-05-15T06:30:00-07:00,64,58,9
2025-05-15T07:00:00-07:00,63,61,8
2025-05-15T07:30:00-07:00,57,66,8
2025-05-15T08:00:00-07:00,48,71,6.7
2025-05-15T08:30:00-07:00,42,75,9
2025-05-15T09:00:00-07:00,37,78,6.2
2025-05-15T09:30:00-07:00,34,80,6.3
2025-05-15T10:00:00-07:00,33,82,5.9
2025-05-15T10:30:00-07:00,31,84,5.2
2025-05-15T11:00:00-07:00,30,84,5.1
2025-05-15T11:30:00-07:00,29,86,4.5
2025-05-15T12:00:00-07:00,29,87,4.5
2025-05-15T12:30:00-07:00,30,87,4.7
2025-05-15T13:00:00-07:00,31,87,5.5
2025-05-15T13:30:00-07:00,30,89,5.1
2025-05-15T14:00:00-07:00,29,89,5.5
2025-05-15T14:30:00-07:00,30,88,5.7
2025-05-15T15:00:00-07:00,31,87,6
2025-05-15T15:30:00-07:00,31,87,5.3
2025-05-15T16:00:00-07:00,32,86,5.2
2025-05-15T16:30:00-07:00,32,85,4.5
2025-05-15T17:00:00-07:00,32,84,3.9
2025-05-15T17:30:00-07:00,33,83,3.4
2025-05-15T18:00:00-07:00,38,80,5.1
2025-05-15T18:30:00-07:00,43,74,13.5
2025-05-15T19:00:00-07:00,47,72,6.7
2025-05-15T19:30:00-07:00,48,70,6.6
2025-05-15T20:00:00-07:00,51,67,8.2
2025-05-15T20:30:00-07:00,53,66,7.3
2025-05-15T21:00:00-07:00,53,66,7.4
2025-05-15T21:30:00-07:00,54,65,7.6
2025-05-15T22:00:00-07:00,55,64,7.6
2025-05-15T22:30:00-07:00,56,64,7.9
2025-05-15T23:00:00-07:00,56,64,7.9
2025-05-15T23:30:00-07:00,57,63,8.5
2025-05-16T00:00:00-07:00,58,63,8.4
2025-05-16T00:30:00-07:00,57,63,8.7
2025-05-16T01:00:00-07:00,57,63,8.6
2025-05-16T01:30:00-07:00,58,63,8.5
2025-05-16T02:00:00-07:00,58,64,9.1
2025-05-16T02:30:00-07:00,58,64,9.2
2025-05-16T03:00:00-07:00,57,65,8.9
2025-05-16T03:30:00-07:00,57,65,8.7
2025-05-16T04:00:00-07:00,56,64,8.2
2025-05-16T04:30:00-07:00,57,63,8.3
2025-05-16T05:00:00-07:00,58,62,8
2025-05-16T05:30:00-07:00,59,61,8
2025-05-16T06:00:00-07:00,60,61,8.5
2025-05-16T06:30:00-07:00,61,61,9.9
2025-05-16T07:00:00-07:00,59,64,10.3
2025-05-16T07:30:00-07:00,55,67,8.4
2025-05-16T08:00:00-07:00,49,71,7.7
2025-05-16T08:30:00-07:00,45,73,7.3
2025-05-16T09:00:00-07:00,43,75,8.4
2025-05-16T09:30:00-07:00,39,79,7.3
2025-05-16T10:00:00-07:00,36,81,6.5
2025-05-16T10:30:00-07:00,34,83,6.2
2025-05-16T11:00:00-07:00,32,84,5.5
2025-05-16T11:30:00-07:00,31,85,4.9
2025-05-16T12:00:00-07:00,30,84,4.5
2025-05-16T12:30:00-07:00,30,83,4
2025-05-16T13:00:00-07:00,32,84,5.8
2025-05-16T13:30:00-07:00,33,83,5.9
2025-05-16T14:00:00-07:00,32,84,4.8
2025-05-16T14:30:00-07:00,32,84,4.6
2025-05-16T15:00:00-07:00,32,84,4.5
2025-05-16T15:30:00-07:00,35,82,4.6
2025-05-16T16:00:00-07:00,37,80,4.5
2025-05-16T16:30:00-07:00,38,78,6.5
2025-05-16T17:00:00-07:00,41,75,8.7
2025-05-16T17:30:00-07:00,42,74,4.8
2025-05-16T18:00:00-07:00,41,74,4.6
2025-05-16T18:30:00-07:00,43,73,4.7
2025-05-16T19:00:00-07:00,47,71,5.4
2025-05-16T19:30:00-07:00,52,67,6.9
2025-05-16T20:00:00-07:00,56,65,5.6
2025-05-16T20:30:00-07:00,58,65,6.1
2025-05-16T21:00:00-07:00,58,64,6.2
2025-05-16T21:30:00-07:00,59,64,6.4
2025-05-16T22:00:00-07:00,60,63,5.9
2025-05-16T22:30:00-07:00,60,63,5.8
2025-05-16T23:00:00-07:00,61,63,5.8
2025-05-16T23:30:00-07:00,60,63,5.3
2025-05-17T00:00:00-07:00,59,63,5.6
2025-05-17T00:30:00-07:00,60,63,5
2025-05-17T01:00:00-07:00,61,63,4.7
2025-05-17T01:30:00-07:00,63,63,3.5
2025-05-17T02:00:00-07:00,62,64,3.4
2025-05-17T02:30:00-07:00,61,64,2.3
2025-05-17T03:00:00-07:00,62,63,2
2025-05-17T03:30:00-07:00,62,63,1.8
2025-05-17T04:00:00-07:00,61,64,1.9
2025-05-17T04:30:00-07:00,60,65,1.8
2025-05-17T05:00:00-07:00,59,65,3.5
2025-05-17T05:30:00-07:00,58,65,0.6
2025-05-17T06:00:00-07:00,57,65,0.7
2025-05-17T06:30:00-07:00,59,65,1.8
2025-05-17T07:00:00-07:00,60,65,2.4
2025-05-17T07:30:00-07:00,57,66,2.9
2025-05-17T08:00:00-07:00,55,67,3
2025-05-17T08:30:00-07:00,51,69,4.1
2025-05-17T09:00:00-07:00,50,70,4
2025-05-17T09:30:00-07:00,45,74,3.8
2025-05-17T10:00:00-07:00,45,73,5.9
2025-05-17T10:30:00-07:00,44,74,3.8
2025-05-17T11:00:00-07:00,43,76,12.8
2025-05-17T11:30:00-07:00,44,75,14.7
2025-05-17T12:00:00-07:00,43,75,19.2
2025-05-17T12:30:00-07:00,43,75,3
2025-05-17T13:00:00-07:00,44,75,2.8
2025-05-17T13:30:00-07:00,43,76,3
2025-05-17T14:00:00-07:00,41,77,10.4
2025-05-17T14:30:00-07:00,40,76,8.2
2025-05-17T15:00:00-07:00,40,75,2.6
2025-05-17T15:30:00-07:00,42,75,2.3
2025-05-17T16:00:00-07:00,43,74,2
2025-05-17T16:30:00-07:00,43,74,1.6
2025-05-17T17:00:00-07:00,42,74,1.8
2025-05-17T17:30:00-07:00,43,73,2
2025-05-17T18:00:00-07:00,43,72,2.3
2025-05-17T18:30:00-07:00,44,71,2.6
2025-05-17T19:00:00-07:00,46,69,3.4
2025-05-17T19:30:00-07:00,50,67,3.7
2025-05-17T20:00:00-07:00,52,66,3.7
2025-05-17T20:30:00-07:00,53,65,3.7
2025-05-17T21:00:00-07:00,54,64,3.5
2025-05-17T21:30:00-07:00,54,65,3.6
2025-05-17T22:00:00-07:00,55,64,3.8
2025-05-17T22:30:00-07:00,56,64,4.2
2025-05-17T23:00:00-07:00,58,63,4.3
2025-05-17T23:30:00-07:00,58,63,4.6
2025-05-18T00:00:00-07:00,59,62,4.3
2025-05-18T00:30:00-07:00,60,62,5.4
2025-05-18T01:00:00-07:00,61,62,4.8
2025-05-18T01:30:00-07:00,60,61,4.5
2025-05-18T02:00:00-07:00,60,61,4.4
2025-05-18T02:30:00-07:00,61,61,4.4
2025-05-18T03:00:00-07:00,61,60,4.4
2025-05-18T03:30:00-07:00,62,60,4.2
2025-05-18T04:00:00-07:00,62,59,4.2
2025-05-18T04:30:00-07:00,62,59,4.2
2025-05-18T05:00:00-07:00,62,59,4.4
2025-05-18T05:30:00-07:00,62,59,4.3
2025-05-18T06:00:00-07:00,63,58,4.6
2025-05-18T06:30:00-07:00,64,59,5.6
2025-05-18T07:00:00-07:00,60,62,7
2025-05-18T07:30:00-07:00,53,67,8.4
2025-05-18T08:00:00-07:00,45,72,6.2
2025-05-18T08:30:00-07:00,40,75,6
2025-05-18T09:00:00-07:00,37,78,4.8
2025-05-18T09:30:00-07:00,34,81,4.7
2025-05-18T10:00:00-07:00,33,82,5.3
2025-05-18T10:30:00-07:00,33,83,5.2
2025-05-18T11:00:00-07:00,33,83,5.1
2025-05-18T11:30:00-07:00,33,83,5.3
2025-05-18T12:00:00-07:00,34,82,6.2
2025-05-18T12:30:00-07:00,34,82,7
2025-05-18T13:00:00-07:00,33,82,7.5
2025-05-18T13:30:00-07:00,31,83,7.5
2025-05-18T14:00:00-07:00,29,84,7.2
2025-05-18T14:30:00-07:00,28,83,7
2025-05-18T15:00:00-07:00,30,82,6.6
2025-05-18T15:30:00-07:00,31,81,6.9
2025-05-18T16:00:00-07:00,34,79,7.3
2025-05-18T16:30:00-07:00,35,78,8.7
2025-05-18T17:00:00-07:00,36,78,10.1
2025-05-18T17:30:00-07:00,37,77,11.6
2025-05-18T18:00:00-07:00,38,76,26.7
2025-05-18T18:30:00-07:00,40,74,8.8
2025-05-18T19:00:00-07:00,42,73,8.8
2025-05-18T19:30:00-07:00,44,71,9.8
2025-05-18T20:00:00-07:00,47,70,11.1
2025-05-18T20:30:00-07:00,49,68,13.3
2025-05-18T21:00:00-07:00,51,68,11.1
2025-05-18T21:30:00-07:00,53,68,11.1
2025-05-18T22:00:00-07:00,54,67,10.7
2025-05-18T22:30:00-07:00,54,66,10.5
2025-05-18T23:00:00-07:00,55,66,10.4
2025-05-18T23:30:00-07:00,56,65,9.9
2025-05-19T00:00:00-07:00,56,65,10.1
2025-05-19T00:30:00-07:00,56,65,9.3
2025-05-19T01:00:00-07:00,57,64,9.9
2025-05-19T01:30:00-07:00,59,63,9.8
2025-05-19T02:00:00-07:00,59,62,10.5
2025-05-19T02:30:00-07:00,60,62,11.6
2025-05-19T03:00:00-07:00,61,61,10.2
2025-05-19T03:30:00-07:00,62,61,10
2025-05-19T04:00:00-07:00,62,61,10.2
2025-05-19T04:30:00-07:00,63,61,11.1
2025-05-19T05:00:00-07:00,62,61,10.4
2025-05-19T05:30:00-07:00,63,60,10.4
2025-05-19T06:00:00-07:00,63,60,11.2
2025-05-19T06:30:00-07:00,64,62,9.8
2025-05-19T07:00:00-07:00,61,64,9
2025-05-19T07:30:00-07:00,54,68,7.9
2025-05-19T08:00:00-07:00,46,73,7.7
2025-05-19T08:30:00-07:00,40,77,8
2025-05-19T09:00:00-07:00,36,80,5.7
2025-05-19T09:30:00-07:00,33,83,5.2
2025-05-19T10:00:00-07:00,32,85,5.4
2025-05-19T10:30:00-07:00,31,86,5.5
2025-05-19T11:00:00-07:00,31,88,5.4
2025-05-19T11:30:00-07:00,30,88,5.6
2025-05-19T12:00:00-07:00,31,87,4.9
2025-05-19T12:30:00-07:00,32,87,4
2025-05-19T13:00:00-07:00,31,88,3
2025-05-19T13:30:00-07:00,32,87,2.3
2025-05-19T14:00:00-07:00,32,87,2
2025-05-19T14:30:00-07:00,32,87,1.9
2025-05-19T15:00:00-07:00,33,86,1.6
2025-05-19T15:30:00-07:00,34,86,1.7
2025-05-19T16:00:00-07:00,35,84,1.3
2025-05-19T16:30:00-07:00,38,82,1.1
2025-05-19T17:00:00-07:00,40,80,1.2
2025-05-19T17:30:00-07:00,40,80,1.3
2025-05-19T18:00:00-07:00,43,77,2.4
2025-05-19T18:30:00-07:00,45,75,2.4
2025-05-19T19:00:00-07:00,47,73,2.5
2025-05-19T19:30:00-07:00,48,72,2.9
2025-05-19T20:00:00-07:00,51,70,6.8
2025-05-19T20:30:00-07:00,54,68,4.5
2025-05-19T21:00:00-07:00,57,67,3.7
2025-05-19T21:30:00-07:00,58,67,3.8
2025-05-19T22:00:00-07:00,61,66,4.4
2025-05-19T22:30:00-07:00,62,66,4.5
2025-05-19T23:00:00-07:00,63,65,4.6
2025-05-19T23:30:00-07:00,63,65,4.4
2025-05-20T00:00:00-07:00,64,65,3.9
2025-05-20T00:30:00-07:00,64,64,3.5
2025-05-20T01:00:00-07:00,65,64,3.5
2025-05-20T01:30:00-07:00,66,64,3.6
2025-05-20T02:00:00-07:00,66,64,4.1
2025-05-20T02:30:00-07:00,66,63,4.1
2025-05-20T03:00:00-07:00,66,63,4.2
2025-05-20T03:30:00-07:00,66,63,4.4
2025-05-20T04:00:00-07:00,66,63,4.9
2025-05-20T04:30:00-07:00,65,62,5.6
2025-05-20T05:00:00-07:00,64,62,6.4
2025-05-20T05:30:00-07:00,66,62,6.2
2025-05-20T06:00:00-07:00,66,62,5.2
2025-05-20T06:30:00-07:00,65,63,5.3
2025-05-20T07:00:00-07:00,64,65,5.1
2025-05-20T07:30:00-07:00,58,69,6.1
2025-05-20T08:00:00-07:00,49,74,4.6
2025-05-20T08:30:00-07:00,43,78,3.1
2025-05-20T09:00:00-07:00,38,80,2.9
2025-05-20T09:30:00-07:00,35,82,2.8
2025-05-20T10:00:00-07:00,33,83,2.6
2025-05-20T10:30:00-07:00,30,84,2.3
2025-05-20T11:00:00-07:00,28,85,2.4
2025-05-20T11:30:00-07:00,25,86,1.7
2025-05-20T12:00:00-07:00,22,87,1.3
2025-05-20T12:30:00-07:00,22,87,1.4
2025-05-20T13:00:00-07:00,24,87,2.3
2025-05-20T13:30:00-07:00,28,85,3.4
2025-05-20T14:00:00-07:00,28,85,3.2
2025-05-20T14:30:00-07:00,26,84,2.5
2025-05-20T15:00:00-07:00,26,85,2.5
2025-05-20T15:30:00-07:00,26,84,2.4
2025-05-20T16:00:00-07:00,27,84,2.5
2025-05-20T16:30:00-07:00,30,82,3.2
2025-05-20T17:00:00-07:00,33,80,3.9
2025-05-20T17:30:00-07:00,35,78,9
2025-05-20T18:00:00-07:00,36,76,7.7
2025-05-20T18:30:00-07:00,38,73,5
2025-05-20T19:00:00-07:00,42,70,6.6
2025-05-20T19:30:00-07:00,43,69,9.2
2025-05-20T20:00:00-07:00,45,67,6.1
2025-05-20T20:30:00-07:00,49,66,6.5
2025-05-20T21:00:00-07:00,51,65,6.7
2025-05-20T21:30:00-07:00,53,65,7.7
2025-05-20T22:00:00-07:00,54,64,8
2025-05-20T22:30:00-07:00,54,64,7.8
2025-05-20T23:00:00-07:00,55,64,8
2025-05-20T23:30:00-07:00,56,63,8.5
2025-05-21T00:00:00-07:00,57,63,9.4
2025-05-21T00:30:00-07:00,57,63,8.9
2025-05-21T01:00:00-07:00,58,62,9
2025-05-21T01:30:00-07:00,58,61,9.7
2025-05-21T02:00:00-07:00,58,61,8.9
2025-05-21T02:30:00-07:00,60,60,9.2
2025-05-21T03:00:00-07:00,60,60,8.8
2025-05-21T03:30:00-07:00,60,59,7.5
2025-05-21T04:00:00-07:00,60,59,8.7
2025-05-21T04:30:00-07:00,60,58,10.7
2025-05-21T05:00:00-07:00,60,58,7
2025-05-21T05:30:00-07:00,60,58,14.6
2025-05-21T06:00:00-07:00,60,58,9.7
2025-05-21T06:30:00-07:00,60,59,12.2
2025-05-21T07:00:00-07:00,58,62,8.8
2025-05-21T07:30:00-07:00,52,68,8.2
2025-05-21T08:00:00-07:00,43,74,10.3
2025-05-21T08:30:00-07:00,37,78,8
2025-05-21T09:00:00-07:00,34,81,7.2
2025-05-21T09:30:00-07:00,31,84,6.8
2025-05-21T10:00:00-07:00,30,85,6.9
2025-05-21T10:30:00-07:00,29,88,6.5
2025-05-21T11:00:00-07:00,27,89,6.3
2025-05-21T11:30:00-07:00,28,88,5.3
2025-05-21T12:00:00-07:00,27,90,4.9
2025-05-21T12:30:00-07:00,25,91,4.5
2025-05-21T13:00:00-07:00,23,93,4.2
2025-05-21T13:30:00-07:00,22,93,4.3
2025-05-21T14:00:00-07:00,27,91,6.4
2025-05-21T14:30:00-07:00,32,87,6
2025-05-21T15:00:00-07:00,32,85,5.1
2025-05-21T15:30:00-07:00,30,87,4.3
2025-05-21T16:00:00-07:00,27,87,4
2025-05-21T16:30:00-07:00,30,87,4.7
2025-05-21T17:00:00-07:00,30,86,4.8
2025-05-21T17:30:00-07:00,29,84,4.3
2025-05-21T18:00:00-07:00,30,81,3.9
2025-05-21T18:30:00-07:00,37,76,5.5
2025-05-21T19:00:00-07:00,41,72,5
2025-05-21T19:30:00-07:00,46,70,5.9
2025-05-21T20:00:00-07:00,50,67,6.3
2025-05-21T20:30:00-07:00,52,67,5.6
2025-05-21T21:00:00-07:00,52,67,5.4
2025-05-21T21:30:00-07:00,52,66,5.8
2025-05-21T22:00:00-07:00,53,66,5.5
2025-05-21T22:30:00-07:00,55,65,5.5
2025-05-21T23:00:00-07:00,54,65,5.2
2025-05-21T23:30:00-07:00,56,64,5.5
2025-05-22T00:00:00-07:00,57,64,6
2025-05-22T00:30:00-07:00,58,64,6.4
2025-05-22T01:00:00-07:00,58,64,5.9
2025-05-22T01:30:00-07:00,58,63,5.7
2025-05-22T02:00:00-07:00,59,63,5.4
2025-05-22T02:30:00-07:00,60,62,5
2025-05-22T03:00:00-07:00,61,62,5
2025-05-22T03:30:00-07:00,61,62,4.9
2025-05-22T04:00:00-07:00,61,62,4.8
2025-05-22T04:30:00-07:00,60,61,4.6
2025-05-22T05:00:00-07:00,61,61,4.2
2025-05-22T05:30:00-07:00,62,60,4.3
2025-05-22T06:00:00-07:00,63,60,4.7
2025-05-22T06:30:00-07:00,64,61,5.2
2025-05-22T07:00:00-07:00,61,64,5.2
2025-05-22T07:30:00-07:00,54,67,5.2
2025-05-22T08:00:00-07:00,47,71,4.7
2025-05-22T08:30:00-07:00,40,75,5.9
2025-05-22T09:00:00-07:00,37,77,3.6
2025-05-22T09:30:00-07:00,35,79,3.5
2025-05-22T10:00:00-07:00,33,81,3.4
2025-05-22T10:30:00-07:00,34,80,3.4
2025-05-22T11:00:00-07:00,34,81,3.3
2025-05-22T11:30:00-07:00,33,81,3.1
2025-05-22T12:00:00-07:00,32,81,2.8
2025-05-22T12:30:00-07:00,32,81,2.4
2025-05-22T13:00:00-07:00,30,82,2.4
2025-05-22T13:30:00-07:00,29,82,2.2
2025-05-22T14:00:00-07:00,30,81,2.5
2025-05-22T14:30:00-07:00,29,81,2.4
2025-05-22T15:00:00-07:00,30,81,2.2
2025-05-22T15:30:00-07:00,33,79,2.3
2025-05-22T16:00:00-07:00,34,77,9.2
2025-05-22T16:30:00-07:00,34,76,6.6
2025-05-22T17:00:00-07:00,37,75,2.3
2025-05-22T17:30:00-07:00,38,74,2.3
2025-05-22T18:00:00-07:00,39,73,1.9
2025-05-22T18:30:00-07:00,40,71,1.8
2025-05-22T19:00:00-07:00,43,69,2
2025-05-22T19:30:00-07:00,46,67,2.4
2025-05-22T20:00:00-07:00,49,65,2.1
2025-05-22T20:30:00-07:00,51,64,1.9
2025-05-22T21:00:00-07:00,52,64,2.1
2025-05-22T21:30:00-07:00,53,63,1.9
2025-05-22T22:00:00-07:00,53,63,2.1
2025-05-22T22:30:00-07:00,54,63,2.1
2025-05-22T23:00:00-07:00,55,63,2.2
2025-05-22T23:30:00-07:00,55,62,2.7
2025-05-23T00:00:00-07:00,56,62,4.8
2025-05-23T00:30:00-07:00,56,63,3.1
2025-05-23T01:00:00-07:00,55,64,2.4
2025-05-23T01:30:00-07:00,55,64,2.4
2025-05-23T02:00:00-07:00,55,64,2.7
2025-05-23T02:30:00-07:00,55,64,2.6
2025-05-23T03:00:00-07:00,56,63,2.7
2025-05-23T03:30:00-07:00,55,63,2.4
2025-05-23T04:00:00-07:00,54,64,2.4
2025-05-23T04:30:00-07:00,54,64,2.3
2025-05-23T05:00:00-07:00,54,64,2.3
2025-05-23T05:30:00-07:00,56,62,2.6
2025-05-23T06:00:00-07:00,58,61,2.4
2025-05-23T06:30:00-07:00,58,62,2.9
2025-05-23T07:00:00-07:00,56,64,2.7
2025-05-23T07:30:00-07:00,52,66,2.7
2025-05-23T08:00:00-07:00,48,70,3.7
2025-05-23T08:30:00-07:00,47,70,5.3
2025-05-23T09:00:00-07:00,44,72,3.7
2025-05-23T09:30:00-07:00,42,73,3.9
2025-05-23T10:00:00-07:00,41,75,6.8
2025-05-23T10:30:00-07:00,39,76,4.3
2025-05-23T11:00:00-07:00,39,76,4.2
2025-05-23T11:30:00-07:00,38,77,5.1
2025-05-23T12:00:00-07:00,37,78,3.9
2025-05-23T12:30:00-07:00,36,78,3.7
2025-05-23T13:00:00-07:00,37,78,4.5
2025-05-23T13:30:00-07:00,39,77,9.1
2025-05-23T14:00:00-07:00,39,77,16.5
2025-05-23T14:30:00-07:00,38,78,13.3
2025-05-23T15:00:00-07:00,38,78,8.2
2025-05-23T15:30:00-07:00,38,78,7.9
2025-05-23T16:00:00-07:00,39,76,8.4
2025-05-23T16:30:00-07:00,40,76,5.1
2025-05-23T17:00:00-07:00,40,75,5
2025-05-23T17:30:00-07:00,41,74,5.3
2025-05-23T18:00:00-07:00,43,73,5.2
2025-05-23T18:30:00-07:00,45,71,5.4
2025-05-23T19:00:00-07:00,49,68,7.2
2025-05-23T19:30:00-07:00,52,66,5.7
2025-05-23T20:00:00-07:00,55,65,6.1
2025-05-23T20:30:00-07:00,57,64,6.3
2025-05-23T21:00:00-07:00,57,64,6.1
2025-05-23T21:30:00-07:00,57,64,6.3
2025-05-23T22:00:00-07:00,59,63,6.3
2025-05-23T22:30:00-07:00,59,63,6.1
2025-05-23T23:00:00-07:00,60,63,6.1
2025-05-23T23:30:00-07:00,61,62,5.9
2025-05-24T00:00:00-07:00,61,62,6.8
2025-05-24T00:30:00-07:00,61,62,7.1
2025-05-24T01:00:00-07:00,62,62,6.8
2025-05-24T01:30:00-07:00,63,61,5.6
2025-05-24T02:00:00-07:00,63,62,5.5
2025-05-24T02:30:00-07:00,63,61,5.4
2025-05-24T03:00:00-07:00,63,61,5.5
2025-05-24T03:30:00-07:00,63,61,5.5
2025-05-24T04:00:00-07:00,63,61,5.1
2025-05-24T04:30:00-07:00,62,60,5.2
2025-05-24T05:00:00-07:00,63,62,5.3
2025-05-24T05:30:00-07:00,60,63,4.7
2025-05-24T06:00:00-07:00,59,64,5.1
2025-05-24T06:30:00-07:00,57,65,5.8
2025-05-24T07:00:00-07:00,55,66,10.8
2025-05-24T07:30:00-07:00,55,66,11.3
2025-05-24T08:00:00-07:00,53,67,12
2025-05-24T08:30:00-07:00,51,68,10.3
2025-05-24T09:00:00-07:00,49,70,9.1
2025-05-24T09:30:00-07:00,45,73,7.1
2025-05-24T10:00:00-07:00,40,76,8.5
2025-05-24T10:30:00-07:00,36,80,6
2025-05-24T11:00:00-07:00,36,80,5.6
2025-05-24T11:30:00-07:00,38,79,4.8
2025-05-24T12:00:00-07:00,39,78,4.9
2025-05-24T12:30:00-07:00,39,78,5.3
2025-05-24T13:00:00-07:00,40,78,6.2
2025-05-24T13:30:00-07:00,41,77,15
2025-05-24T14:00:00-07:00,42,76,8.7
2025-05-24T14:30:00-07:00,41,76,9.8
2025-05-24T15:00:00-07:00,41,76,9.3
2025-05-24T15:30:00-07:00,41,76,5.7
2025-05-24T16:00:00-07:00,40,76,5.4
2025-05-24T16:30:00-07:00,40,76,5.1
2025-05-24T17:00:00-07:00,41,75,4.7
2025-05-24T17:30:00-07:00,42,74,4.3
2025-05-24T18:00:00-07:00,44,73,4.1
2025-05-24T18:30:00-07:00,47,70,3.9
2025-05-24T19:00:00-07:00,49,69,9.1
2025-05-24T19:30:00-07:00,50,67,3.8
2025-05-24T20:00:00-07:00,52,67,3.5
2025-05-24T20:30:00-07:00,52,66,3.2
2025-05-24T21:00:00-07:00,52,66,3
2025-05-24T21:30:00-07:00,53,66,2.8
2025-05-24T22:00:00-07:00,53,66,2.6
2025-05-24T22:30:00-07:00,54,65,2.6
2025-05-24T23:00:00-07:00,54,65,2.4
2025-05-24T23:30:00-07:00,54,65,2.5
2025-05-25T00:00:00-07:00,54,65,2.7
2025-05-25T00:30:00-07:00,55,65,2.7
2025-05-25T01:00:00-07:00,54,64,2.5
2025-05-25T01:30:00-07:00,55,64,2.4
2025-05-25T02:00:00-07:00,54,64,2.4
2025-05-25T02:30:00-07:00,55,64,2
2025-05-25T03:00:00-07:00,55,64,2
2025-05-25T03:30:00-07:00,55,64,1.9
2025-05-25T04:00:00-07:00,54,64,1.6
2025-05-25T04:30:00-07:00,54,64,1.7
2025-05-25T05:00:00-07:00,55,64,1.7
2025-05-25T05:30:00-07:00,54,64,1.8
2025-05-25T06:00:00-07:00,55,64,1.8
2025-05-25T06:30:00-07:00,54,65,1.8
2025-05-25T07:00:00-07:00,54,65,1.8
2025-05-25T07:30:00-07:00,54,65,2
2025-05-25T08:00:00-07:00,54,65,2
2025-05-25T08:30:00-07:00,52,66,1.8
2025-05-25T09:00:00-07:00,47,69,1.5
2025-05-25T09:30:00-07:00,45,71,1
2025-05-25T10:00:00-07:00,44,73,0.9
2025-05-25T10:30:00-07:00,41,75,10.4
2025-05-25T11:00:00-07:00,40,75,10.7
2025-05-25T11:30:00-07:00,40,76,12.1
2025-05-25T12:00:00-07:00,38,77,9.8
2025-05-25T12:30:00-07:00,38,76,11.9
2025-05-25T13:00:00-07:00,37,76,1.7
2025-05-25T13:30:00-07:00,36,77,1.8
2025-05-25T14:00:00-07:00,35,78,9.1
2025-05-25T14:30:00-07:00,36,77,7.8
2025-05-25T15:00:00-07:00,36,76,7.8
2025-05-25T15:30:00-07:00,37,76,3.1
2025-05-25T16:00:00-07:00,37,76,3.8
2025-05-25T16:30:00-07:00,38,76,1.1
2025-05-25T17:00:00-07:00,39,75,1.2
2025-05-25T17:30:00-07:00,40,74,1.4
2025-05-25T18:00:00-07:00,40,73,1.3
2025-05-25T18:30:00-07:00,41,72,1.4
2025-05-25T19:00:00-07:00,44,71,1.7
2025-05-25T19:30:00-07:00,46,69,3.2
2025-05-25T20:00:00-07:00,49,68,2.2
2025-05-25T20:30:00-07:00,50,67,2.2
2025-05-25T21:00:00-07:00,52,67,2.2
2025-05-25T21:30:00-07:00,54,66,2.1
2025-05-25T22:00:00-07:00,55,66,2.3
2025-05-25T22:30:00-07:00,56,67,1.9
2025-05-25T23:00:00-07:00,56,67,1.5
2025-05-25T23:30:00-07:00,56,67,1.3
2025-05-26T00:00:00-07:00,56,66,1.3
2025-05-26T00:30:00-07:00,56,66,1.6
2025-05-26T01:00:00-07:00,57,66,1.2
2025-05-26T01:30:00-07:00,57,66,0.9
2025-05-26T02:00:00-07:00,56,67,0.6
2025-05-26T02:30:00-07:00,57,66,0.6
2025-05-26T03:00:00-07:00,58,66,0.5
2025-05-26T03:30:00-07:00,58,67,0.9
2025-05-26T04:00:00-07:00,58,67,1
2025-05-26T04:30:00-07:00,59,66,1
2025-05-26T05:00:00-07:00,58,67,1.1
2025-05-26T05:30:00-07:00,58,66,1.2
2025-05-26T06:00:00-07:00,57,67,1.6
2025-05-26T06:30:00-07:00,55,68,1.9
2025-05-26T07:00:00-07:00,54,69,1.5
2025-05-26T07:30:00-07:00,53,69,1.4
2025-05-26T08:00:00-07:00,57,69,1.5
2025-05-26T08:30:00-07:00,59,69,1.8
2025-05-26T09:00:00-07:00,59,69,1.3
2025-05-26T09:30:00-07:00,58,71,0.2
2025-05-26T10:00:00-07:00,52,73,0.1
2025-05-26T10:30:00-07:00,47,74,0.1
2025-05-26T11:00:00-07:00,40,79,0.3
2025-05-26T11:30:00-07:00,36,82,0.2
2025-05-26T12:00:00-07:00,35,82,0.3
2025-05-26T12:30:00-07:00,37,81,1
2025-05-26T13:00:00-07:00,36,82,1.1
2025-05-26T13:30:00-07:00,37,81,0.8
2025-05-26T14:00:00-07:00,39,79,0.4
2025-05-26T14:30:00-07:00,42,78,0.5
2025-05-26T15:00:00-07:00,42,79,0.9
2025-05-26T15:30:00-07:00,40,80,1
2025-05-26T16:00:00-07:00,41,79,0.9
2025-05-26T16:30:00-07:00,42,77,8.2
2025-05-26T17:00:00-07:00,43,76,7.2
2025-05-26T17:30:00-07:00,43,76,1.8
2025-05-26T18:00:00-07:00,45,75,37.8
2025-05-26T18:30:00-07:00,50,71,4.3
2025-05-26T19:00:00-07:00,54,69,4
2025-05-26T19:30:00-07:00,55,68,5.2
2025-05-26T20:00:00-07:00,57,67,4.3
2025-05-26T20:30:00-07:00,58,66,4.4
2025-05-26T21:00:00-07:00,58,66,4.6
2025-05-26T21:30:00-07:00,58,66,4.4
2025-05-26T22:00:00-07:00,58,66,3.8
2025-05-26T22:30:00-07:00,59,65,4.5
2025-05-26T23:00:00-07:00,59,65,4.6
2025-05-26T23:30:00-07:00,60,65,3.9
2025-05-27T00:00:00-07:00,60,64,3.6
2025-05-27T00:30:00-07:00,60,64,3
2025-05-27T01:00:00-07:00,61,63,3.1
2025-05-27T01:30:00-07:00,61,62,5.2
2025-05-27T02:00:00-07:00,61,62,4.1
2025-05-27T02:30:00-07:00,61,61,4.2
2025-05-27T03:00:00-07:00,61,60,4.3
2025-05-27T03:30:00-07:00,62,60,5.5
2025-05-27T04:00:00-07:00,63,60,6
2025-05-27T04:30:00-07:00,63,59,5
2025-05-27T05:00:00-07:00,63,59,4.4
2025-05-27T05:30:00-07:00,64,61,3.9
2025-05-27T06:00:00-07:00,63,62,5
2025-05-27T06:30:00-07:00,62,64,5.6
2025-05-27T07:00:00-07:00,59,66,9.1
2025-05-27T07:30:00-07:00,55,68,10.1
2025-05-27T08:00:00-07:00,49,73,9.8
2025-05-27T08:30:00-07:00,42,77,9.5
2025-05-27T09:00:00-07:00,39,80,8.2
2025-05-27T09:30:00-07:00,37,82,7.8
2025-05-27T10:00:00-07:00,35,83,7.4
2025-05-27T10:30:00-07:00,33,85,5.7
2025-05-27T11:00:00-07:00,32,86,4.8
2025-05-27T11:30:00-07:00,31,87,4
2025-05-27T12:00:00-07:00,32,89,4.9
2025-05-27T12:30:00-07:00,32,88,4.8
2025-05-27T13:00:00-07:00,33,88,4.3
2025-05-27T13:30:00-07:00,31,90,4.4
2025-05-27T14:00:00-07:00,29,92,4.1
2025-05-27T14:30:00-07:00,29,92,4
2025-05-27T15:00:00-07:00,30,92,4.6
2025-05-27T15:30:00-07:00,29,92,4.8
2025-05-27T16:00:00-07:00,29,91,4.5
2025-05-27T16:30:00-07:00,31,89,4.8
2025-05-27T17:00:00-07:00,31,88,5.6
2025-05-27T17:30:00-07:00,35,84,5.5
2025-05-27T18:00:00-07:00,41,79,5.6
2025-05-27T18:30:00-07:00,41,77,9.6
2025-05-27T19:00:00-07:00,43,75,5.2
2025-05-27T19:30:00-07:00,44,73,4.4
2025-05-27T20:00:00-07:00,49,70,4.8
2025-05-27T20:30:00-07:00,53,69,7.7
2025-05-27T21:00:00-07:00,57,68,5.4
2025-05-27T21:30:00-07:00,60,66,6.1
2025-05-27T22:00:00-07:00,62,65,5.8
2025-05-27T22:30:00-07:00,62,65,6
2025-05-27T23:00:00-07:00,62,64,5.8
2025-05-27T23:30:00-07:00,62,65,5.1
2025-05-28T00:00:00-07:00,62,65,5.2
2025-05-28T00:30:00-07:00,62,65,5.1
2025-05-28T01:00:00-07:00,61,65,5.1
2025-05-28T01:30:00-07:00,62,65,5.3
2025-05-28T02:00:00-07:00,61,65,5.7
2025-05-28T02:30:00-07:00,61,66,5.9
2025-05-28T03:00:00-07:00,60,66,6
2025-05-28T03:30:00-07:00,61,66,5.2
2025-05-28T04:00:00-07:00,60,66,4.7
2025-05-28T04:30:00-07:00,59,65,3.3
2025-05-28T05:00:00-07:00,60,65,2.7
2025-05-28T05:30:00-07:00,61,65,2.5
2025-05-28T06:00:00-07:00,60,65,1.8
2025-05-28T06:30:00-07:00,60,65,1.6
2025-05-28T07:00:00-07:00,58,66,1.6
2025-05-28T07:30:00-07:00,57,66,1.8
2025-05-28T08:00:00-07:00,55,67,2.1
2025-05-28T08:30:00-07:00,52,70,3.2
2025-05-28T09:00:00-07:00,49,71,2.8
2025-05-28T09:30:00-07:00,45,74,3.4
2025-05-28T10:00:00-07:00,42,77,5.6
2025-05-28T10:30:00-07:00,42,76,4.4
2025-05-28T11:00:00-07:00,46,73,4.8
2025-05-28T11:30:00-07:00,49,71,4
2025-05-28T12:00:00-07:00,49,71,3.4
2025-05-28T12:30:00-07:00,48,73,2.9
2025-05-28T13:00:00-07:00,46,73,3.6
2025-05-28T13:30:00-07:00,46,73,3.9
2025-05-28T14:00:00-07:00,44,74,3.4
2025-05-28T14:30:00-07:00,40,76,4.6
2025-05-28T15:00:00-07:00,38,78,10.1
2025-05-28T15:30:00-07:00,36,80,2.5
2025-05-28T16:00:00-07:00,35,81,2.3
2025-05-28T16:30:00-07:00,37,79,2.8
2025-05-28T17:00:00-07:00,39,76,5.3
2025-05-28T17:30:00-07:00,41,74,1.9
2025-05-28T18:00:00-07:00,43,73,1.6
2025-05-28T18:30:00-07:00,45,71,1.8
2025-05-28T19:00:00-07:00,47,69,2.3
2025-05-28T19:30:00-07:00,50,68,2.2
2025-05-28T20:00:00-07:00,53,66,1.4
2025-05-28T20:30:00-07:00,55,66,1.2
2025-05-28T21:00:00-07:00,56,66,1.1
2025-05-28T21:30:00-07:00,57,66,0.9
2025-05-28T22:00:00-07:00,57,66,0.8
2025-05-28T22:30:00-07:00,56,66,0.9
2025-05-28T23:00:00-07:00,56,65,0.8
2025-05-28T23:30:00-07:00,55,66,0.9
2025-05-29T00:00:00-07:00,56,66,1
2025-05-29T00:30:00-07:00,57,65,1.1
2025-05-29T01:00:00-07:00,59,64,1.1
2025-05-29T01:30:00-07:00,60,63,1
2025-05-29T02:00:00-07:00,59,63,1
2025-05-29T02:30:00-07:00,61,63,1
2025-05-29T03:00:00-07:00,61,64,0.9
2025-05-29T03:30:00-07:00,59,64,0.9
2025-05-29T04:00:00-07:00,59,64,1
2025-05-29T04:30:00-07:00,58,66,1
2025-05-29T05:00:00-07:00,57,66,0.9
2025-05-29T05:30:00-07:00,60,65,1.3
2025-05-29T06:00:00-07:00,61,65,1
2025-05-29T06:30:00-07:00,59,67,1
2025-05-29T07:00:00-07:00,60,66,1.3
2025-05-29T07:30:00-07:00,59,67,1.5
2025-05-29T08:00:00-07:00,55,70,1.7
2025-05-29T08:30:00-07:00,48,74,1.2
2025-05-29T09:00:00-07:00,41,79,1.8
2025-05-29T09:30:00-07:00,38,81,1.1
2025-05-29T10:00:00-07:00,35,83,1.1
2025-05-29T10:30:00-07:00,34,85,1.1
2025-05-29T11:00:00-07:00,31,86,0.7
2025-05-29T11:30:00-07:00,30,86,0.6
2025-05-29T12:00:00-07:00,32,86,1.1
2025-05-29T12:30:00-07:00,30,87,0.8
2025-05-29T13:00:00-07:00,28,88,0.7
2025-05-29T13:30:00-07:00,28,89,0.9
2025-05-29T14:00:00-07:00,29,89,1.1
2025-05-29T14:30:00-07:00,30,90,1.5
2025-05-29T15:00:00-07:00,31,89,1.3
2025-05-29T15:30:00-07:00,32,89,1.4
2025-05-29T16:00:00-07:00,32,88,1.2
2025-05-29T16:30:00-07:00,33,88,1.5
2025-05-29T17:00:00-07:00,35,86,1.4
2025-05-29T17:30:00-07:00,37,84,1.4
2025-05-29T18:00:00-07:00,41,81,2
2025-05-29T18:30:00-07:00,44,78,4.7
2025-05-29T19:00:00-07:00,48,76,5.8
2025-05-29T19:30:00-07:00,52,74,3.1
2025-05-29T20:00:00-07:00,55,72,3.6
2025-05-29T20:30:00-07:00,58,70,5.6
2025-05-29T21:00:00-07:00,61,69,12.2
2025-05-29T21:30:00-07:00,62,68,14.6
2025-05-29T22:00:00-07:00,63,68,5.2
2025-05-29T22:30:00-07:00,63,68,4.5
2025-05-29T23:00:00-07:00,64,67,3.6
2025-05-29T23:30:00-07:00,64,67,4
2025-05-30T00:00:00-07:00,65,66,3.9
2025-05-30T00:30:00-07:00,66,66,3.5
2025-05-30T01:00:00-07:00,65,66,3.5
2025-05-30T01:30:00-07:00,65,65,4.2
2025-05-30T02:00:00-07:00,65,65,3.6
2025-05-30T02:30:00-07:00,66,65,3.6
2025-05-30T03:00:00-07:00,65,65,3.6
2025-05-30T03:30:00-07:00,64,64,3.5
2025-05-30T04:00:00-07:00,64,64,3.6
2025-05-30T04:30:00-07:00,65,64,3.6
2025-05-30T05:00:00-07:00,64,63,3.8
2025-05-30T05:30:00-07:00,64,63,4.3
2025-05-30T06:00:00-07:00,65,63,4.8
2025-05-30T06:30:00-07:00,66,64,4.7
2025-05-30T07:00:00-07:00,64,68,6.5
2025-05-30T07:30:00-07:00,56,73,5.1
2025-05-30T08:00:00-07:00,49,77,6.4
2025-05-30T08:30:00-07:00,45,80,4.5
2025-05-30T09:00:00-07:00,40,84,3.9
2025-05-30T09:30:00-07:00,36,88,3.5
2025-05-30T10:00:00-07:00,34,91,3.3
2025-05-30T10:30:00-07:00,33,93,4.3
2025-05-30T11:00:00-07:00,32,94,4.6
2025-05-30T11:30:00-07:00,31,96,4.7
2025-05-30T12:00:00-07:00,30,97,4.7
2025-05-30T12:30:00-07:00,28,98,3.4
2025-05-30T13:00:00-07:00,28,100,3.9
2025-05-30T13:30:00-07:00,26,102,3.4
2025-05-30T14:00:00-07:00,25,102,3.3
2025-05-30T14:30:00-07:00,24,103,3.2
2025-05-30T15:00:00-07:00,24,103,4.2
2025-05-30T15:30:00-07:00,23,103,3.9
2025-05-30T16:00:00-07:00,23,104,4.2
2025-05-30T16:30:00-07:00,23,103,3.1
2025-05-30T17:00:00-07:00,23,101,2.8
2025-05-30T17:30:00-07:00,25,98,3.2
2025-05-30T18:00:00-07:00,28,96,3.8
2025-05-30T18:30:00-07:00,30,93,4.1
2025-05-30T19:00:00-07:00,31,91,4
2025-05-30T19:30:00-07:00,32,89,3.6
2025-05-30T20:00:00-07:00,37,86,5
2025-05-30T20:30:00-07:00,42,83,5.4
2025-05-30T21:00:00-07:00,45,81,6.1
2025-05-30T21:30:00-07:00,48,78,7
2025-05-30T22:00:00-07:00,51,77,10.4
2025-05-30T22:30:00-07:00,53,76,9.1
2025-05-30T23:00:00-07:00,54,75,10.9
2025-05-30T23:30:00-07:00,55,73,9.8
2025-05-31T00:00:00-07:00,56,73,9.9
2025-05-31T00:30:00-07:00,57,72,10.3
2025-05-31T01:00:00-07:00,58,71,11.2
2025-05-31T01:30:00-07:00,58,71,11
2025-05-31T02:00:00-07:00,61,70,11.4
2025-05-31T02:30:00-07:00,61,69,12.9
2025-05-31T03:00:00-07:00,61,69,17.2
2025-05-31T03:30:00-07:00,61,68,20.8
2025-05-31T04:00:00-07:00,61,68,16.1
2025-05-31T04:30:00-07:00,62,67,12.7
2025-05-31T05:00:00-07:00,63,67,11.1
2025-05-31T05:30:00-07:00,64,67,11.1
2025-05-31T06:00:00-07:00,63,67,10.5
2025-05-31T06:30:00-07:00,64,68,11.5
2025-05-31T07:00:00-07:00,60,71,12.7
2025-05-31T07:30:00-07:00,52,77,13.2
2025-05-31T08:00:00-07:00,46,81,11.3
2025-05-31T08:30:00-07:00,41,85,10.7
2025-05-31T09:00:00-07:00,38,88,10.5
2025-05-31T09:30:00-07:00,34,91,10.1
2025-05-31T10:00:00-07:00,33,93,9.4
2025-05-31T10:30:00-07:00,33,95,9.2
2025-05-31T11:00:00-07:00,30,96,8.6
2025-05-31T11:30:00-07:00,29,98,7.7
2025-05-31T12:00:00-07:00,27,100,6.8
2025-05-31T12:30:00-07:00,28,99,7.4
2025-05-31T13:00:00-07:00,27,99,5.8
2025-05-31T13:30:00-07:00,26,100,5.1
2025-05-31T14:00:00-07:00,25,100,5.8
2025-05-31T14:30:00-07:00,25,101,6
2025-05-31T15:00:00-07:00,25,100,6
2025-05-31T15:30:00-07:00,24,100,5.6
2025-05-31T16:00:00-07:00,24,100,5.9
2025-05-31T16:30:00-07:00,22,99,4.6
2025-05-31T17:00:00-07:00,24,96,4.9
2025-05-31T17:30:00-07:00,26,94,5.3
2025-05-31T18:00:00-07:00,27,92,5.7
2025-05-31T18:30:00-07:00,32,89,7.2
2025-05-31T19:00:00-07:00,36,85,7
2025-05-31T19:30:00-07:00,39,81,7.6
2025-05-31T20:00:00-07:00,41,79,7.3
2025-05-31T20:30:00-07:00,40,77,6.4
2025-05-31T21:00:00-07:00,42,76,8.2
2025-05-31T21:30:00-07:00,44,75,8.6
2025-05-31T22:00:00-07:00,47,73,7.7
2025-05-31T22:30:00-07:00,49,73,7.7
2025-05-31T23:00:00-07:00,49,72,7.1
2025-05-31T23:30:00-07:00,52,71,7.8
2025-06-01T00:00:00-07:00,54,70,11.2
2025-06-01T00:30:00-07:00,53,70,9.5
2025-06-01T01:00:00-07:00,54,69,8.3
2025-06-01T01:30:00-07:00,55,69,8
2025-06-01T02:00:00-07:00,57,68,8.9
2025-06-01T02:30:00-07:00,59,68,9.1
2025-06-01T03:00:00-07:00,59,68,8.9
2025-06-01T03:30:00-07:00,60,67,8.8
2025-06-01T04:00:00-07:00,61,67,8.8
2025-06-01T04:30:00-07:00,61,66,8.7
2025-06-01T05:00:00-07:00,62,66,9.4
2025-06-01T05:30:00-07:00,62,66,9.6
2025-06-01T06:00:00-07:00,63,66,10.1
2025-06-01T06:30:00-07:00,63,66,10.2
2025-06-01T07:00:00-07:00,61,68,9.9
2025-06-01T07:30:00-07:00,57,70,8.9
2025-06-01T08:00:00-07:00,52,73,8.4
2025-06-01T08:30:00-07:00,47,76,11.6
2025-06-01T09:00:00-07:00,43,78,7.8
2025-06-01T09:30:00-07:00,40,80,7.2
2025-06-01T10:00:00-07:00,39,81,6.7
2025-06-01T10:30:00-07:00,40,81,7.7
2025-06-01T11:00:00-07:00,39,81,7.3
2025-06-01T11:30:00-07:00,40,81,7.4
2025-06-01T12:00:00-07:00,40,81,7.9
2025-06-01T12:30:00-07:00,41,81,8.2
2025-06-01T13:00:00-07:00,40,80,7.6
2025-06-01T13:30:00-07:00,40,80,7.6
2025-06-01T14:00:00-07:00,40,81,8.1
2025-06-01T14:30:00-07:00,40,80,9.2
2025-06-01T15:00:00-07:00,40,79,10.2
2025-06-01T15:30:00-07:00,39,79,10.6
2025-06-01T16:00:00-07:00,40,79,10.4
2025-06-01T16:30:00-07:00,41,77,12.7
2025-06-01T17:00:00-07:00,41,77,13.5
2025-06-01T17:30:00-07:00,42,76,16.6
2025-06-01T18:00:00-07:00,44,74,11.6
2025-06-01T18:30:00-07:00,46,72,12.1
2025-06-01T19:00:00-07:00,48,70,13.3
2025-06-01T19:30:00-07:00,51,68,18
2025-06-01T20:00:00-07:00,53,67,13.5
2025-06-01T20:30:00-07:00,55,66,13.9
2025-06-01T21:00:00-07:00,57,65,14.5
2025-06-01T21:30:00-07:00,57,64,14
2025-06-01T22:00:00-07:00,59,64,13.7
2025-06-01T22:30:00-07:00,59,63,12.8
2025-06-01T23:00:00-07:00,60,63,13.1
2025-06-01T23:30:00-07:00,60,63,13.1
2025-06-02T00:00:00-07:00,61,63,14.1
2025-06-02T00:30:00-07:00,62,63,13.4
2025-06-02T01:00:00-07:00,61,63,12.6
2025-06-02T01:30:00-07:00,61,63,11.8
2025-06-02T02:00:00-07:00,61,63,12.2
2025-06-02T02:30:00-07:00,61,62,12.3
2025-06-02T03:00:00-07:00,61,62,12.7
2025-06-02T03:30:00-07:00,62,61,12.7
2025-06-02T04:00:00-07:00,62,61,11.9
2025-06-02T04:30:00-07:00,61,62,10.6
2025-06-02T05:00:00-07:00,61,61,9.8
2025-06-02T05:30:00-07:00,60,62,8.2
2025-06-02T06:00:00-07:00,61,62,7.9
2025-06-02T06:30:00-07:00,61,62,7.4
2025-06-02T07:00:00-07:00,58,65,6.6
2025-06-02T07:30:00-07:00,52,68,5.9
2025-06-02T08:00:00-07:00,46,73,5.6
2025-06-02T08:30:00-07:00,41,76,8.4
2025-06-02T09:00:00-07:00,39,79,5.7
2025-06-02T09:30:00-07:00,36,81,5.9
2025-06-02T10:00:00-07:00,34,83,5.5
2025-06-02T10:30:00-07:00,33,84,5.6
2025-06-02T11:00:00-07:00,32,85,6
2025-06-02T11:30:00-07:00,31,87,5.7
2025-06-02T12:00:00-07:00,30,88,5.6
2025-06-02T12:30:00-07:00,29,89,5.4
2025-06-02T13:00:00-07:00,30,89,4.9
2025-06-02T13:30:00-07:00,31,88,4.5
2025-06-02T14:00:00-07:00,30,88,4.4
2025-06-02T14:30:00-07:00,31,87,4.2
2025-06-02T15:00:00-07:00,31,87,4.4
2025-06-02T15:30:00-07:00,32,85,4.2
2025-06-02T16:00:00-07:00,33,84,3.9
2025-06-02T16:30:00-07:00,35,82,3.8
2025-06-02T17:00:00-07:00,35,82,3.6
2025-06-02T17:30:00-07:00,37,79,4
2025-06-02T18:00:00-07:00,40,78,4.2
2025-06-02T18:30:00-07:00,42,76,8.6
2025-06-02T19:00:00-07:00,45,74,4.2
2025-06-02T19:30:00-07:00,48,72,4.4
2025-06-02T20:00:00-07:00,50,70,7
2025-06-02T20:30:00-07:00,54,69,11.6
2025-06-02T21:00:00-07:00,57,68,5.4
2025-06-02T21:30:00-07:00,59,67,5.6
2025-06-02T22:00:00-07:00,61,66,5.8
2025-06-02T22:30:00-07:00,61,67,5.8
2025-06-02T23:00:00-07:00,61,66,5.7
2025-06-02T23:30:00-07:00,61,66,5.5
2025-06-03T00:00:00-07:00,62,66,5.8
2025-06-03T00:30:00-07:00,63,66,5.7
2025-06-03T01:00:00-07:00,63,66,5.5
2025-06-03T01:30:00-07:00,63,65,5.4
2025-06-03T02:00:00-07:00,63,65,5.4
2025-06-03T02:30:00-07:00,63,65,5.3
2025-06-03T03:00:00-07:00,64,65,5.4
2025-06-03T03:30:00-07:00,64,65,5.1
2025-06-03T04:00:00-07:00,63,66,5.2
2025-06-03T04:30:00-07:00,62,67,5.3
2025-06-03T05:00:00-07:00,62,67,5.8
2025-06-03T05:30:00-07:00,61,67,6.2
2025-06-03T06:00:00-07:00,61,68,6.1
2025-06-03T06:30:00-07:00,61,68,6.7
2025-06-03T07:00:00-07:00,55,69,7.1
2025-06-03T07:30:00-07:00,50,73,6.3
2025-06-03T08:00:00-07:00,43,77,5.8
2025-06-03T08:30:00-07:00,39,80,4.3
2025-06-03T09:00:00-07:00,36,82,4.5
2025-06-03T09:30:00-07:00,35,84,5.4
2025-06-03T10:00:00-07:00,34,85,5.6
2025-06-03T10:30:00-07:00,34,86,6.4
2025-06-03T11:00:00-07:00,32,87,6.9
2025-06-03T11:30:00-07:00,31,89,6.7
2025-06-03T12:00:00-07:00,30,89,5.7
2025-06-03T12:30:00-07:00,32,89,6.3
2025-06-03T13:00:00-07:00,33,88,5.6
2025-06-03T13:30:00-07:00,35,88,5.7
2025-06-03T14:00:00-07:00,35,88,5.9
2025-06-03T14:30:00-07:00,35,88,7.2
2025-06-03T15:00:00-07:00,34,89,6
2025-06-03T15:30:00-07:00,33,90,6.1
2025-06-03T16:00:00-07:00,34,88,5.9
2025-06-03T16:30:00-07:00,35,86,6.2
2025-06-03T17:00:00-07:00,34,86,6.2
2025-06-03T17:30:00-07:00,35,85,6.4
2025-06-03T18:00:00-07:00,37,83,6.7
2025-06-03T18:30:00-07:00,39,80,7.6
2025-06-03T19:00:00-07:00,42,78,7.4
2025-06-03T19:30:00-07:00,45,75,10.6
2025-06-03T20:00:00-07:00,48,72,8.7
2025-06-03T20:30:00-07:00,52,70,10.3
2025-06-03T21:00:00-07:00,54,68,13.8
2025-06-03T21:30:00-07:00,57,67,11.4
2025-06-03T22:00:00-07:00,57,67,11.5
2025-06-03T22:30:00-07:00,56,68,11.7
2025-06-03T23:00:00-07:00,56,67,11.9
2025-06-03T23:30:00-07:00,57,67,11.5
2025-06-04T00:00:00-07:00,58,66,11.8
2025-06-04T00:30:00-07:00,58,66,11.8
2025-06-04T01:00:00-07:00,59,66,12.1
2025-06-04T01:30:00-07:00,60,65,13
2025-06-04T02:00:00-07:00,60,65,13.4
2025-06-04T02:30:00-07:00,61,65,13.7
2025-06-04T03:00:00-07:00,62,65,13.8
2025-06-04T03:30:00-07:00,63,64,14.4
2025-06-04T04:00:00-07:00,63,64,16.3
2025-06-04T04:30:00-07:00,63,64,14
2025-06-04T05:00:00-07:00,62,64,13.9
2025-06-04T05:30:00-07:00,63,64,13.4
2025-06-04T06:00:00-07:00,63,65,13
2025-06-04T06:30:00-07:00,62,66,13.5
2025-06-04T07:00:00-07:00,59,68,13.9
2025-06-04T07:30:00-07:00,54,72,14.7
2025-06-04T08:00:00-07:00,48,76,16.9
2025-06-04T08:30:00-07:00,45,78,13.9
2025-06-04T09:00:00-07:00,41,82,13.2
2025-06-04T09:30:00-07:00,38,83,13.1
2025-06-04T10:00:00-07:00,37,85,12.5
2025-06-04T10:30:00-07:00,37,86,12.7
2025-06-04T11:00:00-07:00,37,86,12.6
2025-06-04T11:30:00-07:00,37,85,12.6
2025-06-04T12:00:00-07:00,35,86,11.3
2025-06-04T12:30:00-07:00,35,87,11.2
2025-06-04T13:00:00-07:00,35,86,10.4
2025-06-04T13:30:00-07:00,34,87,9.7
2025-06-04T14:00:00-07:00,34,87,9.6
2025-06-04T14:30:00-07:00,34,87,9.4
2025-06-04T15:00:00-07:00,33,88,8.9
2025-06-04T15:30:00-07:00,33,88,8.6
2025-06-04T16:00:00-07:00,33,87,7.9
2025-06-04T16:30:00-07:00,33,87,7.8
2025-06-04T17:00:00-07:00,33,86,7.2
2025-06-04T17:30:00-07:00,32,85,6.5
2025-06-04T18:00:00-07:00,35,83,7
2025-06-04T18:30:00-07:00,38,80,7.5
2025-06-04T19:00:00-07:00,40,77,7.9
2025-06-04T19:30:00-07:00,45,74,9.6
2025-06-04T20:00:00-07:00,50,71,8.5
2025-06-04T20:30:00-07:00,55,68,10.5
2025-06-04T21:00:00-07:00,58,67,8.9
2025-06-04T21:30:00-07:00,60,66,8.9
2025-06-04T22:00:00-07:00,61,66,9
2025-06-04T22:30:00-07:00,62,66,9.5
2025-06-04T23:00:00-07:00,63,65,9.2
2025-06-04T23:30:00-07:00,62,66,9.3
2025-06-05T00:00:00-07:00,63,65,9.2
2025-06-05T00:30:00-07:00,64,65,9.3
2025-06-05T01:00:00-07:00,64,65,9.3
2025-06-05T01:30:00-07:00,64,65,9
2025-06-05T02:00:00-07:00,64,65,8.6
2025-06-05T02:30:00-07:00,65,65,8.9
2025-06-05T03:00:00-07:00,64,65,8.2
2025-06-05T03:30:00-07:00,64,65,8.6
2025-06-05T04:00:00-07:00,64,65,8.4
2025-06-05T04:30:00-07:00,63,65,7.3
2025-06-05T05:00:00-07:00,62,65,7
2025-06-05T05:30:00-07:00,64,64,6.7
2025-06-05T06:00:00-07:00,63,64,6.9
2025-06-05T06:30:00-07:00,63,64,7.3
2025-06-05T07:00:00-07:00,60,66,5.7
2025-06-05T07:30:00-07:00,54,70,6
2025-06-05T08:00:00-07:00,48,74,6.5
2025-06-05T08:30:00-07:00,43,77,6.5
2025-06-05T09:00:00-07:00,40,79,4.9
2025-06-05T09:30:00-07:00,38,82,5.5
2025-06-05T10:00:00-07:00,36,83,5.5
2025-06-05T10:30:00-07:00,34,85,5.1
2025-06-05T11:00:00-07:00,34,85,4.9
2025-06-05T11:30:00-07:00,32,87,4.9
2025-06-05T12:00:00-07:00,31,89,5
2025-06-05T12:30:00-07:00,33,88,5.2
2025-06-05T13:00:00-07:00,35,87,5
2025-06-05T13:30:00-07:00,35,86,5.1
2025-06-05T14:00:00-07:00,36,86,5.3
2025-06-05T14:30:00-07:00,37,85,5.3
2025-06-05T15:00:00-07:00,36,86,5.8
2025-06-05T15:30:00-07:00,37,85,5.7
2025-06-05T16:00:00-07:00,38,84,5.4
2025-06-05T16:30:00-07:00,39,83,5.4
2025-06-05T17:00:00-07:00,39,83,5.7
2025-06-05T17:30:00-07:00,40,82,5.8
2025-06-05T18:00:00-07:00,42,80,5.5
2025-06-05T18:30:00-07:00,44,78,5.8
2025-06-05T19:00:00-07:00,45,76,10.3
2025-06-05T19:30:00-07:00,49,73,4.9
2025-06-05T20:00:00-07:00,52,71,4.8
2025-06-05T20:30:00-07:00,56,69,6.4
2025-06-05T21:00:00-07:00,58,68,9.7
2025-06-05T21:30:00-07:00,59,68,4.7
2025-06-05T22:00:00-07:00,61,67,4.7
2025-06-05T22:30:00-07:00,62,67,4.8
2025-06-05T23:00:00-07:00,62,66,4.4
2025-06-05T23:30:00-07:00,62,66,4.1
2025-06-06T00:00:00-07:00,62,66,4.3
2025-06-06T00:30:00-07:00,63,66,4.5
2025-06-06T01:00:00-07:00,64,66,4.9
2025-06-06T01:30:00-07:00,64,66,5.2
2025-06-06T02:00:00-07:00,64,66,5.1
2025-06-06T02:30:00-07:00,63,67,5.1
2025-06-06T03:00:00-07:00,61,68,5.4
2025-06-06T03:30:00-07:00,59,69,5.4
2025-06-06T04:00:00-07:00,59,69,5.6
2025-06-06T04:30:00-07:00,57,70,9.2
2025-06-06T05:00:00-07:00,56,69,9
2025-06-06T05:30:00-07:00,58,69,8.9
2025-06-06T06:00:00-07:00,58,68,9.1
2025-06-06T06:30:00-07:00,57,69,9.2
2025-06-06T07:00:00-07:00,57,69,15.3
2025-06-06T07:30:00-07:00,55,71,8.8
2025-06-06T08:00:00-07:00,52,72,9.2
2025-06-06T08:30:00-07:00,48,75,10.4
2025-06-06T09:00:00-07:00,45,77,17.1
2025-06-06T09:30:00-07:00,40,82,9.5
2025-06-06T10:00:00-07:00,38,84,9.4
2025-06-06T10:30:00-07:00,36,85,9.1
2025-06-06T11:00:00-07:00,35,86,8.8
2025-06-06T11:30:00-07:00,33,88,8
2025-06-06T12:00:00-07:00,34,87,8.7
2025-06-06T12:30:00-07:00,34,88,8.4
2025-06-06T13:00:00-07:00,34,87,8.5
2025-06-06T13:30:00-07:00,34,88,7.5
2025-06-06T14:00:00-07:00,35,88,7.1
2025-06-06T14:30:00-07:00,35,87,7
2025-06-06T15:00:00-07:00,35,88,6.4
2025-06-06T15:30:00-07:00,35,87,6.4
2025-06-06T16:00:00-07:00,35,87,5.6
2025-06-06T16:30:00-07:00,35,86,5.4
2025-06-06T17:00:00-07:00,37,85,5.5
2025-06-06T17:30:00-07:00,39,83,5.7
2025-06-06T18:00:00-07:00,41,81,6.9
2025-06-06T18:30:00-07:00,43,78,6.2
2025-06-06T19:00:00-07:00,47,75,6.9
2025-06-06T19:30:00-07:00,50,73,5.6
2025-06-06T20:00:00-07:00,53,71,6.6
2025-06-06T20:30:00-07:00,57,69,8.9
2025-06-06T21:00:00-07:00,59,68,10.4
2025-06-06T21:30:00-07:00,60,68,7.1
2025-06-06T22:00:00-07:00,60,68,7
2025-06-06T22:30:00-07:00,61,67,6.6
2025-06-06T23:00:00-07:00,62,67,6.8
2025-06-06T23:30:00-07:00,62,67,7
2025-06-07T00:00:00-07:00,63,67,8.3
2025-06-07T00:30:00-07:00,63,67,7.6
2025-06-07T01:00:00-07:00,63,66,7.7
2025-06-07T01:30:00-07:00,64,66,9.3
2025-06-07T02:00:00-07:00,64,66,9.4
2025-06-07T02:30:00-07:00,64,67,9.4
2025-06-07T03:00:00-07:00,63,67,9.3
2025-06-07T03:30:00-07:00,63,68,9.7
2025-06-07T04:00:00-07:00,63,68,10.4
2025-06-07T04:30:00-07:00,64,67,9.5
2025-06-07T05:00:00-07:00,63,68,10.3
2025-06-07T05:30:00-07:00,63,67,11
2025-06-07T06:00:00-07:00,63,68,9.7
2025-06-07T06:30:00-07:00,62,68,8.7
2025-06-07T07:00:00-07:00,60,68,9.6
2025-06-07T07:30:00-07:00,60,69,9.1
2025-06-07T08:00:00-07:00,59,70,10
2025-06-07T08:30:00-07:00,58,70,10.6
2025-06-07T09:00:00-07:00,57,71,10.9
2025-06-07T09:30:00-07:00,56,72,11.9
2025-06-07T10:00:00-07:00,54,73,12.2
2025-06-07T10:30:00-07:00,51,74,12.4
2025-06-07T11:00:00-07:00,49,76,13.6
2025-06-07T11:30:00-07:00,46,79,11.4
2025-06-07T12:00:00-07:00,44,81,11.5
2025-06-07T12:30:00-07:00,42,82,12.1
2025-06-07T13:00:00-07:00,41,83,11.4
2025-06-07T13:30:00-07:00,39,85,9.9
2025-06-07T14:00:00-07:00,38,85,7.7
2025-06-07T14:30:00-07:00,37,85,5.9
2025-06-07T15:00:00-07:00,37,85,5.5
2025-06-07T15:30:00-07:00,37,85,4.9
2025-06-07T16:00:00-07:00,36,85,4.8
2025-06-07T16:30:00-07:00,38,83,4.3
2025-06-07T17:00:00-07:00,39,81,4.1
2025-06-07T17:30:00-07:00,40,80,4.7
2025-06-07T18:00:00-07:00,43,78,5.4
2025-06-07T18:30:00-07:00,46,75,18.5
2025-06-07T19:00:00-07:00,50,73,9
2025-06-07T19:30:00-07:00,54,70,4.7
2025-06-07T20:00:00-07:00,59,68,7
2025-06-07T20:30:00-07:00,61,67,7.1
2025-06-07T21:00:00-07:00,62,66,4.9
2025-06-07T21:30:00-07:00,62,66,5
2025-06-07T22:00:00-07:00,63,65,4.8
2025-06-07T22:30:00-07:00,63,65,4.7
2025-06-07T23:00:00-07:00,62,65,5.1
2025-06-07T23:30:00-07:00,63,65,5.6
2025-06-08T00:00:00-07:00,65,65,6
2025-06-08T00:30:00-07:00,65,64,6.1
2025-06-08T01:00:00-07:00,64,64,6.4
2025-06-08T01:30:00-07:00,64,65,5.8
2025-06-08T02:00:00-07:00,64,65,6
2025-06-08T02:30:00-07:00,64,65,5.9
2025-06-08T03:00:00-07:00,62,67,6.2
2025-06-08T03:30:00-07:00,61,67,7.3
2025-06-08T04:00:00-07:00,61,67,7.4
2025-06-08T04:30:00-07:00,61,67,5.9
2025-06-08T05:00:00-07:00,61,67,5.8
2025-06-08T05:30:00-07:00,61,67,5.2
2025-06-08T06:00:00-07:00,61,67,5.2
2025-06-08T06:30:00-07:00,61,67,5.1
2025-06-08T07:00:00-07:00,60,67,5.1
2025-06-08T07:30:00-07:00,58,68,5.2
2025-06-08T08:00:00-07:00,57,70,5
2025-06-08T08:30:00-07:00,55,71,6
2025-06-08T09:00:00-07:00,49,75,6.6
2025-06-08T09:30:00-07:00,43,78,6
2025-06-08T10:00:00-07:00,40,80,5.8
2025-06-08T10:30:00-07:00,38,82,6.1
2025-06-08T11:00:00-07:00,38,83,6.5
2025-06-08T11:30:00-07:00,38,83,6.3
2025-06-08T12:00:00-07:00,39,83,5.6
2025-06-08T12:30:00-07:00,38,84,5.7
2025-06-08T13:00:00-07:00,38,84,4.8
2025-06-08T13:30:00-07:00,38,83,4.3
2025-06-08T14:00:00-07:00,38,84,3.5
2025-06-08T14:30:00-07:00,37,85,3.2
2025-06-08T15:00:00-07:00,36,85,2.6
2025-06-08T15:30:00-07:00,35,86,2
2025-06-08T16:00:00-07:00,35,86,1.7
2025-06-08T16:30:00-07:00,38,84,1.9
2025-06-08T17:00:00-07:00,38,83,2.3
2025-06-08T17:30:00-07:00,39,82,3.5
2025-06-08T18:00:00-07:00,41,80,2.6
2025-06-08T18:30:00-07:00,44,77,4.4
2025-06-08T19:00:00-07:00,48,74,19.3
2025-06-08T19:30:00-07:00,52,71,2.7
2025-06-08T20:00:00-07:00,55,69,4.4
2025-06-08T20:30:00-07:00,57,67,1.6
2025-06-08T21:00:00-07:00,60,65,0.7
2025-06-08T21:30:00-07:00,63,65,1.3
2025-06-08T22:00:00-07:00,65,64,2
2025-06-08T22:30:00-07:00,65,64,1.4
2025-06-08T23:00:00-07:00,65,65,1.2
2025-06-08T23:30:00-07:00,65,65,1.1
2025-06-09T00:00:00-07:00,66,65,2
2025-06-09T00:30:00-07:00,65,65,2.6
2025-06-09T01:00:00-07:00,65,65,2.4
2025-06-09T01:30:00-07:00,65,65,2.8
2025-06-09T02:00:00-07:00,65,65,4.1
2025-06-09T02:30:00-07:00,66,65,4.6
2025-06-09T03:00:00-07:00,65,65,4.2
2025-06-09T03:30:00-07:00,64,65,2.3
2025-06-09T04:00:00-07:00,65,65,1.1
2025-06-09T04:30:00-07:00,64,65,1.1
2025-06-09T05:00:00-07:00,64,65,1.9
2025-06-09T05:30:00-07:00,63,66,2.3
2025-06-09T06:00:00-07:00,63,66,2.3
2025-06-09T06:30:00-07:00,62,66,2.2
2025-06-09T07:00:00-07:00,60,68,3.3
2025-06-09T07:30:00-07:00,60,68,5.6
2025-06-09T08:00:00-07:00,58,69,3.3
2025-06-09T08:30:00-07:00,58,70,6.1
2025-06-09T09:00:00-07:00,57,70,4.6
2025-06-09T09:30:00-07:00,57,71,6.6
2025-06-09T10:00:00-07:00,55,71,5.3
2025-06-09T10:30:00-07:00,51,74,4.6
2025-06-09T11:00:00-07:00,46,78,5.6
2025-06-09T11:30:00-07:00,43,79,3.2
2025-06-09T12:00:00-07:00,43,80,3.2
2025-06-09T12:30:00-07:00,42,81,3.1
2025-06-09T13:00:00-07:00,41,82,2.6
2025-06-09T13:30:00-07:00,39,83,2.1
2025-06-09T14:00:00-07:00,39,83,2.1
2025-06-09T14:30:00-07:00,39,83,2.1
2025-06-09T15:00:00-07:00,41,82,2.4
2025-06-09T15:30:00-07:00,41,82,2.5
2025-06-09T16:00:00-07:00,42,81,2.8
2025-06-09T16:30:00-07:00,42,81,2.5
2025-06-09T17:00:00-07:00,44,79,2.6
2025-06-09T17:30:00-07:00,44,78,2.7
2025-06-09T18:00:00-07:00,48,75,4.4
2025-06-09T18:30:00-07:00,51,73,2.8
2025-06-09T19:00:00-07:00,56,70,4.6
2025-06-09T19:30:00-07:00,59,68,13.8
2025-06-09T20:00:00-07:00,63,66,3.6
2025-06-09T20:30:00-07:00,64,66,4.4
2025-06-09T21:00:00-07:00,64,66,4.6
2025-06-09T21:30:00-07:00,65,66,4
2025-06-09T22:00:00-07:00,65,66,3.8
2025-06-09T22:30:00-07:00,65,66,4.2
2025-06-09T23:00:00-07:00,65,66,4.7
2025-06-09T23:30:00-07:00,64,67,4.7
2025-06-10T00:00:00-07:00,64,66,4.4
2025-06-10T00:30:00-07:00,65,66,4.3
2025-06-10T01:00:00-07:00,66,66,4.7
2025-06-10T01:30:00-07:00,65,66,5.2
2025-06-10T02:00:00-07:00,65,66,5.9
2025-06-10T02:30:00-07:00,65,66,4.6
2025-06-10T03:00:00-07:00,66,65,2.1
2025-06-10T03:30:00-07:00,65,65,1
2025-06-10T04:00:00-07:00,66,65,0.5
2025-06-10T04:30:00-07:00,65,66,0.4
2025-06-10T05:00:00-07:00,64,66,0.4
2025-06-10T05:30:00-07:00,63,66,0.6
2025-06-10T06:00:00-07:00,62,67,0.7
2025-06-10T06:30:00-07:00,63,67,1.5
2025-06-10T07:00:00-07:00,63,67,1.3
2025-06-10T07:30:00-07:00,62,67,1.7
2025-06-10T08:00:00-07:00,61,68,2.2
2025-06-10T08:30:00-07:00,58,70,6.8
2025-06-10T09:00:00-07:00,56,71,3.5
2025-06-10T09:30:00-07:00,54,72,3.9
2025-06-10T10:00:00-07:00,51,74,4.4
2025-06-10T10:30:00-07:00,48,76,8.4
2025-06-10T11:00:00-07:00,45,78,6.5
2025-06-10T11:30:00-07:00,44,79,5.9
2025-06-10T12:00:00-07:00,44,79,5.8
2025-06-10T12:30:00-07:00,43,80,5.2
2025-06-10T13:00:00-07:00,42,80,4.3
2025-06-10T13:30:00-07:00,42,80,3.7
2025-06-10T14:00:00-07:00,41,81,3.3
2025-06-10T14:30:00-07:00,39,82,3.1
2025-06-10T15:00:00-07:00,39,82,3.8
2025-06-10T15:30:00-07:00,40,82,4.7
2025-06-10T16:00:00-07:00,40,81,4.5
2025-06-10T16:30:00-07:00,42,79,4.4
2025-06-10T17:00:00-07:00,44,77,7.3
2025-06-10T17:30:00-07:00,45,76,12
2025-06-10T18:00:00-07:00,47,74,6.8
2025-06-10T18:30:00-07:00,52,71,5.9
2025-06-10T19:00:00-07:00,56,68,9.5
2025-06-10T19:30:00-07:00,59,66,9.8
2025-06-10T20:00:00-07:00,61,65,9.1
2025-06-10T20:30:00-07:00,63,64,9.9
2025-06-10T21:00:00-07:00,63,64,9.9
2025-06-10T21:30:00-07:00,63,63,9.8
2025-06-10T22:00:00-07:00,63,63,8.7
2025-06-10T22:30:00-07:00,64,62,8.7
2025-06-10T23:00:00-07:00,64,62,9.4
2025-06-10T23:30:00-07:00,64,62,9.6
2025-06-11T00:00:00-07:00,64,62,9.6
2025-06-11T00:30:00-07:00,64,62,9.8
2025-06-11T01:00:00-07:00,64,61,10.6
2025-06-11T01:30:00-07:00,64,61,10.5
2025-06-11T02:00:00-07:00,65,62,9.7
2025-06-11T02:30:00-07:00,63,63,9
2025-06-11T03:00:00-07:00,62,63,8.3
2025-06-11T03:30:00-07:00,62,63,8.6
2025-06-11T04:00:00-07:00,61,63,8.3
2025-06-11T04:30:00-07:00,61,63,7.7
2025-06-11T05:00:00-07:00,60,63,7.5
2025-06-11T05:30:00-07:00,60,63,7.5
2025-06-11T06:00:00-07:00,59,63,7.3
2025-06-11T06:30:00-07:00,58,64,6.9
2025-06-11T07:00:00-07:00,57,64,7.1
2025-06-11T07:30:00-07:00,55,65,6.9
2025-06-11T08:00:00-07:00,54,66,7
2025-06-11T08:30:00-07:00,54,66,7.6
2025-06-11T09:00:00-07:00,54,67,7.8
2025-06-11T09:30:00-07:00,54,68,8.3
2025-06-11T10:00:00-07:00,48,71,7.5
2025-06-11T10:30:00-07:00,44,74,12.6
2025-06-11T11:00:00-07:00,42,75,11.1
2025-06-11T11:30:00-07:00,42,76,7.7
2025-06-11T12:00:00-07:00,40,77,7.7
2025-06-11T12:30:00-07:00,39,78,7.6
2025-06-11T13:00:00-07:00,39,78,7.7
2025-06-11T13:30:00-07:00,38,79,7.7
2025-06-11T14:00:00-07:00,38,79,7.7
2025-06-11T14:30:00-07:00,38,78,7.7
2025-06-11T15:00:00-07:00,38,78,7.6
2025-06-11T15:30:00-07:00,39,77,8.8
2025-06-11T16:00:00-07:00,39,77,9.7
2025-06-11T16:30:00-07:00,40,76,16.9
2025-06-11T17:00:00-07:00,42,75,8.3
2025-06-11T17:30:00-07:00,44,73,7.5
2025-06-11T18:00:00-07:00,45,72,7.2
2025-06-11T18:30:00-07:00,47,70,7.1
2025-06-11T19:00:00-07:00,50,68,10.5
2025-06-11T19:30:00-07:00,52,67,7.5
2025-06-11T20:00:00-07:00,55,65,7.6
2025-06-11T20:30:00-07:00,57,64,7.6
2025-06-11T21:00:00-07:00,58,64,7.4
2025-06-11T21:30:00-07:00,58,64,7.3
2025-06-11T22:00:00-07:00,58,64,7.1
2025-06-11T22:30:00-07:00,59,63,7.3
2025-06-11T23:00:00-07:00,59,63,7.4
2025-06-11T23:30:00-07:00,61,62,8.1
2025-06-12T00:00:00-07:00,60,62,7.6
2025-06-12T00:30:00-07:00,61,62,9.1
2025-06-12T01:00:00-07:00,61,62,10.4
2025-06-12T01:30:00-07:00,63,61,11.9
2025-06-12T02:00:00-07:00,63,61,8.7
2025-06-12T02:30:00-07:00,62,61,7.8
2025-06-12T03:00:00-07:00,62,60,7.7
2025-06-12T03:30:00-07:00,63,59,8.1
2025-06-12T04:00:00-07:00,63,59,7.9
2025-06-12T04:30:00-07:00,63,59,7.9
2025-06-12T05:00:00-07:00,65,59,9
2025-06-12T05:30:00-07:00,65,59,9.3
2025-06-12T06:00:00-07:00,66,59,8.8
2025-06-12T06:30:00-07:00,65,61,9.1
2025-06-12T07:00:00-07:00,62,64,8.5
2025-06-12T07:30:00-07:00,60,65,9.1
2025-06-12T08:00:00-07:00,53,69,8.3
2025-06-12T08:30:00-07:00,48,72,8
2025-06-12T09:00:00-07:00,43,74,12.1
2025-06-12T09:30:00-07:00,41,77,7.4
2025-06-12T10:00:00-07:00,38,79,7.4
2025-06-12T10:30:00-07:00,37,80,7.5
2025-06-12T11:00:00-07:00,39,79,9
2025-06-12T11:30:00-07:00,40,78,9.3
2025-06-12T12:00:00-07:00,41,77,9
2025-06-12T12:30:00-07:00,41,77,8.9
2025-06-12T13:00:00-07:00,41,77,9.1
2025-06-12T13:30:00-07:00,41,77,8.7
2025-06-12T14:00:00-07:00,39,78,8.4
2025-06-12T14:30:00-07:00,39,79,8.5
2025-06-12T15:00:00-07:00,40,78,8.8
2025-06-12T15:30:00-07:00,40,78,9.4
2025-06-12T16:00:00-07:00,39,78,9.3
2025-06-12T16:30:00-07:00,38,79,9.1
2025-06-12T17:00:00-07:00,39,78,9.7
2025-06-12T17:30:00-07:00,41,76,12
2025-06-12T18:00:00-07:00,44,74,10.1
2025-06-12T18:30:00-07:00,45,73,9.3
2025-06-12T19:00:00-07:00,47,71,9.6
2025-06-12T19:30:00-07:00,50,69,13.4
2025-06-12T20:00:00-07:00,53,67,11.5
2025-06-12T20:30:00-07:00,54,66,9.1
2025-06-12T21:00:00-07:00,55,65,9.4
2025-06-12T21:30:00-07:00,57,64,9.8
2025-06-12T22:00:00-07:00,58,64,10.2
2025-06-12T22:30:00-07:00,58,63,10.1
2025-06-12T23:00:00-07:00,60,63,10.8
2025-06-12T23:30:00-07:00,61,63,10.7
2025-06-13T00:00:00-07:00,62,62,11.3
2025-06-13T00:30:00-07:00,63,62,11.4
2025-06-13T01:00:00-07:00,64,62,12.4
2025-06-13T01:30:00-07:00,65,61,16.2
2025-06-13T02:00:00-07:00,66,61,14.2
2025-06-13T02:30:00-07:00,66,61,12.3
2025-06-13T03:00:00-07:00,66,61,13
2025-06-13T03:30:00-07:00,66,61,11.7
2025-06-13T04:00:00-07:00,65,61,10.8
2025-06-13T04:30:00-07:00,65,61,10.9
2025-06-13T05:00:00-07:00,65,61,10.7
2025-06-13T05:30:00-07:00,65,61,10.9
2025-06-13T06:00:00-07:00,65,62,10.6
2025-06-13T06:30:00-07:00,63,63,10.4
2025-06-13T07:00:00-07:00,61,64,9.6
2025-06-13T07:30:00-07:00,58,65,9.1
2025-06-13T08:00:00-07:00,55,67,8.2
2025-06-13T08:30:00-07:00,52,69,8.8
2025-06-13T09:00:00-07:00,45,73,7.4
2025-06-13T09:30:00-07:00,42,76,9.3
2025-06-13T10:00:00-07:00,40,77,7.3
2025-06-13T10:30:00-07:00,40,77,7.4
2025-06-13T11:00:00-07:00,39,78,7.9
2025-06-13T11:30:00-07:00,39,79,8.4
2025-06-13T12:00:00-07:00,39,80,7.9
2025-06-13T12:30:00-07:00,38,81,7.4
2025-06-13T13:00:00-07:00,38,81,7.1
2025-06-13T13:30:00-07:00,37,83,7.2
2025-06-13T14:00:00-07:00,36,83,7.4
2025-06-13T14:30:00-07:00,35,83,7.7
2025-06-13T15:00:00-07:00,35,82,7.8
2025-06-13T15:30:00-07:00,37,81,8
2025-06-13T16:00:00-07:00,35,81,7.8
2025-06-13T16:30:00-07:00,36,82,7.6
2025-06-13T17:00:00-07:00,36,81,7.7
2025-06-13T17:30:00-07:00,36,81,8.2
2025-06-13T18:00:00-07:00,37,80,6.9
2025-06-13T18:30:00-07:00,39,77,10
2025-06-13T19:00:00-07:00,41,74,7.5
2025-06-13T19:30:00-07:00,43,72,5.3
2025-06-13T20:00:00-07:00,46,69,5.7
2025-06-13T20:30:00-07:00,50,67,6.3
2025-06-13T21:00:00-07:00,53,66,6.1
2025-06-13T21:30:00-07:00,55,65,6.8
2025-06-13T22:00:00-07:00,56,64,6.3
2025-06-13T22:30:00-07:00,57,64,6.9
2025-06-13T23:00:00-07:00,58,63,6.8
2025-06-13T23:30:00-07:00,58,63,6.5
2025-06-14T00:00:00-07:00,58,63,6.3
2025-06-14T00:30:00-07:00,59,62,7.1
2025-06-14T01:00:00-07:00,60,62,8.4
2025-06-14T01:30:00-07:00,60,62,7.1
2025-06-14T02:00:00-07:00,61,61,7.6
2025-06-14T02:30:00-07:00,62,61,7.7
2025-06-14T03:00:00-07:00,62,61,7.1
2025-06-14T03:30:00-07:00,61,60,6.7
2025-06-14T04:00:00-07:00,63,60,7
2025-06-14T04:30:00-07:00,63,59,7.1
2025-06-14T05:00:00-07:00,63,59,8.2
2025-06-14T05:30:00-07:00,64,58,9.9
2025-06-14T06:00:00-07:00,65,58,8.4
2025-06-14T06:30:00-07:00,66,60,8.3
2025-06-14T07:00:00-07:00,62,64,8.2
2025-06-14T07:30:00-07:00,54,68,7
2025-06-14T08:00:00-07:00,47,72,5.9
2025-06-14T08:30:00-07:00,41,75,5.8
2025-06-14T09:00:00-07:00,38,77,4.9
2025-06-14T09:30:00-07:00,35,79,4.8
2025-06-14T10:00:00-07:00,34,79,4.4
2025-06-14T10:30:00-07:00,34,81,4.4
2025-06-14T11:00:00-07:00,33,82,4.8
2025-06-14T11:30:00-07:00,33,82,4.9
2025-06-14T12:00:00-07:00,34,82,5.3
2025-06-14T12:30:00-07:00,34,82,5.2
2025-06-14T13:00:00-07:00,33,82,5.3
2025-06-14T13:30:00-07:00,31,84,5
2025-06-14T14:00:00-07:00,31,84,4.9
2025-06-14T14:30:00-07:00,30,84,4.5
2025-06-14T15:00:00-07:00,29,85,4
2025-06-14T15:30:00-07:00,29,85,4.7
2025-06-14T16:00:00-07:00,28,85,4.5
2025-06-14T16:30:00-07:00,29,84,4.6
2025-06-14T17:00:00-07:00,31,82,5
2025-06-14T17:30:00-07:00,32,81,5.3
2025-06-14T18:00:00-07:00,33,80,5
2025-06-14T18:30:00-07:00,34,78,5.4
2025-06-14T19:00:00-07:00,37,77,8.7
2025-06-14T19:30:00-07:00,43,73,11.6
2025-06-14T20:00:00-07:00,47,70,7.1
2025-06-14T20:30:00-07:00,50,68,12.1
2025-06-14T21:00:00-07:00,54,67,8.9
2025-06-14T21:30:00-07:00,58,65,9.3
2025-06-14T22:00:00-07:00,59,65,9.3
2025-06-14T22:30:00-07:00,60,64,9.6
2025-06-14T23:00:00-07:00,60,64,9.1
2025-06-14T23:30:00-07:00,60,63,9.2
2025-06-15T00:00:00-07:00,59,63,8.5
2025-06-15T00:30:00-07:00,60,63,9.4
2025-06-15T01:00:00-07:00,61,62,9.7
2025-06-15T01:30:00-07:00,62,62,9.8
2025-06-15T02:00:00-07:00,61,61,9.8
2025-06-15T02:30:00-07:00,61,61,9.3
2025-06-15T03:00:00-07:00,61,60,9
2025-06-15T03:30:00-07:00,62,59,8.7
2025-06-15T04:00:00-07:00,62,59,8.5
2025-06-15T04:30:00-07:00,63,59,8.8
2025-06-15T05:00:00-07:00,63,58,9.3
2025-06-15T05:30:00-07:00,64,58,10.6
2025-06-15T06:00:00-07:00,64,59,8.5
2025-06-15T06:30:00-07:00,64,61,9.8
2025-06-15T07:00:00-07:00,62,64,9.5
2025-06-15T07:30:00-07:00,57,68,9.4
2025-06-15T08:00:00-07:00,50,72,8.5
2025-06-15T08:30:00-07:00,44,76,11.1
2025-06-15T09:00:00-07:00,41,78,8.1
2025-06-15T09:30:00-07:00,38,80,8.1
2025-06-15T10:00:00-07:00,37,81,7.7
2025-06-15T10:30:00-07:00,37,82,8.1
2025-06-15T11:00:00-07:00,34,83,7.2
2025-06-15T11:30:00-07:00,33,85,6.8
2025-06-15T12:00:00-07:00,30,87,6.5
2025-06-15T12:30:00-07:00,31,88,7
2025-06-15T13:00:00-07:00,30,87,7.1
2025-06-15T13:30:00-07:00,30,88,7.1
2025-06-15T14:00:00-07:00,29,88,7.3
2025-06-15T14:30:00-07:00,30,88,7.8
2025-06-15T15:00:00-07:00,32,87,8.2
2025-06-15T15:30:00-07:00,31,87,8.4
2025-06-15T16:00:00-07:00,32,86,8.1
2025-06-15T16:30:00-07:00,33,85,8
2025-06-15T17:00:00-07:00,35,83,8.3
2025-06-15T17:30:00-07:00,36,81,8.3
2025-06-15T18:00:00-07:00,37,78,7.8
2025-06-15T18:30:00-07:00,43,75,14.5
2025-06-15T19:00:00-07:00,44,73,17.3
2025-06-15T19:30:00-07:00,46,71,7.5
2025-06-15T20:00:00-07:00,52,68,9.3
2025-06-15T20:30:00-07:00,55,67,8.5
2025-06-15T21:00:00-07:00,59,65,9.1
2025-06-15T21:30:00-07:00,60,64,9.3
2025-06-15T22:00:00-07:00,61,64,9.1
2025-06-15T22:30:00-07:00,62,63,9.1
2025-06-15T23:00:00-07:00,64,62,9.3
2025-06-15T23:30:00-07:00,64,62,9.5
2025-06-16T00:00:00-07:00,64,62,9
2025-06-16T00:30:00-07:00,65,62,9.2
2025-06-16T01:00:00-07:00,65,62,9.2
2025-06-16T01:30:00-07:00,66,61,9.2
2025-06-16T02:00:00-07:00,66,61,9.1
2025-06-16T02:30:00-07:00,66,61,9
2025-06-16T03:00:00-07:00,67,60,9.5
2025-06-16T03:30:00-07:00,67,60,9.8
2025-06-16T04:00:00-07:00,67,60,9.2
2025-06-16T04:30:00-07:00,68,60,9.4
2025-06-16T05:00:00-07:00,67,60,8.7
2025-06-16T05:30:00-07:00,68,60,8.3
2025-06-16T06:00:00-07:00,67,60,8.4
2025-06-16T06:30:00-07:00,67,60,8.7
2025-06-16T07:00:00-07:00,63,63,7.7
2025-06-16T07:30:00-07:00,60,65,7.3
2025-06-16T08:00:00-07:00,58,66,7.5
2025-06-16T08:30:00-07:00,52,69,6.6
2025-06-16T09:00:00-07:00,50,70,6.6
2025-06-16T09:30:00-07:00,47,72,6.6
2025-06-16T10:00:00-07:00,45,74,7.6
2025-06-16T10:30:00-07:00,42,76,6.6
2025-06-16T11:00:00-07:00,41,77,6.8
2025-06-16T11:30:00-07:00,40,78,6.8
2025-06-16T12:00:00-07:00,41,78,6.5
2025-06-16T12:30:00-07:00,40,78,6.1
2025-06-16T13:00:00-07:00,38,79,4.7
2025-06-16T13:30:00-07:00,37,80,4.4
2025-06-16T14:00:00-07:00,36,81,4.3
2025-06-16T14:30:00-07:00,35,80,3.9
2025-06-16T15:00:00-07:00,34,81,3.8
2025-06-16T15:30:00-07:00,33,82,3.7
2025-06-16T16:00:00-07:00,32,82,3.5
2025-06-16T16:30:00-07:00,31,82,3.5
2025-06-16T17:00:00-07:00,33,80,3.6
2025-06-16T17:30:00-07:00,35,78,3.7
2025-06-16T18:00:00-07:00,35,77,4.2
2025-06-16T18:30:00-07:00,38,76,11.7
2025-06-16T19:00:00-07:00,39,74,4.7
2025-06-16T19:30:00-07:00,42,71,3.6
2025-06-16T20:00:00-07:00,46,68,4.5
2025-06-16T20:30:00-07:00,50,67,4
2025-06-16T21:00:00-07:00,52,66,4.2
2025-06-16T21:30:00-07:00,52,65,4.3
2025-06-16T22:00:00-07:00,54,65,4.9
2025-06-16T22:30:00-07:00,55,65,4.5
2025-06-16T23:00:00-07:00,57,64,4.7
2025-06-16T23:30:00-07:00,58,64,4.6
2025-06-17T00:00:00-07:00,59,63,4.8
2025-06-17T00:30:00-07:00,59,63,4.9
2025-06-17T01:00:00-07:00,60,63,4.8
2025-06-17T01:30:00-07:00,60,63,4.5
2025-06-17T02:00:00-07:00,60,62,4.8
2025-06-17T02:30:00-07:00,61,62,4.5
2025-06-17T03:00:00-07:00,61,62,4.8
2025-06-17T03:30:00-07:00,62,62,4.8
2025-06-17T04:00:00-07:00,62,62,4.8
2025-06-17T04:30:00-07:00,62,62,4.6
2025-06-17T05:00:00-07:00,63,61,4.7
2025-06-17T05:30:00-07:00,63,61,5.3
2025-06-17T06:00:00-07:00,63,61,4.8
2025-06-17T06:30:00-07:00,62,62,4.5
2025-06-17T07:00:00-07:00,58,65,4.7
2025-06-17T07:30:00-07:00,52,69,4.5
2025-06-17T08:00:00-07:00,46,73,3.9
2025-06-17T08:30:00-07:00,40,76,6
2025-06-17T09:00:00-07:00,38,78,3.7
2025-06-17T09:30:00-07:00,35,80,3.4
2025-06-17T10:00:00-07:00,33,82,3.4
2025-06-17T10:30:00-07:00,31,85,3.4
2025-06-17T11:00:00-07:00,30,85,3.1
2025-06-17T11:30:00-07:00,28,87,3
2025-06-17T12:00:00-07:00,30,86,3.1
2025-06-17T12:30:00-07:00,29,86,2.8
2025-06-17T13:00:00-07:00,30,86,2.9
2025-06-17T13:30:00-07:00,30,85,2.6
2025-06-17T14:00:00-07:00,30,85,2.7
2025-06-17T14:30:00-07:00,31,85,3
2025-06-17T15:00:00-07:00,30,85,2.7
2025-06-17T15:30:00-07:00,30,85,2.5
2025-06-17T16:00:00-07:00,30,84,2.3
2025-06-17T16:30:00-07:00,31,83,2.6
2025-06-17T17:00:00-07:00,33,81,2.6
2025-06-17T17:30:00-07:00,33,81,2.4
2025-06-17T18:00:00-07:00,34,79,27.2
2025-06-17T18:30:00-07:00,36,77,56.3
2025-06-17T19:00:00-07:00,38,76,11.9
2025-06-17T19:30:00-07:00,42,73,2.3
2025-06-17T20:00:00-07:00,46,71,2.8
2025-06-17T20:30:00-07:00,49,69,8.6
2025-06-17T21:00:00-07:00,51,68,3.8
2025-06-17T21:30:00-07:00,53,67,3.2
2025-06-17T22:00:00-07:00,55,67,3.3
2025-06-17T22:30:00-07:00,56,67,3.4
2025-06-17T23:00:00-07:00,57,66,3.2
2025-06-17T23:30:00-07:00,57,66,3.3
2025-06-18T00:00:00-07:00,58,66,3.4
2025-06-18T00:30:00-07:00,59,65,3.4
2025-06-18T01:00:00-07:00,60,65,3.8
2025-06-18T01:30:00-07:00,61,65,3.9
2025-06-18T02:00:00-07:00,62,65,3.9
2025-06-18T02:30:00-07:00,63,64,4.1
2025-06-18T03:00:00-07:00,64,64,4.1
2025-06-18T03:30:00-07:00,65,64,4.2
2025-06-18T04:00:00-07:00,67,63,4.3
2025-06-18T04:30:00-07:00,68,63,4.4
2025-06-18T05:00:00-07:00,69,63,4.5
2025-06-18T05:30:00-07:00,69,62,4.6
2025-06-18T06:00:00-07:00,68,63,4.1
2025-06-18T06:30:00-07:00,68,63,4
2025-06-18T07:00:00-07:00,64,66,3.7
2025-06-18T07:30:00-07:00,56,70,3.6
2025-06-18T08:00:00-07:00,49,75,4.4
2025-06-18T08:30:00-07:00,43,78,2.9
2025-06-18T09:00:00-07:00,41,80,3.5
2025-06-18T09:30:00-07:00,39,82,3
2025-06-18T10:00:00-07:00,36,85,2.7
2025-06-18T10:30:00-07:00,34,86,2.7
2025-06-18T11:00:00-07:00,34,86,3.2
2025-06-18T11:30:00-07:00,34,86,2.8
2025-06-18T12:00:00-07:00,32,88,2.5
2025-06-18T12:30:00-07:00,30,89,2.4
2025-06-18T13:00:00-07:00,28,90,2.4
2025-06-18T13:30:00-07:00,28,91,2.6
2025-06-18T14:00:00-07:00,28,92,2.5
2025-06-18T14:30:00-07:00,26,94,2.3
2025-06-18T15:00:00-07:00,25,94,2
2025-06-18T15:30:00-07:00,26,95,2.3
2025-06-18T16:00:00-07:00,27,93,2.4
2025-06-18T16:30:00-07:00,27,92,2.7
2025-06-18T17:00:00-07:00,30,90,3
2025-06-18T17:30:00-07:00,34,87,3.7
2025-06-18T18:00:00-07:00,37,84,4
2025-06-18T18:30:00-07:00,39,81,4.3
2025-06-18T19:00:00-07:00,42,79,4.9
2025-06-18T19:30:00-07:00,46,76,6.6
2025-06-18T20:00:00-07:00,50,73,6.2
2025-06-18T20:30:00-07:00,52,71,6.2
2025-06-18T21:00:00-07:00,53,71,6.1
2025-06-18T21:30:00-07:00,55,69,7.5
2025-06-18T22:00:00-07:00,56,69,15.9
2025-06-18T22:30:00-07:00,57,67,8.2
2025-06-18T23:00:00-07:00,58,67,7.4
2025-06-18T23:30:00-07:00,59,66,7.7
2025-06-19T00:00:00-07:00,60,65,7.5
2025-06-19T00:30:00-07:00,61,65,7.8
2025-06-19T01:00:00-07:00,60,65,7.7
2025-06-19T01:30:00-07:00,62,64,8.1
2025-06-19T02:00:00-07:00,62,64,7.6
2025-06-19T02:30:00-07:00,62,64,7.6
2025-06-19T03:00:00-07:00,62,63,8
2025-06-19T03:30:00-07:00,63,63,8.6
2025-06-19T04:00:00-07:00,64,63,8.7
2025-06-19T04:30:00-07:00,64,63,8.6
2025-06-19T05:00:00-07:00,64,63,8.2
2025-06-19T05:30:00-07:00,62,62,7.5
2025-06-19T06:00:00-07:00,64,62,8.4
2025-06-19T06:30:00-07:00,64,63,8.7
2025-06-19T07:00:00-07:00,57,66,7.3
2025-06-19T07:30:00-07:00,49,70,6.4
2025-06-19T08:00:00-07:00,43,74,5.9
2025-06-19T08:30:00-07:00,41,75,13.7
2025-06-19T09:00:00-07:00,39,76,5.6
2025-06-19T09:30:00-07:00,37,78,5.5
2025-06-19T10:00:00-07:00,35,81,5
2025-06-19T10:30:00-07:00,32,83,4.8
2025-06-19T11:00:00-07:00,33,82,4.8
2025-06-19T11:30:00-07:00,36,80,5.3
2025-06-19T12:00:00-07:00,37,79,5
2025-06-19T12:30:00-07:00,38,78,5
2025-06-19T13:00:00-07:00,39,78,5.1
2025-06-19T13:30:00-07:00,39,78,5.2
2025-06-19T14:00:00-07:00,41,77,5.4
2025-06-19T14:30:00-07:00,40,78,5.1
2025-06-19T15:00:00-07:00,39,79,5
2025-06-19T15:30:00-07:00,38,79,5
2025-06-19T16:00:00-07:00,39,78,5.2
2025-06-19T16:30:00-07:00,39,78,5.3
2025-06-19T17:00:00-07:00,39,76,6.7
2025-06-19T17:30:00-07:00,40,76,7
2025-06-19T18:00:00-07:00,41,74,5.5
2025-06-19T18:30:00-07:00,42,74,4.8
2025-06-19T19:00:00-07:00,44,72,4.7
2025-06-19T19:30:00-07:00,45,70,4.7
2025-06-19T20:00:00-07:00,48,69,8
2025-06-19T20:30:00-07:00,54,66,6.4
2025-06-19T21:00:00-07:00,56,65,5.6
2025-06-19T21:30:00-07:00,56,65,5.7
2025-06-19T22:00:00-07:00,56,65,5.7
2025-06-19T22:30:00-07:00,57,64,5.6
2025-06-19T23:00:00-07:00,59,63,6.1
2025-06-19T23:30:00-07:00,61,63,6.3
2025-06-20T00:00:00-07:00,61,62,6
2025-06-20T00:30:00-07:00,61,63,6.1
2025-06-20T01:00:00-07:00,62,62,6.3
2025-06-20T01:30:00-07:00,61,63,6
2025-06-20T02:00:00-07:00,60,62,5.5
2025-06-20T02:30:00-07:00,59,62,4.8
2025-06-20T03:00:00-07:00,59,62,4.9
2025-06-20T03:30:00-07:00,59,62,5
2025-06-20T04:00:00-07:00,59,63,5
2025-06-20T04:30:00-07:00,58,63,4.7
2025-06-20T05:00:00-07:00,58,63,4.9
2025-06-20T05:30:00-07:00,56,64,4.6
2025-06-20T06:00:00-07:00,55,64,5
2025-06-20T06:30:00-07:00,56,64,5.6
2025-06-20T07:00:00-07:00,56,64,5.6
2025-06-20T07:30:00-07:00,53,66,5.2
2025-06-20T08:00:00-07:00,49,68,6.2
2025-06-20T08:30:00-07:00,44,71,4.9
2025-06-20T09:00:00-07:00,39,76,6.1
2025-06-20T09:30:00-07:00,36,78,4.5
2025-06-20T10:00:00-07:00,35,78,4.9
2025-06-20T10:30:00-07:00,35,77,5.4
2025-06-20T11:00:00-07:00,35,78,6
2025-06-20T11:30:00-07:00,35,77,6.2
2025-06-20T12:00:00-07:00,36,76,6.4
2025-06-20T12:30:00-07:00,37,76,6.6
2025-06-20T13:00:00-07:00,39,75,8.7
2025-06-20T13:30:00-07:00,39,76,10
2025-06-20T14:00:00-07:00,38,76,9.4
2025-06-20T14:30:00-07:00,37,76,17.2
2025-06-20T15:00:00-07:00,37,77,12.6
2025-06-20T15:30:00-07:00,37,76,9.1
2025-06-20T16:00:00-07:00,36,76,6.4
2025-06-20T16:30:00-07:00,37,75,5.4
2025-06-20T17:00:00-07:00,38,75,4.4
2025-06-20T17:30:00-07:00,40,73,4.5
2025-06-20T18:00:00-07:00,43,72,4.6
2025-06-20T18:30:00-07:00,47,69,7
2025-06-20T19:00:00-07:00,49,68,6.7
2025-06-20T19:30:00-07:00,51,67,6.3
2025-06-20T20:00:00-07:00,53,66,6.5
2025-06-20T20:30:00-07:00,54,65,6.2
2025-06-20T21:00:00-07:00,56,64,6.8
2025-06-20T21:30:00-07:00,58,64,7.3
2025-06-20T22:00:00-07:00,59,64,6.8
2025-06-20T22:30:00-07:00,60,64,6.9
2025-06-20T23:00:00-07:00,61,63,6.7
2025-06-20T23:30:00-07:00,61,63,6.9
2025-06-21T00:00:00-07:00,63,62,7.3
2025-06-21T00:30:00-07:00,63,62,7.2
2025-06-21T01:00:00-07:00,62,63,7.1
2025-06-21T01:30:00-07:00,63,62,7.4
2025-06-21T02:00:00-07:00,64,62,7.6
2025-06-21T02:30:00-07:00,63,62,7.1
2025-06-21T03:00:00-07:00,64,62,7.6
2025-06-21T03:30:00-07:00,64,61,8
2025-06-21T04:00:00-07:00,65,61,7.1
2025-06-21T04:30:00-07:00,63,61,6.8
2025-06-21T05:00:00-07:00,64,60,6.7
2025-06-21T05:30:00-07:00,65,60,6.9
2025-06-21T06:00:00-07:00,66,60,6.7
2025-06-21T06:30:00-07:00,66,61,6.8
2025-06-21T07:00:00-07:00,63,64,6.1
2025-06-21T07:30:00-07:00,55,68,5.5
2025-06-21T08:00:00-07:00,50,70,4.8
2025-06-21T08:30:00-07:00,45,73,4.3
2025-06-21T09:00:00-07:00,41,76,6
2025-06-21T09:30:00-07:00,38,78,4.2
2025-06-21T10:00:00-07:00,36,78,3.5
2025-06-21T10:30:00-07:00,34,78,2.9
2025-06-21T11:00:00-07:00,34,79,2.4
2025-06-21T11:30:00-07:00,32,80,2.6
2025-06-21T12:00:00-07:00,31,81,2.4
2025-06-21T12:30:00-07:00,31,81,2.3
2025-06-21T13:00:00-07:00,33,79,2.3
2025-06-21T13:30:00-07:00,33,80,2.2
2025-06-21T14:00:00-07:00,32,79,2.1
2025-06-21T14:30:00-07:00,30,80,1.7
2025-06-21T15:00:00-07:00,29,81,1.5
2025-06-21T15:30:00-07:00,31,80,1.8
2025-06-21T16:00:00-07:00,32,80,2.2
2025-06-21T16:30:00-07:00,33,80,2.4
2025-06-21T17:00:00-07:00,34,80,2.5
2025-06-21T17:30:00-07:00,34,80,3
2025-06-21T18:00:00-07:00,36,79,3.3
2025-06-21T18:30:00-07:00,38,77,3.7
2025-06-21T19:00:00-07:00,41,74,4.1
2025-06-21T19:30:00-07:00,45,72,3.9
2025-06-21T20:00:00-07:00,48,70,5.8
2025-06-21T20:30:00-07:00,51,69,9.6
2025-06-21T21:00:00-07:00,53,68,5.6
2025-06-21T21:30:00-07:00,54,67,5.7
2025-06-21T22:00:00-07:00,56,67,5.9
2025-06-21T22:30:00-07:00,57,66,6.2
2025-06-21T23:00:00-07:00,58,66,6.2
2025-06-21T23:30:00-07:00,58,65,6
2025-06-22T00:00:00-07:00,60,64,6.4
2025-06-22T00:30:00-07:00,61,64,6.7
2025-06-22T01:00:00-07:00,62,63,7.3
2025-06-22T01:30:00-07:00,62,63,6.8
2025-06-22T02:00:00-07:00,62,62,6.1
2025-06-22T02:30:00-07:00,63,62,6
2025-06-22T03:00:00-07:00,63,62,14.8
2025-06-22T03:30:00-07:00,63,61,30
2025-06-22T04:00:00-07:00,62,61,26.3
2025-06-22T04:30:00-07:00,62,61,9.1
2025-06-22T05:00:00-07:00,61,60,7.5
2025-06-22T05:30:00-07:00,62,59,6.8
2025-06-22T06:00:00-07:00,63,59,5.6
2025-06-22T06:30:00-07:00,63,61,4.1
2025-06-22T07:00:00-07:00,57,66,4.4
2025-06-22T07:30:00-07:00,50,72,5.2
2025-06-22T08:00:00-07:00,44,77,7.2
2025-06-22T08:30:00-07:00,39,80,5.2
2025-06-22T09:00:00-07:00,36,82,4.2
2025-06-22T09:30:00-07:00,35,84,4.1
2025-06-22T10:00:00-07:00,34,84,4.2
2025-06-22T10:30:00-07:00,33,84,3.6
2025-06-22T11:00:00-07:00,29,85,2.7
2025-06-22T11:30:00-07:00,29,85,2.2
2025-06-22T12:00:00-07:00,28,85,1.9
2025-06-22T12:30:00-07:00,27,86,1.8
2025-06-22T13:00:00-07:00,28,86,2.6
2025-06-22T13:30:00-07:00,29,84,3
2025-06-22T14:00:00-07:00,30,83,3
2025-06-22T14:30:00-07:00,30,83,3.2
2025-06-22T15:00:00-07:00,32,84,3.9
2025-06-22T15:30:00-07:00,33,84,4.3
2025-06-22T16:00:00-07:00,34,82,4.4
2025-06-22T16:30:00-07:00,36,80,4.4
2025-06-22T17:00:00-07:00,36,79,4.6
2025-06-22T17:30:00-07:00,36,77,5.5
2025-06-22T18:00:00-07:00,39,75,7.6
2025-06-22T18:30:00-07:00,43,73,4.5
2025-06-22T19:00:00-07:00,46,72,4.8
2025-06-22T19:30:00-07:00,48,70,5.9
2025-06-22T20:00:00-07:00,51,68,6.1
2025-06-22T20:30:00-07:00,54,67,6
2025-06-22T21:00:00-07:00,55,66,6
2025-06-22T21:30:00-07:00,57,66,6.2
2025-06-22T22:00:00-07:00,59,65,6
2025-06-22T22:30:00-07:00,60,65,6.1
2025-06-22T23:00:00-07:00,60,65,6
2025-06-22T23:30:00-07:00,61,64,5.6
2025-06-23T00:00:00-07:00,61,64,5.5
2025-06-23T00:30:00-07:00,62,64,5.4
2025-06-23T01:00:00-07:00,62,63,6.2
2025-06-23T01:30:00-07:00,62,62,5.5
2025-06-23T02:00:00-07:00,62,62,5.4
2025-06-23T02:30:00-07:00,62,62,6.2
2025-06-23T03:00:00-07:00,62,61,7
2025-06-23T03:30:00-07:00,63,61,5.5
2025-06-23T04:00:00-07:00,63,60,5.8
2025-06-23T04:30:00-07:00,62,60,6
2025-06-23T05:00:00-07:00,62,60,5.9
2025-06-23T05:30:00-07:00,62,59,5.8
2025-06-23T06:00:00-07:00,63,60,5.8
2025-06-23T06:30:00-07:00,63,61,6.5
2025-06-23T07:00:00-07:00,59,65,6.7
2025-06-23T07:30:00-07:00,52,71,6.8
2025-06-23T08:00:00-07:00,45,75,9.2
2025-06-23T08:30:00-07:00,41,78,6.8
2025-06-23T09:00:00-07:00,37,81,6.9
2025-06-23T09:30:00-07:00,35,83,6.7
2025-06-23T10:00:00-07:00,34,85,6.8
2025-06-23T10:30:00-07:00,35,86,5.7
2025-06-23T11:00:00-07:00,34,86,5.4
2025-06-23T11:30:00-07:00,31,88,5
2025-06-23T12:00:00-07:00,30,89,4.8
2025-06-23T12:30:00-07:00,29,91,4.2
2025-06-23T13:00:00-07:00,30,90,4.1
2025-06-23T13:30:00-07:00,29,91,3.3
2025-06-23T14:00:00-07:00,26,93,2.7
2025-06-23T14:30:00-07:00,26,93,2.6
2025-06-23T15:00:00-07:00,29,91,3
2025-06-23T15:30:00-07:00,27,93,3
2025-06-23T16:00:00-07:00,28,92,3
2025-06-23T16:30:00-07:00,30,89,3
2025-06-23T17:00:00-07:00,33,86,3.3
2025-06-23T17:30:00-07:00,32,85,3
2025-06-23T18:00:00-07:00,32,84,2.9
2025-06-23T18:30:00-07:00,37,80,3.8
2025-06-23T19:00:00-07:00,44,75,11.9
2025-06-23T19:30:00-07:00,51,70,6.1
2025-06-23T20:00:00-07:00,57,68,6.8
2025-06-23T20:30:00-07:00,59,67,6.4
2025-06-23T21:00:00-07:00,60,66,6.2
2025-06-23T21:30:00-07:00,62,66,6.3
2025-06-23T22:00:00-07:00,63,66,6.8
2025-06-23T22:30:00-07:00,64,65,6.5
2025-06-23T23:00:00-07:00,64,65,5.7
2025-06-23T23:30:00-07:00,65,65,5.1
2025-06-24T00:00:00-07:00,65,64,3.6
2025-06-24T00:30:00-07:00,66,63,3.9
2025-06-24T01:00:00-07:00,66,64,3.4
2025-06-24T01:30:00-07:00,65,64,3.2
2025-06-24T02:00:00-07:00,65,64,2.8
2025-06-24T02:30:00-07:00,64,65,2.4
2025-06-24T03:00:00-07:00,64,65,2.7
2025-06-24T03:30:00-07:00,63,65,2
2025-06-24T04:00:00-07:00,62,65,1.3
2025-06-24T04:30:00-07:00,61,66,1.4
2025-06-24T05:00:00-07:00,61,66,2
2025-06-24T05:30:00-07:00,61,66,2
2025-06-24T06:00:00-07:00,60,66,2
2025-06-24T06:30:00-07:00,60,66,1.9
2025-06-24T07:00:00-07:00,60,66,1.7
2025-06-24T07:30:00-07:00,60,67,1.6
2025-06-24T08:00:00-07:00,58,67,3.4
2025-06-24T08:30:00-07:00,56,68,10.1
2025-06-24T09:00:00-07:00,53,70,2.3
2025-06-24T09:30:00-07:00,50,72,2.1
2025-06-24T10:00:00-07:00,47,74,2.3
2025-06-24T10:30:00-07:00,42,78,4
2025-06-24T11:00:00-07:00,40,80,2.6
2025-06-24T11:30:00-07:00,41,79,2.9
2025-06-24T12:00:00-07:00,41,79,3.1
2025-06-24T12:30:00-07:00,42,79,2.8
2025-06-24T13:00:00-07:00,42,79,2.8
2025-06-24T13:30:00-07:00,42,79,3.1
2025-06-24T14:00:00-07:00,42,79,3.6
2025-06-24T14:30:00-07:00,42,79,3.5
2025-06-24T15:00:00-07:00,41,80,3.2
2025-06-24T15:30:00-07:00,42,78,3.1
2025-06-24T16:00:00-07:00,44,76,15.6
2025-06-24T16:30:00-07:00,44,76,15.3
2025-06-24T17:00:00-07:00,45,76,5.7
2025-06-24T17:30:00-07:00,47,74,3.6
2025-06-24T18:00:00-07:00,48,73,3
2025-06-24T18:30:00-07:00,51,72,3.4
2025-06-24T19:00:00-07:00,54,70,7
2025-06-24T19:30:00-07:00,58,68,7.7
2025-06-24T20:00:00-07:00,60,66,4.6
2025-06-24T20:30:00-07:00,63,65,4.6
2025-06-24T21:00:00-07:00,63,65,4.3
2025-06-24T21:30:00-07:00,64,65,4.4
2025-06-24T22:00:00-07:00,64,65,3.2
2025-06-24T22:30:00-07:00,63,65,4.4
2025-06-24T23:00:00-07:00,63,65,3.9
2025-06-24T23:30:00-07:00,63,65,3.4
2025-06-25T00:00:00-07:00,62,66,3.5
2025-06-25T00:30:00-07:00,63,65,3.6
2025-06-25T01:00:00-07:00,64,65,3.8
2025-06-25T01:30:00-07:00,63,65,3.1
2025-06-25T02:00:00-07:00,62,65,2.8
2025-06-25T02:30:00-07:00,61,65,2.7
2025-06-25T03:00:00-07:00,61,65,2.1
2025-06-25T03:30:00-07:00,61,65,2
2025-06-25T04:00:00-07:00,61,65,2.4
2025-06-25T04:30:00-07:00,61,65,3.1
2025-06-25T05:00:00-07:00,60,66,3.6
2025-06-25T05:30:00-07:00,60,66,4.1
2025-06-25T06:00:00-07:00,60,66,4.2
2025-06-25T06:30:00-07:00,60,66,4.4
2025-06-25T07:00:00-07:00,60,66,4.6
2025-06-25T07:30:00-07:00,59,67,5
2025-06-25T08:00:00-07:00,58,67,5.5
2025-06-25T08:30:00-07:00,56,68,7
2025-06-25T09:00:00-07:00,55,69,5.9
2025-06-25T09:30:00-07:00,51,72,6.3
2025-06-25T10:00:00-07:00,44,77,7.3
2025-06-25T10:30:00-07:00,41,79,6.9
2025-06-25T11:00:00-07:00,40,80,6.9
2025-06-25T11:30:00-07:00,38,82,7
2025-06-25T12:00:00-07:00,37,83,6.8
2025-06-25T12:30:00-07:00,37,84,6.9
2025-06-25T13:00:00-07:00,38,84,7
2025-06-25T13:30:00-07:00,37,85,7.3
2025-06-25T14:00:00-07:00,36,86,8
2025-06-25T14:30:00-07:00,36,85,7.6
2025-06-25T15:00:00-07:00,37,84,6.7
2025-06-25T15:30:00-07:00,37,83,6.3
2025-06-25T16:00:00-07:00,38,81,6.7
2025-06-25T16:30:00-07:00,40,79,6
2025-06-25T17:00:00-07:00,43,77,7.8
2025-06-25T17:30:00-07:00,46,75,17.1
2025-06-25T18:00:00-07:00,47,75,12.2
2025-06-25T18:30:00-07:00,49,73,14.6
2025-06-25T19:00:00-07:00,52,72,2.9
2025-06-25T19:30:00-07:00,55,70,3.4
2025-06-25T20:00:00-07:00,59,68,4.3
2025-06-25T20:30:00-07:00,62,66,2.5
2025-06-25T21:00:00-07:00,64,65,2.6
2025-06-25T21:30:00-07:00,64,64,2
2025-06-25T22:00:00-07:00,65,64,2.6
2025-06-25T22:30:00-07:00,65,64,2.6
2025-06-25T23:00:00-07:00,65,64,2.9
2025-06-25T23:30:00-07:00,66,63,3.3
2025-06-26T00:00:00-07:00,66,63,3.7
2025-06-26T00:30:00-07:00,66,63,4
2025-06-26T01:00:00-07:00,66,63,4.2
2025-06-26T01:30:00-07:00,66,63,3.7
2025-06-26T02:00:00-07:00,65,63,3.9
2025-06-26T02:30:00-07:00,65,62,3.8
2025-06-26T03:00:00-07:00,65,62,5.3
2025-06-26T03:30:00-07:00,65,61,10.5
2025-06-26T04:00:00-07:00,65,61,5.3
2025-06-26T04:30:00-07:00,66,61,5.4
2025-06-26T05:00:00-07:00,66,61,4.2
2025-06-26T05:30:00-07:00,66,61,4.3
2025-06-26T06:00:00-07:00,66,61,4
2025-06-26T06:30:00-07:00,68,63,4.8
2025-06-26T07:00:00-07:00,65,66,4.5
2025-06-26T07:30:00-07:00,58,69,5.4
2025-06-26T08:00:00-07:00,51,72,3.3
2025-06-26T08:30:00-07:00,46,74,7.8
2025-06-26T09:00:00-07:00,43,77,3.7
2025-06-26T09:30:00-07:00,41,79,3.9
2025-06-26T10:00:00-07:00,39,80,3.8
2025-06-26T10:30:00-07:00,39,81,3.9
2025-06-26T11:00:00-07:00,39,81,4.5
2025-06-26T11:30:00-07:00,39,81,3.9
2025-06-26T12:00:00-07:00,39,81,3.6
2025-06-26T12:30:00-07:00,39,82,3.2
2025-06-26T13:00:00-07:00,38,83,2.9
2025-06-26T13:30:00-07:00,38,83,3.2
2025-06-26T14:00:00-07:00,37,84,3
2025-06-26T14:30:00-07:00,37,84,3
2025-06-26T15:00:00-07:00,37,83,3
2025-06-26T15:30:00-07:00,38,82,2.7
2025-06-26T16:00:00-07:00,38,83,2.5
2025-06-26T16:30:00-07:00,37,83,2.4
2025-06-26T17:00:00-07:00,38,81,2.4
2025-06-26T17:30:00-07:00,40,80,2.4
2025-06-26T18:00:00-07:00,42,78,2.7
2025-06-26T18:30:00-07:00,46,75,6.2
2025-06-26T19:00:00-07:00,50,73,3.2
2025-06-26T19:30:00-07:00,55,70,4
2025-06-26T20:00:00-07:00,58,68,4.4
2025-06-26T20:30:00-07:00,60,67,4.5
2025-06-26T21:00:00-07:00,62,66,3.6
2025-06-26T21:30:00-07:00,62,66,3.4
2025-06-26T22:00:00-07:00,63,65,3.6
2025-06-26T22:30:00-07:00,63,65,3.5
2025-06-26T23:00:00-07:00,64,65,3.8
2025-06-26T23:30:00-07:00,64,64,4.1
2025-06-27T00:00:00-07:00,65,64,4.3
2025-06-27T00:30:00-07:00,65,64,4.9
2025-06-27T01:00:00-07:00,65,64,5.1
2025-06-27T01:30:00-07:00,64,64,4.9
2025-06-27T02:00:00-07:00,64,64,4.7
2025-06-27T02:30:00-07:00,64,63,4.7
2025-06-27T03:00:00-07:00,65,63,4.8
2025-06-27T03:30:00-07:00,65,62,4.3
2025-06-27T04:00:00-07:00,65,62,4.5
2025-06-27T04:30:00-07:00,65,62,5.6
2025-06-27T05:00:00-07:00,65,61,9.3
2025-06-27T05:30:00-07:00,65,61,7.4
2025-06-27T06:00:00-07:00,66,61,6.6
2025-06-27T06:30:00-07:00,67,63,4.6
2025-06-27T07:00:00-07:00,63,67,6.5
2025-06-27T07:30:00-07:00,54,72,4.6
2025-06-27T08:00:00-07:00,46,77,7
2025-06-27T08:30:00-07:00,42,80,4.7
2025-06-27T09:00:00-07:00,38,83,4.4
2025-06-27T09:30:00-07:00,36,86,4.5
2025-06-27T10:00:00-07:00,35,87,5
2025-06-27T10:30:00-07:00,33,89,4.9
2025-06-27T11:00:00-07:00,32,90,4.4
2025-06-27T11:30:00-07:00,31,92,4
2025-06-27T12:00:00-07:00,29,93,3
2025-06-27T12:30:00-07:00,26,94,2.2
2025-06-27T13:00:00-07:00,26,94,2.3
2025-06-27T13:30:00-07:00,26,94,2.7
2025-06-27T14:00:00-07:00,27,93,3
2025-06-27T14:30:00-07:00,27,93,3.2
2025-06-27T15:00:00-07:00,28,92,3.1
2025-06-27T15:30:00-07:00,29,92,3
2025-06-27T16:00:00-07:00,30,91,2.7
2025-06-27T16:30:00-07:00,33,89,3.2
2025-06-27T17:00:00-07:00,36,87,3.9
2025-06-27T17:30:00-07:00,37,85,3.9
2025-06-27T18:00:00-07:00,40,82,4.6
2025-06-27T18:30:00-07:00,43,80,4.8
2025-06-27T19:00:00-07:00,46,78,5.4
2025-06-27T19:30:00-07:00,49,76,8.2
2025-06-27T20:00:00-07:00,51,74,8.3
2025-06-27T20:30:00-07:00,55,72,6
2025-06-27T21:00:00-07:00,57,71,6.3
2025-06-27T21:30:00-07:00,59,71,6.6
2025-06-27T22:00:00-07:00,59,70,6.5
2025-06-27T22:30:00-07:00,57,70,7.5
2025-06-27T23:00:00-07:00,57,70,7.6
2025-06-27T23:30:00-07:00,58,69,7.3
2025-06-28T00:00:00-07:00,59,69,6.9
2025-06-28T00:30:00-07:00,61,68,6.8
2025-06-28T01:00:00-07:00,61,67,7
2025-06-28T01:30:00-07:00,62,67,7.8
2025-06-28T02:00:00-07:00,62,66,7.9
2025-06-28T02:30:00-07:00,63,66,7.9
2025-06-28T03:00:00-07:00,63,66,7.6
2025-06-28T03:30:00-07:00,64,65,7.8
2025-06-28T04:00:00-07:00,65,65,8.7
2025-06-28T04:30:00-07:00,64,65,8.5
2025-06-28T05:00:00-07:00,64,64,8.5
2025-06-28T05:30:00-07:00,65,64,8.5
2025-06-28T06:00:00-07:00,65,64,8.3
2025-06-28T06:30:00-07:00,65,66,8.5
2025-06-28T07:00:00-07:00,60,70,8
2025-06-28T07:30:00-07:00,50,74,7
2025-06-28T08:00:00-07:00,44,79,5.1
2025-06-28T08:30:00-07:00,41,81,4.9
2025-06-28T09:00:00-07:00,38,84,4.8
2025-06-28T09:30:00-07:00,36,87,4.9
2025-06-28T10:00:00-07:00,33,89,4.9
2025-06-28T10:30:00-07:00,31,91,4.7
2025-06-28T11:00:00-07:00,31,92,5.3
2025-06-28T11:30:00-07:00,30,94,5
2025-06-28T12:00:00-07:00,29,94,5.3
2025-06-28T12:30:00-07:00,28,97,5
2025-06-28T13:00:00-07:00,30,97,5.9
2025-06-28T13:30:00-07:00,29,98,5.1
2025-06-28T14:00:00-07:00,27,98,4.1
2025-06-28T14:30:00-07:00,25,99,3.5
2025-06-28T15:00:00-07:00,25,100,4.1
2025-06-28T15:30:00-07:00,25,100,4.1
2025-06-28T16:00:00-07:00,25,98,4.4
2025-06-28T16:30:00-07:00,25,98,4.2
2025-06-28T17:00:00-07:00,25,96,4.1
2025-06-28T17:30:00-07:00,26,95,4.2
2025-06-28T18:00:00-07:00,26,94,4.5
2025-06-28T18:30:00-07:00,27,91,4.5
2025-06-28T19:00:00-07:00,28,88,4.4
2025-06-28T19:30:00-07:00,30,86,5
2025-06-28T20:00:00-07:00,32,83,5.3
2025-06-28T20:30:00-07:00,36,80,6.3
2025-06-28T21:00:00-07:00,39,77,6.5
2025-06-28T21:30:00-07:00,43,75,10.4
2025-06-28T22:00:00-07:00,45,74,6.9
2025-06-28T22:30:00-07:00,47,73,6.1
2025-06-28T23:00:00-07:00,49,72,5.9
2025-06-28T23:30:00-07:00,51,71,6
2025-06-29T00:00:00-07:00,53,70,6.4
2025-06-29T00:30:00-07:00,55,69,6.8
2025-06-29T01:00:00-07:00,56,69,6.7
2025-06-29T01:30:00-07:00,57,68,6.8
2025-06-29T02:00:00-07:00,59,67,6.5
2025-06-29T02:30:00-07:00,60,67,6.5
2025-06-29T03:00:00-07:00,60,66,6.1
2025-06-29T03:30:00-07:00,61,66,5.8
2025-06-29T04:00:00-07:00,62,65,5.7
2025-06-29T04:30:00-07:00,62,65,5.5
2025-06-29T05:00:00-07:00,63,64,5.2
2025-06-29T05:30:00-07:00,63,64,5
2025-06-29T06:00:00-07:00,63,64,5.3
2025-06-29T06:30:00-07:00,63,65,6.2
2025-06-29T07:00:00-07:00,59,69,7
2025-06-29T07:30:00-07:00,52,73,6.5
2025-06-29T08:00:00-07:00,46,77,9.2
2025-06-29T08:30:00-07:00,43,80,5.8
2025-06-29T09:00:00-07:00,41,82,5.7
2025-06-29T09:30:00-07:00,39,84,5.7
2025-06-29T10:00:00-07:00,37,86,5
2025-06-29T10:30:00-07:00,35,87,4.8
2025-06-29T11:00:00-07:00,33,89,4.6
2025-06-29T11:30:00-07:00,31,91,4.9
2025-06-29T12:00:00-07:00,28,94,5.4
2025-06-29T12:30:00-07:00,29,94,5
2025-06-29T13:00:00-07:00,31,94,4.8
2025-06-29T13:30:00-07:00,30,94,5
2025-06-29T14:00:00-07:00,28,95,4.1
2025-06-29T14:30:00-07:00,28,94,3.3
2025-06-29T15:00:00-07:00,27,95,2.6
2025-06-29T15:30:00-07:00,25,95,2.1
2025-06-29T16:00:00-07:00,24,94,1.8
2025-06-29T16:30:00-07:00,25,93,1.7
2025-06-29T17:00:00-07:00,26,92,2.4
2025-06-29T17:30:00-07:00,28,91,3.4
2025-06-29T18:00:00-07:00,28,89,3.8
2025-06-29T18:30:00-07:00,30,87,4.4
2025-06-29T19:00:00-07:00,33,83,5.3
2025-06-29T19:30:00-07:00,36,80,5.8
2025-06-29T20:00:00-07:00,39,77,6.2
2025-06-29T20:30:00-07:00,42,75,7.2
2025-06-29T21:00:00-07:00,43,74,6.7
2025-06-29T21:30:00-07:00,45,73,7.4
2025-06-29T22:00:00-07:00,46,72,7.9
2025-06-29T22:30:00-07:00,47,72,14.2
2025-06-29T23:00:00-07:00,50,71,9.1
2025-06-29T23:30:00-07:00,52,70,13.9
2025-06-30T00:00:00-07:00,55,69,19.6
2025-06-30T00:30:00-07:00,56,69,8.8
2025-06-30T01:00:00-07:00,57,68,7.9
2025-06-30T01:30:00-07:00,58,67,7.1
2025-06-30T02:00:00-07:00,60,67,6.5
2025-06-30T02:30:00-07:00,61,66,5.5
2025-06-30T03:00:00-07:00,62,66,4.7
2025-06-30T03:30:00-07:00,61,66,3.8
2025-06-30T04:00:00-07:00,62,65,4.1
2025-06-30T04:30:00-07:00,62,65,4
2025-06-30T05:00:00-07:00,63,65,4.7
2025-06-30T05:30:00-07:00,63,65,4.6
2025-06-30T06:00:00-07:00,63,65,3.2
2025-06-30T06:30:00-07:00,63,65,3.1
2025-06-30T07:00:00-07:00,60,67,5
2025-06-30T07:30:00-07:00,54,71,5
2025-06-30T08:00:00-07:00,47,76,4.7
2025-06-30T08:30:00-07:00,44,78,3.6
2025-06-30T09:00:00-07:00,41,81,3.5
2025-06-30T09:30:00-07:00,37,83,3.2
2025-06-30T10:00:00-07:00,33,87,3.2
2025-06-30T10:30:00-07:00,33,88,2.9
2025-06-30T11:00:00-07:00,33,88,2.9
2025-06-30T11:30:00-07:00,33,88,3.2
2025-06-30T12:00:00-07:00,33,89,3.2
2025-06-30T12:30:00-07:00,33,89,3.1
2025-06-30T13:00:00-07:00,33,89,3
2025-06-30T13:30:00-07:00,32,90,2.2
2025-06-30T14:00:00-07:00,31,91,2.1
2025-06-30T14:30:00-07:00,30,91,1.9
2025-06-30T15:00:00-07:00,30,92,1.8
2025-06-30T15:30:00-07:00,31,92,2.2
2025-06-30T16:00:00-07:00,31,91,2.6
2025-06-30T16:30:00-07:00,30,91,2.8
2025-06-30T17:00:00-07:00,30,90,2.7
2025-06-30T17:30:00-07:00,30,88,2.9
2025-06-30T18:00:00-07:00,31,87,3.4
2025-06-30T18:30:00-07:00,35,84,4.8
2025-06-30T19:00:00-07:00,40,80,5.3
2025-06-30T19:30:00-07:00,43,77,5.7
2025-06-30T20:00:00-07:00,48,73,7
2025-06-30T20:30:00-07:00,53,71,6.2
2025-06-30T21:00:00-07:00,56,70,11.8
2025-06-30T21:30:00-07:00,58,69,7.2
2025-06-30T22:00:00-07:00,61,68,8.1
2025-06-30T22:30:00-07:00,62,67,9.1
2025-06-30T23:00:00-07:00,63,67,8.8
2025-06-30T23:30:00-07:00,63,67,8.3
2025-07-01T00:00:00-07:00,64,66,9.6
2025-07-01T00:30:00-07:00,65,66,10
2025-07-01T01:00:00-07:00,65,66,9.7
2025-07-01T01:30:00-07:00,65,66,9.5
2025-07-01T02:00:00-07:00,65,66,9.4
2025-07-01T02:30:00-07:00,64,65,9.3
2025-07-01T03:00:00-07:00,64,65,10.1
2025-07-01T03:30:00-07:00,64,64,10.2
2025-07-01T04:00:00-07:00,65,64,11.1
2025-07-01T04:30:00-07:00,65,65,11.5
2025-07-01T05:00:00-07:00,64,67,11.6
2025-07-01T05:30:00-07:00,64,67,11.7
2025-07-01T06:00:00-07:00,64,67,14
2025-07-01T06:30:00-07:00,63,68,16.2
2025-07-01T07:00:00-07:00,62,70,17.6
2025-07-01T07:30:00-07:00,59,72,17.1
2025-07-01T08:00:00-07:00,52,75,18.5
2025-07-01T08:30:00-07:00,47,78,13
2025-07-01T09:00:00-07:00,45,79,9.3
2025-07-01T09:30:00-07:00,43,80,10.1
2025-07-01T10:00:00-07:00,42,81,10.7
2025-07-01T10:30:00-07:00,40,83,9.2
2025-07-01T11:00:00-07:00,38,84,8.1
2025-07-01T11:30:00-07:00,35,87,7.1
2025-07-01T12:00:00-07:00,33,88,6.6
2025-07-01T12:30:00-07:00,33,90,7
2025-07-01T13:00:00-07:00,34,91,7.8
2025-07-01T13:30:00-07:00,33,92,7.5
2025-07-01T14:00:00-07:00,33,93,6.9
2025-07-01T14:30:00-07:00,31,94,4.7
2025-07-01T15:00:00-07:00,29,95,3.1
2025-07-01T15:30:00-07:00,30,95,2.8
2025-07-01T16:00:00-07:00,31,94,2.5
2025-07-01T16:30:00-07:00,31,93,2.5
2025-07-01T17:00:00-07:00,33,90,2.4
2025-07-01T17:30:00-07:00,36,86,3
2025-07-01T18:00:00-07:00,38,84,3.6
2025-07-01T18:30:00-07:00,41,81,4.7
2025-07-01T19:00:00-07:00,46,77,7.8
2025-07-01T19:30:00-07:00,50,74,8.3
2025-07-01T20:00:00-07:00,54,72,7.3
2025-07-01T20:30:00-07:00,53,72,6.7
2025-07-01T21:00:00-07:00,52,72,5.3
2025-07-01T21:30:00-07:00,54,71,5.1
2025-07-01T22:00:00-07:00,59,69,10.5
2025-07-01T22:30:00-07:00,62,67,5.2
2025-07-01T23:00:00-07:00,64,66,5.6
2025-07-01T23:30:00-07:00,65,65,3.6
2025-07-02T00:00:00-07:00,66,65,3.8
2025-07-02T00:30:00-07:00,64,65,4
2025-07-02T01:00:00-07:00,63,66,3.7
2025-07-02T01:30:00-07:00,65,65,4.6
2025-07-02T02:00:00-07:00,66,65,4.5
2025-07-02T02:30:00-07:00,67,66,4.2
2025-07-02T03:00:00-07:00,66,66,4.8
2025-07-02T03:30:00-07:00,65,66,5.3
2025-07-02T04:00:00-07:00,64,67,5.5
2025-07-02T04:30:00-07:00,65,67,6.1
2025-07-02T05:00:00-07:00,64,67,6.5
2025-07-02T05:30:00-07:00,63,67,5.4
2025-07-02T06:00:00-07:00,62,68,5.1
2025-07-02T06:30:00-07:00,62,69,5.7
2025-07-02T07:00:00-07:00,61,69,7.3
2025-07-02T07:30:00-07:00,60,69,8.7
2025-07-02T08:00:00-07:00,58,71,9.9
2025-07-02T08:30:00-07:00,54,73,6.4
2025-07-02T09:00:00-07:00,48,78,6.3
2025-07-02T09:30:00-07:00,43,81,6.9
2025-07-02T10:00:00-07:00,40,84,7.2
2025-07-02T10:30:00-07:00,38,86,10.7
2025-07-02T11:00:00-07:00,38,87,11.3
2025-07-02T11:30:00-07:00,37,88,6.1
2025-07-02T12:00:00-07:00,37,88,6.2
2025-07-02T12:30:00-07:00,37,88,5.5
2025-07-02T13:00:00-07:00,36,89,4.6
2025-07-02T13:30:00-07:00,36,89,3.7
2025-07-02T14:00:00-07:00,36,88,3
2025-07-02T14:30:00-07:00,36,88,3.1
2025-07-02T15:00:00-07:00,36,87,3.5
2025-07-02T15:30:00-07:00,37,86,3.9
2025-07-02T16:00:00-07:00,38,85,4.5
2025-07-02T16:30:00-07:00,39,84,5.3
2025-07-02T17:00:00-07:00,39,83,5.6
2025-07-02T17:30:00-07:00,40,82,5.9
2025-07-02T18:00:00-07:00,44,79,6.9
2025-07-02T18:30:00-07:00,47,76,11.7
2025-07-02T19:00:00-07:00,51,72,9.1
2025-07-02T19:30:00-07:00,55,69,10.3
2025-07-02T20:00:00-07:00,58,68,12.2
2025-07-02T20:30:00-07:00,59,67,10.6
2025-07-02T21:00:00-07:00,60,67,10.6
2025-07-02T21:30:00-07:00,60,67,10.8
2025-07-02T22:00:00-07:00,60,67,10.9
2025-07-02T22:30:00-07:00,61,66,10.4
2025-07-02T23:00:00-07:00,61,66,10.7
2025-07-02T23:30:00-07:00,62,66,10.2
2025-07-03T00:00:00-07:00,62,65,10.4
2025-07-03T00:30:00-07:00,64,65,10.4
2025-07-03T01:00:00-07:00,64,65,9.7
2025-07-03T01:30:00-07:00,64,65,9.2
2025-07-03T02:00:00-07:00,64,64,8.8
2025-07-03T02:30:00-07:00,64,63,8.3
2025-07-03T03:00:00-07:00,64,63,8.2
2025-07-03T03:30:00-07:00,64,63,8.5
2025-07-03T04:00:00-07:00,64,62,8.1
2025-07-03T04:30:00-07:00,65,62,8.9
2025-07-03T05:00:00-07:00,65,61,9
2025-07-03T05:30:00-07:00,65,61,9.9
2025-07-03T06:00:00-07:00,66,61,9
2025-07-03T06:30:00-07:00,67,63,8.8
2025-07-03T07:00:00-07:00,64,66,7.3
2025-07-03T07:30:00-07:00,56,71,6.7
2025-07-03T08:00:00-07:00,48,75,7.6
2025-07-03T08:30:00-07:00,48,74,10.4
2025-07-03T09:00:00-07:00,43,79,6.1
2025-07-03T09:30:00-07:00,43,79,6.8
2025-07-03T10:00:00-07:00,40,81,5.4
2025-07-03T10:30:00-07:00,38,83,4.4
2025-07-03T11:00:00-07:00,39,83,4
2025-07-03T11:30:00-07:00,40,82,4.1
2025-07-03T12:00:00-07:00,41,80,2.9
2025-07-03T12:30:00-07:00,42,78,2.9
2025-07-03T13:00:00-07:00,41,80,2.5
2025-07-03T13:30:00-07:00,41,79,2.5
2025-07-03T14:00:00-07:00,42,79,2.2
2025-07-03T14:30:00-07:00,42,78,2.4
2025-07-03T15:00:00-07:00,42,79,2.6
2025-07-03T15:30:00-07:00,40,80,2.3
2025-07-03T16:00:00-07:00,39,80,2.3
2025-07-03T16:30:00-07:00,40,80,2.7
2025-07-03T17:00:00-07:00,39,80,2.6
2025-07-03T17:30:00-07:00,39,80,2.8
2025-07-03T18:00:00-07:00,41,79,2.9
2025-07-03T18:30:00-07:00,42,78,3.1
2025-07-03T19:00:00-07:00,42,77,7
2025-07-03T19:30:00-07:00,48,73,4.5
2025-07-03T20:00:00-07:00,54,70,4.3
2025-07-03T20:30:00-07:00,56,68,6.6
2025-07-03T21:00:00-07:00,57,68,4.5
2025-07-03T21:30:00-07:00,58,67,4.3
2025-07-03T22:00:00-07:00,58,67,4
2025-07-03T22:30:00-07:00,59,67,4.2
2025-07-03T23:00:00-07:00,60,66,4.6
2025-07-03T23:30:00-07:00,60,66,4.4
2025-07-04T00:00:00-07:00,61,65,4.6
2025-07-04T00:30:00-07:00,61,65,4.8
2025-07-04T01:00:00-07:00,62,64,4.9
2025-07-04T01:30:00-07:00,63,64,5.1
2025-07-04T02:00:00-07:00,62,64,4.9
2025-07-04T02:30:00-07:00,63,64,5
2025-07-04T03:00:00-07:00,64,64,4.8
2025-07-04T03:30:00-07:00,64,64,4.7
2025-07-04T04:00:00-07:00,64,63,4.7
2025-07-04T04:30:00-07:00,64,63,4.6
2025-07-04T05:00:00-07:00,64,63,4.8
2025-07-04T05:30:00-07:00,65,63,4.9
2025-07-04T06:00:00-07:00,65,63,5.1
2025-07-04T06:30:00-07:00,66,63,5.3
2025-07-04T07:00:00-07:00,63,66,4.6
2025-07-04T07:30:00-07:00,54,70,4.3
2025-07-04T08:00:00-07:00,47,73,3.6
2025-07-04T08:30:00-07:00,42,75,4.1
2025-07-04T09:00:00-07:00,38,79,2.7
2025-07-04T09:30:00-07:00,36,80,2.4
2025-07-04T10:00:00-07:00,33,82,1.9
2025-07-04T10:30:00-07:00,33,84,2.3
2025-07-04T11:00:00-07:00,33,84,2.3
2025-07-04T11:30:00-07:00,33,85,4.4
2025-07-04T12:00:00-07:00,34,84,2.8
2025-07-04T12:30:00-07:00,36,83,3.2
2025-07-04T13:00:00-07:00,36,82,2.6
2025-07-04T13:30:00-07:00,37,81,2.8
2025-07-04T14:00:00-07:00,37,81,2.6
2025-07-04T14:30:00-07:00,36,82,1.9
2025-07-04T15:00:00-07:00,36,81,2.2
2025-07-04T15:30:00-07:00,36,81,1.9
2025-07-04T16:00:00-07:00,36,81,2
2025-07-04T16:30:00-07:00,37,79,1.6
2025-07-04T17:00:00-07:00,38,77,1.7
2025-07-04T17:30:00-07:00,39,76,3.2
2025-07-04T18:00:00-07:00,41,74,1.8
2025-07-04T18:30:00-07:00,43,72,2.1
2025-07-04T19:00:00-07:00,46,70,1.8
2025-07-04T19:30:00-07:00,48,68,4.5
2025-07-04T20:00:00-07:00,49,68,11.2
2025-07-04T20:30:00-07:00,51,66,4.1
2025-07-04T21:00:00-07:00,53,66,13.7
2025-07-04T21:30:00-07:00,54,66,35.1
2025-07-04T22:00:00-07:00,55,66,41.3
2025-07-04T22:30:00-07:00,57,65,21.3
2025-07-04T23:00:00-07:00,57,66,15.9
2025-07-04T23:30:00-07:00,57,66,10.3
2025-07-05T00:00:00-07:00,58,66,8.4
2025-07-05T00:30:00-07:00,59,65,6.4
2025-07-05T01:00:00-07:00,61,64,4.7
2025-07-05T01:30:00-07:00,64,63,4.2
2025-07-05T02:00:00-07:00,65,63,4.4
2025-07-05T02:30:00-07:00,65,63,4.2
2025-07-05T03:00:00-07:00,65,63,4.2
2025-07-05T03:30:00-07:00,66,62,4.3
2025-07-05T04:00:00-07:00,65,62,4.9
2025-07-05T04:30:00-07:00,65,61,6
2025-07-05T05:00:00-07:00,65,61,5.2
2025-07-05T05:30:00-07:00,65,60,4.6
2025-07-05T06:00:00-07:00,66,60,4.4
2025-07-05T06:30:00-07:00,67,61,5.1
2025-07-05T07:00:00-07:00,65,65,4.2
2025-07-05T07:30:00-07:00,57,69,5.2
2025-07-05T08:00:00-07:00,49,73,5.7
2025-07-05T08:30:00-07:00,43,77,6.3
2025-07-05T09:00:00-07:00,41,78,5.6
2025-07-05T09:30:00-07:00,40,79,4.5
2025-07-05T10:00:00-07:00,38,81,3.3
2025-07-05T10:30:00-07:00,36,82,3.3
2025-07-05T11:00:00-07:00,35,84,3.5
2025-07-05T11:30:00-07:00,34,85,3.3
2025-07-05T12:00:00-07:00,33,86,3.5
2025-07-05T12:30:00-07:00,35,85,3.8
2025-07-05T13:00:00-07:00,34,86,4.2
2025-07-05T13:30:00-07:00,34,86,3.9
2025-07-05T14:00:00-07:00,33,86,3.9
2025-07-05T14:30:00-07:00,34,85,3.9
2025-07-05T15:00:00-07:00,34,83,3.6
2025-07-05T15:30:00-07:00,37,82,3.9
2025-07-05T16:00:00-07:00,38,81,4
2025-07-05T16:30:00-07:00,38,81,3.9
2025-07-05T17:00:00-07:00,38,81,3.8
2025-07-05T17:30:00-07:00,39,80,4
2025-07-05T18:00:00-07:00,42,78,5
2025-07-05T18:30:00-07:00,46,75,6.8
2025-07-05T19:00:00-07:00,52,71,5.8
2025-07-05T19:30:00-07:00,55,69,6.2
2025-07-05T20:00:00-07:00,59,68,7.7
2025-07-05T20:30:00-07:00,63,66,7
2025-07-05T21:00:00-07:00,65,65,7.4
2025-07-05T21:30:00-07:00,66,64,6.8
2025-07-05T22:00:00-07:00,67,63,6.2
2025-07-05T22:30:00-07:00,67,63,6.6
2025-07-05T23:00:00-07:00,68,63,6.6
2025-07-05T23:30:00-07:00,68,63,6.6
2025-07-06T00:00:00-07:00,68,63,6.8
2025-07-06T00:30:00-07:00,68,63,6.7
2025-07-06T01:00:00-07:00,68,63,7.2
2025-07-06T01:30:00-07:00,67,64,7.2
2025-07-06T02:00:00-07:00,67,64,8
2025-07-06T02:30:00-07:00,67,64,8.8
2025-07-06T03:00:00-07:00,67,63,7.8
2025-07-06T03:30:00-07:00,67,64,7.1
2025-07-06T04:00:00-07:00,66,64,6.1
2025-07-06T04:30:00-07:00,64,65,5.6
2025-07-06T05:00:00-07:00,64,65,5.5
2025-07-06T05:30:00-07:00,63,65,5.8
2025-07-06T06:00:00-07:00,64,65,6.3
2025-07-06T06:30:00-07:00,63,66,6.5
2025-07-06T07:00:00-07:00,62,67,7.2
2025-07-06T07:30:00-07:00,58,69,6.9
2025-07-06T08:00:00-07:00,56,70,6
2025-07-06T08:30:00-07:00,48,75,6
2025-07-06T09:00:00-07:00,44,77,5.1
2025-07-06T09:30:00-07:00,41,80,5.4
2025-07-06T10:00:00-07:00,39,82,5.6
2025-07-06T10:30:00-07:00,37,84,5.4
2025-07-06T11:00:00-07:00,36,85,5.1
2025-07-06T11:30:00-07:00,35,86,5
2025-07-06T12:00:00-07:00,35,85,5.6
2025-07-06T12:30:00-07:00,36,85,5.2
2025-07-06T13:00:00-07:00,35,86,3.9
2025-07-06T13:30:00-07:00,34,88,4
2025-07-06T14:00:00-07:00,32,89,4
2025-07-06T14:30:00-07:00,32,89,4
2025-07-06T15:00:00-07:00,31,88,3.8
2025-07-06T15:30:00-07:00,32,88,4.2
2025-07-06T16:00:00-07:00,33,88,4.4
2025-07-06T16:30:00-07:00,32,88,4.4
2025-07-06T17:00:00-07:00,34,86,4.7
2025-07-06T17:30:00-07:00,35,84,4.7
2025-07-06T18:00:00-07:00,36,82,4.5
2025-07-06T18:30:00-07:00,39,81,5.2
2025-07-06T19:00:00-07:00,42,78,5.6
2025-07-06T19:30:00-07:00,46,76,7.9
2025-07-06T20:00:00-07:00,51,73,7
2025-07-06T20:30:00-07:00,54,71,7.1
2025-07-06T21:00:00-07:00,57,70,8.2
2025-07-06T21:30:00-07:00,59,69,8.1
2025-07-06T22:00:00-07:00,60,68,9.8
2025-07-06T22:30:00-07:00,60,68,11
2025-07-06T23:00:00-07:00,61,67,9.4
2025-07-06T23:30:00-07:00,62,67,9.5
2025-07-07T00:00:00-07:00,63,66,10.5
2025-07-07T00:30:00-07:00,64,65,11.2
2025-07-07T01:00:00-07:00,65,65,11.2
2025-07-07T01:30:00-07:00,66,64,8.3
2025-07-07T02:00:00-07:00,67,64,9.4
2025-07-07T02:30:00-07:00,68,64,9.7
2025-07-07T03:00:00-07:00,67,65,9.9
2025-07-07T03:30:00-07:00,66,65,9.8
2025-07-07T04:00:00-07:00,64,66,11.1
2025-07-07T04:30:00-07:00,63,66,10.8
2025-07-07T05:00:00-07:00,62,67,10.7
2025-07-07T05:30:00-07:00,62,68,10.2
2025-07-07T06:00:00-07:00,61,67,8.1
2025-07-07T06:30:00-07:00,61,66,7.9
2025-07-07T07:00:00-07:00,60,68,9.9
2025-07-07T07:30:00-07:00,59,68,9.5
2025-07-07T08:00:00-07:00,56,70,10.4
2025-07-07T08:30:00-07:00,53,71,11.4
2025-07-07T09:00:00-07:00,48,76,13.2
2025-07-07T09:30:00-07:00,43,80,10.7
2025-07-07T10:00:00-07:00,39,82,9.7
2025-07-07T10:30:00-07:00,37,83,9.9
2025-07-07T11:00:00-07:00,36,84,8.7
2025-07-07T11:30:00-07:00,37,86,8.4
2025-07-07T12:00:00-07:00,36,86,8
2025-07-07T12:30:00-07:00,36,86,7.7
2025-07-07T13:00:00-07:00,35,87,7.7
2025-07-07T13:30:00-07:00,34,89,6.8
2025-07-07T14:00:00-07:00,34,88,6.3
2025-07-07T14:30:00-07:00,34,87,4.4
2025-07-07T15:00:00-07:00,35,87,3.5
2025-07-07T15:30:00-07:00,36,86,2.7
2025-07-07T16:00:00-07:00,36,85,2.4
2025-07-07T16:30:00-07:00,37,85,2
2025-07-07T17:00:00-07:00,38,83,1.8
2025-07-07T17:30:00-07:00,40,81,2.4
2025-07-07T18:00:00-07:00,40,80,2.2
2025-07-07T18:30:00-07:00,42,78,2.6
2025-07-07T19:00:00-07:00,45,75,4.8
2025-07-07T19:30:00-07:00,48,73,2.5
2025-07-07T20:00:00-07:00,52,71,2.4
2025-07-07T20:30:00-07:00,55,69,7
2025-07-07T21:00:00-07:00,58,68,2.7
2025-07-07T21:30:00-07:00,59,67,2.8
2025-07-07T22:00:00-07:00,61,67,2.1
2025-07-07T22:30:00-07:00,62,66,2.3
2025-07-07T23:00:00-07:00,62,66,2.2
2025-07-07T23:30:00-07:00,62,66,2.4
2025-07-08T00:00:00-07:00,62,66,3.9
2025-07-08T00:30:00-07:00,63,66,2.5
2025-07-08T01:00:00-07:00,63,66,2.6
2025-07-08T01:30:00-07:00,63,65,2.9
2025-07-08T02:00:00-07:00,64,65,3
2025-07-08T02:30:00-07:00,64,65,3.1
2025-07-08T03:00:00-07:00,65,64,3.9
2025-07-08T03:30:00-07:00,64,66,3.8
2025-07-08T04:00:00-07:00,62,67,3.6
2025-07-08T04:30:00-07:00,61,68,3.8
2025-07-08T05:00:00-07:00,60,67,3.5
2025-07-08T05:30:00-07:00,62,65,3.9
2025-07-08T06:00:00-07:00,63,65,4.5
2025-07-08T06:30:00-07:00,63,65,5.2
2025-07-08T07:00:00-07:00,60,67,6.7
2025-07-08T07:30:00-07:00,54,71,5.6
2025-07-08T08:00:00-07:00,47,75,6.1
2025-07-08T08:30:00-07:00,44,78,7.2
2025-07-08T09:00:00-07:00,41,79,6
2025-07-08T09:30:00-07:00,39,81,5.4
2025-07-08T10:00:00-07:00,37,83,4.7
2025-07-08T10:30:00-07:00,35,85,3.9
2025-07-08T11:00:00-07:00,33,87,3.5
2025-07-08T11:30:00-07:00,33,87,3.9
2025-07-08T12:00:00-07:00,34,86,3.6
2025-07-08T12:30:00-07:00,34,86,2.8
2025-07-08T13:00:00-07:00,35,85,2.1
2025-07-08T13:30:00-07:00,36,85,1.7
2025-07-08T14:00:00-07:00,35,86,1.3
2025-07-08T14:30:00-07:00,36,86,0.8
2025-07-08T15:00:00-07:00,36,85,0.4
2025-07-08T15:30:00-07:00,36,85,0.1
2025-07-08T16:00:00-07:00,35,86,0.1
2025-07-08T16:30:00-07:00,37,84,0.1
2025-07-08T17:00:00-07:00,39,83,0.1
2025-07-08T17:30:00-07:00,40,82,0.2
2025-07-08T18:00:00-07:00,42,79,0.3
2025-07-08T18:30:00-07:00,46,77,0.4
2025-07-08T19:00:00-07:00,49,75,3.4
2025-07-08T19:30:00-07:00,53,72,0.5
2025-07-08T20:00:00-07:00,57,70,0.6
2025-07-08T20:30:00-07:00,62,68,0.8
2025-07-08T21:00:00-07:00,63,67,1.8
2025-07-08T21:30:00-07:00,64,68,1.6
2025-07-08T22:00:00-07:00,64,68,4
2025-07-08T22:30:00-07:00,63,68,1.2
2025-07-08T23:00:00-07:00,64,68,1.4
2025-07-08T23:30:00-07:00,64,68,1
2025-07-09T00:00:00-07:00,64,68,1.9
2025-07-09T00:30:00-07:00,64,68,1.8
2025-07-09T01:00:00-07:00,63,68,1.9
2025-07-09T01:30:00-07:00,63,68,2.6
2025-07-09T02:00:00-07:00,62,69,3.2
2025-07-09T02:30:00-07:00,62,69,11.6
2025-07-09T03:00:00-07:00,61,69,10
2025-07-09T03:30:00-07:00,62,69,4
2025-07-09T04:00:00-07:00,61,69,1.9
2025-07-09T04:30:00-07:00,61,69,1.8
2025-07-09T05:00:00-07:00,61,69,1.9
2025-07-09T05:30:00-07:00,62,69,1.7
2025-07-09T06:00:00-07:00,62,68,1.6
2025-07-09T06:30:00-07:00,62,68,2.4
2025-07-09T07:00:00-07:00,63,68,3.5
2025-07-09T07:30:00-07:00,62,68,3.5
2025-07-09T08:00:00-07:00,62,68,3.5
2025-07-09T08:30:00-07:00,61,69,2.7
2025-07-09T09:00:00-07:00,57,70,3.2
2025-07-09T09:30:00-07:00,54,72,3.9
2025-07-09T10:00:00-07:00,51,74,5.2
2025-07-09T10:30:00-07:00,47,77,5.4
2025-07-09T11:00:00-07:00,44,79,4.9
2025-07-09T11:30:00-07:00,42,81,5.8
2025-07-09T12:00:00-07:00,40,82,5
2025-07-09T12:30:00-07:00,39,83,2.5
2025-07-09T13:00:00-07:00,36,84,1.6
2025-07-09T13:30:00-07:00,36,86,1.2
2025-07-09T14:00:00-07:00,35,86,1.4
2025-07-09T14:30:00-07:00,36,86,1.5
2025-07-09T15:00:00-07:00,36,86,1.5
2025-07-09T15:30:00-07:00,36,86,1.8
2025-07-09T16:00:00-07:00,36,86,1.6
2025-07-09T16:30:00-07:00,37,86,1.5
2025-07-09T17:00:00-07:00,38,85,1.8
2025-07-09T17:30:00-07:00,40,84,2
2025-07-09T18:00:00-07:00,42,82,2.2
2025-07-09T18:30:00-07:00,45,79,2.2
2025-07-09T19:00:00-07:00,49,77,2.6
2025-07-09T19:30:00-07:00,54,74,5.5
2025-07-09T20:00:00-07:00,58,72,2.9
2025-07-09T20:30:00-07:00,61,70,3.5
2025-07-09T21:00:00-07:00,64,69,19.7
2025-07-09T21:30:00-07:00,64,69,10.4
2025-07-09T22:00:00-07:00,65,68,6.2
2025-07-09T22:30:00-07:00,66,68,5.5
2025-07-09T23:00:00-07:00,67,67,6.2
2025-07-09T23:30:00-07:00,67,66,7
2025-07-10T00:00:00-07:00,67,66,7.6
2025-07-10T00:30:00-07:00,66,66,7.9
2025-07-10T01:00:00-07:00,65,66,7.5
2025-07-10T01:30:00-07:00,66,65,8
2025-07-10T02:00:00-07:00,67,65,8.6
2025-07-10T02:30:00-07:00,67,65,8.1
2025-07-10T03:00:00-07:00,68,66,5.9
2025-07-10T03:30:00-07:00,67,66,5.2
2025-07-10T04:00:00-07:00,67,66,5.6
2025-07-10T04:30:00-07:00,67,66,6.3
2025-07-10T05:00:00-07:00,67,65,7.2
2025-07-10T05:30:00-07:00,67,65,7.1
2025-07-10T06:00:00-07:00,68,65,8.4
2025-07-10T06:30:00-07:00,68,65,12.1
2025-07-10T07:00:00-07:00,66,67,14
2025-07-10T07:30:00-07:00,60,71,12
2025-07-10T08:00:00-07:00,52,75,11.7
2025-07-10T08:30:00-07:00,47,78,8.9
2025-07-10T09:00:00-07:00,43,81,8.6
2025-07-10T09:30:00-07:00,40,84,7.4
2025-07-10T10:00:00-07:00,38,86,5.8
2025-07-10T10:30:00-07:00,36,87,5.7
2025-07-10T11:00:00-07:00,35,89,5.8
2025-07-10T11:30:00-07:00,33,91,6.8
2025-07-10T12:00:00-07:00,32,92,7.1
2025-07-10T12:30:00-07:00,30,93,7.1
2025-07-10T13:00:00-07:00,29,94,7.6
2025-07-10T13:30:00-07:00,28,95,6.6
2025-07-10T14:00:00-07:00,27,97,5.6
2025-07-10T14:30:00-07:00,26,99,5.5
2025-07-10T15:00:00-07:00,26,99,5.4
2025-07-10T15:30:00-07:00,25,99,5.6
2025-07-10T16:00:00-07:00,25,99,5.5
2025-07-10T16:30:00-07:00,24,98,5.9
2025-07-10T17:00:00-07:00,24,98,5.9
2025-07-10T17:30:00-07:00,24,98,6.2
2025-07-10T18:00:00-07:00,26,96,5.7
2025-07-10T18:30:00-07:00,30,92,5.2
2025-07-10T19:00:00-07:00,34,89,5.1
2025-07-10T19:30:00-07:00,39,85,5
2025-07-10T20:00:00-07:00,46,80,4.7
2025-07-10T20:30:00-07:00,51,78,5.2
2025-07-10T21:00:00-07:00,53,76,5.9
2025-07-10T21:30:00-07:00,54,75,6.1
2025-07-10T22:00:00-07:00,56,74,6.1
2025-07-10T22:30:00-07:00,56,73,6.4
2025-07-10T23:00:00-07:00,57,73,6.6
2025-07-10T23:30:00-07:00,58,72,6.8
2025-07-11T00:00:00-07:00,59,71,7.2
2025-07-11T00:30:00-07:00,61,70,9.1
2025-07-11T01:00:00-07:00,61,70,19.8
2025-07-11T01:30:00-07:00,62,69,7.6
2025-07-11T02:00:00-07:00,62,69,7.5
2025-07-11T02:30:00-07:00,62,68,13.3
2025-07-11T03:00:00-07:00,64,67,9.3
2025-07-11T03:30:00-07:00,65,67,7.9
2025-07-11T04:00:00-07:00,65,66,8.4
2025-07-11T04:30:00-07:00,65,66,8.8
2025-07-11T05:00:00-07:00,67,65,9.1
2025-07-11T05:30:00-07:00,68,66,9.3
2025-07-11T06:00:00-07:00,67,66,9.3
2025-07-11T06:30:00-07:00,68,66,9.8
2025-07-11T07:00:00-07:00,67,69,11.1
2025-07-11T07:30:00-07:00,61,72,11.4
2025-07-11T08:00:00-07:00,53,77,12.2
2025-07-11T08:30:00-07:00,47,80,10.7
2025-07-11T09:00:00-07:00,43,83,9.8
2025-07-11T09:30:00-07:00,41,85,9.2
2025-07-11T10:00:00-07:00,38,88,8.7
2025-07-11T10:30:00-07:00,36,90,8.9
2025-07-11T11:00:00-07:00,34,91,9.1
2025-07-11T11:30:00-07:00,33,93,10.1
2025-07-11T12:00:00-07:00,31,95,13.6
2025-07-11T12:30:00-07:00,31,95,12.7
2025-07-11T13:00:00-07:00,33,94,12
2025-07-11T13:30:00-07:00,34,94,10.7
2025-07-11T14:00:00-07:00,33,94,10.1
2025-07-11T14:30:00-07:00,33,93,10.1
2025-07-11T15:00:00-07:00,32,93,11.6
2025-07-11T15:30:00-07:00,32,92,13.6
2025-07-11T16:00:00-07:00,32,92,13.2
2025-07-11T16:30:00-07:00,32,92,13
2025-07-11T17:00:00-07:00,31,93,11.9
2025-07-11T17:30:00-07:00,33,91,10.5
2025-07-11T18:00:00-07:00,34,90,9.1
2025-07-11T18:30:00-07:00,37,87,7.2
2025-07-11T19:00:00-07:00,40,84,7.1
2025-07-11T19:30:00-07:00,44,81,7.3
2025-07-11T20:00:00-07:00,46,79,7.4
2025-07-11T20:30:00-07:00,50,77,7.5
2025-07-11T21:00:00-07:00,54,75,8.5
2025-07-11T21:30:00-07:00,56,73,8.8
2025-07-11T22:00:00-07:00,58,72,9.2
2025-07-11T22:30:00-07:00,59,71,10
2025-07-11T23:00:00-07:00,61,70,10.8
2025-07-11T23:30:00-07:00,61,70,11
2025-07-12T00:00:00-07:00,61,69,10.7
2025-07-12T00:30:00-07:00,62,69,13
2025-07-12T01:00:00-07:00,63,68,12.8
2025-07-12T01:30:00-07:00,63,68,12.1
2025-07-12T02:00:00-07:00,65,67,12.1
2025-07-12T02:30:00-07:00,65,67,16.3
2025-07-12T03:00:00-07:00,67,66,8.7
2025-07-12T03:30:00-07:00,67,66,7.4
2025-07-12T04:00:00-07:00,67,66,6.2
2025-07-12T04:30:00-07:00,69,65,8.4
2025-07-12T05:00:00-07:00,69,65,9
2025-07-12T05:30:00-07:00,71,65,10
2025-07-12T06:00:00-07:00,70,65,9.7
2025-07-12T06:30:00-07:00,69,66,11.3
2025-07-12T07:00:00-07:00,66,68,11.3
2025-07-12T07:30:00-07:00,63,70,9
2025-07-12T08:00:00-07:00,59,72,10.5
2025-07-12T08:30:00-07:00,53,76,12.3
2025-07-12T09:00:00-07:00,48,79,10.8
2025-07-12T09:30:00-07:00,44,82,10
2025-07-12T10:00:00-07:00,42,84,9.2
2025-07-12T10:30:00-07:00,40,85,8.9
2025-07-12T11:00:00-07:00,38,87,8.8
2025-07-12T11:30:00-07:00,38,88,9.5
2025-07-12T12:00:00-07:00,37,89,9.6
2025-07-12T12:30:00-07:00,36,90,9.4
2025-07-12T13:00:00-07:00,37,89,8.9
2025-07-12T13:30:00-07:00,36,90,8.6
2025-07-12T14:00:00-07:00,35,90,7.7
2025-07-12T14:30:00-07:00,35,90,6.5
2025-07-12T15:00:00-07:00,36,89,6.2
2025-07-12T15:30:00-07:00,36,89,5.7
2025-07-12T16:00:00-07:00,35,89,5.7
2025-07-12T16:30:00-07:00,36,88,5.6
2025-07-12T17:00:00-07:00,37,87,6.1
2025-07-12T17:30:00-07:00,37,86,6.4
2025-07-12T18:00:00-07:00,38,84,6.6
2025-07-12T18:30:00-07:00,41,82,7.7
2025-07-12T19:00:00-07:00,42,80,7.9
2025-07-12T19:30:00-07:00,45,77,8.2
2025-07-12T20:00:00-07:00,50,74,9.3
2025-07-12T20:30:00-07:00,54,71,8.5
2025-07-12T21:00:00-07:00,58,69,8.3
2025-07-12T21:30:00-07:00,62,67,9.3
2025-07-12T22:00:00-07:00,64,67,9
2025-07-12T22:30:00-07:00,65,66,8.7
2025-07-12T23:00:00-07:00,65,66,9.2
2025-07-12T23:30:00-07:00,66,66,9
2025-07-13T00:00:00-07:00,66,66,9.1
2025-07-13T00:30:00-07:00,67,66,10.2
2025-07-13T01:00:00-07:00,69,65,13.6
2025-07-13T01:30:00-07:00,69,66,12.2
2025-07-13T02:00:00-07:00,67,67,11.7
2025-07-13T02:30:00-07:00,67,67,14.4
2025-07-13T03:00:00-07:00,66,68,12.3
2025-07-13T03:30:00-07:00,65,68,11.1
2025-07-13T04:00:00-07:00,65,68,13
2025-07-13T04:30:00-07:00,66,68,13
2025-07-13T05:00:00-07:00,66,68,12.8
2025-07-13T05:30:00-07:00,66,68,13.1
2025-07-13T06:00:00-07:00,65,68,11.7
2025-07-13T06:30:00-07:00,65,68,12.2
2025-07-13T07:00:00-07:00,64,69,12.1
2025-07-13T07:30:00-07:00,64,69,11.1
2025-07-13T08:00:00-07:00,62,70,12.4
2025-07-13T08:30:00-07:00,60,71,12.4
2025-07-13T09:00:00-07:00,57,73,11.8
2025-07-13T09:30:00-07:00,50,77,10.5
2025-07-13T10:00:00-07:00,45,81,9
2025-07-13T10:30:00-07:00,42,83,9.4
2025-07-13T11:00:00-07:00,40,85,9.2
2025-07-13T11:30:00-07:00,38,87,9.3
2025-07-13T12:00:00-07:00,38,88,9.4
2025-07-13T12:30:00-07:00,37,89,9.3
2025-07-13T13:00:00-07:00,37,89,9.1
2025-07-13T13:30:00-07:00,38,89,8.4
2025-07-13T14:00:00-07:00,37,90,6.6
2025-07-13T14:30:00-07:00,35,90,4.3
2025-07-13T15:00:00-07:00,35,89,3.6
2025-07-13T15:30:00-07:00,35,89,2.7
2025-07-13T16:00:00-07:00,35,89,2.6
2025-07-13T16:30:00-07:00,35,89,2.6
2025-07-13T17:00:00-07:00,35,88,2.3
2025-07-13T17:30:00-07:00,36,86,2.2
2025-07-13T18:00:00-07:00,38,84,2.1
2025-07-13T18:30:00-07:00,43,80,3
2025-07-13T19:00:00-07:00,48,77,3.1
2025-07-13T19:30:00-07:00,54,73,4.4
2025-07-13T20:00:00-07:00,58,70,3.9
2025-07-13T20:30:00-07:00,61,69,11.6
2025-07-13T21:00:00-07:00,63,67,4.9
2025-07-13T21:30:00-07:00,64,67,6.7
2025-07-13T22:00:00-07:00,64,67,5.7
2025-07-13T22:30:00-07:00,64,67,7.7
2025-07-13T23:00:00-07:00,65,66,4.7
2025-07-13T23:30:00-07:00,65,66,5.2
2025-07-14T00:00:00-07:00,66,65,12.8
2025-07-14T00:30:00-07:00,67,65,40.8
2025-07-14T01:00:00-07:00,67,65,12.2
2025-07-14T01:30:00-07:00,68,65,9.8
2025-07-14T02:00:00-07:00,69,64,5.9
2025-07-14T02:30:00-07:00,69,65,5.8
2025-07-14T03:00:00-07:00,67,67,6.5
2025-07-14T03:30:00-07:00,66,67,6.9
2025-07-14T04:00:00-07:00,66,68,9.1
2025-07-14T04:30:00-07:00,66,68,10.2
2025-07-14T05:00:00-07:00,68,67,11.6
2025-07-14T05:30:00-07:00,69,67,11.9
2025-07-14T06:00:00-07:00,70,67,12.2
2025-07-14T06:30:00-07:00,70,67,14.3
2025-07-14T07:00:00-07:00,69,68,13.9
2025-07-14T07:30:00-07:00,68,69,20.3
2025-07-14T08:00:00-07:00,66,70,17
2025-07-14T08:30:00-07:00,64,71,16.5
2025-07-14T09:00:00-07:00,60,73,16.1
2025-07-14T09:30:00-07:00,54,76,16.6
2025-07-14T10:00:00-07:00,48,80,13
2025-07-14T10:30:00-07:00,43,84,11
2025-07-14T11:00:00-07:00,40,87,10.1
2025-07-14T11:30:00-07:00,36,89,8.3
2025-07-14T12:00:00-07:00,34,91,6.7
2025-07-14T12:30:00-07:00,32,92,5.9
2025-07-14T13:00:00-07:00,33,92,6.2
2025-07-14T13:30:00-07:00,33,91,4.4
2025-07-14T14:00:00-07:00,31,92,2.9
2025-07-14T14:30:00-07:00,32,92,3.3
2025-07-14T15:00:00-07:00,32,91,1.6
2025-07-14T15:30:00-07:00,32,91,1.1
2025-07-14T16:00:00-07:00,33,89,0.7
2025-07-14T16:30:00-07:00,33,89,0.7
2025-07-14T17:00:00-07:00,34,87,0.8
2025-07-14T17:30:00-07:00,36,85,0.8
2025-07-14T18:00:00-07:00,37,83,0.7
2025-07-14T18:30:00-07:00,40,81,1.9
2025-07-14T19:00:00-07:00,43,77,27.4
2025-07-14T19:30:00-07:00,48,74,3.5
2025-07-14T20:00:00-07:00,53,71,2.3
2025-07-14T20:30:00-07:00,59,69,3.3
2025-07-14T21:00:00-07:00,62,68,2.6
2025-07-14T21:30:00-07:00,63,68,2.3
2025-07-14T22:00:00-07:00,64,67,3.2
2025-07-14T22:30:00-07:00,65,67,5.4
2025-07-14T23:00:00-07:00,65,67,2.9
2025-07-14T23:30:00-07:00,65,67,3
2025-07-15T00:00:00-07:00,65,67,2.7
2025-07-15T00:30:00-07:00,66,66,0.9
2025-07-15T01:00:00-07:00,67,66,1.2
2025-07-15T01:30:00-07:00,67,66,1.6
2025-07-15T02:00:00-07:00,68,66,1.8
2025-07-15T02:30:00-07:00,69,66,4.1
2025-07-15T03:00:00-07:00,68,67,5.3
2025-07-15T03:30:00-07:00,67,68,6.4
2025-07-15T04:00:00-07:00,66,68,6.2
2025-07-15T04:30:00-07:00,66,68,8.6
2025-07-15T05:00:00-07:00,64,69,11.3
2025-07-15T05:30:00-07:00,64,69,10.4
2025-07-15T06:00:00-07:00,65,68,5.8
2025-07-15T06:30:00-07:00,65,68,4.9
2025-07-15T07:00:00-07:00,66,68,3.8
2025-07-15T07:30:00-07:00,64,69,3.8
2025-07-15T08:00:00-07:00,62,70,4.5
2025-07-15T08:30:00-07:00,58,72,3.7
2025-07-15T09:00:00-07:00,52,76,6.4
2025-07-15T09:30:00-07:00,48,78,5.3
2025-07-15T10:00:00-07:00,44,81,4.3
2025-07-15T10:30:00-07:00,41,83,3.6
2025-07-15T11:00:00-07:00,40,85,3.5
2025-07-15T11:30:00-07:00,39,86,4.2
2025-07-15T12:00:00-07:00,37,87,4.8
2025-07-15T12:30:00-07:00,37,87,4.5
2025-07-15T13:00:00-07:00,37,88,3.9
2025-07-15T13:30:00-07:00,37,88,3.3
2025-07-15T14:00:00-07:00,39,86,2.8
2025-07-15T14:30:00-07:00,41,84,2.6
2025-07-15T15:00:00-07:00,41,84,1.9
2025-07-15T15:30:00-07:00,40,84,1.4
2025-07-15T16:00:00-07:00,40,83,1.2
2025-07-15T16:30:00-07:00,40,83,1.1
2025-07-15T17:00:00-07:00,40,83,1.4
2025-07-15T17:30:00-07:00,42,81,1.8
2025-07-15T18:00:00-07:00,44,79,1.9
2025-07-15T18:30:00-07:00,46,77,2.6
2025-07-15T19:00:00-07:00,51,74,11.1
2025-07-15T19:30:00-07:00,56,72,3.4
2025-07-15T20:00:00-07:00,60,70,3.9
2025-07-15T20:30:00-07:00,61,69,4.1
2025-07-15T21:00:00-07:00,63,68,15.7
2025-07-15T21:30:00-07:00,64,68,32.4
2025-07-15T22:00:00-07:00,65,68,7.4
2025-07-15T22:30:00-07:00,66,67,4.9
2025-07-15T23:00:00-07:00,66,67,5.4
2025-07-15T23:30:00-07:00,67,67,5.3
2025-07-16T00:00:00-07:00,67,67,5.4
2025-07-16T00:30:00-07:00,67,67,5.1
2025-07-16T01:00:00-07:00,66,67,4.5
2025-07-16T01:30:00-07:00,65,68,3.9
2025-07-16T02:00:00-07:00,65,68,4.2
2025-07-16T02:30:00-07:00,64,68,3.9
2025-07-16T03:00:00-07:00,63,68,4.4
2025-07-16T03:30:00-07:00,63,67,3.5
2025-07-16T04:00:00-07:00,63,67,3.7
2025-07-16T04:30:00-07:00,64,66,3.8
2025-07-16T05:00:00-07:00,65,66,3.6
2025-07-16T05:30:00-07:00,66,66,3.1
2025-07-16T06:00:00-07:00,65,67,5.4
2025-07-16T06:30:00-07:00,63,68,2.8
2025-07-16T07:00:00-07:00,61,69,6.6
2025-07-16T07:30:00-07:00,58,71,2.7
2025-07-16T08:00:00-07:00,54,73,4.6
2025-07-16T08:30:00-07:00,46,78,3
2025-07-16T09:00:00-07:00,44,79,2.9
2025-07-16T09:30:00-07:00,40,82,2.7
2025-07-16T10:00:00-07:00,39,83,2.5
2025-07-16T10:30:00-07:00,37,84,2.2
2025-07-16T11:00:00-07:00,38,84,1.7
2025-07-16T11:30:00-07:00,41,82,1.6
2025-07-16T12:00:00-07:00,40,82,1.2
2025-07-16T12:30:00-07:00,41,82,1
2025-07-16T13:00:00-07:00,42,81,1.2
2025-07-16T13:30:00-07:00,43,80,1.2
2025-07-16T14:00:00-07:00,42,81,1.2
2025-07-16T14:30:00-07:00,42,81,1
2025-07-16T15:00:00-07:00,41,81,0.5
2025-07-16T15:30:00-07:00,40,81,0.5
2025-07-16T16:00:00-07:00,40,81,0.3
2025-07-16T16:30:00-07:00,40,81,0.2
2025-07-16T17:00:00-07:00,40,80,0.4
2025-07-16T17:30:00-07:00,42,80,0.6
2025-07-16T18:00:00-07:00,44,78,0.9
2025-07-16T18:30:00-07:00,47,75,10.2
2025-07-16T19:00:00-07:00,50,73,0.9
2025-07-16T19:30:00-07:00,54,71,1
2025-07-16T20:00:00-07:00,58,69,1.4
2025-07-16T20:30:00-07:00,61,68,9.7
2025-07-16T21:00:00-07:00,63,68,7.7
2025-07-16T21:30:00-07:00,64,67,9.9
2025-07-16T22:00:00-07:00,65,67,2
2025-07-16T22:30:00-07:00,65,67,2.6
2025-07-16T23:00:00-07:00,65,67,2.3
2025-07-16T23:30:00-07:00,66,66,1.8
2025-07-17T00:00:00-07:00,66,66,1.8
2025-07-17T00:30:00-07:00,67,66,1.8
2025-07-17T01:00:00-07:00,68,65,2
2025-07-17T01:30:00-07:00,69,65,2.1
2025-07-17T02:00:00-07:00,68,66,2.5
2025-07-17T02:30:00-07:00,67,66,2.4
2025-07-17T03:00:00-07:00,67,66,2.5
2025-07-17T03:30:00-07:00,66,66,2.6
2025-07-17T04:00:00-07:00,66,67,3.8
2025-07-17T04:30:00-07:00,64,68,6.2
2025-07-17T05:00:00-07:00,64,68,3.3
2025-07-17T05:30:00-07:00,63,68,3.5
2025-07-17T06:00:00-07:00,62,69,5
2025-07-17T06:30:00-07:00,61,69,18.6
2025-07-17T07:00:00-07:00,60,70,6.7
2025-07-17T07:30:00-07:00,59,70,5.1
2025-07-17T08:00:00-07:00,58,70,5.4
2025-07-17T08:30:00-07:00,56,72,7.1
2025-07-17T09:00:00-07:00,52,74,7.9
2025-07-17T09:30:00-07:00,48,77,8.4
2025-07-17T10:00:00-07:00,45,80,4.8
2025-07-17T10:30:00-07:00,42,81,4.5
2025-07-17T11:00:00-07:00,41,83,4.7
2025-07-17T11:30:00-07:00,41,82,4.9
2025-07-17T12:00:00-07:00,40,83,5.1
2025-07-17T12:30:00-07:00,39,85,5.7
2025-07-17T13:00:00-07:00,39,85,4.8
2025-07-17T13:30:00-07:00,39,85,3.5
2025-07-17T14:00:00-07:00,39,85,3.3
2025-07-17T14:30:00-07:00,38,85,2.4
2025-07-17T15:00:00-07:00,38,84,4.4
2025-07-17T15:30:00-07:00,39,84,17.8
2025-07-17T16:00:00-07:00,39,83,3
2025-07-17T16:30:00-07:00,40,83,2.1
2025-07-17T17:00:00-07:00,41,82,2
2025-07-17T17:30:00-07:00,42,80,1.4
2025-07-17T18:00:00-07:00,44,78,1.3
2025-07-17T18:30:00-07:00,46,76,2.9
2025-07-17T19:00:00-07:00,49,74,4.4
2025-07-17T19:30:00-07:00,53,72,1.2
2025-07-17T20:00:00-07:00,57,70,1.2
2025-07-17T20:30:00-07:00,60,69,7.8
2025-07-17T21:00:00-07:00,62,68,2.8
2025-07-17T21:30:00-07:00,63,68,4.7
2025-07-17T22:00:00-07:00,64,68,3.4
2025-07-17T22:30:00-07:00,65,67,3.1
2025-07-17T23:00:00-07:00,66,67,1.9
2025-07-17T23:30:00-07:00,66,67,2
2025-07-18T00:00:00-07:00,67,67,2.4
2025-07-18T00:30:00-07:00,67,67,2.5
2025-07-18T01:00:00-07:00,68,67,2.4
2025-07-18T01:30:00-07:00,68,67,3.4
2025-07-18T02:00:00-07:00,68,67,4.2
2025-07-18T02:30:00-07:00,66,68,9.8
2025-07-18T03:00:00-07:00,65,69,3.5
2025-07-18T03:30:00-07:00,64,69,2.6
2025-07-18T04:00:00-07:00,64,69,6.4
2025-07-18T04:30:00-07:00,62,70,4.4
2025-07-18T05:00:00-07:00,62,70,4.4
2025-07-18T05:30:00-07:00,61,70,4.6
2025-07-18T06:00:00-07:00,61,70,4.7
2025-07-18T06:30:00-07:00,61,70,5
2025-07-18T07:00:00-07:00,60,70,5.7
2025-07-18T07:30:00-07:00,59,71,5.4
2025-07-18T08:00:00-07:00,58,71,5
2025-07-18T08:30:00-07:00,56,72,6.1
2025-07-18T09:00:00-07:00,54,74,7.2
2025-07-18T09:30:00-07:00,53,74,9.6
2025-07-18T10:00:00-07:00,50,77,11.1
2025-07-18T10:30:00-07:00,47,79,8.6
2025-07-18T11:00:00-07:00,46,79,7.5
2025-07-18T11:30:00-07:00,44,81,7.6
2025-07-18T12:00:00-07:00,43,82,8.7
2025-07-18T12:30:00-07:00,43,83,7.5
2025-07-18T13:00:00-07:00,42,83,7.1
2025-07-18T13:30:00-07:00,41,83,7.2
2025-07-18T14:00:00-07:00,42,83,5.9
2025-07-18T14:30:00-07:00,42,83,4.1
2025-07-18T15:00:00-07:00,42,82,3.1
2025-07-18T15:30:00-07:00,43,81,2.5
2025-07-18T16:00:00-07:00,43,80,2.3
2025-07-18T16:30:00-07:00,42,80,1.3
2025-07-18T17:00:00-07:00,41,81,1.5
2025-07-18T17:30:00-07:00,43,80,1
2025-07-18T18:00:00-07:00,43,79,1
2025-07-18T18:30:00-07:00,46,77,0.9
2025-07-18T19:00:00-07:00,51,74,4.6
2025-07-18T19:30:00-07:00,57,71,1.6
2025-07-18T20:00:00-07:00,63,69,4
2025-07-18T20:30:00-07:00,65,68,6.2
2025-07-18T21:00:00-07:00,66,67,5.7
2025-07-18T21:30:00-07:00,66,67,5.4
2025-07-18T22:00:00-07:00,66,67,7.2
2025-07-18T22:30:00-07:00,67,67,9.9
2025-07-18T23:00:00-07:00,66,67,11.1
2025-07-18T23:30:00-07:00,66,67,9.9
2025-07-19T00:00:00-07:00,66,67,7.3
2025-07-19T00:30:00-07:00,66,67,8.2
2025-07-19T01:00:00-07:00,66,67,19.8
2025-07-19T01:30:00-07:00,66,67,13.2
2025-07-19T02:00:00-07:00,67,67,10.1
2025-07-19T02:30:00-07:00,67,67,8.9
2025-07-19T03:00:00-07:00,67,66,8.4
2025-07-19T03:30:00-07:00,66,66,6.8
2025-07-19T04:00:00-07:00,66,66,5.9
2025-07-19T04:30:00-07:00,66,66,5.1
2025-07-19T05:00:00-07:00,65,66,4.8
2025-07-19T05:30:00-07:00,65,66,4.9
2025-07-19T06:00:00-07:00,64,66,4.9
2025-07-19T06:30:00-07:00,63,67,4.8
2025-07-19T07:00:00-07:00,62,67,5.8
2025-07-19T07:30:00-07:00,62,67,6.3
2025-07-19T08:00:00-07:00,61,68,6
2025-07-19T08:30:00-07:00,61,68,7
2025-07-19T09:00:00-07:00,60,69,8.8
2025-07-19T09:30:00-07:00,59,70,8.3
2025-07-19T10:00:00-07:00,58,70,8.3
2025-07-19T10:30:00-07:00,57,71,9.2
2025-07-19T11:00:00-07:00,55,72,8.7
2025-07-19T11:30:00-07:00,53,73,10.2
2025-07-19T12:00:00-07:00,50,76,14
2025-07-19T12:30:00-07:00,47,78,7.1
2025-07-19T13:00:00-07:00,45,80,7
2025-07-19T13:30:00-07:00,42,82,5.9
2025-07-19T14:00:00-07:00,40,84,5.6
2025-07-19T14:30:00-07:00,39,85,5.2
2025-07-19T15:00:00-07:00,39,85,4.4
2025-07-19T15:30:00-07:00,38,86,4
2025-07-19T16:00:00-07:00,37,86,3.7
2025-07-19T16:30:00-07:00,37,86,3.1
2025-07-19T17:00:00-07:00,38,85,3.2
2025-07-19T17:30:00-07:00,39,84,3.2
2025-07-19T18:00:00-07:00,39,82,3.1
2025-07-19T18:30:00-07:00,44,78,3.3
2025-07-19T19:00:00-07:00,48,75,6.8
2025-07-19T19:30:00-07:00,52,72,3.3
2025-07-19T20:00:00-07:00,57,70,3.9
2025-07-19T20:30:00-07:00,61,68,4.3
2025-07-19T21:00:00-07:00,63,67,7.2
2025-07-19T21:30:00-07:00,65,66,6.7
2025-07-19T22:00:00-07:00,66,66,7.6
2025-07-19T22:30:00-07:00,68,65,7.9
2025-07-19T23:00:00-07:00,69,65,8.6
2025-07-19T23:30:00-07:00,68,65,8.8
2025-07-20T00:00:00-07:00,70,65,8.7
2025-07-20T00:30:00-07:00,70,65,9.3
2025-07-20T01:00:00-07:00,70,65,10.2
2025-07-20T01:30:00-07:00,68,67,11.5
2025-07-20T02:00:00-07:00,68,67,14.1
2025-07-20T02:30:00-07:00,67,67,14.7
2025-07-20T03:00:00-07:00,65,68,10.3
2025-07-20T03:30:00-07:00,65,68,9.3
2025-07-20T04:00:00-07:00,65,68,8.4
2025-07-20T04:30:00-07:00,64,68,8.4
2025-07-20T05:00:00-07:00,64,68,9
2025-07-20T05:30:00-07:00,64,68,11.3
2025-07-20T06:00:00-07:00,64,68,16.7
2025-07-20T06:30:00-07:00,65,68,16
2025-07-20T07:00:00-07:00,66,67,12.3
2025-07-20T07:30:00-07:00,66,67,10.5
2025-07-20T08:00:00-07:00,64,68,9
2025-07-20T08:30:00-07:00,62,69,9.6
2025-07-20T09:00:00-07:00,58,71,12
2025-07-20T09:30:00-07:00,56,73,12.7
2025-07-20T10:00:00-07:00,53,75,12.8
2025-07-20T10:30:00-07:00,48,78,14.1
2025-07-20T11:00:00-07:00,44,81,11.3
2025-07-20T11:30:00-07:00,42,83,8.3
2025-07-20T12:00:00-07:00,42,83,4.7
2025-07-20T12:30:00-07:00,43,82,3.4
2025-07-20T13:00:00-07:00,44,82,3.7
2025-07-20T13:30:00-07:00,44,81,3.7
2025-07-20T14:00:00-07:00,44,81,4.3
2025-07-20T14:30:00-07:00,43,82,4.7
2025-07-20T15:00:00-07:00,42,82,4.6
2025-07-20T15:30:00-07:00,43,81,4.3
2025-07-20T16:00:00-07:00,44,80,5.3
2025-07-20T16:30:00-07:00,45,79,5.9
2025-07-20T17:00:00-07:00,46,78,6.1
2025-07-20T17:30:00-07:00,48,77,6.5
2025-07-20T18:00:00-07:00,50,75,16.7
2025-07-20T18:30:00-07:00,53,73,27.6
2025-07-20T19:00:00-07:00,56,71,21.7
2025-07-20T19:30:00-07:00,60,69,8.6
2025-07-20T20:00:00-07:00,61,69,9.2
2025-07-20T20:30:00-07:00,62,68,7.7
2025-07-20T21:00:00-07:00,62,68,7.3
2025-07-20T21:30:00-07:00,63,67,8.2
2025-07-20T22:00:00-07:00,62,67,8.9
2025-07-20T22:30:00-07:00,63,67,8.4
2025-07-20T23:00:00-07:00,63,67,8.3
2025-07-20T23:30:00-07:00,63,67,8.4
2025-07-21T00:00:00-07:00,64,66,8.6
2025-07-21T00:30:00-07:00,65,66,7.3
2025-07-21T01:00:00-07:00,66,66,7.3
2025-07-21T01:30:00-07:00,66,66,6.8
2025-07-21T02:00:00-07:00,67,66,7
2025-07-21T02:30:00-07:00,67,66,6.7
2025-07-21T03:00:00-07:00,68,66,5.8
2025-07-21T03:30:00-07:00,68,66,6.3
2025-07-21T04:00:00-07:00,65,68,7.5
2025-07-21T04:30:00-07:00,64,68,8.1
2025-07-21T05:00:00-07:00,64,68,4.5
2025-07-21T05:30:00-07:00,65,67,4.6
2025-07-21T06:00:00-07:00,63,68,8.4
2025-07-21T06:30:00-07:00,63,68,8.5
2025-07-21T07:00:00-07:00,62,69,6.4
2025-07-21T07:30:00-07:00,61,69,3.4
2025-07-21T08:00:00-07:00,60,70,0.7
2025-07-21T08:30:00-07:00,57,71,1.9
2025-07-21T09:00:00-07:00,55,72,1.4
2025-07-21T09:30:00-07:00,53,74,0.6
2025-07-21T10:00:00-07:00,51,76,1.8
2025-07-21T10:30:00-07:00,47,78,0
2025-07-21T11:00:00-07:00,45,80,0
2025-07-21T11:30:00-07:00,44,80,0.1
2025-07-21T12:00:00-07:00,44,81,0.1
2025-07-21T12:30:00-07:00,44,82,0.1
2025-07-21T13:00:00-07:00,44,82,0.1
2025-07-21T13:30:00-07:00,44,82,0.3
2025-07-21T14:00:00-07:00,44,82,0.5
2025-07-21T14:30:00-07:00,44,81,0.5
2025-07-21T15:00:00-07:00,44,81,0.6
2025-07-21T15:30:00-07:00,44,81,0.9
2025-07-21T16:00:00-07:00,44,81,0.9
2025-07-21T16:30:00-07:00,45,80,0.9
2025-07-21T17:00:00-07:00,45,79,1
2025-07-21T17:30:00-07:00,45,79,0.9
2025-07-21T18:00:00-07:00,49,76,7.7
2025-07-21T18:30:00-07:00,51,75,15.6
2025-07-21T19:00:00-07:00,53,73,8.9
2025-07-21T19:30:00-07:00,57,71,1.7
2025-07-21T20:00:00-07:00,61,70,3.5
2025-07-21T20:30:00-07:00,62,69,3.8
2025-07-21T21:00:00-07:00,63,69,15.3
2025-07-21T21:30:00-07:00,61,69,15.9
2025-07-21T22:00:00-07:00,62,69,4.8
2025-07-21T22:30:00-07:00,62,69,0.2
2025-07-21T23:00:00-07:00,63,69,0.4
2025-07-21T23:30:00-07:00,62,69,0.3
2025-07-22T00:00:00-07:00,62,69,0.2
2025-07-22T00:30:00-07:00,61,69,0.5
2025-07-22T01:00:00-07:00,63,69,0.6
2025-07-22T01:30:00-07:00,63,69,0.5
2025-07-22T02:00:00-07:00,63,68,0.6
2025-07-22T02:30:00-07:00,63,68,0.5
2025-07-22T03:00:00-07:00,64,68,0.6
2025-07-22T03:30:00-07:00,65,68,1.5
2025-07-22T04:00:00-07:00,65,68,2.6
2025-07-22T04:30:00-07:00,65,68,3.3
2025-07-22T05:00:00-07:00,64,68,2
2025-07-22T05:30:00-07:00,65,68,2.4
2025-07-22T06:00:00-07:00,64,68,0.3
2025-07-22T06:30:00-07:00,63,69,0.2
2025-07-22T07:00:00-07:00,61,70,0.3
2025-07-22T07:30:00-07:00,59,71,0.2
2025-07-22T08:00:00-07:00,57,72,0.2
2025-07-22T08:30:00-07:00,56,73,0.2
2025-07-22T09:00:00-07:00,55,74,0.1
2025-07-22T09:30:00-07:00,52,75,0.1
2025-07-22T10:00:00-07:00,47,78,2
2025-07-22T10:30:00-07:00,43,81,0
2025-07-22T11:00:00-07:00,41,82,0
2025-07-22T11:30:00-07:00,44,80,0
2025-07-22T12:00:00-07:00,45,80,0
2025-07-22T12:30:00-07:00,44,81,0.1
2025-07-22T13:00:00-07:00,44,81,0.2
2025-07-22T13:30:00-07:00,43,81,0.3
2025-07-22T14:00:00-07:00,45,79,0.8
2025-07-22T14:30:00-07:00,46,78,1
2025-07-22T15:00:00-07:00,48,77,0.9
2025-07-22T15:30:00-07:00,50,75,6
2025-07-22T16:00:00-07:00,50,75,7.9
2025-07-22T16:30:00-07:00,51,75,11.4
2025-07-22T17:00:00-07:00,53,75,4.5
2025-07-22T17:30:00-07:00,55,73,1.5
2025-07-22T18:00:00-07:00,57,72,1.8
2025-07-22T18:30:00-07:00,59,70,2.1
2025-07-22T19:00:00-07:00,61,69,3.8
2025-07-22T19:30:00-07:00,62,68,17.6
2025-07-22T20:00:00-07:00,63,68,5.5
2025-07-22T20:30:00-07:00,62,67,4
2025-07-22T21:00:00-07:00,63,67,5
2025-07-22T21:30:00-07:00,63,67,4.6
2025-07-22T22:00:00-07:00,63,67,3.4
2025-07-22T22:30:00-07:00,61,68,2.3
2025-07-22T23:00:00-07:00,60,68,2.2
2025-07-22T23:30:00-07:00,60,68,2.2
2025-07-23T00:00:00-07:00,60,68,2
2025-07-23T00:30:00-07:00,60,68,2
2025-07-23T01:00:00-07:00,60,68,2.2
2025-07-23T01:30:00-07:00,61,68,2.9
2025-07-23T02:00:00-07:00,61,68,4.3
2025-07-23T02:30:00-07:00,61,68,4.7
2025-07-23T03:00:00-07:00,62,67,14.7
2025-07-23T03:30:00-07:00,62,67,19.8
2025-07-23T04:00:00-07:00,62,67,21
2025-07-23T04:30:00-07:00,61,68,14.4
2025-07-23T05:00:00-07:00,61,68,8.4
2025-07-23T05:30:00-07:00,61,67,18.7
2025-07-23T06:00:00-07:00,60,68,11.7
2025-07-23T06:30:00-07:00,61,67,15
2025-07-23T07:00:00-07:00,61,67,7.1
2025-07-23T07:30:00-07:00,60,68,3.3
2025-07-23T08:00:00-07:00,59,69,0.9
2025-07-23T08:30:00-07:00,57,70,0.9
2025-07-23T09:00:00-07:00,55,71,0.7
2025-07-23T09:30:00-07:00,52,73,0.9
2025-07-23T10:00:00-07:00,50,75,2.3
2025-07-23T10:30:00-07:00,45,78,2.4
2025-07-23T11:00:00-07:00,42,80,1.8
2025-07-23T11:30:00-07:00,40,82,1.3
2025-07-23T12:00:00-07:00,38,83,0.9
2025-07-23T12:30:00-07:00,38,84,0.8
2025-07-23T13:00:00-07:00,39,83,0.5
2025-07-23T13:30:00-07:00,38,84,0.1
2025-07-23T14:00:00-07:00,38,83,0.1
2025-07-23T14:30:00-07:00,38,83,0.1
2025-07-23T15:00:00-07:00,38,83,0.1
2025-07-23T15:30:00-07:00,39,82,0
2025-07-23T16:00:00-07:00,40,82,0
2025-07-23T16:30:00-07:00,42,80,0.1
2025-07-23T17:00:00-07:00,43,80,0
2025-07-23T17:30:00-07:00,44,78,0.1
2025-07-23T18:00:00-07:00,46,77,0.2
2025-07-23T18:30:00-07:00,48,76,0.8
2025-07-23T19:00:00-07:00,52,74,1.3
2025-07-23T19:30:00-07:00,54,72,0.2
2025-07-23T20:00:00-07:00,58,70,0.4
2025-07-23T20:30:00-07:00,60,69,1
2025-07-23T21:00:00-07:00,62,68,1.8
2025-07-23T21:30:00-07:00,63,68,0.7
2025-07-23T22:00:00-07:00,64,68,0.9
2025-07-23T22:30:00-07:00,65,67,3.1
2025-07-23T23:00:00-07:00,64,68,3.9
2025-07-23T23:30:00-07:00,65,68,5.9
2025-07-24T00:00:00-07:00,65,68,3.9
2025-07-24T00:30:00-07:00,65,67,4.5
2025-07-24T01:00:00-07:00,64,68,1.4
2025-07-24T01:30:00-07:00,63,68,1.8
2025-07-24T02:00:00-07:00,63,68,6.8
2025-07-24T02:30:00-07:00,63,68,2.2
2025-07-24T03:00:00-07:00,62,68,0.9
2025-07-24T03:30:00-07:00,62,68,0.7
2025-07-24T04:00:00-07:00,62,69,0.8
2025-07-24T04:30:00-07:00,62,68,0.6
2025-07-24T05:00:00-07:00,62,68,0.6
2025-07-24T05:30:00-07:00,61,68,0.7
2025-07-24T06:00:00-07:00,63,68,1.1
2025-07-24T06:30:00-07:00,63,68,1.5
2025-07-24T07:00:00-07:00,62,68,1.1
2025-07-24T07:30:00-07:00,61,68,1.2
2025-07-24T08:00:00-07:00,60,69,1.3
2025-07-24T08:30:00-07:00,58,70,1.3
2025-07-24T09:00:00-07:00,58,71,1.3
2025-07-24T09:30:00-07:00,56,72,1.2
2025-07-24T10:00:00-07:00,54,73,1.6
2025-07-24T10:30:00-07:00,50,76,3.8
2025-07-24T11:00:00-07:00,46,78,3.2
2025-07-24T11:30:00-07:00,43,81,3.6
2025-07-24T12:00:00-07:00,39,84,3.2
2025-07-24T12:30:00-07:00,40,83,3.1
2025-07-24T13:00:00-07:00,40,84,2.6
2025-07-24T13:30:00-07:00,40,84,1.9
2025-07-24T14:00:00-07:00,39,84,1.2
2025-07-24T14:30:00-07:00,38,84,0.4
2025-07-24T15:00:00-07:00,38,84,0.2
2025-07-24T15:30:00-07:00,38,84,0.1
2025-07-24T16:00:00-07:00,39,83,0.1
2025-07-24T16:30:00-07:00,40,82,0.1
2025-07-24T17:00:00-07:00,42,81,0.1
2025-07-24T17:30:00-07:00,44,79,0.2
2025-07-24T18:00:00-07:00,46,77,0.4
2025-07-24T18:30:00-07:00,50,74,5.5
2025-07-24T19:00:00-07:00,54,72,1.2
2025-07-24T19:30:00-07:00,58,71,1.3
2025-07-24T20:00:00-07:00,60,69,1.4
2025-07-24T20:30:00-07:00,62,68,1.5
2025-07-24T21:00:00-07:00,64,68,1.6
2025-07-24T21:30:00-07:00,65,67,2.2
2025-07-24T22:00:00-07:00,66,67,2.1
2025-07-24T22:30:00-07:00,67,66,1.9
2025-07-24T23:00:00-07:00,69,66,2.1
2025-07-24T23:30:00-07:00,67,66,2.6
2025-07-25T00:00:00-07:00,66,67,7
2025-07-25T00:30:00-07:00,64,68,3.8
2025-07-25T01:00:00-07:00,65,68,3.1
2025-07-25T01:30:00-07:00,65,68,2.6
2025-07-25T02:00:00-07:00,65,67,4.4
2025-07-25T02:30:00-07:00,64,67,3.6
2025-07-25T03:00:00-07:00,64,68,4.3
2025-07-25T03:30:00-07:00,64,68,5.4
2025-07-25T04:00:00-07:00,64,67,7.1
2025-07-25T04:30:00-07:00,64,67,14.7
2025-07-25T05:00:00-07:00,64,67,16.7
2025-07-25T05:30:00-07:00,64,67,13.1
2025-07-25T06:00:00-07:00,65,66,0
2025-07-25T06:30:00-07:00,64,67,0
2025-07-25T07:00:00-07:00,64,67,0
2025-07-25T07:30:00-07:00,63,67,9.9
2025-07-25T08:00:00-07:00,62,68,3
2025-07-25T08:30:00-07:00,59,69,0.4
2025-07-25T09:00:00-07:00,55,71,0
2025-07-25T09:30:00-07:00,51,74,1.5
2025-07-25T10:00:00-07:00,47,77,1.3
2025-07-25T10:30:00-07:00,42,81,1.3
2025-07-25T11:00:00-07:00,42,81,1.7
2025-07-25T11:30:00-07:00,41,82,2.2
2025-07-25T12:00:00-07:00,41,82,2.1
2025-07-25T12:30:00-07:00,41,82,1.7
2025-07-25T13:00:00-07:00,42,81,1.5
2025-07-25T13:30:00-07:00,43,81,1.4
2025-07-25T14:00:00-07:00,43,82,1.5
2025-07-25T14:30:00-07:00,43,81,1.1
2025-07-25T15:00:00-07:00,43,81,1.1
2025-07-25T15:30:00-07:00,43,81,0.9
2025-07-25T16:00:00-07:00,45,79,0.9
2025-07-25T16:30:00-07:00,47,77,1.3
2025-07-25T17:00:00-07:00,48,77,1.1
2025-07-25T17:30:00-07:00,48,76,1.6
2025-07-25T18:00:00-07:00,51,74,12.7
2025-07-25T18:30:00-07:00,55,72,0.9
2025-07-25T19:00:00-07:00,59,70,0.6
2025-07-25T19:30:00-07:00,62,69,2.7
2025-07-25T20:00:00-07:00,64,68,4.8
2025-07-25T20:30:00-07:00,65,67,2.9
2025-07-25T21:00:00-07:00,66,67,6.8
2025-07-25T21:30:00-07:00,65,67,8.2
2025-07-25T22:00:00-07:00,66,67,9.8
2025-07-25T22:30:00-07:00,67,66,2.4
2025-07-25T23:00:00-07:00,67,66,1.6
2025-07-25T23:30:00-07:00,68,66,1.3
2025-07-26T00:00:00-07:00,67,67,1.3
2025-07-26T00:30:00-07:00,66,67,3.2
2025-07-26T01:00:00-07:00,65,67,2.9
2025-07-26T01:30:00-07:00,64,67,2.2
2025-07-26T02:00:00-07:00,64,67,3.9
2025-07-26T02:30:00-07:00,64,67,6.1
2025-07-26T03:00:00-07:00,64,67,9.9
2025-07-26T03:30:00-07:00,64,67,17.4
2025-07-26T04:00:00-07:00,64,67,18.7
2025-07-26T04:30:00-07:00,63,67,12
2025-07-26T05:00:00-07:00,64,66,0.1
2025-07-26T05:30:00-07:00,65,66,0
2025-07-26T06:00:00-07:00,65,66,0
2025-07-26T06:30:00-07:00,64,66,0.1
2025-07-26T07:00:00-07:00,63,67,0.4
2025-07-26T07:30:00-07:00,60,68,0.6
2025-07-26T08:00:00-07:00,58,69,0.8
2025-07-26T08:30:00-07:00,56,71,0
2025-07-26T09:00:00-07:00,52,73,0
2025-07-26T09:30:00-07:00,49,75,2.1
2025-07-26T10:00:00-07:00,45,77,0.4
2025-07-26T10:30:00-07:00,42,80,0
2025-07-26T11:00:00-07:00,41,80,0
2025-07-26T11:30:00-07:00,41,81,0.1
2025-07-26T12:00:00-07:00,42,81,0.3
2025-07-26T12:30:00-07:00,41,82,1
2025-07-26T13:00:00-07:00,41,81,1
2025-07-26T13:30:00-07:00,41,82,1.2
2025-07-26T14:00:00-07:00,41,82,1.9
2025-07-26T14:30:00-07:00,41,82,1.9
2025-07-26T15:00:00-07:00,42,81,2.3
2025-07-26T15:30:00-07:00,43,80,2.3
2025-07-26T16:00:00-07:00,45,79,1.3
2025-07-26T16:30:00-07:00,47,78,1.6
2025-07-26T17:00:00-07:00,47,78,1.5
2025-07-26T17:30:00-07:00,47,78,1.1
2025-07-26T18:00:00-07:00,49,76,5.6
2025-07-26T18:30:00-07:00,52,73,1.3
2025-07-26T19:00:00-07:00,56,71,0.9
2025-07-26T19:30:00-07:00,60,69,2.6
2025-07-26T20:00:00-07:00,63,68,2.2
2025-07-26T20:30:00-07:00,64,67,1.5
2025-07-26T21:00:00-07:00,65,67,2
2025-07-26T21:30:00-07:00,65,67,1.8
2025-07-26T22:00:00-07:00,64,68,1.8
2025-07-26T22:30:00-07:00,65,68,2.4
2025-07-26T23:00:00-07:00,64,67,2.8
2025-07-26T23:30:00-07:00,64,68,2.6
2025-07-27T00:00:00-07:00,64,68,1.4
2025-07-27T00:30:00-07:00,64,68,0.8
2025-07-27T01:00:00-07:00,65,68,0.9
2025-07-27T01:30:00-07:00,64,68,1.4
2025-07-27T02:00:00-07:00,64,68,1
2025-07-27T02:30:00-07:00,64,68,0.4
2025-07-27T03:00:00-07:00,63,68,0.1
2025-07-27T03:30:00-07:00,63,68,0.1
2025-07-27T04:00:00-07:00,63,68,0.4
2025-07-27T04:30:00-07:00,64,68,2
2025-07-27T05:00:00-07:00,63,68,4.4
2025-07-27T05:30:00-07:00,63,68,1.1
2025-07-27T06:00:00-07:00,64,68,4.6
2025-07-27T06:30:00-07:00,63,67,3.7
2025-07-27T07:00:00-07:00,64,67,0.6
2025-07-27T07:30:00-07:00,61,69,0.8
2025-07-27T08:00:00-07:00,57,71,0
2025-07-27T08:30:00-07:00,57,71,0
2025-07-27T09:00:00-07:00,55,72,0.1
2025-07-27T09:30:00-07:00,54,73,0.3
2025-07-27T10:00:00-07:00,51,76,5.6
2025-07-27T10:30:00-07:00,47,78,0.7
2025-07-27T11:00:00-07:00,45,80,1.2
2025-07-27T11:30:00-07:00,45,79,2
2025-07-27T12:00:00-07:00,44,81,2.7
2025-07-27T12:30:00-07:00,44,81,1.3
2025-07-27T13:00:00-07:00,43,81,0.9
2025-07-27T13:30:00-07:00,43,82,0.8
2025-07-27T14:00:00-07:00,43,82,1
2025-07-27T14:30:00-07:00,43,81,1.1
2025-07-27T15:00:00-07:00,43,81,1.5
2025-07-27T15:30:00-07:00,44,81,2.2
2025-07-27T16:00:00-07:00,43,81,2.5
2025-07-27T16:30:00-07:00,43,81,3.2
2025-07-27T17:00:00-07:00,45,79,3.7
2025-07-27T17:30:00-07:00,47,78,3.5
2025-07-27T18:00:00-07:00,48,77,4.2
2025-07-27T18:30:00-07:00,52,74,11.3
2025-07-27T19:00:00-07:00,57,72,4.7
2025-07-27T19:30:00-07:00,60,70,4.1
2025-07-27T20:00:00-07:00,63,69,5.5
2025-07-27T20:30:00-07:00,66,68,4.5
2025-07-27T21:00:00-07:00,66,67,4.4
2025-07-27T21:30:00-07:00,65,68,3.2
2025-07-27T22:00:00-07:00,65,68,3.4
2025-07-27T22:30:00-07:00,66,67,3.7
2025-07-27T23:00:00-07:00,66,67,3.4
2025-07-27T23:30:00-07:00,66,67,2.8
2025-07-28T00:00:00-07:00,66,67,2.3
2025-07-28T00:30:00-07:00,66,66,2.6
2025-07-28T01:00:00-07:00,67,66,2.7
2025-07-28T01:30:00-07:00,67,66,3.6
2025-07-28T02:00:00-07:00,67,66,3.6
2025-07-28T02:30:00-07:00,67,67,2.7
2025-07-28T03:00:00-07:00,67,67,1.9
2025-07-28T03:30:00-07:00,68,67,1.9
2025-07-28T04:00:00-07:00,68,67,1.9
2025-07-28T04:30:00-07:00,67,67,2.7
2025-07-28T05:00:00-07:00,67,67,3.3
2025-07-28T05:30:00-07:00,67,68,3.1
2025-07-28T06:00:00-07:00,65,68,2.9
2025-07-28T06:30:00-07:00,64,69,6.6
2025-07-28T07:00:00-07:00,63,69,2.2
2025-07-28T07:30:00-07:00,61,70,3.1
2025-07-28T08:00:00-07:00,59,72,3.7
2025-07-28T08:30:00-07:00,57,73,4.6
2025-07-28T09:00:00-07:00,54,74,5
2025-07-28T09:30:00-07:00,48,78,6.3
2025-07-28T10:00:00-07:00,44,81,2.6
2025-07-28T10:30:00-07:00,42,83,2.5
2025-07-28T11:00:00-07:00,40,84,2.6
2025-07-28T11:30:00-07:00,40,85,3
2025-07-28T12:00:00-07:00,39,86,3.4
2025-07-28T12:30:00-07:00,39,86,3.6
2025-07-28T13:00:00-07:00,39,85,4.2
2025-07-28T13:30:00-07:00,39,85,4.5
2025-07-28T14:00:00-07:00,39,86,5.1
2025-07-28T14:30:00-07:00,38,86,4.9
2025-07-28T15:00:00-07:00,38,86,5
2025-07-28T15:30:00-07:00,38,86,4.2
2025-07-28T16:00:00-07:00,38,85,3.4
2025-07-28T16:30:00-07:00,38,85,3.3
2025-07-28T17:00:00-07:00,37,85,3
2025-07-28T17:30:00-07:00,39,84,3.4
2025-07-28T18:00:00-07:00,43,81,3.9
2025-07-28T18:30:00-07:00,46,79,3.7
2025-07-28T19:00:00-07:00,49,77,3.4
2025-07-28T19:30:00-07:00,51,75,7.3
2025-07-28T20:00:00-07:00,53,74,4.1
2025-07-28T20:30:00-07:00,55,73,3.9
2025-07-28T21:00:00-07:00,58,72,4.9
2025-07-28T21:30:00-07:00,59,71,4.1
2025-07-28T22:00:00-07:00,61,71,4.6
2025-07-28T22:30:00-07:00,62,70,4.3
2025-07-28T23:00:00-07:00,63,70,4.4
2025-07-28T23:30:00-07:00,63,69,4.7
2025-07-29T00:00:00-07:00,63,69,6.9
2025-07-29T00:30:00-07:00,65,68,5.6
2025-07-29T01:00:00-07:00,66,68,6.1
2025-07-29T01:30:00-07:00,67,68,6.6
2025-07-29T02:00:00-07:00,67,68,6.5
2025-07-29T02:30:00-07:00,67,67,7.3
2025-07-29T03:00:00-07:00,68,66,6.4
2025-07-29T03:30:00-07:00,68,66,7.3
2025-07-29T04:00:00-07:00,68,66,6.4
2025-07-29T04:30:00-07:00,68,65,6.1
2025-07-29T05:00:00-07:00,68,64,5.9
2025-07-29T05:30:00-07:00,68,64,5.7
2025-07-29T06:00:00-07:00,68,63,5.9
2025-07-29T06:30:00-07:00,70,64,6.1
2025-07-29T07:00:00-07:00,72,66,5.9
2025-07-29T07:30:00-07:00,68,69,5.5
2025-07-29T08:00:00-07:00,59,74,6.6
2025-07-29T08:30:00-07:00,51,78,4.9
2025-07-29T09:00:00-07:00,46,81,4.8
2025-07-29T09:30:00-07:00,44,83,4.8
2025-07-29T10:00:00-07:00,41,85,4.3
2025-07-29T10:30:00-07:00,39,85,4
2025-07-29T11:00:00-07:00,38,86,4.2
2025-07-29T11:30:00-07:00,38,86,4.5
2025-07-29T12:00:00-07:00,37,88,4.4
2025-07-29T12:30:00-07:00,36,88,4.5
2025-07-29T13:00:00-07:00,35,89,4.6
2025-07-29T13:30:00-07:00,35,88,4.6
2025-07-29T14:00:00-07:00,37,86,4.8
2025-07-29T14:30:00-07:00,38,86,5
2025-07-29T15:00:00-07:00,37,85,4.6
2025-07-29T15:30:00-07:00,37,85,4.4
2025-07-29T16:00:00-07:00,39,84,5
2025-07-29T16:30:00-07:00,41,83,4.9
2025-07-29T17:00:00-07:00,44,81,4.8
2025-07-29T17:30:00-07:00,46,79,5.1
2025-07-29T18:00:00-07:00,49,77,5
2025-07-29T18:30:00-07:00,52,75,7
2025-07-29T19:00:00-07:00,56,72,5
2025-07-29T19:30:00-07:00,60,71,5
2025-07-29T20:00:00-07:00,63,69,5.3
2025-07-29T20:30:00-07:00,65,68,5.5
2025-07-29T21:00:00-07:00,66,68,6.4
2025-07-29T21:30:00-07:00,67,67,6.8
2025-07-29T22:00:00-07:00,67,67,9.2
2025-07-29T22:30:00-07:00,68,67,14.6
2025-07-29T23:00:00-07:00,68,67,9.4
2025-07-29T23:30:00-07:00,67,68,6.6
2025-07-30T00:00:00-07:00,67,68,5.6
2025-07-30T00:30:00-07:00,67,67,5.4
2025-07-30T01:00:00-07:00,66,68,6.1
2025-07-30T01:30:00-07:00,66,68,5.3
2025-07-30T02:00:00-07:00,66,68,4.6
2025-07-30T02:30:00-07:00,66,68,10.2
2025-07-30T03:00:00-07:00,64,69,14.6
2025-07-30T03:30:00-07:00,63,69,11.1
2025-07-30T04:00:00-07:00,62,69,8.8
2025-07-30T04:30:00-07:00,63,69,14.8
2025-07-30T05:00:00-07:00,63,69,7.3
2025-07-30T05:30:00-07:00,62,69,3.8
2025-07-30T06:00:00-07:00,63,69,3.1
2025-07-30T06:30:00-07:00,62,70,2.8
2025-07-30T07:00:00-07:00,61,70,2.6
2025-07-30T07:30:00-07:00,60,71,4.1
2025-07-30T08:00:00-07:00,58,72,6.6
2025-07-30T08:30:00-07:00,56,73,8.5
2025-07-30T09:00:00-07:00,53,75,9.8
2025-07-30T09:30:00-07:00,49,78,10.1
2025-07-30T10:00:00-07:00,46,80,6.1
2025-07-30T10:30:00-07:00,44,81,3.9
2025-07-30T11:00:00-07:00,43,82,3.4
2025-07-30T11:30:00-07:00,43,82,3.2
2025-07-30T12:00:00-07:00,43,82,3.5
2025-07-30T12:30:00-07:00,43,82,4
2025-07-30T13:00:00-07:00,44,82,4.4
2025-07-30T13:30:00-07:00,46,81,5
2025-07-30T14:00:00-07:00,46,80,5.8
2025-07-30T14:30:00-07:00,45,80,5.9
2025-07-30T15:00:00-07:00,44,81,5.9
2025-07-30T15:30:00-07:00,44,81,6
2025-07-30T16:00:00-07:00,44,80,5.7
2025-07-30T16:30:00-07:00,46,79,5.4
2025-07-30T17:00:00-07:00,47,78,5.2
2025-07-30T17:30:00-07:00,49,77,5
2025-07-30T18:00:00-07:00,52,75,9.4
2025-07-30T18:30:00-07:00,57,72,4.9
2025-07-30T19:00:00-07:00,62,70,6.9
2025-07-30T19:30:00-07:00,65,69,4.3
2025-07-30T20:00:00-07:00,65,69,4.6
2025-07-30T20:30:00-07:00,66,69,9.8
2025-07-30T21:00:00-07:00,66,69,9.9
2025-07-30T21:30:00-07:00,66,69,6.9
2025-07-30T22:00:00-07:00,67,68,6.1
2025-07-30T22:30:00-07:00,66,69,6.1
2025-07-30T23:00:00-07:00,65,69,4.8
2025-07-30T23:30:00-07:00,66,69,4.2
2025-07-31T00:00:00-07:00,65,69,2.9
2025-07-31T00:30:00-07:00,66,69,2.8
2025-07-31T01:00:00-07:00,66,69,2.4
2025-07-31T01:30:00-07:00,66,69,1.7
2025-07-31T02:00:00-07:00,67,68,1.3
2025-07-31T02:30:00-07:00,67,69,1.3
2025-07-31T03:00:00-07:00,66,69,1.1
2025-07-31T03:30:00-07:00,65,69,1.1
2025-07-31T04:00:00-07:00,64,69,1
2025-07-31T04:30:00-07:00,63,70,1.2
2025-07-31T05:00:00-07:00,63,70,2.1
2025-07-31T05:30:00-07:00,63,70,5.2
2025-07-31T06:00:00-07:00,63,70,7.7
2025-07-31T06:30:00-07:00,63,70,9.5
2025-07-31T07:00:00-07:00,62,71,12.1
2025-07-31T07:30:00-07:00,62,70,9.8
2025-07-31T08:00:00-07:00,62,71,9.4
2025-07-31T08:30:00-07:00,60,72,10.1
2025-07-31T09:00:00-07:00,53,76,9.7
2025-07-31T09:30:00-07:00,45,81,6.9
2025-07-31T10:00:00-07:00,43,83,6.1
2025-07-31T10:30:00-07:00,40,85,5.8
2025-07-31T11:00:00-07:00,39,86,5.3
2025-07-31T11:30:00-07:00,37,87,5.5
2025-07-31T12:00:00-07:00,36,89,6.1
2025-07-31T12:30:00-07:00,36,90,7.4
2025-07-31T13:00:00-07:00,36,90,7.2
2025-07-31T13:30:00-07:00,35,91,5.7
2025-07-31T14:00:00-07:00,36,90,5.1
2025-07-31T14:30:00-07:00,37,90,4.9
2025-07-31T15:00:00-07:00,36,90,5.1
2025-07-31T15:30:00-07:00,36,90,5
2025-07-31T16:00:00-07:00,37,89,4.5
2025-07-31T16:30:00-07:00,39,88,4.7
2025-07-31T17:00:00-07:00,41,84,3.5
2025-07-31T17:30:00-07:00,46,80,4.2
2025-07-31T18:00:00-07:00,51,76,3.8
2025-07-31T18:30:00-07:00,56,73,19.6
2025-07-31T19:00:00-07:00,61,71,3.1
2025-07-31T19:30:00-07:00,66,68,4.9
2025-07-31T20:00:00-07:00,70,66,9.4
2025-07-31T20:30:00-07:00,71,66,4
2025-07-31T21:00:00-07:00,70,67,11.3
2025-07-31T21:30:00-07:00,69,67,3.6
2025-07-31T22:00:00-07:00,68,68,2.7
2025-07-31T22:30:00-07:00,68,68,2.5
2025-07-31T23:00:00-07:00,67,68,5.2
2025-07-31T23:30:00-07:00,67,68,1.9
2025-08-01T00:00:00-07:00,68,68,1.6
2025-08-01T00:30:00-07:00,68,68,1.2
2025-08-01T01:00:00-07:00,67,68,0.8
2025-08-01T01:30:00-07:00,67,68,6.5
2025-08-01T02:00:00-07:00,67,68,0.6
2025-08-01T02:30:00-07:00,67,68,0.2
2025-08-01T03:00:00-07:00,67,68,0.2
2025-08-01T03:30:00-07:00,67,68,0.1
2025-08-01T04:00:00-07:00,66,68,0.1
2025-08-01T04:30:00-07:00,66,68,0.1
2025-08-01T05:00:00-07:00,66,68,0.2
2025-08-01T05:30:00-07:00,66,68,0.2
2025-08-01T06:00:00-07:00,65,68,0.2
2025-08-01T06:30:00-07:00,65,68,0.2
2025-08-01T07:00:00-07:00,63,69,0.3
2025-08-01T07:30:00-07:00,61,70,0.4
2025-08-01T08:00:00-07:00,59,71,2.8
2025-08-01T08:30:00-07:00,56,74,6.4
2025-08-01T09:00:00-07:00,51,77,10.1
2025-08-01T09:30:00-07:00,47,80,10.3
2025-08-01T10:00:00-07:00,43,83,11
2025-08-01T10:30:00-07:00,42,84,5.9
2025-08-01T11:00:00-07:00,42,84,4.1
2025-08-01T11:30:00-07:00,42,84,3.4
2025-08-01T12:00:00-07:00,42,84,2.5
2025-08-01T12:30:00-07:00,43,82,1.4
2025-08-01T13:00:00-07:00,43,82,1.3
2025-08-01T13:30:00-07:00,43,82,1.3
2025-08-01T14:00:00-07:00,42,82,1.2
2025-08-01T14:30:00-07:00,43,82,1.4
2025-08-01T15:00:00-07:00,42,82,1.5
2025-08-01T15:30:00-07:00,42,82,1.5
2025-08-01T16:00:00-07:00,43,81,1.3
2025-08-01T16:30:00-07:00,45,80,1.3
2025-08-01T17:00:00-07:00,47,78,1.9
2025-08-01T17:30:00-07:00,50,76,3.1
2025-08-01T18:00:00-07:00,51,75,5.6
2025-08-01T18:30:00-07:00,55,72,3.1
2025-08-01T19:00:00-07:00,59,70,4
2025-08-01T19:30:00-07:00,62,69,4.8
2025-08-01T20:00:00-07:00,65,68,4.7
2025-08-01T20:30:00-07:00,64,68,5.4
2025-08-01T21:00:00-07:00,63,69,4.9
2025-08-01T21:30:00-07:00,64,68,7.3
2025-08-01T22:00:00-07:00,66,67,8.5
2025-08-01T22:30:00-07:00,68,66,7.8
2025-08-01T23:00:00-07:00,68,67,8.8
2025-08-01T23:30:00-07:00,67,67,7.4
2025-08-02T00:00:00-07:00,67,67,7.8
2025-08-02T00:30:00-07:00,69,66,5.5
2025-08-02T01:00:00-07:00,70,66,5.4
2025-08-02T01:30:00-07:00,70,66,5
2025-08-02T02:00:00-07:00,70,65,3.7
2025-08-02T02:30:00-07:00,71,65,3
2025-08-02T03:00:00-07:00,71,65,2.6
2025-08-02T03:30:00-07:00,72,65,2.2
2025-08-02T04:00:00-07:00,70,66,1.6
2025-08-02T04:30:00-07:00,68,66,1.1
2025-08-02T05:00:00-07:00,68,67,7.7
2025-08-02T05:30:00-07:00,67,66,0.8
2025-08-02T06:00:00-07:00,67,66,0.6
2025-08-02T06:30:00-07:00,66,66,0.7
2025-08-02T07:00:00-07:00,64,68,2.6
2025-08-02T07:30:00-07:00,62,69,1
2025-08-02T08:00:00-07:00,59,70,1.8
2025-08-02T08:30:00-07:00,56,72,3
2025-08-02T09:00:00-07:00,54,74,3.6
2025-08-02T09:30:00-07:00,48,77,2.6
2025-08-02T10:00:00-07:00,46,79,2.4
2025-08-02T10:30:00-07:00,43,81,2.2
2025-08-02T11:00:00-07:00,42,82,1.9
2025-08-02T11:30:00-07:00,41,83,1.7
2025-08-04T14:00:00-07:00,41,78,3.8
2025-08-04T14:30:00-07:00,39,80,3.3
2025-08-04T15:00:00-07:00,36,82,2.6
2025-08-04T15:30:00-07:00,34,83,2.4
2025-08-04T16:00:00-07:00,34,83,2.2
2025-08-04T16:30:00-07:00,35,82,2.4
2025-08-04T17:00:00-07:00,38,80,2.5
2025-08-04T17:30:00-07:00,39,78,2.5
2025-08-04T18:00:00-07:00,39,78,2.5
2025-08-04T18:30:00-07:00,39,76,3.4
2025-08-04T19:00:00-07:00,41,74,6.1
2025-08-04T19:30:00-07:00,43,72,2.7
2025-08-04T20:00:00-07:00,46,71,3.1
2025-08-04T20:30:00-07:00,47,71,3.2
2025-08-04T21:00:00-07:00,47,71,3.1
2025-08-04T21:30:00-07:00,50,70,3.9
2025-08-04T22:00:00-07:00,52,69,3.9
2025-08-04T22:30:00-07:00,55,68,4.4
2025-08-04T23:00:00-07:00,57,68,4.3
2025-08-04T23:30:00-07:00,58,67,4.4
2025-08-05T00:00:00-07:00,59,67,4.7
2025-08-05T00:30:00-07:00,62,66,4.8
2025-08-05T01:00:00-07:00,62,66,4.9
2025-08-05T01:30:00-07:00,62,65,5.1
2025-08-05T02:00:00-07:00,63,65,5.1
2025-08-05T02:30:00-07:00,63,64,4.9
2025-08-05T03:00:00-07:00,64,64,5.3
2025-08-05T03:30:00-07:00,66,64,5.4
2025-08-05T04:00:00-07:00,67,64,5.7
2025-08-05T04:30:00-07:00,69,64,5.9
2025-08-05T05:00:00-07:00,68,64,6
2025-08-05T05:30:00-07:00,67,64,5.9
2025-08-05T06:00:00-07:00,68,63,5.9
2025-08-05T06:30:00-07:00,69,63,5.9
2025-08-05T07:00:00-07:00,70,65,5.8
2025-08-05T07:30:00-07:00,67,67,5.8
2025-08-05T08:00:00-07:00,59,72,6.6
2025-08-05T08:30:00-07:00,49,76,4.8
2025-08-05T09:00:00-07:00,43,79,4
2025-08-05T09:30:00-07:00,40,81,3.8
2025-08-05T10:00:00-07:00,39,82,4.2
2025-08-05T10:30:00-07:00,38,83,4.2
2025-08-05T11:00:00-07:00,35,84,3.4
2025-08-05T11:30:00-07:00,36,84,3.7
2025-08-05T12:00:00-07:00,35,85,4
2025-08-05T12:30:00-07:00,36,85,4.5
2025-08-05T13:00:00-07:00,35,86,4.4
2025-08-05T13:30:00-07:00,35,86,4.2
2025-08-05T14:00:00-07:00,34,86,3.9
2025-08-05T14:30:00-07:00,34,86,3.7
2025-08-05T15:00:00-07:00,34,86,3.7
2025-08-05T15:30:00-07:00,33,85,3.4
2025-08-05T16:00:00-07:00,33,85,3.2
2025-08-05T16:30:00-07:00,33,85,3.1
2025-08-05T17:00:00-07:00,34,85,3.5
2025-08-05T17:30:00-07:00,36,82,3.6
2025-08-05T18:00:00-07:00,39,80,3.9
2025-08-05T18:30:00-07:00,42,79,4.3
2025-08-05T19:00:00-07:00,47,77,7.5
2025-08-05T19:30:00-07:00,52,75,6.8
2025-08-05T20:00:00-07:00,56,73,5.7
2025-08-05T20:30:00-07:00,60,71,5.6
2025-08-05T21:00:00-07:00,61,71,5.8
2025-08-05T21:30:00-07:00,62,70,6
2025-08-05T22:00:00-07:00,61,70,6.1
2025-08-05T22:30:00-07:00,61,70,6.2
2025-08-05T23:00:00-07:00,62,69,8.5
2025-08-05T23:30:00-07:00,62,69,8.9
2025-08-06T00:00:00-07:00,62,69,9.6
2025-08-06T00:30:00-07:00,62,69,12.6
2025-08-06T01:00:00-07:00,63,68,6.3
2025-08-06T01:30:00-07:00,63,68,6.5
2025-08-06T02:00:00-07:00,63,67,6.5
2025-08-06T02:30:00-07:00,62,67,6.2
2025-08-06T03:00:00-07:00,63,67,6.1
2025-08-06T03:30:00-07:00,63,66,5.9
2025-08-06T04:00:00-07:00,63,66,5.8
2025-08-06T04:30:00-07:00,63,66,6.1
2025-08-06T05:00:00-07:00,63,65,6.1
2025-08-06T05:30:00-07:00,64,65,6.5
2025-08-06T06:00:00-07:00,65,65,6.3
2025-08-06T06:30:00-07:00,65,65,6.3
2025-08-06T07:00:00-07:00,67,67,6.6
2025-08-06T07:30:00-07:00,64,70,9.2
2025-08-06T08:00:00-07:00,56,74,6.8
2025-08-06T08:30:00-07:00,47,80,6.4
2025-08-06T09:00:00-07:00,41,83,5.9
2025-08-06T09:30:00-07:00,37,86,5.9
2025-08-06T10:00:00-07:00,35,88,6.5
2025-08-06T10:30:00-07:00,33,90,6
2025-08-06T11:00:00-07:00,30,92,5.1
2025-08-06T11:30:00-07:00,31,93,5.2
2025-08-06T12:00:00-07:00,28,94,4.2
2025-08-06T12:30:00-07:00,27,94,3.5
2025-08-06T13:00:00-07:00,25,96,3.4
2025-08-06T13:30:00-07:00,22,97,2.7
2025-08-06T14:00:00-07:00,22,96,2.6
2025-08-06T14:30:00-07:00,24,96,3.5
2025-08-06T15:00:00-07:00,22,98,3.4
2025-08-06T15:30:00-07:00,23,98,3.7
2025-08-06T16:00:00-07:00,24,96,3.8
2025-08-06T16:30:00-07:00,24,97,3.5
2025-08-06T17:00:00-07:00,26,96,3.6
2025-08-06T17:30:00-07:00,27,94,3.1
2025-08-06T18:00:00-07:00,30,91,2.7
2025-08-06T18:30:00-07:00,36,89,3.5
2025-08-06T19:00:00-07:00,38,86,3.2
2025-08-06T19:30:00-07:00,41,83,3.6
2025-08-06T20:00:00-07:00,46,80,4.3
2025-08-06T20:30:00-07:00,49,79,4.6
2025-08-06T21:00:00-07:00,52,77,21.8
2025-08-06T21:30:00-07:00,53,76,16
2025-08-06T22:00:00-07:00,54,76,4.1
2025-08-06T22:30:00-07:00,55,75,3.9
2025-08-06T23:00:00-07:00,56,75,4
2025-08-06T23:30:00-07:00,57,74,4
2025-08-07T00:00:00-07:00,59,74,4.2
2025-08-07T00:30:00-07:00,60,73,4.1
2025-08-07T01:00:00-07:00,61,73,4.1
2025-08-07T01:30:00-07:00,61,72,4.2
2025-08-07T02:00:00-07:00,63,71,4.2
2025-08-07T02:30:00-07:00,65,72,8.6
2025-08-07T03:00:00-07:00,64,72,11.7
2025-08-07T03:30:00-07:00,64,71,8.9
2025-08-07T04:00:00-07:00,66,71,4.2
2025-08-07T04:30:00-07:00,66,71,4.1
2025-08-07T05:00:00-07:00,66,71,4.5
2025-08-07T05:30:00-07:00,67,70,6.5
2025-08-07T06:00:00-07:00,67,70,8.2
2025-08-07T06:30:00-07:00,66,70,5.4
2025-08-07T07:00:00-07:00,68,70,6.3
2025-08-07T07:30:00-07:00,65,72,3.9
2025-08-07T08:00:00-07:00,59,76,4.4
2025-08-07T08:30:00-07:00,50,80,3.5
2025-08-07T09:00:00-07:00,46,83,2.7
2025-08-07T09:30:00-07:00,43,84,1.9
2025-08-07T10:00:00-07:00,41,85,0.6
2025-08-07T10:30:00-07:00,39,86,0.3
2025-08-07T11:00:00-07:00,37,88,0.4
2025-08-07T11:30:00-07:00,36,90,0.7
2025-08-07T12:00:00-07:00,35,90,0.7
2025-08-07T12:30:00-07:00,36,89,0.8
2025-08-07T13:00:00-07:00,36,90,1
2025-08-07T13:30:00-07:00,34,91,0.7
2025-08-07T14:00:00-07:00,33,93,0.8
2025-08-07T14:30:00-07:00,31,94,0.7
2025-08-07T15:00:00-07:00,31,94,0.8
2025-08-07T15:30:00-07:00,31,94,0.9
2025-08-07T16:00:00-07:00,31,93,0.9
2025-08-07T16:30:00-07:00,31,93,1
2025-08-07T17:00:00-07:00,32,92,1.3
2025-08-07T17:30:00-07:00,36,90,1.5
2025-08-07T18:00:00-07:00,38,88,1.6
2025-08-07T18:30:00-07:00,41,86,2
2025-08-07T19:00:00-07:00,45,82,2.4
2025-08-07T19:30:00-07:00,48,80,2.2
2025-08-07T20:00:00-07:00,54,77,4.2
2025-08-07T20:30:00-07:00,58,75,3.7
2025-08-07T21:00:00-07:00,58,74,4.9
2025-08-07T21:30:00-07:00,60,73,6.9
2025-08-07T22:00:00-07:00,61,73,7.6
2025-08-07T22:30:00-07:00,62,72,7.9
2025-08-07T23:00:00-07:00,62,72,7.4
2025-08-07T23:30:00-07:00,61,72,7.5
2025-08-08T00:00:00-07:00,62,71,8.2
2025-08-08T00:30:00-07:00,63,71,8.3
2025-08-08T01:00:00-07:00,63,71,7.6
2025-08-08T01:30:00-07:00,61,70,8.4
2025-08-08T02:00:00-07:00,62,70,14.4
2025-08-08T02:30:00-07:00,62,69,8.1
2025-08-08T03:00:00-07:00,62,69,6.6
2025-08-08T03:30:00-07:00,62,68,6.7
2025-08-08T04:00:00-07:00,63,68,6.9
2025-08-08T04:30:00-07:00,63,68,6.8
2025-08-08T05:00:00-07:00,64,67,7.1
2025-08-08T05:30:00-07:00,65,67,7.3
2025-08-08T06:00:00-07:00,65,67,7.2
2025-08-08T06:30:00-07:00,65,67,7.5
2025-08-08T07:00:00-07:00,67,68,8.9
2025-08-08T07:30:00-07:00,66,70,13.9
2025-08-08T08:00:00-07:00,60,74,9.8
2025-08-08T08:30:00-07:00,52,79,9.6
2025-08-08T09:00:00-07:00,46,82,8.1
2025-08-08T09:30:00-07:00,42,85,7.5
2025-08-08T10:00:00-07:00,39,88,7.3
2025-08-08T10:30:00-07:00,38,89,7.4
2025-08-08T11:00:00-07:00,36,91,6.9
2025-08-08T11:30:00-07:00,34,93,6.7
2025-08-08T12:00:00-07:00,32,94,5.8
2025-08-08T12:30:00-07:00,30,96,5.2
2025-08-08T13:00:00-07:00,28,97,4.2
2025-08-08T13:30:00-07:00,28,99,5.1
2025-08-08T14:00:00-07:00,29,99,4.9
2025-08-08T14:30:00-07:00,27,98,3.8
2025-08-08T15:00:00-07:00,26,100,3.3
2025-08-08T15:30:00-07:00,26,100,3.7
2025-08-08T16:00:00-07:00,24,100,3
2025-08-08T16:30:00-07:00,25,101,3.7
2025-08-08T17:00:00-07:00,27,99,5.4
2025-08-08T17:30:00-07:00,29,98,5.3
2025-08-08T18:00:00-07:00,30,97,5.6
2025-08-08T18:30:00-07:00,32,95,6
2025-08-08T19:00:00-07:00,37,91,6.4
2025-08-08T19:30:00-07:00,41,87,6.7
2025-08-08T20:00:00-07:00,44,83,7
2025-08-08T20:30:00-07:00,45,82,7.2
2025-08-08T21:00:00-07:00,44,80,6.8
2025-08-08T21:30:00-07:00,44,79,6.7
2025-08-08T22:00:00-07:00,44,79,6.2
2025-08-08T22:30:00-07:00,45,79,6.9
2025-08-08T23:00:00-07:00,48,78,20.9
2025-08-08T23:30:00-07:00,49,77,22.5
2025-08-09T00:00:00-07:00,51,76,20
2025-08-09T00:30:00-07:00,52,76,21.3
2025-08-09T01:00:00-07:00,53,75,29.4
2025-08-09T01:30:00-07:00,55,74,7.7
2025-08-09T02:00:00-07:00,57,73,8
2025-08-09T02:30:00-07:00,59,73,8.2
2025-08-09T03:00:00-07:00,59,72,8.1
2025-08-09T03:30:00-07:00,60,72,9.3
2025-08-09T04:00:00-07:00,61,71,10.6
2025-08-09T04:30:00-07:00,62,71,10.1
2025-08-09T05:00:00-07:00,63,71,11.9
2025-08-09T05:30:00-07:00,62,71,20.7
2025-08-09T06:00:00-07:00,63,70,10
2025-08-09T06:30:00-07:00,64,70,9.7
2025-08-09T07:00:00-07:00,64,71,9.3
2025-08-09T07:30:00-07:00,61,73,9.7
2025-08-09T08:00:00-07:00,55,76,10.4
2025-08-09T08:30:00-07:00,48,80,9.4
2025-08-09T09:00:00-07:00,44,83,8.4
2025-08-09T09:30:00-07:00,42,85,8.6
2025-08-09T10:00:00-07:00,40,87,8
2025-08-09T10:30:00-07:00,38,88,8.3
2025-08-09T11:00:00-07:00,37,90,8.1
2025-08-09T11:30:00-07:00,35,91,8
2025-08-09T12:00:00-07:00,33,94,8.1
2025-08-09T12:30:00-07:00,33,96,7.2
2025-08-09T13:00:00-07:00,32,95,7
2025-08-09T13:30:00-07:00,32,96,6.9
2025-08-09T14:00:00-07:00,30,96,6
2025-08-09T14:30:00-07:00,29,97,4.9
2025-08-09T15:00:00-07:00,27,98,3.6
2025-08-09T15:30:00-07:00,26,98,3.4
2025-08-09T16:00:00-07:00,26,98,3.7
2025-08-09T16:30:00-07:00,27,98,4.1
2025-08-09T17:00:00-07:00,26,97,3.8
2025-08-09T17:30:00-07:00,26,96,3.6
2025-08-09T18:00:00-07:00,30,94,4.3
2025-08-09T18:30:00-07:00,33,92,5.3
2025-08-09T19:00:00-07:00,39,87,6.3
2025-08-09T19:30:00-07:00,44,83,7.5
2025-08-09T20:00:00-07:00,49,80,8.7
2025-08-09T20:30:00-07:00,49,78,8.3
2025-08-09T21:00:00-07:00,49,77,8.8
2025-08-09T21:30:00-07:00,52,75,7.7
2025-08-09T22:00:00-07:00,55,74,8.5
2025-08-09T22:30:00-07:00,55,74,8.7
2025-08-09T23:00:00-07:00,56,73,8.6
2025-08-09T23:30:00-07:00,57,73,8.1
2025-08-10T00:00:00-07:00,57,73,7.6
2025-08-10T00:30:00-07:00,58,72,10.5
2025-08-10T01:00:00-07:00,58,72,16.9
2025-08-10T01:30:00-07:00,58,72,21.8
2025-08-10T02:00:00-07:00,58,72,19.9
2025-08-10T02:30:00-07:00,59,71,18.1
2025-08-10T03:00:00-07:00,59,71,12.7
2025-08-10T03:30:00-07:00,60,71,9.2
2025-08-10T04:00:00-07:00,60,71,8.7
2025-08-10T04:30:00-07:00,60,70,9.5
2025-08-10T05:00:00-07:00,61,71,8
2025-08-10T05:30:00-07:00,61,72,13.1
2025-08-10T06:00:00-07:00,61,72,16.5
2025-08-10T06:30:00-07:00,61,73,12.7
2025-08-10T07:00:00-07:00,62,73,16.4
2025-08-10T07:30:00-07:00,62,73,14.2
2025-08-10T08:00:00-07:00,60,74,14.4
2025-08-10T08:30:00-07:00,57,76,15.3
2025-08-10T09:00:00-07:00,52,79,15.7
2025-08-10T09:30:00-07:00,47,82,10.4
2025-08-10T10:00:00-07:00,44,84,9.3
2025-08-10T10:30:00-07:00,40,87,9.5
2025-08-10T11:00:00-07:00,39,87,9.3
2025-08-10T11:30:00-07:00,38,88,7.6
2025-08-10T12:00:00-07:00,37,90,6
2025-08-10T12:30:00-07:00,35,92,6.8
2025-08-10T13:00:00-07:00,35,92,7.5
2025-08-10T13:30:00-07:00,35,93,6.2
2025-08-10T14:00:00-07:00,34,93,5
2025-08-10T14:30:00-07:00,34,93,4.1
2025-08-10T15:00:00-07:00,34,92,3.9
2025-08-10T15:30:00-07:00,34,91,4.6
2025-08-10T16:00:00-07:00,35,91,3.6
2025-08-10T16:30:00-07:00,35,91,3.5
2025-08-10T17:00:00-07:00,34,91,3.7
2025-08-10T17:30:00-07:00,35,91,3.7
2025-08-10T18:00:00-07:00,37,89,3.9
2025-08-10T18:30:00-07:00,41,86,4.5
2025-08-10T19:00:00-07:00,46,82,4.2
2025-08-10T19:30:00-07:00,51,79,5.2
2025-08-10T20:00:00-07:00,54,77,5.7
2025-08-10T20:30:00-07:00,55,76,4.4
2025-08-10T21:00:00-07:00,56,75,4.5
2025-08-10T21:30:00-07:00,56,75,4.5
2025-08-10T22:00:00-07:00,58,74,5.6
2025-08-10T22:30:00-07:00,60,73,13
2025-08-10T23:00:00-07:00,60,73,10.4
2025-08-10T23:30:00-07:00,61,72,14.1
2025-08-11T00:00:00-07:00,63,72,17.5
2025-08-11T00:30:00-07:00,64,71,10.8
2025-08-11T01:00:00-07:00,64,71,6.3
2025-08-11T01:30:00-07:00,64,72,6.9
2025-08-11T02:00:00-07:00,62,72,6.9
2025-08-11T02:30:00-07:00,61,73,13.2
2025-08-11T03:00:00-07:00,60,73,15.3
2025-08-11T03:30:00-07:00,60,73,10.7
2025-08-11T04:00:00-07:00,59,73,7.6
2025-08-11T04:30:00-07:00,58,74,8.3
2025-08-11T05:00:00-07:00,58,73,8.2
2025-08-11T05:30:00-07:00,59,73,8.4
2025-08-11T06:00:00-07:00,59,73,8.1
2025-08-11T06:30:00-07:00,59,73,8.3
2025-08-11T07:00:00-07:00,58,73,8.6
2025-08-11T07:30:00-07:00,56,75,8.8
2025-08-11T08:00:00-07:00,55,76,8.5
2025-08-11T08:30:00-07:00,52,77,8.9
2025-08-11T09:00:00-07:00,46,81,7.6
2025-08-11T09:30:00-07:00,42,84,6.7
2025-08-11T10:00:00-07:00,40,85,6.3
2025-08-11T10:30:00-07:00,39,86,6.9
2025-08-11T11:00:00-07:00,39,86,7.5
2025-08-11T11:30:00-07:00,38,86,7.8
2025-08-11T12:00:00-07:00,38,88,9.6
2025-08-11T12:30:00-07:00,38,88,10.6
2025-08-11T13:00:00-07:00,37,89,8.4
2025-08-11T13:30:00-07:00,36,90,6
2025-08-11T14:00:00-07:00,36,88,4
2025-08-11T14:30:00-07:00,35,89,1.8
2025-08-11T15:00:00-07:00,33,89,0.9
2025-08-11T15:30:00-07:00,33,89,0.8
2025-08-11T16:00:00-07:00,33,89,0.3
2025-08-11T16:30:00-07:00,34,88,0.8
2025-08-11T17:00:00-07:00,34,88,1.7
2025-08-11T17:30:00-07:00,34,87,2.5
2025-08-11T18:00:00-07:00,35,86,3
2025-08-11T18:30:00-07:00,38,84,3.7
2025-08-11T19:00:00-07:00,44,80,4.4
2025-08-11T19:30:00-07:00,51,76,16.6
2025-08-11T20:00:00-07:00,54,74,5.7
2025-08-11T20:30:00-07:00,58,72,7.2
2025-08-11T21:00:00-07:00,59,72,12.5
2025-08-11T21:30:00-07:00,60,71,7.1
2025-08-11T22:00:00-07:00,60,71,7.9
2025-08-11T22:30:00-07:00,60,71,7.8
2025-08-11T23:00:00-07:00,60,71,6.1
2025-08-11T23:30:00-07:00,60,71,6.5
2025-08-12T00:00:00-07:00,61,71,6
2025-08-12T00:30:00-07:00,60,71,6
2025-08-12T01:00:00-07:00,60,71,6.2
2025-08-12T01:30:00-07:00,60,71,6.4
2025-08-12T02:00:00-07:00,60,71,7.2
2025-08-12T02:30:00-07:00,60,71,9.6
2025-08-12T03:00:00-07:00,61,71,7.1
2025-08-12T03:30:00-07:00,61,71,7.2
2025-08-12T04:00:00-07:00,60,72,8.1
2025-08-12T04:30:00-07:00,59,72,8.1
2025-08-12T05:00:00-07:00,58,72,6.9
2025-08-12T05:30:00-07:00,58,72,6.5
2025-08-12T06:00:00-07:00,58,71,7
2025-08-12T06:30:00-07:00,57,72,6.1
2025-08-12T07:00:00-07:00,56,73,9
2025-08-12T07:30:00-07:00,54,73,9.5
2025-08-12T08:00:00-07:00,52,75,6.4
2025-08-12T08:30:00-07:00,48,78,7.1
2025-08-12T09:00:00-07:00,44,80,7
2025-08-12T09:30:00-07:00,44,81,7.9
2025-08-12T10:00:00-07:00,41,83,8
2025-08-12T10:30:00-07:00,40,84,7.7
2025-08-12T11:00:00-07:00,39,85,7.1
2025-08-12T11:30:00-07:00,37,86,7
2025-08-12T12:00:00-07:00,37,87,8.1
2025-08-12T12:30:00-07:00,37,88,9
2025-08-12T13:00:00-07:00,37,89,8.2
2025-08-12T13:30:00-07:00,36,90,7.3
2025-08-12T14:00:00-07:00,36,90,4.6
2025-08-12T14:30:00-07:00,36,90,3
2025-08-12T15:00:00-07:00,34,91,2.6
2025-08-12T15:30:00-07:00,34,91,2.6
2025-08-12T16:00:00-07:00,35,89,2.4
2025-08-12T16:30:00-07:00,35,89,2.2
2025-08-12T17:00:00-07:00,36,88,2.1
2025-08-12T17:30:00-07:00,38,85,2.2
2025-08-12T18:00:00-07:00,41,83,2.7
2025-08-12T18:30:00-07:00,47,80,3.6
2025-08-12T19:00:00-07:00,51,78,4
2025-08-12T19:30:00-07:00,54,76,3.4
2025-08-12T20:00:00-07:00,56,75,3.8
2025-08-12T20:30:00-07:00,58,74,6.6
2025-08-12T21:00:00-07:00,58,74,12
2025-08-12T21:30:00-07:00,58,74,17.5
2025-08-12T22:00:00-07:00,58,74,18.6
2025-08-12T22:30:00-07:00,58,74,7.9
2025-08-12T23:00:00-07:00,59,74,11.1
2025-08-12T23:30:00-07:00,60,74,8.6
2025-08-13T00:00:00-07:00,60,74,11.5
2025-08-13T00:30:00-07:00,59,75,9.7
2025-08-13T01:00:00-07:00,58,75,6.7
2025-08-13T01:30:00-07:00,57,76,7.1
2025-08-13T02:00:00-07:00,57,75,7.3
2025-08-13T02:30:00-07:00,57,75,7.5
2025-08-13T03:00:00-07:00,57,75,8.5
2025-08-13T03:30:00-07:00,57,75,7.7
2025-08-13T04:00:00-07:00,57,75,7.5
2025-08-13T04:30:00-07:00,56,75,6.3
2025-08-13T05:00:00-07:00,56,75,5.1
2025-08-13T05:30:00-07:00,56,75,3.9
2025-08-13T06:00:00-07:00,56,75,4.6
2025-08-13T06:30:00-07:00,54,75,3.8
2025-08-13T07:00:00-07:00,54,76,5.9
2025-08-13T07:30:00-07:00,54,76,2.5
2025-08-13T08:00:00-07:00,53,76,3.5
2025-08-13T08:30:00-07:00,52,77,4.4
2025-08-13T09:00:00-07:00,53,76,4.6
2025-08-13T09:30:00-07:00,52,78,5
2025-08-13T10:00:00-07:00,50,79,5.5
2025-08-13T10:30:00-07:00,48,80,6.5
2025-08-13T11:00:00-07:00,45,83,6.5
2025-08-13T11:30:00-07:00,43,85,6.6
2025-08-13T12:00:00-07:00,40,87,6
2025-08-13T12:30:00-07:00,39,88,4.2
2025-08-13T13:00:00-07:00,38,88,2.9
2025-08-13T13:30:00-07:00,38,89,1.4
2025-08-13T14:00:00-07:00,38,89,0.7
2025-08-13T14:30:00-07:00,37,90,0.6
2025-08-13T15:00:00-07:00,37,89,0.6
2025-08-13T15:30:00-07:00,37,91,0.7
2025-08-13T16:00:00-07:00,37,90,1
2025-08-13T16:30:00-07:00,38,90,1.1
2025-08-13T17:00:00-07:00,40,88,1.2
2025-08-13T17:30:00-07:00,42,87,1.4
2025-08-13T18:00:00-07:00,43,85,2
2025-08-13T18:30:00-07:00,47,82,1.8
2025-08-13T19:00:00-07:00,51,79,3.7
2025-08-13T19:30:00-07:00,54,77,0.7
2025-08-13T20:00:00-07:00,57,75,0.5
2025-08-13T20:30:00-07:00,58,75,0.1
2025-08-13T21:00:00-07:00,58,75,0.1
2025-08-13T21:30:00-07:00,59,75,0
2025-08-13T22:00:00-07:00,58,75,0
2025-08-13T22:30:00-07:00,58,75,0.1
2025-08-13T23:00:00-07:00,58,75,0.1
2025-08-13T23:30:00-07:00,58,75,0.1
2025-08-14T00:00:00-07:00,57,76,0
2025-08-14T00:30:00-07:00,56,76,0
2025-08-14T01:00:00-07:00,56,76,0
2025-08-14T01:30:00-07:00,55,76,0
2025-08-14T02:00:00-07:00,55,76,0
2025-08-14T02:30:00-07:00,57,75,0
2025-08-14T03:00:00-07:00,57,75,0
2025-08-14T03:30:00-07:00,57,75,0
2025-08-14T04:00:00-07:00,57,75,0
2025-08-14T04:30:00-07:00,57,75,0
2025-08-14T05:00:00-07:00,56,75,0.1
2025-08-14T05:30:00-07:00,55,76,0.1
2025-08-14T06:00:00-07:00,55,75,0.4
2025-08-14T06:30:00-07:00,54,75,0
2025-08-14T07:00:00-07:00,54,76,0.1
2025-08-14T07:30:00-07:00,54,76,0.1
2025-08-14T08:00:00-07:00,52,76,0.3
2025-08-14T08:30:00-07:00,52,77,0.5
2025-08-14T09:00:00-07:00,50,78,1.4
2025-08-14T09:30:00-07:00,48,80,4.9
2025-08-14T10:00:00-07:00,46,82,10.8
2025-08-14T10:30:00-07:00,43,84,7.6
2025-08-14T11:00:00-07:00,40,87,8
2025-08-14T11:30:00-07:00,37,90,8.2
2025-08-14T12:00:00-07:00,35,92,8.3
2025-08-14T12:30:00-07:00,34,93,6.2
2025-08-14T13:00:00-07:00,34,93,4.6
2025-08-14T13:30:00-07:00,33,94,3.4
2025-08-14T14:00:00-07:00,33,94,2.4
2025-08-14T14:30:00-07:00,32,95,2.5
2025-08-14T15:00:00-07:00,34,94,2.4
2025-08-14T15:30:00-07:00,35,91,2.2
2025-08-14T16:00:00-07:00,36,89,2.1
2025-08-14T16:30:00-07:00,38,87,2.7
2025-08-14T17:00:00-07:00,40,86,3.3
2025-08-14T17:30:00-07:00,41,84,3.2
2025-08-14T18:00:00-07:00,43,83,3.8
2025-08-14T18:30:00-07:00,45,81,6
2025-08-14T19:00:00-07:00,47,79,18.2
2025-08-14T19:30:00-07:00,49,77,11.8
2025-08-14T20:00:00-07:00,52,75,5.1
2025-08-14T20:30:00-07:00,54,74,6
2025-08-14T21:00:00-07:00,55,74,8.7
2025-08-14T21:30:00-07:00,55,74,9.5
2025-08-14T22:00:00-07:00,55,74,12.2
2025-08-14T22:30:00-07:00,55,74,16
2025-08-14T23:00:00-07:00,54,74,18.4
2025-08-14T23:30:00-07:00,55,74,23.2
2025-08-15T00:00:00-07:00,55,73,18.9
2025-08-15T00:30:00-07:00,55,73,17.6
2025-08-15T01:00:00-07:00,56,73,9.5
2025-08-15T01:30:00-07:00,56,72,6.1
2025-08-15T02:00:00-07:00,56,71,5.9
2025-08-15T02:30:00-07:00,57,71,5.4
2025-08-15T03:00:00-07:00,57,71,5.5
2025-08-15T03:30:00-07:00,57,71,5.4
2025-08-15T04:00:00-07:00,58,70,5.5
2025-08-15T04:30:00-07:00,59,69,5.3
2025-08-15T05:00:00-07:00,59,69,5.2
2025-08-15T05:30:00-07:00,59,69,5.2
2025-08-15T06:00:00-07:00,59,68,5.3
2025-08-15T06:30:00-07:00,60,69,6.3
2025-08-15T07:00:00-07:00,61,71,8.8
2025-08-15T07:30:00-07:00,59,72,10.7
2025-08-15T08:00:00-07:00,55,75,9.9
2025-08-15T08:30:00-07:00,48,79,8.5
2025-08-15T09:00:00-07:00,43,82,7.3
2025-08-15T09:30:00-07:00,40,84,7.1
2025-08-15T10:00:00-07:00,37,87,6.7
2025-08-15T10:30:00-07:00,35,89,5.6
2025-08-15T11:00:00-07:00,33,90,5.5
2025-08-15T11:30:00-07:00,33,91,5.4
2025-08-15T12:00:00-07:00,31,93,4.8
2025-08-15T12:30:00-07:00,30,94,4.7
2025-08-15T13:00:00-07:00,31,94,4
2025-08-15T13:30:00-07:00,33,94,3.2
2025-08-15T14:00:00-07:00,33,92,2.5
2025-08-15T14:30:00-07:00,33,92,2
2025-08-15T15:00:00-07:00,34,92,1.8
2025-08-15T15:30:00-07:00,36,90,1.5
2025-08-15T16:00:00-07:00,36,89,1.2
2025-08-15T16:30:00-07:00,37,88,2
2025-08-15T17:00:00-07:00,39,87,1.6
2025-08-15T17:30:00-07:00,42,85,1.7
2025-08-15T18:00:00-07:00,41,86,1.5
2025-08-15T18:30:00-07:00,45,83,1.2
2025-08-15T19:00:00-07:00,50,80,6
2025-08-15T19:30:00-07:00,53,79,12.4
2025-08-15T20:00:00-07:00,56,77,12.2
2025-08-15T20:30:00-07:00,56,77,14.8
2025-08-15T21:00:00-07:00,55,78,26.7
2025-08-15T21:30:00-07:00,53,79,6.1
2025-08-15T22:00:00-07:00,52,80,1.4
2025-08-15T22:30:00-07:00,52,79,10
2025-08-15T23:00:00-07:00,55,78,0
2025-08-15T23:30:00-07:00,57,77,0
2025-08-16T00:00:00-07:00,58,77,0
2025-08-16T00:30:00-07:00,57,77,0
2025-08-16T01:00:00-07:00,57,76,0
2025-08-16T01:30:00-07:00,59,76,0
2025-08-16T02:00:00-07:00,59,76,0
2025-08-16T02:30:00-07:00,58,76,0
2025-08-16T03:00:00-07:00,56,77,0
2025-08-16T03:30:00-07:00,55,77,0
2025-08-16T04:00:00-07:00,56,77,0
2025-08-16T04:30:00-07:00,56,77,0
2025-08-16T05:00:00-07:00,55,78,1.4
2025-08-16T05:30:00-07:00,55,78,0.8
2025-08-16T06:00:00-07:00,55,78,0.2
2025-08-16T06:30:00-07:00,54,79,1.6
2025-08-16T07:00:00-07:00,52,79,2.3
2025-08-16T07:30:00-07:00,52,79,2.3
2025-08-16T08:00:00-07:00,53,79,1.2
2025-08-16T08:30:00-07:00,56,79,0.3
2025-08-16T09:00:00-07:00,56,79,0
2025-08-16T09:30:00-07:00,55,80,0
2025-08-16T10:00:00-07:00,54,80,11.4
2025-08-16T10:30:00-07:00,56,80,6.5
2025-08-16T11:00:00-07:00,57,80,0.5
2025-08-16T11:30:00-07:00,55,80,15.7
2025-08-16T12:00:00-07:00,54,81,0.7
2025-08-16T12:30:00-07:00,53,82,0.1
2025-08-16T13:00:00-07:00,51,83,0.1
2025-08-16T13:30:00-07:00,52,83,0.2
2025-08-16T14:00:00-07:00,50,85,0.1
2025-08-16T14:30:00-07:00,49,86,0
2025-08-16T15:00:00-07:00,49,86,0
2025-08-16T15:30:00-07:00,48,88,0
2025-08-16T16:00:00-07:00,47,87,0
2025-08-16T16:30:00-07:00,46,88,0
2025-08-16T17:00:00-07:00,45,88,0
2025-08-16T17:30:00-07:00,44,87,0
2025-08-16T18:00:00-07:00,43,87,0
2025-08-16T18:30:00-07:00,43,86,0.1
2025-08-16T19:00:00-07:00,47,84,0.1
2025-08-16T19:30:00-07:00,49,82,0.1
2025-08-16T20:00:00-07:00,50,81,1.3
2025-08-16T20:30:00-07:00,49,80,7.6
2025-08-16T21:00:00-07:00,49,78,2.1
2025-08-16T21:30:00-07:00,49,78,1.5
2025-08-16T22:00:00-07:00,49,78,1.7
2025-08-16T22:30:00-07:00,50,77,1.7
2025-08-16T23:00:00-07:00,53,77,1.9
2025-08-16T23:30:00-07:00,53,76,2.4
2025-08-17T00:00:00-07:00,54,75,2.6
2025-08-17T00:30:00-07:00,54,76,2.7
2025-08-17T01:00:00-07:00,55,76,3.6
2025-08-17T01:30:00-07:00,54,76,3.6
2025-08-17T02:00:00-07:00,55,76,3.9
2025-08-17T02:30:00-07:00,55,76,3.9
2025-08-17T03:00:00-07:00,55,75,3.9
2025-08-17T03:30:00-07:00,55,75,3.7
2025-08-17T04:00:00-07:00,54,75,3.5
2025-08-17T04:30:00-07:00,53,75,3.3
2025-08-17T05:00:00-07:00,53,76,2.7
2025-08-17T05:30:00-07:00,54,76,2.7
2025-08-17T06:00:00-07:00,53,76,2.7
2025-08-17T06:30:00-07:00,53,76,2.4
2025-08-17T07:00:00-07:00,51,77,1.8
2025-08-17T07:30:00-07:00,51,76,1.9
2025-08-17T08:00:00-07:00,49,78,2
2025-08-17T08:30:00-07:00,47,79,2
2025-08-17T09:00:00-07:00,43,82,3.8
2025-08-17T09:30:00-07:00,41,84,2.1
2025-08-17T10:00:00-07:00,41,84,2.3
2025-08-17T10:30:00-07:00,39,85,2.5
2025-08-17T11:00:00-07:00,39,86,3.2
2025-08-17T11:30:00-07:00,39,86,3.4
2025-08-17T12:00:00-07:00,37,86,3.1
2025-08-17T12:30:00-07:00,36,88,2.7
2025-08-17T13:00:00-07:00,35,87,2.7
2025-08-17T13:30:00-07:00,35,87,2.6
2025-08-17T14:00:00-07:00,35,88,2.8
2025-08-17T14:30:00-07:00,37,87,2.8
2025-08-17T15:00:00-07:00,37,87,2.1
2025-08-17T15:30:00-07:00,36,87,1.9
2025-08-17T16:00:00-07:00,36,88,2.2
2025-08-17T16:30:00-07:00,35,88,2
2025-08-17T17:00:00-07:00,35,87,2.4
2025-08-17T17:30:00-07:00,39,85,2.5
2025-08-17T18:00:00-07:00,40,84,2.8
2025-08-17T18:30:00-07:00,42,82,2.9
2025-08-17T19:00:00-07:00,45,80,5.5
2025-08-17T19:30:00-07:00,47,79,2.2
2025-08-17T20:00:00-07:00,47,79,1.9
2025-08-17T20:30:00-07:00,47,79,2
2025-08-17T21:00:00-07:00,45,79,1.9
2025-08-17T21:30:00-07:00,50,76,2.1
2025-08-17T22:00:00-07:00,49,78,2.2
2025-08-17T22:30:00-07:00,51,77,2.7
2025-08-17T23:00:00-07:00,52,77,3
2025-08-17T23:30:00-07:00,52,76,3
2025-08-18T00:00:00-07:00,52,76,2.8
2025-08-18T00:30:00-07:00,51,76,2.8
2025-08-18T01:00:00-07:00,52,76,3
2025-08-18T01:30:00-07:00,51,76,2.9
2025-08-18T02:00:00-07:00,52,75,2.9
2025-08-18T02:30:00-07:00,53,74,3.2
2025-08-18T03:00:00-07:00,53,74,12.3
2025-08-18T03:30:00-07:00,54,74,14.8
2025-08-18T04:00:00-07:00,54,73,15.4
2025-08-18T04:30:00-07:00,53,73,2.7
2025-08-18T05:00:00-07:00,54,73,2.7
2025-08-18T05:30:00-07:00,54,72,2.7
2025-08-18T06:00:00-07:00,54,72,3.1
2025-08-18T06:30:00-07:00,54,72,3.2
2025-08-18T07:00:00-07:00,55,72,3.6
2025-08-18T07:30:00-07:00,54,74,4.7
2025-08-18T08:00:00-07:00,49,77,3.3
2025-08-18T08:30:00-07:00,43,81,4.7
2025-08-18T09:00:00-07:00,38,84,2.9
2025-08-18T09:30:00-07:00,36,86,3
2025-08-18T10:00:00-07:00,34,88,3.1
2025-08-18T10:30:00-07:00,31,89,2.9
2025-08-18T11:00:00-07:00,29,91,2.3
2025-08-18T11:30:00-07:00,28,90,1.5
2025-08-18T12:00:00-07:00,27,91,1.3
2025-08-18T12:30:00-07:00,27,90,1.4
2025-08-18T13:00:00-07:00,27,91,1.3
2025-08-18T13:30:00-07:00,26,92,1.3
2025-08-18T14:00:00-07:00,26,93,1.4
2025-08-18T14:30:00-07:00,27,92,1.7
2025-08-18T15:00:00-07:00,28,92,1.5
2025-08-18T15:30:00-07:00,28,91,1.5
2025-08-18T16:00:00-07:00,28,91,1.4
2025-08-18T16:30:00-07:00,28,90,1.3
2025-08-18T17:00:00-07:00,29,90,38
2025-08-18T17:30:00-07:00,29,89,1.5
2025-08-18T18:00:00-07:00,31,86,1.8
2025-08-18T18:30:00-07:00,33,84,2
2025-08-18T19:00:00-07:00,36,82,3.8
2025-08-18T19:30:00-07:00,39,80,5.4
2025-08-18T20:00:00-07:00,40,79,2.6
2025-08-18T20:30:00-07:00,42,78,2.9
2025-08-18T21:00:00-07:00,44,77,2.9
2025-08-18T21:30:00-07:00,45,77,3.1
2025-08-18T22:00:00-07:00,45,77,3
2025-08-18T22:30:00-07:00,46,77,3
2025-08-18T23:00:00-07:00,45,76,3.1
2025-08-18T23:30:00-07:00,45,76,3.4
2025-08-19T00:00:00-07:00,45,75,3.7
2025-08-19T00:30:00-07:00,46,75,8.7
2025-08-19T01:00:00-07:00,47,74,3.9
2025-08-19T01:30:00-07:00,47,74,3.3
2025-08-19T02:00:00-07:00,48,73,3.7
2025-08-19T02:30:00-07:00,49,72,3.8
2025-08-19T03:00:00-07:00,50,72,3.8
2025-08-19T03:30:00-07:00,55,68,3.6
2025-08-19T04:00:00-07:00,57,68,3.7
2025-08-19T04:30:00-07:00,57,68,3.6
2025-08-19T05:00:00-07:00,57,67,3.7
2025-08-19T05:30:00-07:00,57,68,3.8
2025-08-19T06:00:00-07:00,56,68,3.8
2025-08-19T06:30:00-07:00,56,67,3.9
2025-08-19T07:00:00-07:00,57,68,4.1
2025-08-19T07:30:00-07:00,56,70,4.2
2025-08-19T08:00:00-07:00,53,74,7.4
2025-08-19T08:30:00-07:00,47,78,4.7
2025-08-19T09:00:00-07:00,41,82,3.4
2025-08-19T09:30:00-07:00,37,86,3.2
2025-08-19T10:00:00-07:00,34,87,3.3
2025-08-19T10:30:00-07:00,32,89,3
2025-08-19T11:00:00-07:00,31,89,3.1
2025-08-19T11:30:00-07:00,31,89,3.1
2025-08-19T12:00:00-07:00,31,90,3.2
2025-08-19T12:30:00-07:00,30,92,3.3
2025-08-19T13:00:00-07:00,29,93,3.1
2025-08-19T13:30:00-07:00,28,93,2.9
2025-08-19T14:00:00-07:00,28,93,2.8
2025-08-19T14:30:00-07:00,29,92,2.9
2025-08-19T15:00:00-07:00,30,91,3.3
2025-08-19T15:30:00-07:00,31,90,3.2
2025-08-19T16:00:00-07:00,31,88,2.4
2025-08-19T16:30:00-07:00,32,86,2.3
2025-08-19T17:00:00-07:00,34,86,2.7
2025-08-19T17:30:00-07:00,37,85,2.8
2025-08-19T18:00:00-07:00,41,82,3.5
2025-08-19T18:30:00-07:00,43,81,4.3
2025-08-19T19:00:00-07:00,46,80,8.1
2025-08-19T19:30:00-07:00,48,79,4
2025-08-19T20:00:00-07:00,50,78,4.4
2025-08-19T20:30:00-07:00,50,78,4.4
2025-08-19T21:00:00-07:00,49,78,4.3
2025-08-19T21:30:00-07:00,50,77,4.5
2025-08-19T22:00:00-07:00,51,77,4.8
2025-08-19T22:30:00-07:00,51,76,5.2
2025-08-19T23:00:00-07:00,52,75,8.3
2025-08-19T23:30:00-07:00,53,75,5.3
2025-08-20T00:00:00-07:00,53,74,6.7
2025-08-20T00:30:00-07:00,54,74,9.7
2025-08-20T01:00:00-07:00,54,74,11.9
2025-08-20T01:30:00-07:00,53,74,9.7
2025-08-20T02:00:00-07:00,53,73,5.2
2025-08-20T02:30:00-07:00,53,73,5.3
2025-08-20T03:00:00-07:00,53,72,5.1
2025-08-20T03:30:00-07:00,54,72,5.2
2025-08-20T04:00:00-07:00,54,71,5.1
2025-08-20T04:30:00-07:00,54,71,4.8
2025-08-20T05:00:00-07:00,54,70,4.3
2025-08-20T05:30:00-07:00,53,70,4.4
2025-08-20T06:00:00-07:00,53,70,4.6
2025-08-20T06:30:00-07:00,53,70,5.5
2025-08-20T07:00:00-07:00,54,71,5.7
2025-08-20T07:30:00-07:00,53,73,7.4
2025-08-20T08:00:00-07:00,49,77,9.1
2025-08-20T08:30:00-07:00,43,81,9.4
2025-08-20T09:00:00-07:00,39,86,6.1
2025-08-20T09:30:00-07:00,35,89,6.2
2025-08-20T10:00:00-07:00,32,92,6.3
2025-08-20T10:30:00-07:00,30,94,7.7
2025-08-20T11:00:00-07:00,28,96,6
2025-08-20T11:30:00-07:00,28,97,6.3
2025-08-20T12:00:00-07:00,27,98,5.4
2025-08-20T12:30:00-07:00,25,99,4.1
2025-08-20T13:00:00-07:00,24,100,3.7
2025-08-20T13:30:00-07:00,23,102,3.4
2025-08-20T14:00:00-07:00,23,103,4
2025-08-20T14:30:00-07:00,21,103,4
2025-08-20T15:00:00-07:00,20,104,4.1
2025-08-20T15:30:00-07:00,20,104,4.2
2025-08-20T16:00:00-07:00,20,104,3.7
2025-08-20T16:30:00-07:00,22,103,4.7
2025-08-20T17:00:00-07:00,23,100,4
2025-08-20T17:30:00-07:00,27,97,4.4
2025-08-20T18:00:00-07:00,30,96,5.3
2025-08-20T18:30:00-07:00,32,93,5.3
2025-08-20T19:00:00-07:00,36,90,5.2
2025-08-20T19:30:00-07:00,38,88,5.6
2025-08-20T20:00:00-07:00,40,86,6.1
2025-08-20T20:30:00-07:00,43,84,6.3
2025-08-20T21:00:00-07:00,45,83,12.2
2025-08-20T21:30:00-07:00,46,82,19.8
2025-08-20T22:00:00-07:00,46,82,17.1
2025-08-20T22:30:00-07:00,47,81,19
2025-08-20T23:00:00-07:00,48,80,18.3
2025-08-20T23:30:00-07:00,49,79,9.7
2025-08-21T00:00:00-07:00,49,79,9.9
2025-08-21T00:30:00-07:00,49,78,10.6
2025-08-21T01:00:00-07:00,50,77,10.3
2025-08-21T01:30:00-07:00,51,77,14.4
2025-08-21T02:00:00-07:00,51,77,16.6
2025-08-21T02:30:00-07:00,51,76,14.4
2025-08-21T03:00:00-07:00,52,75,11
2025-08-21T03:30:00-07:00,51,75,10.1
2025-08-21T04:00:00-07:00,52,74,10.1
2025-08-21T04:30:00-07:00,53,74,10.1
2025-08-21T05:00:00-07:00,52,73,10.1
2025-08-21T05:30:00-07:00,53,73,10.2
2025-08-21T06:00:00-07:00,53,73,9.9
2025-08-21T06:30:00-07:00,54,72,10.1
2025-08-21T07:00:00-07:00,55,73,9.4
2025-08-21T07:30:00-07:00,55,76,13.8
2025-08-21T08:00:00-07:00,53,79,10.5
2025-08-21T08:30:00-07:00,48,83,11.3
2025-08-21T09:00:00-07:00,40,89,9.1
2025-08-21T09:30:00-07:00,35,92,8.6
2025-08-21T10:00:00-07:00,33,95,8.7
2025-08-21T10:30:00-07:00,31,98,8.3
2025-08-21T11:00:00-07:00,28,100,7.2
2025-08-21T11:30:00-07:00,27,101,6.3
2025-08-21T12:00:00-07:00,25,102,5.6
2025-08-21T12:30:00-07:00,22,103,3.8
2025-08-21T13:00:00-07:00,21,104,3.5
2025-08-21T13:30:00-07:00,21,105,4.9
2025-08-21T14:00:00-07:00,20,106,6.7
2025-08-21T14:30:00-07:00,20,106,6
2025-08-21T15:00:00-07:00,19,106,4.4
2025-08-21T15:30:00-07:00,20,106,4.8
2025-08-21T16:00:00-07:00,20,106,5.3
2025-08-21T16:30:00-07:00,23,104,6.8
2025-08-21T17:00:00-07:00,27,101,7.9
2025-08-21T17:30:00-07:00,30,96,9
2025-08-21T18:00:00-07:00,31,93,9.6
2025-08-21T18:30:00-07:00,35,90,9
2025-08-21T19:00:00-07:00,38,87,9.9
2025-08-21T19:30:00-07:00,41,85,10.5
2025-08-21T20:00:00-07:00,42,83,10.4
2025-08-21T20:30:00-07:00,43,83,11.2
2025-08-21T21:00:00-07:00,44,82,12.4
2025-08-21T21:30:00-07:00,46,81,10.7
2025-08-21T22:00:00-07:00,47,80,11.1
2025-08-21T22:30:00-07:00,49,79,10.8
2025-08-21T23:00:00-07:00,50,78,11.7
2025-08-21T23:30:00-07:00,50,77,11.9
2025-08-22T00:00:00-07:00,52,76,13
2025-08-22T00:30:00-07:00,53,76,15.9
2025-08-22T01:00:00-07:00,53,76,12.1
2025-08-22T01:30:00-07:00,54,75,11.8
2025-08-22T02:00:00-07:00,54,75,11.6
2025-08-22T02:30:00-07:00,55,75,14.8
2025-08-22T03:00:00-07:00,55,74,12.5
2025-08-22T03:30:00-07:00,55,74,12.9
2025-08-22T04:00:00-07:00,56,74,11.6
2025-08-22T04:30:00-07:00,57,73,9.2
2025-08-22T05:00:00-07:00,56,74,7.4
2025-08-22T05:30:00-07:00,57,73,7.2
2025-08-22T06:00:00-07:00,57,73,6.8
2025-08-22T06:30:00-07:00,57,73,8.1
2025-08-22T07:00:00-07:00,56,74,8.8
2025-08-22T07:30:00-07:00,55,75,8.4
2025-08-22T08:00:00-07:00,53,76,8.8
2025-08-22T08:30:00-07:00,51,78,8.7
2025-08-22T09:00:00-07:00,46,81,10.9
2025-08-22T09:30:00-07:00,43,83,8.1
2025-08-22T10:00:00-07:00,41,85,7
2025-08-22T10:30:00-07:00,39,87,6.7
2025-08-22T11:00:00-07:00,37,89,7.4
2025-08-22T11:30:00-07:00,35,91,7.7
2025-08-22T12:00:00-07:00,34,93,8.4
2025-08-22T12:30:00-07:00,32,94,8.2
2025-08-22T13:00:00-07:00,32,95,8.4
2025-08-22T13:30:00-07:00,32,95,7.5
2025-08-22T14:00:00-07:00,31,96,6.2
2025-08-22T14:30:00-07:00,28,98,5.7
2025-08-22T15:00:00-07:00,27,100,5.5
2025-08-22T15:30:00-07:00,27,99,5.9
2025-08-22T16:00:00-07:00,27,97,5.9
2025-08-22T16:30:00-07:00,29,97,6.4
2025-08-22T17:00:00-07:00,29,97,5.9
2025-08-22T17:30:00-07:00,29,97,6.9
2025-08-22T18:00:00-07:00,31,95,6.6
2025-08-22T18:30:00-07:00,36,90,6.9
2025-08-22T19:00:00-07:00,40,85,7.5
2025-08-22T19:30:00-07:00,43,83,8.5
2025-08-22T20:00:00-07:00,45,81,9.6
2025-08-22T20:30:00-07:00,45,82,8.6
2025-08-22T21:00:00-07:00,46,81,8.5
2025-08-22T21:30:00-07:00,47,80,8.6
2025-08-22T22:00:00-07:00,48,79,9.3
2025-08-22T22:30:00-07:00,49,79,9.6
2025-08-22T23:00:00-07:00,49,79,9.7
2025-08-22T23:30:00-07:00,50,78,10.1
2025-08-23T00:00:00-07:00,50,77,10.9
2025-08-23T00:30:00-07:00,50,77,11.7
2025-08-23T01:00:00-07:00,51,76,10.1
2025-08-23T01:30:00-07:00,52,76,10.4
2025-08-23T02:00:00-07:00,53,75,16.6
2025-08-23T02:30:00-07:00,54,74,12.3
2025-08-23T03:00:00-07:00,54,74,9.6
2025-08-23T03:30:00-07:00,54,74,15.4
2025-08-23T04:00:00-07:00,55,73,11.2
2025-08-23T04:30:00-07:00,55,74,13.5
2025-08-23T05:00:00-07:00,55,74,13.8
2025-08-23T05:30:00-07:00,55,74,13.4
2025-08-23T06:00:00-07:00,54,75,13.3
2025-08-23T06:30:00-07:00,54,74,14.1
2025-08-23T07:00:00-07:00,54,75,12.1
2025-08-23T07:30:00-07:00,53,75,10.6
2025-08-23T08:00:00-07:00,51,77,8.2
2025-08-23T08:30:00-07:00,47,81,7.9
2025-08-23T09:00:00-07:00,42,84,4.7
2025-08-23T09:30:00-07:00,39,87,5.1
2025-08-23T10:00:00-07:00,38,88,5.4
2025-08-23T10:30:00-07:00,36,90,5.2
2025-08-23T11:00:00-07:00,34,92,4.5
2025-08-23T11:30:00-07:00,34,92,4
2025-08-23T12:00:00-07:00,35,92,5.4
2025-08-23T12:30:00-07:00,35,92,4.6
2025-08-23T13:00:00-07:00,34,92,3.6
2025-08-23T13:30:00-07:00,34,92,3.2
2025-08-23T14:00:00-07:00,34,91,2.6
2025-08-23T14:30:00-07:00,34,91,2.9
2025-08-23T15:00:00-07:00,33,92,3.2
2025-08-23T15:30:00-07:00,35,92,3.9
2025-08-23T16:00:00-07:00,37,90,4.7
2025-08-23T16:30:00-07:00,37,90,5.4
2025-08-23T17:00:00-07:00,37,90,5.7
2025-08-23T17:30:00-07:00,38,89,5.8
2025-08-23T18:00:00-07:00,39,87,6.3
2025-08-23T18:30:00-07:00,41,85,6.4
2025-08-23T19:00:00-07:00,45,82,7.7
2025-08-23T19:30:00-07:00,48,80,7.6
2025-08-23T20:00:00-07:00,51,79,7.9
2025-08-23T20:30:00-07:00,52,79,8.3
2025-08-23T21:00:00-07:00,52,79,8.5
2025-08-23T21:30:00-07:00,53,78,8.4
2025-08-23T22:00:00-07:00,52,79,7.6
2025-08-23T22:30:00-07:00,51,79,7.7
2025-08-23T23:00:00-07:00,52,79,7.8
2025-08-23T23:30:00-07:00,52,79,8
2025-08-24T00:00:00-07:00,52,79,7.6
2025-08-24T00:30:00-07:00,51,79,7.5
2025-08-24T01:00:00-07:00,51,79,7.6
2025-08-24T01:30:00-07:00,52,78,7.1
2025-08-24T02:00:00-07:00,52,78,6.4
2025-08-24T02:30:00-07:00,52,78,6.9
2025-08-24T03:00:00-07:00,53,78,6.1
2025-08-24T03:30:00-07:00,53,78,5.1
2025-08-24T04:00:00-07:00,51,78,3.1
2025-08-24T04:30:00-07:00,51,78,2.8
2025-08-24T05:00:00-07:00,51,78,3.2
2025-08-24T05:30:00-07:00,51,78,5.9
2025-08-24T06:00:00-07:00,51,78,3.9
2025-08-24T06:30:00-07:00,50,79,4.4
2025-08-24T07:00:00-07:00,51,79,4.5
2025-08-24T07:30:00-07:00,51,79,5.1
2025-08-24T08:00:00-07:00,51,79,5.3
2025-08-24T08:30:00-07:00,50,79,5.2
2025-08-24T09:00:00-07:00,49,80,5.2
2025-08-24T09:30:00-07:00,48,81,5.1
2025-08-24T10:00:00-07:00,45,82,5.6
2025-08-24T10:30:00-07:00,44,84,5.9
2025-08-24T11:00:00-07:00,41,86,5.4
2025-08-24T11:30:00-07:00,40,87,6.5
2025-08-24T12:00:00-07:00,38,88,6.3
2025-08-24T12:30:00-07:00,37,90,5
2025-08-24T13:00:00-07:00,35,92,3.5
2025-08-24T13:30:00-07:00,33,94,2.9
2025-08-24T14:00:00-07:00,33,94,2.8
2025-08-24T14:30:00-07:00,33,94,2.9
2025-08-24T15:00:00-07:00,33,94,2.8
2025-08-24T15:30:00-07:00,33,93,3.1
2025-08-24T16:00:00-07:00,34,92,4.2
2025-08-24T16:30:00-07:00,36,91,4.4
2025-08-24T17:00:00-07:00,37,89,3.8
2025-08-24T17:30:00-07:00,40,87,4.8
2025-08-24T18:00:00-07:00,41,86,5.2
2025-08-24T18:30:00-07:00,44,83,8.8
2025-08-24T19:00:00-07:00,47,81,6.4
2025-08-24T19:30:00-07:00,49,79,6.2
2025-08-24T20:00:00-07:00,50,79,6.1
2025-08-24T20:30:00-07:00,50,79,6.4
2025-08-24T21:00:00-07:00,51,79,6.3
2025-08-24T21:30:00-07:00,51,79,7.5
2025-08-24T22:00:00-07:00,50,79,19.2
2025-08-24T22:30:00-07:00,50,79,23.9
2025-08-24T23:00:00-07:00,50,79,7.5
2025-08-24T23:30:00-07:00,50,79,16.6
2025-08-25T00:00:00-07:00,53,77,11.5
2025-08-25T00:30:00-07:00,54,76,6.4
2025-08-25T01:00:00-07:00,54,77,5.9
2025-08-25T01:30:00-07:00,52,78,6.1
2025-08-25T02:00:00-07:00,52,78,6.7
2025-08-25T02:30:00-07:00,51,78,6.9
2025-08-25T03:00:00-07:00,51,79,7.7
2025-08-25T03:30:00-07:00,50,79,8
2025-08-25T04:00:00-07:00,50,79,7.8
2025-08-25T04:30:00-07:00,50,79,7.1
2025-08-25T05:00:00-07:00,49,79,6.8
2025-08-25T05:30:00-07:00,48,80,7
2025-08-25T06:00:00-07:00,48,80,7.1
2025-08-25T06:30:00-07:00,48,80,7.2
2025-08-25T07:00:00-07:00,47,81,8
2025-08-25T07:30:00-07:00,47,81,8.2
2025-08-25T08:00:00-07:00,46,82,8.4
2025-08-25T08:30:00-07:00,46,82,9.5
2025-08-25T09:00:00-07:00,45,83,9.8
2025-08-25T09:30:00-07:00,43,84,18.6
2025-08-25T10:00:00-07:00,40,87,9.8
2025-08-25T10:30:00-07:00,37,90,9.6
2025-08-25T11:00:00-07:00,35,92,10.1
2025-08-25T11:30:00-07:00,34,94,10.7
2025-08-25T12:00:00-07:00,33,95,10.9
2025-08-25T12:30:00-07:00,32,96,10.6
2025-08-25T13:00:00-07:00,31,97,11
2025-08-25T13:30:00-07:00,32,97,11
2025-08-25T14:00:00-07:00,33,94,5.5
2025-08-25T14:30:00-07:00,33,94,3
2025-08-25T15:00:00-07:00,33,94,2.4
2025-08-25T15:30:00-07:00,33,94,2.7
2025-08-25T16:00:00-07:00,33,94,3.1
2025-08-25T16:30:00-07:00,34,93,4.1
2025-08-25T17:00:00-07:00,35,92,4.6
2025-08-25T17:30:00-07:00,36,90,5.2
2025-08-25T18:00:00-07:00,38,88,5.5
2025-08-25T18:30:00-07:00,41,85,5.9
2025-08-25T19:00:00-07:00,45,83,11.6
2025-08-25T19:30:00-07:00,47,81,6.5
2025-08-25T20:00:00-07:00,48,80,6.7
2025-08-25T20:30:00-07:00,48,80,7.1
2025-08-25T21:00:00-07:00,48,80,7.4
2025-08-25T21:30:00-07:00,48,80,7.4
2025-08-25T22:00:00-07:00,49,80,7.3
2025-08-25T22:30:00-07:00,48,81,7.4
2025-08-25T23:00:00-07:00,48,81,7.7
2025-08-25T23:30:00-07:00,48,80,7.9
2025-08-26T00:00:00-07:00,48,80,7.9
2025-08-26T00:30:00-07:00,48,80,8
2025-08-26T01:00:00-07:00,49,79,8.1
2025-08-26T01:30:00-07:00,50,79,8.7
2025-08-26T02:00:00-07:00,51,78,8.9
2025-08-26T02:30:00-07:00,50,78,8.8
2025-08-26T03:00:00-07:00,50,77,8.8
2025-08-26T03:30:00-07:00,51,77,9.3
2025-08-26T04:00:00-07:00,52,77,10.1
2025-08-26T04:30:00-07:00,52,77,10.6
2025-08-26T05:00:00-07:00,52,77,10.3
2025-08-26T05:30:00-07:00,52,76,10.5
2025-08-26T06:00:00-07:00,52,76,10.7
2025-08-26T06:30:00-07:00,52,76,12.1
2025-08-26T07:00:00-07:00,53,78,12.9
2025-08-26T07:30:00-07:00,52,80,12.5
2025-08-26T08:00:00-07:00,49,82,15.3
2025-08-26T08:30:00-07:00,46,84,18.5
2025-08-26T09:00:00-07:00,43,86,15.5
2025-08-26T09:30:00-07:00,42,87,12.6
2025-08-26T10:00:00-07:00,38,90,11.8
2025-08-26T10:30:00-07:00,37,91,11.9
2025-08-26T11:00:00-07:00,36,92,12
2025-08-26T11:30:00-07:00,37,91,12.7
2025-08-26T12:00:00-07:00,36,92,12.9
2025-08-26T12:30:00-07:00,34,93,12.4
2025-08-26T13:00:00-07:00,33,95,12.5
2025-08-26T13:30:00-07:00,31,96,10.8
2025-08-26T14:00:00-07:00,32,96,10.1
2025-08-26T14:30:00-07:00,31,97,10
2025-08-26T15:00:00-07:00,31,96,10.1
2025-08-26T15:30:00-07:00,30,97,9.5
2025-08-26T16:00:00-07:00,29,97,8.8
2025-08-26T16:30:00-07:00,30,96,7.7
2025-08-26T17:00:00-07:00,32,93,7.6
2025-08-26T17:30:00-07:00,32,92,7.3
2025-08-26T18:00:00-07:00,34,89,7.3
2025-08-26T18:30:00-07:00,36,87,7.3
2025-08-26T19:00:00-07:00,40,84,7.8
2025-08-26T19:30:00-07:00,42,82,15
2025-08-26T20:00:00-07:00,44,81,8.5
2025-08-26T20:30:00-07:00,46,80,8.4
2025-08-26T21:00:00-07:00,48,79,8.8
2025-08-26T21:30:00-07:00,49,79,9.1
2025-08-26T22:00:00-07:00,48,79,10.5
2025-08-26T22:30:00-07:00,47,80,16.9
2025-08-26T23:00:00-07:00,47,79,9.3
2025-08-26T23:30:00-07:00,46,80,9.1
2025-08-27T00:00:00-07:00,46,80,9.2
2025-08-27T00:30:00-07:00,46,79,9.3
2025-08-27T01:00:00-07:00,47,78,12.8
2025-08-27T01:30:00-07:00,48,78,20.4
2025-08-27T02:00:00-07:00,48,77,26.3
2025-08-27T02:30:00-07:00,48,77,18.7
2025-08-27T03:00:00-07:00,49,76,11.8
2025-08-27T03:30:00-07:00,49,76,15.5
2025-08-27T04:00:00-07:00,50,76,14.1
2025-08-27T04:30:00-07:00,50,76,14.6
2025-08-27T05:00:00-07:00,50,76,10.8
2025-08-27T05:30:00-07:00,51,76,10
2025-08-27T06:00:00-07:00,51,76,10.4
2025-08-27T06:30:00-07:00,53,76,11.6
2025-08-27T07:00:00-07:00,53,76,12.1
2025-08-27T07:30:00-07:00,52,78,12.1
2025-08-27T08:00:00-07:00,49,80,11.3
2025-08-27T08:30:00-07:00,47,82,11
2025-08-27T09:00:00-07:00,43,84,12.8
2025-08-27T09:30:00-07:00,40,88,10.8
2025-08-27T10:00:00-07:00,37,90,11.1
2025-08-27T10:30:00-07:00,36,92,11
2025-08-27T11:00:00-07:00,35,92,11.5
2025-08-27T11:30:00-07:00,35,92,11
2025-08-27T12:00:00-07:00,33,93,10.8
2025-08-27T12:30:00-07:00,32,95,11
2025-08-27T13:00:00-07:00,32,95,11.1
2025-08-27T13:30:00-07:00,31,95,10.9
2025-08-27T14:00:00-07:00,31,96,11
2025-08-27T14:30:00-07:00,30,96,11.6
2025-08-27T15:00:00-07:00,32,94,11.3
2025-08-27T15:30:00-07:00,32,94,10.8
2025-08-27T16:00:00-07:00,32,93,10
2025-08-27T16:30:00-07:00,32,92,9.6
2025-08-27T17:00:00-07:00,32,92,9.4
2025-08-27T17:30:00-07:00,34,90,9.3
2025-08-27T18:00:00-07:00,34,89,8.9
2025-08-27T18:30:00-07:00,35,88,8.9
2025-08-27T19:00:00-07:00,37,85,8.9
2025-08-27T19:30:00-07:00,40,83,11.3
2025-08-27T20:00:00-07:00,41,82,13
2025-08-27T20:30:00-07:00,42,82,9.4
2025-08-27T21:00:00-07:00,43,81,9.6
2025-08-27T21:30:00-07:00,45,80,9.4
2025-08-27T22:00:00-07:00,46,80,9.5
2025-08-27T22:30:00-07:00,45,79,9.8
2025-08-27T23:00:00-07:00,46,79,10
2025-08-27T23:30:00-07:00,46,79,10.6
2025-08-28T00:00:00-07:00,47,79,10.8
2025-08-28T00:30:00-07:00,48,78,9.7
2025-08-28T01:00:00-07:00,48,78,10.7
2025-08-28T01:30:00-07:00,49,77,13
2025-08-28T02:00:00-07:00,48,77,10.2
2025-08-28T02:30:00-07:00,48,77,10.3
2025-08-28T03:00:00-07:00,49,76,11.1
2025-08-28T03:30:00-07:00,49,75,10
2025-08-28T04:00:00-07:00,50,75,9.9
2025-08-28T04:30:00-07:00,50,74,9.8
2025-08-28T05:00:00-07:00,50,74,9.8
2025-08-28T05:30:00-07:00,50,73,9.7
2025-08-28T06:00:00-07:00,50,73,9.8
2025-08-28T06:30:00-07:00,51,73,9.9
2025-08-28T07:00:00-07:00,51,73,10.1
2025-08-28T07:30:00-07:00,51,76,10.2
2025-08-28T08:00:00-07:00,48,80,8.9
2025-08-28T08:30:00-07:00,46,81,8.9
2025-08-28T09:00:00-07:00,43,83,10.9
2025-08-28T09:30:00-07:00,40,85,9.6
2025-08-28T10:00:00-07:00,38,88,9.3
2025-08-28T10:30:00-07:00,37,88,11.2
2025-08-28T11:00:00-07:00,37,89,12.5
2025-08-28T11:30:00-07:00,36,90,11.9
2025-08-28T12:00:00-07:00,34,91,10.2
2025-08-28T12:30:00-07:00,33,92,9
2025-08-28T13:00:00-07:00,31,95,8.5
2025-08-28T13:30:00-07:00,29,96,8.2
2025-08-28T14:00:00-07:00,27,98,8
2025-08-28T14:30:00-07:00,26,99,7.4
2025-08-28T15:00:00-07:00,26,100,6.8
2025-08-28T15:30:00-07:00,26,100,6
2025-08-28T16:00:00-07:00,26,100,5.6
2025-08-28T16:30:00-07:00,30,96,3.9
2025-08-28T17:00:00-07:00,33,92,3.2
2025-08-28T17:30:00-07:00,35,90,2.6
2025-08-28T18:00:00-07:00,39,86,3
2025-08-28T18:30:00-07:00,41,84,5.7
2025-08-28T19:00:00-07:00,43,82,5
2025-08-28T19:30:00-07:00,45,80,4.1
2025-08-28T20:00:00-07:00,46,79,4.9
2025-08-28T20:30:00-07:00,47,79,5.3
2025-08-28T21:00:00-07:00,47,80,5.5
2025-08-28T21:30:00-07:00,47,79,5.6
2025-08-28T22:00:00-07:00,47,79,5.5
2025-08-28T22:30:00-07:00,47,79,5.5
2025-08-28T23:00:00-07:00,48,79,5.1
2025-08-28T23:30:00-07:00,49,79,5.4
2025-08-29T00:00:00-07:00,49,78,5.4
2025-08-29T00:30:00-07:00,48,78,8.6
2025-08-29T01:00:00-07:00,49,77,5.5
2025-08-29T01:30:00-07:00,49,77,6.4
2025-08-29T02:00:00-07:00,49,76,8.4
2025-08-29T02:30:00-07:00,49,76,4.9
2025-08-29T03:00:00-07:00,49,75,4.7
2025-08-29T03:30:00-07:00,49,75,5.1
2025-08-29T04:00:00-07:00,50,75,5.4
2025-08-29T04:30:00-07:00,49,75,5.5
2025-08-29T05:00:00-07:00,51,74,5.8
2025-08-29T05:30:00-07:00,52,75,5.6
2025-08-29T06:00:00-07:00,51,75,5.9
2025-08-29T06:30:00-07:00,50,75,6.1
2025-08-29T07:00:00-07:00,50,77,8.3
2025-08-29T07:30:00-07:00,50,79,7.9
2025-08-29T08:00:00-07:00,48,80,8.3
2025-08-29T08:30:00-07:00,47,80,8.3
2025-08-29T09:00:00-07:00,46,81,9.4
2025-08-29T09:30:00-07:00,44,82,8.2
2025-08-29T10:00:00-07:00,42,85,9.5
2025-08-29T10:30:00-07:00,39,87,8.5
2025-08-29T11:00:00-07:00,37,88,7.8
2025-08-29T11:30:00-07:00,36,89,8.1
2025-08-29T12:00:00-07:00,36,90,8.2
2025-08-29T12:30:00-07:00,35,91,7.9
2025-08-29T13:00:00-07:00,34,92,7.5
2025-08-29T13:30:00-07:00,33,94,7.3
2025-08-29T14:00:00-07:00,31,95,6.5
2025-08-29T14:30:00-07:00,30,96,6
2025-08-29T15:00:00-07:00,30,96,5.9
2025-08-29T15:30:00-07:00,29,97,5.7
2025-08-29T16:00:00-07:00,30,96,5.4
2025-08-29T16:30:00-07:00,30,95,5.2
2025-08-29T17:00:00-07:00,31,94,5
2025-08-29T17:30:00-07:00,33,93,5.5
2025-08-29T18:00:00-07:00,35,90,6.1
2025-08-29T18:30:00-07:00,38,88,5.7
2025-08-29T19:00:00-07:00,42,84,8
2025-08-29T19:30:00-07:00,44,83,16.7
2025-08-29T20:00:00-07:00,45,82,20
2025-08-29T20:30:00-07:00,46,82,17.3
2025-08-29T21:00:00-07:00,46,81,6.7
2025-08-29T21:30:00-07:00,47,81,6.8
2025-08-29T22:00:00-07:00,47,80,7.1
2025-08-29T22:30:00-07:00,47,80,7.6
2025-08-29T23:00:00-07:00,48,80,7.2
2025-08-29T23:30:00-07:00,47,80,6.9
2025-08-30T00:00:00-07:00,48,79,7.4
2025-08-30T00:30:00-07:00,49,79,7.6
2025-08-30T01:00:00-07:00,49,79,7.6
2025-08-30T01:30:00-07:00,48,79,7.8
2025-08-30T02:00:00-07:00,49,78,7.3
2025-08-30T02:30:00-07:00,49,78,7.9
2025-08-30T03:00:00-07:00,49,77,7.6
2025-08-30T03:30:00-07:00,49,77,7.5
2025-08-30T04:00:00-07:00,49,77,8.2
2025-08-30T04:30:00-07:00,49,76,8.3
2025-08-30T05:00:00-07:00,50,75,8.2
2025-08-30T05:30:00-07:00,50,75,8.1
2025-08-30T06:00:00-07:00,51,74,8.1
2025-08-30T06:30:00-07:00,51,74,8.3
2025-08-30T07:00:00-07:00,51,74,8.3
2025-08-30T07:30:00-07:00,51,76,9.3
2025-08-30T08:00:00-07:00,49,79,9.3
2025-08-30T08:30:00-07:00,45,83,8.4
2025-08-30T09:00:00-07:00,38,88,6.9
2025-08-30T09:30:00-07:00,34,92,6.8
2025-08-30T10:00:00-07:00,32,95,7.4
2025-08-30T10:30:00-07:00,30,97,6.9
2025-08-30T11:00:00-07:00,28,98,7.2
2025-08-30T11:30:00-07:00,27,99,7.1
2025-08-30T12:00:00-07:00,23,101,5.6
2025-08-30T12:30:00-07:00,21,102,4.9
2025-08-30T13:00:00-07:00,19,104,4.4
2025-08-30T13:30:00-07:00,19,106,5.6
2025-08-30T14:00:00-07:00,19,108,6
2025-08-30T14:30:00-07:00,15,108,3.5
2025-08-30T15:00:00-07:00,13,109,3.1
2025-08-30T15:30:00-07:00,16,109,5.2
2025-08-30T16:00:00-07:00,17,107,5.1
2025-08-30T16:30:00-07:00,19,104,4.7
2025-08-30T17:00:00-07:00,21,103,5.4
2025-08-30T17:30:00-07:00,23,101,5.9
2025-08-30T18:00:00-07:00,26,98,6.9
2025-08-30T18:30:00-07:00,28,96,7.1
2025-08-30T19:00:00-07:00,29,93,7.5
2025-08-30T19:30:00-07:00,30,91,8.1
2025-08-30T20:00:00-07:00,34,90,10.7
2025-08-30T20:30:00-07:00,38,88,9.5
2025-08-30T21:00:00-07:00,41,87,9.7
2025-08-30T21:30:00-07:00,42,86,10.4
2025-08-30T22:00:00-07:00,42,85,16.1
2025-08-30T22:30:00-07:00,43,84,13.1
2025-08-30T23:00:00-07:00,44,83,10.2
2025-08-30T23:30:00-07:00,44,83,10.5
2025-08-31T00:00:00-07:00,46,82,10.8
2025-08-31T00:30:00-07:00,46,81,10.7
2025-08-31T01:00:00-07:00,46,81,10.9
2025-08-31T01:30:00-07:00,47,80,16.3
2025-08-31T02:00:00-07:00,47,80,10.8
2025-08-31T02:30:00-07:00,47,79,11.8
2025-08-31T03:00:00-07:00,47,78,12
2025-08-31T03:30:00-07:00,47,78,16.4
2025-08-31T04:00:00-07:00,47,78,15.7
2025-08-31T04:30:00-07:00,47,78,11.5
2025-08-31T05:00:00-07:00,47,78,15.6
2025-08-31T05:30:00-07:00,46,77,14.1
2025-08-31T06:00:00-07:00,47,76,10.2
2025-08-31T06:30:00-07:00,47,76,10.1
2025-08-31T07:00:00-07:00,47,77,10.2
2025-08-31T07:30:00-07:00,46,78,10.3
2025-08-31T08:00:00-07:00,43,82,10.1
2025-08-31T08:30:00-07:00,40,87,11.3
2025-08-31T09:00:00-07:00,34,93,10.1
2025-08-31T09:30:00-07:00,29,97,9.4
2025-08-31T10:00:00-07:00,25,100,8.7
2025-08-31T10:30:00-07:00,23,102,8.7
2025-08-31T11:00:00-07:00,21,104,7.9
2025-08-31T11:30:00-07:00,20,106,7.2
2025-08-31T12:00:00-07:00,18,107,6.2
2025-08-31T12:30:00-07:00,14,108,4.1
2025-08-31T13:00:00-07:00,12,109,2.3
2025-08-31T13:30:00-07:00,11,109,1.6
2025-08-31T14:00:00-07:00,13,109,3.2
2025-08-31T14:30:00-07:00,17,108,5
2025-08-31T15:00:00-07:00,17,108,5
2025-08-31T15:30:00-07:00,17,108,4.6
2025-08-31T16:00:00-07:00,18,106,3.8
2025-08-31T16:30:00-07:00,19,105,3.3
2025-08-31T17:00:00-07:00,21,104,2.7
2025-08-31T17:30:00-07:00,22,103,2.9
2025-08-31T18:00:00-07:00,25,100,3.4
2025-08-31T18:30:00-07:00,28,96,3.7
2025-08-31T19:00:00-07:00,30,93,4.1
2025-08-31T19:30:00-07:00,34,91,5.2
2025-08-31T20:00:00-07:00,36,90,5.6
2025-08-31T20:30:00-07:00,38,88,6.2
2025-08-31T21:00:00-07:00,39,87,6.4
2025-08-31T21:30:00-07:00,40,86,6.9
2025-08-31T22:00:00-07:00,41,86,7.9
2025-08-31T22:30:00-07:00,43,85,7.9
2025-08-31T23:00:00-07:00,44,84,7.7
2025-08-31T23:30:00-07:00,45,83,7.7
2025-09-01T00:00:00-07:00,46,82,8.3
2025-09-01T00:30:00-07:00,47,82,8.4
2025-09-01T01:00:00-07:00,47,82,8.6
2025-09-01T01:30:00-07:00,47,81,8.9
2025-09-01T02:00:00-07:00,47,80,9
2025-09-01T02:30:00-07:00,47,80,9.6
2025-09-01T03:00:00-07:00,48,79,14.9
2025-09-01T03:30:00-07:00,48,79,14.7
2025-09-01T04:00:00-07:00,47,79,16.8
2025-09-01T04:30:00-07:00,47,78,13.3
2025-09-01T05:00:00-07:00,48,78,13.1
2025-09-01T05:30:00-07:00,48,78,12.4
2025-09-01T06:00:00-07:00,48,77,11.9
2025-09-01T06:30:00-07:00,49,78,11.6
2025-09-01T07:00:00-07:00,50,78,19.4
2025-09-01T07:30:00-07:00,50,79,18.2
2025-09-01T08:00:00-07:00,48,81,10.5
2025-09-01T08:30:00-07:00,45,85,10.6
2025-09-01T09:00:00-07:00,39,90,9.4
2025-09-01T09:30:00-07:00,36,93,9
2025-09-01T10:00:00-07:00,34,94,8.4
2025-09-01T10:30:00-07:00,32,97,7.4
2025-09-01T11:00:00-07:00,31,98,6.3
2025-09-01T11:30:00-07:00,30,99,5.1
2025-09-01T12:00:00-07:00,29,101,5
2025-09-01T12:30:00-07:00,28,102,5.4
2025-09-01T13:00:00-07:00,25,103,4.6
2025-09-01T13:30:00-07:00,22,105,2.4
2025-09-01T14:00:00-07:00,21,106,2.6
2025-09-01T14:30:00-07:00,22,108,3.8
2025-09-01T15:00:00-07:00,22,108,4
2025-09-01T15:30:00-07:00,20,108,2.6
2025-09-01T16:00:00-07:00,18,109,2.1
2025-09-01T16:30:00-07:00,19,107,2.8
2025-09-01T17:00:00-07:00,20,107,3.5
2025-09-01T17:30:00-07:00,22,104,3.7
2025-09-01T18:00:00-07:00,24,102,3.8
2025-09-01T18:30:00-07:00,27,99,4.5
2025-09-01T19:00:00-07:00,33,93,5.4
2025-09-01T19:30:00-07:00,35,90,5.7
2025-09-01T20:00:00-07:00,36,89,6
2025-09-01T20:30:00-07:00,39,88,6.6
2025-09-01T21:00:00-07:00,40,87,7.2
2025-09-01T21:30:00-07:00,42,86,7.3
2025-09-01T22:00:00-07:00,42,86,8.2
2025-09-01T22:30:00-07:00,43,86,10.7
2025-09-01T23:00:00-07:00,44,85,11.3
2025-09-01T23:30:00-07:00,44,84,8.3
2025-09-02T00:00:00-07:00,45,83,8.1
2025-09-02T00:30:00-07:00,46,82,7.9
2025-09-02T01:00:00-07:00,46,82,8
2025-09-02T01:30:00-07:00,47,81,8.1
2025-09-02T02:00:00-07:00,49,80,8.5
2025-09-02T02:30:00-07:00,50,79,8.4
2025-09-02T03:00:00-07:00,51,79,9.5
2025-09-02T03:30:00-07:00,52,78,10
2025-09-02T04:00:00-07:00,52,77,10
2025-09-02T04:30:00-07:00,52,78,10.2
2025-09-02T05:00:00-07:00,52,79,10
2025-09-02T05:30:00-07:00,51,79,9.8
2025-09-02T06:00:00-07:00,51,79,9.9
2025-09-02T06:30:00-07:00,51,78,10.2
2025-09-02T07:00:00-07:00,53,77,10.5
2025-09-02T07:30:00-07:00,53,77,10.9
2025-09-02T08:00:00-07:00,51,78,10.7
2025-09-02T08:30:00-07:00,48,81,11.4
2025-09-02T09:00:00-07:00,41,87,11.1
2025-09-02T09:30:00-07:00,37,91,9.9
2025-09-02T10:00:00-07:00,34,93,9.4
2025-09-02T10:30:00-07:00,32,94,7.7
2025-09-02T11:00:00-07:00,31,96,6.4
2025-09-02T11:30:00-07:00,31,97,5.9
2025-09-02T12:00:00-07:00,30,98,5.9
2025-09-02T12:30:00-07:00,28,99,6.1
2025-09-02T13:00:00-07:00,30,98,5.7
2025-09-02T13:30:00-07:00,30,98,5.3
2025-09-02T14:00:00-07:00,30,96,4.6
2025-09-02T14:30:00-07:00,30,96,4.3
2025-09-02T15:00:00-07:00,31,95,4.5
2025-09-02T15:30:00-07:00,31,97,5
2025-09-02T16:00:00-07:00,29,98,4.7
2025-09-02T16:30:00-07:00,30,97,4.2
2025-09-02T17:00:00-07:00,31,95,3.8
2025-09-02T17:30:00-07:00,33,94,4.3
2025-09-02T18:00:00-07:00,33,93,3.9
2025-09-02T18:30:00-07:00,36,90,4.3
2025-09-02T19:00:00-07:00,42,86,5.2
2025-09-02T19:30:00-07:00,47,82,6.2
2025-09-02T20:00:00-07:00,48,81,7.1
2025-09-02T20:30:00-07:00,48,81,5
2025-09-02T21:00:00-07:00,48,80,4.8
2025-09-02T21:30:00-07:00,49,79,4.5
2025-09-02T22:00:00-07:00,48,80,4.5
2025-09-02T22:30:00-07:00,48,80,4.4
2025-09-02T23:00:00-07:00,49,79,4.6
2025-09-02T23:30:00-07:00,49,79,5.2
2025-09-03T00:00:00-07:00,48,79,4.7
2025-09-03T00:30:00-07:00,48,79,4.6
2025-09-03T01:00:00-07:00,49,77,4.7
2025-09-03T01:30:00-07:00,50,77,12.8
2025-09-03T02:00:00-07:00,50,76,12.9
2025-09-03T02:30:00-07:00,52,75,7.4
2025-09-03T03:00:00-07:00,52,75,6.4
2025-09-03T03:30:00-07:00,51,75,5.1
2025-09-03T04:00:00-07:00,52,75,5.6
2025-09-03T04:30:00-07:00,52,75,5.9
2025-09-03T05:00:00-07:00,52,74,5.5
2025-09-03T05:30:00-07:00,53,74,5.6
2025-09-03T06:00:00-07:00,53,74,5.6
2025-09-03T06:30:00-07:00,53,74,5.7
2025-09-03T07:00:00-07:00,53,74,6.2
2025-09-03T07:30:00-07:00,53,76,8.6
2025-09-03T08:00:00-07:00,51,78,7.4
2025-09-03T08:30:00-07:00,47,82,8.8
2025-09-03T09:00:00-07:00,42,86,6.2
2025-09-03T09:30:00-07:00,39,88,6.5
2025-09-03T10:00:00-07:00,36,90,6.5
2025-09-03T10:30:00-07:00,35,92,6.4
2025-09-03T11:00:00-07:00,33,93,6.9
2025-09-03T11:30:00-07:00,35,92,7.5
2025-09-03T12:00:00-07:00,34,93,7.5
2025-09-03T12:30:00-07:00,32,95,7.1
2025-09-03T13:00:00-07:00,30,97,6.7
2025-09-03T13:30:00-07:00,28,99,6.6
2025-09-03T14:00:00-07:00,29,99,7.3
2025-09-03T14:30:00-07:00,28,100,7.4
2025-09-03T15:00:00-07:00,30,99,6.9
2025-09-03T15:30:00-07:00,30,97,6
2025-09-03T16:00:00-07:00,31,95,5.3
2025-09-03T16:30:00-07:00,33,93,3.7
2025-09-03T17:00:00-07:00,34,92,3.7
2025-09-03T17:30:00-07:00,35,91,3.8
2025-09-03T18:00:00-07:00,35,90,3.9
2025-09-03T18:30:00-07:00,38,87,4.9
2025-09-03T19:00:00-07:00,44,82,6.3
2025-09-03T19:30:00-07:00,48,80,5.2
2025-09-03T20:00:00-07:00,48,79,5.3
2025-09-03T20:30:00-07:00,50,78,5.5
2025-09-03T21:00:00-07:00,50,78,8
2025-09-03T21:30:00-07:00,50,78,8.9
2025-09-03T22:00:00-07:00,49,78,5.9
2025-09-03T22:30:00-07:00,50,78,5.9
2025-09-03T23:00:00-07:00,50,77,6.2
2025-09-03T23:30:00-07:00,49,77,14.6
2025-09-04T00:00:00-07:00,49,77,7.2
2025-09-04T00:30:00-07:00,49,76,9.2
2025-09-04T01:00:00-07:00,50,76,6.6
2025-09-04T01:30:00-07:00,50,75,6.6
2025-09-04T02:00:00-07:00,51,76,8.6
2025-09-04T02:30:00-07:00,51,76,8.8
2025-09-04T03:00:00-07:00,51,78,11.3
2025-09-04T03:30:00-07:00,51,79,10.2
2025-09-04T04:00:00-07:00,51,79,8.1
2025-09-04T04:30:00-07:00,50,79,8.4
2025-09-04T05:00:00-07:00,51,78,9
2025-09-04T05:30:00-07:00,51,79,10.4
2025-09-04T06:00:00-07:00,50,78,10
2025-09-04T06:30:00-07:00,50,79,7.5
2025-09-04T07:00:00-07:00,50,78,4.6
2025-09-04T07:30:00-07:00,51,77,9.5
2025-09-04T08:00:00-07:00,50,77,5.1
2025-09-04T08:30:00-07:00,49,78,4.1
2025-09-04T09:00:00-07:00,48,79,5.1
2025-09-04T09:30:00-07:00,46,81,5.4
2025-09-04T10:00:00-07:00,44,82,5.3
2025-09-04T10:30:00-07:00,43,83,10.3
2025-09-04T11:00:00-07:00,41,85,10.6
2025-09-04T11:30:00-07:00,38,87,7.6
2025-09-04T12:00:00-07:00,37,89,3.6
2025-09-04T12:30:00-07:00,37,89,1.9
2025-09-04T13:00:00-07:00,37,89,1.5
2025-09-04T13:30:00-07:00,38,88,2
2025-09-04T14:00:00-07:00,37,89,2.3
2025-09-04T14:30:00-07:00,36,90,2.5
2025-09-04T15:00:00-07:00,36,90,2.8
2025-09-04T15:30:00-07:00,37,89,3.5
2025-09-04T16:00:00-07:00,37,89,3.3
2025-09-04T16:30:00-07:00,38,89,3
2025-09-04T17:00:00-07:00,38,88,2.1
2025-09-04T17:30:00-07:00,41,85,2.6
2025-09-04T18:00:00-07:00,44,83,7.8
2025-09-04T18:30:00-07:00,46,81,2.2
2025-09-04T19:00:00-07:00,49,80,2.9
2025-09-04T19:30:00-07:00,49,80,2.2
2025-09-04T20:00:00-07:00,50,80,2.9
2025-09-04T20:30:00-07:00,50,80,2.3
2025-09-04T21:00:00-07:00,50,80,2.1
2025-09-04T21:30:00-07:00,50,80,0.9
2025-09-04T22:00:00-07:00,49,80,1.2
2025-09-04T22:30:00-07:00,48,80,1.7
2025-09-04T23:00:00-07:00,48,81,1.2
2025-09-04T23:30:00-07:00,48,81,0.7
2025-09-05T00:00:00-07:00,47,81,1
2025-09-05T00:30:00-07:00,47,81,2.2
2025-09-05T01:00:00-07:00,47,80,2.2
2025-09-05T01:30:00-07:00,48,80,2.9
2025-09-05T02:00:00-07:00,48,80,3.6
2025-09-05T02:30:00-07:00,48,80,4.6
2025-09-05T03:00:00-07:00,48,79,5.2
2025-09-05T03:30:00-07:00,48,79,4.8
2025-09-05T04:00:00-07:00,48,79,3.9
2025-09-05T04:30:00-07:00,48,79,2.6
2025-09-05T05:00:00-07:00,49,79,1.8
2025-09-05T05:30:00-07:00,49,79,0.7
2025-09-05T06:00:00-07:00,49,79,1.3
2025-09-05T06:30:00-07:00,48,79,1.8
2025-09-05T07:00:00-07:00,48,79,1.6
2025-09-05T07:30:00-07:00,49,80,1.6
2025-09-05T08:00:00-07:00,49,80,2.1
2025-09-05T08:30:00-07:00,48,80,2.9
2025-09-05T09:00:00-07:00,47,80,3.5
2025-09-05T09:30:00-07:00,47,81,3.9
2025-09-05T10:00:00-07:00,47,81,4.5
2025-09-05T10:30:00-07:00,46,81,5.4
2025-09-05T11:00:00-07:00,45,82,5.2
2025-09-05T11:30:00-07:00,44,83,6.2
2025-09-05T12:00:00-07:00,41,86,5.2
2025-09-05T12:30:00-07:00,39,88,5.1
2025-09-05T13:00:00-07:00,38,88,5.8
2025-09-05T13:30:00-07:00,38,88,4.8
2025-09-05T14:00:00-07:00,38,89,3.5
2025-09-05T14:30:00-07:00,38,89,1.5
2025-09-05T15:00:00-07:00,37,89,1
2025-09-05T15:30:00-07:00,38,89,1
2025-09-05T16:00:00-07:00,37,89,1
2025-09-05T16:30:00-07:00,36,89,0.9
2025-09-05T17:00:00-07:00,38,88,1.4
2025-09-05T17:30:00-07:00,39,87,2.3
2025-09-05T18:00:00-07:00,41,85,2.3
2025-09-05T18:30:00-07:00,43,83,2.4
2025-09-05T19:00:00-07:00,46,81,2.7
2025-09-05T19:30:00-07:00,48,80,2.8
2025-09-05T20:00:00-07:00,49,79,2.7
2025-09-05T20:30:00-07:00,50,79,3.5
2025-09-05T21:00:00-07:00,50,79,3.9
2025-09-05T21:30:00-07:00,49,80,4.4
2025-09-05T22:00:00-07:00,48,80,4.7
2025-09-05T22:30:00-07:00,48,80,5.1
2025-09-05T23:00:00-07:00,48,79,5.7
2025-09-05T23:30:00-07:00,48,79,6.1
2025-09-06T00:00:00-07:00,48,78,6.4
2025-09-06T00:30:00-07:00,49,78,5.7
2025-09-06T01:00:00-07:00,48,79,6.1
2025-09-06T01:30:00-07:00,48,80,6.4
2025-09-06T02:00:00-07:00,47,80,6
2025-09-06T02:30:00-07:00,47,80,6.2
2025-09-06T03:00:00-07:00,47,80,6.6
2025-09-06T03:30:00-07:00,46,80,7.4
2025-09-06T04:00:00-07:00,46,81,7.6
2025-09-06T04:30:00-07:00,46,80,7.9
2025-09-06T05:00:00-07:00,47,79,8.1
2025-09-06T05:30:00-07:00,46,80,8.9
2025-09-06T06:00:00-07:00,45,80,8.6
2025-09-06T06:30:00-07:00,45,80,9.3
2025-09-06T07:00:00-07:00,44,80,9.9
2025-09-06T07:30:00-07:00,44,80,9.4
2025-09-06T08:00:00-07:00,44,81,9.1
2025-09-06T08:30:00-07:00,43,81,8.6
2025-09-06T09:00:00-07:00,42,82,8.7
2025-09-06T09:30:00-07:00,41,83,9.2
2025-09-06T10:00:00-07:00,40,84,13.6
2025-09-06T10:30:00-07:00,37,86,10.2
2025-09-06T11:00:00-07:00,35,88,10
2025-09-06T11:30:00-07:00,33,89,9.1
2025-09-06T12:00:00-07:00,33,90,8.8
2025-09-06T12:30:00-07:00,32,91,8.3
2025-09-06T13:00:00-07:00,31,93,7.4
2025-09-06T13:30:00-07:00,31,93,6.3
2025-09-06T14:00:00-07:00,31,92,6
2025-09-06T14:30:00-07:00,32,92,5.5
2025-09-06T15:00:00-07:00,31,92,4.4
2025-09-06T15:30:00-07:00,31,92,4.2
2025-09-06T16:00:00-07:00,30,92,4.4
2025-09-06T16:30:00-07:00,31,91,4.4
2025-09-06T17:00:00-07:00,34,90,4.2
2025-09-06T17:30:00-07:00,36,88,4.3
2025-09-06T18:00:00-07:00,37,87,4.7
2025-09-06T18:30:00-07:00,40,84,6.4
2025-09-06T19:00:00-07:00,44,83,8.2
2025-09-06T19:30:00-07:00,45,82,5.8
2025-09-06T20:00:00-07:00,46,82,5.9
2025-09-06T20:30:00-07:00,47,82,6.2
2025-09-06T21:00:00-07:00,48,81,6.5
2025-09-06T21:30:00-07:00,49,80,6.7
2025-09-06T22:00:00-07:00,49,81,6.7
2025-09-06T22:30:00-07:00,48,82,6.8
2025-09-06T23:00:00-07:00,47,82,6.3
2025-09-06T23:30:00-07:00,46,82,6.2
2025-09-07T00:00:00-07:00,46,82,5.8
2025-09-07T00:30:00-07:00,46,82,5.9
2025-09-07T01:00:00-07:00,47,81,5.7
2025-09-07T01:30:00-07:00,46,81,5.6
2025-09-07T02:00:00-07:00,47,80,5.8
2025-09-07T02:30:00-07:00,47,81,5.9
2025-09-07T03:00:00-07:00,46,81,5.8
2025-09-07T03:30:00-07:00,47,81,5.8
2025-09-07T04:00:00-07:00,47,82,6.1
2025-09-07T04:30:00-07:00,46,82,5.2
2025-09-07T05:00:00-07:00,46,82,4.4
2025-09-07T05:30:00-07:00,46,82,4
2025-09-07T06:00:00-07:00,46,82,3.1
2025-09-07T06:30:00-07:00,47,82,2.9
2025-09-07T07:00:00-07:00,47,82,3.4
2025-09-07T07:30:00-07:00,47,83,3.4
2025-09-07T08:00:00-07:00,46,84,3.3
2025-09-07T08:30:00-07:00,45,85,11.7
2025-09-07T09:00:00-07:00,43,86,2.3
2025-09-07T09:30:00-07:00,42,87,3
2025-09-07T10:00:00-07:00,41,88,2.3
2025-09-07T10:30:00-07:00,37,92,2.1
2025-09-07T11:00:00-07:00,36,93,2.1
2025-09-07T11:30:00-07:00,35,93,1.4
2025-09-07T12:00:00-07:00,35,93,1
2025-09-07T12:30:00-07:00,32,94,0.4
2025-09-07T13:00:00-07:00,30,95,0.8
2025-09-07T13:30:00-07:00,26,96,1.6
2025-09-07T14:00:00-07:00,26,96,2.3
2025-09-07T14:30:00-07:00,28,97,2.9
2025-09-07T15:00:00-07:00,29,96,3.1
2025-09-07T15:30:00-07:00,30,96,2.5
2025-09-07T16:00:00-07:00,30,95,2.5
2025-09-07T16:30:00-07:00,30,94,2.2
2025-09-07T17:00:00-07:00,30,93,1.8
2025-09-07T17:30:00-07:00,32,93,1.4
2025-09-07T18:00:00-07:00,34,91,1.5
2025-09-07T18:30:00-07:00,37,89,5.1
2025-09-07T19:00:00-07:00,40,87,56.5
2025-09-07T19:30:00-07:00,43,85,3.4
2025-09-07T20:00:00-07:00,45,84,13.6
2025-09-07T20:30:00-07:00,47,83,4.5
2025-09-07T21:00:00-07:00,48,83,3.9
2025-09-07T21:30:00-07:00,49,82,3.8
2025-09-07T22:00:00-07:00,50,82,3.3
2025-09-07T22:30:00-07:00,50,82,2.8
2025-09-07T23:00:00-07:00,51,81,2.7
2025-09-07T23:30:00-07:00,50,80,2.7
2025-09-08T00:00:00-07:00,51,80,3.2
2025-09-08T00:30:00-07:00,50,79,3.5
2025-09-08T01:00:00-07:00,49,79,4
2025-09-08T01:30:00-07:00,50,78,4
2025-09-08T02:00:00-07:00,50,78,4.4
2025-09-08T02:30:00-07:00,50,77,4.3
2025-09-08T03:00:00-07:00,50,77,6.8
2025-09-08T03:30:00-07:00,50,77,13.7
2025-09-08T04:00:00-07:00,50,76,5.4
2025-09-08T04:30:00-07:00,50,76,4
2025-09-08T05:00:00-07:00,50,76,4
2025-09-08T05:30:00-07:00,51,78,8.5
2025-09-08T06:00:00-07:00,50,80,3.8
2025-09-08T06:30:00-07:00,50,81,4.4
2025-09-08T07:00:00-07:00,50,82,7.2
2025-09-08T07:30:00-07:00,50,82,10
2025-09-08T08:00:00-07:00,49,82,9.5
2025-09-08T08:30:00-07:00,48,83,9.9
2025-09-08T09:00:00-07:00,47,84,15
2025-09-08T09:30:00-07:00,45,86,8.5
2025-09-08T10:00:00-07:00,43,87,7.9
2025-09-08T10:30:00-07:00,41,89,6.8
2025-09-08T11:00:00-07:00,39,91,5
2025-09-08T11:30:00-07:00,37,92,1.9
2025-09-08T12:00:00-07:00,36,94,1.2
2025-09-08T12:30:00-07:00,34,95,0.5
2025-09-08T13:00:00-07:00,33,96,0.4
2025-09-08T13:30:00-07:00,31,97,0.5
2025-09-08T14:00:00-07:00,31,98,0.4
2025-09-08T14:30:00-07:00,30,99,0.4
2025-09-08T15:00:00-07:00,31,99,0.5
2025-09-08T15:30:00-07:00,30,99,0.7
2025-09-08T16:00:00-07:00,31,98,0.9
2025-09-08T16:30:00-07:00,31,97,1.1
2025-09-08T17:00:00-07:00,32,96,1.2
2025-09-08T17:30:00-07:00,33,94,1.1
2025-09-08T18:00:00-07:00,35,92,1.3
2025-09-08T18:30:00-07:00,38,89,1.3
2025-09-08T19:00:00-07:00,40,87,1.4
2025-09-08T19:30:00-07:00,43,86,1.4
2025-09-08T20:00:00-07:00,44,86,1.4
2025-09-08T20:30:00-07:00,43,86,1.5
2025-09-08T21:00:00-07:00,44,86,1.4
2025-09-08T21:30:00-07:00,45,86,1.4
2025-09-08T22:00:00-07:00,45,86,1.2
2025-09-08T22:30:00-07:00,45,86,0.9
2025-09-08T23:00:00-07:00,44,86,0.9
2025-09-08T23:30:00-07:00,44,86,1.2
2025-09-09T00:00:00-07:00,43,87,1.3
2025-09-09T00:30:00-07:00,42,88,1.5
2025-09-09T01:00:00-07:00,45,87,0.7
2025-09-09T01:30:00-07:00,47,87,1.2
2025-09-09T02:00:00-07:00,46,86,1
2025-09-09T02:30:00-07:00,47,85,0.7
2025-09-09T03:00:00-07:00,47,85,0.7
2025-09-09T03:30:00-07:00,47,85,1.7
2025-09-09T04:00:00-07:00,47,84,13
2025-09-09T04:30:00-07:00,46,84,1.4
2025-09-09T05:00:00-07:00,45,84,1.2
2025-09-09T05:30:00-07:00,46,83,1.2
2025-09-09T06:00:00-07:00,46,83,1.3
2025-09-09T06:30:00-07:00,46,84,1.7
2025-09-09T07:00:00-07:00,45,85,11.5
2025-09-09T07:30:00-07:00,43,86,7.6
2025-09-09T08:00:00-07:00,42,86,1.2
2025-09-09T08:30:00-07:00,46,85,2.9
2025-09-09T09:00:00-07:00,49,85,9.7
2025-09-09T09:30:00-07:00,46,87,0.6
2025-09-09T10:00:00-07:00,41,89,0.4
2025-09-09T10:30:00-07:00,35,93,0.5
2025-09-09T11:00:00-07:00,33,94,0.5
2025-09-09T11:30:00-07:00,33,94,0.8
2025-09-09T12:00:00-07:00,33,95,1
2025-09-09T12:30:00-07:00,33,95,1.3
2025-09-09T13:00:00-07:00,31,96,1.4
2025-09-09T13:30:00-07:00,32,95,1.2
2025-09-09T14:00:00-07:00,32,95,1.6
2025-09-09T14:30:00-07:00,32,95,1.4
2025-09-09T15:00:00-07:00,35,93,1.5
2025-09-09T15:30:00-07:00,35,92,1.3
2025-09-09T16:00:00-07:00,37,92,0.7
2025-09-09T16:30:00-07:00,35,92,1.2
2025-09-09T17:00:00-07:00,37,91,1.6
2025-09-09T17:30:00-07:00,37,90,1.4
2025-09-09T18:00:00-07:00,38,89,1.2
2025-09-09T18:30:00-07:00,40,87,1.3
2025-09-09T19:00:00-07:00,42,86,1.3
2025-09-09T19:30:00-07:00,43,85,2.9
2025-09-09T20:00:00-07:00,44,84,4.3
2025-09-09T20:30:00-07:00,45,84,4.1
2025-09-09T21:00:00-07:00,46,83,1.5
2025-09-09T21:30:00-07:00,45,84,2.3
2025-09-09T22:00:00-07:00,46,84,3.1
2025-09-09T22:30:00-07:00,46,84,8.3
2025-09-09T23:00:00-07:00,46,84,7.6
2025-09-09T23:30:00-07:00,47,84,2.1
2025-09-10T00:00:00-07:00,45,83,1
2025-09-10T00:30:00-07:00,45,84,0.6
2025-09-10T01:00:00-07:00,44,84,1.8
2025-09-10T01:30:00-07:00,44,84,0.7
2025-09-10T02:00:00-07:00,45,84,0.7
2025-09-10T02:30:00-07:00,46,84,1.7
2025-09-10T03:00:00-07:00,46,84,0.6
2025-09-10T03:30:00-07:00,45,84,0.3
2025-09-10T04:00:00-07:00,46,83,0.1
2025-09-10T04:30:00-07:00,49,82,0.1
2025-09-10T05:00:00-07:00,53,81,0.4
2025-09-10T05:30:00-07:00,55,80,0.4
2025-09-10T06:00:00-07:00,55,81,0.3
2025-09-10T06:30:00-07:00,54,81,0.6
2025-09-10T07:00:00-07:00,53,82,0.7
2025-09-10T07:30:00-07:00,53,83,1.3
2025-09-10T08:00:00-07:00,52,82,0.2
2025-09-10T08:30:00-07:00,51,82,0.1
2025-09-10T09:00:00-07:00,47,85,2.6
2025-09-10T09:30:00-07:00,48,84,2.4
2025-09-10T10:00:00-07:00,45,86,1.2
2025-09-10T10:30:00-07:00,43,87,0.1
2025-09-10T11:00:00-07:00,41,89,0.1
2025-09-10T11:30:00-07:00,42,88,0.1
2025-09-10T12:00:00-07:00,41,88,0.1
2025-09-10T12:30:00-07:00,41,87,0.4
2025-09-10T13:00:00-07:00,41,87,0.2
2025-09-10T13:30:00-07:00,40,88,0.1
2025-09-10T14:00:00-07:00,38,89,0.1
2025-09-10T14:30:00-07:00,37,90,0.2
2025-09-10T15:00:00-07:00,38,90,0.4
2025-09-10T15:30:00-07:00,37,91,0.8
2025-09-10T16:00:00-07:00,36,92,0.8
2025-09-10T16:30:00-07:00,35,92,0.3
2025-09-10T17:00:00-07:00,36,91,0.3
2025-09-10T17:30:00-07:00,40,87,1.9
2025-09-10T18:00:00-07:00,42,84,3.5
2025-09-10T18:30:00-07:00,45,83,9.7
2025-09-10T19:00:00-07:00,46,81,5.9
2025-09-10T19:30:00-07:00,48,80,7.5
2025-09-10T20:00:00-07:00,46,80,7.7
2025-09-10T20:30:00-07:00,46,81,7.5
2025-09-10T21:00:00-07:00,46,81,8.1
2025-09-10T21:30:00-07:00,45,81,8.3
2025-09-10T22:00:00-07:00,45,81,8.3
2025-09-10T22:30:00-07:00,45,82,8.1
2025-09-10T23:00:00-07:00,44,82,8
2025-09-10T23:30:00-07:00,45,82,7.6
2025-09-11T00:00:00-07:00,46,81,7.7
2025-09-11T00:30:00-07:00,48,81,8.2
2025-09-11T01:00:00-07:00,49,80,8.2
2025-09-11T01:30:00-07:00,48,80,8.3
2025-09-11T02:00:00-07:00,47,80,8.1
2025-09-11T02:30:00-07:00,47,81,8.3
2025-09-11T03:00:00-07:00,46,81,8
2025-09-11T03:30:00-07:00,46,80,7.6
2025-09-11T04:00:00-07:00,46,81,8.1
2025-09-11T04:30:00-07:00,46,81,7.9
2025-09-11T05:00:00-07:00,45,81,7.4
2025-09-11T05:30:00-07:00,46,80,7.1
2025-09-11T06:00:00-07:00,47,80,6.8
2025-09-11T06:30:00-07:00,46,80,6.5
2025-09-11T07:00:00-07:00,46,80,6.6
2025-09-11T07:30:00-07:00,47,79,6.8
2025-09-11T08:00:00-07:00,45,80,6.6
2025-09-11T08:30:00-07:00,44,82,6.4
2025-09-11T09:00:00-07:00,43,83,6.5
2025-09-11T09:30:00-07:00,42,84,9
2025-09-11T10:00:00-07:00,41,85,6.9
2025-09-11T10:30:00-07:00,39,86,7.2
2025-09-11T11:00:00-07:00,37,88,7.3
2025-09-11T11:30:00-07:00,36,89,7.2
2025-09-11T12:00:00-07:00,35,91,7
2025-09-11T12:30:00-07:00,34,92,7.3
2025-09-11T13:00:00-07:00,35,91,7.4
2025-09-11T13:30:00-07:00,34,92,7.3
2025-09-11T14:00:00-07:00,34,92,7
2025-09-11T14:30:00-07:00,34,93,6.8
2025-09-11T15:00:00-07:00,34,92,7
2025-09-11T15:30:00-07:00,35,91,7
2025-09-11T16:00:00-07:00,36,90,6.5
2025-09-11T16:30:00-07:00,37,90,6.9
2025-09-11T17:00:00-07:00,39,88,8.7
2025-09-11T17:30:00-07:00,43,85,9.9
2025-09-11T18:00:00-07:00,45,83,12.4
2025-09-11T18:30:00-07:00,45,83,13.7
2025-09-11T19:00:00-07:00,46,82,9.1
2025-09-11T19:30:00-07:00,47,81,8.7
2025-09-11T20:00:00-07:00,47,82,9
2025-09-11T20:30:00-07:00,46,82,8.7
2025-09-11T21:00:00-07:00,46,82,8.6
2025-09-11T21:30:00-07:00,47,81,8.5
2025-09-11T22:00:00-07:00,47,81,8.5
2025-09-11T22:30:00-07:00,48,80,8.6
2025-09-11T23:00:00-07:00,49,80,9.4
2025-09-11T23:30:00-07:00,49,80,9.8
2025-09-12T00:00:00-07:00,49,80,10.5
2025-09-12T00:30:00-07:00,49,79,10.2
2025-09-12T01:00:00-07:00,50,79,10.7
2025-09-12T01:30:00-07:00,51,79,11.3
2025-09-12T02:00:00-07:00,50,79,11.4
2025-09-12T02:30:00-07:00,51,79,9
2025-09-12T03:00:00-07:00,50,80,7.1
2025-09-12T03:30:00-07:00,49,80,6.9
2025-09-12T04:00:00-07:00,49,80,7.3
2025-09-12T04:30:00-07:00,48,81,6.9
2025-09-12T05:00:00-07:00,47,82,6.9
2025-09-12T05:30:00-07:00,46,82,7.3
2025-09-12T06:00:00-07:00,45,82,7.6
2025-09-12T06:30:00-07:00,45,83,8.1
2025-09-12T07:00:00-07:00,46,82,7.7
2025-09-12T07:30:00-07:00,45,82,7.5
2025-09-12T08:00:00-07:00,45,83,7.8
2025-09-12T08:30:00-07:00,43,84,9.9
2025-09-12T09:00:00-07:00,42,85,13.1
2025-09-12T09:30:00-07:00,41,86,14.2
2025-09-12T10:00:00-07:00,39,88,12.2
2025-09-12T10:30:00-07:00,37,90,12.4
2025-09-12T11:00:00-07:00,35,92,11.3
2025-09-12T11:30:00-07:00,34,93,10.5
2025-09-12T12:00:00-07:00,33,94,9.4
2025-09-12T12:30:00-07:00,34,93,9.7
2025-09-12T13:00:00-07:00,36,92,7.9
2025-09-12T13:30:00-07:00,36,91,6.7
2025-09-12T14:00:00-07:00,35,92,6.6
2025-09-12T14:30:00-07:00,37,90,7.1
2025-09-12T15:00:00-07:00,37,90,7.2
2025-09-12T15:30:00-07:00,35,91,6.9
2025-09-12T16:00:00-07:00,35,90,6.6
2025-09-12T16:30:00-07:00,35,90,6.4
2025-09-12T17:00:00-07:00,37,88,6.1
2025-09-12T17:30:00-07:00,40,85,5.8
2025-09-12T18:00:00-07:00,43,83,10.2
2025-09-12T18:30:00-07:00,45,81,5.5
2025-09-12T19:00:00-07:00,48,79,5.3
2025-09-12T19:30:00-07:00,48,79,5.4
2025-09-12T20:00:00-07:00,49,79,5.4
2025-09-12T20:30:00-07:00,48,79,5.4
2025-09-12T21:00:00-07:00,49,79,5.7
2025-09-12T21:30:00-07:00,48,79,7.3
2025-09-12T22:00:00-07:00,48,79,13.8
2025-09-12T22:30:00-07:00,48,79,19.8
2025-09-12T23:00:00-07:00,47,79,9.1
2025-09-12T23:30:00-07:00,48,79,6.1
2025-09-13T00:00:00-07:00,48,78,9.4
2025-09-13T00:30:00-07:00,48,79,7.5
2025-09-13T01:00:00-07:00,48,79,5.4
2025-09-13T01:30:00-07:00,48,79,5.2
2025-09-13T02:00:00-07:00,48,78,8.9
2025-09-13T02:30:00-07:00,49,77,5
2025-09-13T03:00:00-07:00,49,77,6.1
2025-09-13T03:30:00-07:00,50,77,5.1
2025-09-13T04:00:00-07:00,50,78,7.2
2025-09-13T04:30:00-07:00,48,79,6
2025-09-13T05:00:00-07:00,48,80,6.5
2025-09-13T05:30:00-07:00,48,79,5.2
2025-09-13T06:00:00-07:00,47,80,6.1
2025-09-13T06:30:00-07:00,47,80,5.7
2025-09-13T07:00:00-07:00,47,79,5.3
2025-09-13T07:30:00-07:00,46,80,5.1
2025-09-13T08:00:00-07:00,45,81,5.3
2025-09-13T08:30:00-07:00,45,81,6.3
2025-09-13T09:00:00-07:00,44,82,5.9
2025-09-13T09:30:00-07:00,43,82,5.4
2025-09-13T10:00:00-07:00,43,83,5.3
2025-09-13T10:30:00-07:00,42,84,8.4
2025-09-13T11:00:00-07:00,40,85,9.8
2025-09-13T11:30:00-07:00,39,86,6.5
2025-09-13T12:00:00-07:00,38,88,6.8
2025-09-13T12:30:00-07:00,39,87,7.2
2025-09-13T13:00:00-07:00,39,87,6.3
2025-09-13T13:30:00-07:00,38,87,6
2025-09-13T14:00:00-07:00,37,87,5.6
2025-09-13T14:30:00-07:00,36,88,5.4
2025-09-13T15:00:00-07:00,35,89,4.9
2025-09-13T15:30:00-07:00,35,89,4.5
2025-09-13T16:00:00-07:00,36,88,4.4
2025-09-13T16:30:00-07:00,36,87,4
2025-09-13T17:00:00-07:00,37,86,3.1
2025-09-13T17:30:00-07:00,36,86,3.1
2025-09-13T18:00:00-07:00,38,85,3.2
2025-09-13T18:30:00-07:00,41,83,5.5
2025-09-13T19:00:00-07:00,44,81,2.8
2025-09-13T19:30:00-07:00,46,80,2.4
2025-09-13T20:00:00-07:00,46,81,1.8
2025-09-13T20:30:00-07:00,45,82,1.7
2025-09-13T21:00:00-07:00,46,82,1.6
2025-09-13T21:30:00-07:00,45,82,1.6
2025-09-13T22:00:00-07:00,45,82,1.7
2025-09-13T22:30:00-07:00,45,82,1.6
2025-09-13T23:00:00-07:00,44,83,1.5
2025-09-13T23:30:00-07:00,44,83,1.3
2025-09-14T00:00:00-07:00,44,82,1.8
2025-09-14T00:30:00-07:00,43,82,2.9
2025-09-14T01:00:00-07:00,45,81,3
2025-09-14T01:30:00-07:00,47,81,2
2025-09-14T02:00:00-07:00,49,80,2.1
2025-09-14T02:30:00-07:00,50,81,2.3
2025-09-14T03:00:00-07:00,49,81,1.9
2025-09-14T03:30:00-07:00,49,81,2
2025-09-14T04:00:00-07:00,49,82,2
2025-09-14T04:30:00-07:00,48,82,1.8
2025-09-14T05:00:00-07:00,46,83,1.8
2025-09-14T05:30:00-07:00,45,83,2
2025-09-14T06:00:00-07:00,45,82,2.4
2025-09-14T06:30:00-07:00,45,82,2.4
2025-09-14T07:00:00-07:00,45,82,2.2
2025-09-14T07:30:00-07:00,44,83,2.1
2025-09-14T08:00:00-07:00,44,84,2.6
2025-09-14T08:30:00-07:00,42,85,5.6
2025-09-14T09:00:00-07:00,40,87,2.2
2025-09-14T09:30:00-07:00,40,87,2.3
2025-09-14T10:00:00-07:00,39,89,2.4
2025-09-14T10:30:00-07:00,38,90,1.9
2025-09-14T11:00:00-07:00,38,91,1.7
2025-09-14T11:30:00-07:00,38,91,1.6
2025-09-14T12:00:00-07:00,39,90,3
2025-09-14T12:30:00-07:00,38,92,2.3
2025-09-14T13:00:00-07:00,37,93,2.2
2025-09-14T13:30:00-07:00,36,94,2.2
2025-09-14T14:00:00-07:00,37,94,2.3
2025-09-14T14:30:00-07:00,38,94,2.2
2025-09-14T15:00:00-07:00,38,94,1.7
2025-09-14T15:30:00-07:00,38,94,1.5
2025-09-14T16:00:00-07:00,39,94,0.8
2025-09-14T16:30:00-07:00,40,93,0.4
2025-09-14T17:00:00-07:00,41,92,0.1
2025-09-14T17:30:00-07:00,42,90,0.1
2025-09-14T18:00:00-07:00,44,88,0
2025-09-14T18:30:00-07:00,46,86,0.1
2025-09-14T19:00:00-07:00,49,84,5.7
2025-09-14T19:30:00-07:00,50,84,7.9
2025-09-14T20:00:00-07:00,50,82,0.2
2025-09-14T20:30:00-07:00,51,81,0.3
2025-09-14T21:00:00-07:00,51,81,0.4
2025-09-14T21:30:00-07:00,50,81,0.1
2025-09-14T22:00:00-07:00,50,81,0.6
2025-09-14T22:30:00-07:00,50,80,0.5
2025-09-14T23:00:00-07:00,50,80,0.9
2025-09-14T23:30:00-07:00,50,79,2.7
2025-09-15T00:00:00-07:00,51,79,3.1
2025-09-15T00:30:00-07:00,50,78,2.2
2025-09-15T01:00:00-07:00,50,77,4.6
2025-09-15T01:30:00-07:00,50,77,7.2
2025-09-15T02:00:00-07:00,51,76,1.6
2025-09-15T02:30:00-07:00,51,76,1.5
2025-09-15T03:00:00-07:00,51,76,1.3
2025-09-15T03:30:00-07:00,50,76,1.4
2025-09-15T04:00:00-07:00,51,75,1.1
2025-09-15T04:30:00-07:00,51,76,3
2025-09-15T05:00:00-07:00,51,78,2.6
2025-09-15T05:30:00-07:00,53,79,9.2
2025-09-15T06:00:00-07:00,53,79,10.7
2025-09-15T06:30:00-07:00,52,79,8.8
2025-09-15T07:00:00-07:00,52,80,12
2025-09-15T07:30:00-07:00,51,80,13.6
2025-09-15T08:00:00-07:00,50,81,12.7
2025-09-15T08:30:00-07:00,49,82,14.9
2025-09-15T09:00:00-07:00,44,86,12.2
2025-09-15T09:30:00-07:00,40,89,8.3
2025-09-15T10:00:00-07:00,36,92,5
2025-09-15T10:30:00-07:00,36,93,6.5
2025-09-15T11:00:00-07:00,35,94,6.7
2025-09-15T11:30:00-07:00,33,96,6.1
2025-09-15T12:00:00-07:00,32,98,6
2025-09-15T12:30:00-07:00,30,100,6.2
2025-09-15T13:00:00-07:00,28,102,6.4
2025-09-15T13:30:00-07:00,26,104,5.1
2025-09-15T14:00:00-07:00,25,105,4.9
2025-09-15T14:30:00-07:00,25,105,5.3
2025-09-15T15:00:00-07:00,24,105,6
2025-09-15T15:30:00-07:00,22,106,5.6
2025-09-15T16:00:00-07:00,21,106,6.3
2025-09-15T16:30:00-07:00,22,105,7.5
2025-09-15T17:00:00-07:00,24,105,6.3
2025-09-15T17:30:00-07:00,25,102,5.2
2025-09-15T18:00:00-07:00,27,101,4.6
2025-09-15T18:30:00-07:00,30,98,3.9
2025-09-15T19:00:00-07:00,33,94,3.2
2025-09-15T19:30:00-07:00,35,92,3.3
2025-09-15T20:00:00-07:00,35,90,3.3
2025-09-15T20:30:00-07:00,35,90,3.4
2025-09-15T21:00:00-07:00,37,89,3.7
2025-09-15T21:30:00-07:00,39,87,4.1
2025-09-15T22:00:00-07:00,41,86,4.1
2025-09-15T22:30:00-07:00,42,86,5.4
2025-09-15T23:00:00-07:00,44,84,11.6
2025-09-15T23:30:00-07:00,45,84,5.3
2025-09-16T00:00:00-07:00,45,83,5.3
2025-09-16T00:30:00-07:00,47,82,5.6
2025-09-16T01:00:00-07:00,47,82,5.9
2025-09-16T01:30:00-07:00,48,81,6.2
2025-09-16T02:00:00-07:00,47,81,6.4
2025-09-16T02:30:00-07:00,47,80,6.4
2025-09-16T03:00:00-07:00,47,79,6.4
2025-09-16T03:30:00-07:00,48,78,6.4
2025-09-16T04:00:00-07:00,48,78,6.9
2025-09-16T04:30:00-07:00,48,77,7.3
2025-09-16T05:00:00-07:00,49,77,8.2
2025-09-16T05:30:00-07:00,50,77,8.3
2025-09-16T06:00:00-07:00,50,77,7
2025-09-16T06:30:00-07:00,50,76,10.6
2025-09-16T07:00:00-07:00,50,76,10.2
2025-09-16T07:30:00-07:00,51,78,9.5
2025-09-16T08:00:00-07:00,49,81,9.1
2025-09-16T08:30:00-07:00,45,85,11.2
2025-09-16T09:00:00-07:00,38,90,9.1
2025-09-16T09:30:00-07:00,34,94,8.1
2025-09-16T10:00:00-07:00,33,95,8.2
2025-09-16T10:30:00-07:00,31,97,7.6
2025-09-16T11:00:00-07:00,29,99,7.9
2025-09-16T11:30:00-07:00,29,100,8.1
2025-09-16T12:00:00-07:00,28,101,7.3
2025-09-16T12:30:00-07:00,27,101,6.4
2025-09-16T13:00:00-07:00,27,100,6.2
2025-09-16T13:30:00-07:00,28,100,6.1
2025-09-16T14:00:00-07:00,28,98,5.9
2025-09-16T14:30:00-07:00,28,100,5.9
2025-09-16T15:00:00-07:00,27,101,6.3
2025-09-16T15:30:00-07:00,25,101,5.7
2025-09-16T16:00:00-07:00,26,101,6.1
2025-09-16T16:30:00-07:00,26,99,5.3
2025-09-16T17:00:00-07:00,28,97,5.1
2025-09-16T17:30:00-07:00,30,96,50.4
2025-09-16T18:00:00-07:00,31,94,4.5
2025-09-16T18:30:00-07:00,31,92,4.2
2025-09-16T19:00:00-07:00,36,90,5.4
2025-09-16T19:30:00-07:00,39,88,5.9
2025-09-16T20:00:00-07:00,41,87,6.4
2025-09-16T20:30:00-07:00,43,86,6.9
2025-09-16T21:00:00-07:00,45,84,7.5
2025-09-16T21:30:00-07:00,47,84,10.2
2025-09-16T22:00:00-07:00,49,83,13.3
2025-09-16T22:30:00-07:00,49,82,8.4
2025-09-16T23:00:00-07:00,51,82,9.1
2025-09-16T23:30:00-07:00,51,81,9
2025-09-17T00:00:00-07:00,52,81,8.3
2025-09-17T00:30:00-07:00,52,79,7.7
2025-09-17T01:00:00-07:00,52,79,7.8
2025-09-17T01:30:00-07:00,52,79,7.1
2025-09-17T02:00:00-07:00,52,78,6.4
2025-09-17T02:30:00-07:00,53,77,7
2025-09-17T03:00:00-07:00,53,77,10.4
2025-09-17T03:30:00-07:00,53,76,9.9
2025-09-17T04:00:00-07:00,53,76,6.2
2025-09-17T04:30:00-07:00,54,75,7
2025-09-17T05:00:00-07:00,53,75,7.5
2025-09-17T05:30:00-07:00,53,75,6.6
2025-09-17T06:00:00-07:00,53,74,5.7
2025-09-17T06:30:00-07:00,54,74,6.5
2025-09-17T07:00:00-07:00,54,74,6.8
2025-09-17T07:30:00-07:00,55,75,10.5
2025-09-17T08:00:00-07:00,54,77,9.7
2025-09-17T08:30:00-07:00,51,81,11.4
2025-09-17T09:00:00-07:00,46,84,9.5
2025-09-17T09:30:00-07:00,42,88,8.2
2025-09-17T10:00:00-07:00,39,90,7.7
2025-09-17T10:30:00-07:00,37,92,8.1
2025-09-17T11:00:00-07:00,37,94,5.8
2025-09-17T11:30:00-07:00,35,96,5.3
2025-09-17T12:00:00-07:00,33,97,5.5
2025-09-17T12:30:00-07:00,31,98,5.9
2025-09-17T13:00:00-07:00,27,100,6.5
2025-09-17T13:30:00-07:00,25,101,6.4
2025-09-17T14:00:00-07:00,24,102,5.9
2025-09-17T14:30:00-07:00,24,103,7.1
2025-09-17T15:00:00-07:00,23,105,7.1
2025-09-17T15:30:00-07:00,22,105,6
2025-09-17T16:00:00-07:00,19,103,4.6
2025-09-17T16:30:00-07:00,22,101,4.6
2025-09-17T17:00:00-07:00,23,99,4.4
2025-09-17T17:30:00-07:00,26,97,4.3
2025-09-17T18:00:00-07:00,28,96,4
2025-09-17T18:30:00-07:00,33,93,4.1
2025-09-17T19:00:00-07:00,35,91,4.1
2025-09-17T19:30:00-07:00,36,90,4.3
2025-09-17T20:00:00-07:00,37,89,4.2
2025-09-17T20:30:00-07:00,39,88,4.3
2025-09-17T21:00:00-07:00,41,87,4.5
2025-09-17T21:30:00-07:00,41,87,4.8
2025-09-17T22:00:00-07:00,42,86,4.9
2025-09-17T22:30:00-07:00,43,85,5.2
2025-09-17T23:00:00-07:00,44,84,6.6
2025-09-17T23:30:00-07:00,46,83,10.2
2025-09-18T00:00:00-07:00,46,83,10.3
2025-09-18T00:30:00-07:00,47,82,6
2025-09-18T01:00:00-07:00,48,81,6.3
2025-09-18T01:30:00-07:00,49,80,6.5
2025-09-18T02:00:00-07:00,49,80,6.4
2025-09-18T02:30:00-07:00,49,80,6.6
2025-09-18T03:00:00-07:00,50,79,6.7
2025-09-18T03:30:00-07:00,49,79,6.8
2025-09-18T04:00:00-07:00,49,79,7
2025-09-18T04:30:00-07:00,50,78,7
2025-09-18T05:00:00-07:00,51,79,7
2025-09-18T05:30:00-07:00,50,79,7.4
2025-09-18T06:00:00-07:00,51,79,7.8
2025-09-18T06:30:00-07:00,51,79,7.5
2025-09-18T07:00:00-07:00,51,79,7.1
2025-09-18T07:30:00-07:00,51,80,7.4
2025-09-18T08:00:00-07:00,50,81,8.5
2025-09-18T08:30:00-07:00,48,82,9.1
2025-09-18T09:00:00-07:00,45,84,9
2025-09-18T09:30:00-07:00,41,87,9
2025-09-18T10:00:00-07:00,39,88,8.3
2025-09-18T10:30:00-07:00,37,88,7.4
2025-09-18T11:00:00-07:00,36,89,8.3
2025-09-18T11:30:00-07:00,37,89,9.2
2025-09-18T12:00:00-07:00,36,90,6.7
2025-09-18T12:30:00-07:00,34,92,5.5
2025-09-18T13:00:00-07:00,34,92,5.2
2025-09-18T13:30:00-07:00,35,92,6.2
2025-09-18T14:00:00-07:00,38,90,6.3
2025-09-18T14:30:00-07:00,38,89,6.5
2025-09-18T15:00:00-07:00,38,90,6.7
2025-09-18T15:30:00-07:00,40,87,7
2025-09-18T16:00:00-07:00,44,84,7.2
2025-09-18T16:30:00-07:00,45,84,7.3
2025-09-18T17:00:00-07:00,44,84,6.9
2025-09-18T17:30:00-07:00,44,83,6.8
2025-09-18T18:00:00-07:00,44,83,7
2025-09-18T18:30:00-07:00,45,82,19.6
2025-09-18T19:00:00-07:00,46,82,5.3
2025-09-18T19:30:00-07:00,46,81,4.4
2025-09-18T20:00:00-07:00,48,80,5
2025-09-18T20:30:00-07:00,49,80,5.4
2025-09-18T21:00:00-07:00,49,80,5.9
2025-09-18T21:30:00-07:00,48,80,5.9
2025-09-18T22:00:00-07:00,48,80,6.7
2025-09-18T22:30:00-07:00,49,80,7.8
2025-09-18T23:00:00-07:00,50,80,7.9
2025-09-18T23:30:00-07:00,51,79,9.8
2025-09-19T00:00:00-07:00,51,78,9.6
2025-09-19T00:30:00-07:00,52,77,9.2
2025-09-19T01:00:00-07:00,52,77,10.9
2025-09-19T01:30:00-07:00,52,77,11.4
2025-09-19T02:00:00-07:00,51,78,8.9
2025-09-19T02:30:00-07:00,52,78,9.4
2025-09-19T03:00:00-07:00,53,77,10.4
2025-09-19T03:30:00-07:00,53,77,10.6
2025-09-19T04:00:00-07:00,53,77,10.5
2025-09-19T04:30:00-07:00,52,77,9.4
2025-09-19T05:00:00-07:00,52,77,9
2025-09-19T05:30:00-07:00,52,77,9.1
2025-09-19T06:00:00-07:00,52,78,10.6
2025-09-19T06:30:00-07:00,52,78,11
2025-09-19T07:00:00-07:00,52,78,12
2025-09-19T07:30:00-07:00,52,79,11
2025-09-19T08:00:00-07:00,51,80,10.9
2025-09-19T08:30:00-07:00,49,81,11
2025-09-19T09:00:00-07:00,46,83,13.9
2025-09-19T09:30:00-07:00,45,84,10.3
2025-09-19T10:00:00-07:00,42,86,9.8
2025-09-19T10:30:00-07:00,40,89,9.1
2025-09-19T11:00:00-07:00,38,90,9.4
2025-09-19T11:30:00-07:00,37,92,9.5
2025-09-19T12:00:00-07:00,34,93,9.2
2025-09-19T12:30:00-07:00,34,94,9
2025-09-19T13:00:00-07:00,33,96,8.7
2025-09-19T13:30:00-07:00,32,95,8.1
2025-09-19T14:00:00-07:00,32,95,8
2025-09-19T14:30:00-07:00,33,95,5.9
2025-09-19T15:00:00-07:00,34,94,5
2025-09-19T15:30:00-07:00,35,92,3.8
2025-09-19T16:00:00-07:00,35,92,3.2
2025-09-19T16:30:00-07:00,35,91,3.1
2025-09-19T17:00:00-07:00,37,90,3.5
2025-09-19T17:30:00-07:00,37,89,3.2
2025-09-19T18:00:00-07:00,39,87,3.9
2025-09-19T18:30:00-07:00,42,85,4.1
2025-09-19T19:00:00-07:00,45,83,4.9
2025-09-19T19:30:00-07:00,48,82,13.2
2025-09-19T20:00:00-07:00,49,81,5.4
2025-09-19T20:30:00-07:00,49,81,5.7
2025-09-19T21:00:00-07:00,49,81,6.2
2025-09-19T21:30:00-07:00,50,81,6.9
2025-09-19T22:00:00-07:00,51,80,7.6
2025-09-19T22:30:00-07:00,51,80,7.2
2025-09-19T23:00:00-07:00,51,80,7.6
2025-09-19T23:30:00-07:00,51,80,7.8
2025-09-20T00:00:00-07:00,51,80,7.9
2025-09-20T00:30:00-07:00,51,80,7.4
2025-09-20T01:00:00-07:00,50,79,7.5
2025-09-20T01:30:00-07:00,51,79,7.5
2025-09-20T02:00:00-07:00,51,79,7.5
2025-09-20T02:30:00-07:00,51,78,11.7
2025-09-20T03:00:00-07:00,52,78,8.9
2025-09-20T03:30:00-07:00,51,78,8.5
2025-09-20T04:00:00-07:00,51,78,7.7
2025-09-20T04:30:00-07:00,52,78,9.9
2025-09-20T05:00:00-07:00,52,77,13.7
2025-09-20T05:30:00-07:00,52,76,7
2025-09-20T06:00:00-07:00,53,76,7.8
2025-09-20T06:30:00-07:00,52,76,10.4
2025-09-20T07:00:00-07:00,52,77,13.5
2025-09-20T07:30:00-07:00,51,79,6.7
2025-09-20T08:00:00-07:00,49,81,7.7
2025-09-20T08:30:00-07:00,48,82,9
2025-09-20T09:00:00-07:00,46,85,8.2
2025-09-20T09:30:00-07:00,43,87,9.2
2025-09-20T10:00:00-07:00,42,88,10.1
2025-09-20T10:30:00-07:00,42,88,11.2
2025-09-20T11:00:00-07:00,41,89,12.1
2025-09-20T11:30:00-07:00,39,91,12.3
2025-09-20T12:00:00-07:00,37,92,11.7
2025-09-20T12:30:00-07:00,36,93,9.1
2025-09-20T13:00:00-07:00,34,94,7.4
2025-09-20T13:30:00-07:00,34,94,6.5
2025-09-20T14:00:00-07:00,33,94,5.4
2025-09-20T14:30:00-07:00,34,94,5
2025-09-20T15:00:00-07:00,34,94,4.4
2025-09-20T15:30:00-07:00,32,95,3.8
2025-09-20T16:00:00-07:00,33,93,3.6
2025-09-20T16:30:00-07:00,34,92,3.6
2025-09-20T17:00:00-07:00,35,91,4.1
2025-09-20T17:30:00-07:00,38,89,4.4
2025-09-20T18:00:00-07:00,39,87,4.5
2025-09-20T18:30:00-07:00,43,85,5
2025-09-20T19:00:00-07:00,46,83,7
2025-09-20T19:30:00-07:00,47,82,7.9
2025-09-20T20:00:00-07:00,49,81,5.6
2025-09-20T20:30:00-07:00,48,82,5.1
2025-09-20T21:00:00-07:00,49,81,5.9
2025-09-20T21:30:00-07:00,49,81,5.9
2025-09-20T22:00:00-07:00,50,81,6.1
2025-09-20T22:30:00-07:00,50,80,5.6
2025-09-20T23:00:00-07:00,51,80,5.9
2025-09-20T23:30:00-07:00,52,79,6.4
2025-09-21T00:00:00-07:00,53,79,6.1
2025-09-21T00:30:00-07:00,53,79,6.1
2025-09-21T01:00:00-07:00,54,79,6.2
2025-09-21T01:30:00-07:00,53,79,6.5
2025-09-21T02:00:00-07:00,53,78,6.3
2025-09-21T02:30:00-07:00,53,78,6.6
2025-09-21T03:00:00-07:00,53,78,6.8
2025-09-21T03:30:00-07:00,53,78,8.1
2025-09-21T04:00:00-07:00,54,78,9
2025-09-21T04:30:00-07:00,55,77,8.8
2025-09-21T05:00:00-07:00,56,77,6.9
2025-09-21T05:30:00-07:00,55,78,6.3
2025-09-21T06:00:00-07:00,55,78,6.4
2025-09-21T06:30:00-07:00,54,79,6
2025-09-21T07:00:00-07:00,53,79,5.7
2025-09-21T07:30:00-07:00,52,79,5.4
2025-09-21T08:00:00-07:00,52,79,5.1
2025-09-21T08:30:00-07:00,52,79,5.6
2025-09-21T09:00:00-07:00,52,78,3.3
2025-09-21T09:30:00-07:00,51,79,2.7
2025-09-21T10:00:00-07:00,49,81,1.8
2025-09-21T10:30:00-07:00,47,82,3.1
2025-09-21T11:00:00-07:00,44,85,6.1
2025-09-21T11:30:00-07:00,41,87,3.6
2025-09-21T12:00:00-07:00,40,88,4.3
2025-09-21T12:30:00-07:00,37,91,5
2025-09-21T13:00:00-07:00,36,93,6.3
2025-09-21T13:30:00-07:00,35,94,4.7
2025-09-21T14:00:00-07:00,35,93,4.3
2025-09-21T14:30:00-07:00,34,94,3.4
2025-09-21T15:00:00-07:00,32,95,3.7
2025-09-21T15:30:00-07:00,31,96,4.7
2025-09-21T16:00:00-07:00,30,97,4.8
2025-09-21T16:30:00-07:00,29,98,5.1
2025-09-21T17:00:00-07:00,28,98,4.7
2025-09-21T17:30:00-07:00,30,96,4.5
2025-09-21T18:00:00-07:00,30,94,4.1
2025-09-21T18:30:00-07:00,32,91,4.1
2025-09-21T19:00:00-07:00,36,87,4.8
2025-09-21T19:30:00-07:00,42,85,5.7
2025-09-21T20:00:00-07:00,45,83,7.8
2025-09-21T20:30:00-07:00,46,83,7.9
2025-09-21T21:00:00-07:00,47,82,8.3
2025-09-21T21:30:00-07:00,48,81,7
2025-09-21T22:00:00-07:00,49,80,6.4
2025-09-21T22:30:00-07:00,49,79,6.3
2025-09-21T23:00:00-07:00,50,79,6.9
2025-09-21T23:30:00-07:00,49,79,6.9
2025-09-22T00:00:00-07:00,50,78,7.1
2025-09-22T00:30:00-07:00,50,78,7.6
2025-09-22T01:00:00-07:00,50,77,7.2
2025-09-22T01:30:00-07:00,51,77,8.3
2025-09-22T02:00:00-07:00,51,76,11
2025-09-22T02:30:00-07:00,51,76,17.8
2025-09-22T03:00:00-07:00,51,75,17.8
2025-09-22T03:30:00-07:00,51,75,15
2025-09-22T04:00:00-07:00,51,74,7.1
2025-09-22T04:30:00-07:00,51,74,6.9
2025-09-22T05:00:00-07:00,52,74,6.9
2025-09-22T05:30:00-07:00,51,73,6.4
2025-09-22T06:00:00-07:00,51,73,6.2
2025-09-22T06:30:00-07:00,51,73,6.3
2025-09-22T07:00:00-07:00,52,73,6.4
2025-09-22T07:30:00-07:00,53,74,7
2025-09-22T08:00:00-07:00,52,76,10.5
2025-09-22T08:30:00-07:00,49,79,7.9
2025-09-22T09:00:00-07:00,44,84,8.4
2025-09-22T09:30:00-07:00,40,88,7.1
2025-09-22T10:00:00-07:00,36,90,6.9
2025-09-22T10:30:00-07:00,34,92,5.9
2025-09-22T11:00:00-07:00,32,94,5.5
2025-09-22T11:30:00-07:00,32,95,5.6
2025-09-22T12:00:00-07:00,31,96,5.2
2025-09-22T12:30:00-07:00,29,97,4.6
2025-09-22T13:00:00-07:00,26,99,3.9
2025-09-22T13:30:00-07:00,24,101,3.7
2025-09-22T14:00:00-07:00,22,102,3.5
2025-09-22T14:30:00-07:00,21,104,3.9
2025-09-22T15:00:00-07:00,21,105,4
2025-09-22T15:30:00-07:00,21,105,4.8
2025-09-22T16:00:00-07:00,22,104,5.6
2025-09-22T16:30:00-07:00,23,104,6.1
2025-09-22T17:00:00-07:00,24,102,6.3
2025-09-22T17:30:00-07:00,25,101,6.5
2025-09-22T18:00:00-07:00,28,99,6.5
2025-09-22T18:30:00-07:00,31,95,6.4
2025-09-22T19:00:00-07:00,34,92,6.4
2025-09-22T19:30:00-07:00,36,89,6
2025-09-22T20:00:00-07:00,37,88,6.1
2025-09-22T20:30:00-07:00,38,87,6.2
2025-09-22T21:00:00-07:00,39,86,6
2025-09-22T21:30:00-07:00,41,85,6
2025-09-22T22:00:00-07:00,43,84,8.1
2025-09-22T22:30:00-07:00,45,83,12.5
2025-09-22T23:00:00-07:00,45,82,10.9
2025-09-22T23:30:00-07:00,47,81,6.4
2025-09-23T00:00:00-07:00,47,81,6.5
2025-09-23T00:30:00-07:00,48,80,6.6
2025-09-23T01:00:00-07:00,49,79,6.8
2025-09-23T01:30:00-07:00,49,79,7
2025-09-23T02:00:00-07:00,50,78,7.2
2025-09-23T02:30:00-07:00,51,77,7.4
2025-09-23T03:00:00-07:00,52,76,11
2025-09-23T03:30:00-07:00,51,76,7.8
2025-09-23T04:00:00-07:00,52,76,10.9
2025-09-23T04:30:00-07:00,51,76,7.4
2025-09-23T05:00:00-07:00,51,75,7.5
2025-09-23T05:30:00-07:00,51,75,9.1
2025-09-23T06:00:00-07:00,51,74,7.6
2025-09-23T06:30:00-07:00,52,74,6.6
2025-09-23T07:00:00-07:00,52,74,7.3
2025-09-23T07:30:00-07:00,53,75,9.8
2025-09-23T08:00:00-07:00,51,78,11.7
2025-09-23T08:30:00-07:00,46,83,15.3
2025-09-23T09:00:00-07:00,39,88,10.6
2025-09-23T09:30:00-07:00,35,92,12.2
2025-09-23T10:00:00-07:00,34,94,11.6
2025-09-23T10:30:00-07:00,30,96,8.2
2025-09-23T11:00:00-07:00,30,98,8.3
2025-09-23T11:30:00-07:00,29,99,6.2
2025-09-23T12:00:00-07:00,26,101,5.8
2025-09-23T12:30:00-07:00,25,103,5.9
2025-09-23T13:00:00-07:00,22,105,5.2
2025-09-23T13:30:00-07:00,20,105,4.8
2025-09-23T14:00:00-07:00,19,106,5.3
2025-09-23T14:30:00-07:00,19,108,6.4
2025-09-23T15:00:00-07:00,20,109,6.9
2025-09-23T15:30:00-07:00,17,109,7
2025-09-23T16:00:00-07:00,18,109,8.3
2025-09-23T16:30:00-07:00,20,107,9
2025-09-23T17:00:00-07:00,23,105,7.6
2025-09-23T17:30:00-07:00,24,102,6.2
2025-09-23T18:00:00-07:00,25,99,5.7
2025-09-23T18:30:00-07:00,28,96,5.8
2025-09-23T19:00:00-07:00,31,95,5.9
2025-09-23T19:30:00-07:00,32,93,5.9
2025-09-23T20:00:00-07:00,33,91,5.8
2025-09-23T20:30:00-07:00,33,90,5.7
2025-09-23T21:00:00-07:00,34,90,6
2025-09-23T21:30:00-07:00,35,89,6.1
2025-09-23T22:00:00-07:00,37,88,6.1
2025-09-23T22:30:00-07:00,37,88,6.5
2025-09-23T23:00:00-07:00,38,87,6.6
2025-09-23T23:30:00-07:00,41,86,6.9
2025-09-24T00:00:00-07:00,41,86,7.2
2025-09-24T00:30:00-07:00,42,85,7.6
2025-09-24T01:00:00-07:00,43,84,9.3
2025-09-24T01:30:00-07:00,44,83,27.4
2025-09-24T02:00:00-07:00,44,82,14
2025-09-24T02:30:00-07:00,45,81,8
2025-09-24T03:00:00-07:00,45,81,8.6
2025-09-24T03:30:00-07:00,45,82,15.2
2025-09-24T04:00:00-07:00,44,83,17.3
2025-09-24T04:30:00-07:00,44,83,18.4
2025-09-24T05:00:00-07:00,44,82,13.8
2025-09-24T05:30:00-07:00,46,83,13.1
2025-09-24T06:00:00-07:00,47,82,12
2025-09-24T06:30:00-07:00,47,83,13.5
2025-09-24T07:00:00-07:00,48,82,13.6
2025-09-24T07:30:00-07:00,48,83,18.7
2025-09-24T08:00:00-07:00,47,83,12.9
2025-09-24T08:30:00-07:00,45,84,10.1
2025-09-24T09:00:00-07:00,43,86,9.8
2025-09-24T09:30:00-07:00,42,87,9.6
2025-09-24T10:00:00-07:00,42,87,9.3
2025-09-24T10:30:00-07:00,41,88,8.9
2025-09-24T11:00:00-07:00,39,88,9.2
2025-09-24T11:30:00-07:00,39,89,8.9
2025-09-24T12:00:00-07:00,40,88,8.4
2025-09-24T12:30:00-07:00,37,89,6.8
2025-09-24T13:00:00-07:00,38,89,7.1
2025-09-24T13:30:00-07:00,41,88,7.3
2025-09-24T14:00:00-07:00,42,89,6.1
2025-09-24T14:30:00-07:00,40,90,5.8
2025-09-24T15:00:00-07:00,35,93,5.9
2025-09-24T15:30:00-07:00,32,94,5.6
2025-09-24T16:00:00-07:00,30,95,5.2
2025-09-24T16:30:00-07:00,30,95,5
2025-09-24T17:00:00-07:00,30,94,5.2
2025-09-24T17:30:00-07:00,31,93,6.1
2025-09-24T18:00:00-07:00,31,92,5
2025-09-24T18:30:00-07:00,34,90,6.1
2025-09-24T19:00:00-07:00,36,89,6.3
2025-09-24T19:30:00-07:00,37,88,6.8
2025-09-24T20:00:00-07:00,36,88,6.6
2025-09-24T20:30:00-07:00,37,87,6.4
2025-09-24T21:00:00-07:00,38,87,6.4
2025-09-24T21:30:00-07:00,38,86,7.5
2025-09-24T22:00:00-07:00,38,86,7.1
2025-09-24T22:30:00-07:00,40,85,7.5
2025-09-24T23:00:00-07:00,41,85,7.1
2025-09-24T23:30:00-07:00,42,85,7.3
2025-09-25T00:00:00-07:00,44,84,7.6
2025-09-25T00:30:00-07:00,45,83,8.6
2025-09-25T01:00:00-07:00,43,83,7.8
2025-09-25T01:30:00-07:00,43,84,6.9
2025-09-25T02:00:00-07:00,44,83,8.2
2025-09-25T02:30:00-07:00,45,82,9.2
2025-09-25T03:00:00-07:00,45,83,13.4
2025-09-25T03:30:00-07:00,44,83,19.7
2025-09-25T04:00:00-07:00,45,83,10.2
2025-09-25T04:30:00-07:00,45,82,16
2025-09-25T05:00:00-07:00,47,81,18.7
2025-09-25T05:30:00-07:00,48,80,27.2
2025-09-25T06:00:00-07:00,49,79,7.8
2025-09-25T06:30:00-07:00,50,78,8.1
2025-09-25T07:00:00-07:00,50,78,7.9
2025-09-25T07:30:00-07:00,51,78,9.1
2025-09-25T08:00:00-07:00,53,79,10.5
2025-09-25T08:30:00-07:00,52,81,10.9
2025-09-25T09:00:00-07:00,45,86,7
2025-09-25T09:30:00-07:00,39,90,6.7
2025-09-25T10:00:00-07:00,36,91,5.2
2025-09-25T10:30:00-07:00,34,92,4.3
2025-09-25T11:00:00-07:00,32,93,3.2
2025-09-25T11:30:00-07:00,32,94,3.2
2025-09-25T12:00:00-07:00,33,94,4.3
2025-09-25T12:30:00-07:00,35,93,8.3
2025-09-25T13:00:00-07:00,35,92,10.2
2025-09-25T13:30:00-07:00,32,95,8
2025-09-25T14:00:00-07:00,30,95,6.1
2025-09-25T14:30:00-07:00,30,96,7.2
2025-09-25T15:00:00-07:00,33,93,7.7
2025-09-25T15:30:00-07:00,36,92,8.7
2025-09-25T16:00:00-07:00,39,88,9.5
2025-09-25T16:30:00-07:00,40,87,9
2025-09-25T17:00:00-07:00,42,85,9.2
2025-09-25T17:30:00-07:00,43,84,9.8
2025-09-25T18:00:00-07:00,45,82,10.2
2025-09-25T18:30:00-07:00,47,81,10.2
2025-09-25T19:00:00-07:00,49,79,10.9
2025-09-25T19:30:00-07:00,50,79,10.4
2025-09-25T20:00:00-07:00,49,79,10.7
2025-09-25T20:30:00-07:00,49,79,10.7
2025-09-25T21:00:00-07:00,50,78,11.7
2025-09-25T21:30:00-07:00,50,78,14.4
2025-09-25T22:00:00-07:00,50,77,17.5
2025-09-25T22:30:00-07:00,50,77,20
2025-09-25T23:00:00-07:00,50,77,23.4
2025-09-25T23:30:00-07:00,50,77,17.1
2025-09-26T00:00:00-07:00,51,77,11.9
2025-09-26T00:30:00-07:00,52,77,12.8
2025-09-26T01:00:00-07:00,51,77,20.6
2025-09-26T01:30:00-07:00,50,78,11.8
2025-09-26T02:00:00-07:00,48,79,11.9
2025-09-26T02:30:00-07:00,47,80,11.8
2025-09-26T03:00:00-07:00,47,80,12.6
2025-09-26T03:30:00-07:00,47,80,14.6
2025-09-26T04:00:00-07:00,48,80,17.4
2025-09-26T04:30:00-07:00,48,80,15.3
2025-09-26T05:00:00-07:00,48,80,16.2
2025-09-26T05:30:00-07:00,48,80,16.6
2025-09-26T06:00:00-07:00,49,79,16.6
2025-09-26T06:30:00-07:00,49,78,17.4
2025-09-26T07:00:00-07:00,50,78,19.6
2025-09-26T07:30:00-07:00,49,79,16.6
2025-09-26T08:00:00-07:00,47,80,18.2
2025-09-26T08:30:00-07:00,46,81,17.9
2025-09-26T09:00:00-07:00,43,84,17.3
2025-09-26T09:30:00-07:00,40,86,18.2
2025-09-26T10:00:00-07:00,40,86,17.7
2025-09-26T10:30:00-07:00,38,88,15.4
2025-09-26T11:00:00-07:00,37,89,15.8
2025-09-26T11:30:00-07:00,36,91,15.7
2025-09-26T12:00:00-07:00,34,93,15.7
2025-09-26T12:30:00-07:00,33,94,16
2025-09-26T13:00:00-07:00,32,96,15.8
2025-09-26T13:30:00-07:00,30,97,14.7
2025-09-26T14:00:00-07:00,28,97,12.8
2025-09-26T14:30:00-07:00,27,99,12.5
2025-09-26T15:00:00-07:00,27,99,12.6
2025-09-26T15:30:00-07:00,28,100,12
2025-09-26T16:00:00-07:00,29,99,11.9
2025-09-26T16:30:00-07:00,29,97,13.1
2025-09-26T17:00:00-07:00,29,96,14
2025-09-26T17:30:00-07:00,29,94,16.3
2025-09-26T18:00:00-07:00,31,92,17.2
2025-09-26T18:30:00-07:00,34,89,17.7
2025-09-26T19:00:00-07:00,36,87,18.5
2025-09-26T19:30:00-07:00,38,85,19
2025-09-26T20:00:00-07:00,42,83,21.5
2025-09-26T20:30:00-07:00,44,81,25.9
2025-09-26T21:00:00-07:00,43,81,23.9
2025-09-26T21:30:00-07:00,44,81,24.4
2025-09-26T22:00:00-07:00,45,80,24.9
2025-09-26T22:30:00-07:00,46,79,25.1
2025-09-26T23:00:00-07:00,47,78,27.3
2025-09-26T23:30:00-07:00,48,78,28.5
2025-09-27T00:00:00-07:00,48,78,27.2
2025-09-27T00:30:00-07:00,48,77,26.9
2025-09-27T01:00:00-07:00,48,77,30.1
2025-09-27T01:30:00-07:00,48,76,31.6
2025-09-27T02:00:00-07:00,49,75,29.1
2025-09-27T02:30:00-07:00,50,75,29.6
2025-09-27T03:00:00-07:00,50,75,30.1
2025-09-27T03:30:00-07:00,50,74,29.4
2025-09-27T04:00:00-07:00,51,74,29.2
2025-09-27T04:30:00-07:00,52,74,30.8
2025-09-27T05:00:00-07:00,52,73,28.7
2025-09-27T05:30:00-07:00,52,73,28.4
2025-09-27T06:00:00-07:00,52,73,20.6
2025-09-27T06:30:00-07:00,52,73,18.9
2025-09-27T07:00:00-07:00,52,73,19.1
2025-09-27T07:30:00-07:00,53,74,21
2025-09-27T08:00:00-07:00,53,76,21
2025-09-27T08:30:00-07:00,51,77,17.5
2025-09-27T09:00:00-07:00,46,82,16.4
2025-09-27T09:30:00-07:00,42,84,14.5
2025-09-27T10:00:00-07:00,39,86,14.1
2025-09-27T10:30:00-07:00,38,87,13.4
2025-09-27T11:00:00-07:00,37,88,12.5
2025-09-27T11:30:00-07:00,35,90,11.5
2025-09-27T12:00:00-07:00,34,92,10.9
2025-09-27T12:30:00-07:00,33,93,9.2
2025-09-27T13:00:00-07:00,33,94,9.2
2025-09-27T13:30:00-07:00,32,94,8.6
2025-09-27T14:00:00-07:00,34,94,8.8
2025-09-27T14:30:00-07:00,35,92,7.8
2025-09-27T15:00:00-07:00,35,93,6.8
2025-09-27T15:30:00-07:00,35,92,6.2
2025-09-27T16:00:00-07:00,34,93,4.6
2025-09-27T16:30:00-07:00,34,94,4.3
2025-09-27T17:00:00-07:00,32,95,3.1
2025-09-27T17:30:00-07:00,34,93,3.8
2025-09-27T18:00:00-07:00,35,91,5.4
2025-09-27T18:30:00-07:00,37,89,6.8
2025-09-27T19:00:00-07:00,39,87,7.7
2025-09-27T19:30:00-07:00,42,85,8.9
2025-09-27T20:00:00-07:00,44,84,10.6
2025-09-27T20:30:00-07:00,46,82,16.9
2025-09-27T21:00:00-07:00,47,81,17.2
2025-09-27T21:30:00-07:00,47,82,16.3
2025-09-27T22:00:00-07:00,47,81,15.4
2025-09-27T22:30:00-07:00,47,81,14
2025-09-27T23:00:00-07:00,47,81,14.1
2025-09-27T23:30:00-07:00,48,81,13.9
2025-09-28T00:00:00-07:00,48,81,14.5
2025-09-28T00:30:00-07:00,48,82,18.1
2025-09-28T01:00:00-07:00,48,82,9.7
2025-09-28T01:30:00-07:00,46,83,19.3
2025-09-28T02:00:00-07:00,47,82,11.1
2025-09-28T02:30:00-07:00,47,82,6.9
2025-09-28T03:00:00-07:00,46,82,14.7
2025-09-28T03:30:00-07:00,46,82,18.1
2025-09-28T04:00:00-07:00,46,82,15.2
2025-09-28T04:30:00-07:00,46,82,9.4
2025-09-28T05:00:00-07:00,46,82,7
2025-09-28T05:30:00-07:00,46,82,3.9
2025-09-28T06:00:00-07:00,46,82,2.5
2025-09-28T06:30:00-07:00,46,82,2.1
2025-09-28T07:00:00-07:00,46,82,2
2025-09-28T07:30:00-07:00,47,82,2.8
2025-09-28T08:00:00-07:00,49,80,4.5
2025-09-28T08:30:00-07:00,48,81,5.4
2025-09-28T09:00:00-07:00,47,82,3.7
2025-09-28T09:30:00-07:00,44,83,0.7
2025-09-28T10:00:00-07:00,42,85,1.2
2025-09-28T10:30:00-07:00,42,85,2.3
2025-09-28T11:00:00-07:00,41,86,3.2
2025-09-28T11:30:00-07:00,40,86,3.5
2025-09-28T12:00:00-07:00,40,86,3.2
2025-09-28T12:30:00-07:00,38,87,2.7
2025-09-28T13:00:00-07:00,41,87,8.1
2025-09-28T13:30:00-07:00,42,86,17.6
2025-09-28T14:00:00-07:00,40,88,15.6
2025-09-28T14:30:00-07:00,41,88,12.5
2025-09-28T15:00:00-07:00,38,90,8.7
2025-09-28T15:30:00-07:00,36,91,5.2
2025-09-28T16:00:00-07:00,37,90,6.6
2025-09-28T16:30:00-07:00,37,90,4.9
2025-09-28T17:00:00-07:00,38,89,4.2
2025-09-28T17:30:00-07:00,38,88,3.8
2025-09-28T18:00:00-07:00,38,87,3.5
2025-09-28T18:30:00-07:00,39,86,3.2
2025-09-28T19:00:00-07:00,39,86,2.9
2025-09-28T19:30:00-07:00,41,85,2.7
2025-09-28T20:00:00-07:00,42,85,2.3
2025-09-28T20:30:00-07:00,43,84,2.3
2025-09-28T21:00:00-07:00,42,85,2.6
2025-09-28T21:30:00-07:00,42,84,3.3
2025-09-28T22:00:00-07:00,42,84,4
2025-09-28T22:30:00-07:00,42,84,4.5
2025-09-28T23:00:00-07:00,42,84,4.7
2025-09-28T23:30:00-07:00,43,84,4.4
2025-09-29T00:00:00-07:00,43,84,4.4
2025-09-29T00:30:00-07:00,43,85,4.4
2025-09-29T01:00:00-07:00,43,84,4.2
2025-09-29T01:30:00-07:00,43,83,3.9
2025-09-29T02:00:00-07:00,44,83,4.3
2025-09-29T02:30:00-07:00,45,82,6.6
2025-09-29T03:00:00-07:00,46,82,5.2
2025-09-29T03:30:00-07:00,47,81,4.7
2025-09-29T04:00:00-07:00,46,82,4.5
2025-09-29T04:30:00-07:00,45,83,3.9
2025-09-29T05:00:00-07:00,47,82,4
2025-09-29T05:30:00-07:00,49,82,5.3
2025-09-29T06:00:00-07:00,48,82,4.9
2025-09-29T06:30:00-07:00,48,82,5.7
2025-09-29T07:00:00-07:00,48,82,6.9
2025-09-29T07:30:00-07:00,48,82,7.2
2025-09-29T08:00:00-07:00,47,82,6.6
2025-09-29T08:30:00-07:00,46,83,10.3
2025-09-29T09:00:00-07:00,45,83,5.1
2025-09-29T09:30:00-07:00,44,84,3.7
2025-09-29T10:00:00-07:00,43,84,4.5
2025-09-29T10:30:00-07:00,42,85,4.1
2025-09-29T11:00:00-07:00,40,87,3.8
2025-09-29T11:30:00-07:00,40,86,5
2025-09-29T12:00:00-07:00,40,86,5.4
2025-09-29T12:30:00-07:00,39,87,6.1
2025-09-29T13:00:00-07:00,39,87,6.2
2025-09-29T13:30:00-07:00,36,90,6
2025-09-29T14:00:00-07:00,33,92,5.9
2025-09-29T14:30:00-07:00,32,93,5.4
2025-09-29T15:00:00-07:00,31,92,6.8
2025-09-29T15:30:00-07:00,31,92,7.2
2025-09-29T16:00:00-07:00,30,92,7
2025-09-29T16:30:00-07:00,29,92,6.8
2025-09-29T17:00:00-07:00,31,91,7.1
2025-09-29T17:30:00-07:00,36,87,8.5
2025-09-29T18:00:00-07:00,37,86,5.1
2025-09-29T18:30:00-07:00,39,85,4.5
2025-09-29T19:00:00-07:00,40,84,4.8
2025-09-29T19:30:00-07:00,41,84,7
2025-09-29T20:00:00-07:00,41,84,8.6
2025-09-29T20:30:00-07:00,41,84,8.1
2025-09-29T21:00:00-07:00,40,84,6.9
2025-09-29T21:30:00-07:00,41,84,6.3
2025-09-29T22:00:00-07:00,44,83,11.5
2025-09-29T22:30:00-07:00,45,82,14.2
2025-09-29T23:00:00-07:00,43,83,13.3
2025-09-29T23:30:00-07:00,43,83,14.3
2025-09-30T00:00:00-07:00,42,84,10.9
2025-09-30T00:30:00-07:00,42,83,11.5
2025-09-30T01:00:00-07:00,43,82,14.7
2025-09-30T01:30:00-07:00,44,82,7.6
2025-09-30T02:00:00-07:00,46,81,7
2025-09-30T02:30:00-07:00,50,79,9.3
2025-09-30T03:00:00-07:00,53,79,10.5
2025-09-30T03:30:00-07:00,53,79,11
2025-09-30T04:00:00-07:00,53,79,10.6
2025-09-30T04:30:00-07:00,53,79,10.1
2025-09-30T05:00:00-07:00,52,78,8.9
2025-09-30T05:30:00-07:00,53,77,10.3
2025-09-30T06:00:00-07:00,53,78,7.3
2025-09-30T06:30:00-07:00,53,77,6.9
2025-09-30T07:00:00-07:00,53,78,6.5
2025-09-30T07:30:00-07:00,53,78,6.1
2025-09-30T08:00:00-07:00,53,78,6.8
2025-09-30T08:30:00-07:00,51,80,6.5
2025-09-30T09:00:00-07:00,47,83,7.2
2025-09-30T09:30:00-07:00,43,85,4.2
2025-09-30T10:00:00-07:00,40,87,2.9
2025-09-30T10:30:00-07:00,37,89,2.1
2025-09-30T11:00:00-07:00,36,90,1.9
2025-09-30T11:30:00-07:00,32,92,1.9
2025-09-30T12:00:00-07:00,30,92,2.3
2025-09-30T12:30:00-07:00,29,94,2.1
2025-09-30T13:00:00-07:00,29,93,2.8
2025-09-30T13:30:00-07:00,30,93,3.3
2025-09-30T14:00:00-07:00,29,93,2.6
2025-09-30T14:30:00-07:00,30,92,2.1
2025-09-30T15:00:00-07:00,28,93,1.6
2025-09-30T15:30:00-07:00,29,91,1.4
2025-09-30T16:00:00-07:00,29,90,1.1
2025-09-30T16:30:00-07:00,30,90,1.1
2025-09-30T17:00:00-07:00,31,89,1.2
2025-09-30T17:30:00-07:00,34,87,1.5
2025-09-30T18:00:00-07:00,35,86,1.8
2025-09-30T18:30:00-07:00,37,86,2.6
2025-09-30T19:00:00-07:00,42,85,3
2025-09-30T19:30:00-07:00,43,84,3.4
2025-09-30T20:00:00-07:00,43,84,3.1
2025-09-30T20:30:00-07:00,45,84,3.2
2025-09-30T21:00:00-07:00,46,83,4.7
2025-09-30T21:30:00-07:00,44,83,4.2
2025-09-30T22:00:00-07:00,41,83,2.6
2025-09-30T22:30:00-07:00,41,82,4.8
2025-09-30T23:00:00-07:00,41,82,8.5
2025-09-30T23:30:00-07:00,42,82,12.4
2025-10-01T00:00:00-07:00,43,82,4
2025-10-01T00:30:00-07:00,44,81,4.4
2025-10-01T01:00:00-07:00,44,81,2.2
2025-10-01T01:30:00-07:00,45,80,2.1
2025-10-01T02:00:00-07:00,45,80,2.2
2025-10-01T02:30:00-07:00,45,80,2.4
2025-10-01T03:00:00-07:00,44,81,2.3
2025-10-01T03:30:00-07:00,44,81,2.2
2025-10-01T04:00:00-07:00,45,81,2.2
2025-10-01T04:30:00-07:00,46,81,2.4
2025-10-01T05:00:00-07:00,45,81,2.6
2025-10-01T05:30:00-07:00,45,81,2.6
2025-10-01T06:00:00-07:00,48,79,2.9
2025-10-01T06:30:00-07:00,48,80,3.1
2025-10-01T07:00:00-07:00,47,80,3.3
2025-10-01T07:30:00-07:00,47,80,3
2025-10-01T08:00:00-07:00,45,81,3.8
2025-10-01T08:30:00-07:00,43,82,7.1
2025-10-01T09:00:00-07:00,41,82,3.9
2025-10-01T09:30:00-07:00,38,82,7
2025-10-01T10:00:00-07:00,39,82,7.5
2025-10-01T10:30:00-07:00,39,82,5.7
2025-10-01T11:00:00-07:00,37,83,0.4
2025-10-01T11:30:00-07:00,34,86,0.2
2025-10-01T12:00:00-07:00,31,90,0.2
2025-10-01T12:30:00-07:00,29,92,0.1
2025-10-01T13:00:00-07:00,28,94,0.2
2025-10-01T13:30:00-07:00,28,94,0.2
2025-10-01T14:00:00-07:00,29,93,0.2
2025-10-01T14:30:00-07:00,29,93,0.2
2025-10-01T15:00:00-07:00,29,94,0.2
2025-10-01T15:30:00-07:00,32,91,0.2
2025-10-01T16:00:00-07:00,30,94,0.3
2025-10-01T16:30:00-07:00,33,91,0.4
2025-10-01T17:00:00-07:00,37,88,0.6
2025-10-01T17:30:00-07:00,40,86,0.5
2025-10-01T18:00:00-07:00,44,84,0.4
2025-10-01T18:30:00-07:00,46,82,0.7
2025-10-01T19:00:00-07:00,48,82,1.2
2025-10-01T19:30:00-07:00,50,81,5.6
2025-10-01T20:00:00-07:00,50,81,1.7
2025-10-01T20:30:00-07:00,50,80,6
2025-10-01T21:00:00-07:00,49,81,6.8
2025-10-01T21:30:00-07:00,49,80,1.1
2025-10-01T22:00:00-07:00,50,80,1.2
2025-10-01T22:30:00-07:00,50,80,1.6
2025-10-01T23:00:00-07:00,49,81,1.8
2025-10-01T23:30:00-07:00,49,80,1.8
2025-10-02T00:00:00-07:00,51,79,1.8
2025-10-02T00:30:00-07:00,51,79,2
2025-10-02T01:00:00-07:00,50,80,1.3
2025-10-02T01:30:00-07:00,49,81,2.1
2025-10-02T02:00:00-07:00,48,81,3.2
2025-10-02T02:30:00-07:00,48,81,2.2
2025-10-02T03:00:00-07:00,48,81,1.9
2025-10-02T03:30:00-07:00,48,81,2
2025-10-02T04:00:00-07:00,48,82,1.9
2025-10-02T04:30:00-07:00,56,78,2.2
2025-10-02T05:00:00-07:00,60,77,2.1
2025-10-02T05:30:00-07:00,61,77,2.1
2025-10-02T06:00:00-07:00,61,77,1.7
2025-10-02T06:30:00-07:00,61,77,1.3
2025-10-02T07:00:00-07:00,61,77,1.8
2025-10-02T07:30:00-07:00,62,77,1.5
2025-10-02T08:00:00-07:00,62,77,1.2
2025-10-02T08:30:00-07:00,61,77,1.3
2025-10-02T09:00:00-07:00,61,77,1.8
2025-10-02T09:30:00-07:00,61,78,2.1
2025-10-02T10:00:00-07:00,58,80,2.1
2025-10-02T10:30:00-07:00,54,81,10.1
2025-10-02T11:00:00-07:00,50,83,3.7
2025-10-02T11:30:00-07:00,45,85,1.7
2025-10-02T12:00:00-07:00,42,86,1.8
2025-10-02T12:30:00-07:00,39,87,1.6
2025-10-02T13:00:00-07:00,40,87,2
2025-10-02T13:30:00-07:00,48,80,3.6
2025-10-02T14:00:00-07:00,41,82,2
2025-10-02T14:30:00-07:00,39,80,1.4
2025-10-02T15:00:00-07:00,38,80,1.5
2025-10-02T15:30:00-07:00,41,80,1.8
2025-10-02T16:00:00-07:00,39,81,1.7
2025-10-02T16:30:00-07:00,38,82,1.9
2025-10-02T17:00:00-07:00,39,81,2.2
2025-10-02T17:30:00-07:00,43,79,4
2025-10-02T18:00:00-07:00,48,78,3.6
2025-10-02T18:30:00-07:00,50,76,3.6
2025-10-02T19:00:00-07:00,53,75,4.1
2025-10-02T19:30:00-07:00,54,75,4
2025-10-02T20:00:00-07:00,54,75,3.8
2025-10-02T20:30:00-07:00,53,76,3.3
2025-10-02T21:00:00-07:00,52,77,3.9
2025-10-02T21:30:00-07:00,57,76,3.2
2025-10-02T22:00:00-07:00,56,76,3.6
2025-10-02T22:30:00-07:00,56,77,2.8
2025-10-02T23:00:00-07:00,58,76,2.1
2025-10-02T23:30:00-07:00,59,75,1.4
2025-10-03T00:00:00-07:00,58,74,1.4
2025-10-03T00:30:00-07:00,57,74,3.1
2025-10-03T01:00:00-07:00,56,74,3.6
2025-10-03T01:30:00-07:00,56,74,8.9
2025-10-03T02:00:00-07:00,56,73,2.2
2025-10-03T02:30:00-07:00,56,73,6.7
2025-10-03T03:00:00-07:00,56,74,2.8
2025-10-03T03:30:00-07:00,56,73,6.1
2025-10-03T04:00:00-07:00,55,73,2.1
2025-10-03T04:30:00-07:00,55,73,3.2
2025-10-03T05:00:00-07:00,55,73,6.7
2025-10-03T05:30:00-07:00,55,73,1.7
2025-10-03T06:00:00-07:00,54,73,3.3
2025-10-03T06:30:00-07:00,54,73,4.6
2025-10-03T07:00:00-07:00,53,73,3
2025-10-03T07:30:00-07:00,53,73,3.5
2025-10-03T08:00:00-07:00,53,73,2.7
2025-10-03T08:30:00-07:00,52,74,2.3
2025-10-03T09:00:00-07:00,51,75,2
2025-10-03T09:30:00-07:00,49,75,2.2
2025-10-03T10:00:00-07:00,49,75,2.3
2025-10-03T10:30:00-07:00,48,76,2.2
2025-10-03T11:00:00-07:00,44,79,2.1
2025-10-03T11:30:00-07:00,42,79,2.7
2025-10-03T12:00:00-07:00,42,80,2.9
2025-10-03T12:30:00-07:00,41,81,7.7
2025-10-03T13:00:00-07:00,38,84,2
2025-10-03T13:30:00-07:00,36,85,2
2025-10-03T14:00:00-07:00,34,86,1.8
2025-10-03T14:30:00-07:00,34,85,1.7
2025-10-03T15:00:00-07:00,34,86,1.9
2025-10-03T15:30:00-07:00,34,86,2
2025-10-03T16:00:00-07:00,34,86,2.1
2025-10-03T16:30:00-07:00,35,85,2.5
2025-10-03T17:00:00-07:00,37,84,2.6
2025-10-03T17:30:00-07:00,39,82,3.3
2025-10-03T18:00:00-07:00,44,79,4.6
2025-10-03T18:30:00-07:00,47,77,2.6
2025-10-03T19:00:00-07:00,49,75,3.3
2025-10-03T19:30:00-07:00,51,75,5.8
2025-10-03T20:00:00-07:00,53,74,14
2025-10-03T20:30:00-07:00,53,74,6.5
2025-10-03T21:00:00-07:00,53,74,9.1
2025-10-03T21:30:00-07:00,53,74,5.3
2025-10-03T22:00:00-07:00,54,73,7.1
2025-10-03T22:30:00-07:00,55,73,6.6
2025-10-03T23:00:00-07:00,55,72,4.6
2025-10-03T23:30:00-07:00,56,71,5.7
2025-10-04T00:00:00-07:00,55,71,5.7
2025-10-04T00:30:00-07:00,56,70,5.5
2025-10-04T01:00:00-07:00,56,70,4.5
2025-10-04T01:30:00-07:00,57,70,4.6
2025-10-04T02:00:00-07:00,57,70,5.5
2025-10-04T02:30:00-07:00,57,69,5.9
2025-10-04T03:00:00-07:00,57,68,5.6
2025-10-04T03:30:00-07:00,57,68,5
2025-10-04T04:00:00-07:00,57,68,4.9
2025-10-04T04:30:00-07:00,57,67,4.5
2025-10-04T05:00:00-07:00,57,67,4.1
2025-10-04T05:30:00-07:00,57,67,3.8
2025-10-04T06:00:00-07:00,57,66,4.1
2025-10-04T06:30:00-07:00,58,66,3.9
2025-10-04T07:00:00-07:00,57,66,4.1
2025-10-04T07:30:00-07:00,58,67,4.1
2025-10-04T08:00:00-07:00,59,68,6
2025-10-04T08:30:00-07:00,57,71,8.3
2025-10-04T09:00:00-07:00,52,75,8.4
2025-10-04T09:30:00-07:00,46,79,18.6
2025-10-04T10:00:00-07:00,44,80,17.5
2025-10-04T10:30:00-07:00,43,80,12.9
2025-10-04T11:00:00-07:00,40,82,7
2025-10-04T11:30:00-07:00,39,83,5.6
2025-10-04T12:00:00-07:00,37,85,4.7
2025-10-04T12:30:00-07:00,36,86,4
2025-10-04T13:00:00-07:00,36,86,3.4
2025-10-04T13:30:00-07:00,36,87,3.7
2025-10-04T14:00:00-07:00,34,89,3.7
2025-10-04T14:30:00-07:00,33,90,3.8
2025-10-04T15:00:00-07:00,32,89,3.5
2025-10-04T15:30:00-07:00,31,89,3.4
2025-10-04T16:00:00-07:00,33,89,3.8
2025-10-04T16:30:00-07:00,35,88,3.7
2025-10-04T17:00:00-07:00,38,85,3.7
2025-10-04T17:30:00-07:00,40,83,3.7
2025-10-04T18:00:00-07:00,42,81,9.4
2025-10-04T18:30:00-07:00,45,79,6.6
2025-10-04T19:00:00-07:00,49,77,4.6
2025-10-04T19:30:00-07:00,52,75,4.3
2025-10-04T20:00:00-07:00,54,75,4.8
2025-10-04T20:30:00-07:00,55,74,5.4
2025-10-04T21:00:00-07:00,55,74,5
2025-10-04T21:30:00-07:00,53,74,4.7
2025-10-04T22:00:00-07:00,53,73,5.5
2025-10-04T22:30:00-07:00,54,72,4.8
2025-10-04T23:00:00-07:00,55,71,4.5
2025-10-04T23:30:00-07:00,55,70,5.6
2025-10-05T00:00:00-07:00,55,70,5.3
2025-10-05T00:30:00-07:00,55,69,5.5
2025-10-05T01:00:00-07:00,55,69,5.3
2025-10-05T01:30:00-07:00,56,68,5.4
2025-10-05T02:00:00-07:00,56,68,5.2
2025-10-05T02:30:00-07:00,56,68,4.6
2025-10-05T03:00:00-07:00,56,68,4.6
2025-10-05T03:30:00-07:00,56,67,4.6
2025-10-05T04:00:00-07:00,56,67,5.2
2025-10-05T04:30:00-07:00,56,67,4.8
2025-10-05T05:00:00-07:00,56,66,4.5
2025-10-05T05:30:00-07:00,55,66,4.1
2025-10-05T06:00:00-07:00,56,66,3.3
2025-10-05T06:30:00-07:00,56,65,3.3
2025-10-05T07:00:00-07:00,56,65,3.5
2025-10-05T07:30:00-07:00,56,66,4.2
2025-10-05T08:00:00-07:00,56,68,4.2
2025-10-05T08:30:00-07:00,56,71,7.1
2025-10-05T09:00:00-07:00,50,76,6.8
2025-10-05T09:30:00-07:00,45,80,9.8
2025-10-05T10:00:00-07:00,43,82,7.1
2025-10-05T10:30:00-07:00,42,83,7.2
2025-10-05T11:00:00-07:00,40,84,6.4
2025-10-05T11:30:00-07:00,39,86,6.3
2025-10-05T12:00:00-07:00,37,87,5.5
2025-10-05T12:30:00-07:00,35,87,4.6
2025-10-05T13:00:00-07:00,32,88,3.6
2025-10-05T13:30:00-07:00,30,89,3.1
2025-10-05T14:00:00-07:00,29,91,3.3
2025-10-05T14:30:00-07:00,28,92,3.7
2025-10-05T15:00:00-07:00,28,92,3.6
2025-10-05T15:30:00-07:00,29,92,4.5
2025-10-05T16:00:00-07:00,31,91,6.1
2025-10-05T16:30:00-07:00,32,90,5.4
2025-10-05T17:00:00-07:00,32,89,4.1
2025-10-05T17:30:00-07:00,34,88,4.3
2025-10-05T18:00:00-07:00,38,85,5.4
2025-10-05T18:30:00-07:00,41,82,5.1
2025-10-05T19:00:00-07:00,45,80,9.3
2025-10-05T19:30:00-07:00,46,79,5.8
2025-10-05T20:00:00-07:00,48,79,6.2
2025-10-05T20:30:00-07:00,50,78,6.5
2025-10-05T21:00:00-07:00,49,78,6.5
2025-10-05T21:30:00-07:00,51,76,6.3
2025-10-05T22:00:00-07:00,52,75,7.3
2025-10-05T22:30:00-07:00,53,74,10.6
2025-10-05T23:00:00-07:00,54,73,10.1
2025-10-05T23:30:00-07:00,55,73,8
2025-10-06T00:00:00-07:00,55,72,7.6
2025-10-06T00:30:00-07:00,56,72,10.2
2025-10-06T01:00:00-07:00,56,72,9.5
2025-10-06T01:30:00-07:00,56,71,8.5
2025-10-06T02:00:00-07:00,56,71,8.3
2025-10-06T02:30:00-07:00,56,70,7.8
2025-10-06T03:00:00-07:00,56,70,7.5
2025-10-06T03:30:00-07:00,57,69,7.5
2025-10-06T04:00:00-07:00,56,69,6.7
2025-10-06T04:30:00-07:00,56,69,6.2
2025-10-06T05:00:00-07:00,56,68,5.9
2025-10-06T05:30:00-07:00,55,68,5.6
2025-10-06T06:00:00-07:00,56,67,5.5
2025-10-06T06:30:00-07:00,56,67,5.3
2025-10-06T07:00:00-07:00,56,67,5.8
2025-10-06T07:30:00-07:00,56,67,6.8
2025-10-06T08:00:00-07:00,58,69,9.6
2025-10-06T08:30:00-07:00,55,73,12.2
2025-10-06T09:00:00-07:00,48,78,11.7
2025-10-06T09:30:00-07:00,43,82,14.6
2025-10-06T10:00:00-07:00,41,84,12.1
2025-10-06T10:30:00-07:00,41,83,11.4
2025-10-06T11:00:00-07:00,38,85,10.6
2025-10-06T11:30:00-07:00,34,88,7.8
2025-10-06T12:00:00-07:00,31,91,7
2025-10-06T12:30:00-07:00,30,93,5.8
2025-10-06T13:00:00-07:00,26,95,4.1
2025-10-06T13:30:00-07:00,24,95,3.5
2025-10-06T14:00:00-07:00,23,96,3.5
2025-10-06T14:30:00-07:00,23,96,3.6
2025-10-06T15:00:00-07:00,23,97,3.3
2025-10-06T15:30:00-07:00,22,98,3.4
2025-10-06T16:00:00-07:00,22,97,3.6
2025-10-06T16:30:00-07:00,22,96,3.3
2025-10-06T17:00:00-07:00,21,96,2.4
2025-10-06T17:30:00-07:00,21,95,2.1
2025-10-06T18:00:00-07:00,26,92,3.1
2025-10-06T18:30:00-07:00,32,88,4
2025-10-06T19:00:00-07:00,33,85,3.5
2025-10-06T19:30:00-07:00,36,84,4.1
2025-10-06T20:00:00-07:00,39,83,4.4
2025-10-06T20:30:00-07:00,43,82,4.2
2025-10-06T21:00:00-07:00,45,81,6.2
2025-10-06T21:30:00-07:00,46,80,8.2
2025-10-06T22:00:00-07:00,47,79,4.8
2025-10-06T22:30:00-07:00,50,77,5.2
2025-10-06T23:00:00-07:00,52,76,6.1
2025-10-06T23:30:00-07:00,53,75,6.9
2025-10-07T00:00:00-07:00,53,75,7.3
2025-10-07T00:30:00-07:00,54,74,11.7
2025-10-07T01:00:00-07:00,54,74,12.5
2025-10-07T01:30:00-07:00,54,73,15.8
2025-10-07T02:00:00-07:00,54,72,7.8
2025-10-07T02:30:00-07:00,55,72,7.7
2025-10-07T03:00:00-07:00,55,71,7.5
2025-10-07T03:30:00-07:00,54,71,7.1
2025-10-07T04:00:00-07:00,54,70,6.6
2025-10-07T04:30:00-07:00,54,70,6.2
2025-10-07T05:00:00-07:00,55,69,5.8
2025-10-07T05:30:00-07:00,55,68,5.8
2025-10-07T06:00:00-07:00,55,68,5.9
2025-10-07T06:30:00-07:00,55,68,6.2
2025-10-07T07:00:00-07:00,56,67,6.4
2025-10-07T07:30:00-07:00,56,68,6.9
2025-10-07T08:00:00-07:00,55,70,6.8
2025-10-07T08:30:00-07:00,51,73,8.3
2025-10-07T09:00:00-07:00,43,78,6.6
2025-10-07T09:30:00-07:00,38,84,11.1
2025-10-07T10:00:00-07:00,37,86,17
2025-10-07T10:30:00-07:00,35,87,14.1
2025-10-07T11:00:00-07:00,34,89,12
2025-10-07T11:30:00-07:00,33,91,9.7
2025-10-07T12:00:00-07:00,29,93,6.5
2025-10-07T12:30:00-07:00,25,95,5.1
2025-10-07T13:00:00-07:00,25,95,5.7
2025-10-07T13:30:00-07:00,24,94,5.3
2025-10-07T14:00:00-07:00,24,95,5.6
2025-10-07T14:30:00-07:00,26,96,7.9
2025-10-07T15:00:00-07:00,27,94,9.1
2025-10-07T15:30:00-07:00,29,93,11.4
2025-10-07T16:00:00-07:00,32,92,14.3
2025-10-07T16:30:00-07:00,34,91,14.4
2025-10-07T17:00:00-07:00,35,89,13.9
2025-10-07T17:30:00-07:00,37,87,12.2
2025-10-07T18:00:00-07:00,41,85,12
2025-10-07T18:30:00-07:00,45,82,11.3
2025-10-07T19:00:00-07:00,47,81,13.1
2025-10-07T19:30:00-07:00,48,79,15.3
2025-10-07T20:00:00-07:00,50,78,11
2025-10-07T20:30:00-07:00,50,78,11.2
2025-10-07T21:00:00-07:00,50,77,11.5
2025-10-07T21:30:00-07:00,52,76,11.2
2025-10-07T22:00:00-07:00,52,75,11.3
2025-10-07T22:30:00-07:00,53,74,11.7
2025-10-07T23:00:00-07:00,54,74,12.4
2025-10-07T23:30:00-07:00,54,73,17.5
2025-10-08T00:00:00-07:00,55,72,21.9
2025-10-08T00:30:00-07:00,56,72,16.6
2025-10-08T01:00:00-07:00,56,72,13.4
2025-10-08T01:30:00-07:00,55,71,12.7
2025-10-08T02:00:00-07:00,56,71,13
2025-10-08T02:30:00-07:00,57,71,13.5
2025-10-08T03:00:00-07:00,57,73,18
2025-10-08T03:30:00-07:00,56,75,15.1
2025-10-08T04:00:00-07:00,55,75,14.6
2025-10-08T04:30:00-07:00,55,75,14.8
2025-10-08T05:00:00-07:00,55,75,14.3
2025-10-08T05:30:00-07:00,55,74,14.5
2025-10-08T06:00:00-07:00,56,74,14
2025-10-08T06:30:00-07:00,55,74,12.8
2025-10-08T07:00:00-07:00,55,74,13.3
2025-10-08T07:30:00-07:00,55,74,14.8
2025-10-08T08:00:00-07:00,54,75,13.4
2025-10-08T08:30:00-07:00,52,76,12.1
2025-10-08T09:00:00-07:00,51,77,11.3
2025-10-08T09:30:00-07:00,49,78,12.3
2025-10-08T10:00:00-07:00,47,79,11.9
2025-10-08T10:30:00-07:00,46,80,11.6
2025-10-08T11:00:00-07:00,42,82,8.1
2025-10-08T11:30:00-07:00,40,84,7.3
2025-10-08T12:00:00-07:00,39,85,6.7
2025-10-08T12:30:00-07:00,38,85,6.9
2025-10-08T13:00:00-07:00,37,87,7.4
2025-10-08T13:30:00-07:00,35,89,7.3
2025-10-08T14:00:00-07:00,33,90,6.9
2025-10-08T14:30:00-07:00,33,91,6.9
2025-10-08T15:00:00-07:00,34,90,5.7
2025-10-08T15:30:00-07:00,34,88,4.6
2025-10-08T16:00:00-07:00,35,86,3.6
2025-10-08T16:30:00-07:00,35,86,3.3
2025-10-08T17:00:00-07:00,34,85,2.8
2025-10-08T17:30:00-07:00,35,83,2.5
2025-10-08T18:00:00-07:00,36,81,2.6
2025-10-08T18:30:00-07:00,39,79,5.8
2025-10-08T19:00:00-07:00,42,77,3.9
2025-10-08T19:30:00-07:00,42,77,3.2
2025-10-08T20:00:00-07:00,41,79,3
2025-10-08T20:30:00-07:00,40,79,3
2025-10-08T21:00:00-07:00,41,79,3.4
2025-10-08T21:30:00-07:00,41,79,3.5
2025-10-08T22:00:00-07:00,43,79,3.1
2025-10-08T22:30:00-07:00,44,79,3.3
2025-10-08T23:00:00-07:00,45,78,3.1
2025-10-08T23:30:00-07:00,44,79,3.4
2025-10-09T00:00:00-07:00,43,78,3.9
2025-10-09T00:30:00-07:00,45,77,3.7
2025-10-09T01:00:00-07:00,47,76,3.5
2025-10-09T01:30:00-07:00,48,75,4
2025-10-09T02:00:00-07:00,49,74,8.5
2025-10-09T02:30:00-07:00,50,73,4.5
2025-10-09T03:00:00-07:00,51,73,7.8
2025-10-09T03:30:00-07:00,51,72,11.9
2025-10-09T04:00:00-07:00,52,71,4.1
2025-10-09T04:30:00-07:00,53,71,4.3
2025-10-09T05:00:00-07:00,52,71,4.5
2025-10-09T05:30:00-07:00,53,70,4.2
2025-10-09T06:00:00-07:00,53,69,4.2
2025-10-09T06:30:00-07:00,55,68,4.4
2025-10-09T07:00:00-07:00,56,69,5.5
2025-10-09T07:30:00-07:00,55,69,5.5
2025-10-09T08:00:00-07:00,54,71,5.4
2025-10-09T08:30:00-07:00,51,73,5.2
2025-10-09T09:00:00-07:00,46,76,3.5
2025-10-09T09:30:00-07:00,41,79,6.1
2025-10-09T10:00:00-07:00,38,81,3.5
2025-10-09T10:30:00-07:00,37,82,2.6
2025-10-09T11:00:00-07:00,34,84,2
2025-10-09T11:30:00-07:00,31,85,2
2025-10-09T12:00:00-07:00,29,88,1.9
2025-10-09T12:30:00-07:00,28,88,1.9
2025-10-09T13:00:00-07:00,28,88,2.1
2025-10-09T13:30:00-07:00,29,88,2.2
2025-10-09T14:00:00-07:00,28,89,2.4
2025-10-09T14:30:00-07:00,30,89,2.5
2025-10-09T15:00:00-07:00,32,88,2.8
2025-10-09T15:30:00-07:00,37,83,2.7
2025-10-09T16:00:00-07:00,38,84,2.8
2025-10-09T16:30:00-07:00,39,84,2.7
2025-10-09T17:00:00-07:00,41,83,2.8
2025-10-09T17:30:00-07:00,42,82,3.1
2025-10-09T18:00:00-07:00,47,80,7.9
2025-10-09T18:30:00-07:00,51,78,5.6
2025-10-09T19:00:00-07:00,52,77,5.7
2025-10-09T19:30:00-07:00,52,77,6.9
2025-10-09T20:00:00-07:00,52,76,6.8
2025-10-09T20:30:00-07:00,52,76,6.4
2025-10-09T21:00:00-07:00,52,77,6.3
2025-10-09T21:30:00-07:00,51,76,6.3
2025-10-09T22:00:00-07:00,55,74,10.8
2025-10-09T22:30:00-07:00,56,75,12
2025-10-09T23:00:00-07:00,57,74,8.7
2025-10-09T23:30:00-07:00,57,74,6.2
2025-10-10T00:00:00-07:00,56,73,11.6
2025-10-10T00:30:00-07:00,56,72,7.1
2025-10-10T01:00:00-07:00,56,71,6.7
2025-10-10T01:30:00-07:00,56,70,7.1
2025-10-10T02:00:00-07:00,57,71,7.1
2025-10-10T02:30:00-07:00,56,73,8.1
2025-10-10T03:00:00-07:00,56,73,6.8
2025-10-10T03:30:00-07:00,54,73,9.4
2025-10-10T04:00:00-07:00,53,73,6.2
2025-10-10T04:30:00-07:00,53,73,5.3
2025-10-10T05:00:00-07:00,54,73,8.3
2025-10-10T05:30:00-07:00,52,74,7.1
2025-10-10T06:00:00-07:00,52,73,7.2
2025-10-10T06:30:00-07:00,52,72,5.1
2025-10-10T07:00:00-07:00,52,71,3.7
2025-10-10T07:30:00-07:00,53,70,3.6
2025-10-10T08:00:00-07:00,54,70,3.2
2025-10-10T08:30:00-07:00,50,72,2
2025-10-10T09:00:00-07:00,44,76,1
2025-10-10T09:30:00-07:00,40,79,9.4
2025-10-10T10:00:00-07:00,40,80,12.9
2025-10-10T10:30:00-07:00,40,81,10.8
2025-10-10T11:00:00-07:00,37,81,3
2025-10-10T11:30:00-07:00,33,83,1.6
2025-10-10T12:00:00-07:00,31,84,0.9
2025-10-10T12:30:00-07:00,30,86,1
2025-10-10T13:00:00-07:00,29,87,1.2
2025-10-10T13:30:00-07:00,29,88,1.2
2025-10-10T14:00:00-07:00,29,87,1.1
2025-10-10T14:30:00-07:00,29,87,0.6
2025-10-10T15:00:00-07:00,29,86,0.4
2025-10-10T15:30:00-07:00,30,86,0.3
2025-10-10T16:00:00-07:00,31,86,0.2
2025-10-10T16:30:00-07:00,34,85,0.3
2025-10-10T17:00:00-07:00,35,84,0.2
2025-10-10T17:30:00-07:00,38,82,0.4
2025-10-10T18:00:00-07:00,40,80,3.1
2025-10-10T18:30:00-07:00,42,78,0.4
2025-10-10T19:00:00-07:00,43,78,0.5
2025-10-10T19:30:00-07:00,45,77,0.6
2025-10-10T20:00:00-07:00,46,76,0.7
2025-10-10T20:30:00-07:00,47,76,0.6
2025-10-10T21:00:00-07:00,49,75,2.2
2025-10-10T21:30:00-07:00,50,75,6.1
2025-10-10T22:00:00-07:00,51,74,2.6
2025-10-10T22:30:00-07:00,52,74,14.9
2025-10-10T23:00:00-07:00,53,74,22.8
2025-10-10T23:30:00-07:00,52,75,3.4
2025-10-11T00:00:00-07:00,53,75,1.8
2025-10-11T00:30:00-07:00,53,75,1.1
2025-10-11T01:00:00-07:00,53,75,1.6
2025-10-11T01:30:00-07:00,55,75,2.9
2025-10-11T02:00:00-07:00,55,75,11.4
2025-10-11T02:30:00-07:00,53,75,20.1
2025-10-11T03:00:00-07:00,53,75,26.8
2025-10-11T03:30:00-07:00,53,74,5.8
2025-10-11T04:00:00-07:00,54,73,1.6
2025-10-11T04:30:00-07:00,54,72,1.7
2025-10-11T05:00:00-07:00,55,72,1.8
2025-10-11T05:30:00-07:00,54,70,1.9
2025-10-11T06:00:00-07:00,55,69,1.8
2025-10-11T06:30:00-07:00,55,68,1.6
2025-10-11T07:00:00-07:00,55,68,1.7
2025-10-11T07:30:00-07:00,56,68,2.2
2025-10-11T08:00:00-07:00,55,70,1.5
2025-10-11T08:30:00-07:00,52,72,2.4
2025-10-11T09:00:00-07:00,47,75,1.2
2025-10-11T09:30:00-07:00,43,78,0.8
2025-10-11T10:00:00-07:00,40,79,0.4
2025-10-11T10:30:00-07:00,39,79,0.5
2025-10-11T11:00:00-07:00,38,79,0.7
2025-10-11T11:30:00-07:00,36,81,7.7
2025-10-11T12:00:00-07:00,35,81,0.5
2025-10-11T12:30:00-07:00,34,83,0.5
2025-10-11T13:00:00-07:00,34,83,0.4
2025-10-11T13:30:00-07:00,34,83,0.5
2025-10-11T14:00:00-07:00,34,83,0.5
2025-10-11T14:30:00-07:00,35,83,0.4
2025-10-11T15:00:00-07:00,34,83,0.4
2025-10-11T15:30:00-07:00,35,83,0.3
2025-10-11T16:00:00-07:00,35,82,0.1
2025-10-11T16:30:00-07:00,35,81,0.7
2025-10-11T17:00:00-07:00,37,81,9.5
2025-10-11T17:30:00-07:00,41,79,2.4
2025-10-11T18:00:00-07:00,44,77,0.6
2025-10-11T18:30:00-07:00,45,76,0.7
2025-10-11T19:00:00-07:00,45,75,1
2025-10-11T19:30:00-07:00,46,75,1.1
2025-10-11T20:00:00-07:00,46,75,3.4
2025-10-11T20:30:00-07:00,47,75,2.1
2025-10-11T21:00:00-07:00,46,74,3.5
2025-10-11T21:30:00-07:00,46,73,11.5
2025-10-11T22:00:00-07:00,49,72,1.8
2025-10-11T22:30:00-07:00,50,71,2.1
2025-10-11T23:00:00-07:00,51,70,2.6
2025-10-11T23:30:00-07:00,51,69,2.6
2025-10-12T00:00:00-07:00,52,69,1.9
2025-10-12T00:30:00-07:00,52,68,1.6
2025-10-12T01:00:00-07:00,52,67,2.8
2025-10-12T01:30:00-07:00,52,67,2.9
2025-10-12T02:00:00-07:00,52,66,1.5
2025-10-12T02:30:00-07:00,52,66,1.4
2025-10-12T03:00:00-07:00,53,65,1.4
2025-10-12T03:30:00-07:00,53,65,1.8
2025-10-12T04:00:00-07:00,53,64,1.8
2025-10-12T04:30:00-07:00,53,64,1.8
2025-10-12T05:00:00-07:00,53,64,1.8
2025-10-12T05:30:00-07:00,53,63,3.6
2025-10-12T06:00:00-07:00,53,63,2.7
2025-10-12T06:30:00-07:00,53,63,2
2025-10-12T07:00:00-07:00,53,63,1.6
2025-10-12T07:30:00-07:00,54,63,2.2
2025-10-12T08:00:00-07:00,54,66,2
2025-10-12T08:30:00-07:00,53,68,3.8
2025-10-12T09:00:00-07:00,48,73,3.1
2025-10-12T09:30:00-07:00,43,77,3.4
2025-10-12T10:00:00-07:00,40,78,2.4
2025-10-12T10:30:00-07:00,39,79,2.4
2025-10-12T11:00:00-07:00,37,80,2.4
2025-10-12T11:30:00-07:00,34,82,7.6
2025-10-12T12:00:00-07:00,31,84,1.6
2025-10-12T12:30:00-07:00,30,85,1.4
2025-10-12T13:00:00-07:00,28,86,1
2025-10-12T13:30:00-07:00,25,86,0.3
2025-10-12T14:00:00-07:00,23,87,0
2025-10-12T14:30:00-07:00,25,88,0.2
2025-10-12T15:00:00-07:00,26,87,0.2
2025-10-12T15:30:00-07:00,28,87,0.6
2025-10-12T16:00:00-07:00,32,85,1.2
2025-10-12T16:30:00-07:00,35,84,1.5
2025-10-12T17:00:00-07:00,38,81,5.7
2025-10-12T17:30:00-07:00,41,79,4.4
2025-10-12T18:00:00-07:00,43,76,3.1
2025-10-12T18:30:00-07:00,44,75,3.7
2025-10-12T19:00:00-07:00,44,74,4.5
2025-10-12T19:30:00-07:00,45,73,9.5
2025-10-12T20:00:00-07:00,46,73,6.1
2025-10-12T20:30:00-07:00,47,73,9.3
2025-10-12T21:00:00-07:00,47,73,9.3
2025-10-12T21:30:00-07:00,48,72,8.6
2025-10-12T22:00:00-07:00,46,72,7.6
2025-10-12T22:30:00-07:00,45,72,10.1
2025-10-12T23:00:00-07:00,46,72,7.9
2025-10-12T23:30:00-07:00,48,72,7.2
2025-10-13T00:00:00-07:00,48,71,7.5
2025-10-13T00:30:00-07:00,48,72,7
2025-10-13T01:00:00-07:00,49,72,9
2025-10-13T01:30:00-07:00,49,71,5.9
2025-10-13T02:00:00-07:00,49,71,5.2
2025-10-13T02:30:00-07:00,50,71,5.2
2025-10-13T03:00:00-07:00,51,71,5
2025-10-13T03:30:00-07:00,50,71,4.9
2025-10-13T04:00:00-07:00,50,72,4.7
2025-10-13T04:30:00-07:00,49,72,4.8
2025-10-13T05:00:00-07:00,49,72,4.8
2025-10-13T05:30:00-07:00,50,72,4.1
2025-10-13T06:00:00-07:00,49,72,3.6
2025-10-13T06:30:00-07:00,48,72,2.8
2025-10-13T07:00:00-07:00,47,72,2.6
2025-10-13T07:30:00-07:00,46,73,3.2
2025-10-13T08:00:00-07:00,46,73,8
2025-10-13T08:30:00-07:00,45,73,9.8
2025-10-13T09:00:00-07:00,45,73,8
2025-10-13T09:30:00-07:00,43,74,2.3
2025-10-13T10:00:00-07:00,41,76,1.6
2025-10-13T10:30:00-07:00,40,78,1.6
2025-10-13T11:00:00-07:00,37,80,1.6
2025-10-13T11:30:00-07:00,35,81,3.1
2025-10-13T12:00:00-07:00,34,82,4.1
2025-10-13T12:30:00-07:00,33,81,2.4
2025-10-13T13:00:00-07:00,36,80,6.1
2025-10-13T13:30:00-07:00,46,76,2.4
2025-10-13T14:00:00-07:00,54,73,17.7
2025-10-13T14:30:00-07:00,56,73,1.9
2025-10-13T15:00:00-07:00,56,74,5.2
2025-10-13T15:30:00-07:00,56,73,6.4
2025-10-13T16:00:00-07:00,57,72,1.7
2025-10-13T16:30:00-07:00,60,70,0.9
2025-10-13T17:00:00-07:00,59,69,0.8
2025-10-13T17:30:00-07:00,58,70,0.5
2025-10-13T18:00:00-07:00,57,70,0.4
2025-10-13T18:30:00-07:00,57,69,0.8
2025-10-13T19:00:00-07:00,58,68,0.4
2025-10-13T19:30:00-07:00,59,67,1.7
2025-10-13T20:00:00-07:00,58,66,0.2
2025-10-13T20:30:00-07:00,57,65,0.2
2025-10-13T21:00:00-07:00,56,67,1.1
2025-10-13T21:30:00-07:00,56,68,1.3
2025-10-13T22:00:00-07:00,56,68,1.6
2025-10-13T22:30:00-07:00,56,68,0.3
2025-10-13T23:00:00-07:00,56,67,0.8
2025-10-13T23:30:00-07:00,56,67,0.7
2025-10-14T00:00:00-07:00,56,68,0.4
2025-10-14T00:30:00-07:00,57,67,0.2
2025-10-14T01:00:00-07:00,58,66,0
2025-10-14T01:30:00-07:00,58,67,0
2025-10-14T02:00:00-07:00,57,66,0
2025-10-14T02:30:00-07:00,57,66,0.1
2025-10-14T03:00:00-07:00,57,65,0
2025-10-14T03:30:00-07:00,56,65,0.3
2025-10-14T04:00:00-07:00,57,67,1
2025-10-14T04:30:00-07:00,56,68,1.8
2025-10-14T05:00:00-07:00,56,68,3.2
2025-10-14T05:30:00-07:00,56,67,5.1
2025-10-14T06:00:00-07:00,56,65,6.2
2025-10-14T06:30:00-07:00,56,64,8.4
2025-10-14T07:00:00-07:00,57,64,11.2
2025-10-14T07:30:00-07:00,57,63,13.8
2025-10-14T08:00:00-07:00,58,64,11.7
2025-10-14T08:30:00-07:00,57,66,9.5
2025-10-14T09:00:00-07:00,56,68,10.2
2025-10-14T09:30:00-07:00,52,71,12.4
2025-10-14T10:00:00-07:00,48,72,10.9
2025-10-14T10:30:00-07:00,47,73,9
2025-10-14T11:00:00-07:00,45,74,6.1
2025-10-14T11:30:00-07:00,42,76,5.8
2025-10-14T12:00:00-07:00,39,77,4.4
2025-10-14T12:30:00-07:00,36,77,2.5
2025-10-14T13:00:00-07:00,34,78,2.1
2025-10-14T13:30:00-07:00,32,80,2.1
2025-10-14T14:00:00-07:00,29,82,4.8
2025-10-14T14:30:00-07:00,26,82,1.6
2025-10-14T15:00:00-07:00,25,84,0.7
2025-10-14T15:30:00-07:00,27,81,3.7
2025-10-14T16:00:00-07:00,30,78,1
2025-10-14T16:30:00-07:00,38,76,1.4
2025-10-14T17:00:00-07:00,45,72,3.3
2025-10-14T17:30:00-07:00,48,71,2
2025-10-14T18:00:00-07:00,48,72,2.2
2025-10-14T18:30:00-07:00,48,72,1.9
2025-10-14T19:00:00-07:00,48,72,2.2
2025-10-14T19:30:00-07:00,47,73,2.8
2025-10-14T20:00:00-07:00,48,73,2.7
2025-10-14T20:30:00-07:00,47,73,3.1
2025-10-14T21:00:00-07:00,47,73,3.7
2025-10-14T21:30:00-07:00,48,73,4.1
2025-10-14T22:00:00-07:00,49,73,2.7
2025-10-14T22:30:00-07:00,53,71,2.4
2025-10-14T23:00:00-07:00,55,71,2.8
2025-10-14T23:30:00-07:00,54,72,2.8
2025-10-15T00:00:00-07:00,55,71,3.6
2025-10-15T00:30:00-07:00,56,70,3.1
2025-10-15T01:00:00-07:00,54,71,2.1
2025-10-15T01:30:00-07:00,54,71,2.4
2025-10-15T02:00:00-07:00,53,72,2.3
2025-10-15T02:30:00-07:00,52,72,2.5
2025-10-15T03:00:00-07:00,52,72,2.8
2025-10-15T03:30:00-07:00,52,72,3.3
2025-10-15T04:00:00-07:00,50,71,3
2025-10-15T04:30:00-07:00,50,72,3.6
2025-10-15T05:00:00-07:00,50,72,4.2
2025-10-15T05:30:00-07:00,51,72,3.6
2025-10-15T06:00:00-07:00,50,72,3.5
2025-10-15T06:30:00-07:00,48,71,2.9
2025-10-15T07:00:00-07:00,48,71,2.1
2025-10-15T07:30:00-07:00,47,71,2.1
2025-10-15T08:00:00-07:00,47,71,1.9
2025-10-15T08:30:00-07:00,48,71,1.8
2025-10-15T09:00:00-07:00,49,71,1.6
2025-10-15T09:30:00-07:00,47,72,1.3
2025-10-15T10:00:00-07:00,47,73,3
2025-10-15T10:30:00-07:00,45,74,5.7
2025-10-15T11:00:00-07:00,43,77,4.1
2025-10-15T11:30:00-07:00,40,78,2.2
2025-10-15T12:00:00-07:00,38,80,1.3
2025-10-15T12:30:00-07:00,37,82,1.1
2025-10-15T13:00:00-07:00,35,82,10.8
2025-10-15T13:30:00-07:00,35,83,1
2025-10-15T14:00:00-07:00,36,81,2.5
2025-10-15T14:30:00-07:00,37,80,1.1
2025-10-15T15:00:00-07:00,39,79,1.9
2025-10-15T15:30:00-07:00,41,78,4
2025-10-15T16:00:00-07:00,42,78,5.1
2025-10-15T16:30:00-07:00,42,78,6.1
2025-10-15T17:00:00-07:00,41,78,5.3
2025-10-15T17:30:00-07:00,39,79,4.8
2025-10-15T18:00:00-07:00,41,78,4.8
2025-10-15T18:30:00-07:00,44,76,5.8
2025-10-15T19:00:00-07:00,46,75,6.3
2025-10-15T19:30:00-07:00,48,73,11
2025-10-15T20:00:00-07:00,49,72,7.6
2025-10-15T20:30:00-07:00,51,70,8.7
2025-10-15T21:00:00-07:00,51,70,8.8
2025-10-15T21:30:00-07:00,51,69,5
2025-10-15T22:00:00-07:00,51,68,4.2
2025-10-15T22:30:00-07:00,52,68,4.9
2025-10-15T23:00:00-07:00,52,67,4.6
2025-10-15T23:30:00-07:00,52,67,5.5
2025-10-16T00:00:00-07:00,53,66,5.6
2025-10-16T00:30:00-07:00,53,66,4.9
2025-10-16T01:00:00-07:00,52,65,3.6
2025-10-16T01:30:00-07:00,52,65,4.2
2025-10-16T02:00:00-07:00,53,65,12.5
2025-10-16T02:30:00-07:00,53,65,8.1
2025-10-16T03:00:00-07:00,54,65,7.1
2025-10-16T03:30:00-07:00,54,65,5.2
2025-10-16T04:00:00-07:00,54,65,3.8
2025-10-16T04:30:00-07:00,54,64,4.1
2025-10-16T05:00:00-07:00,54,64,8
2025-10-16T05:30:00-07:00,54,64,17.7
2025-10-16T06:00:00-07:00,52,64,19.5
2025-10-16T06:30:00-07:00,52,63,4.4
2025-10-16T07:00:00-07:00,53,63,4.5
2025-10-16T07:30:00-07:00,53,63,4.8
2025-10-16T08:00:00-07:00,55,65,11.3
2025-10-16T08:30:00-07:00,54,68,6.7
2025-10-16T09:00:00-07:00,50,72,11.6
2025-10-16T09:30:00-07:00,45,75,7.4
2025-10-16T10:00:00-07:00,44,76,4.3
2025-10-16T10:30:00-07:00,42,77,3.6
2025-10-16T11:00:00-07:00,40,79,3.8
2025-10-16T11:30:00-07:00,38,81,4.3
2025-10-16T12:00:00-07:00,38,81,5
2025-10-16T12:30:00-07:00,39,81,8
2025-10-16T13:00:00-07:00,38,82,11.1
2025-10-16T13:30:00-07:00,36,84,5.6
2025-10-16T14:00:00-07:00,36,84,8.1
2025-10-16T14:30:00-07:00,35,85,7.1
2025-10-16T15:00:00-07:00,35,85,7.1
2025-10-16T15:30:00-07:00,34,85,7.8
2025-10-16T16:00:00-07:00,35,85,9.7
2025-10-16T16:30:00-07:00,37,83,8.1
2025-10-16T17:00:00-07:00,40,81,8.9
2025-10-16T17:30:00-07:00,42,79,4.7
2025-10-16T18:00:00-07:00,45,78,4.6
2025-10-16T18:30:00-07:00,48,76,4.7
2025-10-16T19:00:00-07:00,51,75,5.2
2025-10-16T19:30:00-07:00,51,74,15.8
2025-10-16T20:00:00-07:00,51,74,18.7
2025-10-16T20:30:00-07:00,51,73,14.3
2025-10-16T21:00:00-07:00,51,72,7.4
2025-10-16T21:30:00-07:00,52,71,6.1
2025-10-16T22:00:00-07:00,52,70,5.9
2025-10-16T22:30:00-07:00,52,69,6.9
2025-10-16T23:00:00-07:00,52,69,6.9
2025-10-16T23:30:00-07:00,53,68,9.2
2025-10-17T00:00:00-07:00,54,67,11.9
2025-10-17T00:30:00-07:00,54,67,9.1
2025-10-17T01:00:00-07:00,54,67,7.8
2025-10-17T01:30:00-07:00,55,66,8
2025-10-17T02:00:00-07:00,55,66,7.4
2025-10-17T02:30:00-07:00,54,66,7.7
2025-10-17T03:00:00-07:00,55,66,7.8
2025-10-17T03:30:00-07:00,54,65,7.6
2025-10-17T04:00:00-07:00,54,65,7.5
2025-10-17T04:30:00-07:00,54,64,7.3
2025-10-17T05:00:00-07:00,54,64,7.7
2025-10-17T05:30:00-07:00,54,64,8.9
2025-10-17T06:00:00-07:00,54,63,16.6
2025-10-17T06:30:00-07:00,54,63,16.8
2025-10-17T07:00:00-07:00,54,63,14.8
2025-10-17T07:30:00-07:00,55,63,15.9
2025-10-17T08:00:00-07:00,57,65,9.6
2025-10-17T08:30:00-07:00,55,68,11.7
2025-10-17T09:00:00-07:00,52,73,19.5
2025-10-17T09:30:00-07:00,47,76,19.6
2025-10-17T10:00:00-07:00,45,77,17.8
2025-10-17T10:30:00-07:00,43,79,15.6
2025-10-17T11:00:00-07:00,40,80,12
2025-10-17T11:30:00-07:00,39,82,12.9
2025-10-17T12:00:00-07:00,37,84,10.5
2025-10-17T12:30:00-07:00,35,86,7.6
2025-10-17T13:00:00-07:00,33,88,7.1
2025-10-17T13:30:00-07:00,33,88,6.5
2025-10-17T14:00:00-07:00,32,89,6.6
2025-10-17T14:30:00-07:00,32,90,7.3
2025-10-17T15:00:00-07:00,32,91,10.2
2025-10-17T15:30:00-07:00,30,91,9.3
2025-10-17T16:00:00-07:00,29,91,8
2025-10-17T16:30:00-07:00,28,91,7.1
2025-10-17T17:00:00-07:00,29,90,7
2025-10-17T17:30:00-07:00,30,87,8
2025-10-17T18:00:00-07:00,33,85,9.6
2025-10-17T18:30:00-07:00,37,83,10.2
2025-10-17T19:00:00-07:00,41,81,16.3
2025-10-17T19:30:00-07:00,44,80,13.3
2025-10-17T20:00:00-07:00,46,78,13.7
2025-10-17T20:30:00-07:00,49,77,16.7
2025-10-17T21:00:00-07:00,49,76,16.8
2025-10-17T21:30:00-07:00,50,75,14.6
2025-10-17T22:00:00-07:00,50,74,17
2025-10-17T22:30:00-07:00,52,73,19.6
2025-10-17T23:00:00-07:00,52,73,27.8
2025-10-17T23:30:00-07:00,52,72,17.8
2025-10-18T00:00:00-07:00,53,71,15.8
2025-10-18T00:30:00-07:00,53,71,15.1
2025-10-18T01:00:00-07:00,53,71,15
2025-10-18T01:30:00-07:00,53,70,14.8
2025-10-18T02:00:00-07:00,53,69,14.4
2025-10-18T02:30:00-07:00,53,69,14.1
2025-10-18T03:00:00-07:00,55,68,13.4
2025-10-18T03:30:00-07:00,54,68,12.6
2025-10-18T04:00:00-07:00,54,68,14.6
2025-10-18T04:30:00-07:00,54,67,16.2
2025-10-18T05:00:00-07:00,54,67,14.2
2025-10-18T05:30:00-07:00,54,66,9.5
2025-10-18T06:00:00-07:00,54,66,7.9
2025-10-18T06:30:00-07:00,55,66,8.5
2025-10-18T07:00:00-07:00,55,66,10
2025-10-18T07:30:00-07:00,55,66,11.6
2025-10-18T08:00:00-07:00,55,67,12
2025-10-18T08:30:00-07:00,53,71,11.5
2025-10-18T09:00:00-07:00,47,76,11.1
2025-10-18T09:30:00-07:00,42,79,9.6
2025-10-18T10:00:00-07:00,40,81,9.9
2025-10-18T10:30:00-07:00,39,83,17.3
2025-10-18T11:00:00-07:00,37,85,10.1
2025-10-18T11:30:00-07:00,34,87,7.9
2025-10-18T12:00:00-07:00,30,89,5.8
2025-10-18T12:30:00-07:00,31,91,10.4
2025-10-18T13:00:00-07:00,31,93,11.5
2025-10-18T13:30:00-07:00,30,93,12.1
2025-10-18T14:00:00-07:00,29,94,11.3
2025-10-18T14:30:00-07:00,31,90,8.8
2025-10-18T15:00:00-07:00,31,91,10.9
2025-10-18T15:30:00-07:00,30,93,10.8
2025-10-18T16:00:00-07:00,30,91,9.8
2025-10-18T16:30:00-07:00,29,91,10.4
2025-10-18T17:00:00-07:00,30,90,13.1
2025-10-18T17:30:00-07:00,32,88,15
2025-10-18T18:00:00-07:00,34,86,14
2025-10-18T18:30:00-07:00,37,84,13.2
2025-10-18T19:00:00-07:00,41,81,17.2
2025-10-18T19:30:00-07:00,44,79,18.5
2025-10-18T20:00:00-07:00,45,78,18.1
2025-10-18T20:30:00-07:00,48,77,17.2
2025-10-18T21:00:00-07:00,50,76,21.4
2025-10-18T21:30:00-07:00,51,75,21.4
2025-10-18T22:00:00-07:00,52,74,22.2
2025-10-18T22:30:00-07:00,54,73,25.7
2025-10-18T23:00:00-07:00,55,72,27.1
2025-10-18T23:30:00-07:00,55,72,26.5
2025-10-19T00:00:00-07:00,55,72,31.2
2025-10-19T00:30:00-07:00,56,71,28
2025-10-19T01:00:00-07:00,56,71,28.5
2025-10-19T01:30:00-07:00,56,70,29.4
2025-10-19T02:00:00-07:00,57,70,29.6
2025-10-19T02:30:00-07:00,57,69,26.9
2025-10-19T03:00:00-07:00,57,69,23.9
2025-10-19T03:30:00-07:00,57,68,22.5
2025-10-19T04:00:00-07:00,58,68,23.3
2025-10-19T04:30:00-07:00,58,68,24
2025-10-19T05:00:00-07:00,57,68,23.7
2025-10-19T05:30:00-07:00,57,67,23.8
2025-10-19T06:00:00-07:00,58,67,24
2025-10-19T06:30:00-07:00,58,66,24.2
2025-10-19T07:00:00-07:00,59,66,26.6
2025-10-19T07:30:00-07:00,58,67,26.6
2025-10-19T08:00:00-07:00,58,68,25.8
2025-10-19T08:30:00-07:00,55,70,22
2025-10-19T09:00:00-07:00,50,74,23.7
2025-10-19T09:30:00-07:00,44,77,21.8
2025-10-19T10:00:00-07:00,42,78,19
2025-10-19T10:30:00-07:00,41,79,25.3
2025-10-19T11:00:00-07:00,40,81,24.5
2025-10-19T11:30:00-07:00,39,83,21.8
2025-10-19T12:00:00-07:00,44,82,30.6
2025-10-19T12:30:00-07:00,43,82,26.6
2025-10-19T13:00:00-07:00,42,81,22.8
2025-10-19T13:30:00-07:00,40,84,18.9
2025-10-19T14:00:00-07:00,38,86,17.5
2025-10-19T14:30:00-07:00,34,86,14.6
2025-10-19T15:00:00-07:00,28,88,6.4
2025-10-19T15:30:00-07:00,24,88,3.3
2025-10-19T16:00:00-07:00,23,89,3.1
2025-10-19T16:30:00-07:00,23,89,3.5
2025-10-19T17:00:00-07:00,26,88,5.3
2025-10-19T17:30:00-07:00,35,84,10
2025-10-19T18:00:00-07:00,43,79,13.7
2025-10-19T18:30:00-07:00,47,76,11.9
2025-10-19T19:00:00-07:00,47,75,12.1
2025-10-19T19:30:00-07:00,53,74,16.2
2025-10-19T20:00:00-07:00,56,73,13.5
2025-10-19T20:30:00-07:00,55,73,12.4
2025-10-19T21:00:00-07:00,55,73,11.7
2025-10-19T21:30:00-07:00,56,72,24.3
2025-10-19T22:00:00-07:00,56,71,27.7
2025-10-19T22:30:00-07:00,57,70,19.5
2025-10-19T23:00:00-07:00,58,70,13.8
2025-10-19T23:30:00-07:00,57,69,16.1
2025-10-20T00:00:00-07:00,57,69,16.5
2025-10-20T00:30:00-07:00,57,68,15.8
2025-10-20T01:00:00-07:00,57,68,15.2
2025-10-20T01:30:00-07:00,57,68,12.4
2025-10-20T02:00:00-07:00,57,67,10.2
2025-10-20T02:30:00-07:00,57,67,9
2025-10-20T03:00:00-07:00,58,66,8
2025-10-20T03:30:00-07:00,58,66,7.1
2025-10-20T04:00:00-07:00,58,66,6.4
2025-10-20T04:30:00-07:00,58,66,5.8
2025-10-20T05:00:00-07:00,58,65,6.4
2025-10-20T05:30:00-07:00,59,66,6.8
2025-10-20T06:00:00-07:00,59,67,9.3
2025-10-20T06:30:00-07:00,58,66,10.3
2025-10-20T07:00:00-07:00,59,66,12.5
2025-10-20T07:30:00-07:00,59,66,13.2
2025-10-20T08:00:00-07:00,48,70,7.7
2025-10-20T08:30:00-07:00,41,73,3.4
2025-10-20T09:00:00-07:00,35,76,1.9
2025-10-20T09:30:00-07:00,31,78,3.9
2025-10-20T10:00:00-07:00,28,80,2.1
2025-10-20T10:30:00-07:00,26,82,1.2
2025-10-20T11:00:00-07:00,25,84,1.1
2025-10-20T11:30:00-07:00,24,86,1.2
2025-10-20T12:00:00-07:00,23,88,1.6
2025-10-20T12:30:00-07:00,23,90,1.8
2025-10-20T13:00:00-07:00,22,92,2.2
2025-10-20T13:30:00-07:00,22,94,2.8
2025-10-20T14:00:00-07:00,23,94,2.8
2025-10-20T14:30:00-07:00,22,94,2.2
2025-10-20T15:00:00-07:00,22,94,2.4
2025-10-20T15:30:00-07:00,22,95,2.7
2025-10-20T16:00:00-07:00,23,93,3.2
2025-10-20T16:30:00-07:00,22,93,3
2025-10-20T17:00:00-07:00,24,91,3.6
2025-10-20T17:30:00-07:00,26,89,3.9
2025-10-20T18:00:00-07:00,27,86,3.6
2025-10-20T18:30:00-07:00,30,83,3.8
2025-10-20T19:00:00-07:00,34,80,5.1
2025-10-20T19:30:00-07:00,37,78,10.1
2025-10-20T20:00:00-07:00,40,76,8.8
2025-10-20T20:30:00-07:00,42,75,15.4
2025-10-20T21:00:00-07:00,44,74,24.3
2025-10-20T21:30:00-07:00,46,73,61
2025-10-20T22:00:00-07:00,48,72,57.7
2025-10-20T22:30:00-07:00,49,72,52.8
2025-10-20T23:00:00-07:00,49,71,44
2025-10-20T23:30:00-07:00,49,70,80
2025-10-21T00:00:00-07:00,50,70,42.6
2025-10-21T00:30:00-07:00,50,69,28
2025-10-21T01:00:00-07:00,51,68,18.2
2025-10-21T01:30:00-07:00,52,67,13.4
2025-10-21T02:00:00-07:00,53,67,8.9
2025-10-21T02:30:00-07:00,53,67,8.3
2025-10-21T03:00:00-07:00,53,66,7.8
2025-10-21T03:30:00-07:00,55,66,6.9
2025-10-21T04:00:00-07:00,54,65,6.5
2025-10-21T04:30:00-07:00,54,65,6.6
2025-10-21T05:00:00-07:00,55,65,6.6
2025-10-21T05:30:00-07:00,56,64,6.7
2025-10-21T06:00:00-07:00,56,64,6.7
2025-10-21T06:30:00-07:00,56,64,6.8
2025-10-21T07:00:00-07:00,57,64,7.4
2025-10-21T07:30:00-07:00,56,64,7.3
2025-10-21T08:00:00-07:00,57,64,8.8
2025-10-21T08:30:00-07:00,55,68,11.4
2025-10-21T09:00:00-07:00,49,73,15.2
2025-10-21T09:30:00-07:00,42,77,15.7
2025-10-21T10:00:00-07:00,40,78,14.4
2025-10-21T10:30:00-07:00,38,80,13.9
2025-10-21T11:00:00-07:00,36,82,13.9
2025-10-21T11:30:00-07:00,34,84,12.2
2025-10-21T12:00:00-07:00,32,86,10.2
2025-10-21T12:30:00-07:00,31,89,9.4
2025-10-21T13:00:00-07:00,31,90,9.5
2025-10-21T13:30:00-07:00,30,91,8.5
2025-10-21T14:00:00-07:00,33,86,7.3
2025-10-21T14:30:00-07:00,31,89,7.9
2025-10-21T15:00:00-07:00,34,88,12.4
2025-10-21T15:30:00-07:00,34,87,13.5
2025-10-21T16:00:00-07:00,36,86,15.1
2025-10-21T16:30:00-07:00,39,84,16
2025-10-21T17:00:00-07:00,43,81,17
2025-10-21T17:30:00-07:00,46,78,20
2025-10-21T18:00:00-07:00,50,75,22.6
2025-10-21T18:30:00-07:00,53,74,17.7
2025-10-21T19:00:00-07:00,54,72,18.8
2025-10-21T19:30:00-07:00,56,72,22.2
2025-10-21T20:00:00-07:00,58,71,24.7
2025-10-21T20:30:00-07:00,58,71,22.5
2025-10-21T21:00:00-07:00,59,70,23.7
2025-10-21T21:30:00-07:00,60,70,24.4
2025-10-21T22:00:00-07:00,59,71,26.1
2025-10-21T22:30:00-07:00,58,71,19.4
2025-10-21T23:00:00-07:00,57,72,26.8
2025-10-21T23:30:00-07:00,56,72,30.8
2025-10-22T00:00:00-07:00,56,72,15.7
2025-10-22T00:30:00-07:00,54,73,10.8
2025-10-22T01:00:00-07:00,53,73,10.6
2025-10-22T01:30:00-07:00,52,74,7.5
2025-10-22T02:00:00-07:00,51,74,5.2
2025-10-22T02:30:00-07:00,51,74,4.8
2025-10-22T03:00:00-07:00,51,74,5.5
2025-10-22T03:30:00-07:00,51,74,6.1
2025-10-22T04:00:00-07:00,51,74,7.2
2025-10-22T04:30:00-07:00,51,73,5.1
2025-10-22T05:00:00-07:00,50,73,3.7
2025-10-22T05:30:00-07:00,50,73,3.4
2025-10-22T06:00:00-07:00,50,73,3.3
2025-10-22T06:30:00-07:00,50,73,3.1
2025-10-22T07:00:00-07:00,51,73,3
2025-10-22T07:30:00-07:00,50,73,3.1
2025-10-22T08:00:00-07:00,49,74,3.6
2025-10-22T08:30:00-07:00,48,75,3.8
2025-10-22T09:00:00-07:00,47,76,4.1
2025-10-22T09:30:00-07:00,45,77,4.3
2025-10-22T10:00:00-07:00,44,78,3.9
2025-10-22T10:30:00-07:00,44,78,3.9
2025-10-22T11:00:00-07:00,44,77,3.3
2025-10-22T11:30:00-07:00,45,76,3.7
2025-10-22T12:00:00-07:00,43,79,5.2
2025-10-22T12:30:00-07:00,39,81,3.8
2025-10-22T13:00:00-07:00,39,81,3.4
2025-10-22T13:30:00-07:00,40,80,3.3
2025-10-22T14:00:00-07:00,40,80,4.1
2025-10-22T14:30:00-07:00,39,81,3.9
2025-10-22T15:00:00-07:00,38,81,3.7
2025-10-22T15:30:00-07:00,37,82,3.9
2025-10-22T16:00:00-07:00,36,83,3.7
2025-10-22T16:30:00-07:00,37,81,3.7
2025-10-22T17:00:00-07:00,41,77,10.7
2025-10-22T17:30:00-07:00,46,75,3.9
2025-10-22T18:00:00-07:00,47,73,4
2025-10-22T18:30:00-07:00,49,73,4.7
2025-10-22T19:00:00-07:00,50,73,5.9
2025-10-22T19:30:00-07:00,50,73,6.3
2025-10-22T20:00:00-07:00,50,73,5.9
2025-10-22T20:30:00-07:00,51,72,10.8
2025-10-22T21:00:00-07:00,52,71,13.8
2025-10-22T21:30:00-07:00,53,70,7.9
2025-10-22T22:00:00-07:00,53,70,8
2025-10-22T22:30:00-07:00,54,69,7.9
2025-10-22T23:00:00-07:00,54,69,8
2025-10-22T23:30:00-07:00,54,68,7.4
2025-10-23T00:00:00-07:00,55,67,7.5
2025-10-23T00:30:00-07:00,56,67,8.1
2025-10-23T01:00:00-07:00,56,66,8.9
2025-10-23T01:30:00-07:00,56,66,11.1
2025-10-23T02:00:00-07:00,57,66,10.6
2025-10-23T02:30:00-07:00,57,68,8.4
2025-10-23T03:00:00-07:00,56,69,9.4
2025-10-23T03:30:00-07:00,55,70,8.4
2025-10-23T04:00:00-07:00,55,71,8
2025-10-23T04:30:00-07:00,56,71,7.9
2025-10-23T05:00:00-07:00,56,71,7.4
2025-10-23T05:30:00-07:00,56,71,7.4
2025-10-23T06:00:00-07:00,55,72,10.8
2025-10-23T06:30:00-07:00,55,72,8.9
2025-10-23T07:00:00-07:00,55,72,7.9
2025-10-23T07:30:00-07:00,54,72,9.2
2025-10-23T08:00:00-07:00,53,73,9.9
2025-10-23T08:30:00-07:00,51,74,10.1
2025-10-23T09:00:00-07:00,50,75,10
2025-10-23T09:30:00-07:00,49,76,11.3
2025-10-23T10:00:00-07:00,48,76,12.6
2025-10-23T10:30:00-07:00,47,77,13.4
2025-10-23T11:00:00-07:00,47,77,12.4
2025-10-23T11:30:00-07:00,47,77,11.7
2025-10-23T12:00:00-07:00,44,80,16.1
2025-10-23T12:30:00-07:00,43,80,18.7
2025-10-23T13:00:00-07:00,41,82,11.5
2025-10-23T13:30:00-07:00,41,82,10.8
2025-10-23T14:00:00-07:00,40,83,10.6
2025-10-23T14:30:00-07:00,38,84,9.9
2025-10-23T15:00:00-07:00,37,85,9.2
2025-10-23T15:30:00-07:00,37,85,8.9
2025-10-23T16:00:00-07:00,37,85,9
2025-10-23T16:30:00-07:00,38,84,8.8
2025-10-23T17:00:00-07:00,42,81,9.7
2025-10-23T17:30:00-07:00,44,78,16.8
2025-10-23T18:00:00-07:00,47,76,9.7
2025-10-23T18:30:00-07:00,50,74,10
2025-10-23T19:00:00-07:00,52,73,10.3
2025-10-23T19:30:00-07:00,54,73,10.8
2025-10-23T20:00:00-07:00,56,72,13.6
2025-10-23T20:30:00-07:00,55,72,15.2
2025-10-23T21:00:00-07:00,55,71,12.3
2025-10-23T21:30:00-07:00,58,71,10.9
2025-10-23T22:00:00-07:00,58,71,8.3
2025-10-23T22:30:00-07:00,57,71,7.5
2025-10-23T23:00:00-07:00,56,70,7.2
2025-10-23T23:30:00-07:00,56,70,7.8
2025-10-24T00:00:00-07:00,56,69,7.8
2025-10-24T00:30:00-07:00,56,69,8.2
2025-10-24T01:00:00-07:00,57,68,8.6
2025-10-24T01:30:00-07:00,55,67,8.7
2025-10-24T02:00:00-07:00,56,66,10.3
2025-10-24T02:30:00-07:00,56,66,10.1
2025-10-24T03:00:00-07:00,55,65,9.6
2025-10-24T03:30:00-07:00,57,65,9.6
2025-10-24T04:00:00-07:00,57,64,10
2025-10-24T04:30:00-07:00,57,66,10.1
2025-10-24T05:00:00-07:00,57,68,12.7
2025-10-24T05:30:00-07:00,57,69,14.4
2025-10-24T06:00:00-07:00,56,70,13.4
2025-10-24T06:30:00-07:00,55,71,12.8
2025-10-24T07:00:00-07:00,55,71,12.5
2025-10-24T07:30:00-07:00,56,71,10.5
2025-10-24T08:00:00-07:00,55,71,12.5
2025-10-24T08:30:00-07:00,55,72,16.9
2025-10-24T09:00:00-07:00,54,72,23.6
2025-10-24T09:30:00-07:00,52,73,21.9
2025-10-24T10:00:00-07:00,50,74,19.3
2025-10-24T10:30:00-07:00,48,75,18.1
2025-10-24T11:00:00-07:00,44,78,17.9
2025-10-24T11:30:00-07:00,43,78,17
2025-10-24T12:00:00-07:00,43,79,17
2025-10-24T12:30:00-07:00,43,80,10.2
2025-10-24T13:00:00-07:00,40,81,3.2
2025-10-24T13:30:00-07:00,39,82,3
2025-10-24T14:00:00-07:00,38,83,2.5
2025-10-24T14:30:00-07:00,36,84,1.6
2025-10-24T15:00:00-07:00,35,85,1
2025-10-24T15:30:00-07:00,37,85,0.9
2025-10-24T16:00:00-07:00,40,82,0.7
2025-10-24T16:30:00-07:00,46,78,2
2025-10-24T17:00:00-07:00,51,75,0.4
2025-10-24T17:30:00-07:00,55,73,0.3
2025-10-24T18:00:00-07:00,54,73,0.7
2025-10-24T18:30:00-07:00,54,73,1.5
2025-10-24T19:00:00-07:00,54,72,8.1
2025-10-24T19:30:00-07:00,54,71,0.5
2025-10-24T20:00:00-07:00,56,70,2.4
2025-10-24T20:30:00-07:00,56,70,1.9
2025-10-24T21:00:00-07:00,56,70,1.7
2025-10-24T21:30:00-07:00,56,70,2.1
2025-10-24T22:00:00-07:00,57,70,3.8
2025-10-24T22:30:00-07:00,57,70,4.5
2025-10-24T23:00:00-07:00,58,69,3.7
2025-10-24T23:30:00-07:00,57,68,3.8
2025-10-25T00:00:00-07:00,58,69,4
2025-10-25T00:30:00-07:00,57,71,4.1
2025-10-25T01:00:00-07:00,56,72,4.4
2025-10-25T01:30:00-07:00,56,72,5
2025-10-25T02:00:00-07:00,55,73,4.3
2025-10-25T02:30:00-07:00,55,73,4.5
2025-10-25T03:00:00-07:00,55,73,5.4
2025-10-25T03:30:00-07:00,54,74,7
2025-10-25T04:00:00-07:00,55,73,6.4
2025-10-25T04:30:00-07:00,55,72,6.8
2025-10-25T05:00:00-07:00,56,71,8.3
2025-10-25T05:30:00-07:00,56,71,9.8
2025-10-25T06:00:00-07:00,56,71,9.3
2025-10-25T06:30:00-07:00,57,71,13.3
2025-10-25T07:00:00-07:00,57,70,13.1
2025-10-25T07:30:00-07:00,56,71,12.9
2025-10-25T08:00:00-07:00,56,71,15.1
2025-10-25T08:30:00-07:00,56,71,16.5
2025-10-25T09:00:00-07:00,54,72,15.5
2025-10-25T09:30:00-07:00,54,72,15.4
2025-10-25T10:00:00-07:00,53,73,15.2
2025-10-25T10:30:00-07:00,52,73,10.4
2025-10-25T11:00:00-07:00,47,76,7.1
2025-10-25T11:30:00-07:00,44,79,7.1
2025-10-25T12:00:00-07:00,42,80,12.7
2025-10-25T12:30:00-07:00,43,81,8.7
2025-10-25T13:00:00-07:00,44,82,4.1
2025-10-25T13:30:00-07:00,48,80,6
2025-10-25T14:00:00-07:00,49,81,6.6
2025-10-25T14:30:00-07:00,53,79,1.7
2025-10-25T15:00:00-07:00,50,79,1.8
2025-10-25T15:30:00-07:00,46,80,2.5
2025-10-25T16:00:00-07:00,43,80,6.4
2025-10-25T16:30:00-07:00,43,80,8.3
2025-10-25T17:00:00-07:00,42,81,9.7
2025-10-25T17:30:00-07:00,41,80,9.7
2025-10-25T18:00:00-07:00,43,78,11.8
2025-10-25T18:30:00-07:00,46,77,7.8
2025-10-25T19:00:00-07:00,49,75,3.4
2025-10-25T19:30:00-07:00,51,74,12.1
2025-10-25T20:00:00-07:00,52,73,9.8
2025-10-25T20:30:00-07:00,53,72,11.5
2025-10-25T21:00:00-07:00,54,71,3.1
2025-10-25T21:30:00-07:00,54,71,4.3
2025-10-25T22:00:00-07:00,55,70,5.8
2025-10-25T22:30:00-07:00,55,71,8.7
2025-10-25T23:00:00-07:00,55,70,8.9
2025-10-25T23:30:00-07:00,55,71,5.1
2025-10-26T00:00:00-07:00,55,71,5.9
2025-10-26T00:30:00-07:00,55,71,4.7
2025-10-26T01:00:00-07:00,55,71,4.7
2025-10-26T01:30:00-07:00,55,70,4.5
2025-10-26T02:00:00-07:00,56,70,4.5
2025-10-26T02:30:00-07:00,55,70,4.7
2025-10-26T03:00:00-07:00,56,70,5.1
2025-10-26T03:30:00-07:00,56,70,4.8
2025-10-26T04:00:00-07:00,56,70,5.5
2025-10-26T04:30:00-07:00,55,71,6.7
2025-10-26T05:00:00-07:00,55,71,6.6
2025-10-26T05:30:00-07:00,55,71,6.2
2025-10-26T06:00:00-07:00,54,71,7.2
2025-10-26T06:30:00-07:00,55,70,4.9
2025-10-26T07:00:00-07:00,54,70,4.9
2025-10-26T07:30:00-07:00,54,70,5.7
2025-10-26T08:00:00-07:00,54,71,5.7
2025-10-26T08:30:00-07:00,53,72,6.3
2025-10-26T09:00:00-07:00,52,74,6.4
2025-10-26T09:30:00-07:00,50,75,5.6
2025-10-26T10:00:00-07:00,46,77,3.7
2025-10-26T10:30:00-07:00,44,78,3
2025-10-26T11:00:00-07:00,41,80,8.5
2025-10-26T11:30:00-07:00,38,82,2.4
2025-10-26T12:00:00-07:00,35,83,1.3
2025-10-26T12:30:00-07:00,35,83,1.3
2025-10-26T13:00:00-07:00,36,82,0.9
2025-10-26T13:30:00-07:00,38,81,0.6
2025-10-26T14:00:00-07:00,40,81,0.7
2025-10-26T14:30:00-07:00,41,80,0.8
2025-10-26T15:00:00-07:00,42,81,0.1
2025-10-26T15:30:00-07:00,43,80,0
2025-10-26T16:00:00-07:00,46,80,5.1
2025-10-26T16:30:00-07:00,51,77,7.4
2025-10-26T17:00:00-07:00,51,75,2.4
2025-10-26T17:30:00-07:00,51,74,2.2
2025-10-26T18:00:00-07:00,49,72,1.5
2025-10-26T18:30:00-07:00,49,72,7.2
2025-10-26T19:00:00-07:00,49,72,5.2
2025-10-26T19:30:00-07:00,48,73,2.7
2025-10-26T20:00:00-07:00,49,72,4.5
2025-10-26T20:30:00-07:00,50,71,1.3
2025-10-26T21:00:00-07:00,49,72,2.5
2025-10-26T21:30:00-07:00,50,71,1.7
2025-10-26T22:00:00-07:00,50,71,1.5
2025-10-26T22:30:00-07:00,49,71,1.6
2025-10-26T23:00:00-07:00,48,71,1.6
2025-10-26T23:30:00-07:00,49,71,1.2
2025-10-27T00:00:00-07:00,49,71,1.4
2025-10-27T00:30:00-07:00,50,70,1.1
2025-10-27T01:00:00-07:00,51,69,1.2
2025-10-27T01:30:00-07:00,50,70,1.3
2025-10-27T02:00:00-07:00,50,70,1.3
2025-10-27T02:30:00-07:00,50,71,1.3
2025-10-27T03:00:00-07:00,49,71,1.4
2025-10-27T03:30:00-07:00,50,71,1.3
2025-10-27T04:00:00-07:00,49,71,1.3
2025-10-27T04:30:00-07:00,48,71,1.1
2025-10-27T05:00:00-07:00,48,71,1.3
2025-10-27T05:30:00-07:00,47,72,1.2
2025-10-27T06:00:00-07:00,48,72,1.5
2025-10-27T06:30:00-07:00,49,72,1.4
2025-10-27T07:00:00-07:00,49,72,1.5
2025-10-27T07:30:00-07:00,50,72,1.7
2025-10-27T08:00:00-07:00,49,73,6.8
2025-10-27T08:30:00-07:00,49,73,4.7
2025-10-27T09:00:00-07:00,48,74,2.5
2025-10-27T09:30:00-07:00,47,74,4.7
2025-10-27T10:00:00-07:00,46,76,2
2025-10-27T10:30:00-07:00,45,77,1.7
2025-10-27T11:00:00-07:00,43,77,1.1
2025-10-27T11:30:00-07:00,42,78,0.3
2025-10-27T12:00:00-07:00,41,79,0.4
2025-10-27T12:30:00-07:00,40,80,0.2
2025-10-27T13:00:00-07:00,39,81,2.8
2025-10-27T13:30:00-07:00,38,82,1.1
2025-10-27T14:00:00-07:00,40,81,4.2
2025-10-27T14:30:00-07:00,38,82,2.2
2025-10-27T15:00:00-07:00,36,82,0.9
2025-10-27T15:30:00-07:00,35,82,0.7
2025-10-27T16:00:00-07:00,35,82,0.3
2025-10-27T16:30:00-07:00,34,82,0.2
2025-10-27T17:00:00-07:00,36,81,0.1
2025-10-27T17:30:00-07:00,41,79,1
2025-10-27T18:00:00-07:00,44,76,0.7
2025-10-27T18:30:00-07:00,46,75,1
2025-10-27T19:00:00-07:00,46,74,8.9
2025-10-27T19:30:00-07:00,47,73,0.9
2025-10-27T20:00:00-07:00,48,72,3.3
2025-10-27T20:30:00-07:00,50,71,1.8
2025-10-27T21:00:00-07:00,52,70,2.4
2025-10-27T21:30:00-07:00,54,69,3.1
2025-10-27T22:00:00-07:00,53,68,4.9
2025-10-27T22:30:00-07:00,52,68,4.7
2025-10-27T23:00:00-07:00,52,67,4
2025-10-27T23:30:00-07:00,52,66,4.2
2025-10-28T00:00:00-07:00,52,66,3.4
2025-10-28T00:30:00-07:00,52,65,4.1
2025-10-28T01:00:00-07:00,49,65,2.9
2025-10-28T01:30:00-07:00,45,65,1.9
2025-10-28T02:00:00-07:00,43,65,1.7
2025-10-28T02:30:00-07:00,45,65,2
2025-10-28T03:00:00-07:00,48,64,2
2025-10-28T03:30:00-07:00,52,66,2.9
2025-10-28T04:00:00-07:00,47,65,2.2
2025-10-28T04:30:00-07:00,47,64,1.8
2025-10-28T05:00:00-07:00,48,63,1.8
2025-10-28T05:30:00-07:00,49,62,2.2
2025-10-28T06:00:00-07:00,49,62,2.5
2025-10-28T06:30:00-07:00,51,61,2.9
2025-10-28T07:00:00-07:00,52,61,3.5
2025-10-28T07:30:00-07:00,53,61,4
2025-10-28T08:00:00-07:00,54,62,5.3
2025-10-28T08:30:00-07:00,55,65,6.7
2025-10-28T09:00:00-07:00,51,68,6.9
2025-10-28T09:30:00-07:00,45,72,6
2025-10-28T10:00:00-07:00,42,74,6.1
2025-10-28T10:30:00-07:00,40,76,6.5
2025-10-28T11:00:00-07:00,38,79,6.7
2025-10-28T11:30:00-07:00,35,81,6.5
2025-10-28T12:00:00-07:00,33,84,4.3
2025-10-28T12:30:00-07:00,30,86,2.8
2025-10-28T13:00:00-07:00,27,87,2.2
2025-10-28T13:30:00-07:00,25,88,2.4
2025-10-28T14:00:00-07:00,24,89,2
2025-10-28T14:30:00-07:00,25,89,1.9
2025-10-28T15:00:00-07:00,25,88,2
2025-10-28T15:30:00-07:00,25,87,2.3
2025-10-28T16:00:00-07:00,26,87,1.7
2025-10-28T16:30:00-07:00,26,88,1.7
2025-10-28T17:00:00-07:00,27,87,1.9
2025-10-28T17:30:00-07:00,29,86,1.7
2025-10-28T18:00:00-07:00,33,83,2.7
2025-10-28T18:30:00-07:00,36,80,6.9
2025-10-28T19:00:00-07:00,37,77,5
2025-10-28T19:30:00-07:00,39,76,4.6
2025-10-28T20:00:00-07:00,43,74,11.8
2025-10-28T20:30:00-07:00,47,73,8.3
2025-10-28T21:00:00-07:00,49,73,7.4
2025-10-28T21:30:00-07:00,50,72,3.8
2025-10-28T22:00:00-07:00,51,71,4.2
2025-10-28T22:30:00-07:00,53,70,4.5
2025-10-28T23:00:00-07:00,53,69,4.8
2025-10-28T23:30:00-07:00,52,68,4.9
2025-10-29T00:00:00-07:00,51,68,5
2025-10-29T00:30:00-07:00,50,67,4.9
2025-10-29T01:00:00-07:00,50,66,5.5
2025-10-29T01:30:00-07:00,51,66,7.5
2025-10-29T02:00:00-07:00,53,65,7.3
2025-10-29T02:30:00-07:00,52,65,7.3
2025-10-29T03:00:00-07:00,52,65,5.6
2025-10-29T03:30:00-07:00,52,65,5.3
2025-10-29T04:00:00-07:00,52,64,5.4
2025-10-29T04:30:00-07:00,51,64,5.4
2025-10-29T05:00:00-07:00,51,64,5.6
2025-10-29T05:30:00-07:00,52,63,6.2
2025-10-29T06:00:00-07:00,52,63,6.4
2025-10-29T06:30:00-07:00,52,63,6.7
2025-10-29T07:00:00-07:00,52,63,7.2
2025-10-29T07:30:00-07:00,54,63,7.7
2025-10-29T08:00:00-07:00,54,64,8.6
2025-10-29T08:30:00-07:00,51,67,9.9
2025-10-29T09:00:00-07:00,46,70,10.5
2025-10-29T09:30:00-07:00,46,74,8.7
2025-10-29T10:00:00-07:00,44,77,7.3
2025-10-29T10:30:00-07:00,41,79,7.3
2025-10-29T11:00:00-07:00,38,82,9.7
2025-10-29T11:30:00-07:00,36,84,7.2
2025-10-29T12:00:00-07:00,34,86,7.4
2025-10-29T12:30:00-07:00,32,87,7.2
2025-10-29T13:00:00-07:00,32,88,7.4
2025-10-29T13:30:00-07:00,31,88,7.8
2025-10-29T14:00:00-07:00,30,89,8.4
2025-10-29T14:30:00-07:00,30,90,8.4
2025-10-29T15:00:00-07:00,29,91,7.4
2025-10-29T15:30:00-07:00,28,91,6.5
2025-10-29T16:00:00-07:00,27,91,5.1
2025-10-29T16:30:00-07:00,26,92,3.7
2025-10-29T17:00:00-07:00,27,90,4
2025-10-29T17:30:00-07:00,32,87,5.5
2025-10-29T18:00:00-07:00,36,84,6.3
2025-10-29T18:30:00-07:00,37,82,5.8
2025-10-29T19:00:00-07:00,40,80,8.6
2025-10-29T19:30:00-07:00,44,79,6.2
2025-10-29T20:00:00-07:00,47,77,6.6
2025-10-29T20:30:00-07:00,49,76,7.2
2025-10-29T21:00:00-07:00,51,75,7.1
2025-10-29T21:30:00-07:00,52,74,7.6
2025-10-29T22:00:00-07:00,53,73,21.3
2025-10-29T22:30:00-07:00,54,72,13.2
2025-10-29T23:00:00-07:00,55,71,8.3
2025-10-29T23:30:00-07:00,56,71,6.6
2025-10-30T00:00:00-07:00,56,70,6.6
2025-10-30T00:30:00-07:00,56,70,6.4
2025-10-30T01:00:00-07:00,56,69,6.8
2025-10-30T01:30:00-07:00,56,68,7.2
2025-10-30T02:00:00-07:00,55,68,7.3
2025-10-30T02:30:00-07:00,55,67,7.5
2025-10-30T03:00:00-07:00,55,67,7.5
2025-10-30T03:30:00-07:00,55,66,8.3
2025-10-30T04:00:00-07:00,56,66,9.3
2025-10-30T04:30:00-07:00,55,66,9.4
2025-10-30T05:00:00-07:00,56,66,9.8
2025-10-30T05:30:00-07:00,57,68,8.7
2025-10-30T06:00:00-07:00,59,70,11.7
2025-10-30T06:30:00-07:00,59,71,13.3
2025-10-30T07:00:00-07:00,58,71,13
2025-10-30T07:30:00-07:00,57,72,17.5
2025-10-30T08:00:00-07:00,57,72,19
2025-10-30T08:30:00-07:00,56,73,17.4
2025-10-30T09:00:00-07:00,56,73,16.3
2025-10-30T09:30:00-07:00,56,73,16
2025-10-30T10:00:00-07:00,55,73,15.4
2025-10-30T10:30:00-07:00,54,74,16.5
2025-10-30T11:00:00-07:00,53,74,16.3
2025-10-30T11:30:00-07:00,51,75,18.4
2025-10-30T12:00:00-07:00,50,76,18.3
2025-10-30T12:30:00-07:00,48,78,18.2
2025-10-30T13:00:00-07:00,46,79,16.3
2025-10-30T13:30:00-07:00,45,80,23.3
2025-10-30T14:00:00-07:00,43,82,13.4
2025-10-30T14:30:00-07:00,42,82,11.4
2025-10-30T15:00:00-07:00,43,82,11
2025-10-30T15:30:00-07:00,45,79,11.3
2025-10-30T16:00:00-07:00,47,78,10
2025-10-30T16:30:00-07:00,48,77,10
2025-10-30T17:00:00-07:00,51,74,10
2025-10-30T17:30:00-07:00,55,71,13.2
2025-10-30T18:00:00-07:00,58,70,10.3
2025-10-30T18:30:00-07:00,59,69,10.3
2025-10-30T19:00:00-07:00,57,69,10
2025-10-30T19:30:00-07:00,56,70,10
2025-10-30T20:00:00-07:00,56,70,9.8
2025-10-30T20:30:00-07:00,56,70,9.4
2025-10-30T21:00:00-07:00,56,69,9.3
2025-10-30T21:30:00-07:00,56,69,9
2025-10-30T22:00:00-07:00,55,69,8.9
2025-10-30T22:30:00-07:00,55,68,8.9
2025-10-30T23:00:00-07:00,57,68,9
2025-10-30T23:30:00-07:00,56,70,8.4
2025-10-31T00:00:00-07:00,56,69,9
2025-10-31T00:30:00-07:00,55,69,8.3
2025-10-31T01:00:00-07:00,54,70,8
2025-10-31T01:30:00-07:00,53,71,7.7
2025-10-31T02:00:00-07:00,52,71,7.5
2025-10-31T02:30:00-07:00,52,71,7.5
2025-10-31T03:00:00-07:00,52,71,7.6
2025-10-31T03:30:00-07:00,53,70,7.8
2025-10-31T04:00:00-07:00,53,69,8.4
2025-10-31T04:30:00-07:00,54,69,8.6
2025-10-31T05:00:00-07:00,54,67,8
2025-10-31T05:30:00-07:00,54,67,7.8
2025-10-31T06:00:00-07:00,55,67,7.5
2025-10-31T06:30:00-07:00,55,68,7.6
2025-10-31T07:00:00-07:00,54,69,9.1
2025-10-31T07:30:00-07:00,54,69,12.1
2025-10-31T08:00:00-07:00,53,70,12.7
2025-10-31T08:30:00-07:00,53,70,14.9
2025-10-31T09:00:00-07:00,53,71,17.1
2025-10-31T09:30:00-07:00,51,72,17.2
2025-10-31T10:00:00-07:00,50,73,18.5
2025-10-31T10:30:00-07:00,48,75,18.4
2025-10-31T11:00:00-07:00,47,75,19.9
2025-10-31T11:30:00-07:00,45,77,20.9
2025-10-31T12:00:00-07:00,43,79,18.9
2025-10-31T12:30:00-07:00,42,80,18.7
2025-10-31T13:00:00-07:00,42,81,19.9
2025-10-31T13:30:00-07:00,41,83,16.5
2025-10-31T14:00:00-07:00,39,84,16
2025-10-31T14:30:00-07:00,38,86,15.8
2025-10-31T15:00:00-07:00,36,87,13.9
2025-10-31T15:30:00-07:00,34,87,12
2025-10-31T16:00:00-07:00,34,87,12.7
2025-10-31T16:30:00-07:00,33,88,9.7
2025-10-31T17:00:00-07:00,37,85,11.5
2025-10-31T17:30:00-07:00,42,81,10.4
2025-10-31T18:00:00-07:00,46,78,7.1
2025-10-31T18:30:00-07:00,49,76,7
2025-10-31T19:00:00-07:00,51,74,7.8
2025-10-31T19:30:00-07:00,52,74,11.1
2025-10-31T20:00:00-07:00,54,73,16.9
2025-10-31T20:30:00-07:00,53,72,27.8
2025-10-31T21:00:00-07:00,53,71,52.9
2025-10-31T21:30:00-07:00,53,70,17.8
2025-10-31T22:00:00-07:00,54,69,48.7
2025-10-31T22:30:00-07:00,54,68,30
2025-10-31T23:00:00-07:00,54,68,13.9
2025-10-31T23:30:00-07:00,54,67,15.1
2025-11-01T00:00:00-07:00,55,66,15.7
2025-11-01T00:30:00-07:00,54,66,13.9
2025-11-01T01:00:00-07:00,54,65,11.7
2025-11-01T01:30:00-07:00,54,65,10.9
2025-11-01T02:00:00-07:00,54,64,11
2025-11-01T02:30:00-07:00,54,64,10.4
2025-11-01T03:00:00-07:00,55,64,10.6
2025-11-01T03:30:00-07:00,54,64,11.6
2025-11-01T04:00:00-07:00,55,63,20.1
2025-11-01T04:30:00-07:00,54,63,26.3
2025-11-01T05:00:00-07:00,54,62,31.9
2025-11-01T05:30:00-07:00,54,62,34.8
2025-11-01T06:00:00-07:00,54,62,33.4
2025-11-01T06:30:00-07:00,54,62,34.1
2025-11-01T07:00:00-07:00,54,62,33.4
2025-11-01T07:30:00-07:00,55,61,23.7
2025-11-01T08:00:00-07:00,56,62,30.5
2025-11-01T08:30:00-07:00,60,64,17.1
2025-11-01T09:00:00-07:00,60,68,19.9
2025-11-01T09:30:00-07:00,57,72,21.2
2025-11-01T10:00:00-07:00,55,73,24.5
2025-11-01T10:30:00-07:00,54,74,24.9
2025-11-01T11:00:00-07:00,51,76,25.3
2025-11-01T11:30:00-07:00,49,78,24.7
2025-11-01T12:00:00-07:00,47,79,21.5
2025-11-01T12:30:00-07:00,43,80,15.6
2025-11-01T13:00:00-07:00,39,82,7.2
2025-11-01T13:30:00-07:00,38,84,5.1
2025-11-01T14:00:00-07:00,35,85,3.4
2025-11-01T14:30:00-07:00,33,86,3
2025-11-01T15:00:00-07:00,33,86,2.6
2025-11-01T15:30:00-07:00,33,86,3.1
2025-11-01T16:00:00-07:00,33,86,3.9
2025-11-01T16:30:00-07:00,34,85,4.5
2025-11-01T17:00:00-07:00,38,83,4.7
2025-11-01T17:30:00-07:00,42,80,4.7
2025-11-01T18:00:00-07:00,46,78,3.7
2025-11-01T18:30:00-07:00,50,76,4.2
2025-11-01T19:00:00-07:00,55,75,4.3
2025-11-01T19:30:00-07:00,53,74,4.8
2025-11-01T20:00:00-07:00,57,73,15.1
2025-11-01T20:30:00-07:00,57,73,18.2
2025-11-01T21:00:00-07:00,56,72,4.6
2025-11-01T21:30:00-07:00,56,70,7.1
2025-11-01T22:00:00-07:00,56,69,7.9
2025-11-01T22:30:00-07:00,56,68,6.2
2025-11-01T23:00:00-07:00,57,67,6.8
2025-11-01T23:30:00-07:00,57,67,7.6
2025-11-02T00:00:00-07:00,56,66,11.1
2025-11-02T00:30:00-07:00,58,66,10.2
2025-11-02T01:00:00-07:00,57,66,7.4
2025-11-02T01:30:00-07:00,56,65,8
2025-11-02T01:00:00-08:00,57,64,7.4
2025-11-02T01:30:00-08:00,57,64,7
2025-11-02T02:00:00-08:00,56,64,7
2025-11-02T02:30:00-08:00,55,64,6.9
2025-11-02T03:00:00-08:00,56,63,6.8
2025-11-02T03:30:00-08:00,56,63,7
2025-11-02T04:00:00-08:00,56,63,7.5
2025-11-02T04:30:00-08:00,56,63,10.2
2025-11-02T05:00:00-08:00,59,65,16
2025-11-02T05:30:00-08:00,60,67,14
2025-11-02T06:00:00-08:00,58,66,12.4
2025-11-02T06:30:00-08:00,57,65,11.6
2025-11-02T07:00:00-08:00,57,64,11.2
2025-11-02T07:30:00-08:00,58,66,9.7
2025-11-02T08:00:00-08:00,58,68,12.7
2025-11-02T08:30:00-08:00,55,72,17.2
2025-11-02T09:00:00-08:00,52,74,15.9
2025-11-02T09:30:00-08:00,49,77,13.2
2025-11-02T10:00:00-08:00,45,79,10.8
2025-11-02T10:30:00-08:00,41,82,9.3
2025-11-02T11:00:00-08:00,39,84,7.6
2025-11-02T11:30:00-08:00,37,86,7.3
2025-11-02T12:00:00-08:00,37,88,8.2
2025-11-02T12:30:00-08:00,34,89,6.4
2025-11-02T13:00:00-08:00,32,89,4.5
2025-11-02T13:30:00-08:00,31,90,4.2
2025-11-02T14:00:00-08:00,31,91,5.2
2025-11-02T14:30:00-08:00,33,92,7.5
2025-11-02T15:00:00-08:00,32,91,7.1
2025-11-02T15:30:00-08:00,31,90,7
2025-11-02T16:00:00-08:00,35,88,10.5
2025-11-02T16:30:00-08:00,39,86,12
2025-11-02T17:00:00-08:00,41,84,11.2
2025-11-02T17:30:00-08:00,44,82,11.1
2025-11-02T18:00:00-08:00,47,80,12.4
2025-11-02T18:30:00-08:00,49,78,12.2
2025-11-02T19:00:00-08:00,51,77,14.5
2025-11-02T19:30:00-08:00,53,76,14.7
2025-11-02T20:00:00-08:00,53,75,15.1
2025-11-02T20:30:00-08:00,56,74,10.3
2025-11-02T21:00:00-08:00,55,74,8.8
2025-11-02T21:30:00-08:00,56,73,13.9
2025-11-02T22:00:00-08:00,56,72,10.1
2025-11-02T22:30:00-08:00,55,72,10.5
2025-11-02T23:00:00-08:00,56,71,9
2025-11-02T23:30:00-08:00,57,70,8.7
2025-11-03T00:00:00-08:00,57,70,8.5
2025-11-03T00:30:00-08:00,57,70,8.1
2025-11-03T01:00:00-08:00,59,69,8.8
2025-11-03T01:30:00-08:00,60,70,8.8
2025-11-03T02:00:00-08:00,59,70,9.3
2025-11-03T02:30:00-08:00,58,69,8.7
2025-11-03T03:00:00-08:00,57,69,8
2025-11-03T03:30:00-08:00,56,68,8.1
2025-11-03T04:00:00-08:00,57,67,8.1
2025-11-03T04:30:00-08:00,56,66,8.4
2025-11-03T05:00:00-08:00,57,65,8.3
2025-11-03T05:30:00-08:00,58,67,8.7
2025-11-03T06:00:00-08:00,58,69,10.1
2025-11-03T06:30:00-08:00,58,69,12.9
2025-11-03T07:00:00-08:00,58,70,14.2
2025-11-03T07:30:00-08:00,57,71,19.2
2025-11-03T08:00:00-08:00,58,72,27.2
2025-11-03T08:30:00-08:00,58,70,17.8
2025-11-03T09:00:00-08:00,56,71,15.7
2025-11-03T09:30:00-08:00,54,73,18.2
2025-11-03T10:00:00-08:00,51,74,15.6
2025-11-03T10:30:00-08:00,47,75,8.6
2025-11-03T11:00:00-08:00,43,76,3.1
2025-11-03T11:30:00-08:00,38,78,2.3
2025-11-03T12:00:00-08:00,33,80,5.7
2025-11-03T12:30:00-08:00,25,82,1.1
2025-11-03T13:00:00-08:00,22,83,0.5
2025-11-03T13:30:00-08:00,26,82,1.4
2025-11-03T14:00:00-08:00,27,82,1.5
2025-11-03T14:30:00-08:00,30,81,1.6
2025-11-03T15:00:00-08:00,31,80,2.2
2025-11-03T15:30:00-08:00,31,80,6.8
2025-11-03T16:00:00-08:00,30,80,9.1
2025-11-03T16:30:00-08:00,32,78,1.6
2025-11-03T17:00:00-08:00,36,75,1.8
2025-11-03T17:30:00-08:00,41,73,2.3
2025-11-03T18:00:00-08:00,44,71,11.6
2025-11-03T18:30:00-08:00,44,71,2.6
2025-11-03T19:00:00-08:00,46,70,3
2025-11-03T19:30:00-08:00,48,70,3.2
2025-11-03T20:00:00-08:00,49,69,3.4
2025-11-03T20:30:00-08:00,50,70,3.8
2025-11-03T21:00:00-08:00,49,71,3.9
2025-11-03T21:30:00-08:00,49,70,4.3
2025-11-03T22:00:00-08:00,48,71,3.9
2025-11-03T22:30:00-08:00,46,72,3.9
2025-11-03T23:00:00-08:00,44,72,4.7
2025-11-03T23:30:00-08:00,42,73,4
2025-11-04T00:00:00-08:00,41,73,3.3
2025-11-04T00:30:00-08:00,41,73,4.3
2025-11-04T01:00:00-08:00,42,73,5.6
2025-11-04T01:30:00-08:00,43,73,6.2
2025-11-04T02:00:00-08:00,43,72,9.7
2025-11-04T02:30:00-08:00,43,71,15.7
2025-11-04T03:00:00-08:00,45,71,15.2
2025-11-04T03:30:00-08:00,45,71,15.2
2025-11-04T04:00:00-08:00,45,70,11.7
2025-11-04T04:30:00-08:00,47,69,3.7
2025-11-04T05:00:00-08:00,48,67,3.6
2025-11-04T05:30:00-08:00,50,66,4.1
2025-11-04T06:00:00-08:00,51,65,4
2025-11-04T06:30:00-08:00,52,65,4.6
2025-11-04T07:00:00-08:00,53,65,4.8
2025-11-04T07:30:00-08:00,53,67,5.3
2025-11-04T08:00:00-08:00,50,69,4.1
2025-11-04T08:30:00-08:00,46,72,3.3
2025-11-04T09:00:00-08:00,43,75,2.6
2025-11-04T09:30:00-08:00,40,78,1.9
2025-11-04T10:00:00-08:00,39,80,1
2025-11-04T10:30:00-08:00,38,82,0.3
2025-11-04T11:00:00-08:00,37,83,0.2
2025-11-04T11:30:00-08:00,36,85,0.2
2025-11-04T12:00:00-08:00,35,86,0.1
2025-11-04T12:30:00-08:00,33,88,0.5
2025-11-04T13:00:00-08:00,33,88,0.3
2025-11-04T13:30:00-08:00,35,86,0.4
2025-11-04T14:00:00-08:00,38,84,0.3
2025-11-04T14:30:00-08:00,39,83,0.1
2025-11-04T15:00:00-08:00,39,84,0.1
2025-11-04T15:30:00-08:00,40,83,0.1
2025-11-04T16:00:00-08:00,42,81,1.7
2025-11-04T16:30:00-08:00,46,78,0.9
2025-11-04T17:00:00-08:00,48,77,0.2
2025-11-04T17:30:00-08:00,48,77,0.1
2025-11-04T18:00:00-08:00,49,76,0.1
2025-11-04T18:30:00-08:00,49,76,0.1
2025-11-04T19:00:00-08:00,50,75,0.8
2025-11-04T19:30:00-08:00,51,74,1
2025-11-04T20:00:00-08:00,51,74,0.6
2025-11-04T20:30:00-08:00,51,74,0.3
2025-11-04T21:00:00-08:00,51,74,0.2
2025-11-04T21:30:00-08:00,52,74,0.3
2025-11-04T22:00:00-08:00,52,74,0.2
2025-11-04T22:30:00-08:00,52,74,0.2
2025-11-04T23:00:00-08:00,53,72,2.6
2025-11-04T23:30:00-08:00,54,72,2.7
2025-11-05T00:00:00-08:00,54,72,1.5
2025-11-05T00:30:00-08:00,55,71,0.8
2025-11-05T01:00:00-08:00,56,70,1.4
2025-11-05T01:30:00-08:00,56,70,2
2025-11-05T02:00:00-08:00,55,71,1.9
2025-11-05T02:30:00-08:00,52,71,2.3
2025-11-05T03:00:00-08:00,51,71,4.4
2025-11-05T03:30:00-08:00,49,71,5.7
2025-11-05T04:00:00-08:00,47,72,13.1
2025-11-05T04:30:00-08:00,47,72,17.7
2025-11-05T05:00:00-08:00,47,72,19.1
2025-11-05T05:30:00-08:00,46,73,6.3
2025-11-05T06:00:00-08:00,48,73,7.3
2025-11-05T06:30:00-08:00,54,71,5.2
2025-11-05T07:00:00-08:00,56,71,5
2025-11-05T07:30:00-08:00,56,70,6.1
2025-11-05T08:00:00-08:00,58,70,5.1
2025-11-05T08:30:00-08:00,56,71,5.4
2025-11-05T09:00:00-08:00,53,73,5.5
2025-11-05T09:30:00-08:00,52,75,2
2025-11-05T10:00:00-08:00,50,75,0.6
2025-11-05T10:30:00-08:00,47,78,0.3
2025-11-05T11:00:00-08:00,44,80,2
2025-11-05T11:30:00-08:00,41,83,2.2
2025-11-05T12:00:00-08:00,40,83,0
2025-11-05T12:30:00-08:00,41,82,0
2025-11-05T13:00:00-08:00,42,81,4
2025-11-05T13:30:00-08:00,42,80,6.9
2025-11-05T14:00:00-08:00,43,80,11.4
2025-11-05T14:30:00-08:00,44,80,7.6
2025-11-05T15:00:00-08:00,45,79,0.5
2025-11-05T15:30:00-08:00,45,80,0.2
2025-11-05T16:00:00-08:00,46,79,0.3
2025-11-05T16:30:00-08:00,48,77,0.1
2025-11-05T17:00:00-08:00,50,76,0.2
2025-11-05T17:30:00-08:00,51,77,0.6
2025-11-05T18:00:00-08:00,51,77,1.2
2025-11-05T18:30:00-08:00,52,75,1.2
2025-11-05T19:00:00-08:00,53,75,1
2025-11-05T19:30:00-08:00,54,74,0.6
2025-11-05T20:00:00-08:00,55,74,1.8
2025-11-05T20:30:00-08:00,54,74,1.2
2025-11-05T21:00:00-08:00,54,74,6.8
2025-11-05T21:30:00-08:00,54,74,6.3
2025-11-05T22:00:00-08:00,54,73,1.8
2025-11-05T22:30:00-08:00,54,73,6.7
2025-11-05T23:00:00-08:00,55,72,2.1
2025-11-05T23:30:00-08:00,55,70,2.2
2025-11-06T00:00:00-08:00,56,69,2.7
2025-11-06T00:30:00-08:00,56,69,2.9
2025-11-06T01:00:00-08:00,57,68,2.6
2025-11-06T01:30:00-08:00,57,68,2.4
2025-11-06T02:00:00-08:00,57,69,2
2025-11-06T02:30:00-08:00,56,70,1.9
2025-11-06T03:00:00-08:00,56,71,2
2025-11-06T03:30:00-08:00,56,72,2.1
2025-11-06T04:00:00-08:00,56,72,2.5
2025-11-06T04:30:00-08:00,55,73,2.8
2025-11-06T05:00:00-08:00,55,73,2
2025-11-06T05:30:00-08:00,55,73,1.7
2025-11-06T06:00:00-08:00,55,72,1.7
2025-11-06T06:30:00-08:00,56,71,3.6
2025-11-06T07:00:00-08:00,56,71,4.8
2025-11-06T07:30:00-08:00,57,71,6.7
2025-11-06T08:00:00-08:00,56,72,9.3
2025-11-06T08:30:00-08:00,53,74,3.7
2025-11-06T09:00:00-08:00,51,76,1.6
2025-11-06T09:30:00-08:00,48,78,2.4
2025-11-06T10:00:00-08:00,45,80,2.2
2025-11-06T10:30:00-08:00,42,81,6
2025-11-06T11:00:00-08:00,39,82,2.9
2025-11-06T11:30:00-08:00,38,83,2.8
2025-11-06T12:00:00-08:00,38,84,3
2025-11-06T12:30:00-08:00,38,83,3.2
2025-11-06T13:00:00-08:00,38,83,3.6
2025-11-06T13:30:00-08:00,39,83,4
2025-11-06T14:00:00-08:00,39,83,3.8
2025-11-06T14:30:00-08:00,38,83,3.2
2025-11-06T15:00:00-08:00,39,81,2.8
2025-11-06T15:30:00-08:00,40,80,8.6
2025-11-06T16:00:00-08:00,43,79,15.7
2025-11-06T16:30:00-08:00,44,77,13.1
2025-11-06T17:00:00-08:00,47,76,3.9
2025-11-06T17:30:00-08:00,50,75,4.3
2025-11-06T18:00:00-08:00,52,75,4.7
2025-11-06T18:30:00-08:00,52,74,4
2025-11-06T19:00:00-08:00,53,74,4.1
2025-11-06T19:30:00-08:00,55,73,6.1
2025-11-06T20:00:00-08:00,55,72,5.6
2025-11-06T20:30:00-08:00,54,72,4.1
2025-11-06T21:00:00-08:00,55,71,4.4
2025-11-06T21:30:00-08:00,55,71,5.2
2025-11-06T22:00:00-08:00,55,70,5.4
2025-11-06T22:30:00-08:00,54,70,6.4
2025-11-06T23:00:00-08:00,55,69,6.5
2025-11-06T23:30:00-08:00,55,69,5.7
2025-11-07T00:00:00-08:00,55,68,4.9
2025-11-07T00:30:00-08:00,55,68,4
2025-11-07T01:00:00-08:00,54,68,3.8
2025-11-07T01:30:00-08:00,54,68,3.9
2025-11-07T02:00:00-08:00,54,67,3.4
2025-11-07T02:30:00-08:00,54,67,3.6
2025-11-07T03:00:00-08:00,54,67,3.7
2025-11-07T03:30:00-08:00,55,67,3.8
2025-11-07T04:00:00-08:00,55,68,3.2
2025-11-07T04:30:00-08:00,55,69,3.9
2025-11-07T05:00:00-08:00,55,69,4.3
2025-11-07T05:30:00-08:00,55,68,6.1
2025-11-07T06:00:00-08:00,55,68,8.3
2025-11-07T06:30:00-08:00,55,68,8.9
2025-11-07T07:00:00-08:00,55,69,9.2
2025-11-07T07:30:00-08:00,57,70,11.8
2025-11-07T08:00:00-08:00,56,72,11.3
2025-11-07T08:30:00-08:00,53,75,12.2
2025-11-07T09:00:00-08:00,49,78,9.4
2025-11-07T09:30:00-08:00,46,80,7.8
2025-11-07T10:00:00-08:00,45,81,7.2
2025-11-07T10:30:00-08:00,45,82,3.1
2025-11-07T11:00:00-08:00,43,84,1.7
2025-11-07T11:30:00-08:00,43,85,1.2
2025-11-07T12:00:00-08:00,43,85,2.5
2025-11-07T12:30:00-08:00,44,85,1.4
2025-11-07T13:00:00-08:00,44,85,3
2025-11-07T13:30:00-08:00,44,85,3
2025-11-07T14:00:00-08:00,43,85,2.7
2025-11-07T14:30:00-08:00,43,85,1.3
2025-11-07T15:00:00-08:00,43,84,1.1
2025-11-07T15:30:00-08:00,43,84,0.7
2025-11-07T16:00:00-08:00,45,82,0.5
2025-11-07T16:30:00-08:00,47,80,3
2025-11-07T17:00:00-08:00,51,78,1.7
2025-11-07T17:30:00-08:00,54,77,2.2
2025-11-07T18:00:00-08:00,56,76,3.1
2025-11-07T18:30:00-08:00,56,76,4
2025-11-07T19:00:00-08:00,57,75,4.1
2025-11-07T19:30:00-08:00,58,74,4.5
2025-11-07T20:00:00-08:00,57,74,14
2025-11-07T20:30:00-08:00,57,73,14.5
2025-11-07T21:00:00-08:00,57,72,7.6
2025-11-07T21:30:00-08:00,58,71,9.1
2025-11-07T22:00:00-08:00,58,71,9
2025-11-07T22:30:00-08:00,57,70,9.6
2025-11-07T23:00:00-08:00,58,70,8.9
2025-11-07T23:30:00-08:00,58,69,8.2
2025-11-08T00:00:00-08:00,57,69,7.7
2025-11-08T00:30:00-08:00,57,69,7.8
2025-11-08T01:00:00-08:00,57,68,8.5
2025-11-08T01:30:00-08:00,57,67,9.7
2025-11-08T02:00:00-08:00,57,67,9.7
2025-11-08T02:30:00-08:00,57,66,11.4
2025-11-08T03:00:00-08:00,58,66,15.7
2025-11-08T03:30:00-08:00,58,66,20.2
2025-11-08T04:00:00-08:00,58,65,16.7
2025-11-08T04:30:00-08:00,59,65,14.7
2025-11-08T05:00:00-08:00,59,66,19.8
2025-11-08T05:30:00-08:00,59,65,20
2025-11-08T06:00:00-08:00,59,65,21.2
2025-11-08T06:30:00-08:00,59,65,20.5
2025-11-08T07:00:00-08:00,60,66,20.2
2025-11-08T07:30:00-08:00,60,68,21.2
2025-11-08T08:00:00-08:00,60,70,21.8
2025-11-08T08:30:00-08:00,59,72,17.7
2025-11-08T09:00:00-08:00,57,74,20.8
2025-11-08T09:30:00-08:00,53,76,16.8
2025-11-08T10:00:00-08:00,49,78,13.6
2025-11-08T10:30:00-08:00,46,80,12.7
2025-11-08T11:00:00-08:00,43,82,10.4
2025-11-08T11:30:00-08:00,42,83,6.8
2025-11-08T12:00:00-08:00,40,83,4.9
2025-11-08T12:30:00-08:00,37,85,3.8
2025-11-08T13:00:00-08:00,36,86,3.7
2025-11-08T13:30:00-08:00,35,87,3.5
2025-11-08T14:00:00-08:00,34,88,3.7
2025-11-08T14:30:00-08:00,32,89,3.3
2025-11-08T15:00:00-08:00,31,87,2.6
2025-11-08T15:30:00-08:00,32,86,2.1
2025-11-08T16:00:00-08:00,34,85,2.5
2025-11-08T16:30:00-08:00,36,83,2.7
2025-11-08T17:00:00-08:00,40,80,8.2
2025-11-08T17:30:00-08:00,44,78,13.6
2025-11-08T18:00:00-08:00,46,76,4.4
2025-11-08T18:30:00-08:00,48,74,7
2025-11-08T19:00:00-08:00,45,73,8.9
2025-11-08T19:30:00-08:00,41,74,5.2
2025-11-08T20:00:00-08:00,42,73,5.4
2025-11-08T20:30:00-08:00,44,71,8.4
2025-11-08T21:00:00-08:00,47,70,8
2025-11-08T21:30:00-08:00,48,69,7
2025-11-08T22:00:00-08:00,50,69,7
2025-11-08T22:30:00-08:00,50,69,6.7
2025-11-08T23:00:00-08:00,50,68,6.3
2025-11-08T23:30:00-08:00,50,67,8.1
2025-11-09T00:00:00-08:00,51,67,10.5
2025-11-09T00:30:00-08:00,50,67,7.3
2025-11-09T01:00:00-08:00,51,67,6
2025-11-09T01:30:00-08:00,51,67,6.6
2025-11-09T02:00:00-08:00,51,66,6.8
2025-11-09T02:30:00-08:00,52,66,6.6
2025-11-09T03:00:00-08:00,52,66,4.5
2025-11-09T03:30:00-08:00,52,66,4.6
2025-11-09T04:00:00-08:00,52,65,4.2
2025-11-09T04:30:00-08:00,53,65,4
2025-11-09T05:00:00-08:00,53,65,4.2
2025-11-09T05:30:00-08:00,53,64,4.4
2025-11-09T06:00:00-08:00,54,64,5
2025-11-09T06:30:00-08:00,54,64,6.3
2025-11-09T07:00:00-08:00,54,65,6.3
2025-11-09T07:30:00-08:00,55,67,6.5
2025-11-09T08:00:00-08:00,52,70,6.1
2025-11-09T08:30:00-08:00,48,74,8.3
2025-11-09T09:00:00-08:00,44,77,6.2
2025-11-09T09:30:00-08:00,41,79,6.6
2025-11-09T10:00:00-08:00,39,82,8.6
2025-11-09T10:30:00-08:00,38,85,6.3
2025-11-09T11:00:00-08:00,36,88,5.8
2025-11-09T11:30:00-08:00,34,88,7.5
2025-11-09T12:00:00-08:00,33,90,6.9
2025-11-09T12:30:00-08:00,31,92,6.1
2025-11-09T13:00:00-08:00,30,94,4.1
2025-11-09T13:30:00-08:00,29,94,5.4
2025-11-09T14:00:00-08:00,30,93,6.1
2025-11-09T14:30:00-08:00,29,93,6.8
2025-11-09T15:00:00-08:00,31,92,7.6
2025-11-09T15:30:00-08:00,33,90,9.8
2025-11-09T16:00:00-08:00,35,88,10.6
2025-11-09T16:30:00-08:00,38,86,10.1
2025-11-09T17:00:00-08:00,41,84,11.8
2025-11-09T17:30:00-08:00,44,81,18.4
2025-11-09T18:00:00-08:00,47,79,17.2
2025-11-09T18:30:00-08:00,49,78,15.2
2025-11-09T19:00:00-08:00,48,79,11.3
2025-11-09T19:30:00-08:00,47,79,10.2
2025-11-09T20:00:00-08:00,47,79,10.9
2025-11-09T20:30:00-08:00,47,79,9.1
2025-11-09T21:00:00-08:00,46,79,8.6
2025-11-09T21:30:00-08:00,46,79,8.5
2025-11-09T22:00:00-08:00,49,76,12
2025-11-09T22:30:00-08:00,51,75,13.3
2025-11-09T23:00:00-08:00,52,74,17.1
2025-11-09T23:30:00-08:00,52,73,14.9
2025-11-10T00:00:00-08:00,52,73,12.3
2025-11-10T00:30:00-08:00,52,71,11.6
2025-11-10T01:00:00-08:00,53,71,10.8
2025-11-10T01:30:00-08:00,55,70,10.5
2025-11-10T02:00:00-08:00,55,69,10.6
2025-11-10T02:30:00-08:00,54,69,10.4
2025-11-10T03:00:00-08:00,55,68,10.2
2025-11-10T03:30:00-08:00,54,68,8.8
2025-11-10T04:00:00-08:00,53,68,8.7
2025-11-10T04:30:00-08:00,54,67,10.7
2025-11-10T05:00:00-08:00,54,67,13.2
2025-11-10T05:30:00-08:00,54,66,10.3
2025-11-10T06:00:00-08:00,55,66,14.2
2025-11-10T06:30:00-08:00,54,66,9.2
2025-11-10T07:00:00-08:00,55,67,12
2025-11-10T07:30:00-08:00,56,69,12.6
2025-11-10T08:00:00-08:00,54,72,16
2025-11-10T08:30:00-08:00,50,75,15.3
2025-11-10T09:00:00-08:00,45,78,11.4
2025-11-10T09:30:00-08:00,41,81,8.1
2025-11-10T10:00:00-08:00,38,83,11.8
2025-11-10T10:30:00-08:00,36,86,8.4
2025-11-10T11:00:00-08:00,34,88,7.4
2025-11-10T11:30:00-08:00,32,90,6.8
2025-11-10T12:00:00-08:00,31,91,7.4
2025-11-10T12:30:00-08:00,31,91,9
2025-11-10T13:00:00-08:00,31,93,9.4
2025-11-10T13:30:00-08:00,31,93,8.9
2025-11-10T14:00:00-08:00,29,94,9.9
2025-11-10T14:30:00-08:00,29,93,8.6
2025-11-10T15:00:00-08:00,30,92,9.3
2025-11-10T15:30:00-08:00,31,92,10.4
2025-11-10T16:00:00-08:00,32,89,8.9
2025-11-10T16:30:00-08:00,34,87,7.6
2025-11-10T17:00:00-08:00,37,85,7.9
2025-11-10T17:30:00-08:00,41,82,9
2025-11-10T18:00:00-08:00,44,80,23.7
2025-11-10T18:30:00-08:00,45,80,20.2
2025-11-10T19:00:00-08:00,46,78,14.6
2025-11-10T19:30:00-08:00,48,77,11.3
2025-11-10T20:00:00-08:00,49,76,12
2025-11-10T20:30:00-08:00,51,75,12.9
2025-11-10T21:00:00-08:00,51,74,13.3
2025-11-10T21:30:00-08:00,52,73,17.2
2025-11-10T22:00:00-08:00,52,72,12.6
2025-11-10T22:30:00-08:00,53,71,11.6
2025-11-10T23:00:00-08:00,53,71,10.2
2025-11-10T23:30:00-08:00,53,71,8.1
2025-11-11T00:00:00-08:00,52,71,7.7
2025-11-11T00:30:00-08:00,51,70,7.9
2025-11-11T01:00:00-08:00,52,70,8.2
2025-11-11T01:30:00-08:00,52,69,8.4
2025-11-11T02:00:00-08:00,52,68,8
2025-11-11T02:30:00-08:00,52,68,7.6
2025-11-11T03:00:00-08:00,52,67,7.5
2025-11-11T03:30:00-08:00,53,67,9.1
2025-11-11T04:00:00-08:00,53,67,8.4
2025-11-11T04:30:00-08:00,53,66,7.5
2025-11-11T05:00:00-08:00,53,66,7.4
2025-11-11T05:30:00-08:00,54,66,7.3
2025-11-11T06:00:00-08:00,54,66,7.4
2025-11-11T06:30:00-08:00,54,66,7.6
2025-11-11T07:00:00-08:00,54,67,10
2025-11-11T07:30:00-08:00,54,69,10.1
2025-11-11T08:00:00-08:00,53,71,10.6
2025-11-11T08:30:00-08:00,50,74,16.6
2025-11-11T09:00:00-08:00,45,77,18.9
2025-11-11T09:30:00-08:00,42,79,18.9
2025-11-11T10:00:00-08:00,38,82,18.4
2025-11-11T10:30:00-08:00,37,84,14.5
2025-11-11T11:00:00-08:00,35,85,12.9
2025-11-11T11:30:00-08:00,33,87,9.4
2025-11-11T12:00:00-08:00,34,87,11.5
2025-11-11T12:30:00-08:00,34,86,13.7
2025-11-11T13:00:00-08:00,33,87,12
2025-11-11T13:30:00-08:00,35,87,17.7
2025-11-11T14:00:00-08:00,35,86,15.3
2025-11-11T14:30:00-08:00,38,85,17.4
2025-11-11T15:00:00-08:00,38,85,13.5
2025-11-11T15:30:00-08:00,40,83,13.7
2025-11-11T16:00:00-08:00,41,82,13
2025-11-11T16:30:00-08:00,42,81,14.1
2025-11-11T17:00:00-08:00,44,79,12
2025-11-11T17:30:00-08:00,46,78,11.2
2025-11-11T18:00:00-08:00,47,77,9.5
2025-11-11T18:30:00-08:00,48,77,7.8
2025-11-11T19:00:00-08:00,49,76,8.7
2025-11-11T19:30:00-08:00,50,76,10.9
2025-11-11T20:00:00-08:00,51,74,13.4
2025-11-11T20:30:00-08:00,52,73,14.1
2025-11-11T21:00:00-08:00,54,71,12.6
2025-11-11T21:30:00-08:00,55,71,12.3
2025-11-11T22:00:00-08:00,55,70,12.6
2025-11-11T22:30:00-08:00,57,70,13.1
2025-11-11T23:00:00-08:00,57,69,13.4
2025-11-11T23:30:00-08:00,57,69,13.5
2025-11-12T00:00:00-08:00,57,70,13.2
2025-11-12T00:30:00-08:00,57,71,13.8
2025-11-12T01:00:00-08:00,57,72,15
2025-11-12T01:30:00-08:00,56,72,18.5
2025-11-12T02:00:00-08:00,55,72,18.9
2025-11-12T02:30:00-08:00,55,72,15.2
2025-11-12T03:00:00-08:00,53,72,15.4
2025-11-12T03:30:00-08:00,53,73,19.9
2025-11-12T04:00:00-08:00,53,72,15.3
2025-11-12T04:30:00-08:00,53,72,8.8
2025-11-12T05:00:00-08:00,53,71,9.9
2025-11-12T05:30:00-08:00,54,70,10.3
2025-11-12T06:00:00-08:00,54,71,10.4
2025-11-12T06:30:00-08:00,53,72,11.7
2025-11-12T07:00:00-08:00,53,72,12.6
2025-11-12T07:30:00-08:00,52,73,16.9
2025-11-12T08:00:00-08:00,51,73,9.1
2025-11-12T08:30:00-08:00,50,74,10.4
2025-11-12T09:00:00-08:00,47,76,4.9
2025-11-12T09:30:00-08:00,44,78,3.5
2025-11-12T10:00:00-08:00,42,79,3.1
2025-11-12T10:30:00-08:00,41,79,3.1
2025-11-12T11:00:00-08:00,42,80,5
2025-11-12T11:30:00-08:00,40,81,5.3
2025-11-12T12:00:00-08:00,40,81,4.5
2025-11-12T12:30:00-08:00,40,80,18.7
2025-11-12T13:00:00-08:00,41,80,25.3
2025-11-12T13:30:00-08:00,41,81,11.2
2025-11-12T14:00:00-08:00,41,81,10.2
2025-11-12T14:30:00-08:00,39,82,4.3
2025-11-12T15:00:00-08:00,38,82,3.5
2025-11-12T15:30:00-08:00,38,82,4
2025-11-12T16:00:00-08:00,39,82,3.9
2025-11-12T16:30:00-08:00,40,81,5.7
2025-11-12T17:00:00-08:00,42,80,5.2
2025-11-12T17:30:00-08:00,43,80,5.1
2025-11-12T18:00:00-08:00,44,79,6.6
2025-11-12T18:30:00-08:00,45,79,4.7
2025-11-12T19:00:00-08:00,46,78,5.7
2025-11-12T19:30:00-08:00,48,78,3.1
2025-11-12T20:00:00-08:00,48,78,2.4
2025-11-12T20:30:00-08:00,47,78,3.6
2025-11-12T21:00:00-08:00,47,78,4.2
2025-11-12T21:30:00-08:00,47,78,6.4
2025-11-12T22:00:00-08:00,47,79,6.8
2025-11-12T22:30:00-08:00,47,78,6.2
2025-11-12T23:00:00-08:00,47,77,3.9
2025-11-12T23:30:00-08:00,47,78,2.8
2025-11-13T00:00:00-08:00,47,77,2.2
2025-11-13T00:30:00-08:00,46,78,2.2
2025-11-13T01:00:00-08:00,47,77,2.2
2025-11-13T01:30:00-08:00,47,77,2.3
2025-11-13T02:00:00-08:00,47,78,1.8
2025-11-13T02:30:00-08:00,46,77,1.9
2025-11-13T03:00:00-08:00,46,78,2
2025-11-13T03:30:00-08:00,47,77,2.4
2025-11-13T04:00:00-08:00,49,77,2.5
2025-11-13T04:30:00-08:00,52,76,2.7
2025-11-13T05:00:00-08:00,54,76,3
2025-11-13T05:30:00-08:00,58,74,3.3
2025-11-13T06:00:00-08:00,60,74,4.3
2025-11-13T06:30:00-08:00,61,74,4.8
2025-11-13T07:00:00-08:00,61,74,3.4
2025-11-13T07:30:00-08:00,62,74,2.5
2025-11-13T08:00:00-08:00,62,75,1.5
2025-11-13T08:30:00-08:00,62,75,1.6
2025-11-13T09:00:00-08:00,61,75,0.9
2025-11-13T09:30:00-08:00,61,75,0.8
2025-11-13T10:00:00-08:00,62,75,1.5
2025-11-13T10:30:00-08:00,63,75,2.3
2025-11-13T11:00:00-08:00,64,75,2.7
2025-11-13T11:30:00-08:00,63,76,2.3
2025-11-13T12:00:00-08:00,61,77,1.4
2025-11-13T12:30:00-08:00,62,75,0.3
2025-11-13T13:00:00-08:00,63,74,0.1
2025-11-13T13:30:00-08:00,63,74,0.1
2025-11-13T14:00:00-08:00,62,74,1
2025-11-13T14:30:00-08:00,61,74,2.1
2025-11-13T15:00:00-08:00,61,74,2.1
2025-11-13T15:30:00-08:00,61,74,11.1
2025-11-13T16:00:00-08:00,62,74,17.1
2025-11-13T16:30:00-08:00,61,74,14.9
2025-11-13T17:00:00-08:00,60,74,7.8
2025-11-13T17:30:00-08:00,60,74,10.5
2025-11-13T18:00:00-08:00,60,73,17.1
2025-11-13T18:30:00-08:00,60,73,2.9
2025-11-13T19:00:00-08:00,61,72,1.5
2025-11-13T19:30:00-08:00,61,72,1.5
2025-11-13T20:00:00-08:00,60,73,1
2025-11-13T20:30:00-08:00,60,73,1.4
2025-11-13T21:00:00-08:00,60,73,0.7
2025-11-13T21:30:00-08:00,60,73,1.1
2025-11-13T22:00:00-08:00,60,73,1.5
2025-11-13T22:30:00-08:00,59,74,1.4
2025-11-13T23:00:00-08:00,59,74,1.2
2025-11-13T23:30:00-08:00,59,73,2.3
2025-11-14T00:00:00-08:00,60,73,1.7
2025-11-14T00:30:00-08:00,60,72,2.4
2025-11-14T01:00:00-08:00,60,72,2.8
2025-11-14T01:30:00-08:00,60,72,2.6
2025-11-14T02:00:00-08:00,59,72,2.8
2025-11-14T02:30:00-08:00,59,72,2.5
2025-11-14T03:00:00-08:00,60,71,2
2025-11-14T03:30:00-08:00,60,71,0.9
2025-11-14T04:00:00-08:00,59,71,0.8
2025-11-14T04:30:00-08:00,59,71,0.8
2025-11-14T05:00:00-08:00,58,70,0.7
2025-11-14T05:30:00-08:00,58,70,0.8
2025-11-14T06:00:00-08:00,59,70,0.8
2025-11-14T06:30:00-08:00,59,69,0.5
2025-11-14T07:00:00-08:00,59,70,0.7
2025-11-14T07:30:00-08:00,59,71,0.8
2025-11-14T08:00:00-08:00,58,72,2.1
2025-11-14T08:30:00-08:00,57,73,3.5
2025-11-14T09:00:00-08:00,57,73,4.2
2025-11-14T09:30:00-08:00,58,74,5.6
2025-11-14T10:00:00-08:00,55,75,5.1
2025-11-14T10:30:00-08:00,51,76,1.9
2025-11-14T11:00:00-08:00,47,78,1.5
2025-11-14T11:30:00-08:00,45,80,2.6
2025-11-14T12:00:00-08:00,42,81,4.8
2025-11-14T12:30:00-08:00,42,81,3.9
2025-11-14T13:00:00-08:00,40,82,2.7
2025-11-14T13:30:00-08:00,38,83,1.9
2025-11-14T14:00:00-08:00,36,85,1.5
2025-11-14T14:30:00-08:00,34,86,0.9
2025-11-14T15:00:00-08:00,36,84,0.7
2025-11-14T15:30:00-08:00,38,81,0.9
2025-11-14T16:00:00-08:00,38,80,2.7
2025-11-14T16:30:00-08:00,40,78,1.3
2025-11-14T17:00:00-08:00,43,76,1.2
2025-11-14T17:30:00-08:00,46,74,3.3
2025-11-14T18:00:00-08:00,47,74,5.4
2025-11-14T18:30:00-08:00,49,73,9.6
2025-11-14T19:00:00-08:00,51,72,6.8
2025-11-14T19:30:00-08:00,52,72,5.2
2025-11-14T20:00:00-08:00,54,71,5.6
2025-11-14T20:30:00-08:00,54,71,4.6
2025-11-14T21:00:00-08:00,56,70,3.9
2025-11-14T21:30:00-08:00,56,70,4.2
2025-11-14T22:00:00-08:00,56,70,5.5
2025-11-14T22:30:00-08:00,56,69,6
2025-11-14T23:00:00-08:00,57,68,6.1
2025-11-14T23:30:00-08:00,57,68,5.9
2025-11-15T00:00:00-08:00,57,67,5.6
2025-11-15T00:30:00-08:00,59,67,5.2
2025-11-15T01:00:00-08:00,58,67,3.8
2025-11-15T01:30:00-08:00,57,67,4.6
2025-11-15T02:00:00-08:00,59,67,6.3
2025-11-15T02:30:00-08:00,59,67,5.5
2025-11-15T03:00:00-08:00,59,68,3.9
2025-11-15T03:30:00-08:00,58,69,2.1
2025-11-15T04:00:00-08:00,58,69,2
2025-11-15T08:30:00-08:00,56,72,8.4
2025-11-15T09:00:00-08:00,55,72,6.4
2025-11-15T09:30:00-08:00,54,73,7.8
2025-11-15T10:00:00-08:00,53,74,10.3
2025-11-15T10:30:00-08:00,51,74,15.6
2025-11-15T11:00:00-08:00,47,75,2
2025-11-15T11:30:00-08:00,46,77,3.4
2025-11-15T12:00:00-08:00,45,78,3.5
2025-11-15T12:30:00-08:00,42,79,1.2
2025-11-15T13:00:00-08:00,41,79,0.9
2025-11-15T13:30:00-08:00,41,79,0.8
2025-11-15T14:00:00-08:00,40,79,0.6
2025-11-15T14:30:00-08:00,40,78,0.8
2025-11-15T15:00:00-08:00,41,78,2.5
2025-11-15T15:30:00-08:00,40,78,1
2025-11-15T16:00:00-08:00,41,78,1.4
2025-11-15T16:30:00-08:00,45,76,6.4
2025-11-15T17:00:00-08:00,49,75,7.4
2025-11-15T17:30:00-08:00,53,74,5.5
2025-11-15T18:00:00-08:00,54,73,5.5
2025-11-15T18:30:00-08:00,55,73,4.3
2025-11-15T19:00:00-08:00,55,73,4.2
2025-11-15T19:30:00-08:00,56,72,4.9
2025-11-15T20:00:00-08:00,57,72,5.9
2025-11-15T20:30:00-08:00,59,72,3.5
2025-11-15T21:00:00-08:00,59,72,2.5
2025-11-15T21:30:00-08:00,60,71,1.9
2025-11-15T22:00:00-08:00,61,71,2
2025-11-15T22:30:00-08:00,60,71,1.9
2025-11-15T23:00:00-08:00,59,72,2.2
2025-11-15T23:30:00-08:00,59,72,2
2025-11-16T00:00:00-08:00,58,73,2.2
2025-11-16T00:30:00-08:00,59,72,2.2
2025-11-16T01:00:00-08:00,60,71,1.4
2025-11-16T01:30:00-08:00,61,71,1
2025-11-16T02:00:00-08:00,61,70,0.4
2025-11-16T02:30:00-08:00,62,70,0.1
2025-11-16T03:00:00-08:00,61,70,0
2025-11-16T03:30:00-08:00,62,70,0
2025-11-16T04:00:00-08:00,62,69,0.1
2025-11-16T04:30:00-08:00,61,70,0.6
2025-11-16T05:00:00-08:00,59,70,0.1
2025-11-16T05:30:00-08:00,58,71,0
2025-11-16T06:00:00-08:00,57,71,0
2025-11-16T06:30:00-08:00,57,71,0
2025-11-16T07:00:00-08:00,58,71,0
2025-11-16T07:30:00-08:00,58,71,0
2025-11-16T08:00:00-08:00,60,71,0.2
2025-11-16T08:30:00-08:00,60,72,0.4
2025-11-16T09:00:00-08:00,58,72,0.9
2025-11-16T09:30:00-08:00,57,72,0.4
2025-11-16T10:00:00-08:00,57,72,0.7
2025-11-16T10:30:00-08:00,57,73,5.2
2025-11-16T11:00:00-08:00,53,75,0.4
2025-11-16T11:30:00-08:00,49,77,0.1
2025-11-16T12:00:00-08:00,44,79,0.2
2025-11-16T12:30:00-08:00,42,79,0.1
2025-11-16T13:00:00-08:00,39,80,2.3
2025-11-16T13:30:00-08:00,37,81,0.6
2025-11-16T14:00:00-08:00,37,80,6.9
2025-11-16T14:30:00-08:00,40,79,5.3
2025-11-16T15:00:00-08:00,42,77,0.1
2025-11-16T15:30:00-08:00,44,75,0
2025-11-16T16:00:00-08:00,45,74,1.4
2025-11-16T16:30:00-08:00,46,73,3.1
2025-11-16T17:00:00-08:00,47,73,0.6
2025-11-16T17:30:00-08:00,47,73,0.6
2025-11-16T18:00:00-08:00,48,73,1
2025-11-16T18:30:00-08:00,48,72,1.8
2025-11-16T19:00:00-08:00,47,72,3.3
2025-11-16T19:30:00-08:00,46,72,4
2025-11-16T20:00:00-08:00,46,72,3.2
2025-11-16T20:30:00-08:00,46,72,1.3
2025-11-16T21:00:00-08:00,47,72,0.9
2025-11-16T21:30:00-08:00,48,72,0.7
2025-11-16T22:00:00-08:00,47,71,0.2
2025-11-16T22:30:00-08:00,46,71,0.1
2025-11-16T23:00:00-08:00,46,71,0.1
2025-11-16T23:30:00-08:00,49,70,0.2
2025-11-17T00:00:00-08:00,55,68,0.2
2025-11-17T00:30:00-08:00,58,67,0.5
2025-11-17T01:00:00-08:00,62,67,0.7
2025-11-17T01:30:00-08:00,63,67,0.2
2025-11-17T02:00:00-08:00,62,68,0.1
2025-11-17T02:30:00-08:00,62,68,0.1
2025-11-17T03:00:00-08:00,63,68,0
2025-11-17T03:30:00-08:00,62,68,0
2025-11-17T04:00:00-08:00,62,68,0
2025-11-17T04:30:00-08:00,60,68,0
2025-11-17T05:00:00-08:00,59,69,0
2025-11-17T05:30:00-08:00,59,68,0
2025-11-17T06:00:00-08:00,59,67,0.2
2025-11-17T06:30:00-08:00,59,66,0.4
2025-11-17T07:00:00-08:00,59,66,0.6
2025-11-17T07:30:00-08:00,60,65,0.4
2025-11-17T08:00:00-08:00,60,64,1.3
2025-11-17T08:30:00-08:00,57,66,1.4
2025-11-17T09:00:00-08:00,54,67,1.6
2025-11-17T09:30:00-08:00,53,67,0.8
2025-11-17T10:00:00-08:00,52,68,0.6
2025-11-17T10:30:00-08:00,52,68,0.3
2025-11-17T11:00:00-08:00,52,68,0.3
2025-11-17T11:30:00-08:00,51,69,0.4
2025-11-17T12:00:00-08:00,50,69,0.5
2025-11-17T12:30:00-08:00,48,70,0.5
2025-11-17T13:00:00-08:00,47,70,0.7
2025-11-17T13:30:00-08:00,46,69,0.8
2025-11-17T14:00:00-08:00,48,69,1
2025-11-17T14:30:00-08:00,50,68,1.3
2025-11-17T15:00:00-08:00,51,68,1.4
2025-11-17T15:30:00-08:00,54,67,1.7
2025-11-17T16:00:00-08:00,57,66,1.4
2025-11-17T16:30:00-08:00,58,65,1.8
2025-11-17T17:00:00-08:00,59,65,1.8
2025-11-17T17:30:00-08:00,58,65,2.2
2025-11-17T18:00:00-08:00,59,66,2.3
2025-11-17T18:30:00-08:00,59,66,2.7
2025-11-17T19:00:00-08:00,57,66,2.5
2025-11-17T19:30:00-08:00,57,66,1.8
2025-11-17T20:00:00-08:00,56,66,2.1
2025-11-17T20:30:00-08:00,56,67,2.7
2025-11-17T21:00:00-08:00,55,68,2.7
2025-11-17T21:30:00-08:00,55,68,2.8
2025-11-17T22:00:00-08:00,55,68,2
2025-11-17T22:30:00-08:00,55,67,2.1
2025-11-17T23:00:00-08:00,55,68,2
2025-11-17T23:30:00-08:00,55,67,2
2025-11-18T00:00:00-08:00,55,67,2.3
2025-11-18T00:30:00-08:00,57,66,2.9
2025-11-18T01:00:00-08:00,57,66,2.7
2025-11-18T01:30:00-08:00,58,65,1.9
2025-11-18T02:00:00-08:00,58,64,2
2025-11-18T02:30:00-08:00,59,63,2.1
2025-11-18T03:00:00-08:00,58,63,1.8
2025-11-18T03:30:00-08:00,58,62,3
2025-11-18T04:00:00-08:00,58,61,2.8
2025-11-18T04:30:00-08:00,59,63,2.1
2025-11-18T05:00:00-08:00,58,65,1.2
2025-11-18T05:30:00-08:00,57,65,1.2
2025-11-18T06:00:00-08:00,57,65,1.7
2025-11-18T06:30:00-08:00,57,65,5.9
2025-11-18T07:00:00-08:00,57,65,5
2025-11-18T07:30:00-08:00,57,66,4.6
2025-11-18T08:00:00-08:00,56,66,4.9
2025-11-18T08:30:00-08:00,56,66,6.8
2025-11-18T09:00:00-08:00,55,67,6.6
2025-11-18T09:30:00-08:00,52,68,4.1
2025-11-18T10:00:00-08:00,50,69,2.8
2025-11-18T10:30:00-08:00,48,70,1.4
2025-11-18T11:00:00-08:00,44,72,0.5
2025-11-18T11:30:00-08:00,39,75,1.2
2025-11-18T12:00:00-08:00,36,76,0.1
2025-11-18T12:30:00-08:00,36,76,0.1
2025-11-18T13:00:00-08:00,35,77,0.7
2025-11-18T13:30:00-08:00,34,77,0.5
2025-11-18T14:00:00-08:00,34,77,0
2025-11-18T14:30:00-08:00,36,76,0.4
2025-11-18T15:00:00-08:00,40,74,3.9
2025-11-18T15:30:00-08:00,42,73,0.8
2025-11-18T16:00:00-08:00,42,71,1.7
2025-11-18T16:30:00-08:00,45,70,0.9
2025-11-18T17:00:00-08:00,49,69,1.8
2025-11-18T17:30:00-08:00,51,68,2.7
2025-11-18T18:00:00-08:00,53,68,2.8
2025-11-18T18:30:00-08:00,54,68,2.7
2025-11-18T19:00:00-08:00,54,68,4.6
2025-11-18T19:30:00-08:00,54,68,4.3
2025-11-18T20:00:00-08:00,54,66,4.2
2025-11-18T20:30:00-08:00,55,65,4.2
2025-11-18T21:00:00-08:00,56,64,4.9
2025-11-18T21:30:00-08:00,56,64,6.3
2025-11-18T22:00:00-08:00,56,63,14.8
2025-11-18T22:30:00-08:00,56,63,23.9
2025-11-18T23:00:00-08:00,55,62,24.4
2025-11-18T23:30:00-08:00,55,62,21.9
2025-11-19T00:00:00-08:00,55,61,24.8
2025-11-19T00:30:00-08:00,54,61,28.5
2025-11-19T01:00:00-08:00,55,61,49.4
2025-11-19T01:30:00-08:00,55,61,60.9
2025-11-19T02:00:00-08:00,55,63,20.1
2025-11-19T02:30:00-08:00,56,63,22.1
2025-11-19T03:00:00-08:00,56,62,21.6
2025-11-19T03:30:00-08:00,55,62,8.3
2025-11-19T04:00:00-08:00,56,62,10.9
2025-11-19T04:30:00-08:00,55,64,6
2025-11-19T05:00:00-08:00,54,64,6.2
2025-11-19T05:30:00-08:00,53,65,5.2
2025-11-19T06:00:00-08:00,54,64,5
2025-11-19T06:30:00-08:00,54,64,5
2025-11-19T07:00:00-08:00,54,65,6.2
2025-11-19T07:30:00-08:00,54,66,6.6
2025-11-19T08:00:00-08:00,52,67,8.2
2025-11-19T08:30:00-08:00,52,68,7.7
2025-11-19T09:00:00-08:00,49,69,5.1
2025-11-19T09:30:00-08:00,47,70,4.2
2025-11-19T10:00:00-08:00,43,72,4.4
2025-11-19T10:30:00-08:00,40,74,4.5
2025-11-19T11:00:00-08:00,38,74,2.7
2025-11-19T11:30:00-08:00,36,75,1.8
2025-11-19T12:00:00-08:00,36,77,2.2
2025-11-19T12:30:00-08:00,35,77,2.3
2025-11-19T13:00:00-08:00,36,77,2.5
2025-11-19T13:30:00-08:00,36,76,2.6
2025-11-19T14:00:00-08:00,36,76,2.2
2025-11-19T14:30:00-08:00,38,74,2.5
2025-11-19T15:00:00-08:00,38,74,9.4
2025-11-19T15:30:00-08:00,38,74,15.8
2025-11-19T16:00:00-08:00,43,72,5.2
2025-11-19T16:30:00-08:00,45,72,9.6
2025-11-19T17:00:00-08:00,44,72,4.9
2025-11-19T17:30:00-08:00,45,72,6.5
2025-11-19T18:00:00-08:00,47,71,4.2
2025-11-19T18:30:00-08:00,47,70,5.3
2025-11-19T19:00:00-08:00,49,69,5
2025-11-19T19:30:00-08:00,46,69,5.5
2025-11-19T20:00:00-08:00,47,69,5.5
2025-11-19T20:30:00-08:00,50,68,6.6
2025-11-19T21:00:00-08:00,50,68,7.9
2025-11-19T21:30:00-08:00,51,69,8.9
2025-11-19T22:00:00-08:00,51,69,9.6
2025-11-19T22:30:00-08:00,52,68,8
2025-11-19T23:00:00-08:00,52,69,6.7
2025-11-19T23:30:00-08:00,52,69,5.8
2025-11-20T00:00:00-08:00,51,69,5.2
2025-11-20T00:30:00-08:00,51,69,6
2025-11-20T01:00:00-08:00,52,69,6.9
2025-11-20T01:30:00-08:00,53,69,6.4
2025-11-20T02:00:00-08:00,55,68,5.8
2025-11-20T02:30:00-08:00,56,68,5.9
2025-11-20T03:00:00-08:00,58,66,3.9
2025-11-20T03:30:00-08:00,59,66,2.1
2025-11-20T04:00:00-08:00,59,66,1.9
2025-11-20T04:30:00-08:00,59,66,2.5
2025-11-20T05:00:00-08:00,59,66,2.1
2025-11-20T05:30:00-08:00,58,66,2.7
2025-11-20T06:00:00-08:00,58,66,2.6
2025-11-20T06:30:00-08:00,58,66,2.7
2025-11-20T07:00:00-08:00,58,66,2.8
2025-11-20T07:30:00-08:00,59,66,2.9
2025-11-20T08:00:00-08:00,58,67,3.2
2025-11-20T08:30:00-08:00,59,67,3.7
2025-11-20T09:00:00-08:00,58,68,1.9
2025-11-20T09:30:00-08:00,57,68,4
2025-11-20T10:00:00-08:00,56,69,2.3
2025-11-20T10:30:00-08:00,55,69,5.9
2025-11-20T11:00:00-08:00,56,68,3.7
2025-11-20T11:30:00-08:00,56,68,1.1
2025-11-20T12:00:00-08:00,55,69,2.2
2025-11-20T12:30:00-08:00,54,70,2.5
2025-11-20T13:00:00-08:00,53,70,1.3
2025-11-20T13:30:00-08:00,53,70,0.1
2025-11-20T14:00:00-08:00,49,72,0.1
2025-11-20T14:30:00-08:00,46,74,1.7
2025-11-20T15:00:00-08:00,46,72,2.1
2025-11-20T15:30:00-08:00,45,71,0.1
2025-11-20T16:00:00-08:00,45,71,1.3
2025-11-20T16:30:00-08:00,48,69,0.3
2025-11-20T17:00:00-08:00,51,68,0.9
2025-11-20T17:30:00-08:00,52,67,2.1
2025-11-20T18:00:00-08:00,53,68,2.4
2025-11-20T18:30:00-08:00,53,67,11.6
2025-11-20T19:00:00-08:00,55,65,6.4
2025-11-20T19:30:00-08:00,55,64,7.4
2025-11-20T20:00:00-08:00,55,63,7.3
2025-11-20T20:30:00-08:00,55,63,11.8
2025-11-20T21:00:00-08:00,57,63,16.6
2025-11-20T21:30:00-08:00,56,65,7.1
2025-11-20T22:00:00-08:00,56,66,6.3
2025-11-20T22:30:00-08:00,55,66,6.2
2025-11-20T23:00:00-08:00,54,64,5.1
2025-11-20T23:30:00-08:00,55,63,4.8
2025-11-21T00:00:00-08:00,55,62,6.6
2025-11-21T00:30:00-08:00,55,61,3.1
2025-11-21T01:00:00-08:00,57,61,2.1
2025-11-21T01:30:00-08:00,55,62,2.3
2025-11-21T02:00:00-08:00,55,62,3
2025-11-21T02:30:00-08:00,55,61,3.3
2025-11-21T03:00:00-08:00,54,60,3.5
2025-11-21T03:30:00-08:00,55,60,4.3
2025-11-21T04:00:00-08:00,56,61,5.8
2025-11-21T04:30:00-08:00,57,60,5.1
2025-11-21T05:00:00-08:00,56,60,5.2
2025-11-21T05:30:00-08:00,58,59,4.8
2025-11-21T06:00:00-08:00,58,60,5.4
2025-11-21T06:30:00-08:00,57,59,5.5
2025-11-21T07:00:00-08:00,57,59,6
2025-11-21T07:30:00-08:00,58,59,6.4
2025-11-21T08:00:00-08:00,56,62,4.9
2025-11-21T08:30:00-08:00,51,65,2.8
2025-11-21T09:00:00-08:00,44,67,2.8
2025-11-21T09:30:00-08:00,40,69,2.6
2025-11-21T10:00:00-08:00,38,71,2.6
2025-11-21T10:30:00-08:00,37,73,4.9
2025-11-21T11:00:00-08:00,35,74,3.7
2025-11-21T11:30:00-08:00,34,75,2.6
2025-11-21T12:00:00-08:00,34,76,2.8
2025-11-21T12:30:00-08:00,33,76,2.9
2025-11-21T13:00:00-08:00,32,77,2.9
2025-11-21T13:30:00-08:00,33,77,3.1
2025-11-21T14:00:00-08:00,32,78,2.5
2025-11-21T14:30:00-08:00,30,79,2.3
2025-11-21T15:00:00-08:00,31,78,2.5
2025-11-21T15:30:00-08:00,32,77,2.3
2025-11-21T16:00:00-08:00,34,75,2.6
2025-11-21T16:30:00-08:00,36,73,6.3
2025-11-21T17:00:00-08:00,40,71,8.5
2025-11-21T17:30:00-08:00,44,69,11.3
2025-11-21T18:00:00-08:00,46,67,14.2
2025-11-21T18:30:00-08:00,48,66,11.8
2025-11-21T19:00:00-08:00,49,65,11.1
2025-11-21T19:30:00-08:00,51,64,10.3
2025-11-21T20:00:00-08:00,51,64,8
2025-11-21T20:30:00-08:00,52,63,8.9
2025-11-21T21:00:00-08:00,53,62,9.9
2025-11-21T21:30:00-08:00,53,62,14.4
2025-11-21T22:00:00-08:00,54,61,13.1
2025-11-21T22:30:00-08:00,54,61,12.1
2025-11-21T23:00:00-08:00,53,61,10.9
2025-11-21T23:30:00-08:00,54,60,9.3
2025-11-22T00:00:00-08:00,54,60,8.1
2025-11-22T00:30:00-08:00,53,60,7.6
2025-11-22T01:00:00-08:00,54,59,7.7
2025-11-22T01:30:00-08:00,54,59,7.6
2025-11-22T02:00:00-08:00,54,59,6.4
2025-11-22T02:30:00-08:00,53,59,6.1
2025-11-22T03:00:00-08:00,53,58,6.6
2025-11-22T03:30:00-08:00,53,58,7.3
2025-11-22T04:00:00-08:00,54,57,7.9
2025-11-22T04:30:00-08:00,54,57,8.3
2025-11-22T05:00:00-08:00,55,57,9.4
2025-11-22T05:30:00-08:00,54,57,9.6
2025-11-22T06:00:00-08:00,54,57,8.1
2025-11-22T06:30:00-08:00,54,57,7.6
2025-11-22T07:00:00-08:00,55,56,7.6
2025-11-22T07:30:00-08:00,56,57,7.1
2025-11-22T08:00:00-08:00,56,60,5.5
2025-11-22T08:30:00-08:00,53,63,6.3
2025-11-22T09:00:00-08:00,50,66,5.7
2025-11-22T09:30:00-08:00,47,68,6.6
2025-11-22T10:00:00-08:00,45,70,10.1
2025-11-22T10:30:00-08:00,44,72,12.3
2025-11-22T11:00:00-08:00,42,73,15.8
2025-11-22T11:30:00-08:00,40,75,7.6
2025-11-22T12:00:00-08:00,38,77,6.6
2025-11-22T12:30:00-08:00,36,78,6.3
2025-11-22T13:00:00-08:00,35,79,7.1
2025-11-22T13:30:00-08:00,34,80,6.9
2025-11-22T14:00:00-08:00,32,82,11.6
2025-11-22T14:30:00-08:00,33,80,12.3
2025-11-22T15:00:00-08:00,34,79,6.6
2025-11-22T15:30:00-08:00,34,78,6
2025-11-22T16:00:00-08:00,34,78,6.2
2025-11-22T16:30:00-08:00,39,76,6.7
2025-11-22T17:00:00-08:00,43,72,10.9
2025-11-22T17:30:00-08:00,46,70,8.6
2025-11-22T18:00:00-08:00,49,68,11.2
2025-11-22T18:30:00-08:00,51,67,10.7
2025-11-22T19:00:00-08:00,51,66,12
2025-11-22T19:30:00-08:00,53,65,19.6
2025-11-22T20:00:00-08:00,54,64,14
2025-11-22T20:30:00-08:00,54,63,14.8
2025-11-22T21:00:00-08:00,54,63,14.4
2025-11-22T21:30:00-08:00,55,62,19.7
2025-11-22T22:00:00-08:00,57,62,21.9
2025-11-22T22:30:00-08:00,56,61,21.7
2025-11-22T23:00:00-08:00,54,61,20.1
2025-11-22T23:30:00-08:00,54,60,23.4
2025-11-23T00:00:00-08:00,53,60,21.2
2025-11-23T00:30:00-08:00,54,59,21.8
2025-11-23T01:00:00-08:00,54,59,21.5
2025-11-23T01:30:00-08:00,54,58,19.5
2025-11-23T02:00:00-08:00,55,58,18.2
2025-11-23T02:30:00-08:00,55,57,17.2
2025-11-23T03:00:00-08:00,56,57,16.3
2025-11-23T03:30:00-08:00,56,59,16.2
2025-11-23T04:00:00-08:00,55,61,16
2025-11-23T04:30:00-08:00,56,62,20.4
2025-11-23T05:00:00-08:00,57,64,26.5
2025-11-23T05:30:00-08:00,56,65,27.5
2025-11-23T06:00:00-08:00,55,66,28
2025-11-23T06:30:00-08:00,55,66,24.9
2025-11-23T07:00:00-08:00,54,67,24.9
2025-11-23T07:30:00-08:00,54,66,23.9
2025-11-23T08:00:00-08:00,54,67,24.2
2025-11-23T08:30:00-08:00,53,67,25
2025-11-23T09:00:00-08:00,52,68,27
2025-11-23T09:30:00-08:00,50,69,25.2
2025-11-23T10:00:00-08:00,48,70,24.5
2025-11-23T10:30:00-08:00,49,69,26.6
2025-11-23T11:00:00-08:00,49,70,28.5
2025-11-23T11:30:00-08:00,49,70,31.4
2025-11-23T12:00:00-08:00,47,72,30.4
2025-11-23T12:30:00-08:00,46,73,29.8
2025-11-23T13:00:00-08:00,45,73,27.5
2025-11-23T13:30:00-08:00,43,75,20.5
2025-11-23T14:00:00-08:00,42,76,15.8
2025-11-23T14:30:00-08:00,41,76,17.2
2025-11-23T15:00:00-08:00,42,76,22
2025-11-23T15:30:00-08:00,44,74,23
2025-11-23T16:00:00-08:00,46,73,21.2
2025-11-23T16:30:00-08:00,49,71,20.8
2025-11-23T17:00:00-08:00,52,69,22.6
2025-11-23T17:30:00-08:00,53,68,21.4
2025-11-23T18:00:00-08:00,54,67,20.9
2025-11-23T18:30:00-08:00,55,66,24.5
2025-11-23T19:00:00-08:00,57,66,23.3
2025-11-23T19:30:00-08:00,57,66,16
2025-11-23T20:00:00-08:00,56,67,9.2
2025-11-23T20:30:00-08:00,55,67,8.1
2025-11-23T21:00:00-08:00,53,68,6.4
2025-11-23T21:30:00-08:00,52,68,5.1
2025-11-23T22:00:00-08:00,51,69,5.3
2025-11-23T22:30:00-08:00,50,69,5
2025-11-23T23:00:00-08:00,50,69,5.2
2025-11-23T23:30:00-08:00,50,69,6.1
2025-11-24T00:00:00-08:00,50,69,5.7
2025-11-24T00:30:00-08:00,50,69,6.4
2025-11-24T01:00:00-08:00,51,68,7.9
2025-11-24T01:30:00-08:00,50,69,6.4
2025-11-24T02:00:00-08:00,51,69,8.6
2025-11-24T02:30:00-08:00,51,69,10.6
2025-11-24T03:00:00-08:00,50,69,8.8
2025-11-24T03:30:00-08:00,50,69,9
2025-11-24T04:00:00-08:00,50,69,8.6
2025-11-24T04:30:00-08:00,51,68,7.3
2025-11-24T05:00:00-08:00,51,68,7.4
2025-11-24T05:30:00-08:00,51,68,7.6
2025-11-24T06:00:00-08:00,50,68,6
2025-11-24T06:30:00-08:00,50,67,5.5
2025-11-24T07:00:00-08:00,50,66,5.2
2025-11-24T07:30:00-08:00,50,67,6.3
2025-11-24T08:00:00-08:00,50,67,7.9
2025-11-24T08:30:00-08:00,50,67,9.8
2025-11-24T09:00:00-08:00,50,66,7.9
2025-11-24T09:30:00-08:00,48,68,8.1
2025-11-24T10:00:00-08:00,47,69,11.1
2025-11-24T10:30:00-08:00,47,70,12.8
2025-11-24T11:00:00-08:00,44,72,13.2
2025-11-24T11:30:00-08:00,43,74,11.4
2025-11-24T12:00:00-08:00,42,75,12.3
2025-11-24T12:30:00-08:00,42,75,15.9
2025-11-24T13:00:00-08:00,42,75,19.6
2025-11-24T13:30:00-08:00,43,75,25.8
2025-11-24T14:00:00-08:00,44,75,31.4
2025-11-24T14:30:00-08:00,44,75,32.4
2025-11-24T15:00:00-08:00,44,75,32.1
2025-11-24T15:30:00-08:00,45,74,32.3
2025-11-24T16:00:00-08:00,46,73,36.2
2025-11-24T16:30:00-08:00,47,72,39.1
2025-11-24T17:00:00-08:00,49,71,39
2025-11-24T17:30:00-08:00,52,69,35.1
2025-11-24T18:00:00-08:00,52,68,37.8
2025-11-24T18:30:00-08:00,52,66,39
2025-11-24T19:00:00-08:00,53,65,39.3
2025-11-24T19:30:00-08:00,53,64,36.6
2025-11-24T20:00:00-08:00,55,64,34
2025-11-24T20:30:00-08:00,54,63,31.6
2025-11-24T21:00:00-08:00,55,62,26.5
2025-11-24T21:30:00-08:00,55,62,23.5
2025-11-24T22:00:00-08:00,55,62,19.8
2025-11-24T22:30:00-08:00,54,61,18.4
2025-11-24T23:00:00-08:00,55,60,18.8
2025-11-24T23:30:00-08:00,55,60,19.3
2025-11-25T00:00:00-08:00,55,60,18.9
2025-11-25T00:30:00-08:00,54,59,17.3
2025-11-25T01:00:00-08:00,54,59,16.8
2025-11-25T01:30:00-08:00,55,58,19.1
2025-11-25T02:00:00-08:00,55,57,22
2025-11-25T02:30:00-08:00,55,57,20.6
2025-11-25T03:00:00-08:00,55,57,18.8
2025-11-25T03:30:00-08:00,57,57,17.7
2025-11-25T04:00:00-08:00,56,56,17.3
2025-11-25T04:30:00-08:00,57,56,20.9
2025-11-25T05:00:00-08:00,60,58,30.3
2025-11-25T05:30:00-08:00,58,58,30.7
2025-11-25T06:00:00-08:00,60,59,35.5
2025-11-25T06:30:00-08:00,59,61,38.3
2025-11-25T07:00:00-08:00,58,62,35.9
2025-11-25T07:30:00-08:00,58,62,36.8
2025-11-25T08:00:00-08:00,59,61,39.3
2025-11-25T08:30:00-08:00,59,62,50.7
2025-11-25T09:00:00-08:00,58,64,34.5
2025-11-25T09:30:00-08:00,56,66,37.1
2025-11-25T10:00:00-08:00,53,67,35.9
2025-11-25T10:30:00-08:00,51,68,33
2025-11-25T11:00:00-08:00,49,69,32.6
2025-11-25T11:30:00-08:00,48,70,34.7
2025-11-25T12:00:00-08:00,46,72,37
2025-11-25T12:30:00-08:00,44,73,32.1
2025-11-25T13:00:00-08:00,42,75,30.9
2025-11-25T13:30:00-08:00,40,76,28.7
2025-11-25T14:00:00-08:00,39,77,21.1
2025-11-25T14:30:00-08:00,38,77,21.5
2025-11-25T15:00:00-08:00,40,75,21.2
2025-11-25T15:30:00-08:00,40,75,22.6
2025-11-25T16:00:00-08:00,43,73,30.7
2025-11-25T16:30:00-08:00,46,72,37.1
2025-11-25T17:00:00-08:00,48,69,33.4
2025-11-25T17:30:00-08:00,48,67,28.3
2025-11-25T18:00:00-08:00,49,66,34.1
2025-11-25T18:30:00-08:00,50,66,35.9
2025-11-25T19:00:00-08:00,51,65,36.5
2025-11-25T19:30:00-08:00,52,64,37.5
2025-11-25T20:00:00-08:00,53,63,37.2
2025-11-25T20:30:00-08:00,53,63,37.3
2025-11-25T21:00:00-08:00,54,63,38.8
2025-11-25T21:30:00-08:00,53,62,38.6
2025-11-25T22:00:00-08:00,54,61,40.9
2025-11-25T22:30:00-08:00,54,61,41.4
2025-11-25T23:00:00-08:00,52,61,38.9
2025-11-25T23:30:00-08:00,53,60,38.2
2025-11-26T00:00:00-08:00,55,60,39.4
2025-11-26T00:30:00-08:00,56,60,38.6
2025-11-26T01:00:00-08:00,54,59,37.6
2025-11-26T01:30:00-08:00,56,59,38.3
2025-11-26T02:00:00-08:00,56,59,37.8
2025-11-26T02:30:00-08:00,56,60,36.5
2025-11-26T03:00:00-08:00,55,60,36.5
2025-11-26T03:30:00-08:00,54,59,33.7
2025-11-26T04:00:00-08:00,55,59,33.5
2025-11-26T04:30:00-08:00,55,58,33.2
2025-11-26T05:00:00-08:00,56,58,33.2
2025-11-26T05:30:00-08:00,56,58,32.9
2025-11-26T06:00:00-08:00,56,58,31.1
2025-11-26T06:30:00-08:00,56,58,29.6
2025-11-26T07:00:00-08:00,55,60,28.5
2025-11-26T07:30:00-08:00,55,60,28.7
2025-11-26T08:00:00-08:00,55,60,29.5
2025-11-26T08:30:00-08:00,55,62,35.3
2025-11-26T09:00:00-08:00,52,63,30.2
2025-11-26T09:30:00-08:00,50,66,31.6
2025-11-26T10:00:00-08:00,48,67,33.9
2025-11-26T10:30:00-08:00,47,69,36.8
2025-11-26T11:00:00-08:00,45,70,36.6
2025-11-26T11:30:00-08:00,44,71,37.1
2025-11-26T12:00:00-08:00,41,73,31.5
2025-11-26T12:30:00-08:00,40,74,31
2025-11-26T13:00:00-08:00,38,76,30.3
2025-11-26T13:30:00-08:00,37,76,21.6
2025-11-26T14:00:00-08:00,36,77,21.7
2025-11-26T14:30:00-08:00,37,76,21.4
2025-11-26T15:00:00-08:00,38,74,24.4
2025-11-26T15:30:00-08:00,39,73,26.6
2025-11-26T16:00:00-08:00,41,71,29.7
2025-11-26T16:30:00-08:00,43,69,27.3
2025-11-26T17:00:00-08:00,44,67,24.6
2025-11-26T17:30:00-08:00,45,66,22.5
2025-11-26T18:00:00-08:00,46,65,22.5
2025-11-26T18:30:00-08:00,47,64,26
2025-11-26T19:00:00-08:00,49,64,28.9
2025-11-26T19:30:00-08:00,50,63,31.2
2025-11-26T20:00:00-08:00,51,63,32.5
2025-11-26T20:30:00-08:00,51,62,32.6
2025-11-26T21:00:00-08:00,52,62,34.3
2025-11-26T21:30:00-08:00,52,62,35.8
2025-11-26T22:00:00-08:00,52,62,36.6
2025-11-26T22:30:00-08:00,53,62,37.8
2025-11-26T23:00:00-08:00,53,61,39
2025-11-26T23:30:00-08:00,53,61,38.9
2025-11-27T00:00:00-08:00,53,61,38.1
2025-11-27T00:30:00-08:00,53,60,36
2025-11-27T01:00:00-08:00,53,60,34.3
2025-11-27T01:30:00-08:00,54,59,37
2025-11-27T02:00:00-08:00,56,59,38.6
2025-11-27T02:30:00-08:00,56,59,38.1
2025-11-27T03:00:00-08:00,56,59,37.9
2025-11-27T03:30:00-08:00,55,59,36
2025-11-27T04:00:00-08:00,56,59,36.2
2025-11-27T04:30:00-08:00,56,59,35.3
2025-11-27T05:00:00-08:00,57,58,35.6
2025-11-27T05:30:00-08:00,56,59,34.9
2025-11-27T06:00:00-08:00,56,58,36
2025-11-27T06:30:00-08:00,56,58,35.7
2025-11-27T07:00:00-08:00,58,57,35.7
2025-11-27T07:30:00-08:00,58,58,36
2025-11-27T08:00:00-08:00,56,59,35.1
2025-11-27T08:30:00-08:00,55,61,34.5
2025-11-27T09:00:00-08:00,53,62,35
2025-11-27T09:30:00-08:00,51,64,32.8
2025-11-27T10:00:00-08:00,49,65,33.4
2025-11-27T10:30:00-08:00,47,67,32.9
2025-11-27T11:00:00-08:00,46,68,32.4
2025-11-27T11:30:00-08:00,44,69,31.2
2025-11-27T12:00:00-08:00,42,72,29.5
2025-11-27T12:30:00-08:00,41,71,31.2
2025-11-27T13:00:00-08:00,41,72,31.5
2025-11-27T13:30:00-08:00,40,73,28.9
2025-11-27T14:00:00-08:00,40,74,29.2
2025-11-27T14:30:00-08:00,39,74,30.4
2025-11-27T15:00:00-08:00,39,74,28.1
2025-11-27T15:30:00-08:00,41,73,31.1
2025-11-27T16:00:00-08:00,42,71,33.2
2025-11-27T16:30:00-08:00,45,69,30.6
2025-11-27T17:00:00-08:00,46,68,34.1
2025-11-27T17:30:00-08:00,48,66,35.3
2025-11-27T18:00:00-08:00,50,65,34.9
2025-11-27T18:30:00-08:00,51,64,33.9
2025-11-27T19:00:00-08:00,51,63,35.7
2025-11-27T19:30:00-08:00,53,62,39.6
2025-11-27T20:00:00-08:00,54,62,40.7
2025-11-27T20:30:00-08:00,54,62,41.4
2025-11-27T21:00:00-08:00,55,61,40.9
2025-11-27T21:30:00-08:00,55,61,39.5
2025-11-27T22:00:00-08:00,56,60,40.2
2025-11-27T22:30:00-08:00,56,60,39.1
2025-11-27T23:00:00-08:00,56,60,36.3
2025-11-27T23:30:00-08:00,57,59,38
2025-11-28T00:00:00-08:00,56,59,38.7
2025-11-28T00:30:00-08:00,56,59,35.6
2025-11-28T01:00:00-08:00,56,58,36.5
2025-11-28T01:30:00-08:00,57,59,38.6
2025-11-28T02:00:00-08:00,57,59,35.9
2025-11-28T02:30:00-08:00,56,59,34.2
2025-11-28T03:00:00-08:00,55,59,33
2025-11-28T03:30:00-08:00,55,58,31.6
2025-11-28T04:00:00-08:00,55,58,31.3
2025-11-28T04:30:00-08:00,56,58,35.1
2025-11-28T05:00:00-08:00,56,60,35
2025-11-28T05:30:00-08:00,55,61,37.9
2025-11-28T06:00:00-08:00,54,61,38
2025-11-28T06:30:00-08:00,54,60,43.1
2025-11-28T07:00:00-08:00,54,59,41.6
2025-11-28T07:30:00-08:00,55,59,36.5
2025-11-28T08:00:00-08:00,55,60,38.6
2025-11-28T08:30:00-08:00,54,61,39.5
2025-11-28T09:00:00-08:00,54,63,38
2025-11-28T09:30:00-08:00,51,65,37.2
2025-11-28T10:00:00-08:00,51,65,38.7
2025-11-28T10:30:00-08:00,49,67,38.3
2025-11-28T11:00:00-08:00,46,68,34.4
2025-11-28T11:30:00-08:00,43,71,33.9
2025-11-28T12:00:00-08:00,43,71,38.1
2025-11-28T12:30:00-08:00,43,71,37.4
2025-11-28T13:00:00-08:00,42,73,37.2
2025-11-28T13:30:00-08:00,42,73,35.5
2025-11-28T14:00:00-08:00,43,72,34.3
2025-11-28T14:30:00-08:00,43,72,40.3
2025-11-28T15:00:00-08:00,44,72,40.4
2025-11-28T15:30:00-08:00,46,70,39.4
2025-11-28T16:00:00-08:00,48,69,37.8
2025-11-28T16:30:00-08:00,50,67,37.9
2025-11-28T17:00:00-08:00,52,65,38
2025-11-28T17:30:00-08:00,53,65,37
2025-11-28T18:00:00-08:00,52,64,36.9
2025-11-28T18:30:00-08:00,53,63,41.4
2025-11-28T19:00:00-08:00,54,62,44.9
2025-11-28T19:30:00-08:00,56,61,42.7
2025-11-28T20:00:00-08:00,57,60,40.2
2025-11-28T20:30:00-08:00,58,60,39.4
2025-11-28T21:00:00-08:00,58,60,38.1
2025-11-28T21:30:00-08:00,58,60,34.6
2025-11-28T22:00:00-08:00,58,60,32.7
2025-11-28T22:30:00-08:00,58,60,30.7
2025-11-28T23:00:00-08:00,58,60,30.6
2025-11-28T23:30:00-08:00,57,60,29.7
2025-11-29T00:00:00-08:00,58,59,27.9
2025-11-29T00:30:00-08:00,58,59,27.4
2025-11-29T01:00:00-08:00,58,59,29.2
2025-11-29T01:30:00-08:00,57,59,29.8
2025-11-29T02:00:00-08:00,57,58,30.6
2025-11-29T02:30:00-08:00,57,58,26.7
2025-11-29T03:00:00-08:00,57,58,24.8
2025-11-29T03:30:00-08:00,56,58,25.1
2025-11-29T04:00:00-08:00,56,58,25
2025-11-29T04:30:00-08:00,56,59,24.4
2025-11-29T05:00:00-08:00,55,60,26.8
2025-11-29T05:30:00-08:00,55,60,28.6
2025-11-29T06:00:00-08:00,55,60,31.3
2025-11-29T06:30:00-08:00,55,59,31.3
2025-11-29T07:00:00-08:00,56,58,32.3
2025-11-29T07:30:00-08:00,56,59,30.6
2025-11-29T08:00:00-08:00,54,61,32
2025-11-29T08:30:00-08:00,53,62,36.9
2025-11-29T09:00:00-08:00,51,63,33.7
2025-11-29T09:30:00-08:00,50,64,30.9
2025-11-29T10:00:00-08:00,49,65,29.8
2025-11-29T10:30:00-08:00,46,67,31.5
2025-11-29T11:00:00-08:00,45,67,32.6
2025-11-29T11:30:00-08:00,45,68,32
2025-11-29T12:00:00-08:00,44,68,30.4
2025-11-29T12:30:00-08:00,43,69,24.8
2025-11-29T13:00:00-08:00,41,71,23.7
2025-11-29T13:30:00-08:00,40,72,24.4
2025-11-29T14:00:00-08:00,40,73,24.1
2025-11-29T14:30:00-08:00,39,73,24.4
2025-11-29T15:00:00-08:00,40,73,25.2
2025-11-29T15:30:00-08:00,41,71,25.7
2025-11-29T16:00:00-08:00,43,69,26.4
2025-11-29T16:30:00-08:00,45,68,28.2
2025-11-29T17:00:00-08:00,47,66,30.4
2025-11-29T17:30:00-08:00,48,64,31.1
2025-11-29T18:00:00-08:00,49,63,35.6
2025-11-29T18:30:00-08:00,50,62,32.8
2025-11-29T19:00:00-08:00,53,61,36.4
2025-11-29T19:30:00-08:00,54,61,39.8
2025-11-29T20:00:00-08:00,55,60,39.9
2025-11-29T20:30:00-08:00,55,60,39.7
2025-11-29T21:00:00-08:00,56,60,37.9
2025-11-29T21:30:00-08:00,56,60,37.7
2025-11-29T22:00:00-08:00,55,60,39
2025-11-29T22:30:00-08:00,55,59,35.4
2025-11-29T23:00:00-08:00,56,59,34.9
2025-11-29T23:30:00-08:00,56,58,37.4
2025-11-30T00:00:00-08:00,56,59,38.3
2025-11-30T00:30:00-08:00,56,59,35.4
2025-11-30T01:00:00-08:00,56,59,31.7
2025-11-30T01:30:00-08:00,56,58,29.4
2025-11-30T02:00:00-08:00,58,58,23.2
2025-11-30T02:30:00-08:00,58,58,22.2
2025-11-30T03:00:00-08:00,57,58,22.4
2025-11-30T03:30:00-08:00,55,60,23.3
2025-11-30T04:00:00-08:00,56,59,26.8
2025-11-30T04:30:00-08:00,57,59,24.8
2025-11-30T05:00:00-08:00,55,59,22.2
2025-11-30T05:30:00-08:00,55,60,26.4
2025-11-30T06:00:00-08:00,54,60,17.1
2025-11-30T06:30:00-08:00,54,60,18.4
2025-11-30T07:00:00-08:00,53,61,18.1
2025-11-30T07:30:00-08:00,53,61,18
2025-11-30T08:00:00-08:00,54,60,18.9
2025-11-30T08:30:00-08:00,54,61,19.3
2025-11-30T09:00:00-08:00,53,62,27.6
2025-11-30T09:30:00-08:00,51,63,20.8
2025-11-30T10:00:00-08:00,49,65,18.4
2025-11-30T10:30:00-08:00,48,65,26.2
2025-11-30T11:00:00-08:00,48,65,26.9
2025-11-30T11:30:00-08:00,47,67,24.3
2025-11-30T12:00:00-08:00,45,68,28
2025-11-30T12:30:00-08:00,45,68,28
2025-11-30T13:00:00-08:00,45,68,25.2
2025-11-30T13:30:00-08:00,42,70,15
2025-11-30T14:00:00-08:00,41,70,14.2
2025-11-30T14:30:00-08:00,40,71,17.2
2025-11-30T15:00:00-08:00,43,68,22
2025-11-30T15:30:00-08:00,45,66,24.3
2025-11-30T16:00:00-08:00,46,66,23.9
2025-11-30T16:30:00-08:00,46,65,25.2
2025-11-30T17:00:00-08:00,48,63,27.2
2025-11-30T17:30:00-08:00,50,62,30.5
2025-11-30T18:00:00-08:00,52,61,35.8
2025-11-30T18:30:00-08:00,53,61,36
2025-11-30T19:00:00-08:00,52,61,37.5
2025-11-30T19:30:00-08:00,52,60,39
2025-11-30T20:00:00-08:00,52,60,36
2025-11-30T20:30:00-08:00,52,59,34.5
2025-11-30T21:00:00-08:00,52,59,35
2025-11-30T21:30:00-08:00,53,58,33.4
2025-11-30T22:00:00-08:00,53,58,31.9
2025-11-30T22:30:00-08:00,52,57,33.4
2025-11-30T23:00:00-08:00,51,57,34.2
2025-11-30T23:30:00-08:00,53,56,32.7
2025-12-01T00:00:00-08:00,55,56,28.5
2025-12-01T00:30:00-08:00,55,57,28
2025-12-01T01:00:00-08:00,55,56,25.1
2025-12-01T01:30:00-08:00,55,56,27
2025-12-01T02:00:00-08:00,57,56,31.1
2025-12-01T02:30:00-08:00,57,56,29
2025-12-01T03:00:00-08:00,56,57,28.1
2025-12-01T03:30:00-08:00,55,58,27.3
2025-12-01T04:00:00-08:00,53,59,26.1
2025-12-01T04:30:00-08:00,53,59,24.5
2025-12-01T05:00:00-08:00,55,58,24.5
2025-12-01T05:30:00-08:00,54,59,25.2
2025-12-01T06:00:00-08:00,53,60,25.3
2025-12-01T06:30:00-08:00,53,60,25.2
2025-12-01T07:00:00-08:00,53,60,25.1
2025-12-01T07:30:00-08:00,52,60,21.5
2025-12-01T08:00:00-08:00,51,62,29.2
2025-12-01T08:30:00-08:00,49,63,27.8
2025-12-01T09:00:00-08:00,48,64,27
2025-12-01T09:30:00-08:00,48,64,26.7
2025-12-01T10:00:00-08:00,45,65,26.1
2025-12-01T10:30:00-08:00,44,66,26.6
2025-12-01T11:00:00-08:00,43,68,23.8
2025-12-01T11:30:00-08:00,42,68,24.9
2025-12-01T12:00:00-08:00,41,69,25.2
2025-12-01T12:30:00-08:00,41,69,25.3
2025-12-01T13:00:00-08:00,41,69,21.6
2025-12-01T13:30:00-08:00,41,69,22.2
2025-12-01T14:00:00-08:00,41,69,23
2025-12-01T14:30:00-08:00,41,69,24.1
2025-12-01T15:00:00-08:00,43,67,26
2025-12-01T15:30:00-08:00,45,65,25.9
2025-12-01T16:00:00-08:00,47,64,28
2025-12-01T16:30:00-08:00,49,62,28.4
2025-12-01T17:00:00-08:00,50,62,28.4
2025-12-01T17:30:00-08:00,52,60,31.8
2025-12-01T18:00:00-08:00,52,60,32.9
2025-12-01T18:30:00-08:00,53,60,34.8
2025-12-01T19:00:00-08:00,54,59,35.8
2025-12-01T19:30:00-08:00,55,59,34.5
2025-12-01T20:00:00-08:00,55,58,33.1
2025-12-01T20:30:00-08:00,55,58,33.4
2025-12-01T21:00:00-08:00,55,58,33.9
2025-12-01T21:30:00-08:00,56,57,34.9
2025-12-01T22:00:00-08:00,56,57,32.8
2025-12-01T22:30:00-08:00,56,57,31.1
2025-12-01T23:00:00-08:00,55,58,30.4
2025-12-01T23:30:00-08:00,56,57,30
2025-12-02T00:00:00-08:00,55,57,28.2
2025-12-02T00:30:00-08:00,56,56,30.3
2025-12-02T01:00:00-08:00,56,56,30.5
2025-12-02T01:30:00-08:00,56,57,30.4
2025-12-02T02:00:00-08:00,55,57,30.8
2025-12-02T02:30:00-08:00,55,56,31.5
2025-12-02T03:00:00-08:00,56,56,33.1
2025-12-02T03:30:00-08:00,56,56,30.8
2025-12-02T04:00:00-08:00,56,57,30.7
2025-12-02T04:30:00-08:00,56,57,30.3
2025-12-02T05:00:00-08:00,56,57,33.4
2025-12-02T05:30:00-08:00,58,57,34.2
2025-12-02T06:00:00-08:00,58,58,32.3
2025-12-02T06:30:00-08:00,56,58,32.6
2025-12-02T07:00:00-08:00,56,56,33.1
2025-12-02T07:30:00-08:00,56,55,33.1
2025-12-02T08:00:00-08:00,58,57,35.2
2025-12-02T08:30:00-08:00,57,59,34.9
2025-12-02T09:00:00-08:00,55,61,35.4
2025-12-02T09:30:00-08:00,51,64,34.7
2025-12-02T10:00:00-08:00,49,65,34.6
2025-12-02T10:30:00-08:00,47,67,33.8
2025-12-02T11:00:00-08:00,45,69,32.4
2025-12-02T11:30:00-08:00,43,70,35.8
2025-12-02T12:00:00-08:00,42,72,32.7
2025-12-02T12:30:00-08:00,41,73,30.5
2025-12-02T13:00:00-08:00,39,75,28
2025-12-02T13:30:00-08:00,37,76,26.4
2025-12-02T14:00:00-08:00,36,77,22.5
2025-12-02T14:30:00-08:00,34,77,17.2
2025-12-02T15:00:00-08:00,34,76,15.9
2025-12-02T15:30:00-08:00,35,75,15
2025-12-02T16:00:00-08:00,38,73,17.4
2025-12-02T16:30:00-08:00,41,70,26.8
2025-12-02T17:00:00-08:00,45,68,32.1
2025-12-02T17:30:00-08:00,49,66,28.6
2025-12-02T18:00:00-08:00,52,65,22.7
2025-12-02T18:30:00-08:00,56,64,14.3
2025-12-02T19:00:00-08:00,58,64,14
2025-12-02T19:30:00-08:00,60,63,7.8
2025-12-02T20:00:00-08:00,60,63,8
2025-12-02T20:30:00-08:00,59,63,9.1
2025-12-02T21:00:00-08:00,59,62,18.6
2025-12-02T21:30:00-08:00,57,61,17.7
2025-12-02T22:00:00-08:00,57,60,27.3
2025-12-02T22:30:00-08:00,57,60,29
2025-12-02T23:00:00-08:00,57,59,26.3
2025-12-02T23:30:00-08:00,60,58,43.9
2025-12-03T00:00:00-08:00,61,58,42.1
2025-12-03T00:30:00-08:00,62,57,35.9
2025-12-03T01:00:00-08:00,61,57,31.8
2025-12-03T01:30:00-08:00,60,56,26.9
2025-12-03T02:00:00-08:00,58,57,24.9
2025-12-03T02:30:00-08:00,57,58,26.6
2025-12-03T03:00:00-08:00,56,58,28.2
2025-12-03T03:30:00-08:00,56,56,26
2025-12-03T04:00:00-08:00,56,55,24
2025-12-03T04:30:00-08:00,57,54,24.8
2025-12-03T05:00:00-08:00,57,53,24.9
2025-12-03T05:30:00-08:00,58,53,25.2
2025-12-03T06:00:00-08:00,58,52,25.8
2025-12-03T06:30:00-08:00,58,52,26.8
2025-12-03T07:00:00-08:00,58,52,26.5
2025-12-03T07:30:00-08:00,59,53,27.2
2025-12-03T08:00:00-08:00,60,56,26.4
2025-12-03T08:30:00-08:00,56,59,21.5
2025-12-03T09:00:00-08:00,49,62,13.4
2025-12-03T09:30:00-08:00,40,65,3.5
2025-12-03T10:00:00-08:00,34,68,1.1
2025-12-03T10:30:00-08:00,32,69,1.3
2025-12-03T11:00:00-08:00,31,72,5.1
2025-12-03T11:30:00-08:00,31,72,3
2025-12-03T12:00:00-08:00,27,73,0.3
2025-12-03T12:30:00-08:00,26,75,0.2
2025-12-03T13:00:00-08:00,27,74,1
2025-12-03T13:30:00-08:00,27,76,1.6
2025-12-03T14:00:00-08:00,25,76,1.4
2025-12-03T14:30:00-08:00,25,75,1.5
2025-12-03T15:00:00-08:00,26,74,1.3
2025-12-03T15:30:00-08:00,26,74,1.2
2025-12-03T16:00:00-08:00,28,72,1.8
2025-12-03T16:30:00-08:00,34,69,2.6
2025-12-03T17:00:00-08:00,37,66,1.9
2025-12-03T17:30:00-08:00,39,63,2.9
2025-12-03T18:00:00-08:00,40,62,1.5
2025-12-03T18:30:00-08:00,42,60,11.1
2025-12-03T19:00:00-08:00,43,60,14.8
2025-12-03T19:30:00-08:00,45,59,1.4
2025-12-03T20:00:00-08:00,46,58,1.4
2025-12-03T20:30:00-08:00,46,57,2.1
2025-12-03T21:00:00-08:00,47,57,1.7
2025-12-03T21:30:00-08:00,48,57,2.3
2025-12-03T22:00:00-08:00,48,57,4.2
2025-12-03T22:30:00-08:00,48,56,5.6
2025-12-03T23:00:00-08:00,49,55,6
2025-12-03T23:30:00-08:00,50,54,6.1
2025-12-04T00:00:00-08:00,51,54,5.9
2025-12-04T00:30:00-08:00,51,54,4.3
2025-12-04T01:00:00-08:00,52,53,3.5
2025-12-04T01:30:00-08:00,52,53,3
2025-12-04T02:00:00-08:00,52,52,3
2025-12-04T02:30:00-08:00,53,52,3.1
2025-12-04T03:00:00-08:00,53,51,3
2025-12-04T03:30:00-08:00,54,51,3.4
2025-12-04T04:00:00-08:00,55,51,3.9
2025-12-04T04:30:00-08:00,54,50,4.3
2025-12-04T05:00:00-08:00,55,50,5
2025-12-04T05:30:00-08:00,55,49,6.3
2025-12-04T06:00:00-08:00,55,50,6.1
2025-12-04T06:30:00-08:00,55,49,6.5
2025-12-04T07:00:00-08:00,57,50,10.4
2025-12-04T07:30:00-08:00,58,52,22.6
2025-12-04T08:00:00-08:00,60,53,32.4
2025-12-04T08:30:00-08:00,58,56,35
2025-12-04T09:00:00-08:00,56,57,36.3
2025-12-04T09:30:00-08:00,54,58,37.5
2025-12-04T10:00:00-08:00,51,60,35.9
2025-12-04T10:30:00-08:00,50,61,36.4
2025-12-04T11:00:00-08:00,47,63,36
2025-12-04T11:30:00-08:00,45,63,34.7
2025-12-04T12:00:00-08:00,44,64,33.6
2025-12-04T12:30:00-08:00,42,66,31.8
2025-12-04T13:00:00-08:00,41,68,31.3
2025-12-04T13:30:00-08:00,40,68,30.7
2025-12-04T14:00:00-08:00,39,69,31.1
2025-12-04T14:30:00-08:00,39,69,30.8
2025-12-04T15:00:00-08:00,39,68,30.3
2025-12-04T15:30:00-08:00,40,68,29.1
2025-12-04T16:00:00-08:00,42,66,30.6
2025-12-04T16:30:00-08:00,45,63,31.3
2025-12-04T17:00:00-08:00,45,62,31
2025-12-04T17:30:00-08:00,45,61,29.8
2025-12-04T18:00:00-08:00,47,60,33.9
2025-12-04T18:30:00-08:00,48,60,38
2025-12-04T19:00:00-08:00,48,59,37.9
2025-12-04T19:30:00-08:00,49,59,39.4
2025-12-04T20:00:00-08:00,49,59,37.4
2025-12-04T20:30:00-08:00,50,58,36.1
2025-12-04T21:00:00-08:00,51,57,37.5
2025-12-04T21:30:00-08:00,51,57,36.2
2025-12-04T22:00:00-08:00,52,56,35.4
2025-12-04T22:30:00-08:00,52,56,34.6
2025-12-04T23:00:00-08:00,52,55,31.1
2025-12-04T23:30:00-08:00,53,54,30.1
2025-12-05T00:00:00-08:00,54,54,29.9
2025-12-05T00:30:00-08:00,54,54,33.3
2025-12-05T01:00:00-08:00,54,54,29.8
2025-12-05T01:30:00-08:00,54,54,28.8
2025-12-05T02:00:00-08:00,55,54,29.6
2025-12-05T02:30:00-08:00,55,54,30
2025-12-05T03:00:00-08:00,55,54,28.7
2025-12-05T03:30:00-08:00,54,54,26.6
2025-12-05T04:00:00-08:00,55,53,29.2
2025-12-05T04:30:00-08:00,55,53,31.4
2025-12-05T05:00:00-08:00,55,53,30.8
2025-12-05T05:30:00-08:00,56,52,30.2
2025-12-05T06:00:00-08:00,55,52,28.7
2025-12-05T06:30:00-08:00,56,52,28.9
2025-12-05T07:00:00-08:00,56,52,25.6
2025-12-05T07:30:00-08:00,55,53,28.1
2025-12-05T08:00:00-08:00,55,55,31.3
2025-12-05T08:30:00-08:00,53,57,37.2
2025-12-05T09:00:00-08:00,50,60,37.3
2025-12-05T09:30:00-08:00,48,61,37
2025-12-05T10:00:00-08:00,45,63,36.2
2025-12-05T10:30:00-08:00,43,66,33.6
2025-12-05T11:00:00-08:00,40,68,33.1
2025-12-05T11:30:00-08:00,38,69,33.4
2025-12-05T12:00:00-08:00,37,70,35.9
2025-12-05T12:30:00-08:00,36,71,35.6
2025-12-05T13:00:00-08:00,37,72,35.9
2025-12-05T13:30:00-08:00,39,71,37.3
2025-12-05T14:00:00-08:00,41,70,38.7
2025-12-05T14:30:00-08:00,42,71,38.4
2025-12-05T15:00:00-08:00,43,70,39.3
2025-12-05T15:30:00-08:00,43,70,41.8
2025-12-05T16:00:00-08:00,44,68,39.7
2025-12-05T16:30:00-08:00,46,66,37.1
2025-12-05T17:00:00-08:00,49,65,36.5
2025-12-05T17:30:00-08:00,50,64,37.9
2025-12-05T18:00:00-08:00,51,63,42.1
2025-12-05T18:30:00-08:00,52,62,44.3
2025-12-05T19:00:00-08:00,53,61,41.1
2025-12-05T19:30:00-08:00,53,60,41.9
2025-12-05T20:00:00-08:00,54,59,36.2
2025-12-05T20:30:00-08:00,53,59,37
2025-12-05T21:00:00-08:00,53,58,32.1
2025-12-05T21:30:00-08:00,54,57,29
2025-12-05T22:00:00-08:00,54,57,28.2
2025-12-05T22:30:00-08:00,55,57,32.5
2025-12-05T23:00:00-08:00,55,57,31.7
2025-12-05T23:30:00-08:00,54,56,31.3
2025-12-06T00:00:00-08:00,55,56,33.2
2025-12-06T00:30:00-08:00,55,56,33.7
2025-12-06T01:00:00-08:00,55,56,32.4
2025-12-06T01:30:00-08:00,56,56,36.7
2025-12-06T02:00:00-08:00,57,55,36
2025-12-06T02:30:00-08:00,59,54,34.4
2025-12-06T03:00:00-08:00,60,54,30.9
2025-12-06T03:30:00-08:00,62,53,31
2025-12-06T04:00:00-08:00,61,53,29.1
2025-12-06T04:30:00-08:00,61,54,30.6
2025-12-06T05:00:00-08:00,61,54,31.6
2025-12-06T05:30:00-08:00,60,55,30.6
2025-12-06T06:00:00-08:00,60,55,30.7
2025-12-06T06:30:00-08:00,59,54,30.2
2025-12-06T07:00:00-08:00,59,54,29.1
2025-12-06T07:30:00-08:00,59,54,31
2025-12-06T08:00:00-08:00,59,55,34.2
2025-12-06T08:30:00-08:00,58,57,30.6
2025-12-06T09:00:00-08:00,55,58,33.1
2025-12-06T09:30:00-08:00,55,59,35.5
2025-12-06T10:00:00-08:00,52,61,36.4
2025-12-06T10:30:00-08:00,50,62,35.3
2025-12-06T11:00:00-08:00,49,63,34.9
2025-12-06T11:30:00-08:00,48,64,36.3
2025-12-06T12:00:00-08:00,46,66,34.5
2025-12-06T12:30:00-08:00,45,67,33.8
2025-12-06T13:00:00-08:00,44,68,32.8
2025-12-06T13:30:00-08:00,42,70,34.4
2025-12-06T14:00:00-08:00,41,71,33.7
2025-12-06T14:30:00-08:00,40,72,32.9
2025-12-06T15:00:00-08:00,41,71,34.7
2025-12-06T15:30:00-08:00,43,69,37
2025-12-06T16:00:00-08:00,46,67,33.3
2025-12-06T16:30:00-08:00,49,65,35.5
2025-12-06T17:00:00-08:00,49,64,30.3
2025-12-06T17:30:00-08:00,51,62,32.8
2025-12-06T18:00:00-08:00,51,61,31.7
2025-12-06T18:30:00-08:00,52,60,37.5
2025-12-06T19:00:00-08:00,53,59,39.4
2025-12-06T19:30:00-08:00,54,59,40.8
2025-12-06T20:00:00-08:00,54,59,37
2025-12-06T20:30:00-08:00,54,58,38
2025-12-06T21:00:00-08:00,56,57,36.6
2025-12-06T21:30:00-08:00,58,57,37
2025-12-06T22:00:00-08:00,58,56,37.6
2025-12-06T22:30:00-08:00,59,56,40.3
2025-12-06T23:00:00-08:00,59,57,35.9
2025-12-06T23:30:00-08:00,59,56,29.8
2025-12-07T00:00:00-08:00,59,56,26.3
2025-12-07T00:30:00-08:00,60,55,23.3
2025-12-07T01:00:00-08:00,62,55,24.6
2025-12-07T01:30:00-08:00,62,55,23.1
2025-12-07T02:00:00-08:00,61,55,24.1
2025-12-07T02:30:00-08:00,61,55,24.1
2025-12-07T03:00:00-08:00,60,56,23.9
2025-12-07T03:30:00-08:00,60,56,21.6
2025-12-07T04:00:00-08:00,61,55,22.7
2025-12-07T04:30:00-08:00,61,55,24.1
2025-12-07T05:00:00-08:00,60,56,22.8
2025-12-07T05:30:00-08:00,60,56,22.8
2025-12-07T06:00:00-08:00,59,56,21.6
2025-12-07T06:30:00-08:00,58,56,17.4
2025-12-07T07:00:00-08:00,58,56,19.1
2025-12-07T07:30:00-08:00,58,56,18.8
2025-12-07T08:00:00-08:00,59,56,19
2025-12-07T08:30:00-08:00,57,58,19.2
2025-12-07T09:00:00-08:00,55,60,21.1
2025-12-07T09:30:00-08:00,52,61,25.9
2025-12-07T10:00:00-08:00,50,63,20.5
2025-12-07T10:30:00-08:00,49,63,21.4
2025-12-07T11:00:00-08:00,49,63,22.1
2025-12-07T11:30:00-08:00,48,65,22.8
2025-12-07T12:00:00-08:00,46,67,21.3
2025-12-07T12:30:00-08:00,45,68,26.5
2025-12-07T13:00:00-08:00,43,69,25.7
2025-12-07T13:30:00-08:00,43,70,26.8
2025-12-07T14:00:00-08:00,42,71,29.8
2025-12-07T14:30:00-08:00,41,72,26.9
2025-12-07T15:00:00-08:00,43,70,34.4
2025-12-07T15:30:00-08:00,45,68,31
2025-12-07T16:00:00-08:00,47,67,29.1
2025-12-07T16:30:00-08:00,49,65,30.8
2025-12-07T17:00:00-08:00,52,64,35.1
2025-12-07T17:30:00-08:00,53,62,35.6
2025-12-07T18:00:00-08:00,54,61,38
2025-12-07T18:30:00-08:00,55,60,43.4
2025-12-07T19:00:00-08:00,56,59,42.1
2025-12-07T19:30:00-08:00,55,58,48.5
2025-12-07T20:00:00-08:00,56,58,34.5
2025-12-07T20:30:00-08:00,59,57,29.7
2025-12-07T21:00:00-08:00,59,56,30
2025-12-07T21:30:00-08:00,61,56,31.7
2025-12-07T22:00:00-08:00,61,56,29
2025-12-07T22:30:00-08:00,62,55,31.2
2025-12-07T23:00:00-08:00,62,55,34.1
2025-12-07T23:30:00-08:00,62,55,33.3
2025-12-08T00:00:00-08:00,61,55,30.7
2025-12-08T00:30:00-08:00,61,55,27.5
2025-12-08T01:00:00-08:00,61,55,26.8
2025-12-08T01:30:00-08:00,60,56,24.4
2025-12-08T02:00:00-08:00,60,55,24.4
2025-12-08T02:30:00-08:00,59,56,23.9
2025-12-08T03:00:00-08:00,59,56,25.6
2025-12-08T03:30:00-08:00,58,57,26.8
2025-12-08T04:00:00-08:00,59,56,23.5
2025-12-08T04:30:00-08:00,58,56,23.8
2025-12-08T05:00:00-08:00,58,57,26.2
2025-12-08T05:30:00-08:00,55,57,20.4
2025-12-08T06:00:00-08:00,57,56,20.6
2025-12-08T06:30:00-08:00,58,56,19.9
2025-12-08T07:00:00-08:00,58,56,22.1
2025-12-08T07:30:00-08:00,57,56,18.4
2025-12-08T08:00:00-08:00,57,57,17.2
2025-12-08T08:30:00-08:00,56,58,18.7
2025-12-08T09:00:00-08:00,55,58,16.3
2025-12-08T09:30:00-08:00,54,60,19.1
2025-12-08T10:00:00-08:00,52,60,22.9
2025-12-08T10:30:00-08:00,51,62,24
2025-12-08T11:00:00-08:00,48,64,14.6
2025-12-08T11:30:00-08:00,48,65,23.9
2025-12-08T12:00:00-08:00,46,66,21.7
2025-12-08T12:30:00-08:00,45,67,28.4
2025-12-08T13:00:00-08:00,45,68,32.8
2025-12-08T13:30:00-08:00,44,69,30.3
2025-12-08T14:00:00-08:00,43,70,30.3
2025-12-08T14:30:00-08:00,42,71,30.3
2025-12-08T15:00:00-08:00,43,70,32.9
2025-12-08T15:30:00-08:00,44,69,29.2
2025-12-08T16:00:00-08:00,45,68,24.7
2025-12-08T16:30:00-08:00,49,66,29.1
2025-12-08T17:00:00-08:00,50,64,31.4
2025-12-08T17:30:00-08:00,52,63,34.4
2025-12-08T18:00:00-08:00,54,61,33
2025-12-08T18:30:00-08:00,54,60,34.8
2025-12-08T19:00:00-08:00,55,59,31
2025-12-08T19:30:00-08:00,54,59,32.1
2025-12-08T20:00:00-08:00,54,59,34.7
2025-12-08T20:30:00-08:00,54,59,36
2025-12-08T21:00:00-08:00,54,58,42.3
2025-12-08T21:30:00-08:00,54,58,28.8
2025-12-08T22:00:00-08:00,56,57,29.3
2025-12-08T22:30:00-08:00,57,56,28.6
2025-12-08T23:00:00-08:00,58,55,29.8
2025-12-08T23:30:00-08:00,60,55,30.4
2025-12-09T00:00:00-08:00,60,55,31.1
2025-12-09T00:30:00-08:00,60,55,30.6
2025-12-09T01:00:00-08:00,60,55,28.8
2025-12-09T01:30:00-08:00,60,54,28.5
2025-12-09T02:00:00-08:00,60,55,27.5
2025-12-09T02:30:00-08:00,58,55,25.5
2025-12-09T03:00:00-08:00,60,54,28.2
2025-12-09T03:30:00-08:00,61,54,29.5
2025-12-09T04:00:00-08:00,61,54,28.7
2025-12-09T04:30:00-08:00,61,54,27.5
2025-12-09T05:00:00-08:00,61,54,27.2
2025-12-09T05:30:00-08:00,59,55,26.2
2025-12-09T06:00:00-08:00,58,56,30.5
2025-12-09T06:30:00-08:00,57,58,39.2
2025-12-09T07:00:00-08:00,57,56,35.3
2025-12-09T07:30:00-08:00,59,55,27.2
2025-12-09T08:00:00-08:00,59,56,27.4
2025-12-09T08:30:00-08:00,57,58,30.2
2025-12-09T09:00:00-08:00,55,60,33.7
2025-12-09T09:30:00-08:00,54,60,29.4
2025-12-09T10:00:00-08:00,52,61,24.4
2025-12-09T10:30:00-08:00,51,62,24.3
2025-12-09T11:00:00-08:00,49,64,26
2025-12-09T11:30:00-08:00,47,65,26.6
2025-12-09T12:00:00-08:00,45,67,26.3
2025-12-09T12:30:00-08:00,45,68,25.3
2025-12-09T13:00:00-08:00,43,70,24.4
2025-12-09T13:30:00-08:00,41,72,29.7
2025-12-09T14:00:00-08:00,42,71,33.7
2025-12-09T14:30:00-08:00,43,70,35.6
2025-12-09T15:00:00-08:00,45,68,34.9
2025-12-09T15:30:00-08:00,46,68,36.5
2025-12-09T16:00:00-08:00,48,67,35.6
2025-12-09T16:30:00-08:00,51,65,34.5
2025-12-09T17:00:00-08:00,52,64,36.6
2025-12-09T17:30:00-08:00,52,63,34.6
2025-12-09T18:00:00-08:00,53,61,32.6
2025-12-09T18:30:00-08:00,54,59,34.7
2025-12-09T19:00:00-08:00,56,58,47.9
2025-12-09T19:30:00-08:00,57,57,35.3
2025-12-09T20:00:00-08:00,58,57,32.1
2025-12-09T20:30:00-08:00,58,56,31
2025-12-09T21:00:00-08:00,58,57,31.9
2025-12-09T21:30:00-08:00,57,57,29.6
2025-12-09T22:00:00-08:00,57,56,26
2025-12-09T22:30:00-08:00,57,56,25.1
2025-12-09T23:00:00-08:00,58,56,25.7
2025-12-09T23:30:00-08:00,58,56,25.2
2025-12-10T00:00:00-08:00,60,55,25
2025-12-10T00:30:00-08:00,61,55,24.9
2025-12-10T01:00:00-08:00,61,55,26.7
2025-12-10T01:30:00-08:00,60,55,23.4
2025-12-10T02:00:00-08:00,58,55,22.5
2025-12-10T02:30:00-08:00,57,54,23.8
2025-12-10T03:00:00-08:00,57,53,24.8
2025-12-10T03:30:00-08:00,56,53,22.8
2025-12-10T04:00:00-08:00,57,52,22.4
2025-12-10T04:30:00-08:00,57,52,22.7
2025-12-10T05:00:00-08:00,57,52,22.6
2025-12-10T05:30:00-08:00,57,51,21.7
2025-12-10T06:00:00-08:00,57,51,22.5
2025-12-10T06:30:00-08:00,56,51,23.2
2025-12-10T07:00:00-08:00,57,51,24.5
2025-12-10T07:30:00-08:00,58,51,26.6
2025-12-10T08:00:00-08:00,60,54,30.2
2025-12-10T08:30:00-08:00,60,57,23
2025-12-10T09:00:00-08:00,57,60,21.3
2025-12-10T09:30:00-08:00,55,61,21.4
2025-12-10T10:00:00-08:00,53,63,27.6
2025-12-10T10:30:00-08:00,51,64,27.3
2025-12-10T11:00:00-08:00,49,66,27
2025-12-10T11:30:00-08:00,47,68,26.8
2025-12-10T12:00:00-08:00,45,69,24.8
2025-12-10T12:30:00-08:00,43,70,26
2025-12-10T13:00:00-08:00,43,71,28.8
2025-12-10T13:30:00-08:00,42,72,29.6
2025-12-10T14:00:00-08:00,42,72,29.7
2025-12-10T14:30:00-08:00,41,73,25.3
2025-12-10T15:00:00-08:00,41,72,24.3
2025-12-10T15:30:00-08:00,42,71,26.2
2025-12-10T16:00:00-08:00,45,70,30.3
2025-12-10T16:30:00-08:00,48,68,38.6
2025-12-10T17:00:00-08:00,49,66,26.9
2025-12-10T17:30:00-08:00,52,64,27.9
2025-12-10T18:00:00-08:00,53,62,31.4
2025-12-10T18:30:00-08:00,55,61,35.3
2025-12-10T19:00:00-08:00,56,60,41.2
2025-12-10T19:30:00-08:00,55,59,45.1
2025-12-10T20:00:00-08:00,55,58,46.4
2025-12-10T20:30:00-08:00,55,58,34.1
2025-12-10T21:00:00-08:00,55,57,32
2025-12-10T21:30:00-08:00,56,57,28.3
2025-12-10T22:00:00-08:00,56,57,26.3
2025-12-10T22:30:00-08:00,56,57,25.9
2025-12-10T23:00:00-08:00,57,57,26.8
2025-12-10T23:30:00-08:00,57,57,25.2
2025-12-11T00:00:00-08:00,57,57,24.6
2025-12-11T00:30:00-08:00,57,57,23.8
2025-12-11T01:00:00-08:00,58,56,23.4
2025-12-11T01:30:00-08:00,59,56,21.9
2025-12-11T02:00:00-08:00,59,56,21.7
2025-12-11T02:30:00-08:00,59,56,21.3
2025-12-11T03:00:00-08:00,59,56,18.8
2025-12-11T03:30:00-08:00,57,56,17.5
2025-12-11T04:00:00-08:00,55,55,17
2025-12-11T04:30:00-08:00,58,53,18.2
2025-12-11T05:00:00-08:00,61,54,18.7
2025-12-11T05:30:00-08:00,61,55,17.5
2025-12-11T06:00:00-08:00,61,55,16.4
2025-12-11T06:30:00-08:00,60,54,16.3
2025-12-11T07:00:00-08:00,60,54,15.9
2025-12-11T07:30:00-08:00,60,55,16
2025-12-11T08:00:00-08:00,59,56,14.4
2025-12-11T08:30:00-08:00,57,57,14.4
2025-12-11T09:00:00-08:00,57,58,14.1
2025-12-11T09:30:00-08:00,55,59,12.9
2025-12-11T10:00:00-08:00,53,60,16.1
2025-12-11T10:30:00-08:00,51,62,16
2025-12-11T11:00:00-08:00,49,64,24.7
2025-12-11T11:30:00-08:00,47,66,27.2
2025-12-11T12:00:00-08:00,45,68,24.8
2025-12-11T12:30:00-08:00,43,70,17.3
2025-12-11T13:00:00-08:00,40,72,17.8
2025-12-11T13:30:00-08:00,38,74,17.6
2025-12-11T14:00:00-08:00,37,75,16.4
2025-12-11T14:30:00-08:00,38,74,21.6
2025-12-11T15:00:00-08:00,39,73,23.9
2025-12-11T15:30:00-08:00,42,71,32
2025-12-11T16:00:00-08:00,44,70,35.6
2025-12-11T16:30:00-08:00,46,68,32.5
2025-12-11T17:00:00-08:00,48,66,30.6
2025-12-11T17:30:00-08:00,51,64,31.1
2025-12-11T18:00:00-08:00,53,62,31.8
2025-12-11T18:30:00-08:00,54,60,35.9
2025-12-11T19:00:00-08:00,54,59,31.9
2025-12-11T19:30:00-08:00,54,58,32.6
2025-12-11T20:00:00-08:00,54,57,21.1
2025-12-11T20:30:00-08:00,55,56,23.2
2025-12-11T21:00:00-08:00,56,55,30.3
2025-12-11T21:30:00-08:00,56,54,41
2025-12-11T22:00:00-08:00,56,54,30.3
2025-12-11T22:30:00-08:00,57,54,21.5
2025-12-11T23:00:00-08:00,57,54,17.2
2025-12-11T23:30:00-08:00,57,54,16.8
2025-12-12T00:00:00-08:00,56,55,15.3
2025-12-12T00:30:00-08:00,56,54,18
2025-12-12T01:00:00-08:00,57,54,17.6
2025-12-12T01:30:00-08:00,58,53,14.5
2025-12-12T02:00:00-08:00,57,54,12.4
2025-12-12T02:30:00-08:00,58,53,10.1
2025-12-12T03:00:00-08:00,58,53,10.4
2025-12-12T03:30:00-08:00,59,53,11.4
2025-12-12T04:00:00-08:00,59,54,12.7
2025-12-12T04:30:00-08:00,60,53,13.6
2025-12-12T05:00:00-08:00,61,53,13.5
2025-12-12T05:30:00-08:00,61,53,11.8
2025-12-12T06:00:00-08:00,62,52,10.8
2025-12-12T06:30:00-08:00,62,52,10.7
2025-12-12T07:00:00-08:00,62,52,10.1
2025-12-12T07:30:00-08:00,62,52,9.4
2025-12-12T08:00:00-08:00,61,53,7.9
2025-12-12T08:30:00-08:00,60,54,7.4
2025-12-12T09:00:00-08:00,58,55,7.1
2025-12-12T09:30:00-08:00,57,57,6.6
2025-12-12T10:00:00-08:00,55,58,6.8
2025-12-12T10:30:00-08:00,53,59,8
2025-12-12T11:00:00-08:00,51,61,6.5
2025-12-12T11:30:00-08:00,48,62,5.8
2025-12-12T12:00:00-08:00,47,64,8.9
2025-12-12T12:30:00-08:00,45,65,6.9
2025-12-12T13:00:00-08:00,43,67,7.3
2025-12-12T13:30:00-08:00,42,69,7.6
2025-12-12T14:00:00-08:00,40,69,7.5
2025-12-12T14:30:00-08:00,39,70,7.3
2025-12-12T15:00:00-08:00,41,69,7.9
2025-12-12T15:30:00-08:00,42,67,8.2
2025-12-12T16:00:00-08:00,44,65,9.7
2025-12-12T16:30:00-08:00,47,63,11.1
2025-12-12T17:00:00-08:00,49,61,12.2
2025-12-12T17:30:00-08:00,51,60,26.6
2025-12-12T18:00:00-08:00,52,59,25
2025-12-12T18:30:00-08:00,53,58,25.7
2025-12-12T19:00:00-08:00,54,57,33.3
2025-12-12T19:30:00-08:00,55,56,13.5
2025-12-12T20:00:00-08:00,55,56,15.5
2025-12-12T20:30:00-08:00,55,56,15.4
2025-12-12T21:00:00-08:00,55,55,16.3
2025-12-12T21:30:00-08:00,55,55,16.2
2025-12-12T22:00:00-08:00,55,54,15.9
2025-12-12T22:30:00-08:00,56,54,14.7
2025-12-12T23:00:00-08:00,56,54,15.2
2025-12-12T23:30:00-08:00,55,53,13
2025-12-13T00:00:00-08:00,55,53,15.2
2025-12-13T00:30:00-08:00,56,53,10.2
2025-12-13T01:00:00-08:00,56,52,9.7
2025-12-13T01:30:00-08:00,57,52,8.6
2025-12-13T02:00:00-08:00,57,51,8.5
2025-12-13T02:30:00-08:00,58,51,7.6
2025-12-13T03:00:00-08:00,58,51,7.6
2025-12-13T03:30:00-08:00,59,51,6.3
2025-12-13T04:00:00-08:00,59,50,6.6
2025-12-13T04:30:00-08:00,58,50,5.6
2025-12-13T05:00:00-08:00,59,50,4.2
2025-12-13T05:30:00-08:00,60,50,4.2
2025-12-13T06:00:00-08:00,60,49,5.1
2025-12-13T06:30:00-08:00,60,50,4.6
2025-12-13T07:00:00-08:00,60,49,5.1
2025-12-13T07:30:00-08:00,60,50,3.8
2025-12-13T08:00:00-08:00,60,51,3.4
2025-12-13T08:30:00-08:00,59,52,3.6
2025-12-13T09:00:00-08:00,57,55,4.5
2025-12-13T09:30:00-08:00,54,57,6.9
2025-12-13T10:00:00-08:00,52,58,5.6
2025-12-13T10:30:00-08:00,51,59,9.5
2025-12-13T11:00:00-08:00,49,61,9.7
2025-12-13T11:30:00-08:00,48,63,17.1
2025-12-13T12:00:00-08:00,48,64,26.9
2025-12-13T12:30:00-08:00,46,66,24.2
2025-12-13T13:00:00-08:00,43,68,18.3
2025-12-13T13:30:00-08:00,42,69,16.1
2025-12-13T14:00:00-08:00,41,70,15.7
2025-12-13T14:30:00-08:00,42,69,19.3
2025-12-13T15:00:00-08:00,44,68,16.6
2025-12-13T15:30:00-08:00,46,67,16.5
2025-12-13T16:00:00-08:00,48,65,18.4
2025-12-13T16:30:00-08:00,49,64,20.7
2025-12-13T17:00:00-08:00,50,62,22
2025-12-13T17:30:00-08:00,52,60,24.7
2025-12-13T18:00:00-08:00,54,59,36.7
2025-12-13T18:30:00-08:00,55,58,48.1
2025-12-13T19:00:00-08:00,56,57,50.4
2025-12-13T19:30:00-08:00,56,56,39.3
2025-12-13T20:00:00-08:00,57,55,37.7
2025-12-13T20:30:00-08:00,58,54,32.7
2025-12-13T21:00:00-08:00,58,54,25.6
2025-12-13T21:30:00-08:00,58,53,23.2
2025-12-13T22:00:00-08:00,58,53,29.5
2025-12-13T22:30:00-08:00,59,52,34.4
2025-12-13T23:00:00-08:00,59,52,25.1
2025-12-13T23:30:00-08:00,59,52,23.8
2025-12-14T00:00:00-08:00,59,52,30.1
2025-12-14T00:30:00-08:00,60,51,26.7
2025-12-14T01:00:00-08:00,60,52,21.3
2025-12-14T01:30:00-08:00,59,54,19
2025-12-14T02:00:00-08:00,59,56,21
2025-12-14T02:30:00-08:00,59,56,23.9
2025-12-14T03:00:00-08:00,59,57,28.5
2025-12-14T03:30:00-08:00,58,57,28.4
2025-12-14T04:00:00-08:00,59,57,30.9
2025-12-14T04:30:00-08:00,59,57,34.2
2025-12-14T05:00:00-08:00,58,55,21.6
2025-12-14T05:30:00-08:00,56,55,18.2
2025-12-14T06:00:00-08:00,56,55,19
2025-12-14T06:30:00-08:00,56,56,18.8
2025-12-14T07:00:00-08:00,56,57,21.2
2025-12-14T07:30:00-08:00,57,57,22.5
2025-12-14T08:00:00-08:00,58,57,23.1
2025-12-14T08:30:00-08:00,57,58,24.3
2025-12-14T09:00:00-08:00,55,58,17.3
2025-12-14T09:30:00-08:00,54,59,21.1
2025-12-14T10:00:00-08:00,54,59,20.6
2025-12-14T10:30:00-08:00,53,59,16.5
2025-12-14T11:00:00-08:00,52,60,17
2025-12-14T11:30:00-08:00,50,63,21.9
2025-12-14T12:00:00-08:00,49,65,25.4
2025-12-14T12:30:00-08:00,49,65,28.2
2025-12-14T13:00:00-08:00,47,66,28.7
2025-12-14T13:30:00-08:00,45,68,28
2025-12-14T14:00:00-08:00,45,68,30.1
2025-12-14T14:30:00-08:00,45,68,29.5
2025-12-14T15:00:00-08:00,47,66,29.7
2025-12-14T15:30:00-08:00,49,65,31.9
2025-12-14T16:00:00-08:00,52,63,34.7
2025-12-14T16:30:00-08:00,54,62,36.7
2025-12-14T17:00:00-08:00,56,60,37.3
2025-12-14T17:30:00-08:00,57,59,41.1
2025-12-14T18:00:00-08:00,59,57,46.2
2025-12-14T18:30:00-08:00,59,57,51.8
2025-12-14T19:00:00-08:00,58,56,44.2
2025-12-14T19:30:00-08:00,59,55,42.3
2025-12-14T20:00:00-08:00,58,54,43.2
2025-12-14T20:30:00-08:00,61,54,41.3
2025-12-14T21:00:00-08:00,61,54,38.4
2025-12-14T21:30:00-08:00,61,53,38.1
2025-12-14T22:00:00-08:00,60,53,38.6
2025-12-14T22:30:00-08:00,60,52,35.6
2025-12-14T23:00:00-08:00,59,52,34.1
2025-12-14T23:30:00-08:00,59,51,32.9
2025-12-15T00:00:00-08:00,59,51,30.7
2025-12-15T00:30:00-08:00,59,51,31.6
2025-12-15T01:00:00-08:00,59,50,31.7
2025-12-15T01:30:00-08:00,59,51,31.7
2025-12-15T02:00:00-08:00,60,52,34.8
2025-12-15T02:30:00-08:00,61,53,30.7
2025-12-15T03:00:00-08:00,59,55,30.9
2025-12-15T03:30:00-08:00,58,54,25.5
2025-12-15T04:00:00-08:00,59,54,25
2025-12-15T04:30:00-08:00,57,55,22.4
2025-12-15T05:00:00-08:00,56,55,19.8
2025-12-15T05:30:00-08:00,56,55,19.6
2025-12-15T06:00:00-08:00,57,55,24.6
2025-12-15T06:30:00-08:00,59,56,32.2
2025-12-15T07:00:00-08:00,58,54,23.4
2025-12-15T07:30:00-08:00,56,54,14.1
2025-12-15T08:00:00-08:00,56,54,13
2025-12-15T08:30:00-08:00,55,54,11.3
2025-12-15T09:00:00-08:00,55,55,12.9
2025-12-15T09:30:00-08:00,53,57,13.5
2025-12-15T10:00:00-08:00,52,59,23.2
2025-12-15T10:30:00-08:00,50,60,15.6
2025-12-15T11:00:00-08:00,49,61,12.5
2025-12-15T11:30:00-08:00,47,63,15.8
2025-12-15T12:00:00-08:00,45,65,18
2025-12-15T12:30:00-08:00,44,66,24.4
2025-12-15T13:00:00-08:00,45,67,31.7
2025-12-15T13:30:00-08:00,43,69,36.3
2025-12-15T14:00:00-08:00,43,69,33.9
2025-12-15T14:30:00-08:00,44,69,35.9
2025-12-15T15:00:00-08:00,45,68,35.8
2025-12-15T15:30:00-08:00,45,67,32.8
2025-12-15T16:00:00-08:00,47,65,33.9
2025-12-15T16:30:00-08:00,48,65,33.5
2025-12-15T17:00:00-08:00,50,64,35.5
2025-12-15T17:30:00-08:00,52,63,37.7
2025-12-15T18:00:00-08:00,53,62,36.2
2025-12-15T18:30:00-08:00,53,61,35.8
2025-12-15T19:00:00-08:00,55,60,38.2
2025-12-15T19:30:00-08:00,56,60,41.5
2025-12-15T20:00:00-08:00,56,60,40.1
2025-12-15T20:30:00-08:00,56,59,41.7
2025-12-15T21:00:00-08:00,57,58,41.8
2025-12-15T21:30:00-08:00,58,58,44.5
2025-12-15T22:00:00-08:00,58,58,44.4
2025-12-15T22:30:00-08:00,58,58,44.4
2025-12-15T23:00:00-08:00,58,57,38.8
2025-12-15T23:30:00-08:00,58,57,37.9
2025-12-16T00:00:00-08:00,58,57,35.5
2025-12-16T00:30:00-08:00,59,56,29.5
2025-12-16T01:00:00-08:00,58,56,28.9
2025-12-16T01:30:00-08:00,58,55,28.1
2025-12-16T02:00:00-08:00,59,55,27.9
2025-12-16T02:30:00-08:00,58,55,29.2
2025-12-16T03:00:00-08:00,59,56,30.9
2025-12-16T03:30:00-08:00,58,56,31.3
2025-12-16T04:00:00-08:00,59,55,31.6
2025-12-16T04:30:00-08:00,59,56,30.4
2025-12-16T05:00:00-08:00,59,56,28.3
2025-12-16T05:30:00-08:00,59,56,26.3
2025-12-16T06:00:00-08:00,58,57,24.5
2025-12-16T06:30:00-08:00,58,57,23.6
2025-12-16T07:00:00-08:00,58,57,23.5
2025-12-16T07:30:00-08:00,59,56,22.5
2025-12-16T08:00:00-08:00,59,56,18.4
2025-12-16T08:30:00-08:00,59,57,16.2
2025-12-16T09:00:00-08:00,57,58,16.2
2025-12-16T09:30:00-08:00,53,61,12.1
2025-12-16T10:00:00-08:00,50,64,21
2025-12-16T10:30:00-08:00,49,67,30.2
2025-12-16T11:00:00-08:00,48,68,30.7
2025-12-16T11:30:00-08:00,47,68,32.3
2025-12-16T12:00:00-08:00,46,69,29.6
2025-12-16T12:30:00-08:00,46,70,29.6
2025-12-16T13:00:00-08:00,44,71,20.1
2025-12-16T13:30:00-08:00,43,72,17.1
2025-12-16T14:00:00-08:00,43,73,13.4
2025-12-16T14:30:00-08:00,44,72,12.3
2025-12-16T15:00:00-08:00,44,72,16.8
2025-12-16T15:30:00-08:00,48,68,26.4
2025-12-16T16:00:00-08:00,49,67,35
2025-12-16T16:30:00-08:00,51,66,34.2
2025-12-16T17:00:00-08:00,52,65,34.5
2025-12-16T17:30:00-08:00,54,64,25.9
2025-12-16T18:00:00-08:00,55,63,28.2
2025-12-16T18:30:00-08:00,56,62,28.7
2025-12-16T19:00:00-08:00,57,62,28.2
2025-12-16T19:30:00-08:00,59,62,29
2025-12-16T20:00:00-08:00,57,64,21
2025-12-16T20:30:00-08:00,57,64,28.7
2025-12-16T21:00:00-08:00,57,64,26.9
2025-12-16T21:30:00-08:00,58,63,29
2025-12-16T22:00:00-08:00,60,62,30.6
2025-12-16T22:30:00-08:00,62,61,30
2025-12-16T23:00:00-08:00,63,60,31.7
2025-12-16T23:30:00-08:00,63,59,30.4
2025-12-17T00:00:00-08:00,64,60,28.3
2025-12-17T00:30:00-08:00,63,62,25.6
2025-12-17T01:00:00-08:00,62,63,23.2
2025-12-17T01:30:00-08:00,61,63,24.3
2025-12-17T02:00:00-08:00,60,64,25.1
2025-12-17T02:30:00-08:00,61,63,24.4
2025-12-17T03:00:00-08:00,63,63,24.5
2025-12-17T03:30:00-08:00,66,63,25.6
2025-12-17T04:00:00-08:00,67,63,26.6
2025-12-17T04:30:00-08:00,67,64,28.5
2025-12-17T05:00:00-08:00,67,64,29.9
2025-12-17T05:30:00-08:00,66,64,30.9
2025-12-17T06:00:00-08:00,66,64,31
2025-12-17T06:30:00-08:00,66,64,30
2025-12-17T07:00:00-08:00,65,65,27.5
2025-12-17T07:30:00-08:00,65,65,28.8
2025-12-17T08:00:00-08:00,68,65,28.4
2025-12-17T08:30:00-08:00,70,65,27.6
2025-12-17T09:00:00-08:00,71,66,26.5
2025-12-17T09:30:00-08:00,71,66,21.8
2025-12-17T10:00:00-08:00,71,68,15.8
2025-12-17T10:30:00-08:00,72,68,21.1
2025-12-17T11:00:00-08:00,71,70,14.5
2025-12-17T11:30:00-08:00,70,71,14.5
2025-12-17T12:00:00-08:00,68,73,13.8
2025-12-17T12:30:00-08:00,66,74,8.7
2025-12-17T13:00:00-08:00,61,76,4.1
2025-12-17T13:30:00-08:00,57,76,0.7
2025-12-17T14:00:00-08:00,56,77,0.9
2025-12-17T14:30:00-08:00,61,74,5.6
2025-12-17T15:00:00-08:00,65,71,1.4
2025-12-17T15:30:00-08:00,65,71,0.8
2025-12-17T16:00:00-08:00,67,70,0.8
2025-12-17T16:30:00-08:00,68,68,1.1
2025-12-17T17:00:00-08:00,69,66,3
2025-12-17T17:30:00-08:00,69,65,1.9
2025-12-17T18:00:00-08:00,71,64,2.5
2025-12-17T18:30:00-08:00,70,63,2.6
2025-12-17T19:00:00-08:00,69,62,2.8
2025-12-17T19:30:00-08:00,69,61,3.2
2025-12-17T20:00:00-08:00,70,60,4.5
2025-12-17T20:30:00-08:00,70,61,6
2025-12-17T21:00:00-08:00,70,60,8
2025-12-17T21:30:00-08:00,70,59,6.9
2025-12-17T22:00:00-08:00,70,58,7.8
2025-12-17T22:30:00-08:00,71,57,9.7
2025-12-17T23:00:00-08:00,72,57,11.4
2025-12-17T23:30:00-08:00,71,57,9.1
2025-12-18T00:00:00-08:00,70,57,5.5
2025-12-18T00:30:00-08:00,69,57,5.1
2025-12-18T01:00:00-08:00,69,57,4.3
2025-12-18T01:30:00-08:00,70,58,8.4
2025-12-18T02:00:00-08:00,72,59,14.4
2025-12-18T02:30:00-08:00,73,60,18.1
2025-12-18T03:00:00-08:00,72,61,16.1
2025-12-18T03:30:00-08:00,72,61,14.5
2025-12-18T04:00:00-08:00,71,61,20.2
2025-12-18T04:30:00-08:00,70,61,22.1
2025-12-18T05:00:00-08:00,69,61,25.2
2025-12-18T05:30:00-08:00,70,61,27.1
2025-12-18T06:00:00-08:00,70,61,22.6
2025-12-18T06:30:00-08:00,69,61,18.1
2025-12-18T07:00:00-08:00,68,61,19
2025-12-18T07:30:00-08:00,70,60,20.5
2025-12-18T08:00:00-08:00,69,61,19.5
2025-12-18T08:30:00-08:00,69,62,26.8
2025-12-18T09:00:00-08:00,68,63,21.4
2025-12-18T09:30:00-08:00,66,64,21.1
2025-12-18T10:00:00-08:00,64,64,16.8
2025-12-18T10:30:00-08:00,64,64,16.9
2025-12-18T11:00:00-08:00,61,66,17
2025-12-18T11:30:00-08:00,58,67,19.8
2025-12-18T12:00:00-08:00,57,67,22.3
2025-12-18T12:30:00-08:00,57,68,24.8
2025-12-18T13:00:00-08:00,54,69,20
2025-12-18T13:30:00-08:00,52,71,16.3
2025-12-18T14:00:00-08:00,51,71,15
2025-12-18T14:30:00-08:00,52,70,13.9
2025-12-18T15:00:00-08:00,50,69,20.5
2025-12-18T15:30:00-08:00,49,69,19.2
2025-12-18T16:00:00-08:00,52,68,14.5
2025-12-18T16:30:00-08:00,58,65,26.3
2025-12-18T17:00:00-08:00,62,63,36.2
2025-12-18T17:30:00-08:00,62,62,57.4
2025-12-18T18:00:00-08:00,64,61,39
2025-12-18T18:30:00-08:00,65,59,33.4
2025-12-18T19:00:00-08:00,66,58,33.7
2025-12-18T19:30:00-08:00,67,58,37.6
2025-12-18T20:00:00-08:00,67,58,41.8
2025-12-18T20:30:00-08:00,68,59,43.3
2025-12-18T21:00:00-08:00,69,61,36
2025-12-18T21:30:00-08:00,68,62,30.7
2025-12-18T22:00:00-08:00,67,62,30.7
2025-12-18T22:30:00-08:00,66,63,27.4
2025-12-18T23:00:00-08:00,68,63,33
2025-12-18T23:30:00-08:00,70,62,31.7
2025-12-19T00:00:00-08:00,70,62,34.1
2025-12-19T00:30:00-08:00,69,62,34.1
2025-12-19T01:00:00-08:00,68,63,33.5
2025-12-19T01:30:00-08:00,67,63,32.5
2025-12-19T02:00:00-08:00,67,62,32.5
2025-12-19T02:30:00-08:00,66,62,32.9
2025-12-19T03:00:00-08:00,68,62,33
2025-12-19T03:30:00-08:00,67,62,31.9
2025-12-19T04:00:00-08:00,68,63,29.2
2025-12-19T04:30:00-08:00,67,63,26.6
2025-12-19T05:00:00-08:00,67,63,25.1
2025-12-19T05:30:00-08:00,67,63,25.8
2025-12-19T06:00:00-08:00,67,63,26.4
2025-12-19T06:30:00-08:00,66,63,26
2025-12-19T07:00:00-08:00,65,63,25.9
2025-12-19T07:30:00-08:00,66,62,23.1
2025-12-19T08:00:00-08:00,66,62,27.7
2025-12-19T08:30:00-08:00,64,64,20.6
2025-12-19T09:00:00-08:00,61,65,18.5
2025-12-19T09:30:00-08:00,58,68,18.7
2025-12-19T10:00:00-08:00,55,70,16.3
2025-12-19T10:30:00-08:00,51,71,10.1
2025-12-19T11:00:00-08:00,48,73,4.5
2025-12-19T11:30:00-08:00,45,74,2.5
2025-12-19T12:00:00-08:00,43,75,8.1
2025-12-19T12:30:00-08:00,43,76,5.7
2025-12-19T13:00:00-08:00,43,76,2.5
2025-12-19T13:30:00-08:00,43,76,2.2
2025-12-19T14:00:00-08:00,46,74,3.3
2025-12-19T14:30:00-08:00,49,72,0.3
2025-12-19T15:00:00-08:00,50,72,0.3
2025-12-19T15:30:00-08:00,53,71,0.6
2025-12-19T16:00:00-08:00,56,71,1.2
2025-12-19T16:30:00-08:00,59,70,0.3
2025-12-19T17:00:00-08:00,60,70,0.3
2025-12-19T17:30:00-08:00,59,70,1.4
2025-12-19T18:00:00-08:00,57,71,0.9
2025-12-19T18:30:00-08:00,57,71,1.2
2025-12-19T19:00:00-08:00,60,70,2.8
2025-12-19T19:30:00-08:00,68,68,5.7
2025-12-19T20:00:00-08:00,73,67,17.9
2025-12-19T20:30:00-08:00,74,67,14.5
2025-12-19T21:00:00-08:00,75,67,4.6
2025-12-19T21:30:00-08:00,75,67,4.7
2025-12-19T22:00:00-08:00,75,67,5.4
2025-12-19T22:30:00-08:00,75,67,8.4
2025-12-19T23:00:00-08:00,71,68,7.1
2025-12-19T23:30:00-08:00,68,68,4.5
2025-12-20T00:00:00-08:00,67,68,2.8
2025-12-20T00:30:00-08:00,68,68,3.3
2025-12-20T01:00:00-08:00,71,68,4.8
2025-12-20T01:30:00-08:00,70,68,7.1
2025-12-20T02:00:00-08:00,69,68,3.6
2025-12-20T02:30:00-08:00,68,68,2.2
2025-12-20T03:00:00-08:00,67,68,2.6
2025-12-20T03:30:00-08:00,67,68,3.6
2025-12-20T04:00:00-08:00,68,68,2.2
2025-12-20T04:30:00-08:00,69,68,2.2
2025-12-20T05:00:00-08:00,69,68,1.6
2025-12-20T05:30:00-08:00,69,68,1
2025-12-20T06:00:00-08:00,69,68,2
2025-12-20T06:30:00-08:00,70,68,2
2025-12-20T07:00:00-08:00,70,68,3.1
2025-12-20T07:30:00-08:00,70,68,2.6
2025-12-20T08:00:00-08:00,70,68,3.7
2025-12-20T08:30:00-08:00,70,68,2.7
2025-12-20T09:00:00-08:00,69,69,1.5
2025-12-20T09:30:00-08:00,66,70,1.4
2025-12-20T10:00:00-08:00,65,71,1.7
2025-12-20T10:30:00-08:00,63,72,2
2025-12-20T11:00:00-08:00,62,72,2.5
2025-12-20T11:30:00-08:00,61,73,2.6
2025-12-20T12:00:00-08:00,60,74,1.4
2025-12-20T12:30:00-08:00,60,74,2.4
2025-12-20T13:00:00-08:00,60,74,3.4
2025-12-20T13:30:00-08:00,59,74,3.2
2025-12-20T14:00:00-08:00,58,75,8.5
2025-12-20T14:30:00-08:00,59,74,4.8
2025-12-20T15:00:00-08:00,59,74,3.4
2025-12-20T15:30:00-08:00,59,74,3.8
2025-12-20T16:00:00-08:00,60,73,2.6
2025-12-20T16:30:00-08:00,60,73,3.9
2025-12-20T17:00:00-08:00,62,72,3.3
2025-12-20T17:30:00-08:00,64,71,2.6
2025-12-20T18:00:00-08:00,65,71,4.4
2025-12-20T18:30:00-08:00,66,71,6.3
2025-12-20T19:00:00-08:00,67,71,8.6
2025-12-20T19:30:00-08:00,68,71,7.3
2025-12-20T20:00:00-08:00,68,71,7.5
2025-12-20T20:30:00-08:00,70,70,10.4
2025-12-20T21:00:00-08:00,70,70,11.2
2025-12-20T21:30:00-08:00,69,70,7.6
2025-12-20T22:00:00-08:00,69,70,1.5
2025-12-20T22:30:00-08:00,69,70,1.7
2025-12-20T23:00:00-08:00,67,71,0.3
2025-12-20T23:30:00-08:00,67,70,0
2025-12-21T00:00:00-08:00,66,70,0.1
2025-12-21T00:30:00-08:00,66,71,0
2025-12-21T01:00:00-08:00,66,71,0
2025-12-21T01:30:00-08:00,66,71,0
2025-12-21T02:00:00-08:00,66,71,0
2025-12-21T02:30:00-08:00,65,71,0
2025-12-21T03:00:00-08:00,66,71,0
2025-12-21T03:30:00-08:00,66,71,0
2025-12-21T04:00:00-08:00,66,71,0
2025-12-21T04:30:00-08:00,66,71,0
2025-12-21T05:00:00-08:00,66,71,0
2025-12-21T05:30:00-08:00,66,70,0
2025-12-21T06:00:00-08:00,65,70,0
2025-12-21T06:30:00-08:00,65,70,0
2025-12-21T07:00:00-08:00,65,71,0.1
2025-12-21T07:30:00-08:00,65,70,0
2025-12-21T08:00:00-08:00,64,71,0.1
2025-12-21T08:30:00-08:00,62,72,0.1
2025-12-21T09:00:00-08:00,61,72,0
2025-12-21T09:30:00-08:00,60,73,0
2025-12-21T10:00:00-08:00,58,74,0
2025-12-21T10:30:00-08:00,57,74,0.6
2025-12-21T11:00:00-08:00,55,75,12.1
2025-12-21T11:30:00-08:00,56,74,1.1
2025-12-21T12:00:00-08:00,56,74,0.1
2025-12-21T12:30:00-08:00,59,72,0
2025-12-21T13:00:00-08:00,61,73,0
2025-12-21T13:30:00-08:00,59,73,0
2025-12-21T14:00:00-08:00,61,72,0.4
2025-12-21T14:30:00-08:00,64,71,0.1
2025-12-21T15:00:00-08:00,61,71,0
2025-12-21T15:30:00-08:00,59,71,0
2025-12-21T16:00:00-08:00,60,70,0.2
2025-12-21T16:30:00-08:00,59,70,0.9
2025-12-21T17:00:00-08:00,60,69,1.1
2025-12-21T17:30:00-08:00,61,69,1.6
2025-12-21T18:00:00-08:00,60,69,4.3
2025-12-21T18:30:00-08:00,59,69,6.9
2025-12-21T19:00:00-08:00,60,69,8.2
2025-12-21T19:30:00-08:00,60,69,8.7
2025-12-21T20:00:00-08:00,59,69,7.7
2025-12-21T20:30:00-08:00,59,69,4.8
2025-12-21T21:00:00-08:00,59,69,7.3
2025-12-21T21:30:00-08:00,59,69,9.6
2025-12-21T22:00:00-08:00,59,69,10.6
2025-12-21T22:30:00-08:00,59,69,6
2025-12-21T23:00:00-08:00,60,69,11
2025-12-21T23:30:00-08:00,60,69,17.8
2025-12-22T00:00:00-08:00,58,69,4.4
2025-12-22T00:30:00-08:00,58,70,1.8
2025-12-22T01:00:00-08:00,59,70,2
2025-12-22T01:30:00-08:00,59,69,2.7
2025-12-22T02:00:00-08:00,60,69,4.8
2025-12-22T02:30:00-08:00,59,69,14
2025-12-22T03:00:00-08:00,59,68,4
2025-12-22T03:30:00-08:00,59,67,5.2
2025-12-22T04:00:00-08:00,59,67,5
2025-12-22T04:30:00-08:00,59,67,3.9
2025-12-22T05:00:00-08:00,59,68,2.1
2025-12-22T05:30:00-08:00,59,68,1.8
2025-12-22T06:00:00-08:00,59,68,1.2
2025-12-22T06:30:00-08:00,59,68,1.8
2025-12-22T07:00:00-08:00,60,68,2.8
2025-12-22T07:30:00-08:00,59,69,7.8
2025-12-22T08:00:00-08:00,58,69,15.2
2025-12-22T08:30:00-08:00,64,67,5.9
2025-12-22T09:00:00-08:00,66,67,5
2025-12-22T09:30:00-08:00,67,67,6
2025-12-22T10:00:00-08:00,67,68,9.2
2025-12-22T10:30:00-08:00,66,70,2.7
2025-12-22T11:00:00-08:00,64,71,1.3
2025-12-22T11:30:00-08:00,59,73,3.6
2025-12-22T12:00:00-08:00,55,74,0.8
2025-12-22T12:30:00-08:00,53,75,3.1
2025-12-22T13:00:00-08:00,49,77,0.9
2025-12-22T13:30:00-08:00,48,77,0.3
2025-12-22T14:00:00-08:00,48,77,0.3
2025-12-22T14:30:00-08:00,50,76,0.8
2025-12-22T15:00:00-08:00,50,76,6.1
2025-12-22T15:30:00-08:00,52,75,1.9
2025-12-22T16:00:00-08:00,54,74,0.7
2025-12-22T16:30:00-08:00,57,72,1
2025-12-22T17:00:00-08:00,59,71,1.3
2025-12-22T17:30:00-08:00,61,71,1.6
2025-12-22T18:00:00-08:00,64,69,3.4
2025-12-22T18:30:00-08:00,66,69,6.2
2025-12-22T19:00:00-08:00,67,68,8.2
2025-12-22T19:30:00-08:00,68,68,10.3
2025-12-22T20:00:00-08:00,67,69,13.3
2025-12-22T20:30:00-08:00,67,69,19.4
2025-12-22T21:00:00-08:00,67,69,17.1
2025-12-22T21:30:00-08:00,66,70,11.2
2025-12-22T22:00:00-08:00,67,69,11
2025-12-22T22:30:00-08:00,67,69,12.5
2025-12-22T23:00:00-08:00,67,69,11.7
2025-12-22T23:30:00-08:00,67,69,10.6
2025-12-23T00:00:00-08:00,67,69,9.4
2025-12-23T00:30:00-08:00,68,68,12.9
2025-12-23T01:00:00-08:00,68,68,12.9
2025-12-23T01:30:00-08:00,68,68,10.3
2025-12-23T02:00:00-08:00,69,67,7.8
2025-12-23T02:30:00-08:00,69,66,8.5
2025-12-23T03:00:00-08:00,71,65,9.2
2025-12-23T03:30:00-08:00,71,65,8.3
2025-12-23T04:00:00-08:00,70,65,7.9
2025-12-23T04:30:00-08:00,69,66,7.3
2025-12-23T05:00:00-08:00,69,65,6.7
2025-12-23T05:30:00-08:00,69,65,7.2
2025-12-23T06:00:00-08:00,70,65,7.2
2025-12-23T06:30:00-08:00,71,64,6.1
2025-12-23T07:00:00-08:00,71,63,5.4
2025-12-23T07:30:00-08:00,71,64,6.2
2025-12-23T08:00:00-08:00,70,65,7.4
2025-12-23T08:30:00-08:00,66,66,4.3
2025-12-23T09:00:00-08:00,64,67,4.2
2025-12-23T09:30:00-08:00,61,68,4.1
2025-12-23T10:00:00-08:00,57,70,3.5
2025-12-23T10:30:00-08:00,53,69,2.9
2025-12-23T11:00:00-08:00,52,70,3.5
2025-12-23T11:30:00-08:00,51,71,3.5
2025-12-23T12:00:00-08:00,49,72,3.2
2025-12-23T12:30:00-08:00,47,72,2.8
2025-12-23T13:00:00-08:00,46,73,2.5
2025-12-23T13:30:00-08:00,46,72,2.9
2025-12-23T14:00:00-08:00,45,73,2.7
2025-12-23T14:30:00-08:00,45,73,2.4
2025-12-23T15:00:00-08:00,46,73,2.1
2025-12-23T15:30:00-08:00,46,73,2.6
2025-12-23T16:00:00-08:00,43,72,2.3
2025-12-23T16:30:00-08:00,44,71,3.1
2025-12-23T17:00:00-08:00,46,71,3.6
2025-12-23T17:30:00-08:00,54,69,3.5
2025-12-23T18:00:00-08:00,59,68,8.6
2025-12-23T18:30:00-08:00,62,67,5.1
2025-12-23T19:00:00-08:00,65,67,4.2
2025-12-23T19:30:00-08:00,67,67,16
2025-12-23T20:00:00-08:00,65,68,8.3
2025-12-23T20:30:00-08:00,63,69,6
2025-12-23T21:00:00-08:00,58,70,1.1
2025-12-23T21:30:00-08:00,53,70,0.5
2025-12-23T22:00:00-08:00,53,70,1.1
2025-12-23T22:30:00-08:00,56,69,0.1
2025-12-23T23:00:00-08:00,60,68,0.2
2025-12-23T23:30:00-08:00,59,69,0.2
2025-12-24T00:00:00-08:00,56,70,0.1
2025-12-24T00:30:00-08:00,55,70,0
2025-12-24T01:00:00-08:00,61,69,0.1
2025-12-24T01:30:00-08:00,68,67,9.5
2025-12-24T02:00:00-08:00,71,67,6.1
2025-12-24T02:30:00-08:00,71,68,7.5
2025-12-24T03:00:00-08:00,71,68,6.6
2025-12-24T03:30:00-08:00,71,66,3.7
2025-12-24T04:00:00-08:00,74,63,0.1
2025-12-24T04:30:00-08:00,72,64,0.1
2025-12-24T05:00:00-08:00,68,65,1.1
2025-12-24T05:30:00-08:00,66,65,1.1
2025-12-24T06:00:00-08:00,65,65,0.8
2025-12-24T06:30:00-08:00,65,65,0.6
2025-12-24T07:00:00-08:00,65,63,0.9
2025-12-24T07:30:00-08:00,64,64,0.8
2025-12-24T08:00:00-08:00,66,64,1.1
2025-12-24T08:30:00-08:00,66,64,1.3
2025-12-24T09:00:00-08:00,65,65,2.1
2025-12-24T09:30:00-08:00,64,66,1.5
2025-12-24T10:00:00-08:00,61,67,1.4
2025-12-24T10:30:00-08:00,57,68,2.2
2025-12-24T11:00:00-08:00,54,69,5.3
2025-12-24T11:30:00-08:00,52,70,1.7
2025-12-24T12:00:00-08:00,53,71,1.7
2025-12-24T12:30:00-08:00,52,71,3
2025-12-24T13:00:00-08:00,48,73,0.9
2025-12-24T13:30:00-08:00,48,72,1
2025-12-24T14:00:00-08:00,48,72,1.5
2025-12-24T14:30:00-08:00,49,72,1.2
2025-12-24T15:00:00-08:00,48,72,1.1
2025-12-24T15:30:00-08:00,50,71,0.9
2025-12-24T16:00:00-08:00,50,70,1.1
2025-12-24T16:30:00-08:00,52,69,1.1
2025-12-24T17:00:00-08:00,55,69,5.1
2025-12-24T17:30:00-08:00,64,66,2.8
2025-12-24T18:00:00-08:00,67,66,1.4
2025-12-24T18:30:00-08:00,64,66,0.7
2025-12-24T19:00:00-08:00,64,65,0.3
2025-12-24T19:30:00-08:00,67,64,0.2
2025-12-24T20:00:00-08:00,69,63,0.4
2025-12-24T20:30:00-08:00,70,63,0.3
2025-12-24T21:00:00-08:00,71,63,0.3
2025-12-24T21:30:00-08:00,73,63,0.3
2025-12-24T22:00:00-08:00,72,62,0.2
2025-12-24T22:30:00-08:00,72,62,0.2
2025-12-24T23:00:00-08:00,72,62,0.2
2025-12-24T23:30:00-08:00,65,63,0.2
2025-12-25T00:00:00-08:00,60,64,0.1
2025-12-25T00:30:00-08:00,60,64,0.1
2025-12-25T01:00:00-08:00,58,64,0.2
2025-12-25T01:30:00-08:00,61,64,0.2
2025-12-25T02:00:00-08:00,68,62,0.3
2025-12-25T02:30:00-08:00,71,61,0.4
2025-12-25T03:00:00-08:00,75,60,1
2025-12-25T03:30:00-08:00,77,60,0.3
2025-12-25T04:00:00-08:00,72,61,0.2
2025-12-25T04:30:00-08:00,72,61,0.2
2025-12-25T05:00:00-08:00,71,62,1
2025-12-25T05:30:00-08:00,66,63,0.8
2025-12-25T06:00:00-08:00,68,63,0.4
2025-12-25T06:30:00-08:00,69,62,0.9
2025-12-25T07:00:00-08:00,70,61,1.2
2025-12-25T07:30:00-08:00,68,61,1.5
2025-12-25T08:00:00-08:00,64,62,1.1
2025-12-25T08:30:00-08:00,63,62,6.2
2025-12-25T09:00:00-08:00,64,63,4.1
2025-12-25T09:30:00-08:00,62,64,4.3
2025-12-25T10:00:00-08:00,59,66,3.6
2025-12-25T10:30:00-08:00,54,67,3.1
2025-12-25T11:00:00-08:00,54,67,1.8
2025-12-25T11:30:00-08:00,57,66,4.2
2025-12-25T12:00:00-08:00,53,67,6.6
2025-12-25T12:30:00-08:00,49,69,9.5
2025-12-25T13:00:00-08:00,47,69,3.3
2025-12-25T13:30:00-08:00,46,69,1.4
2025-12-25T14:00:00-08:00,50,67,3.6
2025-12-25T14:30:00-08:00,54,68,3.6
2025-12-25T15:00:00-08:00,53,67,4.3
2025-12-25T15:30:00-08:00,56,66,2.5
2025-12-25T16:00:00-08:00,57,65,3
2025-12-25T16:30:00-08:00,59,65,2
2025-12-25T17:00:00-08:00,65,63,1.8
2025-12-25T17:30:00-08:00,68,62,1.9
2025-12-25T18:00:00-08:00,73,62,2.4
2025-12-25T18:30:00-08:00,72,62,3.1
2025-12-25T19:00:00-08:00,71,61,1
2025-12-25T19:30:00-08:00,72,60,1.3
2025-12-25T20:00:00-08:00,74,60,1.1
2025-12-25T20:30:00-08:00,72,61,1.3
2025-12-25T21:00:00-08:00,70,61,0.6
2025-12-25T21:30:00-08:00,68,61,0.2
2025-12-25T22:00:00-08:00,66,62,0.2
2025-12-25T22:30:00-08:00,65,63,0.3
2025-12-25T23:00:00-08:00,67,61,0.4
2025-12-25T23:30:00-08:00,70,60,0.3
2025-12-26T00:00:00-08:00,70,61,0.9
2025-12-26T00:30:00-08:00,70,61,0.8
2025-12-26T01:00:00-08:00,71,59,0.2
2025-12-26T01:30:00-08:00,70,59,0.2
2025-12-26T02:00:00-08:00,67,60,0.4
2025-12-26T02:30:00-08:00,67,59,0.6
2025-12-26T03:00:00-08:00,67,60,0.6
2025-12-26T03:30:00-08:00,66,60,0.6
2025-12-26T04:00:00-08:00,68,59,0.7
2025-12-26T04:30:00-08:00,68,59,0.8
2025-12-26T05:00:00-08:00,65,59,0.9
2025-12-26T05:30:00-08:00,63,60,1.2
2025-12-26T06:00:00-08:00,62,59,0.9
2025-12-26T06:30:00-08:00,61,59,1
2025-12-26T07:00:00-08:00,59,60,1
2025-12-26T07:30:00-08:00,58,61,1.4
2025-12-26T08:00:00-08:00,58,61,1.9
2025-12-26T08:30:00-08:00,57,62,1.2
2025-12-26T09:00:00-08:00,55,63,0.9
2025-12-26T09:30:00-08:00,53,64,0.8
2025-12-26T10:00:00-08:00,49,66,0.7
2025-12-26T10:30:00-08:00,51,66,1
2025-12-26T11:00:00-08:00,52,66,0.9
2025-12-26T11:30:00-08:00,47,68,4.4
2025-12-26T12:00:00-08:00,44,69,0.4
2025-12-26T12:30:00-08:00,41,69,0.5
2025-12-26T13:00:00-08:00,42,68,1.4
2025-12-26T13:30:00-08:00,44,68,2
2025-12-26T14:00:00-08:00,49,66,2.4
2025-12-26T14:30:00-08:00,56,65,0.9
2025-12-26T15:00:00-08:00,56,65,0.5
2025-12-26T15:30:00-08:00,55,64,0.5
2025-12-26T16:00:00-08:00,56,64,0.7
2025-12-26T16:30:00-08:00,59,63,0.7
2025-12-26T17:00:00-08:00,64,62,0.7
2025-12-26T17:30:00-08:00,69,61,0.6
2025-12-26T18:00:00-08:00,69,61,2.6
2025-12-26T18:30:00-08:00,70,61,2.8
2025-12-26T19:00:00-08:00,70,60,3.2
2025-12-26T19:30:00-08:00,70,58,3
2025-12-26T20:00:00-08:00,70,58,4.1
2025-12-26T20:30:00-08:00,70,58,5.2
2025-12-26T21:00:00-08:00,70,58,5.4
2025-12-26T21:30:00-08:00,69,57,18.8
2025-12-26T22:00:00-08:00,71,57,12.5
2025-12-26T22:30:00-08:00,70,57,13.6
2025-12-26T23:00:00-08:00,70,56,5.6
2025-12-26T23:30:00-08:00,70,55,6.6
2025-12-27T00:00:00-08:00,71,55,4.4
2025-12-27T00:30:00-08:00,71,57,5
2025-12-27T01:00:00-08:00,71,58,3.8
2025-12-27T01:30:00-08:00,70,58,2.7
2025-12-27T02:00:00-08:00,70,59,1.6
2025-12-27T02:30:00-08:00,70,59,1.8
2025-12-27T03:00:00-08:00,70,59,2
2025-12-27T03:30:00-08:00,69,58,1.3
2025-12-27T04:00:00-08:00,70,58,0.9
2025-12-27T04:30:00-08:00,69,57,1.3
2025-12-27T05:00:00-08:00,70,58,1.2
2025-12-27T05:30:00-08:00,69,56,3.8
2025-12-27T06:00:00-08:00,69,55,1
2025-12-27T06:30:00-08:00,71,53,1.8
2025-12-27T07:00:00-08:00,71,53,2.6
2025-12-27T07:30:00-08:00,71,52,3.2
2025-12-27T08:00:00-08:00,73,54,3.2
2025-12-27T08:30:00-08:00,73,58,2.9
2025-12-27T09:00:00-08:00,69,59,2
2025-12-27T09:30:00-08:00,65,60,0.6
2025-12-27T10:00:00-08:00,60,61,1.6
2025-12-27T10:30:00-08:00,58,63,0.9
2025-12-27T11:00:00-08:00,52,64,0.2
2025-12-27T11:30:00-08:00,49,65,0.2
2025-12-27T12:00:00-08:00,50,65,0.3
2025-12-27T12:30:00-08:00,48,66,0.3
2025-12-27T13:00:00-08:00,49,67,0.3
2025-12-27T13:30:00-08:00,49,66,0.4
2025-12-27T14:00:00-08:00,49,67,0.7
2025-12-27T14:30:00-08:00,50,66,0.6
2025-12-27T15:00:00-08:00,50,66,0.8
2025-12-27T15:30:00-08:00,47,66,0.5
2025-12-27T16:00:00-08:00,52,63,0.8
2025-12-27T16:30:00-08:00,56,60,1
2025-12-27T17:00:00-08:00,58,59,1.1
2025-12-27T17:30:00-08:00,59,58,1.7
2025-12-27T18:00:00-08:00,60,57,8.8
2025-12-27T18:30:00-08:00,62,57,17.8
2025-12-27T19:00:00-08:00,63,56,4.4
2025-12-27T19:30:00-08:00,65,55,4.9
2025-12-27T20:00:00-08:00,65,55,3.8
2025-12-27T20:30:00-08:00,66,54,4.1
2025-12-27T21:00:00-08:00,67,53,4.2
2025-12-27T21:30:00-08:00,68,53,6.9
2025-12-27T22:00:00-08:00,68,52,5.6
2025-12-27T22:30:00-08:00,68,52,12.5
2025-12-27T23:00:00-08:00,67,51,9.1
2025-12-27T23:30:00-08:00,69,50,9.7
2025-12-28T00:00:00-08:00,69,49,11.7
2025-12-28T00:30:00-08:00,71,49,9.7
2025-12-28T01:00:00-08:00,71,49,9
2025-12-28T01:30:00-08:00,71,49,8.7
2025-12-28T02:00:00-08:00,71,49,7.5
2025-12-28T02:30:00-08:00,70,49,7.2
2025-12-28T03:00:00-08:00,69,48,3.6
2025-12-28T03:30:00-08:00,66,50,0.8
2025-12-28T04:00:00-08:00,62,50,0.3
2025-12-28T04:30:00-08:00,57,52,0.1
2025-12-28T05:00:00-08:00,54,52,0.1
2025-12-28T05:30:00-08:00,52,53,0.1
2025-12-28T06:00:00-08:00,55,51,0.1
2025-12-28T06:30:00-08:00,57,49,0.2
2025-12-28T07:00:00-08:00,58,48,0.3
2025-12-28T07:30:00-08:00,59,48,0.6
2025-12-28T08:00:00-08:00,60,49,1.5
2025-12-28T08:30:00-08:00,62,51,6.9
2025-12-28T09:00:00-08:00,60,53,7.4
2025-12-28T09:30:00-08:00,56,55,7.1
2025-12-28T10:00:00-08:00,54,58,8.9
2025-12-28T10:30:00-08:00,47,60,3.6
2025-12-28T11:00:00-08:00,43,62,2.1
2025-12-28T11:30:00-08:00,38,63,0.6
2025-12-28T12:00:00-08:00,35,65,0.2
2025-12-28T12:30:00-08:00,33,66,0.2
2025-12-28T13:00:00-08:00,31,67,0.2
2025-12-28T13:30:00-08:00,30,68,2.9
2025-12-28T14:00:00-08:00,33,68,0.8
2025-12-28T14:30:00-08:00,34,68,1
2025-12-28T15:00:00-08:00,36,68,2.2
2025-12-28T15:30:00-08:00,37,66,3.9
2025-12-28T16:00:00-08:00,35,65,0.6
2025-12-28T16:30:00-08:00,37,63,1.1
2025-12-28T17:00:00-08:00,39,60,0.8
2025-12-28T17:30:00-08:00,41,59,2.2
2025-12-28T18:00:00-08:00,43,58,8.1
2025-12-28T18:30:00-08:00,44,58,3.4
2025-12-28T19:00:00-08:00,47,57,6.9
2025-12-28T19:30:00-08:00,49,55,4.2
2025-12-28T20:00:00-08:00,51,55,4.6
2025-12-28T20:30:00-08:00,54,55,5.5
2025-12-28T21:00:00-08:00,55,55,5.5
2025-12-28T21:30:00-08:00,55,55,4.2
2025-12-28T22:00:00-08:00,55,55,3.7
2025-12-28T22:30:00-08:00,52,56,2.6
2025-12-28T23:00:00-08:00,51,56,2.3
2025-12-28T23:30:00-08:00,54,54,4.4
2025-12-29T00:00:00-08:00,56,53,5.8
2025-12-29T00:30:00-08:00,60,52,8.3
2025-12-29T01:00:00-08:00,63,52,10.7
2025-12-29T01:30:00-08:00,62,52,7.8
2025-12-29T02:00:00-08:00,59,52,5
2025-12-29T02:30:00-08:00,56,53,5.5
2025-12-29T03:00:00-08:00,59,52,6.4
2025-12-29T03:30:00-08:00,61,50,8.5
2025-12-29T04:00:00-08:00,63,49,8.2
2025-12-29T04:30:00-08:00,64,48,9
2025-12-29T05:00:00-08:00,65,47,9.1
2025-12-29T05:30:00-08:00,66,47,8.7
2025-12-29T06:00:00-08:00,67,48,8.5
2025-12-29T06:30:00-08:00,67,49,9.1
2025-12-29T07:00:00-08:00,65,49,8
2025-12-29T07:30:00-08:00,64,48,10.1
2025-12-29T08:00:00-08:00,65,48,10.7
2025-12-29T08:30:00-08:00,64,51,9.1
2025-12-29T09:00:00-08:00,60,53,8.5
2025-12-29T09:30:00-08:00,57,56,9.9
2025-12-29T10:00:00-08:00,51,59,8.3
2025-12-29T10:30:00-08:00,49,61,8.1
2025-12-29T11:00:00-08:00,45,63,7.8
2025-12-29T11:30:00-08:00,36,66,2.1
2025-12-29T12:00:00-08:00,31,68,1.2
2025-12-29T12:30:00-08:00,30,69,9
2025-12-29T13:00:00-08:00,28,70,0.5
2025-12-29T13:30:00-08:00,27,70,0.3
2025-12-29T14:00:00-08:00,26,71,0.3
2025-12-29T14:30:00-08:00,26,71,0.2
2025-12-29T15:00:00-08:00,26,70,0.4
2025-12-29T15:30:00-08:00,28,68,2.3
2025-12-29T16:00:00-08:00,29,66,1.4
2025-12-29T16:30:00-08:00,30,64,0.4
2025-12-29T17:00:00-08:00,27,63,0.1
2025-12-29T17:30:00-08:00,27,63,0.1
2025-12-29T18:00:00-08:00,27,62,1.2
2025-12-29T18:30:00-08:00,28,61,2.8
2025-12-29T19:00:00-08:00,30,59,1.5
2025-12-29T19:30:00-08:00,33,57,1.1
2025-12-29T20:00:00-08:00,36,56,2.1
2025-12-29T20:30:00-08:00,40,54,11.6
2025-12-29T21:00:00-08:00,43,53,15.9
2025-12-29T21:30:00-08:00,48,51,16.5
2025-12-29T22:00:00-08:00,50,50,22.9
2025-12-29T22:30:00-08:00,53,49,14.9
2025-12-29T23:00:00-08:00,54,49,7.7
2025-12-29T23:30:00-08:00,54,48,4.5
2025-12-30T00:00:00-08:00,56,48,4
2025-12-30T00:30:00-08:00,56,47,3.7
2025-12-30T01:00:00-08:00,57,47,3.5
2025-12-30T01:30:00-08:00,57,46,4
2025-12-30T02:00:00-08:00,57,46,4
2025-12-30T02:30:00-08:00,57,46,3
2025-12-30T03:00:00-08:00,58,45,2.7
2025-12-30T03:30:00-08:00,58,46,3
2025-12-30T04:00:00-08:00,58,45,3.4
2025-12-30T04:30:00-08:00,59,46,5.9
2025-12-30T05:00:00-08:00,59,46,7.5
2025-12-30T05:30:00-08:00,59,45,7.2
2025-12-30T06:00:00-08:00,60,45,6.8
2025-12-30T06:30:00-08:00,61,44,7.6
2025-12-30T07:00:00-08:00,61,45,7.3
2025-12-30T07:30:00-08:00,61,46,8.8
2025-12-30T08:00:00-08:00,61,47,12.1
2025-12-30T08:30:00-08:00,62,48,12.7
2025-12-30T09:00:00-08:00,62,49,12.4
2025-12-30T09:30:00-08:00,62,51,12.6
2025-12-30T10:00:00-08:00,60,52,13.4
2025-12-30T10:30:00-08:00,61,52,15
2025-12-30T11:00:00-08:00,58,55,16.2
2025-12-30T11:30:00-08:00,55,57,21
2025-12-30T12:00:00-08:00,52,59,14
2025-12-30T12:30:00-08:00,53,57,15
2025-12-30T13:00:00-08:00,55,57,21.4
2025-12-30T13:30:00-08:00,55,57,20
2025-12-30T14:00:00-08:00,52,59,13.6
2025-12-30T14:30:00-08:00,52,59,14.6
2025-12-30T15:00:00-08:00,51,60,14.8
2025-12-30T15:30:00-08:00,49,61,15
2025-12-30T16:00:00-08:00,51,60,17.2
2025-12-30T16:30:00-08:00,54,58,20.3
2025-12-30T17:00:00-08:00,56,56,27.9
2025-12-30T17:30:00-08:00,61,55,37.2
2025-12-30T18:00:00-08:00,61,55,39.2
2025-12-30T18:30:00-08:00,62,54,44.3
2025-12-30T19:00:00-08:00,63,54,42.8
2025-12-30T19:30:00-08:00,64,54,32.1
2025-12-30T20:00:00-08:00,63,54,28
2025-12-30T20:30:00-08:00,62,54,23.8
2025-12-30T21:00:00-08:00,60,55,20.6
2025-12-30T21:30:00-08:00,58,55,18.5
2025-12-30T22:00:00-08:00,58,55,15.8
2025-12-30T22:30:00-08:00,57,55,15.4
2025-12-30T23:00:00-08:00,58,55,19.5
2025-12-30T23:30:00-08:00,60,54,23
2025-12-31T00:00:00-08:00,62,54,24.2
2025-12-31T00:30:00-08:00,63,54,26.2
2025-12-31T01:00:00-08:00,63,55,26.4
2025-12-31T01:30:00-08:00,63,56,28.8
2025-12-31T02:00:00-08:00,62,57,28.9
2025-12-31T02:30:00-08:00,62,57,30.4
2025-12-31T03:00:00-08:00,61,57,28.6
2025-12-31T03:30:00-08:00,61,57,29.2
2025-12-31T04:00:00-08:00,61,57,28.8
2025-12-31T04:30:00-08:00,61,58,29
2025-12-31T05:00:00-08:00,59,58,29.5
2025-12-31T05:30:00-08:00,61,58,29
2025-12-31T06:00:00-08:00,63,58,29.1
2025-12-31T06:30:00-08:00,63,58,28.9
2025-12-31T07:00:00-08:00,63,58,29.2
2025-12-31T07:30:00-08:00,61,58,29
2025-12-31T08:00:00-08:00,60,59,27.9
2025-12-31T08:30:00-08:00,60,59,27.6
2025-12-31T09:00:00-08:00,60,59,28
2025-12-31T09:30:00-08:00,61,59,26.7
2025-12-31T10:00:00-08:00,63,59,28.1
2025-12-31T10:30:00-08:00,63,60,29.8
2025-12-31T11:00:00-08:00,63,61,30.3
2025-12-31T11:30:00-08:00,62,61,22.3
2025-12-31T12:00:00-08:00,61,61,11.2
2025-12-31T12:30:00-08:00,61,61,10.7
2025-12-31T13:00:00-08:00,61,61,11.6
2025-12-31T13:30:00-08:00,62,61,15.5
2025-12-31T14:00:00-08:00,64,59,18.6
2025-12-31T14:30:00-08:00,67,59,23.9
2025-12-31T15:00:00-08:00,69,59,26.8
2025-12-31T15:30:00-08:00,69,59,27.8
2025-12-31T16:00:00-08:00,71,59,28.4
2025-12-31T16:30:00-08:00,71,59,28.2
2025-12-31T17:00:00-08:00,72,59,25.2
2025-12-31T17:30:00-08:00,71,60,25.4
2025-12-31T18:00:00-08:00,71,60,25.5
2025-12-31T18:30:00-08:00,71,61,32.7
2025-12-31T19:00:00-08:00,70,61,33.6
2025-12-31T19:30:00-08:00,71,60,36.5
2025-12-31T20:00:00-08:00,72,60,33.3
2025-12-31T20:30:00-08:00,71,60,18.9
2025-12-31T21:00:00-08:00,71,59,11.1
2025-12-31T21:30:00-08:00,70,60,12
2025-12-31T22:00:00-08:00,69,59,14.3
2025-12-31T22:30:00-08:00,70,58,17.5
2025-12-31T23:00:00-08:00,72,58,16.2
2025-12-31T23:30:00-08:00,73,58,11.8
2026-01-01T00:00:00-08:00,74,58,11.6
2026-01-01T00:30:00-08:00,74,58,9.8
2026-01-01T01:00:00-08:00,74,58,6.2
2026-01-01T01:30:00-08:00,74,58,3.2
2026-01-01T02:00:00-08:00,74,58,2
2026-01-01T02:30:00-08:00,73,58,2.5
2026-01-01T03:00:00-08:00,74,58,7.5
2026-01-01T03:30:00-08:00,75,58,7
2026-01-01T04:00:00-08:00,75,58,3.9
2026-01-01T04:30:00-08:00,74,58,3.2
2026-01-01T05:00:00-08:00,74,59,3.3
2026-01-01T05:30:00-08:00,74,59,4.3
2026-01-01T06:00:00-08:00,75,59,4
2026-01-01T06:30:00-08:00,74,60,2.7
2026-01-01T07:00:00-08:00,74,60,2.1
2026-01-01T07:30:00-08:00,74,60,3.1
2026-01-01T08:00:00-08:00,73,61,5.9
2026-01-01T08:30:00-08:00,75,61,4.1
2026-01-01T09:00:00-08:00,76,61,8.4
2026-01-01T09:30:00-08:00,77,61,8.2
2026-01-01T10:00:00-08:00,76,63,5.2
2026-01-01T10:30:00-08:00,76,64,4.9
2026-01-01T11:00:00-08:00,75,65,6.9
2026-01-01T11:30:00-08:00,74,67,6.8
2026-01-01T12:00:00-08:00,70,70,4.7
2026-01-01T12:30:00-08:00,63,71,0.1
2026-01-01T13:00:00-08:00,60,71,0.1
2026-01-01T13:30:00-08:00,62,70,0.2
2026-01-01T14:00:00-08:00,62,70,0.3
2026-01-01T14:30:00-08:00,62,69,2.4
2026-01-01T15:00:00-08:00,61,69,2.8
2026-01-01T15:30:00-08:00,59,69,1.5
2026-01-01T16:00:00-08:00,58,69,1.7
2026-01-01T16:30:00-08:00,59,68,6.3
2026-01-01T17:00:00-08:00,60,68,7
2026-01-01T17:30:00-08:00,61,67,20.1
2026-01-01T18:00:00-08:00,62,67,5.4
2026-01-01T18:30:00-08:00,64,66,11.3
2026-01-01T19:00:00-08:00,64,66,3.4
2026-01-01T19:30:00-08:00,66,66,1.8
2026-01-01T20:00:00-08:00,66,65,1.6
2026-01-01T20:30:00-08:00,66,65,0.9
2026-01-01T21:00:00-08:00,67,65,0.6
2026-01-01T21:30:00-08:00,66,65,0.4
2026-01-01T22:00:00-08:00,66,65,0.2
2026-01-01T22:30:00-08:00,66,64,0.1
2026-01-01T23:00:00-08:00,67,64,0
2026-01-01T23:30:00-08:00,67,64,0
2026-01-02T00:00:00-08:00,67,64,0.1
2026-01-02T00:30:00-08:00,66,65,0.2
2026-01-02T01:00:00-08:00,64,65,0.2
2026-01-02T01:30:00-08:00,62,65,0.2
2026-01-02T02:00:00-08:00,60,66,0.3
2026-01-02T02:30:00-08:00,58,66,0.3
2026-01-02T03:00:00-08:00,59,66,0.4
2026-01-02T03:30:00-08:00,59,66,0.5
2026-01-02T04:00:00-08:00,61,64,0.8
2026-01-02T04:30:00-08:00,62,64,1
2026-01-02T05:00:00-08:00,63,63,1.1
2026-01-02T05:30:00-08:00,63,63,1
2026-01-02T06:00:00-08:00,64,62,1.2
2026-01-02T06:30:00-08:00,65,61,1.6
2026-01-02T07:00:00-08:00,66,60,1.8
2026-01-02T07:30:00-08:00,66,60,9
2026-01-02T08:00:00-08:00,66,61,9.3
2026-01-02T08:30:00-08:00,63,63,2
2026-01-02T09:00:00-08:00,58,64,0.7
2026-01-02T09:30:00-08:00,54,65,0.7
2026-01-02T10:00:00-08:00,51,66,1.7
2026-01-02T10:30:00-08:00,49,68,7.2
2026-01-02T11:00:00-08:00,48,69,0.6
2026-01-02T11:30:00-08:00,47,69,0.4
2026-01-02T12:00:00-08:00,48,69,0.5
2026-01-02T12:30:00-08:00,46,70,0.3
2026-01-02T13:00:00-08:00,44,70,0.3
2026-01-02T13:30:00-08:00,43,71,0.1
2026-01-02T14:00:00-08:00,43,70,0.2
2026-01-02T14:30:00-08:00,43,70,0
2026-01-02T15:00:00-08:00,43,71,0.1
2026-01-02T15:30:00-08:00,44,71,0.1
2026-01-02T16:00:00-08:00,46,70,0.1
2026-01-02T16:30:00-08:00,47,69,0.1
2026-01-02T17:00:00-08:00,47,69,0.1
2026-01-02T17:30:00-08:00,50,68,1.8
2026-01-02T18:00:00-08:00,56,67,16
2026-01-02T18:30:00-08:00,57,67,8.5
2026-01-02T19:00:00-08:00,61,66,0.2
2026-01-02T19:30:00-08:00,65,65,0.3
2026-01-02T20:00:00-08:00,68,65,2.1
2026-01-02T20:30:00-08:00,70,65,0.5
2026-01-02T21:00:00-08:00,69,66,0.2
2026-01-02T21:30:00-08:00,73,65,0.2
2026-01-02T22:00:00-08:00,75,64,0
2026-01-02T22:30:00-08:00,76,64,0.1
2026-01-02T23:00:00-08:00,75,64,0.1
2026-01-02T23:30:00-08:00,73,64,0
2026-01-03T00:00:00-08:00,70,64,0
2026-01-03T00:30:00-08:00,68,64,0
2026-01-03T01:00:00-08:00,66,64,0.1
2026-01-03T01:30:00-08:00,66,64,0.2
2026-01-03T02:00:00-08:00,66,64,0.4
2026-01-03T02:30:00-08:00,67,64,0.3
2026-01-03T03:00:00-08:00,67,64,0.4
2026-01-03T03:30:00-08:00,67,64,0.4
2026-01-03T04:00:00-08:00,67,64,0.4
2026-01-03T04:30:00-08:00,65,64,0.3
2026-01-03T05:00:00-08:00,65,64,0.6
2026-01-03T05:30:00-08:00,64,65,0.6
2026-01-03T06:00:00-08:00,67,65,0.6
2026-01-03T06:30:00-08:00,68,65,0.8
2026-01-03T07:00:00-08:00,67,65,0.7
2026-01-03T07:30:00-08:00,66,65,0.4
2026-01-03T08:00:00-08:00,66,65,0.5
2026-01-03T08:30:00-08:00,66,65,0.4
2026-01-03T09:00:00-08:00,67,66,0.2
2026-01-03T09:30:00-08:00,68,66,2.7
2026-01-03T10:00:00-08:00,65,68,6.3
2026-01-03T10:30:00-08:00,61,69,0.6
2026-01-03T11:00:00-08:00,61,68,0.3
2026-01-03T11:30:00-08:00,60,70,0.3
2026-01-03T12:00:00-08:00,59,70,0.3
2026-01-03T12:30:00-08:00,60,70,0.2
2026-01-03T13:00:00-08:00,59,71,2.6
2026-01-03T13:30:00-08:00,56,72,0.3
2026-01-03T14:00:00-08:00,52,71,0.3
2026-01-03T14:30:00-08:00,46,71,0.3
2026-01-03T15:00:00-08:00,45,71,0.2
2026-01-03T15:30:00-08:00,47,70,0.3
2026-01-03T16:00:00-08:00,49,69,0.8
2026-01-03T16:30:00-08:00,53,67,3.2
2026-01-03T17:00:00-08:00,59,65,1.1
2026-01-03T17:30:00-08:00,61,64,1.3
2026-01-03T18:00:00-08:00,60,65,1.8
2026-01-03T18:30:00-08:00,58,65,1.6
2026-01-03T19:00:00-08:00,59,65,2
2026-01-03T19:30:00-08:00,60,64,1.7
2026-01-03T20:00:00-08:00,61,64,2.1
2026-01-03T20:30:00-08:00,62,64,1.6
2026-01-03T21:00:00-08:00,63,64,1.7
2026-01-03T21:30:00-08:00,64,64,1.9
2026-01-03T22:00:00-08:00,65,64,1.5
2026-01-03T22:30:00-08:00,66,63,1.3
2026-01-03T23:00:00-08:00,64,64,1.2
2026-01-03T23:30:00-08:00,64,64,1
2026-01-04T00:00:00-08:00,63,64,1
2026-01-04T00:30:00-08:00,64,64,0.7
2026-01-04T01:00:00-08:00,63,64,0.4
2026-01-04T01:30:00-08:00,66,63,0.4
2026-01-04T02:00:00-08:00,67,63,0.3
2026-01-04T02:30:00-08:00,70,62,0.2
2026-01-04T03:00:00-08:00,73,62,0.2
2026-01-04T03:30:00-08:00,74,62,0.2
2026-01-04T04:00:00-08:00,74,62,0.1
2026-01-04T04:30:00-08:00,72,61,0
2026-01-04T05:00:00-08:00,73,61,0.1
2026-01-04T05:30:00-08:00,74,61,0
2026-01-04T06:00:00-08:00,74,62,0
2026-01-04T06:30:00-08:00,75,61,0.6
2026-01-04T07:00:00-08:00,76,61,0.1
2026-01-04T07:30:00-08:00,75,61,0.1
2026-01-04T08:00:00-08:00,76,61,0.4
2026-01-04T08:30:00-08:00,77,60,1.2
2026-01-04T09:00:00-08:00,76,60,0.7
2026-01-04T09:30:00-08:00,75,60,0.5
2026-01-04T10:00:00-08:00,75,61,0.9
2026-01-04T10:30:00-08:00,75,61,1.1
2026-01-04T11:00:00-08:00,74,62,0.2
2026-01-04T11:30:00-08:00,73,62,0.2
2026-01-04T12:00:00-08:00,75,61,0.7
2026-01-04T12:30:00-08:00,74,62,0.6
2026-01-04T13:00:00-08:00,73,63,0.3
2026-01-04T13:30:00-08:00,72,63,1.1
2026-01-04T14:00:00-08:00,71,64,0.3
2026-01-04T14:30:00-08:00,71,65,0.6
2026-01-04T15:00:00-08:00,68,65,0.5
2026-01-04T15:30:00-08:00,67,65,0.3
2026-01-04T16:00:00-08:00,67,64,0.2
2026-01-04T16:30:00-08:00,68,63,0.6
2026-01-04T17:00:00-08:00,70,62,0.7
2026-01-04T17:30:00-08:00,70,62,1
2026-01-04T18:00:00-08:00,71,62,1.2
2026-01-04T18:30:00-08:00,71,62,2.1
2026-01-04T19:00:00-08:00,71,61,3.4
2026-01-04T19:30:00-08:00,71,60,5.6
2026-01-04T20:00:00-08:00,72,60,5.8
2026-01-04T20:30:00-08:00,72,61,9.6
2026-01-04T21:00:00-08:00,71,61,14
2026-01-04T21:30:00-08:00,70,60,7.9
2026-01-04T22:00:00-08:00,70,59,5.3
2026-01-04T22:30:00-08:00,71,59,3.1
2026-01-04T23:00:00-08:00,70,58,2.4
2026-01-04T23:30:00-08:00,71,57,10.6
2026-01-05T00:00:00-08:00,70,58,2.6
2026-01-05T00:30:00-08:00,69,58,0.5
2026-01-05T01:00:00-08:00,69,59,0.4
2026-01-05T01:30:00-08:00,68,59,0.3
2026-01-05T02:00:00-08:00,69,58,0.2
2026-01-05T02:30:00-08:00,68,59,0.2
2026-01-05T03:00:00-08:00,69,59,0.1
2026-01-05T03:30:00-08:00,68,59,0
2026-01-05T04:00:00-08:00,67,59,0.1
2026-01-05T04:30:00-08:00,66,59,0.1
2026-01-05T05:00:00-08:00,65,60,0.1
2026-01-05T05:30:00-08:00,65,60,0.2
2026-01-05T06:00:00-08:00,64,60,5.9
2026-01-05T06:30:00-08:00,63,60,24
2026-01-05T07:00:00-08:00,62,60,4.2
2026-01-05T07:30:00-08:00,63,59,0.4
2026-01-05T08:00:00-08:00,63,59,0.1
2026-01-05T08:30:00-08:00,63,60,0.4
2026-01-05T09:00:00-08:00,61,61,0
2026-01-05T09:30:00-08:00,60,62,0
2026-01-05T10:00:00-08:00,58,63,0
2026-01-05T10:30:00-08:00,54,66,0.2
2026-01-05T11:00:00-08:00,52,67,9.2
2026-01-05T11:30:00-08:00,51,67,17.6
2026-01-05T12:00:00-08:00,50,67,5.3
2026-01-05T12:30:00-08:00,51,66,2.2
2026-01-05T13:00:00-08:00,54,66,0
2026-01-05T13:30:00-08:00,55,66,0.1
2026-01-05T14:00:00-08:00,56,66,0
2026-01-05T14:30:00-08:00,56,66,0.1
2026-01-05T15:00:00-08:00,60,65,0.1
2026-01-05T15:30:00-08:00,65,63,0.2
2026-01-05T16:00:00-08:00,69,62,0.5
2026-01-05T16:30:00-08:00,71,62,1.4
2026-01-05T17:00:00-08:00,73,62,0.8
2026-01-05T17:30:00-08:00,73,62,1.4
2026-01-05T18:00:00-08:00,73,62,1.5
2026-01-05T18:30:00-08:00,75,61,1.5
2026-01-05T19:00:00-08:00,73,61,2.1
2026-01-05T19:30:00-08:00,72,60,1.3
2026-01-05T20:00:00-08:00,70,61,0.8
2026-01-05T20:30:00-08:00,69,61,0.8
2026-01-05T21:00:00-08:00,70,61,1.9
2026-01-05T21:30:00-08:00,68,61,0.3
2026-01-05T22:00:00-08:00,68,61,0.5
2026-01-05T22:30:00-08:00,66,61,0.5
2026-01-05T23:00:00-08:00,66,62,0.5
2026-01-05T23:30:00-08:00,65,62,0.5
2026-01-06T00:00:00-08:00,65,62,0.5
2026-01-06T00:30:00-08:00,65,62,0.5
2026-01-06T01:00:00-08:00,65,62,0.3
2026-01-06T01:30:00-08:00,65,62,0.2
2026-01-06T02:00:00-08:00,67,61,0.5
2026-01-06T02:30:00-08:00,69,60,0.9
2026-01-06T03:00:00-08:00,68,61,0.6
2026-01-06T03:30:00-08:00,68,61,0.3
2026-01-06T04:00:00-08:00,68,61,0.3
2026-01-06T04:30:00-08:00,68,61,0.4
2026-01-06T05:00:00-08:00,68,60,0.5
2026-01-06T05:30:00-08:00,67,60,0.6
2026-01-06T06:00:00-08:00,67,60,0.3
2026-01-06T06:30:00-08:00,67,60,0.5
2026-01-06T07:00:00-08:00,68,60,0.3
2026-01-06T07:30:00-08:00,68,59,1.3
2026-01-06T08:00:00-08:00,69,59,2.4
2026-01-06T08:30:00-08:00,70,59,3.8
2026-01-06T09:00:00-08:00,69,61,3
2026-01-06T09:30:00-08:00,65,63,2.3
2026-01-06T10:00:00-08:00,61,65,1
2026-01-06T10:30:00-08:00,57,66,0.8
2026-01-06T11:00:00-08:00,52,69,3.6
2026-01-06T11:30:00-08:00,47,70,0.3
2026-01-06T12:00:00-08:00,45,72,0.4
2026-01-06T12:30:00-08:00,45,72,0.4
2026-01-06T13:00:00-08:00,44,73,0.5
2026-01-06T13:30:00-08:00,47,71,0.6
2026-01-06T14:00:00-08:00,47,71,1
2026-01-06T14:30:00-08:00,45,73,2.1
2026-01-06T15:00:00-08:00,46,73,2.7
2026-01-06T15:30:00-08:00,49,70,4.2
2026-01-06T16:00:00-08:00,51,69,7.7
2026-01-06T16:30:00-08:00,53,68,11.6
2026-01-06T17:00:00-08:00,57,65,2.1
2026-01-06T17:30:00-08:00,60,64,1.3
2026-01-06T18:00:00-08:00,62,63,1.4
2026-01-06T18:30:00-08:00,62,63,2.9
2026-01-06T19:00:00-08:00,64,62,3.2
2026-01-06T19:30:00-08:00,65,61,4.3
2026-01-06T20:00:00-08:00,67,60,3.4
2026-01-06T20:30:00-08:00,67,59,4
2026-01-06T21:00:00-08:00,68,58,5.5
2026-01-06T21:30:00-08:00,68,57,12.7
2026-01-06T22:00:00-08:00,69,57,18.9
2026-01-06T22:30:00-08:00,69,56,6.9
2026-01-06T23:00:00-08:00,70,56,4.8
2026-01-06T23:30:00-08:00,70,56,4.5
2026-01-07T00:00:00-08:00,70,55,4.8
2026-01-07T00:30:00-08:00,70,55,4.6
2026-01-07T01:00:00-08:00,71,55,4.5
2026-01-07T01:30:00-08:00,71,55,5.2
2026-01-07T02:00:00-08:00,70,56,6.9
2026-01-07T02:30:00-08:00,70,57,13.3
2026-01-07T03:00:00-08:00,70,57,7.5
2026-01-07T03:30:00-08:00,70,57,10.1
2026-01-07T04:00:00-08:00,72,56,17.2
2026-01-07T04:30:00-08:00,72,55,13.6
2026-01-07T05:00:00-08:00,72,56,15.5
2026-01-07T05:30:00-08:00,71,58,13.3
2026-01-07T06:00:00-08:00,72,58,12.8
2026-01-07T06:30:00-08:00,72,58,13.1
2026-01-07T07:00:00-08:00,73,57,14.5
2026-01-07T07:30:00-08:00,72,56,17.7
2026-01-07T08:00:00-08:00,73,56,21.8
2026-01-07T08:30:00-08:00,75,58,23.6
2026-01-07T09:00:00-08:00,73,61,19.7
2026-01-07T09:30:00-08:00,71,62,10.6
2026-01-07T10:00:00-08:00,67,61,3
2026-01-07T10:30:00-08:00,63,62,0.5
2026-01-07T11:00:00-08:00,59,63,0.6
2026-01-07T11:30:00-08:00,57,63,0.6
2026-01-07T12:00:00-08:00,56,64,0.5
2026-01-07T12:30:00-08:00,55,64,0.5
2026-01-07T13:00:00-08:00,54,64,0.4
2026-01-07T13:30:00-08:00,55,65,0.3
2026-01-07T14:00:00-08:00,54,66,0.3
2026-01-07T14:30:00-08:00,55,66,0.2
2026-01-07T15:00:00-08:00,57,65,0.1
2026-01-07T15:30:00-08:00,61,63,0
2026-01-07T16:00:00-08:00,65,62,0.1
2026-01-07T16:30:00-08:00,67,61,0.1
2026-01-07T17:00:00-08:00,61,61,0.9
2026-01-07T17:30:00-08:00,58,61,1.3
2026-01-07T18:00:00-08:00,58,60,2.5
2026-01-07T18:30:00-08:00,60,59,2.6
2026-01-07T19:00:00-08:00,60,59,2.9
2026-01-07T19:30:00-08:00,60,58,2.9
2026-01-07T20:00:00-08:00,60,59,2.7
2026-01-07T20:30:00-08:00,61,58,3.7
2026-01-07T21:00:00-08:00,61,58,4.3
2026-01-07T21:30:00-08:00,61,58,4.3
2026-01-07T22:00:00-08:00,59,59,4.1
2026-01-07T22:30:00-08:00,60,60,5.7
2026-01-07T23:00:00-08:00,65,59,4.6
2026-01-07T23:30:00-08:00,69,58,5
