time_stamp,humidity,temperature,pm2.5_atm
2025-07-05T20:00:00-07:00,50,72,4.9
2025-07-05T20:30:00-07:00,54,70,5.7
2025-07-05T21:00:00-07:00,57,69,5.1
2025-07-05T21:30:00-07:00,61,67,7.2
2025-07-05T22:00:00-07:00,64,65,5.3
2025-07-05T22:30:00-07:00,67,65,5.4
2025-07-05T23:00:00-07:00,69,64,5.1
2025-07-05T23:30:00-07:00,70,64,5
2025-07-06T00:00:00-07:00,71,64,5.1
2025-07-06T00:30:00-07:00,72,63,4.8
2025-07-06T01:00:00-07:00,72,63,5.2
2025-07-06T01:30:00-07:00,73,63,5.6
2025-07-06T02:00:00-07:00,76,62,6.1
2025-07-06T02:30:00-07:00,77,62,6.6
2025-07-06T03:00:00-07:00,77,62,6.7
2025-07-06T03:30:00-07:00,77,62,6.2
2025-07-06T04:00:00-07:00,78,62,6
2025-07-06T04:30:00-07:00,77,63,6
2025-07-06T05:00:00-07:00,76,63,6.1
2025-07-06T05:30:00-07:00,74,64,5.9
2025-07-06T06:00:00-07:00,73,64,4.7
2025-07-06T06:30:00-07:00,73,64,4.7
2025-07-06T07:00:00-07:00,71,65,5.2
2025-07-06T07:30:00-07:00,66,66,5.1
2025-07-06T08:00:00-07:00,62,68,4.6
2025-07-06T08:30:00-07:00,60,69,4.7
2025-07-06T09:00:00-07:00,57,70,4.4
2025-07-06T09:30:00-07:00,54,71,4.6
2025-07-06T10:00:00-07:00,51,72,4.5
2025-07-06T10:30:00-07:00,48,74,4.3
2025-07-06T11:00:00-07:00,45,76,4.2
2025-07-06T12:00:00-07:00,37,83,4.6
2025-07-06T12:30:00-07:00,36,83,4.5
2025-07-06T13:00:00-07:00,33,85,3.8
2025-07-06T13:30:00-07:00,30,88,3.3
2025-07-06T14:00:00-07:00,27,91,3.1
2025-07-06T14:30:00-07:00,24,94,3
2025-07-06T15:00:00-07:00,23,95,2.9
2025-07-06T15:30:00-07:00,23,96,3.1
2025-07-06T16:00:00-07:00,23,95,3.2
2025-07-06T16:30:00-07:00,23,94,4
2025-07-06T17:00:00-07:00,25,93,4.2
2025-07-06T17:30:00-07:00,27,90,5.5
2025-07-06T18:00:00-07:00,30,87,4.1
2025-07-06T18:30:00-07:00,32,85,4.1
2025-07-06T19:00:00-07:00,35,82,4.2
2025-07-06T19:30:00-07:00,39,79,4.5
2025-07-06T20:00:00-07:00,42,77,4.9
2025-07-06T20:30:00-07:00,45,76,5.2
2025-07-06T21:00:00-07:00,47,74,5.7
2025-07-06T21:30:00-07:00,50,73,6.4
2025-07-06T22:00:00-07:00,52,72,6.4
2025-07-06T22:30:00-07:00,54,70,6.7
2025-07-06T23:00:00-07:00,56,69,6.9
2025-07-06T23:30:00-07:00,58,69,6.9
2025-07-07T00:00:00-07:00,59,68,8.1
2025-07-07T00:30:00-07:00,60,67,9.5
2025-07-07T01:00:00-07:00,61,66,8.1
2025-07-07T01:30:00-07:00,62,66,8.6
2025-07-07T02:00:00-07:00,64,65,8.1
2025-07-07T02:30:00-07:00,65,65,9.1
2025-07-07T03:00:00-07:00,67,65,9.1
2025-07-07T03:30:00-07:00,68,65,9.1
2025-07-07T04:00:00-07:00,69,65,8.7
2025-07-07T04:30:00-07:00,68,66,8.5
2025-07-07T05:00:00-07:00,70,66,8.9
2025-07-07T05:30:00-07:00,70,66,9.4
2025-07-07T06:00:00-07:00,69,66,10.7
2025-07-07T06:30:00-07:00,67,66,8.3
2025-07-07T07:00:00-07:00,65,66,8.1
2025-07-07T07:30:00-07:00,64,67,8.8
2025-07-07T08:00:00-07:00,63,68,9.3
2025-07-07T08:30:00-07:00,61,69,10.1
2025-07-07T09:00:00-07:00,59,69,10.1
2025-07-07T09:30:00-07:00,55,71,10.6
2025-07-07T10:00:00-07:00,52,72,10.4
2025-07-07T10:30:00-07:00,48,74,9.3
2025-07-07T11:00:00-07:00,44,76,7.4
2025-07-07T11:30:00-07:00,42,79,6.8
2025-07-07T12:00:00-07:00,39,81,6.4
2025-07-07T12:30:00-07:00,36,84,6.2
2025-07-07T13:00:00-07:00,33,86,6.2
2025-07-07T13:30:00-07:00,31,89,5.4
2025-07-07T14:00:00-07:00,29,91,5
2025-07-07T14:30:00-07:00,27,93,3.9
2025-07-07T15:00:00-07:00,26,94,2.6
2025-07-07T15:30:00-07:00,26,94,2.1
2025-07-07T16:00:00-07:00,27,92,3.5
2025-07-07T16:30:00-07:00,28,90,1.5
2025-07-07T17:00:00-07:00,30,87,1.4
2025-07-07T17:30:00-07:00,32,85,1.8
2025-07-07T18:00:00-07:00,34,83,1.5
2025-07-07T18:30:00-07:00,36,80,1.8
2025-07-07T19:00:00-07:00,38,78,1.9
2025-07-07T19:30:00-07:00,40,76,1.7
2025-07-07T20:00:00-07:00,42,74,1.7
2025-07-07T20:30:00-07:00,45,73,1.4
2025-07-07T21:00:00-07:00,48,71,1.5
2025-07-07T21:30:00-07:00,50,70,1.4
2025-07-07T22:00:00-07:00,51,69,1.3
2025-07-07T22:30:00-07:00,54,69,1.2
2025-07-07T23:00:00-07:00,56,68,1.2
2025-07-07T23:30:00-07:00,59,68,1.4
2025-07-08T00:00:00-07:00,60,68,1.4
2025-07-08T00:30:00-07:00,60,67,1.4
2025-07-08T01:00:00-07:00,60,67,1.6
2025-07-08T01:30:00-07:00,61,67,1.9
2025-07-08T02:00:00-07:00,63,66,2.2
2025-07-08T02:30:00-07:00,64,66,2.6
2025-07-08T03:00:00-07:00,65,66,2.7
2025-07-08T03:30:00-07:00,65,66,2.4
2025-07-08T04:00:00-07:00,66,66,2.2
2025-07-08T04:30:00-07:00,64,67,3.4
2025-07-08T05:00:00-07:00,62,67,2.7
2025-07-08T05:30:00-07:00,62,66,2.9
2025-07-08T06:00:00-07:00,63,66,3
2025-07-08T06:30:00-07:00,63,66,3.6
2025-07-08T07:00:00-07:00,62,67,4.1
2025-07-08T07:30:00-07:00,59,68,4.1
2025-07-08T08:00:00-07:00,56,69,4.3
2025-07-08T08:30:00-07:00,54,70,4.5
2025-07-08T09:00:00-07:00,51,71,4.8
2025-07-08T09:30:00-07:00,50,72,6
2025-07-08T10:00:00-07:00,47,74,5.2
2025-07-08T10:30:00-07:00,45,75,4.9
2025-07-08T11:00:00-07:00,42,77,4.1
2025-07-08T11:30:00-07:00,40,79,4.1
2025-07-08T12:00:00-07:00,36,82,3
2025-07-08T12:30:00-07:00,33,84,2.4
2025-07-08T13:00:00-07:00,32,86,2
2025-07-08T13:30:00-07:00,30,88,2.3
2025-07-08T14:00:00-07:00,28,90,1.5
2025-07-08T14:30:00-07:00,27,92,1
2025-07-08T15:00:00-07:00,27,92,0.7
2025-07-08T15:30:00-07:00,27,92,0.3
2025-07-08T16:00:00-07:00,27,92,0.1
2025-07-08T16:30:00-07:00,28,90,0
2025-07-08T17:00:00-07:00,30,88,0.2
2025-07-08T17:30:00-07:00,33,85,0.1
2025-07-08T18:00:00-07:00,35,83,0.2
2025-07-08T18:30:00-07:00,38,80,0.2
2025-07-08T19:00:00-07:00,41,77,0.3
2025-07-08T19:30:00-07:00,44,75,0.3
2025-07-08T20:00:00-07:00,47,73,0.4
2025-07-08T20:30:00-07:00,51,71,0.5
2025-07-08T21:00:00-07:00,55,70,0.6
2025-07-08T21:30:00-07:00,59,69,0.7
2025-07-08T22:00:00-07:00,62,68,0.9
2025-07-08T22:30:00-07:00,64,68,1.1
2025-07-08T23:00:00-07:00,65,68,1.1
2025-07-08T23:30:00-07:00,64,69,0.6
2025-07-09T00:00:00-07:00,64,69,0.5
2025-07-09T00:30:00-07:00,64,69,0.6
2025-07-09T01:00:00-07:00,64,69,1.1
2025-07-09T01:30:00-07:00,63,69,1.3
2025-07-09T02:00:00-07:00,63,69,1.8
2025-07-09T02:30:00-07:00,64,69,1.9
2025-07-09T03:00:00-07:00,63,69,2.4
2025-07-09T03:30:00-07:00,64,69,3.1
2025-07-09T04:00:00-07:00,64,69,2.5
2025-07-09T04:30:00-07:00,64,68,2.4
2025-07-09T05:00:00-07:00,64,69,2.5
2025-07-09T05:30:00-07:00,65,69,1.9
2025-07-09T06:00:00-07:00,65,69,1.2
2025-07-09T06:30:00-07:00,64,69,1.9
2025-07-09T07:00:00-07:00,64,69,2.1
2025-07-09T07:30:00-07:00,64,69,2.5
2025-07-09T08:00:00-07:00,64,69,2.4
2025-07-09T08:30:00-07:00,62,69,3.1
2025-07-09T09:00:00-07:00,60,69,2.7
2025-07-09T09:30:00-07:00,56,71,37.6
2025-07-09T10:00:00-07:00,53,72,5
2025-07-09T10:30:00-07:00,50,73,3.8
2025-07-09T11:00:00-07:00,47,75,3.9
2025-07-09T11:30:00-07:00,45,77,4.9
2025-07-09T12:00:00-07:00,41,79,4.2
2025-07-09T12:30:00-07:00,38,81,3.2
2025-07-09T13:00:00-07:00,36,84,2.1
2025-07-09T13:30:00-07:00,32,86,1.4
2025-07-09T14:00:00-07:00,30,90,1.4
2025-07-09T14:30:00-07:00,29,91,1.4
2025-07-09T15:00:00-07:00,28,92,1.3
2025-07-09T15:30:00-07:00,27,92,1.8
2025-07-09T16:00:00-07:00,27,92,1.3
2025-07-09T16:30:00-07:00,28,91,1
2025-07-09T17:00:00-07:00,28,91,1.3
2025-07-09T17:30:00-07:00,30,89,1.5
2025-07-09T18:00:00-07:00,32,87,1.7
2025-07-09T18:30:00-07:00,35,84,1.7
2025-07-09T19:00:00-07:00,38,82,1.8
2025-07-09T19:30:00-07:00,41,79,2
2025-07-09T20:00:00-07:00,44,77,2.3
2025-07-09T20:30:00-07:00,48,75,2.3
2025-07-09T21:00:00-07:00,50,73,2.6
2025-07-09T21:30:00-07:00,53,72,3.1
2025-07-09T22:00:00-07:00,55,71,3
2025-07-09T22:30:00-07:00,57,70,3.7
2025-07-09T23:00:00-07:00,59,69,4.1
2025-07-09T23:30:00-07:00,60,69,5
2025-07-10T00:00:00-07:00,60,68,7.9
2025-07-10T00:30:00-07:00,61,67,5.9
2025-07-10T01:00:00-07:00,62,67,5.3
2025-07-10T01:30:00-07:00,64,66,5.3
2025-07-10T02:00:00-07:00,66,65,5.2
2025-07-10T02:30:00-07:00,68,65,5.3
2025-07-10T03:00:00-07:00,70,64,5.6
2025-07-10T03:30:00-07:00,70,64,5.9
2025-07-10T04:00:00-07:00,72,63,6.4
2025-07-10T04:30:00-07:00,73,63,7.1
2025-07-10T05:00:00-07:00,74,63,9.2
2025-07-10T05:30:00-07:00,75,63,10.4
2025-07-10T06:00:00-07:00,76,63,9.5
2025-07-10T06:30:00-07:00,75,63,9.8
2025-07-10T07:00:00-07:00,74,65,11
2025-07-10T07:30:00-07:00,70,67,12.6
2025-07-10T08:00:00-07:00,67,69,10.3
2025-07-10T08:30:00-07:00,64,70,9.7
2025-07-10T09:00:00-07:00,60,71,8.8
2025-07-10T09:30:00-07:00,56,73,7
2025-07-10T10:00:00-07:00,51,75,5.4
2025-07-10T10:30:00-07:00,46,78,5
2025-07-10T11:00:00-07:00,43,81,5.8
2025-07-10T11:30:00-07:00,39,84,7.3
2025-07-10T12:00:00-07:00,36,87,6.6
2025-07-10T12:30:00-07:00,32,90,6.6
2025-07-10T13:00:00-07:00,29,93,6.7
2025-07-10T13:30:00-07:00,26,96,6.2
2025-07-10T14:00:00-07:00,23,99,5.1
2025-07-10T14:30:00-07:00,21,102,4.8
2025-07-10T15:00:00-07:00,18,105,5
2025-07-10T15:30:00-07:00,17,107,5.4
2025-07-10T16:00:00-07:00,16,106,5
2025-07-10T16:30:00-07:00,17,106,4.7
2025-07-10T17:00:00-07:00,18,104,4.8
2025-07-10T17:30:00-07:00,18,103,5.2
2025-07-10T18:00:00-07:00,19,101,5.3
2025-07-10T18:30:00-07:00,23,98,4.5
2025-07-10T19:00:00-07:00,27,94,4.3
2025-07-10T19:30:00-07:00,31,90,4.1
2025-07-10T20:00:00-07:00,36,86,3.8
2025-07-10T20:30:00-07:00,42,82,4.2
2025-07-10T21:00:00-07:00,45,80,4.7
2025-07-10T21:30:00-07:00,45,79,5
2025-07-10T22:00:00-07:00,47,78,5.3
2025-07-10T22:30:00-07:00,49,76,5.7
2025-07-10T23:00:00-07:00,50,75,5.5
2025-07-10T23:30:00-07:00,52,74,5.3
2025-07-11T00:00:00-07:00,54,73,5.4
2025-07-11T00:30:00-07:00,57,72,5.8
2025-07-11T01:00:00-07:00,57,72,5.7
2025-07-11T01:30:00-07:00,57,71,5.8
2025-07-11T02:00:00-07:00,58,70,5.9
2025-07-11T02:30:00-07:00,61,69,6
2025-07-11T03:00:00-07:00,63,69,6.3
2025-07-11T03:30:00-07:00,64,69,6.9
2025-07-11T04:00:00-07:00,66,68,7
2025-07-11T04:30:00-07:00,68,67,6.3
2025-07-11T05:00:00-07:00,69,67,7.2
2025-07-11T05:30:00-07:00,71,66,7.8
2025-07-11T06:00:00-07:00,72,66,7.7
2025-07-11T06:30:00-07:00,71,67,7.6
2025-07-11T07:00:00-07:00,68,68,7.8
2025-07-11T07:30:00-07:00,65,70,9.1
2025-07-11T08:00:00-07:00,63,71,10.5
2025-07-11T08:30:00-07:00,61,73,10.7
2025-07-11T09:00:00-07:00,57,74,9.9
2025-07-11T09:30:00-07:00,53,76,9.3
2025-07-11T10:00:00-07:00,49,78,9.7
2025-07-11T10:30:00-07:00,45,80,9.1
2025-07-11T11:00:00-07:00,42,83,9
2025-07-11T11:30:00-07:00,38,86,9.7
2025-07-11T12:00:00-07:00,34,89,12.6
2025-07-11T12:30:00-07:00,31,92,10.7
2025-07-11T13:00:00-07:00,30,95,10.4
2025-07-11T13:30:00-07:00,28,97,9
2025-07-11T14:00:00-07:00,27,99,7.5
2025-07-11T14:30:00-07:00,24,100,7.1
2025-07-11T15:00:00-07:00,22,103,8.8
2025-07-11T15:30:00-07:00,22,103,9.6
2025-07-11T16:00:00-07:00,22,101,9.9
2025-07-11T16:30:00-07:00,22,100,11.1
2025-07-11T17:00:00-07:00,23,99,10.8
2025-07-11T17:30:00-07:00,24,98,9.2
2025-07-11T18:00:00-07:00,25,97,8.6
2025-07-11T18:30:00-07:00,27,93,7.8
2025-07-11T19:00:00-07:00,30,90,7.1
2025-07-11T19:30:00-07:00,33,87,6.8
2025-07-11T20:00:00-07:00,35,84,7.3
2025-07-11T20:30:00-07:00,37,83,7.3
2025-07-11T21:00:00-07:00,42,80,6.6
2025-07-11T21:30:00-07:00,46,78,7
2025-07-11T22:00:00-07:00,49,76,7.3
2025-07-11T22:30:00-07:00,51,75,7.7
2025-07-11T23:00:00-07:00,52,74,8.5
2025-07-11T23:30:00-07:00,53,73,9
2025-07-12T00:00:00-07:00,53,72,9
2025-07-12T00:30:00-07:00,53,72,8.7
2025-07-12T01:00:00-07:00,55,71,8.7
2025-07-12T01:30:00-07:00,57,70,8.3
2025-07-12T02:00:00-07:00,58,69,8.4
2025-07-12T02:30:00-07:00,60,69,7.7
2025-07-12T03:00:00-07:00,62,68,6.3
2025-07-12T03:30:00-07:00,63,68,6
2025-07-12T04:00:00-07:00,65,67,6.4
2025-07-12T04:30:00-07:00,66,67,6.8
2025-07-12T05:00:00-07:00,69,66,7.5
2025-07-12T05:30:00-07:00,70,66,8
2025-07-12T06:00:00-07:00,71,66,8.1
2025-07-12T06:30:00-07:00,71,67,9
2025-07-12T07:00:00-07:00,70,67,8.9
2025-07-12T07:30:00-07:00,68,68,8.1
2025-07-12T08:00:00-07:00,66,70,8.1
2025-07-12T08:30:00-07:00,63,72,9.2
2025-07-12T09:00:00-07:00,59,73,10.1
2025-07-12T09:30:00-07:00,57,74,9
2025-07-12T10:00:00-07:00,53,76,8.4
2025-07-12T10:30:00-07:00,49,77,8.1
2025-07-12T11:00:00-07:00,46,79,8.5
2025-07-12T11:30:00-07:00,42,82,8.6
2025-07-12T12:00:00-07:00,39,85,8.6
2025-07-12T12:30:00-07:00,36,88,7.9
2025-07-12T13:00:00-07:00,32,91,7.6
2025-07-12T13:30:00-07:00,30,93,7
2025-07-12T14:00:00-07:00,27,96,6.7
2025-07-12T14:30:00-07:00,25,98,5
2025-07-12T15:00:00-07:00,24,98,4.9
2025-07-12T15:30:00-07:00,24,98,5.2
2025-07-12T16:00:00-07:00,24,97,4.8
2025-07-12T16:30:00-07:00,26,96,4.5
2025-07-12T17:00:00-07:00,27,93,5.1
2025-07-12T17:30:00-07:00,29,91,5.4
2025-07-12T18:00:00-07:00,31,89,5.8
2025-07-12T18:30:00-07:00,33,85,6.3
2025-07-12T19:00:00-07:00,36,82,6.8
2025-07-12T19:30:00-07:00,39,80,6.3
2025-07-12T20:00:00-07:00,41,78,6.7
2025-07-12T20:30:00-07:00,44,76,6.6
2025-07-12T21:00:00-07:00,47,74,6.8
2025-07-12T21:30:00-07:00,49,73,6.1
2025-07-12T22:00:00-07:00,52,71,6
2025-07-12T22:30:00-07:00,55,70,6.3
2025-07-12T23:00:00-07:00,57,69,6.5
2025-07-12T23:30:00-07:00,59,69,6.8
2025-07-13T00:00:00-07:00,60,68,6.7
2025-07-13T00:30:00-07:00,62,68,6.8
2025-07-13T01:00:00-07:00,63,67,7.7
2025-07-13T01:30:00-07:00,65,67,9
2025-07-13T02:00:00-07:00,66,67,9.1
2025-07-13T02:30:00-07:00,68,67,8.6
2025-07-13T03:00:00-07:00,71,68,10.4
2025-07-13T03:30:00-07:00,71,68,11.4
2025-07-13T04:00:00-07:00,71,68,11.5
2025-07-13T04:30:00-07:00,72,68,11
2025-07-13T05:00:00-07:00,73,68,10.5
2025-07-13T05:30:00-07:00,73,67,10.7
2025-07-13T06:00:00-07:00,74,67,9.8
2025-07-13T06:30:00-07:00,73,67,9.8
2025-07-13T07:00:00-07:00,72,68,9.3
2025-07-13T07:30:00-07:00,72,68,9
2025-07-13T08:00:00-07:00,71,68,9
2025-07-13T08:30:00-07:00,68,69,9.1
2025-07-13T09:00:00-07:00,65,70,9.8
2025-07-13T09:30:00-07:00,61,72,8.1
2025-07-13T10:00:00-07:00,58,73,7.4
2025-07-13T10:30:00-07:00,53,75,7.3
2025-07-13T11:00:00-07:00,49,77,6.9
2025-07-13T11:30:00-07:00,44,80,6.8
2025-07-13T12:00:00-07:00,40,83,7.2
2025-07-13T12:30:00-07:00,36,87,7.1
2025-07-13T13:00:00-07:00,34,90,7.5
2025-07-13T13:30:00-07:00,32,92,7.4
2025-07-13T14:00:00-07:00,30,94,5.9
2025-07-13T14:30:00-07:00,27,97,3.3
2025-07-13T15:00:00-07:00,24,99,2.4
2025-07-13T15:30:00-07:00,23,99,1.8
2025-07-13T16:00:00-07:00,23,99,1.7
2025-07-13T16:30:00-07:00,24,97,1.9
2025-07-13T17:00:00-07:00,25,96,1.7
2025-07-13T17:30:00-07:00,27,93,1.6
2025-07-13T18:00:00-07:00,29,90,1.5
2025-07-13T18:30:00-07:00,31,87,2.1
2025-07-13T19:00:00-07:00,36,83,2.3
2025-07-13T19:30:00-07:00,40,79,2.5
2025-07-13T20:00:00-07:00,43,77,3.2
2025-07-13T20:30:00-07:00,45,75,2.9
2025-07-13T21:00:00-07:00,48,73,2.6
2025-07-13T21:30:00-07:00,51,71,2.2
2025-07-13T22:00:00-07:00,53,71,2.4
2025-07-13T22:30:00-07:00,55,70,2.7
2025-07-13T23:00:00-07:00,57,69,3.1
2025-07-13T23:30:00-07:00,59,68,3.4
2025-07-14T00:00:00-07:00,61,67,3.4
2025-07-14T00:30:00-07:00,62,67,3.6
2025-07-14T01:00:00-07:00,64,66,3.6
2025-07-14T01:30:00-07:00,65,66,3.9
2025-07-14T02:00:00-07:00,67,66,3.9
2025-07-14T02:30:00-07:00,68,65,4
2025-07-14T03:00:00-07:00,72,64,3.9
2025-07-14T03:30:00-07:00,76,64,5
2025-07-14T04:00:00-07:00,84,64,7.3
2025-07-14T04:30:00-07:00,88,65,8.6
2025-07-14T05:00:00-07:00,87,66,9.1
2025-07-14T05:30:00-07:00,85,66,10.8
2025-07-14T06:00:00-07:00,84,67,12.3
2025-07-14T06:30:00-07:00,81,67,12.3
2025-07-14T07:00:00-07:00,82,67,12.7
2025-07-14T07:30:00-07:00,83,67,12.8
2025-07-14T08:00:00-07:00,80,68,11.7
2025-07-14T08:30:00-07:00,77,68,12.6
2025-07-14T09:00:00-07:00,75,69,13
2025-07-14T09:30:00-07:00,69,71,12.1
2025-07-14T10:00:00-07:00,64,73,12.8
2025-07-14T10:30:00-07:00,57,75,9.9
2025-07-14T11:00:00-07:00,51,78,7.7
2025-07-14T11:30:00-07:00,44,81,6.6
2025-07-14T12:00:00-07:00,39,85,6.8
2025-07-14T12:30:00-07:00,34,88,6.5
2025-07-14T13:00:00-07:00,31,92,5.3
2025-07-14T13:30:00-07:00,28,94,4.3
2025-07-14T14:00:00-07:00,24,97,2.2
2025-07-14T14:30:00-07:00,23,99,1.6
2025-07-14T15:00:00-07:00,22,100,1.3
2025-07-14T15:30:00-07:00,22,100,0.9
2025-07-14T16:00:00-07:00,22,99,0.6
2025-07-14T16:30:00-07:00,23,97,0.6
2025-07-14T17:00:00-07:00,23,95,0.7
2025-07-14T17:30:00-07:00,25,92,0.7
2025-07-14T18:00:00-07:00,28,89,0.9
2025-07-14T18:30:00-07:00,31,86,1.9
2025-07-14T19:00:00-07:00,35,82,1.4
2025-07-14T19:30:00-07:00,38,79,1.5
2025-07-14T20:00:00-07:00,41,77,1.7
2025-07-14T20:30:00-07:00,46,74,2.6
2025-07-14T21:00:00-07:00,49,73,4.1
2025-07-14T21:30:00-07:00,52,72,1.5
2025-07-14T22:00:00-07:00,55,71,1.7
2025-07-14T22:30:00-07:00,57,70,1
2025-07-14T23:00:00-07:00,58,69,0.9
2025-07-14T23:30:00-07:00,60,69,0.5
2025-07-15T00:00:00-07:00,61,68,0.6
2025-07-15T00:30:00-07:00,63,68,0.5
2025-07-15T01:00:00-07:00,64,67,0.8
2025-07-15T01:30:00-07:00,65,67,0.8
2025-07-15T02:00:00-07:00,66,66,0.9
2025-07-15T02:30:00-07:00,69,66,2.1
2025-07-15T03:00:00-07:00,69,67,1.5
2025-07-15T03:30:00-07:00,71,67,3.3
2025-07-15T04:00:00-07:00,73,68,4.9
2025-07-15T04:30:00-07:00,71,68,8.1
2025-07-15T05:00:00-07:00,70,68,5.8
2025-07-15T05:30:00-07:00,70,68,4.7
2025-07-15T06:00:00-07:00,69,68,4.2
2025-07-15T06:30:00-07:00,68,68,3.9
2025-07-15T07:00:00-07:00,69,68,4.4
2025-07-15T07:30:00-07:00,68,69,5.4
2025-07-15T08:00:00-07:00,67,69,4.9
2025-07-15T08:30:00-07:00,63,71,3.8
2025-07-15T09:00:00-07:00,59,72,4.3
2025-07-15T09:30:00-07:00,56,73,4.3
2025-07-15T10:00:00-07:00,53,75,4.2
2025-07-15T10:30:00-07:00,50,76,3.8
2025-07-15T11:00:00-07:00,47,78,3.4
2025-07-15T11:30:00-07:00,43,80,3.2
2025-07-15T12:00:00-07:00,40,83,3.6
2025-07-15T12:30:00-07:00,36,86,3.4
2025-07-15T13:00:00-07:00,33,89,3.4
2025-07-15T13:30:00-07:00,31,91,3.4
2025-07-15T14:00:00-07:00,29,93,2.9
2025-07-15T14:30:00-07:00,28,93,2.7
2025-07-15T15:00:00-07:00,28,93,2.1
2025-07-15T15:30:00-07:00,30,91,1.3
2025-07-15T16:00:00-07:00,29,90,1.1
2025-07-15T16:30:00-07:00,30,88,0.9
2025-07-15T17:00:00-07:00,31,86,1.1
2025-07-15T17:30:00-07:00,33,85,1.4
2025-07-15T18:00:00-07:00,35,82,1.3
2025-07-15T18:30:00-07:00,37,81,2
2025-07-15T19:00:00-07:00,40,79,2.8
2025-07-15T19:30:00-07:00,44,76,2.7
2025-07-15T20:00:00-07:00,48,74,2.8
2025-07-15T20:30:00-07:00,53,72,2.9
2025-07-15T21:00:00-07:00,57,70,3.1
2025-07-15T21:30:00-07:00,59,70,3.3
2025-07-15T22:00:00-07:00,60,69,3.4
2025-07-15T22:30:00-07:00,62,69,3.2
2025-07-15T23:00:00-07:00,64,68,3.4
2025-07-15T23:30:00-07:00,65,68,3.5
2025-07-16T00:00:00-07:00,65,69,3.4
2025-07-16T00:30:00-07:00,65,69,3.4
2025-07-16T01:00:00-07:00,66,68,3.5
2025-07-16T01:30:00-07:00,67,68,2.9
2025-07-16T02:00:00-07:00,66,68,2.4
2025-07-16T02:30:00-07:00,66,68,2.3
2025-07-16T03:00:00-07:00,65,68,1.9
2025-07-16T03:30:00-07:00,65,68,1.7
2025-07-16T04:00:00-07:00,65,68,2.3
2025-07-16T04:30:00-07:00,65,67,2.9
2025-07-16T05:00:00-07:00,66,67,3.6
2025-07-16T05:30:00-07:00,67,66,5
2025-07-16T06:00:00-07:00,67,67,3
2025-07-16T06:30:00-07:00,66,67,2.9
2025-07-16T07:00:00-07:00,65,68,3
2025-07-16T07:30:00-07:00,63,69,3
2025-07-16T08:00:00-07:00,60,70,3.1
2025-07-16T08:30:00-07:00,57,71,28.4
2025-07-16T09:00:00-07:00,55,72,5.6
2025-07-16T09:30:00-07:00,53,73,2
2025-07-16T10:00:00-07:00,50,75,2.1
2025-07-16T10:30:00-07:00,46,77,2.2
2025-07-16T11:00:00-07:00,45,78,2.1
2025-07-16T11:30:00-07:00,42,79,1.7
2025-07-16T12:00:00-07:00,39,81,1.3
2025-07-16T12:30:00-07:00,37,83,1
2025-07-16T13:00:00-07:00,36,84,1.5
2025-07-16T13:30:00-07:00,34,85,1.3
2025-07-16T14:00:00-07:00,33,86,1.4
2025-07-16T14:30:00-07:00,31,87,1
2025-07-16T15:00:00-07:00,30,88,0.5
2025-07-16T15:30:00-07:00,30,88,0.4
2025-07-16T16:00:00-07:00,30,87,0.6
2025-07-16T16:30:00-07:00,30,87,0.2
2025-07-16T17:00:00-07:00,31,85,0.9
2025-07-16T17:30:00-07:00,34,83,5.5
2025-07-16T18:00:00-07:00,35,82,0.6
2025-07-16T18:30:00-07:00,39,79,0.6
2025-07-16T19:00:00-07:00,42,76,0.6
2025-07-16T19:30:00-07:00,46,74,0.7
2025-07-16T20:00:00-07:00,49,72,0.7
2025-07-16T20:30:00-07:00,53,71,0.6
2025-07-16T21:00:00-07:00,56,69,0.9
2025-07-16T21:30:00-07:00,59,69,1
2025-07-16T22:00:00-07:00,61,68,1.1
2025-07-16T22:30:00-07:00,62,68,1.2
2025-07-16T23:00:00-07:00,63,68,1.4
2025-07-16T23:30:00-07:00,64,68,1.7
2025-07-17T00:00:00-07:00,64,68,1.6
2025-07-17T00:30:00-07:00,64,68,1.3
2025-07-17T01:00:00-07:00,64,68,1.2
2025-07-17T01:30:00-07:00,65,68,1.3
2025-07-17T02:00:00-07:00,66,68,1.4
2025-07-17T02:30:00-07:00,66,68,1.7
2025-07-17T03:00:00-07:00,66,68,1.7
2025-07-17T03:30:00-07:00,66,68,1.6
2025-07-17T04:00:00-07:00,66,68,1.7
2025-07-17T04:30:00-07:00,65,68,1.9
2025-07-17T05:00:00-07:00,64,68,2.2
2025-07-17T05:30:00-07:00,63,68,2.4
2025-07-17T06:00:00-07:00,62,68,3
2025-07-17T06:30:00-07:00,62,69,2.6
2025-07-17T07:00:00-07:00,61,69,3.1
2025-07-17T07:30:00-07:00,60,69,3
2025-07-17T08:00:00-07:00,59,70,3.1
2025-07-17T08:30:00-07:00,58,71,4.1
2025-07-17T09:00:00-07:00,55,72,4.2
2025-07-17T09:30:00-07:00,53,73,4
2025-07-17T10:00:00-07:00,50,74,3.9
2025-07-17T10:30:00-07:00,48,76,4
2025-07-17T11:00:00-07:00,46,77,4.1
2025-07-17T11:30:00-07:00,42,79,4.4
2025-07-17T12:00:00-07:00,40,81,4.3
2025-07-17T12:30:00-07:00,36,84,4.8
2025-07-17T13:00:00-07:00,34,86,5.1
2025-07-17T13:30:00-07:00,32,88,3.7
2025-07-17T14:00:00-07:00,30,91,3.1
2025-07-17T14:30:00-07:00,28,92,2.3
2025-07-17T15:00:00-07:00,27,93,2
2025-07-17T15:30:00-07:00,27,93,1.2
2025-07-17T16:00:00-07:00,29,90,1.1
2025-07-17T16:30:00-07:00,30,88,1.2
2025-07-17T17:00:00-07:00,32,87,1.1
2025-07-17T17:30:00-07:00,34,85,1.4
2025-07-17T18:00:00-07:00,36,83,1.1
2025-07-17T18:30:00-07:00,38,80,1.4
2025-07-17T19:00:00-07:00,40,78,0.9
2025-07-17T19:30:00-07:00,43,76,0.7
2025-07-17T20:00:00-07:00,46,74,0.7
2025-07-17T20:30:00-07:00,49,72,1.1
2025-07-17T21:00:00-07:00,52,71,0.7
2025-07-17T21:30:00-07:00,55,70,0.7
2025-07-17T22:00:00-07:00,58,69,0.8
2025-07-17T22:30:00-07:00,60,69,1.2
2025-07-17T23:00:00-07:00,62,68,1.2
2025-07-17T23:30:00-07:00,64,68,1.8
2025-07-18T00:00:00-07:00,66,68,1.8
2025-07-18T00:30:00-07:00,67,68,1.8
2025-07-18T01:00:00-07:00,68,67,1.8
2025-07-18T01:30:00-07:00,69,67,1.7
2025-07-18T02:00:00-07:00,71,67,2.2
2025-07-18T02:30:00-07:00,70,68,3.6
2025-07-18T03:00:00-07:00,69,68,4
2025-07-18T03:30:00-07:00,69,69,3.4
2025-07-18T04:00:00-07:00,68,69,3.6
2025-07-18T04:30:00-07:00,66,69,3.8
2025-07-18T05:00:00-07:00,65,69,3.3
2025-07-18T05:30:00-07:00,65,69,3.6
2025-07-18T06:00:00-07:00,65,69,3.9
2025-07-18T06:30:00-07:00,64,69,4.8
2025-07-18T07:00:00-07:00,63,69,3.8
2025-07-18T07:30:00-07:00,62,70,4.2
2025-07-18T08:00:00-07:00,61,70,4.6
2025-07-18T08:30:00-07:00,59,71,4.7
2025-07-18T09:00:00-07:00,58,72,5.5
2025-07-18T09:30:00-07:00,56,72,5.9
2025-07-18T10:00:00-07:00,53,74,20.1
2025-07-18T10:30:00-07:00,51,75,6.4
2025-07-18T11:00:00-07:00,49,76,6.3
2025-07-18T11:30:00-07:00,46,78,5.7
2025-07-18T12:00:00-07:00,42,81,6.3
2025-07-18T12:30:00-07:00,39,84,6.5
2025-07-18T13:00:00-07:00,37,86,6.3
2025-07-18T13:30:00-07:00,34,87,6
2025-07-18T14:00:00-07:00,32,89,4.8
2025-07-18T14:30:00-07:00,31,90,3.6
2025-07-18T15:00:00-07:00,30,91,2.4
2025-07-18T15:30:00-07:00,30,90,1.7
2025-07-18T16:00:00-07:00,30,89,1.3
2025-07-18T16:30:00-07:00,31,88,1.3
2025-07-18T17:00:00-07:00,32,86,1
2025-07-18T17:30:00-07:00,33,86,1
2025-07-18T18:00:00-07:00,34,84,1.1
2025-07-18T18:30:00-07:00,37,81,0.9
2025-07-18T19:00:00-07:00,41,78,1.1
2025-07-18T19:30:00-07:00,45,75,1.2
2025-07-18T20:00:00-07:00,49,73,1.5
2025-07-18T20:30:00-07:00,52,71,2.5
2025-07-18T21:00:00-07:00,56,70,3
2025-07-18T21:30:00-07:00,58,69,3.8
2025-07-18T22:00:00-07:00,61,68,4.9
2025-07-18T22:30:00-07:00,64,68,6
2025-07-18T23:00:00-07:00,64,68,5.6
2025-07-18T23:30:00-07:00,64,68,5.7
2025-07-19T00:00:00-07:00,64,69,5.4
2025-07-19T00:30:00-07:00,63,69,5
2025-07-19T01:00:00-07:00,65,68,6.1
2025-07-19T01:30:00-07:00,67,68,7.4
2025-07-19T02:00:00-07:00,67,68,7.8
2025-07-19T02:30:00-07:00,68,67,7.8
2025-07-19T03:00:00-07:00,69,67,6.3
2025-07-19T03:30:00-07:00,68,66,5.1
2025-07-19T04:00:00-07:00,68,66,4.1
2025-07-19T04:30:00-07:00,68,66,3.5
2025-07-19T05:00:00-07:00,69,66,3.2
2025-07-19T05:30:00-07:00,70,66,3.1
2025-07-19T06:00:00-07:00,67,66,3.1
2025-07-19T06:30:00-07:00,67,66,2.8
2025-07-19T07:00:00-07:00,67,67,3
2025-07-19T07:30:00-07:00,68,66,3.5
2025-07-19T08:00:00-07:00,66,67,4.1
2025-07-19T08:30:00-07:00,64,68,4.8
2025-07-19T09:00:00-07:00,63,68,6.3
2025-07-19T09:30:00-07:00,62,69,6.8
2025-07-19T10:00:00-07:00,60,69,7.8
2025-07-19T10:30:00-07:00,58,70,8.9
2025-07-19T11:00:00-07:00,57,71,7.7
2025-07-19T11:30:00-07:00,54,72,6.3
2025-07-19T12:00:00-07:00,50,76,5.9
2025-07-19T12:30:00-07:00,46,78,5.2
2025-07-19T13:00:00-07:00,42,80,5.4
2025-07-19T13:30:00-07:00,38,83,5.3
2025-07-19T14:00:00-07:00,35,86,5.1
2025-07-19T14:30:00-07:00,32,89,4.7
2025-07-19T15:00:00-07:00,29,92,4.1
2025-07-19T15:30:00-07:00,28,93,3.8
2025-07-19T16:00:00-07:00,27,93,3.2
2025-07-19T16:30:00-07:00,27,93,2.6
2025-07-19T17:00:00-07:00,28,92,2.7
2025-07-19T17:30:00-07:00,30,90,2.8
2025-07-19T18:00:00-07:00,31,87,2.6
2025-07-19T18:30:00-07:00,35,83,2.8
2025-07-19T19:00:00-07:00,38,80,3.2
2025-07-19T19:30:00-07:00,42,77,3.3
2025-07-19T20:00:00-07:00,45,74,2.5
2025-07-19T20:30:00-07:00,49,72,2.6
2025-07-19T21:00:00-07:00,52,71,3.6
2025-07-19T21:30:00-07:00,55,70,4.4
2025-07-19T22:00:00-07:00,58,69,5.5
2025-07-19T22:30:00-07:00,61,68,6.1
2025-07-19T23:00:00-07:00,66,67,6.4
2025-07-19T23:30:00-07:00,70,66,7.5
2025-07-20T00:00:00-07:00,71,66,8
2025-07-20T00:30:00-07:00,70,66,7.6
2025-07-20T01:00:00-07:00,70,66,7.7
2025-07-20T01:30:00-07:00,71,66,7.9
2025-07-20T02:00:00-07:00,70,67,8.3
2025-07-20T02:30:00-07:00,70,67,8.8
2025-07-20T03:00:00-07:00,69,68,7.7
2025-07-20T03:30:00-07:00,68,68,7.6
2025-07-20T04:00:00-07:00,68,68,7.4
2025-07-20T04:30:00-07:00,67,68,7.3
2025-07-20T05:00:00-07:00,68,68,7.3
2025-07-20T05:30:00-07:00,68,68,7.4
2025-07-20T06:00:00-07:00,68,68,7.8
2025-07-20T06:30:00-07:00,69,67,11.4
2025-07-20T07:00:00-07:00,70,67,11.2
2025-07-20T07:30:00-07:00,72,66,11.3
2025-07-20T08:00:00-07:00,71,67,9.9
2025-07-20T08:30:00-07:00,69,67,9.7
2025-07-20T09:00:00-07:00,65,69,8.7
2025-07-20T09:30:00-07:00,62,70,8.1
2025-07-20T10:00:00-07:00,58,72,8.2
2025-07-20T10:30:00-07:00,54,74,8.3
2025-07-20T11:00:00-07:00,51,76,7.1
2025-07-20T11:30:00-07:00,48,77,6.3
2025-07-20T12:00:00-07:00,45,79,3.6
2025-07-20T12:30:00-07:00,42,81,3.1
2025-07-20T13:00:00-07:00,38,84,3
2025-07-20T13:30:00-07:00,36,86,3.1
2025-07-20T14:00:00-07:00,34,87,3.2
2025-07-20T14:30:00-07:00,33,88,3.6
2025-07-20T15:00:00-07:00,32,88,3.7
2025-07-20T15:30:00-07:00,32,88,3.5
2025-07-20T16:00:00-07:00,33,87,3.6
2025-07-20T16:30:00-07:00,34,85,4.3
2025-07-20T17:00:00-07:00,36,83,4.8
2025-07-20T17:30:00-07:00,38,81,4.7
2025-07-20T18:00:00-07:00,41,79,5.3
2025-07-20T18:30:00-07:00,44,77,6.5
2025-07-20T19:00:00-07:00,47,74,6.3
2025-07-20T19:30:00-07:00,50,72,6.4
2025-07-20T20:00:00-07:00,53,71,6
2025-07-20T20:30:00-07:00,56,70,6.5
2025-07-20T21:00:00-07:00,58,69,6.6
2025-07-20T21:30:00-07:00,59,69,6.2
2025-07-20T22:00:00-07:00,59,69,6.4
2025-07-20T22:30:00-07:00,60,68,6.6
2025-07-20T23:00:00-07:00,61,68,6.3
2025-07-20T23:30:00-07:00,62,68,6.5
2025-07-21T00:00:00-07:00,62,68,6.1
2025-07-21T00:30:00-07:00,63,67,6.5
2025-07-21T01:00:00-07:00,64,67,6.5
2025-07-21T01:30:00-07:00,65,67,6.1
2025-07-21T02:00:00-07:00,67,66,6
2025-07-21T02:30:00-07:00,68,66,5.6
2025-07-21T03:00:00-07:00,68,67,5.3
2025-07-21T03:30:00-07:00,69,67,4.3
2025-07-21T04:00:00-07:00,71,67,3.3
2025-07-21T04:30:00-07:00,69,67,5.6
2025-07-21T05:00:00-07:00,69,67,3.4
2025-07-21T05:30:00-07:00,68,68,1.6
2025-07-21T06:00:00-07:00,69,67,2.3
2025-07-21T06:30:00-07:00,68,67,7.1
2025-07-21T07:00:00-07:00,68,67,7.1
2025-07-21T07:30:00-07:00,66,68,2.4
2025-07-21T08:00:00-07:00,65,68,0.3
2025-07-21T08:30:00-07:00,63,69,0.1
2025-07-21T09:00:00-07:00,61,70,0.5
2025-07-21T09:30:00-07:00,60,71,0
2025-07-21T10:00:00-07:00,57,72,0
2025-07-21T10:30:00-07:00,54,74,0
2025-07-21T11:00:00-07:00,50,76,0
2025-07-21T11:30:00-07:00,47,78,0.1
2025-07-21T12:00:00-07:00,45,80,0.1
2025-07-21T12:30:00-07:00,42,81,0.1
2025-07-21T13:00:00-07:00,40,83,0.1
2025-07-21T13:30:00-07:00,38,85,0.3
2025-07-21T14:00:00-07:00,36,85,0.4
2025-07-21T14:30:00-07:00,34,87,0.3
2025-07-21T15:00:00-07:00,34,87,0.6
2025-07-21T15:30:00-07:00,34,87,0.5
2025-07-21T16:00:00-07:00,34,86,0.6
2025-07-21T16:30:00-07:00,35,84,0.9
2025-07-21T17:00:00-07:00,37,83,0.8
2025-07-21T17:30:00-07:00,39,81,0.8
2025-07-21T18:00:00-07:00,41,79,1
2025-07-21T18:30:00-07:00,44,77,1.4
2025-07-21T19:00:00-07:00,47,75,1.6
2025-07-21T19:30:00-07:00,51,73,1.5
2025-07-21T20:00:00-07:00,54,72,2.8
2025-07-21T20:30:00-07:00,56,71,2.7
2025-07-21T21:00:00-07:00,57,71,0.8
2025-07-21T21:30:00-07:00,59,70,1
2025-07-21T22:00:00-07:00,59,70,1.2
2025-07-21T22:30:00-07:00,60,70,1
2025-07-21T23:00:00-07:00,60,70,1.1
2025-07-21T23:30:00-07:00,59,70,1.2
2025-07-22T00:00:00-07:00,60,70,0.6
2025-07-22T00:30:00-07:00,62,70,0.1
2025-07-22T01:00:00-07:00,63,69,0.2
2025-07-22T01:30:00-07:00,65,69,0.3
2025-07-22T02:00:00-07:00,65,69,0.3
2025-07-22T02:30:00-07:00,66,69,0.3
2025-07-22T03:00:00-07:00,66,69,0.4
2025-07-22T03:30:00-07:00,66,69,0.7
2025-07-22T04:00:00-07:00,68,68,1
2025-07-22T04:30:00-07:00,69,68,1
2025-07-22T05:00:00-07:00,71,68,0.7
2025-07-22T05:30:00-07:00,71,68,0.4
2025-07-22T06:00:00-07:00,77,67,0.2
2025-07-22T06:30:00-07:00,77,68,0.1
2025-07-22T07:00:00-07:00,72,68,0.1
2025-07-22T07:30:00-07:00,68,69,0.2
2025-07-22T08:00:00-07:00,65,69,0.1
2025-07-22T08:30:00-07:00,64,70,0.1
2025-07-22T09:00:00-07:00,63,71,0
2025-07-22T09:30:00-07:00,59,72,0
2025-07-22T10:00:00-07:00,55,73,0
2025-07-22T10:30:00-07:00,51,74,0
2025-07-22T11:00:00-07:00,48,76,0
2025-07-22T11:30:00-07:00,48,77,0
2025-07-22T12:00:00-07:00,45,79,0
2025-07-22T12:30:00-07:00,41,81,0
2025-07-22T13:00:00-07:00,41,81,0.1
2025-07-22T13:30:00-07:00,41,81,0.3
2025-07-22T14:00:00-07:00,41,81,0.5
2025-07-22T14:30:00-07:00,41,80,0.6
2025-07-22T15:00:00-07:00,42,79,0.6
2025-07-22T15:30:00-07:00,43,78,0.8
2025-07-22T16:00:00-07:00,44,77,0.7
2025-07-22T16:30:00-07:00,45,78,1.9
2025-07-22T17:00:00-07:00,47,76,1.5
2025-07-22T17:30:00-07:00,48,75,1.2
2025-07-22T18:00:00-07:00,50,74,1.1
2025-07-22T18:30:00-07:00,52,73,1.3
2025-07-22T19:00:00-07:00,54,71,1.1
2025-07-22T19:30:00-07:00,56,70,1.5
2025-07-22T20:00:00-07:00,57,70,1.8
2025-07-22T20:30:00-07:00,58,69,1.6
2025-07-22T21:00:00-07:00,58,69,1.5
2025-07-22T21:30:00-07:00,60,69,2.6
2025-07-22T22:00:00-07:00,61,68,2.3
2025-07-22T22:30:00-07:00,59,68,2.2
2025-07-22T23:00:00-07:00,60,69,1.8
2025-07-22T23:30:00-07:00,59,69,1.4
2025-07-23T00:00:00-07:00,59,68,1.4
2025-07-23T00:30:00-07:00,60,68,1.5
2025-07-23T01:00:00-07:00,60,68,1.5
2025-07-23T01:30:00-07:00,60,68,1.7
2025-07-23T02:00:00-07:00,61,68,1.7
2025-07-23T02:30:00-07:00,62,68,1.9
2025-07-23T03:00:00-07:00,62,68,1.8
2025-07-23T03:30:00-07:00,62,68,2
2025-07-23T04:00:00-07:00,63,67,1.9
2025-07-23T04:30:00-07:00,63,68,1.4
2025-07-23T05:00:00-07:00,62,68,1.2
2025-07-23T05:30:00-07:00,62,68,1.3
2025-07-23T06:00:00-07:00,62,68,1.1
2025-07-23T06:30:00-07:00,61,68,0.5
2025-07-23T07:00:00-07:00,60,68,0.4
2025-07-23T07:30:00-07:00,60,68,0.4
2025-07-23T08:00:00-07:00,59,69,0.7
2025-07-23T08:30:00-07:00,58,70,0.6
2025-07-23T09:00:00-07:00,55,71,0.4
2025-07-23T09:30:00-07:00,54,72,0.7
2025-07-23T10:00:00-07:00,52,73,1.1
2025-07-23T10:30:00-07:00,49,74,1.9
2025-07-23T11:00:00-07:00,46,76,2.4
2025-07-23T11:30:00-07:00,44,77,1.5
2025-07-23T12:00:00-07:00,40,79,0.7
2025-07-23T12:30:00-07:00,38,82,0.6
2025-07-23T13:00:00-07:00,35,84,0.5
2025-07-23T13:30:00-07:00,33,86,0.3
2025-07-23T14:00:00-07:00,31,87,0.2
2025-07-23T14:30:00-07:00,30,89,0.2
2025-07-23T15:00:00-07:00,29,90,0.1
2025-07-23T15:30:00-07:00,29,89,0.1
2025-07-23T16:00:00-07:00,30,88,0
2025-07-23T16:30:00-07:00,31,87,0
2025-07-23T17:00:00-07:00,33,84,0
2025-07-23T17:30:00-07:00,35,83,0.1
2025-07-23T18:00:00-07:00,38,80,0.1
2025-07-23T18:30:00-07:00,41,78,0.1
2025-07-23T19:00:00-07:00,44,76,0.2
2025-07-23T19:30:00-07:00,47,74,0.1
2025-07-23T20:00:00-07:00,51,72,0.2
2025-07-23T20:30:00-07:00,53,71,0.4
2025-07-23T21:00:00-07:00,56,71,0.7
2025-07-23T21:30:00-07:00,56,71,0.7
2025-07-23T22:00:00-07:00,58,70,0.6
2025-07-23T22:30:00-07:00,59,70,0.5
2025-07-23T23:00:00-07:00,59,70,0.4
2025-07-23T23:30:00-07:00,59,70,0.3
2025-07-24T00:00:00-07:00,59,70,0.4
2025-07-24T00:30:00-07:00,61,69,0.5
2025-07-24T01:00:00-07:00,60,69,0.4
2025-07-24T01:30:00-07:00,60,69,0.6
2025-07-24T02:00:00-07:00,60,69,0.6
2025-07-24T02:30:00-07:00,60,69,0.7
2025-07-24T03:00:00-07:00,60,69,0.7
2025-07-24T03:30:00-07:00,60,69,0.4
2025-07-24T04:00:00-07:00,60,69,0.4
2025-07-24T04:30:00-07:00,60,69,0.5
2025-07-24T05:00:00-07:00,60,69,0.5
2025-07-24T05:30:00-07:00,60,69,0.4
2025-07-24T06:00:00-07:00,60,69,0.5
2025-07-24T06:30:00-07:00,61,69,0.8
2025-07-24T07:00:00-07:00,60,69,0.8
2025-07-24T07:30:00-07:00,59,69,0.9
2025-07-24T08:00:00-07:00,58,70,1
2025-07-24T08:30:00-07:00,58,70,1.2
2025-07-24T09:00:00-07:00,58,70,1.3
2025-07-24T09:30:00-07:00,56,71,1.6
2025-07-24T10:00:00-07:00,55,72,1.6
2025-07-24T10:30:00-07:00,53,73,1.8
2025-07-24T11:00:00-07:00,50,74,3.1
2025-07-24T11:30:00-07:00,47,76,4.4
2025-07-24T12:00:00-07:00,44,78,2.6
2025-07-24T12:30:00-07:00,40,81,2.9
2025-07-24T13:00:00-07:00,38,83,2.6
2025-07-24T13:30:00-07:00,35,86,2
2025-07-24T14:00:00-07:00,33,88,1.4
2025-07-24T14:30:00-07:00,30,90,0.6
2025-07-24T15:00:00-07:00,28,91,0.4
2025-07-24T15:30:00-07:00,28,91,0.2
2025-07-24T16:00:00-07:00,29,89,0.1
2025-07-24T16:30:00-07:00,31,88,0.1
2025-07-24T17:00:00-07:00,33,85,0.1
2025-07-24T17:30:00-07:00,35,83,0.2
2025-07-24T18:00:00-07:00,38,81,0.8
2025-07-24T18:30:00-07:00,41,78,0.6
2025-07-24T19:00:00-07:00,45,76,0.8
2025-07-24T19:30:00-07:00,49,74,1
2025-07-24T20:00:00-07:00,52,73,1
2025-07-24T20:30:00-07:00,54,72,1
2025-07-24T21:00:00-07:00,55,71,1.4
2025-07-24T21:30:00-07:00,57,70,1.3
2025-07-24T22:00:00-07:00,59,69,1.7
2025-07-24T22:30:00-07:00,61,69,2.3
2025-07-24T23:00:00-07:00,62,69,2.4
2025-07-24T23:30:00-07:00,62,68,1.3
2025-07-25T00:00:00-07:00,62,68,1.6
2025-07-25T00:30:00-07:00,62,68,1.7
2025-07-25T01:00:00-07:00,63,68,2
2025-07-25T01:30:00-07:00,64,68,2.4
2025-07-25T02:00:00-07:00,64,68,2.2
2025-07-25T02:30:00-07:00,64,68,2.7
2025-07-25T03:00:00-07:00,64,68,3.1
2025-07-25T03:30:00-07:00,65,68,2.8
2025-07-25T04:00:00-07:00,65,67,2.4
2025-07-25T04:30:00-07:00,66,67,1.6
2025-07-25T05:00:00-07:00,65,67,1
2025-07-25T05:30:00-07:00,66,67,0.2
2025-07-25T06:00:00-07:00,66,67,0
2025-07-25T06:30:00-07:00,65,67,0
2025-07-25T07:00:00-07:00,65,67,0
2025-07-25T07:30:00-07:00,64,68,0.1
2025-07-25T08:00:00-07:00,63,68,0.1
2025-07-25T08:30:00-07:00,60,69,0.1
2025-07-25T09:00:00-07:00,56,70,0
2025-07-25T09:30:00-07:00,54,72,0.3
2025-07-25T10:00:00-07:00,51,73,0.9
2025-07-25T10:30:00-07:00,49,75,1
2025-07-25T11:00:00-07:00,47,76,1.6
2025-07-25T11:30:00-07:00,44,78,2.4
2025-07-25T12:00:00-07:00,42,80,2.2
2025-07-25T12:30:00-07:00,39,82,1.7
2025-07-25T13:00:00-07:00,36,84,1.8
2025-07-25T13:30:00-07:00,35,85,1.4
2025-07-25T14:00:00-07:00,33,87,1.2
2025-07-25T14:30:00-07:00,32,88,1.1
2025-07-25T15:00:00-07:00,32,88,1.1
2025-07-25T15:30:00-07:00,32,88,1
2025-07-25T16:00:00-07:00,34,86,0.7
2025-07-25T16:30:00-07:00,36,83,0.7
2025-07-25T17:00:00-07:00,37,82,4.5
2025-07-25T17:30:00-07:00,39,80,0.6
2025-07-25T18:00:00-07:00,41,78,0.5
2025-07-25T18:30:00-07:00,45,76,0.6
2025-07-25T19:00:00-07:00,49,73,0.4
2025-07-25T19:30:00-07:00,54,71,0.7
2025-07-25T20:00:00-07:00,56,71,0.6
2025-07-25T20:30:00-07:00,58,70,0.8
2025-07-25T21:00:00-07:00,59,69,0.3
2025-07-25T21:30:00-07:00,60,69,0.6
2025-07-25T22:00:00-07:00,61,69,0.8
2025-07-25T22:30:00-07:00,63,68,0.7
2025-07-25T23:00:00-07:00,63,68,0.8
2025-07-25T23:30:00-07:00,63,68,1.6
2025-07-26T00:00:00-07:00,64,69,1.3
2025-07-26T00:30:00-07:00,64,69,1
2025-07-26T01:00:00-07:00,63,68,0.3
2025-07-26T01:30:00-07:00,62,69,0.1
2025-07-26T02:00:00-07:00,62,68,0.2
2025-07-26T02:30:00-07:00,62,68,0.1
2025-07-26T03:00:00-07:00,62,68,0.1
2025-07-26T03:30:00-07:00,62,68,0.1
2025-07-26T04:00:00-07:00,62,68,0
2025-07-26T04:30:00-07:00,62,68,0
2025-07-26T05:00:00-07:00,62,68,0
2025-07-26T05:30:00-07:00,62,67,0
2025-07-26T06:00:00-07:00,63,67,0
2025-07-26T06:30:00-07:00,64,67,0.2
2025-07-26T07:00:00-07:00,63,68,0.2
2025-07-26T07:30:00-07:00,61,68,0.1
2025-07-26T08:00:00-07:00,59,69,0.1
2025-07-26T08:30:00-07:00,57,69,0
2025-07-26T09:00:00-07:00,55,70,0.1
2025-07-26T09:30:00-07:00,53,72,0.2
2025-07-26T10:00:00-07:00,50,73,1.5
2025-07-26T10:30:00-07:00,47,75,1.4
2025-07-26T11:00:00-07:00,45,75,0.1
2025-07-26T11:30:00-07:00,43,78,0
2025-07-26T12:00:00-07:00,41,80,0.3
2025-07-26T12:30:00-07:00,38,82,0.7
2025-07-26T13:00:00-07:00,36,84,1.2
2025-07-26T13:30:00-07:00,34,85,0.9
2025-07-26T14:00:00-07:00,33,87,3.3
2025-07-26T14:30:00-07:00,31,88,1.7
2025-07-26T15:00:00-07:00,31,89,1.6
2025-07-26T15:30:00-07:00,31,88,5
2025-07-26T16:00:00-07:00,33,86,5.3
2025-07-26T16:30:00-07:00,36,84,0.9
2025-07-26T17:00:00-07:00,38,82,0.9
2025-07-26T17:30:00-07:00,39,81,0.8
2025-07-26T18:00:00-07:00,41,79,0.7
2025-07-26T18:30:00-07:00,44,76,0.6
2025-07-26T19:00:00-07:00,47,74,0.4
2025-07-26T19:30:00-07:00,51,72,1.7
2025-07-26T20:00:00-07:00,54,71,1
2025-07-26T20:30:00-07:00,57,70,0.4
2025-07-26T21:00:00-07:00,59,69,0.3
2025-07-26T21:30:00-07:00,61,69,0.4
2025-07-26T22:00:00-07:00,61,69,0.3
2025-07-26T22:30:00-07:00,60,69,0.7
2025-07-26T23:00:00-07:00,61,69,1
2025-07-26T23:30:00-07:00,61,69,1.5
2025-07-27T00:00:00-07:00,62,69,0.8
2025-07-27T00:30:00-07:00,63,69,0.7
2025-07-27T01:00:00-07:00,64,69,1.1
2025-07-27T01:30:00-07:00,64,68,1.6
2025-07-27T02:00:00-07:00,65,68,1.1
2025-07-27T02:30:00-07:00,66,68,0.8
2025-07-27T03:00:00-07:00,66,68,0.2
2025-07-27T03:30:00-07:00,66,68,0.1
2025-07-27T04:00:00-07:00,65,68,0.1
2025-07-27T04:30:00-07:00,65,68,0
2025-07-27T05:00:00-07:00,65,68,0
2025-07-27T05:30:00-07:00,63,68,0
2025-07-27T06:00:00-07:00,64,68,0
2025-07-27T06:30:00-07:00,66,68,0
2025-07-27T07:00:00-07:00,64,68,0
2025-07-27T07:30:00-07:00,65,68,0
2025-07-27T08:00:00-07:00,65,69,0
2025-07-27T08:30:00-07:00,64,70,0.1
2025-07-27T09:00:00-07:00,60,71,0.1
2025-07-27T09:30:00-07:00,57,72,0.2
2025-07-27T10:00:00-07:00,55,73,0.4
2025-07-27T10:30:00-07:00,52,73,1.1
2025-07-27T11:00:00-07:00,50,75,1.4
2025-07-27T11:30:00-07:00,48,76,1.7
2025-07-27T12:00:00-07:00,46,78,2.1
2025-07-27T12:30:00-07:00,43,80,1.4
2025-07-27T13:00:00-07:00,39,83,0.9
2025-07-27T13:30:00-07:00,37,85,0.9
2025-07-27T14:00:00-07:00,34,87,0.7
2025-07-27T14:30:00-07:00,33,88,1
2025-07-27T15:00:00-07:00,33,88,1.2
2025-07-27T15:30:00-07:00,32,88,1.8
2025-07-27T16:00:00-07:00,33,86,2.7
2025-07-27T16:30:00-07:00,34,85,3.8
2025-07-27T17:00:00-07:00,36,84,3.1
2025-07-27T17:30:00-07:00,38,82,3
2025-07-27T18:00:00-07:00,41,80,3.1
2025-07-27T18:30:00-07:00,44,77,3.2
2025-07-27T19:00:00-07:00,48,75,3.5
2025-07-27T19:30:00-07:00,51,74,3.6
2025-07-27T20:00:00-07:00,54,72,3.4
2025-07-27T20:30:00-07:00,57,71,2.4
2025-07-27T21:00:00-07:00,60,70,2.6
2025-07-27T21:30:00-07:00,63,70,2
2025-07-27T22:00:00-07:00,62,69,1.8
2025-07-27T22:30:00-07:00,63,69,1.6
2025-07-27T23:00:00-07:00,64,68,1.6
2025-07-27T23:30:00-07:00,65,68,1.7
2025-07-28T00:00:00-07:00,66,68,2
2025-07-28T00:30:00-07:00,67,68,2
2025-07-28T01:00:00-07:00,68,67,2.2
2025-07-28T01:30:00-07:00,69,68,2.5
2025-07-28T02:00:00-07:00,68,68,2.7
2025-07-28T02:30:00-07:00,68,68,2.9
2025-07-28T03:00:00-07:00,67,68,1.9
2025-07-28T03:30:00-07:00,67,68,1.9
2025-07-28T04:00:00-07:00,68,68,1.5
2025-07-28T04:30:00-07:00,68,68,1.4
2025-07-28T05:00:00-07:00,69,68,1.4
2025-07-28T05:30:00-07:00,69,68,1.5
2025-07-28T06:00:00-07:00,68,68,1.4
2025-07-28T06:30:00-07:00,67,68,1.4
2025-07-28T07:00:00-07:00,66,69,1.3
2025-07-28T07:30:00-07:00,64,69,1.8
2025-07-28T08:00:00-07:00,61,70,1.8
2025-07-28T08:30:00-07:00,59,71,2.1
2025-07-28T09:00:00-07:00,58,72,2.8
2025-07-28T09:30:00-07:00,55,73,3.3
2025-07-28T10:00:00-07:00,53,74,2.8
2025-07-28T10:30:00-07:00,50,76,2.8
2025-07-28T11:00:00-07:00,48,78,2.6
2025-07-28T11:30:00-07:00,44,80,2.8
2025-07-28T12:00:00-07:00,41,82,2.8
2025-07-28T12:30:00-07:00,38,85,3
2025-07-28T13:00:00-07:00,35,87,3
2025-07-28T13:30:00-07:00,32,90,3.4
2025-07-28T14:00:00-07:00,30,91,3.6
2025-07-28T14:30:00-07:00,28,93,3.7
2025-07-28T15:00:00-07:00,27,94,4
2025-07-28T15:30:00-07:00,26,95,3.6
2025-07-28T16:00:00-07:00,26,94,3.2
2025-07-28T16:30:00-07:00,28,92,3.4
2025-07-28T17:00:00-07:00,29,90,2.8
2025-07-28T17:30:00-07:00,30,89,2.8
2025-07-28T18:00:00-07:00,33,85,3
2025-07-28T18:30:00-07:00,37,83,3.9
2025-07-28T19:00:00-07:00,40,81,3
2025-07-28T19:30:00-07:00,44,79,3.1
2025-07-28T20:00:00-07:00,48,77,3.2
2025-07-28T20:30:00-07:00,51,76,3.4
2025-07-28T21:00:00-07:00,53,74,3.5
2025-07-28T21:30:00-07:00,55,72,3.5
2025-07-28T22:00:00-07:00,57,72,3.4
2025-07-28T22:30:00-07:00,56,70,2.9
2025-07-28T23:00:00-07:00,56,70,2.7
2025-07-28T23:30:00-07:00,56,70,2.8
2025-07-29T00:00:00-07:00,56,69,2.6
2025-07-29T00:30:00-07:00,60,69,2.9
2025-07-29T01:00:00-07:00,59,68,2.4
2025-07-29T01:30:00-07:00,61,68,3.2
2025-07-29T02:00:00-07:00,60,67,2.6
2025-07-29T02:30:00-07:00,61,67,2.6
2025-07-29T03:00:00-07:00,62,66,2.7
2025-07-29T03:30:00-07:00,63,66,2.7
2025-07-29T04:00:00-07:00,64,65,2.7
2025-07-29T04:30:00-07:00,65,65,2.9
2025-07-29T05:00:00-07:00,66,64,3
2025-07-29T05:30:00-07:00,69,64,3.5
2025-07-29T06:00:00-07:00,69,64,3.8
2025-07-29T06:30:00-07:00,69,64,3.3
2025-07-29T07:00:00-07:00,69,65,3.5
2025-07-29T07:30:00-07:00,68,67,4.1
2025-07-29T08:00:00-07:00,67,70,4.1
2025-07-29T08:30:00-07:00,63,71,4.3
2025-07-29T09:00:00-07:00,60,73,4.9
2025-07-29T09:30:00-07:00,56,75,4.6
2025-07-29T10:00:00-07:00,52,77,4.2
2025-07-29T10:30:00-07:00,48,78,4.1
2025-07-29T11:00:00-07:00,44,81,3.7
2025-07-29T11:30:00-07:00,40,83,4
2025-07-29T12:00:00-07:00,36,85,3.9
2025-07-29T12:30:00-07:00,32,88,5.2
2025-07-29T13:00:00-07:00,30,91,4.2
2025-07-29T13:30:00-07:00,28,93,4.1
2025-07-29T14:00:00-07:00,27,94,4.2
2025-07-29T14:30:00-07:00,27,94,4.2
2025-07-29T15:00:00-07:00,26,94,4.1
2025-07-29T15:30:00-07:00,26,93,3.9
2025-07-29T16:00:00-07:00,27,93,3.8
2025-07-29T16:30:00-07:00,30,91,3.8
2025-07-29T17:00:00-07:00,33,88,3.8
2025-07-29T17:30:00-07:00,36,85,3.9
2025-07-29T18:00:00-07:00,39,82,3.8
2025-07-29T18:30:00-07:00,42,79,4
2025-07-29T19:00:00-07:00,47,76,3.9
2025-07-29T19:30:00-07:00,50,74,3.9
2025-07-29T20:00:00-07:00,53,73,4
2025-07-29T20:30:00-07:00,56,71,4.1
2025-07-29T21:00:00-07:00,59,70,4.2
2025-07-29T21:30:00-07:00,60,70,4.2
2025-07-29T22:00:00-07:00,62,69,4.8
2025-07-29T22:30:00-07:00,62,69,5.1
2025-07-29T23:00:00-07:00,63,69,5.8
2025-07-29T23:30:00-07:00,64,69,5.9
2025-07-30T00:00:00-07:00,65,69,4.6
2025-07-30T00:30:00-07:00,65,69,4.5
2025-07-30T01:00:00-07:00,65,69,4.3
2025-07-30T01:30:00-07:00,66,69,4.3
2025-07-30T02:00:00-07:00,66,69,3.7
2025-07-30T02:30:00-07:00,65,69,3.2
2025-07-30T03:00:00-07:00,65,69,3.1
2025-07-30T03:30:00-07:00,64,69,3
2025-07-30T04:00:00-07:00,63,69,3.1
2025-07-30T04:30:00-07:00,65,69,2.6
2025-07-30T05:00:00-07:00,65,69,2.5
2025-07-30T05:30:00-07:00,63,69,2.5
2025-07-30T06:00:00-07:00,64,69,2.2
2025-07-30T06:30:00-07:00,65,69,2.4
2025-07-30T07:00:00-07:00,64,69,6.5
2025-07-30T07:30:00-07:00,63,69,2.5
2025-07-30T08:00:00-07:00,62,70,2.4
2025-07-30T08:30:00-07:00,61,71,4.9
2025-07-30T09:00:00-07:00,58,72,6.5
2025-07-30T09:30:00-07:00,56,73,5.3
2025-07-30T10:00:00-07:00,53,74,4.5
2025-07-30T10:30:00-07:00,51,76,3.9
2025-07-30T11:00:00-07:00,48,77,2.9
2025-07-30T11:30:00-07:00,45,79,2.8
2025-07-30T12:00:00-07:00,42,82,3
2025-07-30T12:30:00-07:00,40,84,3.3
2025-07-30T13:00:00-07:00,38,85,4
2025-07-30T13:30:00-07:00,37,85,4.8
2025-07-30T14:00:00-07:00,36,85,5.2
2025-07-30T14:30:00-07:00,34,87,4.9
2025-07-30T15:00:00-07:00,33,88,4.3
2025-07-30T15:30:00-07:00,33,88,4.8
2025-07-30T16:00:00-07:00,33,87,4.5
2025-07-30T16:30:00-07:00,35,85,4.2
2025-07-30T17:00:00-07:00,37,83,4.6
2025-07-30T17:30:00-07:00,39,81,4.3
2025-07-30T18:00:00-07:00,43,79,4
2025-07-30T18:30:00-07:00,46,76,4
2025-07-30T19:00:00-07:00,51,74,3.3
2025-07-30T19:30:00-07:00,55,72,3.4
2025-07-30T20:00:00-07:00,58,71,3.8
2025-07-30T20:30:00-07:00,60,71,3.2
2025-07-30T21:00:00-07:00,61,71,3.3
2025-07-30T21:30:00-07:00,61,71,3.2
2025-07-30T22:00:00-07:00,62,71,3.5
2025-07-30T22:30:00-07:00,63,71,3.7
2025-07-30T23:00:00-07:00,63,70,3
2025-07-30T23:30:00-07:00,63,70,2.6
2025-07-31T00:00:00-07:00,63,70,2.3
2025-07-31T00:30:00-07:00,63,70,2.1
2025-07-31T01:00:00-07:00,64,70,1.9
2025-07-31T01:30:00-07:00,64,70,1.9
2025-07-31T02:00:00-07:00,64,70,1.2
2025-07-31T02:30:00-07:00,65,70,0.9
2025-07-31T03:00:00-07:00,65,70,0.9
2025-07-31T03:30:00-07:00,64,70,1
2025-07-31T04:00:00-07:00,64,70,1.2
2025-07-31T04:30:00-07:00,64,70,1.2
2025-07-31T05:00:00-07:00,64,70,1.1
2025-07-31T05:30:00-07:00,65,69,2.4
2025-07-31T06:00:00-07:00,66,69,7.6
2025-07-31T06:30:00-07:00,66,70,7.9
2025-07-31T07:00:00-07:00,65,70,10.9
2025-07-31T07:30:00-07:00,64,70,9.7
2025-07-31T08:00:00-07:00,64,70,8.4
2025-07-31T08:30:00-07:00,63,71,10
2025-07-31T09:00:00-07:00,60,72,10
2025-07-31T09:30:00-07:00,55,74,8.6
2025-07-31T10:00:00-07:00,52,76,19.2
2025-07-31T10:30:00-07:00,49,78,5.7
2025-07-31T11:00:00-07:00,46,80,5.4
2025-07-31T11:30:00-07:00,42,82,5.1
2025-07-31T12:00:00-07:00,38,85,5.1
2025-07-31T12:30:00-07:00,35,88,6
2025-07-31T13:00:00-07:00,33,91,6.2
2025-07-31T13:30:00-07:00,31,93,4.9
2025-07-31T14:00:00-07:00,29,95,4.4
2025-07-31T14:30:00-07:00,27,97,4.1
2025-07-31T15:00:00-07:00,25,100,4
2025-07-31T15:30:00-07:00,24,101,3.8
2025-07-31T16:00:00-07:00,25,100,3.2
2025-07-31T16:30:00-07:00,25,98,3.4
2025-07-31T17:00:00-07:00,28,94,3
2025-07-31T17:30:00-07:00,31,89,3
2025-07-31T18:00:00-07:00,36,85,2.9
2025-07-31T18:30:00-07:00,41,80,2.3
2025-07-31T19:00:00-07:00,46,77,1.9
2025-07-31T19:30:00-07:00,51,74,2.2
2025-07-31T20:00:00-07:00,55,72,2.6
2025-07-31T20:30:00-07:00,58,71,2.7
2025-07-31T21:00:00-07:00,61,71,3.4
2025-07-31T21:30:00-07:00,63,70,4.2
2025-07-31T22:00:00-07:00,65,69,2.6
2025-07-31T22:30:00-07:00,67,69,2.7
2025-07-31T23:00:00-07:00,65,70,2.6
2025-07-31T23:30:00-07:00,65,70,2.6
2025-08-01T00:00:00-07:00,65,70,2.6
2025-08-01T00:30:00-07:00,63,70,1.3
2025-08-01T01:00:00-07:00,64,70,1.4
2025-08-01T01:30:00-07:00,64,70,1.4
2025-08-01T02:00:00-07:00,64,70,0.7
2025-08-01T02:30:00-07:00,64,69,0.9
2025-08-01T03:00:00-07:00,64,69,0.7
2025-08-01T03:30:00-07:00,66,69,0.7
2025-08-01T04:00:00-07:00,65,69,0.4
2025-08-01T04:30:00-07:00,65,69,0.2
2025-08-01T05:00:00-07:00,65,69,0.1
2025-08-01T05:30:00-07:00,65,69,0.1
2025-08-01T06:00:00-07:00,65,69,0.1
2025-08-01T06:30:00-07:00,64,69,0.2
2025-08-01T07:00:00-07:00,64,69,0.2
2025-08-01T07:30:00-07:00,63,70,0.3
2025-08-01T08:00:00-07:00,62,71,1.8
2025-08-01T08:30:00-07:00,60,71,4.6
2025-08-01T09:00:00-07:00,58,73,7.2
2025-08-01T09:30:00-07:00,56,74,7.5
2025-08-01T10:00:00-07:00,52,76,5.1
2025-08-01T10:30:00-07:00,50,77,4.7
2025-08-01T11:00:00-07:00,47,79,3.5
2025-08-01T11:30:00-07:00,44,81,3.1
2025-08-01T12:00:00-07:00,41,84,2.8
2025-08-01T12:30:00-07:00,37,85,1.6
2025-08-01T13:00:00-07:00,35,86,1.5
2025-08-01T13:30:00-07:00,33,87,1.6
2025-08-01T14:00:00-07:00,32,89,1.5
2025-08-01T14:30:00-07:00,31,89,1.4
2025-08-01T15:00:00-07:00,29,91,1.4
2025-08-01T15:30:00-07:00,29,90,3
2025-08-01T16:00:00-07:00,31,89,1.4
2025-08-01T16:30:00-07:00,32,87,1.4
2025-08-01T17:00:00-07:00,34,84,1.5
2025-08-01T17:30:00-07:00,37,82,1.3
2025-08-01T18:00:00-07:00,40,80,1.5
2025-08-01T18:30:00-07:00,43,78,2.2
2025-08-01T19:00:00-07:00,48,75,3
2025-08-01T19:30:00-07:00,51,73,3.8
2025-08-01T20:00:00-07:00,54,71,3.4
2025-08-01T20:30:00-07:00,57,71,3.6
2025-08-01T21:00:00-07:00,58,70,3.9
2025-08-01T21:30:00-07:00,60,70,3.9
2025-08-01T22:00:00-07:00,61,69,3.7
2025-08-01T22:30:00-07:00,63,69,3.9
2025-08-01T23:00:00-07:00,64,68,4.2
2025-08-01T23:30:00-07:00,64,68,3.8
2025-08-02T00:00:00-07:00,64,68,4.2
2025-08-02T00:30:00-07:00,65,68,4.5
2025-08-02T01:00:00-07:00,66,67,4.3
2025-08-02T01:30:00-07:00,67,67,4
2025-08-02T02:00:00-07:00,68,67,4
2025-08-02T02:30:00-07:00,69,67,3.5
2025-08-02T03:00:00-07:00,70,67,2.8
2025-08-02T03:30:00-07:00,70,67,2.1
2025-08-02T04:00:00-07:00,68,67,1.6
2025-08-02T04:30:00-07:00,67,67,1
2025-08-02T05:00:00-07:00,67,67,0.5
2025-08-02T05:30:00-07:00,67,67,0.4
2025-08-02T06:00:00-07:00,68,66,0.4
2025-08-02T06:30:00-07:00,67,67,0.6
2025-08-02T07:00:00-07:00,65,67,0.8
2025-08-02T07:30:00-07:00,63,68,1
2025-08-02T08:00:00-07:00,62,69,1.4
2025-08-02T08:30:00-07:00,60,70,1.7
2025-08-02T09:00:00-07:00,58,71,2
2025-08-02T09:30:00-07:00,56,71,2
2025-08-02T10:00:00-07:00,54,73,2.2
2025-08-02T10:30:00-07:00,52,74,1.9
2025-08-02T11:00:00-07:00,48,76,1.9
2025-08-02T11:30:00-07:00,45,78,1.7
2025-08-02T12:00:00-07:00,42,81,1.3
2025-08-02T12:30:00-07:00,39,84,1.2
2025-08-02T13:00:00-07:00,36,86,1.2
2025-08-02T13:30:00-07:00,34,87,0.9
2025-08-02T14:00:00-07:00,32,88,0.8
2025-08-02T14:30:00-07:00,31,88,0.9
2025-08-02T15:00:00-07:00,30,89,0.8
2025-08-02T15:30:00-07:00,29,90,0.7
2025-08-02T16:00:00-07:00,29,90,0.6
2025-08-02T16:30:00-07:00,30,90,0.8
2025-08-02T17:00:00-07:00,30,89,0.7
2025-08-02T17:30:00-07:00,31,88,0.8
2025-08-02T18:00:00-07:00,34,85,2.5
2025-08-02T18:30:00-07:00,38,82,1.1
2025-08-02T19:00:00-07:00,41,79,1.3
2025-08-02T19:30:00-07:00,45,77,1.2
2025-08-02T20:00:00-07:00,50,74,1.6
2025-08-02T20:30:00-07:00,54,72,2.4
2025-08-02T21:00:00-07:00,57,71,3.2
2025-08-02T21:30:00-07:00,60,69,3.4
2025-08-02T22:00:00-07:00,62,69,3.4
2025-08-02T22:30:00-07:00,62,69,3.6
2025-08-02T23:00:00-07:00,62,69,3.6
2025-08-02T23:30:00-07:00,62,68,3.9
2025-08-03T00:00:00-07:00,63,68,4
2025-08-03T00:30:00-07:00,64,68,4.1
2025-08-03T01:00:00-07:00,67,66,4.2
2025-08-03T01:30:00-07:00,67,66,3.5
2025-08-03T02:00:00-07:00,68,66,3.7
2025-08-03T02:30:00-07:00,69,65,3.5
2025-08-03T03:00:00-07:00,70,64,3.5
2025-08-03T03:30:00-07:00,70,64,3.5
2025-08-03T04:00:00-07:00,71,64,3.7
2025-08-03T04:30:00-07:00,73,64,3.8
2025-08-03T05:00:00-07:00,73,63,3.8
2025-08-03T05:30:00-07:00,75,63,4
2025-08-03T06:00:00-07:00,77,63,4
2025-08-03T06:30:00-07:00,77,63,3.7
2025-08-03T07:00:00-07:00,77,64,4.4
2025-08-03T07:30:00-07:00,76,66,4.7
2025-08-03T08:00:00-07:00,72,68,5
2025-08-03T08:30:00-07:00,66,70,5.2
2025-08-03T09:00:00-07:00,60,71,4.8
2025-08-03T09:30:00-07:00,55,73,4.2
2025-08-03T10:00:00-07:00,51,75,4
2025-08-03T10:30:00-07:00,47,76,3.7
2025-08-03T11:00:00-07:00,43,78,3.5
2025-08-03T11:30:00-07:00,41,80,3.7
2025-08-03T12:00:00-07:00,37,82,3.9
2025-08-03T12:30:00-07:00,35,84,3.4
2025-08-03T13:00:00-07:00,33,85,3.8
2025-08-03T13:30:00-07:00,31,87,3.9
2025-08-03T14:00:00-07:00,29,87,3.4
2025-08-03T14:30:00-07:00,29,88,3.5
2025-08-03T15:00:00-07:00,29,88,3.3
2025-08-03T15:30:00-07:00,27,89,3.2
2025-08-03T16:00:00-07:00,27,89,3.2
2025-08-03T16:30:00-07:00,27,89,3.7
2025-08-03T17:00:00-07:00,28,87,7.1
2025-08-03T17:30:00-07:00,30,85,3.4
2025-08-03T18:00:00-07:00,32,83,3.4
2025-08-03T18:30:00-07:00,36,79,3.7
2025-08-03T19:00:00-07:00,40,76,4.1
2025-08-03T19:30:00-07:00,44,74,4.2
2025-08-03T20:00:00-07:00,47,72,4.3
2025-08-03T20:30:00-07:00,49,71,4.5
2025-08-03T21:00:00-07:00,51,70,4.8
2025-08-03T21:30:00-07:00,54,69,5.5
2025-08-03T22:00:00-07:00,54,69,4.7
2025-08-03T22:30:00-07:00,56,68,5.2
2025-08-03T23:00:00-07:00,57,68,4.9
2025-08-03T23:30:00-07:00,59,67,5.2
2025-08-04T00:00:00-07:00,61,67,6.4
2025-08-04T00:30:00-07:00,62,66,5.4
2025-08-04T01:00:00-07:00,61,66,5
2025-08-04T01:30:00-07:00,61,66,5.1
2025-08-04T02:00:00-07:00,61,65,5.2
2025-08-04T02:30:00-07:00,62,65,5.4
2025-08-04T03:00:00-07:00,62,64,5
2025-08-04T03:30:00-07:00,64,64,5.8
2025-08-04T04:00:00-07:00,64,63,4.8
2025-08-04T04:30:00-07:00,64,63,4.5
2025-08-04T05:00:00-07:00,65,63,4.3
2025-08-04T05:30:00-07:00,66,63,4.7
2025-08-04T06:00:00-07:00,66,62,4.7
2025-08-04T06:30:00-07:00,66,62,4.5
2025-08-04T07:00:00-07:00,62,64,3.9
2025-08-04T07:30:00-07:00,57,67,3.7
2025-08-04T08:00:00-07:00,54,68,3.7
2025-08-04T08:30:00-07:00,51,70,3.8
2025-08-04T09:00:00-07:00,48,71,3.4
2025-08-04T09:30:00-07:00,46,72,3.6
2025-08-04T10:00:00-07:00,43,73,3.4
2025-08-04T10:30:00-07:00,41,74,3.4
2025-08-04T11:00:00-07:00,40,76,3.3
2025-08-04T11:30:00-07:00,37,77,4
2025-08-04T12:00:00-07:00,36,80,3.7
2025-08-04T12:30:00-07:00,33,82,3.2
2025-08-04T13:00:00-07:00,32,84,3.3
2025-08-04T13:30:00-07:00,32,86,3.6
2025-08-04T14:00:00-07:00,29,88,3.1
2025-08-04T14:30:00-07:00,28,89,2.9
2025-08-04T15:00:00-07:00,27,90,2.7
2025-08-04T15:30:00-07:00,25,92,3.5
2025-08-04T16:00:00-07:00,25,91,1.9
2025-08-04T16:30:00-07:00,26,90,1.9
2025-08-04T17:00:00-07:00,28,88,2.4
2025-08-04T17:30:00-07:00,30,85,2.2
2025-08-04T18:00:00-07:00,32,82,2.4
2025-08-04T18:30:00-07:00,34,80,2.1
2025-08-04T19:00:00-07:00,36,78,2.1
2025-08-04T19:30:00-07:00,38,76,2.3
2025-08-04T20:00:00-07:00,40,74,2.4
2025-08-04T20:30:00-07:00,42,73,2.7
2025-08-04T21:00:00-07:00,44,72,2.9
2025-08-04T21:30:00-07:00,45,70,2.7
2025-08-04T22:00:00-07:00,48,69,3
2025-08-04T22:30:00-07:00,49,69,3
2025-08-04T23:00:00-07:00,51,68,3.1
2025-08-04T23:30:00-07:00,52,67,3.1
2025-08-05T00:00:00-07:00,55,66,3.1
2025-08-05T00:30:00-07:00,56,66,3.2
2025-08-05T01:00:00-07:00,56,66,3.2
2025-08-05T01:30:00-07:00,57,65,3.1
2025-08-05T02:00:00-07:00,58,64,3.1
2025-08-05T02:30:00-07:00,59,64,3.2
2025-08-05T03:00:00-07:00,59,65,3.5
2025-08-05T03:30:00-07:00,61,65,3.8
2025-08-05T04:00:00-07:00,63,65,4
2025-08-05T04:30:00-07:00,64,65,4
2025-08-05T05:00:00-07:00,66,65,4.3
2025-08-05T05:30:00-07:00,67,65,4.5
2025-08-05T06:00:00-07:00,68,65,5
2025-08-05T06:30:00-07:00,69,64,5.5
2025-08-05T07:00:00-07:00,68,65,5
2025-08-05T07:30:00-07:00,66,66,5.1
2025-08-05T08:00:00-07:00,62,68,4.3
2025-08-05T08:30:00-07:00,57,70,4.4
2025-08-05T09:00:00-07:00,52,72,3.8
2025-08-05T09:30:00-07:00,48,73,5.4
2025-08-05T10:00:00-07:00,46,75,3.6
2025-08-05T10:30:00-07:00,43,76,3.8
2025-08-05T11:00:00-07:00,39,78,3
2025-08-05T11:30:00-07:00,37,80,2.8
2025-08-05T12:00:00-07:00,35,82,3.3
2025-08-05T12:30:00-07:00,33,85,3.5
2025-08-05T13:00:00-07:00,31,87,3.6
2025-08-05T13:30:00-07:00,29,89,3.3
2025-08-05T14:00:00-07:00,26,91,3.1
2025-08-05T14:30:00-07:00,24,93,2.8
2025-08-05T15:00:00-07:00,23,94,2.9
2025-08-05T15:30:00-07:00,22,94,2.4
2025-08-05T16:00:00-07:00,22,93,2
2025-08-05T16:30:00-07:00,23,92,2.1
2025-08-05T17:00:00-07:00,27,89,3.7
2025-08-05T17:30:00-07:00,28,87,3.5
2025-08-05T18:00:00-07:00,31,85,3.3
2025-08-05T18:30:00-07:00,35,82,3.9
2025-08-05T19:00:00-07:00,40,80,4.3
2025-08-05T19:30:00-07:00,44,78,4.4
2025-08-05T20:00:00-07:00,47,76,4.4
2025-08-05T20:30:00-07:00,52,74,4.6
2025-08-05T21:00:00-07:00,54,73,4.6
2025-08-05T21:30:00-07:00,55,72,4.5
2025-08-05T22:00:00-07:00,56,71,4.7
2025-08-05T22:30:00-07:00,58,70,4.6
2025-08-05T23:00:00-07:00,60,70,4.9
2025-08-05T23:30:00-07:00,61,69,4.8
2025-08-06T00:00:00-07:00,61,68,5
2025-08-06T00:30:00-07:00,62,67,4.7
2025-08-06T01:00:00-07:00,62,66,4.4
2025-08-06T01:30:00-07:00,63,66,4.4
2025-08-06T02:00:00-07:00,64,65,4.4
2025-08-06T02:30:00-07:00,66,65,4.8
2025-08-06T03:00:00-07:00,67,65,4.7
2025-08-06T03:30:00-07:00,67,65,4.3
2025-08-06T04:00:00-07:00,67,64,4.4
2025-08-06T04:30:00-07:00,67,64,4.4
2025-08-06T05:00:00-07:00,68,64,4.1
2025-08-06T05:30:00-07:00,68,64,4.6
2025-08-06T06:00:00-07:00,68,64,5.4
2025-08-06T06:30:00-07:00,68,64,4.8
2025-08-06T07:00:00-07:00,68,65,5.3
2025-08-06T07:30:00-07:00,66,67,5.1
2025-08-06T08:00:00-07:00,63,69,5.7
2025-08-06T08:30:00-07:00,59,71,5.5
2025-08-06T09:00:00-07:00,55,73,5.3
2025-08-06T09:30:00-07:00,51,75,5.5
2025-08-06T10:00:00-07:00,47,77,5.2
2025-08-06T10:30:00-07:00,42,80,4.9
2025-08-06T11:00:00-07:00,36,83,4.6
2025-08-06T11:30:00-07:00,33,86,4.4
2025-08-06T12:00:00-07:00,33,88,4.7
2025-08-06T12:30:00-07:00,29,92,4.2
2025-08-06T13:00:00-07:00,25,94,3.9
2025-08-06T13:30:00-07:00,20,98,2.5
2025-08-06T14:00:00-07:00,16,101,1.9
2025-08-06T14:30:00-07:00,15,103,2.4
2025-08-06T15:00:00-07:00,16,104,3.3
2025-08-06T15:30:00-07:00,16,105,3.3
2025-08-06T16:00:00-07:00,17,105,3.4
2025-08-06T16:30:00-07:00,18,104,3.5
2025-08-06T17:00:00-07:00,19,101,3.1
2025-08-06T17:30:00-07:00,20,99,2.9
2025-08-06T18:00:00-07:00,22,96,2.5
2025-08-06T18:30:00-07:00,27,92,2.7
2025-08-06T19:00:00-07:00,34,88,3.1
2025-08-06T19:30:00-07:00,38,85,4
2025-08-06T20:00:00-07:00,41,82,3.9
2025-08-06T20:30:00-07:00,44,80,3.8
2025-08-06T21:00:00-07:00,47,79,3.7
2025-08-06T21:30:00-07:00,50,77,3.5
2025-08-06T22:00:00-07:00,53,76,3.6
2025-08-06T22:30:00-07:00,56,75,3.4
2025-08-06T23:00:00-07:00,57,74,3.9
2025-08-06T23:30:00-07:00,57,73,3.8
2025-08-07T00:00:00-07:00,57,73,3.7
2025-08-07T00:30:00-07:00,56,72,3.1
2025-08-07T01:00:00-07:00,57,72,3.5
2025-08-07T01:30:00-07:00,61,71,3.5
2025-08-07T02:00:00-07:00,65,71,3.4
2025-08-07T02:30:00-07:00,67,70,3.5
2025-08-07T03:00:00-07:00,64,70,2.8
2025-08-07T03:30:00-07:00,62,69,2.6
2025-08-07T04:00:00-07:00,65,70,2.9
2025-08-07T04:30:00-07:00,68,70,3.2
2025-08-07T05:00:00-07:00,68,69,3.2
2025-08-07T05:30:00-07:00,69,68,2.9
2025-08-07T06:00:00-07:00,70,67,3.1
2025-08-07T06:30:00-07:00,71,67,3.3
2025-08-07T07:00:00-07:00,69,68,3.4
2025-08-07T07:30:00-07:00,68,70,3.2
2025-08-07T08:00:00-07:00,63,72,3.9
2025-08-07T08:30:00-07:00,60,74,4.1
2025-08-07T09:00:00-07:00,58,75,3.4
2025-08-07T09:30:00-07:00,54,77,2.1
2025-08-07T10:00:00-07:00,51,78,1.3
2025-08-07T10:30:00-07:00,45,80,0.4
2025-08-07T11:00:00-07:00,42,81,0.5
2025-08-07T11:30:00-07:00,38,84,0.2
2025-08-07T12:00:00-07:00,35,87,0.3
2025-08-07T12:30:00-07:00,33,90,0.6
2025-08-07T13:00:00-07:00,31,92,0.7
2025-08-07T13:30:00-07:00,29,93,1
2025-08-07T14:00:00-07:00,27,95,0.6
2025-08-07T14:30:00-07:00,26,98,0.6
2025-08-07T15:00:00-07:00,24,100,0.7
2025-08-07T15:30:00-07:00,22,101,0.7
2025-08-07T16:00:00-07:00,22,101,0.6
2025-08-07T16:30:00-07:00,23,99,0.8
2025-08-07T17:00:00-07:00,24,97,1.1
2025-08-07T17:30:00-07:00,26,95,1.7
2025-08-07T18:00:00-07:00,30,91,1.4
2025-08-07T18:30:00-07:00,33,87,1.5
2025-08-07T19:00:00-07:00,36,85,23.3
2025-08-07T19:30:00-07:00,40,82,1.8
2025-08-07T20:00:00-07:00,44,80,2
2025-08-07T20:30:00-07:00,49,78,3
2025-08-07T21:00:00-07:00,51,76,4.6
2025-08-07T21:30:00-07:00,53,75,5.6
2025-08-07T22:00:00-07:00,55,73,5.8
2025-08-07T22:30:00-07:00,56,72,6.5
2025-08-07T23:00:00-07:00,57,71,6.6
2025-08-07T23:30:00-07:00,59,71,6.7
2025-08-08T00:00:00-07:00,60,70,6.6
2025-08-08T00:30:00-07:00,62,70,7
2025-08-08T01:00:00-07:00,63,70,6.8
2025-08-08T01:30:00-07:00,65,68,6.1
2025-08-08T02:00:00-07:00,68,68,6
2025-08-08T02:30:00-07:00,68,67,6
2025-08-08T03:00:00-07:00,70,67,6.4
2025-08-08T03:30:00-07:00,71,67,6.2
2025-08-08T04:00:00-07:00,71,66,5.9
2025-08-08T04:30:00-07:00,72,66,6
2025-08-08T05:00:00-07:00,74,66,5.4
2025-08-08T05:30:00-07:00,74,66,5.9
2025-08-08T06:00:00-07:00,75,66,6.8
2025-08-08T06:30:00-07:00,75,66,5.4
2025-08-08T07:00:00-07:00,74,67,5.4
2025-08-08T07:30:00-07:00,74,68,6.3
2025-08-08T08:00:00-07:00,69,70,7.4
2025-08-08T08:30:00-07:00,64,72,7.6
2025-08-08T09:00:00-07:00,60,74,7.4
2025-08-08T09:30:00-07:00,56,76,7.9
2025-08-08T10:00:00-07:00,52,78,8.4
2025-08-08T10:30:00-07:00,48,80,6.4
2025-08-08T11:00:00-07:00,44,82,5.8
2025-08-08T11:30:00-07:00,39,85,5.6
2025-08-08T12:00:00-07:00,35,89,5.1
2025-08-08T12:30:00-07:00,32,93,4.7
2025-08-08T13:00:00-07:00,27,96,3.6
2025-08-08T13:30:00-07:00,26,99,5.5
2025-08-08T14:00:00-07:00,25,102,5.5
2025-08-08T14:30:00-07:00,21,105,3.7
2025-08-08T15:00:00-07:00,19,107,3.3
2025-08-08T15:30:00-07:00,19,108,3.1
2025-08-08T16:00:00-07:00,19,107,3
2025-08-08T16:30:00-07:00,18,107,3.1
2025-08-08T17:00:00-07:00,19,104,3.7
2025-08-08T17:30:00-07:00,21,103,4.2
2025-08-08T18:00:00-07:00,23,101,5.6
2025-08-08T18:30:00-07:00,25,98,5
2025-08-08T19:00:00-07:00,28,94,5.3
2025-08-08T19:30:00-07:00,30,91,5.1
2025-08-08T20:00:00-07:00,33,88,5.6
2025-08-08T20:30:00-07:00,34,86,5
2025-08-08T21:00:00-07:00,36,84,5.2
2025-08-08T21:30:00-07:00,38,82,5.8
2025-08-08T22:00:00-07:00,39,81,5.5
2025-08-08T22:30:00-07:00,41,79,5.6
2025-08-08T23:00:00-07:00,43,78,5.5
2025-08-08T23:30:00-07:00,44,77,5.9
2025-08-09T00:00:00-07:00,46,76,5.8
2025-08-09T00:30:00-07:00,47,75,5.7
2025-08-09T01:00:00-07:00,50,74,6.7
2025-08-09T01:30:00-07:00,52,74,6.7
2025-08-09T02:00:00-07:00,52,73,6.2
2025-08-09T02:30:00-07:00,54,73,6.5
2025-08-09T03:00:00-07:00,56,72,6.5
2025-08-09T03:30:00-07:00,57,72,6.4
2025-08-09T04:00:00-07:00,59,71,7.2
2025-08-09T04:30:00-07:00,61,71,8
2025-08-09T05:00:00-07:00,61,70,7.7
2025-08-09T05:30:00-07:00,63,70,7.9
2025-08-09T06:00:00-07:00,64,69,8.3
2025-08-09T06:30:00-07:00,65,69,8.2
2025-08-09T07:00:00-07:00,66,69,8.3
2025-08-09T07:30:00-07:00,64,71,8.5
2025-08-09T08:00:00-07:00,63,72,9.1
2025-08-09T08:30:00-07:00,60,73,8.5
2025-08-09T09:00:00-07:00,57,75,8.9
2025-08-09T09:30:00-07:00,53,76,8.6
2025-08-09T10:00:00-07:00,50,78,8.3
2025-08-09T10:30:00-07:00,47,80,7.5
2025-08-09T11:00:00-07:00,44,82,7.3
2025-08-09T11:30:00-07:00,41,84,6.8
2025-08-09T12:00:00-07:00,37,87,6.4
2025-08-09T12:30:00-07:00,34,91,5.9
2025-08-09T13:00:00-07:00,31,94,5.9
2025-08-09T13:30:00-07:00,28,97,6.3
2025-08-09T14:00:00-07:00,26,99,5.2
2025-08-09T14:30:00-07:00,24,101,4.3
2025-08-09T15:00:00-07:00,20,104,3.5
2025-08-09T15:30:00-07:00,19,105,2.8
2025-08-09T16:00:00-07:00,19,106,3.1
2025-08-09T16:30:00-07:00,19,105,3.1
2025-08-09T17:00:00-07:00,18,102,2.8
2025-08-09T17:30:00-07:00,19,100,3
2025-08-09T18:00:00-07:00,20,97,4
2025-08-09T18:30:00-07:00,23,94,9.3
2025-08-09T19:00:00-07:00,26,90,5.3
2025-08-09T19:30:00-07:00,30,87,5.5
2025-08-09T20:00:00-07:00,33,84,18.6
2025-08-09T20:30:00-07:00,36,82,12
2025-08-09T21:00:00-07:00,39,79,6.4
2025-08-09T21:30:00-07:00,43,77,5.8
2025-08-09T22:00:00-07:00,46,75,5.9
2025-08-09T22:30:00-07:00,49,74,6.1
2025-08-09T23:00:00-07:00,51,73,6.2
2025-08-09T23:30:00-07:00,54,72,5.7
2025-08-10T00:00:00-07:00,55,72,5.6
2025-08-10T00:30:00-07:00,57,71,5.9
2025-08-10T01:00:00-07:00,58,70,6.1
2025-08-10T01:30:00-07:00,61,70,6.8
2025-08-10T02:00:00-07:00,62,69,9.1
2025-08-10T02:30:00-07:00,64,69,8.1
2025-08-10T03:00:00-07:00,64,68,7.3
2025-08-10T03:30:00-07:00,65,68,6.6
2025-08-10T04:00:00-07:00,66,68,6.2
2025-08-10T04:30:00-07:00,66,67,6.7
2025-08-10T05:00:00-07:00,68,67,6.5
2025-08-10T05:30:00-07:00,69,67,6.9
2025-08-10T06:00:00-07:00,70,66,7.6
2025-08-10T06:30:00-07:00,69,67,7.4
2025-08-10T07:00:00-07:00,71,69,8.6
2025-08-10T07:30:00-07:00,74,70,11.8
2025-08-10T08:00:00-07:00,75,70,11.8
2025-08-10T08:30:00-07:00,73,71,10.9
2025-08-10T09:00:00-07:00,69,72,12.3
2025-08-10T09:30:00-07:00,65,73,12.3
2025-08-10T10:00:00-07:00,59,75,11.4
2025-08-10T10:30:00-07:00,54,77,9.7
2025-08-10T11:00:00-07:00,49,79,8.7
2025-08-10T11:30:00-07:00,46,81,5.9
2025-08-10T12:00:00-07:00,42,84,4.6
2025-08-10T12:30:00-07:00,37,87,4.7
2025-08-10T13:00:00-07:00,34,90,5.5
2025-08-10T13:30:00-07:00,32,93,4.8
2025-08-10T14:00:00-07:00,29,95,3.7
2025-08-10T14:30:00-07:00,27,98,3
2025-08-10T15:00:00-07:00,26,100,2.6
2025-08-10T15:30:00-07:00,24,100,3
2025-08-10T16:00:00-07:00,25,99,2.9
2025-08-10T16:30:00-07:00,25,99,2.7
2025-08-10T17:00:00-07:00,26,97,3.1
2025-08-10T17:30:00-07:00,28,95,4.3
2025-08-10T18:00:00-07:00,30,93,6.3
2025-08-10T18:30:00-07:00,33,90,5.1
2025-08-10T19:00:00-07:00,37,86,3.3
2025-08-10T19:30:00-07:00,41,83,3.3
2025-08-10T20:00:00-07:00,44,80,3.3
2025-08-10T20:30:00-07:00,45,78,3.5
2025-08-10T21:00:00-07:00,47,76,3.2
2025-08-10T21:30:00-07:00,52,75,3.7
2025-08-10T22:00:00-07:00,54,74,3.4
2025-08-10T22:30:00-07:00,57,73,4
2025-08-10T23:00:00-07:00,60,72,4.1
2025-08-10T23:30:00-07:00,62,71,4.2
2025-08-11T00:00:00-07:00,63,70,4.1
2025-08-11T00:30:00-07:00,65,70,4.1
2025-08-11T01:00:00-07:00,66,69,4
2025-08-11T01:30:00-07:00,68,69,4.4
2025-08-11T02:00:00-07:00,69,69,4.7
2025-08-11T02:30:00-07:00,71,69,5.5
2025-08-11T03:00:00-07:00,73,69,6.6
2025-08-11T03:30:00-07:00,73,69,6.3
2025-08-11T04:00:00-07:00,73,68,6.9
2025-08-11T04:30:00-07:00,74,68,6.9
2025-08-11T05:00:00-07:00,75,68,7
2025-08-11T05:30:00-07:00,74,68,8.6
2025-08-11T06:00:00-07:00,71,69,10.2
2025-08-11T06:30:00-07:00,69,69,9.9
2025-08-11T07:00:00-07:00,68,70,7.6
2025-08-11T07:30:00-07:00,66,70,8.6
2025-08-11T08:00:00-07:00,65,71,7.1
2025-08-11T08:30:00-07:00,62,72,7.8
2025-08-11T09:00:00-07:00,59,73,7.2
2025-08-11T09:30:00-07:00,56,74,6.4
2025-08-11T10:00:00-07:00,52,76,6.3
2025-08-11T10:30:00-07:00,49,77,6.5
2025-08-11T11:00:00-07:00,46,79,7
2025-08-11T11:30:00-07:00,42,81,7.3
2025-08-11T12:00:00-07:00,40,84,8.1
2025-08-11T12:30:00-07:00,37,86,7.7
2025-08-11T13:00:00-07:00,34,89,6.7
2025-08-11T13:30:00-07:00,31,91,5.6
2025-08-11T14:00:00-07:00,29,93,3.8
2025-08-11T14:30:00-07:00,26,95,1.8
2025-08-11T15:00:00-07:00,24,96,0.9
2025-08-11T15:30:00-07:00,23,96,0.6
2025-08-11T16:00:00-07:00,24,95,0.3
2025-08-11T16:30:00-07:00,26,94,0.5
2025-08-11T17:00:00-07:00,27,92,13.2
2025-08-11T17:30:00-07:00,28,90,1.8
2025-08-11T18:00:00-07:00,30,87,2.3
2025-08-11T18:30:00-07:00,34,85,3.2
2025-08-11T19:00:00-07:00,39,81,3.3
2025-08-11T19:30:00-07:00,43,78,3.7
2025-08-11T20:00:00-07:00,47,75,4.2
2025-08-11T20:30:00-07:00,50,73,4.1
2025-08-11T21:00:00-07:00,53,72,4.3
2025-08-11T21:30:00-07:00,57,71,4.8
2025-08-11T22:00:00-07:00,59,70,5
2025-08-11T22:30:00-07:00,60,70,4.8
2025-08-11T23:00:00-07:00,60,70,4.7
2025-08-11T23:30:00-07:00,61,69,4.5
2025-08-12T00:00:00-07:00,62,69,4.5
2025-08-12T00:30:00-07:00,64,68,4.7
2025-08-12T01:00:00-07:00,65,68,4.9
2025-08-12T01:30:00-07:00,66,68,5.3
2025-08-12T02:00:00-07:00,67,68,5.5
2025-08-12T02:30:00-07:00,69,68,5.8
2025-08-12T03:00:00-07:00,69,68,6.9
2025-08-12T03:30:00-07:00,69,68,6.6
2025-08-12T04:00:00-07:00,69,68,7.4
2025-08-12T04:30:00-07:00,68,68,6.8
2025-08-12T05:00:00-07:00,66,68,8.3
2025-08-12T05:30:00-07:00,67,68,6.5
2025-08-12T06:00:00-07:00,66,68,5.5
2025-08-12T06:30:00-07:00,65,68,5.2
2025-08-12T07:00:00-07:00,63,69,5
2025-08-12T07:30:00-07:00,63,69,5.4
2025-08-12T08:00:00-07:00,63,70,6.6
2025-08-12T08:30:00-07:00,61,70,7.1
2025-08-12T09:00:00-07:00,60,71,8.2
2025-08-12T09:30:00-07:00,58,72,8.4
2025-08-12T10:00:00-07:00,56,73,9
2025-08-12T10:30:00-07:00,53,75,8
2025-08-12T11:00:00-07:00,50,76,7.5
2025-08-12T11:30:00-07:00,45,78,7.1
2025-08-12T12:00:00-07:00,41,81,8
2025-08-12T12:30:00-07:00,38,84,8
2025-08-12T13:00:00-07:00,35,87,6.7
2025-08-12T13:30:00-07:00,32,90,6.4
2025-08-12T14:00:00-07:00,30,92,5
2025-08-12T14:30:00-07:00,29,93,3.5
2025-08-12T15:00:00-07:00,28,94,2.7
2025-08-12T15:30:00-07:00,27,95,3.2
2025-08-12T16:00:00-07:00,28,94,2.5
2025-08-12T16:30:00-07:00,30,91,2.3
2025-08-12T17:00:00-07:00,31,89,2.6
2025-08-12T17:30:00-07:00,34,86,2.4
2025-08-12T18:00:00-07:00,38,83,4.6
2025-08-12T18:30:00-07:00,43,80,12.9
2025-08-12T19:00:00-07:00,47,77,14.3
2025-08-12T19:30:00-07:00,52,74,3.1
2025-08-12T20:00:00-07:00,56,73,3.4
2025-08-12T20:30:00-07:00,58,72,4
2025-08-12T21:00:00-07:00,60,71,5.1
2025-08-12T21:30:00-07:00,62,71,6
2025-08-12T22:00:00-07:00,63,71,6.5
2025-08-12T22:30:00-07:00,65,70,6.7
2025-08-12T23:00:00-07:00,68,70,6.2
2025-08-12T23:30:00-07:00,70,70,5.9
2025-08-13T00:00:00-07:00,70,70,5.8
2025-08-13T00:30:00-07:00,70,70,5
2025-08-13T01:00:00-07:00,70,70,4.6
2025-08-13T01:30:00-07:00,70,70,4.8
2025-08-13T02:00:00-07:00,69,70,4.5
2025-08-13T02:30:00-07:00,69,70,4.3
2025-08-13T03:00:00-07:00,69,70,6
2025-08-13T03:30:00-07:00,68,71,5.3
2025-08-13T04:00:00-07:00,68,71,6.5
2025-08-13T04:30:00-07:00,67,71,5.9
2025-08-13T05:00:00-07:00,67,70,4.5
2025-08-13T05:30:00-07:00,68,70,4.3
2025-08-13T06:00:00-07:00,68,70,5.1
2025-08-13T06:30:00-07:00,67,70,3.7
2025-08-13T07:00:00-07:00,66,70,1.6
2025-08-13T07:30:00-07:00,66,70,0.9
2025-08-13T08:00:00-07:00,65,71,2
2025-08-13T08:30:00-07:00,65,71,3.8
2025-08-13T09:00:00-07:00,63,71,3.9
2025-08-13T09:30:00-07:00,62,72,4.6
2025-08-13T10:00:00-07:00,61,72,5.3
2025-08-13T10:30:00-07:00,59,73,4.9
2025-08-13T11:00:00-07:00,57,75,5.7
2025-08-13T11:30:00-07:00,53,77,6.8
2025-08-13T12:00:00-07:00,48,79,5.7
2025-08-13T12:30:00-07:00,44,82,3.9
2025-08-13T13:00:00-07:00,40,84,2.7
2025-08-13T13:30:00-07:00,37,87,1.8
2025-08-13T14:00:00-07:00,35,89,1.2
2025-08-13T14:30:00-07:00,32,91,0.8
2025-08-13T15:00:00-07:00,31,92,0.8
2025-08-13T15:30:00-07:00,31,92,1
2025-08-13T16:00:00-07:00,31,92,0.8
2025-08-13T16:30:00-07:00,33,90,0.8
2025-08-13T17:00:00-07:00,36,88,0.9
2025-08-13T17:30:00-07:00,39,85,1.2
2025-08-13T18:00:00-07:00,42,83,1.5
2025-08-13T18:30:00-07:00,46,80,1.3
2025-08-13T19:00:00-07:00,51,77,1
2025-08-13T19:30:00-07:00,56,75,0.7
2025-08-13T20:00:00-07:00,59,74,0.4
2025-08-13T20:30:00-07:00,62,73,0.2
2025-08-13T21:00:00-07:00,65,72,0.1
2025-08-13T21:30:00-07:00,66,71,0
2025-08-13T22:00:00-07:00,66,71,0
2025-08-13T22:30:00-07:00,67,71,0
2025-08-13T23:00:00-07:00,69,70,0
2025-08-13T23:30:00-07:00,70,70,0
2025-08-14T00:00:00-07:00,71,70,0.1
2025-08-14T00:30:00-07:00,70,71,0
2025-08-14T01:00:00-07:00,69,71,0
2025-08-14T01:30:00-07:00,67,71,0
2025-08-14T02:00:00-07:00,66,71,0
2025-08-14T02:30:00-07:00,67,71,0
2025-08-14T03:00:00-07:00,68,71,0
2025-08-14T03:30:00-07:00,68,70,0.1
2025-08-14T04:00:00-07:00,68,70,0.1
2025-08-14T04:30:00-07:00,68,70,0.1
2025-08-14T05:00:00-07:00,68,70,0.4
2025-08-14T05:30:00-07:00,69,70,0.7
2025-08-14T06:00:00-07:00,69,70,0.6
2025-08-14T06:30:00-07:00,67,70,0.4
2025-08-14T07:00:00-07:00,67,70,0.2
2025-08-14T07:30:00-07:00,66,70,0.4
2025-08-14T08:00:00-07:00,64,71,0.3
2025-08-14T08:30:00-07:00,62,71,0.4
2025-08-14T09:00:00-07:00,61,72,1.5
2025-08-14T09:30:00-07:00,58,74,3.5
2025-08-14T10:00:00-07:00,56,75,5.1
2025-08-14T10:30:00-07:00,54,76,4.6
2025-08-14T11:00:00-07:00,52,77,4.3
2025-08-14T11:30:00-07:00,49,79,5.2
2025-08-14T12:00:00-07:00,44,82,5.1
2025-08-14T12:30:00-07:00,40,85,4.5
2025-08-14T13:00:00-07:00,36,88,3.6
2025-08-14T13:30:00-07:00,34,90,3
2025-08-14T14:00:00-07:00,31,93,2
2025-08-14T14:30:00-07:00,29,95,1.9
2025-08-14T15:00:00-07:00,27,97,1.8
2025-08-14T15:30:00-07:00,28,97,1.9
2025-08-14T16:00:00-07:00,28,95,1.9
2025-08-14T16:30:00-07:00,30,91,1.9
2025-08-14T17:00:00-07:00,33,88,2.8
2025-08-14T17:30:00-07:00,37,85,2.8
2025-08-14T18:00:00-07:00,40,82,3
2025-08-14T18:30:00-07:00,44,79,3.2
2025-08-14T19:00:00-07:00,47,77,3.5
2025-08-14T19:30:00-07:00,49,75,4.1
2025-08-14T20:00:00-07:00,52,74,4.1
2025-08-14T20:30:00-07:00,55,72,4.4
2025-08-14T21:00:00-07:00,57,72,4.7
2025-08-14T21:30:00-07:00,58,71,4.7
2025-08-14T22:00:00-07:00,61,70,4.9
2025-08-14T22:30:00-07:00,62,70,4.9
2025-08-14T23:00:00-07:00,61,69,4.5
2025-08-14T23:30:00-07:00,63,68,4.4
2025-08-15T00:00:00-07:00,64,68,4.2
2025-08-15T00:30:00-07:00,64,68,4.4
2025-08-15T01:00:00-07:00,66,67,4.5
2025-08-15T01:30:00-07:00,67,67,4.5
2025-08-15T02:00:00-07:00,67,66,4
2025-08-15T02:30:00-07:00,68,66,4
2025-08-15T03:00:00-07:00,68,66,3.9
2025-08-15T03:30:00-07:00,70,66,4.1
2025-08-15T04:00:00-07:00,70,66,4.3
2025-08-15T04:30:00-07:00,70,66,4.7
2025-08-15T05:00:00-07:00,71,65,5
2025-08-15T05:30:00-07:00,73,65,4.8
2025-08-15T06:00:00-07:00,74,65,5.2
2025-08-15T06:30:00-07:00,75,65,4.9
2025-08-15T07:00:00-07:00,75,66,5.4
2025-08-15T07:30:00-07:00,73,67,6.5
2025-08-15T08:00:00-07:00,68,69,8.4
2025-08-15T08:30:00-07:00,64,71,8.9
2025-08-15T09:00:00-07:00,60,72,8.1
2025-08-15T09:30:00-07:00,55,74,5.7
2025-08-15T10:00:00-07:00,51,76,5.9
2025-08-15T10:30:00-07:00,47,77,5.5
2025-08-15T11:00:00-07:00,43,80,5.3
2025-08-15T11:30:00-07:00,40,82,5.6
2025-08-15T12:00:00-07:00,36,85,4.4
2025-08-15T12:30:00-07:00,32,88,3.4
2025-08-15T13:00:00-07:00,31,90,3.2
2025-08-15T13:30:00-07:00,29,93,2.8
2025-08-15T14:00:00-07:00,28,95,2.1
2025-08-15T14:30:00-07:00,27,96,1.7
2025-08-15T15:00:00-07:00,26,97,1.2
2025-08-15T15:30:00-07:00,27,95,1.1
2025-08-15T16:00:00-07:00,29,93,0.9
2025-08-15T16:30:00-07:00,32,90,1.4
2025-08-15T17:00:00-07:00,34,89,1.7
2025-08-15T17:30:00-07:00,36,87,1.4
2025-08-15T18:00:00-07:00,39,84,1.2
2025-08-15T18:30:00-07:00,43,81,2.7
2025-08-15T19:00:00-07:00,49,79,0.8
2025-08-15T19:30:00-07:00,55,77,0.5
2025-08-15T20:00:00-07:00,59,75,0.4
2025-08-15T20:30:00-07:00,61,75,0.1
2025-08-15T21:00:00-07:00,62,74,0
2025-08-15T21:30:00-07:00,63,74,0
2025-08-15T22:00:00-07:00,64,74,0
2025-08-15T22:30:00-07:00,64,74,0
2025-08-15T23:00:00-07:00,65,74,0
2025-08-15T23:30:00-07:00,66,73,0
2025-08-16T00:00:00-07:00,67,73,0
2025-08-16T00:30:00-07:00,68,72,0
2025-08-16T01:00:00-07:00,69,72,0
2025-08-16T01:30:00-07:00,70,72,0
2025-08-16T02:00:00-07:00,71,72,0
2025-08-16T02:30:00-07:00,70,72,0
2025-08-16T03:00:00-07:00,71,72,0
2025-08-16T03:30:00-07:00,70,72,0
2025-08-16T04:00:00-07:00,69,72,0
2025-08-16T04:30:00-07:00,69,73,0
2025-08-16T05:00:00-07:00,69,73,0
2025-08-16T05:30:00-07:00,69,73,0.5
2025-08-16T06:00:00-07:00,71,73,0
2025-08-16T06:30:00-07:00,71,73,0.1
2025-08-16T07:00:00-07:00,69,73,0.4
2025-08-16T07:30:00-07:00,69,73,0.2
2025-08-16T08:00:00-07:00,73,73,0
2025-08-16T08:30:00-07:00,77,73,0
2025-08-16T09:00:00-07:00,75,73,0
2025-08-16T09:30:00-07:00,73,74,0
2025-08-16T10:00:00-07:00,72,74,0
2025-08-16T10:30:00-07:00,74,74,0
2025-08-16T11:00:00-07:00,77,74,0.2
2025-08-16T11:30:00-07:00,75,74,0.7
2025-08-16T12:00:00-07:00,74,75,0.7
2025-08-16T12:30:00-07:00,72,75,1.1
2025-08-16T13:00:00-07:00,71,76,0.3
2025-08-16T13:30:00-07:00,68,77,0.6
2025-08-16T14:00:00-07:00,67,77,1.4
2025-08-16T14:30:00-07:00,66,78,0.4
2025-08-16T15:00:00-07:00,65,78,0.2
2025-08-16T15:30:00-07:00,65,79,0.1
2025-08-16T16:00:00-07:00,63,80,0.1
2025-08-16T16:30:00-07:00,61,80,0.2
2025-08-16T17:00:00-07:00,54,82,0.2
2025-08-16T17:30:00-07:00,51,82,0
2025-08-16T18:00:00-07:00,50,82,0
2025-08-16T18:30:00-07:00,51,80,0
2025-08-16T19:00:00-07:00,53,78,0.1
2025-08-16T19:30:00-07:00,55,77,0.2
2025-08-16T20:00:00-07:00,55,76,0.3
2025-08-16T20:30:00-07:00,56,75,0.7
2025-08-16T21:00:00-07:00,59,74,1
2025-08-16T21:30:00-07:00,61,73,1.3
2025-08-16T22:00:00-07:00,63,72,1.1
2025-08-16T22:30:00-07:00,64,71,1.2
2025-08-16T23:00:00-07:00,65,71,1.4
2025-08-16T23:30:00-07:00,67,71,1.7
2025-08-17T00:00:00-07:00,68,71,2.4
2025-08-17T00:30:00-07:00,68,71,2.7
2025-08-17T01:00:00-07:00,68,71,2.7
2025-08-17T01:30:00-07:00,68,71,2.7
2025-08-17T02:00:00-07:00,68,71,2.6
2025-08-17T02:30:00-07:00,69,70,2.9
2025-08-17T03:00:00-07:00,69,70,2.8
2025-08-17T03:30:00-07:00,67,71,2.5
2025-08-17T04:00:00-07:00,65,70,1.8
2025-08-17T04:30:00-07:00,66,70,1.6
2025-08-17T05:00:00-07:00,67,70,1.8
2025-08-17T05:30:00-07:00,69,70,2.3
2025-08-17T06:00:00-07:00,69,70,2.3
2025-08-17T06:30:00-07:00,69,70,2
2025-08-17T07:00:00-07:00,68,70,1.7
2025-08-17T07:30:00-07:00,66,70,1.4
2025-08-17T08:00:00-07:00,64,71,1.6
2025-08-17T08:30:00-07:00,61,72,4.5
2025-08-17T09:00:00-07:00,58,73,2.8
2025-08-17T09:30:00-07:00,55,74,1.9
2025-08-17T10:00:00-07:00,53,75,2.3
2025-08-17T10:30:00-07:00,50,76,2.6
2025-08-17T11:00:00-07:00,48,78,2.8
2025-08-17T11:30:00-07:00,46,78,2.9
2025-08-17T12:00:00-07:00,42,79,1.8
2025-08-17T12:30:00-07:00,39,81,1.8
2025-08-17T13:00:00-07:00,36,83,1.8
2025-08-17T13:30:00-07:00,34,85,1.7
2025-08-17T14:00:00-07:00,34,86,1.8
2025-08-17T14:30:00-07:00,33,87,1.8
2025-08-17T15:00:00-07:00,33,88,1.7
2025-08-17T15:30:00-07:00,32,88,1.3
2025-08-17T16:00:00-07:00,33,87,1.8
2025-08-17T16:30:00-07:00,34,86,4.5
2025-08-17T17:00:00-07:00,35,84,3
2025-08-17T17:30:00-07:00,39,82,2.2
2025-08-17T18:00:00-07:00,42,80,2.7
2025-08-17T18:30:00-07:00,46,78,3.2
2025-08-17T19:00:00-07:00,48,76,2
2025-08-17T19:30:00-07:00,49,75,1.6
2025-08-17T20:00:00-07:00,52,74,1.4
2025-08-17T20:30:00-07:00,54,73,1.4
2025-08-17T21:00:00-07:00,56,73,1.5
2025-08-17T21:30:00-07:00,57,73,1.5
2025-08-17T22:00:00-07:00,59,72,1.6
2025-08-17T22:30:00-07:00,60,72,1.7
2025-08-17T23:00:00-07:00,61,72,1.9
2025-08-17T23:30:00-07:00,63,72,2.4
2025-08-18T00:00:00-07:00,63,71,2.5
2025-08-18T00:30:00-07:00,64,71,2.7
2025-08-18T01:00:00-07:00,65,71,2.3
2025-08-18T01:30:00-07:00,65,71,2.4
2025-08-18T02:00:00-07:00,65,70,2.3
2025-08-18T02:30:00-07:00,65,70,2.1
2025-08-18T03:00:00-07:00,66,70,1.9
2025-08-18T03:30:00-07:00,67,70,1.8
2025-08-18T04:00:00-07:00,68,69,1.8
2025-08-18T04:30:00-07:00,67,70,1.8
2025-08-18T05:00:00-07:00,66,69,1.9
2025-08-18T05:30:00-07:00,66,69,2.1
2025-08-18T06:00:00-07:00,66,69,2.4
2025-08-18T06:30:00-07:00,65,69,2.5
2025-08-18T07:00:00-07:00,63,69,2.6
2025-08-18T07:30:00-07:00,60,70,2.7
2025-08-18T08:00:00-07:00,58,71,2.5
2025-08-18T08:30:00-07:00,55,72,2.5
2025-08-18T09:00:00-07:00,52,73,2.8
2025-08-18T09:30:00-07:00,49,74,22.2
2025-08-18T10:00:00-07:00,46,76,3.3
2025-08-18T10:30:00-07:00,43,77,2.6
2025-08-18T11:00:00-07:00,39,79,2
2025-08-18T11:30:00-07:00,35,81,1.5
2025-08-18T12:00:00-07:00,32,83,1.4
2025-08-18T12:30:00-07:00,30,85,1.5
2025-08-18T13:00:00-07:00,28,87,1.3
2025-08-18T13:30:00-07:00,26,89,1.1
2025-08-18T14:00:00-07:00,25,91,1.1
2025-08-18T14:30:00-07:00,25,93,1.2
2025-08-18T15:00:00-07:00,24,94,1.1
2025-08-18T15:30:00-07:00,23,93,1
2025-08-18T16:00:00-07:00,23,92,1
2025-08-18T16:30:00-07:00,24,91,0.8
2025-08-18T17:00:00-07:00,26,89,1.1
2025-08-18T17:30:00-07:00,27,87,1
2025-08-18T18:00:00-07:00,29,84,2.4
2025-08-18T18:30:00-07:00,33,82,1.5
2025-08-18T19:00:00-07:00,36,80,2.1
2025-08-18T19:30:00-07:00,38,78,1.9
2025-08-18T20:00:00-07:00,41,77,1.9
2025-08-18T20:30:00-07:00,43,75,2.1
2025-08-18T21:00:00-07:00,45,74,2.1
2025-08-18T21:30:00-07:00,48,73,2.1
2025-08-18T22:00:00-07:00,51,73,2.7
2025-08-18T22:30:00-07:00,53,71,2.4
2025-08-18T23:00:00-07:00,54,70,2.5
2025-08-18T23:30:00-07:00,56,69,2.7
2025-08-19T00:00:00-07:00,57,68,2.8
2025-08-19T00:30:00-07:00,58,67,2.7
2025-08-19T01:00:00-07:00,59,67,2.6
2025-08-19T01:30:00-07:00,61,66,2.7
2025-08-19T02:00:00-07:00,62,66,2.7
2025-08-19T02:30:00-07:00,65,65,2.8
2025-08-19T03:00:00-07:00,65,65,2.8
2025-08-19T03:30:00-07:00,64,65,2.5
2025-08-19T04:00:00-07:00,64,65,2.4
2025-08-19T04:30:00-07:00,63,65,2.4
2025-08-19T05:00:00-07:00,62,65,2.4
2025-08-19T05:30:00-07:00,62,64,2.8
2025-08-19T06:00:00-07:00,63,64,2.6
2025-08-19T06:30:00-07:00,63,63,2.5
2025-08-19T07:00:00-07:00,62,64,2.5
2025-08-19T07:30:00-07:00,60,66,2.8
2025-08-19T08:00:00-07:00,62,68,3.4
2025-08-19T08:30:00-07:00,57,71,2.8
2025-08-19T09:00:00-07:00,53,72,3.2
2025-08-19T09:30:00-07:00,50,74,2.9
2025-08-19T10:00:00-07:00,46,75,2.5
2025-08-19T10:30:00-07:00,42,77,2.7
2025-08-19T11:00:00-07:00,39,79,2.7
2025-08-19T11:30:00-07:00,37,81,2.8
2025-08-19T12:00:00-07:00,34,84,2.5
2025-08-19T12:30:00-07:00,30,86,2.4
2025-08-19T13:00:00-07:00,28,89,2.5
2025-08-19T13:30:00-07:00,26,91,2.4
2025-08-19T14:00:00-07:00,24,93,2.1
2025-08-19T14:30:00-07:00,23,95,2.2
2025-08-19T15:00:00-07:00,23,95,2.2
2025-08-19T15:30:00-07:00,24,95,2.7
2025-08-19T16:00:00-07:00,26,92,2.5
2025-08-19T16:30:00-07:00,28,89,2.4
2025-08-19T17:00:00-07:00,30,87,2.4
2025-08-19T17:30:00-07:00,34,85,4.4
2025-08-19T18:00:00-07:00,39,82,2.7
2025-08-19T18:30:00-07:00,43,80,2.8
2025-08-19T19:00:00-07:00,46,78,3.1
2025-08-19T19:30:00-07:00,48,76,3.1
2025-08-19T20:00:00-07:00,51,75,3.3
2025-08-19T20:30:00-07:00,54,74,3.6
2025-08-19T21:00:00-07:00,56,73,3.8
2025-08-19T21:30:00-07:00,58,72,3.7
2025-08-19T22:00:00-07:00,61,70,3.7
2025-08-19T22:30:00-07:00,63,69,3.7
2025-08-19T23:00:00-07:00,63,69,3.9
2025-08-19T23:30:00-07:00,65,68,3.9
2025-08-20T00:00:00-07:00,66,68,3.6
2025-08-20T00:30:00-07:00,65,68,3.7
2025-08-20T01:00:00-07:00,64,68,3.3
2025-08-20T01:30:00-07:00,62,67,2.7
2025-08-20T02:00:00-07:00,62,66,2.7
2025-08-20T02:30:00-07:00,62,66,2.6
2025-08-20T03:00:00-07:00,63,65,2.6
2025-08-20T03:30:00-07:00,63,65,2.8
2025-08-20T04:00:00-07:00,63,64,2.8
2025-08-20T04:30:00-07:00,63,64,3
2025-08-20T05:00:00-07:00,65,64,2.9
2025-08-20T05:30:00-07:00,66,64,3
2025-08-20T06:00:00-07:00,65,64,3.2
2025-08-20T06:30:00-07:00,66,64,2.9
2025-08-20T07:00:00-07:00,65,64,3.2
2025-08-20T07:30:00-07:00,63,67,3.2
2025-08-20T08:00:00-07:00,60,69,4
2025-08-20T08:30:00-07:00,57,71,4.4
2025-08-20T09:00:00-07:00,55,73,4.3
2025-08-20T09:30:00-07:00,51,75,4.4
2025-08-20T10:00:00-07:00,48,77,4.4
2025-08-20T10:30:00-07:00,43,79,4
2025-08-20T11:00:00-07:00,38,82,3.8
2025-08-20T11:30:00-07:00,35,85,4.7
2025-08-20T12:00:00-07:00,35,88,5.1
2025-08-20T12:30:00-07:00,32,91,4.9
2025-08-20T13:00:00-07:00,28,94,4.3
2025-08-20T13:30:00-07:00,25,96,3.9
2025-08-20T14:00:00-07:00,24,99,4
2025-08-20T14:30:00-07:00,20,103,3.7
2025-08-20T15:00:00-07:00,17,105,3.1
2025-08-20T15:30:00-07:00,16,106,3.5
2025-08-20T16:00:00-07:00,16,105,2.9
2025-08-20T16:30:00-07:00,17,103,3
2025-08-20T17:00:00-07:00,19,101,3.6
2025-08-20T17:30:00-07:00,25,98,4.2
2025-08-20T18:00:00-07:00,30,93,4.6
2025-08-20T18:30:00-07:00,33,89,4.5
2025-08-20T19:00:00-07:00,36,87,4.8
2025-08-20T19:30:00-07:00,41,84,5.1
2025-08-20T20:00:00-07:00,43,82,5.4
2025-08-20T20:30:00-07:00,46,80,5.5
2025-08-20T21:00:00-07:00,49,79,5.5
2025-08-20T21:30:00-07:00,51,77,6.7
2025-08-20T22:00:00-07:00,54,76,6.9
2025-08-20T22:30:00-07:00,57,75,7
2025-08-20T23:00:00-07:00,59,74,7.3
2025-08-20T23:30:00-07:00,61,73,7.7
2025-08-21T00:00:00-07:00,61,72,7.2
2025-08-21T00:30:00-07:00,57,72,5.2
2025-08-21T01:00:00-07:00,55,71,3.9
2025-08-21T01:30:00-07:00,56,70,4.6
2025-08-21T02:00:00-07:00,58,70,5.3
2025-08-21T02:30:00-07:00,58,69,5.1
2025-08-21T03:00:00-07:00,57,69,4.5
2025-08-21T03:30:00-07:00,54,68,3
2025-08-21T04:00:00-07:00,53,68,2.7
2025-08-21T04:30:00-07:00,54,67,2.4
2025-08-21T05:00:00-07:00,54,67,2.5
2025-08-21T05:30:00-07:00,54,66,2.3
2025-08-21T06:00:00-07:00,55,66,2.5
2025-08-21T06:30:00-07:00,56,66,2.4
2025-08-21T07:00:00-07:00,55,66,2.7
2025-08-21T07:30:00-07:00,54,68,3
2025-08-21T08:00:00-07:00,54,71,5.2
2025-08-21T08:30:00-07:00,56,74,8.7
2025-08-21T09:00:00-07:00,53,76,7.7
2025-08-21T09:30:00-07:00,49,78,7
2025-08-21T10:00:00-07:00,43,81,5.9
2025-08-21T10:30:00-07:00,38,84,5
2025-08-21T11:00:00-07:00,36,87,5.9
2025-08-21T11:30:00-07:00,34,90,6.3
2025-08-21T12:00:00-07:00,31,93,6.4
2025-08-21T12:30:00-07:00,28,96,5.5
2025-08-21T13:00:00-07:00,23,99,3.5
2025-08-21T13:30:00-07:00,20,102,3.7
2025-08-21T14:00:00-07:00,18,104,5.3
2025-08-21T14:30:00-07:00,16,107,5
2025-08-21T15:00:00-07:00,14,108,3.9
2025-08-21T15:30:00-07:00,15,108,3.9
2025-08-21T16:00:00-07:00,15,107,4.3
2025-08-21T16:30:00-07:00,16,106,4.3
2025-08-21T17:00:00-07:00,19,104,5.4
2025-08-21T17:30:00-07:00,25,100,7
2025-08-21T18:00:00-07:00,30,94,7.4
2025-08-21T18:30:00-07:00,35,88,7.7
2025-08-21T19:00:00-07:00,39,85,8.1
2025-08-21T19:30:00-07:00,42,83,8.5
2025-08-21T20:00:00-07:00,44,81,8.7
2025-08-21T20:30:00-07:00,47,79,9
2025-08-21T21:00:00-07:00,49,77,9.5
2025-08-21T21:30:00-07:00,51,76,9.1
2025-08-21T22:00:00-07:00,53,75,9.4
2025-08-21T22:30:00-07:00,54,74,9.2
2025-08-21T23:00:00-07:00,56,73,9.6
2025-08-21T23:30:00-07:00,58,72,10.6
2025-08-22T00:00:00-07:00,58,72,10
2025-08-22T00:30:00-07:00,60,71,10
2025-08-22T01:00:00-07:00,61,70,10.1
2025-08-22T01:30:00-07:00,62,70,10.2
2025-08-22T02:00:00-07:00,63,69,9.6
2025-08-22T02:30:00-07:00,64,69,9.5
2025-08-22T03:00:00-07:00,65,69,9.7
2025-08-22T03:30:00-07:00,67,68,9.9
2025-08-22T04:00:00-07:00,69,68,9.9
2025-08-22T04:30:00-07:00,71,67,10
2025-08-22T05:00:00-07:00,72,67,8.7
2025-08-22T05:30:00-07:00,72,67,8.1
2025-08-22T06:00:00-07:00,72,67,8.3
2025-08-22T06:30:00-07:00,72,67,8.8
2025-08-22T07:00:00-07:00,71,68,8.5
2025-08-22T07:30:00-07:00,72,68,9.8
2025-08-22T08:00:00-07:00,68,69,8.7
2025-08-22T08:30:00-07:00,65,70,8
2025-08-22T09:00:00-07:00,63,71,8.2
2025-08-22T09:30:00-07:00,61,72,8
2025-08-22T10:00:00-07:00,57,74,7.9
2025-08-22T10:30:00-07:00,53,76,7.1
2025-08-22T11:00:00-07:00,49,78,6.8
2025-08-22T11:30:00-07:00,46,80,6.9
2025-08-22T12:00:00-07:00,42,83,7.2
2025-08-22T12:30:00-07:00,38,86,7.6
2025-08-22T13:00:00-07:00,35,89,7.4
2025-08-22T13:30:00-07:00,33,91,7.2
2025-08-22T14:00:00-07:00,31,93,5.7
2025-08-22T14:30:00-07:00,28,96,5
2025-08-22T15:00:00-07:00,25,98,4.8
2025-08-22T15:30:00-07:00,24,99,4.7
2025-08-22T16:00:00-07:00,24,98,4.6
2025-08-22T16:30:00-07:00,26,97,5.4
2025-08-22T17:00:00-07:00,28,96,6.2
2025-08-22T17:30:00-07:00,28,95,5.8
2025-08-22T18:00:00-07:00,31,92,5.6
2025-08-22T18:30:00-07:00,34,88,6
2025-08-22T19:00:00-07:00,38,84,6.1
2025-08-22T19:30:00-07:00,41,81,6.5
2025-08-22T20:00:00-07:00,44,79,6.8
2025-08-22T20:30:00-07:00,47,78,7.4
2025-08-22T21:00:00-07:00,49,77,7.6
2025-08-22T21:30:00-07:00,51,76,7.6
2025-08-22T22:00:00-07:00,52,75,7.7
2025-08-22T22:30:00-07:00,54,74,8.1
2025-08-22T23:00:00-07:00,56,73,8.3
2025-08-22T23:30:00-07:00,57,72,8.5
2025-08-23T00:00:00-07:00,58,72,8
2025-08-23T00:30:00-07:00,59,71,8.7
2025-08-23T01:00:00-07:00,59,71,9.6
2025-08-23T01:30:00-07:00,60,70,8.5
2025-08-23T02:00:00-07:00,61,70,7.2
2025-08-23T02:30:00-07:00,63,69,8.2
2025-08-23T03:00:00-07:00,64,69,7.5
2025-08-23T03:30:00-07:00,64,68,8.3
2025-08-23T04:00:00-07:00,64,68,8
2025-08-23T04:30:00-07:00,65,67,8.4
2025-08-23T05:00:00-07:00,67,67,8.9
2025-08-23T05:30:00-07:00,68,67,8.9
2025-08-23T06:00:00-07:00,70,66,9.1
2025-08-23T06:30:00-07:00,75,66,10.3
2025-08-23T07:00:00-07:00,76,67,10.1
2025-08-23T07:30:00-07:00,73,68,9.7
2025-08-23T08:00:00-07:00,70,69,7.7
2025-08-23T08:30:00-07:00,67,70,6.2
2025-08-23T09:00:00-07:00,63,72,5.2
2025-08-23T09:30:00-07:00,60,73,4.4
2025-08-23T10:00:00-07:00,57,75,4.5
2025-08-23T10:30:00-07:00,53,77,4.4
2025-08-23T11:00:00-07:00,49,79,4.2
2025-08-23T11:30:00-07:00,44,81,3.8
2025-08-23T12:00:00-07:00,40,84,3.8
2025-08-23T12:30:00-07:00,38,86,4.2
2025-08-23T13:00:00-07:00,36,88,3
2025-08-23T13:30:00-07:00,33,90,2.6
2025-08-23T14:00:00-07:00,31,91,2
2025-08-23T14:30:00-07:00,29,93,2.1
2025-08-23T15:00:00-07:00,28,93,2.3
2025-08-23T15:30:00-07:00,28,93,2.8
2025-08-23T16:00:00-07:00,30,91,3.2
2025-08-23T16:30:00-07:00,32,90,3.8
2025-08-23T17:00:00-07:00,34,88,4.1
2025-08-23T17:30:00-07:00,37,85,4.6
2025-08-23T18:00:00-07:00,40,83,5
2025-08-23T18:30:00-07:00,43,80,5.1
2025-08-23T19:00:00-07:00,46,78,5.1
2025-08-23T19:30:00-07:00,50,76,5.9
2025-08-23T20:00:00-07:00,55,75,5.9
2025-08-23T20:30:00-07:00,58,74,6.6
2025-08-23T21:00:00-07:00,60,73,6.7
2025-08-23T21:30:00-07:00,62,73,6.4
2025-08-23T22:00:00-07:00,64,72,6.9
2025-08-23T22:30:00-07:00,65,72,7
2025-08-23T23:00:00-07:00,65,72,6.6
2025-08-23T23:30:00-07:00,65,72,6.8
2025-08-24T00:00:00-07:00,66,72,6.6
2025-08-24T00:30:00-07:00,67,71,6.1
2025-08-24T01:00:00-07:00,68,71,6.6
2025-08-24T01:30:00-07:00,68,71,6.3
2025-08-24T02:00:00-07:00,68,71,5.3
2025-08-24T02:30:00-07:00,69,71,5.7
2025-08-24T03:00:00-07:00,69,71,4.4
2025-08-24T03:30:00-07:00,70,70,3.8
2025-08-24T04:00:00-07:00,70,70,2
2025-08-24T04:30:00-07:00,70,70,2
2025-08-24T05:00:00-07:00,71,70,2
2025-08-24T05:30:00-07:00,70,70,2
2025-08-24T06:00:00-07:00,70,70,2.4
2025-08-24T06:30:00-07:00,71,70,3
2025-08-24T07:00:00-07:00,71,70,3.5
2025-08-24T07:30:00-07:00,71,70,3.4
2025-08-24T08:00:00-07:00,69,70,3.7
2025-08-24T08:30:00-07:00,69,71,3.7
2025-08-24T09:00:00-07:00,67,71,3.9
2025-08-24T09:30:00-07:00,65,72,3.8
2025-08-24T10:00:00-07:00,60,73,2.8
2025-08-24T10:30:00-07:00,56,75,2.5
2025-08-24T11:00:00-07:00,53,77,3.3
2025-08-24T11:30:00-07:00,50,78,4.4
2025-08-24T12:00:00-07:00,47,79,3.8
2025-08-24T12:30:00-07:00,44,81,3.4
2025-08-24T13:00:00-07:00,41,84,4.4
2025-08-24T13:30:00-07:00,37,87,3.3
2025-08-24T14:00:00-07:00,35,89,2.7
2025-08-24T14:30:00-07:00,32,91,2.5
2025-08-24T15:00:00-07:00,31,92,2.4
2025-08-24T15:30:00-07:00,30,92,2.3
2025-08-24T16:00:00-07:00,31,91,2.5
2025-08-24T16:30:00-07:00,33,89,2.9
2025-08-24T17:00:00-07:00,35,86,13.8
2025-08-24T17:30:00-07:00,38,83,3.6
2025-08-24T18:00:00-07:00,41,81,3.8
2025-08-24T18:30:00-07:00,45,79,4
2025-08-24T19:00:00-07:00,49,76,4.4
2025-08-24T19:30:00-07:00,53,75,4.7
2025-08-24T20:00:00-07:00,56,74,4.8
2025-08-24T20:30:00-07:00,59,73,4.7
2025-08-24T21:00:00-07:00,60,73,4.9
2025-08-24T21:30:00-07:00,61,72,5.1
2025-08-24T22:00:00-07:00,62,72,5.1
2025-08-24T22:30:00-07:00,63,72,4.8
2025-08-24T23:00:00-07:00,63,72,5.3
2025-08-24T23:30:00-07:00,64,71,5.2
2025-08-25T00:00:00-07:00,64,71,5
2025-08-25T00:30:00-07:00,65,71,4.9
2025-08-25T01:00:00-07:00,65,71,4.9
2025-08-25T01:30:00-07:00,65,71,4.8
2025-08-25T02:00:00-07:00,64,71,5
2025-08-25T02:30:00-07:00,65,71,5.2
2025-08-25T03:00:00-07:00,65,71,6.2
2025-08-25T03:30:00-07:00,65,71,7.1
2025-08-25T04:00:00-07:00,65,71,6.8
2025-08-25T04:30:00-07:00,65,71,5.7
2025-08-25T05:00:00-07:00,66,71,5.6
2025-08-25T05:30:00-07:00,65,71,6.2
2025-08-25T06:00:00-07:00,66,71,6.9
2025-08-25T06:30:00-07:00,66,71,6.9
2025-08-25T07:00:00-07:00,66,71,6.9
2025-08-25T07:30:00-07:00,66,71,6.9
2025-08-25T08:00:00-07:00,66,71,7.9
2025-08-25T08:30:00-07:00,65,72,9.3
2025-08-25T09:00:00-07:00,63,73,8.6
2025-08-25T09:30:00-07:00,61,74,8.1
2025-08-25T10:00:00-07:00,58,75,8.3
2025-08-25T10:30:00-07:00,55,76,8.5
2025-08-25T11:00:00-07:00,51,78,8.4
2025-08-25T11:30:00-07:00,48,80,7.9
2025-08-25T12:00:00-07:00,44,83,8.6
2025-08-25T12:30:00-07:00,39,86,9.3
2025-08-25T13:00:00-07:00,36,89,9.5
2025-08-25T13:30:00-07:00,34,92,8.5
2025-08-25T14:00:00-07:00,31,94,5.1
2025-08-25T14:30:00-07:00,29,95,2.8
2025-08-25T15:00:00-07:00,29,94,2
2025-08-25T15:30:00-07:00,29,94,2.7
2025-08-25T16:00:00-07:00,31,93,2.5
2025-08-25T16:30:00-07:00,32,91,3.1
2025-08-25T17:00:00-07:00,34,89,13.2
2025-08-25T17:30:00-07:00,36,87,3.9
2025-08-25T18:00:00-07:00,38,84,4.3
2025-08-25T18:30:00-07:00,42,81,4.5
2025-08-25T19:00:00-07:00,46,78,4.7
2025-08-25T19:30:00-07:00,50,76,5.1
2025-08-25T20:00:00-07:00,52,75,5.2
2025-08-25T20:30:00-07:00,54,74,5.8
2025-08-25T21:00:00-07:00,55,74,5.8
2025-08-25T21:30:00-07:00,56,74,5.5
2025-08-25T22:00:00-07:00,57,73,5.6
2025-08-25T22:30:00-07:00,58,73,5.7
2025-08-25T23:00:00-07:00,59,72,5.7
2025-08-25T23:30:00-07:00,61,72,5.8
2025-08-26T00:00:00-07:00,62,71,6
2025-08-26T00:30:00-07:00,63,71,6
2025-08-26T01:00:00-07:00,64,71,6.3
2025-08-26T01:30:00-07:00,65,71,6.5
2025-08-26T02:00:00-07:00,65,70,6.5
2025-08-26T02:30:00-07:00,68,69,6.7
2025-08-26T03:00:00-07:00,69,69,6.9
2025-08-26T03:30:00-07:00,70,69,7
2025-08-26T04:00:00-07:00,72,69,8.1
2025-08-26T04:30:00-07:00,73,69,8.2
2025-08-26T05:00:00-07:00,74,69,9
2025-08-26T05:30:00-07:00,76,68,9.6
2025-08-26T06:00:00-07:00,76,68,8.6
2025-08-26T06:30:00-07:00,77,68,9
2025-08-26T07:00:00-07:00,77,68,9.3
2025-08-26T07:30:00-07:00,76,69,10.5
2025-08-26T08:00:00-07:00,73,71,12.2
2025-08-26T08:30:00-07:00,69,72,14.3
2025-08-26T09:00:00-07:00,65,74,12.5
2025-08-26T09:30:00-07:00,61,76,11.9
2025-08-26T10:00:00-07:00,58,77,11
2025-08-26T10:30:00-07:00,54,78,10.8
2025-08-26T11:00:00-07:00,51,80,10.9
2025-08-26T11:30:00-07:00,48,81,11.3
2025-08-26T12:00:00-07:00,42,83,9.8
2025-08-26T12:30:00-07:00,38,86,9.3
2025-08-26T13:00:00-07:00,35,88,9.4
2025-08-26T13:30:00-07:00,32,91,8.9
2025-08-26T14:00:00-07:00,31,93,7.7
2025-08-26T14:30:00-07:00,28,95,7.7
2025-08-26T15:00:00-07:00,28,96,8.1
2025-08-26T15:30:00-07:00,27,96,7.9
2025-08-26T16:00:00-07:00,27,96,7.5
2025-08-26T16:30:00-07:00,28,94,6.3
2025-08-26T17:00:00-07:00,30,92,6
2025-08-26T17:30:00-07:00,32,88,6.4
2025-08-26T18:00:00-07:00,35,85,6.2
2025-08-26T18:30:00-07:00,37,82,6.3
2025-08-26T19:00:00-07:00,41,80,6.2
2025-08-26T19:30:00-07:00,44,78,6.4
2025-08-26T20:00:00-07:00,46,76,6.9
2025-08-26T20:30:00-07:00,49,75,6.5
2025-08-26T21:00:00-07:00,50,74,6.7
2025-08-26T21:30:00-07:00,53,73,6.9
2025-08-26T22:00:00-07:00,54,73,6.7
2025-08-26T22:30:00-07:00,54,72,6.5
2025-08-26T23:00:00-07:00,55,73,7
2025-08-26T23:30:00-07:00,55,72,6.6
2025-08-27T00:00:00-07:00,56,72,6.8
2025-08-27T00:30:00-07:00,58,72,6.7
2025-08-27T01:00:00-07:00,60,70,7.3
2025-08-27T01:30:00-07:00,61,69,7.5
2025-08-27T02:00:00-07:00,62,69,7.1
2025-08-27T02:30:00-07:00,63,69,7.7
2025-08-27T03:00:00-07:00,66,69,7.9
2025-08-27T03:30:00-07:00,69,69,7.8
2025-08-27T04:00:00-07:00,67,69,7.6
2025-08-27T04:30:00-07:00,67,69,7.9
2025-08-27T05:00:00-07:00,69,69,7.4
2025-08-27T05:30:00-07:00,69,69,7.5
2025-08-27T06:00:00-07:00,69,69,7.7
2025-08-27T06:30:00-07:00,70,69,8.1
2025-08-27T07:00:00-07:00,71,69,8.8
2025-08-27T07:30:00-07:00,69,70,8.8
2025-08-27T08:00:00-07:00,67,71,8.6
2025-08-27T08:30:00-07:00,64,73,8.7
2025-08-27T09:00:00-07:00,60,74,9
2025-08-27T09:30:00-07:00,57,76,9.3
2025-08-27T10:00:00-07:00,54,77,10.1
2025-08-27T10:30:00-07:00,51,78,10.2
2025-08-27T11:00:00-07:00,48,80,10
2025-08-27T11:30:00-07:00,45,82,9.5
2025-08-27T12:00:00-07:00,41,84,8.9
2025-08-27T12:30:00-07:00,36,87,8.4
2025-08-27T13:00:00-07:00,34,89,8.8
2025-08-27T13:30:00-07:00,32,92,8.9
2025-08-27T14:00:00-07:00,29,93,9.1
2025-08-27T14:30:00-07:00,28,95,9
2025-08-27T15:00:00-07:00,27,96,8.9
2025-08-27T15:30:00-07:00,28,94,8.6
2025-08-27T16:00:00-07:00,29,93,8.1
2025-08-27T16:30:00-07:00,30,90,7.5
2025-08-27T17:00:00-07:00,32,89,7.5
2025-08-27T17:30:00-07:00,34,87,7.6
2025-08-27T18:00:00-07:00,36,84,7.7
2025-08-27T18:30:00-07:00,38,82,7.7
2025-08-27T19:00:00-07:00,39,80,7.6
2025-08-27T19:30:00-07:00,41,79,7.7
2025-08-27T20:00:00-07:00,42,77,7.2
2025-08-27T20:30:00-07:00,44,76,7.8
2025-08-27T21:00:00-07:00,46,75,8.2
2025-08-27T21:30:00-07:00,49,74,9.1
2025-08-27T22:00:00-07:00,51,74,9.2
2025-08-27T22:30:00-07:00,53,73,8.3
2025-08-27T23:00:00-07:00,54,72,8
2025-08-27T23:30:00-07:00,55,72,7.9
2025-08-28T00:00:00-07:00,57,71,7.6
2025-08-28T00:30:00-07:00,58,71,7.4
2025-08-28T01:00:00-07:00,60,70,6.9
2025-08-28T01:30:00-07:00,61,70,6.7
2025-08-28T02:00:00-07:00,62,70,6.5
2025-08-28T02:30:00-07:00,63,69,6.5
2025-08-28T03:00:00-07:00,66,69,6.4
2025-08-28T03:30:00-07:00,68,68,6.2
2025-08-28T04:00:00-07:00,67,68,7.4
2025-08-28T04:30:00-07:00,68,67,7.6
2025-08-28T05:00:00-07:00,70,66,7.5
2025-08-28T05:30:00-07:00,72,66,8
2025-08-28T06:00:00-07:00,73,65,8.4
2025-08-28T06:30:00-07:00,73,65,8.2
2025-08-28T07:00:00-07:00,72,65,8.2
2025-08-28T07:30:00-07:00,72,67,8.2
2025-08-28T08:00:00-07:00,71,68,7.3
2025-08-28T08:30:00-07:00,67,71,7.9
2025-08-28T09:00:00-07:00,61,72,8.2
2025-08-28T09:30:00-07:00,56,74,7.6
2025-08-28T10:00:00-07:00,53,75,7
2025-08-28T10:30:00-07:00,51,77,8.8
2025-08-28T11:00:00-07:00,49,78,9.9
2025-08-28T11:30:00-07:00,47,79,10.3
2025-08-28T12:00:00-07:00,43,81,9.2
2025-08-28T12:30:00-07:00,39,84,7.4
2025-08-28T13:00:00-07:00,35,87,7.3
2025-08-28T13:30:00-07:00,32,90,7.1
2025-08-28T14:00:00-07:00,29,92,7.2
2025-08-28T14:30:00-07:00,27,95,6.2
2025-08-28T15:00:00-07:00,25,97,5.9
2025-08-28T15:30:00-07:00,24,98,5
2025-08-28T16:00:00-07:00,23,98,5.3
2025-08-28T16:30:00-07:00,25,97,3.6
2025-08-28T17:00:00-07:00,28,93,3.8
2025-08-28T17:30:00-07:00,33,88,3.3
2025-08-28T18:00:00-07:00,37,83,2.8
2025-08-28T18:30:00-07:00,41,80,2.6
2025-08-28T19:00:00-07:00,44,77,2.5
2025-08-28T19:30:00-07:00,46,76,2.6
2025-08-28T20:00:00-07:00,48,75,3.5
2025-08-28T20:30:00-07:00,50,73,3.8
2025-08-28T21:00:00-07:00,51,72,4.1
2025-08-28T21:30:00-07:00,54,72,3.7
2025-08-28T22:00:00-07:00,56,72,3.8
2025-08-28T22:30:00-07:00,57,71,3.5
2025-08-28T23:00:00-07:00,58,71,3.4
2025-08-28T23:30:00-07:00,59,71,3.2
2025-08-29T00:00:00-07:00,60,71,3.5
2025-08-29T00:30:00-07:00,63,70,4
2025-08-29T01:00:00-07:00,66,69,4.4
2025-08-29T01:30:00-07:00,68,69,4.4
2025-08-29T02:00:00-07:00,70,68,4.6
2025-08-29T02:30:00-07:00,71,67,4.8
2025-08-29T03:00:00-07:00,72,67,7.4
2025-08-29T03:30:00-07:00,72,68,5.1
2025-08-29T04:00:00-07:00,71,69,4.6
2025-08-29T04:30:00-07:00,71,69,4.4
2025-08-29T05:00:00-07:00,71,69,4.6
2025-08-29T05:30:00-07:00,71,69,4.3
2025-08-29T06:00:00-07:00,71,69,4.4
2025-08-29T06:30:00-07:00,71,69,4.9
2025-08-29T07:00:00-07:00,70,69,5.7
2025-08-29T07:30:00-07:00,69,70,6.3
2025-08-29T08:00:00-07:00,66,70,7.2
2025-08-29T08:30:00-07:00,63,71,7.5
2025-08-29T09:00:00-07:00,61,72,7.1
2025-08-29T09:30:00-07:00,59,73,7.2
2025-08-29T10:00:00-07:00,56,75,7.3
2025-08-29T10:30:00-07:00,53,76,7.1
2025-08-29T11:00:00-07:00,50,77,6.9
2025-08-29T11:30:00-07:00,48,78,7.1
2025-08-29T12:00:00-07:00,44,80,6.9
2025-08-29T12:30:00-07:00,41,83,7.6
2025-08-29T13:00:00-07:00,38,85,7.1
2025-08-29T13:30:00-07:00,36,87,6.3
2025-08-29T14:00:00-07:00,33,90,5.8
2025-08-29T14:30:00-07:00,30,93,5.3
2025-08-29T15:00:00-07:00,28,94,4.9
2025-08-29T15:30:00-07:00,28,94,5.3
2025-08-29T16:00:00-07:00,28,94,4.8
2025-08-29T16:30:00-07:00,29,92,4.5
2025-08-29T17:00:00-07:00,31,90,4.3
2025-08-29T17:30:00-07:00,33,88,4.7
2025-08-29T18:00:00-07:00,36,85,5.5
2025-08-29T18:30:00-07:00,39,82,4.7
2025-08-29T19:00:00-07:00,42,80,4.6
2025-08-29T19:30:00-07:00,45,78,4.7
2025-08-29T20:00:00-07:00,47,77,4.9
2025-08-29T20:30:00-07:00,49,75,5.3
2025-08-29T21:00:00-07:00,51,75,5.2
2025-08-29T21:30:00-07:00,53,74,6
2025-08-29T22:00:00-07:00,56,73,5.6
2025-08-29T22:30:00-07:00,59,72,5.9
2025-08-29T23:00:00-07:00,62,71,6.2
2025-08-29T23:30:00-07:00,64,70,6.4
2025-08-30T00:00:00-07:00,64,69,6.4
2025-08-30T00:30:00-07:00,66,69,6.5
2025-08-30T01:00:00-07:00,67,68,6.3
2025-08-30T01:30:00-07:00,70,67,6.6
2025-08-30T02:00:00-07:00,70,67,6.6
2025-08-30T02:30:00-07:00,71,67,6.7
2025-08-30T03:00:00-07:00,71,66,6.5
2025-08-30T03:30:00-07:00,72,66,7.1
2025-08-30T04:00:00-07:00,73,66,7.1
2025-08-30T04:30:00-07:00,75,65,7.2
2025-08-30T05:00:00-07:00,74,65,6
2025-08-30T05:30:00-07:00,70,65,5.1
2025-08-30T06:00:00-07:00,69,65,5.4
2025-08-30T06:30:00-07:00,67,65,4.9
2025-08-30T07:00:00-07:00,64,65,4.7
2025-08-30T07:30:00-07:00,62,67,4.8
2025-08-30T08:00:00-07:00,59,69,4.6
2025-08-30T08:30:00-07:00,57,72,5.5
2025-08-30T09:00:00-07:00,57,73,6
2025-08-30T09:30:00-07:00,52,76,6.1
2025-08-30T10:00:00-07:00,49,78,6.3
2025-08-30T10:30:00-07:00,44,80,6.7
2025-08-30T11:00:00-07:00,40,83,6.9
2025-08-30T11:30:00-07:00,38,86,7.3
2025-08-30T12:00:00-07:00,35,90,7.2
2025-08-30T12:30:00-07:00,26,93,5.2
2025-08-30T13:00:00-07:00,23,96,5.1
2025-08-30T13:30:00-07:00,22,100,5.5
2025-08-30T14:00:00-07:00,21,103,6
2025-08-30T14:30:00-07:00,15,106,4.6
2025-08-30T15:00:00-07:00,11,107,1.9
2025-08-30T15:30:00-07:00,12,109,3.5
2025-08-30T16:00:00-07:00,13,107,3.9
2025-08-30T16:30:00-07:00,15,106,3.7
2025-08-30T17:00:00-07:00,16,103,3.9
2025-08-30T17:30:00-07:00,18,100,4.4
2025-08-30T18:00:00-07:00,23,96,5.3
2025-08-30T18:30:00-07:00,28,92,5.8
2025-08-30T19:00:00-07:00,33,88,6.2
2025-08-30T19:30:00-07:00,35,86,7.1
2025-08-30T20:00:00-07:00,38,84,7.5
2025-08-30T20:30:00-07:00,42,82,8.2
2025-08-30T21:00:00-07:00,46,81,8.3
2025-08-30T21:30:00-07:00,50,79,8.2
2025-08-30T22:00:00-07:00,52,78,8.5
2025-08-30T22:30:00-07:00,53,76,8.7
2025-08-30T23:00:00-07:00,52,76,8.9
2025-08-30T23:30:00-07:00,50,75,7.8
2025-08-31T00:00:00-07:00,50,74,7.8
2025-08-31T00:30:00-07:00,55,73,8.5
2025-08-31T01:00:00-07:00,50,73,7.1
2025-08-31T01:30:00-07:00,46,73,5.9
2025-08-31T02:00:00-07:00,45,72,5.8
2025-08-31T02:30:00-07:00,47,71,6
2025-08-31T03:00:00-07:00,47,71,5.6
2025-08-31T03:30:00-07:00,49,70,6.4
2025-08-31T04:00:00-07:00,49,69,6.4
2025-08-31T04:30:00-07:00,49,69,6.5
2025-08-31T05:00:00-07:00,46,69,4.4
2025-08-31T05:30:00-07:00,43,69,3.3
2025-08-31T06:00:00-07:00,41,68,3.1
2025-08-31T06:30:00-07:00,42,68,3.6
2025-08-31T07:00:00-07:00,44,68,3.6
2025-08-31T07:30:00-07:00,42,70,3.8
2025-08-31T08:00:00-07:00,40,72,5
2025-08-31T08:30:00-07:00,41,75,6.7
2025-08-31T09:00:00-07:00,41,78,8
2025-08-31T09:30:00-07:00,39,80,8.2
2025-08-31T10:00:00-07:00,34,83,7.2
2025-08-31T10:30:00-07:00,29,86,6.1
2025-08-31T11:00:00-07:00,26,89,6
2025-08-31T11:30:00-07:00,22,93,5.3
2025-08-31T12:00:00-07:00,21,96,6
2025-08-31T12:30:00-07:00,19,99,5
2025-08-31T13:00:00-07:00,14,102,3
2025-08-31T13:30:00-07:00,10,105,1.7
2025-08-31T14:00:00-07:00,9,107,1.3
2025-08-31T14:30:00-07:00,11,108,2.8
2025-08-31T15:00:00-07:00,11,108,2.9
2025-08-31T15:30:00-07:00,10,108,2.6
2025-08-31T16:00:00-07:00,11,107,1.6
2025-08-31T16:30:00-07:00,14,105,1.8
2025-08-31T17:00:00-07:00,16,102,1.1
2025-08-31T17:30:00-07:00,21,99,2
2025-08-31T18:00:00-07:00,26,96,2.9
2025-08-31T18:30:00-07:00,29,91,2.9
2025-08-31T19:00:00-07:00,34,88,3.8
2025-08-31T19:30:00-07:00,37,86,4.2
2025-08-31T20:00:00-07:00,42,84,4.6
2025-08-31T20:30:00-07:00,43,82,5.2
2025-08-31T21:00:00-07:00,46,81,5.5
2025-08-31T21:30:00-07:00,48,79,6.2
2025-08-31T22:00:00-07:00,51,78,6.2
2025-08-31T22:30:00-07:00,52,76,6.1
2025-08-31T23:00:00-07:00,52,76,5.6
2025-08-31T23:30:00-07:00,55,75,6.1
2025-09-01T00:00:00-07:00,58,74,7.5
2025-09-01T00:30:00-07:00,58,74,6.6
2025-09-01T01:00:00-07:00,58,73,6.1
2025-09-01T01:30:00-07:00,57,72,5.2
2025-09-01T02:00:00-07:00,56,72,4.9
2025-09-01T02:30:00-07:00,56,71,5.1
2025-09-01T03:00:00-07:00,57,70,4.2
2025-09-01T03:30:00-07:00,58,70,5.3
2025-09-01T04:00:00-07:00,61,70,6.9
2025-09-01T04:30:00-07:00,63,69,7.2
2025-09-01T05:00:00-07:00,62,68,6
2025-09-01T05:30:00-07:00,64,68,7.5
2025-09-01T06:00:00-07:00,65,68,7.9
2025-09-01T06:30:00-07:00,65,68,8.1
2025-09-01T07:00:00-07:00,66,68,8.1
2025-09-01T07:30:00-07:00,65,69,9
2025-09-01T08:00:00-07:00,65,71,9.2
2025-09-01T08:30:00-07:00,63,72,9.1
2025-09-01T09:00:00-07:00,60,74,8.5
2025-09-01T09:30:00-07:00,56,76,8.4
2025-09-01T10:00:00-07:00,52,78,8
2025-09-01T10:30:00-07:00,48,80,7.9
2025-09-01T11:00:00-07:00,44,83,8.4
2025-09-01T11:30:00-07:00,42,86,5.7
2025-09-01T12:00:00-07:00,39,89,5.3
2025-09-01T12:30:00-07:00,36,92,5.3
2025-09-01T13:00:00-07:00,31,95,4.3
2025-09-01T13:30:00-07:00,27,97,3.5
2025-09-01T14:00:00-07:00,24,99,2.9
2025-09-01T14:30:00-07:00,22,103,3.1
2025-09-01T15:00:00-07:00,22,104,3.9
2025-09-01T15:30:00-07:00,20,105,2.8
2025-09-01T16:00:00-07:00,18,105,2.2
2025-09-01T16:30:00-07:00,18,105,2.4
2025-09-01T17:00:00-07:00,20,103,3.1
2025-09-01T17:30:00-07:00,23,100,5.1
2025-09-01T18:00:00-07:00,26,96,3.7
2025-09-01T18:30:00-07:00,29,92,3.4
2025-09-01T19:00:00-07:00,34,89,4.7
2025-09-01T19:30:00-07:00,38,86,5.3
2025-09-01T20:00:00-07:00,40,84,5.3
2025-09-01T20:30:00-07:00,43,83,5.4
2025-09-01T21:00:00-07:00,45,81,5.8
2025-09-01T21:30:00-07:00,48,80,5.9
2025-09-01T22:00:00-07:00,50,79,6.2
2025-09-01T22:30:00-07:00,53,78,6.8
2025-09-01T23:00:00-07:00,55,77,6.8
2025-09-01T23:30:00-07:00,49,76,5
2025-09-02T00:00:00-07:00,46,75,4.2
2025-09-02T00:30:00-07:00,46,75,4
2025-09-02T01:00:00-07:00,45,74,3.5
2025-09-02T01:30:00-07:00,44,74,3.1
2025-09-02T02:00:00-07:00,43,75,3.2
2025-09-02T02:30:00-07:00,50,74,5.4
2025-09-02T03:00:00-07:00,55,74,6.6
2025-09-02T03:30:00-07:00,55,73,6.2
2025-09-02T04:00:00-07:00,55,73,6.4
2025-09-02T04:30:00-07:00,55,72,5.8
2025-09-02T05:00:00-07:00,54,73,5.6
2025-09-02T05:30:00-07:00,54,73,5.7
2025-09-02T06:00:00-07:00,56,73,6.5
2025-09-02T06:30:00-07:00,58,73,7
2025-09-02T07:00:00-07:00,58,72,8
2025-09-02T07:30:00-07:00,59,72,8.7
2025-09-02T08:00:00-07:00,57,73,8.1
2025-09-02T08:30:00-07:00,54,74,8
2025-09-02T09:00:00-07:00,50,77,9.4
2025-09-02T09:30:00-07:00,47,79,10
2025-09-02T10:00:00-07:00,44,81,9
2025-09-02T10:30:00-07:00,42,83,8.5
2025-09-02T11:00:00-07:00,39,85,7
2025-09-02T11:30:00-07:00,36,87,5.5
2025-09-02T12:00:00-07:00,34,90,5
2025-09-02T12:30:00-07:00,31,92,5
2025-09-02T13:00:00-07:00,28,95,4.8
2025-09-02T13:30:00-07:00,27,96,4.6
2025-09-02T14:00:00-07:00,26,97,4.2
2025-09-02T14:30:00-07:00,25,97,3.8
2025-09-02T15:00:00-07:00,25,98,3.7
2025-09-02T15:30:00-07:00,25,98,4.2
2025-09-02T16:00:00-07:00,26,97,3.7
2025-09-02T16:30:00-07:00,27,96,3.5
2025-09-02T17:00:00-07:00,29,93,3.4
2025-09-02T17:30:00-07:00,32,91,3.5
2025-09-02T18:00:00-07:00,35,88,3.3
2025-09-02T18:30:00-07:00,37,86,3.8
2025-09-02T19:00:00-07:00,42,82,3.9
2025-09-02T19:30:00-07:00,47,79,3.8
2025-09-02T20:00:00-07:00,50,78,4.1
2025-09-02T20:30:00-07:00,51,77,3.7
2025-09-02T21:00:00-07:00,53,76,3.5
2025-09-02T21:30:00-07:00,54,75,3.5
2025-09-02T22:00:00-07:00,55,74,3.7
2025-09-02T22:30:00-07:00,57,73,3.7
2025-09-02T23:00:00-07:00,59,72,3.7
2025-09-02T23:30:00-07:00,59,72,3.6
2025-09-03T00:00:00-07:00,61,71,3.8
2025-09-03T00:30:00-07:00,61,71,3.8
2025-09-03T01:00:00-07:00,62,70,4.4
2025-09-03T01:30:00-07:00,63,70,3.9
2025-09-03T02:00:00-07:00,64,69,3.8
2025-09-03T02:30:00-07:00,65,69,3.8
2025-09-03T03:00:00-07:00,66,69,3.8
2025-09-03T03:30:00-07:00,67,68,4.1
2025-09-03T04:00:00-07:00,68,68,3.9
2025-09-03T04:30:00-07:00,69,67,3.8
2025-09-03T05:00:00-07:00,70,67,3.9
2025-09-03T05:30:00-07:00,71,67,4
2025-09-03T06:00:00-07:00,71,67,4.1
2025-09-03T06:30:00-07:00,71,67,4.2
2025-09-03T07:00:00-07:00,73,66,4.6
2025-09-03T07:30:00-07:00,71,68,5
2025-09-03T08:00:00-07:00,68,70,5.3
2025-09-03T08:30:00-07:00,64,72,5.8
2025-09-03T09:00:00-07:00,60,73,6.1
2025-09-03T09:30:00-07:00,57,75,5.5
2025-09-03T10:00:00-07:00,53,77,5.4
2025-09-03T10:30:00-07:00,49,79,5.6
2025-09-03T11:00:00-07:00,45,80,5.5
2025-09-03T11:30:00-07:00,44,82,6.3
2025-09-03T12:00:00-07:00,41,84,6.8
2025-09-03T12:30:00-07:00,37,87,6.5
2025-09-03T13:00:00-07:00,33,90,5.9
2025-09-03T13:30:00-07:00,30,93,5.4
2025-09-03T14:00:00-07:00,28,96,6
2025-09-03T14:30:00-07:00,26,98,6.2
2025-09-03T15:00:00-07:00,26,99,5.6
2025-09-03T15:30:00-07:00,26,98,4.8
2025-09-03T16:00:00-07:00,27,96,4.2
2025-09-03T16:30:00-07:00,28,94,2.9
2025-09-03T17:00:00-07:00,31,91,3
2025-09-03T17:30:00-07:00,34,88,2.9
2025-09-03T18:00:00-07:00,36,85,3
2025-09-03T18:30:00-07:00,38,83,4.1
2025-09-03T19:00:00-07:00,42,80,3.6
2025-09-03T19:30:00-07:00,46,77,3.3
2025-09-03T20:00:00-07:00,50,75,4
2025-09-03T20:30:00-07:00,52,73,3.9
2025-09-03T21:00:00-07:00,54,73,4.3
2025-09-03T21:30:00-07:00,56,72,4.7
2025-09-03T22:00:00-07:00,58,71,4.7
2025-09-03T22:30:00-07:00,59,71,4.8
2025-09-03T23:00:00-07:00,60,70,4.8
2025-09-03T23:30:00-07:00,62,69,4.9
2025-09-04T00:00:00-07:00,64,68,5.1
2025-09-04T00:30:00-07:00,65,68,5.3
2025-09-04T01:00:00-07:00,66,68,5.4
2025-09-04T01:30:00-07:00,67,67,5.6
2025-09-04T02:00:00-07:00,69,67,6.7
2025-09-04T02:30:00-07:00,74,68,10.5
2025-09-04T03:00:00-07:00,73,69,9.6
2025-09-04T03:30:00-07:00,72,69,10.3
2025-09-04T04:00:00-07:00,71,70,9
2025-09-04T04:30:00-07:00,70,70,6.8
2025-09-04T05:00:00-07:00,69,70,6.2
2025-09-04T05:30:00-07:00,70,70,9.4
2025-09-04T06:00:00-07:00,70,69,7.8
2025-09-04T06:30:00-07:00,69,70,7.1
2025-09-04T07:00:00-07:00,68,70,5.3
2025-09-04T07:30:00-07:00,67,69,3.6
2025-09-04T08:00:00-07:00,66,69,3.4
2025-09-04T08:30:00-07:00,65,70,3.4
2025-09-04T09:00:00-07:00,64,70,3.9
2025-09-04T09:30:00-07:00,62,71,3.6
2025-09-04T10:00:00-07:00,59,72,3.9
2025-09-04T10:30:00-07:00,57,74,4.4
2025-09-04T11:00:00-07:00,54,75,4.7
2025-09-04T11:30:00-07:00,50,76,5.5
2025-09-04T12:00:00-07:00,47,79,3.2
2025-09-04T12:30:00-07:00,43,81,1.9
2025-09-04T13:00:00-07:00,41,83,1.4
2025-09-04T13:30:00-07:00,38,85,1.6
2025-09-04T14:00:00-07:00,37,86,1.9
2025-09-04T14:30:00-07:00,35,88,2.5
2025-09-04T15:00:00-07:00,34,88,3
2025-09-04T15:30:00-07:00,35,88,2.7
2025-09-04T16:00:00-07:00,35,87,2.9
2025-09-04T16:30:00-07:00,37,86,2.6
2025-09-04T17:00:00-07:00,39,84,3.2
2025-09-04T17:30:00-07:00,42,82,2.3
2025-09-04T18:00:00-07:00,47,79,3.3
2025-09-04T18:30:00-07:00,51,77,2.8
2025-09-04T19:00:00-07:00,55,75,2.9
2025-09-04T19:30:00-07:00,58,74,2.5
2025-09-04T20:00:00-07:00,60,74,2.1
2025-09-04T20:30:00-07:00,61,73,1.7
2025-09-04T21:00:00-07:00,63,73,1.5
2025-09-04T21:30:00-07:00,63,73,0.9
2025-09-04T22:00:00-07:00,64,73,0.7
2025-09-04T22:30:00-07:00,63,72,0.6
2025-09-04T23:00:00-07:00,63,72,0.6
2025-09-04T23:30:00-07:00,65,72,0.7
2025-09-05T00:00:00-07:00,65,72,0.8
2025-09-05T00:30:00-07:00,64,72,1.5
2025-09-05T01:00:00-07:00,64,72,2.2
2025-09-05T01:30:00-07:00,64,72,2.5
2025-09-05T02:00:00-07:00,63,72,3.2
2025-09-05T02:30:00-07:00,64,72,3.6
2025-09-05T03:00:00-07:00,65,71,4.4
2025-09-05T03:30:00-07:00,65,71,3.8
2025-09-05T04:00:00-07:00,66,71,3.1
2025-09-05T04:30:00-07:00,66,70,2.3
2025-09-05T05:00:00-07:00,66,70,1.6
2025-09-05T05:30:00-07:00,67,70,0.7
2025-09-05T06:00:00-07:00,68,70,1
2025-09-05T06:30:00-07:00,69,70,1.2
2025-09-05T07:00:00-07:00,69,70,1.4
2025-09-05T07:30:00-07:00,70,70,1.6
2025-09-05T08:00:00-07:00,69,70,1.7
2025-09-05T08:30:00-07:00,69,70,2.4
2025-09-05T09:00:00-07:00,68,70,3.8
2025-09-05T09:30:00-07:00,68,71,3.4
2025-09-05T10:00:00-07:00,67,71,4.1
2025-09-05T10:30:00-07:00,65,71,5.4
2025-09-05T11:00:00-07:00,63,72,5.2
2025-09-05T11:30:00-07:00,61,73,5
2025-09-05T12:00:00-07:00,57,74,4.5
2025-09-05T12:30:00-07:00,53,77,4.8
2025-09-05T13:00:00-07:00,49,79,5.1
2025-09-05T13:30:00-07:00,45,81,4.2
2025-09-05T14:00:00-07:00,41,83,3.5
2025-09-05T14:30:00-07:00,38,86,2.1
2025-09-05T15:00:00-07:00,37,86,1.3
2025-09-05T15:30:00-07:00,38,86,1.8
2025-09-05T16:00:00-07:00,37,87,1.1
2025-09-05T16:30:00-07:00,38,85,1
2025-09-05T17:00:00-07:00,40,84,1.1
2025-09-05T17:30:00-07:00,43,82,1.3
2025-09-05T18:00:00-07:00,46,80,1.7
2025-09-05T18:30:00-07:00,49,77,1.7
2025-09-05T19:00:00-07:00,52,76,1.9
2025-09-05T19:30:00-07:00,55,74,2.2
2025-09-05T20:00:00-07:00,58,74,2.3
2025-09-05T20:30:00-07:00,62,73,2.7
2025-09-05T21:00:00-07:00,63,72,2.3
2025-09-05T21:30:00-07:00,62,72,3.5
2025-09-05T22:00:00-07:00,62,72,3.7
2025-09-05T22:30:00-07:00,61,72,3.9
2025-09-05T23:00:00-07:00,62,72,4.5
2025-09-05T23:30:00-07:00,62,71,5
2025-09-06T00:00:00-07:00,63,71,5
2025-09-06T00:30:00-07:00,64,71,4.7
2025-09-06T01:00:00-07:00,64,71,5.4
2025-09-06T01:30:00-07:00,64,71,5.7
2025-09-06T02:00:00-07:00,63,71,6.2
2025-09-06T02:30:00-07:00,63,71,5.8
2025-09-06T03:00:00-07:00,63,71,7.3
2025-09-06T03:30:00-07:00,64,71,6.8
2025-09-06T04:00:00-07:00,64,71,6.4
2025-09-06T04:30:00-07:00,63,71,6.5
2025-09-06T05:00:00-07:00,62,71,6.8
2025-09-06T05:30:00-07:00,63,70,7.1
2025-09-06T06:00:00-07:00,62,70,8
2025-09-06T06:30:00-07:00,62,70,8
2025-09-06T07:00:00-07:00,62,70,8
2025-09-06T07:30:00-07:00,61,71,7.7
2025-09-06T08:00:00-07:00,60,71,7.5
2025-09-06T08:30:00-07:00,58,71,7.6
2025-09-06T09:00:00-07:00,56,72,8.2
2025-09-06T09:30:00-07:00,54,73,7.9
2025-09-06T10:00:00-07:00,54,73,7.6
2025-09-06T10:30:00-07:00,52,74,7.6
2025-09-06T11:00:00-07:00,49,76,8.2
2025-09-06T11:30:00-07:00,46,77,8.4
2025-09-06T12:00:00-07:00,43,79,8.3
2025-09-06T12:30:00-07:00,39,81,7.2
2025-09-06T13:00:00-07:00,36,84,6.9
2025-09-06T13:30:00-07:00,34,86,5.5
2025-09-06T14:00:00-07:00,32,88,5.1
2025-09-06T14:30:00-07:00,31,90,4.8
2025-09-06T15:00:00-07:00,30,89,4
2025-09-06T15:30:00-07:00,31,89,4.8
2025-09-06T16:00:00-07:00,33,88,3.5
2025-09-06T16:30:00-07:00,34,86,4.4
2025-09-06T17:00:00-07:00,37,84,5.6
2025-09-06T17:30:00-07:00,39,82,4.5
2025-09-06T18:00:00-07:00,43,80,4.1
2025-09-06T18:30:00-07:00,47,78,3.8
2025-09-06T19:00:00-07:00,50,76,3.9
2025-09-06T19:30:00-07:00,53,75,4.4
2025-09-06T20:00:00-07:00,56,74,4.6
2025-09-06T20:30:00-07:00,59,74,4.8
2025-09-06T21:00:00-07:00,61,73,4.8
2025-09-06T21:30:00-07:00,62,73,4.8
2025-09-06T22:00:00-07:00,63,72,4.7
2025-09-06T22:30:00-07:00,64,72,4.9
2025-09-06T23:00:00-07:00,65,72,4.8
2025-09-06T23:30:00-07:00,64,73,4.7
2025-09-07T00:00:00-07:00,65,73,4.8
2025-09-07T00:30:00-07:00,65,73,4.9
2025-09-07T01:00:00-07:00,64,73,4.9
2025-09-07T01:30:00-07:00,64,72,4.7
2025-09-07T02:00:00-07:00,64,72,4.6
2025-09-07T02:30:00-07:00,64,72,4.7
2025-09-07T03:00:00-07:00,66,71,4.9
2025-09-07T03:30:00-07:00,67,71,5
2025-09-07T04:00:00-07:00,66,71,5.3
2025-09-07T04:30:00-07:00,65,72,5.2
2025-09-07T05:00:00-07:00,65,72,5.1
2025-09-07T05:30:00-07:00,65,72,5.3
2025-09-07T06:00:00-07:00,65,72,4.6
2025-09-07T06:30:00-07:00,66,72,2.8
2025-09-07T07:00:00-07:00,68,72,2.8
2025-09-07T07:30:00-07:00,68,73,3.2
2025-09-07T08:00:00-07:00,68,73,3.1
2025-09-07T08:30:00-07:00,68,73,3.5
2025-09-07T09:00:00-07:00,67,74,5.4
2025-09-07T09:30:00-07:00,64,75,3
2025-09-07T10:00:00-07:00,59,76,2
2025-09-07T10:30:00-07:00,55,78,2.3
2025-09-07T11:00:00-07:00,52,79,2.4
2025-09-07T11:30:00-07:00,49,81,1.8
2025-09-07T12:00:00-07:00,44,83,1.5
2025-09-07T12:30:00-07:00,38,85,1.2
2025-09-07T13:00:00-07:00,35,88,1.2
2025-09-07T13:30:00-07:00,31,90,1.7
2025-09-07T14:00:00-07:00,28,93,2
2025-09-07T14:30:00-07:00,27,95,2.3
2025-09-07T15:00:00-07:00,27,95,2.6
2025-09-07T15:30:00-07:00,28,95,2.7
2025-09-07T16:00:00-07:00,28,95,2.3
2025-09-07T16:30:00-07:00,28,93,2.3
2025-09-07T17:00:00-07:00,30,91,2.2
2025-09-07T17:30:00-07:00,31,89,18.5
2025-09-07T18:00:00-07:00,34,86,8.5
2025-09-07T18:30:00-07:00,36,83,1.4
2025-09-07T19:00:00-07:00,39,81,1.9
2025-09-07T19:30:00-07:00,40,80,1.9
2025-09-07T20:00:00-07:00,44,79,2.8
2025-09-07T20:30:00-07:00,47,77,2.3
2025-09-07T21:00:00-07:00,50,76,2.5
2025-09-07T21:30:00-07:00,58,75,3
2025-09-07T22:00:00-07:00,63,74,3
2025-09-07T22:30:00-07:00,62,73,2.8
2025-09-07T23:00:00-07:00,64,72,2.6
2025-09-07T23:30:00-07:00,66,71,2.5
2025-09-08T00:00:00-07:00,69,70,2.9
2025-09-08T00:30:00-07:00,68,70,2.7
2025-09-08T01:00:00-07:00,68,70,2.6
2025-09-08T01:30:00-07:00,69,69,2.6
2025-09-08T02:00:00-07:00,70,69,2.5
2025-09-08T02:30:00-07:00,70,68,2.2
2025-09-08T03:00:00-07:00,73,67,2.3
2025-09-08T03:30:00-07:00,75,67,2.4
2025-09-08T04:00:00-07:00,76,67,1.8
2025-09-08T04:30:00-07:00,78,67,1.7
2025-09-08T05:00:00-07:00,78,66,1.7
2025-09-08T05:30:00-07:00,79,67,1.9
2025-09-08T06:00:00-07:00,79,68,2.2
2025-09-08T06:30:00-07:00,79,69,2.8
2025-09-08T07:00:00-07:00,82,70,7.3
2025-09-08T07:30:00-07:00,84,70,8.2
2025-09-08T08:00:00-07:00,82,71,6.7
2025-09-08T08:30:00-07:00,80,71,7.4
2025-09-08T09:00:00-07:00,76,72,6.4
2025-09-08T09:30:00-07:00,72,73,6.7
2025-09-08T10:00:00-07:00,69,74,6.2
2025-09-08T10:30:00-07:00,65,76,5.7
2025-09-08T11:00:00-07:00,60,78,5.1
2025-09-08T11:30:00-07:00,54,80,1.7
2025-09-08T12:00:00-07:00,49,82,1.3
2025-09-08T12:30:00-07:00,45,84,0.8
2025-09-08T13:00:00-07:00,41,87,0.3
2025-09-08T13:30:00-07:00,37,89,0.3
2025-09-08T14:00:00-07:00,34,91,0.4
2025-09-08T14:30:00-07:00,31,94,0.3
2025-09-08T15:00:00-07:00,31,95,0.3
2025-09-08T15:30:00-07:00,31,95,0.7
2025-09-08T16:00:00-07:00,30,95,0.6
2025-09-08T16:30:00-07:00,30,93,0.9
2025-09-08T17:00:00-07:00,32,91,1.2
2025-09-08T17:30:00-07:00,34,89,1.1
2025-09-08T18:00:00-07:00,38,86,1
2025-09-08T18:30:00-07:00,41,84,1.3
2025-09-08T19:00:00-07:00,43,82,1.5
2025-09-08T19:30:00-07:00,47,80,1
2025-09-08T20:00:00-07:00,49,79,1
2025-09-08T20:30:00-07:00,51,78,1
2025-09-08T21:00:00-07:00,53,78,0.9
2025-09-08T21:30:00-07:00,55,78,0.8
2025-09-08T22:00:00-07:00,56,77,0.9
2025-09-08T22:30:00-07:00,60,77,1
2025-09-08T23:00:00-07:00,62,76,0.8
2025-09-08T23:30:00-07:00,62,76,0.9
2025-09-09T00:00:00-07:00,62,76,0.8
2025-09-09T00:30:00-07:00,60,77,0.8
2025-09-09T01:00:00-07:00,62,77,0.7
2025-09-09T01:30:00-07:00,66,77,1
2025-09-09T02:00:00-07:00,70,77,1.1
2025-09-09T02:30:00-07:00,70,77,0.6
2025-09-09T03:00:00-07:00,68,76,0.6
2025-09-09T03:30:00-07:00,66,76,0.9
2025-09-09T04:00:00-07:00,65,75,0.8
2025-09-09T04:30:00-07:00,63,75,0.8
2025-09-09T05:00:00-07:00,63,74,1
2025-09-09T05:30:00-07:00,64,74,1.2
2025-09-09T06:00:00-07:00,65,74,1.2
2025-09-09T06:30:00-07:00,67,73,1.2
2025-09-09T07:00:00-07:00,66,74,1.4
2025-09-09T07:30:00-07:00,65,74,1.6
2025-09-09T08:00:00-07:00,63,75,1.3
2025-09-09T08:30:00-07:00,62,76,1
2025-09-09T09:00:00-07:00,65,76,0.2
2025-09-09T09:30:00-07:00,63,76,0.1
2025-09-09T10:00:00-07:00,60,76,0.3
2025-09-09T10:30:00-07:00,53,79,0.3
2025-09-09T11:00:00-07:00,46,81,1.1
2025-09-09T11:30:00-07:00,44,82,0.6
2025-09-09T12:00:00-07:00,43,84,0.9
2025-09-09T12:30:00-07:00,41,85,1.2
2025-09-09T13:00:00-07:00,39,86,1
2025-09-09T13:30:00-07:00,37,87,1
2025-09-09T14:00:00-07:00,37,88,1.4
2025-09-09T14:30:00-07:00,36,88,1.1
2025-09-09T15:00:00-07:00,36,88,1.1
2025-09-09T15:30:00-07:00,38,86,1.2
2025-09-09T16:00:00-07:00,41,85,0.4
2025-09-09T16:30:00-07:00,42,84,0.9
2025-09-09T17:00:00-07:00,43,83,1.1
2025-09-09T17:30:00-07:00,43,82,1.1
2025-09-09T18:00:00-07:00,44,81,0.9
2025-09-09T18:30:00-07:00,47,80,1
2025-09-09T19:00:00-07:00,50,78,1.1
2025-09-09T19:30:00-07:00,53,77,1.2
2025-09-09T20:00:00-07:00,57,76,1.6
2025-09-09T20:30:00-07:00,57,76,1.4
2025-09-09T21:00:00-07:00,57,76,1.2
2025-09-09T21:30:00-07:00,58,76,1.2
2025-09-09T22:00:00-07:00,60,76,1.2
2025-09-09T22:30:00-07:00,61,76,1.3
2025-09-09T23:00:00-07:00,63,75,1.4
2025-09-09T23:30:00-07:00,63,75,1.2
2025-09-10T00:00:00-07:00,61,75,0.9
2025-09-10T00:30:00-07:00,60,75,0.5
2025-09-10T01:00:00-07:00,60,74,0.4
2025-09-10T01:30:00-07:00,61,74,0.3
2025-09-10T02:00:00-07:00,62,74,0.2
2025-09-10T02:30:00-07:00,63,74,0.2
2025-09-10T03:00:00-07:00,64,74,0.1
2025-09-10T03:30:00-07:00,64,74,0.2
2025-09-10T04:00:00-07:00,64,74,0.1
2025-09-10T04:30:00-07:00,69,73,0.1
2025-09-10T05:00:00-07:00,81,72,0.1
2025-09-10T05:30:00-07:00,87,71,0.1
2025-09-10T06:00:00-07:00,89,71,0.5
2025-09-10T06:30:00-07:00,89,71,1.8
2025-09-10T07:00:00-07:00,92,71,2.2
2025-09-10T07:30:00-07:00,92,71,1.3
2025-09-10T08:00:00-07:00,92,72,1.6
2025-09-10T08:30:00-07:00,86,72,0.4
2025-09-10T09:00:00-07:00,84,73,0.2
2025-09-10T09:30:00-07:00,79,74,0.6
2025-09-10T10:00:00-07:00,72,74,0
2025-09-10T10:30:00-07:00,68,75,0.5
2025-09-10T11:00:00-07:00,66,76,0.8
2025-09-10T11:30:00-07:00,61,77,0.2
2025-09-10T12:00:00-07:00,57,78,0.1
2025-09-10T12:30:00-07:00,55,79,0.2
2025-09-10T13:00:00-07:00,53,79,0.2
2025-09-10T13:30:00-07:00,52,79,0.1
2025-09-10T14:00:00-07:00,51,79,0.1
2025-09-10T14:30:00-07:00,50,80,0.3
2025-09-10T15:00:00-07:00,47,81,0.2
2025-09-10T15:30:00-07:00,44,84,0.5
2025-09-10T16:00:00-07:00,41,85,0.7
2025-09-10T16:30:00-07:00,40,86,0.3
2025-09-10T17:00:00-07:00,41,85,0.1
2025-09-10T17:30:00-07:00,45,81,1.5
2025-09-10T18:00:00-07:00,50,79,3.4
2025-09-10T18:30:00-07:00,54,77,4.1
2025-09-10T19:00:00-07:00,56,75,4
2025-09-10T19:30:00-07:00,57,74,5.9
2025-09-10T20:00:00-07:00,58,74,6.6
2025-09-10T20:30:00-07:00,59,73,6.8
2025-09-10T21:00:00-07:00,61,73,8
2025-09-10T21:30:00-07:00,60,73,8
2025-09-10T22:00:00-07:00,60,73,7.6
2025-09-10T22:30:00-07:00,59,73,7.4
2025-09-10T23:00:00-07:00,60,73,7.1
2025-09-10T23:30:00-07:00,61,73,6.5
2025-09-11T00:00:00-07:00,62,73,6.5
2025-09-11T00:30:00-07:00,65,73,7.6
2025-09-11T01:00:00-07:00,67,72,8.3
2025-09-11T01:30:00-07:00,66,72,7.8
2025-09-11T02:00:00-07:00,65,72,7.5
2025-09-11T02:30:00-07:00,64,72,7.4
2025-09-11T03:00:00-07:00,64,72,7
2025-09-11T03:30:00-07:00,64,72,6.6
2025-09-11T04:00:00-07:00,65,71,6.7
2025-09-11T04:30:00-07:00,67,71,7.1
2025-09-11T05:00:00-07:00,67,71,6.8
2025-09-11T05:30:00-07:00,66,71,6.1
2025-09-11T06:00:00-07:00,66,71,6.1
2025-09-11T06:30:00-07:00,65,71,5.8
2025-09-11T07:00:00-07:00,64,71,5.9
2025-09-11T07:30:00-07:00,65,70,5.7
2025-09-11T08:00:00-07:00,65,70,5.5
2025-09-11T08:30:00-07:00,64,71,5.9
2025-09-11T09:00:00-07:00,62,72,5.9
2025-09-11T09:30:00-07:00,60,73,6.2
2025-09-11T10:00:00-07:00,57,74,6.1
2025-09-11T10:30:00-07:00,54,75,6.7
2025-09-11T11:00:00-07:00,51,77,6.5
2025-09-11T11:30:00-07:00,50,78,6.5
2025-09-11T12:00:00-07:00,47,79,6.8
2025-09-11T12:30:00-07:00,43,82,6.2
2025-09-11T13:00:00-07:00,40,84,6.4
2025-09-11T13:30:00-07:00,38,85,6.5
2025-09-11T14:00:00-07:00,36,87,6.1
2025-09-11T14:30:00-07:00,35,89,6
2025-09-11T15:00:00-07:00,34,89,5.8
2025-09-11T15:30:00-07:00,35,88,5.9
2025-09-11T16:00:00-07:00,36,88,5.8
2025-09-11T16:30:00-07:00,37,87,6
2025-09-11T17:00:00-07:00,40,84,11.2
2025-09-11T17:30:00-07:00,44,81,7.7
2025-09-11T18:00:00-07:00,48,79,8.2
2025-09-11T18:30:00-07:00,52,77,8.3
2025-09-11T19:00:00-07:00,54,76,7.9
2025-09-11T19:30:00-07:00,56,75,7.7
2025-09-11T20:00:00-07:00,59,74,7.6
2025-09-11T20:30:00-07:00,61,74,7.4
2025-09-11T21:00:00-07:00,62,73,7.7
2025-09-11T21:30:00-07:00,65,72,7.7
2025-09-11T22:00:00-07:00,64,73,7.4
2025-09-11T22:30:00-07:00,66,72,7.6
2025-09-11T23:00:00-07:00,68,71,8.6
2025-09-11T23:30:00-07:00,70,71,9
2025-09-12T00:00:00-07:00,71,70,8.9
2025-09-12T00:30:00-07:00,73,70,9.6
2025-09-12T01:00:00-07:00,75,70,9.7
2025-09-12T01:30:00-07:00,74,70,10.1
2025-09-12T02:00:00-07:00,72,70,10.4
2025-09-12T02:30:00-07:00,72,70,9.9
2025-09-12T03:00:00-07:00,72,71,9.3
2025-09-12T03:30:00-07:00,73,70,8.6
2025-09-12T04:00:00-07:00,73,71,8.6
2025-09-12T04:30:00-07:00,72,71,8.1
2025-09-12T05:00:00-07:00,72,71,7.9
2025-09-12T05:30:00-07:00,71,71,8.2
2025-09-12T06:00:00-07:00,69,71,7.7
2025-09-12T06:30:00-07:00,69,71,7.3
2025-09-12T07:00:00-07:00,69,71,7.2
2025-09-12T07:30:00-07:00,67,71,7
2025-09-12T08:00:00-07:00,67,71,6.7
2025-09-12T08:30:00-07:00,65,72,7
2025-09-12T09:00:00-07:00,64,72,7.2
2025-09-12T09:30:00-07:00,62,73,7.4
2025-09-12T10:00:00-07:00,60,74,7.6
2025-09-12T10:30:00-07:00,57,76,8.7
2025-09-12T11:00:00-07:00,53,77,9.3
2025-09-12T11:30:00-07:00,50,79,8.2
2025-09-12T12:00:00-07:00,46,82,8.2
2025-09-12T12:30:00-07:00,42,84,8.6
2025-09-12T13:00:00-07:00,41,86,6.9
2025-09-12T13:30:00-07:00,38,87,6.4
2025-09-12T14:00:00-07:00,36,88,6.2
2025-09-12T14:30:00-07:00,35,89,5.9
2025-09-12T15:00:00-07:00,35,88,6
2025-09-12T15:30:00-07:00,35,88,6.8
2025-09-12T16:00:00-07:00,35,88,6.8
2025-09-12T16:30:00-07:00,35,87,6
2025-09-12T17:00:00-07:00,37,85,5.9
2025-09-12T17:30:00-07:00,41,83,5.3
2025-09-12T18:00:00-07:00,45,79,4.7
2025-09-12T18:30:00-07:00,49,76,5.2
2025-09-12T19:00:00-07:00,53,74,4.3
2025-09-12T19:30:00-07:00,57,73,4.3
2025-09-12T20:00:00-07:00,59,72,4.5
2025-09-12T20:30:00-07:00,60,72,4.6
2025-09-12T21:00:00-07:00,61,71,4.8
2025-09-12T21:30:00-07:00,62,71,4.7
2025-09-12T22:00:00-07:00,63,70,4.6
2025-09-12T22:30:00-07:00,64,70,4.7
2025-09-12T23:00:00-07:00,65,70,5.1
2025-09-12T23:30:00-07:00,65,71,5.1
2025-09-13T00:00:00-07:00,65,70,4.4
2025-09-13T00:30:00-07:00,66,70,4.4
2025-09-13T01:00:00-07:00,66,70,4.5
2025-09-13T01:30:00-07:00,67,70,4.5
2025-09-13T02:00:00-07:00,69,69,4.8
2025-09-13T02:30:00-07:00,71,68,4.8
2025-09-13T03:00:00-07:00,73,67,4.8
2025-09-13T03:30:00-07:00,74,67,4.8
2025-09-13T04:00:00-07:00,73,68,4.6
2025-09-13T04:30:00-07:00,72,69,4.7
2025-09-13T05:00:00-07:00,71,69,4.3
2025-09-13T05:30:00-07:00,70,69,4.2
2025-09-13T06:00:00-07:00,70,69,4.3
2025-09-13T06:30:00-07:00,69,70,4.8
2025-09-13T07:00:00-07:00,68,70,5.6
2025-09-13T07:30:00-07:00,66,70,6.7
2025-09-13T08:00:00-07:00,65,70,5.1
2025-09-13T08:30:00-07:00,63,71,4.8
2025-09-13T09:00:00-07:00,62,71,4.7
2025-09-13T09:30:00-07:00,61,72,4.6
2025-09-13T10:00:00-07:00,59,73,4.4
2025-09-13T10:30:00-07:00,58,73,4.7
2025-09-13T11:00:00-07:00,55,74,4.9
2025-09-13T11:30:00-07:00,52,76,5.8
2025-09-13T12:00:00-07:00,50,77,6.2
2025-09-13T12:30:00-07:00,47,79,6.3
2025-09-13T13:00:00-07:00,45,80,6
2025-09-13T13:30:00-07:00,43,80,5.5
2025-09-13T14:00:00-07:00,40,83,4.5
2025-09-13T14:30:00-07:00,37,85,4.6
2025-09-13T15:00:00-07:00,36,85,4.3
2025-09-13T15:30:00-07:00,36,85,3.8
2025-09-13T16:00:00-07:00,35,85,4.1
2025-09-13T16:30:00-07:00,36,85,3.4
2025-09-13T17:00:00-07:00,37,83,3.7
2025-09-13T17:30:00-07:00,39,81,3.4
2025-09-13T18:00:00-07:00,41,80,3
2025-09-13T18:30:00-07:00,46,78,2.5
2025-09-13T19:00:00-07:00,48,76,2.5
2025-09-13T19:30:00-07:00,52,74,2.3
2025-09-13T20:00:00-07:00,55,74,1.5
2025-09-13T20:30:00-07:00,58,73,1.3
2025-09-13T21:00:00-07:00,60,73,1.3
2025-09-13T21:30:00-07:00,60,73,1.5
2025-09-13T22:00:00-07:00,61,73,2.2
2025-09-13T22:30:00-07:00,62,73,1.9
2025-09-13T23:00:00-07:00,63,73,1.5
2025-09-13T23:30:00-07:00,62,73,1.1
2025-09-14T00:00:00-07:00,62,73,1
2025-09-14T00:30:00-07:00,61,72,1.5
2025-09-14T01:00:00-07:00,60,72,1.9
2025-09-14T01:30:00-07:00,63,72,1.5
2025-09-14T02:00:00-07:00,66,72,1.3
2025-09-14T02:30:00-07:00,68,72,1.7
2025-09-14T03:00:00-07:00,69,72,1.5
2025-09-14T03:30:00-07:00,71,72,1.5
2025-09-14T04:00:00-07:00,70,72,1.4
2025-09-14T04:30:00-07:00,70,72,1.6
2025-09-14T05:00:00-07:00,70,72,1.7
2025-09-14T05:30:00-07:00,70,72,1.6
2025-09-14T06:00:00-07:00,71,72,1.6
2025-09-14T06:30:00-07:00,71,72,1.9
2025-09-14T07:00:00-07:00,68,72,1.7
2025-09-14T07:30:00-07:00,65,72,1.7
2025-09-14T08:00:00-07:00,64,73,1.8
2025-09-14T08:30:00-07:00,63,74,1.8
2025-09-14T09:00:00-07:00,60,75,1.8
2025-09-14T09:30:00-07:00,57,76,1.9
2025-09-14T10:00:00-07:00,55,77,2
2025-09-14T10:30:00-07:00,53,79,1.6
2025-09-14T11:00:00-07:00,50,80,1.5
2025-09-14T11:30:00-07:00,48,82,1.3
2025-09-14T12:00:00-07:00,47,83,3.7
2025-09-14T12:30:00-07:00,45,85,4.6
2025-09-14T13:00:00-07:00,42,86,1.9
2025-09-14T13:30:00-07:00,40,88,1.8
2025-09-14T14:00:00-07:00,38,90,1.8
2025-09-14T14:30:00-07:00,37,92,1.6
2025-09-14T15:00:00-07:00,37,91,1.4
2025-09-14T15:30:00-07:00,38,91,1.2
2025-09-14T16:00:00-07:00,38,92,0.9
2025-09-14T16:30:00-07:00,40,91,1.5
2025-09-14T17:00:00-07:00,42,89,0.2
2025-09-14T17:30:00-07:00,45,87,0.2
2025-09-14T18:00:00-07:00,50,83,0.5
2025-09-14T18:30:00-07:00,53,81,0.1
2025-09-14T19:00:00-07:00,57,79,0.1
2025-09-14T19:30:00-07:00,60,77,0.2
2025-09-14T20:00:00-07:00,63,76,0.1
2025-09-14T20:30:00-07:00,65,75,0.2
2025-09-14T21:00:00-07:00,67,74,0.2
2025-09-14T21:30:00-07:00,66,74,0.3
2025-09-14T22:00:00-07:00,67,73,0.2
2025-09-14T22:30:00-07:00,69,72,0.2
2025-09-14T23:00:00-07:00,71,71,0.4
2025-09-14T23:30:00-07:00,75,70,0.7
2025-09-15T00:00:00-07:00,76,69,0.4
2025-09-15T00:30:00-07:00,75,69,0.2
2025-09-15T01:00:00-07:00,74,69,0.1
2025-09-15T01:30:00-07:00,73,68,0.1
2025-09-15T02:00:00-07:00,71,68,0
2025-09-15T02:30:00-07:00,73,67,0.1
2025-09-15T03:00:00-07:00,74,67,0
2025-09-15T03:30:00-07:00,74,67,0.1
2025-09-15T04:00:00-07:00,74,66,0
2025-09-15T04:30:00-07:00,74,66,0
2025-09-15T05:00:00-07:00,75,66,0
2025-09-15T05:30:00-07:00,76,66,0
2025-09-15T06:00:00-07:00,78,65,0.1
2025-09-15T06:30:00-07:00,78,65,0.1
2025-09-15T07:00:00-07:00,76,66,0.3
2025-09-15T07:30:00-07:00,76,67,1.3
2025-09-15T08:00:00-07:00,75,68,2.5
2025-09-15T08:30:00-07:00,74,70,6.7
2025-09-15T09:00:00-07:00,71,72,8.7
2025-09-15T09:30:00-07:00,66,73,5.1
2025-09-15T10:00:00-07:00,60,76,3.6
2025-09-15T10:30:00-07:00,56,78,3.8
2025-09-15T11:00:00-07:00,50,81,3.8
2025-09-15T11:30:00-07:00,46,83,4.6
2025-09-15T12:00:00-07:00,42,86,5.2
2025-09-15T12:30:00-07:00,38,89,5
2025-09-15T13:00:00-07:00,33,93,5.1
2025-09-15T13:30:00-07:00,30,96,4.6
2025-09-15T14:00:00-07:00,27,100,4.6
2025-09-15T14:30:00-07:00,24,102,4.5
2025-09-15T15:00:00-07:00,23,103,4.5
2025-09-15T15:30:00-07:00,22,104,4.7
2025-09-15T16:00:00-07:00,21,104,5.3
2025-09-15T16:30:00-07:00,21,104,5.9
2025-09-15T17:00:00-07:00,21,102,5.3
2025-09-15T17:30:00-07:00,22,100,4.8
2025-09-15T18:00:00-07:00,24,96,4.6
2025-09-15T18:30:00-07:00,27,93,4.7
2025-09-15T19:00:00-07:00,33,91,3.7
2025-09-15T19:30:00-07:00,37,88,3.8
2025-09-15T20:00:00-07:00,39,86,3.7
2025-09-15T20:30:00-07:00,41,84,3.8
2025-09-15T21:00:00-07:00,43,82,4.3
2025-09-15T21:30:00-07:00,42,81,4.6
2025-09-15T22:00:00-07:00,43,80,4.8
2025-09-15T22:30:00-07:00,44,78,5.1
2025-09-15T23:00:00-07:00,45,78,5.1
2025-09-15T23:30:00-07:00,47,76,11.7
2025-09-16T00:00:00-07:00,48,76,7.9
2025-09-16T00:30:00-07:00,46,76,4.6
2025-09-16T01:00:00-07:00,45,76,4.3
2025-09-16T01:30:00-07:00,46,76,4.7
2025-09-16T02:00:00-07:00,49,75,4.8
2025-09-16T02:30:00-07:00,49,74,4.6
2025-09-16T03:00:00-07:00,47,73,4.4
2025-09-16T03:30:00-07:00,48,73,4.5
2025-09-16T04:00:00-07:00,48,73,4.4
2025-09-16T04:30:00-07:00,49,73,4.4
2025-09-16T05:00:00-07:00,49,72,4.7
2025-09-16T05:30:00-07:00,51,72,4.7
2025-09-16T06:00:00-07:00,52,71,4.8
2025-09-16T06:30:00-07:00,52,71,5.1
2025-09-16T07:00:00-07:00,53,71,5.2
2025-09-16T07:30:00-07:00,53,71,5
2025-09-16T08:00:00-07:00,52,73,5.4
2025-09-16T08:30:00-07:00,50,76,6.8
2025-09-16T09:00:00-07:00,48,78,6.1
2025-09-16T09:30:00-07:00,45,80,6.1
2025-09-16T10:00:00-07:00,42,82,6.5
2025-09-16T10:30:00-07:00,39,84,6.1
2025-09-16T11:00:00-07:00,36,86,5.8
2025-09-16T11:30:00-07:00,34,89,6.2
2025-09-16T12:00:00-07:00,33,93,6.9
2025-09-16T12:30:00-07:00,30,95,6.3
2025-09-16T13:00:00-07:00,28,97,6
2025-09-16T13:30:00-07:00,26,99,5.7
2025-09-16T14:00:00-07:00,24,101,4.9
2025-09-16T14:30:00-07:00,23,103,5.1
2025-09-16T15:00:00-07:00,23,102,5.4
2025-09-16T15:30:00-07:00,23,102,5.9
2025-09-16T16:00:00-07:00,23,102,6.3
2025-09-16T16:30:00-07:00,22,102,6.7
2025-09-16T17:00:00-07:00,25,99,4.7
2025-09-16T17:30:00-07:00,27,96,5.1
2025-09-16T18:00:00-07:00,30,92,4.4
2025-09-16T18:30:00-07:00,32,90,4
2025-09-16T19:00:00-07:00,35,88,4.2
2025-09-16T19:30:00-07:00,40,85,5.1
2025-09-16T20:00:00-07:00,45,83,5.5
2025-09-16T20:30:00-07:00,49,81,5.9
2025-09-16T21:00:00-07:00,52,80,6.3
2025-09-16T21:30:00-07:00,55,79,7
2025-09-16T22:00:00-07:00,57,77,7.3
2025-09-16T22:30:00-07:00,54,76,6.2
2025-09-16T23:00:00-07:00,56,76,7.3
2025-09-16T23:30:00-07:00,57,75,8.4
2025-09-17T00:00:00-07:00,58,74,9.2
2025-09-17T00:30:00-07:00,57,73,7.6
2025-09-17T01:00:00-07:00,59,72,7.5
2025-09-17T01:30:00-07:00,62,72,7.8
2025-09-17T02:00:00-07:00,62,71,7.9
2025-09-17T02:30:00-07:00,63,70,7.5
2025-09-17T03:00:00-07:00,64,70,7.6
2025-09-17T03:30:00-07:00,66,69,8
2025-09-17T04:00:00-07:00,66,69,7.5
2025-09-17T04:30:00-07:00,69,69,8.2
2025-09-17T05:00:00-07:00,67,68,7.7
2025-09-17T05:30:00-07:00,67,68,7.7
2025-09-17T06:00:00-07:00,68,67,7.8
2025-09-17T06:30:00-07:00,69,67,8
2025-09-17T07:00:00-07:00,70,67,8
2025-09-17T07:30:00-07:00,69,68,9
2025-09-17T08:00:00-07:00,68,70,9.5
2025-09-17T08:30:00-07:00,66,72,10.5
2025-09-17T09:00:00-07:00,63,73,10.8
2025-09-17T09:30:00-07:00,60,76,10.7
2025-09-17T10:00:00-07:00,56,77,10.7
2025-09-17T10:30:00-07:00,52,80,9.2
2025-09-17T11:00:00-07:00,47,82,7.4
2025-09-17T11:30:00-07:00,43,85,6.2
2025-09-17T12:00:00-07:00,39,88,6.1
2025-09-17T12:30:00-07:00,37,91,6.4
2025-09-17T13:00:00-07:00,35,93,6.9
2025-09-17T13:30:00-07:00,30,95,6.2
2025-09-17T14:00:00-07:00,26,98,5.7
2025-09-17T14:30:00-07:00,24,100,6.4
2025-09-17T15:00:00-07:00,24,102,5.9
2025-09-17T15:30:00-07:00,22,103,5.5
2025-09-17T16:00:00-07:00,19,104,4.6
2025-09-17T16:30:00-07:00,19,101,3.7
2025-09-17T17:00:00-07:00,23,98,3.6
2025-09-17T17:30:00-07:00,24,95,3.6
2025-09-17T18:00:00-07:00,28,92,3.3
2025-09-17T18:30:00-07:00,33,89,5
2025-09-17T19:00:00-07:00,37,87,4.1
2025-09-17T19:30:00-07:00,41,85,4.3
2025-09-17T20:00:00-07:00,41,83,4.1
2025-09-17T20:30:00-07:00,42,82,3.8
2025-09-17T21:00:00-07:00,44,81,3.9
2025-09-17T21:30:00-07:00,46,80,3.9
2025-09-17T22:00:00-07:00,49,79,4.1
2025-09-17T22:30:00-07:00,49,78,4.7
2025-09-17T23:00:00-07:00,46,77,4.5
2025-09-17T23:30:00-07:00,46,77,4.5
2025-09-18T00:00:00-07:00,49,76,4.7
2025-09-18T00:30:00-07:00,45,75,4.3
2025-09-18T01:00:00-07:00,42,75,3.7
2025-09-18T01:30:00-07:00,41,75,3.4
2025-09-18T02:00:00-07:00,42,74,3.5
2025-09-18T02:30:00-07:00,44,73,3.7
2025-09-18T03:00:00-07:00,43,73,3.4
2025-09-18T03:30:00-07:00,45,72,3.4
2025-09-18T04:00:00-07:00,50,72,4.1
2025-09-18T04:30:00-07:00,50,72,4.7
2025-09-18T05:00:00-07:00,50,71,4.5
2025-09-18T05:30:00-07:00,51,71,4.8
2025-09-18T06:00:00-07:00,52,72,5.6
2025-09-18T06:30:00-07:00,54,72,6.3
2025-09-18T07:00:00-07:00,54,71,6.1
2025-09-18T07:30:00-07:00,54,72,6.6
2025-09-18T08:00:00-07:00,54,73,6.9
2025-09-18T08:30:00-07:00,55,73,7.6
2025-09-18T09:00:00-07:00,56,74,7.6
2025-09-18T09:30:00-07:00,55,75,8.4
2025-09-18T10:00:00-07:00,53,77,8.6
2025-09-18T10:30:00-07:00,50,79,7.5
2025-09-18T11:00:00-07:00,45,79,6.5
2025-09-18T11:30:00-07:00,44,80,7.1
2025-09-18T12:00:00-07:00,44,81,7.9
2025-09-18T12:30:00-07:00,42,82,5.4
2025-09-18T13:00:00-07:00,41,83,4.8
2025-09-18T13:30:00-07:00,40,84,5.2
2025-09-18T14:00:00-07:00,42,84,6.2
2025-09-18T14:30:00-07:00,43,84,5.7
2025-09-18T15:00:00-07:00,43,83,5.8
2025-09-18T15:30:00-07:00,43,82,6.3
2025-09-18T16:00:00-07:00,45,81,7.4
2025-09-18T16:30:00-07:00,48,79,6.5
2025-09-18T17:00:00-07:00,49,78,6
2025-09-18T17:30:00-07:00,49,78,5.8
2025-09-18T18:00:00-07:00,49,77,5.2
2025-09-18T18:30:00-07:00,50,77,5.3
2025-09-18T19:00:00-07:00,52,76,5.3
2025-09-18T19:30:00-07:00,53,75,4.9
2025-09-18T20:00:00-07:00,54,75,4.8
2025-09-18T20:30:00-07:00,55,74,5.1
2025-09-18T21:00:00-07:00,57,74,4.9
2025-09-18T21:30:00-07:00,59,73,5.1
2025-09-18T22:00:00-07:00,61,73,6
2025-09-18T22:30:00-07:00,62,73,6.7
2025-09-18T23:00:00-07:00,63,73,6.8
2025-09-18T23:30:00-07:00,66,72,7.1
2025-09-19T00:00:00-07:00,67,72,7.5
2025-09-19T00:30:00-07:00,68,71,7.7
2025-09-19T01:00:00-07:00,67,71,8
2025-09-19T01:30:00-07:00,67,70,7.7
2025-09-19T02:00:00-07:00,68,70,6.8
2025-09-19T02:30:00-07:00,69,70,6.3
2025-09-19T03:00:00-07:00,70,70,6.7
2025-09-19T03:30:00-07:00,70,70,7.1
2025-09-19T04:00:00-07:00,71,70,8.9
2025-09-19T04:30:00-07:00,71,70,9.3
2025-09-19T05:00:00-07:00,71,70,8
2025-09-19T05:30:00-07:00,71,69,8.2
2025-09-19T06:00:00-07:00,74,69,8.3
2025-09-19T06:30:00-07:00,74,70,8.5
2025-09-19T07:00:00-07:00,72,70,7.2
2025-09-19T07:30:00-07:00,71,71,7.1
2025-09-19T08:00:00-07:00,69,71,6.8
2025-09-19T08:30:00-07:00,69,72,8.5
2025-09-19T09:00:00-07:00,66,73,9.5
2025-09-19T09:30:00-07:00,63,74,8.9
2025-09-19T10:00:00-07:00,60,75,8.4
2025-09-19T10:30:00-07:00,56,77,7.8
2025-09-19T11:00:00-07:00,52,78,8.3
2025-09-19T11:30:00-07:00,49,81,8.9
2025-09-19T12:00:00-07:00,44,83,7.7
2025-09-19T12:30:00-07:00,40,86,7
2025-09-19T13:00:00-07:00,37,89,7.3
2025-09-19T13:30:00-07:00,34,91,7.5
2025-09-19T14:00:00-07:00,31,92,6.7
2025-09-19T14:30:00-07:00,30,94,5.3
2025-09-19T15:00:00-07:00,30,93,4.2
2025-09-19T15:30:00-07:00,33,92,3.8
2025-09-19T16:00:00-07:00,33,90,2.8
2025-09-19T16:30:00-07:00,33,90,2.4
2025-09-19T17:00:00-07:00,35,88,2.6
2025-09-19T17:30:00-07:00,38,86,2.6
2025-09-19T18:00:00-07:00,41,84,2.9
2025-09-19T18:30:00-07:00,44,81,3.1
2025-09-19T19:00:00-07:00,47,79,3.5
2025-09-19T19:30:00-07:00,50,78,3.9
2025-09-19T20:00:00-07:00,54,76,4.5
2025-09-19T20:30:00-07:00,57,76,5
2025-09-19T21:00:00-07:00,58,75,5.6
2025-09-19T21:30:00-07:00,59,75,5.8
2025-09-19T22:00:00-07:00,61,74,5.9
2025-09-19T22:30:00-07:00,63,73,6.3
2025-09-19T23:00:00-07:00,65,72,5.8
2025-09-19T23:30:00-07:00,66,72,5.2
2025-09-20T00:00:00-07:00,66,72,5.8
2025-09-20T00:30:00-07:00,66,71,5.7
2025-09-20T01:00:00-07:00,67,71,5.1
2025-09-20T01:30:00-07:00,69,70,5.2
2025-09-20T02:00:00-07:00,69,70,5
2025-09-20T02:30:00-07:00,70,69,5.4
2025-09-20T03:00:00-07:00,71,69,5.8
2025-09-20T03:30:00-07:00,73,68,5.4
2025-09-20T04:00:00-07:00,74,68,5.1
2025-09-20T04:30:00-07:00,74,68,4.8
2025-09-20T05:00:00-07:00,74,68,4.5
2025-09-20T05:30:00-07:00,75,68,4.8
2025-09-20T06:00:00-07:00,76,67,4.5
2025-09-20T06:30:00-07:00,77,67,5.3
2025-09-20T07:00:00-07:00,77,67,4.4
2025-09-20T07:30:00-07:00,75,68,4.4
2025-09-20T08:00:00-07:00,74,70,5.3
2025-09-20T08:30:00-07:00,72,72,6.4
2025-09-20T09:00:00-07:00,67,74,6.8
2025-09-20T09:30:00-07:00,63,75,7.6
2025-09-20T10:00:00-07:00,60,76,7.9
2025-09-20T10:30:00-07:00,57,78,8.6
2025-09-20T11:00:00-07:00,54,80,9.6
2025-09-20T11:30:00-07:00,51,81,10.5
2025-09-20T12:00:00-07:00,47,84,9.8
2025-09-20T12:30:00-07:00,42,86,9.5
2025-09-20T13:00:00-07:00,38,88,7
2025-09-20T13:30:00-07:00,35,90,5.3
2025-09-20T14:00:00-07:00,33,92,5.1
2025-09-20T14:30:00-07:00,30,94,4.7
2025-09-20T15:00:00-07:00,30,93,3.8
2025-09-20T15:30:00-07:00,30,93,3.1
2025-09-20T16:00:00-07:00,30,92,2.5
2025-09-20T16:30:00-07:00,31,91,3
2025-09-20T17:00:00-07:00,33,89,3.2
2025-09-20T17:30:00-07:00,37,87,7.8
2025-09-20T18:00:00-07:00,39,84,4.1
2025-09-20T18:30:00-07:00,42,81,3.7
2025-09-20T19:00:00-07:00,45,79,3.7
2025-09-20T19:30:00-07:00,49,78,4.1
2025-09-20T20:00:00-07:00,53,76,4.3
2025-09-20T20:30:00-07:00,56,76,4.7
2025-09-20T21:00:00-07:00,57,75,4.7
2025-09-20T21:30:00-07:00,59,74,4.9
2025-09-20T22:00:00-07:00,62,73,6.9
2025-09-20T22:30:00-07:00,66,72,5.4
2025-09-20T23:00:00-07:00,67,71,5.5
2025-09-20T23:30:00-07:00,69,71,5.3
2025-09-21T00:00:00-07:00,71,71,4.9
2025-09-21T00:30:00-07:00,73,71,5.3
2025-09-21T01:00:00-07:00,74,71,5.3
2025-09-21T01:30:00-07:00,75,71,5.5
2025-09-21T02:00:00-07:00,75,70,6.1
2025-09-21T02:30:00-07:00,76,70,6.2
2025-09-21T03:00:00-07:00,76,70,5.8
2025-09-21T03:30:00-07:00,73,69,4.5
2025-09-21T04:00:00-07:00,76,69,4.5
2025-09-21T04:30:00-07:00,79,69,5.3
2025-09-21T05:00:00-07:00,82,69,6
2025-09-21T05:30:00-07:00,81,70,6
2025-09-21T06:00:00-07:00,80,70,5.3
2025-09-21T06:30:00-07:00,79,70,6.1
2025-09-21T07:00:00-07:00,78,71,5.4
2025-09-21T07:30:00-07:00,76,71,4.9
2025-09-21T08:00:00-07:00,75,71,4.2
2025-09-21T08:30:00-07:00,74,71,4
2025-09-21T09:00:00-07:00,72,71,22.1
2025-09-21T09:30:00-07:00,70,71,7.3
2025-09-21T10:00:00-07:00,69,71,1.6
2025-09-21T10:30:00-07:00,66,73,2
2025-09-21T11:00:00-07:00,62,74,2.4
2025-09-21T11:30:00-07:00,58,76,2.9
2025-09-21T12:00:00-07:00,53,78,2.9
2025-09-21T12:30:00-07:00,47,81,3
2025-09-21T13:00:00-07:00,42,84,2.8
2025-09-21T13:30:00-07:00,38,88,3.6
2025-09-21T14:00:00-07:00,35,90,3.7
2025-09-21T14:30:00-07:00,33,92,3
2025-09-21T15:00:00-07:00,31,93,2.7
2025-09-21T15:30:00-07:00,31,92,3.4
2025-09-21T16:00:00-07:00,30,93,3.8
2025-09-21T16:30:00-07:00,30,93,4.1
2025-09-21T17:00:00-07:00,30,93,4.2
2025-09-21T17:30:00-07:00,32,91,4.2
2025-09-21T18:00:00-07:00,34,89,3.9
2025-09-21T18:30:00-07:00,39,86,4.5
2025-09-21T19:00:00-07:00,40,84,4.2
2025-09-21T19:30:00-07:00,45,81,5.5
2025-09-21T20:00:00-07:00,50,79,5.8
2025-09-21T20:30:00-07:00,53,78,5.9
2025-09-21T21:00:00-07:00,58,76,6
2025-09-21T21:30:00-07:00,61,75,6.5
2025-09-21T22:00:00-07:00,64,74,6.9
2025-09-21T22:30:00-07:00,63,73,6.4
2025-09-21T23:00:00-07:00,63,71,5.9
2025-09-21T23:30:00-07:00,65,71,6.2
2025-09-22T00:00:00-07:00,68,71,6.6
2025-09-22T00:30:00-07:00,65,70,5.6
2025-09-22T01:00:00-07:00,64,69,5.3
2025-09-22T01:30:00-07:00,61,69,4.7
2025-09-22T02:00:00-07:00,61,68,4.3
2025-09-22T02:30:00-07:00,59,68,3.5
2025-09-22T03:00:00-07:00,61,67,3.6
2025-09-22T03:30:00-07:00,61,67,3.8
2025-09-22T04:00:00-07:00,61,66,3.3
2025-09-22T04:30:00-07:00,61,66,3.4
2025-09-22T05:00:00-07:00,61,66,3.2
2025-09-22T05:30:00-07:00,60,65,3
2025-09-22T06:00:00-07:00,60,65,3
2025-09-22T06:30:00-07:00,61,65,3.3
2025-09-22T07:00:00-07:00,62,65,3.6
2025-09-22T07:30:00-07:00,64,67,4.7
2025-09-22T08:00:00-07:00,65,68,4.5
2025-09-22T08:30:00-07:00,63,71,4.9
2025-09-22T09:00:00-07:00,60,73,5.3
2025-09-22T09:30:00-07:00,57,74,5.8
2025-09-22T10:00:00-07:00,53,77,5.8
2025-09-22T10:30:00-07:00,47,79,5.1
2025-09-22T11:00:00-07:00,41,82,4.5
2025-09-22T11:30:00-07:00,38,84,4.4
2025-09-22T12:00:00-07:00,36,87,4.2
2025-09-22T12:30:00-07:00,33,89,4.5
2025-09-22T13:00:00-07:00,32,92,4.9
2025-09-22T13:30:00-07:00,29,95,4.4
2025-09-22T14:00:00-07:00,25,97,3.7
2025-09-22T14:30:00-07:00,23,100,4
2025-09-22T15:00:00-07:00,22,100,3.6
2025-09-22T15:30:00-07:00,22,100,4.2
2025-09-22T16:00:00-07:00,22,101,4.8
2025-09-22T16:30:00-07:00,21,101,5
2025-09-22T17:00:00-07:00,22,99,4.9
2025-09-22T17:30:00-07:00,24,97,4.9
2025-09-22T18:00:00-07:00,27,94,6.6
2025-09-22T18:30:00-07:00,31,91,6.2
2025-09-22T19:00:00-07:00,34,89,6.2
2025-09-22T19:30:00-07:00,37,86,6.8
2025-09-22T20:00:00-07:00,40,84,7.1
2025-09-22T20:30:00-07:00,44,82,5.9
2025-09-22T21:00:00-07:00,45,80,6.7
2025-09-22T21:30:00-07:00,46,79,6.5
2025-09-22T22:00:00-07:00,46,78,6.7
2025-09-22T22:30:00-07:00,48,77,5.9
2025-09-22T23:00:00-07:00,49,76,5.9
2025-09-22T23:30:00-07:00,52,74,6.3
2025-09-23T00:00:00-07:00,50,74,5.1
2025-09-23T00:30:00-07:00,49,74,4.5
2025-09-23T01:00:00-07:00,49,73,4.1
2025-09-23T01:30:00-07:00,48,73,3.8
2025-09-23T02:00:00-07:00,47,73,3.4
2025-09-23T02:30:00-07:00,48,72,3.4
2025-09-23T03:00:00-07:00,47,72,3.2
2025-09-23T03:30:00-07:00,48,72,3.3
2025-09-23T04:00:00-07:00,48,72,3.3
2025-09-23T04:30:00-07:00,49,71,3.3
2025-09-23T05:00:00-07:00,50,71,3.6
2025-09-23T05:30:00-07:00,50,71,3.9
2025-09-23T06:00:00-07:00,49,71,3.8
2025-09-23T06:30:00-07:00,50,71,4.2
2025-09-23T07:00:00-07:00,50,71,4.5
2025-09-23T07:30:00-07:00,50,71,4.6
2025-09-23T08:00:00-07:00,50,72,5.1
2025-09-23T08:30:00-07:00,47,75,4.7
2025-09-23T09:00:00-07:00,46,77,5.2
2025-09-23T09:30:00-07:00,43,80,5.2
2025-09-23T10:00:00-07:00,39,82,5.5
2025-09-23T10:30:00-07:00,38,85,7.3
2025-09-23T11:00:00-07:00,36,88,7.1
2025-09-23T11:30:00-07:00,32,91,5.8
2025-09-23T12:00:00-07:00,29,94,5.6
2025-09-23T12:30:00-07:00,26,97,5.2
2025-09-23T13:00:00-07:00,24,99,5.2
2025-09-23T13:30:00-07:00,21,101,4.5
2025-09-23T14:00:00-07:00,19,104,4.4
2025-09-23T14:30:00-07:00,17,107,5.1
2025-09-23T15:00:00-07:00,16,108,5.5
2025-09-23T15:30:00-07:00,15,107,6
2025-09-23T16:00:00-07:00,16,108,6
2025-09-23T16:30:00-07:00,18,108,6.8
2025-09-23T17:00:00-07:00,19,106,6.2
2025-09-23T17:30:00-07:00,22,102,5.7
2025-09-23T18:00:00-07:00,23,98,5.7
2025-09-23T18:30:00-07:00,23,95,5.7
2025-09-23T19:00:00-07:00,26,93,6
2025-09-23T19:30:00-07:00,30,90,6
2025-09-23T20:00:00-07:00,34,88,6
2025-09-23T20:30:00-07:00,37,86,6.5
2025-09-23T21:00:00-07:00,39,85,6
2025-09-23T21:30:00-07:00,39,83,6.4
2025-09-23T22:00:00-07:00,40,82,6.2
2025-09-23T22:30:00-07:00,40,81,5.7
2025-09-23T23:00:00-07:00,40,81,5.2
2025-09-23T23:30:00-07:00,41,80,5.2
2025-09-24T00:00:00-07:00,43,80,5.6
2025-09-24T00:30:00-07:00,44,79,6.3
2025-09-24T01:00:00-07:00,47,78,6.9
2025-09-24T01:30:00-07:00,48,77,6.6
2025-09-24T02:00:00-07:00,48,77,6.6
2025-09-24T02:30:00-07:00,49,76,6.8
2025-09-24T03:00:00-07:00,51,75,6.9
2025-09-24T03:30:00-07:00,51,75,6.9
2025-09-24T04:00:00-07:00,52,75,6.9
2025-09-24T04:30:00-07:00,53,75,6.4
2025-09-24T05:00:00-07:00,54,75,6.6
2025-09-24T05:30:00-07:00,56,75,7.7
2025-09-24T06:00:00-07:00,57,75,7.8
2025-09-24T06:30:00-07:00,58,75,15.4
2025-09-24T07:00:00-07:00,59,75,10.5
2025-09-24T07:30:00-07:00,57,75,7.3
2025-09-24T08:00:00-07:00,55,76,6.9
2025-09-24T08:30:00-07:00,55,77,8.6
2025-09-24T09:00:00-07:00,53,78,7.7
2025-09-24T09:30:00-07:00,51,79,7.4
2025-09-24T10:00:00-07:00,50,79,7.3
2025-09-24T10:30:00-07:00,49,80,7.3
2025-09-24T11:00:00-07:00,49,80,7.6
2025-09-24T11:30:00-07:00,48,81,7.8
2025-09-24T12:00:00-07:00,46,80,5.8
2025-09-24T12:30:00-07:00,42,81,3.8
2025-09-24T13:00:00-07:00,42,82,4.5
2025-09-24T13:30:00-07:00,46,82,6.1
2025-09-24T14:00:00-07:00,47,82,6.4
2025-09-24T14:30:00-07:00,47,83,5.6
2025-09-24T15:00:00-07:00,39,86,4.7
2025-09-24T15:30:00-07:00,36,86,4.6
2025-09-24T16:00:00-07:00,34,88,7.3
2025-09-24T16:30:00-07:00,32,91,4.6
2025-09-24T17:00:00-07:00,32,90,4.7
2025-09-24T17:30:00-07:00,33,88,4.3
2025-09-24T18:00:00-07:00,34,87,5.1
2025-09-24T18:30:00-07:00,35,85,5.1
2025-09-24T19:00:00-07:00,38,83,5.4
2025-09-24T19:30:00-07:00,37,82,4.5
2025-09-24T20:00:00-07:00,37,82,3.8
2025-09-24T20:30:00-07:00,38,81,3.6
2025-09-24T21:00:00-07:00,39,80,3.8
2025-09-24T21:30:00-07:00,41,79,4.2
2025-09-24T22:00:00-07:00,41,79,3.6
2025-09-24T22:30:00-07:00,43,78,4.3
2025-09-24T23:00:00-07:00,44,78,4.4
2025-09-24T23:30:00-07:00,45,77,5.3
2025-09-25T00:00:00-07:00,47,76,5.5
2025-09-25T00:30:00-07:00,50,75,5.2
2025-09-25T01:00:00-07:00,48,76,4
2025-09-25T01:30:00-07:00,48,77,4.9
2025-09-25T02:00:00-07:00,50,76,5.7
2025-09-25T02:30:00-07:00,53,75,6.3
2025-09-25T03:00:00-07:00,54,75,5.9
2025-09-25T03:30:00-07:00,55,75,6.3
2025-09-25T04:00:00-07:00,56,74,6.3
2025-09-25T04:30:00-07:00,56,74,6.3
2025-09-25T05:00:00-07:00,59,73,6.4
2025-09-25T05:30:00-07:00,60,72,6.4
2025-09-25T06:00:00-07:00,60,72,6.4
2025-09-25T06:30:00-07:00,61,72,6.4
2025-09-25T07:00:00-07:00,61,71,6.6
2025-09-25T07:30:00-07:00,62,72,6.2
2025-09-25T08:00:00-07:00,61,72,6.8
2025-09-25T08:30:00-07:00,60,74,7.1
2025-09-25T09:00:00-07:00,57,76,7.4
2025-09-25T09:30:00-07:00,55,78,8.4
2025-09-25T10:00:00-07:00,50,80,6.3
2025-09-25T10:30:00-07:00,47,81,5.4
2025-09-25T11:00:00-07:00,44,83,4.2
2025-09-25T11:30:00-07:00,40,85,3
2025-09-25T12:00:00-07:00,37,87,3
2025-09-25T12:30:00-07:00,36,88,5.7
2025-09-25T13:00:00-07:00,34,90,6.7
2025-09-25T13:30:00-07:00,32,91,6.6
2025-09-25T14:00:00-07:00,29,92,5.2
2025-09-25T14:30:00-07:00,27,94,4.8
2025-09-25T15:00:00-07:00,29,93,5.7
2025-09-25T15:30:00-07:00,33,90,7.5
2025-09-25T16:00:00-07:00,35,89,7.3
2025-09-25T16:30:00-07:00,36,87,9.3
2025-09-25T17:00:00-07:00,39,85,7.4
2025-09-25T17:30:00-07:00,41,82,8
2025-09-25T18:00:00-07:00,46,79,7.8
2025-09-25T18:30:00-07:00,50,77,8.1
2025-09-25T19:00:00-07:00,53,75,8.7
2025-09-25T19:30:00-07:00,54,74,8.7
2025-09-25T20:00:00-07:00,56,73,8.9
2025-09-25T20:30:00-07:00,58,73,9.2
2025-09-25T21:00:00-07:00,60,72,8.9
2025-09-25T21:30:00-07:00,60,71,9.3
2025-09-25T22:00:00-07:00,60,71,9.3
2025-09-25T22:30:00-07:00,61,70,9.7
2025-09-25T23:00:00-07:00,64,70,9.7
2025-09-25T23:30:00-07:00,65,70,9.7
2025-09-26T00:00:00-07:00,65,70,9.7
2025-09-26T00:30:00-07:00,66,69,10.6
2025-09-26T01:00:00-07:00,67,69,10.5
2025-09-26T01:30:00-07:00,67,70,10.1
2025-09-26T02:00:00-07:00,65,70,10.8
2025-09-26T02:30:00-07:00,66,70,12.3
2025-09-26T03:00:00-07:00,67,71,14.6
2025-09-26T03:30:00-07:00,67,71,16.3
2025-09-26T04:00:00-07:00,66,71,16.4
2025-09-26T04:30:00-07:00,66,71,15.9
2025-09-26T05:00:00-07:00,66,71,14.8
2025-09-26T05:30:00-07:00,66,71,15.6
2025-09-26T06:00:00-07:00,65,71,16.9
2025-09-26T06:30:00-07:00,66,71,15.7
2025-09-26T07:00:00-07:00,66,71,15.4
2025-09-26T07:30:00-07:00,66,71,15
2025-09-26T08:00:00-07:00,65,71,14.6
2025-09-26T08:30:00-07:00,63,71,27.5
2025-09-26T10:00:00-07:00,52,76,15.7
2025-09-26T10:30:00-07:00,51,77,16
2025-09-26T11:00:00-07:00,48,79,15.1
2025-09-26T11:30:00-07:00,45,81,14.5
2025-09-26T12:00:00-07:00,42,84,13.8
2025-09-26T12:30:00-07:00,39,87,13.9
2025-09-26T13:00:00-07:00,36,90,14.3
2025-09-26T13:30:00-07:00,33,92,13.9
2025-09-26T14:00:00-07:00,30,94,13
2025-09-26T14:30:00-07:00,26,97,11.4
2025-09-26T15:00:00-07:00,25,96,10.8
2025-09-26T15:30:00-07:00,25,96,9.8
2025-09-26T16:00:00-07:00,26,96,10
2025-09-26T16:30:00-07:00,27,97,10.6
2025-09-26T17:00:00-07:00,27,95,11.5
2025-09-26T17:30:00-07:00,29,93,12.3
2025-09-26T18:00:00-07:00,31,90,14.6
2025-09-26T18:30:00-07:00,34,87,15.2
2025-09-26T19:00:00-07:00,37,84,16.9
2025-09-26T19:30:00-07:00,39,82,17.3
2025-09-26T20:00:00-07:00,41,80,17.2
2025-09-26T20:30:00-07:00,44,78,19.4
2025-09-26T21:00:00-07:00,45,77,20.1
2025-09-26T21:30:00-07:00,47,76,20.6
2025-09-26T22:00:00-07:00,50,74,21.3
2025-09-26T22:30:00-07:00,52,73,21.8
2025-09-26T23:00:00-07:00,54,73,22.2
2025-09-26T23:30:00-07:00,53,72,22
2025-09-27T00:00:00-07:00,54,72,22.4
2025-09-27T00:30:00-07:00,56,71,22.6
2025-09-27T01:00:00-07:00,58,70,22.1
2025-09-27T01:30:00-07:00,60,70,21.5
2025-09-27T02:00:00-07:00,62,69,21.2
2025-09-27T02:30:00-07:00,63,69,20.3
2025-09-27T03:00:00-07:00,64,69,20.2
2025-09-27T03:30:00-07:00,66,68,18.8
2025-09-27T04:00:00-07:00,65,68,17.5
2025-09-27T04:30:00-07:00,64,68,16.9
2025-09-27T05:00:00-07:00,64,68,16.3
2025-09-27T05:30:00-07:00,65,67,16.2
2025-09-27T06:00:00-07:00,66,67,15.7
2025-09-27T06:30:00-07:00,66,67,15.9
2025-09-27T07:00:00-07:00,66,67,15.7
2025-09-27T07:30:00-07:00,65,68,15.9
2025-09-27T08:00:00-07:00,63,69,15.6
2025-09-27T08:30:00-07:00,60,71,15.6
2025-09-27T09:00:00-07:00,58,72,15.5
2025-09-27T09:30:00-07:00,56,74,13.5
2025-09-27T10:00:00-07:00,53,75,12.6
2025-09-27T10:30:00-07:00,49,77,11.3
2025-09-27T11:00:00-07:00,46,79,10.5
2025-09-27T11:30:00-07:00,44,81,11.6
2025-09-27T12:00:00-07:00,41,83,11.2
2025-09-27T12:30:00-07:00,39,85,10.4
2025-09-27T13:00:00-07:00,36,88,9.7
2025-09-27T13:30:00-07:00,35,89,8.9
2025-09-27T14:00:00-07:00,34,91,7.6
2025-09-27T14:30:00-07:00,33,92,6.8
2025-09-27T15:00:00-07:00,34,90,5.9
2025-09-27T15:30:00-07:00,36,88,5.6
2025-09-27T16:00:00-07:00,36,88,4.6
2025-09-27T16:30:00-07:00,35,90,3.6
2025-09-27T17:00:00-07:00,36,89,3.8
2025-09-27T17:30:00-07:00,38,86,4
2025-09-27T18:00:00-07:00,40,84,6.1
2025-09-27T18:30:00-07:00,43,83,5
2025-09-27T19:00:00-07:00,46,80,5.5
2025-09-27T19:30:00-07:00,49,79,6.5
2025-09-27T20:00:00-07:00,52,77,7.3
2025-09-27T20:30:00-07:00,54,76,7.9
2025-09-27T21:00:00-07:00,56,75,7.4
2025-09-27T21:30:00-07:00,58,75,8.1
2025-09-27T22:00:00-07:00,60,74,7.4
2025-09-27T22:30:00-07:00,61,74,5.9
2025-09-27T23:00:00-07:00,61,73,3.5
2025-09-27T23:30:00-07:00,61,74,3
2025-09-28T00:00:00-07:00,61,74,2.9
2025-09-28T00:30:00-07:00,61,74,3.6
2025-09-28T01:00:00-07:00,61,74,4.3
2025-09-28T01:30:00-07:00,60,74,4.3
2025-09-28T02:00:00-07:00,61,74,3.9
2025-09-28T02:30:00-07:00,61,74,4.1
2025-09-28T03:00:00-07:00,61,74,4.2
2025-09-28T03:30:00-07:00,61,74,3.8
2025-09-28T04:00:00-07:00,60,74,2.4
2025-09-28T04:30:00-07:00,60,74,1.5
2025-09-28T05:00:00-07:00,59,74,1.1
2025-09-28T05:30:00-07:00,59,74,0.8
2025-09-28T06:00:00-07:00,59,74,0.5
2025-09-28T06:30:00-07:00,58,74,0.7
2025-09-28T07:00:00-07:00,60,74,4.5
2025-09-28T07:30:00-07:00,62,73,2.4
2025-09-28T08:00:00-07:00,63,73,3.3
2025-09-28T08:30:00-07:00,62,73,3.1
2025-09-28T09:00:00-07:00,61,74,5.2
2025-09-28T09:30:00-07:00,58,75,1.9
2025-09-28T10:00:00-07:00,54,76,1.9
2025-09-28T10:30:00-07:00,53,76,2.6
2025-09-28T11:00:00-07:00,52,77,2.4
2025-09-28T11:30:00-07:00,51,77,2.8
2025-09-28T12:00:00-07:00,50,78,2.7
2025-09-28T12:30:00-07:00,48,78,2.2
2025-09-28T13:00:00-07:00,51,79,6.8
2025-09-28T13:30:00-07:00,50,79,12.7
2025-09-28T14:00:00-07:00,49,80,15.7
2025-09-28T14:30:00-07:00,46,82,11.4
2025-09-28T15:00:00-07:00,46,82,7.8
2025-09-28T15:30:00-07:00,45,83,6.7
2025-09-28T16:00:00-07:00,44,82,4.7
2025-09-28T16:30:00-07:00,45,81,4.1
2025-09-28T17:00:00-07:00,45,81,3.7
2025-09-28T17:30:00-07:00,46,80,3.1
2025-09-28T18:00:00-07:00,46,79,3
2025-09-28T18:30:00-07:00,47,78,2.8
2025-09-28T19:00:00-07:00,48,78,2.6
2025-09-28T19:30:00-07:00,48,78,2.5
2025-09-28T20:00:00-07:00,50,77,2.9
2025-09-28T20:30:00-07:00,51,77,1.9
2025-09-28T21:00:00-07:00,52,77,2.2
2025-09-28T21:30:00-07:00,53,76,2.1
2025-09-28T22:00:00-07:00,53,76,3
2025-09-28T22:30:00-07:00,52,76,3.5
2025-09-28T23:00:00-07:00,53,76,3.7
2025-09-28T23:30:00-07:00,54,76,3.6
2025-09-29T00:00:00-07:00,55,76,3.4
2025-09-29T00:30:00-07:00,55,76,3.6
2025-09-29T01:00:00-07:00,55,76,3.7
2025-09-29T01:30:00-07:00,55,76,3.2
2025-09-29T02:00:00-07:00,55,76,3.2
2025-09-29T02:30:00-07:00,55,75,3.4
2025-09-29T03:00:00-07:00,55,75,3.7
2025-09-29T03:30:00-07:00,57,75,2.4
2025-09-29T04:00:00-07:00,58,75,2
2025-09-29T04:30:00-07:00,60,74,2.4
2025-09-29T05:00:00-07:00,62,74,3.1
2025-09-29T05:30:00-07:00,63,73,3.4
2025-09-29T06:00:00-07:00,63,74,3.6
2025-09-29T06:30:00-07:00,63,74,3.8
2025-09-29T07:00:00-07:00,64,74,5.1
2025-09-29T07:30:00-07:00,64,74,5.6
2025-09-29T08:00:00-07:00,65,73,4.7
2025-09-29T08:30:00-07:00,63,74,4.1
2025-09-29T09:00:00-07:00,59,75,3.4
2025-09-29T09:30:00-07:00,57,76,2.6
2025-09-29T10:00:00-07:00,55,76,2.7
2025-09-29T10:30:00-07:00,54,76,2.9
2025-09-29T11:00:00-07:00,52,77,2.9
2025-09-29T11:30:00-07:00,51,77,2.4
2025-09-29T12:00:00-07:00,52,77,4
2025-09-29T12:30:00-07:00,50,77,4.3
2025-09-29T13:00:00-07:00,49,78,4.8
2025-09-29T13:30:00-07:00,45,80,5.1
2025-09-29T14:00:00-07:00,42,82,5
2025-09-29T14:30:00-07:00,39,84,4.9
2025-09-29T15:00:00-07:00,36,85,5.5
2025-09-29T15:30:00-07:00,35,85,5.5
2025-09-29T16:00:00-07:00,33,87,5.9
2025-09-29T16:30:00-07:00,31,88,5.5
2025-09-29T17:00:00-07:00,33,86,6.7
2025-09-29T17:30:00-07:00,38,83,7.5
2025-09-29T18:00:00-07:00,41,81,4.2
2025-09-29T18:30:00-07:00,43,79,2.9
2025-09-29T19:00:00-07:00,45,78,2.6
2025-09-29T19:30:00-07:00,46,77,3.8
2025-09-29T20:00:00-07:00,47,76,4.8
2025-09-29T20:30:00-07:00,49,75,5.1
2025-09-29T21:00:00-07:00,49,76,5.7
2025-09-29T21:30:00-07:00,50,76,6.1
2025-09-29T22:00:00-07:00,52,76,6
2025-09-29T22:30:00-07:00,53,75,5.8
2025-09-29T23:00:00-07:00,53,75,5.2
2025-09-29T23:30:00-07:00,52,75,5.1
2025-09-30T00:00:00-07:00,52,75,5.2
2025-09-30T00:30:00-07:00,53,75,6.2
2025-09-30T01:00:00-07:00,52,75,5.3
2025-09-30T01:30:00-07:00,53,74,7
2025-09-30T02:00:00-07:00,59,73,7.6
2025-09-30T02:30:00-07:00,63,71,9.5
2025-09-30T03:00:00-07:00,73,70,8.8
2025-09-30T03:30:00-07:00,81,69,8.1
2025-09-30T04:00:00-07:00,85,69,7.1
2025-09-30T04:30:00-07:00,86,68,7.1
2025-09-30T05:00:00-07:00,86,68,6.3
2025-09-30T05:30:00-07:00,88,68,6.1
2025-09-30T06:00:00-07:00,87,68,5.3
2025-09-30T06:30:00-07:00,86,68,5
2025-09-30T07:00:00-07:00,87,68,4.7
2025-09-30T07:30:00-07:00,86,68,4.4
2025-09-30T08:00:00-07:00,84,69,3.7
2025-09-30T08:30:00-07:00,78,71,3.7
2025-09-30T09:00:00-07:00,70,73,2.9
2025-09-30T09:30:00-07:00,63,75,3.1
2025-09-30T10:00:00-07:00,59,76,2.8
2025-09-30T10:30:00-07:00,52,78,1.9
2025-09-30T11:00:00-07:00,47,79,1.5
2025-09-30T11:30:00-07:00,43,81,1.5
2025-09-30T12:00:00-07:00,38,82,1.6
2025-09-30T12:30:00-07:00,34,84,1.6
2025-09-30T13:00:00-07:00,32,86,1.9
2025-09-30T13:30:00-07:00,33,86,2.6
2025-09-30T14:00:00-07:00,33,85,2.4
2025-09-30T14:30:00-07:00,34,84,1.7
2025-09-30T15:00:00-07:00,33,85,1.5
2025-09-30T15:30:00-07:00,31,86,1.2
2025-09-30T16:00:00-07:00,31,85,1
2025-09-30T16:30:00-07:00,34,84,1.2
2025-09-30T17:00:00-07:00,36,84,1
2025-09-30T17:30:00-07:00,39,82,1.4
2025-09-30T18:00:00-07:00,42,81,1.6
2025-09-30T18:30:00-07:00,45,79,1.5
2025-09-30T19:00:00-07:00,49,78,1.9
2025-09-30T19:30:00-07:00,50,77,2.1
2025-09-30T20:00:00-07:00,52,77,2.3
2025-09-30T20:30:00-07:00,55,76,2.6
2025-09-30T21:00:00-07:00,56,76,2.8
2025-09-30T21:30:00-07:00,57,76,2.9
2025-09-30T22:00:00-07:00,58,75,3
2025-09-30T22:30:00-07:00,51,75,2.2
2025-09-30T23:00:00-07:00,50,75,2.2
2025-09-30T23:30:00-07:00,52,74,2.2
2025-10-01T00:00:00-07:00,53,74,2
2025-10-01T00:30:00-07:00,53,74,1.5
2025-10-01T01:00:00-07:00,54,74,1.3
2025-10-01T01:30:00-07:00,55,73,4.8
2025-10-01T02:00:00-07:00,56,73,6.6
2025-10-01T02:30:00-07:00,56,73,3.3
2025-10-01T03:00:00-07:00,56,73,1.9
2025-10-01T03:30:00-07:00,56,73,2.1
2025-10-01T04:00:00-07:00,55,73,2.6
2025-10-01T04:30:00-07:00,56,73,1.8
2025-10-01T05:00:00-07:00,57,73,1.7
2025-10-01T05:30:00-07:00,62,72,1.9
2025-10-01T06:00:00-07:00,72,70,2.5
2025-10-01T06:30:00-07:00,76,70,2.1
2025-10-01T07:00:00-07:00,76,70,1.9
2025-10-01T07:30:00-07:00,74,70,2
2025-10-01T08:00:00-07:00,72,70,1.6
2025-10-01T08:30:00-07:00,67,72,1.6
2025-10-01T09:00:00-07:00,59,73,1.3
2025-10-01T09:30:00-07:00,50,74,0.5
2025-10-01T10:00:00-07:00,47,74,0.3
2025-10-01T10:30:00-07:00,48,73,0.1
2025-10-01T11:00:00-07:00,48,74,0.1
2025-10-01T11:30:00-07:00,43,76,0.1
2025-10-01T12:00:00-07:00,41,78,0.1
2025-10-01T12:30:00-07:00,39,80,0.1
2025-10-01T13:00:00-07:00,36,83,0.1
2025-10-01T13:30:00-07:00,35,84,0.1
2025-10-01T14:00:00-07:00,35,83,0.1
2025-10-01T14:30:00-07:00,35,83,0.1
2025-10-01T15:00:00-07:00,36,83,0.2
2025-10-01T15:30:00-07:00,36,84,0.2
2025-10-01T16:00:00-07:00,35,84,0.2
2025-10-01T16:30:00-07:00,37,84,0.4
2025-10-01T17:00:00-07:00,40,83,16.9
2025-10-01T17:30:00-07:00,43,81,9.1
2025-10-01T18:00:00-07:00,48,79,0.4
2025-10-01T18:30:00-07:00,51,78,0.4
2025-10-01T19:00:00-07:00,53,77,0.5
2025-10-01T19:30:00-07:00,56,76,0.5
2025-10-01T20:00:00-07:00,57,76,0.6
2025-10-01T20:30:00-07:00,59,75,0.4
2025-10-01T21:00:00-07:00,60,75,0.4
2025-10-01T21:30:00-07:00,62,73,0.7
2025-10-01T22:00:00-07:00,63,72,0.5
2025-10-01T22:30:00-07:00,65,72,0.4
2025-10-01T23:00:00-07:00,66,72,0.6
2025-10-01T23:30:00-07:00,66,72,0.5
2025-10-02T00:00:00-07:00,68,71,0.6
2025-10-02T00:30:00-07:00,70,70,0.6
2025-10-02T01:00:00-07:00,71,70,0.5
2025-10-02T01:30:00-07:00,69,72,0.7
2025-10-02T02:00:00-07:00,67,72,1.1
2025-10-02T02:30:00-07:00,66,73,1.5
2025-10-02T03:00:00-07:00,65,72,1.2
2025-10-02T03:30:00-07:00,65,73,1.6
2025-10-02T04:00:00-07:00,66,74,1.6
2025-10-02T04:30:00-07:00,76,72,1.5
2025-10-02T05:00:00-07:00,85,71,2
2025-10-02T05:30:00-07:00,92,71,1.8
2025-10-02T06:00:00-07:00,93,71,1.8
2025-10-02T06:30:00-07:00,95,70,2.2
2025-10-02T07:00:00-07:00,95,70,1.4
2025-10-02T07:30:00-07:00,95,70,1.3
2025-10-02T08:00:00-07:00,96,70,1.2
2025-10-02T08:30:00-07:00,98,71,1
2025-10-02T09:00:00-07:00,95,71,1.2
2025-10-02T09:30:00-07:00,92,71,1.9
2025-10-02T10:00:00-07:00,89,73,2.2
2025-10-02T10:30:00-07:00,84,73,2.4
2025-10-02T11:00:00-07:00,76,74,1.8
2025-10-02T11:30:00-07:00,66,75,1.5
2025-10-02T12:00:00-07:00,59,77,1.6
2025-10-02T12:30:00-07:00,53,78,1.6
2025-10-02T13:00:00-07:00,50,79,1.7
2025-10-02T13:30:00-07:00,49,80,1.9
2025-10-02T14:00:00-07:00,44,81,1.6
2025-10-02T14:30:00-07:00,40,80,1.4
2025-10-02T15:00:00-07:00,40,78,1.2
2025-10-02T15:30:00-07:00,43,78,1.4
2025-10-02T16:00:00-07:00,43,78,1.4
2025-10-02T16:30:00-07:00,38,79,1.2
2025-10-02T17:00:00-07:00,37,79,1.7
2025-10-02T17:30:00-07:00,45,78,2.6
2025-10-02T18:00:00-07:00,51,76,3.1
2025-10-02T18:30:00-07:00,55,74,3.7
2025-10-02T19:00:00-07:00,58,72,2.9
2025-10-02T19:30:00-07:00,62,72,3
2025-10-02T20:00:00-07:00,64,71,3.1
2025-10-02T20:30:00-07:00,64,72,3.2
2025-10-02T21:00:00-07:00,66,71,3.2
2025-10-02T21:30:00-07:00,76,71,2.6
2025-10-02T22:00:00-07:00,83,70,2.5
2025-10-02T22:30:00-07:00,87,70,2.6
2025-10-02T23:00:00-07:00,88,70,2.6
2025-10-02T23:30:00-07:00,83,70,0.8
2025-10-03T00:00:00-07:00,80,70,0.7
2025-10-03T00:30:00-07:00,79,70,0.8
2025-10-03T01:00:00-07:00,77,70,0.8
2025-10-03T01:30:00-07:00,76,69,0.7
2025-10-03T02:00:00-07:00,76,69,0.6
2025-10-03T02:30:00-07:00,75,69,0.6
2025-10-03T03:00:00-07:00,76,69,0.9
2025-10-03T03:30:00-07:00,74,69,1.2
2025-10-03T04:00:00-07:00,72,69,1.5
2025-10-03T04:30:00-07:00,71,69,1.3
2025-10-03T05:00:00-07:00,71,68,1.1
2025-10-03T05:30:00-07:00,69,68,1
2025-10-03T06:00:00-07:00,71,68,1.2
2025-10-03T06:30:00-07:00,70,68,1.1
2025-10-03T07:00:00-07:00,69,68,1.4
2025-10-03T07:30:00-07:00,68,68,1.4
2025-10-03T08:00:00-07:00,67,68,1.6
2025-10-03T08:30:00-07:00,66,69,1.5
2025-10-03T09:00:00-07:00,64,69,1.3
2025-10-03T09:30:00-07:00,63,70,1.5
2025-10-03T10:00:00-07:00,61,70,1.5
2025-10-03T10:30:00-07:00,61,70,1.5
2025-10-03T11:00:00-07:00,58,71,1.6
2025-10-03T11:30:00-07:00,53,73,1.4
2025-10-03T12:00:00-07:00,52,73,1.5
2025-10-03T12:30:00-07:00,49,74,1.5
2025-10-03T13:00:00-07:00,48,75,1.6
2025-10-03T13:30:00-07:00,45,77,1.4
2025-10-03T14:00:00-07:00,42,78,1.3
2025-10-03T14:30:00-07:00,39,80,1.3
2025-10-03T15:00:00-07:00,38,81,1.5
2025-10-03T15:30:00-07:00,38,81,1.7
2025-10-03T16:00:00-07:00,38,81,1.9
2025-10-03T16:30:00-07:00,38,82,2.1
2025-10-03T17:00:00-07:00,39,81,2.2
2025-10-03T17:30:00-07:00,40,78,2.1
2025-10-03T18:00:00-07:00,46,75,2
2025-10-03T18:30:00-07:00,50,73,2
2025-10-03T19:00:00-07:00,55,72,3.5
2025-10-03T19:30:00-07:00,59,71,5.3
2025-10-03T20:00:00-07:00,63,70,3.2
2025-10-03T20:30:00-07:00,66,69,3.3
2025-10-03T21:00:00-07:00,69,68,3.7
2025-10-03T21:30:00-07:00,72,68,4
2025-10-03T22:00:00-07:00,73,68,4
2025-10-03T22:30:00-07:00,73,68,4.6
2025-10-03T23:00:00-07:00,74,68,4.2
2025-10-03T23:30:00-07:00,76,67,4.3
2025-10-04T00:00:00-07:00,76,66,4.9
2025-10-04T00:30:00-07:00,75,65,4.5
2025-10-04T01:00:00-07:00,76,65,3.7
2025-10-04T01:30:00-07:00,76,65,3.3
2025-10-04T02:00:00-07:00,75,64,3.1
2025-10-04T02:30:00-07:00,75,64,3
2025-10-04T03:00:00-07:00,75,64,2.6
2025-10-04T03:30:00-07:00,75,64,2.4
2025-10-04T04:00:00-07:00,77,62,2.5
2025-10-04T04:30:00-07:00,77,63,2.4
2025-10-04T05:00:00-07:00,77,62,2.4
2025-10-04T05:30:00-07:00,78,62,2.7
2025-10-04T06:00:00-07:00,79,62,2.7
2025-10-04T06:30:00-07:00,79,62,2.9
2025-10-04T07:00:00-07:00,81,61,2.4
2025-10-04T07:30:00-07:00,81,62,3.1
2025-10-04T08:00:00-07:00,78,63,3.1
2025-10-04T08:30:00-07:00,76,65,4.5
2025-10-04T09:00:00-07:00,73,66,5.4
2025-10-04T09:30:00-07:00,68,68,5.6
2025-10-04T10:00:00-07:00,63,70,5.4
2025-10-04T10:30:00-07:00,58,72,4.5
2025-10-04T11:00:00-07:00,52,74,4.4
2025-10-04T11:30:00-07:00,48,76,4.1
2025-10-04T12:00:00-07:00,44,79,3.6
2025-10-04T12:30:00-07:00,41,81,3.6
2025-10-04T13:00:00-07:00,39,83,4.1
2025-10-04T13:30:00-07:00,36,85,3.8
2025-10-04T14:00:00-07:00,33,87,3.9
2025-10-04T14:30:00-07:00,31,89,3.8
2025-10-04T15:00:00-07:00,30,88,2.9
2025-10-04T15:30:00-07:00,31,87,3.2
2025-10-04T16:00:00-07:00,31,86,3.2
2025-10-04T16:30:00-07:00,30,87,2.6
2025-10-04T17:00:00-07:00,32,85,2.6
2025-10-04T17:30:00-07:00,38,82,3
2025-10-04T18:00:00-07:00,42,79,2.8
2025-10-04T18:30:00-07:00,46,77,3.4
2025-10-04T19:00:00-07:00,50,75,4
2025-10-04T19:30:00-07:00,54,73,3.7
2025-10-04T20:00:00-07:00,58,72,3.9
2025-10-04T20:30:00-07:00,59,71,3.8
2025-10-04T21:00:00-07:00,59,70,3.8
2025-10-04T21:30:00-07:00,61,69,4.1
2025-10-04T22:00:00-07:00,63,68,5.1
2025-10-04T22:30:00-07:00,65,66,5
2025-10-04T23:00:00-07:00,67,65,4.9
2025-10-04T23:30:00-07:00,67,65,4.8
2025-10-05T00:00:00-07:00,67,64,4.2
2025-10-05T00:30:00-07:00,66,64,3.9
2025-10-05T01:00:00-07:00,67,63,3.2
2025-10-05T01:30:00-07:00,69,63,3.3
2025-10-05T02:00:00-07:00,64,63,2
2025-10-05T02:30:00-07:00,59,63,1.4
2025-10-05T03:00:00-07:00,59,63,1.6
2025-10-05T03:30:00-07:00,61,62,1.9
2025-10-05T04:00:00-07:00,65,62,2.4
2025-10-05T04:30:00-07:00,65,62,2.7
2025-10-05T05:00:00-07:00,66,61,2.1
2025-10-05T05:30:00-07:00,66,61,2
2025-10-05T06:00:00-07:00,65,61,2
2025-10-05T06:30:00-07:00,65,61,1.9
2025-10-05T07:00:00-07:00,67,61,2
2025-10-05T07:30:00-07:00,64,61,1.9
2025-10-05T08:00:00-07:00,62,63,1.7
2025-10-05T08:30:00-07:00,60,65,2.1
2025-10-05T09:00:00-07:00,61,67,3.1
2025-10-05T09:30:00-07:00,64,69,4.7
2025-10-05T10:00:00-07:00,59,71,5
2025-10-05T10:30:00-07:00,55,74,5.1
2025-10-05T11:00:00-07:00,49,76,4.6
2025-10-05T11:30:00-07:00,45,79,4.4
2025-10-05T12:00:00-07:00,43,81,5.3
2025-10-05T12:30:00-07:00,40,83,4.7
2025-10-05T13:00:00-07:00,35,85,3.5
2025-10-05T13:30:00-07:00,31,87,3
2025-10-05T14:00:00-07:00,28,89,2.8
2025-10-05T14:30:00-07:00,27,91,3.4
2025-10-05T15:00:00-07:00,26,92,3
2025-10-05T15:30:00-07:00,27,90,3.3
2025-10-05T16:00:00-07:00,29,90,5.1
2025-10-05T16:30:00-07:00,29,90,4.3
2025-10-05T17:00:00-07:00,30,89,3.7
2025-10-05T17:30:00-07:00,33,87,3.7
2025-10-05T18:00:00-07:00,38,83,5
2025-10-05T18:30:00-07:00,40,81,4.7
2025-10-05T19:00:00-07:00,42,79,4.6
2025-10-05T19:30:00-07:00,46,78,5.5
2025-10-05T20:00:00-07:00,48,77,5.7
2025-10-05T20:30:00-07:00,51,75,5.7
2025-10-05T21:00:00-07:00,52,73,4.9
2025-10-05T21:30:00-07:00,55,72,4.7
2025-10-05T22:00:00-07:00,57,71,4.8
2025-10-05T22:30:00-07:00,58,69,4.6
2025-10-05T23:00:00-07:00,59,69,4.9
2025-10-05T23:30:00-07:00,58,68,4
2025-10-06T00:00:00-07:00,57,68,3.5
2025-10-06T00:30:00-07:00,57,68,3.7
2025-10-06T01:00:00-07:00,58,67,3.5
2025-10-06T01:30:00-07:00,56,67,3.1
2025-10-06T02:00:00-07:00,57,67,3.5
2025-10-06T02:30:00-07:00,57,66,3.2
2025-10-06T03:00:00-07:00,57,66,3.2
2025-10-06T03:30:00-07:00,58,66,3.6
2025-10-06T04:00:00-07:00,59,65,3.6
2025-10-06T04:30:00-07:00,60,65,3.5
2025-10-06T05:00:00-07:00,61,64,3.5
2025-10-06T05:30:00-07:00,62,64,3.5
2025-10-06T06:00:00-07:00,63,64,3.7
2025-10-06T06:30:00-07:00,63,64,3.8
2025-10-06T07:00:00-07:00,64,63,4
2025-10-06T07:30:00-07:00,64,63,4.1
2025-10-06T08:00:00-07:00,60,65,3.9
2025-10-06T08:30:00-07:00,59,67,4.8
2025-10-06T09:00:00-07:00,57,70,5.7
2025-10-06T09:30:00-07:00,52,73,4.7
2025-10-06T10:00:00-07:00,47,76,4.9
2025-10-06T10:30:00-07:00,44,78,6.8
2025-10-06T11:00:00-07:00,40,80,6.1
2025-10-06T11:30:00-07:00,35,83,4.9
2025-10-06T12:00:00-07:00,31,85,3.8
2025-10-06T12:30:00-07:00,30,88,4.1
2025-10-06T13:00:00-07:00,28,91,4.2
2025-10-06T13:30:00-07:00,25,93,3.8
2025-10-06T14:00:00-07:00,22,95,3.3
2025-10-06T14:30:00-07:00,20,97,3
2025-10-06T15:00:00-07:00,21,97,3.1
2025-10-06T15:30:00-07:00,21,95,3
2025-10-06T16:00:00-07:00,21,96,3.6
2025-10-06T16:30:00-07:00,20,97,3.2
2025-10-06T17:00:00-07:00,20,97,2.7
2025-10-06T17:30:00-07:00,21,94,2
2025-10-06T18:00:00-07:00,22,91,2.3
2025-10-06T18:30:00-07:00,28,88,3.2
2025-10-06T19:00:00-07:00,30,85,4.4
2025-10-06T19:30:00-07:00,33,83,4.2
2025-10-06T20:00:00-07:00,39,81,4.2
2025-10-06T20:30:00-07:00,42,79,4.8
2025-10-06T21:00:00-07:00,44,78,5.1
2025-10-06T21:30:00-07:00,45,76,5.6
2025-10-06T22:00:00-07:00,44,74,6.2
2025-10-06T22:30:00-07:00,44,73,5.1
2025-10-06T23:00:00-07:00,44,72,3.3
2025-10-06T23:30:00-07:00,45,72,3.3
2025-10-07T00:00:00-07:00,44,71,2.9
2025-10-07T00:30:00-07:00,44,71,2.6
2025-10-07T01:00:00-07:00,44,71,2.4
2025-10-07T01:30:00-07:00,44,71,2.5
2025-10-07T02:00:00-07:00,45,69,2.5
2025-10-07T02:30:00-07:00,46,69,2.6
2025-10-07T03:00:00-07:00,47,68,2.7
2025-10-07T03:30:00-07:00,47,68,2.8
2025-10-07T04:00:00-07:00,48,68,3
2025-10-07T04:30:00-07:00,49,67,3.3
2025-10-07T05:00:00-07:00,50,67,3
2025-10-07T05:30:00-07:00,51,66,3.3
2025-10-07T06:00:00-07:00,51,66,3.3
2025-10-07T06:30:00-07:00,52,66,3.8
2025-10-07T07:00:00-07:00,52,66,3.6
2025-10-07T07:30:00-07:00,53,66,3.8
2025-10-07T08:00:00-07:00,52,67,3.7
2025-10-07T08:30:00-07:00,50,70,4.3
2025-10-07T09:00:00-07:00,51,72,6.5
2025-10-07T09:30:00-07:00,48,75,8.4
2025-10-07T10:00:00-07:00,43,78,8.2
2025-10-07T10:30:00-07:00,38,81,6.1
2025-10-07T11:00:00-07:00,34,83,5.4
2025-10-07T11:30:00-07:00,30,86,4.9
2025-10-07T12:00:00-07:00,28,88,5
2025-10-07T12:30:00-07:00,28,90,5.3
2025-10-07T13:00:00-07:00,26,92,5.6
2025-10-07T13:30:00-07:00,23,94,5.1
2025-10-07T14:00:00-07:00,21,96,4.4
2025-10-07T14:30:00-07:00,22,97,6.5
2025-10-07T15:00:00-07:00,24,96,8.9
2025-10-07T15:30:00-07:00,26,95,10.8
2025-10-07T16:00:00-07:00,28,94,12.3
2025-10-07T16:30:00-07:00,30,93,12
2025-10-07T17:00:00-07:00,31,90,11.6
2025-10-07T17:30:00-07:00,34,87,10.9
2025-10-07T18:00:00-07:00,37,85,10
2025-10-07T18:30:00-07:00,42,82,9
2025-10-07T19:00:00-07:00,44,80,8.6
2025-10-07T19:30:00-07:00,46,78,8.1
2025-10-07T20:00:00-07:00,47,76,7.5
2025-10-07T20:30:00-07:00,50,75,7.5
2025-10-07T21:00:00-07:00,52,74,8.3
2025-10-07T21:30:00-07:00,56,72,8.8
2025-10-07T22:00:00-07:00,58,71,8.9
2025-10-07T22:30:00-07:00,60,71,9.5
2025-10-07T23:00:00-07:00,62,70,10.6
2025-10-07T23:30:00-07:00,65,69,9.9
2025-10-08T00:00:00-07:00,67,68,10.2
2025-10-08T00:30:00-07:00,67,68,9.8
2025-10-08T01:00:00-07:00,67,68,9.2
2025-10-08T01:30:00-07:00,68,67,9.6
2025-10-08T02:00:00-07:00,71,66,10.5
2025-10-08T02:30:00-07:00,72,66,10.5
2025-10-08T03:00:00-07:00,73,66,10.7
2025-10-08T03:30:00-07:00,74,67,11
2025-10-08T04:00:00-07:00,74,68,11
2025-10-08T04:30:00-07:00,73,68,11.7
2025-10-08T05:00:00-07:00,72,69,11.4
2025-10-08T05:30:00-07:00,71,69,11.9
2025-10-08T06:00:00-07:00,70,69,11.1
2025-10-08T06:30:00-07:00,69,69,10
2025-10-08T07:00:00-07:00,70,69,10.2
2025-10-08T07:30:00-07:00,69,69,10.9
2025-10-08T08:00:00-07:00,68,69,11.4
2025-10-08T08:30:00-07:00,67,70,10.2
2025-10-08T09:00:00-07:00,65,70,9.4
2025-10-08T09:30:00-07:00,63,71,8.9
2025-10-08T10:00:00-07:00,60,72,9.1
2025-10-08T10:30:00-07:00,57,73,8.4
2025-10-08T11:00:00-07:00,55,74,7
2025-10-08T11:30:00-07:00,51,76,6.9
2025-10-08T12:00:00-07:00,46,78,6.3
2025-10-08T12:30:00-07:00,42,80,5.8
2025-10-08T13:00:00-07:00,39,82,6.2
2025-10-08T13:30:00-07:00,37,84,6.1
2025-10-08T14:00:00-07:00,35,86,6.1
2025-10-08T14:30:00-07:00,35,86,5.2
2025-10-08T15:00:00-07:00,37,84,4.3
2025-10-08T15:30:00-07:00,37,84,4.2
2025-10-08T16:00:00-07:00,35,85,3.3
2025-10-08T16:30:00-07:00,34,85,2.7
2025-10-08T17:00:00-07:00,34,84,2.5
2025-10-08T17:30:00-07:00,35,82,2.2
2025-10-08T18:00:00-07:00,36,80,1.9
2025-10-08T18:30:00-07:00,38,77,2.1
2025-10-08T19:00:00-07:00,41,76,2.2
2025-10-08T19:30:00-07:00,44,75,2.4
2025-10-08T20:00:00-07:00,44,74,2.3
2025-10-08T20:30:00-07:00,46,73,2.5
2025-10-08T21:00:00-07:00,47,73,2.7
2025-10-08T21:30:00-07:00,47,73,2.9
2025-10-08T22:00:00-07:00,48,73,2.7
2025-10-08T22:30:00-07:00,49,73,2.5
2025-10-08T23:00:00-07:00,51,73,2.6
2025-10-08T23:30:00-07:00,50,73,2.4
2025-10-09T00:00:00-07:00,48,73,2.9
2025-10-09T00:30:00-07:00,50,72,2.9
2025-10-09T01:00:00-07:00,51,71,2.9
2025-10-09T01:30:00-07:00,53,70,3.1
2025-10-09T02:00:00-07:00,56,69,3
2025-10-09T02:30:00-07:00,58,68,3
2025-10-09T03:00:00-07:00,62,66,2.8
2025-10-09T03:30:00-07:00,63,66,2.5
2025-10-09T04:00:00-07:00,65,65,2.6
2025-10-09T04:30:00-07:00,66,65,2.4
2025-10-09T05:00:00-07:00,66,65,2.2
2025-10-09T05:30:00-07:00,65,65,2.3
2025-10-09T06:00:00-07:00,66,65,2.3
2025-10-09T06:30:00-07:00,66,64,2.3
2025-10-09T07:00:00-07:00,67,63,2.3
2025-10-09T07:30:00-07:00,67,63,2.1
2025-10-09T08:00:00-07:00,63,65,1.9
2025-10-09T08:30:00-07:00,59,67,2.1
2025-10-09T09:00:00-07:00,54,69,2.5
2025-10-09T09:30:00-07:00,51,71,2.4
2025-10-09T10:00:00-07:00,46,73,1.9
2025-10-09T10:30:00-07:00,43,75,1.9
2025-10-09T11:00:00-07:00,38,77,1.7
2025-10-09T11:30:00-07:00,35,79,1.5
2025-10-09T12:00:00-07:00,32,81,1.6
2025-10-09T12:30:00-07:00,32,81,1.7
2025-10-09T13:00:00-07:00,31,81,1.6
2025-10-09T13:30:00-07:00,30,82,1.8
2025-10-09T14:00:00-07:00,29,84,1.8
2025-10-09T14:30:00-07:00,29,85,1.7
2025-10-09T15:00:00-07:00,29,86,2.1
2025-10-09T15:30:00-07:00,31,85,2
2025-10-09T16:00:00-07:00,32,85,2
2025-10-09T16:30:00-07:00,34,84,2
2025-10-09T17:00:00-07:00,37,83,2.2
2025-10-09T17:30:00-07:00,41,80,2.3
2025-10-09T18:00:00-07:00,46,78,2.9
2025-10-09T18:30:00-07:00,51,76,3.5
2025-10-09T19:00:00-07:00,53,75,3.7
2025-10-09T19:30:00-07:00,55,74,3.9
2025-10-09T20:00:00-07:00,57,72,3.8
2025-10-09T20:30:00-07:00,59,71,3.7
2025-10-09T21:00:00-07:00,60,71,3.6
2025-10-09T21:30:00-07:00,60,71,3.5
2025-10-09T22:00:00-07:00,61,71,4
2025-10-09T22:30:00-07:00,65,70,4.7
2025-10-09T23:00:00-07:00,68,69,4.7
2025-10-09T23:30:00-07:00,70,69,5.6
2025-10-10T00:00:00-07:00,70,68,6.2
2025-10-10T00:30:00-07:00,71,67,5.6
2025-10-10T01:00:00-07:00,71,67,5.6
2025-10-10T01:30:00-07:00,75,65,5.4
2025-10-10T02:00:00-07:00,76,65,5
2025-10-10T02:30:00-07:00,74,67,4.7
2025-10-10T03:00:00-07:00,72,68,4.2
2025-10-10T03:30:00-07:00,67,69,3.8
2025-10-10T04:00:00-07:00,64,68,3.2
2025-10-10T04:30:00-07:00,65,67,3.2
2025-10-10T05:00:00-07:00,65,67,3.1
2025-10-10T05:30:00-07:00,66,67,3.6
2025-10-10T06:00:00-07:00,66,67,4.1
2025-10-10T06:30:00-07:00,61,67,1.9
2025-10-10T07:00:00-07:00,57,66,1
2025-10-10T07:30:00-07:00,56,65,0.8
2025-10-10T08:00:00-07:00,57,65,0.9
2025-10-10T08:30:00-07:00,55,66,1
2025-10-10T09:00:00-07:00,51,69,0.5
2025-10-10T09:30:00-07:00,50,71,1
2025-10-10T10:00:00-07:00,48,72,1.6
2025-10-10T10:30:00-07:00,46,73,2.4
2025-10-10T11:00:00-07:00,43,75,2.6
2025-10-10T11:30:00-07:00,38,77,1.6
2025-10-10T12:00:00-07:00,36,79,6.6
2025-10-10T12:30:00-07:00,32,81,2.3
2025-10-10T13:00:00-07:00,29,83,0.4
2025-10-10T13:30:00-07:00,28,85,0.8
2025-10-10T14:00:00-07:00,27,86,1.5
2025-10-10T14:30:00-07:00,25,88,0.5
2025-10-10T15:00:00-07:00,26,87,0.2
2025-10-10T15:30:00-07:00,28,85,0.2
2025-10-10T16:00:00-07:00,30,84,0.3
2025-10-10T16:30:00-07:00,31,84,0.4
2025-10-10T17:00:00-07:00,32,83,21.7
2025-10-10T17:30:00-07:00,35,81,6.9
2025-10-10T18:00:00-07:00,39,77,0.3
2025-10-10T18:30:00-07:00,42,76,0.3
2025-10-10T19:00:00-07:00,44,74,0.4
2025-10-10T19:30:00-07:00,46,73,0.3
2025-10-10T20:00:00-07:00,47,73,0.5
2025-10-10T20:30:00-07:00,50,72,0.7
2025-10-10T21:00:00-07:00,53,71,0.9
2025-10-10T21:30:00-07:00,55,69,1.1
2025-10-10T22:00:00-07:00,58,69,0.8
2025-10-10T22:30:00-07:00,61,68,1.3
2025-10-10T23:00:00-07:00,62,68,1.2
2025-10-10T23:30:00-07:00,64,68,1.2
2025-10-11T00:00:00-07:00,66,69,1
2025-10-11T00:30:00-07:00,67,69,1
2025-10-11T01:00:00-07:00,66,70,1.2
2025-10-11T01:30:00-07:00,66,70,1.1
2025-10-11T02:00:00-07:00,67,70,1.1
2025-10-11T02:30:00-07:00,66,69,1
2025-10-11T03:00:00-07:00,69,68,1.1
2025-10-11T03:30:00-07:00,71,67,1.3
2025-10-11T04:00:00-07:00,70,66,1.3
2025-10-11T04:30:00-07:00,71,65,1.1
2025-10-11T05:00:00-07:00,73,64,1
2025-10-11T05:30:00-07:00,72,64,0.9
2025-10-11T06:00:00-07:00,73,63,0.8
2025-10-11T06:30:00-07:00,71,63,0.6
2025-10-11T07:00:00-07:00,71,62,0.8
2025-10-11T07:30:00-07:00,69,62,0.6
2025-10-11T08:00:00-07:00,67,63,0.5
2025-10-11T08:30:00-07:00,64,65,0.6
2025-10-11T09:00:00-07:00,60,67,0.5
2025-10-11T09:30:00-07:00,55,69,0.6
2025-10-11T10:00:00-07:00,48,71,0.4
2025-10-11T10:30:00-07:00,44,73,0.4
2025-10-11T11:00:00-07:00,41,75,0.5
2025-10-11T11:30:00-07:00,39,76,0.5
2025-10-11T12:00:00-07:00,37,78,4.7
2025-10-11T12:30:00-07:00,35,80,0.6
2025-10-11T13:00:00-07:00,33,81,0.4
2025-10-11T13:30:00-07:00,33,82,0.3
2025-10-11T14:00:00-07:00,31,84,0.5
2025-10-11T14:30:00-07:00,31,84,0.3
2025-10-11T15:00:00-07:00,32,83,0.3
2025-10-11T15:30:00-07:00,33,82,0.2
2025-10-11T16:00:00-07:00,33,81,0.1
2025-10-11T16:30:00-07:00,34,81,1.7
2025-10-11T17:00:00-07:00,35,81,0.3
2025-10-11T17:30:00-07:00,39,78,0.3
2025-10-11T18:00:00-07:00,44,76,0.4
2025-10-11T18:30:00-07:00,45,74,0.5
2025-10-11T19:00:00-07:00,46,72,0.5
2025-10-11T19:30:00-07:00,48,72,1.3
2025-10-11T20:00:00-07:00,51,70,1
2025-10-11T20:30:00-07:00,54,68,1.1
2025-10-11T21:00:00-07:00,55,67,1.2
2025-10-11T21:30:00-07:00,57,66,0.9
2025-10-11T22:00:00-07:00,57,65,0.9
2025-10-11T22:30:00-07:00,57,65,0.9
2025-10-11T23:00:00-07:00,58,64,0.9
2025-10-11T23:30:00-07:00,59,63,0.8
2025-10-12T00:00:00-07:00,60,62,0.9
2025-10-12T00:30:00-07:00,61,62,0.6
2025-10-12T01:00:00-07:00,63,61,0.7
2025-10-12T01:30:00-07:00,64,61,0.8
2025-10-12T02:00:00-07:00,64,61,1.2
2025-10-12T02:30:00-07:00,65,60,1.3
2025-10-12T03:00:00-07:00,66,60,1.2
2025-10-12T03:30:00-07:00,67,59,1.2
2025-10-12T04:00:00-07:00,68,59,1.2
2025-10-12T04:30:00-07:00,69,58,1.2
2025-10-12T05:00:00-07:00,70,58,1
2025-10-12T05:30:00-07:00,69,58,1
2025-10-12T06:00:00-07:00,68,58,1.1
2025-10-12T06:30:00-07:00,68,58,0.9
2025-10-12T07:00:00-07:00,68,58,0.9
2025-10-12T07:30:00-07:00,66,57,1
2025-10-12T08:00:00-07:00,64,59,1.1
2025-10-12T08:30:00-07:00,61,61,1.4
2025-10-12T09:00:00-07:00,59,63,1.2
2025-10-12T09:30:00-07:00,56,66,1.2
2025-10-12T10:00:00-07:00,51,68,1.5
2025-10-12T10:30:00-07:00,47,71,1.5
2025-10-12T11:00:00-07:00,43,73,1.4
2025-10-12T11:30:00-07:00,39,75,1.3
2025-10-12T12:00:00-07:00,35,78,3.2
2025-10-12T12:30:00-07:00,32,80,1.4
2025-10-12T13:00:00-07:00,30,82,1
2025-10-12T13:30:00-07:00,27,84,0.6
2025-10-12T14:00:00-07:00,24,86,0.3
2025-10-12T14:30:00-07:00,22,87,0.2
2025-10-12T15:00:00-07:00,24,87,0.5
2025-10-12T15:30:00-07:00,25,85,0.3
2025-10-12T16:00:00-07:00,29,84,0.8
2025-10-12T16:30:00-07:00,31,83,1.5
2025-10-12T17:00:00-07:00,34,81,1.4
2025-10-12T17:30:00-07:00,38,77,1.9
2025-10-12T18:00:00-07:00,41,75,2.2
2025-10-12T18:30:00-07:00,45,73,3.5
2025-10-12T19:00:00-07:00,49,71,4
2025-10-12T19:30:00-07:00,49,70,4.6
2025-10-12T20:00:00-07:00,51,69,5
2025-10-12T20:30:00-07:00,53,68,6
2025-10-12T21:00:00-07:00,54,68,6.5
2025-10-12T21:30:00-07:00,55,67,9.9
2025-10-12T22:00:00-07:00,57,66,8.2
2025-10-12T22:30:00-07:00,56,66,7.1
2025-10-12T23:00:00-07:00,55,67,6.3
2025-10-12T23:30:00-07:00,56,67,6.3
2025-10-13T00:00:00-07:00,57,67,6.2
2025-10-13T00:30:00-07:00,57,66,5.9
2025-10-13T01:00:00-07:00,58,67,5.6
2025-10-13T01:30:00-07:00,58,67,5.1
2025-10-13T02:00:00-07:00,59,66,4.5
2025-10-13T02:30:00-07:00,60,66,4.1
2025-10-13T03:00:00-07:00,60,66,4.2
2025-10-13T03:30:00-07:00,62,65,4.1
2025-10-13T04:00:00-07:00,64,65,3.8
2025-10-13T04:30:00-07:00,62,65,3.8
2025-10-13T05:00:00-07:00,61,66,3.6
2025-10-13T05:30:00-07:00,62,66,3.4
2025-10-13T06:00:00-07:00,62,66,2.9
2025-10-13T06:30:00-07:00,60,66,2.4
2025-10-13T07:00:00-07:00,59,66,1.9
2025-10-13T07:30:00-07:00,58,66,1.6
2025-10-13T08:00:00-07:00,57,66,1.2
2025-10-13T08:30:00-07:00,56,66,1.3
2025-10-13T09:00:00-07:00,55,67,0.8
2025-10-13T09:30:00-07:00,53,67,1.1
2025-10-13T10:00:00-07:00,51,68,1.1
2025-10-13T10:30:00-07:00,50,69,1.2
2025-10-13T11:00:00-07:00,46,71,1.2
2025-10-13T11:30:00-07:00,42,73,1.3
2025-10-13T12:00:00-07:00,40,73,1.3
2025-10-13T12:30:00-07:00,39,73,1.5
2025-10-13T13:00:00-07:00,40,73,1.2
2025-10-13T13:30:00-07:00,46,71,1.7
2025-10-13T14:00:00-07:00,64,68,1.5
2025-10-13T14:30:00-07:00,78,65,1
2025-10-13T15:00:00-07:00,82,65,1.1
2025-10-13T15:30:00-07:00,85,65,1.1
2025-10-13T16:00:00-07:00,82,65,1.2
2025-10-13T16:30:00-07:00,86,64,0.8
2025-10-13T17:00:00-07:00,85,62,0.3
2025-10-13T17:30:00-07:00,87,63,0.3
2025-10-13T18:00:00-07:00,86,63,0.2
2025-10-13T18:30:00-07:00,82,62,0.1
2025-10-13T19:00:00-07:00,82,60,0.6
2025-10-13T19:30:00-07:00,85,59,0.6
2025-10-13T20:00:00-07:00,85,58,0.8
2025-10-13T20:30:00-07:00,82,59,1.9
2025-10-13T21:00:00-07:00,79,59,0.3
2025-10-13T21:30:00-07:00,79,59,3.3
2025-10-13T22:00:00-07:00,82,58,0.2
2025-10-13T22:30:00-07:00,83,58,2.1
2025-10-13T23:00:00-07:00,85,57,0.4
2025-10-13T23:30:00-07:00,89,57,0.1
2025-10-14T00:00:00-07:00,90,57,0.1
2025-10-14T00:30:00-07:00,88,59,0.1
2025-10-14T01:00:00-07:00,86,59,0
2025-10-14T01:30:00-07:00,84,59,0
2025-10-14T02:00:00-07:00,84,59,0.1
2025-10-14T02:30:00-07:00,83,59,0
2025-10-14T03:00:00-07:00,85,59,0
2025-10-14T03:30:00-07:00,85,59,0.1
2025-10-14T04:00:00-07:00,86,59,0.3
2025-10-14T04:30:00-07:00,85,59,0.2
2025-10-14T05:00:00-07:00,85,59,0.5
2025-10-14T05:30:00-07:00,85,59,1.2
2025-10-14T06:00:00-07:00,85,58,2
2025-10-14T06:30:00-07:00,85,57,1
2025-10-14T07:00:00-07:00,88,55,0.5
2025-10-14T07:30:00-07:00,92,54,1.4
2025-10-14T08:00:00-07:00,95,55,4.2
2025-10-14T08:30:00-07:00,93,57,3.1
2025-10-14T09:00:00-07:00,88,59,9.7
2025-10-14T09:30:00-07:00,82,61,13.7
2025-10-14T10:00:00-07:00,76,62,12.8
2025-10-14T10:30:00-07:00,71,62,10.4
2025-10-14T11:00:00-07:00,65,64,6.2
2025-10-14T11:30:00-07:00,57,66,3.6
2025-10-14T12:00:00-07:00,47,68,1.2
2025-10-14T12:30:00-07:00,41,70,0.6
2025-10-14T13:00:00-07:00,35,73,0.4
2025-10-14T13:30:00-07:00,33,75,0.7
2025-10-14T14:00:00-07:00,32,77,0.9
2025-10-14T14:30:00-07:00,31,79,1.1
2025-10-14T15:00:00-07:00,33,77,2.5
2025-10-14T15:30:00-07:00,35,74,1.8
2025-10-14T16:00:00-07:00,39,72,1.3
2025-10-14T16:30:00-07:00,61,64,2.4
2025-10-14T17:00:00-07:00,80,62,2
2025-10-14T17:30:00-07:00,78,62,1.6
2025-10-14T18:00:00-07:00,78,62,1.9
2025-10-14T18:30:00-07:00,78,62,1.7
2025-10-14T19:00:00-07:00,81,62,2.1
2025-10-14T19:30:00-07:00,82,61,2.2
2025-10-14T20:00:00-07:00,83,61,2.3
2025-10-14T20:30:00-07:00,84,60,2.5
2025-10-14T21:00:00-07:00,82,61,2.2
2025-10-14T21:30:00-07:00,80,61,2.1
2025-10-14T22:00:00-07:00,79,61,2.3
2025-10-14T22:30:00-07:00,80,62,2.3
2025-10-14T23:00:00-07:00,85,63,3.8
2025-10-14T23:30:00-07:00,84,63,4
2025-10-15T00:00:00-07:00,86,62,4.6
2025-10-15T00:30:00-07:00,85,62,3.3
2025-10-15T01:00:00-07:00,83,62,2.4
2025-10-15T01:30:00-07:00,86,62,3.2
2025-10-15T02:00:00-07:00,86,62,3.2
2025-10-15T02:30:00-07:00,86,61,2.3
2025-10-15T03:00:00-07:00,86,61,2
2025-10-15T03:30:00-07:00,83,61,2.1
2025-10-15T04:00:00-07:00,83,61,1.9
2025-10-15T04:30:00-07:00,84,61,2
2025-10-15T05:00:00-07:00,82,62,2.3
2025-10-15T05:30:00-07:00,81,61,2.1
2025-10-15T06:00:00-07:00,79,62,2
2025-10-15T06:30:00-07:00,75,62,1.6
2025-10-15T07:00:00-07:00,69,61,1.2
2025-10-15T07:30:00-07:00,72,60,1.1
2025-10-15T08:00:00-07:00,77,60,1.3
2025-10-15T08:30:00-07:00,75,61,1.1
2025-10-15T09:00:00-07:00,72,62,1.1
2025-10-15T09:30:00-07:00,69,63,0.8
2025-10-15T10:00:00-07:00,68,64,1.1
2025-10-15T10:30:00-07:00,65,64,1.2
2025-10-15T11:00:00-07:00,62,65,1
2025-10-15T11:30:00-07:00,59,67,0.6
2025-10-15T12:00:00-07:00,55,69,0.5
2025-10-15T12:30:00-07:00,52,70,0.4
2025-10-15T13:00:00-07:00,51,71,0.6
2025-10-15T13:30:00-07:00,50,71,0.8
2025-10-15T14:00:00-07:00,51,70,0.9
2025-10-15T14:30:00-07:00,51,70,1.4
2025-10-15T15:00:00-07:00,51,69,1.2
2025-10-15T15:30:00-07:00,51,69,1.5
2025-10-15T16:00:00-07:00,53,70,2.7
2025-10-15T16:30:00-07:00,53,70,3.6
2025-10-15T17:00:00-07:00,54,70,3.8
2025-10-15T17:30:00-07:00,55,70,3.5
2025-10-15T18:00:00-07:00,53,70,3.5
2025-10-15T18:30:00-07:00,56,69,3.4
2025-10-15T19:00:00-07:00,58,67,3.2
2025-10-15T19:30:00-07:00,60,65,3
2025-10-15T20:00:00-07:00,64,64,3.3
2025-10-15T20:30:00-07:00,66,63,2.3
2025-10-15T21:00:00-07:00,70,61,2.2
2025-10-15T21:30:00-07:00,71,61,2.2
2025-10-15T22:00:00-07:00,71,61,1.8
2025-10-15T22:30:00-07:00,73,61,3
2025-10-15T23:00:00-07:00,74,60,3.7
2025-10-15T23:30:00-07:00,73,59,1.6
2025-10-16T00:00:00-07:00,74,59,1.7
2025-10-16T00:30:00-07:00,75,59,1.8
2025-10-16T01:00:00-07:00,77,59,2
2025-10-16T01:30:00-07:00,76,60,2.3
2025-10-16T02:00:00-07:00,75,59,2.5
2025-10-16T02:30:00-07:00,75,59,2.7
2025-10-16T03:00:00-07:00,77,58,2.5
2025-10-16T03:30:00-07:00,79,58,2.7
2025-10-16T04:00:00-07:00,81,57,2.5
2025-10-16T04:30:00-07:00,81,57,2.5
2025-10-16T05:00:00-07:00,82,56,2.4
2025-10-16T05:30:00-07:00,84,56,2.1
2025-10-16T06:00:00-07:00,84,55,2
2025-10-16T06:30:00-07:00,84,55,2.3
2025-10-16T07:00:00-07:00,85,55,2.3
2025-10-16T07:30:00-07:00,85,55,2.2
2025-10-16T08:00:00-07:00,84,57,2.5
2025-10-16T08:30:00-07:00,79,59,2.3
2025-10-16T09:00:00-07:00,73,61,1.9
2025-10-16T09:30:00-07:00,68,63,2.4
2025-10-16T10:00:00-07:00,63,65,2.2
2025-10-16T10:30:00-07:00,58,68,1.9
2025-10-16T11:00:00-07:00,53,70,1.8
2025-10-16T11:30:00-07:00,48,72,1.7
2025-10-16T12:00:00-07:00,45,74,2
2025-10-16T12:30:00-07:00,43,76,2.4
2025-10-16T13:00:00-07:00,41,77,4
2025-10-16T13:30:00-07:00,40,79,6.1
2025-10-16T14:00:00-07:00,38,81,7.3
2025-10-16T14:30:00-07:00,36,82,5.5
2025-10-16T15:00:00-07:00,35,82,5.1
2025-10-16T15:30:00-07:00,36,81,6.2
2025-10-16T16:00:00-07:00,36,81,7.5
2025-10-16T16:30:00-07:00,38,80,7
2025-10-16T17:00:00-07:00,40,80,5.2
2025-10-16T17:30:00-07:00,42,78,7.9
2025-10-16T18:00:00-07:00,48,75,4.1
2025-10-16T18:30:00-07:00,53,72,4.1
2025-10-16T19:00:00-07:00,58,70,4.2
2025-10-16T19:30:00-07:00,59,69,4.4
2025-10-16T20:00:00-07:00,59,68,4.6
2025-10-16T20:30:00-07:00,62,66,5.1
2025-10-16T21:00:00-07:00,65,65,4.6
2025-10-16T21:30:00-07:00,67,65,4.6
2025-10-16T22:00:00-07:00,69,63,4.5
2025-10-16T22:30:00-07:00,70,63,4.9
2025-10-16T23:00:00-07:00,70,63,4.6
2025-10-16T23:30:00-07:00,71,62,4.6
2025-10-17T00:00:00-07:00,73,62,4.3
2025-10-17T00:30:00-07:00,75,61,4.3
2025-10-17T01:00:00-07:00,78,61,4.5
2025-10-17T01:30:00-07:00,79,60,4.6
2025-10-17T02:00:00-07:00,78,61,4.7
2025-10-17T02:30:00-07:00,81,59,5
2025-10-17T03:00:00-07:00,84,59,5
2025-10-17T03:30:00-07:00,81,60,5.7
2025-10-17T04:00:00-07:00,82,59,5.5
2025-10-17T04:30:00-07:00,83,59,5
2025-10-17T05:00:00-07:00,83,59,5.9
2025-10-17T05:30:00-07:00,83,58,4.6
2025-10-17T06:00:00-07:00,85,58,4
2025-10-17T06:30:00-07:00,83,58,4
2025-10-17T07:00:00-07:00,82,58,4.3
2025-10-17T07:30:00-07:00,82,58,4.1
2025-10-17T08:00:00-07:00,80,58,3.7
2025-10-17T08:30:00-07:00,78,60,3.8
2025-10-17T09:00:00-07:00,73,63,4
2025-10-17T09:30:00-07:00,67,66,6
2025-10-17T10:00:00-07:00,62,68,8.3
2025-10-17T10:30:00-07:00,58,70,10.2
2025-10-17T11:00:00-07:00,53,72,8
2025-10-17T11:30:00-07:00,49,74,7.7
2025-10-17T12:00:00-07:00,45,77,7.1
2025-10-17T12:30:00-07:00,42,79,6.7
2025-10-17T13:00:00-07:00,39,81,7.2
2025-10-17T13:30:00-07:00,36,84,6.8
2025-10-17T14:00:00-07:00,34,86,7.1
2025-10-17T14:30:00-07:00,33,88,8.6
2025-10-17T15:00:00-07:00,31,88,9.5
2025-10-17T15:30:00-07:00,30,88,7.2
2025-10-17T16:00:00-07:00,30,88,5.8
2025-10-17T16:30:00-07:00,30,88,6.3
2025-10-17T17:00:00-07:00,31,86,6.9
2025-10-17T17:30:00-07:00,33,84,7.9
2025-10-17T18:00:00-07:00,36,81,8.5
2025-10-17T18:30:00-07:00,40,78,7.7
2025-10-17T19:00:00-07:00,44,76,8.4
2025-10-17T19:30:00-07:00,48,74,8.2
2025-10-17T20:00:00-07:00,51,72,7.5
2025-10-17T20:30:00-07:00,54,71,7.2
2025-10-17T21:00:00-07:00,56,70,8.5
2025-10-17T21:30:00-07:00,58,69,8.2
2025-10-17T22:00:00-07:00,60,68,7.2
2025-10-17T22:30:00-07:00,59,68,7
2025-10-17T23:00:00-07:00,59,68,7.1
2025-10-17T23:30:00-07:00,60,67,7.1
2025-10-18T00:00:00-07:00,63,66,7.8
2025-10-18T00:30:00-07:00,64,66,7.9
2025-10-18T01:00:00-07:00,64,66,8
2025-10-18T01:30:00-07:00,65,66,8.2
2025-10-18T02:00:00-07:00,67,65,7.4
2025-10-18T02:30:00-07:00,64,65,6.4
2025-10-18T03:00:00-07:00,61,65,6
2025-10-18T03:30:00-07:00,62,64,5.8
2025-10-18T04:00:00-07:00,61,64,5.1
2025-10-18T04:30:00-07:00,59,64,5.1
2025-10-18T05:00:00-07:00,60,64,5.2
2025-10-18T05:30:00-07:00,64,63,5.7
2025-10-18T06:00:00-07:00,66,62,6.7
2025-10-18T06:30:00-07:00,70,62,8.3
2025-10-18T07:00:00-07:00,70,62,8.9
2025-10-18T07:30:00-07:00,72,61,9
2025-10-18T08:00:00-07:00,74,61,8.6
2025-10-18T08:30:00-07:00,72,63,8.8
2025-10-18T09:00:00-07:00,66,65,9.3
2025-10-18T09:30:00-07:00,59,68,9.5
2025-10-18T10:00:00-07:00,57,71,11.6
2025-10-18T10:30:00-07:00,53,74,12.8
2025-10-18T11:00:00-07:00,46,76,10.1
2025-10-18T11:30:00-07:00,42,78,8.6
2025-10-18T12:00:00-07:00,38,81,7.2
2025-10-18T12:30:00-07:00,34,84,6.2
2025-10-18T13:00:00-07:00,31,87,5.8
2025-10-18T13:30:00-07:00,30,89,8
2025-10-18T14:00:00-07:00,28,91,7.9
2025-10-18T14:30:00-07:00,25,93,6.6
2025-10-18T15:00:00-07:00,24,94,6.4
2025-10-18T15:30:00-07:00,27,93,10.6
2025-10-18T16:00:00-07:00,28,93,10.1
2025-10-18T16:30:00-07:00,27,93,11
2025-10-18T17:00:00-07:00,27,92,12
2025-10-18T17:30:00-07:00,30,88,13.2
2025-10-18T18:00:00-07:00,33,86,12.5
2025-10-18T18:30:00-07:00,36,82,10.9
2025-10-18T19:00:00-07:00,40,79,11
2025-10-18T19:30:00-07:00,42,78,12.1
2025-10-18T20:00:00-07:00,44,77,14.1
2025-10-18T20:30:00-07:00,48,75,14.4
2025-10-18T21:00:00-07:00,50,74,17.1
2025-10-18T21:30:00-07:00,53,73,18.5
2025-10-18T22:00:00-07:00,55,72,18.3
2025-10-18T22:30:00-07:00,56,71,17.8
2025-10-18T23:00:00-07:00,57,71,16.8
2025-10-18T23:30:00-07:00,57,70,18.2
2025-10-19T00:00:00-07:00,58,70,14.6
2025-10-19T00:30:00-07:00,58,70,13.5
2025-10-19T01:00:00-07:00,59,69,14
2025-10-19T01:30:00-07:00,61,69,14.3
2025-10-19T02:00:00-07:00,63,68,17.6
2025-10-19T02:30:00-07:00,64,68,17.1
2025-10-19T03:00:00-07:00,66,66,16.8
2025-10-19T03:30:00-07:00,68,66,15.8
2025-10-19T04:00:00-07:00,70,65,15
2025-10-19T04:30:00-07:00,70,65,15.9
2025-10-19T05:00:00-07:00,70,65,16.8
2025-10-19T05:30:00-07:00,71,64,18.2
2025-10-19T06:00:00-07:00,71,64,20
2025-10-19T06:30:00-07:00,75,63,17.2
2025-10-19T07:00:00-07:00,75,63,17
2025-10-19T07:30:00-07:00,74,63,17.6
2025-10-19T08:00:00-07:00,72,65,16.4
2025-10-19T08:30:00-07:00,68,66,15.5
2025-10-19T09:00:00-07:00,60,68,15.1
2025-10-19T09:30:00-07:00,55,70,14.3
2025-10-19T10:00:00-07:00,51,72,14.9
2025-10-19T10:30:00-07:00,48,74,15.5
2025-10-19T11:00:00-07:00,45,76,16.6
2025-10-19T11:30:00-07:00,42,78,16.1
2025-10-19T12:00:00-07:00,43,80,22.4
2025-10-19T12:30:00-07:00,42,81,21.6
2025-10-19T13:00:00-07:00,41,82,17.5
2025-10-19T13:30:00-07:00,39,84,14.7
2025-10-19T14:00:00-07:00,36,86,14.1
2025-10-19T14:30:00-07:00,32,88,10.9
2025-10-19T15:00:00-07:00,25,88,5.7
2025-10-19T15:30:00-07:00,22,89,3.7
2025-10-19T16:00:00-07:00,20,89,2.7
2025-10-19T16:30:00-07:00,19,90,2.2
2025-10-19T17:00:00-07:00,20,89,2.5
2025-10-19T17:30:00-07:00,29,86,6.7
2025-10-19T18:00:00-07:00,37,81,8.4
2025-10-19T18:30:00-07:00,42,78,29.2
2025-10-19T19:00:00-07:00,47,75,11.2
2025-10-19T19:30:00-07:00,48,73,9.8
2025-10-19T20:00:00-07:00,50,72,11.4
2025-10-19T20:30:00-07:00,52,71,11.8
2025-10-19T21:00:00-07:00,56,70,12.5
2025-10-19T21:30:00-07:00,59,68,11.8
2025-10-19T22:00:00-07:00,62,67,11.1
2025-10-19T22:30:00-07:00,62,67,9.7
2025-10-19T23:00:00-07:00,62,66,9.2
2025-10-19T23:30:00-07:00,62,66,7.1
2025-10-20T00:00:00-07:00,62,66,5.5
2025-10-20T00:30:00-07:00,64,66,4.1
2025-10-20T01:00:00-07:00,66,65,4.2
2025-10-20T01:30:00-07:00,68,65,4.1
2025-10-20T02:00:00-07:00,70,64,2.6
2025-10-20T02:30:00-07:00,69,64,2.8
2025-10-20T03:00:00-07:00,70,64,3.2
2025-10-20T03:30:00-07:00,71,63,3.4
2025-10-20T04:00:00-07:00,71,63,3.7
2025-10-20T04:30:00-07:00,70,63,3.8
2025-10-20T05:00:00-07:00,69,63,4.2
2025-10-20T05:30:00-07:00,70,63,4.2
2025-10-20T06:00:00-07:00,74,62,4.7
2025-10-20T06:30:00-07:00,74,62,5.4
2025-10-20T07:00:00-07:00,74,62,6.4
2025-10-20T07:30:00-07:00,71,63,6.9
2025-10-20T08:00:00-07:00,55,65,2.9
2025-10-20T08:30:00-07:00,43,68,1.5
2025-10-20T09:00:00-07:00,37,70,1.2
2025-10-20T09:30:00-07:00,33,72,1
2025-10-20T10:00:00-07:00,30,74,0.8
2025-10-20T10:30:00-07:00,27,76,0.9
2025-10-20T11:00:00-07:00,26,77,0.9
2025-10-20T11:30:00-07:00,25,80,1.2
2025-10-20T12:00:00-07:00,24,82,1.2
2025-10-20T12:30:00-07:00,23,85,1.5
2025-10-20T13:00:00-07:00,22,88,1.5
2025-10-20T13:30:00-07:00,20,91,1.7
2025-10-20T14:00:00-07:00,19,93,1.9
2025-10-20T14:30:00-07:00,18,95,2.2
2025-10-20T15:00:00-07:00,19,95,2.4
2025-10-20T15:30:00-07:00,18,94,2.7
2025-10-20T16:00:00-07:00,19,94,3.1
2025-10-20T16:30:00-07:00,19,94,2.7
2025-10-20T17:00:00-07:00,20,93,3.1
2025-10-20T17:30:00-07:00,25,89,4.6
2025-10-20T18:00:00-07:00,28,86,4.4
2025-10-20T18:30:00-07:00,31,82,4.3
2025-10-20T19:00:00-07:00,32,79,4.8
2025-10-20T19:30:00-07:00,33,78,5.9
2025-10-20T20:00:00-07:00,35,76,4.1
2025-10-20T20:30:00-07:00,36,75,4.4
2025-10-20T21:00:00-07:00,37,74,14.9
2025-10-20T21:30:00-07:00,39,73,19.5
2025-10-20T22:00:00-07:00,41,71,8.7
2025-10-20T22:30:00-07:00,41,70,2.1
2025-10-20T23:00:00-07:00,43,69,1.9
2025-10-20T23:30:00-07:00,43,69,2.2
2025-10-21T00:00:00-07:00,45,68,2.3
2025-10-21T00:30:00-07:00,46,68,2.4
2025-10-21T01:00:00-07:00,47,68,2.3
2025-10-21T01:30:00-07:00,48,67,2.3
2025-10-21T02:00:00-07:00,49,66,2.7
2025-10-21T02:30:00-07:00,50,66,3.1
2025-10-21T03:00:00-07:00,50,66,3.6
2025-10-21T03:30:00-07:00,52,65,3.8
2025-10-21T04:00:00-07:00,53,65,3.4
2025-10-21T04:30:00-07:00,52,65,3.3
2025-10-21T05:00:00-07:00,54,64,3.3
2025-10-21T05:30:00-07:00,55,64,3.3
2025-10-21T06:00:00-07:00,56,63,3.3
2025-10-21T06:30:00-07:00,56,63,4.4
2025-10-21T07:00:00-07:00,58,62,6.2
2025-10-21T07:30:00-07:00,59,62,6.4
2025-10-21T08:00:00-07:00,59,62,6.4
2025-10-21T08:30:00-07:00,57,64,6.5
2025-10-21T09:00:00-07:00,53,67,6.2
2025-10-21T09:30:00-07:00,48,70,5.3
2025-10-21T10:00:00-07:00,45,73,5.1
2025-10-21T10:30:00-07:00,42,75,5.9
2025-10-21T11:00:00-07:00,38,77,6.7
2025-10-21T11:30:00-07:00,35,80,6.6
2025-10-21T12:00:00-07:00,33,82,6.2
2025-10-21T12:30:00-07:00,31,84,6.5
2025-10-21T13:00:00-07:00,30,87,6.3
2025-10-21T13:30:00-07:00,29,89,7.7
2025-10-21T14:00:00-07:00,27,91,7
2025-10-21T14:30:00-07:00,26,92,6.8
2025-10-21T15:00:00-07:00,27,92,9.6
2025-10-21T15:30:00-07:00,30,90,11.6
2025-10-21T16:00:00-07:00,32,88,11.9
2025-10-21T16:30:00-07:00,33,87,11.9
2025-10-21T17:00:00-07:00,35,85,13.2
2025-10-21T17:30:00-07:00,39,82,17.6
2025-10-21T18:00:00-07:00,42,78,13.8
2025-10-21T18:30:00-07:00,46,76,13
2025-10-21T19:00:00-07:00,49,74,13.8
2025-10-21T19:30:00-07:00,52,72,14.4
2025-10-21T20:00:00-07:00,55,71,15.9
2025-10-21T20:30:00-07:00,58,70,17.3
2025-10-21T21:00:00-07:00,60,69,18.1
2025-10-21T21:30:00-07:00,62,69,17.9
2025-10-21T22:00:00-07:00,62,69,16
2025-10-21T22:30:00-07:00,64,69,18.4
2025-10-21T23:00:00-07:00,65,69,21.4
2025-10-21T23:30:00-07:00,65,69,19.8
2025-10-22T00:00:00-07:00,63,68,11.8
2025-10-22T00:30:00-07:00,64,68,11.7
2025-10-22T01:00:00-07:00,64,68,8.2
2025-10-22T01:30:00-07:00,63,69,6.9
2025-10-22T02:00:00-07:00,63,69,7
2025-10-22T02:30:00-07:00,62,69,6.4
2025-10-22T03:00:00-07:00,61,69,4.3
2025-10-22T03:30:00-07:00,61,69,3.4
2025-10-22T04:00:00-07:00,61,69,4
2025-10-22T04:30:00-07:00,60,69,3.3
2025-10-22T05:00:00-07:00,60,69,2.8
2025-10-22T05:30:00-07:00,60,69,2.7
2025-10-22T06:00:00-07:00,60,69,2.9
2025-10-22T06:30:00-07:00,60,69,2.8
2025-10-22T07:00:00-07:00,60,69,2.8
2025-10-22T07:30:00-07:00,61,69,2.9
2025-10-22T08:00:00-07:00,59,69,2.7
2025-10-22T08:30:00-07:00,58,69,2.8
2025-10-22T09:00:00-07:00,58,69,3
2025-10-22T09:30:00-07:00,56,71,3.1
2025-10-22T10:00:00-07:00,52,72,2.8
2025-10-22T10:30:00-07:00,50,72,2.4
2025-10-22T11:00:00-07:00,48,72,2.5
2025-10-22T11:30:00-07:00,49,72,3
2025-10-22T12:00:00-07:00,48,73,3.1
2025-10-22T12:30:00-07:00,46,75,2.9
2025-10-22T13:00:00-07:00,44,75,2.7
2025-10-22T13:30:00-07:00,43,76,2.6
2025-10-22T14:00:00-07:00,42,77,2.8
2025-10-22T14:30:00-07:00,42,77,3.3
2025-10-22T15:00:00-07:00,42,77,3.3
2025-10-22T15:30:00-07:00,40,78,3.1
2025-10-22T16:00:00-07:00,38,79,3.1
2025-10-22T16:30:00-07:00,38,79,3.2
2025-10-22T17:00:00-07:00,39,78,3.5
2025-10-22T17:30:00-07:00,43,75,3.2
2025-10-22T18:00:00-07:00,46,72,3.6
2025-10-22T18:30:00-07:00,49,71,3.8
2025-10-22T19:00:00-07:00,52,70,4.5
2025-10-22T19:30:00-07:00,54,69,4.6
2025-10-22T20:00:00-07:00,55,69,5.4
2025-10-22T20:30:00-07:00,58,67,5
2025-10-22T21:00:00-07:00,60,66,4.9
2025-10-22T21:30:00-07:00,62,66,5.2
2025-10-22T22:00:00-07:00,63,66,5.2
2025-10-22T22:30:00-07:00,65,65,5.4
2025-10-22T23:00:00-07:00,66,64,5.6
2025-10-22T23:30:00-07:00,68,63,5.8
2025-10-23T00:00:00-07:00,70,63,5.6
2025-10-23T00:30:00-07:00,71,63,5.6
2025-10-23T01:00:00-07:00,72,62,5.4
2025-10-23T01:30:00-07:00,73,62,5.4
2025-10-23T02:00:00-07:00,74,62,5.5
2025-10-23T02:30:00-07:00,75,63,5.4
2025-10-23T03:00:00-07:00,75,63,5.6
2025-10-23T03:30:00-07:00,74,64,6.2
2025-10-23T04:00:00-07:00,74,64,6.1
2025-10-23T04:30:00-07:00,74,65,6.5
2025-10-23T05:00:00-07:00,74,65,6.2
2025-10-23T05:30:00-07:00,74,65,6.3
2025-10-23T06:00:00-07:00,74,65,6.3
2025-10-23T06:30:00-07:00,73,65,6.2
2025-10-23T07:00:00-07:00,71,66,7.7
2025-10-23T07:30:00-07:00,70,65,9.6
2025-10-23T08:00:00-07:00,72,65,10
2025-10-23T08:30:00-07:00,71,66,9.8
2025-10-23T09:00:00-07:00,67,67,9.2
2025-10-23T09:30:00-07:00,65,68,9.2
2025-10-23T10:00:00-07:00,63,69,9.6
2025-10-23T10:30:00-07:00,60,70,9.7
2025-10-23T11:00:00-07:00,58,71,10.5
2025-10-23T11:30:00-07:00,56,72,11.3
2025-10-23T12:00:00-07:00,54,73,11.5
2025-10-23T12:30:00-07:00,51,75,11.7
2025-10-23T13:00:00-07:00,47,77,10.8
2025-10-23T13:30:00-07:00,44,79,10
2025-10-23T14:00:00-07:00,41,81,9.3
2025-10-23T14:30:00-07:00,38,82,9.1
2025-10-23T15:00:00-07:00,37,83,8.6
2025-10-23T15:30:00-07:00,37,83,8
2025-10-23T16:00:00-07:00,36,83,7.5
2025-10-23T16:30:00-07:00,36,83,7.7
2025-10-23T17:00:00-07:00,38,82,7.8
2025-10-23T17:30:00-07:00,41,79,8.4
2025-10-23T18:00:00-07:00,45,76,8.8
2025-10-23T18:30:00-07:00,48,73,8.9
2025-10-23T19:00:00-07:00,52,71,9.4
2025-10-23T19:30:00-07:00,56,70,9.8
2025-10-23T20:00:00-07:00,59,69,10.1
2025-10-23T20:30:00-07:00,61,68,10.8
2025-10-23T21:00:00-07:00,64,67,11.1
2025-10-23T21:30:00-07:00,66,66,11.3
2025-10-23T22:00:00-07:00,70,67,11.6
2025-10-23T22:30:00-07:00,70,67,11.9
2025-10-23T23:00:00-07:00,70,67,10.7
2025-10-23T23:30:00-07:00,71,66,12.4
2025-10-24T00:00:00-07:00,72,66,12.9
2025-10-24T00:30:00-07:00,73,65,12.5
2025-10-24T01:00:00-07:00,74,64,11.4
2025-10-24T01:30:00-07:00,74,63,9.4
2025-10-24T02:00:00-07:00,72,63,9.1
2025-10-24T02:30:00-07:00,72,62,8.8
2025-10-24T03:00:00-07:00,72,62,7.9
2025-10-24T03:30:00-07:00,72,61,7.8
2025-10-24T04:00:00-07:00,73,61,8
2025-10-24T04:30:00-07:00,77,60,9.8
2025-10-24T05:00:00-07:00,76,61,8.8
2025-10-24T05:30:00-07:00,76,61,9
2025-10-24T06:00:00-07:00,76,61,9.4
2025-10-24T06:30:00-07:00,75,62,9
2025-10-24T07:00:00-07:00,74,63,8.9
2025-10-24T07:30:00-07:00,73,63,8.3
2025-10-24T08:00:00-07:00,74,64,7.8
2025-10-24T08:30:00-07:00,71,65,7.4
2025-10-24T09:00:00-07:00,70,65,11.7
2025-10-24T09:30:00-07:00,68,66,14.1
2025-10-24T10:00:00-07:00,64,67,15.3
2025-10-24T10:30:00-07:00,62,68,17.3
2025-10-24T11:00:00-07:00,58,69,16.8
2025-10-24T11:30:00-07:00,55,71,14.7
2025-10-24T12:00:00-07:00,51,73,11.2
2025-10-24T12:30:00-07:00,48,74,8.6
2025-10-24T13:00:00-07:00,45,77,3.7
2025-10-24T13:30:00-07:00,41,78,2.7
2025-10-24T14:00:00-07:00,39,81,2.7
2025-10-24T14:30:00-07:00,36,83,2.4
2025-10-24T15:00:00-07:00,35,83,1.4
2025-10-24T15:30:00-07:00,34,83,0.6
2025-10-24T16:00:00-07:00,36,82,0.6
2025-10-24T16:30:00-07:00,41,80,0.4
2025-10-24T17:00:00-07:00,44,77,0.5
2025-10-24T17:30:00-07:00,50,73,0.4
2025-10-24T18:00:00-07:00,55,71,0.3
2025-10-24T18:30:00-07:00,58,70,2
2025-10-24T19:00:00-07:00,61,68,0.6
2025-10-24T19:30:00-07:00,63,67,0.7
2025-10-24T20:00:00-07:00,66,67,0.4
2025-10-24T20:30:00-07:00,68,67,0.4
2025-10-24T21:00:00-07:00,69,67,0.9
2025-10-24T21:30:00-07:00,69,67,2
2025-10-24T22:00:00-07:00,71,66,1.9
2025-10-24T22:30:00-07:00,73,64,1.5
2025-10-24T23:00:00-07:00,74,64,1.5
2025-10-24T23:30:00-07:00,75,63,1.9
2025-10-25T00:00:00-07:00,76,64,2.8
2025-10-25T00:30:00-07:00,76,65,2.7
2025-10-25T01:00:00-07:00,73,65,1.3
2025-10-25T01:30:00-07:00,74,64,1.3
2025-10-25T02:00:00-07:00,75,65,1.5
2025-10-25T02:30:00-07:00,74,65,1.6
2025-10-25T03:00:00-07:00,75,66,2
2025-10-25T03:30:00-07:00,74,66,2.3
2025-10-25T04:00:00-07:00,74,66,3.1
2025-10-25T04:30:00-07:00,74,66,3.1
2025-10-25T05:00:00-07:00,76,66,4.9
2025-10-25T05:30:00-07:00,76,65,4.7
2025-10-25T06:00:00-07:00,77,65,5.2
2025-10-25T06:30:00-07:00,77,65,5
2025-10-25T07:00:00-07:00,77,65,5.9
2025-10-25T07:30:00-07:00,78,65,8.5
2025-10-25T08:00:00-07:00,77,65,9.2
2025-10-25T08:30:00-07:00,74,66,10.6
2025-10-25T09:00:00-07:00,70,67,11.4
2025-10-25T09:30:00-07:00,71,66,11.6
2025-10-25T10:00:00-07:00,72,66,10.7
2025-10-25T10:30:00-07:00,69,67,9.5
2025-10-25T11:00:00-07:00,62,68,6.2
2025-10-25T11:30:00-07:00,56,70,3.5
2025-10-25T12:00:00-07:00,54,71,3
2025-10-25T12:30:00-07:00,56,72,3.7
2025-10-25T13:00:00-07:00,62,73,3.6
2025-10-25T13:30:00-07:00,59,74,2.4
2025-10-25T14:00:00-07:00,59,75,2
2025-10-25T14:30:00-07:00,63,74,0.9
2025-10-25T15:00:00-07:00,59,74,0.6
2025-10-25T15:30:00-07:00,54,74,0.7
2025-10-25T16:00:00-07:00,53,74,0.7
2025-10-25T16:30:00-07:00,51,75,0.9
2025-10-25T17:00:00-07:00,49,76,0.9
2025-10-25T17:30:00-07:00,48,75,29.9
2025-10-25T18:00:00-07:00,49,73,2.1
2025-10-25T18:30:00-07:00,55,71,1.8
2025-10-25T19:00:00-07:00,60,69,1.5
2025-10-25T19:30:00-07:00,65,67,1.7
2025-10-25T20:00:00-07:00,68,66,1.6
2025-10-25T20:30:00-07:00,69,66,1.8
2025-10-25T21:00:00-07:00,71,65,2
2025-10-25T21:30:00-07:00,73,65,2.3
2025-10-25T22:00:00-07:00,73,65,8.4
2025-10-25T22:30:00-07:00,73,65,2.5
2025-10-25T23:00:00-07:00,73,65,5.2
2025-10-25T23:30:00-07:00,75,65,2.6
2025-10-26T00:00:00-07:00,75,65,1.9
2025-10-26T00:30:00-07:00,76,65,2.1
2025-10-26T01:00:00-07:00,76,65,1.9
2025-10-26T01:30:00-07:00,77,64,1.9
2025-10-26T02:00:00-07:00,78,64,2.2
2025-10-26T02:30:00-07:00,78,64,2.9
2025-10-26T03:00:00-07:00,79,64,2.9
2025-10-26T03:30:00-07:00,80,64,2.8
2025-10-26T04:00:00-07:00,78,65,2.7
2025-10-26T04:30:00-07:00,78,65,2.5
2025-10-26T05:00:00-07:00,80,65,2.7
2025-10-26T05:30:00-07:00,80,65,2.6
2025-10-26T06:00:00-07:00,78,65,2.8
2025-10-26T06:30:00-07:00,72,65,6.2
2025-10-26T07:00:00-07:00,71,65,4.9
2025-10-26T07:30:00-07:00,70,64,3.9
2025-10-26T08:00:00-07:00,71,65,3.2
2025-10-26T08:30:00-07:00,69,66,2.7
2025-10-26T09:00:00-07:00,65,67,3.5
2025-10-26T09:30:00-07:00,63,67,5
2025-10-26T10:00:00-07:00,59,69,3
2025-10-26T10:30:00-07:00,53,72,2.8
2025-10-26T11:00:00-07:00,48,73,1.7
2025-10-26T11:30:00-07:00,45,74,1.6
2025-10-26T12:00:00-07:00,43,75,1.1
2025-10-26T12:30:00-07:00,41,75,1.2
2025-10-26T13:00:00-07:00,42,76,1.1
2025-10-26T13:30:00-07:00,43,75,0.8
2025-10-26T14:00:00-07:00,45,75,0.6
2025-10-26T14:30:00-07:00,47,75,0.4
2025-10-26T15:00:00-07:00,49,74,0.1
2025-10-26T15:30:00-07:00,52,74,0.1
2025-10-26T16:00:00-07:00,55,74,0
2025-10-26T16:30:00-07:00,59,73,0.6
2025-10-26T17:00:00-07:00,54,73,3
2025-10-26T17:30:00-07:00,55,71,2.4
2025-10-26T18:00:00-07:00,54,70,2.5
2025-10-26T18:30:00-07:00,54,69,1.3
2025-10-26T19:00:00-07:00,54,69,1.6
2025-10-26T19:30:00-07:00,54,68,1.1
2025-10-26T20:00:00-07:00,55,68,1
2025-10-26T20:30:00-07:00,57,67,1
2025-10-26T21:00:00-07:00,56,67,0.7
2025-10-26T21:30:00-07:00,58,67,1.1
2025-10-26T22:00:00-07:00,57,67,0.9
2025-10-26T22:30:00-07:00,57,66,0.8
2025-10-26T23:00:00-07:00,56,66,0.9
2025-10-26T23:30:00-07:00,57,66,1
2025-10-27T00:00:00-07:00,57,66,0.6
2025-10-27T00:30:00-07:00,56,66,0.8
2025-10-27T01:00:00-07:00,57,66,0.7
2025-10-27T01:30:00-07:00,58,66,1
2025-10-27T02:00:00-07:00,59,66,0.9
2025-10-27T02:30:00-07:00,59,65,0.9
2025-10-27T03:00:00-07:00,59,65,0.9
2025-10-27T03:30:00-07:00,59,65,0.9
2025-10-27T04:00:00-07:00,58,65,0.7
2025-10-27T04:30:00-07:00,59,65,0.9
2025-10-27T05:00:00-07:00,59,65,0.9
2025-10-27T05:30:00-07:00,59,65,1
2025-10-27T06:00:00-07:00,60,65,1.2
2025-10-27T06:30:00-07:00,63,64,1.2
2025-10-27T07:00:00-07:00,68,63,1.5
2025-10-27T07:30:00-07:00,70,63,1.5
2025-10-27T08:00:00-07:00,70,63,1
2025-10-27T08:30:00-07:00,71,64,0.8
2025-10-27T09:00:00-07:00,69,65,0.5
2025-10-27T09:30:00-07:00,65,66,1.1
2025-10-27T10:00:00-07:00,62,68,0.5
2025-10-27T10:30:00-07:00,58,69,1.1
2025-10-27T11:00:00-07:00,54,69,0.2
2025-10-27T11:30:00-07:00,52,69,0.2
2025-10-27T12:00:00-07:00,50,71,0.1
2025-10-27T12:30:00-07:00,47,72,0.1
2025-10-27T13:00:00-07:00,44,74,0.1
2025-10-27T13:30:00-07:00,40,78,0
2025-10-27T14:00:00-07:00,38,80,0.6
2025-10-27T14:30:00-07:00,36,82,0.6
2025-10-27T15:00:00-07:00,34,82,0.4
2025-10-27T15:30:00-07:00,33,82,0.2
2025-10-27T16:00:00-07:00,32,82,0.2
2025-10-27T16:30:00-07:00,32,82,0.1
2025-10-27T17:00:00-07:00,34,81,0.2
2025-10-27T17:30:00-07:00,37,79,1.6
2025-10-27T18:00:00-07:00,43,76,1
2025-10-27T18:30:00-07:00,46,73,1.4
2025-10-27T19:00:00-07:00,49,70,1
2025-10-27T19:30:00-07:00,44,68,0.2
2025-10-27T20:00:00-07:00,46,67,0.3
2025-10-27T20:30:00-07:00,45,65,0.6
2025-10-27T21:00:00-07:00,44,65,1.3
2025-10-27T21:30:00-07:00,45,64,0.4
2025-10-27T22:00:00-07:00,45,63,0.7
2025-10-27T22:30:00-07:00,44,63,3.8
2025-10-27T23:00:00-07:00,43,63,0.3
2025-10-27T23:30:00-07:00,47,62,0.7
2025-10-28T00:00:00-07:00,48,61,0.9
2025-10-28T00:30:00-07:00,47,61,0.7
2025-10-28T01:00:00-07:00,44,61,0.5
2025-10-28T01:30:00-07:00,39,62,0.4
2025-10-28T02:00:00-07:00,38,62,0.3
2025-10-28T02:30:00-07:00,39,61,0.3
2025-10-28T03:00:00-07:00,40,60,0.3
2025-10-28T03:30:00-07:00,41,60,0.6
2025-10-28T04:00:00-07:00,40,60,0.6
2025-10-28T04:30:00-07:00,40,61,0.7
2025-10-28T05:00:00-07:00,41,61,0.6
2025-10-28T05:30:00-07:00,44,60,0.8
2025-10-28T06:00:00-07:00,48,59,1.5
2025-10-28T06:30:00-07:00,50,58,2.1
2025-10-28T07:00:00-07:00,53,58,2.5
2025-10-28T07:30:00-07:00,52,57,1.9
2025-10-28T08:00:00-07:00,52,58,1.5
2025-10-28T08:30:00-07:00,50,60,1.3
2025-10-28T09:00:00-07:00,52,63,2.8
2025-10-28T09:30:00-07:00,49,65,2.6
2025-10-28T10:00:00-07:00,46,68,3.2
2025-10-28T10:30:00-07:00,43,70,3
2025-10-28T11:00:00-07:00,40,73,2.9
2025-10-28T11:30:00-07:00,34,76,2.4
2025-10-28T12:00:00-07:00,25,78,1.1
2025-10-28T12:30:00-07:00,24,81,1.4
2025-10-28T13:00:00-07:00,25,84,2.2
2025-10-28T13:30:00-07:00,24,86,2.4
2025-10-28T14:00:00-07:00,22,88,2.1
2025-10-28T14:30:00-07:00,22,90,1.8
2025-10-28T15:00:00-07:00,22,89,1.7
2025-10-28T15:30:00-07:00,22,88,1.9
2025-10-28T16:00:00-07:00,23,88,2
2025-10-28T16:30:00-07:00,24,88,1.6
2025-10-28T17:00:00-07:00,25,87,1.6
2025-10-28T17:30:00-07:00,28,84,1.6
2025-10-28T18:00:00-07:00,29,80,2.6
2025-10-28T18:30:00-07:00,29,77,3.3
2025-10-28T19:00:00-07:00,30,76,3.3
2025-10-28T19:30:00-07:00,31,74,3.2
2025-10-28T20:00:00-07:00,33,73,3.4
2025-10-28T20:30:00-07:00,34,72,3.4
2025-10-28T21:00:00-07:00,37,70,3.7
2025-10-28T21:30:00-07:00,38,69,3.5
2025-10-28T22:00:00-07:00,39,68,3
2025-10-28T22:30:00-07:00,38,67,3
2025-10-28T23:00:00-07:00,39,67,3
2025-10-28T23:30:00-07:00,38,66,2.6
2025-10-29T00:00:00-07:00,39,66,2.4
2025-10-29T00:30:00-07:00,41,65,2.7
2025-10-29T01:00:00-07:00,41,65,3.1
2025-10-29T01:30:00-07:00,42,65,3.2
2025-10-29T02:00:00-07:00,44,64,3.8
2025-10-29T02:30:00-07:00,44,64,3.9
2025-10-29T03:00:00-07:00,46,63,3.9
2025-10-29T03:30:00-07:00,47,62,4.1
2025-10-29T04:00:00-07:00,48,61,3.9
2025-10-29T04:30:00-07:00,49,61,5.1
2025-10-29T05:00:00-07:00,49,61,4.9
2025-10-29T05:30:00-07:00,51,61,4.7
2025-10-29T06:00:00-07:00,52,60,5.3
2025-10-29T06:30:00-07:00,54,60,5.4
2025-10-29T07:00:00-07:00,55,60,5.7
2025-10-29T07:30:00-07:00,57,60,6.1
2025-10-29T08:00:00-07:00,57,61,5.9
2025-10-29T08:30:00-07:00,57,63,6.2
2025-10-29T09:00:00-07:00,55,66,6.6
2025-10-29T09:30:00-07:00,54,69,7
2025-10-29T10:00:00-07:00,51,71,6.3
2025-10-29T10:30:00-07:00,46,73,6.1
2025-10-29T11:00:00-07:00,43,76,5.6
2025-10-29T11:30:00-07:00,40,78,5.4
2025-10-29T12:00:00-07:00,37,81,5.1
2025-10-29T12:30:00-07:00,34,83,5.8
2025-10-29T13:00:00-07:00,33,85,6.6
2025-10-29T13:30:00-07:00,32,87,7.5
2025-10-29T14:00:00-07:00,29,89,7.8
2025-10-29T14:30:00-07:00,27,90,7.5
2025-10-29T15:00:00-07:00,27,91,6.8
2025-10-29T15:30:00-07:00,26,91,7.4
2025-10-29T16:00:00-07:00,26,91,5
2025-10-29T16:30:00-07:00,25,91,4.1
2025-10-29T17:00:00-07:00,26,90,4.1
2025-10-29T17:30:00-07:00,30,87,5.6
2025-10-29T18:00:00-07:00,33,83,6.9
2025-10-29T18:30:00-07:00,36,81,6.2
2025-10-29T19:00:00-07:00,38,78,6.3
2025-10-29T19:30:00-07:00,40,76,6.7
2025-10-29T20:00:00-07:00,44,74,7.2
2025-10-29T20:30:00-07:00,46,73,6.7
2025-10-29T21:00:00-07:00,48,72,7.1
2025-10-29T21:30:00-07:00,50,71,8
2025-10-29T22:00:00-07:00,51,70,8.2
2025-10-29T22:30:00-07:00,53,68,6.9
2025-10-29T23:00:00-07:00,54,68,5.1
2025-10-29T23:30:00-07:00,54,68,4.2
2025-10-30T00:00:00-07:00,57,67,5.2
2025-10-30T00:30:00-07:00,58,66,5.1
2025-10-30T01:00:00-07:00,58,66,4.2
2025-10-30T01:30:00-07:00,60,65,4.3
2025-10-30T02:00:00-07:00,61,64,4.1
2025-10-30T02:30:00-07:00,62,64,4.8
2025-10-30T03:00:00-07:00,64,64,5.7
2025-10-30T03:30:00-07:00,64,63,5
2025-10-30T04:00:00-07:00,65,62,4.7
2025-10-30T04:30:00-07:00,66,62,4.8
2025-10-30T05:00:00-07:00,67,61,4.8
2025-10-30T05:30:00-07:00,68,60,5.3
2025-10-30T06:00:00-07:00,70,60,5.6
2025-10-30T06:30:00-07:00,71,60,5.9
2025-10-30T07:00:00-07:00,73,62,7.4
2025-10-30T07:30:00-07:00,75,63,9.3
2025-10-30T08:00:00-07:00,77,63,10
2025-10-30T08:30:00-07:00,78,64,12.9
2025-10-30T09:00:00-07:00,78,65,17.4
2025-10-30T09:30:00-07:00,77,66,21.9
2025-10-30T10:00:00-07:00,75,66,24.5
2025-10-30T10:30:00-07:00,71,68,17.6
2025-10-30T11:00:00-07:00,67,69,16.3
2025-10-30T11:30:00-07:00,65,70,16.1
2025-10-30T12:00:00-07:00,62,71,17.5
2025-10-30T12:30:00-07:00,59,71,18.8
2025-10-30T13:00:00-07:00,55,73,17.7
2025-10-30T13:30:00-07:00,50,76,15.4
2025-10-30T14:00:00-07:00,46,79,11.1
2025-10-30T14:30:00-07:00,43,80,10.8
2025-10-30T15:00:00-07:00,42,81,10.7
2025-10-30T15:30:00-07:00,42,80,9.8
2025-10-30T16:00:00-07:00,44,78,9.2
2025-10-30T16:30:00-07:00,46,77,8.6
2025-10-30T17:00:00-07:00,47,75,10.2
2025-10-30T17:30:00-07:00,52,72,15.9
2025-10-30T18:00:00-07:00,57,69,9.3
2025-10-30T18:30:00-07:00,60,68,8.9
2025-10-30T19:00:00-07:00,62,67,8.8
2025-10-30T19:30:00-07:00,63,67,8.9
2025-10-30T20:00:00-07:00,64,67,9
2025-10-30T20:30:00-07:00,64,66,8.7
2025-10-30T21:00:00-07:00,64,66,8.6
2025-10-30T21:30:00-07:00,64,66,8.1
2025-10-30T22:00:00-07:00,65,65,8.2
2025-10-30T22:30:00-07:00,66,65,8.1
2025-10-30T23:00:00-07:00,68,64,8.1
2025-10-30T23:30:00-07:00,67,65,7.3
2025-10-31T00:00:00-07:00,66,65,7.4
2025-10-31T00:30:00-07:00,66,65,7.3
2025-10-31T01:00:00-07:00,65,65,7.4
2025-10-31T01:30:00-07:00,64,65,7.1
2025-10-31T02:00:00-07:00,64,65,6.9
2025-10-31T02:30:00-07:00,66,64,6.9
2025-10-31T03:00:00-07:00,68,63,7.8
2025-10-31T03:30:00-07:00,70,62,7.3
2025-10-31T04:00:00-07:00,72,61,7.3
2025-10-31T04:30:00-07:00,74,60,7.2
2025-10-31T05:00:00-07:00,76,59,6.7
2025-10-31T05:30:00-07:00,76,59,6.7
2025-10-31T06:00:00-07:00,78,59,6.9
2025-10-31T06:30:00-07:00,81,59,8
2025-10-31T07:00:00-07:00,83,59,9.5
2025-10-31T07:30:00-07:00,80,61,8.2
2025-10-31T08:00:00-07:00,76,61,7.6
2025-10-31T08:30:00-07:00,75,62,8.1
2025-10-31T09:00:00-07:00,76,61,7.9
2025-10-31T09:30:00-07:00,77,62,10
2025-10-31T10:00:00-07:00,73,64,16.5
2025-10-31T10:30:00-07:00,67,66,16.6
2025-10-31T11:00:00-07:00,63,68,16.8
2025-10-31T11:30:00-07:00,58,70,16
2025-10-31T12:00:00-07:00,54,72,15.1
2025-10-31T12:30:00-07:00,50,75,13.3
2025-10-31T13:00:00-07:00,46,77,12.3
2025-10-31T13:30:00-07:00,44,78,13.8
2025-10-31T14:00:00-07:00,42,80,14.1
2025-10-31T14:30:00-07:00,40,82,13.6
2025-10-31T15:00:00-07:00,38,84,11.9
2025-10-31T15:30:00-07:00,37,84,12.1
2025-10-31T16:00:00-07:00,35,85,12
2025-10-31T16:30:00-07:00,34,85,9.9
2025-10-31T17:00:00-07:00,37,84,11.3
2025-10-31T17:30:00-07:00,42,80,10
2025-10-31T18:00:00-07:00,45,77,8
2025-10-31T18:30:00-07:00,47,75,8.1
2025-10-31T19:00:00-07:00,49,73,7.5
2025-10-31T19:30:00-07:00,52,71,9.5
2025-10-31T20:00:00-07:00,54,70,10.7
2025-10-31T20:30:00-07:00,59,67,10.7
2025-10-31T21:00:00-07:00,61,66,16.4
2025-10-31T21:30:00-07:00,64,65,12.3
2025-10-31T22:00:00-07:00,67,64,20.5
2025-10-31T22:30:00-07:00,68,64,13.8
2025-10-31T23:00:00-07:00,68,63,10.4
2025-10-31T23:30:00-07:00,68,62,8.7
2025-11-01T00:00:00-07:00,67,62,9
2025-11-01T00:30:00-07:00,67,62,8.2
2025-11-01T01:00:00-07:00,68,61,7.1
2025-11-01T01:30:00-07:00,69,61,4.2
2025-11-01T02:00:00-07:00,68,61,4.5
2025-11-01T02:30:00-07:00,68,61,4.9
2025-11-01T03:00:00-07:00,69,60,5.2
2025-11-01T03:30:00-07:00,71,60,5.3
2025-11-01T04:00:00-07:00,73,59,6.9
2025-11-01T04:30:00-07:00,73,59,7.1
2025-11-01T05:00:00-07:00,74,59,5.8
2025-11-01T05:30:00-07:00,74,59,6
2025-11-01T06:00:00-07:00,75,58,6.1
2025-11-01T06:30:00-07:00,75,58,6
2025-11-01T07:00:00-07:00,73,58,5.1
2025-11-01T07:30:00-07:00,73,58,5.1
2025-11-01T08:00:00-07:00,73,59,5.7
2025-11-01T08:30:00-07:00,73,60,6
2025-11-01T09:00:00-07:00,74,62,11.3
2025-11-01T09:30:00-07:00,74,64,16.1
2025-11-01T10:00:00-07:00,72,66,20.1
2025-11-01T10:30:00-07:00,67,69,21.3
2025-11-01T11:00:00-07:00,63,71,20.6
2025-11-01T11:30:00-07:00,58,73,18.7
2025-11-01T12:00:00-07:00,53,75,19.8
2025-11-01T12:30:00-07:00,48,77,14.9
2025-11-01T13:00:00-07:00,43,79,9.6
2025-11-01T13:30:00-07:00,39,81,6.5
2025-11-01T14:00:00-07:00,35,83,4.4
2025-11-01T14:30:00-07:00,33,85,3.7
2025-11-01T15:00:00-07:00,33,85,4.3
2025-11-01T15:30:00-07:00,33,85,3.8
2025-11-01T16:00:00-07:00,34,85,4.3
2025-11-01T16:30:00-07:00,36,84,4.8
2025-11-01T17:00:00-07:00,37,83,4.7
2025-11-01T17:30:00-07:00,41,79,4.4
2025-11-01T18:00:00-07:00,47,76,3.5
2025-11-01T18:30:00-07:00,53,73,3.8
2025-11-01T19:00:00-07:00,60,72,4.2
2025-11-01T19:30:00-07:00,63,70,4.9
2025-11-01T20:00:00-07:00,64,68,6.2
2025-11-01T20:30:00-07:00,64,67,7.9
2025-11-01T21:00:00-07:00,66,66,6.7
2025-11-01T21:30:00-07:00,68,65,7.4
2025-11-01T22:00:00-07:00,70,64,8.5
2025-11-01T22:30:00-07:00,71,63,11.1
2025-11-01T23:00:00-07:00,72,63,8.9
2025-11-01T23:30:00-07:00,72,63,21.7
2025-11-02T00:00:00-07:00,72,63,11.2
2025-11-02T00:30:00-07:00,73,62,5
2025-11-02T01:00:00-07:00,73,63,4.1
2025-11-02T01:30:00-07:00,70,63,4.4
2025-11-02T01:00:00-08:00,72,62,5.4
2025-11-02T01:30:00-08:00,74,61,3.9
2025-11-02T02:00:00-08:00,75,60,4.5
2025-11-02T02:30:00-08:00,76,60,4
2025-11-02T03:00:00-08:00,73,61,4.2
2025-11-02T03:30:00-08:00,73,60,4.1
2025-11-02T04:00:00-08:00,73,60,4.4
2025-11-02T04:30:00-08:00,71,60,4.1
2025-11-02T05:00:00-08:00,69,60,4.4
2025-11-02T05:30:00-08:00,70,59,4.3
2025-11-02T06:00:00-08:00,74,58,4.7
2025-11-02T06:30:00-08:00,74,58,5.3
2025-11-02T07:00:00-08:00,75,58,4.2
2025-11-02T07:30:00-08:00,70,60,3.3
2025-11-02T08:00:00-08:00,68,63,4.2
2025-11-02T08:30:00-08:00,65,66,4.6
2025-11-02T09:00:00-08:00,62,68,5.6
2025-11-02T09:30:00-08:00,55,71,5.2
2025-11-02T10:00:00-08:00,52,73,4.7
2025-11-02T10:30:00-08:00,48,75,5
2025-11-02T11:00:00-08:00,45,78,5.3
2025-11-02T11:30:00-08:00,41,80,4.8
2025-11-02T12:00:00-08:00,40,83,6.3
2025-11-02T12:30:00-08:00,36,85,5.6
2025-11-02T13:00:00-08:00,33,87,4.8
2025-11-02T13:30:00-08:00,31,88,3.9
2025-11-02T14:00:00-08:00,31,89,4.8
2025-11-02T14:30:00-08:00,33,89,38
2025-11-02T15:00:00-08:00,33,89,29.2
2025-11-02T15:30:00-08:00,32,89,10.4
2025-11-02T16:00:00-08:00,35,87,11.1
2025-11-02T16:30:00-08:00,39,84,11
2025-11-02T17:00:00-08:00,44,81,10.2
2025-11-02T17:30:00-08:00,48,78,10.7
2025-11-02T18:00:00-08:00,50,76,10.7
2025-11-02T18:30:00-08:00,53,74,11.5
2025-11-02T19:00:00-08:00,56,73,13.2
2025-11-02T19:30:00-08:00,59,72,15.6
2025-11-02T20:00:00-08:00,60,71,14.5
2025-11-02T20:30:00-08:00,64,70,14.3
2025-11-02T21:00:00-08:00,65,69,14.7
2025-11-02T21:30:00-08:00,66,69,16.4
2025-11-02T22:00:00-08:00,67,67,16.7
2025-11-02T22:30:00-08:00,68,67,15.7
2025-11-02T23:00:00-08:00,69,67,15
2025-11-02T23:30:00-08:00,71,66,15.8
2025-11-03T00:00:00-08:00,72,65,14.6
2025-11-03T00:30:00-08:00,74,65,13.5
2025-11-03T01:00:00-08:00,76,64,15
2025-11-03T01:30:00-08:00,77,65,15.1
2025-11-03T02:00:00-08:00,77,64,14.6
2025-11-03T02:30:00-08:00,77,63,13.2
2025-11-03T03:00:00-08:00,78,62,13.6
2025-11-03T03:30:00-08:00,78,62,13.9
2025-11-03T04:00:00-08:00,78,62,14.1
2025-11-03T04:30:00-08:00,78,61,14.4
2025-11-03T05:00:00-08:00,79,61,14.1
2025-11-03T05:30:00-08:00,81,61,13.8
2025-11-03T06:00:00-08:00,84,61,13.1
2025-11-03T06:30:00-08:00,85,62,11.3
2025-11-03T07:00:00-08:00,86,63,17.7
2025-11-03T07:30:00-08:00,88,63,20.3
2025-11-03T08:00:00-08:00,84,65,22.7
2025-11-03T08:30:00-08:00,81,65,22.3
2025-11-03T09:00:00-08:00,78,65,22.7
2025-11-03T09:30:00-08:00,77,65,21.4
2025-11-03T10:00:00-08:00,70,67,17.7
2025-11-03T10:30:00-08:00,58,70,9.1
2025-11-03T11:00:00-08:00,48,71,3.3
2025-11-03T11:30:00-08:00,41,74,2.3
2025-11-03T12:00:00-08:00,33,77,1.5
2025-11-03T12:30:00-08:00,25,79,0.7
2025-11-03T13:00:00-08:00,20,81,0.4
2025-11-03T13:30:00-08:00,20,82,0.8
2025-11-03T14:00:00-08:00,22,82,1.2
2025-11-03T14:30:00-08:00,24,81,1.3
2025-11-03T15:00:00-08:00,24,79,0.9
2025-11-03T15:30:00-08:00,23,79,0.9
2025-11-03T16:00:00-08:00,24,78,2.5
2025-11-03T16:30:00-08:00,27,75,1.6
2025-11-03T17:00:00-08:00,31,73,1.1
2025-11-03T17:30:00-08:00,37,71,1.6
2025-11-03T18:00:00-08:00,41,69,2.4
2025-11-03T18:30:00-08:00,46,68,2.1
2025-11-03T19:00:00-08:00,49,67,3
2025-11-03T19:30:00-08:00,45,65,3.1
2025-11-03T20:00:00-08:00,40,65,2.3
2025-11-03T20:30:00-08:00,40,65,0.9
2025-11-03T21:00:00-08:00,40,65,0.7
2025-11-03T21:30:00-08:00,42,65,0.7
2025-11-03T22:00:00-08:00,44,65,0.9
2025-11-03T22:30:00-08:00,44,66,0.9
2025-11-03T23:00:00-08:00,45,66,0.8
2025-11-03T23:30:00-08:00,45,66,0.9
2025-11-04T00:00:00-08:00,45,66,1.2
2025-11-04T00:30:00-08:00,45,66,0.8
2025-11-04T01:00:00-08:00,45,66,1.1
2025-11-04T01:30:00-08:00,46,66,1.3
2025-11-04T02:00:00-08:00,46,66,2
2025-11-04T02:30:00-08:00,47,66,2
2025-11-04T03:00:00-08:00,48,65,1.6
2025-11-04T03:30:00-08:00,51,64,1.3
2025-11-04T04:00:00-08:00,52,64,1.4
2025-11-04T04:30:00-08:00,53,64,1.4
2025-11-04T05:00:00-08:00,55,63,2.1
2025-11-04T05:30:00-08:00,59,62,1.3
2025-11-04T06:00:00-08:00,62,62,2.2
2025-11-04T06:30:00-08:00,64,61,2.3
2025-11-04T07:00:00-08:00,66,61,1.6
2025-11-04T07:30:00-08:00,68,62,0.5
2025-11-04T08:00:00-08:00,66,64,0.4
2025-11-04T08:30:00-08:00,61,67,0.4
2025-11-04T09:00:00-08:00,54,69,1
2025-11-04T09:30:00-08:00,52,71,0.5
2025-11-04T10:00:00-08:00,50,73,0.3
2025-11-04T10:30:00-08:00,45,75,0.2
2025-11-04T11:00:00-08:00,42,77,0.2
2025-11-04T11:30:00-08:00,40,79,0.3
2025-11-04T12:00:00-08:00,38,82,0.2
2025-11-04T12:30:00-08:00,35,83,0.1
2025-11-04T13:00:00-08:00,33,86,0.2
2025-11-04T13:30:00-08:00,32,86,0.1
2025-11-04T14:00:00-08:00,36,83,0.3
2025-11-04T14:30:00-08:00,38,82,0.6
2025-11-04T15:00:00-08:00,38,81,0.1
2025-11-04T15:30:00-08:00,41,79,0.1
2025-11-04T16:00:00-08:00,43,77,0
2025-11-04T16:30:00-08:00,48,75,0.1
2025-11-04T17:00:00-08:00,52,73,0
2025-11-04T17:30:00-08:00,54,72,0.1
2025-11-04T18:00:00-08:00,54,72,0.1
2025-11-04T18:30:00-08:00,56,71,0.1
2025-11-04T19:00:00-08:00,58,70,0.1
2025-11-04T19:30:00-08:00,63,68,0.4
2025-11-04T20:00:00-08:00,63,68,1.6
2025-11-04T20:30:00-08:00,64,68,0.3
2025-11-04T21:00:00-08:00,66,67,0.3
2025-11-04T21:30:00-08:00,65,68,0.3
2025-11-04T22:00:00-08:00,65,68,0.3
2025-11-04T22:30:00-08:00,66,67,0.3
2025-11-04T23:00:00-08:00,67,67,0.5
2025-11-04T23:30:00-08:00,68,67,0.6
2025-11-05T00:00:00-08:00,68,67,0.5
2025-11-05T00:30:00-08:00,68,66,0.8
2025-11-05T01:00:00-08:00,69,66,0.7
2025-11-05T01:30:00-08:00,71,65,0.9
2025-11-05T02:00:00-08:00,69,66,1.2
2025-11-05T02:30:00-08:00,64,66,2
2025-11-05T03:00:00-08:00,61,66,2.8
2025-11-05T03:30:00-08:00,59,65,3.2
2025-11-05T04:00:00-08:00,56,66,3.1
2025-11-05T04:30:00-08:00,57,66,3.9
2025-11-05T05:00:00-08:00,56,66,5.3
2025-11-05T05:30:00-08:00,55,67,3.5
2025-11-05T06:00:00-08:00,56,67,4.1
2025-11-05T06:30:00-08:00,65,66,3.9
2025-11-05T07:00:00-08:00,70,66,3.9
2025-11-05T07:30:00-08:00,71,65,3.7
2025-11-05T08:00:00-08:00,74,65,3.5
2025-11-05T08:30:00-08:00,73,66,2.4
2025-11-05T09:00:00-08:00,70,67,2.4
2025-11-05T09:30:00-08:00,68,68,2
2025-11-05T10:00:00-08:00,64,69,0.7
2025-11-05T10:30:00-08:00,59,71,0.6
2025-11-05T11:00:00-08:00,59,70,0.3
2025-11-05T11:30:00-08:00,59,71,0.1
2025-11-05T12:00:00-08:00,59,71,0.1
2025-11-05T12:30:00-08:00,59,71,0.3
2025-11-05T13:00:00-08:00,57,72,0.3
2025-11-05T13:30:00-08:00,52,75,0.1
2025-11-05T14:00:00-08:00,54,73,0.3
2025-11-05T14:30:00-08:00,55,73,0.2
2025-11-05T15:00:00-08:00,57,72,0.2
2025-11-05T15:30:00-08:00,57,72,0.1
2025-11-05T16:00:00-08:00,59,72,0.2
2025-11-05T16:30:00-08:00,59,72,0.1
2025-11-05T17:00:00-08:00,60,71,0.1
2025-11-05T17:30:00-08:00,61,71,0.1
2025-11-05T18:00:00-08:00,63,70,0.3
2025-11-05T18:30:00-08:00,65,70,0.9
2025-11-05T19:00:00-08:00,65,70,1.2
2025-11-05T19:30:00-08:00,68,69,1.3
2025-11-05T20:00:00-08:00,70,69,1.2
2025-11-05T20:30:00-08:00,69,69,1.8
2025-11-05T21:00:00-08:00,69,69,1.4
2025-11-05T21:30:00-08:00,70,68,0.9
2025-11-05T22:00:00-08:00,72,68,0.8
2025-11-05T22:30:00-08:00,73,67,0.8
2025-11-05T23:00:00-08:00,75,66,0.7
2025-11-05T23:30:00-08:00,77,65,2.3
2025-11-06T00:00:00-08:00,80,64,1.3
2025-11-06T00:30:00-08:00,83,64,1.2
2025-11-06T01:00:00-08:00,82,64,1.3
2025-11-06T01:30:00-08:00,83,63,1.2
2025-11-06T02:00:00-08:00,82,64,1.1
2025-11-06T02:30:00-08:00,80,65,1.1
2025-11-06T03:00:00-08:00,79,65,1
2025-11-06T03:30:00-08:00,80,64,1.1
2025-11-06T04:00:00-08:00,81,64,1
2025-11-06T04:30:00-08:00,81,64,0.9
2025-11-06T05:00:00-08:00,79,65,0.8
2025-11-06T05:30:00-08:00,78,65,1
2025-11-06T06:00:00-08:00,78,65,0.9
2025-11-06T06:30:00-08:00,77,65,1
2025-11-06T07:00:00-08:00,78,65,1.4
2025-11-06T07:30:00-08:00,80,65,2
2025-11-06T08:00:00-08:00,78,66,2.2
2025-11-06T08:30:00-08:00,73,67,2.2
2025-11-06T09:00:00-08:00,67,69,2.6
2025-11-06T09:30:00-08:00,62,71,2.2
2025-11-06T10:00:00-08:00,56,73,2.1
2025-11-06T10:30:00-08:00,51,75,2.6
2025-11-06T11:00:00-08:00,47,76,2.8
2025-11-06T11:30:00-08:00,44,78,2.4
2025-11-06T12:00:00-08:00,41,79,2.8
2025-11-06T12:30:00-08:00,39,81,2.6
2025-11-06T13:00:00-08:00,39,82,2.7
2025-11-06T13:30:00-08:00,39,82,3.6
2025-11-06T14:00:00-08:00,39,81,3.7
2025-11-06T14:30:00-08:00,39,81,3.2
2025-11-06T15:00:00-08:00,37,81,2.3
2025-11-06T15:30:00-08:00,39,80,2.9
2025-11-06T16:00:00-08:00,42,78,3.4
2025-11-06T16:30:00-08:00,46,75,3
2025-11-06T17:00:00-08:00,48,73,3.4
2025-11-06T17:30:00-08:00,52,72,4.7
2025-11-06T18:00:00-08:00,55,71,3.7
2025-11-06T18:30:00-08:00,58,70,3.6
2025-11-06T19:00:00-08:00,60,69,4.6
2025-11-06T19:30:00-08:00,63,68,4.3
2025-11-06T20:00:00-08:00,65,67,3.6
2025-11-06T20:30:00-08:00,66,66,3.5
2025-11-06T21:00:00-08:00,68,65,3.7
2025-11-06T21:30:00-08:00,70,64,3.4
2025-11-06T22:00:00-08:00,70,64,3.2
2025-11-06T22:30:00-08:00,70,64,2.8
2025-11-06T23:00:00-08:00,71,63,2.5
2025-11-06T23:30:00-08:00,73,63,2.5
2025-11-07T00:00:00-08:00,74,62,2.5
2025-11-07T00:30:00-08:00,74,62,3
2025-11-07T01:00:00-08:00,73,62,2.1
2025-11-07T01:30:00-08:00,74,62,2.3
2025-11-07T02:00:00-08:00,75,61,2.2
2025-11-07T02:30:00-08:00,74,62,2.1
2025-11-07T03:00:00-08:00,75,61,3.9
2025-11-07T03:30:00-08:00,76,61,2.6
2025-11-07T04:00:00-08:00,77,61,2.6
2025-11-07T04:30:00-08:00,77,61,2.7
2025-11-07T05:00:00-08:00,78,61,2.6
2025-11-07T05:30:00-08:00,78,61,2.9
2025-11-07T06:00:00-08:00,79,60,2.5
2025-11-07T06:30:00-08:00,79,61,2.5
2025-11-07T07:00:00-08:00,79,61,2.4
2025-11-07T07:30:00-08:00,80,62,3.8
2025-11-07T08:00:00-08:00,80,64,11.5
2025-11-07T08:30:00-08:00,77,66,18.2
2025-11-07T09:00:00-08:00,72,68,5.7
2025-11-07T09:30:00-08:00,66,70,3.8
2025-11-07T10:00:00-08:00,61,72,2.7
2025-11-07T10:30:00-08:00,58,74,2
2025-11-07T11:00:00-08:00,54,77,2.3
2025-11-07T11:30:00-08:00,52,78,3.1
2025-11-07T12:00:00-08:00,50,80,2.1
2025-11-07T12:30:00-08:00,47,82,2.1
2025-11-07T13:00:00-08:00,45,83,3.5
2025-11-07T13:30:00-08:00,45,83,3.8
2025-11-07T14:00:00-08:00,44,83,3.5
2025-11-07T14:30:00-08:00,44,83,1.9
2025-11-07T15:00:00-08:00,44,83,1.1
2025-11-07T15:30:00-08:00,45,82,1.2
2025-11-07T16:00:00-08:00,46,80,0.6
2025-11-07T16:30:00-08:00,49,78,1
2025-11-07T17:00:00-08:00,54,76,2.1
2025-11-07T17:30:00-08:00,60,74,2.3
2025-11-07T18:00:00-08:00,65,72,3.3
2025-11-07T18:30:00-08:00,68,71,3.7
2025-11-07T19:00:00-08:00,70,69,3.1
2025-11-07T19:30:00-08:00,72,68,4
2025-11-07T20:00:00-08:00,76,68,4.1
2025-11-07T20:30:00-08:00,76,67,3.8
2025-11-07T21:00:00-08:00,78,66,3.5
2025-11-07T21:30:00-08:00,80,66,2.6
2025-11-07T22:00:00-08:00,80,65,2.3
2025-11-07T22:30:00-08:00,79,65,2.5
2025-11-07T23:00:00-08:00,80,64,2.6
2025-11-07T23:30:00-08:00,80,64,1.8
2025-11-08T00:00:00-08:00,81,64,2.8
2025-11-08T00:30:00-08:00,82,64,4.6
2025-11-08T01:00:00-08:00,81,63,3
2025-11-08T01:30:00-08:00,81,62,2.7
2025-11-08T02:00:00-08:00,81,62,2.2
2025-11-08T02:30:00-08:00,81,61,1.9
2025-11-08T03:00:00-08:00,80,60,2
2025-11-08T03:30:00-08:00,82,60,2
2025-11-08T04:00:00-08:00,82,60,2
2025-11-08T04:30:00-08:00,81,59,2.4
2025-11-08T05:00:00-08:00,81,59,1.8
2025-11-08T05:30:00-08:00,80,59,1.9
2025-11-08T06:00:00-08:00,85,59,12.9
2025-11-08T06:30:00-08:00,89,59,19.4
2025-11-08T07:00:00-08:00,87,60,18.9
2025-11-08T07:30:00-08:00,87,61,13.9
2025-11-08T08:00:00-08:00,91,63,18.6
2025-11-08T08:30:00-08:00,88,65,19
2025-11-08T09:00:00-08:00,79,68,16.6
2025-11-08T09:30:00-08:00,72,70,14.8
2025-11-08T10:00:00-08:00,66,72,11.4
2025-11-08T10:30:00-08:00,56,75,7.5
2025-11-08T11:00:00-08:00,51,77,8.3
2025-11-08T11:30:00-08:00,47,79,8.3
2025-11-08T12:00:00-08:00,43,81,4.8
2025-11-08T12:30:00-08:00,41,82,4.1
2025-11-08T13:00:00-08:00,38,84,3.7
2025-11-08T13:30:00-08:00,35,86,3.5
2025-11-08T14:00:00-08:00,33,87,3.2
2025-11-08T14:30:00-08:00,32,87,2.6
2025-11-08T15:00:00-08:00,31,86,2.1
2025-11-08T15:30:00-08:00,31,84,1.8
2025-11-08T16:00:00-08:00,34,83,3.2
2025-11-08T16:30:00-08:00,36,80,2.3
2025-11-08T17:00:00-08:00,41,77,4.2
2025-11-08T17:30:00-08:00,43,74,3.6
2025-11-08T18:00:00-08:00,46,72,4.2
2025-11-08T18:30:00-08:00,45,72,3.2
2025-11-08T19:00:00-08:00,41,72,3
2025-11-08T19:30:00-08:00,40,72,3.3
2025-11-08T20:00:00-08:00,43,70,4.3
2025-11-08T20:30:00-08:00,43,69,4
2025-11-08T21:00:00-08:00,43,68,2.7
2025-11-08T21:30:00-08:00,45,67,2.7
2025-11-08T22:00:00-08:00,46,66,2.6
2025-11-08T22:30:00-08:00,47,65,2.4
2025-11-08T23:00:00-08:00,46,66,2.5
2025-11-08T23:30:00-08:00,46,66,2.9
2025-11-09T00:00:00-08:00,48,65,3.2
2025-11-09T00:30:00-08:00,50,64,3.4
2025-11-09T01:00:00-08:00,51,65,3.2
2025-11-09T01:30:00-08:00,50,65,3.4
2025-11-09T02:00:00-08:00,52,64,3.7
2025-11-09T02:30:00-08:00,54,64,2.9
2025-11-09T03:00:00-08:00,56,63,3.3
2025-11-09T03:30:00-08:00,56,63,3.1
2025-11-09T04:00:00-08:00,56,63,3.4
2025-11-09T04:30:00-08:00,57,63,3.8
2025-11-09T05:00:00-08:00,59,62,4.4
2025-11-09T05:30:00-08:00,61,61,5.9
2025-11-09T06:00:00-08:00,61,61,5.9
2025-11-09T06:30:00-08:00,62,61,5.8
2025-11-09T07:00:00-08:00,62,62,6.2
2025-11-09T07:30:00-08:00,62,63,5.6
2025-11-09T08:00:00-08:00,59,65,4.5
2025-11-09T08:30:00-08:00,56,68,4.7
2025-11-09T09:00:00-08:00,52,70,4.9
2025-11-09T09:30:00-08:00,48,73,5.4
2025-11-09T10:00:00-08:00,45,75,5.4
2025-11-09T10:30:00-08:00,43,78,5.3
2025-11-09T11:00:00-08:00,41,80,5.5
2025-11-09T11:30:00-08:00,38,82,5.3
2025-11-09T12:00:00-08:00,36,85,5.3
2025-11-09T12:30:00-08:00,34,88,5.3
2025-11-09T13:00:00-08:00,31,90,4.6
2025-11-09T13:30:00-08:00,30,91,5.1
2025-11-09T14:00:00-08:00,30,91,5.4
2025-11-09T14:30:00-08:00,30,91,6.2
2025-11-09T15:00:00-08:00,30,90,6.4
2025-11-09T15:30:00-08:00,33,89,8.1
2025-11-09T16:00:00-08:00,35,87,8.8
2025-11-09T16:30:00-08:00,39,83,9
2025-11-09T17:00:00-08:00,43,80,11.3
2025-11-09T17:30:00-08:00,46,78,10.4
2025-11-09T18:00:00-08:00,47,77,8.6
2025-11-09T18:30:00-08:00,47,77,8.4
2025-11-09T19:00:00-08:00,48,76,8.9
2025-11-09T19:30:00-08:00,48,76,7.1
2025-11-09T20:00:00-08:00,47,76,6.2
2025-11-09T20:30:00-08:00,49,75,6.2
2025-11-09T21:00:00-08:00,50,74,6.7
2025-11-09T21:30:00-08:00,55,73,10.8
2025-11-09T22:00:00-08:00,57,71,10.3
2025-11-09T22:30:00-08:00,57,69,8
2025-11-09T23:00:00-08:00,58,68,5.7
2025-11-09T23:30:00-08:00,57,69,5.5
2025-11-10T00:00:00-08:00,57,68,4.8
2025-11-10T00:30:00-08:00,57,68,4.3
2025-11-10T01:00:00-08:00,56,68,4.9
2025-11-10T01:30:00-08:00,55,68,5.1
2025-11-10T02:00:00-08:00,57,68,5.7
2025-11-10T02:30:00-08:00,58,66,4.8
2025-11-10T03:00:00-08:00,59,65,3.7
2025-11-10T03:30:00-08:00,60,64,4.8
2025-11-10T04:00:00-08:00,62,64,6
2025-11-10T04:30:00-08:00,61,64,4.9
2025-11-10T05:00:00-08:00,59,64,3.9
2025-11-10T05:30:00-08:00,59,64,3.2
2025-11-10T06:00:00-08:00,61,63,4.6
2025-11-10T06:30:00-08:00,60,64,4.4
2025-11-10T07:00:00-08:00,57,64,3.4
2025-11-10T07:30:00-08:00,55,65,2.9
2025-11-10T08:00:00-08:00,54,67,3.2
2025-11-10T08:30:00-08:00,52,69,3.6
2025-11-10T09:00:00-08:00,47,71,3.3
2025-11-10T09:30:00-08:00,48,74,5.4
2025-11-10T10:00:00-08:00,46,76,9.3
2025-11-10T10:30:00-08:00,42,79,7.9
2025-11-10T11:00:00-08:00,38,82,5.6
2025-11-10T11:30:00-08:00,35,84,5.4
2025-11-10T12:00:00-08:00,34,86,6.4
2025-11-10T12:30:00-08:00,34,89,9.4
2025-11-10T13:00:00-08:00,33,90,11.5
2025-11-10T13:30:00-08:00,32,90,10.4
2025-11-10T14:00:00-08:00,32,90,10.8
2025-11-10T14:30:00-08:00,31,90,8.9
2025-11-10T15:00:00-08:00,31,89,8.4
2025-11-10T15:30:00-08:00,32,88,9.4
2025-11-10T16:00:00-08:00,34,86,8.7
2025-11-10T16:30:00-08:00,36,84,7.8
2025-11-10T17:00:00-08:00,40,81,8.6
2025-11-10T17:30:00-08:00,43,78,9.7
2025-11-10T18:00:00-08:00,44,77,8.2
2025-11-10T18:30:00-08:00,45,76,6.7
2025-11-10T19:00:00-08:00,46,75,6.6
2025-11-10T19:30:00-08:00,46,75,6.3
2025-11-10T20:00:00-08:00,47,74,6.4
2025-11-10T20:30:00-08:00,49,73,6.2
2025-11-10T21:00:00-08:00,49,72,5.8
2025-11-10T21:30:00-08:00,50,71,5.8
2025-11-10T22:00:00-08:00,51,70,5.2
2025-11-10T22:30:00-08:00,52,69,4.7
2025-11-10T23:00:00-08:00,52,68,4.3
2025-11-10T23:30:00-08:00,49,69,4
2025-11-11T00:00:00-08:00,51,68,4.3
2025-11-11T00:30:00-08:00,51,67,4
2025-11-11T01:00:00-08:00,53,66,4.6
2025-11-11T01:30:00-08:00,55,65,5.2
2025-11-11T02:00:00-08:00,55,65,4.6
2025-11-11T02:30:00-08:00,57,65,4.7
2025-11-11T03:00:00-08:00,57,64,5
2025-11-11T03:30:00-08:00,59,64,5.1
2025-11-11T04:00:00-08:00,60,63,5.3
2025-11-11T04:30:00-08:00,60,63,6.1
2025-11-11T05:00:00-08:00,59,63,4.9
2025-11-11T05:30:00-08:00,58,62,4.4
2025-11-11T06:00:00-08:00,57,63,3.6
2025-11-11T06:30:00-08:00,57,62,3.4
2025-11-11T07:00:00-08:00,55,62,3
2025-11-11T07:30:00-08:00,54,63,2.6
2025-11-11T08:00:00-08:00,53,65,3.2
2025-11-11T08:30:00-08:00,53,65,4.9
2025-11-11T09:00:00-08:00,52,68,4.5
2025-11-11T09:30:00-08:00,48,71,4.9
2025-11-11T10:00:00-08:00,43,74,5.4
2025-11-11T10:30:00-08:00,41,76,8.6
2025-11-11T11:00:00-08:00,39,78,7.5
2025-11-11T11:30:00-08:00,37,80,8.4
2025-11-11T12:00:00-08:00,36,81,9.2
2025-11-11T12:30:00-08:00,37,82,12.1
2025-11-11T13:00:00-08:00,36,83,12.2
2025-11-11T13:30:00-08:00,37,83,15.5
2025-11-11T14:00:00-08:00,36,82,11.9
2025-11-11T14:30:00-08:00,40,81,14.3
2025-11-11T15:00:00-08:00,42,80,11.5
2025-11-11T15:30:00-08:00,44,79,10.9
2025-11-11T16:00:00-08:00,46,77,11.9
2025-11-11T16:30:00-08:00,47,76,11.4
2025-11-11T17:00:00-08:00,47,75,10.3
2025-11-11T17:30:00-08:00,50,74,10.7
2025-11-11T18:00:00-08:00,51,73,12.3
2025-11-11T18:30:00-08:00,54,72,9.1
2025-11-11T19:00:00-08:00,57,71,8.8
2025-11-11T19:30:00-08:00,60,71,9.9
2025-11-11T20:00:00-08:00,61,69,10.9
2025-11-11T20:30:00-08:00,61,68,12.2
2025-11-11T21:00:00-08:00,63,68,13.2
2025-11-11T21:30:00-08:00,66,67,11.9
2025-11-11T22:00:00-08:00,68,65,12.7
2025-11-11T22:30:00-08:00,70,64,12.8
2025-11-11T23:00:00-08:00,74,64,14.6
2025-11-11T23:30:00-08:00,76,65,12.4
2025-11-12T00:00:00-08:00,75,65,12.9
2025-11-12T00:30:00-08:00,74,65,15.1
2025-11-12T01:00:00-08:00,74,65,15.3
2025-11-12T01:30:00-08:00,74,65,14.8
2025-11-12T02:00:00-08:00,72,66,11.9
2025-11-12T02:30:00-08:00,71,66,11.8
2025-11-12T03:00:00-08:00,70,66,12.1
2025-11-12T03:30:00-08:00,69,66,11.3
2025-11-12T04:00:00-08:00,71,65,11.2
2025-11-12T04:30:00-08:00,71,65,10.5
2025-11-12T05:00:00-08:00,71,65,9.7
2025-11-12T05:30:00-08:00,73,64,8.9
2025-11-12T06:00:00-08:00,73,64,7.7
2025-11-12T06:30:00-08:00,72,64,7.2
2025-11-12T07:00:00-08:00,72,65,7.4
2025-11-12T07:30:00-08:00,70,65,7
2025-11-12T08:00:00-08:00,67,66,7
2025-11-12T08:30:00-08:00,65,66,6.5
2025-11-12T09:00:00-08:00,61,68,3.2
2025-11-12T09:30:00-08:00,55,70,2.1
2025-11-12T10:00:00-08:00,51,72,1.7
2025-11-12T10:30:00-08:00,49,72,1.7
2025-11-12T11:00:00-08:00,50,73,2.1
2025-11-12T11:30:00-08:00,47,74,2.1
2025-11-12T12:00:00-08:00,46,75,1.5
2025-11-12T12:30:00-08:00,47,74,1.6
2025-11-12T13:00:00-08:00,47,74,1.9
2025-11-12T13:30:00-08:00,47,74,2.1
2025-11-12T14:00:00-08:00,47,74,2.9
2025-11-12T14:30:00-08:00,46,75,2.7
2025-11-12T15:00:00-08:00,45,75,2.5
2025-11-12T15:30:00-08:00,47,75,2.6
2025-11-12T16:00:00-08:00,46,75,2.8
2025-11-12T16:30:00-08:00,46,75,2.9
2025-11-12T17:00:00-08:00,47,74,3.3
2025-11-12T17:30:00-08:00,48,73,3.9
2025-11-12T18:00:00-08:00,50,73,4.4
2025-11-12T18:30:00-08:00,52,72,4.8
2025-11-12T19:00:00-08:00,56,71,5
2025-11-12T19:30:00-08:00,62,71,5.2
2025-11-12T20:00:00-08:00,62,71,3.9
2025-11-12T20:30:00-08:00,62,71,3.9
2025-11-12T21:00:00-08:00,62,71,4.1
2025-11-12T21:30:00-08:00,64,70,4
2025-11-12T22:00:00-08:00,64,70,3.8
2025-11-12T22:30:00-08:00,63,70,4.2
2025-11-12T23:00:00-08:00,59,71,3
2025-11-12T23:30:00-08:00,56,72,2.4
2025-11-13T00:00:00-08:00,55,71,1.9
2025-11-13T00:30:00-08:00,55,71,1.7
2025-11-13T01:00:00-08:00,55,71,1.6
2025-11-13T01:30:00-08:00,55,71,1.6
2025-11-13T02:00:00-08:00,55,71,1.5
2025-11-13T02:30:00-08:00,55,71,1.5
2025-11-13T03:00:00-08:00,55,72,1.5
2025-11-13T03:30:00-08:00,55,72,1.7
2025-11-13T04:00:00-08:00,56,72,2.2
2025-11-13T04:30:00-08:00,60,71,2.2
2025-11-13T05:00:00-08:00,65,71,2.3
2025-11-13T05:30:00-08:00,72,70,2.5
2025-11-13T06:00:00-08:00,79,69,3
2025-11-13T06:30:00-08:00,84,69,3.6
2025-11-13T07:00:00-08:00,87,68,3.3
2025-11-13T07:30:00-08:00,89,69,2.5
2025-11-13T08:00:00-08:00,89,69,0.9
2025-11-13T08:30:00-08:00,89,69,0.7
2025-11-13T09:00:00-08:00,90,69,0.5
2025-11-13T09:30:00-08:00,89,70,0.5
2025-11-13T10:00:00-08:00,91,69,0.8
2025-11-13T10:30:00-08:00,92,70,1.6
2025-11-13T11:00:00-08:00,95,69,2.3
2025-11-13T11:30:00-08:00,98,69,2.6
2025-11-13T12:00:00-08:00,97,70,2.1
2025-11-13T12:30:00-08:00,91,69,0.6
2025-11-13T13:00:00-08:00,92,68,0.2
2025-11-13T13:30:00-08:00,94,68,0.1
2025-11-13T14:00:00-08:00,92,68,1
2025-11-13T14:30:00-08:00,90,67,0.7
2025-11-13T15:00:00-08:00,91,67,0.6
2025-11-13T15:30:00-08:00,93,66,1.9
2025-11-13T16:00:00-08:00,93,67,1.3
2025-11-13T16:30:00-08:00,90,67,0.4
2025-11-13T17:00:00-08:00,92,66,0.8
2025-11-13T17:30:00-08:00,92,66,3.5
2025-11-13T18:00:00-08:00,93,66,3.4
2025-11-13T18:30:00-08:00,93,66,3.1
2025-11-13T19:00:00-08:00,92,66,2.2
2025-11-13T19:30:00-08:00,92,66,1.7
2025-11-13T20:00:00-08:00,94,66,1.6
2025-11-13T20:30:00-08:00,94,66,2.6
2025-11-13T21:00:00-08:00,94,66,2.3
2025-11-13T21:30:00-08:00,94,66,2.4
2025-11-13T22:00:00-08:00,93,66,1.4
2025-11-13T22:30:00-08:00,93,66,1.2
2025-11-13T23:00:00-08:00,93,66,1.2
2025-11-13T23:30:00-08:00,95,66,1.6
2025-11-14T00:00:00-08:00,94,66,1.4
2025-11-14T00:30:00-08:00,94,66,1.4
2025-11-14T01:00:00-08:00,95,65,3.3
2025-11-14T01:30:00-08:00,95,65,2.9
2025-11-14T02:00:00-08:00,94,64,0.6
2025-11-14T02:30:00-08:00,92,64,0.4
2025-11-14T03:00:00-08:00,94,63,0.4
2025-11-14T03:30:00-08:00,95,62,0.5
2025-11-14T04:00:00-08:00,95,63,0.5
2025-11-14T04:30:00-08:00,93,63,0.6
2025-11-14T05:00:00-08:00,93,62,0.5
2025-11-14T05:30:00-08:00,95,62,0.5
2025-11-14T06:00:00-08:00,94,62,0.5
2025-11-14T06:30:00-08:00,94,62,0.5
2025-11-14T07:00:00-08:00,93,62,0.7
2025-11-14T07:30:00-08:00,91,63,0.8
2025-11-14T08:00:00-08:00,92,64,1.4
2025-11-14T08:30:00-08:00,90,64,1.5
2025-11-14T09:00:00-08:00,90,65,2.8
2025-11-14T09:30:00-08:00,88,65,4
2025-11-14T10:00:00-08:00,83,67,2.4
2025-11-14T10:30:00-08:00,79,68,2.2
2025-11-14T11:00:00-08:00,70,69,1.5
2025-11-14T11:30:00-08:00,62,70,1.6
2025-11-14T12:00:00-08:00,59,71,1.5
2025-11-14T12:30:00-08:00,53,74,1.5
2025-11-14T13:00:00-08:00,48,76,1.8
2025-11-14T13:30:00-08:00,43,77,1
2025-11-14T14:00:00-08:00,41,77,0.8
2025-11-14T14:30:00-08:00,41,77,0.5
2025-11-14T15:00:00-08:00,46,75,0.8
2025-11-14T15:30:00-08:00,47,75,0.9
2025-11-14T16:00:00-08:00,46,74,0.4
2025-11-14T16:30:00-08:00,47,73,0.3
2025-11-14T17:00:00-08:00,50,71,1.3
2025-11-14T17:30:00-08:00,57,69,7.5
2025-11-14T18:00:00-08:00,64,68,8.2
2025-11-14T18:30:00-08:00,66,67,2.4
2025-11-14T19:00:00-08:00,68,67,2.9
2025-11-14T19:30:00-08:00,71,66,2.8
2025-11-14T20:00:00-08:00,73,66,5.7
2025-11-14T20:30:00-08:00,75,65,5.2
2025-11-14T21:00:00-08:00,76,65,3.7
2025-11-14T21:30:00-08:00,77,65,3.7
2025-11-14T22:00:00-08:00,77,65,4.7
2025-11-14T22:30:00-08:00,79,64,5.8
2025-11-14T23:00:00-08:00,81,63,7
2025-11-14T23:30:00-08:00,80,63,2.4
2025-11-15T00:00:00-08:00,79,63,1.9
2025-11-15T00:30:00-08:00,82,63,2.7
2025-11-15T01:00:00-08:00,80,63,4.9
2025-11-15T01:30:00-08:00,81,63,3.2
2025-11-15T02:00:00-08:00,82,63,4.8
2025-11-15T02:30:00-08:00,79,63,3
2025-11-15T03:00:00-08:00,77,63,1.9
2025-11-15T03:30:00-08:00,76,63,1.3
2025-11-15T04:00:00-08:00,75,64,2.2
2025-11-15T04:30:00-08:00,77,63,5.8
2025-11-15T05:00:00-08:00,79,63,5
2025-11-15T05:30:00-08:00,79,63,3.2
2025-11-15T06:00:00-08:00,74,63,0.6
2025-11-15T06:30:00-08:00,71,63,0.6
2025-11-15T07:00:00-08:00,71,63,0.9
2025-11-15T07:30:00-08:00,73,63,1.5
2025-11-15T08:00:00-08:00,73,64,2
2025-11-15T08:30:00-08:00,74,65,3
2025-11-15T09:00:00-08:00,71,66,2.3
2025-11-15T09:30:00-08:00,67,67,2
2025-11-15T10:00:00-08:00,67,67,2.6
2025-11-15T10:30:00-08:00,64,68,2.6
2025-11-15T11:00:00-08:00,62,69,5.4
2025-11-15T11:30:00-08:00,59,70,3.8
2025-11-15T12:00:00-08:00,53,72,3.7
2025-11-15T12:30:00-08:00,50,73,2
2025-11-15T13:00:00-08:00,50,73,1.4
2025-11-15T13:30:00-08:00,48,73,1
2025-11-15T14:00:00-08:00,48,72,0.6
2025-11-15T14:30:00-08:00,48,71,0.3
2025-11-15T15:00:00-08:00,48,71,0.4
2025-11-15T15:30:00-08:00,48,71,0.6
2025-11-15T16:00:00-08:00,51,71,3.1
2025-11-15T16:30:00-08:00,52,70,2.8
2025-11-15T17:00:00-08:00,59,69,7.6
2025-11-15T17:30:00-08:00,65,69,5.5
2025-11-15T18:00:00-08:00,68,68,4.8
2025-11-15T18:30:00-08:00,71,68,4.8
2025-11-15T19:00:00-08:00,73,67,4.8
2025-11-15T19:30:00-08:00,74,67,4.2
2025-11-15T20:00:00-08:00,76,67,3.5
2025-11-15T20:30:00-08:00,79,67,3.2
2025-11-15T21:00:00-08:00,83,66,2.8
2025-11-15T21:30:00-08:00,86,65,2.4
2025-11-15T22:00:00-08:00,88,65,1.3
2025-11-15T22:30:00-08:00,90,64,1.5
2025-11-15T23:00:00-08:00,90,65,1.6
2025-11-15T23:30:00-08:00,90,65,1.6
2025-11-16T00:00:00-08:00,91,65,1.9
2025-11-16T00:30:00-08:00,91,65,2.3
2025-11-16T01:00:00-08:00,92,64,1.1
2025-11-16T01:30:00-08:00,91,64,0.4
2025-11-16T02:00:00-08:00,91,64,0.1
2025-11-16T02:30:00-08:00,91,64,0
2025-11-16T03:00:00-08:00,91,64,0
2025-11-16T03:30:00-08:00,91,64,0
2025-11-16T04:00:00-08:00,91,63,0
2025-11-16T04:30:00-08:00,93,63,0.1
2025-11-16T05:00:00-08:00,91,63,0.5
2025-11-16T05:30:00-08:00,88,64,0.1
2025-11-16T06:00:00-08:00,87,63,0.1
2025-11-16T06:30:00-08:00,90,63,0.2
2025-11-16T07:00:00-08:00,90,63,0
2025-11-16T07:30:00-08:00,91,63,0.1
2025-11-16T08:00:00-08:00,93,63,0.2
2025-11-16T08:30:00-08:00,94,64,0.2
2025-11-16T09:00:00-08:00,92,64,0.6
2025-11-16T09:30:00-08:00,90,64,0.5
2025-11-16T10:00:00-08:00,89,65,0.3
2025-11-16T10:30:00-08:00,88,65,0.5
2025-11-16T11:00:00-08:00,85,67,0.7
2025-11-16T11:30:00-08:00,74,69,0.2
2025-11-16T12:00:00-08:00,62,71,0.2
2025-11-16T12:30:00-08:00,57,73,0.1
2025-11-16T13:00:00-08:00,50,73,0
2025-11-16T13:30:00-08:00,48,73,0.1
2025-11-16T14:00:00-08:00,49,71,0.1
2025-11-16T14:30:00-08:00,50,70,0.1
2025-11-16T15:00:00-08:00,53,70,0
2025-11-16T15:30:00-08:00,55,68,0.2
2025-11-16T16:00:00-08:00,55,68,0
2025-11-16T16:30:00-08:00,57,67,0.5
2025-11-16T17:00:00-08:00,57,67,0.3
2025-11-16T17:30:00-08:00,56,67,1
2025-11-16T18:00:00-08:00,56,67,0.4
2025-11-16T18:30:00-08:00,56,67,0.4
2025-11-16T19:00:00-08:00,55,66,0.4
2025-11-16T19:30:00-08:00,54,66,0.2
2025-11-16T20:00:00-08:00,54,67,0.3
2025-11-16T20:30:00-08:00,53,67,0.3
2025-11-16T21:00:00-08:00,54,67,0.5
2025-11-16T21:30:00-08:00,56,66,0.2
2025-11-16T22:00:00-08:00,55,66,0.1
2025-11-16T22:30:00-08:00,53,65,0
2025-11-16T23:00:00-08:00,52,66,0.1
2025-11-16T23:30:00-08:00,54,65,0.1
2025-11-17T00:00:00-08:00,59,64,0.2
2025-11-17T00:30:00-08:00,67,64,0.3
2025-11-17T01:00:00-08:00,79,63,0.6
2025-11-17T01:30:00-08:00,87,61,0.1
2025-11-17T02:00:00-08:00,88,62,0
2025-11-17T02:30:00-08:00,90,62,0
2025-11-17T03:00:00-08:00,90,62,0
2025-11-17T03:30:00-08:00,88,62,0
2025-11-17T04:00:00-08:00,90,62,0
2025-11-17T04:30:00-08:00,89,62,0
2025-11-17T05:00:00-08:00,89,62,0
2025-11-17T05:30:00-08:00,88,62,0
2025-11-17T06:00:00-08:00,87,61,0.1
2025-11-17T06:30:00-08:00,86,61,0.2
2025-11-17T07:00:00-08:00,85,61,0.4
2025-11-17T07:30:00-08:00,82,61,0.4
2025-11-17T08:00:00-08:00,77,61,0.5
2025-11-17T08:30:00-08:00,78,61,0.8
2025-11-17T09:00:00-08:00,78,60,0.9
2025-11-17T09:30:00-08:00,70,61,0.4
2025-11-17T10:00:00-08:00,67,62,0.3
2025-11-17T10:30:00-08:00,68,62,0.3
2025-11-17T11:00:00-08:00,66,63,0.3
2025-11-17T11:30:00-08:00,62,64,0.3
2025-11-17T12:00:00-08:00,59,65,0.2
2025-11-17T12:30:00-08:00,55,66,0.4
2025-11-17T13:00:00-08:00,59,64,0.5
2025-11-17T13:30:00-08:00,59,64,0.6
2025-11-17T14:00:00-08:00,62,63,0.9
2025-11-17T14:30:00-08:00,62,63,1
2025-11-17T15:00:00-08:00,61,63,0.8
2025-11-17T15:30:00-08:00,64,62,0.9
2025-11-17T16:00:00-08:00,66,62,1.1
2025-11-17T16:30:00-08:00,69,61,1.2
2025-11-17T17:00:00-08:00,73,60,1.4
2025-11-17T17:30:00-08:00,79,60,1.8
2025-11-17T18:00:00-08:00,81,60,1.9
2025-11-17T18:30:00-08:00,84,60,1.9
2025-11-17T19:00:00-08:00,84,60,2.3
2025-11-17T19:30:00-08:00,79,61,1.9
2025-11-17T20:00:00-08:00,74,61,1.6
2025-11-17T20:30:00-08:00,72,62,1.7
2025-11-17T21:00:00-08:00,76,61,3
2025-11-17T21:30:00-08:00,81,60,4.6
2025-11-17T22:00:00-08:00,82,60,2.5
2025-11-17T22:30:00-08:00,83,60,2.2
2025-11-17T23:00:00-08:00,82,61,2
2025-11-17T23:30:00-08:00,81,61,1.9
2025-11-18T00:00:00-08:00,79,60,1.5
2025-11-18T00:30:00-08:00,78,60,1.2
2025-11-18T01:00:00-08:00,78,59,1
2025-11-18T01:30:00-08:00,79,59,0.9
2025-11-18T02:00:00-08:00,83,57,0.9
2025-11-18T02:30:00-08:00,85,57,1.1
2025-11-18T03:00:00-08:00,83,57,1
2025-11-18T03:30:00-08:00,84,56,0.9
2025-11-18T04:00:00-08:00,87,55,0.8
2025-11-18T04:30:00-08:00,86,56,0.7
2025-11-18T05:00:00-08:00,84,56,0.6
2025-11-18T05:30:00-08:00,84,57,0.7
2025-11-18T06:00:00-08:00,83,57,0.9
2025-11-18T06:30:00-08:00,81,58,2
2025-11-18T07:00:00-08:00,81,57,2.4
2025-11-18T07:30:00-08:00,80,58,2.7
2025-11-18T08:00:00-08:00,79,58,2.6
2025-11-18T08:30:00-08:00,74,59,1.6
2025-11-18T09:00:00-08:00,73,60,3.2
2025-11-18T09:30:00-08:00,71,61,2.8
2025-11-18T10:00:00-08:00,65,62,1.1
2025-11-18T10:30:00-08:00,63,63,0.9
2025-11-18T11:00:00-08:00,57,64,0.3
2025-11-18T11:30:00-08:00,51,66,0
2025-11-18T12:00:00-08:00,45,69,0
2025-11-18T12:30:00-08:00,40,72,0.1
2025-11-18T13:00:00-08:00,38,74,0.1
2025-11-18T13:30:00-08:00,36,75,0.1
2025-11-18T14:00:00-08:00,37,73,0.1
2025-11-18T14:30:00-08:00,41,70,0.3
2025-11-18T15:00:00-08:00,41,71,0.8
2025-11-18T15:30:00-08:00,43,70,0.7
2025-11-18T16:00:00-08:00,45,69,0.4
2025-11-18T16:30:00-08:00,47,67,0.6
2025-11-18T17:00:00-08:00,51,65,1.1
2025-11-18T17:30:00-08:00,55,64,1.6
2025-11-18T18:00:00-08:00,58,63,2
2025-11-18T18:30:00-08:00,63,62,3.4
2025-11-18T19:00:00-08:00,67,62,3
2025-11-18T19:30:00-08:00,70,61,4.8
2025-11-18T20:00:00-08:00,71,61,2.7
2025-11-18T20:30:00-08:00,73,60,3.3
2025-11-18T21:00:00-08:00,76,59,5.4
2025-11-18T21:30:00-08:00,76,60,10.6
2025-11-18T22:00:00-08:00,76,59,8.8
2025-11-18T22:30:00-08:00,77,58,19.2
2025-11-18T23:00:00-08:00,78,58,19.5
2025-11-18T23:30:00-08:00,79,57,5.5
2025-11-19T00:00:00-08:00,80,57,3.6
2025-11-19T00:30:00-08:00,83,56,3.1
2025-11-19T01:00:00-08:00,83,56,2.9
2025-11-19T01:30:00-08:00,83,56,2.8
2025-11-19T02:00:00-08:00,84,56,2.7
2025-11-19T02:30:00-08:00,83,57,2.8
2025-11-19T03:00:00-08:00,79,57,2.4
2025-11-19T03:30:00-08:00,77,57,2.3
2025-11-19T04:00:00-08:00,80,56,2.5
2025-11-19T04:30:00-08:00,81,56,2.5
2025-11-19T05:00:00-08:00,81,57,2.3
2025-11-19T05:30:00-08:00,79,57,2.5
2025-11-19T06:00:00-08:00,77,57,2.8
2025-11-19T06:30:00-08:00,78,56,2.2
2025-11-19T07:00:00-08:00,79,56,2.4
2025-11-19T07:30:00-08:00,78,58,2
2025-11-19T08:00:00-08:00,75,58,1.8
2025-11-19T08:30:00-08:00,73,60,3.7
2025-11-19T09:00:00-08:00,69,61,3.9
2025-11-19T09:30:00-08:00,59,63,2.2
2025-11-19T10:00:00-08:00,54,65,2.1
2025-11-19T10:30:00-08:00,50,66,1.4
2025-11-19T11:00:00-08:00,47,67,1.4
2025-11-19T11:30:00-08:00,44,68,1.3
2025-11-19T12:00:00-08:00,43,68,1.5
2025-11-19T12:30:00-08:00,43,68,2
2025-11-19T13:00:00-08:00,42,69,1.8
2025-11-19T13:30:00-08:00,43,68,1.9
2025-11-19T14:00:00-08:00,43,68,1.9
2025-11-19T14:30:00-08:00,44,68,1.8
2025-11-19T15:00:00-08:00,45,67,2.1
2025-11-19T15:30:00-08:00,46,67,2.3
2025-11-19T16:00:00-08:00,49,66,2.7
2025-11-19T16:30:00-08:00,53,66,2.8
2025-11-19T17:00:00-08:00,56,65,3.5
2025-11-19T17:30:00-08:00,58,65,6.4
2025-11-19T18:00:00-08:00,60,64,7.1
2025-11-19T18:30:00-08:00,63,62,4.5
2025-11-19T19:00:00-08:00,65,61,3.5
2025-11-19T19:30:00-08:00,59,62,2.7
2025-11-19T20:00:00-08:00,57,62,2.6
2025-11-19T20:30:00-08:00,60,62,4.3
2025-11-19T21:00:00-08:00,66,62,9.5
2025-11-19T21:30:00-08:00,68,62,17
2025-11-19T22:00:00-08:00,68,62,12.1
2025-11-19T22:30:00-08:00,70,61,8
2025-11-19T23:00:00-08:00,70,61,8.1
2025-11-19T23:30:00-08:00,71,61,10.4
2025-11-20T00:00:00-08:00,70,61,7.9
2025-11-20T00:30:00-08:00,68,61,6.8
2025-11-20T01:00:00-08:00,69,61,10.5
2025-11-20T01:30:00-08:00,70,60,4.7
2025-11-20T02:00:00-08:00,77,59,4.4
2025-11-20T02:30:00-08:00,83,59,3.9
2025-11-20T03:00:00-08:00,88,58,3.6
2025-11-20T03:30:00-08:00,87,59,3.5
2025-11-20T04:00:00-08:00,84,58,2
2025-11-20T04:30:00-08:00,84,58,1.9
2025-11-20T05:00:00-08:00,85,58,2
2025-11-20T05:30:00-08:00,85,58,1.6
2025-11-20T06:00:00-08:00,85,58,1.7
2025-11-20T06:30:00-08:00,86,58,2.7
2025-11-20T07:00:00-08:00,86,59,2.6
2025-11-20T07:30:00-08:00,85,59,1.7
2025-11-20T08:00:00-08:00,85,59,1.9
2025-11-20T08:30:00-08:00,84,60,2.1
2025-11-20T09:00:00-08:00,83,61,4.4
2025-11-20T09:30:00-08:00,83,61,3.9
2025-11-20T10:00:00-08:00,83,62,2.8
2025-11-20T10:30:00-08:00,79,63,3.6
2025-11-20T11:00:00-08:00,77,63,4.2
2025-11-20T11:30:00-08:00,76,62,2.3
2025-11-20T12:00:00-08:00,76,62,3
2025-11-20T12:30:00-08:00,75,63,5
2025-11-20T13:00:00-08:00,71,64,2.1
2025-11-20T13:30:00-08:00,70,64,0.6
2025-11-20T14:00:00-08:00,65,65,0.7
2025-11-20T14:30:00-08:00,60,66,1.1
2025-11-20T15:00:00-08:00,55,67,0.9
2025-11-20T15:30:00-08:00,53,67,0.3
2025-11-20T16:00:00-08:00,52,66,0.1
2025-11-20T16:30:00-08:00,57,64,2.1
2025-11-20T17:00:00-08:00,65,61,5.2
2025-11-20T17:30:00-08:00,69,60,0.7
2025-11-20T18:00:00-08:00,73,59,0.6
2025-11-20T18:30:00-08:00,72,60,0.8
2025-11-20T19:00:00-08:00,73,59,1.7
2025-11-20T19:30:00-08:00,75,58,1.7
2025-11-20T20:00:00-08:00,77,57,1.1
2025-11-20T20:30:00-08:00,76,57,1.2
2025-11-20T21:00:00-08:00,76,56,0.8
2025-11-20T21:30:00-08:00,77,56,0.7
2025-11-20T22:00:00-08:00,77,57,0.9
2025-11-20T22:30:00-08:00,78,57,0.9
2025-11-20T23:00:00-08:00,79,56,1.1
2025-11-20T23:30:00-08:00,80,56,1.4
2025-11-21T00:00:00-08:00,81,55,1.4
2025-11-21T00:30:00-08:00,82,55,1.6
2025-11-21T01:00:00-08:00,81,55,1.6
2025-11-21T01:30:00-08:00,80,55,1.9
2025-11-21T02:00:00-08:00,80,55,2.2
2025-11-21T02:30:00-08:00,80,55,2.5
2025-11-21T03:00:00-08:00,80,54,2.6
2025-11-21T03:30:00-08:00,83,54,2.1
2025-11-21T04:00:00-08:00,81,55,2.4
2025-11-21T04:30:00-08:00,81,54,3.2
2025-11-21T05:00:00-08:00,85,52,4.6
2025-11-21T05:30:00-08:00,88,52,5.2
2025-11-21T06:00:00-08:00,88,52,3.7
2025-11-21T06:30:00-08:00,81,53,3.2
2025-11-21T07:00:00-08:00,79,53,3.8
2025-11-21T07:30:00-08:00,80,53,3.7
2025-11-21T08:00:00-08:00,70,55,2.1
2025-11-21T08:30:00-08:00,61,58,2
2025-11-21T09:00:00-08:00,53,60,2.1
2025-11-21T09:30:00-08:00,48,62,2
2025-11-21T10:00:00-08:00,45,64,1.9
2025-11-21T10:30:00-08:00,43,66,1.9
2025-11-21T11:00:00-08:00,41,68,2.2
2025-11-21T11:30:00-08:00,39,70,2
2025-11-21T12:00:00-08:00,37,71,2
2025-11-21T12:30:00-08:00,36,72,2.6
2025-11-21T13:00:00-08:00,35,74,2.6
2025-11-21T13:30:00-08:00,34,74,2.7
2025-11-21T14:00:00-08:00,32,75,2.3
2025-11-21T14:30:00-08:00,32,76,1.7
2025-11-21T15:00:00-08:00,32,75,2.2
2025-11-21T15:30:00-08:00,34,73,2.3
2025-11-21T16:00:00-08:00,36,71,2.2
2025-11-21T16:30:00-08:00,40,69,2.2
2025-11-21T17:00:00-08:00,44,67,3
2025-11-21T17:30:00-08:00,50,64,5.3
2025-11-21T18:00:00-08:00,53,62,3.6
2025-11-21T18:30:00-08:00,57,60,3.3
2025-11-21T19:00:00-08:00,57,60,3.1
2025-11-21T19:30:00-08:00,57,60,3.7
2025-11-21T20:00:00-08:00,58,60,2.8
2025-11-21T20:30:00-08:00,59,59,3.2
2025-11-21T21:00:00-08:00,62,58,3
2025-11-21T21:30:00-08:00,62,58,3.4
2025-11-21T22:00:00-08:00,63,58,3.4
2025-11-21T22:30:00-08:00,63,57,3.2
2025-11-21T23:00:00-08:00,65,57,3.3
2025-11-21T23:30:00-08:00,67,56,3.2
2025-11-22T00:00:00-08:00,68,56,3.2
2025-11-22T00:30:00-08:00,67,56,3.7
2025-11-22T01:00:00-08:00,68,56,5.2
2025-11-22T01:30:00-08:00,69,55,3.7
2025-11-22T02:00:00-08:00,70,55,2.9
2025-11-22T02:30:00-08:00,73,54,3.6
2025-11-22T03:00:00-08:00,74,54,3.5
2025-11-22T03:30:00-08:00,73,54,3.2
2025-11-22T04:00:00-08:00,72,54,3.3
2025-11-22T04:30:00-08:00,73,53,3.1
2025-11-22T05:00:00-08:00,74,53,2.9
2025-11-22T05:30:00-08:00,75,53,3.1
2025-11-22T06:00:00-08:00,75,52,3.2
2025-11-22T06:30:00-08:00,76,52,3.2
2025-11-22T07:00:00-08:00,77,52,3.2
2025-11-22T07:30:00-08:00,75,53,3.3
2025-11-22T08:00:00-08:00,75,54,4.1
2025-11-22T08:30:00-08:00,70,57,3.8
2025-11-22T09:00:00-08:00,64,59,4.3
2025-11-22T09:30:00-08:00,60,61,5.9
2025-11-22T10:00:00-08:00,56,64,5.8
2025-11-22T10:30:00-08:00,53,66,4.9
2025-11-22T11:00:00-08:00,50,69,5.5
2025-11-22T11:30:00-08:00,45,71,6
2025-11-22T12:00:00-08:00,43,72,5.3
2025-11-22T12:30:00-08:00,39,74,4.9
2025-11-22T13:00:00-08:00,37,76,5.4
2025-11-22T13:30:00-08:00,36,77,5.4
2025-11-22T14:00:00-08:00,35,77,5.5
2025-11-22T14:30:00-08:00,36,77,6.3
2025-11-22T15:00:00-08:00,37,76,6.7
2025-11-22T15:30:00-08:00,38,74,6.7
2025-11-22T16:00:00-08:00,39,73,6.2
2025-11-22T16:30:00-08:00,45,71,8.2
2025-11-22T17:00:00-08:00,50,68,8.8
2025-11-22T17:30:00-08:00,53,65,21.1
2025-11-22T18:00:00-08:00,55,63,9.3
2025-11-22T18:30:00-08:00,56,63,9.7
2025-11-22T19:00:00-08:00,58,62,6.9
2025-11-22T19:30:00-08:00,59,61,7.9
2025-11-22T20:00:00-08:00,61,60,11.1
2025-11-22T20:30:00-08:00,63,59,8.7
2025-11-22T21:00:00-08:00,65,59,8.1
2025-11-22T21:30:00-08:00,66,58,9.3
2025-11-22T22:00:00-08:00,68,57,11.8
2025-11-22T22:30:00-08:00,69,57,11.2
2025-11-22T23:00:00-08:00,71,56,9.7
2025-11-22T23:30:00-08:00,71,55,11.9
2025-11-23T00:00:00-08:00,72,55,8.3
2025-11-23T00:30:00-08:00,72,55,7.8
2025-11-23T01:00:00-08:00,71,55,7.9
2025-11-23T01:30:00-08:00,72,54,8.1
2025-11-23T02:00:00-08:00,76,53,10
2025-11-23T02:30:00-08:00,80,54,10.9
2025-11-23T03:00:00-08:00,79,54,11
2025-11-23T03:30:00-08:00,80,54,11.1
2025-11-23T04:00:00-08:00,81,56,14.1
2025-11-23T04:30:00-08:00,79,56,15.6
2025-11-23T05:00:00-08:00,79,56,18
2025-11-23T05:30:00-08:00,82,55,19.1
2025-11-23T06:00:00-08:00,84,55,17.8
2025-11-23T06:30:00-08:00,87,54,17.9
2025-11-23T07:00:00-08:00,88,54,17.4
2025-11-23T07:30:00-08:00,87,54,17.3
2025-11-23T08:00:00-08:00,84,55,15.2
2025-11-23T08:30:00-08:00,80,57,13.6
2025-11-23T09:00:00-08:00,76,58,16.2
2025-11-23T09:30:00-08:00,71,60,18.4
2025-11-23T10:00:00-08:00,68,61,18
2025-11-23T10:30:00-08:00,67,63,16.7
2025-11-23T11:00:00-08:00,58,65,16.3
2025-11-23T11:30:00-08:00,55,67,18.3
2025-11-23T12:00:00-08:00,52,68,21.3
2025-11-23T12:30:00-08:00,50,70,22.1
2025-11-23T13:00:00-08:00,48,71,22.6
2025-11-23T13:30:00-08:00,47,72,22
2025-11-23T14:00:00-08:00,45,73,16.6
2025-11-23T14:30:00-08:00,45,73,14
2025-11-23T15:00:00-08:00,45,73,16.6
2025-11-23T15:30:00-08:00,47,72,18.4
2025-11-23T16:00:00-08:00,49,70,17.1
2025-11-23T16:30:00-08:00,53,68,16.1
2025-11-23T17:00:00-08:00,57,66,18
2025-11-23T17:30:00-08:00,62,64,19.7
2025-11-23T18:00:00-08:00,65,62,21.7
2025-11-23T18:30:00-08:00,67,61,24
2025-11-23T19:00:00-08:00,69,61,23.4
2025-11-23T19:30:00-08:00,71,61,19.2
2025-11-23T20:00:00-08:00,72,62,14.2
2025-11-23T20:30:00-08:00,71,62,8.2
2025-11-23T21:00:00-08:00,69,62,7.2
2025-11-23T21:30:00-08:00,67,62,5.1
2025-11-23T22:00:00-08:00,66,62,5.3
2025-11-23T22:30:00-08:00,67,62,4.2
2025-11-23T23:00:00-08:00,67,62,4.7
2025-11-23T23:30:00-08:00,68,62,4.7
2025-11-24T00:00:00-08:00,67,62,4.8
2025-11-24T00:30:00-08:00,67,62,5.4
2025-11-24T01:00:00-08:00,68,62,5.3
2025-11-24T01:30:00-08:00,68,61,5
2025-11-24T02:00:00-08:00,69,61,4.4
2025-11-24T02:30:00-08:00,69,62,4.6
2025-11-24T03:00:00-08:00,69,61,4.2
2025-11-24T03:30:00-08:00,69,60,4.9
2025-11-24T04:00:00-08:00,67,60,4.5
2025-11-24T04:30:00-08:00,66,60,4.2
2025-11-24T05:00:00-08:00,67,59,4
2025-11-24T05:30:00-08:00,67,59,4.1
2025-11-24T06:00:00-08:00,69,58,3.9
2025-11-24T06:30:00-08:00,68,58,3.7
2025-11-24T07:00:00-08:00,67,57,3.6
2025-11-24T07:30:00-08:00,69,57,5
2025-11-24T08:00:00-08:00,69,58,5.3
2025-11-24T08:30:00-08:00,67,59,7.8
2025-11-24T09:00:00-08:00,65,59,7.8
2025-11-24T09:30:00-08:00,63,61,8
2025-11-24T10:00:00-08:00,58,63,7.7
2025-11-24T10:30:00-08:00,55,65,8.1
2025-11-24T11:00:00-08:00,52,67,7.9
2025-11-24T11:30:00-08:00,49,69,7.2
2025-11-24T12:00:00-08:00,46,71,7.9
2025-11-24T12:30:00-08:00,44,73,10.6
2025-11-24T13:00:00-08:00,43,73,15.3
2025-11-24T13:30:00-08:00,43,74,21.6
2025-11-24T14:00:00-08:00,43,74,27.7
2025-11-24T14:30:00-08:00,44,74,29.2
2025-11-24T15:00:00-08:00,44,74,28
2025-11-24T15:30:00-08:00,46,72,27.6
2025-11-24T16:00:00-08:00,49,71,28.4
2025-11-24T16:30:00-08:00,53,69,29.6
2025-11-24T17:00:00-08:00,57,67,30.5
2025-11-24T17:30:00-08:00,61,65,30.7
2025-11-24T18:00:00-08:00,63,63,20.5
2025-11-24T18:30:00-08:00,64,61,12.9
2025-11-24T19:00:00-08:00,66,60,12.1
2025-11-24T19:30:00-08:00,70,59,14.6
2025-11-24T20:00:00-08:00,69,59,17
2025-11-24T20:30:00-08:00,70,58,14.1
2025-11-24T21:00:00-08:00,70,58,12.4
2025-11-24T21:30:00-08:00,72,57,11.1
2025-11-24T22:00:00-08:00,74,57,11.1
2025-11-24T22:30:00-08:00,74,57,11
2025-11-24T23:00:00-08:00,75,56,10.2
2025-11-24T23:30:00-08:00,76,56,10.1
2025-11-25T00:00:00-08:00,75,55,10.4
2025-11-25T00:30:00-08:00,76,55,10.6
2025-11-25T01:00:00-08:00,76,55,12.1
2025-11-25T01:30:00-08:00,77,53,13
2025-11-25T02:00:00-08:00,79,53,14.2
2025-11-25T02:30:00-08:00,81,53,15.8
2025-11-25T03:00:00-08:00,79,53,14.6
2025-11-25T03:30:00-08:00,77,53,14.4
2025-11-25T04:00:00-08:00,76,53,14.8
2025-11-25T04:30:00-08:00,76,52,14.4
2025-11-25T05:00:00-08:00,77,52,15.4
2025-11-25T05:30:00-08:00,78,52,20.1
2025-11-25T06:00:00-08:00,79,52,22.8
2025-11-25T06:30:00-08:00,82,53,27.1
2025-11-25T07:00:00-08:00,79,54,26.4
2025-11-25T07:30:00-08:00,79,53,28.2
2025-11-25T08:00:00-08:00,83,55,34.8
2025-11-25T08:30:00-08:00,83,57,34.8
2025-11-25T09:00:00-08:00,78,58,33.7
2025-11-25T09:30:00-08:00,76,59,34.8
2025-11-25T10:00:00-08:00,73,60,33.9
2025-11-25T10:30:00-08:00,68,61,29.6
2025-11-25T11:00:00-08:00,61,64,28.6
2025-11-25T11:30:00-08:00,56,66,30.6
2025-11-25T12:00:00-08:00,53,67,30.7
2025-11-25T12:30:00-08:00,50,68,28
2025-11-25T13:00:00-08:00,48,70,27.5
2025-11-25T13:30:00-08:00,46,72,27.8
2025-11-25T14:00:00-08:00,44,73,26.6
2025-11-25T14:30:00-08:00,43,73,27.1
2025-11-25T15:00:00-08:00,43,73,25.7
2025-11-25T15:30:00-08:00,44,71,26.5
2025-11-25T16:00:00-08:00,47,70,26.1
2025-11-25T16:30:00-08:00,51,68,27.3
2025-11-25T17:00:00-08:00,56,65,26.6
2025-11-25T17:30:00-08:00,62,62,27.1
2025-11-25T18:00:00-08:00,64,60,23.7
2025-11-25T18:30:00-08:00,65,59,18.6
2025-11-25T19:00:00-08:00,65,58,18.9
2025-11-25T19:30:00-08:00,66,57,20.9
2025-11-25T20:00:00-08:00,66,56,19.6
2025-11-25T20:30:00-08:00,68,56,21.3
2025-11-25T21:00:00-08:00,68,55,21.7
2025-11-25T21:30:00-08:00,71,54,25.7
2025-11-25T22:00:00-08:00,71,55,25.1
2025-11-25T22:30:00-08:00,70,55,25.2
2025-11-25T23:00:00-08:00,69,55,25.8
2025-11-25T23:30:00-08:00,68,56,25.7
2025-11-26T00:00:00-08:00,70,55,29.7
2025-11-26T00:30:00-08:00,72,55,28.8
2025-11-26T01:00:00-08:00,72,53,28.7
2025-11-26T01:30:00-08:00,72,53,26.2
2025-11-26T02:00:00-08:00,71,53,25.5
2025-11-26T02:30:00-08:00,72,52,24.2
2025-11-26T03:00:00-08:00,74,52,25
2025-11-26T03:30:00-08:00,74,53,26.3
2025-11-26T04:00:00-08:00,71,52,24.6
2025-11-26T04:30:00-08:00,72,52,20.4
2025-11-26T05:00:00-08:00,72,52,21.9
2025-11-26T05:30:00-08:00,72,51,22.1
2025-11-26T06:00:00-08:00,72,50,23.2
2025-11-26T06:30:00-08:00,72,50,26.9
2025-11-26T07:00:00-08:00,73,50,20.6
2025-11-26T07:30:00-08:00,74,50,21.7
2025-11-26T08:00:00-08:00,78,51,28.7
2025-11-26T08:30:00-08:00,81,54,36.3
2025-11-26T09:00:00-08:00,76,57,36.5
2025-11-26T09:30:00-08:00,70,59,35.7
2025-11-26T10:00:00-08:00,64,60,36
2025-11-26T10:30:00-08:00,60,62,36.9
2025-11-26T11:00:00-08:00,56,64,36
2025-11-26T11:30:00-08:00,53,65,36
2025-11-26T12:00:00-08:00,49,67,32.5
2025-11-26T12:30:00-08:00,46,69,31.3
2025-11-26T13:00:00-08:00,44,70,31.2
2025-11-26T13:30:00-08:00,41,72,28.6
2025-11-26T14:00:00-08:00,40,73,27.2
2025-11-26T14:30:00-08:00,39,74,25.8
2025-11-26T15:00:00-08:00,39,72,20.4
2025-11-26T15:30:00-08:00,42,67,16.1
2025-11-26T16:00:00-08:00,46,65,16.3
2025-11-26T16:30:00-08:00,47,64,16.1
2025-11-26T17:00:00-08:00,49,62,17
2025-11-26T17:30:00-08:00,54,61,16.5
2025-11-26T18:00:00-08:00,55,60,15.2
2025-11-26T18:30:00-08:00,55,59,16
2025-11-26T19:00:00-08:00,56,58,15.9
2025-11-26T19:30:00-08:00,56,58,14.4
2025-11-26T20:00:00-08:00,57,57,15
2025-11-26T20:30:00-08:00,59,57,15.3
2025-11-26T21:00:00-08:00,60,56,15.9
2025-11-26T21:30:00-08:00,64,55,22.2
2025-11-26T22:00:00-08:00,64,54,19.8
2025-11-26T22:30:00-08:00,63,54,16.5
2025-11-26T23:00:00-08:00,63,54,17.8
2025-11-26T23:30:00-08:00,65,53,22.8
2025-11-27T00:00:00-08:00,69,53,29
2025-11-27T00:30:00-08:00,69,53,29.1
2025-11-27T01:00:00-08:00,70,53,29.3
2025-11-27T01:30:00-08:00,71,53,30
2025-11-27T02:00:00-08:00,70,53,28.9
2025-11-27T02:30:00-08:00,69,53,29.6
2025-11-27T03:00:00-08:00,68,54,28.4
2025-11-27T03:30:00-08:00,69,53,29.2
2025-11-27T04:00:00-08:00,72,52,29.6
2025-11-27T04:30:00-08:00,73,51,28.5
2025-11-27T05:00:00-08:00,76,51,30.1
2025-11-27T05:30:00-08:00,75,52,30.1
2025-11-27T06:00:00-08:00,74,52,30.5
2025-11-27T06:30:00-08:00,74,51,29.4
2025-11-27T07:00:00-08:00,76,52,29.4
2025-11-27T07:30:00-08:00,74,53,30.1
2025-11-27T08:00:00-08:00,73,54,32.1
2025-11-27T08:30:00-08:00,71,54,28.7
2025-11-27T09:00:00-08:00,72,54,30.1
2025-11-27T09:30:00-08:00,67,56,28.1
2025-11-27T10:00:00-08:00,61,59,27.3
2025-11-27T10:30:00-08:00,57,61,27.7
2025-11-27T11:00:00-08:00,53,62,26.9
2025-11-27T11:30:00-08:00,51,64,26.9
2025-11-27T12:00:00-08:00,48,67,28.4
2025-11-27T12:30:00-08:00,45,68,28.3
2025-11-27T13:00:00-08:00,43,70,28.2
2025-11-27T13:30:00-08:00,42,71,28.4
2025-11-27T14:00:00-08:00,40,72,26.6
2025-11-27T14:30:00-08:00,41,70,22
2025-11-27T15:00:00-08:00,41,71,26.4
2025-11-27T15:30:00-08:00,43,70,26.9
2025-11-27T16:00:00-08:00,47,66,23.3
2025-11-27T16:30:00-08:00,52,62,25.3
2025-11-27T17:00:00-08:00,56,61,27.8
2025-11-27T17:30:00-08:00,60,59,27.1
2025-11-27T18:00:00-08:00,63,57,28.6
2025-11-27T18:30:00-08:00,67,56,30
2025-11-27T19:00:00-08:00,69,56,28.9
2025-11-27T19:30:00-08:00,72,55,30.2
2025-11-27T20:00:00-08:00,75,54,33.7
2025-11-27T20:30:00-08:00,77,54,33.5
2025-11-27T21:00:00-08:00,80,53,34.3
2025-11-27T21:30:00-08:00,80,53,31.9
2025-11-27T22:00:00-08:00,81,52,32.7
2025-11-27T22:30:00-08:00,82,52,32.9
2025-11-27T23:00:00-08:00,82,52,33.5
2025-11-27T23:30:00-08:00,82,52,31.1
2025-11-28T00:00:00-08:00,81,51,30.3
2025-11-28T00:30:00-08:00,82,51,33.7
2025-11-28T01:00:00-08:00,83,51,33.8
2025-11-28T01:30:00-08:00,83,51,34.8
2025-11-28T02:00:00-08:00,83,51,33.6
2025-11-28T02:30:00-08:00,81,52,31.5
2025-11-28T03:00:00-08:00,81,51,30.2
2025-11-28T03:30:00-08:00,82,51,32.2
2025-11-28T04:00:00-08:00,84,51,32.6
2025-11-28T04:30:00-08:00,83,51,33.1
2025-11-28T05:00:00-08:00,82,52,32.8
2025-11-28T05:30:00-08:00,80,52,31.9
2025-11-28T06:00:00-08:00,80,51,31.8
2025-11-28T06:30:00-08:00,80,51,30.4
2025-11-28T07:00:00-08:00,80,51,31
2025-11-28T07:30:00-08:00,80,52,32.4
2025-11-28T08:00:00-08:00,80,52,33.7
2025-11-28T08:30:00-08:00,80,54,35.4
2025-11-28T09:00:00-08:00,70,55,30.2
2025-11-28T09:30:00-08:00,67,57,30.7
2025-11-28T10:00:00-08:00,66,59,35.3
2025-11-28T10:30:00-08:00,62,60,34.9
2025-11-28T11:00:00-08:00,57,62,31.2
2025-11-28T11:30:00-08:00,54,64,31.9
2025-11-28T12:00:00-08:00,52,65,35.4
2025-11-28T12:30:00-08:00,49,68,33.5
2025-11-28T13:00:00-08:00,46,69,33.2
2025-11-28T13:30:00-08:00,44,70,32.2
2025-11-28T14:00:00-08:00,43,70,29.9
2025-11-28T14:30:00-08:00,45,70,34.7
2025-11-28T15:00:00-08:00,46,69,35.9
2025-11-28T15:30:00-08:00,48,68,35.5
2025-11-28T16:00:00-08:00,51,66,34.6
2025-11-28T16:30:00-08:00,55,64,34.7
2025-11-28T17:00:00-08:00,57,63,35.1
2025-11-28T17:30:00-08:00,61,61,36.1
2025-11-28T18:00:00-08:00,65,59,33.5
2025-11-28T18:30:00-08:00,67,58,33.7
2025-11-28T19:00:00-08:00,70,56,34.2
2025-11-28T19:30:00-08:00,73,55,35.2
2025-11-28T20:00:00-08:00,75,54,35.2
2025-11-28T20:30:00-08:00,79,54,33.5
2025-11-28T21:00:00-08:00,81,53,31.4
2025-11-28T21:30:00-08:00,83,52,28.3
2025-11-28T22:00:00-08:00,85,52,27.8
2025-11-28T22:30:00-08:00,85,52,26.8
2025-11-28T23:00:00-08:00,86,52,25.9
2025-11-28T23:30:00-08:00,84,52,23.4
2025-11-29T00:00:00-08:00,85,52,22.1
2025-11-29T00:30:00-08:00,82,52,19.3
2025-11-29T01:00:00-08:00,79,53,19.6
2025-11-29T01:30:00-08:00,77,53,19.6
2025-11-29T02:00:00-08:00,74,53,22.1
2025-11-29T02:30:00-08:00,72,53,23.1
2025-11-29T03:00:00-08:00,72,52,23.1
2025-11-29T03:30:00-08:00,72,51,21.7
2025-11-29T04:00:00-08:00,74,51,24.5
2025-11-29T04:30:00-08:00,73,51,22.8
2025-11-29T05:00:00-08:00,74,51,21.1
2025-11-29T05:30:00-08:00,74,51,21.3
2025-11-29T06:00:00-08:00,74,51,19.3
2025-11-29T06:30:00-08:00,73,51,20.2
2025-11-29T07:00:00-08:00,73,51,21.8
2025-11-29T07:30:00-08:00,73,51,23.3
2025-11-29T08:00:00-08:00,76,51,26.7
2025-11-29T08:30:00-08:00,77,53,30.2
2025-11-29T09:00:00-08:00,73,55,29.9
2025-11-29T09:30:00-08:00,67,56,28.3
2025-11-29T10:00:00-08:00,64,58,27.6
2025-11-29T10:30:00-08:00,59,60,27.7
2025-11-29T11:00:00-08:00,57,60,28
2025-11-29T11:30:00-08:00,54,62,27.7
2025-11-29T12:00:00-08:00,51,64,28.1
2025-11-29T12:30:00-08:00,49,65,26.8
2025-11-29T13:00:00-08:00,46,67,26.9
2025-11-29T13:30:00-08:00,43,69,26.1
2025-11-29T14:00:00-08:00,42,70,26.1
2025-11-29T14:30:00-08:00,41,70,24.3
2025-11-29T15:00:00-08:00,42,69,25.9
2025-11-29T15:30:00-08:00,43,68,27.3
2025-11-29T16:00:00-08:00,46,66,28.4
2025-11-29T16:30:00-08:00,49,64,27.8
2025-11-29T17:00:00-08:00,53,60,25.9
2025-11-29T17:30:00-08:00,56,59,28.4
2025-11-29T18:00:00-08:00,58,58,34.7
2025-11-29T18:30:00-08:00,61,57,41.3
2025-11-29T19:00:00-08:00,65,55,30.3
2025-11-29T19:30:00-08:00,70,54,31.1
2025-11-29T20:00:00-08:00,75,53,30.8
2025-11-29T20:30:00-08:00,77,52,31.6
2025-11-29T21:00:00-08:00,78,52,31.1
2025-11-29T21:30:00-08:00,80,52,31.3
2025-11-29T22:00:00-08:00,82,51,29.9
2025-11-29T22:30:00-08:00,82,51,30.3
2025-11-29T23:00:00-08:00,81,51,30
2025-11-29T23:30:00-08:00,81,51,30
2025-11-30T00:00:00-08:00,81,51,30.9
2025-11-30T00:30:00-08:00,81,51,29.9
2025-11-30T01:00:00-08:00,83,51,28.1
2025-11-30T01:30:00-08:00,84,51,25.1
2025-11-30T02:00:00-08:00,83,51,22.6
2025-11-30T02:30:00-08:00,81,51,22.8
2025-11-30T03:00:00-08:00,81,51,23.7
2025-11-30T03:30:00-08:00,79,52,22.9
2025-11-30T04:00:00-08:00,81,51,22.9
2025-11-30T04:30:00-08:00,82,51,19.9
2025-11-30T05:00:00-08:00,81,51,17.1
2025-11-30T05:30:00-08:00,78,52,16.4
2025-11-30T06:00:00-08:00,77,52,15.6
2025-11-30T06:30:00-08:00,75,52,16.5
2025-11-30T07:00:00-08:00,74,53,16.1
2025-11-30T07:30:00-08:00,73,53,15.6
2025-11-30T08:00:00-08:00,72,53,17.7
2025-11-30T08:30:00-08:00,72,54,23.1
2025-11-30T09:00:00-08:00,70,55,21
2025-11-30T09:30:00-08:00,68,56,24
2025-11-30T10:00:00-08:00,66,56,22.3
2025-11-30T10:30:00-08:00,64,58,22.9
2025-11-30T11:00:00-08:00,62,58,24.9
2025-11-30T11:30:00-08:00,59,61,28.1
2025-11-30T12:00:00-08:00,56,61,26.1
2025-11-30T12:30:00-08:00,53,62,22.9
2025-11-30T13:00:00-08:00,52,63,21.1
2025-11-30T13:30:00-08:00,50,64,15.6
2025-11-30T14:00:00-08:00,49,64,15.1
2025-11-30T14:30:00-08:00,49,65,20.1
2025-11-30T15:00:00-08:00,48,64,24.6
2025-11-30T15:30:00-08:00,52,61,21.4
2025-11-30T16:00:00-08:00,58,58,22.6
2025-11-30T16:30:00-08:00,62,56,24.5
2025-11-30T17:00:00-08:00,65,55,25.6
2025-11-30T17:30:00-08:00,67,55,25.3
2025-11-30T18:00:00-08:00,69,53,27.8
2025-11-30T18:30:00-08:00,71,53,31.2
2025-11-30T19:00:00-08:00,73,52,32.6
2025-11-30T19:30:00-08:00,73,52,30.8
2025-11-30T20:00:00-08:00,72,52,30.6
2025-11-30T20:30:00-08:00,71,52,28.9
2025-11-30T21:00:00-08:00,72,51,28.2
2025-11-30T21:30:00-08:00,72,51,25.3
2025-11-30T22:00:00-08:00,72,51,21.4
2025-11-30T22:30:00-08:00,71,51,22.4
2025-11-30T23:00:00-08:00,74,49,21.8
2025-11-30T23:30:00-08:00,80,49,22.8
2025-12-01T00:00:00-08:00,82,48,21.7
2025-12-01T00:30:00-08:00,81,49,21.1
2025-12-01T01:00:00-08:00,78,49,19.2
2025-12-01T01:30:00-08:00,76,49,19.9
2025-12-01T02:00:00-08:00,76,50,21.8
2025-12-01T02:30:00-08:00,76,50,21.8
2025-12-01T03:00:00-08:00,75,50,19.3
2025-12-01T03:30:00-08:00,72,52,19.2
2025-12-01T04:00:00-08:00,70,52,20.6
2025-12-01T04:30:00-08:00,71,51,21.2
2025-12-01T05:00:00-08:00,72,51,22.7
2025-12-01T05:30:00-08:00,72,52,22.9
2025-12-01T06:00:00-08:00,72,52,22.6
2025-12-01T06:30:00-08:00,71,53,23.7
2025-12-01T07:00:00-08:00,70,53,24
2025-12-01T07:30:00-08:00,69,54,23
2025-12-01T08:00:00-08:00,67,55,24.5
2025-12-01T08:30:00-08:00,64,56,24.8
2025-12-01T09:00:00-08:00,63,56,25.5
2025-12-01T09:30:00-08:00,61,57,25
2025-12-01T10:00:00-08:00,58,58,24.2
2025-12-01T10:30:00-08:00,56,59,24.1
2025-12-01T11:00:00-08:00,54,60,24.7
2025-12-01T11:30:00-08:00,51,62,25
2025-12-01T12:00:00-08:00,49,63,25.1
2025-12-01T12:30:00-08:00,46,65,25.4
2025-12-01T13:00:00-08:00,45,65,22.2
2025-12-01T13:30:00-08:00,45,64,19.1
2025-12-01T14:00:00-08:00,44,65,19.8
2025-12-01T14:30:00-08:00,45,64,20.3
2025-12-01T15:00:00-08:00,48,62,21.1
2025-12-01T15:30:00-08:00,51,60,22.6
2025-12-01T16:00:00-08:00,54,58,23.1
2025-12-01T16:30:00-08:00,57,57,25
2025-12-01T17:00:00-08:00,61,55,26.7
2025-12-01T17:30:00-08:00,63,55,27.4
2025-12-01T18:00:00-08:00,65,55,27.7
2025-12-01T18:30:00-08:00,66,54,26.2
2025-12-01T19:00:00-08:00,67,54,25.6
2025-12-01T19:30:00-08:00,67,54,25.6
2025-12-01T20:00:00-08:00,67,53,25.3
2025-12-01T20:30:00-08:00,68,53,26.4
2025-12-01T21:00:00-08:00,70,52,28.1
2025-12-01T21:30:00-08:00,72,51,27.3
2025-12-01T22:00:00-08:00,74,51,25.6
2025-12-01T22:30:00-08:00,72,52,23.8
2025-12-01T23:00:00-08:00,72,51,23.9
2025-12-01T23:30:00-08:00,71,52,25.1
2025-12-02T00:00:00-08:00,72,51,25.7
2025-12-02T00:30:00-08:00,72,52,25.7
2025-12-02T01:00:00-08:00,73,51,26.7
2025-12-02T01:30:00-08:00,74,51,26.9
2025-12-02T02:00:00-08:00,75,50,26.4
2025-12-02T02:30:00-08:00,77,50,25.8
2025-12-02T03:00:00-08:00,76,50,25.7
2025-12-02T03:30:00-08:00,75,50,25.1
2025-12-02T04:00:00-08:00,77,49,26.8
2025-12-02T04:30:00-08:00,77,50,28.8
2025-12-02T05:00:00-08:00,75,52,29.5
2025-12-02T05:30:00-08:00,71,53,31.4
2025-12-02T06:00:00-08:00,71,53,29.5
2025-12-02T06:30:00-08:00,70,53,27.3
2025-12-02T07:00:00-08:00,73,51,27.9
2025-12-02T07:30:00-08:00,74,51,27.7
2025-12-02T08:00:00-08:00,72,52,28.7
2025-12-02T08:30:00-08:00,71,53,28.9
2025-12-02T09:00:00-08:00,67,56,28.2
2025-12-02T09:30:00-08:00,62,58,29.8
2025-12-02T10:00:00-08:00,58,61,30.2
2025-12-02T10:30:00-08:00,54,63,29.6
2025-12-02T11:00:00-08:00,51,65,28.6
2025-12-02T11:30:00-08:00,48,67,27.8
2025-12-02T12:00:00-08:00,45,69,28.8
2025-12-02T12:30:00-08:00,42,71,26.7
2025-12-02T13:00:00-08:00,40,73,25.1
2025-12-02T13:30:00-08:00,38,74,24.9
2025-12-02T14:00:00-08:00,37,74,24.1
2025-12-02T14:30:00-08:00,36,75,17.8
2025-12-02T15:00:00-08:00,35,73,14.9
2025-12-02T15:30:00-08:00,37,72,15.4
2025-12-02T16:00:00-08:00,39,70,16.6
2025-12-02T16:30:00-08:00,43,68,15.4
2025-12-02T17:00:00-08:00,47,65,20.2
2025-12-02T17:30:00-08:00,51,63,17
2025-12-02T18:00:00-08:00,55,61,19.8
2025-12-02T18:30:00-08:00,57,61,20.1
2025-12-02T19:00:00-08:00,59,60,18.3
2025-12-02T19:30:00-08:00,61,58,21.9
2025-12-02T20:00:00-08:00,62,57,19.4
2025-12-02T20:30:00-08:00,63,56,14.8
2025-12-02T21:00:00-08:00,64,56,12.1
2025-12-02T21:30:00-08:00,63,55,9.6
2025-12-02T22:00:00-08:00,65,55,10.6
2025-12-02T22:30:00-08:00,66,54,15.6
2025-12-02T23:00:00-08:00,67,55,22.1
2025-12-02T23:30:00-08:00,68,54,27.3
2025-12-03T00:00:00-08:00,72,54,35.4
2025-12-03T00:30:00-08:00,72,54,35.6
2025-12-03T01:00:00-08:00,71,53,28.1
2025-12-03T01:30:00-08:00,70,53,20.6
2025-12-03T02:00:00-08:00,69,52,23.2
2025-12-03T02:30:00-08:00,69,52,21.2
2025-12-03T03:00:00-08:00,70,51,21.2
2025-12-03T03:30:00-08:00,70,51,20.8
2025-12-03T04:00:00-08:00,70,50,21.1
2025-12-03T04:30:00-08:00,70,50,20.7
2025-12-03T05:00:00-08:00,70,49,19.2
2025-12-03T05:30:00-08:00,71,49,18.6
2025-12-03T06:00:00-08:00,70,49,16.4
2025-12-03T06:30:00-08:00,70,49,15.7
2025-12-03T07:00:00-08:00,70,49,14.1
2025-12-03T07:30:00-08:00,70,49,13.3
2025-12-03T08:00:00-08:00,72,51,17.4
2025-12-03T08:30:00-08:00,69,54,16.9
2025-12-03T09:00:00-08:00,55,57,7.6
2025-12-03T09:30:00-08:00,42,60,1.8
2025-12-03T10:00:00-08:00,34,62,0.4
2025-12-03T10:30:00-08:00,32,64,0.4
2025-12-03T11:00:00-08:00,34,66,2.5
2025-12-03T11:30:00-08:00,28,67,0.2
2025-12-03T12:00:00-08:00,27,68,0.1
2025-12-03T12:30:00-08:00,26,70,0.1
2025-12-03T13:00:00-08:00,25,70,0.2
2025-12-03T13:30:00-08:00,24,71,0.1
2025-12-03T14:00:00-08:00,23,71,0.1
2025-12-03T14:30:00-08:00,24,74,0.5
2025-12-03T15:00:00-08:00,25,73,1.1
2025-12-03T15:30:00-08:00,26,72,0.9
2025-12-03T16:00:00-08:00,28,70,4.9
2025-12-03T16:30:00-08:00,29,67,26
2025-12-03T17:00:00-08:00,32,63,2.2
2025-12-03T17:30:00-08:00,36,61,1.2
2025-12-03T18:00:00-08:00,37,59,4.7
2025-12-03T18:30:00-08:00,40,58,1.1
2025-12-03T19:00:00-08:00,41,57,1.1
2025-12-03T19:30:00-08:00,40,57,0.8
2025-12-03T20:00:00-08:00,40,57,1.9
2025-12-03T20:30:00-08:00,42,58,3.5
2025-12-03T21:00:00-08:00,42,57,2.3
2025-12-03T21:30:00-08:00,42,56,1.1
2025-12-03T22:00:00-08:00,43,55,1.4
2025-12-03T22:30:00-08:00,43,55,0.8
2025-12-03T23:00:00-08:00,43,55,0.9
2025-12-03T23:30:00-08:00,44,54,0.7
2025-12-04T00:00:00-08:00,44,54,0.6
2025-12-04T00:30:00-08:00,44,54,0.6
2025-12-04T01:00:00-08:00,46,53,0.8
2025-12-04T01:30:00-08:00,47,52,0.7
2025-12-04T02:00:00-08:00,47,53,0.9
2025-12-04T02:30:00-08:00,45,53,0.8
2025-12-04T03:00:00-08:00,46,52,1
2025-12-04T03:30:00-08:00,47,52,1.3
2025-12-04T04:00:00-08:00,48,52,1.6
2025-12-04T04:30:00-08:00,52,52,2.3
2025-12-04T05:00:00-08:00,52,51,2.5
2025-12-04T05:30:00-08:00,52,51,2.6
2025-12-04T06:00:00-08:00,52,51,2.9
2025-12-04T06:30:00-08:00,54,50,4.6
2025-12-04T07:00:00-08:00,56,49,6
2025-12-04T07:30:00-08:00,58,50,11.4
2025-12-04T08:00:00-08:00,60,51,17.4
2025-12-04T08:30:00-08:00,60,53,24.4
2025-12-04T09:00:00-08:00,57,55,25.5
2025-12-04T09:30:00-08:00,56,56,28.2
2025-12-04T10:00:00-08:00,57,55,28.4
2025-12-04T10:30:00-08:00,56,56,28.7
2025-12-04T11:00:00-08:00,52,59,28.4
2025-12-04T11:30:00-08:00,48,61,29
2025-12-04T12:00:00-08:00,45,63,26.7
2025-12-04T12:30:00-08:00,42,65,25.8
2025-12-04T13:00:00-08:00,39,67,26.7
2025-12-04T13:30:00-08:00,38,69,26.3
2025-12-04T14:00:00-08:00,38,67,24.7
2025-12-04T14:30:00-08:00,38,67,23.2
2025-12-04T15:00:00-08:00,39,67,23.4
2025-12-04T15:30:00-08:00,39,67,25.6
2025-12-04T16:00:00-08:00,41,65,23.8
2025-12-04T16:30:00-08:00,44,61,20.5
2025-12-04T17:00:00-08:00,46,59,21.5
2025-12-04T17:30:00-08:00,47,59,21.6
2025-12-04T18:00:00-08:00,48,58,24.1
2025-12-04T18:30:00-08:00,49,57,26.3
2025-12-04T19:00:00-08:00,51,56,30.5
2025-12-04T19:30:00-08:00,52,55,24.2
2025-12-04T20:00:00-08:00,53,54,27.7
2025-12-04T20:30:00-08:00,54,53,24.6
2025-12-04T21:00:00-08:00,56,52,24.7
2025-12-04T21:30:00-08:00,56,53,22.1
2025-12-04T22:00:00-08:00,56,53,23.6
2025-12-04T22:30:00-08:00,55,52,16.8
2025-12-04T23:00:00-08:00,56,52,23.2
2025-12-04T23:30:00-08:00,59,51,20.3
2025-12-05T00:00:00-08:00,61,50,24.2
2025-12-05T00:30:00-08:00,61,51,23.1
2025-12-05T01:00:00-08:00,61,50,22.8
2025-12-05T01:30:00-08:00,60,50,19
2025-12-05T02:00:00-08:00,61,50,22
2025-12-05T02:30:00-08:00,60,51,20.8
2025-12-05T03:00:00-08:00,62,49,25.2
2025-12-05T03:30:00-08:00,64,48,24.8
2025-12-05T04:00:00-08:00,64,48,25.5
2025-12-05T04:30:00-08:00,65,48,26.6
2025-12-05T05:00:00-08:00,67,48,27
2025-12-05T05:30:00-08:00,68,47,24.4
2025-12-05T06:00:00-08:00,66,49,19.2
2025-12-05T06:30:00-08:00,64,48,19.2
2025-12-05T07:00:00-08:00,63,48,20.2
2025-12-05T07:30:00-08:00,66,47,24.8
2025-12-05T08:00:00-08:00,65,48,26.8
2025-12-05T08:30:00-08:00,66,50,30.9
2025-12-05T09:00:00-08:00,61,53,31.7
2025-12-05T09:30:00-08:00,58,54,31.2
2025-12-05T10:00:00-08:00,54,57,30.9
2025-12-05T10:30:00-08:00,49,60,29.8
2025-12-05T11:00:00-08:00,46,62,30.4
2025-12-05T11:30:00-08:00,43,64,30.3
2025-12-05T12:00:00-08:00,40,66,30.4
2025-12-05T12:30:00-08:00,38,68,31.2
2025-12-05T13:00:00-08:00,37,70,32.6
2025-12-05T13:30:00-08:00,37,71,53.8
2025-12-05T14:00:00-08:00,38,71,34.9
2025-12-05T14:30:00-08:00,39,71,34.7
2025-12-05T15:00:00-08:00,40,70,35.2
2025-12-05T15:30:00-08:00,41,69,35.1
2025-12-05T16:00:00-08:00,43,67,34.4
2025-12-05T16:30:00-08:00,47,65,34.1
2025-12-05T17:00:00-08:00,50,63,35.5
2025-12-05T17:30:00-08:00,53,60,38.2
2025-12-05T18:00:00-08:00,54,57,18.4
2025-12-05T18:30:00-08:00,54,57,18.1
2025-12-05T19:00:00-08:00,54,56,16.6
2025-12-05T19:30:00-08:00,55,56,14.4
2025-12-05T20:00:00-08:00,55,55,16.3
2025-12-05T20:30:00-08:00,57,55,20.5
2025-12-05T21:00:00-08:00,57,55,22
2025-12-05T21:30:00-08:00,58,54,21.7
2025-12-05T22:00:00-08:00,62,53,25.5
2025-12-05T22:30:00-08:00,64,52,24.1
2025-12-05T23:00:00-08:00,64,52,23
2025-12-05T23:30:00-08:00,66,51,24.7
2025-12-06T00:00:00-08:00,67,51,26.6
2025-12-06T00:30:00-08:00,68,52,28.1
2025-12-06T01:00:00-08:00,67,52,32
2025-12-06T01:30:00-08:00,72,50,32.9
2025-12-06T02:00:00-08:00,76,49,31.5
2025-12-06T02:30:00-08:00,77,49,30
2025-12-06T03:00:00-08:00,78,49,28.2
2025-12-06T03:30:00-08:00,75,50,26.4
2025-12-06T04:00:00-08:00,74,50,25.8
2025-12-06T04:30:00-08:00,74,50,24
2025-12-06T05:00:00-08:00,75,49,24.3
2025-12-06T05:30:00-08:00,77,49,25.1
2025-12-06T06:00:00-08:00,77,49,23
2025-12-06T06:30:00-08:00,74,50,24
2025-12-06T07:00:00-08:00,75,49,23.1
2025-12-06T07:30:00-08:00,74,49,21.1
2025-12-06T08:00:00-08:00,72,50,25.8
2025-12-06T08:30:00-08:00,71,51,26.2
2025-12-06T09:00:00-08:00,71,51,25.1
2025-12-06T09:30:00-08:00,70,52,28.3
2025-12-06T10:00:00-08:00,66,55,29.9
2025-12-06T10:30:00-08:00,60,57,28.9
2025-12-06T11:00:00-08:00,56,59,29.5
2025-12-06T11:30:00-08:00,53,61,28.7
2025-12-06T12:00:00-08:00,50,63,29.8
2025-12-06T12:30:00-08:00,47,65,30.1
2025-12-06T13:00:00-08:00,45,66,30.2
2025-12-06T13:30:00-08:00,44,67,30.3
2025-12-06T14:00:00-08:00,43,68,30.8
2025-12-06T14:30:00-08:00,42,68,30.3
2025-12-06T15:00:00-08:00,42,68,30.3
2025-12-06T15:30:00-08:00,44,67,32.7
2025-12-06T16:00:00-08:00,48,65,35.5
2025-12-06T16:30:00-08:00,50,62,26.8
2025-12-06T17:00:00-08:00,54,60,30.1
2025-12-06T17:30:00-08:00,58,57,30
2025-12-06T18:00:00-08:00,64,55,30.4
2025-12-06T18:30:00-08:00,68,53,28.3
2025-12-06T19:00:00-08:00,70,53,29.1
2025-12-06T19:30:00-08:00,72,52,29.2
2025-12-06T20:00:00-08:00,74,52,31.1
2025-12-06T20:30:00-08:00,74,52,30.6
2025-12-06T21:00:00-08:00,77,50,30.3
2025-12-06T21:30:00-08:00,80,50,31.2
2025-12-06T22:00:00-08:00,81,50,31.4
2025-12-06T22:30:00-08:00,82,50,29.9
2025-12-06T23:00:00-08:00,81,51,28.5
2025-12-06T23:30:00-08:00,79,51,26.8
2025-12-07T00:00:00-08:00,79,50,22.9
2025-12-07T00:30:00-08:00,82,50,19.7
2025-12-07T01:00:00-08:00,79,51,18.9
2025-12-07T01:30:00-08:00,76,51,18.3
2025-12-07T02:00:00-08:00,77,50,17.2
2025-12-07T02:30:00-08:00,76,50,23.3
2025-12-07T03:00:00-08:00,79,50,17.8
2025-12-07T03:30:00-08:00,79,50,16.4
2025-12-07T04:00:00-08:00,75,51,16.6
2025-12-07T04:30:00-08:00,74,51,17.3
2025-12-07T05:00:00-08:00,74,51,16.2
2025-12-07T05:30:00-08:00,75,50,16.8
2025-12-07T06:00:00-08:00,77,50,16.1
2025-12-07T06:30:00-08:00,77,50,17.4
2025-12-07T07:00:00-08:00,75,51,18.5
2025-12-07T07:30:00-08:00,74,51,17.7
2025-12-07T08:00:00-08:00,74,51,22.1
2025-12-07T08:30:00-08:00,72,53,20.5
2025-12-07T09:00:00-08:00,69,54,19.6
2025-12-07T09:30:00-08:00,65,55,17.8
2025-12-07T10:00:00-08:00,63,57,18.9
2025-12-07T10:30:00-08:00,59,58,19.6
2025-12-07T11:00:00-08:00,56,60,19.8
2025-12-07T11:30:00-08:00,58,62,20.8
2025-12-07T12:00:00-08:00,53,64,22
2025-12-07T12:30:00-08:00,48,65,22.4
2025-12-07T13:00:00-08:00,46,66,22.1
2025-12-07T13:30:00-08:00,45,67,20.6
2025-12-07T14:00:00-08:00,44,68,19.4
2025-12-07T14:30:00-08:00,44,68,18.6
2025-12-07T15:00:00-08:00,44,68,24.1
2025-12-07T15:30:00-08:00,46,67,23.5
2025-12-07T16:00:00-08:00,48,65,23.7
2025-12-07T16:30:00-08:00,52,63,26.8
2025-12-07T17:00:00-08:00,55,61,27.3
2025-12-07T17:30:00-08:00,58,59,22.7
2025-12-07T18:00:00-08:00,63,57,20.8
2025-12-07T18:30:00-08:00,68,55,21.4
2025-12-07T19:00:00-08:00,70,54,21.5
2025-12-07T19:30:00-08:00,70,54,20.4
2025-12-07T20:00:00-08:00,71,54,22
2025-12-07T20:30:00-08:00,73,52,24.4
2025-12-07T21:00:00-08:00,78,51,26.1
2025-12-07T21:30:00-08:00,82,50,24.9
2025-12-07T22:00:00-08:00,82,50,24.1
2025-12-07T22:30:00-08:00,82,50,23.1
2025-12-07T23:00:00-08:00,82,50,23.7
2025-12-07T23:30:00-08:00,83,50,24
2025-12-08T00:00:00-08:00,81,50,22.6
2025-12-08T00:30:00-08:00,80,50,21.2
2025-12-08T01:00:00-08:00,79,50,20
2025-12-08T01:30:00-08:00,79,50,19.1
2025-12-08T02:00:00-08:00,77,50,18.8
2025-12-08T02:30:00-08:00,78,50,19
2025-12-08T03:00:00-08:00,76,50,18.4
2025-12-08T03:30:00-08:00,74,51,18
2025-12-08T04:00:00-08:00,74,51,18.2
2025-12-08T04:30:00-08:00,73,51,18
2025-12-08T05:00:00-08:00,71,52,18.5
2025-12-08T05:30:00-08:00,70,51,17.3
2025-12-08T06:00:00-08:00,70,50,17.6
2025-12-08T06:30:00-08:00,74,50,20.7
2025-12-08T07:00:00-08:00,75,50,19.4
2025-12-08T07:30:00-08:00,74,50,20.1
2025-12-08T08:00:00-08:00,77,50,24.4
2025-12-08T08:30:00-08:00,77,50,22.5
2025-12-08T09:00:00-08:00,74,52,22
2025-12-08T09:30:00-08:00,70,53,21.1
2025-12-08T10:00:00-08:00,67,55,27.4
2025-12-08T10:30:00-08:00,64,56,26.3
2025-12-08T11:00:00-08:00,61,57,28.1
2025-12-08T11:30:00-08:00,58,60,26.7
2025-12-08T12:00:00-08:00,54,61,26.2
2025-12-08T12:30:00-08:00,51,63,25.1
2025-12-08T13:00:00-08:00,49,65,31.6
2025-12-08T13:30:00-08:00,46,67,29.5
2025-12-08T14:00:00-08:00,45,68,27.2
2025-12-08T14:30:00-08:00,44,68,23.1
2025-12-08T15:00:00-08:00,44,67,21
2025-12-08T15:30:00-08:00,46,65,21.7
2025-12-08T16:00:00-08:00,49,64,22.2
2025-12-08T16:30:00-08:00,52,63,25.1
2025-12-08T17:00:00-08:00,55,61,24
2025-12-08T17:30:00-08:00,59,58,22.3
2025-12-08T18:00:00-08:00,61,56,25.1
2025-12-08T18:30:00-08:00,65,55,16.8
2025-12-08T19:00:00-08:00,67,54,18.2
2025-12-08T19:30:00-08:00,69,53,20.3
2025-12-08T20:00:00-08:00,69,53,20
2025-12-08T20:30:00-08:00,68,53,21.6
2025-12-08T21:00:00-08:00,66,53,22.3
2025-12-08T21:30:00-08:00,67,52,22.6
2025-12-08T22:00:00-08:00,69,52,19.9
2025-12-08T22:30:00-08:00,70,51,20.1
2025-12-08T23:00:00-08:00,72,50,21.4
2025-12-08T23:30:00-08:00,75,49,22.6
2025-12-09T00:00:00-08:00,79,49,24.7
2025-12-09T00:30:00-08:00,81,49,24.9
2025-12-09T01:00:00-08:00,83,48,25.7
2025-12-09T01:30:00-08:00,81,49,22.7
2025-12-09T02:00:00-08:00,80,49,20.9
2025-12-09T02:30:00-08:00,79,49,21.1
2025-12-09T03:00:00-08:00,79,49,21
2025-12-09T03:30:00-08:00,78,49,21
2025-12-09T04:00:00-08:00,74,50,20.3
2025-12-09T04:30:00-08:00,72,50,20.3
2025-12-09T05:00:00-08:00,73,50,23.3
2025-12-09T05:30:00-08:00,74,49,24.4
2025-12-09T06:00:00-08:00,75,49,19.5
2025-12-09T06:30:00-08:00,76,48,17.6
2025-12-09T07:00:00-08:00,75,49,22
2025-12-09T07:30:00-08:00,74,49,23.9
2025-12-09T08:00:00-08:00,76,50,25.5
2025-12-09T08:30:00-08:00,74,52,25.3
2025-12-09T09:00:00-08:00,70,53,25.3
2025-12-09T09:30:00-08:00,67,54,26
2025-12-09T10:00:00-08:00,65,55,24.3
2025-12-09T10:30:00-08:00,61,57,22.7
2025-12-09T11:00:00-08:00,59,59,23.7
2025-12-09T11:30:00-08:00,56,60,24.7
2025-12-09T12:00:00-08:00,53,62,24.8
2025-12-09T12:30:00-08:00,50,64,25.9
2025-12-09T13:00:00-08:00,46,67,23.8
2025-12-09T13:30:00-08:00,44,68,22.6
2025-12-09T14:00:00-08:00,42,69,25.3
2025-12-09T14:30:00-08:00,43,69,30.8
2025-12-09T15:00:00-08:00,44,68,31.1
2025-12-09T15:30:00-08:00,45,67,32.9
2025-12-09T16:00:00-08:00,49,65,33.4
2025-12-09T16:30:00-08:00,52,63,33.3
2025-12-09T17:00:00-08:00,56,62,47.9
2025-12-09T17:30:00-08:00,58,59,24.6
2025-12-09T18:00:00-08:00,58,58,28.7
2025-12-09T18:30:00-08:00,60,57,21.9
2025-12-09T19:00:00-08:00,65,53,26.6
2025-12-09T19:30:00-08:00,70,52,27.6
2025-12-09T20:00:00-08:00,70,52,27.2
2025-12-09T20:30:00-08:00,68,53,29.6
2025-12-09T21:00:00-08:00,67,53,34.5
2025-12-09T21:30:00-08:00,68,52,31.5
2025-12-09T22:00:00-08:00,69,52,28.1
2025-12-09T22:30:00-08:00,69,51,24.5
2025-12-09T23:00:00-08:00,68,51,31.9
2025-12-09T23:30:00-08:00,69,50,48.3
2025-12-10T00:00:00-08:00,69,50,30.1
2025-12-10T00:30:00-08:00,70,49,26.7
2025-12-10T01:00:00-08:00,70,48,19.9
2025-12-10T01:30:00-08:00,70,48,19.9
2025-12-10T02:00:00-08:00,71,48,18.4
2025-12-10T02:30:00-08:00,72,48,17.5
2025-12-10T03:00:00-08:00,72,48,17
2025-12-10T03:30:00-08:00,71,48,19
2025-12-10T04:00:00-08:00,72,47,19.1
2025-12-10T04:30:00-08:00,72,47,18.9
2025-12-10T05:00:00-08:00,73,47,19.7
2025-12-10T05:30:00-08:00,73,47,19.7
2025-12-10T06:00:00-08:00,73,47,20.7
2025-12-10T06:30:00-08:00,73,47,20.9
2025-12-10T07:00:00-08:00,74,46,21.4
2025-12-10T07:30:00-08:00,76,47,24
2025-12-10T08:00:00-08:00,78,49,24.2
2025-12-10T08:30:00-08:00,79,51,18.4
2025-12-10T09:00:00-08:00,77,53,20.6
2025-12-10T09:30:00-08:00,73,55,30.3
2025-12-10T10:00:00-08:00,68,57,31.1
2025-12-10T10:30:00-08:00,64,59,29.9
2025-12-10T11:00:00-08:00,58,61,25.4
2025-12-10T11:30:00-08:00,54,63,23.4
2025-12-10T12:00:00-08:00,51,65,22.2
2025-12-10T12:30:00-08:00,47,67,20.3
2025-12-10T13:00:00-08:00,44,69,20.3
2025-12-10T13:30:00-08:00,42,71,21.6
2025-12-10T14:00:00-08:00,42,71,22.9
2025-12-10T14:30:00-08:00,41,71,23.1
2025-12-10T15:00:00-08:00,42,71,24.3
2025-12-10T15:30:00-08:00,44,69,24.2
2025-12-10T16:00:00-08:00,48,67,26.5
2025-12-10T16:30:00-08:00,51,65,23.7
2025-12-10T17:00:00-08:00,55,63,29.2
2025-12-10T17:30:00-08:00,58,61,25.8
2025-12-10T18:00:00-08:00,61,59,26.7
2025-12-10T18:30:00-08:00,62,58,50.6
2025-12-10T19:00:00-08:00,62,57,30.4
2025-12-10T19:30:00-08:00,64,56,25.1
2025-12-10T20:00:00-08:00,66,55,34.4
2025-12-10T20:30:00-08:00,67,54,31
2025-12-10T21:00:00-08:00,68,53,19
2025-12-10T21:30:00-08:00,69,53,21.3
2025-12-10T22:00:00-08:00,69,52,23.7
2025-12-10T22:30:00-08:00,69,52,24.2
2025-12-10T23:00:00-08:00,70,51,24.5
2025-12-10T23:30:00-08:00,71,51,23
2025-12-11T00:00:00-08:00,71,51,25.3
2025-12-11T00:30:00-08:00,71,50,25.2
2025-12-11T01:00:00-08:00,72,50,23.7
2025-12-11T01:30:00-08:00,72,50,24
2025-12-11T02:00:00-08:00,73,50,23.3
2025-12-11T02:30:00-08:00,74,50,25.1
2025-12-11T03:00:00-08:00,74,50,26
2025-12-11T03:30:00-08:00,73,49,23
2025-12-11T04:00:00-08:00,72,49,23.6
2025-12-11T04:30:00-08:00,72,49,24.2
2025-12-11T05:00:00-08:00,73,48,20.2
2025-12-11T05:30:00-08:00,77,49,14.9
2025-12-11T06:00:00-08:00,78,49,13.9
2025-12-11T06:30:00-08:00,75,50,14.2
2025-12-11T07:00:00-08:00,73,49,28.1
2025-12-11T07:30:00-08:00,74,49,29.8
2025-12-11T08:00:00-08:00,77,51,25.7
2025-12-11T08:30:00-08:00,77,52,30.5
2025-12-11T09:00:00-08:00,75,53,27.9
2025-12-11T09:30:00-08:00,71,55,28.8
2025-12-11T10:00:00-08:00,67,57,30.7
2025-12-11T10:30:00-08:00,64,57,29.2
2025-12-11T11:00:00-08:00,61,59,27.4
2025-12-11T11:30:00-08:00,56,60,24.3
2025-12-11T12:00:00-08:00,52,63,22.2
2025-12-11T12:30:00-08:00,49,65,21.1
2025-12-11T13:00:00-08:00,45,68,18.5
2025-12-11T13:30:00-08:00,42,70,17
2025-12-11T14:00:00-08:00,39,71,15.8
2025-12-11T14:30:00-08:00,39,72,18.8
2025-12-11T15:00:00-08:00,40,71,22.3
2025-12-11T15:30:00-08:00,42,69,28
2025-12-11T16:00:00-08:00,46,67,30.5
2025-12-11T16:30:00-08:00,49,65,30.7
2025-12-11T17:00:00-08:00,53,63,26.8
2025-12-11T17:30:00-08:00,57,60,25.1
2025-12-11T18:00:00-08:00,60,59,31.2
2025-12-11T18:30:00-08:00,61,57,31.9
2025-12-11T19:00:00-08:00,64,56,17.3
2025-12-11T19:30:00-08:00,66,54,18.5
2025-12-11T20:00:00-08:00,67,54,98.1
2025-12-11T20:30:00-08:00,67,53,29.5
2025-12-11T21:00:00-08:00,67,52,25.7
2025-12-11T21:30:00-08:00,68,52,30.7
2025-12-11T22:00:00-08:00,67,51,50.1
2025-12-11T22:30:00-08:00,67,51,80.6
2025-12-11T23:00:00-08:00,66,50,35.8
2025-12-11T23:30:00-08:00,65,50,14.6
2025-12-12T00:00:00-08:00,65,50,17
2025-12-12T00:30:00-08:00,68,49,18.6
2025-12-12T01:00:00-08:00,70,49,17.4
2025-12-12T01:30:00-08:00,69,49,13.6
2025-12-12T02:00:00-08:00,68,50,12.9
2025-12-12T02:30:00-08:00,67,50,10.3
2025-12-12T03:00:00-08:00,66,49,11.6
2025-12-12T03:30:00-08:00,68,48,11
2025-12-12T04:00:00-08:00,73,49,9.2
2025-12-12T04:30:00-08:00,74,48,12.4
2025-12-12T05:00:00-08:00,76,48,11
2025-12-12T05:30:00-08:00,75,49,8.9
2025-12-12T06:00:00-08:00,74,48,8.4
2025-12-12T06:30:00-08:00,73,49,7.3
2025-12-12T07:00:00-08:00,71,49,9.7
2025-12-12T07:30:00-08:00,70,49,6.7
2025-12-12T08:00:00-08:00,71,49,6.4
2025-12-12T08:30:00-08:00,72,50,7.7
2025-12-12T09:00:00-08:00,70,51,8.6
2025-12-12T09:30:00-08:00,67,52,8.2
2025-12-12T10:00:00-08:00,65,53,6.9
2025-12-12T10:30:00-08:00,62,54,6.8
2025-12-12T11:00:00-08:00,61,55,6.4
2025-12-12T11:30:00-08:00,57,57,5.1
2025-12-12T12:00:00-08:00,54,59,5
2025-12-12T12:30:00-08:00,52,60,5.5
2025-12-12T13:00:00-08:00,48,62,5.1
2025-12-12T13:30:00-08:00,47,63,5.6
2025-12-12T14:00:00-08:00,44,65,4.9
2025-12-12T14:30:00-08:00,42,66,4.4
2025-12-12T15:00:00-08:00,43,65,4.7
2025-12-12T15:30:00-08:00,45,62,8.7
2025-12-12T16:00:00-08:00,48,60,9.2
2025-12-12T16:30:00-08:00,52,58,9.4
2025-12-12T17:00:00-08:00,56,56,8.5
2025-12-12T17:30:00-08:00,58,55,11.5
2025-12-12T18:00:00-08:00,60,54,10.1
2025-12-12T18:30:00-08:00,62,53,10.1
2025-12-12T19:00:00-08:00,62,53,9.7
2025-12-12T19:30:00-08:00,64,52,14.7
2025-12-12T20:00:00-08:00,65,51,14.6
2025-12-12T20:30:00-08:00,66,50,14.5
2025-12-12T21:00:00-08:00,68,49,14.8
2025-12-12T21:30:00-08:00,69,49,13.8
2025-12-12T22:00:00-08:00,69,49,13.1
2025-12-12T22:30:00-08:00,70,48,15
2025-12-12T23:00:00-08:00,71,47,14.1
2025-12-12T23:30:00-08:00,69,48,11.8
2025-12-13T00:00:00-08:00,69,48,10.6
2025-12-13T00:30:00-08:00,71,47,11.6
2025-12-13T01:00:00-08:00,73,47,9.1
2025-12-13T01:30:00-08:00,74,46,10.5
2025-12-13T02:00:00-08:00,75,46,11
2025-12-13T02:30:00-08:00,76,46,10.8
2025-12-13T03:00:00-08:00,77,45,8.1
2025-12-13T03:30:00-08:00,79,45,8.9
2025-12-13T04:00:00-08:00,80,45,8.2
2025-12-13T04:30:00-08:00,80,45,7.7
2025-12-13T05:00:00-08:00,82,44,8.3
2025-12-13T05:30:00-08:00,82,44,5.3
2025-12-13T06:00:00-08:00,82,44,6.2
2025-12-13T06:30:00-08:00,81,44,5.2
2025-12-13T07:00:00-08:00,79,45,4.6
2025-12-13T07:30:00-08:00,78,45,4.9
2025-12-13T08:00:00-08:00,77,45,3.9
2025-12-13T08:30:00-08:00,76,47,5.5
2025-12-13T09:00:00-08:00,73,48,6.2
2025-12-13T09:30:00-08:00,69,49,5.1
2025-12-13T10:00:00-08:00,65,51,5
2025-12-13T10:30:00-08:00,63,52,4.8
2025-12-13T11:00:00-08:00,59,55,5.9
2025-12-13T11:30:00-08:00,56,58,19.5
2025-12-13T12:00:00-08:00,53,61,22.8
2025-12-13T12:30:00-08:00,48,63,16.3
2025-12-13T13:00:00-08:00,45,65,9.5
2025-12-13T13:30:00-08:00,43,67,9.2
2025-12-13T14:00:00-08:00,41,68,8.9
2025-12-13T14:30:00-08:00,40,69,10.8
2025-12-13T15:00:00-08:00,41,68,11.9
2025-12-13T15:30:00-08:00,43,66,14
2025-12-13T16:00:00-08:00,47,63,16
2025-12-13T16:30:00-08:00,49,62,18.4
2025-12-13T17:00:00-08:00,53,60,15.3
2025-12-13T17:30:00-08:00,56,58,7.3
2025-12-13T18:00:00-08:00,59,56,11.8
2025-12-13T18:30:00-08:00,62,55,13.3
2025-12-13T19:00:00-08:00,63,55,8.8
2025-12-13T19:30:00-08:00,64,54,9.6
2025-12-13T20:00:00-08:00,68,52,7.4
2025-12-13T20:30:00-08:00,70,52,8.1
2025-12-13T21:00:00-08:00,72,52,8.1
2025-12-13T21:30:00-08:00,71,52,7.5
2025-12-13T22:00:00-08:00,72,51,9.8
2025-12-13T22:30:00-08:00,74,51,11.9
2025-12-13T23:00:00-08:00,72,52,14.9
2025-12-13T23:30:00-08:00,69,51,11.5
2025-12-14T00:00:00-08:00,69,50,12.3
2025-12-14T00:30:00-08:00,72,49,15.7
2025-12-14T01:00:00-08:00,77,48,15.5
2025-12-14T01:30:00-08:00,76,49,18.7
2025-12-14T02:00:00-08:00,76,48,21.6
2025-12-14T02:30:00-08:00,76,48,21
2025-12-14T03:00:00-08:00,77,47,18.6
2025-12-14T03:30:00-08:00,78,47,18.5
2025-12-14T04:00:00-08:00,77,48,18.1
2025-12-14T04:30:00-08:00,75,48,17.5
2025-12-14T05:00:00-08:00,78,46,17.3
2025-12-14T05:30:00-08:00,77,46,15.8
2025-12-14T06:00:00-08:00,77,47,15.7
2025-12-14T06:30:00-08:00,80,48,18
2025-12-14T07:00:00-08:00,83,47,17.1
2025-12-14T07:30:00-08:00,84,46,15.4
2025-12-14T08:00:00-08:00,87,47,15.4
2025-12-14T08:30:00-08:00,83,48,15
2025-12-14T09:00:00-08:00,84,48,14.7
2025-12-14T09:30:00-08:00,82,49,15.4
2025-12-14T10:00:00-08:00,81,49,17.5
2025-12-14T10:30:00-08:00,78,50,16.4
2025-12-14T11:00:00-08:00,68,54,14.1
2025-12-14T11:30:00-08:00,63,57,18.4
2025-12-14T12:00:00-08:00,60,61,24.3
2025-12-14T12:30:00-08:00,56,62,26.1
2025-12-14T13:00:00-08:00,54,64,28.4
2025-12-14T13:30:00-08:00,50,65,27.4
2025-12-14T14:00:00-08:00,48,66,23.5
2025-12-14T14:30:00-08:00,45,66,15.3
2025-12-14T15:00:00-08:00,45,66,12.3
2025-12-14T15:30:00-08:00,47,65,25.6
2025-12-14T16:00:00-08:00,52,62,33
2025-12-14T16:30:00-08:00,57,60,36.8
2025-12-14T17:00:00-08:00,60,59,39.3
2025-12-14T17:30:00-08:00,62,57,41.7
2025-12-14T18:00:00-08:00,65,56,38.1
2025-12-14T18:30:00-08:00,68,54,30.3
2025-12-14T19:00:00-08:00,71,53,27.5
2025-12-14T19:30:00-08:00,73,52,24.6
2025-12-14T20:00:00-08:00,74,52,22.1
2025-12-14T20:30:00-08:00,75,51,25.7
2025-12-14T21:00:00-08:00,75,51,25.5
2025-12-14T21:30:00-08:00,71,52,25.6
2025-12-14T22:00:00-08:00,70,51,24
2025-12-14T22:30:00-08:00,70,51,25.8
2025-12-14T23:00:00-08:00,72,50,24.8
2025-12-14T23:30:00-08:00,75,49,28.7
2025-12-15T00:00:00-08:00,77,48,28.5
2025-12-15T00:30:00-08:00,76,49,25.8
2025-12-15T01:00:00-08:00,74,49,22.3
2025-12-15T01:30:00-08:00,72,48,23.6
2025-12-15T02:00:00-08:00,73,48,24.1
2025-12-15T02:30:00-08:00,74,47,23.2
2025-12-15T03:00:00-08:00,76,47,21.3
2025-12-15T03:30:00-08:00,77,46,20.1
2025-12-15T04:00:00-08:00,79,45,18.4
2025-12-15T04:30:00-08:00,80,45,17.8
2025-12-15T05:00:00-08:00,81,45,17.1
2025-12-15T05:30:00-08:00,79,46,15.8
2025-12-15T06:00:00-08:00,78,47,16.8
2025-12-15T06:30:00-08:00,77,46,14.9
2025-12-15T07:00:00-08:00,79,45,12.4
2025-12-15T07:30:00-08:00,74,47,10.9
2025-12-15T08:00:00-08:00,74,46,10.2
2025-12-15T08:30:00-08:00,74,47,10.6
2025-12-15T09:00:00-08:00,71,49,10.2
2025-12-15T09:30:00-08:00,67,52,12.6
2025-12-15T10:00:00-08:00,65,54,19
2025-12-15T10:30:00-08:00,60,55,9.3
2025-12-15T11:00:00-08:00,58,56,8.6
2025-12-15T11:30:00-08:00,54,59,12.9
2025-12-15T12:00:00-08:00,50,61,13.4
2025-12-15T12:30:00-08:00,48,64,19.8
2025-12-15T13:00:00-08:00,47,66,31.7
2025-12-15T13:30:00-08:00,45,67,32.1
2025-12-15T14:00:00-08:00,44,68,32.1
2025-12-15T14:30:00-08:00,44,68,31.1
2025-12-15T15:00:00-08:00,45,67,29.9
2025-12-15T15:30:00-08:00,47,66,31.2
2025-12-15T16:00:00-08:00,50,64,31.8
2025-12-15T16:30:00-08:00,52,62,33
2025-12-15T17:00:00-08:00,54,61,32.5
2025-12-15T17:30:00-08:00,56,60,32.4
2025-12-15T18:00:00-08:00,60,59,29.7
2025-12-15T18:30:00-08:00,62,58,24.3
2025-12-15T19:00:00-08:00,64,57,27.2
2025-12-15T19:30:00-08:00,65,57,27
2025-12-15T20:00:00-08:00,67,56,25.9
2025-12-15T20:30:00-08:00,68,56,14.8
2025-12-15T21:00:00-08:00,68,55,16.7
2025-12-15T21:30:00-08:00,68,55,20.5
2025-12-15T22:00:00-08:00,68,55,21.1
2025-12-15T22:30:00-08:00,68,54,19.1
2025-12-15T23:00:00-08:00,70,53,22
2025-12-15T23:30:00-08:00,71,54,23.9
2025-12-16T00:00:00-08:00,69,53,23.6
2025-12-16T00:30:00-08:00,71,53,25.1
2025-12-16T01:00:00-08:00,72,52,26.8
2025-12-16T01:30:00-08:00,73,52,25.7
2025-12-16T02:00:00-08:00,72,52,25.6
2025-12-16T02:30:00-08:00,72,52,24.1
2025-12-16T03:00:00-08:00,73,51,23.6
2025-12-16T03:30:00-08:00,74,51,23.1
2025-12-16T04:00:00-08:00,74,52,21
2025-12-16T04:30:00-08:00,71,52,20.9
2025-12-16T05:00:00-08:00,73,51,21.2
2025-12-16T05:30:00-08:00,74,51,20.4
2025-12-16T06:00:00-08:00,74,51,20.1
2025-12-16T06:30:00-08:00,76,50,21.9
2025-12-16T07:00:00-08:00,75,52,18.9
2025-12-16T07:30:00-08:00,73,52,17.5
2025-12-16T08:00:00-08:00,74,52,14.2
2025-12-16T08:30:00-08:00,68,55,9.7
2025-12-16T09:00:00-08:00,61,57,8.9
2025-12-16T09:30:00-08:00,58,59,9.9
2025-12-16T10:00:00-08:00,55,61,11.2
2025-12-16T10:30:00-08:00,53,62,12.3
2025-12-16T11:00:00-08:00,51,64,16
2025-12-16T11:30:00-08:00,49,66,25.6
2025-12-16T12:00:00-08:00,47,68,27.7
2025-12-16T12:30:00-08:00,44,70,21.6
2025-12-16T13:00:00-08:00,42,72,15.6
2025-12-16T13:30:00-08:00,41,73,15.6
2025-12-16T14:00:00-08:00,41,72,12.3
2025-12-16T14:30:00-08:00,44,71,10.6
2025-12-16T15:00:00-08:00,45,71,13.5
2025-12-16T15:30:00-08:00,46,69,23.9
2025-12-16T16:00:00-08:00,47,68,25.3
2025-12-16T16:30:00-08:00,49,67,24.3
2025-12-16T17:00:00-08:00,51,65,27.9
2025-12-16T17:30:00-08:00,53,64,26
2025-12-16T18:00:00-08:00,56,63,25.6
2025-12-16T18:30:00-08:00,61,61,18.5
2025-12-16T19:00:00-08:00,66,60,13.7
2025-12-16T19:30:00-08:00,65,61,14.4
2025-12-16T20:00:00-08:00,65,61,14.2
2025-12-16T20:30:00-08:00,64,61,15.7
2025-12-16T21:00:00-08:00,65,61,13.2
2025-12-16T21:30:00-08:00,65,61,13.6
2025-12-16T22:00:00-08:00,67,60,14.2
2025-12-16T22:30:00-08:00,68,60,16
2025-12-16T23:00:00-08:00,68,60,16.3
2025-12-16T23:30:00-08:00,70,59,13.9
2025-12-17T00:00:00-08:00,72,59,15
2025-12-17T00:30:00-08:00,72,59,17
2025-12-17T01:00:00-08:00,69,60,16.8
2025-12-17T01:30:00-08:00,69,61,15
2025-12-17T02:00:00-08:00,69,61,14.7
2025-12-17T02:30:00-08:00,69,61,14.9
2025-12-17T03:00:00-08:00,73,62,17.1
2025-12-17T03:30:00-08:00,79,61,18.7
2025-12-17T04:00:00-08:00,82,61,19.1
2025-12-17T04:30:00-08:00,83,61,18
2025-12-17T05:00:00-08:00,84,61,18.4
2025-12-17T05:30:00-08:00,85,61,24.3
2025-12-17T06:00:00-08:00,86,61,24.2
2025-12-17T06:30:00-08:00,92,62,17.3
2025-12-17T07:00:00-08:00,91,62,18.6
2025-12-17T07:30:00-08:00,92,63,16.4
2025-12-17T08:00:00-08:00,91,63,28.6
2025-12-17T08:30:00-08:00,93,63,22.4
2025-12-17T09:00:00-08:00,95,63,20.2
2025-12-17T09:30:00-08:00,95,64,18
2025-12-17T10:00:00-08:00,96,65,14.8
2025-12-17T10:30:00-08:00,97,65,14.8
2025-12-17T11:00:00-08:00,100,66,16.2
2025-12-17T11:30:00-08:00,99,66,17.7
2025-12-17T12:00:00-08:00,97,68,17.8
2025-12-17T12:30:00-08:00,90,71,15.4
2025-12-17T13:00:00-08:00,79,74,9
2025-12-17T13:30:00-08:00,70,75,3.1
2025-12-17T14:00:00-08:00,63,75,0.6
2025-12-17T14:30:00-08:00,66,74,4.4
2025-12-17T15:00:00-08:00,72,71,2.8
2025-12-17T15:30:00-08:00,77,70,0.9
2025-12-17T16:00:00-08:00,75,70,0.2
2025-12-17T16:30:00-08:00,75,69,0.7
2025-12-17T17:00:00-08:00,78,67,3.1
2025-12-17T17:30:00-08:00,79,66,3.5
2025-12-17T18:00:00-08:00,81,65,5.4
2025-12-17T18:30:00-08:00,82,65,3.8
2025-12-17T19:00:00-08:00,81,65,5.8
2025-12-17T19:30:00-08:00,83,65,9.2
2025-12-17T20:00:00-08:00,81,65,7.7
2025-12-17T20:30:00-08:00,79,64,7.3
2025-12-17T21:00:00-08:00,80,64,10.3
2025-12-17T21:30:00-08:00,83,63,13.1
2025-12-17T22:00:00-08:00,87,63,14.7
2025-12-17T22:30:00-08:00,89,62,14.1
2025-12-17T23:00:00-08:00,89,62,11.8
2025-12-17T23:30:00-08:00,90,61,5.6
2025-12-18T00:00:00-08:00,88,60,4.7
2025-12-18T00:30:00-08:00,89,60,5.5
2025-12-18T01:00:00-08:00,88,60,4.3
2025-12-18T01:30:00-08:00,91,60,3
2025-12-18T02:00:00-08:00,90,60,2.6
2025-12-18T02:30:00-08:00,86,60,3
2025-12-18T03:00:00-08:00,86,59,2.2
2025-12-18T03:30:00-08:00,90,60,7
2025-12-18T04:00:00-08:00,88,60,7
2025-12-18T04:30:00-08:00,88,59,7.9
2025-12-18T05:00:00-08:00,87,59,7.9
2025-12-18T05:30:00-08:00,90,59,8.8
2025-12-18T06:00:00-08:00,90,60,15.8
2025-12-18T06:30:00-08:00,89,60,16.4
2025-12-18T07:00:00-08:00,88,60,18.2
2025-12-18T07:30:00-08:00,85,60,16.7
2025-12-18T08:00:00-08:00,85,60,11.6
2025-12-18T08:30:00-08:00,85,60,23.2
2025-12-18T09:00:00-08:00,83,61,21.1
2025-12-18T09:30:00-08:00,79,62,21.1
2025-12-18T10:00:00-08:00,74,63,15.9
2025-12-18T10:30:00-08:00,68,65,17.3
2025-12-18T11:00:00-08:00,67,65,19.2
2025-12-18T11:30:00-08:00,64,66,17.3
2025-12-18T12:00:00-08:00,60,68,15.5
2025-12-18T12:30:00-08:00,57,69,16.4
2025-12-18T13:00:00-08:00,54,70,15.4
2025-12-18T13:30:00-08:00,52,71,16.4
2025-12-18T14:00:00-08:00,49,72,12.5
2025-12-18T14:30:00-08:00,49,72,14.3
2025-12-18T15:00:00-08:00,51,72,17.2
2025-12-18T15:30:00-08:00,52,70,15.7
2025-12-18T16:00:00-08:00,54,69,15.3
2025-12-18T16:30:00-08:00,56,67,16.7
2025-12-18T17:00:00-08:00,61,65,19.7
2025-12-18T17:30:00-08:00,65,64,21.3
2025-12-18T18:00:00-08:00,69,62,20.1
2025-12-18T18:30:00-08:00,72,61,21.2
2025-12-18T19:00:00-08:00,74,60,23.5
2025-12-18T19:30:00-08:00,76,59,23
2025-12-18T20:00:00-08:00,77,59,23.8
2025-12-18T20:30:00-08:00,79,58,17.2
2025-12-18T21:00:00-08:00,81,59,14.4
2025-12-18T21:30:00-08:00,81,59,17.4
2025-12-18T22:00:00-08:00,80,60,16.9
2025-12-18T22:30:00-08:00,79,60,13.9
2025-12-18T23:00:00-08:00,83,60,21.1
2025-12-18T23:30:00-08:00,85,60,23.1
2025-12-19T00:00:00-08:00,85,60,22.4
2025-12-19T00:30:00-08:00,81,61,25.8
2025-12-19T01:00:00-08:00,79,61,24.5
2025-12-19T01:30:00-08:00,78,61,25.7
2025-12-19T02:00:00-08:00,78,61,27.1
2025-12-19T02:30:00-08:00,79,61,27.5
2025-12-19T03:00:00-08:00,82,61,16.9
2025-12-19T03:30:00-08:00,82,60,26.5
2025-12-19T04:00:00-08:00,84,61,17.7
2025-12-19T04:30:00-08:00,87,61,11.2
2025-12-19T05:00:00-08:00,88,61,7.2
2025-12-19T05:30:00-08:00,88,62,4.6
2025-12-19T06:00:00-08:00,85,62,4.8
2025-12-19T06:30:00-08:00,84,62,7.3
2025-12-19T07:00:00-08:00,83,62,15.7
2025-12-19T07:30:00-08:00,82,62,20.6
2025-12-19T08:00:00-08:00,83,61,21.9
2025-12-19T08:30:00-08:00,84,62,11.9
2025-12-19T09:00:00-08:00,77,64,14.9
2025-12-19T09:30:00-08:00,69,66,12.4
2025-12-19T10:00:00-08:00,64,67,9.8
2025-12-19T10:30:00-08:00,59,69,7.5
2025-12-19T11:00:00-08:00,53,71,6.3
2025-12-19T11:30:00-08:00,48,72,2
2025-12-19T12:00:00-08:00,45,73,0.8
2025-12-19T12:30:00-08:00,45,73,0.8
2025-12-19T13:00:00-08:00,45,73,0.9
2025-12-19T13:30:00-08:00,46,73,0.9
2025-12-19T14:00:00-08:00,47,72,0.4
2025-12-19T14:30:00-08:00,50,71,0.1
2025-12-19T15:00:00-08:00,51,71,0.1
2025-12-19T15:30:00-08:00,55,70,0
2025-12-19T16:00:00-08:00,60,69,2.1
2025-12-19T16:30:00-08:00,67,69,4.1
2025-12-19T17:00:00-08:00,74,67,0.4
2025-12-19T17:30:00-08:00,77,66,3.6
2025-12-19T18:00:00-08:00,77,67,4.2
2025-12-19T18:30:00-08:00,76,67,3.7
2025-12-19T19:00:00-08:00,82,67,5.9
2025-12-19T19:30:00-08:00,94,65,1.2
2025-12-19T20:00:00-08:00,99,65,4.4
2025-12-19T20:30:00-08:00,100,65,4.6
2025-12-19T21:00:00-08:00,100,64,5.2
2025-12-19T21:30:00-08:00,100,64,8
2025-12-19T22:00:00-08:00,100,64,7.3
2025-12-19T22:30:00-08:00,96,65,5.4
2025-12-19T23:00:00-08:00,94,65,10.9
2025-12-19T23:30:00-08:00,94,65,3.6
2025-12-20T00:00:00-08:00,95,65,2.9
2025-12-20T00:30:00-08:00,95,65,2.2
2025-12-20T01:00:00-08:00,95,65,2
2025-12-20T01:30:00-08:00,98,65,1.7
2025-12-20T02:00:00-08:00,97,65,2
2025-12-20T02:30:00-08:00,96,66,1.6
2025-12-20T03:00:00-08:00,96,66,1.7
2025-12-20T03:30:00-08:00,97,65,1.7
2025-12-20T04:00:00-08:00,97,65,1.6
2025-12-20T04:30:00-08:00,97,65,1.6
2025-12-20T05:00:00-08:00,97,65,2
2025-12-20T05:30:00-08:00,98,65,3.5
2025-12-20T06:00:00-08:00,97,66,4.3
2025-12-20T06:30:00-08:00,97,66,0.9
2025-12-20T07:00:00-08:00,97,66,1.1
2025-12-20T07:30:00-08:00,97,66,0.8
2025-12-20T08:00:00-08:00,97,65,0.5
2025-12-20T08:30:00-08:00,97,66,0.6
2025-12-20T09:00:00-08:00,95,66,1.6
2025-12-20T09:30:00-08:00,93,67,1.2
2025-12-20T10:00:00-08:00,88,68,1.1
2025-12-20T10:30:00-08:00,86,69,1.1
2025-12-20T11:00:00-08:00,85,69,1.2
2025-12-20T11:30:00-08:00,82,70,1.4
2025-12-20T12:00:00-08:00,77,70,2
2025-12-20T12:30:00-08:00,77,71,2
2025-12-20T13:00:00-08:00,77,71,2
2025-12-20T13:30:00-08:00,75,71,2.2
2025-12-20T14:00:00-08:00,74,71,2.8
2025-12-20T14:30:00-08:00,75,71,2.7
2025-12-20T15:00:00-08:00,75,72,2.6
2025-12-20T15:30:00-08:00,76,71,2.5
2025-12-20T16:00:00-08:00,78,71,2.7
2025-12-20T16:30:00-08:00,78,70,3.2
2025-12-20T17:00:00-08:00,84,70,3.2
2025-12-20T17:30:00-08:00,86,69,3.6
2025-12-20T18:00:00-08:00,87,69,4.4
2025-12-20T18:30:00-08:00,87,69,5
2025-12-20T19:00:00-08:00,88,69,5.1
2025-12-20T19:30:00-08:00,88,69,3.7
2025-12-20T20:00:00-08:00,89,69,6.6
2025-12-20T20:30:00-08:00,90,68,4.6
2025-12-20T21:00:00-08:00,90,68,3.7
2025-12-20T21:30:00-08:00,89,68,7.5
2025-12-20T22:00:00-08:00,90,68,4.9
2025-12-20T22:30:00-08:00,88,68,1.4
2025-12-20T23:00:00-08:00,86,69,1.1
2025-12-20T23:30:00-08:00,83,69,0.2
2025-12-21T00:00:00-08:00,80,69,0
2025-12-21T00:30:00-08:00,79,69,0
2025-12-21T01:00:00-08:00,80,69,0
2025-12-21T01:30:00-08:00,81,69,0
2025-12-21T02:00:00-08:00,80,69,0
2025-12-21T02:30:00-08:00,79,70,0
2025-12-21T03:00:00-08:00,79,69,0
2025-12-21T03:30:00-08:00,79,69,0
2025-12-21T04:00:00-08:00,79,69,0
2025-12-21T04:30:00-08:00,78,69,0
2025-12-21T05:00:00-08:00,78,69,0
2025-12-21T05:30:00-08:00,77,69,0
2025-12-21T06:00:00-08:00,78,69,0
2025-12-21T06:30:00-08:00,78,69,0
2025-12-21T07:00:00-08:00,80,68,0
2025-12-21T07:30:00-08:00,81,68,0
2025-12-21T08:00:00-08:00,79,69,0
2025-12-21T08:30:00-08:00,77,69,0
2025-12-21T09:00:00-08:00,78,70,0.3
2025-12-21T09:30:00-08:00,74,70,0.1
2025-12-21T10:00:00-08:00,70,71,0.1
2025-12-21T10:30:00-08:00,69,71,0
2025-12-21T11:00:00-08:00,68,71,0
2025-12-21T11:30:00-08:00,67,71,0
2025-12-21T12:00:00-08:00,67,70,0
2025-12-21T12:30:00-08:00,67,71,0
2025-12-21T13:00:00-08:00,70,71,0
2025-12-21T13:30:00-08:00,71,71,0
2025-12-21T14:00:00-08:00,71,71,0
2025-12-21T14:30:00-08:00,76,69,0
2025-12-21T15:00:00-08:00,72,69,0
2025-12-21T15:30:00-08:00,68,69,0.2
2025-12-21T16:00:00-08:00,66,69,0.3
2025-12-21T16:30:00-08:00,65,69,0.4
2025-12-21T17:00:00-08:00,64,68,1
2025-12-21T17:30:00-08:00,65,68,0.9
2025-12-21T18:00:00-08:00,65,67,1.1
2025-12-21T18:30:00-08:00,65,67,1.3
2025-12-21T19:00:00-08:00,64,67,1.4
2025-12-21T19:30:00-08:00,64,67,1.2
2025-12-21T20:00:00-08:00,63,67,1.4
2025-12-21T20:30:00-08:00,63,67,1.4
2025-12-21T21:00:00-08:00,65,67,1.1
2025-12-21T21:30:00-08:00,65,67,0.9
2025-12-21T22:00:00-08:00,65,67,0.6
2025-12-21T22:30:00-08:00,64,68,0.6
2025-12-21T23:00:00-08:00,64,68,0.6
2025-12-21T23:30:00-08:00,65,67,1
2025-12-22T00:00:00-08:00,65,68,1.3
2025-12-22T00:30:00-08:00,64,68,1.2
2025-12-22T01:00:00-08:00,64,68,1.3
2025-12-22T01:30:00-08:00,65,68,1.5
2025-12-22T02:00:00-08:00,65,68,0.9
2025-12-22T02:30:00-08:00,64,68,0.7
2025-12-22T03:00:00-08:00,62,67,0.7
2025-12-22T03:30:00-08:00,61,67,0.3
2025-12-22T04:00:00-08:00,61,67,0.3
2025-12-22T04:30:00-08:00,61,67,0.2
2025-12-22T05:00:00-08:00,61,67,0.1
2025-12-22T05:30:00-08:00,61,67,0.1
2025-12-22T06:00:00-08:00,62,67,0.2
2025-12-22T06:30:00-08:00,62,68,0.6
2025-12-22T07:00:00-08:00,62,68,1.2
2025-12-22T07:30:00-08:00,61,68,1.5
2025-12-22T08:00:00-08:00,61,68,1.5
2025-12-22T08:30:00-08:00,67,67,2
2025-12-22T09:00:00-08:00,76,66,2.7
2025-12-22T09:30:00-08:00,82,66,4.3
2025-12-22T10:00:00-08:00,83,66,2.1
2025-12-22T10:30:00-08:00,83,67,0.7
2025-12-22T11:00:00-08:00,78,69,0.4
2025-12-22T11:30:00-08:00,66,72,0.3
2025-12-22T12:00:00-08:00,59,73,2.1
2025-12-22T12:30:00-08:00,57,74,1.8
2025-12-22T13:00:00-08:00,53,76,0.8
2025-12-22T13:30:00-08:00,49,76,0
2025-12-22T14:00:00-08:00,49,76,0.2
2025-12-22T14:30:00-08:00,51,75,0.3
2025-12-22T15:00:00-08:00,53,75,0.6
2025-12-22T15:30:00-08:00,55,74,0.7
2025-12-22T16:00:00-08:00,58,73,0.9
2025-12-22T16:30:00-08:00,62,72,1.7
2025-12-22T17:00:00-08:00,66,70,5.2
2025-12-22T17:30:00-08:00,69,69,1.8
2025-12-22T18:00:00-08:00,72,68,2.1
2025-12-22T18:30:00-08:00,73,68,2
2025-12-22T19:00:00-08:00,76,68,3.2
2025-12-22T19:30:00-08:00,77,67,8.9
2025-12-22T20:00:00-08:00,79,67,2.7
2025-12-22T20:30:00-08:00,79,67,1.8
2025-12-22T21:00:00-08:00,78,67,1.9
2025-12-22T21:30:00-08:00,78,67,1.8
2025-12-22T22:00:00-08:00,80,66,2.1
2025-12-22T22:30:00-08:00,82,66,1.7
2025-12-22T23:00:00-08:00,82,66,1.8
2025-12-22T23:30:00-08:00,83,66,1.8
2025-12-23T00:00:00-08:00,85,65,1.8
2025-12-23T00:30:00-08:00,85,65,1.8
2025-12-23T01:00:00-08:00,85,65,1.9
2025-12-23T01:30:00-08:00,84,65,2
2025-12-23T02:00:00-08:00,84,65,2.4
2025-12-23T02:30:00-08:00,84,65,3.3
2025-12-23T03:00:00-08:00,84,64,6.4
2025-12-23T03:30:00-08:00,85,64,6.6
2025-12-23T04:00:00-08:00,86,64,5.6
2025-12-23T04:30:00-08:00,89,63,4.7
2025-12-23T05:00:00-08:00,90,62,4.7
2025-12-23T05:30:00-08:00,88,62,3.9
2025-12-23T06:00:00-08:00,88,62,3.1
2025-12-23T06:30:00-08:00,86,63,2.5
2025-12-23T07:00:00-08:00,86,62,2.5
2025-12-23T07:30:00-08:00,83,63,2
2025-12-23T08:00:00-08:00,82,63,2
2025-12-23T08:30:00-08:00,81,64,2.4
2025-12-23T09:00:00-08:00,77,64,3.5
2025-12-23T09:30:00-08:00,72,66,4.3
2025-12-23T10:00:00-08:00,67,67,3.1
2025-12-23T10:30:00-08:00,57,68,1.8
2025-12-23T11:00:00-08:00,54,69,1.6
2025-12-23T11:30:00-08:00,53,69,2
2025-12-23T12:00:00-08:00,51,70,2.6
2025-12-23T12:30:00-08:00,49,70,2.6
2025-12-23T13:00:00-08:00,48,70,10.9
2025-12-23T13:30:00-08:00,48,71,3
2025-12-23T14:00:00-08:00,48,71,4.4
2025-12-23T14:30:00-08:00,47,72,1.9
2025-12-23T15:00:00-08:00,45,71,2.2
2025-12-23T15:30:00-08:00,45,71,1.4
2025-12-23T16:00:00-08:00,43,71,3.7
2025-12-23T16:30:00-08:00,42,71,2.3
2025-12-23T17:00:00-08:00,44,70,2.5
2025-12-23T17:30:00-08:00,51,69,3.1
2025-12-23T18:00:00-08:00,56,68,2.8
2025-12-23T18:30:00-08:00,60,68,1.8
2025-12-23T19:00:00-08:00,65,68,1.2
2025-12-23T19:30:00-08:00,69,67,1.4
2025-12-23T20:00:00-08:00,71,67,1.7
2025-12-23T20:30:00-08:00,67,68,0.9
2025-12-23T21:00:00-08:00,62,69,0.2
2025-12-23T21:30:00-08:00,55,69,0.2
2025-12-23T22:00:00-08:00,52,69,0.2
2025-12-23T22:30:00-08:00,54,69,0.6
2025-12-23T23:00:00-08:00,58,69,0.1
2025-12-23T23:30:00-08:00,58,69,0.2
2025-12-24T00:00:00-08:00,56,69,0.1
2025-12-24T00:30:00-08:00,54,70,0.2
2025-12-24T01:00:00-08:00,59,69,0.3
2025-12-24T01:30:00-08:00,69,69,0
2025-12-24T02:00:00-08:00,78,68,0
2025-12-24T02:30:00-08:00,80,67,0
2025-12-24T03:00:00-08:00,82,67,0.1
2025-12-24T03:30:00-08:00,87,66,0.1
2025-12-24T04:00:00-08:00,84,64,0
2025-12-24T04:30:00-08:00,86,63,0
2025-12-24T05:00:00-08:00,87,63,0.1
2025-12-24T05:30:00-08:00,83,64,0.9
2025-12-24T06:00:00-08:00,83,64,0.9
2025-12-24T06:30:00-08:00,81,63,0.7
2025-12-24T07:00:00-08:00,75,63,0.5
2025-12-24T07:30:00-08:00,77,63,0.7
2025-12-24T08:00:00-08:00,80,62,0.7
2025-12-24T08:30:00-08:00,81,62,0.9
2025-12-24T09:00:00-08:00,78,63,0.9
2025-12-24T09:30:00-08:00,75,63,1
2025-12-24T10:00:00-08:00,75,64,0.9
2025-12-24T10:30:00-08:00,69,65,0.9
2025-12-24T11:00:00-08:00,62,66,0.8
2025-12-24T11:30:00-08:00,59,67,0.6
2025-12-24T12:00:00-08:00,58,68,0.9
2025-12-24T12:30:00-08:00,56,69,1.1
2025-12-24T13:00:00-08:00,53,70,0.9
2025-12-24T13:30:00-08:00,48,72,0.6
2025-12-24T14:00:00-08:00,48,71,0.6
2025-12-24T14:30:00-08:00,50,70,0.6
2025-12-24T15:00:00-08:00,50,70,0.7
2025-12-24T15:30:00-08:00,51,69,0.5
2025-12-24T16:00:00-08:00,51,70,0.8
2025-12-24T16:30:00-08:00,52,69,0.7
2025-12-24T17:00:00-08:00,54,68,1
2025-12-24T17:30:00-08:00,68,66,0.9
2025-12-24T18:00:00-08:00,74,65,0.8
2025-12-24T18:30:00-08:00,73,65,1.1
2025-12-24T19:00:00-08:00,73,64,0.7
2025-12-24T19:30:00-08:00,77,64,0.3
2025-12-24T20:00:00-08:00,77,63,0.4
2025-12-24T20:30:00-08:00,78,63,1.2
2025-12-24T21:00:00-08:00,81,62,0.3
2025-12-24T21:30:00-08:00,83,62,0.3
2025-12-24T22:00:00-08:00,84,62,0.4
2025-12-24T22:30:00-08:00,82,62,0.3
2025-12-24T23:00:00-08:00,83,61,0.7
2025-12-24T23:30:00-08:00,75,62,1.5
2025-12-25T00:00:00-08:00,66,63,0.9
2025-12-25T00:30:00-08:00,63,63,1.2
2025-12-25T01:00:00-08:00,59,64,0.4
2025-12-25T01:30:00-08:00,62,64,0.7
2025-12-25T02:00:00-08:00,71,62,0.4
2025-12-25T02:30:00-08:00,76,61,1.4
2025-12-25T03:00:00-08:00,81,60,0.6
2025-12-25T03:30:00-08:00,87,59,0.2
2025-12-25T04:00:00-08:00,84,60,0
2025-12-25T04:30:00-08:00,82,60,0.1
2025-12-25T05:00:00-08:00,84,60,0.4
2025-12-25T05:30:00-08:00,86,61,0.4
2025-12-25T06:00:00-08:00,84,61,0.2
2025-12-25T06:30:00-08:00,83,61,0.6
2025-12-25T07:00:00-08:00,83,61,1
2025-12-25T07:30:00-08:00,83,60,1.1
2025-12-25T08:00:00-08:00,80,60,0.9
2025-12-25T08:30:00-08:00,74,61,0.7
2025-12-25T09:00:00-08:00,74,61,1.4
2025-12-25T09:30:00-08:00,71,63,1.5
2025-12-25T10:00:00-08:00,68,63,1.4
2025-12-25T10:30:00-08:00,64,64,1
2025-12-25T11:00:00-08:00,59,65,1.3
2025-12-25T11:30:00-08:00,64,64,1
2025-12-25T12:00:00-08:00,63,65,0.9
2025-12-25T12:30:00-08:00,57,66,0.8
2025-12-25T13:00:00-08:00,52,66,0.5
2025-12-25T13:30:00-08:00,49,67,0.5
2025-12-25T14:00:00-08:00,54,66,0.5
2025-12-25T14:30:00-08:00,60,65,1
2025-12-25T15:00:00-08:00,59,66,1.3
2025-12-25T15:30:00-08:00,60,64,1.7
2025-12-25T16:00:00-08:00,62,64,1.2
2025-12-25T16:30:00-08:00,61,63,1.6
2025-12-25T17:00:00-08:00,66,63,1
2025-12-25T17:30:00-08:00,71,61,2
2025-12-25T18:00:00-08:00,83,61,2.1
2025-12-25T18:30:00-08:00,85,61,1.4
2025-12-25T19:00:00-08:00,81,60,0.7
2025-12-25T19:30:00-08:00,82,59,0.7
2025-12-25T20:00:00-08:00,86,60,0.3
2025-12-25T20:30:00-08:00,85,60,0.2
2025-12-25T21:00:00-08:00,83,60,0.4
2025-12-25T21:30:00-08:00,80,60,0.1
2025-12-25T22:00:00-08:00,78,60,0.2
2025-12-25T22:30:00-08:00,75,61,0.3
2025-12-25T23:00:00-08:00,76,61,0.4
2025-12-25T23:30:00-08:00,80,59,0.3
2025-12-26T00:00:00-08:00,83,59,0.4
2025-12-26T00:30:00-08:00,86,59,0.3
2025-12-26T01:00:00-08:00,82,59,0.2
2025-12-26T01:30:00-08:00,81,59,0.2
2025-12-26T02:00:00-08:00,82,58,0.2
2025-12-26T02:30:00-08:00,81,58,0.5
2025-12-26T03:00:00-08:00,84,57,0.5
2025-12-26T03:30:00-08:00,84,58,0.5
2025-12-26T04:00:00-08:00,81,57,0.4
2025-12-26T04:30:00-08:00,80,58,0.5
2025-12-26T05:00:00-08:00,75,58,0.7
2025-12-26T05:30:00-08:00,71,59,0.8
2025-12-26T06:00:00-08:00,69,58,0.7
2025-12-26T06:30:00-08:00,66,58,0.7
2025-12-26T07:00:00-08:00,64,58,0.7
2025-12-26T07:30:00-08:00,62,59,0.6
2025-12-26T08:00:00-08:00,64,59,0.5
2025-12-26T08:30:00-08:00,64,60,0.6
2025-12-26T09:00:00-08:00,63,61,0.7
2025-12-26T09:30:00-08:00,60,62,0.6
2025-12-26T10:00:00-08:00,56,63,0.5
2025-12-26T10:30:00-08:00,56,62,0.8
2025-12-26T11:00:00-08:00,57,63,0.7
2025-12-26T11:30:00-08:00,54,65,0.4
2025-12-26T12:00:00-08:00,48,66,0.2
2025-12-26T12:30:00-08:00,44,66,0.3
2025-12-26T13:00:00-08:00,43,66,0.4
2025-12-26T13:30:00-08:00,44,67,0.2
2025-12-26T14:00:00-08:00,48,66,0.3
2025-12-26T14:30:00-08:00,57,64,0.6
2025-12-26T15:00:00-08:00,61,63,0.5
2025-12-26T15:30:00-08:00,61,62,0.2
2025-12-26T16:00:00-08:00,60,62,0.2
2025-12-26T16:30:00-08:00,63,62,0.3
2025-12-26T17:00:00-08:00,67,61,0.3
2025-12-26T17:30:00-08:00,75,60,0.8
2025-12-26T18:00:00-08:00,82,60,1.7
2025-12-26T18:30:00-08:00,83,59,0.8
2025-12-26T19:00:00-08:00,84,59,9.5
2025-12-26T19:30:00-08:00,86,59,16.3
2025-12-26T20:00:00-08:00,85,59,5.9
2025-12-26T20:30:00-08:00,85,59,12
2025-12-26T21:00:00-08:00,84,59,12.5
2025-12-26T21:30:00-08:00,85,58,5.7
2025-12-26T22:00:00-08:00,85,58,9.3
2025-12-26T22:30:00-08:00,85,58,8.9
2025-12-26T23:00:00-08:00,84,57,6.6
2025-12-26T23:30:00-08:00,85,56,4.3
2025-12-27T00:00:00-08:00,87,56,5.2
2025-12-27T00:30:00-08:00,89,56,2.9
2025-12-27T01:00:00-08:00,88,57,2.1
2025-12-27T01:30:00-08:00,88,57,2.1
2025-12-27T02:00:00-08:00,88,57,1.7
2025-12-27T02:30:00-08:00,86,58,1.6
2025-12-27T03:00:00-08:00,86,58,2.1
2025-12-27T03:30:00-08:00,85,58,2
2025-12-27T04:00:00-08:00,84,56,1.9
2025-12-27T04:30:00-08:00,85,56,2.4
2025-12-27T05:00:00-08:00,85,56,2.1
2025-12-27T05:30:00-08:00,86,56,1.8
2025-12-27T06:00:00-08:00,85,56,1.8
2025-12-27T06:30:00-08:00,85,54,1.5
2025-12-27T07:00:00-08:00,85,54,1.1
2025-12-27T07:30:00-08:00,89,54,1.5
2025-12-27T08:00:00-08:00,88,55,0.4
2025-12-27T08:30:00-08:00,86,56,0.4
2025-12-27T09:00:00-08:00,81,57,0.5
2025-12-27T09:30:00-08:00,74,59,0.6
2025-12-27T10:00:00-08:00,67,61,0.4
2025-12-27T10:30:00-08:00,60,63,0.2
2025-12-27T11:00:00-08:00,55,63,0.1
2025-12-27T11:30:00-08:00,52,64,0.1
2025-12-27T12:00:00-08:00,51,65,0.1
2025-12-27T12:30:00-08:00,51,65,0.2
2025-12-27T13:00:00-08:00,50,65,0.2
2025-12-27T13:30:00-08:00,51,65,0.3
2025-12-27T14:00:00-08:00,50,67,0.3
2025-12-27T14:30:00-08:00,48,67,0.4
2025-12-27T15:00:00-08:00,47,66,0.3
2025-12-27T15:30:00-08:00,47,64,0.3
2025-12-27T16:00:00-08:00,53,61,0.6
2025-12-27T16:30:00-08:00,57,59,0.5
2025-12-27T17:00:00-08:00,59,59,1.3
2025-12-27T17:30:00-08:00,62,58,0.8
2025-12-27T18:00:00-08:00,63,57,2.2
2025-12-27T18:30:00-08:00,66,56,8.9
2025-12-27T19:00:00-08:00,67,55,9.8
2025-12-27T19:30:00-08:00,70,54,1.6
2025-12-27T20:00:00-08:00,72,53,6.5
2025-12-27T20:30:00-08:00,75,53,5.5
2025-12-27T21:00:00-08:00,74,53,3.9
2025-12-27T21:30:00-08:00,74,53,7.8
2025-12-27T22:00:00-08:00,74,52,6.9
2025-12-27T22:30:00-08:00,76,51,4.3
2025-12-27T23:00:00-08:00,75,51,2.9
2025-12-27T23:30:00-08:00,76,51,3.1
2025-12-28T00:00:00-08:00,75,51,2.8
2025-12-28T00:30:00-08:00,74,50,2.3
2025-12-28T01:00:00-08:00,73,50,2
2025-12-28T01:30:00-08:00,73,50,1.4
2025-12-28T02:00:00-08:00,71,50,1.2
2025-12-28T02:30:00-08:00,65,51,1.1
2025-12-28T03:00:00-08:00,62,51,0.2
2025-12-28T03:30:00-08:00,59,51,0.2
2025-12-28T04:00:00-08:00,54,52,0.4
2025-12-28T04:30:00-08:00,52,52,0.2
2025-12-28T05:00:00-08:00,53,52,0.1
2025-12-28T05:30:00-08:00,53,52,0.1
2025-12-28T06:00:00-08:00,54,51,0.1
2025-12-28T06:30:00-08:00,54,51,2.8
2025-12-28T07:00:00-08:00,56,50,0.4
2025-12-28T07:30:00-08:00,57,48,1.2
2025-12-28T08:00:00-08:00,56,49,1.4
2025-12-28T08:30:00-08:00,55,51,0.4
2025-12-28T09:00:00-08:00,54,53,1.2
2025-12-28T09:30:00-08:00,54,56,5.3
2025-12-28T10:00:00-08:00,51,58,2.7
2025-12-28T10:30:00-08:00,48,60,1.6
2025-12-28T11:00:00-08:00,42,62,0.7
2025-12-28T11:30:00-08:00,37,63,0.5
2025-12-28T12:00:00-08:00,32,64,2.9
2025-12-28T12:30:00-08:00,30,65,0.1
2025-12-28T13:00:00-08:00,29,66,0.2
2025-12-28T13:30:00-08:00,27,68,0.1
2025-12-28T14:00:00-08:00,27,69,0.2
2025-12-28T14:30:00-08:00,30,70,0.7
2025-12-28T15:00:00-08:00,31,69,3.2
2025-12-28T15:30:00-08:00,30,67,0.4
2025-12-28T16:00:00-08:00,32,64,0.8
2025-12-28T16:30:00-08:00,34,62,1
2025-12-28T17:00:00-08:00,38,60,0.9
2025-12-28T17:30:00-08:00,42,58,1
2025-12-28T18:00:00-08:00,43,57,2.5
2025-12-28T18:30:00-08:00,45,55,3.8
2025-12-28T19:00:00-08:00,47,55,2.8
2025-12-28T19:30:00-08:00,50,54,15.6
2025-12-28T20:00:00-08:00,53,53,7.6
2025-12-28T20:30:00-08:00,56,53,4.6
2025-12-28T21:00:00-08:00,59,52,3.7
2025-12-28T21:30:00-08:00,62,53,6.6
2025-12-28T22:00:00-08:00,57,54,4.4
2025-12-28T22:30:00-08:00,54,55,8.4
2025-12-28T23:00:00-08:00,53,55,3.7
2025-12-28T23:30:00-08:00,55,54,5.8
2025-12-29T00:00:00-08:00,57,53,6.1
2025-12-29T00:30:00-08:00,59,53,6
2025-12-29T01:00:00-08:00,61,52,10
2025-12-29T01:30:00-08:00,63,51,6.8
2025-12-29T02:00:00-08:00,64,51,8.1
2025-12-29T02:30:00-08:00,65,51,6.1
2025-12-29T03:00:00-08:00,66,50,6.8
2025-12-29T03:30:00-08:00,68,50,6.7
2025-12-29T04:00:00-08:00,69,49,6.5
2025-12-29T04:30:00-08:00,70,48,6.3
2025-12-29T05:00:00-08:00,71,48,5.2
2025-12-29T05:30:00-08:00,72,48,5.2
2025-12-29T06:00:00-08:00,72,49,6.1
2025-12-29T06:30:00-08:00,73,49,9.6
2025-12-29T07:00:00-08:00,73,49,20.9
2025-12-29T07:30:00-08:00,73,49,22.2
2025-12-29T08:00:00-08:00,74,49,22
2025-12-29T08:30:00-08:00,73,51,10.6
2025-12-29T09:00:00-08:00,69,54,9.1
2025-12-29T09:30:00-08:00,63,56,6
2025-12-29T10:00:00-08:00,56,58,4.7
2025-12-29T10:30:00-08:00,45,60,2.3
2025-12-29T11:00:00-08:00,34,63,0.7
2025-12-29T11:30:00-08:00,37,65,1.8
2025-12-29T12:00:00-08:00,30,66,0.2
2025-12-29T12:30:00-08:00,28,67,0.1
2025-12-29T13:00:00-08:00,26,69,0.1
2025-12-29T13:30:00-08:00,25,70,0.1
2025-12-29T14:00:00-08:00,24,70,0.1
2025-12-29T14:30:00-08:00,24,70,0.1
2025-12-29T15:00:00-08:00,24,70,0.1
2025-12-29T15:30:00-08:00,25,68,0.1
2025-12-29T16:00:00-08:00,27,66,0.3
2025-12-29T16:30:00-08:00,28,64,0.4
2025-12-29T17:00:00-08:00,27,63,1.3
2025-12-29T17:30:00-08:00,26,62,1.9
2025-12-29T18:00:00-08:00,25,62,4.2
2025-12-29T18:30:00-08:00,25,62,4.7
2025-12-29T19:00:00-08:00,27,61,2.8
2025-12-29T19:30:00-08:00,28,60,1.1
2025-12-29T20:00:00-08:00,30,59,0.8
2025-12-29T20:30:00-08:00,34,58,3.4
2025-12-29T21:00:00-08:00,38,56,18.4
2025-12-29T21:30:00-08:00,41,54,8
2025-12-29T22:00:00-08:00,43,53,18
2025-12-29T22:30:00-08:00,45,52,9
2025-12-29T23:00:00-08:00,45,52,13.6
2025-12-29T23:30:00-08:00,45,51,2.8
2025-12-30T00:00:00-08:00,46,51,9.9
2025-12-30T00:30:00-08:00,46,51,1.8
2025-12-30T01:00:00-08:00,46,50,1.9
2025-12-30T01:30:00-08:00,46,50,1.8
2025-12-30T02:00:00-08:00,48,50,2.5
2025-12-30T02:30:00-08:00,48,50,2.7
2025-12-30T03:00:00-08:00,50,48,3.5
2025-12-30T03:30:00-08:00,51,48,4.2
2025-12-30T04:00:00-08:00,53,48,5.2
2025-12-30T04:30:00-08:00,54,47,6.2
2025-12-30T05:00:00-08:00,56,47,7.3
2025-12-30T05:30:00-08:00,57,47,7
2025-12-30T06:00:00-08:00,54,48,4.8
2025-12-30T06:30:00-08:00,56,47,7.1
2025-12-30T07:00:00-08:00,57,46,7.3
2025-12-30T07:30:00-08:00,60,46,9.6
2025-12-30T08:00:00-08:00,63,46,10.8
2025-12-30T08:30:00-08:00,63,47,8.3
2025-12-30T09:00:00-08:00,59,49,6.4
2025-12-30T09:30:00-08:00,58,50,7.4
2025-12-30T10:00:00-08:00,56,52,7.1
2025-12-30T10:30:00-08:00,58,52,10.5
2025-12-30T11:00:00-08:00,58,53,10.8
2025-12-30T11:30:00-08:00,55,55,9.3
2025-12-30T12:00:00-08:00,49,58,9.5
2025-12-30T12:30:00-08:00,46,59,8.8
2025-12-30T13:00:00-08:00,48,58,10.2
2025-12-30T13:30:00-08:00,47,59,10.9
2025-12-30T14:00:00-08:00,50,58,10
2025-12-30T14:30:00-08:00,49,59,10.2
2025-12-30T15:00:00-08:00,49,59,11.4
2025-12-30T15:30:00-08:00,50,59,11.2
2025-12-30T16:00:00-08:00,49,60,11.4
2025-12-30T16:30:00-08:00,51,59,13
2025-12-30T17:00:00-08:00,52,58,14.7
2025-12-30T17:30:00-08:00,54,56,18.1
2025-12-30T18:00:00-08:00,55,55,20.9
2025-12-30T18:30:00-08:00,56,55,22.4
2025-12-30T19:00:00-08:00,56,55,21.9
2025-12-30T19:30:00-08:00,56,55,21.6
2025-12-30T20:00:00-08:00,59,54,23
2025-12-30T20:30:00-08:00,61,54,25.7
2025-12-30T21:00:00-08:00,62,54,27.5
2025-12-30T21:30:00-08:00,63,53,26.1
2025-12-30T22:00:00-08:00,66,52,21.9
2025-12-30T22:30:00-08:00,66,53,25.8
2025-12-30T23:00:00-08:00,66,53,23.3
2025-12-30T23:30:00-08:00,67,53,23.7
2025-12-31T00:00:00-08:00,68,53,22.9
2025-12-31T00:30:00-08:00,70,53,22.8
2025-12-31T01:00:00-08:00,71,54,25.4
2025-12-31T01:30:00-08:00,71,54,26.7
2025-12-31T02:00:00-08:00,69,55,25.8
2025-12-31T02:30:00-08:00,70,55,26.5
2025-12-31T03:00:00-08:00,70,55,25.8
2025-12-31T03:30:00-08:00,71,55,25.4
2025-12-31T04:00:00-08:00,71,55,25
2025-12-31T04:30:00-08:00,71,55,24.5
2025-12-31T05:00:00-08:00,72,55,24.9
2025-12-31T05:30:00-08:00,72,56,25.4
2025-12-31T06:00:00-08:00,74,56,24.6
2025-12-31T06:30:00-08:00,73,56,23.1
2025-12-31T07:00:00-08:00,74,56,23.8
2025-12-31T07:30:00-08:00,72,56,22.3
2025-12-31T08:00:00-08:00,68,57,22.6
2025-12-31T08:30:00-08:00,68,57,23.9
2025-12-31T09:00:00-08:00,68,57,24.7
2025-12-31T09:30:00-08:00,70,58,26.4
2025-12-31T10:00:00-08:00,72,58,26.2
2025-12-31T10:30:00-08:00,74,58,27.2
2025-12-31T11:00:00-08:00,74,59,26.3
2025-12-31T11:30:00-08:00,72,59,25.2
2025-12-31T12:00:00-08:00,73,59,25.7
2025-12-31T12:30:00-08:00,74,60,27.3
2025-12-31T13:00:00-08:00,72,60,23.5
2025-12-31T13:30:00-08:00,72,60,22.7
2025-12-31T14:00:00-08:00,74,61,21.3
2025-12-31T14:30:00-08:00,71,61,12.4
2025-12-31T15:00:00-08:00,72,61,15.3
2025-12-31T15:30:00-08:00,72,61,18.4
2025-12-31T16:00:00-08:00,74,60,18.8
2025-12-31T16:30:00-08:00,80,60,22.6
2025-12-31T17:00:00-08:00,82,60,19.5
2025-12-31T17:30:00-08:00,86,58,16.6
2025-12-31T18:00:00-08:00,87,59,30.8
2025-12-31T18:30:00-08:00,86,60,37
2025-12-31T19:00:00-08:00,85,60,23.1
2025-12-31T19:30:00-08:00,87,59,6.1
2025-12-31T20:00:00-08:00,87,59,28.3
2025-12-31T20:30:00-08:00,86,59,22.7
2025-12-31T21:00:00-08:00,86,59,29.3
2025-12-31T21:30:00-08:00,86,59,31.4
2025-12-31T22:00:00-08:00,81,59,13.5
2025-12-31T22:30:00-08:00,81,58,14.3
2025-12-31T23:00:00-08:00,86,57,12.4
2025-12-31T23:30:00-08:00,89,57,10.1
2026-01-01T00:00:00-08:00,89,57,6.7
2026-01-01T00:30:00-08:00,90,57,3.4
2026-01-01T01:00:00-08:00,89,57,1.8
2026-01-01T01:30:00-08:00,88,57,0.7
2026-01-01T02:00:00-08:00,87,58,0.5
2026-01-01T02:30:00-08:00,85,58,0.8
2026-01-01T03:00:00-08:00,88,58,4.5
2026-01-01T03:30:00-08:00,90,58,4.7
2026-01-01T04:00:00-08:00,92,57,2.7
2026-01-01T04:30:00-08:00,91,58,1.8
2026-01-01T05:00:00-08:00,89,59,10.3
2026-01-01T05:30:00-08:00,93,58,16
2026-01-01T06:00:00-08:00,96,57,2.1
2026-01-01T06:30:00-08:00,98,57,2.9
2026-01-01T07:00:00-08:00,94,58,2.6
2026-01-01T07:30:00-08:00,94,57,1.9
2026-01-01T08:00:00-08:00,96,57,2
2026-01-01T08:30:00-08:00,99,57,1.4
2026-01-01T09:00:00-08:00,99,59,5.1
2026-01-01T09:30:00-08:00,98,59,6.3
2026-01-01T10:00:00-08:00,100,60,1
2026-01-01T10:30:00-08:00,99,61,2
2026-01-01T11:00:00-08:00,96,62,5.3
2026-01-01T11:30:00-08:00,98,64,5.4
2026-01-01T12:00:00-08:00,94,66,5.1
2026-01-01T12:30:00-08:00,83,68,0.3
2026-01-01T13:00:00-08:00,71,69,0.1
2026-01-01T13:30:00-08:00,72,67,0.4
2026-01-01T14:00:00-08:00,74,68,0.2
2026-01-01T14:30:00-08:00,69,68,0.4
2026-01-01T15:00:00-08:00,67,68,0.5
2026-01-01T15:30:00-08:00,65,68,0.8
2026-01-01T16:00:00-08:00,65,68,1.2
2026-01-01T16:30:00-08:00,63,67,1
2026-01-01T17:00:00-08:00,64,67,1.8
2026-01-01T17:30:00-08:00,66,66,1.3
2026-01-01T18:00:00-08:00,68,66,1.9
2026-01-01T18:30:00-08:00,70,65,1.6
2026-01-01T19:00:00-08:00,70,65,0.7
2026-01-01T19:30:00-08:00,71,65,0.7
2026-01-01T20:00:00-08:00,75,65,0.8
2026-01-01T20:30:00-08:00,71,65,0.4
2026-01-01T21:00:00-08:00,71,65,0.2
2026-01-01T21:30:00-08:00,71,64,0.2
2026-01-01T22:00:00-08:00,70,64,0.1
2026-01-01T22:30:00-08:00,70,64,0.1
2026-01-01T23:00:00-08:00,71,64,0
2026-01-01T23:30:00-08:00,70,64,0
2026-01-02T00:00:00-08:00,72,64,0
2026-01-02T00:30:00-08:00,74,63,3.7
2026-01-02T01:00:00-08:00,74,64,2.4
2026-01-02T01:30:00-08:00,75,63,0.8
2026-01-02T02:00:00-08:00,74,64,0.1
2026-01-02T02:30:00-08:00,74,64,0.9
2026-01-02T03:00:00-08:00,73,64,0.2
2026-01-02T03:30:00-08:00,72,64,0.2
2026-01-02T04:00:00-08:00,75,62,0.3
2026-01-02T04:30:00-08:00,77,61,0.3
2026-01-02T05:00:00-08:00,79,60,0.4
2026-01-02T05:30:00-08:00,80,60,0.5
2026-01-02T06:00:00-08:00,81,59,0.4
2026-01-02T06:30:00-08:00,80,59,0.6
2026-01-02T07:00:00-08:00,80,59,0.4
2026-01-02T07:30:00-08:00,79,59,0.6
2026-01-02T08:00:00-08:00,79,59,0.9
2026-01-02T08:30:00-08:00,79,60,1
2026-01-02T09:00:00-08:00,73,62,0.9
2026-01-02T09:30:00-08:00,65,63,0.5
2026-01-02T10:00:00-08:00,58,65,0.6
2026-01-02T10:30:00-08:00,53,66,0.2
2026-01-02T11:00:00-08:00,50,67,0.2
2026-01-02T11:30:00-08:00,49,68,0.2
2026-01-02T12:00:00-08:00,49,67,0.2
2026-01-02T12:30:00-08:00,47,68,0.1
2026-01-02T13:00:00-08:00,44,69,0.1
2026-01-02T13:30:00-08:00,43,69,0.1
2026-01-02T14:00:00-08:00,42,70,0.1
2026-01-02T14:30:00-08:00,42,70,0
2026-01-02T15:00:00-08:00,42,70,0
2026-01-02T15:30:00-08:00,43,70,0
2026-01-02T16:00:00-08:00,44,70,0
2026-01-02T16:30:00-08:00,45,70,0
2026-01-02T17:00:00-08:00,45,70,0
2026-01-02T17:30:00-08:00,47,69,0
2026-01-02T18:00:00-08:00,53,68,0.3
2026-01-02T18:30:00-08:00,56,67,0.3
2026-01-02T19:00:00-08:00,61,66,0.3
2026-01-02T19:30:00-08:00,66,66,0.2
2026-01-02T20:00:00-08:00,72,65,0.1
2026-01-02T20:30:00-08:00,75,65,0.2
2026-01-02T21:00:00-08:00,76,65,0.1
2026-01-02T21:30:00-08:00,83,65,0.2
2026-01-02T22:00:00-08:00,88,64,0.1
2026-01-02T22:30:00-08:00,90,63,0.2
2026-01-02T23:00:00-08:00,87,63,0.1
2026-01-02T23:30:00-08:00,86,63,0
2026-01-03T00:00:00-08:00,82,64,0.1
2026-01-03T00:30:00-08:00,76,64,0.2
2026-01-03T01:00:00-08:00,72,64,0.1
2026-01-03T01:30:00-08:00,70,64,0.2
2026-01-03T02:00:00-08:00,70,64,0.2
2026-01-03T02:30:00-08:00,70,64,0.3
2026-01-03T03:00:00-08:00,70,64,0.4
2026-01-03T03:30:00-08:00,70,64,0.2
2026-01-03T04:00:00-08:00,71,63,1.1
2026-01-03T04:30:00-08:00,72,63,4.2
2026-01-03T05:00:00-08:00,71,63,0.6
2026-01-03T05:30:00-08:00,69,64,0.4
2026-01-03T06:00:00-08:00,71,64,0.5
2026-01-03T06:30:00-08:00,79,63,0.8
2026-01-03T07:00:00-08:00,80,63,0.6
2026-01-03T07:30:00-08:00,81,63,1.5
2026-01-03T08:00:00-08:00,80,63,0.5
2026-01-03T08:30:00-08:00,77,64,0.3
2026-01-03T09:00:00-08:00,77,64,0.2
2026-01-03T09:30:00-08:00,77,65,0.3
2026-01-03T10:00:00-08:00,74,65,0.4
2026-01-03T10:30:00-08:00,73,66,0.7
2026-01-03T11:00:00-08:00,72,66,0.4
2026-01-03T11:30:00-08:00,73,66,0.4
2026-01-03T12:00:00-08:00,74,67,0.3
2026-01-03T12:30:00-08:00,75,67,0.6
2026-01-03T13:00:00-08:00,76,67,0.1
2026-01-03T13:30:00-08:00,68,69,0.2
2026-01-03T14:00:00-08:00,59,71,0.3
2026-01-03T14:30:00-08:00,46,72,0.2
2026-01-03T15:00:00-08:00,44,72,0.2
2026-01-03T15:30:00-08:00,45,70,0.4
2026-01-03T16:00:00-08:00,47,68,0.2
2026-01-03T16:30:00-08:00,54,67,0.4
2026-01-03T17:00:00-08:00,60,66,0.6
2026-01-03T17:30:00-08:00,62,65,0.7
2026-01-03T18:00:00-08:00,61,65,2.7
2026-01-03T18:30:00-08:00,59,65,2.6
2026-01-03T19:00:00-08:00,58,65,1.4
2026-01-03T19:30:00-08:00,59,65,1.1
2026-01-03T20:00:00-08:00,59,65,1
2026-01-03T20:30:00-08:00,61,64,1
2026-01-03T21:00:00-08:00,63,64,1
2026-01-03T21:30:00-08:00,65,64,1
2026-01-03T22:00:00-08:00,67,63,0.9
2026-01-03T22:30:00-08:00,67,63,0.8
2026-01-03T23:00:00-08:00,66,63,0.7
2026-01-03T23:30:00-08:00,66,63,1.1
2026-01-04T00:00:00-08:00,66,63,0.7
2026-01-04T00:30:00-08:00,66,63,0.7
2026-01-04T01:00:00-08:00,67,63,0.3
2026-01-04T01:30:00-08:00,68,63,0.3
2026-01-04T02:00:00-08:00,72,62,0.2
2026-01-04T02:30:00-08:00,75,62,0.1
2026-01-04T03:00:00-08:00,81,62,0.2
2026-01-04T03:30:00-08:00,87,61,0.2
2026-01-04T04:00:00-08:00,89,60,0
2026-01-04T04:30:00-08:00,85,61,0
2026-01-04T05:00:00-08:00,85,60,0
2026-01-04T05:30:00-08:00,88,60,0
2026-01-04T06:00:00-08:00,91,60,0
2026-01-04T06:30:00-08:00,93,60,0
2026-01-04T07:00:00-08:00,91,61,0
2026-01-04T07:30:00-08:00,91,61,0
2026-01-04T08:00:00-08:00,90,61,0
2026-01-04T08:30:00-08:00,91,60,0
2026-01-04T09:00:00-08:00,90,61,0
2026-01-04T09:30:00-08:00,89,60,0.1
2026-01-04T10:00:00-08:00,90,60,0.2
2026-01-04T10:30:00-08:00,92,60,0.2
2026-01-04T11:00:00-08:00,92,60,0.2
2026-01-04T11:30:00-08:00,90,61,0.6
2026-01-04T12:00:00-08:00,90,61,0.1
2026-01-04T12:30:00-08:00,90,61,0
2026-01-04T13:00:00-08:00,87,62,0.3
2026-01-04T13:30:00-08:00,86,62,0.1
2026-01-04T14:00:00-08:00,88,62,0.4
2026-01-04T14:30:00-08:00,82,61,0.1
2026-01-04T15:00:00-08:00,82,61,0.1
2026-01-04T15:30:00-08:00,85,62,0.3
2026-01-04T16:00:00-08:00,86,62,0.3
2026-01-04T16:30:00-08:00,82,62,0.4
2026-01-04T17:00:00-08:00,82,62,1
2026-01-04T17:30:00-08:00,82,61,4.1
2026-01-04T18:00:00-08:00,84,61,11.1
2026-01-04T18:30:00-08:00,86,61,5.2
2026-01-04T19:00:00-08:00,86,60,8.5
2026-01-04T19:30:00-08:00,86,60,5
2026-01-04T20:00:00-08:00,87,59,7.6
2026-01-04T20:30:00-08:00,88,59,6.1
2026-01-04T21:00:00-08:00,88,59,3.2
2026-01-04T21:30:00-08:00,87,59,2.3
2026-01-04T22:00:00-08:00,85,59,3.1
2026-01-04T22:30:00-08:00,85,58,2.9
2026-01-04T23:00:00-08:00,85,57,1.4
2026-01-04T23:30:00-08:00,85,57,0.7
2026-01-05T00:00:00-08:00,85,56,0.2
2026-01-05T00:30:00-08:00,83,56,0.1
2026-01-05T01:00:00-08:00,84,56,0.1
2026-01-05T01:30:00-08:00,81,57,0.1
2026-01-05T02:00:00-08:00,78,57,0.1
2026-01-05T02:30:00-08:00,78,57,0.1
2026-01-05T03:00:00-08:00,79,57,0.1
2026-01-05T03:30:00-08:00,77,58,0
2026-01-05T04:00:00-08:00,75,58,0
2026-01-05T04:30:00-08:00,73,58,0.1
2026-01-05T05:00:00-08:00,72,59,0.1
2026-01-05T05:30:00-08:00,70,59,0.1
2026-01-05T06:00:00-08:00,68,59,0.1
2026-01-05T06:30:00-08:00,65,59,0.1
2026-01-05T07:00:00-08:00,64,59,0
2026-01-05T07:30:00-08:00,65,59,0
2026-01-05T08:00:00-08:00,65,59,0
2026-01-05T08:30:00-08:00,62,60,0
2026-01-05T09:00:00-08:00,60,61,0
2026-01-05T09:30:00-08:00,58,62,0.1
2026-01-05T10:00:00-08:00,57,62,0.3
2026-01-05T10:30:00-08:00,56,64,0.3
2026-01-05T11:00:00-08:00,55,64,0.2
2026-01-05T11:30:00-08:00,54,64,0
2026-01-05T12:00:00-08:00,52,65,0.1
2026-01-05T12:30:00-08:00,52,64,0.3
2026-01-05T13:00:00-08:00,54,64,0.3
2026-01-05T13:30:00-08:00,55,65,0.2
2026-01-05T14:00:00-08:00,55,65,0.1
2026-01-05T14:30:00-08:00,55,65,0.1
2026-01-05T15:00:00-08:00,62,64,0.2
2026-01-05T15:30:00-08:00,68,63,0
2026-01-05T16:00:00-08:00,74,62,0.1
2026-01-05T16:30:00-08:00,78,62,0.1
2026-01-05T17:00:00-08:00,82,61,0.3
2026-01-05T17:30:00-08:00,87,61,7.6
2026-01-05T18:00:00-08:00,89,61,8.9
2026-01-05T18:30:00-08:00,89,60,0.6
2026-01-05T19:00:00-08:00,83,60,0.2
2026-01-05T19:30:00-08:00,78,60,0.1
2026-01-05T20:00:00-08:00,76,60,0.5
2026-01-05T20:30:00-08:00,78,60,0.4
2026-01-05T21:00:00-08:00,76,60,0.1
2026-01-05T21:30:00-08:00,76,60,0
2026-01-05T22:00:00-08:00,76,60,0
2026-01-05T22:30:00-08:00,76,60,0.1
2026-01-05T23:00:00-08:00,74,60,0.8
2026-01-05T23:30:00-08:00,78,60,0.1
2026-01-06T00:00:00-08:00,78,59,0
2026-01-06T00:30:00-08:00,77,60,4.7
2026-01-06T01:00:00-08:00,79,59,7.3
2026-01-06T01:30:00-08:00,79,59,0.1
2026-01-06T02:00:00-08:00,81,59,11.7
2026-01-06T02:30:00-08:00,82,58,6.9
2026-01-06T03:00:00-08:00,82,58,0.3
2026-01-06T03:30:00-08:00,83,59,0.1
2026-01-06T04:00:00-08:00,85,58,0.1
2026-01-06T04:30:00-08:00,83,58,0
2026-01-06T05:00:00-08:00,80,59,0.1
2026-01-06T05:30:00-08:00,80,59,0
2026-01-06T06:00:00-08:00,80,58,0.1
2026-01-06T06:30:00-08:00,81,57,0.1
2026-01-06T07:00:00-08:00,78,58,0.1
2026-01-06T07:30:00-08:00,79,58,0.1
2026-01-06T08:00:00-08:00,81,57,0.8
2026-01-06T08:30:00-08:00,82,58,2.5
2026-01-06T09:00:00-08:00,83,59,1.4
2026-01-06T09:30:00-08:00,77,60,0.7
2026-01-06T10:00:00-08:00,71,63,0.5
2026-01-06T10:30:00-08:00,62,65,0.7
2026-01-06T11:00:00-08:00,54,67,0.6
2026-01-06T11:30:00-08:00,49,69,0.4
2026-01-06T12:00:00-08:00,47,70,0.2
2026-01-06T12:30:00-08:00,46,70,0.2
2026-01-06T13:00:00-08:00,46,72,0.3
2026-01-06T13:30:00-08:00,43,74,0.2
2026-01-06T14:00:00-08:00,42,75,0.3
2026-01-06T14:30:00-08:00,44,72,0.5
2026-01-06T15:00:00-08:00,48,70,0.7
2026-01-06T15:30:00-08:00,48,71,1.7
2026-01-06T16:00:00-08:00,51,69,1
2026-01-06T16:30:00-08:00,56,66,1.3
2026-01-06T17:00:00-08:00,62,64,3.2
2026-01-06T17:30:00-08:00,66,62,1.8
2026-01-06T18:00:00-08:00,68,62,0.6
2026-01-06T18:30:00-08:00,67,62,0.6
2026-01-06T19:00:00-08:00,69,61,1.9
2026-01-06T19:30:00-08:00,74,60,1.8
2026-01-06T20:00:00-08:00,76,59,1
2026-01-06T20:30:00-08:00,78,58,1.3
2026-01-06T21:00:00-08:00,80,58,4.8
2026-01-06T21:30:00-08:00,80,57,5.9
2026-01-06T22:00:00-08:00,81,57,2.1
2026-01-06T22:30:00-08:00,83,56,2
2026-01-06T23:00:00-08:00,83,56,7.3
2026-01-06T23:30:00-08:00,84,56,5
2026-01-07T00:00:00-08:00,83,56,3.7
2026-01-07T00:30:00-08:00,83,56,12.1
2026-01-07T01:00:00-08:00,83,56,13.2
2026-01-07T01:30:00-08:00,84,55,5.1
2026-01-07T02:00:00-08:00,86,55,2.5
2026-01-07T02:30:00-08:00,84,56,2.2
2026-01-07T03:00:00-08:00,82,57,3.1
2026-01-07T03:30:00-08:00,82,56,4
2026-01-07T04:00:00-08:00,82,56,4.3
2026-01-07T04:30:00-08:00,82,55,4.7
2026-01-07T05:00:00-08:00,85,55,5.2
2026-01-07T05:30:00-08:00,84,56,6.2
2026-01-07T06:00:00-08:00,86,57,12.5
2026-01-07T06:30:00-08:00,87,57,15.1
2026-01-07T07:00:00-08:00,86,57,8.9
2026-01-07T07:30:00-08:00,86,56,10.9
2026-01-07T08:00:00-08:00,88,56,11.5
2026-01-07T08:30:00-08:00,90,58,14.8
2026-01-07T09:00:00-08:00,89,59,20.9
2026-01-07T09:30:00-08:00,87,60,22.9
2026-01-07T10:00:00-08:00,84,61,16.4
2026-01-07T10:30:00-08:00,73,62,3.1
2026-01-07T11:00:00-08:00,62,63,0.3
2026-01-07T11:30:00-08:00,54,64,0.3
2026-01-07T12:00:00-08:00,51,65,0.2
2026-01-07T12:30:00-08:00,62,60,0.2
2026-01-07T13:00:00-08:00,56,64,0.2
2026-01-07T13:30:00-08:00,51,66,0.1
2026-01-07T14:00:00-08:00,51,67,0.1
2026-01-07T14:30:00-08:00,52,67,0.1
2026-01-07T15:00:00-08:00,52,68,0.1
2026-01-07T15:30:00-08:00,53,67,0
2026-01-07T16:00:00-08:00,59,64,0.1
2026-01-07T16:30:00-08:00,64,63,0.2
2026-01-07T17:00:00-08:00,61,63,0.5
2026-01-07T17:30:00-08:00,56,62,0.9
2026-01-07T18:00:00-08:00,57,61,3
2026-01-07T18:30:00-08:00,56,60,2.4
2026-01-07T19:00:00-08:00,56,60,1.9
2026-01-07T19:30:00-08:00,56,59,2.4
2026-01-07T20:00:00-08:00,58,59,2.4
2026-01-07T20:30:00-08:00,59,58,2.9
2026-01-07T21:00:00-08:00,59,58,3.2
2026-01-07T21:30:00-08:00,60,57,3.2
2026-01-07T22:00:00-08:00,62,57,4
2026-01-07T22:30:00-08:00,65,57,3.3
2026-01-07T23:00:00-08:00,75,57,4
2026-01-07T23:30:00-08:00,79,57,4
