time_stamp,humidity,temperature,pm2.5_atm
2025-04-01T15:30:00-07:00,46,62,2.3
2025-04-01T16:00:00-07:00,40,66,1.3
2025-04-01T16:30:00-07:00,38,67,1.5
2025-04-01T17:00:00-07:00,42,63,2.4
2025-04-01T17:30:00-07:00,44,58,2.3
2025-04-01T18:00:00-07:00,49,60,2.8
2025-04-01T18:30:00-07:00,50,58,1.4
2025-04-01T19:00:00-07:00,51,57,1.2
2025-04-01T19:30:00-07:00,54,56,1.4
2025-04-01T20:00:00-07:00,54,56,1.7
2025-04-01T20:30:00-07:00,53,55,1.7
2025-04-01T21:00:00-07:00,55,55,2.5
2025-04-01T21:30:00-07:00,56,55,1.5
2025-04-01T22:00:00-07:00,56,55,1.1
2025-04-01T22:30:00-07:00,55,55,0.8
2025-04-01T23:00:00-07:00,53,55,0.6
2025-04-01T23:30:00-07:00,52,54,0.6
2025-04-02T00:00:00-07:00,52,54,0.7
2025-04-02T00:30:00-07:00,52,54,0.5
2025-04-02T01:00:00-07:00,52,54,0.5
2025-04-02T01:30:00-07:00,52,54,0.5
2025-04-02T02:00:00-07:00,54,52,0.6
2025-04-02T02:30:00-07:00,56,51,0.8
2025-04-02T03:00:00-07:00,58,50,0.9
2025-04-02T03:30:00-07:00,59,49,0.7
2025-04-02T04:00:00-07:00,59,48,0.6
2025-04-02T04:30:00-07:00,60,47,1
2025-04-02T05:00:00-07:00,60,47,1.2
2025-04-02T05:30:00-07:00,60,46,0.8
2025-04-02T06:00:00-07:00,61,46,0.8
2025-04-02T06:30:00-07:00,61,46,0.6
2025-04-02T07:00:00-07:00,61,46,0.8
2025-04-02T07:30:00-07:00,60,47,0.9
2025-04-02T08:00:00-07:00,60,49,1
2025-04-02T08:30:00-07:00,56,52,1
2025-04-02T09:00:00-07:00,50,56,1.1
2025-04-02T09:30:00-07:00,46,58,1.1
2025-04-02T10:00:00-07:00,44,60,0.9
2025-04-02T10:30:00-07:00,41,62,0.6
2025-04-02T11:00:00-07:00,39,63,0.7
2025-04-02T11:30:00-07:00,38,64,0.9
2025-04-02T12:00:00-07:00,37,65,1.3
2025-04-02T12:30:00-07:00,34,66,0.7
2025-04-02T13:00:00-07:00,34,67,1.1
2025-04-02T13:30:00-07:00,34,68,1.2
2025-04-02T14:00:00-07:00,35,68,1.4
2025-04-02T14:30:00-07:00,37,67,1.5
2025-04-02T15:00:00-07:00,37,68,1.6
2025-04-02T15:30:00-07:00,33,71,1.3
2025-04-02T16:00:00-07:00,31,73,1.2
2025-04-02T16:30:00-07:00,30,73,1.2
2025-04-02T17:00:00-07:00,32,71,1.4
2025-04-02T17:30:00-07:00,33,70,1.4
2025-04-02T18:00:00-07:00,35,70,1.8
2025-04-02T18:30:00-07:00,39,65,1.9
2025-04-02T19:00:00-07:00,46,59,2.2
2025-04-02T19:30:00-07:00,50,57,2.3
2025-04-02T20:00:00-07:00,51,56,2
2025-04-02T20:30:00-07:00,53,56,2.2
2025-04-02T21:00:00-07:00,55,55,2.3
2025-04-02T21:30:00-07:00,55,55,2.5
2025-04-02T22:00:00-07:00,55,53,2.3
2025-04-02T22:30:00-07:00,55,53,2.3
2025-04-02T23:00:00-07:00,55,55,2.4
2025-04-02T23:30:00-07:00,54,55,2.1
2025-04-03T00:00:00-07:00,54,55,2.3
2025-04-03T00:30:00-07:00,53,56,2.2
2025-04-03T01:00:00-07:00,53,56,2.3
2025-04-03T01:30:00-07:00,53,56,2.1
2025-04-03T02:00:00-07:00,53,56,2.2
2025-04-03T02:30:00-07:00,53,56,2.5
2025-04-03T03:00:00-07:00,53,55,2.5
2025-04-03T03:30:00-07:00,53,54,4.1
2025-04-03T04:00:00-07:00,55,53,4.7
2025-04-03T04:30:00-07:00,56,51,5.3
2025-04-03T05:00:00-07:00,58,50,5.7
2025-04-03T05:30:00-07:00,58,50,5.4
2025-04-03T06:00:00-07:00,59,49,5
2025-04-03T06:30:00-07:00,59,48,5
2025-04-03T07:00:00-07:00,59,48,5.3
2025-04-03T07:30:00-07:00,59,49,5.9
2025-04-03T08:00:00-07:00,59,50,6.2
2025-04-03T08:30:00-07:00,56,53,5.4
2025-04-03T09:00:00-07:00,52,56,4.3
2025-04-03T09:30:00-07:00,48,59,3.7
2025-04-03T10:00:00-07:00,45,61,2.9
2025-04-03T10:30:00-07:00,42,64,2.8
2025-04-03T11:00:00-07:00,40,65,2.7
2025-04-03T11:30:00-07:00,38,67,2.2
2025-04-03T12:00:00-07:00,36,69,2
2025-04-03T12:30:00-07:00,36,70,1.7
2025-04-03T13:00:00-07:00,34,71,1.2
2025-04-03T13:30:00-07:00,30,72,0.9
2025-04-03T14:00:00-07:00,28,72,0.7
2025-04-03T14:30:00-07:00,27,72,0.6
2025-04-03T15:00:00-07:00,32,73,1.5
2025-04-03T15:30:00-07:00,31,76,1.6
2025-04-03T16:00:00-07:00,29,77,1.2
2025-04-03T16:30:00-07:00,29,77,0.9
2025-04-03T17:00:00-07:00,31,75,0.9
2025-04-03T17:30:00-07:00,32,74,1
2025-04-03T18:00:00-07:00,32,73,1
2025-04-03T18:30:00-07:00,34,70,1
2025-04-03T19:00:00-07:00,41,64,1.3
2025-04-03T19:30:00-07:00,44,61,1.2
2025-04-03T20:00:00-07:00,48,60,1.7
2025-04-03T20:30:00-07:00,50,56,1.7
2025-04-03T21:00:00-07:00,52,58,2
2025-04-03T21:30:00-07:00,55,57,2.3
2025-04-03T22:00:00-07:00,55,35,2.2
2025-04-03T22:30:00-07:00,56,57,2.4
2025-04-03T23:00:00-07:00,56,56,3.2
2025-04-03T23:30:00-07:00,56,49,3.7
2025-04-04T00:00:00-07:00,58,54,2.9
2025-04-04T00:30:00-07:00,58,52,2.6
2025-04-04T01:00:00-07:00,59,52,3.1
2025-04-04T01:30:00-07:00,60,51,3.3
2025-04-04T02:00:00-07:00,60,51,2.7
2025-04-04T02:30:00-07:00,60,51,2.6
2025-04-04T03:00:00-07:00,60,50,2.4
2025-04-04T03:30:00-07:00,60,50,2.6
2025-04-04T04:00:00-07:00,60,49,2.6
2025-04-04T04:30:00-07:00,60,49,2.8
2025-04-04T05:00:00-07:00,60,49,4
2025-04-04T05:30:00-07:00,61,48,4.5
2025-04-04T06:00:00-07:00,61,48,3.9
2025-04-04T06:30:00-07:00,61,47,3.5
2025-04-04T07:00:00-07:00,61,47,3.5
2025-04-04T07:30:00-07:00,63,48,4.5
2025-04-04T08:00:00-07:00,64,51,4.6
2025-04-04T08:30:00-07:00,58,54,4.9
2025-04-04T09:00:00-07:00,54,58,5.8
2025-04-04T09:30:00-07:00,50,60,5.5
2025-04-04T10:00:00-07:00,44,64,3.6
2025-04-04T10:30:00-07:00,41,67,3.3
2025-04-04T11:00:00-07:00,41,68,3.5
2025-04-04T11:30:00-07:00,39,70,2.5
2025-04-04T12:00:00-07:00,36,71,2.6
2025-04-04T12:30:00-07:00,35,73,2.8
2025-04-04T13:00:00-07:00,34,74,3
2025-04-04T13:30:00-07:00,31,75,2.4
2025-04-04T14:00:00-07:00,30,76,2.2
2025-04-04T14:30:00-07:00,28,77,1.6
2025-04-04T15:00:00-07:00,25,79,1.1
2025-04-04T15:30:00-07:00,22,84,1.1
2025-04-04T16:00:00-07:00,22,85,1.4
2025-04-04T16:30:00-07:00,21,87,1.4
2025-04-04T17:00:00-07:00,24,84,1.5
2025-04-04T17:30:00-07:00,26,82,1.4
2025-04-04T18:00:00-07:00,29,79,1.8
2025-04-04T18:30:00-07:00,33,75,1.8
2025-04-04T19:00:00-07:00,37,69,1.8
2025-04-04T19:30:00-07:00,40,66,1.8
2025-04-04T20:00:00-07:00,43,65,2.2
2025-04-04T20:30:00-07:00,41,64,1.8
2025-04-04T21:00:00-07:00,44,63,2.4
2025-04-04T21:30:00-07:00,47,62,2.9
2025-04-04T22:00:00-07:00,49,61,2.9
2025-04-04T22:30:00-07:00,52,60,5
2025-04-04T23:00:00-07:00,52,58,7.4
2025-04-04T23:30:00-07:00,54,58,5.8
2025-04-05T00:00:00-07:00,55,57,6.2
2025-04-05T00:30:00-07:00,54,56,6.4
2025-04-05T01:00:00-07:00,54,55,5.4
2025-04-05T01:30:00-07:00,54,54,5.2
2025-04-05T02:00:00-07:00,55,54,4.6
2025-04-05T02:30:00-07:00,55,54,4.1
2025-04-05T03:00:00-07:00,56,54,3.9
2025-04-05T03:30:00-07:00,56,54,4.1
2025-04-05T04:00:00-07:00,57,54,4.6
2025-04-05T04:30:00-07:00,57,54,4.7
2025-04-05T05:00:00-07:00,58,54,4.5
2025-04-05T05:30:00-07:00,58,53,4.2
2025-04-05T06:00:00-07:00,58,53,4.2
2025-04-05T06:30:00-07:00,59,53,4.2
2025-04-05T07:00:00-07:00,59,53,4.4
2025-04-05T07:30:00-07:00,57,54,4.3
2025-04-05T08:00:00-07:00,59,56,4.5
2025-04-05T08:30:00-07:00,56,58,3.9
2025-04-05T09:00:00-07:00,49,61,4.3
2025-04-05T09:30:00-07:00,44,65,3.8
2025-04-05T10:00:00-07:00,39,68,3.2
2025-04-05T10:30:00-07:00,35,70,2.9
2025-04-05T11:00:00-07:00,34,72,3.6
2025-04-05T11:30:00-07:00,33,74,3.5
2025-04-05T12:00:00-07:00,32,76,2.8
2025-04-05T12:30:00-07:00,29,77,1.8
2025-04-05T13:00:00-07:00,27,79,1.8
2025-04-05T13:30:00-07:00,26,80,2.4
2025-04-05T14:00:00-07:00,25,80,1.5
2025-04-05T14:30:00-07:00,25,80,1.9
2025-04-05T15:00:00-07:00,27,82,2.7
2025-04-05T15:30:00-07:00,25,87,3
2025-04-05T16:00:00-07:00,21,89,2.2
2025-04-05T16:30:00-07:00,20,89,2.4
2025-04-05T17:00:00-07:00,21,87,2.2
2025-04-05T17:30:00-07:00,19,87,1.6
2025-04-05T18:00:00-07:00,19,85,1.1
2025-04-05T18:30:00-07:00,25,80,1.9
2025-04-05T19:00:00-07:00,37,72,2.6
2025-04-05T19:30:00-07:00,40,68,3
2025-04-05T20:00:00-07:00,44,66,2.6
2025-04-05T20:30:00-07:00,47,65,2.9
2025-04-05T21:00:00-07:00,50,64,3.2
2025-04-05T21:30:00-07:00,52,63,3.6
2025-04-05T22:00:00-07:00,55,62,3.5
2025-04-05T22:30:00-07:00,55,61,3.4
2025-04-05T23:00:00-07:00,56,59,3.6
2025-04-05T23:30:00-07:00,57,59,3.9
2025-04-06T00:00:00-07:00,58,58,5
2025-04-06T00:30:00-07:00,57,57,4.7
2025-04-06T01:00:00-07:00,57,56,4.1
2025-04-06T01:30:00-07:00,57,55,4.6
2025-04-06T02:00:00-07:00,57,54,5.2
2025-04-06T02:30:00-07:00,58,54,4.5
2025-04-06T03:00:00-07:00,58,54,4.6
2025-04-06T03:30:00-07:00,58,53,4.2
2025-04-06T04:00:00-07:00,58,52,4
2025-04-06T04:30:00-07:00,58,52,3.9
2025-04-06T05:00:00-07:00,58,51,3.4
2025-04-06T05:30:00-07:00,58,51,3.5
2025-04-06T06:00:00-07:00,58,51,3.5
2025-04-06T06:30:00-07:00,59,50,3.6
2025-04-06T07:00:00-07:00,59,50,3.8
2025-04-06T07:30:00-07:00,58,52,4.1
2025-04-06T08:00:00-07:00,60,55,5.6
2025-04-06T08:30:00-07:00,57,58,7.7
2025-04-06T09:00:00-07:00,55,61,9.1
2025-04-06T09:30:00-07:00,51,64,10.5
2025-04-06T10:00:00-07:00,46,66,10.6
2025-04-06T10:30:00-07:00,43,69,9.6
2025-04-06T11:00:00-07:00,43,71,9
2025-04-06T11:30:00-07:00,40,72,8.9
2025-04-06T12:00:00-07:00,36,73,6.2
2025-04-06T12:30:00-07:00,32,77,4.9
2025-04-06T13:00:00-07:00,31,77,3.4
2025-04-06T13:30:00-07:00,28,75,2.7
2025-04-06T14:00:00-07:00,30,76,3.1
2025-04-06T14:30:00-07:00,25,77,1.9
2025-04-06T15:00:00-07:00,23,80,1.3
2025-04-06T15:30:00-07:00,20,84,1
2025-04-06T16:00:00-07:00,19,84,1.4
2025-04-06T16:30:00-07:00,14,85,0.7
2025-04-06T17:00:00-07:00,14,83,1.1
2025-04-06T17:30:00-07:00,15,83,0.9
2025-04-06T18:00:00-07:00,15,82,0.7
2025-04-06T18:30:00-07:00,17,79,0.6
2025-04-06T19:00:00-07:00,24,70,1
2025-04-06T19:30:00-07:00,26,67,1.5
2025-04-06T20:00:00-07:00,28,66,3.3
2025-04-06T20:30:00-07:00,35,63,2.1
2025-04-06T21:00:00-07:00,40,63,2.4
2025-04-06T21:30:00-07:00,43,62,2.7
2025-04-06T22:00:00-07:00,48,62,2.8
2025-04-06T22:30:00-07:00,51,59,3.1
2025-04-06T23:00:00-07:00,52,62,4.1
2025-04-06T23:30:00-07:00,50,59,4.8
2025-04-07T00:00:00-07:00,50,61,4.4
2025-04-07T00:30:00-07:00,51,62,3.6
2025-04-07T01:00:00-07:00,52,61,3.7
2025-04-07T01:30:00-07:00,51,58,3
2025-04-07T02:00:00-07:00,52,61,2.7
2025-04-07T02:30:00-07:00,52,61,2.3
2025-04-07T03:00:00-07:00,50,60,2.6
2025-04-07T03:30:00-07:00,51,62,3.3
2025-04-07T04:00:00-07:00,52,62,3
2025-04-07T04:30:00-07:00,52,62,3.3
2025-04-07T05:00:00-07:00,49,62,4
2025-04-07T05:30:00-07:00,46,62,4.3
2025-04-07T06:00:00-07:00,46,62,4.5
2025-04-07T06:30:00-07:00,46,62,5.4
2025-04-07T07:00:00-07:00,46,63,6.5
2025-04-07T07:30:00-07:00,45,63,5.9
2025-04-07T08:00:00-07:00,42,64,4.6
2025-04-07T08:30:00-07:00,41,65,4.4
2025-04-07T09:00:00-07:00,39,67,3.5
2025-04-07T09:30:00-07:00,39,68,2.9
2025-04-07T10:00:00-07:00,44,70,1.2
2025-04-07T10:30:00-07:00,45,71,1
2025-04-07T11:00:00-07:00,48,71,1.5
2025-04-07T11:30:00-07:00,46,73,2.2
2025-04-07T12:00:00-07:00,44,74,1.2
2025-04-07T12:30:00-07:00,43,75,0.9
2025-04-07T13:00:00-07:00,41,75,0.4
2025-04-07T13:30:00-07:00,42,74,0.6
2025-04-07T14:00:00-07:00,40,75,0.6
2025-04-07T14:30:00-07:00,38,75,0.5
2025-04-07T15:00:00-07:00,37,77,0.5
2025-04-07T15:30:00-07:00,36,76,0.7
2025-04-07T16:00:00-07:00,35,76,0.6
2025-04-07T16:30:00-07:00,32,79,0.4
2025-04-07T17:00:00-07:00,33,76,0.5
2025-04-07T17:30:00-07:00,38,76,0.7
2025-04-07T18:00:00-07:00,40,74,1.1
2025-04-07T18:30:00-07:00,42,72,1
2025-04-07T19:00:00-07:00,50,65,1
2025-04-07T19:30:00-07:00,51,63,1.1
2025-04-07T20:00:00-07:00,52,62,1.1
2025-04-07T20:30:00-07:00,55,59,2.2
2025-04-07T21:00:00-07:00,57,57,2.5
2025-04-07T21:30:00-07:00,59,60,2.6
2025-04-07T22:00:00-07:00,59,60,2.5
2025-04-07T22:30:00-07:00,59,60,3.3
2025-04-07T23:00:00-07:00,59,60,3.3
2025-04-07T23:30:00-07:00,58,60,3.4
2025-04-08T00:00:00-07:00,57,61,3.6
2025-04-08T00:30:00-07:00,57,60,3.4
2025-04-08T01:00:00-07:00,58,60,3.8
2025-04-08T01:30:00-07:00,59,61,4
2025-04-08T02:00:00-07:00,58,61,4
2025-04-08T02:30:00-07:00,58,62,2.8
2025-04-08T03:00:00-07:00,57,62,2.3
2025-04-08T03:30:00-07:00,56,62,1.6
2025-04-08T04:00:00-07:00,57,60,1.2
2025-04-08T04:30:00-07:00,58,59,1.5
2025-04-08T05:00:00-07:00,59,59,2
2025-04-08T05:30:00-07:00,59,59,1.7
2025-04-08T06:00:00-07:00,60,58,2.2
2025-04-08T06:30:00-07:00,60,57,2.2
2025-04-08T07:00:00-07:00,61,57,2.4
2025-04-08T07:30:00-07:00,61,58,2.5
2025-04-08T08:00:00-07:00,62,59,1.7
2025-04-08T08:30:00-07:00,59,61,1.6
2025-04-08T09:00:00-07:00,54,64,1.5
2025-04-08T09:30:00-07:00,49,67,1
2025-04-08T10:00:00-07:00,46,68,0.8
2025-04-08T10:30:00-07:00,44,69,0.8
2025-04-08T11:00:00-07:00,41,70,0.7
2025-04-08T11:30:00-07:00,39,71,0.9
2025-04-08T12:00:00-07:00,38,72,0.9
2025-04-08T12:30:00-07:00,37,73,4.5
2025-04-08T13:00:00-07:00,36,75,1.1
2025-04-08T13:30:00-07:00,35,75,0.9
2025-04-08T14:00:00-07:00,35,76,0.9
2025-04-08T14:30:00-07:00,34,76,1.2
2025-04-08T15:00:00-07:00,33,78,1.4
2025-04-08T15:30:00-07:00,29,83,1.8
2025-04-08T16:00:00-07:00,27,83,1.8
2025-04-08T16:30:00-07:00,27,83,2
2025-04-08T17:00:00-07:00,29,82,1.7
2025-04-08T17:30:00-07:00,29,80,11.4
2025-04-08T18:00:00-07:00,29,80,1.7
2025-04-08T18:30:00-07:00,32,76,1.2
2025-04-08T19:00:00-07:00,42,67,1.3
2025-04-08T19:30:00-07:00,47,65,1.6
2025-04-08T20:00:00-07:00,48,63,1.7
2025-04-08T20:30:00-07:00,50,62,2.1
2025-04-08T21:00:00-07:00,51,61,2.1
2025-04-08T21:30:00-07:00,51,62,1.9
2025-04-08T22:00:00-07:00,52,61,1.9
2025-04-08T22:30:00-07:00,52,60,1.9
2025-04-08T23:00:00-07:00,53,59,2.1
2025-04-08T23:30:00-07:00,54,58,2.5
2025-04-09T00:00:00-07:00,55,57,2.8
2025-04-09T00:30:00-07:00,55,57,2.7
2025-04-09T01:00:00-07:00,56,56,2.5
2025-04-09T01:30:00-07:00,56,56,2.5
2025-04-09T02:00:00-07:00,57,56,2.4
2025-04-09T02:30:00-07:00,58,55,2.6
2025-04-09T03:00:00-07:00,58,55,2.2
2025-04-09T03:30:00-07:00,58,55,2
2025-04-09T04:00:00-07:00,58,54,2.1
2025-04-09T04:30:00-07:00,58,54,2
2025-04-09T05:00:00-07:00,58,53,2.2
2025-04-09T05:30:00-07:00,59,53,2
2025-04-09T06:00:00-07:00,59,53,2.1
2025-04-09T06:30:00-07:00,59,51,2.3
2025-04-09T07:00:00-07:00,59,52,2.5
2025-04-09T07:30:00-07:00,59,54,2.7
2025-04-09T08:00:00-07:00,59,57,3.2
2025-04-09T08:30:00-07:00,58,60,2.8
2025-04-09T09:00:00-07:00,52,63,3.4
2025-04-09T09:30:00-07:00,47,67,3
2025-04-09T10:00:00-07:00,44,69,2.9
2025-04-09T10:30:00-07:00,41,72,3.1
2025-04-09T11:00:00-07:00,40,74,3
2025-04-09T11:30:00-07:00,39,76,3.3
2025-04-09T12:00:00-07:00,37,78,4.1
2025-04-09T12:30:00-07:00,36,79,4.5
2025-04-09T13:00:00-07:00,35,81,4.8
2025-04-09T13:30:00-07:00,33,82,5
2025-04-09T14:00:00-07:00,32,83,6.4
2025-04-09T14:30:00-07:00,31,84,6
2025-04-09T15:00:00-07:00,29,86,6.3
2025-04-09T15:30:00-07:00,27,90,6.6
2025-04-09T16:00:00-07:00,26,91,4.7
2025-04-09T16:30:00-07:00,24,93,3.7
2025-04-09T17:00:00-07:00,25,92,3
2025-04-09T17:30:00-07:00,25,90,2.4
2025-04-09T18:00:00-07:00,25,90,2.2
2025-04-09T18:30:00-07:00,29,86,2.6
2025-04-09T19:00:00-07:00,36,78,2.6
2025-04-09T19:30:00-07:00,43,73,3.3
2025-04-09T20:00:00-07:00,46,70,3.6
2025-04-09T20:30:00-07:00,51,68,3.8
2025-04-09T21:00:00-07:00,53,67,3.9
2025-04-09T21:30:00-07:00,54,65,4.2
2025-04-09T22:00:00-07:00,55,65,4.2
2025-04-09T22:30:00-07:00,55,64,4.2
2025-04-09T23:00:00-07:00,56,62,4
2025-04-09T23:30:00-07:00,58,63,4.6
2025-04-10T00:00:00-07:00,58,62,4.8
2025-04-10T00:30:00-07:00,58,61,5.3
2025-04-10T01:00:00-07:00,58,61,4.9
2025-04-10T01:30:00-07:00,58,60,5.1
2025-04-10T02:00:00-07:00,59,60,6
2025-04-10T02:30:00-07:00,59,60,6.6
2025-04-10T03:00:00-07:00,59,59,6.3
2025-04-10T03:30:00-07:00,60,58,6.3
2025-04-10T04:00:00-07:00,61,58,6.3
2025-04-10T04:30:00-07:00,61,57,6.2
2025-04-10T05:00:00-07:00,61,57,6.5
2025-04-10T05:30:00-07:00,61,56,6.3
2025-04-10T06:00:00-07:00,62,56,7.4
2025-04-10T06:30:00-07:00,66,58,7.8
2025-04-10T07:00:00-07:00,65,59,8.2
2025-04-10T07:30:00-07:00,64,59,11.3
2025-04-10T08:00:00-07:00,62,60,11.3
2025-04-10T08:30:00-07:00,59,62,6.2
2025-04-10T09:00:00-07:00,55,64,2.7
2025-04-10T09:30:00-07:00,52,65,0.6
2025-04-10T10:00:00-07:00,51,66,0.4
2025-04-10T10:30:00-07:00,48,67,0.5
2025-04-10T11:00:00-07:00,44,71,0.9
2025-04-10T11:30:00-07:00,42,73,1.3
2025-04-10T12:00:00-07:00,38,75,1.1
2025-04-10T12:30:00-07:00,34,77,0.2
2025-04-10T13:00:00-07:00,33,78,0
2025-04-10T13:30:00-07:00,32,79,0.1
2025-04-10T14:00:00-07:00,32,79,0.2
2025-04-10T14:30:00-07:00,33,80,0.9
2025-04-10T15:00:00-07:00,34,81,0.7
2025-04-10T15:30:00-07:00,33,82,0.6
2025-04-10T16:00:00-07:00,30,84,0.5
2025-04-10T16:30:00-07:00,27,87,0.2
2025-04-10T17:00:00-07:00,28,84,0.2
2025-04-10T17:30:00-07:00,29,84,0.3
2025-04-10T18:00:00-07:00,29,85,0.3
2025-04-10T18:30:00-07:00,33,80,0.3
2025-04-10T19:00:00-07:00,43,71,0.3
2025-04-10T19:30:00-07:00,49,67,0.3
2025-04-10T20:00:00-07:00,52,65,0.5
2025-04-10T20:30:00-07:00,54,65,0.8
2025-04-10T21:00:00-07:00,55,64,0.8
2025-04-10T21:30:00-07:00,56,63,0.8
2025-04-10T22:00:00-07:00,58,63,0.9
2025-04-10T22:30:00-07:00,60,63,1.2
2025-04-10T23:00:00-07:00,60,63,1.1
2025-04-10T23:30:00-07:00,60,62,1.2
2025-04-11T00:00:00-07:00,60,62,1.2
2025-04-11T00:30:00-07:00,60,62,1.5
2025-04-11T01:00:00-07:00,60,61,2
2025-04-11T01:30:00-07:00,60,60,1.6
2025-04-11T02:00:00-07:00,61,60,1.6
2025-04-11T02:30:00-07:00,61,59,1.9
2025-04-11T03:00:00-07:00,61,59,2.6
2025-04-11T03:30:00-07:00,61,59,2.1
2025-04-11T04:00:00-07:00,61,59,1.5
2025-04-11T04:30:00-07:00,63,59,1.7
2025-04-11T05:00:00-07:00,63,57,1.3
2025-04-11T05:30:00-07:00,62,57,1.4
2025-04-11T06:00:00-07:00,63,59,2.2
2025-04-11T06:30:00-07:00,63,58,2.8
2025-04-11T07:00:00-07:00,64,60,3.8
2025-04-11T07:30:00-07:00,64,61,4
2025-04-11T08:00:00-07:00,62,63,4.8
2025-04-11T08:30:00-07:00,61,64,1.5
2025-04-11T09:00:00-07:00,58,65,1.5
2025-04-11T09:30:00-07:00,55,67,1.3
2025-04-11T10:00:00-07:00,50,70,1.2
2025-04-11T10:30:00-07:00,47,72,1.3
2025-04-11T11:00:00-07:00,44,74,0.6
2025-04-11T11:30:00-07:00,41,76,0.5
2025-04-11T12:00:00-07:00,40,77,0.5
2025-04-11T12:30:00-07:00,39,77,0.4
2025-04-11T13:00:00-07:00,40,79,0.9
2025-04-11T13:30:00-07:00,42,76,2.2
2025-04-11T14:00:00-07:00,42,76,2.4
2025-04-11T14:30:00-07:00,40,76,2
2025-04-11T15:00:00-07:00,37,78,2.4
2025-04-11T15:30:00-07:00,34,80,3.3
2025-04-11T16:00:00-07:00,34,80,2.9
2025-04-11T16:30:00-07:00,34,80,3.1
2025-04-11T17:00:00-07:00,35,78,2.9
2025-04-11T17:30:00-07:00,36,76,3
2025-04-11T18:00:00-07:00,36,76,3.3
2025-04-11T18:30:00-07:00,42,70,3
2025-04-11T19:00:00-07:00,49,64,3
2025-04-11T19:30:00-07:00,52,60,3.2
2025-04-11T20:00:00-07:00,54,60,3.6
2025-04-11T20:30:00-07:00,55,61,3.9
2025-04-11T21:00:00-07:00,54,60,3.8
2025-04-11T21:30:00-07:00,54,60,3.7
2025-04-11T22:00:00-07:00,54,59,4.5
2025-04-11T22:30:00-07:00,55,59,5.1
2025-04-11T23:00:00-07:00,56,57,5.4
2025-04-11T23:30:00-07:00,57,58,5.9
2025-04-12T00:00:00-07:00,58,57,5.7
2025-04-12T00:30:00-07:00,58,57,5.3
2025-04-12T01:00:00-07:00,57,57,5
2025-04-12T01:30:00-07:00,58,56,5.5
2025-04-12T02:00:00-07:00,58,56,5.5
2025-04-12T02:30:00-07:00,57,57,5.9
2025-04-12T03:00:00-07:00,57,57,5.7
2025-04-12T03:30:00-07:00,56,57,4.9
2025-04-12T04:00:00-07:00,56,57,4.3
2025-04-12T04:30:00-07:00,56,55,4
2025-04-12T05:00:00-07:00,56,54,3.8
2025-04-12T05:30:00-07:00,56,54,3.5
2025-04-12T06:00:00-07:00,56,53,3.5
2025-04-12T06:30:00-07:00,57,52,4
2025-04-12T07:00:00-07:00,58,52,4.5
2025-04-12T07:30:00-07:00,59,53,4.4
2025-04-12T08:00:00-07:00,56,55,4
2025-04-12T08:30:00-07:00,52,57,3.8
2025-04-12T09:00:00-07:00,48,60,3.5
2025-04-12T09:30:00-07:00,45,62,3.9
2025-04-12T10:00:00-07:00,43,64,3.9
2025-04-12T10:30:00-07:00,41,66,4.1
2025-04-12T11:00:00-07:00,39,67,3.6
2025-04-12T11:30:00-07:00,36,68,3.4
2025-04-12T12:00:00-07:00,35,71,3.3
2025-04-12T12:30:00-07:00,34,71,3.1
2025-04-12T13:00:00-07:00,33,72,3.2
2025-04-12T13:30:00-07:00,34,72,3.3
2025-04-12T14:00:00-07:00,34,72,3.8
2025-04-12T14:30:00-07:00,33,72,4
2025-04-12T15:00:00-07:00,32,75,3.8
2025-04-12T15:30:00-07:00,28,79,3.7
2025-04-12T16:00:00-07:00,25,82,3.4
2025-04-12T16:30:00-07:00,24,82,3.4
2025-04-12T17:00:00-07:00,24,81,3.4
2025-04-12T17:30:00-07:00,26,80,3.8
2025-04-12T18:00:00-07:00,27,81,4.7
2025-04-12T18:30:00-07:00,32,74,5.3
2025-04-12T19:00:00-07:00,41,65,6.4
2025-04-12T19:30:00-07:00,46,62,6.7
2025-04-12T20:00:00-07:00,49,60,7.6
2025-04-12T20:30:00-07:00,52,59,8.3
2025-04-12T21:00:00-07:00,54,58,8.9
2025-04-12T21:30:00-07:00,55,57,9
2025-04-12T22:00:00-07:00,55,58,8.5
2025-04-12T22:30:00-07:00,55,57,9.2
2025-04-12T23:00:00-07:00,56,56,9.3
2025-04-12T23:30:00-07:00,56,56,9.3
2025-04-13T00:00:00-07:00,57,55,9
2025-04-13T00:30:00-07:00,57,55,10.5
2025-04-13T01:00:00-07:00,57,54,11.6
2025-04-13T01:30:00-07:00,57,54,11.4
2025-04-13T02:00:00-07:00,57,53,6.7
2025-04-13T02:30:00-07:00,56,53,6
2025-04-13T03:00:00-07:00,56,52,8.9
2025-04-13T03:30:00-07:00,56,52,5.4
2025-04-13T04:00:00-07:00,57,51,5.3
2025-04-13T04:30:00-07:00,57,51,7.5
2025-04-13T05:00:00-07:00,58,50,5.4
2025-04-13T05:30:00-07:00,58,50,5.9
2025-04-13T06:00:00-07:00,59,50,5.7
2025-04-13T06:30:00-07:00,59,49,5.1
2025-04-13T07:00:00-07:00,59,50,5.5
2025-04-13T07:30:00-07:00,60,51,6.6
2025-04-13T08:00:00-07:00,62,54,8.1
2025-04-13T08:30:00-07:00,57,57,8.3
2025-04-13T09:00:00-07:00,52,61,8.2
2025-04-13T09:30:00-07:00,47,65,7.9
2025-04-13T10:00:00-07:00,42,68,6.9
2025-04-13T10:30:00-07:00,39,71,6.7
2025-04-13T11:00:00-07:00,36,73,5.8
2025-04-13T11:30:00-07:00,33,75,4.9
2025-04-13T12:00:00-07:00,30,77,5
2025-04-13T12:30:00-07:00,28,79,5.1
2025-04-13T13:00:00-07:00,27,80,5.2
2025-04-13T13:30:00-07:00,25,82,5.5
2025-04-13T14:00:00-07:00,24,83,5.1
2025-04-13T14:30:00-07:00,23,84,5.3
2025-04-13T15:00:00-07:00,22,86,5.7
2025-04-13T15:30:00-07:00,19,92,5.4
2025-04-13T16:00:00-07:00,17,96,5.3
2025-04-13T16:30:00-07:00,15,98,5.3
2025-04-13T17:00:00-07:00,17,96,5.8
2025-04-13T17:30:00-07:00,19,94,6.3
2025-04-13T18:00:00-07:00,20,93,5.4
2025-04-13T18:30:00-07:00,23,88,4.7
2025-04-13T19:00:00-07:00,28,77,4.1
2025-04-13T19:30:00-07:00,32,74,3.8
2025-04-13T20:00:00-07:00,36,71,4.2
2025-04-13T20:30:00-07:00,39,70,4.7
2025-04-13T21:00:00-07:00,41,68,4.8
2025-04-13T21:30:00-07:00,42,67,7.5
2025-04-13T22:00:00-07:00,44,65,5.7
2025-04-13T22:30:00-07:00,47,63,5.3
2025-04-13T23:00:00-07:00,49,64,6.1
2025-04-13T23:30:00-07:00,48,62,6.7
2025-04-14T00:00:00-07:00,49,62,7.2
2025-04-14T00:30:00-07:00,50,59,7.6
2025-04-14T01:00:00-07:00,50,60,8.2
2025-04-14T01:30:00-07:00,51,60,7.9
2025-04-14T02:00:00-07:00,51,59,7.6
2025-04-14T02:30:00-07:00,52,59,8.1
2025-04-14T03:00:00-07:00,52,58,7.9
2025-04-14T03:30:00-07:00,53,57,7.9
2025-04-14T04:00:00-07:00,53,57,8.2
2025-04-14T04:30:00-07:00,53,56,7.1
2025-04-14T05:00:00-07:00,54,55,6.1
2025-04-14T05:30:00-07:00,55,55,6.7
2025-04-14T06:00:00-07:00,55,55,7.4
2025-04-14T06:30:00-07:00,55,54,8.2
2025-04-14T07:00:00-07:00,56,55,10.6
2025-04-14T07:30:00-07:00,57,57,9
2025-04-14T08:00:00-07:00,56,60,9
2025-04-14T08:30:00-07:00,53,63,9.3
2025-04-14T09:00:00-07:00,47,67,8.8
2025-04-14T09:30:00-07:00,43,70,9.6
2025-04-14T10:00:00-07:00,41,73,9.5
2025-04-14T10:30:00-07:00,39,76,9.4
2025-04-14T11:00:00-07:00,37,77,8.9
2025-04-14T11:30:00-07:00,35,80,8.2
2025-04-14T12:00:00-07:00,32,81,8.1
2025-04-14T12:30:00-07:00,28,82,5.6
2025-04-14T13:00:00-07:00,26,83,4.9
2025-04-14T13:30:00-07:00,25,85,4.9
2025-04-14T14:00:00-07:00,24,85,4.9
2025-04-14T14:30:00-07:00,24,85,5.3
2025-04-14T15:00:00-07:00,28,85,5.9
2025-04-14T15:30:00-07:00,27,87,5.1
2025-04-14T16:00:00-07:00,26,89,5.1
2025-04-14T16:30:00-07:00,25,91,5.6
2025-04-14T17:00:00-07:00,27,87,5.9
2025-04-14T17:30:00-07:00,28,86,6.3
2025-04-14T18:00:00-07:00,28,86,6.5
2025-04-14T18:30:00-07:00,32,80,6.4
2025-04-14T19:00:00-07:00,41,71,6.9
2025-04-14T19:30:00-07:00,46,66,6.7
2025-04-14T20:00:00-07:00,49,62,7.8
2025-04-14T20:30:00-07:00,51,63,7.4
2025-04-14T21:00:00-07:00,53,62,7.8
2025-04-14T21:30:00-07:00,55,61,8.2
2025-04-14T22:00:00-07:00,57,59,7.8
2025-04-14T22:30:00-07:00,58,59,8
2025-04-14T23:00:00-07:00,58,58,8
2025-04-14T23:30:00-07:00,59,60,8.3
2025-04-15T00:00:00-07:00,57,60,8.3
2025-04-15T00:30:00-07:00,57,60,8.9
2025-04-15T01:00:00-07:00,57,61,8.3
2025-04-15T01:30:00-07:00,57,61,7.8
2025-04-15T02:00:00-07:00,57,61,7.1
2025-04-15T02:30:00-07:00,57,62,6
2025-04-15T03:00:00-07:00,57,62,6.2
2025-04-15T03:30:00-07:00,56,61,5.2
2025-04-15T04:00:00-07:00,57,61,5.3
2025-04-15T04:30:00-07:00,58,61,5.3
2025-04-15T05:00:00-07:00,57,61,5.3
2025-04-15T05:30:00-07:00,57,61,7.4
2025-04-15T06:00:00-07:00,56,61,7.9
2025-04-15T06:30:00-07:00,56,59,8.6
2025-04-15T07:00:00-07:00,56,61,8.4
2025-04-15T07:30:00-07:00,56,61,7
2025-04-15T08:00:00-07:00,54,61,5.7
2025-04-15T08:30:00-07:00,53,61,5.5
2025-04-15T09:00:00-07:00,52,63,4.2
2025-04-15T09:30:00-07:00,51,64,4.2
2025-04-15T10:00:00-07:00,48,66,5.1
2025-04-15T10:30:00-07:00,45,68,5.9
2025-04-15T11:00:00-07:00,42,70,2.9
2025-04-15T11:30:00-07:00,40,72,2.6
2025-04-15T12:00:00-07:00,38,75,2.8
2025-04-15T12:30:00-07:00,37,76,3
2025-04-15T13:00:00-07:00,38,75,4.2
2025-04-15T13:30:00-07:00,38,74,5.2
2025-04-15T14:00:00-07:00,38,75,5.8
2025-04-15T14:30:00-07:00,36,76,5.6
2025-04-15T15:00:00-07:00,35,77,5.8
2025-04-15T15:30:00-07:00,32,80,5.6
2025-04-15T16:00:00-07:00,29,82,4.6
2025-04-15T16:30:00-07:00,30,80,4.7
2025-04-15T17:00:00-07:00,33,77,4.6
2025-04-15T17:30:00-07:00,36,72,4.9
2025-04-15T18:00:00-07:00,39,69,4.9
2025-04-15T18:30:00-07:00,42,67,5.2
2025-04-15T19:00:00-07:00,44,65,5.3
2025-04-15T19:30:00-07:00,46,63,5.6
2025-04-15T20:00:00-07:00,48,62,5.5
2025-04-15T20:30:00-07:00,48,62,5.6
2025-04-15T21:00:00-07:00,49,62,5.7
2025-04-15T21:30:00-07:00,49,62,5.6
2025-04-15T22:00:00-07:00,50,61,5.5
2025-04-15T22:30:00-07:00,52,61,5.7
2025-04-15T23:00:00-07:00,52,60,5.7
2025-04-15T23:30:00-07:00,53,60,5.8
2025-04-16T00:00:00-07:00,54,59,5.8
2025-04-16T00:30:00-07:00,54,60,5.9
2025-04-16T01:00:00-07:00,55,60,6.2
2025-04-16T01:30:00-07:00,55,59,5.9
2025-04-16T02:00:00-07:00,56,59,6.1
2025-04-16T02:30:00-07:00,55,59,5.7
2025-04-16T03:00:00-07:00,55,58,5.9
2025-04-16T03:30:00-07:00,57,58,6.1
2025-04-16T04:00:00-07:00,57,57,6.4
2025-04-16T04:30:00-07:00,58,57,7.1
2025-04-16T05:00:00-07:00,58,56,6.6
2025-04-16T05:30:00-07:00,59,55,6.8
2025-04-16T06:00:00-07:00,60,55,19.5
2025-04-16T06:30:00-07:00,61,54,19.6
2025-04-16T07:00:00-07:00,61,56,14.3
2025-04-16T07:30:00-07:00,61,57,11.6
2025-04-16T08:00:00-07:00,59,59,7.3
2025-04-16T08:30:00-07:00,56,60,6.5
2025-04-16T09:00:00-07:00,52,62,5.6
2025-04-16T09:30:00-07:00,47,66,5.6
2025-04-16T10:00:00-07:00,43,69,5.3
2025-04-16T10:30:00-07:00,41,70,5.2
2025-04-16T11:00:00-07:00,40,70,5.5
2025-04-16T11:30:00-07:00,40,71,5.4
2025-04-16T12:00:00-07:00,39,72,5
2025-04-16T12:30:00-07:00,38,73,4.8
2025-04-16T13:00:00-07:00,38,73,4.7
2025-04-16T13:30:00-07:00,38,72,4.4
2025-04-16T14:00:00-07:00,39,72,4.7
2025-04-16T14:30:00-07:00,39,73,5.2
2025-04-16T15:00:00-07:00,37,74,4.9
2025-04-16T15:30:00-07:00,33,78,3.8
2025-04-16T16:00:00-07:00,31,79,3.9
2025-04-16T16:30:00-07:00,30,80,3.7
2025-04-16T17:00:00-07:00,32,78,4.3
2025-04-16T17:30:00-07:00,33,77,4.4
2025-04-16T18:00:00-07:00,33,78,4.8
2025-04-16T18:30:00-07:00,36,74,4.7
2025-04-16T19:00:00-07:00,44,67,5.1
2025-04-16T19:30:00-07:00,49,64,5.2
2025-04-16T20:00:00-07:00,51,62,5.2
2025-04-16T20:30:00-07:00,53,62,5.2
2025-04-16T21:00:00-07:00,53,61,5.3
2025-04-16T21:30:00-07:00,53,62,5.1
2025-04-16T22:00:00-07:00,52,61,5
2025-04-16T22:30:00-07:00,53,62,5.1
2025-04-16T23:00:00-07:00,52,61,5
2025-04-16T23:30:00-07:00,53,61,5
2025-04-17T00:00:00-07:00,52,61,4.7
2025-04-17T00:30:00-07:00,52,60,4.1
2025-04-17T01:00:00-07:00,51,60,4.3
2025-04-17T01:30:00-07:00,52,60,4.3
2025-04-17T02:00:00-07:00,52,61,4.5
2025-04-17T02:30:00-07:00,52,61,4.4
2025-04-17T03:00:00-07:00,51,61,4.1
2025-04-17T03:30:00-07:00,52,61,3.9
2025-04-17T04:00:00-07:00,51,61,3.3
2025-04-17T04:30:00-07:00,50,61,2.5
2025-04-17T05:00:00-07:00,50,61,1.9
2025-04-17T05:30:00-07:00,49,61,1.7
2025-04-17T06:00:00-07:00,50,60,1.7
2025-04-17T06:30:00-07:00,51,61,1.6
2025-04-17T07:00:00-07:00,53,61,1.2
2025-04-17T07:30:00-07:00,55,60,1.2
2025-04-17T08:00:00-07:00,55,62,1.3
2025-04-17T08:30:00-07:00,53,63,1.5
2025-04-17T09:00:00-07:00,51,64,1.6
2025-04-17T09:30:00-07:00,51,63,1.1
2025-04-17T10:00:00-07:00,52,63,0.8
2025-04-17T10:30:00-07:00,51,65,1.2
2025-04-17T11:00:00-07:00,46,68,1.2
2025-04-17T11:30:00-07:00,46,68,1.2
2025-04-17T12:00:00-07:00,48,66,1.3
2025-04-17T12:30:00-07:00,47,67,1.7
2025-04-17T13:00:00-07:00,47,68,1.6
2025-04-17T13:30:00-07:00,46,68,1.5
2025-04-17T14:00:00-07:00,46,68,2.9
2025-04-17T14:30:00-07:00,45,69,3.5
2025-04-17T15:00:00-07:00,43,70,3.8
2025-04-17T15:30:00-07:00,42,70,3.5
2025-04-17T16:00:00-07:00,41,72,2.9
2025-04-17T16:30:00-07:00,35,77,2.7
2025-04-17T17:00:00-07:00,31,80,2.6
2025-04-17T17:30:00-07:00,29,82,2.5
2025-04-17T18:00:00-07:00,28,83,2.7
2025-04-17T18:30:00-07:00,32,77,2.6
2025-04-17T19:00:00-07:00,40,69,2.9
2025-04-17T19:30:00-07:00,45,65,3.8
2025-04-17T20:00:00-07:00,50,62,4.9
2025-04-17T20:30:00-07:00,53,61,5.1
2025-04-17T21:00:00-07:00,55,60,5.2
2025-04-17T21:30:00-07:00,57,59,5.7
2025-04-17T22:00:00-07:00,57,58,5.3
2025-04-17T22:30:00-07:00,58,58,5.3
2025-04-17T23:00:00-07:00,58,59,5.1
2025-04-17T23:30:00-07:00,57,59,4.7
2025-04-18T00:00:00-07:00,57,59,4.1
2025-04-18T00:30:00-07:00,56,59,3.7
2025-04-18T01:00:00-07:00,56,60,3.5
2025-04-18T01:30:00-07:00,56,60,3.1
2025-04-18T02:00:00-07:00,56,60,3.1
2025-04-18T02:30:00-07:00,55,59,3.1
2025-04-18T03:00:00-07:00,55,60,3.2
2025-04-18T03:30:00-07:00,55,60,3
2025-04-18T04:00:00-07:00,55,60,2.8
2025-04-18T04:30:00-07:00,55,60,3.1
2025-04-18T05:00:00-07:00,54,59,3.3
2025-04-18T05:30:00-07:00,54,60,3.2
2025-04-18T06:00:00-07:00,54,60,3.4
2025-04-18T06:30:00-07:00,55,60,4.5
2025-04-18T07:00:00-07:00,55,60,4.6
2025-04-18T07:30:00-07:00,55,60,4.9
2025-04-18T08:00:00-07:00,54,60,4.9
2025-04-18T08:30:00-07:00,53,61,5.8
2025-04-18T09:00:00-07:00,53,61,6
2025-04-18T09:30:00-07:00,52,62,6.2
2025-04-18T10:00:00-07:00,52,62,6.8
2025-04-18T10:30:00-07:00,50,64,7
2025-04-18T11:00:00-07:00,49,65,7.3
2025-04-18T11:30:00-07:00,47,66,7.2
2025-04-18T12:00:00-07:00,45,68,7.8
2025-04-18T12:30:00-07:00,42,71,8.2
2025-04-18T13:00:00-07:00,42,72,7.7
2025-04-18T13:30:00-07:00,41,72,7.5
2025-04-18T14:00:00-07:00,40,73,7.8
2025-04-18T14:30:00-07:00,38,75,8.8
2025-04-18T15:00:00-07:00,35,78,6.8
2025-04-18T15:30:00-07:00,31,83,6.9
2025-04-18T16:00:00-07:00,29,85,7.1
2025-04-18T16:30:00-07:00,29,85,5
2025-04-18T17:00:00-07:00,30,82,5
2025-04-18T17:30:00-07:00,30,82,4.8
2025-04-18T18:00:00-07:00,31,80,5
2025-04-18T18:30:00-07:00,35,76,5.3
2025-04-18T19:00:00-07:00,47,65,5.7
2025-04-18T19:30:00-07:00,51,63,6.4
2025-04-18T20:00:00-07:00,54,62,7
2025-04-18T20:30:00-07:00,56,61,7.3
2025-04-18T21:00:00-07:00,57,60,7.6
2025-04-18T21:30:00-07:00,58,60,7.4
2025-04-18T22:00:00-07:00,58,61,7.5
2025-04-18T22:30:00-07:00,57,61,8.6
2025-04-18T23:00:00-07:00,58,60,9.9
2025-04-18T23:30:00-07:00,59,59,9.9
2025-04-19T00:00:00-07:00,59,57,9.7
2025-04-19T00:30:00-07:00,60,56,9.4
2025-04-19T01:00:00-07:00,60,56,9
2025-04-19T01:30:00-07:00,60,56,8.9
2025-04-19T02:00:00-07:00,60,55,8.1
2025-04-19T02:30:00-07:00,60,54,7.4
2025-04-19T03:00:00-07:00,60,54,7.4
2025-04-19T03:30:00-07:00,61,55,7.5
2025-04-19T04:00:00-07:00,60,57,7.6
2025-04-19T04:30:00-07:00,60,58,7.8
2025-04-19T05:00:00-07:00,59,58,10.2
2025-04-19T05:30:00-07:00,59,59,9.9
2025-04-19T06:00:00-07:00,58,59,9.8
2025-04-19T06:30:00-07:00,58,58,9.1
2025-04-19T07:00:00-07:00,58,59,8.7
2025-04-19T07:30:00-07:00,57,59,8.7
2025-04-19T08:00:00-07:00,56,59,8.8
2025-04-19T08:30:00-07:00,55,61,8.9
2025-04-19T09:00:00-07:00,53,62,10.3
2025-04-19T09:30:00-07:00,52,64,12.9
2025-04-19T10:00:00-07:00,51,64,17.6
2025-04-19T10:30:00-07:00,49,66,17.2
2025-04-19T11:00:00-07:00,43,71,16.4
2025-04-19T11:30:00-07:00,42,71,17.4
2025-04-19T12:00:00-07:00,41,73,15.4
2025-04-19T12:30:00-07:00,40,74,14.2
2025-04-19T13:00:00-07:00,39,75,12.6
2025-04-19T13:30:00-07:00,37,75,9.3
2025-04-19T14:00:00-07:00,36,75,7.9
2025-04-19T14:30:00-07:00,36,76,6.7
2025-04-19T15:00:00-07:00,34,79,5.6
2025-04-19T15:30:00-07:00,31,82,5.4
2025-04-19T16:00:00-07:00,30,83,5.5
2025-04-19T16:30:00-07:00,29,84,5.4
2025-04-19T17:00:00-07:00,30,82,5.1
2025-04-19T17:30:00-07:00,30,82,4.4
2025-04-19T18:00:00-07:00,32,80,4.6
2025-04-19T18:30:00-07:00,36,73,4.8
2025-04-19T19:00:00-07:00,45,65,5.2
2025-04-19T19:30:00-07:00,50,62,6.3
2025-04-19T20:00:00-07:00,53,59,7.3
2025-04-19T20:30:00-07:00,55,59,6.8
2025-04-19T21:00:00-07:00,56,57,6.8
2025-04-19T21:30:00-07:00,57,57,6.8
2025-04-19T22:00:00-07:00,57,56,6.2
2025-04-19T22:30:00-07:00,57,57,5.9
2025-04-19T23:00:00-07:00,58,58,6
2025-04-19T23:30:00-07:00,57,56,5.4
2025-04-20T00:00:00-07:00,56,57,5.2
2025-04-20T00:30:00-07:00,55,57,5.1
2025-04-20T01:00:00-07:00,55,59,5.4
2025-04-20T01:30:00-07:00,55,59,6.7
2025-04-20T02:00:00-07:00,55,60,6.9
2025-04-20T02:30:00-07:00,55,60,7.1
2025-04-20T03:00:00-07:00,55,60,7.4
2025-04-20T03:30:00-07:00,55,59,7.8
2025-04-20T04:00:00-07:00,55,59,8.4
2025-04-20T04:30:00-07:00,55,59,7.6
2025-04-20T05:00:00-07:00,55,59,8.2
2025-04-20T05:30:00-07:00,55,59,11
2025-04-20T06:00:00-07:00,55,59,14.7
2025-04-20T06:30:00-07:00,56,59,14.1
2025-04-20T07:00:00-07:00,55,60,15.1
2025-04-20T07:30:00-07:00,54,61,15.5
2025-04-20T08:00:00-07:00,53,62,16.1
2025-04-20T08:30:00-07:00,51,62,15.8
2025-04-20T09:00:00-07:00,49,63,15
2025-04-20T09:30:00-07:00,48,66,13.6
2025-04-20T10:00:00-07:00,45,67,10.4
2025-04-20T10:30:00-07:00,42,69,8.1
2025-04-20T11:00:00-07:00,41,71,8.1
2025-04-20T11:30:00-07:00,40,72,8.5
2025-04-20T12:00:00-07:00,39,73,8.9
2025-04-20T12:30:00-07:00,37,75,8.6
2025-04-20T13:00:00-07:00,35,77,8.6
2025-04-20T13:30:00-07:00,34,78,8.1
2025-04-20T14:00:00-07:00,33,79,7.5
2025-04-20T14:30:00-07:00,32,80,7
2025-04-20T15:00:00-07:00,31,83,6.4
2025-04-20T15:30:00-07:00,28,87,6
2025-04-20T16:00:00-07:00,25,89,5.2
2025-04-20T16:30:00-07:00,24,90,4.5
2025-04-20T17:00:00-07:00,23,88,3.7
2025-04-20T17:30:00-07:00,23,90,3.7
2025-04-20T18:00:00-07:00,25,87,4
2025-04-20T18:30:00-07:00,29,81,4.6
2025-04-20T19:00:00-07:00,39,71,5.2
2025-04-20T19:30:00-07:00,45,65,6.4
2025-04-20T20:00:00-07:00,49,64,7.1
2025-04-20T20:30:00-07:00,52,61,6.8
2025-04-20T21:00:00-07:00,55,58,7.2
2025-04-20T21:30:00-07:00,57,56,7.4
2025-04-20T22:00:00-07:00,59,59,7.3
2025-04-20T22:30:00-07:00,58,58,6.6
2025-04-20T23:00:00-07:00,58,58,6.4
2025-04-20T23:30:00-07:00,58,58,6.5
2025-04-21T00:00:00-07:00,59,57,6.4
2025-04-21T00:30:00-07:00,59,56,7.3
2025-04-21T01:00:00-07:00,58,55,6.3
2025-04-21T01:30:00-07:00,58,54,6.1
2025-04-21T02:00:00-07:00,57,54,6.4
2025-04-21T02:30:00-07:00,57,53,6.7
2025-04-21T03:00:00-07:00,58,53,5.9
2025-04-21T03:30:00-07:00,59,52,6.1
2025-04-21T04:00:00-07:00,59,52,6.6
2025-04-21T04:30:00-07:00,60,51,7.1
2025-04-21T05:00:00-07:00,60,51,7.9
2025-04-21T05:30:00-07:00,60,51,7.9
2025-04-21T06:00:00-07:00,61,54,10.9
2025-04-21T06:30:00-07:00,63,55,14.3
2025-04-21T07:00:00-07:00,63,57,15.9
2025-04-21T07:30:00-07:00,61,58,15.8
2025-04-21T08:00:00-07:00,59,60,15.9
2025-04-21T08:30:00-07:00,57,60,16.4
2025-04-21T09:00:00-07:00,56,62,16.5
2025-04-21T09:30:00-07:00,52,65,16
2025-04-21T10:00:00-07:00,47,68,14.1
2025-04-21T10:30:00-07:00,44,70,13.3
2025-04-21T11:00:00-07:00,42,73,12.7
2025-04-21T11:30:00-07:00,41,74,13
2025-04-21T12:00:00-07:00,40,76,12.9
2025-04-21T12:30:00-07:00,38,79,12.8
2025-04-21T13:00:00-07:00,37,80,12.6
2025-04-21T13:30:00-07:00,34,81,11.3
2025-04-21T14:00:00-07:00,33,82,10.9
2025-04-21T14:30:00-07:00,30,84,9
2025-04-21T15:00:00-07:00,28,87,8
2025-04-21T15:30:00-07:00,25,92,7.9
2025-04-21T16:00:00-07:00,24,95,8.2
2025-04-21T16:30:00-07:00,22,96,7.3
2025-04-21T17:00:00-07:00,23,95,7.6
2025-04-21T17:30:00-07:00,24,96,7.8
2025-04-21T18:00:00-07:00,25,94,7.9
2025-04-21T18:30:00-07:00,28,88,7.4
2025-04-21T19:00:00-07:00,37,78,7
2025-04-21T19:30:00-07:00,43,73,6.8
2025-04-21T20:00:00-07:00,47,70,7.2
2025-04-21T20:30:00-07:00,48,69,7
2025-04-21T21:00:00-07:00,50,67,6.7
2025-04-21T21:30:00-07:00,51,66,6.4
2025-04-21T22:00:00-07:00,53,65,6.7
2025-04-21T22:30:00-07:00,54,64,8
2025-04-21T23:00:00-07:00,55,63,7.5
2025-04-21T23:30:00-07:00,56,62,8.2
2025-04-22T00:00:00-07:00,56,61,8
2025-04-22T00:30:00-07:00,57,60,8.5
2025-04-22T01:00:00-07:00,57,59,8.8
2025-04-22T01:30:00-07:00,58,58,9.3
2025-04-22T02:00:00-07:00,58,58,9.4
2025-04-22T02:30:00-07:00,58,57,10
2025-04-22T03:00:00-07:00,59,57,10.9
2025-04-22T03:30:00-07:00,60,57,9.7
2025-04-22T04:00:00-07:00,61,57,9.4
2025-04-22T04:30:00-07:00,62,57,8.6
2025-04-22T05:00:00-07:00,62,56,8.1
2025-04-22T05:30:00-07:00,62,56,7.4
2025-04-22T06:00:00-07:00,63,57,7.6
2025-04-22T06:30:00-07:00,62,58,8.8
2025-04-22T07:00:00-07:00,61,59,11.8
2025-04-22T07:30:00-07:00,59,60,12.6
2025-04-22T08:00:00-07:00,58,62,15.7
2025-04-22T08:30:00-07:00,56,64,16.8
2025-04-22T09:00:00-07:00,52,67,17.3
2025-04-22T09:30:00-07:00,50,68,15.5
2025-04-22T10:00:00-07:00,47,70,13.6
2025-04-22T10:30:00-07:00,45,72,13.1
2025-04-22T11:00:00-07:00,42,74,13.1
2025-04-22T11:30:00-07:00,41,76,13
2025-04-22T12:00:00-07:00,40,77,19.9
2025-04-22T12:30:00-07:00,37,79,10.4
2025-04-22T13:00:00-07:00,37,80,9.5
2025-04-22T13:30:00-07:00,35,80,7
2025-04-22T14:00:00-07:00,35,80,6.6
2025-04-22T14:30:00-07:00,35,79,6.1
2025-04-22T15:00:00-07:00,33,82,5.8
2025-04-22T15:30:00-07:00,29,86,5.4
2025-04-22T16:00:00-07:00,29,85,5.6
2025-04-22T16:30:00-07:00,31,81,5.9
2025-04-22T17:00:00-07:00,32,81,6
2025-04-22T17:30:00-07:00,35,78,6.2
2025-04-22T18:00:00-07:00,35,78,6.1
2025-04-22T18:30:00-07:00,32,78,5.3
2025-04-22T19:00:00-07:00,37,70,5.7
2025-04-22T19:30:00-07:00,43,65,6.3
2025-04-22T20:00:00-07:00,46,62,6.8
2025-04-22T20:30:00-07:00,48,62,6.7
2025-04-22T21:00:00-07:00,50,60,6.4
2025-04-22T21:30:00-07:00,52,59,6.6
2025-04-22T22:00:00-07:00,52,59,6.4
2025-04-22T22:30:00-07:00,53,58,6.6
2025-04-22T23:00:00-07:00,54,58,6.8
2025-04-22T23:30:00-07:00,55,57,6.9
2025-04-23T00:00:00-07:00,56,56,7.5
2025-04-23T00:30:00-07:00,57,56,7.6
2025-04-23T01:00:00-07:00,57,56,7.6
2025-04-23T01:30:00-07:00,57,56,7.5
2025-04-23T02:00:00-07:00,58,55,7.5
2025-04-23T02:30:00-07:00,59,55,7.5
2025-04-23T03:00:00-07:00,59,55,7.5
2025-04-23T03:30:00-07:00,59,55,7.4
2025-04-23T04:00:00-07:00,60,54,7.8
2025-04-23T04:30:00-07:00,58,55,7.3
2025-04-23T05:00:00-07:00,59,55,7.3
2025-04-23T05:30:00-07:00,59,55,7.2
2025-04-23T06:00:00-07:00,59,55,7.5
2025-04-23T06:30:00-07:00,59,55,7
2025-04-23T07:00:00-07:00,58,56,7
2025-04-23T07:30:00-07:00,56,57,6.6
2025-04-23T08:00:00-07:00,55,57,5.8
2025-04-23T08:30:00-07:00,51,60,5.6
2025-04-23T09:00:00-07:00,48,62,5.6
2025-04-23T09:30:00-07:00,46,63,5.6
2025-04-23T10:00:00-07:00,46,63,5.6
2025-04-23T10:30:00-07:00,43,65,5.5
2025-04-23T11:00:00-07:00,42,65,5.5
2025-04-23T11:30:00-07:00,40,68,5.3
2025-04-23T12:00:00-07:00,39,69,5.6
2025-04-23T12:30:00-07:00,38,70,5.4
2025-04-23T13:00:00-07:00,38,70,5.3
2025-04-23T13:30:00-07:00,38,70,5.2
2025-04-23T14:00:00-07:00,37,71,5.4
2025-04-23T14:30:00-07:00,36,72,5.5
2025-04-23T15:00:00-07:00,35,73,5.5
2025-04-23T15:30:00-07:00,33,75,5.3
2025-04-23T16:00:00-07:00,34,75,5.4
2025-04-23T16:30:00-07:00,33,75,5.4
2025-04-23T17:00:00-07:00,33,74,5.6
2025-04-23T17:30:00-07:00,34,73,5.5
2025-04-23T18:00:00-07:00,38,69,5.6
2025-04-23T18:30:00-07:00,43,65,6
2025-04-23T19:00:00-07:00,46,63,5.9
2025-04-23T19:30:00-07:00,48,61,5.9
2025-04-23T20:00:00-07:00,49,60,6
2025-04-23T20:30:00-07:00,50,60,6.1
2025-04-23T21:00:00-07:00,51,59,6.3
2025-04-23T21:30:00-07:00,52,59,6.7
2025-04-23T22:00:00-07:00,52,59,6.4
2025-04-23T22:30:00-07:00,51,59,6.6
2025-04-23T23:00:00-07:00,52,59,6.7
2025-04-23T23:30:00-07:00,51,59,7
2025-04-24T00:00:00-07:00,51,59,6.8
2025-04-24T00:30:00-07:00,52,59,7
2025-04-24T01:00:00-07:00,51,59,6.9
2025-04-24T01:30:00-07:00,51,59,6.9
2025-04-24T02:00:00-07:00,51,59,7.1
2025-04-24T02:30:00-07:00,52,59,7.1
2025-04-24T03:00:00-07:00,52,58,6.6
2025-04-24T03:30:00-07:00,53,58,6.4
2025-04-24T04:00:00-07:00,53,58,6.2
2025-04-24T04:30:00-07:00,54,58,6.2
2025-04-24T05:00:00-07:00,55,57,6.3
2025-04-24T05:30:00-07:00,56,57,6
2025-04-24T06:00:00-07:00,55,57,5.8
2025-04-24T06:30:00-07:00,54,57,5.8
2025-04-24T07:00:00-07:00,54,58,5.4
2025-04-24T07:30:00-07:00,53,58,5.5
2025-04-24T08:00:00-07:00,52,58,5.2
2025-04-24T08:30:00-07:00,52,58,5
2025-04-24T09:00:00-07:00,51,58,5.3
2025-04-24T09:30:00-07:00,50,59,5
2025-04-24T10:00:00-07:00,49,60,5.1
2025-04-24T10:30:00-07:00,48,60,4.9
2025-04-24T11:00:00-07:00,48,61,4.8
2025-04-24T11:30:00-07:00,47,61,4.6
2025-04-24T12:00:00-07:00,46,61,4.7
2025-04-24T12:30:00-07:00,46,61,4.5
2025-04-24T13:00:00-07:00,44,63,4
2025-04-24T13:30:00-07:00,43,63,3.9
2025-04-24T14:00:00-07:00,42,64,4
2025-04-24T14:30:00-07:00,41,64,4.1
2025-04-24T15:00:00-07:00,41,63,3.8
2025-04-24T15:30:00-07:00,42,64,3.7
2025-04-24T16:00:00-07:00,43,63,3.8
2025-04-24T16:30:00-07:00,42,63,3.5
2025-04-24T17:00:00-07:00,41,63,3
2025-04-24T17:30:00-07:00,40,63,3
2025-04-24T18:00:00-07:00,42,62,3
2025-04-24T18:30:00-07:00,43,61,3.1
2025-04-24T19:00:00-07:00,46,60,3.1
2025-04-24T19:30:00-07:00,47,59,3.2
2025-04-24T20:00:00-07:00,48,59,3.3
2025-04-24T20:30:00-07:00,49,58,3.2
2025-04-24T21:00:00-07:00,50,58,3.3
2025-04-24T21:30:00-07:00,50,58,3.2
2025-04-24T22:00:00-07:00,51,58,3.2
2025-04-24T22:30:00-07:00,51,58,3.5
2025-04-24T23:00:00-07:00,52,58,3.4
2025-04-24T23:30:00-07:00,52,58,3.3
2025-04-25T00:00:00-07:00,54,57,3.2
2025-04-25T00:30:00-07:00,55,58,3.2
2025-04-25T01:00:00-07:00,53,58,3.1
2025-04-25T01:30:00-07:00,51,57,2.8
2025-04-25T02:00:00-07:00,51,57,2.7
2025-04-25T02:30:00-07:00,51,57,2.8
2025-04-25T03:00:00-07:00,52,56,3
2025-04-25T03:30:00-07:00,52,57,2.8
2025-04-25T04:00:00-07:00,52,57,2.9
2025-04-25T04:30:00-07:00,52,57,2.9
2025-04-25T05:00:00-07:00,52,57,2.8
2025-04-25T05:30:00-07:00,54,57,2.7
2025-04-25T06:00:00-07:00,53,57,2.8
2025-04-25T06:30:00-07:00,53,57,2.8
2025-04-25T07:00:00-07:00,52,57,2.5
2025-04-25T07:30:00-07:00,52,58,2.6
2025-04-25T08:00:00-07:00,50,59,2.2
2025-04-25T08:30:00-07:00,49,60,2
2025-04-25T09:00:00-07:00,47,61,2.1
2025-04-25T09:30:00-07:00,44,63,2
2025-04-25T10:00:00-07:00,42,63,2.1
2025-04-25T10:30:00-07:00,43,62,2.2
2025-04-25T11:00:00-07:00,44,63,2.1
2025-04-25T11:30:00-07:00,38,66,2
2025-04-25T12:00:00-07:00,38,65,2.1
2025-04-25T12:30:00-07:00,37,65,1.7
2025-04-25T13:00:00-07:00,37,66,1.7
2025-04-25T13:30:00-07:00,45,64,2.3
2025-04-25T14:00:00-07:00,44,66,1.8
2025-04-25T14:30:00-07:00,43,65,1.6
2025-04-25T15:00:00-07:00,43,66,1.8
2025-04-25T15:30:00-07:00,38,70,1.8
2025-04-25T16:00:00-07:00,36,67,1.1
2025-04-25T16:30:00-07:00,36,67,0.8
2025-04-25T17:00:00-07:00,37,66,0.9
2025-04-25T17:30:00-07:00,41,64,1.1
2025-04-25T18:00:00-07:00,44,62,1
2025-04-25T18:30:00-07:00,44,62,0.9
2025-04-25T19:00:00-07:00,47,59,0.8
2025-04-25T19:30:00-07:00,50,58,0.8
2025-04-25T20:00:00-07:00,53,57,1.2
2025-04-25T20:30:00-07:00,52,57,1.3
2025-04-25T21:00:00-07:00,50,58,0.8
2025-04-25T21:30:00-07:00,48,58,0.6
2025-04-25T22:00:00-07:00,48,55,0.9
2025-04-25T22:30:00-07:00,49,54,1
2025-04-25T23:00:00-07:00,51,57,1
2025-04-25T23:30:00-07:00,53,56,1.2
2025-04-26T00:00:00-07:00,53,56,2.4
2025-04-26T00:30:00-07:00,55,55,3.4
2025-04-26T01:00:00-07:00,55,57,3.5
2025-04-26T01:30:00-07:00,54,57,3.1
2025-04-26T02:00:00-07:00,52,57,3
2025-04-26T02:30:00-07:00,51,57,2.1
2025-04-26T03:00:00-07:00,54,55,3.3
2025-04-26T03:30:00-07:00,57,54,3.6
2025-04-26T04:00:00-07:00,58,54,3.6
2025-04-26T04:30:00-07:00,58,53,3
2025-04-26T05:00:00-07:00,59,52,2.8
2025-04-26T05:30:00-07:00,59,50,9.4
2025-04-26T06:00:00-07:00,59,51,5
2025-04-26T06:30:00-07:00,60,51,3
2025-04-26T07:00:00-07:00,60,51,3.2
2025-04-26T07:30:00-07:00,60,53,5.1
2025-04-26T08:00:00-07:00,58,55,4.6
2025-04-26T08:30:00-07:00,54,58,3.9
2025-04-26T09:00:00-07:00,51,59,2.5
2025-04-26T09:30:00-07:00,48,61,2.4
2025-04-26T10:00:00-07:00,47,62,2.4
2025-04-26T10:30:00-07:00,45,63,1.9
2025-04-26T11:00:00-07:00,42,64,1.6
2025-04-26T11:30:00-07:00,39,67,1.4
2025-04-26T12:00:00-07:00,35,70,0.9
2025-04-26T12:30:00-07:00,34,71,1
2025-04-26T13:00:00-07:00,33,72,1.1
2025-04-26T13:30:00-07:00,35,72,1.3
2025-04-26T14:00:00-07:00,35,73,0.9
2025-04-26T14:30:00-07:00,36,73,1
2025-04-26T15:00:00-07:00,36,72,1
2025-04-26T15:30:00-07:00,36,72,1
2025-04-26T16:00:00-07:00,38,71,1.9
2025-04-26T16:30:00-07:00,41,69,2.5
2025-04-26T17:00:00-07:00,44,65,2.8
2025-04-26T17:30:00-07:00,46,62,2.5
2025-04-26T18:00:00-07:00,48,62,1.8
2025-04-26T18:30:00-07:00,49,62,1.9
2025-04-26T19:00:00-07:00,49,61,1.6
2025-04-26T19:30:00-07:00,51,60,1.4
2025-04-26T20:00:00-07:00,52,60,1.7
2025-04-26T20:30:00-07:00,54,59,1.6
2025-04-26T21:00:00-07:00,56,59,2
2025-04-26T21:30:00-07:00,57,59,0.7
2025-04-26T22:00:00-07:00,58,58,0.5
2025-04-26T22:30:00-07:00,58,58,0.3
2025-04-26T23:00:00-07:00,58,58,0.3
2025-04-26T23:30:00-07:00,59,58,0.6
2025-04-27T00:00:00-07:00,58,58,0.2
2025-04-27T00:30:00-07:00,58,58,0.3
2025-04-27T01:00:00-07:00,59,58,0.5
2025-04-27T01:30:00-07:00,60,58,0.3
2025-04-27T02:00:00-07:00,59,58,0.2
2025-04-27T02:30:00-07:00,59,58,0.3
2025-04-27T03:00:00-07:00,58,58,0.5
2025-04-27T03:30:00-07:00,58,57,0.6
2025-04-27T04:00:00-07:00,57,58,0.4
2025-04-27T04:30:00-07:00,57,58,0.8
2025-04-27T05:00:00-07:00,57,58,1.7
2025-04-27T05:30:00-07:00,57,58,2
2025-04-27T06:00:00-07:00,57,58,2.2
2025-04-27T06:30:00-07:00,57,58,2.6
2025-04-27T07:00:00-07:00,58,58,3
2025-04-27T07:30:00-07:00,58,58,3.2
2025-04-27T08:00:00-07:00,62,58,7.6
2025-04-27T08:30:00-07:00,62,57,7.8
2025-04-27T09:00:00-07:00,59,57,7.9
2025-04-27T09:30:00-07:00,57,59,7.4
2025-04-27T10:00:00-07:00,54,60,6.7
2025-04-27T10:30:00-07:00,52,61,6.4
2025-04-27T11:00:00-07:00,51,62,6.4
2025-04-27T11:30:00-07:00,50,63,6.3
2025-04-27T12:00:00-07:00,47,64,6.2
2025-04-27T12:30:00-07:00,45,65,6
2025-04-27T13:00:00-07:00,45,66,5.9
2025-04-27T13:30:00-07:00,43,67,5.8
2025-04-27T14:00:00-07:00,40,69,5.4
2025-04-27T14:30:00-07:00,40,69,6.1
2025-04-27T15:00:00-07:00,40,68,6.2
2025-04-27T15:30:00-07:00,39,70,6.2
2025-04-27T16:00:00-07:00,40,69,5.8
2025-04-27T16:30:00-07:00,40,68,5.7
2025-04-27T17:00:00-07:00,41,68,5.6
2025-04-27T17:30:00-07:00,42,68,5.5
2025-04-27T18:00:00-07:00,44,68,5.8
2025-04-27T18:30:00-07:00,44,68,6.4
2025-04-27T19:00:00-07:00,47,64,6.4
2025-04-27T19:30:00-07:00,51,62,6.4
2025-04-27T20:00:00-07:00,53,60,6.5
2025-04-27T20:30:00-07:00,55,59,7.2
2025-04-27T21:00:00-07:00,57,58,7.2
2025-04-27T21:30:00-07:00,58,57,7.1
2025-04-27T22:00:00-07:00,58,57,7.5
2025-04-27T22:30:00-07:00,58,57,7.4
2025-04-27T23:00:00-07:00,59,56,7.1
2025-04-27T23:30:00-07:00,59,55,7.3
2025-04-28T00:00:00-07:00,59,54,7.7
2025-04-28T00:30:00-07:00,60,54,7.8
2025-04-28T01:00:00-07:00,60,53,8
2025-04-28T01:30:00-07:00,61,53,7.8
2025-04-28T02:00:00-07:00,60,52,7.5
2025-04-28T02:30:00-07:00,60,52,8
2025-04-28T03:00:00-07:00,61,51,8.3
2025-04-28T03:30:00-07:00,61,51,8.8
2025-04-28T04:00:00-07:00,61,50,8.2
2025-04-28T04:30:00-07:00,62,50,7.9
2025-04-28T05:00:00-07:00,62,50,7.6
2025-04-28T05:30:00-07:00,62,50,8.3
2025-04-28T06:00:00-07:00,62,50,9.3
2025-04-28T06:30:00-07:00,62,50,7.7
2025-04-28T07:00:00-07:00,61,50,7.2
2025-04-28T07:30:00-07:00,64,53,10.6
2025-04-28T08:00:00-07:00,63,56,11
2025-04-28T08:30:00-07:00,59,59,9.3
2025-04-28T09:00:00-07:00,54,62,10.8
2025-04-28T09:30:00-07:00,50,65,9.6
2025-04-28T10:00:00-07:00,47,67,8.8
2025-04-28T10:30:00-07:00,43,69,7.5
2025-04-28T11:00:00-07:00,41,71,6.9
2025-04-28T11:30:00-07:00,40,73,7.1
2025-04-28T12:00:00-07:00,38,74,6.6
2025-04-28T12:30:00-07:00,37,75,6.1
2025-04-28T13:00:00-07:00,36,76,5.3
2025-04-28T13:30:00-07:00,34,77,4.9
2025-04-28T14:00:00-07:00,34,78,4.7
2025-04-28T14:30:00-07:00,34,78,4.7
2025-04-28T15:00:00-07:00,32,81,4.1
2025-04-28T15:30:00-07:00,28,84,4.1
2025-04-28T16:00:00-07:00,27,86,4.4
2025-04-28T16:30:00-07:00,26,87,4.3
2025-04-28T17:00:00-07:00,27,86,3.9
2025-04-28T17:30:00-07:00,27,86,3.8
2025-04-28T18:00:00-07:00,29,84,3.5
2025-04-28T18:30:00-07:00,29,82,3.7
2025-04-28T19:00:00-07:00,38,71,4
2025-04-28T19:30:00-07:00,44,67,4.4
2025-04-28T20:00:00-07:00,47,64,4.5
2025-04-28T20:30:00-07:00,50,62,4.6
2025-04-28T21:00:00-07:00,52,61,5
2025-04-28T21:30:00-07:00,54,61,4.7
2025-04-28T22:00:00-07:00,56,60,5.1
2025-04-28T22:30:00-07:00,57,60,5.3
2025-04-28T23:00:00-07:00,57,59,6.4
2025-04-28T23:30:00-07:00,57,58,6.8
2025-04-29T00:00:00-07:00,57,57,6.7
2025-04-29T00:30:00-07:00,57,56,6.4
2025-04-29T01:00:00-07:00,57,56,8.1
2025-04-29T01:30:00-07:00,57,56,7.1
2025-04-29T02:00:00-07:00,58,55,5.9
2025-04-29T02:30:00-07:00,58,55,5.5
2025-04-29T03:00:00-07:00,58,54,5.1
2025-04-29T03:30:00-07:00,59,53,5.2
2025-04-29T04:00:00-07:00,59,53,5
2025-04-29T04:30:00-07:00,59,52,5.2
2025-04-29T05:00:00-07:00,60,52,5.1
2025-04-29T05:30:00-07:00,60,52,5.3
2025-04-29T06:00:00-07:00,60,52,5.5
2025-04-29T06:30:00-07:00,60,52,5.8
2025-04-29T07:00:00-07:00,60,53,7.6
2025-04-29T07:30:00-07:00,64,55,8.6
2025-04-29T08:00:00-07:00,63,58,9.8
2025-04-29T08:30:00-07:00,58,61,11.3
2025-04-29T09:00:00-07:00,53,64,10.1
2025-04-29T09:30:00-07:00,48,68,9.2
2025-04-29T10:00:00-07:00,44,71,8.6
2025-04-29T10:30:00-07:00,40,74,8.2
2025-04-29T11:00:00-07:00,40,75,8.2
2025-04-29T11:30:00-07:00,40,77,8.6
2025-04-29T12:00:00-07:00,38,78,8.6
2025-04-29T12:30:00-07:00,35,80,7.8
2025-04-29T13:00:00-07:00,32,82,5.9
2025-04-29T13:30:00-07:00,30,83,4.9
2025-04-29T14:00:00-07:00,28,86,4.6
2025-04-29T14:30:00-07:00,27,87,5.5
2025-04-29T15:00:00-07:00,25,90,5.4
2025-04-29T15:30:00-07:00,22,95,5.4
2025-04-29T16:00:00-07:00,21,97,5.5
2025-04-29T16:30:00-07:00,21,97,6
2025-04-29T17:00:00-07:00,20,97,5.2
2025-04-29T17:30:00-07:00,22,92,5
2025-04-29T18:00:00-07:00,26,87,4.7
2025-04-29T18:30:00-07:00,30,81,4.7
2025-04-29T19:00:00-07:00,36,74,4.7
2025-04-29T19:30:00-07:00,43,69,5.1
2025-04-29T20:00:00-07:00,49,66,6.1
2025-04-29T20:30:00-07:00,50,64,6
2025-04-29T21:00:00-07:00,52,63,6.5
2025-04-29T21:30:00-07:00,53,62,7.4
2025-04-29T22:00:00-07:00,55,61,7.4
2025-04-29T22:30:00-07:00,55,61,7.6
2025-04-29T23:00:00-07:00,56,60,8
2025-04-29T23:30:00-07:00,57,60,8.3
2025-04-30T00:00:00-07:00,57,60,7.8
2025-04-30T00:30:00-07:00,57,59,8
2025-04-30T01:00:00-07:00,58,59,8.3
2025-04-30T01:30:00-07:00,58,59,8.1
2025-04-30T02:00:00-07:00,58,59,9.1
2025-04-30T02:30:00-07:00,59,58,8.4
2025-04-30T03:00:00-07:00,60,58,7.9
2025-04-30T03:30:00-07:00,60,57,7.7
2025-04-30T04:00:00-07:00,60,57,8.1
2025-04-30T04:30:00-07:00,61,57,8.6
2025-04-30T05:00:00-07:00,62,55,8.9
2025-04-30T05:30:00-07:00,61,57,8.1
2025-04-30T06:00:00-07:00,61,56,7.7
2025-04-30T06:30:00-07:00,62,58,8.3
2025-04-30T07:00:00-07:00,62,60,9.1
2025-04-30T07:30:00-07:00,59,61,10.2
2025-04-30T08:00:00-07:00,57,63,10
2025-04-30T08:30:00-07:00,54,65,10.6
2025-04-30T09:00:00-07:00,50,68,10.3
2025-04-30T09:30:00-07:00,48,69,10.8
2025-04-30T10:00:00-07:00,45,72,9.9
2025-04-30T10:30:00-07:00,43,73,10.8
2025-04-30T11:00:00-07:00,43,74,13.7
2025-04-30T11:30:00-07:00,41,76,15.6
2025-04-30T12:00:00-07:00,38,78,13.6
2025-04-30T12:30:00-07:00,37,79,13.3
2025-04-30T13:00:00-07:00,37,81,11.6
2025-04-30T13:30:00-07:00,35,82,10.1
2025-04-30T14:00:00-07:00,34,83,9
2025-04-30T14:30:00-07:00,33,84,8.7
2025-04-30T15:00:00-07:00,29,88,8
2025-04-30T15:30:00-07:00,26,91,8.4
2025-04-30T16:00:00-07:00,26,92,7.5
2025-04-30T16:30:00-07:00,25,91,7.4
2025-04-30T17:00:00-07:00,25,91,6.7
2025-04-30T17:30:00-07:00,25,90,6.4
2025-04-30T18:00:00-07:00,27,88,7.1
2025-04-30T18:30:00-07:00,29,84,6.6
2025-04-30T19:00:00-07:00,36,75,6.5
2025-04-30T19:30:00-07:00,41,71,7.2
2025-04-30T20:00:00-07:00,45,69,8.5
2025-04-30T20:30:00-07:00,47,67,8.8
2025-04-30T21:00:00-07:00,49,65,9.1
2025-04-30T21:30:00-07:00,51,64,9.4
2025-04-30T22:00:00-07:00,53,63,9.2
2025-04-30T22:30:00-07:00,54,62,9.8
2025-04-30T23:00:00-07:00,56,61,9.6
2025-04-30T23:30:00-07:00,56,61,10.1
2025-05-01T00:00:00-07:00,57,60,9.4
2025-05-01T00:30:00-07:00,57,60,8.7
2025-05-01T01:00:00-07:00,58,60,8.5
2025-05-01T01:30:00-07:00,58,59,8.4
2025-05-01T02:00:00-07:00,58,59,8.5
2025-05-01T02:30:00-07:00,59,60,7.4
2025-05-01T03:00:00-07:00,60,60,5.2
2025-05-01T03:30:00-07:00,60,61,5
2025-05-01T04:00:00-07:00,60,61,5.6
2025-05-01T04:30:00-07:00,59,62,5.5
2025-05-01T05:00:00-07:00,58,62,6.8
2025-05-01T05:30:00-07:00,58,62,6.4
2025-05-01T06:00:00-07:00,58,62,8.7
2025-05-01T06:30:00-07:00,58,61,11.3
2025-05-01T07:00:00-07:00,58,61,9.9
2025-05-01T07:30:00-07:00,58,62,10.2
2025-05-01T08:00:00-07:00,57,62,11
2025-05-01T08:30:00-07:00,56,63,11.7
2025-05-01T09:00:00-07:00,54,64,12.2
2025-05-01T09:30:00-07:00,51,66,11
2025-05-01T10:00:00-07:00,48,68,11.6
2025-05-01T10:30:00-07:00,44,71,12.1
2025-05-01T11:00:00-07:00,43,73,10.9
2025-05-01T11:30:00-07:00,39,74,6.3
2025-05-01T12:00:00-07:00,37,76,5.2
2025-05-01T12:30:00-07:00,36,78,5.3
2025-05-01T13:00:00-07:00,36,79,5.2
2025-05-01T13:30:00-07:00,36,79,6.2
2025-05-01T14:00:00-07:00,36,79,7.5
2025-05-01T14:30:00-07:00,35,80,8
2025-05-01T15:00:00-07:00,31,83,7.7
2025-05-01T15:30:00-07:00,28,86,7.3
2025-05-01T16:00:00-07:00,27,87,6.9
2025-05-01T16:30:00-07:00,26,88,6.7
2025-05-01T17:00:00-07:00,26,88,6.6
2025-05-01T17:30:00-07:00,27,87,6.2
2025-05-01T18:00:00-07:00,28,84,6
2025-05-01T18:30:00-07:00,32,78,5.9
2025-05-01T19:00:00-07:00,41,69,6.4
2025-05-01T19:30:00-07:00,48,64,7
2025-05-01T20:00:00-07:00,52,61,7.4
2025-05-01T20:30:00-07:00,54,60,7.8
2025-05-01T21:00:00-07:00,54,59,7.9
2025-05-01T21:30:00-07:00,55,60,8.6
2025-05-01T22:00:00-07:00,56,59,9
2025-05-01T22:30:00-07:00,57,58,10
2025-05-01T23:00:00-07:00,58,57,10.3
2025-05-01T23:30:00-07:00,58,58,10.1
2025-05-02T00:00:00-07:00,57,59,10.1
2025-05-02T00:30:00-07:00,57,59,10.2
2025-05-02T01:00:00-07:00,58,58,9
2025-05-02T01:30:00-07:00,58,58,7.9
2025-05-02T02:00:00-07:00,58,58,7.8
2025-05-02T02:30:00-07:00,59,58,10.1
2025-05-02T03:00:00-07:00,59,58,9.4
2025-05-02T03:30:00-07:00,58,58,8.8
2025-05-02T04:00:00-07:00,57,56,8.4
2025-05-02T04:30:00-07:00,56,59,8.4
2025-05-02T05:00:00-07:00,55,59,8.6
2025-05-02T05:30:00-07:00,55,59,8.4
2025-05-02T06:00:00-07:00,55,59,8.1
2025-05-02T06:30:00-07:00,55,59,8.1
2025-05-02T07:00:00-07:00,54,59,8.3
2025-05-02T07:30:00-07:00,53,60,8.3
2025-05-02T08:00:00-07:00,52,60,8
2025-05-02T08:30:00-07:00,50,62,8.2
2025-05-02T09:00:00-07:00,48,63,8.3
2025-05-02T09:30:00-07:00,45,63,7.9
2025-05-02T10:00:00-07:00,44,65,6.9
2025-05-02T10:30:00-07:00,44,67,5.6
2025-05-02T11:00:00-07:00,42,68,5
2025-05-02T11:30:00-07:00,41,69,3.7
2025-05-02T12:00:00-07:00,41,71,3
2025-05-02T12:30:00-07:00,40,71,2.5
2025-05-02T13:00:00-07:00,40,72,2.4
2025-05-02T13:30:00-07:00,41,73,2.1
2025-05-02T14:00:00-07:00,41,72,1.5
2025-05-02T14:30:00-07:00,40,74,0.8
2025-05-02T15:00:00-07:00,37,76,0.8
2025-05-02T15:30:00-07:00,34,79,0.5
2025-05-02T16:00:00-07:00,33,79,0.3
2025-05-02T16:30:00-07:00,34,78,0.6
2025-05-02T17:00:00-07:00,38,75,0.7
2025-05-02T17:30:00-07:00,37,75,0.8
2025-05-02T18:00:00-07:00,41,70,1.5
2025-05-02T18:30:00-07:00,45,67,1.7
2025-05-02T19:00:00-07:00,48,63,2
2025-05-02T19:30:00-07:00,51,63,2.2
2025-05-02T20:00:00-07:00,52,63,2.3
2025-05-02T20:30:00-07:00,53,62,2.3
2025-05-02T21:00:00-07:00,53,60,2.3
2025-05-02T21:30:00-07:00,53,62,2.3
2025-05-02T22:00:00-07:00,53,61,1.9
2025-05-02T22:30:00-07:00,53,61,2.1
2025-05-02T23:00:00-07:00,54,61,2.1
2025-05-02T23:30:00-07:00,54,58,2.1
2025-05-03T00:00:00-07:00,55,61,2.1
2025-05-03T00:30:00-07:00,55,61,2
2025-05-03T01:00:00-07:00,56,61,1.9
2025-05-03T01:30:00-07:00,56,61,1.9
2025-05-03T02:00:00-07:00,57,61,1.8
2025-05-03T02:30:00-07:00,58,61,1.9
2025-05-03T03:00:00-07:00,58,61,2.1
2025-05-03T03:30:00-07:00,59,61,1.7
2025-05-03T04:00:00-07:00,59,60,1.2
2025-05-03T04:30:00-07:00,60,59,1.1
2025-05-03T05:00:00-07:00,61,59,1.1
2025-05-03T05:30:00-07:00,60,59,1.3
2025-05-03T06:00:00-07:00,61,59,1.3
2025-05-03T06:30:00-07:00,63,58,2
2025-05-03T07:00:00-07:00,63,58,2.1
2025-05-03T07:30:00-07:00,62,58,1.9
2025-05-03T08:00:00-07:00,61,59,2.6
2025-05-03T08:30:00-07:00,60,59,3.2
2025-05-03T09:00:00-07:00,58,60,3.2
2025-05-03T09:30:00-07:00,55,62,3.2
2025-05-03T10:00:00-07:00,52,63,4.2
2025-05-03T10:30:00-07:00,49,66,4.3
2025-05-03T11:00:00-07:00,47,66,4.1
2025-05-03T11:30:00-07:00,47,66,4
2025-05-03T12:00:00-07:00,45,66,4
2025-05-03T12:30:00-07:00,43,68,4
2025-05-03T13:00:00-07:00,41,70,4
2025-05-03T13:30:00-07:00,41,70,4.2
2025-05-03T14:00:00-07:00,40,70,4.1
2025-05-03T14:30:00-07:00,40,70,4.2
2025-05-03T15:00:00-07:00,39,71,4.5
2025-05-03T15:30:00-07:00,35,74,4.5
2025-05-03T16:00:00-07:00,33,75,4.4
2025-05-03T16:30:00-07:00,33,75,4.9
2025-05-03T17:00:00-07:00,37,71,5.1
2025-05-03T17:30:00-07:00,37,70,4.9
2025-05-03T18:00:00-07:00,37,70,5.1
2025-05-03T18:30:00-07:00,40,68,5.7
2025-05-03T19:00:00-07:00,46,63,6.7
2025-05-03T19:30:00-07:00,50,61,7.3
2025-05-03T20:00:00-07:00,53,59,8
2025-05-03T20:30:00-07:00,53,59,7.8
2025-05-03T21:00:00-07:00,53,59,8.2
2025-05-03T21:30:00-07:00,53,59,8
2025-05-03T22:00:00-07:00,52,59,7.5
2025-05-03T22:30:00-07:00,52,59,7.6
2025-05-03T23:00:00-07:00,52,58,7.3
2025-05-03T23:30:00-07:00,54,57,7.3
2025-05-04T00:00:00-07:00,54,55,7
2025-05-04T00:30:00-07:00,55,56,6.9
2025-05-04T01:00:00-07:00,55,53,7.2
2025-05-04T01:30:00-07:00,56,54,6.5
2025-05-04T02:00:00-07:00,57,54,6.6
2025-05-04T02:30:00-07:00,57,53,6.2
2025-05-04T03:00:00-07:00,58,53,6.2
2025-05-04T03:30:00-07:00,58,52,5.9
2025-05-04T04:00:00-07:00,58,52,5.8
2025-05-04T04:30:00-07:00,58,52,5.7
2025-05-04T05:00:00-07:00,59,51,5.6
2025-05-04T05:30:00-07:00,59,51,5.7
2025-05-04T06:00:00-07:00,60,51,5.6
2025-05-04T06:30:00-07:00,60,52,5.8
2025-05-04T07:00:00-07:00,61,54,6.9
2025-05-04T07:30:00-07:00,60,56,6.8
2025-05-04T08:00:00-07:00,57,58,7.1
2025-05-04T08:30:00-07:00,54,60,6.9
2025-05-04T09:00:00-07:00,51,61,6.4
2025-05-04T09:30:00-07:00,48,62,5.8
2025-05-04T10:00:00-07:00,45,65,5.6
2025-05-04T10:30:00-07:00,42,66,5.6
2025-05-04T11:00:00-07:00,39,68,4.4
2025-05-04T11:30:00-07:00,36,68,3.2
2025-05-04T12:00:00-07:00,35,73,4.2
2025-05-04T12:30:00-07:00,35,73,5
2025-05-04T13:00:00-07:00,34,75,5
2025-05-04T13:30:00-07:00,33,75,4.8
2025-05-04T14:00:00-07:00,31,77,4
2025-05-04T14:30:00-07:00,31,79,4.4
2025-05-04T15:00:00-07:00,29,80,4.7
2025-05-04T15:30:00-07:00,26,84,5
2025-05-04T16:00:00-07:00,25,86,4.8
2025-05-04T16:30:00-07:00,24,86,5.2
2025-05-04T17:00:00-07:00,23,87,4.4
2025-05-04T17:30:00-07:00,23,87,4.6
2025-05-04T18:00:00-07:00,24,87,6.2
2025-05-04T18:30:00-07:00,27,83,7.2
2025-05-04T19:00:00-07:00,34,75,7.8
2025-05-04T19:30:00-07:00,38,71,8
2025-05-04T20:00:00-07:00,42,67,8.3
2025-05-04T20:30:00-07:00,45,66,9.1
2025-05-04T21:00:00-07:00,47,66,9.9
2025-05-04T21:30:00-07:00,49,65,10.1
2025-05-04T22:00:00-07:00,50,64,10.7
2025-05-04T22:30:00-07:00,52,63,11.8
2025-05-04T23:00:00-07:00,52,62,11.5
2025-05-04T23:30:00-07:00,53,61,10.7
2025-05-05T00:00:00-07:00,55,60,10.5
2025-05-05T00:30:00-07:00,55,60,10.4
2025-05-05T01:00:00-07:00,55,59,9.9
2025-05-05T01:30:00-07:00,56,58,9.9
2025-05-05T02:00:00-07:00,56,58,10.2
2025-05-05T02:30:00-07:00,57,57,8.5
2025-05-05T03:00:00-07:00,58,57,8.4
2025-05-05T03:30:00-07:00,59,56,8.4
2025-05-05T04:00:00-07:00,59,55,8.5
2025-05-05T04:30:00-07:00,59,55,8.8
2025-05-05T05:00:00-07:00,60,54,8.7
2025-05-05T05:30:00-07:00,62,54,9.7
2025-05-05T06:00:00-07:00,63,55,10.9
2025-05-05T06:30:00-07:00,61,54,10.6
2025-05-05T07:00:00-07:00,62,55,11.1
2025-05-05T07:30:00-07:00,63,58,11.8
2025-05-05T08:00:00-07:00,51,62,7.9
2025-05-05T08:30:00-07:00,31,67,3.6
2025-05-05T09:00:00-07:00,22,72,2.6
2025-05-05T09:30:00-07:00,18,73,2.5
2025-05-05T10:00:00-07:00,17,78,2.1
2025-05-05T10:30:00-07:00,16,81,2.7
2025-05-05T11:00:00-07:00,16,81,2.3
2025-05-05T11:30:00-07:00,15,84,2.3
2025-05-05T12:00:00-07:00,15,86,2.1
2025-05-05T12:30:00-07:00,15,86,1.9
2025-05-05T13:00:00-07:00,14,89,2.3
2025-05-05T13:30:00-07:00,14,90,2.1
2025-05-05T14:00:00-07:00,13,91,2
2025-05-05T14:30:00-07:00,13,93,2.1
2025-05-05T15:00:00-07:00,12,98,2
2025-05-05T15:30:00-07:00,10,101,2.8
2025-05-05T16:00:00-07:00,9,102,3.8
2025-05-05T16:30:00-07:00,9,103,3.6
2025-05-05T17:00:00-07:00,9,105,2.9
2025-05-05T17:30:00-07:00,11,101,3.7
2025-05-05T18:00:00-07:00,11,99,3.4
2025-05-05T18:30:00-07:00,13,93,3.5
2025-05-05T19:00:00-07:00,17,86,4.2
2025-05-05T19:30:00-07:00,19,80,4.6
2025-05-05T20:00:00-07:00,20,78,5.2
2025-05-05T20:30:00-07:00,24,76,5.2
2025-05-05T21:00:00-07:00,27,74,6.3
2025-05-05T21:30:00-07:00,29,72,6.1
2025-05-05T22:00:00-07:00,31,70,6.4
2025-05-05T22:30:00-07:00,32,69,7.1
2025-05-05T23:00:00-07:00,34,68,7.5
2025-05-05T23:30:00-07:00,36,66,8.1
2025-05-06T00:00:00-07:00,38,65,7.9
2025-05-06T00:30:00-07:00,38,64,8.8
2025-05-06T01:00:00-07:00,39,64,5.7
2025-05-06T01:30:00-07:00,41,62,6.4
2025-05-06T02:00:00-07:00,43,62,8.4
2025-05-06T02:30:00-07:00,44,61,8.9
2025-05-06T03:00:00-07:00,44,60,8.2
2025-05-06T03:30:00-07:00,45,60,8
2025-05-06T04:00:00-07:00,48,59,9.7
2025-05-06T04:30:00-07:00,50,59,9.4
2025-05-06T05:00:00-07:00,51,59,9.4
2025-05-06T05:30:00-07:00,52,58,9.8
2025-05-06T06:00:00-07:00,53,58,9.3
2025-05-06T06:30:00-07:00,54,58,9.9
2025-05-06T07:00:00-07:00,55,59,10.4
2025-05-06T07:30:00-07:00,55,60,10.8
2025-05-06T08:00:00-07:00,53,63,10.8
2025-05-06T08:30:00-07:00,50,66,10.7
2025-05-06T09:00:00-07:00,45,69,10.6
2025-05-06T09:30:00-07:00,41,73,9.4
2025-05-06T10:00:00-07:00,37,76,8.9
2025-05-06T10:30:00-07:00,34,78,8.8
2025-05-06T11:00:00-07:00,32,81,8.4
2025-05-06T11:30:00-07:00,31,82,7.8
2025-05-06T12:00:00-07:00,29,83,7.4
2025-05-06T12:30:00-07:00,27,84,7.4
2025-05-06T13:00:00-07:00,30,84,9
2025-05-06T13:30:00-07:00,29,85,10.8
2025-05-06T14:00:00-07:00,30,85,11
2025-05-06T14:30:00-07:00,29,86,10.4
2025-05-06T15:00:00-07:00,26,88,9.5
2025-05-06T15:30:00-07:00,24,89,8.2
2025-05-06T16:00:00-07:00,24,90,8.1
2025-05-06T16:30:00-07:00,23,91,7.9
2025-05-06T17:00:00-07:00,24,89,8.4
2025-05-06T17:30:00-07:00,25,87,7.8
2025-05-06T18:00:00-07:00,28,84,8.4
2025-05-06T18:30:00-07:00,33,78,9
2025-05-06T19:00:00-07:00,42,69,9.5
2025-05-06T19:30:00-07:00,47,66,10.5
2025-05-06T20:00:00-07:00,50,64,11.1
2025-05-06T20:30:00-07:00,52,64,11.3
2025-05-06T21:00:00-07:00,52,63,11.7
2025-05-06T21:30:00-07:00,54,63,12.6
2025-05-06T22:00:00-07:00,55,62,11.2
2025-05-06T22:30:00-07:00,56,61,11
2025-05-06T23:00:00-07:00,57,61,11
2025-05-06T23:30:00-07:00,57,61,11.5
2025-05-07T00:00:00-07:00,56,61,10.8
2025-05-07T00:30:00-07:00,56,61,10.5
2025-05-07T01:00:00-07:00,56,62,10.8
2025-05-07T01:30:00-07:00,55,63,10.8
2025-05-07T02:00:00-07:00,55,63,9.7
2025-05-07T02:30:00-07:00,55,64,9.5
2025-05-07T03:00:00-07:00,54,64,10.2
2025-05-07T03:30:00-07:00,53,63,8.9
2025-05-07T04:00:00-07:00,54,62,8.9
2025-05-07T04:30:00-07:00,55,60,8.5
2025-05-07T05:00:00-07:00,56,59,9
2025-05-07T05:30:00-07:00,57,59,9.3
2025-05-07T06:00:00-07:00,57,59,9
2025-05-07T06:30:00-07:00,57,59,7.9
2025-05-07T07:00:00-07:00,55,61,7.7
2025-05-07T07:30:00-07:00,53,62,8.1
2025-05-07T08:00:00-07:00,52,63,8.5
2025-05-07T08:30:00-07:00,49,64,8.3
2025-05-07T09:00:00-07:00,47,67,7.9
2025-05-07T09:30:00-07:00,43,69,7
2025-05-07T10:00:00-07:00,41,71,6.1
2025-05-07T10:30:00-07:00,39,72,5.9
2025-05-07T11:00:00-07:00,37,75,6
2025-05-07T11:30:00-07:00,37,75,6.6
2025-05-07T12:00:00-07:00,36,76,6.5
2025-05-07T12:30:00-07:00,34,79,6.4
2025-05-07T13:00:00-07:00,33,80,6.7
2025-05-07T13:30:00-07:00,33,80,6.7
2025-05-07T14:00:00-07:00,33,80,6.2
2025-05-07T14:30:00-07:00,33,81,6.4
2025-05-07T15:00:00-07:00,31,83,6.2
2025-05-07T15:30:00-07:00,29,85,5.9
2025-05-07T16:00:00-07:00,29,85,5.6
2025-05-07T16:30:00-07:00,30,83,5.5
2025-05-07T17:00:00-07:00,30,82,5.1
2025-05-07T17:30:00-07:00,30,82,4.8
2025-05-07T18:00:00-07:00,31,78,4.6
2025-05-07T18:30:00-07:00,34,76,4.7
2025-05-07T19:00:00-07:00,40,70,5
2025-05-07T19:30:00-07:00,46,66,5
2025-05-07T20:00:00-07:00,51,63,5.8
2025-05-07T20:30:00-07:00,53,62,6.3
2025-05-07T21:00:00-07:00,55,61,6.6
2025-05-07T21:30:00-07:00,56,61,6.1
2025-05-07T22:00:00-07:00,56,60,6.2
2025-05-07T22:30:00-07:00,57,59,5.9
2025-05-07T23:00:00-07:00,58,59,6.3
2025-05-07T23:30:00-07:00,58,59,6.9
2025-05-08T00:00:00-07:00,58,59,6.9
2025-05-08T00:30:00-07:00,58,58,7
2025-05-08T01:00:00-07:00,58,57,7.7
2025-05-08T01:30:00-07:00,58,57,7.6
2025-05-08T02:00:00-07:00,58,56,7.3
2025-05-08T02:30:00-07:00,59,56,7.1
2025-05-08T03:00:00-07:00,59,56,6.5
2025-05-08T03:30:00-07:00,59,57,7
2025-05-08T04:00:00-07:00,58,59,7.8
2025-05-08T04:30:00-07:00,58,59,9.8
2025-05-08T05:00:00-07:00,58,60,11.3
2025-05-08T05:30:00-07:00,58,60,11.8
2025-05-08T06:00:00-07:00,59,60,12.4
2025-05-08T06:30:00-07:00,59,60,12.3
2025-05-08T07:00:00-07:00,58,60,12.5
2025-05-08T07:30:00-07:00,57,62,12.5
2025-05-08T08:00:00-07:00,56,63,13.3
2025-05-08T08:30:00-07:00,54,65,13.2
2025-05-08T09:00:00-07:00,52,66,12.9
2025-05-08T09:30:00-07:00,49,68,12.4
2025-05-08T10:00:00-07:00,45,71,12.3
2025-05-08T10:30:00-07:00,42,74,14.3
2025-05-08T11:00:00-07:00,42,76,13.4
2025-05-08T11:30:00-07:00,39,78,11
2025-05-08T12:00:00-07:00,37,80,9.2
2025-05-08T12:30:00-07:00,35,82,7.3
2025-05-08T13:00:00-07:00,34,82,5.8
2025-05-08T13:30:00-07:00,33,83,5.2
2025-05-08T14:00:00-07:00,31,85,6.6
2025-05-08T14:30:00-07:00,30,87,6.1
2025-05-08T15:00:00-07:00,26,92,4.2
2025-05-08T15:30:00-07:00,23,96,3.4
2025-05-08T16:00:00-07:00,22,98,2.5
2025-05-08T16:30:00-07:00,22,99,2.1
2025-05-08T17:00:00-07:00,22,98,1.7
2025-05-08T17:30:00-07:00,21,97,1.8
2025-05-08T18:00:00-07:00,21,95,2.3
2025-05-08T18:30:00-07:00,26,89,3.5
2025-05-08T19:00:00-07:00,33,79,4.3
2025-05-08T19:30:00-07:00,38,74,4.8
2025-05-08T20:00:00-07:00,41,72,5.2
2025-05-08T20:30:00-07:00,43,70,5.5
2025-05-08T21:00:00-07:00,46,69,5.5
2025-05-08T21:30:00-07:00,50,68,6.1
2025-05-08T22:00:00-07:00,52,67,6.3
2025-05-08T22:30:00-07:00,53,65,6.6
2025-05-08T23:00:00-07:00,54,65,6.5
2025-05-08T23:30:00-07:00,54,64,6.8
2025-05-09T00:00:00-07:00,55,63,6.7
2025-05-09T00:30:00-07:00,55,62,6.9
2025-05-09T01:00:00-07:00,56,61,6.6
2025-05-09T01:30:00-07:00,56,61,6.5
2025-05-09T02:00:00-07:00,57,60,6.3
2025-05-09T02:30:00-07:00,57,60,6.7
2025-05-09T03:00:00-07:00,57,59,6.7
2025-05-09T03:30:00-07:00,57,58,7.3
2025-05-09T04:00:00-07:00,57,58,6.5
2025-05-09T04:30:00-07:00,57,57,6
2025-05-09T05:00:00-07:00,57,56,5.7
2025-05-09T05:30:00-07:00,56,56,11.3
2025-05-09T06:00:00-07:00,55,55,6.9
2025-05-09T06:30:00-07:00,54,56,4.7
2025-05-09T07:00:00-07:00,54,57,5.2
2025-05-09T07:30:00-07:00,56,60,6.4
2025-05-09T08:00:00-07:00,55,63,7.3
2025-05-09T08:30:00-07:00,51,67,7.9
2025-05-09T09:00:00-07:00,46,71,7.1
2025-05-09T09:30:00-07:00,40,75,7.3
2025-05-09T10:00:00-07:00,36,78,6.4
2025-05-09T10:30:00-07:00,34,81,7.2
2025-05-09T11:00:00-07:00,33,84,7.4
2025-05-09T11:30:00-07:00,32,86,7.2
2025-05-09T12:00:00-07:00,28,87,5.9
2025-05-09T12:30:00-07:00,24,89,5.1
2025-05-09T13:00:00-07:00,21,91,3.6
2025-05-09T13:30:00-07:00,20,92,3.9
2025-05-09T14:00:00-07:00,20,94,4.8
2025-05-09T14:30:00-07:00,21,96,6.8
2025-05-09T15:00:00-07:00,19,100,5.4
2025-05-09T15:30:00-07:00,18,104,6.1
2025-05-09T16:00:00-07:00,18,106,6.2
2025-05-09T16:30:00-07:00,17,106,6
2025-05-09T17:00:00-07:00,16,107,4.8
2025-05-09T17:30:00-07:00,17,105,4.5
2025-05-09T18:00:00-07:00,18,102,4.5
2025-05-09T18:30:00-07:00,20,97,4.6
2025-05-09T19:00:00-07:00,26,87,4.7
2025-05-09T19:30:00-07:00,27,81,4.9
2025-05-09T20:00:00-07:00,31,78,6
2025-05-09T20:30:00-07:00,35,76,6.7
2025-05-09T21:00:00-07:00,39,74,7
2025-05-09T21:30:00-07:00,44,72,6.6
2025-05-09T22:00:00-07:00,46,71,5.9
2025-05-09T22:30:00-07:00,47,69,6.7
2025-05-09T23:00:00-07:00,48,68,6.5
2025-05-09T23:30:00-07:00,51,67,6.1
2025-05-10T00:00:00-07:00,52,66,6.4
2025-05-10T00:30:00-07:00,53,65,6.8
2025-05-10T01:00:00-07:00,53,65,7.3
2025-05-10T01:30:00-07:00,54,64,7.4
2025-05-10T02:00:00-07:00,55,63,7.7
2025-05-10T02:30:00-07:00,54,63,8.5
2025-05-10T03:00:00-07:00,53,62,8.8
2025-05-10T03:30:00-07:00,53,61,9.2
2025-05-10T04:00:00-07:00,54,61,9.6
2025-05-10T04:30:00-07:00,55,60,9.6
2025-05-10T05:00:00-07:00,56,60,10
2025-05-10T05:30:00-07:00,56,59,9.6
2025-05-10T06:00:00-07:00,56,59,9.7
2025-05-10T06:30:00-07:00,57,59,10
2025-05-10T07:00:00-07:00,55,60,10.1
2025-05-10T07:30:00-07:00,57,62,9.5
2025-05-10T08:00:00-07:00,56,65,8.5
2025-05-10T08:30:00-07:00,51,67,8.1
2025-05-10T09:00:00-07:00,46,71,7.7
2025-05-10T09:30:00-07:00,43,74,8
2025-05-10T10:00:00-07:00,39,76,7.5
2025-05-10T10:30:00-07:00,36,79,6.3
2025-05-10T11:00:00-07:00,29,80,5.6
2025-05-10T11:30:00-07:00,26,82,5.2
2025-05-10T12:00:00-07:00,24,83,5
2025-05-10T12:30:00-07:00,23,85,4.7
2025-05-10T13:00:00-07:00,24,83,4.6
2025-05-10T13:30:00-07:00,22,86,4.1
2025-05-10T14:00:00-07:00,21,87,4.1
2025-05-10T14:30:00-07:00,23,90,4.6
2025-05-10T15:00:00-07:00,23,91,4.9
2025-05-10T15:30:00-07:00,23,92,5.1
2025-05-10T16:00:00-07:00,23,92,5.1
2025-05-10T16:30:00-07:00,23,94,4.8
2025-05-10T17:00:00-07:00,22,91,4.8
2025-05-10T17:30:00-07:00,22,93,4.9
2025-05-10T18:00:00-07:00,23,90,4.6
2025-05-10T18:30:00-07:00,26,84,4.3
2025-05-10T19:00:00-07:00,32,75,4.5
2025-05-10T19:30:00-07:00,36,72,4.4
2025-05-10T20:00:00-07:00,38,68,4.7
2025-05-10T20:30:00-07:00,41,66,4.6
2025-05-10T21:00:00-07:00,44,64,4.6
2025-05-10T21:30:00-07:00,46,63,4.7
2025-05-10T22:00:00-07:00,46,62,4.5
2025-05-10T22:30:00-07:00,46,61,4.4
2025-05-10T23:00:00-07:00,46,62,4
2025-05-10T23:30:00-07:00,45,62,3.8
2025-05-11T00:00:00-07:00,46,61,3.8
2025-05-11T00:30:00-07:00,47,61,3.7
2025-05-11T01:00:00-07:00,48,60,3.7
2025-05-11T01:30:00-07:00,50,60,3.8
2025-05-11T02:00:00-07:00,53,59,4
2025-05-11T02:30:00-07:00,53,60,3.9
2025-05-11T03:00:00-07:00,54,59,3.9
2025-05-11T03:30:00-07:00,55,59,3.6
2025-05-11T04:00:00-07:00,56,59,3.4
2025-05-11T04:30:00-07:00,56,58,3.5
2025-05-11T05:00:00-07:00,56,56,3.8
2025-05-11T05:30:00-07:00,57,56,4.1
2025-05-11T06:00:00-07:00,58,56,4
2025-05-11T06:30:00-07:00,59,55,3.8
2025-05-11T07:00:00-07:00,59,56,3.1
2025-05-11T07:30:00-07:00,56,59,2.5
2025-05-11T08:00:00-07:00,53,61,2.1
2025-05-11T08:30:00-07:00,51,62,1.7
2025-05-11T09:00:00-07:00,50,63,1.2
2025-05-11T09:30:00-07:00,48,68,0.9
2025-05-11T10:00:00-07:00,47,66,0.4
2025-05-11T10:30:00-07:00,45,67,0.7
2025-05-11T11:00:00-07:00,44,70,0.8
2025-05-11T11:30:00-07:00,42,72,0.7
2025-05-11T12:00:00-07:00,41,72,1.2
2025-05-11T12:30:00-07:00,40,72,1.9
2025-05-11T13:00:00-07:00,37,72,1.9
2025-05-11T13:30:00-07:00,34,73,1.8
2025-05-11T14:00:00-07:00,32,73,1.8
2025-05-11T14:30:00-07:00,30,74,1.5
2025-05-11T15:00:00-07:00,27,77,1.4
2025-05-11T15:30:00-07:00,26,80,1.6
2025-05-11T16:00:00-07:00,26,81,1.8
2025-05-11T16:30:00-07:00,26,81,1.9
2025-05-11T17:00:00-07:00,27,81,2.1
2025-05-11T17:30:00-07:00,27,80,2
2025-05-11T18:00:00-07:00,27,79,2.1
2025-05-11T18:30:00-07:00,31,74,2.1
2025-05-11T19:00:00-07:00,38,67,2.4
2025-05-11T19:30:00-07:00,42,64,2.5
2025-05-11T20:00:00-07:00,45,63,2.6
2025-05-11T20:30:00-07:00,46,61,2.7
2025-05-11T21:00:00-07:00,46,61,2.3
2025-05-11T21:30:00-07:00,47,61,2.5
2025-05-11T22:00:00-07:00,50,60,2.7
2025-05-11T22:30:00-07:00,51,60,3.1
2025-05-11T23:00:00-07:00,52,60,3.1
2025-05-11T23:30:00-07:00,52,60,2.7
2025-05-12T00:00:00-07:00,53,59,2.5
2025-05-12T00:30:00-07:00,55,59,2.9
2025-05-12T01:00:00-07:00,55,59,2.8
2025-05-12T01:30:00-07:00,53,61,2.5
2025-05-12T02:00:00-07:00,52,61,2.4
2025-05-12T02:30:00-07:00,52,61,2.5
2025-05-12T03:00:00-07:00,52,61,2.5
2025-05-12T03:30:00-07:00,51,61,2.5
2025-05-12T04:00:00-07:00,51,61,3
2025-05-12T04:30:00-07:00,50,61,3.1
2025-05-12T05:00:00-07:00,50,61,2.9
2025-05-12T05:30:00-07:00,51,60,2.5
2025-05-12T06:00:00-07:00,50,60,2.5
2025-05-12T06:30:00-07:00,50,60,2.7
2025-05-12T07:00:00-07:00,56,60,3
2025-05-12T07:30:00-07:00,63,59,2.4
2025-05-12T08:00:00-07:00,66,59,0.1
2025-05-12T08:30:00-07:00,64,60,0
2025-05-12T09:00:00-07:00,63,62,0.2
2025-05-12T09:30:00-07:00,61,64,0.3
2025-05-12T10:00:00-07:00,59,65,0.3
2025-05-12T10:30:00-07:00,56,66,0.3
2025-05-12T11:00:00-07:00,57,65,0.1
2025-05-12T11:30:00-07:00,54,68,0.3
2025-05-12T12:00:00-07:00,49,68,0.5
2025-05-12T12:30:00-07:00,45,69,0.4
2025-05-12T13:00:00-07:00,42,71,0.4
2025-05-12T13:30:00-07:00,41,72,0.7
2025-05-12T14:00:00-07:00,39,72,0.8
2025-05-12T14:30:00-07:00,35,73,0.5
2025-05-12T15:00:00-07:00,31,76,0.7
2025-05-12T15:30:00-07:00,27,80,0.8
2025-05-12T16:00:00-07:00,25,80,0.6
2025-05-12T16:30:00-07:00,27,79,0.7
2025-05-12T17:00:00-07:00,33,73,1.1
2025-05-12T17:30:00-07:00,39,68,1.1
2025-05-12T18:00:00-07:00,42,67,1
2025-05-12T18:30:00-07:00,44,66,0.8
2025-05-12T19:00:00-07:00,46,64,1
2025-05-12T19:30:00-07:00,48,63,0.9
2025-05-12T20:00:00-07:00,49,63,0.8
2025-05-12T20:30:00-07:00,48,63,0.8
2025-05-12T21:00:00-07:00,52,62,1.2
2025-05-12T21:30:00-07:00,55,62,1.1
2025-05-12T22:00:00-07:00,58,61,1.3
2025-05-12T22:30:00-07:00,56,61,1.1
2025-05-12T23:00:00-07:00,55,60,1
2025-05-12T23:30:00-07:00,55,60,0.9
2025-05-13T00:00:00-07:00,54,60,1
2025-05-13T00:30:00-07:00,54,60,0.9
2025-05-13T01:00:00-07:00,54,60,0.8
2025-05-13T01:30:00-07:00,53,60,0.9
2025-05-13T02:00:00-07:00,57,60,1
2025-05-13T02:30:00-07:00,59,59,1.4
2025-05-13T03:00:00-07:00,58,59,1.5
2025-05-13T03:30:00-07:00,57,59,1.2
2025-05-13T04:00:00-07:00,58,59,1.5
2025-05-13T04:30:00-07:00,57,59,1.3
2025-05-13T05:00:00-07:00,57,59,1.6
2025-05-13T05:30:00-07:00,58,59,1.6
2025-05-13T06:00:00-07:00,57,59,1.3
2025-05-13T06:30:00-07:00,56,60,1.2
2025-05-13T07:00:00-07:00,56,60,1.5
2025-05-13T07:30:00-07:00,56,60,1.9
2025-05-13T08:00:00-07:00,55,61,1.6
2025-05-13T08:30:00-07:00,52,62,1.5
2025-05-13T09:00:00-07:00,50,64,1.4
2025-05-13T09:30:00-07:00,47,66,1.3
2025-05-13T10:00:00-07:00,44,68,1.3
2025-05-13T10:30:00-07:00,42,69,1.6
2025-05-13T11:00:00-07:00,41,70,1.6
2025-05-13T11:30:00-07:00,39,72,1.6
2025-05-13T12:00:00-07:00,38,74,1.6
2025-05-13T12:30:00-07:00,36,75,1.7
2025-05-13T13:00:00-07:00,35,76,1.5
2025-05-13T13:30:00-07:00,34,77,1.7
2025-05-13T14:00:00-07:00,32,77,1.7
2025-05-13T14:30:00-07:00,30,79,4.1
2025-05-13T15:00:00-07:00,27,83,1
2025-05-13T15:30:00-07:00,26,85,0.9
2025-05-13T16:00:00-07:00,26,85,0.7
2025-05-13T16:30:00-07:00,27,84,1.1
2025-05-13T17:00:00-07:00,26,85,1.6
2025-05-13T17:30:00-07:00,26,84,1.5
2025-05-13T18:00:00-07:00,29,82,2.5
2025-05-13T18:30:00-07:00,36,75,3.2
2025-05-13T19:00:00-07:00,41,69,3.4
2025-05-13T19:30:00-07:00,46,66,3.7
2025-05-13T20:00:00-07:00,50,64,4.6
2025-05-13T20:30:00-07:00,53,61,4.6
2025-05-13T21:00:00-07:00,55,60,4.7
2025-05-13T21:30:00-07:00,55,60,4.8
2025-05-13T22:00:00-07:00,56,60,4.8
2025-05-13T22:30:00-07:00,56,60,4.6
2025-05-13T23:00:00-07:00,55,60,4.5
2025-05-13T23:30:00-07:00,57,59,4.4
2025-05-14T00:00:00-07:00,57,58,4.3
2025-05-14T00:30:00-07:00,58,57,4.4
2025-05-14T01:00:00-07:00,59,57,4.6
2025-05-14T01:30:00-07:00,59,56,4.6
2025-05-14T02:00:00-07:00,59,56,4.4
2025-05-14T02:30:00-07:00,60,56,5.4
2025-05-14T03:00:00-07:00,61,57,5.4
2025-05-14T03:30:00-07:00,60,56,4.9
2025-05-14T04:00:00-07:00,60,56,4.7
2025-05-14T04:30:00-07:00,61,55,4.6
2025-05-14T05:00:00-07:00,61,54,5.1
2025-05-14T05:30:00-07:00,62,54,4.5
2025-05-14T06:00:00-07:00,61,54,5.6
2025-05-14T06:30:00-07:00,62,54,4.8
2025-05-14T07:00:00-07:00,63,56,5.1
2025-05-14T07:30:00-07:00,63,57,5.7
2025-05-14T08:00:00-07:00,60,59,5.6
2025-05-14T08:30:00-07:00,56,62,6.5
2025-05-14T09:00:00-07:00,50,65,4.8
2025-05-14T09:30:00-07:00,45,68,4.4
2025-05-14T10:00:00-07:00,42,71,4.4
2025-05-14T10:30:00-07:00,39,74,4.2
2025-05-14T11:00:00-07:00,37,76,4.2
2025-05-14T11:30:00-07:00,35,78,3.6
2025-05-14T12:00:00-07:00,34,79,3.3
2025-05-14T12:30:00-07:00,33,80,3.6
2025-05-14T13:00:00-07:00,32,81,3.7
2025-05-14T13:30:00-07:00,31,82,4.3
2025-05-14T14:00:00-07:00,30,83,4.4
2025-05-14T14:30:00-07:00,30,84,4.5
2025-05-14T15:00:00-07:00,28,87,4.5
2025-05-14T15:30:00-07:00,26,89,4
2025-05-14T16:00:00-07:00,25,89,3.8
2025-05-14T16:30:00-07:00,24,90,3.3
2025-05-14T17:00:00-07:00,25,89,4
2025-05-14T17:30:00-07:00,23,89,3.8
2025-05-14T18:00:00-07:00,27,86,4.9
2025-05-14T18:30:00-07:00,34,77,5.5
2025-05-14T19:00:00-07:00,41,70,5.2
2025-05-14T19:30:00-07:00,46,66,4.8
2025-05-14T20:00:00-07:00,50,63,4.6
2025-05-14T20:30:00-07:00,52,63,4.8
2025-05-14T21:00:00-07:00,53,62,5.1
2025-05-14T21:30:00-07:00,54,61,5.2
2025-05-14T22:00:00-07:00,54,60,5
2025-05-14T22:30:00-07:00,55,61,5.3
2025-05-14T23:00:00-07:00,55,60,5.6
2025-05-14T23:30:00-07:00,56,59,6.3
2025-05-15T00:00:00-07:00,56,59,6.4
2025-05-15T00:30:00-07:00,56,58,6.4
2025-05-15T01:00:00-07:00,57,57,4.8
2025-05-15T01:30:00-07:00,56,56,4
2025-05-15T02:00:00-07:00,56,56,3.6
2025-05-15T02:30:00-07:00,56,56,3.6
2025-05-15T03:00:00-07:00,57,55,3.6
2025-05-15T03:30:00-07:00,57,55,4
2025-05-15T04:00:00-07:00,58,54,4.3
2025-05-15T04:30:00-07:00,58,54,5
2025-05-15T05:00:00-07:00,59,54,5.6
2025-05-15T05:30:00-07:00,59,54,5.4
2025-05-15T06:00:00-07:00,60,54,5.2
2025-05-15T06:30:00-07:00,60,54,5.5
2025-05-15T07:00:00-07:00,62,56,5.9
2025-05-15T07:30:00-07:00,63,58,7.1
2025-05-15T08:00:00-07:00,60,60,7.2
2025-05-15T08:30:00-07:00,56,63,7.2
2025-05-15T09:00:00-07:00,51,66,7.2
2025-05-15T09:30:00-07:00,45,70,6.1
2025-05-15T10:00:00-07:00,39,74,5.9
2025-05-15T10:30:00-07:00,37,76,5.6
2025-05-15T11:00:00-07:00,36,78,6
2025-05-15T11:30:00-07:00,34,80,5.9
2025-05-15T12:00:00-07:00,34,81,6.1
2025-05-15T12:30:00-07:00,32,82,5.2
2025-05-15T13:00:00-07:00,30,84,5.3
2025-05-15T13:30:00-07:00,30,85,5.8
2025-05-15T14:00:00-07:00,29,86,5.8
2025-05-15T14:30:00-07:00,29,87,6.5
2025-05-15T15:00:00-07:00,26,89,5.9
2025-05-15T15:30:00-07:00,24,92,5.2
2025-05-15T16:00:00-07:00,23,93,4.6
2025-05-15T16:30:00-07:00,22,94,4.1
2025-05-15T17:00:00-07:00,23,93,4
2025-05-15T17:30:00-07:00,23,92,3.7
2025-05-15T18:00:00-07:00,28,87,8.8
2025-05-15T18:30:00-07:00,35,78,6.8
2025-05-15T19:00:00-07:00,41,72,6
2025-05-15T19:30:00-07:00,43,69,6.2
2025-05-15T20:00:00-07:00,47,66,7.1
2025-05-15T20:30:00-07:00,48,64,7.3
2025-05-15T21:00:00-07:00,50,63,7.3
2025-05-15T21:30:00-07:00,51,62,7.6
2025-05-15T22:00:00-07:00,52,61,7.7
2025-05-15T22:30:00-07:00,52,61,7.6
2025-05-15T23:00:00-07:00,53,61,7.5
2025-05-15T23:30:00-07:00,52,61,8.5
2025-05-16T00:00:00-07:00,53,59,8.3
2025-05-16T00:30:00-07:00,54,60,9.9
2025-05-16T01:00:00-07:00,54,59,10.1
2025-05-16T01:30:00-07:00,55,59,8.9
2025-05-16T02:00:00-07:00,55,60,8.4
2025-05-16T02:30:00-07:00,55,61,8.8
2025-05-16T03:00:00-07:00,55,61,8.4
2025-05-16T03:30:00-07:00,54,60,7.8
2025-05-16T04:00:00-07:00,55,59,7.5
2025-05-16T04:30:00-07:00,55,58,7.9
2025-05-16T05:00:00-07:00,57,57,8.7
2025-05-16T05:30:00-07:00,58,57,8.5
2025-05-16T06:00:00-07:00,59,57,9.2
2025-05-16T06:30:00-07:00,59,57,9.5
2025-05-16T07:00:00-07:00,59,59,10.1
2025-05-16T07:30:00-07:00,57,61,8
2025-05-16T08:00:00-07:00,53,63,7.5
2025-05-16T08:30:00-07:00,50,64,7.3
2025-05-16T09:00:00-07:00,47,67,6.6
2025-05-16T09:30:00-07:00,44,69,6.4
2025-05-16T10:00:00-07:00,40,72,5.9
2025-05-16T10:30:00-07:00,37,74,5.6
2025-05-16T11:00:00-07:00,35,77,5.6
2025-05-16T11:30:00-07:00,33,78,4.8
2025-05-16T12:00:00-07:00,32,79,4.5
2025-05-16T12:30:00-07:00,30,80,5.2
2025-05-16T13:00:00-07:00,34,81,6.4
2025-05-16T13:30:00-07:00,32,81,5.4
2025-05-16T14:00:00-07:00,32,81,4.9
2025-05-16T14:30:00-07:00,32,81,4.6
2025-05-16T15:00:00-07:00,31,83,4.6
2025-05-16T15:30:00-07:00,30,84,4
2025-05-16T16:00:00-07:00,30,84,4.2
2025-05-16T16:30:00-07:00,32,81,4.1
2025-05-16T17:00:00-07:00,34,77,4.3
2025-05-16T17:30:00-07:00,33,79,4.3
2025-05-16T18:00:00-07:00,31,80,4.3
2025-05-16T18:30:00-07:00,36,74,4.6
2025-05-16T19:00:00-07:00,44,68,5.1
2025-05-16T19:30:00-07:00,49,65,5.5
2025-05-16T20:00:00-07:00,52,62,5.8
2025-05-16T20:30:00-07:00,54,61,6.1
2025-05-16T21:00:00-07:00,54,61,6.2
2025-05-16T21:30:00-07:00,54,61,5.5
2025-05-16T22:00:00-07:00,55,61,5.8
2025-05-16T22:30:00-07:00,55,62,5.5
2025-05-16T23:00:00-07:00,55,60,5.4
2025-05-16T23:30:00-07:00,57,60,5.4
2025-05-17T00:00:00-07:00,57,59,5
2025-05-17T00:30:00-07:00,58,58,5
2025-05-17T01:00:00-07:00,59,59,4.1
2025-05-17T01:30:00-07:00,60,59,3.5
2025-05-17T02:00:00-07:00,59,59,3.2
2025-05-17T02:30:00-07:00,59,60,2.6
2025-05-17T03:00:00-07:00,58,60,2.2
2025-05-17T03:30:00-07:00,58,59,1.6
2025-05-17T04:00:00-07:00,59,60,1.6
2025-05-17T04:30:00-07:00,59,60,1.3
2025-05-17T05:00:00-07:00,59,59,0.9
2025-05-17T05:30:00-07:00,59,60,0.8
2025-05-17T06:00:00-07:00,59,60,1.5
2025-05-17T06:30:00-07:00,59,60,2.2
2025-05-17T07:00:00-07:00,58,61,3
2025-05-17T07:30:00-07:00,58,61,3.6
2025-05-17T08:00:00-07:00,57,61,4.1
2025-05-17T08:30:00-07:00,55,63,4.1
2025-05-17T09:00:00-07:00,53,65,4.1
2025-05-17T09:30:00-07:00,51,67,4.2
2025-05-17T10:00:00-07:00,48,68,3.9
2025-05-17T10:30:00-07:00,47,69,4.2
2025-05-17T11:00:00-07:00,45,71,3.5
2025-05-17T11:30:00-07:00,43,71,3.4
2025-05-17T12:00:00-07:00,42,73,2.8
2025-05-17T12:30:00-07:00,41,73,2.8
2025-05-17T13:00:00-07:00,41,73,3.3
2025-05-17T13:30:00-07:00,41,73,3.2
2025-05-17T14:00:00-07:00,40,73,3
2025-05-17T14:30:00-07:00,38,74,2.7
2025-05-17T15:00:00-07:00,35,77,2.5
2025-05-17T15:30:00-07:00,35,78,2.3
2025-05-17T16:00:00-07:00,33,79,1.8
2025-05-17T16:30:00-07:00,34,78,1.8
2025-05-17T17:00:00-07:00,33,79,2.4
2025-05-17T17:30:00-07:00,32,80,2.5
2025-05-17T18:00:00-07:00,33,78,2.7
2025-05-17T18:30:00-07:00,38,72,3
2025-05-17T19:00:00-07:00,44,68,3.4
2025-05-17T19:30:00-07:00,47,65,3.9
2025-05-17T20:00:00-07:00,50,63,3.9
2025-05-17T20:30:00-07:00,52,62,4.1
2025-05-17T21:00:00-07:00,53,61,3.7
2025-05-17T21:30:00-07:00,54,61,3.7
2025-05-17T22:00:00-07:00,54,61,3.8
2025-05-17T22:30:00-07:00,56,60,4.1
2025-05-17T23:00:00-07:00,56,59,4.2
2025-05-17T23:30:00-07:00,56,59,4.3
2025-05-18T00:00:00-07:00,57,58,5.8
2025-05-18T00:30:00-07:00,58,58,7.8
2025-05-18T01:00:00-07:00,58,57,5.3
2025-05-18T01:30:00-07:00,58,57,4.3
2025-05-18T02:00:00-07:00,58,56,4.4
2025-05-18T02:30:00-07:00,59,56,4
2025-05-18T03:00:00-07:00,59,55,4.2
2025-05-18T03:30:00-07:00,60,55,5.8
2025-05-18T04:00:00-07:00,59,55,5.8
2025-05-18T04:30:00-07:00,59,55,17.6
2025-05-18T05:00:00-07:00,60,54,9.2
2025-05-18T05:30:00-07:00,60,54,16.9
2025-05-18T06:00:00-07:00,60,54,8.2
2025-05-18T06:30:00-07:00,60,54,4.5
2025-05-18T07:00:00-07:00,61,56,5.3
2025-05-18T07:30:00-07:00,60,58,6.2
2025-05-18T08:00:00-07:00,57,60,6
2025-05-18T08:30:00-07:00,53,62,7
2025-05-18T09:00:00-07:00,48,66,6.7
2025-05-18T09:30:00-07:00,43,69,5.5
2025-05-18T10:00:00-07:00,41,72,5
2025-05-18T10:30:00-07:00,39,74,4.9
2025-05-18T11:00:00-07:00,37,74,5.1
2025-05-18T11:30:00-07:00,36,78,5.8
2025-05-18T12:00:00-07:00,34,78,6.6
2025-05-18T12:30:00-07:00,34,79,7
2025-05-18T13:00:00-07:00,33,79,7.6
2025-05-18T13:30:00-07:00,31,80,7.5
2025-05-18T14:00:00-07:00,30,80,7.3
2025-05-18T14:30:00-07:00,30,79,7
2025-05-18T15:00:00-07:00,29,82,6.9
2025-05-18T15:30:00-07:00,27,84,7.2
2025-05-18T16:00:00-07:00,26,85,7
2025-05-18T16:30:00-07:00,26,86,7.5
2025-05-18T17:00:00-07:00,24,88,7.9
2025-05-18T17:30:00-07:00,24,89,8.3
2025-05-18T18:00:00-07:00,26,86,7.8
2025-05-18T18:30:00-07:00,32,78,8.1
2025-05-18T19:00:00-07:00,37,73,9
2025-05-18T19:30:00-07:00,41,70,9.2
2025-05-18T20:00:00-07:00,44,68,9.7
2025-05-18T20:30:00-07:00,46,66,10.6
2025-05-18T21:00:00-07:00,48,66,10.5
2025-05-18T21:30:00-07:00,50,65,10.3
2025-05-18T22:00:00-07:00,51,64,10.7
2025-05-18T22:30:00-07:00,52,63,10
2025-05-18T23:00:00-07:00,52,63,9.7
2025-05-18T23:30:00-07:00,53,62,9.6
2025-05-19T00:00:00-07:00,53,62,9.4
2025-05-19T00:30:00-07:00,54,61,9.1
2025-05-19T01:00:00-07:00,54,60,9
2025-05-19T01:30:00-07:00,55,59,9
2025-05-19T02:00:00-07:00,56,59,10
2025-05-19T02:30:00-07:00,57,58,10
2025-05-19T03:00:00-07:00,58,58,9.9
2025-05-19T03:30:00-07:00,58,57,10.5
2025-05-19T04:00:00-07:00,58,57,10.2
2025-05-19T04:30:00-07:00,58,57,9.7
2025-05-19T05:00:00-07:00,59,56,9.1
2025-05-19T05:30:00-07:00,59,56,9.5
2025-05-19T06:00:00-07:00,60,56,9.3
2025-05-19T06:30:00-07:00,59,57,8.5
2025-05-19T07:00:00-07:00,59,58,10.1
2025-05-19T07:30:00-07:00,59,60,8.9
2025-05-19T08:00:00-07:00,54,63,7.3
2025-05-19T08:30:00-07:00,50,65,6.5
2025-05-19T09:00:00-07:00,46,69,6.3
2025-05-19T09:30:00-07:00,41,73,6.1
2025-05-19T10:00:00-07:00,38,75,5.8
2025-05-19T10:30:00-07:00,36,78,5.7
2025-05-19T11:00:00-07:00,35,80,5.6
2025-05-19T11:30:00-07:00,33,82,5.7
2025-05-19T12:00:00-07:00,32,83,4.5
2025-05-19T12:30:00-07:00,31,84,3.3
2025-05-19T13:00:00-07:00,31,84,2.8
2025-05-19T13:30:00-07:00,32,84,2.6
2025-05-19T14:00:00-07:00,32,84,2.8
2025-05-19T14:30:00-07:00,32,85,2.3
2025-05-19T15:00:00-07:00,30,87,2
2025-05-19T15:30:00-07:00,27,90,1.6
2025-05-19T16:00:00-07:00,27,90,1.4
2025-05-19T16:30:00-07:00,28,90,1.1
2025-05-19T17:00:00-07:00,28,90,1.1
2025-05-19T17:30:00-07:00,27,89,1.3
2025-05-19T18:00:00-07:00,29,87,1.6
2025-05-19T18:30:00-07:00,36,77,1.8
2025-05-19T19:00:00-07:00,41,74,2.1
2025-05-19T19:30:00-07:00,43,72,2.6
2025-05-19T20:00:00-07:00,46,69,3.3
2025-05-19T20:30:00-07:00,49,66,3.4
2025-05-19T21:00:00-07:00,51,66,3.6
2025-05-19T21:30:00-07:00,53,64,3.9
2025-05-19T22:00:00-07:00,56,64,4.4
2025-05-19T22:30:00-07:00,57,62,4.6
2025-05-19T23:00:00-07:00,57,62,4.4
2025-05-19T23:30:00-07:00,58,62,4.2
2025-05-20T00:00:00-07:00,59,62,3.9
2025-05-20T00:30:00-07:00,60,61,3.6
2025-05-20T01:00:00-07:00,60,60,3.6
2025-05-20T01:30:00-07:00,61,61,3.9
2025-05-20T02:00:00-07:00,60,61,4.5
2025-05-20T02:30:00-07:00,59,61,4.1
2025-05-20T03:00:00-07:00,60,61,3.7
2025-05-20T03:30:00-07:00,61,60,3.7
2025-05-20T04:00:00-07:00,61,60,4.2
2025-05-20T04:30:00-07:00,61,59,4.3
2025-05-20T05:00:00-07:00,61,59,4.2
2025-05-20T05:30:00-07:00,62,58,5.1
2025-05-20T06:00:00-07:00,62,58,5.4
2025-05-20T06:30:00-07:00,63,59,5.9
2025-05-20T07:00:00-07:00,64,59,5.4
2025-05-20T07:30:00-07:00,62,61,5.6
2025-05-20T08:00:00-07:00,59,62,5.6
2025-05-20T08:30:00-07:00,55,65,4.8
2025-05-20T09:00:00-07:00,49,68,3.7
2025-05-20T09:30:00-07:00,42,71,2.8
2025-05-20T10:00:00-07:00,37,74,2.5
2025-05-20T10:30:00-07:00,33,76,2.8
2025-05-20T11:00:00-07:00,31,78,3
2025-05-20T11:30:00-07:00,28,80,2.7
2025-05-20T12:00:00-07:00,24,82,1.7
2025-05-20T12:30:00-07:00,25,83,2.4
2025-05-20T13:00:00-07:00,28,83,3.5
2025-05-20T13:30:00-07:00,30,82,3.6
2025-05-20T14:00:00-07:00,30,81,3.3
2025-05-20T14:30:00-07:00,28,82,3
2025-05-20T15:00:00-07:00,24,86,2.7
2025-05-20T15:30:00-07:00,24,87,2.6
2025-05-20T16:00:00-07:00,25,86,3
2025-05-20T16:30:00-07:00,25,86,3.3
2025-05-20T17:00:00-07:00,25,87,3.4
2025-05-20T17:30:00-07:00,25,86,4
2025-05-20T18:00:00-07:00,25,85,4.3
2025-05-20T18:30:00-07:00,32,76,4.7
2025-05-20T19:00:00-07:00,37,71,5.1
2025-05-20T19:30:00-07:00,40,68,5.3
2025-05-20T20:00:00-07:00,44,66,5.8
2025-05-20T20:30:00-07:00,47,64,6.6
2025-05-20T21:00:00-07:00,48,63,6.8
2025-05-20T21:30:00-07:00,50,62,7.4
2025-05-20T22:00:00-07:00,50,62,7.4
2025-05-20T22:30:00-07:00,50,61,7.4
2025-05-20T23:00:00-07:00,51,61,8
2025-05-20T23:30:00-07:00,52,60,8.3
2025-05-21T00:00:00-07:00,53,60,8.3
2025-05-21T00:30:00-07:00,54,60,8.4
2025-05-21T01:00:00-07:00,54,59,8.9
2025-05-21T01:30:00-07:00,54,59,8.6
2025-05-21T02:00:00-07:00,55,58,8.7
2025-05-21T02:30:00-07:00,55,57,7.2
2025-05-21T03:00:00-07:00,53,56,5.9
2025-05-21T03:30:00-07:00,54,55,6.1
2025-05-21T04:00:00-07:00,55,55,6.8
2025-05-21T04:30:00-07:00,56,55,7.8
2025-05-21T05:00:00-07:00,56,54,7.6
2025-05-21T05:30:00-07:00,57,54,7.2
2025-05-21T06:00:00-07:00,57,54,6.9
2025-05-21T06:30:00-07:00,56,55,7.2
2025-05-21T07:00:00-07:00,57,56,8.9
2025-05-21T07:30:00-07:00,59,59,9.8
2025-05-21T08:00:00-07:00,56,61,9.6
2025-05-21T08:30:00-07:00,51,64,9.1
2025-05-21T09:00:00-07:00,46,68,8
2025-05-21T09:30:00-07:00,41,72,7.4
2025-05-21T10:00:00-07:00,37,75,7.3
2025-05-21T10:30:00-07:00,34,79,6.8
2025-05-21T11:00:00-07:00,34,81,6
2025-05-21T11:30:00-07:00,29,82,5.4
2025-05-21T12:00:00-07:00,26,85,4.3
2025-05-21T12:30:00-07:00,25,87,4.1
2025-05-21T13:00:00-07:00,22,89,3.8
2025-05-21T13:30:00-07:00,24,90,6
2025-05-21T14:00:00-07:00,29,86,6.5
2025-05-21T14:30:00-07:00,31,86,5.5
2025-05-21T15:00:00-07:00,27,89,4.8
2025-05-21T15:30:00-07:00,22,94,4.2
2025-05-21T16:00:00-07:00,22,95,4.5
2025-05-21T16:30:00-07:00,22,95,4.6
2025-05-21T17:00:00-07:00,22,95,4.5
2025-05-21T17:30:00-07:00,21,94,4.5
2025-05-21T18:00:00-07:00,23,90,4.3
2025-05-21T18:30:00-07:00,33,77,4.6
2025-05-21T19:00:00-07:00,37,73,4.5
2025-05-21T19:30:00-07:00,42,67,5
2025-05-21T20:00:00-07:00,45,66,4.9
2025-05-21T20:30:00-07:00,47,65,4.6
2025-05-21T21:00:00-07:00,47,64,5.1
2025-05-21T21:30:00-07:00,49,63,5.3
2025-05-21T22:00:00-07:00,50,63,5.2
2025-05-21T22:30:00-07:00,51,62,5.5
2025-05-21T23:00:00-07:00,52,62,5.3
2025-05-21T23:30:00-07:00,52,61,5.2
2025-05-22T00:00:00-07:00,53,60,5.2
2025-05-22T00:30:00-07:00,54,60,5.7
2025-05-22T01:00:00-07:00,55,60,5.2
2025-05-22T01:30:00-07:00,56,59,5.2
2025-05-22T02:00:00-07:00,57,59,5
2025-05-22T02:30:00-07:00,59,59,4.8
2025-05-22T03:00:00-07:00,59,58,4.6
2025-05-22T03:30:00-07:00,59,58,4.8
2025-05-22T04:00:00-07:00,59,58,4.4
2025-05-22T04:30:00-07:00,59,57,4.6
2025-05-22T05:00:00-07:00,59,57,4.2
2025-05-22T05:30:00-07:00,60,56,4.3
2025-05-22T06:00:00-07:00,60,56,4.3
2025-05-22T06:30:00-07:00,60,57,4.9
2025-05-22T07:00:00-07:00,60,58,5.3
2025-05-22T07:30:00-07:00,57,60,4.8
2025-05-22T08:00:00-07:00,53,61,4.3
2025-05-22T08:30:00-07:00,51,64,4.4
2025-05-22T09:00:00-07:00,47,66,4
2025-05-22T09:30:00-07:00,44,69,3.6
2025-05-22T10:00:00-07:00,41,72,3.6
2025-05-22T10:30:00-07:00,38,73,3.2
2025-05-22T11:00:00-07:00,37,74,3.1
2025-05-22T11:30:00-07:00,36,76,3.2
2025-05-22T12:00:00-07:00,34,78,3.2
2025-05-22T12:30:00-07:00,33,78,3
2025-05-22T13:00:00-07:00,30,79,2.4
2025-05-22T13:30:00-07:00,31,78,2.6
2025-05-22T14:00:00-07:00,31,78,2.8
2025-05-22T14:30:00-07:00,30,79,2.6
2025-05-22T15:00:00-07:00,28,81,2.5
2025-05-22T15:30:00-07:00,26,83,2.3
2025-05-22T16:00:00-07:00,25,84,2.2
2025-05-22T16:30:00-07:00,26,84,2.3
2025-05-22T17:00:00-07:00,26,84,2.3
2025-05-22T17:30:00-07:00,26,83,2.4
2025-05-22T18:00:00-07:00,28,81,2.1
2025-05-22T18:30:00-07:00,35,72,2.1
2025-05-22T19:00:00-07:00,41,68,2.3
2025-05-22T19:30:00-07:00,44,65,2.4
2025-05-22T20:00:00-07:00,47,63,2.3
2025-05-22T20:30:00-07:00,49,61,2.4
2025-05-22T21:00:00-07:00,51,60,2.2
2025-05-22T21:30:00-07:00,53,60,2.4
2025-05-22T22:00:00-07:00,54,60,2.3
2025-05-22T22:30:00-07:00,54,59,2.5
2025-05-22T23:00:00-07:00,55,59,2.6
2025-05-22T23:30:00-07:00,55,59,2.6
2025-05-23T00:00:00-07:00,55,60,2.4
2025-05-23T00:30:00-07:00,55,60,2.6
2025-05-23T01:00:00-07:00,55,60,2.8
2025-05-23T01:30:00-07:00,55,60,3
2025-05-23T02:00:00-07:00,55,60,3
2025-05-23T02:30:00-07:00,56,59,3.2
2025-05-23T03:00:00-07:00,56,59,2.9
2025-05-23T03:30:00-07:00,55,60,2.7
2025-05-23T04:00:00-07:00,55,60,2.8
2025-05-23T04:30:00-07:00,54,60,2.6
2025-05-23T05:00:00-07:00,53,60,2.7
2025-05-23T05:30:00-07:00,53,60,2.3
2025-05-23T06:00:00-07:00,54,59,2.3
2025-05-23T06:30:00-07:00,54,59,2.6
2025-05-23T07:00:00-07:00,55,59,2.4
2025-05-23T07:30:00-07:00,56,59,3.5
2025-05-23T08:00:00-07:00,55,60,4
2025-05-23T08:30:00-07:00,51,62,3.9
2025-05-23T09:00:00-07:00,47,65,3.7
2025-05-23T09:30:00-07:00,45,66,3.9
2025-05-23T10:00:00-07:00,42,70,4.1
2025-05-23T10:30:00-07:00,41,71,4.5
2025-05-23T11:00:00-07:00,40,72,4.4
2025-05-23T11:30:00-07:00,39,73,4.4
2025-05-23T12:00:00-07:00,37,74,4.6
2025-05-23T12:30:00-07:00,37,74,4.5
2025-05-23T13:00:00-07:00,37,74,4.6
2025-05-23T13:30:00-07:00,36,74,4.7
2025-05-23T14:00:00-07:00,36,75,4.3
2025-05-23T14:30:00-07:00,35,75,4.2
2025-05-23T15:00:00-07:00,32,80,4.1
2025-05-23T15:30:00-07:00,30,82,4.4
2025-05-23T16:00:00-07:00,29,82,4.4
2025-05-23T16:30:00-07:00,28,84,4.4
2025-05-23T17:00:00-07:00,28,84,4.4
2025-05-23T17:30:00-07:00,29,82,4.9
2025-05-23T18:00:00-07:00,31,80,9
2025-05-23T18:30:00-07:00,40,70,5.4
2025-05-23T19:00:00-07:00,45,67,5.3
2025-05-23T19:30:00-07:00,48,64,5.7
2025-05-23T20:00:00-07:00,51,62,6.1
2025-05-23T20:30:00-07:00,53,60,6
2025-05-23T21:00:00-07:00,54,61,6.1
2025-05-23T21:30:00-07:00,55,60,6.1
2025-05-23T22:00:00-07:00,54,60,5.8
2025-05-23T22:30:00-07:00,55,59,5.5
2025-05-23T23:00:00-07:00,56,59,5.7
2025-05-23T23:30:00-07:00,56,59,5.5
2025-05-24T00:00:00-07:00,57,58,6
2025-05-24T00:30:00-07:00,57,58,5.8
2025-05-24T01:00:00-07:00,58,58,5.7
2025-05-24T01:30:00-07:00,58,58,5.1
2025-05-24T02:00:00-07:00,58,58,5
2025-05-24T02:30:00-07:00,59,57,5.2
2025-05-24T03:00:00-07:00,59,57,5.3
2025-05-24T03:30:00-07:00,60,57,5.1
2025-05-24T04:00:00-07:00,61,57,5.3
2025-05-24T04:30:00-07:00,60,57,4.9
2025-05-24T05:00:00-07:00,60,58,4.8
2025-05-24T05:30:00-07:00,59,59,5.1
2025-05-24T06:00:00-07:00,58,60,5.4
2025-05-24T06:30:00-07:00,58,60,6.4
2025-05-24T07:00:00-07:00,57,60,6.5
2025-05-24T07:30:00-07:00,56,61,6.8
2025-05-24T08:00:00-07:00,54,62,10.1
2025-05-24T08:30:00-07:00,52,63,10.8
2025-05-24T09:00:00-07:00,51,64,10.4
2025-05-24T09:30:00-07:00,48,66,8.5
2025-05-24T10:00:00-07:00,46,68,5.8
2025-05-24T10:30:00-07:00,45,69,5.4
2025-05-24T11:00:00-07:00,42,72,5.6
2025-05-24T11:30:00-07:00,40,72,5.1
2025-05-24T12:00:00-07:00,41,73,5.4
2025-05-24T12:30:00-07:00,41,73,6.1
2025-05-24T13:00:00-07:00,40,73,6.7
2025-05-24T13:30:00-07:00,40,73,6.4
2025-05-24T14:00:00-07:00,39,73,6
2025-05-24T14:30:00-07:00,38,74,5.6
2025-05-24T15:00:00-07:00,35,79,5.1
2025-05-24T15:30:00-07:00,32,81,4.6
2025-05-24T16:00:00-07:00,30,82,4.4
2025-05-24T16:30:00-07:00,29,83,4.5
2025-05-24T17:00:00-07:00,28,82,4
2025-05-24T17:30:00-07:00,30,82,4.4
2025-05-24T18:00:00-07:00,31,79,3.8
2025-05-24T18:30:00-07:00,39,71,4
2025-05-24T19:00:00-07:00,43,67,3.5
2025-05-24T19:30:00-07:00,46,65,3.4
2025-05-24T20:00:00-07:00,48,63,3.3
2025-05-24T20:30:00-07:00,49,63,3.2
2025-05-24T21:00:00-07:00,50,62,3
2025-05-24T21:30:00-07:00,50,62,2.8
2025-05-24T22:00:00-07:00,50,62,2.5
2025-05-24T22:30:00-07:00,51,62,2.3
2025-05-24T23:00:00-07:00,51,62,2.7
2025-05-24T23:30:00-07:00,52,61,2.9
2025-05-25T00:00:00-07:00,53,61,2.9
2025-05-25T00:30:00-07:00,53,61,2.7
2025-05-25T01:00:00-07:00,54,60,2.8
2025-05-25T01:30:00-07:00,54,60,2.8
2025-05-25T02:00:00-07:00,54,60,2.5
2025-05-25T02:30:00-07:00,54,60,2.2
2025-05-25T03:00:00-07:00,54,60,2.2
2025-05-25T03:30:00-07:00,54,60,1.9
2025-05-25T04:00:00-07:00,54,60,1.8
2025-05-25T04:30:00-07:00,53,60,1.8
2025-05-25T05:00:00-07:00,53,60,1.7
2025-05-25T05:30:00-07:00,54,60,1.8
2025-05-25T06:00:00-07:00,54,60,1.8
2025-05-25T06:30:00-07:00,54,60,2.1
2025-05-25T07:00:00-07:00,54,61,2.3
2025-05-25T07:30:00-07:00,54,61,2.2
2025-05-25T08:00:00-07:00,53,62,2.2
2025-05-25T08:30:00-07:00,51,63,2.1
2025-05-25T09:00:00-07:00,49,64,1.3
2025-05-25T09:30:00-07:00,46,67,1.2
2025-05-25T10:00:00-07:00,44,69,1.1
2025-05-25T10:30:00-07:00,41,71,1
2025-05-25T11:00:00-07:00,40,72,0.8
2025-05-25T11:30:00-07:00,39,73,0.9
2025-05-25T12:00:00-07:00,38,73,1.1
2025-05-25T12:30:00-07:00,38,74,1.5
2025-05-25T13:00:00-07:00,36,74,1.9
2025-05-25T13:30:00-07:00,35,75,1.6
2025-05-25T14:00:00-07:00,35,75,1.4
2025-05-25T14:30:00-07:00,34,76,1.2
2025-05-25T15:00:00-07:00,31,79,1.2
2025-05-25T15:30:00-07:00,30,81,1.1
2025-05-25T16:00:00-07:00,28,82,0.8
2025-05-25T16:30:00-07:00,28,82,1
2025-05-25T17:00:00-07:00,30,81,1.3
2025-05-25T17:30:00-07:00,29,82,1.4
2025-05-25T18:00:00-07:00,31,79,1.4
2025-05-25T18:30:00-07:00,37,73,1.8
2025-05-25T19:00:00-07:00,41,70,1.9
2025-05-25T19:30:00-07:00,44,67,2.1
2025-05-25T20:00:00-07:00,48,64,2.3
2025-05-25T20:30:00-07:00,50,64,2.4
2025-05-25T21:00:00-07:00,51,63,2.4
2025-05-25T21:30:00-07:00,53,63,2.3
2025-05-25T22:00:00-07:00,55,63,2.3
2025-05-25T22:30:00-07:00,55,63,2.1
2025-05-25T23:00:00-07:00,56,62,1.6
2025-05-25T23:30:00-07:00,57,62,1.3
2025-05-26T00:00:00-07:00,56,62,1
2025-05-26T00:30:00-07:00,56,62,19.5
2025-05-26T01:00:00-07:00,56,62,16.5
2025-05-26T01:30:00-07:00,56,62,1.4
2025-05-26T02:00:00-07:00,57,62,0.8
2025-05-26T02:30:00-07:00,58,61,0.8
2025-05-26T03:00:00-07:00,59,62,1.1
2025-05-26T03:30:00-07:00,59,62,1.4
2025-05-26T04:00:00-07:00,59,63,1.5
2025-05-26T04:30:00-07:00,59,63,1.7
2025-05-26T05:00:00-07:00,59,61,1.6
2025-05-26T05:30:00-07:00,59,61,1.6
2025-05-26T06:00:00-07:00,59,61,1.6
2025-05-26T06:30:00-07:00,58,62,1.8
2025-05-26T07:00:00-07:00,57,63,2
2025-05-26T07:30:00-07:00,57,64,1.9
2025-05-26T08:00:00-07:00,58,64,2
2025-05-26T08:30:00-07:00,58,66,1.2
2025-05-26T09:00:00-07:00,58,66,0.3
2025-05-26T09:30:00-07:00,54,68,0
2025-05-26T10:00:00-07:00,50,70,0.2
2025-05-26T10:30:00-07:00,45,72,0.3
2025-05-26T11:00:00-07:00,39,76,0.1
2025-05-26T11:30:00-07:00,37,77,0.3
2025-05-26T12:00:00-07:00,37,77,0.6
2025-05-26T12:30:00-07:00,38,77,1.2
2025-05-26T13:00:00-07:00,36,78,1.1
2025-05-26T13:30:00-07:00,37,78,0.9
2025-05-26T14:00:00-07:00,39,76,0.6
2025-05-26T14:30:00-07:00,40,76,0.7
2025-05-26T15:00:00-07:00,36,81,0.4
2025-05-26T15:30:00-07:00,33,83,0.7
2025-05-26T16:00:00-07:00,32,84,0.8
2025-05-26T16:30:00-07:00,31,84,0.7
2025-05-26T17:00:00-07:00,30,85,1
2025-05-26T17:30:00-07:00,30,84,1.5
2025-05-26T18:00:00-07:00,33,82,2
2025-05-26T18:30:00-07:00,42,72,8
2025-05-26T19:00:00-07:00,47,68,5.3
2025-05-26T19:30:00-07:00,50,66,3.6
2025-05-26T20:00:00-07:00,52,65,4
2025-05-26T20:30:00-07:00,55,62,4.7
2025-05-26T21:00:00-07:00,55,62,4.9
2025-05-26T21:30:00-07:00,54,63,4.6
2025-05-26T22:00:00-07:00,54,63,4
2025-05-26T22:30:00-07:00,54,63,4.1
2025-05-26T23:00:00-07:00,55,62,3.8
2025-05-26T23:30:00-07:00,55,63,3.3
2025-05-27T00:00:00-07:00,55,62,2.6
2025-05-27T00:30:00-07:00,56,61,2.5
2025-05-27T01:00:00-07:00,57,60,2.3
2025-05-27T01:30:00-07:00,59,59,2.4
2025-05-27T02:00:00-07:00,59,58,4
2025-05-27T02:30:00-07:00,59,57,6
2025-05-27T03:00:00-07:00,59,57,5.7
2025-05-27T03:30:00-07:00,60,56,2.9
2025-05-27T04:00:00-07:00,60,56,2.5
2025-05-27T04:30:00-07:00,60,56,2.5
2025-05-27T05:00:00-07:00,60,55,3
2025-05-27T05:30:00-07:00,60,55,3.4
2025-05-27T06:00:00-07:00,60,55,3.7
2025-05-27T06:30:00-07:00,60,58,5.6
2025-05-27T07:00:00-07:00,60,60,4.8
2025-05-27T07:30:00-07:00,58,62,8
2025-05-27T08:00:00-07:00,56,63,10.5
2025-05-27T08:30:00-07:00,54,65,10.9
2025-05-27T09:00:00-07:00,51,67,11.6
2025-05-27T09:30:00-07:00,46,71,8.6
2025-05-27T10:00:00-07:00,42,74,5.5
2025-05-27T10:30:00-07:00,39,76,4.5
2025-05-27T11:00:00-07:00,37,79,7.6
2025-05-27T11:30:00-07:00,36,81,7.4
2025-05-27T12:00:00-07:00,36,82,6.8
2025-05-27T12:30:00-07:00,34,83,5.7
2025-05-27T13:00:00-07:00,32,84,4.6
2025-05-27T13:30:00-07:00,30,86,4.1
2025-05-27T14:00:00-07:00,30,87,4.2
2025-05-27T14:30:00-07:00,29,90,5
2025-05-27T15:00:00-07:00,26,93,5.2
2025-05-27T15:30:00-07:00,23,97,4.7
2025-05-27T16:00:00-07:00,22,98,4.4
2025-05-27T16:30:00-07:00,22,96,4.4
2025-05-27T17:00:00-07:00,22,95,4.4
2025-05-27T17:30:00-07:00,24,93,4.6
2025-05-27T18:00:00-07:00,28,87,4.1
2025-05-27T18:30:00-07:00,36,77,4.3
2025-05-27T19:00:00-07:00,39,73,4.5
2025-05-27T19:30:00-07:00,43,69,4.2
2025-05-27T20:00:00-07:00,47,67,4.7
2025-05-27T20:30:00-07:00,50,66,4.9
2025-05-27T21:00:00-07:00,53,64,5.1
2025-05-27T21:30:00-07:00,56,63,5.5
2025-05-27T22:00:00-07:00,58,62,5.8
2025-05-27T22:30:00-07:00,58,62,5.2
2025-05-27T23:00:00-07:00,58,60,5.1
2025-05-27T23:30:00-07:00,58,61,4.8
2025-05-28T00:00:00-07:00,58,61,4.3
2025-05-28T00:30:00-07:00,58,61,4.5
2025-05-28T01:00:00-07:00,58,60,4.7
2025-05-28T01:30:00-07:00,58,60,5
2025-05-28T02:00:00-07:00,58,61,5.3
2025-05-28T02:30:00-07:00,58,60,5.7
2025-05-28T03:00:00-07:00,58,62,5.8
2025-05-28T03:30:00-07:00,59,61,4.7
2025-05-28T04:00:00-07:00,58,61,3.3
2025-05-28T04:30:00-07:00,58,60,3.2
2025-05-28T05:00:00-07:00,58,60,2.5
2025-05-28T05:30:00-07:00,58,61,1.9
2025-05-28T06:00:00-07:00,58,59,1.8
2025-05-28T06:30:00-07:00,58,60,2
2025-05-28T07:00:00-07:00,57,62,2.2
2025-05-28T07:30:00-07:00,56,62,2.8
2025-05-28T08:00:00-07:00,56,62,2.5
2025-05-28T08:30:00-07:00,54,63,2.1
2025-05-28T09:00:00-07:00,51,65,2.2
2025-05-28T09:30:00-07:00,48,67,2.7
2025-05-28T10:00:00-07:00,47,68,3.3
2025-05-28T10:30:00-07:00,48,68,5
2025-05-28T11:00:00-07:00,48,68,4
2025-05-28T11:30:00-07:00,50,66,3
2025-05-28T12:00:00-07:00,50,66,2.8
2025-05-28T12:30:00-07:00,50,66,3.3
2025-05-28T13:00:00-07:00,48,68,3.5
2025-05-28T13:30:00-07:00,45,69,3.5
2025-05-28T14:00:00-07:00,41,72,3.1
2025-05-28T14:30:00-07:00,38,74,2.7
2025-05-28T15:00:00-07:00,34,78,2.5
2025-05-28T15:30:00-07:00,30,83,2.2
2025-05-28T16:00:00-07:00,28,86,2.1
2025-05-28T16:30:00-07:00,28,84,2
2025-05-28T17:00:00-07:00,29,83,2.1
2025-05-28T17:30:00-07:00,29,83,1.8
2025-05-28T18:00:00-07:00,31,80,1.6
2025-05-28T18:30:00-07:00,38,72,1.6
2025-05-28T19:00:00-07:00,43,68,1.6
2025-05-28T19:30:00-07:00,47,66,1.5
2025-05-28T20:00:00-07:00,50,64,1.6
2025-05-28T20:30:00-07:00,52,64,1.3
2025-05-28T21:00:00-07:00,52,62,1.1
2025-05-28T21:30:00-07:00,53,64,1.2
2025-05-28T22:00:00-07:00,53,63,1.1
2025-05-28T22:30:00-07:00,53,63,0.8
2025-05-28T23:00:00-07:00,54,62,1
2025-05-28T23:30:00-07:00,54,61,1.1
2025-05-29T00:00:00-07:00,55,62,1.2
2025-05-29T00:30:00-07:00,55,60,1
2025-05-29T01:00:00-07:00,55,58,1
2025-05-29T01:30:00-07:00,54,58,0.9
2025-05-29T02:00:00-07:00,56,59,1
2025-05-29T02:30:00-07:00,57,61,1
2025-05-29T03:00:00-07:00,57,60,0.8
2025-05-29T03:30:00-07:00,58,61,0.8
2025-05-29T04:00:00-07:00,57,62,0.8
2025-05-29T04:30:00-07:00,57,62,0.9
2025-05-29T05:00:00-07:00,58,62,1.2
2025-05-29T05:30:00-07:00,57,62,1.1
2025-05-29T06:00:00-07:00,58,62,1.2
2025-05-29T06:30:00-07:00,59,62,1.1
2025-05-29T07:00:00-07:00,58,62,1.4
2025-05-29T07:30:00-07:00,57,63,1.3
2025-05-29T08:00:00-07:00,55,64,1.4
2025-05-29T08:30:00-07:00,53,63,1.6
2025-05-29T09:00:00-07:00,51,67,1.2
2025-05-29T09:30:00-07:00,48,71,1.2
2025-05-29T10:00:00-07:00,43,74,1.1
2025-05-29T10:30:00-07:00,38,77,0.8
2025-05-29T11:00:00-07:00,35,79,0.9
2025-05-29T11:30:00-07:00,35,81,1.2
2025-05-29T12:00:00-07:00,34,82,1.5
2025-05-29T12:30:00-07:00,32,83,1.2
2025-05-29T13:00:00-07:00,29,84,1.1
2025-05-29T13:30:00-07:00,28,85,1.1
2025-05-29T14:00:00-07:00,29,85,1.4
2025-05-29T14:30:00-07:00,29,86,1.3
2025-05-29T15:00:00-07:00,27,92,1.3
2025-05-29T15:30:00-07:00,26,92,1.4
2025-05-29T16:00:00-07:00,25,95,1.4
2025-05-29T16:30:00-07:00,25,95,1.4
2025-05-29T17:00:00-07:00,25,93,1.2
2025-05-29T17:30:00-07:00,26,94,1.4
2025-05-29T18:00:00-07:00,29,88,1.8
2025-05-29T18:30:00-07:00,37,79,2.1
2025-05-29T19:00:00-07:00,43,75,2.4
2025-05-29T19:30:00-07:00,47,72,2.7
2025-05-29T20:00:00-07:00,50,69,3
2025-05-29T20:30:00-07:00,53,68,3
2025-05-29T21:00:00-07:00,55,66,3.2
2025-05-29T21:30:00-07:00,56,66,3.3
2025-05-29T22:00:00-07:00,57,65,3.4
2025-05-29T22:30:00-07:00,59,65,3.2
2025-05-29T23:00:00-07:00,59,64,3.3
2025-05-29T23:30:00-07:00,59,63,3.1
2025-05-30T00:00:00-07:00,61,62,3.1
2025-05-30T00:30:00-07:00,61,62,3.5
2025-05-30T01:00:00-07:00,61,62,3.4
2025-05-30T01:30:00-07:00,61,62,3.4
2025-05-30T02:00:00-07:00,62,62,3.3
2025-05-30T02:30:00-07:00,62,61,3.6
2025-05-30T03:00:00-07:00,61,61,3.3
2025-05-30T03:30:00-07:00,61,60,3.3
2025-05-30T04:00:00-07:00,61,58,3.4
2025-05-30T04:30:00-07:00,61,59,3.4
2025-05-30T05:00:00-07:00,61,59,3.3
2025-05-30T05:30:00-07:00,61,59,3.4
2025-05-30T06:00:00-07:00,62,59,4
2025-05-30T06:30:00-07:00,62,59,3.9
2025-05-30T07:00:00-07:00,63,61,4.3
2025-05-30T07:30:00-07:00,64,62,4.4
2025-05-30T08:00:00-07:00,62,65,4.6
2025-05-30T08:30:00-07:00,57,68,5.8
2025-05-30T09:00:00-07:00,51,72,6.1
2025-05-30T09:30:00-07:00,46,76,5.2
2025-05-30T10:00:00-07:00,42,80,5.4
2025-05-30T10:30:00-07:00,39,83,5.9
2025-05-30T11:00:00-07:00,38,85,6.6
2025-05-30T11:30:00-07:00,36,88,7.3
2025-05-30T12:00:00-07:00,34,90,7.4
2025-05-30T12:30:00-07:00,32,92,5.6
2025-05-30T13:00:00-07:00,28,94,4.1
2025-05-30T13:30:00-07:00,27,96,3.3
2025-05-30T14:00:00-07:00,25,98,3
2025-05-30T14:30:00-07:00,24,101,3.5
2025-05-30T15:00:00-07:00,20,106,3.7
2025-05-30T15:30:00-07:00,18,107,3
2025-05-30T16:00:00-07:00,17,111,2.8
2025-05-30T16:30:00-07:00,16,112,2.4
2025-05-30T17:00:00-07:00,16,111,2.6
2025-05-30T17:30:00-07:00,17,110,2.9
2025-05-30T18:00:00-07:00,19,106,4
2025-05-30T18:30:00-07:00,24,96,4.3
2025-05-30T19:00:00-07:00,29,90,4.3
2025-05-30T19:30:00-07:00,33,86,4.7
2025-05-30T20:00:00-07:00,37,82,5.6
2025-05-30T20:30:00-07:00,42,79,5.9
2025-05-30T21:00:00-07:00,45,77,6.6
2025-05-30T21:30:00-07:00,47,75,8
2025-05-30T22:00:00-07:00,48,74,8.5
2025-05-30T22:30:00-07:00,48,73,10
2025-05-30T23:00:00-07:00,49,72,9.8
2025-05-30T23:30:00-07:00,51,70,9.4
2025-05-31T00:00:00-07:00,51,69,9.4
2025-05-31T00:30:00-07:00,52,68,8.9
2025-05-31T01:00:00-07:00,54,68,9.4
2025-05-31T01:30:00-07:00,54,67,9.8
2025-05-31T02:00:00-07:00,54,67,10.9
2025-05-31T02:30:00-07:00,55,66,11.7
2025-05-31T03:00:00-07:00,55,66,11
2025-05-31T03:30:00-07:00,56,65,10.8
2025-05-31T04:00:00-07:00,56,65,10.3
2025-05-31T04:30:00-07:00,58,64,10.6
2025-05-31T05:00:00-07:00,58,64,10.5
2025-05-31T05:30:00-07:00,59,63,10
2025-05-31T06:00:00-07:00,59,63,10.1
2025-05-31T06:30:00-07:00,59,64,10.5
2025-05-31T07:00:00-07:00,58,65,11.2
2025-05-31T07:30:00-07:00,58,67,12.3
2025-05-31T08:00:00-07:00,56,69,12.3
2025-05-31T08:30:00-07:00,53,72,12.1
2025-05-31T09:00:00-07:00,48,76,11.2
2025-05-31T09:30:00-07:00,43,80,10.6
2025-05-31T10:00:00-07:00,40,84,10.5
2025-05-31T10:30:00-07:00,38,86,10.2
2025-05-31T11:00:00-07:00,35,88,9.6
2025-05-31T11:30:00-07:00,31,91,8.2
2025-05-31T12:00:00-07:00,30,93,8.2
2025-05-31T12:30:00-07:00,28,95,6.3
2025-05-31T13:00:00-07:00,27,96,6
2025-05-31T13:30:00-07:00,25,97,6.5
2025-05-31T14:00:00-07:00,24,98,6.2
2025-05-31T14:30:00-07:00,24,101,7.6
2025-05-31T15:00:00-07:00,20,104,6.5
2025-05-31T15:30:00-07:00,19,105,6.7
2025-05-31T16:00:00-07:00,17,107,5.2
2025-05-31T16:30:00-07:00,15,107,4.4
2025-05-31T17:00:00-07:00,16,107,5.1
2025-05-31T17:30:00-07:00,17,106,5.6
2025-05-31T18:00:00-07:00,21,99,6.4
2025-05-31T18:30:00-07:00,28,88,6.7
2025-05-31T19:00:00-07:00,32,83,7
2025-05-31T19:30:00-07:00,35,79,6.5
2025-05-31T20:00:00-07:00,38,77,6.7
2025-05-31T20:30:00-07:00,38,75,7
2025-05-31T21:00:00-07:00,41,73,6.5
2025-05-31T21:30:00-07:00,43,72,7.2
2025-05-31T22:00:00-07:00,45,71,7.7
2025-05-31T22:30:00-07:00,46,70,7.4
2025-05-31T23:00:00-07:00,47,69,7.5
2025-05-31T23:30:00-07:00,48,68,7
2025-06-01T00:00:00-07:00,48,68,7.6
2025-06-01T00:30:00-07:00,50,67,7.5
2025-06-01T01:00:00-07:00,50,67,7.6
2025-06-01T01:30:00-07:00,51,66,7.9
2025-06-01T02:00:00-07:00,53,65,8.7
2025-06-01T02:30:00-07:00,54,64,8.7
2025-06-01T03:00:00-07:00,54,65,8.4
2025-06-01T03:30:00-07:00,55,64,8.3
2025-06-01T04:00:00-07:00,55,64,8.3
2025-06-01T04:30:00-07:00,55,64,9
2025-06-01T05:00:00-07:00,56,63,9.4
2025-06-01T05:30:00-07:00,57,62,9.7
2025-06-01T06:00:00-07:00,58,62,9.7
2025-06-01T06:30:00-07:00,58,63,10.1
2025-06-01T07:00:00-07:00,59,63,10.1
2025-06-01T07:30:00-07:00,58,64,9.1
2025-06-01T08:00:00-07:00,56,65,9.7
2025-06-01T08:30:00-07:00,53,67,8.6
2025-06-01T09:00:00-07:00,50,68,8
2025-06-01T09:30:00-07:00,46,72,7.6
2025-06-01T10:00:00-07:00,44,74,7.5
2025-06-01T10:30:00-07:00,42,76,7.4
2025-06-01T11:00:00-07:00,40,77,7.2
2025-06-01T11:30:00-07:00,40,78,7.3
2025-06-01T12:00:00-07:00,39,77,7.3
2025-06-01T12:30:00-07:00,38,78,7.3
2025-06-01T13:00:00-07:00,37,78,6.5
2025-06-01T13:30:00-07:00,36,79,7.3
2025-06-01T14:00:00-07:00,36,80,7.8
2025-06-01T14:30:00-07:00,35,79,8.5
2025-06-01T15:00:00-07:00,32,83,8.7
2025-06-01T15:30:00-07:00,31,84,9.7
2025-06-01T16:00:00-07:00,29,85,9.4
2025-06-01T16:30:00-07:00,29,85,9.8
2025-06-01T17:00:00-07:00,28,85,9.6
2025-06-01T17:30:00-07:00,29,85,9.7
2025-06-01T18:00:00-07:00,31,80,10.1
2025-06-01T18:30:00-07:00,39,73,10.3
2025-06-01T19:00:00-07:00,43,69,11.2
2025-06-01T19:30:00-07:00,45,67,11.6
2025-06-01T20:00:00-07:00,49,64,12.6
2025-06-01T20:30:00-07:00,50,64,12.9
2025-06-01T21:00:00-07:00,51,63,13.3
2025-06-01T21:30:00-07:00,52,63,13
2025-06-01T22:00:00-07:00,53,62,12.5
2025-06-01T22:30:00-07:00,54,61,12
2025-06-01T23:00:00-07:00,55,60,12.7
2025-06-01T23:30:00-07:00,55,61,12.9
2025-06-02T00:00:00-07:00,55,60,12.4
2025-06-02T00:30:00-07:00,56,60,11.7
2025-06-02T01:00:00-07:00,57,60,12
2025-06-02T01:30:00-07:00,57,59,11.8
2025-06-02T02:00:00-07:00,58,59,11.7
2025-06-02T02:30:00-07:00,59,59,11.6
2025-06-02T03:00:00-07:00,59,58,12
2025-06-02T03:30:00-07:00,59,58,11.8
2025-06-02T04:00:00-07:00,59,58,11.3
2025-06-02T04:30:00-07:00,59,57,10.6
2025-06-02T05:00:00-07:00,59,57,9.1
2025-06-02T05:30:00-07:00,59,57,8.6
2025-06-02T06:00:00-07:00,59,57,7.6
2025-06-02T06:30:00-07:00,60,58,7.1
2025-06-02T07:00:00-07:00,60,59,6.8
2025-06-02T07:30:00-07:00,57,60,5.8
2025-06-02T08:00:00-07:00,54,62,5.4
2025-06-02T08:30:00-07:00,50,65,5.1
2025-06-02T09:00:00-07:00,47,68,5.5
2025-06-02T09:30:00-07:00,43,71,5.6
2025-06-02T10:00:00-07:00,40,74,5.6
2025-06-02T10:30:00-07:00,37,77,5.5
2025-06-02T11:00:00-07:00,34,79,5.7
2025-06-02T11:30:00-07:00,32,81,5.2
2025-06-02T12:00:00-07:00,32,83,5.6
2025-06-02T12:30:00-07:00,30,84,5.4
2025-06-02T13:00:00-07:00,30,85,4.9
2025-06-02T13:30:00-07:00,29,86,4.5
2025-06-02T14:00:00-07:00,29,86,4.1
2025-06-02T14:30:00-07:00,28,86,4.3
2025-06-02T15:00:00-07:00,26,88,3.9
2025-06-02T15:30:00-07:00,25,90,3.8
2025-06-02T16:00:00-07:00,25,89,3.4
2025-06-02T16:30:00-07:00,25,89,3.1
2025-06-02T17:00:00-07:00,25,90,3.4
2025-06-02T17:30:00-07:00,26,85,3.7
2025-06-02T18:00:00-07:00,30,83,4
2025-06-02T18:30:00-07:00,37,74,4.9
2025-06-02T19:00:00-07:00,41,72,3.8
2025-06-02T19:30:00-07:00,45,70,4
2025-06-02T20:00:00-07:00,47,67,6.2
2025-06-02T20:30:00-07:00,51,66,5
2025-06-02T21:00:00-07:00,54,65,5.2
2025-06-02T21:30:00-07:00,55,64,5.5
2025-06-02T22:00:00-07:00,56,63,5.6
2025-06-02T22:30:00-07:00,56,64,5.4
2025-06-02T23:00:00-07:00,57,63,5.2
2025-06-02T23:30:00-07:00,58,63,5.6
2025-06-03T00:00:00-07:00,59,63,5.6
2025-06-03T00:30:00-07:00,59,63,5.3
2025-06-03T01:00:00-07:00,58,63,5.6
2025-06-03T01:30:00-07:00,59,62,5.8
2025-06-03T02:00:00-07:00,59,62,5.6
2025-06-03T02:30:00-07:00,59,62,5.3
2025-06-03T03:00:00-07:00,59,63,5.1
2025-06-03T03:30:00-07:00,59,63,5.1
2025-06-03T04:00:00-07:00,59,62,5.4
2025-06-03T04:30:00-07:00,60,63,6
2025-06-03T05:00:00-07:00,59,63,5.9
2025-06-03T05:30:00-07:00,58,64,5.9
2025-06-03T06:00:00-07:00,57,65,6.9
2025-06-03T06:30:00-07:00,56,65,7.2
2025-06-03T07:00:00-07:00,56,66,8.2
2025-06-03T07:30:00-07:00,54,66,8.5
2025-06-03T08:00:00-07:00,52,69,6.9
2025-06-03T08:30:00-07:00,50,70,7.6
2025-06-03T09:00:00-07:00,48,70,8
2025-06-03T09:30:00-07:00,45,73,7.7
2025-06-03T10:00:00-07:00,42,76,6.5
2025-06-03T10:30:00-07:00,40,77,6.5
2025-06-03T11:00:00-07:00,38,80,6.4
2025-06-03T11:30:00-07:00,36,82,6.7
2025-06-03T12:00:00-07:00,34,84,6.9
2025-06-03T12:30:00-07:00,33,85,5.8
2025-06-03T13:00:00-07:00,33,85,5.5
2025-06-03T13:30:00-07:00,33,86,5.4
2025-06-03T14:00:00-07:00,32,86,12.6
2025-06-03T14:30:00-07:00,30,88,6.2
2025-06-03T15:00:00-07:00,27,93,5.7
2025-06-03T15:30:00-07:00,25,94,5.4
2025-06-03T16:00:00-07:00,24,95,5.5
2025-06-03T16:30:00-07:00,25,94,5.7
2025-06-03T17:00:00-07:00,24,95,5.8
2025-06-03T17:30:00-07:00,24,94,5.9
2025-06-03T18:00:00-07:00,27,89,6
2025-06-03T18:30:00-07:00,34,80,6.4
2025-06-03T19:00:00-07:00,38,76,7.3
2025-06-03T19:30:00-07:00,41,73,7.7
2025-06-03T20:00:00-07:00,44,71,8.8
2025-06-03T20:30:00-07:00,48,68,9.8
2025-06-03T21:00:00-07:00,50,66,10.1
2025-06-03T21:30:00-07:00,51,65,10.6
2025-06-03T22:00:00-07:00,51,65,10.5
2025-06-03T22:30:00-07:00,52,65,10.6
2025-06-03T23:00:00-07:00,52,64,10.9
2025-06-03T23:30:00-07:00,53,64,11.2
2025-06-04T00:00:00-07:00,53,63,11.7
2025-06-04T00:30:00-07:00,54,64,11.8
2025-06-04T01:00:00-07:00,54,63,12.2
2025-06-04T01:30:00-07:00,55,63,12.1
2025-06-04T02:00:00-07:00,56,62,12.7
2025-06-04T02:30:00-07:00,59,60,13.2
2025-06-04T03:00:00-07:00,59,61,13.5
2025-06-04T03:30:00-07:00,60,61,15
2025-06-04T04:00:00-07:00,61,61,13.7
2025-06-04T04:30:00-07:00,60,60,12
2025-06-04T05:00:00-07:00,60,60,12.2
2025-06-04T05:30:00-07:00,60,60,12.7
2025-06-04T06:00:00-07:00,60,61,13.1
2025-06-04T06:30:00-07:00,59,62,13
2025-06-04T07:00:00-07:00,57,64,13.5
2025-06-04T07:30:00-07:00,58,65,13.9
2025-06-04T08:00:00-07:00,56,67,15
2025-06-04T08:30:00-07:00,53,69,14.7
2025-06-04T09:00:00-07:00,50,71,14.1
2025-06-04T09:30:00-07:00,47,74,13.7
2025-06-04T10:00:00-07:00,44,76,13.4
2025-06-04T10:30:00-07:00,41,77,12.9
2025-06-04T11:00:00-07:00,39,79,12.4
2025-06-04T11:30:00-07:00,37,80,11.2
2025-06-04T12:00:00-07:00,34,82,10.9
2025-06-04T12:30:00-07:00,33,84,10.5
2025-06-04T13:00:00-07:00,33,84,9.3
2025-06-04T13:30:00-07:00,32,83,9.4
2025-06-04T14:00:00-07:00,31,86,9.2
2025-06-04T14:30:00-07:00,30,88,8.8
2025-06-04T15:00:00-07:00,27,92,8.1
2025-06-04T15:30:00-07:00,25,93,7.9
2025-06-04T16:00:00-07:00,24,94,7.3
2025-06-04T16:30:00-07:00,23,97,7.1
2025-06-04T17:00:00-07:00,22,96,6.6
2025-06-04T17:30:00-07:00,22,94,6
2025-06-04T18:00:00-07:00,27,88,6.7
2025-06-04T18:30:00-07:00,34,79,6.7
2025-06-04T19:00:00-07:00,38,75,7.3
2025-06-04T19:30:00-07:00,43,72,7.3
2025-06-04T20:00:00-07:00,48,68,7.6
2025-06-04T20:30:00-07:00,52,66,8.2
2025-06-04T21:00:00-07:00,55,65,8.1
2025-06-04T21:30:00-07:00,56,64,8.3
2025-06-04T22:00:00-07:00,57,63,8.4
2025-06-04T22:30:00-07:00,58,63,8.6
2025-06-04T23:00:00-07:00,58,63,8.7
2025-06-04T23:30:00-07:00,58,62,8.3
2025-06-05T00:00:00-07:00,58,63,8.9
2025-06-05T00:30:00-07:00,58,63,9.3
2025-06-05T01:00:00-07:00,58,61,9.1
2025-06-05T01:30:00-07:00,59,61,8.2
2025-06-05T02:00:00-07:00,60,62,8.3
2025-06-05T02:30:00-07:00,60,62,8.5
2025-06-05T03:00:00-07:00,60,62,9.7
2025-06-05T03:30:00-07:00,59,63,9
2025-06-05T04:00:00-07:00,58,63,8.2
2025-06-05T04:30:00-07:00,58,61,7.8
2025-06-05T05:00:00-07:00,59,61,7.3
2025-06-05T05:30:00-07:00,59,61,6.7
2025-06-05T06:00:00-07:00,60,61,6.5
2025-06-05T06:30:00-07:00,59,61,7
2025-06-05T07:00:00-07:00,59,62,7
2025-06-05T07:30:00-07:00,58,63,5.4
2025-06-05T08:00:00-07:00,54,66,5.2
2025-06-05T08:30:00-07:00,51,67,5.4
2025-06-05T09:00:00-07:00,48,70,5.3
2025-06-05T09:30:00-07:00,44,73,5
2025-06-05T10:00:00-07:00,41,75,4.9
2025-06-05T10:30:00-07:00,40,78,5.5
2025-06-05T11:00:00-07:00,39,79,5.8
2025-06-05T11:30:00-07:00,37,81,5.6
2025-06-05T12:00:00-07:00,35,82,5
2025-06-05T12:30:00-07:00,34,83,4.9
2025-06-05T13:00:00-07:00,34,84,5.2
2025-06-05T13:30:00-07:00,33,84,5.2
2025-06-05T14:00:00-07:00,33,85,4.9
2025-06-05T14:30:00-07:00,32,86,5.4
2025-06-05T15:00:00-07:00,29,90,5.7
2025-06-05T15:30:00-07:00,27,92,5.2
2025-06-05T16:00:00-07:00,26,93,4.7
2025-06-05T16:30:00-07:00,26,93,4.9
2025-06-05T17:00:00-07:00,26,93,5.1
2025-06-05T17:30:00-07:00,28,90,5.1
2025-06-05T18:00:00-07:00,31,85,5.1
2025-06-05T18:30:00-07:00,37,77,5.1
2025-06-05T19:00:00-07:00,41,74,4.5
2025-06-05T19:30:00-07:00,45,70,4.3
2025-06-05T20:00:00-07:00,48,69,4.2
2025-06-05T20:30:00-07:00,51,64,3.7
2025-06-05T21:00:00-07:00,54,66,3.8
2025-06-05T21:30:00-07:00,55,64,4.5
2025-06-05T22:00:00-07:00,55,64,4.8
2025-06-05T22:30:00-07:00,57,63,4.2
2025-06-05T23:00:00-07:00,58,64,3.8
2025-06-05T23:30:00-07:00,58,63,4
2025-06-06T00:00:00-07:00,58,63,4.4
2025-06-06T00:30:00-07:00,59,63,4.4
2025-06-06T01:00:00-07:00,59,63,4.3
2025-06-06T01:30:00-07:00,60,63,4.3
2025-06-06T02:00:00-07:00,59,64,4.5
2025-06-06T02:30:00-07:00,57,65,4.6
2025-06-06T03:00:00-07:00,56,65,5
2025-06-06T03:30:00-07:00,55,66,5.2
2025-06-06T04:00:00-07:00,55,66,6
2025-06-06T04:30:00-07:00,55,66,6.8
2025-06-06T05:00:00-07:00,55,66,6.6
2025-06-06T05:30:00-07:00,55,66,7.6
2025-06-06T06:00:00-07:00,55,66,7.5
2025-06-06T06:30:00-07:00,55,66,7.8
2025-06-06T07:00:00-07:00,54,66,8.2
2025-06-06T07:30:00-07:00,53,68,8.9
2025-06-06T08:00:00-07:00,50,69,9.4
2025-06-06T08:30:00-07:00,48,71,9.5
2025-06-06T09:00:00-07:00,46,73,9.1
2025-06-06T09:30:00-07:00,44,75,8.8
2025-06-06T10:00:00-07:00,42,77,9.1
2025-06-06T10:30:00-07:00,39,79,9
2025-06-06T11:00:00-07:00,38,81,9.4
2025-06-06T11:30:00-07:00,36,82,9.3
2025-06-06T12:00:00-07:00,34,83,8.4
2025-06-06T12:30:00-07:00,34,84,9.3
2025-06-06T13:00:00-07:00,33,86,8.2
2025-06-06T13:30:00-07:00,32,86,7.3
2025-06-06T14:00:00-07:00,32,86,7.4
2025-06-06T14:30:00-07:00,30,89,6.4
2025-06-06T15:00:00-07:00,27,93,5.9
2025-06-06T15:30:00-07:00,25,95,5.5
2025-06-06T16:00:00-07:00,24,96,5
2025-06-06T16:30:00-07:00,24,96,4.6
2025-06-06T17:00:00-07:00,25,95,4.7
2025-06-06T17:30:00-07:00,26,92,5.1
2025-06-06T18:00:00-07:00,30,86,5.2
2025-06-06T18:30:00-07:00,36,79,5.5
2025-06-06T19:00:00-07:00,41,75,5.3
2025-06-06T19:30:00-07:00,44,72,5.7
2025-06-06T20:00:00-07:00,47,70,6.5
2025-06-06T20:30:00-07:00,50,68,6.2
2025-06-06T21:00:00-07:00,53,67,6.2
2025-06-06T21:30:00-07:00,54,66,6.7
2025-06-06T22:00:00-07:00,56,65,6.1
2025-06-06T22:30:00-07:00,57,65,6.4
2025-06-06T23:00:00-07:00,56,65,6.3
2025-06-06T23:30:00-07:00,57,63,7.5
2025-06-07T00:00:00-07:00,57,64,7
2025-06-07T00:30:00-07:00,58,64,7.5
2025-06-07T01:00:00-07:00,58,64,7.8
2025-06-07T01:30:00-07:00,59,63,8.3
2025-06-07T02:00:00-07:00,58,64,8.4
2025-06-07T02:30:00-07:00,57,65,8.3
2025-06-07T03:00:00-07:00,57,65,9.2
2025-06-07T03:30:00-07:00,57,65,8.7
2025-06-07T04:00:00-07:00,57,65,8.4
2025-06-07T04:30:00-07:00,58,65,9.2
2025-06-07T05:00:00-07:00,58,65,9.5
2025-06-07T05:30:00-07:00,58,65,9.5
2025-06-07T06:00:00-07:00,58,65,8.4
2025-06-07T06:30:00-07:00,57,65,8.5
2025-06-07T07:00:00-07:00,57,65,8.1
2025-06-07T07:30:00-07:00,56,66,8.5
2025-06-07T08:00:00-07:00,56,66,9.4
2025-06-07T08:30:00-07:00,54,67,10.2
2025-06-07T09:00:00-07:00,53,68,11
2025-06-07T09:30:00-07:00,52,69,12.1
2025-06-07T10:00:00-07:00,51,69,12.5
2025-06-07T10:30:00-07:00,50,71,12.5
2025-06-07T11:00:00-07:00,48,72,12.6
2025-06-07T11:30:00-07:00,45,74,13.4
2025-06-07T12:00:00-07:00,43,76,12.6
2025-06-07T12:30:00-07:00,41,78,11.7
2025-06-07T13:00:00-07:00,39,81,12.5
2025-06-07T13:30:00-07:00,37,82,9.2
2025-06-07T14:00:00-07:00,36,82,7.2
2025-06-07T14:30:00-07:00,33,85,5.7
2025-06-07T15:00:00-07:00,30,88,5
2025-06-07T15:30:00-07:00,28,90,4.2
2025-06-07T16:00:00-07:00,27,91,4.1
2025-06-07T16:30:00-07:00,27,90,3.8
2025-06-07T17:00:00-07:00,27,90,3.6
2025-06-07T17:30:00-07:00,29,88,4.4
2025-06-07T18:00:00-07:00,34,81,4.6
2025-06-07T18:30:00-07:00,42,74,5.4
2025-06-07T19:00:00-07:00,46,71,6.4
2025-06-07T19:30:00-07:00,50,69,4.7
2025-06-07T20:00:00-07:00,53,66,4.9
2025-06-07T20:30:00-07:00,55,65,4.4
2025-06-07T21:00:00-07:00,56,64,4.5
2025-06-07T21:30:00-07:00,57,63,4.3
2025-06-07T22:00:00-07:00,57,63,4.5
2025-06-07T22:30:00-07:00,57,63,4.7
2025-06-07T23:00:00-07:00,58,63,5.2
2025-06-07T23:30:00-07:00,59,63,5.6
2025-06-08T00:00:00-07:00,59,61,5.6
2025-06-08T00:30:00-07:00,59,62,5.9
2025-06-08T01:00:00-07:00,59,62,5.2
2025-06-08T01:30:00-07:00,58,63,5.4
2025-06-08T02:00:00-07:00,57,64,5.3
2025-06-08T02:30:00-07:00,56,64,5.5
2025-06-08T03:00:00-07:00,57,65,6.1
2025-06-08T03:30:00-07:00,57,64,6.1
2025-06-08T04:00:00-07:00,57,64,5.1
2025-06-08T04:30:00-07:00,57,64,5
2025-06-08T05:00:00-07:00,57,64,5
2025-06-08T05:30:00-07:00,57,64,5.2
2025-06-08T06:00:00-07:00,57,64,4.8
2025-06-08T06:30:00-07:00,57,64,5
2025-06-08T07:00:00-07:00,56,64,5
2025-06-08T07:30:00-07:00,55,65,5.1
2025-06-08T08:00:00-07:00,53,67,5.2
2025-06-08T08:30:00-07:00,51,68,5.4
2025-06-08T09:00:00-07:00,49,69,5.4
2025-06-08T09:30:00-07:00,47,71,6.7
2025-06-08T10:00:00-07:00,44,74,6.8
2025-06-08T10:30:00-07:00,42,76,7.1
2025-06-08T11:00:00-07:00,40,77,6.6
2025-06-08T11:30:00-07:00,39,78,6
2025-06-08T12:00:00-07:00,38,80,6.2
2025-06-08T12:30:00-07:00,36,82,4.9
2025-06-08T13:00:00-07:00,36,82,4.2
2025-06-08T13:30:00-07:00,35,82,3.5
2025-06-08T14:00:00-07:00,35,83,2.9
2025-06-08T14:30:00-07:00,33,84,2.4
2025-06-08T15:00:00-07:00,30,88,1.8
2025-06-08T15:30:00-07:00,28,91,1.6
2025-06-08T16:00:00-07:00,27,92,1.4
2025-06-08T16:30:00-07:00,29,90,1.9
2025-06-08T17:00:00-07:00,28,90,2.1
2025-06-08T17:30:00-07:00,29,89,2.3
2025-06-08T18:00:00-07:00,32,84,2.2
2025-06-08T18:30:00-07:00,38,76,1.9
2025-06-08T19:00:00-07:00,43,71,1.5
2025-06-08T19:30:00-07:00,47,69,1.1
2025-06-08T20:00:00-07:00,50,66,1.2
2025-06-08T20:30:00-07:00,52,64,1
2025-06-08T21:00:00-07:00,56,63,0.7
2025-06-08T21:30:00-07:00,57,63,2
2025-06-08T22:00:00-07:00,58,63,1.5
2025-06-08T22:30:00-07:00,58,62,1.2
2025-06-08T23:00:00-07:00,59,63,0.9
2025-06-08T23:30:00-07:00,59,63,1.4
2025-06-09T00:00:00-07:00,59,63,1.9
2025-06-09T00:30:00-07:00,58,63,1.8
2025-06-09T01:00:00-07:00,58,62,2.1
2025-06-09T01:30:00-07:00,58,63,1.4
2025-06-09T02:00:00-07:00,59,63,3
2025-06-09T02:30:00-07:00,59,63,3.5
2025-06-09T03:00:00-07:00,60,63,2.5
2025-06-09T03:30:00-07:00,60,62,0.9
2025-06-09T04:00:00-07:00,60,62,1.1
2025-06-09T04:30:00-07:00,60,62,1.3
2025-06-09T05:00:00-07:00,59,63,1.1
2025-06-09T05:30:00-07:00,58,63,1.1
2025-06-09T06:00:00-07:00,57,63,1.3
2025-06-09T06:30:00-07:00,56,64,1.4
2025-06-09T07:00:00-07:00,56,65,2.1
2025-06-09T07:30:00-07:00,57,65,2.7
2025-06-09T08:00:00-07:00,56,66,2.6
2025-06-09T08:30:00-07:00,56,66,4.3
2025-06-09T09:00:00-07:00,56,66,5.6
2025-06-09T09:30:00-07:00,54,68,4.8
2025-06-09T10:00:00-07:00,51,69,3.4
2025-06-09T10:30:00-07:00,47,72,4.2
2025-06-09T11:00:00-07:00,44,75,3
2025-06-09T11:30:00-07:00,43,76,2.7
2025-06-09T12:00:00-07:00,40,78,2.6
2025-06-09T12:30:00-07:00,39,78,3
2025-06-09T13:00:00-07:00,38,80,3
2025-06-09T13:30:00-07:00,37,81,2.6
2025-06-09T14:00:00-07:00,37,81,2.2
2025-06-09T14:30:00-07:00,35,83,2.1
2025-06-09T15:00:00-07:00,33,85,2.1
2025-06-09T15:30:00-07:00,32,87,1.9
2025-06-09T16:00:00-07:00,30,89,2.1
2025-06-09T16:30:00-07:00,29,89,2.2
2025-06-09T17:00:00-07:00,30,88,2.2
2025-06-09T17:30:00-07:00,30,87,1.9
2025-06-09T18:00:00-07:00,36,80,2.1
2025-06-09T18:30:00-07:00,45,72,3
2025-06-09T19:00:00-07:00,49,69,2.9
2025-06-09T19:30:00-07:00,53,67,2.9
2025-06-09T20:00:00-07:00,55,66,3.4
2025-06-09T20:30:00-07:00,58,64,4.4
2025-06-09T21:00:00-07:00,58,64,3.8
2025-06-09T21:30:00-07:00,57,64,3.6
2025-06-09T22:00:00-07:00,58,64,3.6
2025-06-09T22:30:00-07:00,58,64,4.2
2025-06-09T23:00:00-07:00,58,64,4.4
2025-06-09T23:30:00-07:00,58,65,4.2
2025-06-10T00:00:00-07:00,58,64,3.9
2025-06-10T00:30:00-07:00,58,64,4.2
2025-06-10T01:00:00-07:00,58,64,4.1
2025-06-10T01:30:00-07:00,59,64,4.9
2025-06-10T02:00:00-07:00,59,64,5.2
2025-06-10T02:30:00-07:00,59,62,2.4
2025-06-10T03:00:00-07:00,60,62,0.7
2025-06-10T03:30:00-07:00,61,62,0.4
2025-06-10T04:00:00-07:00,61,63,0.3
2025-06-10T04:30:00-07:00,61,62,0.4
2025-06-10T05:00:00-07:00,60,63,0.5
2025-06-10T05:30:00-07:00,59,62,0.6
2025-06-10T06:00:00-07:00,60,63,1.3
2025-06-10T06:30:00-07:00,60,63,0.9
2025-06-10T07:00:00-07:00,59,64,1
2025-06-10T07:30:00-07:00,58,64,1.6
2025-06-10T08:00:00-07:00,56,66,2
2025-06-10T08:30:00-07:00,55,67,2.8
2025-06-10T09:00:00-07:00,52,68,3.4
2025-06-10T09:30:00-07:00,51,69,4.1
2025-06-10T10:00:00-07:00,49,71,4.3
2025-06-10T10:30:00-07:00,47,73,6.3
2025-06-10T11:00:00-07:00,45,74,7
2025-06-10T11:30:00-07:00,43,75,5.9
2025-06-10T12:00:00-07:00,42,77,5.5
2025-06-10T12:30:00-07:00,41,77,5.1
2025-06-10T13:00:00-07:00,40,78,4.1
2025-06-10T13:30:00-07:00,39,78,3.5
2025-06-10T14:00:00-07:00,38,79,3.2
2025-06-10T14:30:00-07:00,35,82,3
2025-06-10T15:00:00-07:00,31,87,3.7
2025-06-10T15:30:00-07:00,28,89,4.2
2025-06-10T16:00:00-07:00,28,89,3.7
2025-06-10T16:30:00-07:00,29,88,4
2025-06-10T17:00:00-07:00,30,86,4.6
2025-06-10T17:30:00-07:00,31,85,4.6
2025-06-10T18:00:00-07:00,35,79,4.3
2025-06-10T18:30:00-07:00,44,72,5.9
2025-06-10T19:00:00-07:00,50,67,7.9
2025-06-10T19:30:00-07:00,53,65,8.7
2025-06-10T20:00:00-07:00,53,65,8.3
2025-06-10T20:30:00-07:00,54,63,8.6
2025-06-10T21:00:00-07:00,55,62,9.1
2025-06-10T21:30:00-07:00,56,61,8
2025-06-10T22:00:00-07:00,57,60,8
2025-06-10T22:30:00-07:00,57,60,8
2025-06-10T23:00:00-07:00,57,60,8.9
2025-06-10T23:30:00-07:00,58,60,9.1
2025-06-11T00:00:00-07:00,57,60,9.3
2025-06-11T00:30:00-07:00,58,59,9.4
2025-06-11T01:00:00-07:00,58,59,9.6
2025-06-11T01:30:00-07:00,59,59,9
2025-06-11T02:00:00-07:00,59,60,8.6
2025-06-11T02:30:00-07:00,58,60,8.4
2025-06-11T03:00:00-07:00,57,60,7.8
2025-06-11T03:30:00-07:00,57,60,7.8
2025-06-11T04:00:00-07:00,58,60,7.7
2025-06-11T04:30:00-07:00,57,60,7.5
2025-06-11T05:00:00-07:00,56,61,7.3
2025-06-11T05:30:00-07:00,55,61,7.1
2025-06-11T06:00:00-07:00,55,61,7
2025-06-11T06:30:00-07:00,54,62,7.1
2025-06-11T07:00:00-07:00,54,62,7
2025-06-11T07:30:00-07:00,53,62,7.5
2025-06-11T08:00:00-07:00,52,63,7.4
2025-06-11T08:30:00-07:00,52,63,7.8
2025-06-11T09:00:00-07:00,52,63,7.8
2025-06-11T09:30:00-07:00,50,65,7.7
2025-06-11T10:00:00-07:00,48,67,7.6
2025-06-11T10:30:00-07:00,45,70,7.7
2025-06-11T11:00:00-07:00,43,71,7.3
2025-06-11T11:30:00-07:00,41,72,7.3
2025-06-11T12:00:00-07:00,39,74,7.1
2025-06-11T12:30:00-07:00,38,75,7
2025-06-11T13:00:00-07:00,37,75,7.6
2025-06-11T13:30:00-07:00,37,76,7.7
2025-06-11T14:00:00-07:00,36,76,7.4
2025-06-11T14:30:00-07:00,35,77,7
2025-06-11T15:00:00-07:00,32,80,7.3
2025-06-11T15:30:00-07:00,31,81,7.1
2025-06-11T16:00:00-07:00,30,83,7
2025-06-11T16:30:00-07:00,29,83,6.7
2025-06-11T17:00:00-07:00,30,82,6.5
2025-06-11T17:30:00-07:00,31,81,6.4
2025-06-11T18:00:00-07:00,36,75,6.5
2025-06-11T18:30:00-07:00,43,68,7.1
2025-06-11T19:00:00-07:00,47,66,6.9
2025-06-11T19:30:00-07:00,50,63,7.2
2025-06-11T20:00:00-07:00,53,62,7.5
2025-06-11T20:30:00-07:00,55,61,7.6
2025-06-11T21:00:00-07:00,55,61,7.4
2025-06-11T21:30:00-07:00,55,61,7.3
2025-06-11T22:00:00-07:00,56,60,7
2025-06-11T22:30:00-07:00,56,60,7.1
2025-06-11T23:00:00-07:00,57,60,7.5
2025-06-11T23:30:00-07:00,58,60,7.6
2025-06-12T00:00:00-07:00,56,60,7.5
2025-06-12T00:30:00-07:00,56,61,7.7
2025-06-12T01:00:00-07:00,57,60,7.8
2025-06-12T01:30:00-07:00,57,59,7.6
2025-06-12T02:00:00-07:00,58,59,8.1
2025-06-12T02:30:00-07:00,59,59,8.3
2025-06-12T03:00:00-07:00,58,60,8.3
2025-06-12T03:30:00-07:00,57,59,8.9
2025-06-12T04:00:00-07:00,58,58,8.4
2025-06-12T04:30:00-07:00,59,57,9
2025-06-12T05:00:00-07:00,61,57,8.5
2025-06-12T05:30:00-07:00,61,58,8.5
2025-06-12T06:00:00-07:00,62,58,9
2025-06-12T06:30:00-07:00,61,59,9
2025-06-12T07:00:00-07:00,59,61,8.6
2025-06-12T07:30:00-07:00,57,62,8.7
2025-06-12T08:00:00-07:00,53,63,8.5
2025-06-12T08:30:00-07:00,50,66,7.8
2025-06-12T09:00:00-07:00,46,68,7.6
2025-06-12T09:30:00-07:00,44,70,7.7
2025-06-12T10:00:00-07:00,43,72,8.2
2025-06-12T10:30:00-07:00,41,73,8.7
2025-06-12T11:00:00-07:00,41,74,9.3
2025-06-12T11:30:00-07:00,40,75,8.7
2025-06-12T12:00:00-07:00,39,75,8.8
2025-06-12T12:30:00-07:00,38,76,8.5
2025-06-12T13:00:00-07:00,38,75,8.6
2025-06-12T13:30:00-07:00,37,76,8.6
2025-06-12T14:00:00-07:00,36,77,8.1
2025-06-12T14:30:00-07:00,35,79,8.6
2025-06-12T15:00:00-07:00,32,82,8.8
2025-06-12T15:30:00-07:00,29,84,8.6
2025-06-12T16:00:00-07:00,28,85,8.4
2025-06-12T16:30:00-07:00,27,87,8.3
2025-06-12T17:00:00-07:00,26,87,8.4
2025-06-12T17:30:00-07:00,28,85,8.3
2025-06-12T18:00:00-07:00,33,80,8.2
2025-06-12T18:30:00-07:00,39,73,8.6
2025-06-12T19:00:00-07:00,44,69,8.9
2025-06-12T19:30:00-07:00,47,67,8.9
2025-06-12T20:00:00-07:00,48,65,8.7
2025-06-12T20:30:00-07:00,50,64,9
2025-06-12T21:00:00-07:00,52,63,8.8
2025-06-12T21:30:00-07:00,52,62,9.6
2025-06-12T22:00:00-07:00,53,62,9.3
2025-06-12T22:30:00-07:00,54,60,9.6
2025-06-12T23:00:00-07:00,56,60,9.8
2025-06-12T23:30:00-07:00,57,60,10.7
2025-06-13T00:00:00-07:00,59,59,10.9
2025-06-13T00:30:00-07:00,60,59,10.9
2025-06-13T01:00:00-07:00,61,58,11.2
2025-06-13T01:30:00-07:00,61,58,11.3
2025-06-13T02:00:00-07:00,62,58,11.2
2025-06-13T02:30:00-07:00,62,58,11
2025-06-13T03:00:00-07:00,61,58,11
2025-06-13T03:30:00-07:00,60,58,10.5
2025-06-13T04:00:00-07:00,60,59,10.1
2025-06-13T04:30:00-07:00,60,59,10.2
2025-06-13T05:00:00-07:00,59,59,10.3
2025-06-13T05:30:00-07:00,60,59,9.7
2025-06-13T06:00:00-07:00,58,60,8.7
2025-06-13T06:30:00-07:00,57,61,8.6
2025-06-13T07:00:00-07:00,56,61,8.7
2025-06-13T07:30:00-07:00,55,62,8.5
2025-06-13T08:00:00-07:00,53,63,8.7
2025-06-13T08:30:00-07:00,51,64,8.3
2025-06-13T09:00:00-07:00,49,66,8
2025-06-13T09:30:00-07:00,47,68,7.7
2025-06-13T10:00:00-07:00,44,70,7.9
2025-06-13T10:30:00-07:00,43,71,8.4
2025-06-13T11:00:00-07:00,42,73,8
2025-06-13T11:30:00-07:00,40,74,8
2025-06-13T12:00:00-07:00,38,77,7.1
2025-06-13T12:30:00-07:00,36,78,7.1
2025-06-13T13:00:00-07:00,36,79,7.3
2025-06-13T13:30:00-07:00,34,80,7.7
2025-06-13T14:00:00-07:00,33,81,7.6
2025-06-13T14:30:00-07:00,31,84,7.6
2025-06-13T15:00:00-07:00,29,86,7.9
2025-06-13T15:30:00-07:00,27,88,7.6
2025-06-13T16:00:00-07:00,26,89,7.6
2025-06-13T16:30:00-07:00,25,90,7.7
2025-06-13T17:00:00-07:00,27,89,7.8
2025-06-13T17:30:00-07:00,27,88,7.5
2025-06-13T18:00:00-07:00,29,85,6.5
2025-06-13T18:30:00-07:00,36,76,6
2025-06-13T19:00:00-07:00,40,71,5.5
2025-06-13T19:30:00-07:00,42,68,5.5
2025-06-13T20:00:00-07:00,46,66,5.7
2025-06-13T20:30:00-07:00,49,64,5.7
2025-06-13T21:00:00-07:00,51,63,6.4
2025-06-13T21:30:00-07:00,52,62,6.3
2025-06-13T22:00:00-07:00,52,62,6.8
2025-06-13T22:30:00-07:00,52,61,6.3
2025-06-13T23:00:00-07:00,53,60,6.4
2025-06-13T23:30:00-07:00,54,59,6.6
2025-06-14T00:00:00-07:00,54,59,6.6
2025-06-14T00:30:00-07:00,55,57,6.3
2025-06-14T01:00:00-07:00,55,58,6.3
2025-06-14T01:30:00-07:00,57,58,7.1
2025-06-14T02:00:00-07:00,57,58,7
2025-06-14T02:30:00-07:00,58,58,7.1
2025-06-14T03:00:00-07:00,57,57,7.4
2025-06-14T03:30:00-07:00,58,57,7.2
2025-06-14T04:00:00-07:00,59,57,7
2025-06-14T04:30:00-07:00,58,56,6.9
2025-06-14T05:00:00-07:00,60,56,7.6
2025-06-14T05:30:00-07:00,60,56,7.8
2025-06-14T06:00:00-07:00,60,56,7.9
2025-06-14T06:30:00-07:00,60,56,7.5
2025-06-14T07:00:00-07:00,61,58,7.4
2025-06-14T07:30:00-07:00,58,60,6.7
2025-06-14T08:00:00-07:00,55,62,6.3
2025-06-14T08:30:00-07:00,52,65,6.5
2025-06-14T09:00:00-07:00,47,67,6
2025-06-14T09:30:00-07:00,43,70,5.3
2025-06-14T10:00:00-07:00,39,73,5
2025-06-14T10:30:00-07:00,37,75,5.2
2025-06-14T11:00:00-07:00,36,76,5.2
2025-06-14T11:30:00-07:00,34,78,5.2
2025-06-14T12:00:00-07:00,33,79,5.4
2025-06-14T12:30:00-07:00,32,80,5.4
2025-06-14T13:00:00-07:00,30,82,5.3
2025-06-14T13:30:00-07:00,29,83,4.9
2025-06-14T14:00:00-07:00,28,83,4.8
2025-06-14T14:30:00-07:00,26,84,4.3
2025-06-14T15:00:00-07:00,23,89,4.3
2025-06-14T15:30:00-07:00,23,90,4.5
2025-06-14T16:00:00-07:00,20,92,4.7
2025-06-14T16:30:00-07:00,22,93,5.3
2025-06-14T17:00:00-07:00,23,91,5.5
2025-06-14T17:30:00-07:00,23,91,5.4
2025-06-14T18:00:00-07:00,25,86,5.4
2025-06-14T18:30:00-07:00,32,78,5.8
2025-06-14T19:00:00-07:00,38,73,6.6
2025-06-14T19:30:00-07:00,42,70,6.7
2025-06-14T20:00:00-07:00,44,68,7.4
2025-06-14T20:30:00-07:00,47,66,7.8
2025-06-14T21:00:00-07:00,51,64,8.6
2025-06-14T21:30:00-07:00,52,63,9.2
2025-06-14T22:00:00-07:00,53,62,8.7
2025-06-14T22:30:00-07:00,54,62,8.5
2025-06-14T23:00:00-07:00,54,61,8.5
2025-06-14T23:30:00-07:00,54,61,8.1
2025-06-15T00:00:00-07:00,55,60,8.5
2025-06-15T00:30:00-07:00,56,60,8.9
2025-06-15T01:00:00-07:00,56,60,8.8
2025-06-15T01:30:00-07:00,56,59,8.7
2025-06-15T02:00:00-07:00,56,58,9
2025-06-15T02:30:00-07:00,56,58,8.7
2025-06-15T03:00:00-07:00,57,57,8.4
2025-06-15T03:30:00-07:00,57,57,8.6
2025-06-15T04:00:00-07:00,58,56,9
2025-06-15T04:30:00-07:00,58,56,9
2025-06-15T05:00:00-07:00,59,56,9.2
2025-06-15T05:30:00-07:00,59,56,9.2
2025-06-15T06:00:00-07:00,59,56,8.8
2025-06-15T06:30:00-07:00,61,57,9.9
2025-06-15T07:00:00-07:00,62,60,10
2025-06-15T07:30:00-07:00,60,61,9.6
2025-06-15T08:00:00-07:00,57,63,9.2
2025-06-15T08:30:00-07:00,54,65,9.2
2025-06-15T09:00:00-07:00,50,68,8.9
2025-06-15T09:30:00-07:00,45,71,8.7
2025-06-15T10:00:00-07:00,42,74,8.1
2025-06-15T10:30:00-07:00,38,77,8.2
2025-06-15T11:00:00-07:00,35,79,7.9
2025-06-15T11:30:00-07:00,33,81,6.9
2025-06-15T12:00:00-07:00,32,83,7.2
2025-06-15T12:30:00-07:00,30,84,7
2025-06-15T13:00:00-07:00,29,86,7.7
2025-06-15T13:30:00-07:00,28,86,7.7
2025-06-15T14:00:00-07:00,29,87,8.1
2025-06-15T14:30:00-07:00,28,88,8.2
2025-06-15T15:00:00-07:00,25,92,8.3
2025-06-15T15:30:00-07:00,23,94,7.6
2025-06-15T16:00:00-07:00,23,94,7.8
2025-06-15T16:30:00-07:00,23,93,7.8
2025-06-15T17:00:00-07:00,24,92,7.5
2025-06-15T17:30:00-07:00,24,91,7.4
2025-06-15T18:00:00-07:00,28,84,7.4
2025-06-15T18:30:00-07:00,34,77,7.5
2025-06-15T19:00:00-07:00,39,72,7.6
2025-06-15T19:30:00-07:00,42,70,7.3
2025-06-15T20:00:00-07:00,46,68,7.6
2025-06-15T20:30:00-07:00,49,66,8.1
2025-06-15T21:00:00-07:00,51,64,8.7
2025-06-15T21:30:00-07:00,53,63,8.3
2025-06-15T22:00:00-07:00,54,62,8.8
2025-06-15T22:30:00-07:00,56,61,8.8
2025-06-15T23:00:00-07:00,57,61,8.4
2025-06-15T23:30:00-07:00,57,61,8.3
2025-06-16T00:00:00-07:00,57,61,8.1
2025-06-16T00:30:00-07:00,57,60,8.5
2025-06-16T01:00:00-07:00,59,59,8.4
2025-06-16T01:30:00-07:00,60,59,8.4
2025-06-16T02:00:00-07:00,60,59,8.4
2025-06-16T02:30:00-07:00,60,59,8.5
2025-06-16T03:00:00-07:00,60,58,8.9
2025-06-16T03:30:00-07:00,60,58,8.5
2025-06-16T04:00:00-07:00,60,58,8.5
2025-06-16T04:30:00-07:00,62,57,9
2025-06-16T05:00:00-07:00,62,57,7.9
2025-06-16T05:30:00-07:00,62,57,7.9
2025-06-16T06:00:00-07:00,62,57,7.8
2025-06-16T06:30:00-07:00,61,58,7.4
2025-06-16T07:00:00-07:00,59,58,7.2
2025-06-16T07:30:00-07:00,57,61,7.4
2025-06-16T08:00:00-07:00,55,63,7.4
2025-06-16T08:30:00-07:00,54,63,7.7
2025-06-16T09:00:00-07:00,52,64,7.1
2025-06-16T09:30:00-07:00,50,66,6.7
2025-06-16T10:00:00-07:00,48,67,7.2
2025-06-16T10:30:00-07:00,45,70,6.9
2025-06-16T11:00:00-07:00,43,72,6.7
2025-06-16T11:30:00-07:00,41,74,5.9
2025-06-16T12:00:00-07:00,39,75,6.3
2025-06-16T12:30:00-07:00,37,76,5.1
2025-06-16T13:00:00-07:00,35,77,4.3
2025-06-16T13:30:00-07:00,35,78,4.1
2025-06-16T14:00:00-07:00,34,78,4
2025-06-16T14:30:00-07:00,32,80,3.5
2025-06-16T15:00:00-07:00,28,84,3.4
2025-06-16T15:30:00-07:00,26,86,3.4
2025-06-16T16:00:00-07:00,24,89,3.3
2025-06-16T16:30:00-07:00,23,91,3.3
2025-06-16T17:00:00-07:00,23,90,3.5
2025-06-16T17:30:00-07:00,24,89,3.3
2025-06-16T18:00:00-07:00,29,82,3.4
2025-06-16T18:30:00-07:00,35,74,3.2
2025-06-16T19:00:00-07:00,39,71,3.7
2025-06-16T19:30:00-07:00,41,69,3.9
2025-06-16T20:00:00-07:00,44,67,3.7
2025-06-16T20:30:00-07:00,45,65,3.9
2025-06-16T21:00:00-07:00,47,64,4.1
2025-06-16T21:30:00-07:00,48,64,4.3
2025-06-16T22:00:00-07:00,49,63,4.3
2025-06-16T22:30:00-07:00,51,62,4.3
2025-06-16T23:00:00-07:00,52,62,4.5
2025-06-16T23:30:00-07:00,53,61,4.4
2025-06-17T00:00:00-07:00,54,61,4.6
2025-06-17T00:30:00-07:00,55,61,5.1
2025-06-17T01:00:00-07:00,55,60,5.1
2025-06-17T01:30:00-07:00,55,60,4.6
2025-06-17T02:00:00-07:00,55,59,4.6
2025-06-17T02:30:00-07:00,56,59,4.9
2025-06-17T03:00:00-07:00,57,59,5.1
2025-06-17T03:30:00-07:00,57,59,6
2025-06-17T04:00:00-07:00,57,58,4.9
2025-06-17T04:30:00-07:00,58,58,4.9
2025-06-17T05:00:00-07:00,58,58,4.3
2025-06-17T05:30:00-07:00,57,58,4.6
2025-06-17T06:00:00-07:00,58,58,5.2
2025-06-17T06:30:00-07:00,59,58,4.8
2025-06-17T07:00:00-07:00,59,60,4.5
2025-06-17T07:30:00-07:00,57,61,4.6
2025-06-17T08:00:00-07:00,54,63,4.5
2025-06-17T08:30:00-07:00,50,65,4.1
2025-06-17T09:00:00-07:00,47,68,4.2
2025-06-17T09:30:00-07:00,43,72,4.1
2025-06-17T10:00:00-07:00,40,74,4
2025-06-17T10:30:00-07:00,37,76,3.8
2025-06-17T11:00:00-07:00,35,79,3.8
2025-06-17T11:30:00-07:00,33,80,3.5
2025-06-17T12:00:00-07:00,31,82,3.2
2025-06-17T12:30:00-07:00,30,82,3.1
2025-06-17T13:00:00-07:00,30,82,2.9
2025-06-17T13:30:00-07:00,29,83,2.8
2025-06-17T14:00:00-07:00,29,83,2.8
2025-06-17T14:30:00-07:00,28,85,2.8
2025-06-17T15:00:00-07:00,25,90,2.5
2025-06-17T15:30:00-07:00,23,92,2.5
2025-06-17T16:00:00-07:00,22,93,2.4
2025-06-17T16:30:00-07:00,22,92,2.4
2025-06-17T17:00:00-07:00,22,92,2.3
2025-06-17T17:30:00-07:00,22,92,2.2
2025-06-17T18:00:00-07:00,26,85,2.2
2025-06-17T18:30:00-07:00,32,77,2.2
2025-06-17T19:00:00-07:00,37,73,2.3
2025-06-17T19:30:00-07:00,41,71,2.4
2025-06-17T20:00:00-07:00,43,69,2.4
2025-06-17T20:30:00-07:00,46,67,2.7
2025-06-17T21:00:00-07:00,48,66,2.9
2025-06-17T21:30:00-07:00,49,66,2.8
2025-06-17T22:00:00-07:00,50,65,2.8
2025-06-17T22:30:00-07:00,51,65,3.2
2025-06-17T23:00:00-07:00,52,64,3.1
2025-06-17T23:30:00-07:00,53,63,3.1
2025-06-18T00:00:00-07:00,54,63,3.2
2025-06-18T00:30:00-07:00,55,63,3.3
2025-06-18T01:00:00-07:00,55,62,3.1
2025-06-18T01:30:00-07:00,56,62,3.5
2025-06-18T02:00:00-07:00,57,62,3.7
2025-06-18T02:30:00-07:00,58,62,3.9
2025-06-18T03:00:00-07:00,59,61,3.9
2025-06-18T03:30:00-07:00,61,61,3.7
2025-06-18T04:00:00-07:00,62,61,3.9
2025-06-18T04:30:00-07:00,62,60,4.1
2025-06-18T05:00:00-07:00,63,60,4.3
2025-06-18T05:30:00-07:00,62,61,3.8
2025-06-18T06:00:00-07:00,62,61,3.3
2025-06-18T06:30:00-07:00,61,60,3.5
2025-06-18T07:00:00-07:00,62,61,3.4
2025-06-18T07:30:00-07:00,60,62,2.8
2025-06-18T08:00:00-07:00,58,64,2.8
2025-06-18T08:30:00-07:00,54,66,2.5
2025-06-18T09:00:00-07:00,50,70,2.8
2025-06-18T09:30:00-07:00,46,73,3.1
2025-06-18T10:00:00-07:00,41,76,3.7
2025-06-18T10:30:00-07:00,39,79,3.6
2025-06-18T11:00:00-07:00,37,81,2.8
2025-06-18T11:30:00-07:00,34,83,2.5
2025-06-18T12:00:00-07:00,31,85,2.5
2025-06-18T12:30:00-07:00,30,86,2.6
2025-06-18T13:00:00-07:00,29,88,2.8
2025-06-18T13:30:00-07:00,28,90,2.5
2025-06-18T14:00:00-07:00,26,91,2.5
2025-06-18T14:30:00-07:00,25,93,2.4
2025-06-18T15:00:00-07:00,22,98,2.5
2025-06-18T15:30:00-07:00,22,101,2.9
2025-06-18T16:00:00-07:00,21,102,3.4
2025-06-18T16:30:00-07:00,21,101,3
2025-06-18T17:00:00-07:00,22,100,3.2
2025-06-18T17:30:00-07:00,23,98,3.2
2025-06-18T18:00:00-07:00,27,91,3.7
2025-06-18T18:30:00-07:00,34,82,4
2025-06-18T19:00:00-07:00,38,78,4.7
2025-06-18T19:30:00-07:00,41,75,5
2025-06-18T20:00:00-07:00,44,73,5.6
2025-06-18T20:30:00-07:00,46,71,5.8
2025-06-18T21:00:00-07:00,48,69,6
2025-06-18T21:30:00-07:00,49,68,6.6
2025-06-18T22:00:00-07:00,50,67,6.3
2025-06-18T22:30:00-07:00,51,66,6.7
2025-06-18T23:00:00-07:00,53,65,6.9
2025-06-18T23:30:00-07:00,54,63,6.9
2025-06-19T00:00:00-07:00,54,63,7.1
2025-06-19T00:30:00-07:00,55,63,7.3
2025-06-19T01:00:00-07:00,55,62,7.4
2025-06-19T01:30:00-07:00,56,62,7.8
2025-06-19T02:00:00-07:00,56,61,7.6
2025-06-19T02:30:00-07:00,56,61,7.6
2025-06-19T03:00:00-07:00,57,61,7.8
2025-06-19T03:30:00-07:00,57,61,7.8
2025-06-19T04:00:00-07:00,57,61,7.6
2025-06-19T04:30:00-07:00,57,60,8.2
2025-06-19T05:00:00-07:00,58,60,8.5
2025-06-19T05:30:00-07:00,58,59,7.9
2025-06-19T06:00:00-07:00,58,59,7.3
2025-06-19T06:30:00-07:00,58,59,7.6
2025-06-19T07:00:00-07:00,57,60,7.1
2025-06-19T07:30:00-07:00,54,62,6.8
2025-06-19T08:00:00-07:00,51,64,5.9
2025-06-19T08:30:00-07:00,47,66,5.8
2025-06-19T09:00:00-07:00,45,69,5.9
2025-06-19T09:30:00-07:00,43,71,5.9
2025-06-19T10:00:00-07:00,41,73,6.1
2025-06-19T10:30:00-07:00,37,76,5.7
2025-06-19T11:00:00-07:00,37,76,5.3
2025-06-19T11:30:00-07:00,37,75,5.1
2025-06-19T12:00:00-07:00,37,76,5.2
2025-06-19T12:30:00-07:00,36,76,5.1
2025-06-19T13:00:00-07:00,36,76,5.3
2025-06-19T13:30:00-07:00,36,76,5.3
2025-06-19T14:00:00-07:00,37,76,5.4
2025-06-19T14:30:00-07:00,35,78,5.3
2025-06-19T15:00:00-07:00,32,82,4.8
2025-06-19T15:30:00-07:00,29,84,4.7
2025-06-19T16:00:00-07:00,28,85,4.8
2025-06-19T16:30:00-07:00,28,85,4.8
2025-06-19T17:00:00-07:00,27,86,4.8
2025-06-19T17:30:00-07:00,28,84,4.5
2025-06-19T18:00:00-07:00,31,80,5.4
2025-06-19T18:30:00-07:00,36,74,5.1
2025-06-19T19:00:00-07:00,41,70,8.4
2025-06-19T19:30:00-07:00,42,69,7.1
2025-06-19T20:00:00-07:00,45,67,5.7
2025-06-19T20:30:00-07:00,49,64,5.7
2025-06-19T21:00:00-07:00,51,63,5.7
2025-06-19T21:30:00-07:00,51,63,5.6
2025-06-19T22:00:00-07:00,50,64,5.6
2025-06-19T22:30:00-07:00,51,64,5.4
2025-06-19T23:00:00-07:00,52,63,5.3
2025-06-19T23:30:00-07:00,52,63,5.8
2025-06-20T00:00:00-07:00,53,63,5.4
2025-06-20T00:30:00-07:00,53,63,5.5
2025-06-20T01:00:00-07:00,53,62,5.9
2025-06-20T01:30:00-07:00,52,62,5.4
2025-06-20T02:00:00-07:00,53,62,5
2025-06-20T02:30:00-07:00,53,61,5
2025-06-20T03:00:00-07:00,52,62,4.8
2025-06-20T03:30:00-07:00,52,61,5
2025-06-20T04:00:00-07:00,53,61,4.7
2025-06-20T04:30:00-07:00,54,61,5.2
2025-06-20T05:00:00-07:00,54,61,5.1
2025-06-20T05:30:00-07:00,54,61,5.2
2025-06-20T06:00:00-07:00,54,61,5.7
2025-06-20T06:30:00-07:00,54,61,6.4
2025-06-20T07:00:00-07:00,54,61,6.4
2025-06-20T07:30:00-07:00,52,62,6.1
2025-06-20T08:00:00-07:00,50,63,6.2
2025-06-20T08:30:00-07:00,48,65,6.2
2025-06-20T09:00:00-07:00,46,66,5.9
2025-06-20T09:30:00-07:00,43,69,6
2025-06-20T10:00:00-07:00,41,71,6.3
2025-06-20T10:30:00-07:00,39,72,6.6
2025-06-20T11:00:00-07:00,38,73,6.8
2025-06-20T11:30:00-07:00,37,73,6.7
2025-06-20T12:00:00-07:00,37,73,6.8
2025-06-20T12:30:00-07:00,37,73,6.4
2025-06-20T13:00:00-07:00,37,71,7.4
2025-06-20T13:30:00-07:00,36,74,6.2
2025-06-20T14:00:00-07:00,35,75,6.1
2025-06-20T14:30:00-07:00,34,76,5.8
2025-06-20T15:00:00-07:00,32,78,5.5
2025-06-20T15:30:00-07:00,31,81,5
2025-06-20T16:00:00-07:00,29,82,4.7
2025-06-20T16:30:00-07:00,29,82,4.6
2025-06-20T17:00:00-07:00,29,82,3.9
2025-06-20T17:30:00-07:00,28,83,6.4
2025-06-20T18:00:00-07:00,32,78,5.3
2025-06-20T18:30:00-07:00,40,71,9.3
2025-06-20T19:00:00-07:00,43,68,9.5
2025-06-20T19:30:00-07:00,45,67,8.2
2025-06-20T20:00:00-07:00,46,65,5.7
2025-06-20T20:30:00-07:00,48,63,6
2025-06-20T21:00:00-07:00,50,63,6.4
2025-06-20T21:30:00-07:00,52,63,6.8
2025-06-20T22:00:00-07:00,51,62,6.1
2025-06-20T22:30:00-07:00,51,62,5.9
2025-06-20T23:00:00-07:00,54,61,6.4
2025-06-20T23:30:00-07:00,55,61,6.2
2025-06-21T00:00:00-07:00,57,60,7.1
2025-06-21T00:30:00-07:00,57,60,6.8
2025-06-21T01:00:00-07:00,58,60,6.6
2025-06-21T01:30:00-07:00,59,59,6.9
2025-06-21T02:00:00-07:00,59,59,7
2025-06-21T02:30:00-07:00,59,59,7.1
2025-06-21T03:00:00-07:00,59,58,11.5
2025-06-21T03:30:00-07:00,60,57,11.2
2025-06-21T04:00:00-07:00,60,57,11
2025-06-21T04:30:00-07:00,60,56,16.7
2025-06-21T05:00:00-07:00,60,56,8.4
2025-06-21T05:30:00-07:00,61,55,11
2025-06-21T06:00:00-07:00,61,55,7.4
2025-06-21T06:30:00-07:00,61,56,7
2025-06-21T07:00:00-07:00,61,58,6.7
2025-06-21T07:30:00-07:00,59,59,6.2
2025-06-21T08:00:00-07:00,56,62,5.7
2025-06-21T08:30:00-07:00,50,64,4.7
2025-06-21T09:00:00-07:00,45,67,4.6
2025-06-21T09:30:00-07:00,40,71,4
2025-06-21T10:00:00-07:00,37,73,2.8
2025-06-21T10:30:00-07:00,35,74,2.6
2025-06-21T11:00:00-07:00,33,77,2.4
2025-06-21T11:30:00-07:00,31,77,2.5
2025-06-21T12:00:00-07:00,30,79,2.5
2025-06-21T12:30:00-07:00,30,79,2.5
2025-06-21T13:00:00-07:00,30,79,2
2025-06-21T13:30:00-07:00,30,79,2.7
2025-06-21T14:00:00-07:00,29,80,1.8
2025-06-21T14:30:00-07:00,27,82,1.7
2025-06-21T15:00:00-07:00,26,85,2.1
2025-06-21T15:30:00-07:00,25,88,2.4
2025-06-21T16:00:00-07:00,23,89,2.1
2025-06-21T16:30:00-07:00,23,90,2.3
2025-06-21T17:00:00-07:00,23,91,2.5
2025-06-21T17:30:00-07:00,22,92,3.5
2025-06-21T18:00:00-07:00,25,87,10.9
2025-06-21T18:30:00-07:00,31,79,4.6
2025-06-21T19:00:00-07:00,37,74,3.5
2025-06-21T19:30:00-07:00,41,71,3.8
2025-06-21T20:00:00-07:00,44,69,4.6
2025-06-21T20:30:00-07:00,46,68,4.4
2025-06-21T21:00:00-07:00,48,66,4.7
2025-06-21T21:30:00-07:00,50,65,5.6
2025-06-21T22:00:00-07:00,51,65,5.5
2025-06-21T22:30:00-07:00,52,64,6.2
2025-06-21T23:00:00-07:00,53,63,5.9
2025-06-21T23:30:00-07:00,54,63,6.4
2025-06-22T00:00:00-07:00,55,62,6.1
2025-06-22T00:30:00-07:00,55,61,6.7
2025-06-22T01:00:00-07:00,55,61,7.1
2025-06-22T01:30:00-07:00,55,60,6.9
2025-06-22T02:00:00-07:00,55,60,5.7
2025-06-22T02:30:00-07:00,56,59,4.6
2025-06-22T03:00:00-07:00,56,59,4.4
2025-06-22T03:30:00-07:00,56,58,4.4
2025-06-22T04:00:00-07:00,57,57,4.4
2025-06-22T04:30:00-07:00,57,57,4.6
2025-06-22T05:00:00-07:00,58,57,5.1
2025-06-22T05:30:00-07:00,58,56,4.9
2025-06-22T06:00:00-07:00,59,56,4.9
2025-06-22T06:30:00-07:00,58,57,5.1
2025-06-22T07:00:00-07:00,56,59,5
2025-06-22T07:30:00-07:00,60,61,6.3
2025-06-22T08:00:00-07:00,56,63,6.6
2025-06-22T08:30:00-07:00,51,67,5.3
2025-06-22T09:00:00-07:00,46,70,5.1
2025-06-22T09:30:00-07:00,42,74,5
2025-06-22T10:00:00-07:00,38,76,4.3
2025-06-22T10:30:00-07:00,34,79,3.4
2025-06-22T11:00:00-07:00,30,81,2.8
2025-06-22T11:30:00-07:00,28,82,2.4
2025-06-22T12:00:00-07:00,26,84,1.9
2025-06-22T12:30:00-07:00,26,85,2.6
2025-06-22T13:00:00-07:00,27,84,3.1
2025-06-22T13:30:00-07:00,27,83,3
2025-06-22T14:00:00-07:00,28,84,3.3
2025-06-22T14:30:00-07:00,27,84,3.4
2025-06-22T15:00:00-07:00,26,87,3.6
2025-06-22T15:30:00-07:00,26,88,4
2025-06-22T16:00:00-07:00,25,88,3.7
2025-06-22T16:30:00-07:00,25,88,3.6
2025-06-22T17:00:00-07:00,25,87,3.2
2025-06-22T17:30:00-07:00,26,85,3.5
2025-06-22T18:00:00-07:00,33,77,4.2
2025-06-22T18:30:00-07:00,40,73,4.8
2025-06-22T19:00:00-07:00,42,70,4.5
2025-06-22T19:30:00-07:00,45,68,4.8
2025-06-22T20:00:00-07:00,47,67,5.5
2025-06-22T20:30:00-07:00,50,66,6.2
2025-06-22T21:00:00-07:00,51,65,5.9
2025-06-22T21:30:00-07:00,52,64,5.9
2025-06-22T22:00:00-07:00,53,63,6
2025-06-22T22:30:00-07:00,55,61,5.7
2025-06-22T23:00:00-07:00,56,62,5.5
2025-06-22T23:30:00-07:00,55,62,5.3
2025-06-23T00:00:00-07:00,56,62,5.2
2025-06-23T00:30:00-07:00,56,61,5.8
2025-06-23T01:00:00-07:00,57,61,5.3
2025-06-23T01:30:00-07:00,57,60,5.5
2025-06-23T02:00:00-07:00,58,60,5.5
2025-06-23T02:30:00-07:00,58,60,5.8
2025-06-23T03:00:00-07:00,58,59,5.5
2025-06-23T03:30:00-07:00,57,58,5.3
2025-06-23T04:00:00-07:00,57,58,5.7
2025-06-23T04:30:00-07:00,57,57,5.9
2025-06-23T05:00:00-07:00,57,57,6.3
2025-06-23T05:30:00-07:00,58,57,6.3
2025-06-23T06:00:00-07:00,58,57,6.1
2025-06-23T06:30:00-07:00,58,57,6.1
2025-06-23T07:00:00-07:00,59,59,6.4
2025-06-23T07:30:00-07:00,59,61,6.4
2025-06-23T08:00:00-07:00,56,64,6.7
2025-06-23T08:30:00-07:00,52,66,6.7
2025-06-23T09:00:00-07:00,47,70,132
2025-06-23T09:30:00-07:00,45,73,6.6
2025-06-23T10:00:00-07:00,43,76,6.1
2025-06-23T10:30:00-07:00,39,78,5.6
2025-06-23T11:00:00-07:00,35,80,5.6
2025-06-23T11:30:00-07:00,32,83,5.2
2025-06-23T12:00:00-07:00,30,85,4.6
2025-06-23T12:30:00-07:00,29,87,4.3
2025-06-23T13:00:00-07:00,29,87,4.2
2025-06-23T13:30:00-07:00,26,89,3.3
2025-06-23T14:00:00-07:00,25,91,3.3
2025-06-23T14:30:00-07:00,26,92,3.4
2025-06-23T15:00:00-07:00,23,95,3
2025-06-23T15:30:00-07:00,21,99,4.1
2025-06-23T16:00:00-07:00,19,101,2.8
2025-06-23T16:30:00-07:00,20,100,2.7
2025-06-23T17:00:00-07:00,22,96,3.1
2025-06-23T17:30:00-07:00,22,95,2.9
2025-06-23T18:00:00-07:00,26,88,3.5
2025-06-23T18:30:00-07:00,32,81,4.2
2025-06-23T19:00:00-07:00,41,73,5.1
2025-06-23T19:30:00-07:00,46,69,5.7
2025-06-23T20:00:00-07:00,50,67,6.1
2025-06-23T20:30:00-07:00,53,65,6
2025-06-23T21:00:00-07:00,56,64,6.2
2025-06-23T21:30:00-07:00,57,63,6.1
2025-06-23T22:00:00-07:00,56,64,6.1
2025-06-23T22:30:00-07:00,56,64,6
2025-06-23T23:00:00-07:00,57,63,5.3
2025-06-23T23:30:00-07:00,57,63,5.5
2025-06-24T00:00:00-07:00,58,62,3.6
2025-06-24T00:30:00-07:00,59,62,3.2
2025-06-24T01:00:00-07:00,59,62,3
2025-06-24T01:30:00-07:00,58,62,2.4
2025-06-24T02:00:00-07:00,58,63,4.5
2025-06-24T02:30:00-07:00,57,63,746.2
2025-06-24T03:00:00-07:00,58,63,447.7
2025-06-24T03:30:00-07:00,57,63,510.8
2025-06-24T04:00:00-07:00,56,63,1514.4
2025-06-24T04:30:00-07:00,56,63,1663.2
2025-06-24T05:00:00-07:00,56,63,1666.5
2025-06-24T05:30:00-07:00,55,63,1666.6
2025-06-24T06:00:00-07:00,55,63,1667.5
2025-06-24T06:30:00-07:00,55,64,1666.9
2025-06-24T07:00:00-07:00,55,64,1667.3
2025-06-24T07:30:00-07:00,55,64,1666.4
2025-06-24T08:00:00-07:00,53,65,1666.6
2025-06-24T08:30:00-07:00,52,66,1667.3
2025-06-24T09:00:00-07:00,49,67,1666.9
2025-06-24T09:30:00-07:00,47,69,1667.2
2025-06-24T10:00:00-07:00,44,71,1667.4
2025-06-24T10:30:00-07:00,42,73,1667.2
2025-06-24T11:00:00-07:00,41,75,1669.3
2025-06-24T11:30:00-07:00,39,77,1668
2025-06-24T12:00:00-07:00,38,77,1668.1
2025-06-24T12:30:00-07:00,38,77,1667.6
2025-06-24T13:00:00-07:00,38,78,1667.8
2025-06-24T13:30:00-07:00,38,77,1667.5
2025-06-24T14:00:00-07:00,38,78,1667.5
2025-06-24T14:30:00-07:00,37,79,1667.6
2025-06-24T15:00:00-07:00,33,82,1666.2
2025-06-24T15:30:00-07:00,33,82,1667.4
2025-06-24T16:00:00-07:00,31,85,1667.2
2025-06-24T16:30:00-07:00,30,87,1667.6
2025-06-24T17:00:00-07:00,29,87,1667.7
2025-06-24T17:30:00-07:00,30,86,1667.9
2025-06-24T18:00:00-07:00,35,79,1667.6
2025-06-24T18:30:00-07:00,42,73,1667.8
2025-06-24T19:00:00-07:00,46,71,1667.8
2025-06-24T19:30:00-07:00,49,68,1668.4
2025-06-24T20:00:00-07:00,52,66,1667.8
2025-06-24T20:30:00-07:00,53,65,1667.2
2025-06-24T21:00:00-07:00,54,64,1668
2025-06-24T21:30:00-07:00,56,62,1668.4
2025-06-24T22:00:00-07:00,56,64,1668
2025-06-24T22:30:00-07:00,57,63,1667.4
2025-06-24T23:00:00-07:00,57,63,1667.2
2025-06-24T23:30:00-07:00,57,63,1667
2025-06-25T00:00:00-07:00,57,63,1667.5
2025-06-25T00:30:00-07:00,57,62,1667.4
2025-06-25T01:00:00-07:00,57,63,1667.5
2025-06-25T01:30:00-07:00,56,63,1666.9
2025-06-25T02:00:00-07:00,56,63,1667
2025-06-25T02:30:00-07:00,56,63,1666.7
2025-06-25T03:00:00-07:00,56,63,1666.9
2025-06-25T03:30:00-07:00,57,63,1667.3
2025-06-25T04:00:00-07:00,57,62,1667.9
2025-06-25T04:30:00-07:00,57,61,1667.4
2025-06-25T05:00:00-07:00,57,62,1667.8
2025-06-25T05:30:00-07:00,57,62,1667.7
2025-06-25T06:00:00-07:00,56,62,1667.7
2025-06-25T06:30:00-07:00,56,62,1668.4
2025-06-25T07:00:00-07:00,55,63,1668.2
2025-06-25T07:30:00-07:00,55,63,1668.5
2025-06-25T08:00:00-07:00,54,64,1668.3
2025-06-25T08:30:00-07:00,53,65,1668.9
2025-06-25T09:00:00-07:00,52,66,1668.5
2025-06-25T09:30:00-07:00,49,68,1669.3
2025-06-25T10:00:00-07:00,46,71,1669.3
2025-06-25T10:30:00-07:00,43,73,1669.1
2025-06-25T11:00:00-07:00,41,75,1669.9
2025-06-25T11:30:00-07:00,39,78,1670.4
2025-06-25T12:00:00-07:00,37,80,1669.9
2025-06-25T12:30:00-07:00,36,81,1669.6
2025-06-25T13:00:00-07:00,35,82,1670.1
2025-06-25T13:30:00-07:00,34,84,1670
2025-06-25T14:00:00-07:00,33,85,1670.6
2025-06-25T14:30:00-07:00,33,84,1669.8
2025-06-25T15:00:00-07:00,29,89,1668.9
2025-06-25T15:30:00-07:00,28,89,1668.2
2025-06-25T16:00:00-07:00,28,89,1669
2025-06-25T16:30:00-07:00,28,89,1668.3
2025-06-25T17:00:00-07:00,29,87,1668.1
2025-06-25T17:30:00-07:00,30,86,1667.5
2025-06-25T18:00:00-07:00,35,80,1668.1
2025-06-25T18:30:00-07:00,41,74,1667.9
2025-06-25T19:00:00-07:00,47,70,1668
2025-06-25T19:30:00-07:00,50,68,1667.5
2025-06-25T20:00:00-07:00,52,67,1666.8
2025-06-25T20:30:00-07:00,54,65,1667
2025-06-25T21:00:00-07:00,55,64,1667
2025-06-25T21:30:00-07:00,56,63,1666.7
2025-06-25T22:00:00-07:00,57,63,1667.3
2025-06-25T22:30:00-07:00,57,62,1667
2025-06-25T23:00:00-07:00,58,61,1667.3
2025-06-25T23:30:00-07:00,59,61,1668.1
2025-06-26T00:00:00-07:00,59,61,1668.1
2025-06-26T00:30:00-07:00,59,61,1668.3
2025-06-26T01:00:00-07:00,58,62,1668.2
2025-06-26T01:30:00-07:00,58,61,1667.9
2025-06-26T02:00:00-07:00,59,60,1668.1
2025-06-26T02:30:00-07:00,60,60,1668.5
2025-06-26T03:00:00-07:00,60,60,1667.7
2025-06-26T03:30:00-07:00,60,60,1667.6
2025-06-26T04:00:00-07:00,60,60,1667.7
2025-06-26T04:30:00-07:00,60,60,1668.1
2025-06-26T05:00:00-07:00,61,60,1667.5
2025-06-26T05:30:00-07:00,61,59,1667.6
2025-06-26T06:00:00-07:00,61,61,1667.8
2025-06-26T06:30:00-07:00,59,62,1667.4
2025-06-26T07:00:00-07:00,58,63,1668.4
2025-06-26T07:30:00-07:00,55,65,1667.6
2025-06-26T08:00:00-07:00,53,65,1667.8
2025-06-26T08:30:00-07:00,53,66,1667.6
2025-06-26T09:00:00-07:00,50,68,1667.7
2025-06-26T09:30:00-07:00,47,70,1667.3
2025-06-26T10:00:00-07:00,44,73,1667.7
2025-06-26T10:30:00-07:00,42,75,1667.8
2025-06-26T11:00:00-07:00,41,76,1667.6
2025-06-26T11:30:00-07:00,40,77,1668.2
2025-06-26T12:00:00-07:00,39,78,1667.9
2025-06-26T12:30:00-07:00,38,78,1667.6
2025-06-26T13:00:00-07:00,36,81,1667.5
2025-06-26T13:30:00-07:00,35,82,1667.1
2025-06-26T14:00:00-07:00,34,83,1667.5
2025-06-26T14:30:00-07:00,33,85,1667
2025-06-26T15:00:00-07:00,30,88,1667.3
2025-06-26T15:30:00-07:00,28,90,1667.2
2025-06-26T16:00:00-07:00,26,92,1667.4
2025-06-26T16:30:00-07:00,25,93,1667.3
2025-06-26T17:00:00-07:00,26,91,1667.4
2025-06-26T17:30:00-07:00,26,91,1667.6
2025-06-26T18:00:00-07:00,32,84,1667.7
2025-06-26T18:30:00-07:00,40,76,1667.6
2025-06-26T19:00:00-07:00,45,72,1667.6
2025-06-26T19:30:00-07:00,48,70,1667.5
2025-06-26T20:00:00-07:00,50,68,1666.9
2025-06-26T20:30:00-07:00,52,66,1667.4
2025-06-26T21:00:00-07:00,54,65,1667.4
2025-06-26T21:30:00-07:00,55,64,1667.4
2025-06-26T22:00:00-07:00,56,64,1667.4
2025-06-26T22:30:00-07:00,57,63,1667.7
2025-06-26T23:00:00-07:00,57,62,1668.1
2025-06-26T23:30:00-07:00,57,63,1668.3
2025-06-27T00:00:00-07:00,58,63,1668.5
2025-06-27T00:30:00-07:00,58,63,1668.2
2025-06-27T01:00:00-07:00,57,62,1666.9
2025-06-27T01:30:00-07:00,58,62,1668.3
2025-06-27T02:00:00-07:00,58,61,1668.4
2025-06-27T02:30:00-07:00,59,61,1668.3
2025-06-27T03:00:00-07:00,58,61,1668.3
2025-06-27T03:30:00-07:00,59,60,1668
2025-06-27T04:00:00-07:00,58,60,1667.5
2025-06-27T04:30:00-07:00,58,59,1667.5
2025-06-27T05:00:00-07:00,58,59,1667.3
2025-06-27T05:30:00-07:00,59,59,1667.5
2025-06-27T06:00:00-07:00,59,59,1667.6
2025-06-27T06:30:00-07:00,59,59,1667.6
2025-06-27T07:00:00-07:00,60,61,1668.6
2025-06-27T07:30:00-07:00,59,63,1668.2
2025-06-27T08:00:00-07:00,57,66,1667.8
2025-06-27T08:30:00-07:00,53,68,1667.8
2025-06-27T09:00:00-07:00,49,72,1667.8
2025-06-27T09:30:00-07:00,44,76,1667.7
2025-06-27T10:00:00-07:00,40,79,1667.7
2025-06-27T10:30:00-07:00,37,82,1667.3
2025-06-27T11:00:00-07:00,36,85,1667.7
2025-06-27T11:30:00-07:00,33,86,1667.6
2025-06-27T12:00:00-07:00,29,89,1666.9
2025-06-27T12:30:00-07:00,25,91,1666.7
2025-06-27T13:00:00-07:00,24,92,1667.1
2025-06-27T13:30:00-07:00,25,91,1667.3
2025-06-27T14:00:00-07:00,26,90,1668.2
2025-06-27T14:30:00-07:00,26,93,1667.9
2025-06-27T15:00:00-07:00,23,98,1667.8
2025-06-27T15:30:00-07:00,22,100,1667.6
2025-06-27T16:00:00-07:00,21,101,1667.2
2025-06-27T16:30:00-07:00,22,101,1667.8
2025-06-27T17:00:00-07:00,22,100,1667.4
2025-06-27T17:30:00-07:00,23,98,1668.1
2025-06-27T18:00:00-07:00,28,90,1668.1
2025-06-27T18:30:00-07:00,35,82,1668.5
2025-06-27T19:00:00-07:00,40,78,1669.1
2025-06-27T19:30:00-07:00,42,74,1668.4
2025-06-27T20:00:00-07:00,45,73,1668.4
2025-06-27T20:30:00-07:00,47,72,1668.7
2025-06-27T21:00:00-07:00,49,71,1669.3
2025-06-27T21:30:00-07:00,49,70,1668.9
2025-06-27T22:00:00-07:00,49,69,1668.7
2025-06-27T22:30:00-07:00,50,67,1668.6
2025-06-27T23:00:00-07:00,51,67,1669.4
2025-06-27T23:30:00-07:00,52,66,1668.7
2025-06-28T00:00:00-07:00,52,67,1669.6
2025-06-28T00:30:00-07:00,53,66,1669.6
2025-06-28T01:00:00-07:00,54,66,1668.9
2025-06-28T01:30:00-07:00,55,65,1669.9
2025-06-28T02:00:00-07:00,55,65,1165.4
2025-06-28T02:30:00-07:00,55,63,7.9
2025-06-28T03:00:00-07:00,55,63,8.2
2025-06-28T03:30:00-07:00,56,64,7.8
2025-06-28T04:00:00-07:00,57,63,7.4
2025-06-28T04:30:00-07:00,57,63,7
2025-06-28T05:00:00-07:00,58,62,7.1
2025-06-28T05:30:00-07:00,58,62,7
2025-06-28T06:00:00-07:00,58,62,7.7
2025-06-28T06:30:00-07:00,58,62,8
2025-06-28T07:00:00-07:00,58,64,9.9
2025-06-28T07:30:00-07:00,57,66,10.5
2025-06-28T08:00:00-07:00,54,68,8.8
2025-06-28T08:30:00-07:00,51,70,7.7
2025-06-28T09:00:00-07:00,46,74,6.3
2025-06-28T09:30:00-07:00,41,78,5.2
2025-06-28T10:00:00-07:00,37,82,4.7
2025-06-28T10:30:00-07:00,35,85,5.6
2025-06-28T11:00:00-07:00,35,87,6
2025-06-28T11:30:00-07:00,33,89,5.5
2025-06-28T12:00:00-07:00,31,92,5.6
2025-06-28T12:30:00-07:00,30,93,5.9
2025-06-28T13:00:00-07:00,28,95,5.9
2025-06-28T13:30:00-07:00,26,96,4.8
2025-06-28T14:00:00-07:00,24,97,3.9
2025-06-28T14:30:00-07:00,23,100,4.1
2025-06-28T15:00:00-07:00,20,104,3.9
2025-06-28T15:30:00-07:00,18,107,3.7
2025-06-28T16:00:00-07:00,16,108,3.6
2025-06-28T16:30:00-07:00,15,110,3.3
2025-06-28T17:00:00-07:00,15,110,3.4
2025-06-28T17:30:00-07:00,15,108,3.8
2025-06-28T18:00:00-07:00,19,99,4.1
2025-06-28T18:30:00-07:00,23,91,4.2
2025-06-28T19:00:00-07:00,25,87,4.3
2025-06-28T19:30:00-07:00,28,84,5
2025-06-28T20:00:00-07:00,31,81,6.1
2025-06-28T20:30:00-07:00,34,78,6
2025-06-28T21:00:00-07:00,37,76,6.5
2025-06-28T21:30:00-07:00,39,74,6.8
2025-06-28T22:00:00-07:00,41,73,6.5
2025-06-28T22:30:00-07:00,43,71,6.5
2025-06-28T23:00:00-07:00,44,70,6
2025-06-28T23:30:00-07:00,46,69,5.8
2025-06-29T00:00:00-07:00,47,68,6.8
2025-06-29T00:30:00-07:00,48,68,6.3
2025-06-29T01:00:00-07:00,50,67,7.1
2025-06-29T01:30:00-07:00,50,67,7.5
2025-06-29T02:00:00-07:00,51,66,8.3
2025-06-29T02:30:00-07:00,52,65,8.9
2025-06-29T03:00:00-07:00,53,65,10.2
2025-06-29T03:30:00-07:00,54,64,10.9
2025-06-29T04:00:00-07:00,55,63,11.9
2025-06-29T04:30:00-07:00,55,63,11.7
2025-06-29T05:00:00-07:00,55,63,13.4
2025-06-29T05:30:00-07:00,56,62,13.8
2025-06-29T06:00:00-07:00,56,63,13.5
2025-06-29T06:30:00-07:00,56,63,15.2
2025-06-29T07:00:00-07:00,56,63,16.3
2025-06-29T07:30:00-07:00,56,65,17.3
2025-06-29T08:00:00-07:00,54,67,16.1
2025-06-29T08:30:00-07:00,52,69,14.1
2025-06-29T09:00:00-07:00,48,72,9.2
2025-06-29T09:30:00-07:00,45,76,6.6
2025-06-29T10:00:00-07:00,41,79,5.3
2025-06-29T10:30:00-07:00,38,82,4.9
2025-06-29T11:00:00-07:00,35,84,4.7
2025-06-29T11:30:00-07:00,33,87,4.6
2025-06-29T12:00:00-07:00,31,89,4.7
2025-06-29T12:30:00-07:00,30,91,4.3
2025-06-29T13:00:00-07:00,29,92,5
2025-06-29T13:30:00-07:00,27,93,4.2
2025-06-29T14:00:00-07:00,25,94,3.3
2025-06-29T14:30:00-07:00,24,95,2.5
2025-06-29T15:00:00-07:00,20,99,2.2
2025-06-29T15:30:00-07:00,17,103,1.7
2025-06-29T16:00:00-07:00,15,105,1.6
2025-06-29T16:30:00-07:00,16,105,1.9
2025-06-29T17:00:00-07:00,17,105,2.8
2025-06-29T17:30:00-07:00,18,100,3.3
2025-06-29T18:00:00-07:00,22,93,4.5
2025-06-29T18:30:00-07:00,27,86,5.9
2025-06-29T19:00:00-07:00,32,81,5.6
2025-06-29T19:30:00-07:00,35,77,6.5
2025-06-29T20:00:00-07:00,37,75,5.8
2025-06-29T20:30:00-07:00,38,74,6
2025-06-29T21:00:00-07:00,40,72,7.1
2025-06-29T21:30:00-07:00,41,71,7.9
2025-06-29T22:00:00-07:00,43,71,8.6
2025-06-29T22:30:00-07:00,45,70,9.9
2025-06-29T23:00:00-07:00,46,69,10.6
2025-06-29T23:30:00-07:00,47,69,10.5
2025-06-30T00:00:00-07:00,48,68,12.4
2025-06-30T00:30:00-07:00,49,67,15.1
2025-06-30T01:00:00-07:00,51,66,16.7
2025-06-30T01:30:00-07:00,52,66,19.1
2025-06-30T02:00:00-07:00,54,65,20.6
2025-06-30T02:30:00-07:00,54,64,21.9
2025-06-30T03:00:00-07:00,54,64,21.2
2025-06-30T03:30:00-07:00,54,64,19.9
2025-06-30T04:00:00-07:00,54,64,20.8
2025-06-30T04:30:00-07:00,55,64,23.9
2025-06-30T05:00:00-07:00,56,63,23.6
2025-06-30T05:30:00-07:00,56,63,24.2
2025-06-30T06:00:00-07:00,56,62,24.7
2025-06-30T06:30:00-07:00,56,63,26.8
2025-06-30T07:00:00-07:00,56,63,29
2025-06-30T07:30:00-07:00,55,64,25.6
2025-06-30T08:00:00-07:00,54,66,25.9
2025-06-30T08:30:00-07:00,52,68,21.1
2025-06-30T09:00:00-07:00,48,72,14.4
2025-06-30T09:30:00-07:00,43,75,6.8
2025-06-30T10:00:00-07:00,40,78,3.9
2025-06-30T10:30:00-07:00,38,80,3.4
2025-06-30T11:00:00-07:00,35,83,3.1
2025-06-30T11:30:00-07:00,33,85,3.3
2025-06-30T12:00:00-07:00,32,86,3.4
2025-06-30T12:30:00-07:00,32,87,3.5
2025-06-30T13:00:00-07:00,30,89,2.4
2025-06-30T13:30:00-07:00,30,90,2.1
2025-06-30T14:00:00-07:00,27,91,1.9
2025-06-30T14:30:00-07:00,26,92,1.9
2025-06-30T15:00:00-07:00,25,97,2.2
2025-06-30T15:30:00-07:00,22,101,2.3
2025-06-30T16:00:00-07:00,19,103,2.4
2025-06-30T16:30:00-07:00,18,103,2.2
2025-06-30T17:00:00-07:00,19,101,2.6
2025-06-30T17:30:00-07:00,20,99,3.2
2025-06-30T18:00:00-07:00,26,91,4.2
2025-06-30T18:30:00-07:00,32,83,5
2025-06-30T19:00:00-07:00,37,78,5.2
2025-06-30T19:30:00-07:00,40,75,6
2025-06-30T20:00:00-07:00,44,72,9.9
2025-06-30T20:30:00-07:00,48,70,14.9
2025-06-30T21:00:00-07:00,50,68,19.3
2025-06-30T21:30:00-07:00,52,68,20.3
2025-06-30T22:00:00-07:00,54,66,23
2025-06-30T22:30:00-07:00,55,66,23.3
2025-06-30T23:00:00-07:00,56,65,24.2
2025-06-30T23:30:00-07:00,56,64,25.2
2025-07-01T00:00:00-07:00,57,65,26.2
2025-07-01T00:30:00-07:00,57,64,27.8
2025-07-01T01:00:00-07:00,57,64,29.3
2025-07-01T01:30:00-07:00,58,64,31.3
2025-07-01T02:00:00-07:00,58,63,35.1
2025-07-01T02:30:00-07:00,58,63,37.9
2025-07-01T03:00:00-07:00,58,63,41.9
2025-07-01T03:30:00-07:00,58,63,45
2025-07-01T04:00:00-07:00,59,63,49.6
2025-07-01T04:30:00-07:00,61,63,46.3
2025-07-01T05:00:00-07:00,60,64,45.4
2025-07-01T05:30:00-07:00,59,65,43.2
2025-07-01T06:00:00-07:00,58,65,42
2025-07-01T06:30:00-07:00,58,66,43.4
2025-07-01T07:00:00-07:00,56,67,43.9
2025-07-01T07:30:00-07:00,55,68,41.7
2025-07-01T08:00:00-07:00,53,69,39.3
2025-07-01T08:30:00-07:00,52,70,33.7
2025-07-01T09:00:00-07:00,49,72,29
2025-07-01T09:30:00-07:00,45,75,22.1
2025-07-01T10:00:00-07:00,42,77,16.4
2025-07-01T10:30:00-07:00,40,79,12.5
2025-07-01T11:00:00-07:00,38,80,8.8
2025-07-01T11:30:00-07:00,36,83,6.6
2025-07-01T12:00:00-07:00,34,85,7.6
2025-07-01T12:30:00-07:00,33,87,8.6
2025-07-01T13:00:00-07:00,32,89,7.9
2025-07-01T13:30:00-07:00,30,91,7.2
2025-07-01T14:00:00-07:00,29,92,6.2
2025-07-01T14:30:00-07:00,28,93,3.5
2025-07-01T15:00:00-07:00,24,99,2.8
2025-07-01T15:30:00-07:00,22,102,2.2
2025-07-01T16:00:00-07:00,20,104,2.1
2025-07-01T16:30:00-07:00,20,104,1.8
2025-07-01T17:00:00-07:00,21,100,2.2
2025-07-01T17:30:00-07:00,24,96,2.8
2025-07-01T18:00:00-07:00,29,88,3.6
2025-07-01T18:30:00-07:00,35,81,6.2
2025-07-01T19:00:00-07:00,41,76,14.2
2025-07-01T19:30:00-07:00,44,74,18.1
2025-07-01T20:00:00-07:00,46,71,20
2025-07-01T20:30:00-07:00,47,71,22.2
2025-07-01T21:00:00-07:00,46,71,20.3
2025-07-01T21:30:00-07:00,49,69,24.5
2025-07-01T22:00:00-07:00,53,67,41.6
2025-07-01T22:30:00-07:00,54,66,55.2
2025-07-01T23:00:00-07:00,55,64,119.1
2025-07-01T23:30:00-07:00,57,63,152.8
2025-07-02T00:00:00-07:00,56,64,81
2025-07-02T00:30:00-07:00,55,64,43
2025-07-02T01:00:00-07:00,56,64,85.3
2025-07-02T01:30:00-07:00,58,64,179.7
2025-07-02T02:00:00-07:00,59,64,244.1
2025-07-02T02:30:00-07:00,59,64,220.9
2025-07-02T03:00:00-07:00,58,64,177.5
2025-07-02T03:30:00-07:00,58,65,104.6
2025-07-02T04:00:00-07:00,58,65,109
2025-07-02T04:30:00-07:00,57,65,86.2
2025-07-02T05:00:00-07:00,57,65,79.6
2025-07-02T05:30:00-07:00,57,65,81.3
2025-07-02T06:00:00-07:00,56,64,71.5
2025-07-02T06:30:00-07:00,56,66,67.7
2025-07-02T07:00:00-07:00,55,67,63.7
2025-07-02T07:30:00-07:00,55,67,66.7
2025-07-02T08:00:00-07:00,54,68,49.3
2025-07-02T08:30:00-07:00,52,70,35.6
2025-07-02T09:00:00-07:00,50,71,28.6
2025-07-02T09:30:00-07:00,47,74,24.1
2025-07-02T10:00:00-07:00,44,77,17.4
2025-07-02T10:30:00-07:00,41,79,11.2
2025-07-02T11:00:00-07:00,39,82,7
2025-07-02T11:30:00-07:00,38,83,7.5
2025-07-02T12:00:00-07:00,37,84,7.2
2025-07-02T12:30:00-07:00,35,85,5.2
2025-07-02T13:00:00-07:00,33,87,3.9
2025-07-02T13:30:00-07:00,32,88,2.7
2025-07-02T14:00:00-07:00,32,88,3
2025-07-02T14:30:00-07:00,32,88,3.1
2025-07-02T15:00:00-07:00,29,91,3.1
2025-07-02T15:30:00-07:00,26,94,3.6
2025-07-02T16:00:00-07:00,26,95,4
2025-07-02T16:30:00-07:00,26,93,4.6
2025-07-02T17:00:00-07:00,26,93,4.8
2025-07-02T17:30:00-07:00,25,94,5.2
2025-07-02T18:00:00-07:00,31,85,5.7
2025-07-02T18:30:00-07:00,39,77,14.1
2025-07-02T19:00:00-07:00,44,72,25.2
2025-07-02T19:30:00-07:00,48,69,56
2025-07-02T20:00:00-07:00,51,67,68.1
2025-07-02T20:30:00-07:00,51,66,85.4
2025-07-02T21:00:00-07:00,53,66,114.6
2025-07-02T21:30:00-07:00,53,64,84.5
2025-07-02T22:00:00-07:00,53,65,65.6
2025-07-02T22:30:00-07:00,53,65,90.7
2025-07-02T23:00:00-07:00,54,64,112.8
2025-07-02T23:30:00-07:00,55,64,99.3
2025-07-03T00:00:00-07:00,56,63,172.9
2025-07-03T00:30:00-07:00,57,63,246.8
2025-07-03T01:00:00-07:00,57,63,307.8
2025-07-03T01:30:00-07:00,57,63,185.8
2025-07-03T02:00:00-07:00,57,62,378.2
2025-07-03T02:30:00-07:00,57,61,766.3
2025-07-03T03:00:00-07:00,57,61,850.4
2025-07-03T03:30:00-07:00,58,60,1101.8
2025-07-03T04:00:00-07:00,58,60,1350.1
2025-07-03T04:30:00-07:00,58,60,1304
2025-07-03T05:00:00-07:00,58,59,1464.9
2025-07-03T05:30:00-07:00,58,58,1643
2025-07-03T06:00:00-07:00,59,58,1639.6
2025-07-03T06:30:00-07:00,59,59,1649.6
2025-07-03T07:00:00-07:00,61,61,1605.5
2025-07-03T07:30:00-07:00,59,63,1285.5
2025-07-03T08:00:00-07:00,55,66,582.9
2025-07-03T08:30:00-07:00,53,68,300.3
2025-07-03T09:00:00-07:00,48,71,96.3
2025-07-03T09:30:00-07:00,44,74,38
2025-07-03T10:00:00-07:00,41,77,24.1
2025-07-03T10:30:00-07:00,40,78,20
2025-07-03T11:00:00-07:00,40,78,21.1
2025-07-03T11:30:00-07:00,39,78,16.7
2025-07-03T12:00:00-07:00,38,78,15.1
2025-07-03T12:30:00-07:00,39,77,17.5
2025-07-03T13:00:00-07:00,37,79,14.3
2025-07-03T13:30:00-07:00,37,79,14.9
2025-07-03T14:00:00-07:00,37,78,15
2025-07-03T14:30:00-07:00,36,78,14.2
2025-07-03T15:00:00-07:00,33,83,7.8
2025-07-03T15:30:00-07:00,31,85,3.5
2025-07-03T16:00:00-07:00,28,88,2.2
2025-07-03T16:30:00-07:00,29,87,2.6
2025-07-03T17:00:00-07:00,28,88,2.3
2025-07-03T17:30:00-07:00,28,88,2.3
2025-07-03T18:00:00-07:00,31,83,3.9
2025-07-03T18:30:00-07:00,37,77,15.6
2025-07-03T19:00:00-07:00,42,73,29.1
2025-07-03T19:30:00-07:00,45,70,66.6
2025-07-03T20:00:00-07:00,48,68,111.9
2025-07-03T20:30:00-07:00,49,67,93.6
2025-07-03T21:00:00-07:00,51,66,132.7
2025-07-03T21:30:00-07:00,51,65,154
2025-07-03T22:00:00-07:00,52,65,238.1
2025-07-03T22:30:00-07:00,53,64,319
2025-07-03T23:00:00-07:00,53,64,518.9
2025-07-03T23:30:00-07:00,54,63,673.4
2025-07-04T00:00:00-07:00,55,63,802.1
2025-07-04T00:30:00-07:00,56,63,943.2
2025-07-04T01:00:00-07:00,56,63,969.9
2025-07-04T01:30:00-07:00,56,62,966
2025-07-04T02:00:00-07:00,56,62,1052
2025-07-04T02:30:00-07:00,57,62,1205.6
2025-07-04T03:00:00-07:00,57,62,1228.2
2025-07-04T03:30:00-07:00,57,62,1111.5
2025-07-04T04:00:00-07:00,57,62,1318.1
2025-07-04T04:30:00-07:00,58,62,1412.5
2025-07-04T05:00:00-07:00,59,61,1614.9
2025-07-04T05:30:00-07:00,59,59,1656.3
2025-07-04T06:00:00-07:00,60,60,1664.7
2025-07-04T06:30:00-07:00,60,60,1667.9
2025-07-04T07:00:00-07:00,59,61,1663
2025-07-04T07:30:00-07:00,56,63,1638.2
2025-07-04T08:00:00-07:00,53,65,1337
2025-07-04T08:30:00-07:00,51,67,991.6
2025-07-04T09:00:00-07:00,47,69,510.3
2025-07-04T09:30:00-07:00,41,73,47.6
2025-07-04T10:00:00-07:00,38,75,28.1
2025-07-04T10:30:00-07:00,37,77,22.3
2025-07-04T11:00:00-07:00,36,79,18.5
2025-07-04T11:30:00-07:00,35,80,15.4
2025-07-04T12:00:00-07:00,33,80,10.8
2025-07-04T12:30:00-07:00,33,81,11.9
2025-07-04T13:00:00-07:00,33,81,11.2
2025-07-04T13:30:00-07:00,33,80,14
2025-07-04T14:00:00-07:00,33,81,11.9
2025-07-04T14:30:00-07:00,31,82,10
2025-07-04T15:00:00-07:00,29,85,3.9
2025-07-04T15:30:00-07:00,28,87,2.8
2025-07-04T16:00:00-07:00,27,87,2
2025-07-04T16:30:00-07:00,26,88,2
2025-07-04T17:00:00-07:00,25,88,1.8
2025-07-04T17:30:00-07:00,26,87,29.5
2025-07-04T18:00:00-07:00,31,80,20
2025-07-04T18:30:00-07:00,38,73,50.6
2025-07-04T19:00:00-07:00,41,70,155.8
2025-07-04T19:30:00-07:00,43,67,251.8
2025-07-04T20:00:00-07:00,45,67,422.5
2025-07-04T20:30:00-07:00,47,66,685.8
2025-07-04T21:00:00-07:00,48,65,862.9
2025-07-04T21:30:00-07:00,49,65,1039.2
2025-07-04T22:00:00-07:00,49,65,1027.7
2025-07-04T22:30:00-07:00,50,65,1197.3
2025-07-04T23:00:00-07:00,51,63,1259.2
2025-07-04T23:30:00-07:00,52,65,1452.4
2025-07-05T00:00:00-07:00,53,65,1493.1
2025-07-05T00:30:00-07:00,52,65,1520.4
2025-07-05T01:00:00-07:00,53,65,1538.1
2025-07-05T01:30:00-07:00,55,64,1642.6
2025-07-05T02:00:00-07:00,57,62,1664.1
2025-07-05T02:30:00-07:00,58,61,1666.4
2025-07-05T03:00:00-07:00,58,61,1667.6
2025-07-05T03:30:00-07:00,58,60,1668.9
2025-07-05T04:00:00-07:00,58,60,1668.2
2025-07-05T04:30:00-07:00,59,60,1667.6
2025-07-05T05:00:00-07:00,59,60,1667.5
2025-07-05T05:30:00-07:00,59,59,1667.7
2025-07-05T06:00:00-07:00,59,59,1667.9
2025-07-05T06:30:00-07:00,59,59,1667.2
2025-07-05T07:00:00-07:00,60,60,1668.2
2025-07-05T07:30:00-07:00,59,62,1667.6
2025-07-05T08:00:00-07:00,56,64,1669.2
2025-07-05T08:30:00-07:00,52,66,1666.9
2025-07-05T09:00:00-07:00,49,68,1602.2
2025-07-05T09:30:00-07:00,44,72,588.3
2025-07-05T10:00:00-07:00,41,75,127.2
2025-07-05T10:30:00-07:00,38,77,32.5
2025-07-05T11:00:00-07:00,36,79,21.9
2025-07-05T11:30:00-07:00,34,81,15.6
2025-07-05T12:00:00-07:00,33,83,10.6
2025-07-05T12:30:00-07:00,32,84,6.2
2025-07-05T13:00:00-07:00,31,85,4.8
2025-07-05T13:30:00-07:00,31,85,4.9
2025-07-05T14:00:00-07:00,31,85,5.4
2025-07-05T14:30:00-07:00,30,85,4.2
2025-07-05T15:00:00-07:00,27,89,3.4
2025-07-05T15:30:00-07:00,26,90,3.5
2025-07-05T16:00:00-07:00,26,91,3.8
2025-07-05T16:30:00-07:00,25,93,3.6
2025-07-05T17:00:00-07:00,24,93,3.3
2025-07-05T17:30:00-07:00,26,91,3.7
2025-07-05T18:00:00-07:00,32,82,10.7
2025-07-05T18:30:00-07:00,40,75,121.2
2025-07-05T19:00:00-07:00,45,71,493
2025-07-05T19:30:00-07:00,49,69,1092.8
2025-07-05T20:00:00-07:00,52,67,1529.6
2025-07-05T20:30:00-07:00,54,65,1640.4
2025-07-05T21:00:00-07:00,56,64,1663.1
2025-07-05T21:30:00-07:00,57,63,1669.3
2025-07-05T22:00:00-07:00,59,62,1666.7
2025-07-05T22:30:00-07:00,59,62,1668.6
2025-07-05T23:00:00-07:00,60,62,1668.8
2025-07-05T23:30:00-07:00,60,62,1668.7
2025-07-06T00:00:00-07:00,59,62,1669.2
2025-07-06T00:30:00-07:00,59,62,1668.6
2025-07-06T01:00:00-07:00,58,63,1669.5
2025-07-06T01:30:00-07:00,58,63,1669
2025-07-06T02:00:00-07:00,57,63,1670.1
2025-07-06T02:30:00-07:00,57,63,1669.2
2025-07-06T03:00:00-07:00,57,63,1668.7
2025-07-06T03:30:00-07:00,57,63,1669.2
2025-07-06T04:00:00-07:00,56,64,1668.9
2025-07-06T04:30:00-07:00,56,63,1667.5
2025-07-06T05:00:00-07:00,57,63,1669.1
2025-07-06T05:30:00-07:00,57,64,1668.5
2025-07-06T06:00:00-07:00,57,64,1668.7
2025-07-06T06:30:00-07:00,56,64,1669.1
2025-07-06T07:00:00-07:00,55,63,1668.5
2025-07-06T07:30:00-07:00,54,65,1668.8
2025-07-06T08:00:00-07:00,53,66,1667.9
2025-07-06T08:30:00-07:00,52,67,1668.5
2025-07-06T09:00:00-07:00,50,69,1667.4
2025-07-06T09:30:00-07:00,46,72,1570
2025-07-06T10:00:00-07:00,42,75,707.1
2025-07-06T10:30:00-07:00,39,78,164.5
2025-07-06T11:00:00-07:00,37,80,54.9
2025-07-06T11:30:00-07:00,35,82,23.8
2025-07-06T12:00:00-07:00,34,83,18.7
2025-07-06T12:30:00-07:00,32,85,13.4
2025-07-06T13:00:00-07:00,31,86,8.1
2025-07-06T13:30:00-07:00,30,87,6.6
2025-07-06T14:00:00-07:00,30,88,6.1
2025-07-06T14:30:00-07:00,28,89,4.4
2025-07-06T15:00:00-07:00,25,94,3.7
2025-07-06T15:30:00-07:00,23,97,3.9
2025-07-06T16:00:00-07:00,21,98,3.9
2025-07-06T16:30:00-07:00,20,99,3.9
2025-07-06T17:00:00-07:00,21,98,4.1
2025-07-06T17:30:00-07:00,22,96,4
2025-07-06T18:00:00-07:00,27,88,6.9
2025-07-06T18:30:00-07:00,34,81,24.2
2025-07-06T19:00:00-07:00,38,78,143.4
2025-07-06T19:30:00-07:00,41,75,352.5
2025-07-06T20:00:00-07:00,44,73,1022.2
2025-07-06T20:30:00-07:00,47,71,1565.4
2025-07-06T21:00:00-07:00,49,69,1669
2025-07-06T21:30:00-07:00,51,67,1669
2025-07-06T22:00:00-07:00,52,67,1670.3
2025-07-06T22:30:00-07:00,53,65,1669.7
2025-07-06T23:00:00-07:00,54,65,1670.2
2025-07-06T23:30:00-07:00,55,65,1670.4
2025-07-07T00:00:00-07:00,55,64,1671.6
2025-07-07T00:30:00-07:00,56,63,1671.3
2025-07-07T01:00:00-07:00,57,63,1669.3
2025-07-07T01:30:00-07:00,59,62,1669.4
2025-07-07T02:00:00-07:00,60,62,1669.8
2025-07-07T02:30:00-07:00,61,62,1670.6
2025-07-07T03:00:00-07:00,60,63,1670.3
2025-07-07T03:30:00-07:00,59,63,1670.9
2025-07-07T04:00:00-07:00,58,63,1670.6
2025-07-07T04:30:00-07:00,57,64,1670.8
2025-07-07T05:00:00-07:00,57,65,1669.8
2025-07-07T05:30:00-07:00,57,65,1670.9
2025-07-07T06:00:00-07:00,57,65,1670.7
2025-07-07T06:30:00-07:00,57,65,1670.5
2025-07-07T07:00:00-07:00,56,66,1670.4
2025-07-07T07:30:00-07:00,55,67,1670.7
2025-07-07T08:00:00-07:00,54,67,1670.5
2025-07-07T08:30:00-07:00,52,69,1670.4
2025-07-07T09:00:00-07:00,50,70,1670.3
2025-07-07T09:30:00-07:00,48,72,1670.5
2025-07-07T10:00:00-07:00,45,75,1628.8
2025-07-07T10:30:00-07:00,42,77,1058.7
2025-07-07T11:00:00-07:00,39,79,409.6
2025-07-07T11:30:00-07:00,37,81,125.9
2025-07-07T12:00:00-07:00,35,83,42
2025-07-07T12:30:00-07:00,33,85,22.3
2025-07-07T13:00:00-07:00,32,86,16.9
2025-07-07T13:30:00-07:00,31,87,14.8
2025-07-07T14:00:00-07:00,31,87,11.1
2025-07-07T14:30:00-07:00,29,89,6.2
2025-07-07T15:00:00-07:00,27,91,2.8
2025-07-07T15:30:00-07:00,25,94,2.4
2025-07-07T16:00:00-07:00,24,95,1.9
2025-07-07T16:30:00-07:00,24,95,1.5
2025-07-07T17:00:00-07:00,25,94,1.9
2025-07-07T17:30:00-07:00,25,92,2.1
2025-07-07T18:00:00-07:00,31,85,14.3
2025-07-07T18:30:00-07:00,37,78,369.6
2025-07-07T19:00:00-07:00,41,74,1115
2025-07-07T19:30:00-07:00,44,72,1610.3
2025-07-07T20:00:00-07:00,47,70,1660.2
2025-07-07T20:30:00-07:00,49,67,1666.2
2025-07-07T21:00:00-07:00,52,66,1665.5
2025-07-07T21:30:00-07:00,54,66,1665.3
2025-07-07T22:00:00-07:00,54,64,1665.8
2025-07-07T22:30:00-07:00,55,65,1667.4
2025-07-07T23:00:00-07:00,55,65,1666.8
2025-07-07T23:30:00-07:00,55,65,1671.5
2025-07-08T00:00:00-07:00,55,64,1668.5
2025-07-08T00:30:00-07:00,56,64,1667.2
2025-07-08T01:00:00-07:00,56,64,1667.6
2025-07-08T01:30:00-07:00,56,63,1667
2025-07-08T02:00:00-07:00,57,62,1667.6
2025-07-08T02:30:00-07:00,58,62,1667.5
2025-07-08T03:00:00-07:00,58,62,1667.6
2025-07-08T03:30:00-07:00,59,62,1668.5
2025-07-08T04:00:00-07:00,58,64,1668.2
2025-07-08T04:30:00-07:00,56,65,1668.1
2025-07-08T05:00:00-07:00,56,65,1668.2
2025-07-08T05:30:00-07:00,55,65,1668.1
2025-07-08T06:00:00-07:00,55,65,1667.7
2025-07-08T06:30:00-07:00,55,65,1667.6
2025-07-08T07:00:00-07:00,54,65,1667.7
2025-07-08T07:30:00-07:00,52,67,1667.8
2025-07-08T08:00:00-07:00,51,68,1668.5
2025-07-08T08:30:00-07:00,50,68,1668.2
2025-07-08T09:00:00-07:00,47,71,1668.9
2025-07-08T09:30:00-07:00,44,74,1668
2025-07-08T10:00:00-07:00,41,77,1648.1
2025-07-08T10:30:00-07:00,39,79,1293.3
2025-07-08T11:00:00-07:00,36,80,336.7
2025-07-08T11:30:00-07:00,33,82,33.1
2025-07-08T12:00:00-07:00,33,83,26.5
2025-07-08T12:30:00-07:00,32,85,23.2
2025-07-08T13:00:00-07:00,31,85,20.7
2025-07-08T13:30:00-07:00,31,86,17.5
2025-07-08T14:00:00-07:00,31,86,18
2025-07-08T14:30:00-07:00,31,87,17.5
2025-07-08T15:00:00-07:00,28,90,5.4
2025-07-08T15:30:00-07:00,26,93,0.7
2025-07-08T16:00:00-07:00,25,93,0.5
2025-07-08T16:30:00-07:00,26,92,1.3
2025-07-08T17:00:00-07:00,26,93,1.8
2025-07-08T17:30:00-07:00,26,92,1.8
2025-07-08T18:00:00-07:00,32,84,122
2025-07-08T18:30:00-07:00,40,76,1329.4
2025-07-08T19:00:00-07:00,44,73,1644.7
2025-07-08T19:30:00-07:00,47,71,1659
2025-07-08T20:00:00-07:00,51,68,1665.9
2025-07-08T20:30:00-07:00,54,67,1665.8
2025-07-08T21:00:00-07:00,54,67,1666.6
2025-07-08T21:30:00-07:00,54,66,1666.5
2025-07-08T22:00:00-07:00,55,67,1666.7
2025-07-08T22:30:00-07:00,55,67,1666.2
2025-07-08T23:00:00-07:00,55,67,1666.5
2025-07-08T23:30:00-07:00,56,67,1666.2
2025-07-09T00:00:00-07:00,56,67,1666.6
2025-07-09T00:30:00-07:00,56,66,1667.4
2025-07-09T01:00:00-07:00,56,65,1667
2025-07-09T01:30:00-07:00,55,67,1667.5
2025-07-09T02:00:00-07:00,55,67,1667.1
2025-07-09T02:30:00-07:00,54,67,1667.2
2025-07-09T03:00:00-07:00,55,67,1667.7
2025-07-09T03:30:00-07:00,55,67,1667.2
2025-07-09T04:00:00-07:00,55,67,1667.3
2025-07-09T04:30:00-07:00,55,67,1666.8
2025-07-09T05:00:00-07:00,56,67,1666.8
2025-07-09T05:30:00-07:00,56,66,1666.7
2025-07-09T06:00:00-07:00,56,66,1667
2025-07-09T06:30:00-07:00,56,66,1667.3
2025-07-09T07:00:00-07:00,57,66,1667.5
2025-07-09T07:30:00-07:00,57,66,1667.3
2025-07-09T08:00:00-07:00,56,66,1667.6
2025-07-09T08:30:00-07:00,54,67,1666.8
2025-07-09T09:00:00-07:00,52,68,1667.7
2025-07-09T09:30:00-07:00,50,69,1668.2
2025-07-09T10:00:00-07:00,46,71,1666.8
2025-07-09T10:30:00-07:00,43,75,1663.7
2025-07-09T11:00:00-07:00,41,76,1644.1
2025-07-09T11:30:00-07:00,40,78,1422.3
2025-07-09T12:00:00-07:00,37,80,651.9
2025-07-09T12:30:00-07:00,36,82,310
2025-07-09T13:00:00-07:00,34,83,69.6
2025-07-09T13:30:00-07:00,33,85,23
2025-07-09T14:00:00-07:00,33,86,23.9
2025-07-09T14:30:00-07:00,33,86,29
2025-07-09T15:00:00-07:00,29,90,8.3
2025-07-09T15:30:00-07:00,26,93,1.9
2025-07-09T16:00:00-07:00,25,95,1.2
2025-07-09T16:30:00-07:00,23,97,1.3
2025-07-09T17:00:00-07:00,24,97,1.7
2025-07-09T17:30:00-07:00,25,97,1.8
2025-07-09T18:00:00-07:00,31,88,20.6
2025-07-09T18:30:00-07:00,38,80,831.4
2025-07-09T19:00:00-07:00,43,76,1657.6
2025-07-09T19:30:00-07:00,46,74,1667.3
2025-07-09T20:00:00-07:00,48,72,1667.4
2025-07-09T20:30:00-07:00,52,70,1667.2
2025-07-09T21:00:00-07:00,54,69,1668.2
2025-07-09T21:30:00-07:00,55,68,1668
2025-07-09T22:00:00-07:00,56,67,1668.6
2025-07-09T22:30:00-07:00,57,66,1668.7
2025-07-09T23:00:00-07:00,57,65,1668.7
2025-07-09T23:30:00-07:00,57,65,1668.9
2025-07-10T00:00:00-07:00,57,65,1669.4
2025-07-10T00:30:00-07:00,57,64,1669.9
2025-07-10T01:00:00-07:00,58,64,1669.4
2025-07-10T01:30:00-07:00,58,64,1669.7
2025-07-10T02:00:00-07:00,59,64,1669.7
2025-07-10T02:30:00-07:00,61,63,1668.3
2025-07-10T03:00:00-07:00,62,63,1668.3
2025-07-10T03:30:00-07:00,61,64,1668
2025-07-10T04:00:00-07:00,60,64,1667.4
2025-07-10T04:30:00-07:00,60,64,1668.6
2025-07-10T05:00:00-07:00,60,64,1669
2025-07-10T05:30:00-07:00,60,64,1668.9
2025-07-10T06:00:00-07:00,61,63,1670.7
2025-07-10T06:30:00-07:00,62,62,1671.7
2025-07-10T07:00:00-07:00,61,63,1669.1
2025-07-10T07:30:00-07:00,61,64,1669.3
2025-07-10T08:00:00-07:00,59,66,1669.5
2025-07-10T08:30:00-07:00,56,68,1669.7
2025-07-10T09:00:00-07:00,52,71,1669
2025-07-10T09:30:00-07:00,48,74,1669.1
2025-07-10T10:00:00-07:00,44,78,1668.9
2025-07-10T10:30:00-07:00,40,81,1659.2
2025-07-10T11:00:00-07:00,38,84,1130.8
2025-07-10T11:30:00-07:00,35,86,236.2
2025-07-10T12:00:00-07:00,32,88,34.4
2025-07-10T12:30:00-07:00,29,91,21.4
2025-07-10T13:00:00-07:00,27,93,14.9
2025-07-10T13:30:00-07:00,26,94,8.4
2025-07-10T14:00:00-07:00,24,96,5.7
2025-07-10T14:30:00-07:00,24,98,5.6
2025-07-10T15:00:00-07:00,21,103,5.2
2025-07-10T15:30:00-07:00,17,108,5.3
2025-07-10T16:00:00-07:00,16,109,4.9
2025-07-10T16:30:00-07:00,15,109,5.1
2025-07-10T17:00:00-07:00,15,110,5.1
2025-07-10T17:30:00-07:00,16,109,5.1
2025-07-10T18:00:00-07:00,21,101,5.2
2025-07-10T18:30:00-07:00,26,93,10.8
2025-07-10T19:00:00-07:00,31,88,37.6
2025-07-10T19:30:00-07:00,36,84,706.1
2025-07-10T20:00:00-07:00,40,80,1631.5
2025-07-10T20:30:00-07:00,43,77,1669
2025-07-10T21:00:00-07:00,45,76,1667.9
2025-07-10T21:30:00-07:00,46,74,1668.5
2025-07-10T22:00:00-07:00,47,73,1668.8
2025-07-10T22:30:00-07:00,48,72,1669.7
2025-07-10T23:00:00-07:00,50,70,1669.9
2025-07-10T23:30:00-07:00,51,70,1669.7
2025-07-11T00:00:00-07:00,52,69,1669.7
2025-07-11T00:30:00-07:00,53,68,1669.4
2025-07-11T01:00:00-07:00,53,68,1669.7
2025-07-11T01:30:00-07:00,54,67,1669.2
2025-07-11T02:00:00-07:00,55,67,1669.3
2025-07-11T02:30:00-07:00,56,66,1669.9
2025-07-11T03:00:00-07:00,58,65,1669.7
2025-07-11T03:30:00-07:00,58,65,1670.4
2025-07-11T04:00:00-07:00,59,65,1669.8
2025-07-11T04:30:00-07:00,59,64,1670.1
2025-07-11T05:00:00-07:00,59,64,1670.4
2025-07-11T05:30:00-07:00,60,64,1670.2
2025-07-11T06:00:00-07:00,60,64,1670.6
2025-07-11T06:30:00-07:00,61,64,1671.3
2025-07-11T07:00:00-07:00,61,65,1670.7
2025-07-11T07:30:00-07:00,60,66,1670.9
2025-07-11T08:00:00-07:00,57,68,1671
2025-07-11T08:30:00-07:00,54,70,1671
2025-07-11T09:00:00-07:00,51,74,1670.2
2025-07-11T09:30:00-07:00,47,77,1669.9
2025-07-11T10:00:00-07:00,43,80,1670.8
2025-07-11T10:30:00-07:00,40,83,1602.9
2025-07-11T11:00:00-07:00,37,86,525.1
2025-07-11T11:30:00-07:00,33,89,71.3
2025-07-11T12:00:00-07:00,31,92,31.9
2025-07-11T12:30:00-07:00,31,93,30.3
2025-07-11T13:00:00-07:00,30,94,27.8
2025-07-11T13:30:00-07:00,29,94,25.7
2025-07-11T14:00:00-07:00,28,94,23.2
2025-07-11T14:30:00-07:00,26,96,18.9
2025-07-11T15:00:00-07:00,24,99,12
2025-07-11T15:30:00-07:00,22,102,9.6
2025-07-11T16:00:00-07:00,21,104,8.6
2025-07-11T16:30:00-07:00,20,104,8.9
2025-07-11T17:00:00-07:00,20,105,7.2
2025-07-11T17:30:00-07:00,20,104,6.4
2025-07-11T18:00:00-07:00,25,97,10.7
2025-07-11T18:30:00-07:00,31,89,35
2025-07-11T19:00:00-07:00,34,85,421.8
2025-07-11T19:30:00-07:00,36,83,967.2
2025-07-11T20:00:00-07:00,38,80,1548.3
2025-07-11T20:30:00-07:00,42,77,1669.8
2025-07-11T21:00:00-07:00,45,75,1669.8
2025-07-11T21:30:00-07:00,47,73,1670.4
2025-07-11T22:00:00-07:00,49,72,1670.4
2025-07-11T22:30:00-07:00,50,71,1670.4
2025-07-11T23:00:00-07:00,50,70,1671.2
2025-07-11T23:30:00-07:00,51,69,1670.3
2025-07-12T00:00:00-07:00,52,68,1671
2025-07-12T00:30:00-07:00,53,68,1670.5
2025-07-12T01:00:00-07:00,54,67,1670.7
2025-07-12T01:30:00-07:00,54,67,1669.2
2025-07-12T02:00:00-07:00,56,66,1670.5
2025-07-12T02:30:00-07:00,57,65,1670.2
2025-07-12T03:00:00-07:00,58,65,1669.6
2025-07-12T03:30:00-07:00,59,64,1669.2
2025-07-12T04:00:00-07:00,59,65,1669.8
2025-07-12T04:30:00-07:00,60,64,1669.5
2025-07-12T05:00:00-07:00,61,64,1670.5
2025-07-12T05:30:00-07:00,62,64,1670.8
2025-07-12T06:00:00-07:00,62,64,1670.8
2025-07-12T06:30:00-07:00,61,64,1670.5
2025-07-12T07:00:00-07:00,60,65,1669.6
2025-07-12T07:30:00-07:00,58,67,1670.1
2025-07-12T08:00:00-07:00,55,69,1670.4
2025-07-12T08:30:00-07:00,54,70,1670.5
2025-07-12T09:00:00-07:00,51,72,1670.3
2025-07-12T09:30:00-07:00,47,75,1670.6
2025-07-12T10:00:00-07:00,44,78,1671.1
2025-07-12T10:30:00-07:00,41,80,1669.7
2025-07-12T11:00:00-07:00,39,83,1634.3
2025-07-12T11:30:00-07:00,36,85,864.8
2025-07-12T12:00:00-07:00,35,86,327.5
2025-07-12T12:30:00-07:00,34,88,86
2025-07-12T13:00:00-07:00,33,89,51.1
2025-07-12T13:30:00-07:00,31,91,26.7
2025-07-12T14:00:00-07:00,30,91,24.2
2025-07-12T14:30:00-07:00,29,92,21.9
2025-07-12T15:00:00-07:00,26,96,10.9
2025-07-12T15:30:00-07:00,25,97,5.8
2025-07-12T16:00:00-07:00,23,99,5.4
2025-07-12T16:30:00-07:00,23,99,5.4
2025-07-12T17:00:00-07:00,23,98,6
2025-07-12T17:30:00-07:00,23,98,5.6
2025-07-12T18:00:00-07:00,28,90,20
2025-07-12T18:30:00-07:00,35,82,768.8
2025-07-12T19:00:00-07:00,38,79,1666.7
2025-07-12T19:30:00-07:00,42,76,1670.7
2025-07-12T20:00:00-07:00,45,73,1669.6
2025-07-12T20:30:00-07:00,49,70,1670.7
2025-07-12T21:00:00-07:00,52,68,1670.1
2025-07-12T21:30:00-07:00,54,66,1670.1
2025-07-12T22:00:00-07:00,56,66,1670.5
2025-07-12T22:30:00-07:00,57,65,1670.8
2025-07-12T23:00:00-07:00,58,65,1670.3
2025-07-12T23:30:00-07:00,57,65,1670.3
2025-07-13T00:00:00-07:00,58,65,1670.8
2025-07-13T00:30:00-07:00,58,65,1672.6
2025-07-13T01:00:00-07:00,58,65,1670.9
2025-07-13T01:30:00-07:00,58,65,1670.6
2025-07-13T02:00:00-07:00,60,64,1671.4
2025-07-13T02:30:00-07:00,60,65,1671
2025-07-13T03:00:00-07:00,60,66,1672
2025-07-13T03:30:00-07:00,60,66,1672.1
2025-07-13T04:00:00-07:00,59,66,1672
2025-07-13T04:30:00-07:00,59,66,1671.4
2025-07-13T05:00:00-07:00,58,66,1671.3
2025-07-13T05:30:00-07:00,59,66,1670.1
2025-07-13T06:00:00-07:00,58,66,1670.3
2025-07-13T06:30:00-07:00,58,66,1670.8
2025-07-13T07:00:00-07:00,58,67,1671.1
2025-07-13T07:30:00-07:00,57,67,1670.7
2025-07-13T08:00:00-07:00,56,68,1670.9
2025-07-13T08:30:00-07:00,55,69,1670.3
2025-07-13T09:00:00-07:00,51,71,1670.8
2025-07-13T09:30:00-07:00,49,73,1670.3
2025-07-13T10:00:00-07:00,46,76,1669.5
2025-07-13T10:30:00-07:00,43,78,1670.3
2025-07-13T11:00:00-07:00,41,80,1669.7
2025-07-13T11:30:00-07:00,38,83,1652.1
2025-07-13T12:00:00-07:00,36,85,1410.8
2025-07-13T12:30:00-07:00,35,87,817.7
2025-07-13T13:00:00-07:00,34,88,416.5
2025-07-13T13:30:00-07:00,32,90,82.1
2025-07-13T14:00:00-07:00,31,91,27.9
2025-07-13T14:30:00-07:00,29,92,23.6
2025-07-13T15:00:00-07:00,26,96,8.7
2025-07-13T15:30:00-07:00,23,98,2.4
2025-07-13T16:00:00-07:00,22,100,2.5
2025-07-13T16:30:00-07:00,22,100,2.2
2025-07-13T17:00:00-07:00,22,100,2.3
2025-07-13T17:30:00-07:00,22,98,4.2
2025-07-13T18:00:00-07:00,29,88,86.3
2025-07-13T18:30:00-07:00,37,81,1432.1
2025-07-13T19:00:00-07:00,42,76,1667.5
2025-07-13T19:30:00-07:00,46,73,1668.3
2025-07-13T20:00:00-07:00,48,71,1667.9
2025-07-13T20:30:00-07:00,51,69,1667.8
2025-07-13T21:00:00-07:00,53,68,1667.8
2025-07-13T21:30:00-07:00,54,67,1667.7
2025-07-13T22:00:00-07:00,55,66,1667.8
2025-07-13T22:30:00-07:00,55,66,1668.5
2025-07-13T23:00:00-07:00,56,66,1668.9
2025-07-13T23:30:00-07:00,56,65,1668.4
2025-07-14T00:00:00-07:00,57,65,1668.4
2025-07-14T00:30:00-07:00,58,64,1668.9
2025-07-14T01:00:00-07:00,58,64,1668.1
2025-07-14T01:30:00-07:00,59,64,1668.4
2025-07-14T02:00:00-07:00,60,63,1668.1
2025-07-14T02:30:00-07:00,60,63,1669
2025-07-14T03:00:00-07:00,59,64,1668.8
2025-07-14T03:30:00-07:00,58,65,1669.2
2025-07-14T04:00:00-07:00,58,65,1669.8
2025-07-14T04:30:00-07:00,59,65,1670.6
2025-07-14T05:00:00-07:00,60,65,1670.6
2025-07-14T05:30:00-07:00,60,65,1671.2
2025-07-14T06:00:00-07:00,62,65,1671.3
2025-07-14T06:30:00-07:00,62,65,1670.8
2025-07-14T07:00:00-07:00,61,66,1671
2025-07-14T07:30:00-07:00,60,66,1671.5
2025-07-14T08:00:00-07:00,59,67,1672.4
2025-07-14T08:30:00-07:00,57,68,1671.9
2025-07-14T09:00:00-07:00,54,70,1671.6
2025-07-14T09:30:00-07:00,51,72,1671.3
2025-07-14T10:00:00-07:00,48,75,1671.7
2025-07-14T10:30:00-07:00,44,79,1671.6
2025-07-14T11:00:00-07:00,40,82,1670.4
2025-07-14T11:30:00-07:00,37,85,1650.5
2025-07-14T12:00:00-07:00,34,87,707.4
2025-07-14T12:30:00-07:00,32,90,97.8
2025-07-14T13:00:00-07:00,31,90,68.7
2025-07-14T13:30:00-07:00,29,91,24.3
2025-07-14T14:00:00-07:00,28,93,16.6
2025-07-14T14:30:00-07:00,27,93,12.3
2025-07-14T15:00:00-07:00,24,97,4.2
2025-07-14T15:30:00-07:00,22,99,0.8
2025-07-14T16:00:00-07:00,22,100,0.7
2025-07-14T16:30:00-07:00,22,99,1.1
2025-07-14T17:00:00-07:00,22,98,0.9
2025-07-14T17:30:00-07:00,23,97,1
2025-07-14T18:00:00-07:00,29,88,55.2
2025-07-14T18:30:00-07:00,35,80,1387.2
2025-07-14T19:00:00-07:00,40,76,1666.9
2025-07-14T19:30:00-07:00,44,73,1668.1
2025-07-14T20:00:00-07:00,48,70,1667.7
2025-07-14T20:30:00-07:00,51,68,1667.3
2025-07-14T21:00:00-07:00,54,67,1666.6
2025-07-14T21:30:00-07:00,55,66,1666.3
2025-07-14T22:00:00-07:00,56,66,1666.2
2025-07-14T22:30:00-07:00,57,66,1666.5
2025-07-14T23:00:00-07:00,57,66,1666.2
2025-07-14T23:30:00-07:00,57,66,1666.6
2025-07-15T00:00:00-07:00,57,65,1666.2
2025-07-15T00:30:00-07:00,58,65,1666
2025-07-15T01:00:00-07:00,59,65,1666.9
2025-07-15T01:30:00-07:00,59,64,1667.4
2025-07-15T02:00:00-07:00,61,65,1668.3
2025-07-15T02:30:00-07:00,60,66,1668.8
2025-07-15T03:00:00-07:00,59,66,1668.2
2025-07-15T03:30:00-07:00,58,67,1668.8
2025-07-15T04:00:00-07:00,57,67,1670.4
2025-07-15T04:30:00-07:00,56,67,1668.6
2025-07-15T05:00:00-07:00,57,67,1668.1
2025-07-15T05:30:00-07:00,57,67,1667.8
2025-07-15T06:00:00-07:00,57,67,1667.5
2025-07-15T06:30:00-07:00,57,66,1667.4
2025-07-15T07:00:00-07:00,57,67,1667.1
2025-07-15T07:30:00-07:00,56,68,1666.9
2025-07-15T08:00:00-07:00,54,69,1667
2025-07-15T08:30:00-07:00,52,70,1667.5
2025-07-15T09:00:00-07:00,50,72,1667.8
2025-07-15T09:30:00-07:00,48,74,1667.9
2025-07-15T10:00:00-07:00,45,76,1667.3
2025-07-15T10:30:00-07:00,42,78,1667.8
2025-07-15T11:00:00-07:00,40,80,1668
2025-07-15T11:30:00-07:00,38,82,1665
2025-07-15T12:00:00-07:00,37,84,1651.7
2025-07-15T12:30:00-07:00,35,86,1184.3
2025-07-15T13:00:00-07:00,34,88,367.3
2025-07-15T13:30:00-07:00,33,88,178.1
2025-07-15T14:00:00-07:00,33,88,226.7
2025-07-15T14:30:00-07:00,33,88,321.7
2025-07-15T15:00:00-07:00,31,90,120.1
2025-07-15T15:30:00-07:00,28,92,13.1
2025-07-15T16:00:00-07:00,27,93,7.2
2025-07-15T16:30:00-07:00,26,93,6.6
2025-07-15T17:00:00-07:00,27,92,12.9
2025-07-15T17:30:00-07:00,28,91,19.9
2025-07-15T18:00:00-07:00,34,83,750.1
2025-07-15T18:30:00-07:00,41,77,1667.9
2025-07-15T19:00:00-07:00,46,74,1667.8
2025-07-15T19:30:00-07:00,50,71,1667.4
2025-07-15T20:00:00-07:00,51,70,1667.8
2025-07-15T20:30:00-07:00,52,69,1668.2
2025-07-15T21:00:00-07:00,54,68,1668.3
2025-07-15T21:30:00-07:00,56,67,1668.4
2025-07-15T22:00:00-07:00,57,67,1668.5
2025-07-15T22:30:00-07:00,58,66,1668
2025-07-15T23:00:00-07:00,57,67,1668.6
2025-07-15T23:30:00-07:00,58,67,1668.7
2025-07-16T00:00:00-07:00,58,67,1668.8
2025-07-16T00:30:00-07:00,57,66,1667.9
2025-07-16T01:00:00-07:00,57,66,1667.4
2025-07-16T01:30:00-07:00,57,66,1668.1
2025-07-16T02:00:00-07:00,57,66,1667
2025-07-16T02:30:00-07:00,58,65,1666.8
2025-07-16T03:00:00-07:00,58,65,1667.2
2025-07-16T03:30:00-07:00,58,65,1667.7
2025-07-16T04:00:00-07:00,58,64,1667.6
2025-07-16T04:30:00-07:00,59,64,1667.3
2025-07-16T05:00:00-07:00,59,65,1666.7
2025-07-16T05:30:00-07:00,58,66,1666.9
2025-07-16T06:00:00-07:00,56,66,1667.7
2025-07-16T06:30:00-07:00,55,67,1667.9
2025-07-16T07:00:00-07:00,54,67,1668.2
2025-07-16T07:30:00-07:00,54,68,1667
2025-07-16T08:00:00-07:00,53,69,1666.9
2025-07-16T08:30:00-07:00,51,70,1666.5
2025-07-16T09:00:00-07:00,49,72,1666.8
2025-07-16T09:30:00-07:00,46,74,1667.4
2025-07-16T10:00:00-07:00,44,76,1667
2025-07-16T10:30:00-07:00,41,78,1667.2
2025-07-16T11:00:00-07:00,39,80,1667
2025-07-16T11:30:00-07:00,38,80,1665.1
2025-07-16T12:00:00-07:00,38,80,1665.4
2025-07-16T12:30:00-07:00,37,81,1648.9
2025-07-16T13:00:00-07:00,36,82,1647.2
2025-07-16T13:30:00-07:00,36,81,1634
2025-07-16T14:00:00-07:00,36,82,1658.8
2025-07-16T14:30:00-07:00,35,82,1545.6
2025-07-16T15:00:00-07:00,31,87,364.1
2025-07-16T15:30:00-07:00,28,90,8.6
2025-07-16T16:00:00-07:00,26,91,2.7
2025-07-16T16:30:00-07:00,26,91,2.4
2025-07-16T17:00:00-07:00,27,90,6.7
2025-07-16T17:30:00-07:00,27,90,11
2025-07-16T18:00:00-07:00,34,82,815.6
2025-07-16T18:30:00-07:00,41,75,1667.1
2025-07-16T19:00:00-07:00,45,72,1667.1
2025-07-16T19:30:00-07:00,48,70,1667
2025-07-16T20:00:00-07:00,51,69,1666.8
2025-07-16T20:30:00-07:00,54,67,1666.7
2025-07-16T21:00:00-07:00,55,67,1666.7
2025-07-16T21:30:00-07:00,55,67,1667.3
2025-07-16T22:00:00-07:00,55,67,1667.1
2025-07-16T22:30:00-07:00,55,67,1667.3
2025-07-16T23:00:00-07:00,56,67,1667
2025-07-16T23:30:00-07:00,56,67,1666.9
2025-07-17T00:00:00-07:00,55,67,1667
2025-07-17T00:30:00-07:00,57,66,1666.9
2025-07-17T01:00:00-07:00,58,65,1667.2
2025-07-17T01:30:00-07:00,59,65,1667.4
2025-07-17T02:00:00-07:00,59,65,1667.1
2025-07-17T02:30:00-07:00,58,66,1666.9
2025-07-17T03:00:00-07:00,57,66,1667.3
2025-07-17T03:30:00-07:00,57,66,1667.3
2025-07-17T04:00:00-07:00,57,66,1666.9
2025-07-17T04:30:00-07:00,57,66,1667.3
2025-07-17T05:00:00-07:00,56,66,1667.6
2025-07-17T05:30:00-07:00,55,67,1667.1
2025-07-17T06:00:00-07:00,55,67,1667.9
2025-07-17T06:30:00-07:00,54,67,1667.6
2025-07-17T07:00:00-07:00,53,68,1667.6
2025-07-17T07:30:00-07:00,52,68,1667.4
2025-07-17T08:00:00-07:00,52,69,1667.5
2025-07-17T08:30:00-07:00,51,70,1667.8
2025-07-17T09:00:00-07:00,48,72,1667.8
2025-07-17T09:30:00-07:00,46,74,1667.5
2025-07-17T10:00:00-07:00,43,76,1668.3
2025-07-17T10:30:00-07:00,41,78,1667.4
2025-07-17T11:00:00-07:00,40,79,1668
2025-07-17T11:30:00-07:00,38,81,1667.6
2025-07-17T12:00:00-07:00,36,83,1664.7
2025-07-17T12:30:00-07:00,35,84,1408.7
2025-07-17T13:00:00-07:00,34,85,809.3
2025-07-17T13:30:00-07:00,33,86,375.8
2025-07-17T14:00:00-07:00,32,87,221
2025-07-17T14:30:00-07:00,31,87,108.3
2025-07-17T15:00:00-07:00,29,90,17.8
2025-07-17T15:30:00-07:00,27,93,5.3
2025-07-17T16:00:00-07:00,27,92,6.9
2025-07-17T16:30:00-07:00,27,93,6.1
2025-07-17T17:00:00-07:00,27,93,9.4
2025-07-17T17:30:00-07:00,27,91,8.1
2025-07-17T18:00:00-07:00,32,83,574
2025-07-17T18:30:00-07:00,39,77,1666.3
2025-07-17T19:00:00-07:00,43,74,1666.3
2025-07-17T19:30:00-07:00,45,72,1666.9
2025-07-17T20:00:00-07:00,49,70,1666.5
2025-07-17T20:30:00-07:00,52,69,1666.7
2025-07-17T21:00:00-07:00,53,68,1666.8
2025-07-17T21:30:00-07:00,53,68,1666.7
2025-07-17T22:00:00-07:00,55,67,1667
2025-07-17T22:30:00-07:00,57,67,1666.9
2025-07-17T23:00:00-07:00,57,67,1666.6
2025-07-17T23:30:00-07:00,56,67,1666.6
2025-07-18T00:00:00-07:00,56,67,1667.1
2025-07-18T00:30:00-07:00,58,66,1666.8
2025-07-18T01:00:00-07:00,58,66,1667.6
2025-07-18T01:30:00-07:00,57,67,1668.2
2025-07-18T02:00:00-07:00,58,67,1668.1
2025-07-18T02:30:00-07:00,57,67,1667.7
2025-07-18T03:00:00-07:00,57,68,1667.7
2025-07-18T03:30:00-07:00,56,68,1667.2
2025-07-18T04:00:00-07:00,56,68,1667.6
2025-07-18T04:30:00-07:00,56,68,1667.4
2025-07-18T05:00:00-07:00,55,68,1668.4
2025-07-18T05:30:00-07:00,54,68,1668.4
2025-07-18T06:00:00-07:00,54,68,1667.7
2025-07-18T06:30:00-07:00,54,68,1668.4
2025-07-18T07:00:00-07:00,54,68,1668.5
2025-07-18T07:30:00-07:00,53,69,1668.6
2025-07-18T08:00:00-07:00,52,70,1669.1
2025-07-18T08:30:00-07:00,52,70,1668.9
2025-07-18T09:00:00-07:00,51,71,1669.5
2025-07-18T09:30:00-07:00,50,72,1669.4
2025-07-18T10:00:00-07:00,47,74,1668.9
2025-07-18T10:30:00-07:00,44,76,1669.4
2025-07-18T11:00:00-07:00,43,77,1669.4
2025-07-18T11:30:00-07:00,42,79,1670.1
2025-07-18T12:00:00-07:00,40,81,1670.1
2025-07-18T12:30:00-07:00,38,83,1668.7
2025-07-18T13:00:00-07:00,36,84,1656.1
2025-07-18T13:30:00-07:00,36,84,1655.1
2025-07-18T14:00:00-07:00,36,83,1646.7
2025-07-18T14:30:00-07:00,35,85,1621.7
2025-07-18T15:00:00-07:00,32,88,579.5
2025-07-18T15:30:00-07:00,29,91,20
2025-07-18T16:00:00-07:00,27,93,8.8
2025-07-18T16:30:00-07:00,26,93,6.3
2025-07-18T17:00:00-07:00,26,92,7.6
2025-07-18T17:30:00-07:00,26,93,8.5
2025-07-18T18:00:00-07:00,32,84,455.3
2025-07-18T18:30:00-07:00,40,77,1666.7
2025-07-18T19:00:00-07:00,44,73,1666.9
2025-07-18T19:30:00-07:00,49,71,1667.5
2025-07-18T20:00:00-07:00,52,69,1667.6
2025-07-18T20:30:00-07:00,53,68,1667.6
2025-07-18T21:00:00-07:00,54,67,1668.2
2025-07-18T21:30:00-07:00,55,67,1668.5
2025-07-18T22:00:00-07:00,55,68,1668.5
2025-07-18T22:30:00-07:00,55,68,1668.9
2025-07-18T23:00:00-07:00,55,67,1669.3
2025-07-18T23:30:00-07:00,55,68,1669
2025-07-19T00:00:00-07:00,56,67,1669.1
2025-07-19T00:30:00-07:00,56,67,1669.3
2025-07-19T01:00:00-07:00,57,66,1670.3
2025-07-19T01:30:00-07:00,58,66,1670.6
2025-07-19T02:00:00-07:00,59,65,1670.4
2025-07-19T02:30:00-07:00,59,65,1670.2
2025-07-19T03:00:00-07:00,58,65,1669.3
2025-07-19T03:30:00-07:00,58,65,1668.4
2025-07-19T04:00:00-07:00,58,65,1668.6
2025-07-19T04:30:00-07:00,58,65,1668
2025-07-19T05:00:00-07:00,58,65,1667.9
2025-07-19T05:30:00-07:00,57,65,1668.1
2025-07-19T06:00:00-07:00,57,65,1667.6
2025-07-19T06:30:00-07:00,57,65,1668
2025-07-19T07:00:00-07:00,56,65,1668.1
2025-07-19T07:30:00-07:00,55,66,1668.5
2025-07-19T08:00:00-07:00,55,66,1669.2
2025-07-19T08:30:00-07:00,55,67,1669.4
2025-07-19T09:00:00-07:00,54,68,1669.6
2025-07-19T09:30:00-07:00,53,68,1669.8
2025-07-19T10:00:00-07:00,51,69,1669.8
2025-07-19T10:30:00-07:00,51,70,1669.9
2025-07-19T11:00:00-07:00,50,71,1670.3
2025-07-19T11:30:00-07:00,50,71,1668.9
2025-07-19T12:00:00-07:00,47,74,1668.8
2025-07-19T12:30:00-07:00,42,78,1668.8
2025-07-19T13:00:00-07:00,41,79,1668.8
2025-07-19T13:30:00-07:00,38,81,1668.7
2025-07-19T14:00:00-07:00,36,83,1667.5
2025-07-19T14:30:00-07:00,34,85,1587.9
2025-07-19T15:00:00-07:00,30,90,201.5
2025-07-19T15:30:00-07:00,26,95,6.2
2025-07-19T16:00:00-07:00,24,97,3
2025-07-19T16:30:00-07:00,23,98,2.5
2025-07-19T17:00:00-07:00,23,98,2.7
2025-07-19T17:30:00-07:00,24,96,3
2025-07-19T18:00:00-07:00,29,87,153.4
2025-07-19T18:30:00-07:00,39,77,1647.4
2025-07-19T19:00:00-07:00,44,73,1668.2
2025-07-19T19:30:00-07:00,47,72,1668
2025-07-19T20:00:00-07:00,50,69,1668.1
2025-07-19T20:30:00-07:00,53,67,1668.4
2025-07-19T21:00:00-07:00,55,66,1669.2
2025-07-19T21:30:00-07:00,57,65,1669.6
2025-07-19T22:00:00-07:00,58,64,1669.5
2025-07-19T22:30:00-07:00,58,65,1669.6
2025-07-19T23:00:00-07:00,57,66,1669.4
2025-07-19T23:30:00-07:00,57,66,1669.5
2025-07-20T00:00:00-07:00,58,65,1670.4
2025-07-20T00:30:00-07:00,58,66,1670.2
2025-07-20T01:00:00-07:00,58,66,1670.9
2025-07-20T01:30:00-07:00,59,66,1672.1
2025-07-20T02:00:00-07:00,58,66,1671.1
2025-07-20T02:30:00-07:00,57,66,1670
2025-07-20T03:00:00-07:00,57,67,1669.3
2025-07-20T03:30:00-07:00,57,66,1669.2
2025-07-20T04:00:00-07:00,57,67,1670.1
2025-07-20T04:30:00-07:00,57,67,1669.5
2025-07-20T05:00:00-07:00,57,66,1669.1
2025-07-20T05:30:00-07:00,57,66,1669.3
2025-07-20T06:00:00-07:00,56,67,1669.5
2025-07-20T06:30:00-07:00,56,67,1670.2
2025-07-20T07:00:00-07:00,57,67,1671.4
2025-07-20T07:30:00-07:00,57,67,1671.6
2025-07-20T08:00:00-07:00,56,67,1671.8
2025-07-20T08:30:00-07:00,55,68,1670.6
2025-07-20T09:00:00-07:00,53,69,1669.9
2025-07-20T09:30:00-07:00,51,71,1670
2025-07-20T10:00:00-07:00,49,73,1670.5
2025-07-20T10:30:00-07:00,46,75,1669.8
2025-07-20T11:00:00-07:00,44,77,1669.1
2025-07-20T11:30:00-07:00,41,80,1667.6
2025-07-20T12:00:00-07:00,40,80,1667.5
2025-07-20T12:30:00-07:00,39,81,1667.9
2025-07-20T13:00:00-07:00,38,82,1667.9
2025-07-20T13:30:00-07:00,38,81,1668.7
2025-07-20T14:00:00-07:00,38,81,1668.7
2025-07-20T14:30:00-07:00,38,82,1667.7
2025-07-20T15:00:00-07:00,34,85,1408.4
2025-07-20T15:30:00-07:00,32,86,515.8
2025-07-20T16:00:00-07:00,31,88,170.5
2025-07-20T16:30:00-07:00,31,88,217.6
2025-07-20T17:00:00-07:00,30,89,104.5
2025-07-20T17:30:00-07:00,32,86,973.8
2025-07-20T18:00:00-07:00,37,81,1636.4
2025-07-20T18:30:00-07:00,43,74,1670.2
2025-07-20T19:00:00-07:00,48,71,1669.9
2025-07-20T19:30:00-07:00,49,71,1669.4
2025-07-20T20:00:00-07:00,51,68,1669.9
2025-07-20T20:30:00-07:00,51,68,1669.3
2025-07-20T21:00:00-07:00,53,67,1669.2
2025-07-20T21:30:00-07:00,53,67,1669.4
2025-07-20T22:00:00-07:00,53,67,1669.8
2025-07-20T22:30:00-07:00,54,66,1669.6
2025-07-20T23:00:00-07:00,54,66,1669.5
2025-07-20T23:30:00-07:00,56,66,1669.6
2025-07-21T00:00:00-07:00,56,66,1669.1
2025-07-21T00:30:00-07:00,56,65,1669.1
2025-07-21T01:00:00-07:00,57,65,1669.1
2025-07-21T01:30:00-07:00,58,65,1669.5
2025-07-21T02:00:00-07:00,58,65,1669.4
2025-07-21T02:30:00-07:00,58,65,1669.2
2025-07-21T03:00:00-07:00,60,65,1668.4
2025-07-21T03:30:00-07:00,60,65,1668.1
2025-07-21T04:00:00-07:00,59,66,1667.8
2025-07-21T04:30:00-07:00,58,66,1667.7
2025-07-21T05:00:00-07:00,59,65,1667.3
2025-07-21T05:30:00-07:00,59,66,1666.2
2025-07-21T06:00:00-07:00,58,66,1665.9
2025-07-21T06:30:00-07:00,57,66,1666.6
2025-07-21T07:00:00-07:00,56,67,1667.1
2025-07-21T07:30:00-07:00,56,67,1666.2
2025-07-21T08:00:00-07:00,55,68,1665.9
2025-07-21T08:30:00-07:00,54,69,1666.1
2025-07-21T09:00:00-07:00,52,70,1665.9
2025-07-21T09:30:00-07:00,51,71,1665.7
2025-07-21T10:00:00-07:00,48,73,1665.9
2025-07-21T10:30:00-07:00,45,76,1665.8
2025-07-21T11:00:00-07:00,42,78,1666.3
2025-07-21T11:30:00-07:00,42,79,1666.3
2025-07-21T12:00:00-07:00,41,80,1666.1
2025-07-21T12:30:00-07:00,40,81,1665.7
2025-07-21T13:00:00-07:00,40,81,1665.9
2025-07-21T13:30:00-07:00,40,81,1666.1
2025-07-21T14:00:00-07:00,39,81,1665.9
2025-07-21T14:30:00-07:00,37,84,1665.7
2025-07-21T15:00:00-07:00,34,86,1604.8
2025-07-21T15:30:00-07:00,36,83,1665.3
2025-07-21T16:00:00-07:00,35,84,1663
2025-07-21T16:30:00-07:00,31,89,699.9
2025-07-21T17:00:00-07:00,30,89,221.3
2025-07-21T17:30:00-07:00,31,88,371.3
2025-07-21T18:00:00-07:00,37,80,1630.8
2025-07-21T18:30:00-07:00,43,76,1666.8
2025-07-21T19:00:00-07:00,46,72,1667.5
2025-07-21T19:30:00-07:00,50,71,1667.3
2025-07-21T20:00:00-07:00,52,70,1667.6
2025-07-21T20:30:00-07:00,52,69,1666.5
2025-07-21T21:00:00-07:00,53,69,1666.4
2025-07-21T21:30:00-07:00,53,69,1667.1
2025-07-21T22:00:00-07:00,53,69,1666.6
2025-07-21T22:30:00-07:00,54,69,1666.9
2025-07-21T23:00:00-07:00,54,68,1666.9
2025-07-21T23:30:00-07:00,54,68,1666.7
2025-07-22T00:00:00-07:00,54,68,1666.6
2025-07-22T00:30:00-07:00,54,69,1666.4
2025-07-22T01:00:00-07:00,54,68,1666.5
2025-07-22T01:30:00-07:00,55,68,1666.3
2025-07-22T02:00:00-07:00,56,68,1666.3
2025-07-22T02:30:00-07:00,56,67,1666.7
2025-07-22T03:00:00-07:00,56,68,1667.2
2025-07-22T03:30:00-07:00,57,67,1667
2025-07-22T04:00:00-07:00,57,67,1666.6
2025-07-22T04:30:00-07:00,57,67,1666.5
2025-07-22T05:00:00-07:00,59,67,1666.1
2025-07-22T05:30:00-07:00,60,66,1666.6
2025-07-22T06:00:00-07:00,60,66,1666.3
2025-07-22T06:30:00-07:00,59,67,1665.9
2025-07-22T07:00:00-07:00,58,67,1666.5
2025-07-22T07:30:00-07:00,56,68,1666.4
2025-07-22T08:00:00-07:00,56,69,1666.2
2025-07-22T08:30:00-07:00,55,70,1665.7
2025-07-22T09:00:00-07:00,53,71,1665.6
2025-07-22T09:30:00-07:00,51,71,1666.1
2025-07-22T10:00:00-07:00,48,72,1666.2
2025-07-22T10:30:00-07:00,46,74,1667.2
2025-07-22T11:00:00-07:00,46,75,1665.9
2025-07-22T11:30:00-07:00,43,77,1665.7
2025-07-22T12:00:00-07:00,41,79,1666.3
2025-07-22T12:30:00-07:00,40,80,1665.8
2025-07-22T13:00:00-07:00,38,82,1665.6
2025-07-22T13:30:00-07:00,36,84,1660.8
2025-07-22T14:00:00-07:00,35,84,1642.1
2025-07-22T14:30:00-07:00,36,82,1664.1
2025-07-22T15:00:00-07:00,38,80,1666.8
2025-07-22T15:30:00-07:00,39,79,1666.5
2025-07-22T16:00:00-07:00,40,78,1666.3
2025-07-22T16:30:00-07:00,43,76,1667.4
2025-07-22T17:00:00-07:00,45,75,1667.2
2025-07-22T17:30:00-07:00,47,73,1667
2025-07-22T18:00:00-07:00,48,72,1667.1
2025-07-22T18:30:00-07:00,50,70,1666.7
2025-07-22T19:00:00-07:00,51,69,1666.8
2025-07-22T19:30:00-07:00,53,68,1667.3
2025-07-22T20:00:00-07:00,54,67,1667.2
2025-07-22T20:30:00-07:00,54,67,1667.5
2025-07-22T21:00:00-07:00,55,67,1667.7
2025-07-22T21:30:00-07:00,55,67,1667.7
2025-07-22T22:00:00-07:00,54,67,1667.6
2025-07-22T22:30:00-07:00,54,67,1667.3
2025-07-22T23:00:00-07:00,54,67,1666.8
2025-07-22T23:30:00-07:00,53,67,1667
2025-07-23T00:00:00-07:00,53,67,1667.1
2025-07-23T00:30:00-07:00,54,67,1667.1
2025-07-23T01:00:00-07:00,53,67,1667.1
2025-07-23T01:30:00-07:00,54,67,1667.4
2025-07-23T02:00:00-07:00,54,67,1667.4
2025-07-23T02:30:00-07:00,54,67,1667.5
2025-07-23T03:00:00-07:00,55,66,1667.5
2025-07-23T03:30:00-07:00,55,66,1667.5
2025-07-23T04:00:00-07:00,55,66,1667.5
2025-07-23T04:30:00-07:00,54,66,1667.3
2025-07-23T05:00:00-07:00,54,66,1666.6
2025-07-23T05:30:00-07:00,54,66,1666.3
2025-07-23T06:00:00-07:00,53,66,1666.5
2025-07-23T06:30:00-07:00,53,66,1666.4
2025-07-23T07:00:00-07:00,53,67,1666.4
2025-07-23T07:30:00-07:00,53,67,1666.4
2025-07-23T08:00:00-07:00,52,68,1665.9
2025-07-23T08:30:00-07:00,50,70,1666.1
2025-07-23T09:00:00-07:00,48,71,1666
2025-07-23T09:30:00-07:00,46,73,1666.5
2025-07-23T10:00:00-07:00,45,74,1666.5
2025-07-23T10:30:00-07:00,43,76,1666.6
2025-07-23T11:00:00-07:00,40,78,1666.5
2025-07-23T11:30:00-07:00,39,79,1666.4
2025-07-23T12:00:00-07:00,37,80,1666.2
2025-07-23T12:30:00-07:00,36,81,1660.3
2025-07-23T13:00:00-07:00,35,83,1620.6
2025-07-23T13:30:00-07:00,34,83,1429.6
2025-07-23T14:00:00-07:00,34,83,1409.3
2025-07-23T14:30:00-07:00,33,84,1205.7
2025-07-23T15:00:00-07:00,31,86,547.4
2025-07-23T15:30:00-07:00,29,89,22.7
2025-07-23T16:00:00-07:00,28,90,19.3
2025-07-23T16:30:00-07:00,28,91,18.6
2025-07-23T17:00:00-07:00,28,90,19.5
2025-07-23T17:30:00-07:00,28,90,30
2025-07-23T18:00:00-07:00,35,82,1081.4
2025-07-23T18:30:00-07:00,42,75,1666.7
2025-07-23T19:00:00-07:00,46,72,1666.7
2025-07-23T19:30:00-07:00,48,71,1666.1
2025-07-23T20:00:00-07:00,52,69,1666.4
2025-07-23T20:30:00-07:00,54,68,1666.6
2025-07-23T21:00:00-07:00,54,67,1665.9
2025-07-23T21:30:00-07:00,55,67,1666.7
2025-07-23T22:00:00-07:00,56,67,1666.7
2025-07-23T22:30:00-07:00,55,67,1666.3
2025-07-23T23:00:00-07:00,56,67,1666.6
2025-07-23T23:30:00-07:00,56,66,1666.7
2025-07-24T00:00:00-07:00,57,66,1666.8
2025-07-24T00:30:00-07:00,56,67,1666.1
2025-07-24T01:00:00-07:00,55,67,1666.4
2025-07-24T01:30:00-07:00,55,67,1666.5
2025-07-24T02:00:00-07:00,55,67,1666.7
2025-07-24T02:30:00-07:00,55,67,1666.4
2025-07-24T03:00:00-07:00,55,67,1666.2
2025-07-24T03:30:00-07:00,55,67,1666.5
2025-07-24T04:00:00-07:00,55,67,1666.8
2025-07-24T04:30:00-07:00,55,67,1666.2
2025-07-24T05:00:00-07:00,55,67,1666.1
2025-07-24T05:30:00-07:00,55,67,1666.8
2025-07-24T06:00:00-07:00,56,67,1666.9
2025-07-24T06:30:00-07:00,55,67,1666.3
2025-07-24T07:00:00-07:00,55,67,1666.3
2025-07-24T07:30:00-07:00,54,67,1666.7
2025-07-24T08:00:00-07:00,53,68,1666.8
2025-07-24T08:30:00-07:00,52,69,1666.7
2025-07-24T09:00:00-07:00,51,70,1666.5
2025-07-24T09:30:00-07:00,49,71,1666.4
2025-07-24T10:00:00-07:00,47,73,1666.3
2025-07-24T10:30:00-07:00,45,75,1667.2
2025-07-24T11:00:00-07:00,43,76,1667.4
2025-07-24T11:30:00-07:00,41,77,1667.1
2025-07-24T12:00:00-07:00,39,80,1667.6
2025-07-24T12:30:00-07:00,38,81,1667.1
2025-07-24T13:00:00-07:00,37,82,1666.9
2025-07-24T13:30:00-07:00,36,82,1667
2025-07-24T14:00:00-07:00,35,83,1664.3
2025-07-24T14:30:00-07:00,34,83,1628.7
2025-07-24T15:00:00-07:00,31,88,799.9
2025-07-24T15:30:00-07:00,29,90,33.9
2025-07-24T16:00:00-07:00,28,91,26.6
2025-07-24T16:30:00-07:00,27,92,21.6
2025-07-24T17:00:00-07:00,28,91,27.3
2025-07-24T17:30:00-07:00,28,91,57.8
2025-07-24T18:00:00-07:00,34,84,1142.8
2025-07-24T18:30:00-07:00,43,75,1666.9
2025-07-24T19:00:00-07:00,48,72,1666.4
2025-07-24T19:30:00-07:00,50,71,1667.2
2025-07-24T20:00:00-07:00,52,69,1667.3
2025-07-24T20:30:00-07:00,54,68,1667.4
2025-07-24T21:00:00-07:00,55,67,1667
2025-07-24T21:30:00-07:00,56,67,1666.9
2025-07-24T22:00:00-07:00,56,67,1667.3
2025-07-24T22:30:00-07:00,57,66,1666.9
2025-07-24T23:00:00-07:00,58,66,1666.9
2025-07-24T23:30:00-07:00,58,66,1667.3
2025-07-25T00:00:00-07:00,57,66,1667.6
2025-07-25T00:30:00-07:00,57,66,1667.9
2025-07-25T01:00:00-07:00,57,66,1667.7
2025-07-25T01:30:00-07:00,57,66,1667.9
2025-07-25T02:00:00-07:00,57,66,1668.1
2025-07-25T02:30:00-07:00,57,66,1668.3
2025-07-25T03:00:00-07:00,56,66,1667.7
2025-07-25T03:30:00-07:00,56,66,1667.8
2025-07-25T04:00:00-07:00,57,66,1666.5
2025-07-25T04:30:00-07:00,57,65,1666.3
2025-07-25T05:00:00-07:00,57,65,1666
2025-07-25T05:30:00-07:00,58,65,1665.7
2025-07-25T06:00:00-07:00,58,65,1666.3
2025-07-25T06:30:00-07:00,58,65,1666.3
2025-07-25T07:00:00-07:00,57,65,1666
2025-07-25T07:30:00-07:00,57,66,1665.9
2025-07-25T08:00:00-07:00,54,67,1666.3
2025-07-25T08:30:00-07:00,52,68,1665.7
2025-07-25T09:00:00-07:00,50,70,1665.9
2025-07-25T09:30:00-07:00,47,72,1666.4
2025-07-25T10:00:00-07:00,45,74,1666.7
2025-07-25T10:30:00-07:00,43,76,1666.9
2025-07-25T11:00:00-07:00,41,78,1667.1
2025-07-25T11:30:00-07:00,40,79,1667
2025-07-25T12:00:00-07:00,38,81,1666.7
2025-07-25T12:30:00-07:00,37,81,1666.9
2025-07-25T13:00:00-07:00,37,82,1664.5
2025-07-25T13:30:00-07:00,37,82,1661.4
2025-07-25T14:00:00-07:00,37,82,1660.8
2025-07-25T14:30:00-07:00,37,82,1659.1
2025-07-25T15:00:00-07:00,34,85,1361.8
2025-07-25T15:30:00-07:00,31,89,230.1
2025-07-25T16:00:00-07:00,31,88,502.6
2025-07-25T16:30:00-07:00,31,87,823.5
2025-07-25T17:00:00-07:00,31,86,1008.5
2025-07-25T17:30:00-07:00,32,85,1169.2
2025-07-25T18:00:00-07:00,38,79,1636.9
2025-07-25T18:30:00-07:00,46,73,1666
2025-07-25T19:00:00-07:00,49,70,1666.4
2025-07-25T19:30:00-07:00,52,69,1666.5
2025-07-25T20:00:00-07:00,54,67,1666.7
2025-07-25T20:30:00-07:00,56,67,1667
2025-07-25T21:00:00-07:00,56,67,1666.7
2025-07-25T21:30:00-07:00,56,66,1666.5
2025-07-25T22:00:00-07:00,57,66,1667.3
2025-07-25T22:30:00-07:00,57,66,1666.7
2025-07-25T23:00:00-07:00,59,65,1667.2
2025-07-25T23:30:00-07:00,59,65,1667
2025-07-26T00:00:00-07:00,59,66,1667.2
2025-07-26T00:30:00-07:00,59,66,1666.1
2025-07-26T01:00:00-07:00,57,66,1666.1
2025-07-26T01:30:00-07:00,57,66,1666.2
2025-07-26T02:00:00-07:00,56,66,1666.4
2025-07-26T02:30:00-07:00,57,66,1666.1
2025-07-26T03:00:00-07:00,56,64,1666
2025-07-26T03:30:00-07:00,56,66,1666.1
2025-07-26T04:00:00-07:00,56,65,1665.8
2025-07-26T04:30:00-07:00,56,65,1666.1
2025-07-26T05:00:00-07:00,56,65,1666.3
2025-07-26T05:30:00-07:00,57,65,1666.2
2025-07-26T06:00:00-07:00,57,65,1666.1
2025-07-26T06:30:00-07:00,56,66,1666.2
2025-07-26T07:00:00-07:00,55,66,1666.2
2025-07-26T07:30:00-07:00,54,66,1666.3
2025-07-26T08:00:00-07:00,53,68,1665.9
2025-07-26T08:30:00-07:00,51,68,1666
2025-07-26T09:00:00-07:00,49,69,1666.2
2025-07-26T09:30:00-07:00,47,72,1665.8
2025-07-26T10:00:00-07:00,43,75,1665.4
2025-07-26T10:30:00-07:00,40,77,1665.9
2025-07-26T11:00:00-07:00,40,78,1666.1
2025-07-26T11:30:00-07:00,39,80,1665.9
2025-07-26T12:00:00-07:00,38,80,1666.5
2025-07-26T12:30:00-07:00,37,81,1665.6
2025-07-26T13:00:00-07:00,36,82,1666.1
2025-07-26T13:30:00-07:00,36,82,1642.3
2025-07-26T14:00:00-07:00,36,82,1658.5
2025-07-26T14:30:00-07:00,36,82,1660.6
2025-07-26T15:00:00-07:00,34,85,1417
2025-07-26T15:30:00-07:00,32,87,645.5
2025-07-26T16:00:00-07:00,31,88,512.1
2025-07-26T16:30:00-07:00,31,88,508.2
2025-07-26T17:00:00-07:00,31,88,670.5
2025-07-26T17:30:00-07:00,31,88,474.4
2025-07-26T18:00:00-07:00,35,81,1438.1
2025-07-26T18:30:00-07:00,44,74,1666.9
2025-07-26T19:00:00-07:00,49,71,1666.8
2025-07-26T19:30:00-07:00,51,70,1666.5
2025-07-26T20:00:00-07:00,53,67,1666.8
2025-07-26T20:30:00-07:00,55,67,1666.6
2025-07-26T21:00:00-07:00,55,68,1666.8
2025-07-26T21:30:00-07:00,55,67,1666.6
2025-07-26T22:00:00-07:00,55,67,1666.7
2025-07-26T22:30:00-07:00,56,67,1666.6
2025-07-26T23:00:00-07:00,57,66,1666.9
2025-07-26T23:30:00-07:00,58,66,1666.8
2025-07-27T00:00:00-07:00,58,66,1666.5
2025-07-27T00:30:00-07:00,58,66,1666.7
2025-07-27T01:00:00-07:00,58,66,1667.3
2025-07-27T01:30:00-07:00,58,65,1666.9
2025-07-27T02:00:00-07:00,58,66,1666.9
2025-07-27T02:30:00-07:00,57,67,1666.4
2025-07-27T03:00:00-07:00,57,66,1666.2
2025-07-27T03:30:00-07:00,57,67,1666.3
2025-07-27T04:00:00-07:00,57,67,1666
2025-07-27T04:30:00-07:00,56,67,1666
2025-07-27T05:00:00-07:00,56,66,1665.9
2025-07-27T05:30:00-07:00,57,66,1666
2025-07-27T06:00:00-07:00,58,66,1666
2025-07-27T06:30:00-07:00,57,65,1665.9
2025-07-27T07:00:00-07:00,59,66,1666
2025-07-27T07:30:00-07:00,59,66,1666.2
2025-07-27T08:00:00-07:00,59,66,1665.6
2025-07-27T08:30:00-07:00,55,69,1665.9
2025-07-27T09:00:00-07:00,52,70,1666.4
2025-07-27T09:30:00-07:00,49,72,1666
2025-07-27T10:00:00-07:00,47,74,1666
2025-07-27T10:30:00-07:00,45,75,1666.8
2025-07-27T11:00:00-07:00,43,77,1667.3
2025-07-27T11:30:00-07:00,41,79,1666.5
2025-07-27T12:00:00-07:00,41,79,1666.1
2025-07-27T12:30:00-07:00,40,80,1666.8
2025-07-27T13:00:00-07:00,39,81,1666.1
2025-07-27T13:30:00-07:00,39,81,1666.8
2025-07-27T14:00:00-07:00,38,81,1666.1
2025-07-27T14:30:00-07:00,37,82,1666
2025-07-27T15:00:00-07:00,35,85,1621.9
2025-07-27T15:30:00-07:00,32,87,809.3
2025-07-27T16:00:00-07:00,30,90,211.8
2025-07-27T16:30:00-07:00,29,90,90.6
2025-07-27T17:00:00-07:00,29,90,102.1
2025-07-27T17:30:00-07:00,29,90,186.5
2025-07-27T18:00:00-07:00,34,83,1263.4
2025-07-27T18:30:00-07:00,44,75,1668.4
2025-07-27T19:00:00-07:00,48,72,1668.5
2025-07-27T19:30:00-07:00,50,71,1667.9
2025-07-27T20:00:00-07:00,52,69,1667.8
2025-07-27T20:30:00-07:00,55,68,1667.5
2025-07-27T21:00:00-07:00,56,67,1667.3
2025-07-27T21:30:00-07:00,56,67,1667.5
2025-07-27T22:00:00-07:00,56,68,1667.4
2025-07-27T22:30:00-07:00,56,67,1666.9
2025-07-27T23:00:00-07:00,57,67,1666.9
2025-07-27T23:30:00-07:00,57,66,1667.5
2025-07-28T00:00:00-07:00,57,67,1666.8
2025-07-28T00:30:00-07:00,56,67,1667.1
2025-07-28T01:00:00-07:00,56,68,1667.2
2025-07-28T01:30:00-07:00,57,67,1667.2
2025-07-28T02:00:00-07:00,57,67,1666.9
2025-07-28T02:30:00-07:00,57,67,1667.3
2025-07-28T03:00:00-07:00,57,67,1668.9
2025-07-28T03:30:00-07:00,58,66,1666.9
2025-07-28T04:00:00-07:00,59,66,1666.7
2025-07-28T04:30:00-07:00,59,65,1667.4
2025-07-28T05:00:00-07:00,60,65,1666.7
2025-07-28T05:30:00-07:00,59,66,1667
2025-07-28T06:00:00-07:00,58,67,1667
2025-07-28T06:30:00-07:00,57,67,1666.9
2025-07-28T07:00:00-07:00,56,68,1666.9
2025-07-28T07:30:00-07:00,54,69,1666.6
2025-07-28T08:00:00-07:00,52,70,1667.1
2025-07-28T08:30:00-07:00,51,71,1666.8
2025-07-28T09:00:00-07:00,49,73,1667
2025-07-28T09:30:00-07:00,47,74,1666.8
2025-07-28T10:00:00-07:00,44,77,1667.3
2025-07-28T10:30:00-07:00,42,79,1667.6
2025-07-28T11:00:00-07:00,40,81,1667.6
2025-07-28T11:30:00-07:00,39,82,1667.7
2025-07-28T12:00:00-07:00,37,84,1667.4
2025-07-28T12:30:00-07:00,36,85,1664.4
2025-07-28T13:00:00-07:00,35,86,1638.7
2025-07-28T13:30:00-07:00,34,86,1539.7
2025-07-28T14:00:00-07:00,33,87,1458.9
2025-07-28T14:30:00-07:00,33,88,1211.5
2025-07-28T15:00:00-07:00,31,90,536
2025-07-28T15:30:00-07:00,28,93,20.3
2025-07-28T16:00:00-07:00,27,95,16.3
2025-07-28T16:30:00-07:00,26,95,15.5
2025-07-28T17:00:00-07:00,26,96,13.2
2025-07-28T17:30:00-07:00,26,96,14.1
2025-07-28T18:00:00-07:00,30,89,463.6
2025-07-28T18:30:00-07:00,39,80,1668.7
2025-07-28T19:00:00-07:00,44,76,1668
2025-07-28T19:30:00-07:00,46,75,1668
2025-07-28T20:00:00-07:00,48,73,1667.9
2025-07-28T20:30:00-07:00,50,72,1668
2025-07-28T21:00:00-07:00,51,71,1667.9
2025-07-28T21:30:00-07:00,52,71,1668
2025-07-28T22:00:00-07:00,53,70,1667.8
2025-07-28T22:30:00-07:00,54,69,1667.9
2025-07-28T23:00:00-07:00,55,68,1667.8
2025-07-28T23:30:00-07:00,55,68,1668.1
2025-07-29T00:00:00-07:00,56,68,1668.3
2025-07-29T00:30:00-07:00,57,67,1668.5
2025-07-29T01:00:00-07:00,59,67,1668.8
2025-07-29T01:30:00-07:00,59,67,1668.9
2025-07-29T02:00:00-07:00,59,66,1668.9
2025-07-29T02:30:00-07:00,59,66,1668.7
2025-07-29T03:00:00-07:00,59,66,1669.7
2025-07-29T03:30:00-07:00,59,65,1669.5
2025-07-29T04:00:00-07:00,59,64,1669.3
2025-07-29T04:30:00-07:00,61,64,1669.1
2025-07-29T05:00:00-07:00,62,64,1669.3
2025-07-29T05:30:00-07:00,61,63,1669.1
2025-07-29T06:00:00-07:00,61,63,1669.6
2025-07-29T06:30:00-07:00,62,63,1669.4
2025-07-29T07:00:00-07:00,64,64,1668.9
2025-07-29T07:30:00-07:00,63,66,1668.2
2025-07-29T08:00:00-07:00,61,67,1668.1
2025-07-29T08:30:00-07:00,57,70,1668.5
2025-07-29T09:00:00-07:00,53,73,1668
2025-07-29T09:30:00-07:00,48,76,1667.9
2025-07-29T10:00:00-07:00,44,79,1668.5
2025-07-29T10:30:00-07:00,40,82,1667.7
2025-07-29T11:00:00-07:00,38,84,1668
2025-07-29T11:30:00-07:00,36,84,1666.7
2025-07-29T12:00:00-07:00,34,87,1541.1
2025-07-29T12:30:00-07:00,33,88,920.5
2025-07-29T13:00:00-07:00,31,89,152.2
2025-07-29T13:30:00-07:00,31,88,203.5
2025-07-29T14:00:00-07:00,32,87,363.3
2025-07-29T14:30:00-07:00,32,87,691
2025-07-29T15:00:00-07:00,30,91,151.5
2025-07-29T15:30:00-07:00,28,93,21.1
2025-07-29T16:00:00-07:00,27,94,17.1
2025-07-29T16:30:00-07:00,29,92,33.6
2025-07-29T17:00:00-07:00,29,92,40.2
2025-07-29T17:30:00-07:00,29,91,120.6
2025-07-29T18:00:00-07:00,35,84,1267.7
2025-07-29T18:30:00-07:00,45,75,1668.9
2025-07-29T19:00:00-07:00,50,71,1668.7
2025-07-29T19:30:00-07:00,53,70,1668.8
2025-07-29T20:00:00-07:00,55,69,1669.1
2025-07-29T20:30:00-07:00,56,68,1669
2025-07-29T21:00:00-07:00,56,68,1668.7
2025-07-29T21:30:00-07:00,57,67,1668.5
2025-07-29T22:00:00-07:00,58,67,1669.2
2025-07-29T22:30:00-07:00,58,66,1669.7
2025-07-29T23:00:00-07:00,58,66,1669.4
2025-07-29T23:30:00-07:00,58,67,1668.8
2025-07-30T00:00:00-07:00,58,67,1668
2025-07-30T00:30:00-07:00,58,67,1668.5
2025-07-30T01:00:00-07:00,58,67,1668.1
2025-07-30T01:30:00-07:00,57,67,1667.8
2025-07-30T02:00:00-07:00,57,66,1667.6
2025-07-30T02:30:00-07:00,57,67,1667.5
2025-07-30T03:00:00-07:00,57,67,1667.8
2025-07-30T03:30:00-07:00,57,67,1667.5
2025-07-30T04:00:00-07:00,57,67,1667.7
2025-07-30T04:30:00-07:00,57,67,1667.7
2025-07-30T05:00:00-07:00,56,67,1667.4
2025-07-30T05:30:00-07:00,55,67,1667
2025-07-30T06:00:00-07:00,56,67,1667.1
2025-07-30T06:30:00-07:00,57,67,1666.8
2025-07-30T07:00:00-07:00,56,68,1667.5
2025-07-30T07:30:00-07:00,55,68,1667.2
2025-07-30T08:00:00-07:00,54,70,1667.5
2025-07-30T08:30:00-07:00,52,71,1668.1
2025-07-30T09:00:00-07:00,49,73,1668.7
2025-07-30T09:30:00-07:00,47,74,1668
2025-07-30T10:00:00-07:00,45,75,1667.2
2025-07-30T10:30:00-07:00,42,78,1666.9
2025-07-30T11:00:00-07:00,41,80,1667.1
2025-07-30T11:30:00-07:00,39,81,1667.5
2025-07-30T12:00:00-07:00,38,82,1667.4
2025-07-30T12:30:00-07:00,38,83,1666.7
2025-07-30T13:00:00-07:00,39,82,1666.6
2025-07-30T13:30:00-07:00,38,82,1667.6
2025-07-30T14:00:00-07:00,38,82,1666.2
2025-07-30T14:30:00-07:00,38,82,1666.6
2025-07-30T15:00:00-07:00,35,85,1528.5
2025-07-30T15:30:00-07:00,32,88,449.5
2025-07-30T16:00:00-07:00,31,89,179.1
2025-07-30T16:30:00-07:00,30,90,86.2
2025-07-30T17:00:00-07:00,30,90,138.6
2025-07-30T17:30:00-07:00,30,89,213.1
2025-07-30T18:00:00-07:00,36,82,1308.1
2025-07-30T18:30:00-07:00,45,74,1668.2
2025-07-30T19:00:00-07:00,50,72,1668.5
2025-07-30T19:30:00-07:00,51,71,1668.2
2025-07-30T20:00:00-07:00,53,70,1668.1
2025-07-30T20:30:00-07:00,55,69,1668.3
2025-07-30T21:00:00-07:00,56,69,1668.4
2025-07-30T21:30:00-07:00,56,69,1668.2
2025-07-30T22:00:00-07:00,57,69,1668.1
2025-07-30T22:30:00-07:00,56,68,1668
2025-07-30T23:00:00-07:00,56,69,1667.7
2025-07-30T23:30:00-07:00,56,69,1667.5
2025-07-31T00:00:00-07:00,55,69,1667.3
2025-07-31T00:30:00-07:00,56,69,1666.9
2025-07-31T01:00:00-07:00,56,69,1667.6
2025-07-31T01:30:00-07:00,56,68,1666.6
2025-07-31T02:00:00-07:00,57,68,1667
2025-07-31T02:30:00-07:00,57,68,1666.8
2025-07-31T03:00:00-07:00,56,68,1666.3
2025-07-31T03:30:00-07:00,55,69,1666
2025-07-31T04:00:00-07:00,56,68,1666.4
2025-07-31T04:30:00-07:00,56,68,1666.1
2025-07-31T05:00:00-07:00,55,68,1666.7
2025-07-31T05:30:00-07:00,56,68,1667.1
2025-07-31T06:00:00-07:00,56,68,1667.4
2025-07-31T06:30:00-07:00,56,68,1669.2
2025-07-31T07:00:00-07:00,56,69,1670.3
2025-07-31T07:30:00-07:00,55,70,1671.5
2025-07-31T08:00:00-07:00,53,71,1670.6
2025-07-31T08:30:00-07:00,52,71,1670.5
2025-07-31T09:00:00-07:00,50,73,1670.9
2025-07-31T09:30:00-07:00,48,75,1671.1
2025-07-31T10:00:00-07:00,45,78,1669.6
2025-07-31T10:30:00-07:00,41,80,1669.4
2025-07-31T11:00:00-07:00,38,83,1669.2
2025-07-31T11:30:00-07:00,36,86,1647.6
2025-07-31T12:00:00-07:00,34,88,1010.7
2025-07-31T12:30:00-07:00,33,89,261.5
2025-07-31T13:00:00-07:00,32,91,73.3
2025-07-31T13:30:00-07:00,32,91,59.4
2025-07-31T14:00:00-07:00,32,91,55.2
2025-07-31T14:30:00-07:00,31,92,41.7
2025-07-31T15:00:00-07:00,28,96,13.6
2025-07-31T15:30:00-07:00,25,99,5.1
2025-07-31T16:00:00-07:00,24,101,859.5
2025-07-31T16:30:00-07:00,23,102,1667.7
2025-07-31T17:00:00-07:00,25,98,1666.6
2025-07-31T17:30:00-07:00,27,95,1667.9
2025-07-31T18:00:00-07:00,32,86,1668.2
2025-07-31T18:30:00-07:00,44,76,1667.8
2025-07-31T19:00:00-07:00,49,72,1667.8
2025-07-31T19:30:00-07:00,53,69,1667.3
2025-07-31T20:00:00-07:00,55,68,1667.6
2025-07-31T20:30:00-07:00,57,68,1667.6
2025-07-31T21:00:00-07:00,57,67,1668
2025-07-31T21:30:00-07:00,58,68,1667.6
2025-07-31T22:00:00-07:00,56,69,1667.1
2025-07-31T22:30:00-07:00,56,69,1667.3
2025-07-31T23:00:00-07:00,55,69,1667.1
2025-07-31T23:30:00-07:00,55,69,1666.9
2025-08-01T00:00:00-07:00,55,69,1666.5
2025-08-01T00:30:00-07:00,56,69,1666.5
2025-08-01T01:00:00-07:00,56,68,1666.3
2025-08-01T01:30:00-07:00,57,67,1666.6
2025-08-01T02:00:00-07:00,57,67,1666.1
2025-08-01T02:30:00-07:00,57,68,1666.3
2025-08-01T03:00:00-07:00,57,68,1665.9
2025-08-01T03:30:00-07:00,57,68,1666.2
2025-08-01T04:00:00-07:00,56,68,1666
2025-08-01T04:30:00-07:00,56,67,1665.8
2025-08-01T05:00:00-07:00,57,67,1666
2025-08-01T05:30:00-07:00,57,67,1666.1
2025-08-01T06:00:00-07:00,57,67,1665.9
2025-08-01T06:30:00-07:00,56,68,1666.1
2025-08-01T07:00:00-07:00,55,68,1666.1
2025-08-01T07:30:00-07:00,55,69,1666.5
2025-08-01T08:00:00-07:00,53,70,1666.7
2025-08-01T08:30:00-07:00,50,73,1666.5
2025-08-01T09:00:00-07:00,48,75,1667.5
2025-08-01T09:30:00-07:00,45,77,1668.4
2025-08-01T10:00:00-07:00,43,79,1667.8
2025-08-01T10:30:00-07:00,41,80,1667.9
2025-08-01T11:00:00-07:00,39,82,1667.6
2025-08-01T11:30:00-07:00,38,83,1667.4
2025-08-01T12:00:00-07:00,37,84,1666.8
2025-08-01T12:30:00-07:00,36,84,1666.7
2025-08-01T13:00:00-07:00,36,83,1666.3
2025-08-01T13:30:00-07:00,36,84,1666.8
2025-08-01T14:00:00-07:00,35,84,1667
2025-08-01T14:30:00-07:00,35,84,1666.8
2025-08-01T15:00:00-07:00,33,86,1666.7
2025-08-01T15:30:00-07:00,30,89,1666.3
2025-08-01T16:00:00-07:00,28,92,1666.6
2025-08-01T16:30:00-07:00,29,91,1665.8
2025-08-01T17:00:00-07:00,30,88,1666.7
2025-08-01T17:30:00-07:00,31,87,1666.7
2025-08-01T18:00:00-07:00,35,82,1667.5
2025-08-01T18:30:00-07:00,45,74,1668.2
2025-08-01T19:00:00-07:00,49,71,1667.8
2025-08-01T19:30:00-07:00,52,69,1668.1
2025-08-01T20:00:00-07:00,55,68,1668.4
2025-08-01T20:30:00-07:00,55,67,1668.4
2025-08-01T21:00:00-07:00,56,67,1668.3
2025-08-01T21:30:00-07:00,55,68,1668.1
2025-08-01T22:00:00-07:00,55,68,1668.5
2025-08-01T22:30:00-07:00,55,68,1668.4
2025-08-01T23:00:00-07:00,55,67,1668.1
2025-08-01T23:30:00-07:00,56,68,1667.9
2025-08-02T00:00:00-07:00,57,67,1668.9
2025-08-02T00:30:00-07:00,59,66,1668.5
2025-08-02T01:00:00-07:00,58,66,1668
2025-08-02T01:30:00-07:00,58,66,1667.8
2025-08-02T02:00:00-07:00,59,65,1667.6
2025-08-02T02:30:00-07:00,60,65,1667.3
2025-08-02T03:00:00-07:00,60,66,1667.3
2025-08-02T03:30:00-07:00,59,66,1667.1
2025-08-02T04:00:00-07:00,59,65,1666.9
2025-08-02T04:30:00-07:00,59,65,1666.2
2025-08-02T05:00:00-07:00,59,65,1666.2
2025-08-02T05:30:00-07:00,59,65,1666.5
2025-08-02T06:00:00-07:00,59,65,1666.2
2025-08-02T06:30:00-07:00,58,65,1666.4
2025-08-02T07:00:00-07:00,57,66,1666.4
2025-08-02T07:30:00-07:00,56,67,1666.3
2025-08-02T08:00:00-07:00,54,68,1666.2
2025-08-02T08:30:00-07:00,53,69,1666.4
2025-08-02T09:00:00-07:00,52,70,1666.8
2025-08-02T09:30:00-07:00,50,72,1667.1
2025-08-02T10:00:00-07:00,45,75,1666.8
2025-08-02T10:30:00-07:00,43,77,1666.4
2025-08-02T11:00:00-07:00,40,80,1666.5
2025-08-02T11:30:00-07:00,39,81,1666.6
2025-08-02T12:00:00-07:00,38,82,1666.5
2025-08-02T12:30:00-07:00,37,83,1666.7
2025-08-02T13:00:00-07:00,36,84,1666.4
2025-08-02T13:30:00-07:00,35,83,1666.8
2025-08-02T14:00:00-07:00,36,83,1666.7
2025-08-02T14:30:00-07:00,36,82,1665.9
2025-08-02T15:00:00-07:00,32,86,1666.3
2025-08-02T15:30:00-07:00,29,91,1666.3
2025-08-02T16:00:00-07:00,26,95,1666.3
2025-08-02T16:30:00-07:00,25,95,1666.6
2025-08-02T17:00:00-07:00,25,96,1666.3
2025-08-02T17:30:00-07:00,25,96,1666.5
2025-08-02T18:00:00-07:00,29,91,1667.1
2025-08-02T18:30:00-07:00,39,79,1667.3
2025-08-02T19:00:00-07:00,45,74,1666.9
2025-08-02T19:30:00-07:00,50,71,1666.8
2025-08-02T20:00:00-07:00,54,69,1667.3
2025-08-02T20:30:00-07:00,56,68,1667.8
2025-08-02T21:00:00-07:00,58,67,1667.9
2025-08-02T21:30:00-07:00,58,66,1668.4
2025-08-02T22:00:00-07:00,58,66,1668.2
2025-08-02T22:30:00-07:00,58,66,1668.4
2025-08-02T23:00:00-07:00,58,66,1668.5
2025-08-02T23:30:00-07:00,58,65,1668.5
2025-08-03T00:00:00-07:00,58,65,1668.5
2025-08-03T00:30:00-07:00,59,64,1668.5
2025-08-03T01:00:00-07:00,59,64,1667.9
2025-08-03T01:30:00-07:00,61,64,1668.7
2025-08-03T02:00:00-07:00,61,64,1668.9
2025-08-03T02:30:00-07:00,59,64,1668.7
2025-08-03T03:00:00-07:00,60,63,1669
2025-08-03T03:30:00-07:00,60,63,1668.7
2025-08-03T04:00:00-07:00,60,63,1668.3
2025-08-03T04:30:00-07:00,60,63,1668.7
2025-08-03T05:00:00-07:00,59,64,1668.7
2025-08-03T05:30:00-07:00,59,63,1668.6
2025-08-03T06:00:00-07:00,60,63,1669.1
2025-08-03T06:30:00-07:00,60,63,1668.4
2025-08-03T07:00:00-07:00,61,64,1669
2025-08-03T07:30:00-07:00,62,65,1668.6
2025-08-03T08:00:00-07:00,58,67,1669.3
2025-08-03T08:30:00-07:00,55,69,1668.7
2025-08-03T09:00:00-07:00,51,71,1668.2
2025-08-03T09:30:00-07:00,46,74,1668.5
2025-08-03T10:00:00-07:00,42,78,1668.2
2025-08-03T10:30:00-07:00,40,80,1668.3
2025-08-03T11:00:00-07:00,39,81,1668.9
2025-08-03T11:30:00-07:00,37,82,1668.5
2025-08-03T12:00:00-07:00,35,83,1668.4
2025-08-03T12:30:00-07:00,34,83,1668.1
2025-08-03T13:00:00-07:00,34,83,1668.2
2025-08-03T13:30:00-07:00,34,82,1668.5
2025-08-03T14:00:00-07:00,35,81,1668.5
2025-08-03T14:30:00-07:00,36,80,1668.5
2025-08-03T15:00:00-07:00,32,84,1668.2
2025-08-03T15:30:00-07:00,28,89,1668.2
2025-08-03T16:00:00-07:00,26,92,1668
2025-08-03T16:30:00-07:00,24,94,1667.9
2025-08-03T17:00:00-07:00,24,94,1667.5
2025-08-03T17:30:00-07:00,24,93,1667.4
2025-08-03T18:00:00-07:00,28,87,1668.1
2025-08-03T18:30:00-07:00,37,77,1668.7
2025-08-03T19:00:00-07:00,42,73,1668.6
2025-08-03T19:30:00-07:00,46,70,1668.8
2025-08-03T20:00:00-07:00,49,68,1668.4
2025-08-03T20:30:00-07:00,51,67,1669.4
2025-08-03T21:00:00-07:00,52,67,1669.1
2025-08-03T21:30:00-07:00,53,66,1668.8
2025-08-03T22:00:00-07:00,53,66,1669.1
2025-08-03T22:30:00-07:00,54,66,1668.9
2025-08-03T23:00:00-07:00,55,65,1669.7
2025-08-03T23:30:00-07:00,56,65,1668.6
2025-08-04T00:00:00-07:00,55,65,1668.9
2025-08-04T00:30:00-07:00,53,65,1668.8
2025-08-04T01:00:00-07:00,53,64,1669.1
2025-08-04T01:30:00-07:00,54,63,1668.9
2025-08-04T02:00:00-07:00,55,63,1669
2025-08-04T02:30:00-07:00,55,62,1669
2025-08-04T03:00:00-07:00,56,62,1669.1
2025-08-04T03:30:00-07:00,56,61,1668.9
2025-08-04T04:00:00-07:00,57,61,1668.6
2025-08-04T04:30:00-07:00,57,61,1668.5
2025-08-04T05:00:00-07:00,57,60,1668.6
2025-08-04T05:30:00-07:00,57,60,1668.3
2025-08-04T06:00:00-07:00,58,60,1668.6
2025-08-04T06:30:00-07:00,58,60,1668.2
2025-08-04T07:00:00-07:00,56,62,1668.3
2025-08-04T07:30:00-07:00,55,64,1668.2
2025-08-04T08:00:00-07:00,52,65,1668
2025-08-04T08:30:00-07:00,50,67,1668
2025-08-04T09:00:00-07:00,46,70,1667.9
2025-08-04T09:30:00-07:00,43,72,1667.9
2025-08-04T10:00:00-07:00,40,75,1667.9
2025-08-04T10:30:00-07:00,39,77,1668.3
2025-08-04T11:00:00-07:00,37,78,1667.9
2025-08-04T11:30:00-07:00,37,79,1668.2
2025-08-04T12:00:00-07:00,35,80,1667.8
2025-08-04T12:30:00-07:00,35,81,1667.8
2025-08-04T13:00:00-07:00,35,82,1668
2025-08-04T13:30:00-07:00,32,84,1668.2
2025-08-04T14:00:00-07:00,32,84,1667.9
2025-08-04T14:30:00-07:00,31,85,1668
2025-08-04T15:00:00-07:00,28,88,1667.2
2025-08-04T15:30:00-07:00,25,93,1667.4
2025-08-04T16:00:00-07:00,23,95,1666.7
2025-08-04T16:30:00-07:00,23,94,1667.6
2025-08-04T17:00:00-07:00,24,93,1667.2
2025-08-04T17:30:00-07:00,24,92,1667
2025-08-04T18:00:00-07:00,26,88,1667.9
2025-08-04T18:30:00-07:00,34,78,1668.1
2025-08-04T19:00:00-07:00,38,74,1667.7
2025-08-04T19:30:00-07:00,40,72,1667.2
2025-08-04T20:00:00-07:00,43,70,1668.2
2025-08-04T20:30:00-07:00,44,69,1667.8
2025-08-04T21:00:00-07:00,45,69,1668.3
2025-08-04T21:30:00-07:00,46,68,1667.2
2025-08-04T22:00:00-07:00,47,68,1668
2025-08-04T22:30:00-07:00,49,67,1668.4
2025-08-04T23:00:00-07:00,51,66,1668.3
2025-08-04T23:30:00-07:00,52,65,1668.2
2025-08-05T00:00:00-07:00,53,65,1668.8
2025-08-05T00:30:00-07:00,53,64,1668.7
2025-08-05T01:00:00-07:00,54,64,1668.3
2025-08-05T01:30:00-07:00,54,63,1668.5
2025-08-05T02:00:00-07:00,55,62,1669
2025-08-05T02:30:00-07:00,55,61,1668.7
2025-08-05T03:00:00-07:00,56,62,1668.2
2025-08-05T03:30:00-07:00,58,62,1669.2
2025-08-05T04:00:00-07:00,60,62,1668.2
2025-08-05T04:30:00-07:00,59,62,1668.8
2025-08-05T05:00:00-07:00,59,61,1669.1
2025-08-05T05:30:00-07:00,59,61,1668.6
2025-08-05T06:00:00-07:00,59,60,1669.1
2025-08-05T06:30:00-07:00,60,60,1669.1
2025-08-05T07:00:00-07:00,62,61,1669
2025-08-05T07:30:00-07:00,61,64,1668.5
2025-08-05T08:00:00-07:00,56,66,1668
2025-08-05T08:30:00-07:00,53,68,1668.2
2025-08-05T09:00:00-07:00,49,71,1667.9
2025-08-05T09:30:00-07:00,44,74,1667.9
2025-08-05T10:00:00-07:00,41,77,1667.3
2025-08-05T10:30:00-07:00,37,79,1667.8
2025-08-05T11:00:00-07:00,36,81,1667.7
2025-08-05T11:30:00-07:00,35,82,1668.3
2025-08-05T12:00:00-07:00,34,83,1668.2
2025-08-05T12:30:00-07:00,32,85,1668
2025-08-05T13:00:00-07:00,31,86,1667.9
2025-08-05T13:30:00-07:00,30,86,1667.6
2025-08-05T14:00:00-07:00,30,86,1667.8
2025-08-05T14:30:00-07:00,29,86,1667.7
2025-08-05T15:00:00-07:00,27,89,1667.6
2025-08-05T15:30:00-07:00,23,93,1667.9
2025-08-05T16:00:00-07:00,22,94,1666.8
2025-08-05T16:30:00-07:00,23,96,1666.3
2025-08-05T17:00:00-07:00,23,96,1667.8
2025-08-05T17:30:00-07:00,23,94,1667.5
2025-08-05T18:00:00-07:00,28,89,1668.1
2025-08-05T18:30:00-07:00,39,79,1668.6
2025-08-05T19:00:00-07:00,44,75,1669
2025-08-05T19:30:00-07:00,47,73,1668.9
2025-08-05T20:00:00-07:00,50,71,1668.7
2025-08-05T20:30:00-07:00,51,70,1668.9
2025-08-05T21:00:00-07:00,52,69,1668.8
2025-08-05T21:30:00-07:00,53,69,1668.8
2025-08-05T22:00:00-07:00,54,68,1669
2025-08-05T22:30:00-07:00,55,67,1668.9
2025-08-05T23:00:00-07:00,55,67,1668.9
2025-08-05T23:30:00-07:00,54,67,1668.8
2025-08-06T00:00:00-07:00,55,67,1668.5
2025-08-06T00:30:00-07:00,55,66,1668.6
2025-08-06T01:00:00-07:00,55,66,1668.9
2025-08-06T01:30:00-07:00,55,66,1668.9
2025-08-06T02:00:00-07:00,56,65,1669
2025-08-06T02:30:00-07:00,56,64,1669.1
2025-08-06T03:00:00-07:00,56,64,1668.8
2025-08-06T03:30:00-07:00,56,63,1668.5
2025-08-06T04:00:00-07:00,56,63,1668.8
2025-08-06T04:30:00-07:00,56,62,1668.9
2025-08-06T05:00:00-07:00,56,62,1668.5
2025-08-06T05:30:00-07:00,57,61,1669
2025-08-06T06:00:00-07:00,57,61,1668.9
2025-08-06T06:30:00-07:00,58,61,1669.1
2025-08-06T07:00:00-07:00,57,62,1669.3
2025-08-06T07:30:00-07:00,59,64,1670.1
2025-08-06T08:00:00-07:00,58,67,1669
2025-08-06T08:30:00-07:00,54,70,1669.2
2025-08-06T09:00:00-07:00,49,73,1669
2025-08-06T09:30:00-07:00,44,77,1668.8
2025-08-06T10:00:00-07:00,39,80,1668.5
2025-08-06T10:30:00-07:00,36,84,1668.5
2025-08-06T11:00:00-07:00,34,86,1668.9
2025-08-06T11:30:00-07:00,32,88,1668.6
2025-08-06T12:00:00-07:00,30,90,1667.8
2025-08-06T12:30:00-07:00,27,91,1667.9
2025-08-06T13:00:00-07:00,23,94,1667.8
2025-08-06T13:30:00-07:00,21,96,1658.8
2025-08-06T14:00:00-07:00,22,96,1657.8
2025-08-06T14:30:00-07:00,23,96,1668.1
2025-08-06T15:00:00-07:00,21,100,1659
2025-08-06T15:30:00-07:00,18,104,471.2
2025-08-06T16:00:00-07:00,17,106,61.7
2025-08-06T16:30:00-07:00,18,108,397.1
2025-08-06T17:00:00-07:00,18,108,885.7
2025-08-06T17:30:00-07:00,18,107,377.7
2025-08-06T18:00:00-07:00,23,101,1662.5
2025-08-06T18:30:00-07:00,32,89,1668.5
2025-08-06T19:00:00-07:00,36,84,1668.3
2025-08-06T19:30:00-07:00,40,80,1668.3
2025-08-06T20:00:00-07:00,43,78,1668.3
2025-08-06T20:30:00-07:00,46,77,1668.1
2025-08-06T21:00:00-07:00,47,75,1668
2025-08-06T21:30:00-07:00,49,74,1667.8
2025-08-06T22:00:00-07:00,50,73,1667.7
2025-08-06T22:30:00-07:00,51,72,1667.9
2025-08-06T23:00:00-07:00,53,71,1667.7
2025-08-06T23:30:00-07:00,53,71,1667.4
2025-08-07T00:00:00-07:00,54,70,1667.9
2025-08-07T00:30:00-07:00,55,70,1667.7
2025-08-07T01:00:00-07:00,56,69,1668.2
2025-08-07T01:30:00-07:00,57,69,1668.1
2025-08-07T02:00:00-07:00,58,69,1667.6
2025-08-07T02:30:00-07:00,58,69,1667.5
2025-08-07T03:00:00-07:00,58,68,1667.5
2025-08-07T03:30:00-07:00,60,68,1668.2
2025-08-07T04:00:00-07:00,60,67,1667.8
2025-08-07T04:30:00-07:00,59,67,1668.2
2025-08-07T05:00:00-07:00,60,67,1668.4
2025-08-07T05:30:00-07:00,61,66,1667.4
2025-08-07T06:00:00-07:00,60,66,1667.2
2025-08-07T06:30:00-07:00,61,66,1667.7
2025-08-07T07:00:00-07:00,63,67,1668
2025-08-07T07:30:00-07:00,62,68,1667.8
2025-08-07T08:00:00-07:00,59,70,1667.7
2025-08-07T08:30:00-07:00,56,71,1667
2025-08-07T09:00:00-07:00,51,74,1666.1
2025-08-07T09:30:00-07:00,47,77,1666
2025-08-07T10:00:00-07:00,43,79,1666.3
2025-08-07T10:30:00-07:00,39,82,1665.8
2025-08-07T11:00:00-07:00,36,84,1665.6
2025-08-07T11:30:00-07:00,35,86,1666.2
2025-08-07T12:00:00-07:00,33,88,1666
2025-08-07T12:30:00-07:00,32,91,1665.8
2025-08-07T13:00:00-07:00,30,91,1666.2
2025-08-07T13:30:00-07:00,29,93,1666.1
2025-08-07T14:00:00-07:00,28,94,1666.7
2025-08-07T14:30:00-07:00,28,94,1666.4
2025-08-07T15:00:00-07:00,27,96,1666.3
2025-08-07T15:30:00-07:00,24,101,1666.4
2025-08-07T16:00:00-07:00,22,102,1666.8
2025-08-07T16:30:00-07:00,21,102,1666.4
2025-08-07T17:00:00-07:00,22,103,1666.7
2025-08-07T17:30:00-07:00,23,102,1666.9
2025-08-07T18:00:00-07:00,26,95,1667.2
2025-08-07T18:30:00-07:00,35,85,1667.5
2025-08-07T19:00:00-07:00,40,80,1667.2
2025-08-07T19:30:00-07:00,46,77,1667.5
2025-08-07T20:00:00-07:00,49,74,1667.5
2025-08-07T20:30:00-07:00,50,73,1668.3
2025-08-07T21:00:00-07:00,53,71,1669.3
2025-08-07T21:30:00-07:00,54,70,1669.1
2025-08-07T22:00:00-07:00,55,69,1669.4
2025-08-07T22:30:00-07:00,55,69,1669.4
2025-08-07T23:00:00-07:00,55,69,1669.3
2025-08-07T23:30:00-07:00,55,68,1669.7
2025-08-08T00:00:00-07:00,56,68,1669.6
2025-08-08T00:30:00-07:00,57,67,1669.5
2025-08-08T01:00:00-07:00,58,67,1669.3
2025-08-08T01:30:00-07:00,58,66,1669.3
2025-08-08T02:00:00-07:00,58,66,1669.4
2025-08-08T02:30:00-07:00,58,65,1669.2
2025-08-08T03:00:00-07:00,58,65,1669.3
2025-08-08T03:30:00-07:00,58,64,1669.5
2025-08-08T04:00:00-07:00,58,64,1669.6
2025-08-08T04:30:00-07:00,58,64,1669.4
2025-08-08T05:00:00-07:00,59,63,1669.3
2025-08-08T05:30:00-07:00,59,63,1669.3
2025-08-08T06:00:00-07:00,60,63,1669.9
2025-08-08T06:30:00-07:00,60,63,1669.9
2025-08-08T07:00:00-07:00,61,64,1669.8
2025-08-08T07:30:00-07:00,62,65,1670.2
2025-08-08T08:00:00-07:00,60,67,1670
2025-08-08T08:30:00-07:00,57,70,1670
2025-08-08T09:00:00-07:00,52,73,1669.9
2025-08-08T09:30:00-07:00,48,77,1668.9
2025-08-08T10:00:00-07:00,44,80,1669.4
2025-08-08T10:30:00-07:00,40,83,1669.6
2025-08-08T11:00:00-07:00,38,86,1669.7
2025-08-08T11:30:00-07:00,35,89,1669.5
2025-08-08T12:00:00-07:00,33,91,1669.7
2025-08-08T12:30:00-07:00,30,94,1669
2025-08-08T13:00:00-07:00,29,96,1669.3
2025-08-08T13:30:00-07:00,28,97,1669.4
2025-08-08T14:00:00-07:00,25,98,1668.2
2025-08-08T14:30:00-07:00,25,98,1667.8
2025-08-08T15:00:00-07:00,23,102,1667.7
2025-08-08T15:30:00-07:00,20,106,1667.8
2025-08-08T16:00:00-07:00,20,109,1662.2
2025-08-08T16:30:00-07:00,18,111,1641.2
2025-08-08T17:00:00-07:00,17,111,1582
2025-08-08T17:30:00-07:00,17,110,1639.6
2025-08-08T18:00:00-07:00,20,107,1662.7
2025-08-08T18:30:00-07:00,27,96,1669.6
2025-08-08T19:00:00-07:00,31,91,1669.6
2025-08-08T19:30:00-07:00,35,88,1669.4
2025-08-08T20:00:00-07:00,37,84,1669.1
2025-08-08T20:30:00-07:00,38,81,1669.1
2025-08-08T21:00:00-07:00,39,79,1670
2025-08-08T21:30:00-07:00,41,77,1669.4
2025-08-08T22:00:00-07:00,41,77,1668.9
2025-08-08T22:30:00-07:00,42,76,1669.5
2025-08-08T23:00:00-07:00,45,75,1669.6
2025-08-08T23:30:00-07:00,47,74,1669.8
2025-08-09T00:00:00-07:00,48,73,1669.8
2025-08-09T00:30:00-07:00,49,72,1669.6
2025-08-09T01:00:00-07:00,49,72,1669.9
2025-08-09T01:30:00-07:00,50,72,1669.9
2025-08-09T02:00:00-07:00,50,71,1670.1
2025-08-09T02:30:00-07:00,51,70,1669.8
2025-08-09T03:00:00-07:00,52,69,1670.8
2025-08-09T03:30:00-07:00,53,69,1670.7
2025-08-09T04:00:00-07:00,55,68,1670.7
2025-08-09T04:30:00-07:00,55,68,1670.2
2025-08-09T05:00:00-07:00,56,68,1670.3
2025-08-09T05:30:00-07:00,57,67,1670.3
2025-08-09T06:00:00-07:00,58,67,1670.1
2025-08-09T06:30:00-07:00,58,66,1669.6
2025-08-09T07:00:00-07:00,58,67,1669.8
2025-08-09T07:30:00-07:00,58,67,1669.8
2025-08-09T08:00:00-07:00,57,69,1669.8
2025-08-09T08:30:00-07:00,54,71,1670.9
2025-08-09T09:00:00-07:00,50,74,1670.1
2025-08-09T09:30:00-07:00,46,78,1670.3
2025-08-09T10:00:00-07:00,43,80,1670
2025-08-09T10:30:00-07:00,42,82,1669.6
2025-08-09T11:00:00-07:00,39,85,1669.4
2025-08-09T11:30:00-07:00,37,87,1668.7
2025-08-09T12:00:00-07:00,35,89,1669.2
2025-08-09T12:30:00-07:00,33,91,1669.9
2025-08-09T13:00:00-07:00,31,93,1670
2025-08-09T13:30:00-07:00,30,95,1669.7
2025-08-09T14:00:00-07:00,29,95,1669
2025-08-09T14:30:00-07:00,27,96,1668.7
2025-08-09T15:00:00-07:00,24,100,1668.3
2025-08-09T15:30:00-07:00,20,105,1667.1
2025-08-09T16:00:00-07:00,19,108,1657.9
2025-08-09T16:30:00-07:00,17,109,1438.3
2025-08-09T17:00:00-07:00,17,108,1618.3
2025-08-09T17:30:00-07:00,16,108,1363.9
2025-08-09T18:00:00-07:00,18,103,1488.5
2025-08-09T18:30:00-07:00,25,93,1669.1
2025-08-09T19:00:00-07:00,30,87,1668.9
2025-08-09T19:30:00-07:00,35,83,1670.8
2025-08-09T20:00:00-07:00,39,79,1670
2025-08-09T20:30:00-07:00,43,76,1670.6
2025-08-09T21:00:00-07:00,47,73,1670.1
2025-08-09T21:30:00-07:00,50,71,1670.4
2025-08-09T22:00:00-07:00,52,70,1670.3
2025-08-09T22:30:00-07:00,53,70,1670.4
2025-08-09T23:00:00-07:00,53,69,1669.7
2025-08-09T23:30:00-07:00,54,69,1669.9
2025-08-10T00:00:00-07:00,55,68,1670.2
2025-08-10T00:30:00-07:00,55,68,1671.2
2025-08-10T01:00:00-07:00,55,68,1675.4
2025-08-10T01:30:00-07:00,56,68,1676.2
2025-08-10T02:00:00-07:00,57,67,1672.3
2025-08-10T02:30:00-07:00,57,67,1670.3
2025-08-10T03:00:00-07:00,58,67,1670.4
2025-08-10T03:30:00-07:00,58,66,1670.4
2025-08-10T04:00:00-07:00,59,66,1669.7
2025-08-10T04:30:00-07:00,59,66,1669.7
2025-08-10T05:00:00-07:00,60,66,1670.3
2025-08-10T05:30:00-07:00,61,66,1671.9
2025-08-10T06:00:00-07:00,61,66,1672.9
2025-08-10T06:30:00-07:00,61,67,1673.1
2025-08-10T07:00:00-07:00,60,68,1672.8
2025-08-10T07:30:00-07:00,59,68,1673.4
2025-08-10T08:00:00-07:00,58,69,1674.1
2025-08-10T08:30:00-07:00,55,71,1673
2025-08-10T09:00:00-07:00,52,73,1671.5
2025-08-10T09:30:00-07:00,49,75,1671.7
2025-08-10T10:00:00-07:00,46,78,1671.5
2025-08-10T10:30:00-07:00,43,80,1669.5
2025-08-10T11:00:00-07:00,41,81,1668.5
2025-08-10T11:30:00-07:00,40,83,1667.9
2025-08-10T12:00:00-07:00,37,86,1668.9
2025-08-10T12:30:00-07:00,35,88,1668.9
2025-08-10T13:00:00-07:00,34,89,1668.9
2025-08-10T13:30:00-07:00,33,90,1668.3
2025-08-10T14:00:00-07:00,32,91,1668
2025-08-10T14:30:00-07:00,31,91,1668.2
2025-08-10T15:00:00-07:00,29,94,1668.1
2025-08-10T15:30:00-07:00,25,98,1667.8
2025-08-10T16:00:00-07:00,24,100,1668
2025-08-10T16:30:00-07:00,24,101,1668
2025-08-10T17:00:00-07:00,23,101,1667.9
2025-08-10T17:30:00-07:00,23,101,1667.6
2025-08-10T18:00:00-07:00,26,96,1668.2
2025-08-10T18:30:00-07:00,34,87,1668.4
2025-08-10T19:00:00-07:00,40,81,1668.4
2025-08-10T19:30:00-07:00,45,77,1668.6
2025-08-10T20:00:00-07:00,48,75,1668.2
2025-08-10T20:30:00-07:00,50,73,1667.8
2025-08-10T21:00:00-07:00,52,71,1668.5
2025-08-10T21:30:00-07:00,53,71,1668.5
2025-08-10T22:00:00-07:00,55,69,1668.3
2025-08-10T22:30:00-07:00,58,68,1668.4
2025-08-10T23:00:00-07:00,58,68,1668.2
2025-08-10T23:30:00-07:00,59,68,1668.5
2025-08-11T00:00:00-07:00,58,68,1668.4
2025-08-11T00:30:00-07:00,58,68,1669.1
2025-08-11T01:00:00-07:00,58,68,1669.5
2025-08-11T01:30:00-07:00,58,68,1669.4
2025-08-11T02:00:00-07:00,58,68,1669.2
2025-08-11T02:30:00-07:00,57,69,1669.4
2025-08-11T03:00:00-07:00,57,68,1669.2
2025-08-11T03:30:00-07:00,57,69,1669.4
2025-08-11T04:00:00-07:00,57,69,1669.7
2025-08-11T04:30:00-07:00,57,69,1669.1
2025-08-11T05:00:00-07:00,56,69,1669
2025-08-11T05:30:00-07:00,57,69,1669.3
2025-08-11T06:00:00-07:00,56,69,1669.1
2025-08-11T06:30:00-07:00,56,68,1669.8
2025-08-11T07:00:00-07:00,55,69,1669.8
2025-08-11T07:30:00-07:00,55,70,1669.5
2025-08-11T08:00:00-07:00,53,71,1669.3
2025-08-11T08:30:00-07:00,51,72,1669.6
2025-08-11T09:00:00-07:00,50,72,1669.6
2025-08-11T09:30:00-07:00,47,75,1669.1
2025-08-11T10:00:00-07:00,44,78,1669.7
2025-08-11T10:30:00-07:00,42,80,1669.5
2025-08-11T11:00:00-07:00,40,81,1669.8
2025-08-11T11:30:00-07:00,38,83,1670.7
2025-08-11T12:00:00-07:00,37,85,1670.8
2025-08-11T12:30:00-07:00,36,85,1670.1
2025-08-11T13:00:00-07:00,34,86,1669.7
2025-08-11T13:30:00-07:00,33,87,1668.6
2025-08-11T14:00:00-07:00,31,87,1666.7
2025-08-11T14:30:00-07:00,31,87,1666.3
2025-08-11T15:00:00-07:00,29,89,1666.1
2025-08-11T15:30:00-07:00,27,93,1665.9
2025-08-11T16:00:00-07:00,25,95,1666.1
2025-08-11T16:30:00-07:00,25,96,1667
2025-08-11T17:00:00-07:00,25,95,1667.1
2025-08-11T17:30:00-07:00,25,95,1667.1
2025-08-11T18:00:00-07:00,27,91,1667.9
2025-08-11T18:30:00-07:00,36,81,1668.5
2025-08-11T19:00:00-07:00,44,76,1668.6
2025-08-11T19:30:00-07:00,49,73,1669
2025-08-11T20:00:00-07:00,53,70,1668.8
2025-08-11T20:30:00-07:00,55,69,1669
2025-08-11T21:00:00-07:00,56,68,1669.1
2025-08-11T21:30:00-07:00,58,67,1668.7
2025-08-11T22:00:00-07:00,58,66,1669.1
2025-08-11T22:30:00-07:00,58,66,1669
2025-08-11T23:00:00-07:00,57,67,1668.6
2025-08-11T23:30:00-07:00,57,67,1668.8
2025-08-12T00:00:00-07:00,58,67,1668.8
2025-08-12T00:30:00-07:00,58,67,1669.1
2025-08-12T01:00:00-07:00,58,66,1668.9
2025-08-12T01:30:00-07:00,57,67,1669.1
2025-08-12T02:00:00-07:00,57,67,1669
2025-08-12T02:30:00-07:00,57,68,1668.7
2025-08-12T03:00:00-07:00,58,67,1669.1
2025-08-12T03:30:00-07:00,57,67,1669.7
2025-08-12T04:00:00-07:00,58,67,1669.7
2025-08-12T04:30:00-07:00,58,67,1668.7
2025-08-12T05:00:00-07:00,57,67,1669.2
2025-08-12T05:30:00-07:00,58,66,1668.9
2025-08-12T06:00:00-07:00,57,66,1668.7
2025-08-12T06:30:00-07:00,57,67,1669
2025-08-12T07:00:00-07:00,55,67,1669
2025-08-12T07:30:00-07:00,55,68,1669
2025-08-12T08:00:00-07:00,54,69,1669.2
2025-08-12T08:30:00-07:00,54,69,1670.6
2025-08-12T09:00:00-07:00,53,70,1670.3
2025-08-12T09:30:00-07:00,51,72,1670.4
2025-08-12T10:00:00-07:00,48,73,1670
2025-08-12T10:30:00-07:00,45,76,1669.1
2025-08-12T11:00:00-07:00,43,78,1669.1
2025-08-12T11:30:00-07:00,40,80,1670.4
2025-08-12T12:00:00-07:00,38,82,1670.5
2025-08-12T12:30:00-07:00,38,83,1669.8
2025-08-12T13:00:00-07:00,36,85,1669.9
2025-08-12T13:30:00-07:00,35,86,1668.9
2025-08-12T14:00:00-07:00,34,87,1667.8
2025-08-12T14:30:00-07:00,33,87,1667.3
2025-08-12T15:00:00-07:00,32,89,1667.2
2025-08-12T15:30:00-07:00,29,92,1667.3
2025-08-12T16:00:00-07:00,28,93,1667
2025-08-12T16:30:00-07:00,28,92,1667.5
2025-08-12T17:00:00-07:00,28,93,1667.2
2025-08-12T17:30:00-07:00,28,93,1667.3
2025-08-12T18:00:00-07:00,34,86,1668.2
2025-08-12T18:30:00-07:00,46,75,1667.6
2025-08-12T19:00:00-07:00,51,72,1667.8
2025-08-12T19:30:00-07:00,54,71,1668.1
2025-08-12T20:00:00-07:00,55,70,1668
2025-08-12T20:30:00-07:00,55,70,1668.5
2025-08-12T21:00:00-07:00,56,69,1669.5
2025-08-12T21:30:00-07:00,57,69,1670.4
2025-08-12T22:00:00-07:00,58,69,1670.3
2025-08-12T22:30:00-07:00,57,70,1669.5
2025-08-12T23:00:00-07:00,57,70,1669.2
2025-08-12T23:30:00-07:00,57,70,1669.4
2025-08-13T00:00:00-07:00,58,69,1669
2025-08-13T00:30:00-07:00,58,69,1668.9
2025-08-13T01:00:00-07:00,58,69,1669
2025-08-13T01:30:00-07:00,58,69,1669.6
2025-08-13T02:00:00-07:00,58,69,1668.9
2025-08-13T02:30:00-07:00,57,69,1668.8
2025-08-13T03:00:00-07:00,57,69,1670.2
2025-08-13T03:30:00-07:00,57,69,1669.5
2025-08-13T04:00:00-07:00,56,69,1669.1
2025-08-13T04:30:00-07:00,57,69,1668.5
2025-08-13T05:00:00-07:00,57,69,1668.3
2025-08-13T05:30:00-07:00,57,69,1668.8
2025-08-13T06:00:00-07:00,57,69,1667.2
2025-08-13T06:30:00-07:00,57,69,1666.7
2025-08-13T07:00:00-07:00,57,69,1667
2025-08-13T07:30:00-07:00,57,69,1667.5
2025-08-13T08:00:00-07:00,56,70,1667.7
2025-08-13T08:30:00-07:00,55,70,1668.2
2025-08-13T09:00:00-07:00,54,71,1667.9
2025-08-13T09:30:00-07:00,52,72,1667.8
2025-08-13T10:00:00-07:00,51,73,1667.8
2025-08-13T10:30:00-07:00,49,74,1668.2
2025-08-13T11:00:00-07:00,46,77,1669.3
2025-08-13T11:30:00-07:00,42,80,1668.9
2025-08-13T12:00:00-07:00,41,82,1668.3
2025-08-13T12:30:00-07:00,40,83,1667.2
2025-08-13T13:00:00-07:00,39,84,1666.4
2025-08-13T13:30:00-07:00,38,83,1666.4
2025-08-13T14:00:00-07:00,38,84,1665.7
2025-08-13T14:30:00-07:00,38,84,1666.4
2025-08-13T15:00:00-07:00,35,87,1665.9
2025-08-13T15:30:00-07:00,32,91,1666.4
2025-08-13T16:00:00-07:00,30,93,1666.5
2025-08-13T16:30:00-07:00,29,94,1666.5
2025-08-13T17:00:00-07:00,30,94,1666.9
2025-08-13T17:30:00-07:00,30,93,1666.9
2025-08-13T18:00:00-07:00,35,87,1667.4
2025-08-13T18:30:00-07:00,46,77,1667.5
2025-08-13T19:00:00-07:00,51,74,1666.6
2025-08-13T19:30:00-07:00,55,71,1666
2025-08-13T20:00:00-07:00,57,70,1666.4
2025-08-13T20:30:00-07:00,59,69,1666
2025-08-13T21:00:00-07:00,59,69,1666.5
2025-08-13T21:30:00-07:00,60,68,1666
2025-08-13T22:00:00-07:00,60,68,1666.3
2025-08-13T22:30:00-07:00,60,68,1665.9
2025-08-13T23:00:00-07:00,60,69,1666.1
2025-08-13T23:30:00-07:00,59,69,1665.8
2025-08-14T00:00:00-07:00,58,69,1666.3
2025-08-14T00:30:00-07:00,58,70,1665.9
2025-08-14T01:00:00-07:00,57,70,1666.1
2025-08-14T01:30:00-07:00,58,69,1666.3
2025-08-14T02:00:00-07:00,59,69,1666.1
2025-08-14T02:30:00-07:00,59,69,1665.9
2025-08-14T03:00:00-07:00,59,69,1666.2
2025-08-14T03:30:00-07:00,58,69,1666
2025-08-14T04:00:00-07:00,58,69,1666.3
2025-08-14T04:30:00-07:00,58,68,1666
2025-08-14T05:00:00-07:00,57,69,1665.8
2025-08-14T05:30:00-07:00,57,69,1666.1
2025-08-14T06:00:00-07:00,57,68,1666
2025-08-14T06:30:00-07:00,57,69,1666.2
2025-08-14T07:00:00-07:00,57,69,1666.3
2025-08-14T07:30:00-07:00,56,69,1666.1
2025-08-14T08:00:00-07:00,55,69,1666.1
2025-08-14T08:30:00-07:00,54,71,1666.2
2025-08-14T09:00:00-07:00,52,72,1666.3
2025-08-14T09:30:00-07:00,50,74,1666.5
2025-08-14T10:00:00-07:00,49,75,1668.6
2025-08-14T10:30:00-07:00,46,77,1668.8
2025-08-14T11:00:00-07:00,44,79,1668.7
2025-08-14T11:30:00-07:00,41,81,1668.2
2025-08-14T12:00:00-07:00,38,84,1668.1
2025-08-14T12:30:00-07:00,36,86,1667.7
2025-08-14T13:00:00-07:00,34,88,1667.6
2025-08-14T13:30:00-07:00,33,89,1667.2
2025-08-14T14:00:00-07:00,32,89,1667.3
2025-08-14T14:30:00-07:00,32,91,1667.5
2025-08-14T15:00:00-07:00,31,93,1667.1
2025-08-14T15:30:00-07:00,29,95,1667.3
2025-08-14T16:00:00-07:00,28,94,1667.1
2025-08-14T16:30:00-07:00,29,94,1667.7
2025-08-14T17:00:00-07:00,30,92,1668.1
2025-08-14T17:30:00-07:00,30,91,1667.4
2025-08-14T18:00:00-07:00,33,86,1668
2025-08-14T18:30:00-07:00,43,77,1668.6
2025-08-14T19:00:00-07:00,48,74,1668.1
2025-08-14T19:30:00-07:00,50,72,1668.4
2025-08-14T20:00:00-07:00,52,70,1668.9
2025-08-14T20:30:00-07:00,55,69,1669.4
2025-08-14T21:00:00-07:00,56,68,1668.9
2025-08-14T21:30:00-07:00,56,68,1668.7
2025-08-14T22:00:00-07:00,56,68,1668.9
2025-08-14T22:30:00-07:00,56,67,1668.9
2025-08-14T23:00:00-07:00,57,67,1669.2
2025-08-14T23:30:00-07:00,58,67,1669.3
2025-08-15T00:00:00-07:00,57,67,1669.2
2025-08-15T00:30:00-07:00,58,67,1668.6
2025-08-15T01:00:00-07:00,57,67,1668.6
2025-08-15T01:30:00-07:00,57,66,1668.9
2025-08-15T02:00:00-07:00,58,65,1668.9
2025-08-15T02:30:00-07:00,58,65,1668.7
2025-08-15T03:00:00-07:00,58,64,1668.3
2025-08-15T03:30:00-07:00,58,64,1669.1
2025-08-15T04:00:00-07:00,59,63,1669.2
2025-08-15T04:30:00-07:00,59,63,1668.2
2025-08-15T05:00:00-07:00,59,63,1669
2025-08-15T05:30:00-07:00,59,63,1668.2
2025-08-15T06:00:00-07:00,60,62,1668.2
2025-08-15T06:30:00-07:00,60,62,1668.1
2025-08-15T07:00:00-07:00,60,63,1668.3
2025-08-15T07:30:00-07:00,62,65,1670
2025-08-15T08:00:00-07:00,60,67,1670.4
2025-08-15T08:30:00-07:00,56,69,1670.1
2025-08-15T09:00:00-07:00,52,72,1670
2025-08-15T09:30:00-07:00,48,76,1669.2
2025-08-15T10:00:00-07:00,43,79,1669.4
2025-08-15T10:30:00-07:00,40,81,1669.3
2025-08-15T11:00:00-07:00,38,84,1669.5
2025-08-15T11:30:00-07:00,34,85,1668.7
2025-08-15T12:00:00-07:00,34,87,1668.5
2025-08-15T12:30:00-07:00,34,88,1668.3
2025-08-15T13:00:00-07:00,33,89,1667.8
2025-08-15T13:30:00-07:00,33,89,1667.4
2025-08-15T14:00:00-07:00,33,89,1667.3
2025-08-15T14:30:00-07:00,33,88,1666.9
2025-08-15T15:00:00-07:00,32,90,1666.8
2025-08-15T15:30:00-07:00,30,92,1666.7
2025-08-15T16:00:00-07:00,28,95,1666.7
2025-08-15T16:30:00-07:00,28,95,1667.1
2025-08-15T17:00:00-07:00,28,95,1666.8
2025-08-15T17:30:00-07:00,28,95,1666.6
2025-08-15T18:00:00-07:00,31,91,1666.7
2025-08-15T18:30:00-07:00,41,81,1667.6
2025-08-15T19:00:00-07:00,49,76,1666.8
2025-08-15T19:30:00-07:00,53,74,1666.2
2025-08-15T20:00:00-07:00,55,73,1666
2025-08-15T20:30:00-07:00,56,72,1666.4
2025-08-15T21:00:00-07:00,57,72,1666
2025-08-15T21:30:00-07:00,57,72,1666.2
2025-08-15T22:00:00-07:00,56,72,1666.1
2025-08-15T22:30:00-07:00,57,71,1666
2025-08-15T23:00:00-07:00,58,71,1665.8
2025-08-15T23:30:00-07:00,59,71,1666.4
2025-08-16T00:00:00-07:00,58,71,1666.1
2025-08-16T00:30:00-07:00,58,71,1666
2025-08-16T01:00:00-07:00,58,71,1665.9
2025-08-16T01:30:00-07:00,59,70,1666.4
2025-08-16T02:00:00-07:00,58,71,1665.9
2025-08-16T02:30:00-07:00,58,71,1665.7
2025-08-16T03:00:00-07:00,57,71,1665.4
2025-08-16T03:30:00-07:00,57,71,1665.8
2025-08-16T04:00:00-07:00,57,71,1665.9
2025-08-16T04:30:00-07:00,58,71,1666.2
2025-08-16T05:00:00-07:00,59,71,1666.3
2025-08-16T05:30:00-07:00,60,71,1665.7
2025-08-16T06:00:00-07:00,60,71,1666.1
2025-08-16T06:30:00-07:00,59,72,1666.2
2025-08-16T07:00:00-07:00,59,71,1666
2025-08-16T07:30:00-07:00,58,72,1666.3
2025-08-16T08:00:00-07:00,58,72,1666.2
2025-08-16T08:30:00-07:00,58,72,1665.7
2025-08-16T09:00:00-07:00,56,73,1665.5
2025-08-16T09:30:00-07:00,55,74,1666.3
2025-08-16T10:00:00-07:00,55,74,1666.3
2025-08-16T10:30:00-07:00,55,75,1666.1
2025-08-16T11:00:00-07:00,54,75,1665.7
2025-08-16T11:30:00-07:00,54,76,1665.9
2025-08-16T12:00:00-07:00,53,76,1665.9
2025-08-16T12:30:00-07:00,53,77,1666.2
2025-08-16T13:00:00-07:00,52,78,1666.1
2025-08-16T13:30:00-07:00,50,80,1666.5
2025-08-16T14:00:00-07:00,49,80,1666.3
2025-08-16T14:30:00-07:00,48,81,1666.4
2025-08-16T15:00:00-07:00,48,82,1666.2
2025-08-16T15:30:00-07:00,47,82,1666.2
2025-08-16T16:00:00-07:00,47,83,1665.8
2025-08-16T16:30:00-07:00,44,85,1665.9
2025-08-16T17:00:00-07:00,36,91,1665.8
2025-08-16T17:30:00-07:00,35,91,1666.4
2025-08-16T18:00:00-07:00,35,90,1666.1
2025-08-16T18:30:00-07:00,43,81,1666.6
2025-08-16T19:00:00-07:00,47,78,1666.5
2025-08-16T19:30:00-07:00,49,76,1666
2025-08-16T20:00:00-07:00,50,74,1666.4
2025-08-16T20:30:00-07:00,52,73,1666.7
2025-08-16T21:00:00-07:00,53,72,1666.9
2025-08-16T21:30:00-07:00,54,71,1666.9
2025-08-16T22:00:00-07:00,54,71,1666.7
2025-08-16T22:30:00-07:00,56,70,1667.1
2025-08-16T23:00:00-07:00,57,69,1667.2
2025-08-16T23:30:00-07:00,59,69,1667.3
2025-08-17T00:00:00-07:00,59,68,1667.7
2025-08-17T00:30:00-07:00,59,69,1667.9
2025-08-17T01:00:00-07:00,58,69,1667.7
2025-08-17T01:30:00-07:00,58,69,1667.5
2025-08-17T02:00:00-07:00,58,69,1667.5
2025-08-17T02:30:00-07:00,58,69,1667.7
2025-08-17T03:00:00-07:00,57,69,1667.7
2025-08-17T03:30:00-07:00,57,68,1667.3
2025-08-17T04:00:00-07:00,58,68,1666.9
2025-08-17T04:30:00-07:00,58,68,1667.5
2025-08-17T05:00:00-07:00,59,68,1667.4
2025-08-17T05:30:00-07:00,59,68,1667.8
2025-08-17T06:00:00-07:00,59,68,1667.6
2025-08-17T06:30:00-07:00,59,68,1667.5
2025-08-17T07:00:00-07:00,58,69,1667
2025-08-17T07:30:00-07:00,56,70,1667.2
2025-08-17T08:00:00-07:00,55,70,1667
2025-08-17T08:30:00-07:00,53,71,1666.9
2025-08-17T09:00:00-07:00,51,73,1666.9
2025-08-17T09:30:00-07:00,48,75,1667.4
2025-08-17T10:00:00-07:00,45,77,1667.1
2025-08-17T10:30:00-07:00,43,79,1667.6
2025-08-17T11:00:00-07:00,43,78,1668.1
2025-08-17T11:30:00-07:00,41,79,1667.5
2025-08-17T12:00:00-07:00,39,81,1667.2
2025-08-17T12:30:00-07:00,38,81,1667.6
2025-08-17T13:00:00-07:00,37,81,1667.2
2025-08-17T13:30:00-07:00,37,82,1667.4
2025-08-17T14:00:00-07:00,37,83,1667.5
2025-08-17T14:30:00-07:00,37,83,1667.4
2025-08-17T15:00:00-07:00,35,85,1667.1
2025-08-17T15:30:00-07:00,31,89,1666.5
2025-08-17T16:00:00-07:00,29,91,1667.1
2025-08-17T16:30:00-07:00,27,93,1666.8
2025-08-17T17:00:00-07:00,28,92,1667.4
2025-08-17T17:30:00-07:00,30,90,1667.2
2025-08-17T18:00:00-07:00,32,88,1667.5
2025-08-17T18:30:00-07:00,41,79,1668.2
2025-08-17T19:00:00-07:00,46,74,1667.5
2025-08-17T19:30:00-07:00,48,73,1667.1
2025-08-17T20:00:00-07:00,51,72,1666.5
2025-08-17T20:30:00-07:00,52,70,1667.2
2025-08-17T21:00:00-07:00,53,71,1667.2
2025-08-17T21:30:00-07:00,54,70,1667.1
2025-08-17T22:00:00-07:00,56,70,1667.2
2025-08-17T22:30:00-07:00,56,69,1667.6
2025-08-17T23:00:00-07:00,57,69,1667.3
2025-08-17T23:30:00-07:00,57,69,1667.5
2025-08-18T00:00:00-07:00,58,69,1667.4
2025-08-18T00:30:00-07:00,57,69,1667.6
2025-08-18T01:00:00-07:00,57,68,1667.9
2025-08-18T01:30:00-07:00,57,68,1667.4
2025-08-18T02:00:00-07:00,58,68,1667.2
2025-08-18T02:30:00-07:00,58,68,1667.6
2025-08-18T03:00:00-07:00,58,68,1667.4
2025-08-18T03:30:00-07:00,59,68,1667.5
2025-08-18T04:00:00-07:00,58,68,1667.1
2025-08-18T04:30:00-07:00,58,68,1667.8
2025-08-18T05:00:00-07:00,57,67,1667.9
2025-08-18T05:30:00-07:00,58,67,1668
2025-08-18T06:00:00-07:00,59,66,1667.8
2025-08-18T06:30:00-07:00,58,67,1668
2025-08-18T07:00:00-07:00,57,68,1667.7
2025-08-18T07:30:00-07:00,56,68,1667.8
2025-08-18T08:00:00-07:00,56,68,1667.6
2025-08-18T08:30:00-07:00,53,70,1667.6
2025-08-18T09:00:00-07:00,49,73,1667.9
2025-08-18T09:30:00-07:00,44,75,1667.6
2025-08-18T10:00:00-07:00,41,78,1667.6
2025-08-18T10:30:00-07:00,37,80,1667.2
2025-08-18T11:00:00-07:00,33,82,1666.7
2025-08-18T11:30:00-07:00,32,84,1666.7
2025-08-18T12:00:00-07:00,31,85,1667
2025-08-18T12:30:00-07:00,30,86,1666.8
2025-08-18T13:00:00-07:00,29,87,1667.3
2025-08-18T13:30:00-07:00,28,88,1667
2025-08-18T14:00:00-07:00,28,88,1666.8
2025-08-18T14:30:00-07:00,29,89,1667
2025-08-18T15:00:00-07:00,27,90,1667
2025-08-18T15:30:00-07:00,24,93,1666.4
2025-08-18T16:00:00-07:00,22,96,1666.5
2025-08-18T16:30:00-07:00,22,96,1666.9
2025-08-18T17:00:00-07:00,22,95,1667.1
2025-08-18T17:30:00-07:00,22,95,1666.7
2025-08-18T18:00:00-07:00,24,92,1666.4
2025-08-18T18:30:00-07:00,32,82,1667.3
2025-08-18T19:00:00-07:00,37,77,1667
2025-08-18T19:30:00-07:00,40,75,1667.3
2025-08-18T20:00:00-07:00,42,73,1667.4
2025-08-18T20:30:00-07:00,45,72,1667.6
2025-08-18T21:00:00-07:00,46,71,1667.5
2025-08-18T21:30:00-07:00,49,71,1667.3
2025-08-18T22:00:00-07:00,49,70,1667.6
2025-08-18T22:30:00-07:00,49,70,1667.3
2025-08-18T23:00:00-07:00,49,69,1667.4
2025-08-18T23:30:00-07:00,50,68,1667.9
2025-08-19T00:00:00-07:00,51,67,1668.8
2025-08-19T00:30:00-07:00,52,66,1668.2
2025-08-19T01:00:00-07:00,52,66,1668
2025-08-19T01:30:00-07:00,53,65,1667.9
2025-08-19T02:00:00-07:00,54,64,1667.6
2025-08-19T02:30:00-07:00,54,64,1667.6
2025-08-19T03:00:00-07:00,55,63,1667.3
2025-08-19T03:30:00-07:00,56,62,1667.8
2025-08-19T04:00:00-07:00,58,62,1668.1
2025-08-19T04:30:00-07:00,57,62,1667.7
2025-08-19T05:00:00-07:00,57,61,1667.8
2025-08-19T05:30:00-07:00,57,61,1668.6
2025-08-19T06:00:00-07:00,57,60,1668.7
2025-08-19T06:30:00-07:00,58,60,1668.2
2025-08-19T07:00:00-07:00,58,61,1668.6
2025-08-19T07:30:00-07:00,58,63,1668.6
2025-08-19T08:00:00-07:00,60,65,1668.3
2025-08-19T08:30:00-07:00,55,69,1667.7
2025-08-19T09:00:00-07:00,48,72,1667.4
2025-08-19T09:30:00-07:00,43,75,1667.5
2025-08-19T10:00:00-07:00,39,78,1667.3
2025-08-19T10:30:00-07:00,36,80,1667.6
2025-08-19T11:00:00-07:00,35,82,1667.7
2025-08-19T11:30:00-07:00,34,84,1667.4
2025-08-19T12:00:00-07:00,33,85,1667.9
2025-08-19T12:30:00-07:00,31,86,1667.6
2025-08-19T13:00:00-07:00,29,88,1667.5
2025-08-19T13:30:00-07:00,28,89,1667.7
2025-08-19T14:00:00-07:00,29,89,1667.6
2025-08-19T14:30:00-07:00,28,88,1667.6
2025-08-19T15:00:00-07:00,28,90,1667.5
2025-08-19T15:30:00-07:00,26,93,1667.2
2025-08-19T16:00:00-07:00,24,94,1667.5
2025-08-19T16:30:00-07:00,25,94,1667.4
2025-08-19T17:00:00-07:00,27,92,1667
2025-08-19T17:30:00-07:00,28,91,1667.6
2025-08-19T18:00:00-07:00,31,89,1668.1
2025-08-19T18:30:00-07:00,40,80,1668.3
2025-08-19T19:00:00-07:00,45,76,1667.5
2025-08-19T19:30:00-07:00,49,73,1668
2025-08-19T20:00:00-07:00,51,72,1667.8
2025-08-19T20:30:00-07:00,53,71,1667.9
2025-08-19T21:00:00-07:00,53,70,1668.2
2025-08-19T21:30:00-07:00,53,70,1667.9
2025-08-19T22:00:00-07:00,54,69,1668.4
2025-08-19T22:30:00-07:00,55,68,1668.5
2025-08-19T23:00:00-07:00,55,68,1669
2025-08-19T23:30:00-07:00,56,67,1668.7
2025-08-20T00:00:00-07:00,56,66,1668.8
2025-08-20T00:30:00-07:00,56,66,1668.7
2025-08-20T01:00:00-07:00,57,66,1669
2025-08-20T01:30:00-07:00,57,65,1668.8
2025-08-20T02:00:00-07:00,58,65,1669.6
2025-08-20T02:30:00-07:00,58,65,1669
2025-08-20T03:00:00-07:00,59,64,1669.3
2025-08-20T03:30:00-07:00,59,64,1668.7
2025-08-20T04:00:00-07:00,60,63,1668.6
2025-08-20T04:30:00-07:00,60,63,1669
2025-08-20T05:00:00-07:00,59,62,1668.6
2025-08-20T05:30:00-07:00,59,61,1668.9
2025-08-20T06:00:00-07:00,59,61,1668.4
2025-08-20T06:30:00-07:00,59,61,1668.7
2025-08-20T07:00:00-07:00,59,61,1668.5
2025-08-20T07:30:00-07:00,58,63,1668.8
2025-08-20T08:00:00-07:00,59,66,1668.6
2025-08-20T08:30:00-07:00,55,69,1668.7
2025-08-20T09:00:00-07:00,50,73,1668.5
2025-08-20T09:30:00-07:00,45,76,1668.1
2025-08-20T10:00:00-07:00,40,80,1668.7
2025-08-20T10:30:00-07:00,37,83,1668.5
2025-08-20T11:00:00-07:00,35,86,1669.3
2025-08-20T11:30:00-07:00,34,88,1668.4
2025-08-20T12:00:00-07:00,31,90,1668.4
2025-08-20T12:30:00-07:00,28,92,1668
2025-08-20T13:00:00-07:00,26,94,1668
2025-08-20T13:30:00-07:00,26,96,1667.5
2025-08-20T14:00:00-07:00,24,97,1668.6
2025-08-20T14:30:00-07:00,23,99,1667.5
2025-08-20T15:00:00-07:00,21,102,1477.9
2025-08-20T15:30:00-07:00,17,106,94.1
2025-08-20T16:00:00-07:00,18,108,57.6
2025-08-20T16:30:00-07:00,19,109,179.6
2025-08-20T17:00:00-07:00,21,105,1585.1
2025-08-20T17:30:00-07:00,22,103,1666.7
2025-08-20T18:00:00-07:00,23,100,1668.8
2025-08-20T18:30:00-07:00,32,89,1669.5
2025-08-20T19:00:00-07:00,38,84,1668.6
2025-08-20T19:30:00-07:00,41,81,1669.2
2025-08-20T20:00:00-07:00,44,78,1668.9
2025-08-20T20:30:00-07:00,46,77,1669.3
2025-08-20T21:00:00-07:00,49,75,1669.3
2025-08-20T21:30:00-07:00,50,74,1670
2025-08-20T22:00:00-07:00,52,73,1670.3
2025-08-20T22:30:00-07:00,54,72,1670.9
2025-08-20T23:00:00-07:00,54,71,1670.5
2025-08-20T23:30:00-07:00,54,70,1670.7
2025-08-21T00:00:00-07:00,56,69,1670.8
2025-08-21T00:30:00-07:00,56,68,1671
2025-08-21T01:00:00-07:00,57,68,1670.5
2025-08-21T01:30:00-07:00,57,67,1670.7
2025-08-21T02:00:00-07:00,57,67,1671
2025-08-21T02:30:00-07:00,58,66,1671
2025-08-21T03:00:00-07:00,58,66,1670.9
2025-08-21T03:30:00-07:00,59,65,1671
2025-08-21T04:00:00-07:00,59,64,1670
2025-08-21T04:30:00-07:00,58,64,1669.7
2025-08-21T05:00:00-07:00,57,64,1669.1
2025-08-21T05:30:00-07:00,58,63,1669.1
2025-08-21T06:00:00-07:00,58,63,1669.3
2025-08-21T06:30:00-07:00,58,63,1669
2025-08-21T07:00:00-07:00,58,63,1668.9
2025-08-21T07:30:00-07:00,58,65,1669.1
2025-08-21T08:00:00-07:00,58,67,1669.5
2025-08-21T08:30:00-07:00,55,72,1670
2025-08-21T09:00:00-07:00,50,76,1670.1
2025-08-21T09:30:00-07:00,44,80,1669.2
2025-08-21T10:00:00-07:00,39,84,1669.8
2025-08-21T10:30:00-07:00,36,87,1669.5
2025-08-21T11:00:00-07:00,34,90,1669.8
2025-08-21T11:30:00-07:00,31,92,1669.3
2025-08-21T12:00:00-07:00,28,95,1668.8
2025-08-21T12:30:00-07:00,24,97,1658.6
2025-08-21T13:00:00-07:00,23,98,1668.1
2025-08-21T13:30:00-07:00,22,100,1666.9
2025-08-21T14:00:00-07:00,22,101,1669.9
2025-08-21T14:30:00-07:00,21,101,1525.1
2025-08-21T15:00:00-07:00,19,104,891.4
2025-08-21T15:30:00-07:00,19,109,391.5
2025-08-21T16:00:00-07:00,17,109,39.3
2025-08-21T16:30:00-07:00,19,109,1044.3
2025-08-21T17:00:00-07:00,22,105,1669.5
2025-08-21T17:30:00-07:00,24,101,1669.7
2025-08-21T18:00:00-07:00,26,97,1669.9
2025-08-21T18:30:00-07:00,34,87,1670.4
2025-08-21T19:00:00-07:00,40,81,1671.2
2025-08-21T19:30:00-07:00,43,78,1670.8
2025-08-21T20:00:00-07:00,45,76,1670.7
2025-08-21T20:30:00-07:00,48,75,1670.9
2025-08-21T21:00:00-07:00,50,73,1671.2
2025-08-21T21:30:00-07:00,50,72,1670.4
2025-08-21T22:00:00-07:00,52,72,1670.8
2025-08-21T22:30:00-07:00,53,71,1671.2
2025-08-21T23:00:00-07:00,54,70,1671.5
2025-08-21T23:30:00-07:00,55,69,1671.1
2025-08-22T00:00:00-07:00,56,68,1671.4
2025-08-22T00:30:00-07:00,58,67,1671.4
2025-08-22T01:00:00-07:00,59,67,1671.4
2025-08-22T01:30:00-07:00,61,66,1671
2025-08-22T02:00:00-07:00,61,66,1671.3
2025-08-22T02:30:00-07:00,62,66,1671.6
2025-08-22T03:00:00-07:00,62,65,1670.4
2025-08-22T03:30:00-07:00,63,65,1671.3
2025-08-22T04:00:00-07:00,63,65,1670.6
2025-08-22T04:30:00-07:00,64,64,1669.9
2025-08-22T05:00:00-07:00,64,64,1669
2025-08-22T05:30:00-07:00,65,64,1669.7
2025-08-22T21:00:00-07:00,50,73,1670.5
2025-08-22T21:30:00-07:00,50,72,1670.2
2025-08-22T22:00:00-07:00,52,71,1670.5
2025-08-22T22:30:00-07:00,53,70,1670.5
2025-08-22T23:00:00-07:00,54,69,1670.8
2025-08-22T23:30:00-07:00,54,69,1671.2
2025-08-23T00:00:00-07:00,54,69,1671.8
2025-08-23T00:30:00-07:00,56,68,1671
2025-08-23T01:00:00-07:00,56,67,1669.9
2025-08-23T01:30:00-07:00,57,67,1670.9
2025-08-23T02:00:00-07:00,58,65,1670.9
2025-08-23T02:30:00-07:00,59,66,1670.5
2025-08-23T03:00:00-07:00,59,65,1671.3
2025-08-23T03:30:00-07:00,60,65,1670.1
2025-08-23T04:00:00-07:00,60,65,1670.9
2025-08-23T04:30:00-07:00,60,66,1671.1
2025-08-23T05:00:00-07:00,59,66,1669.9
2025-08-23T05:30:00-07:00,59,66,1670.2
2025-08-23T06:00:00-07:00,59,66,1670.1
2025-08-23T06:30:00-07:00,59,66,1670.7
2025-08-23T07:00:00-07:00,59,66,1669.6
2025-08-23T07:30:00-07:00,59,67,1669.3
2025-08-23T08:00:00-07:00,57,68,1668.2
2025-08-23T08:30:00-07:00,55,71,1668
2025-08-23T09:00:00-07:00,52,73,1668.3
2025-08-23T09:30:00-07:00,49,75,1668.4
2025-08-23T10:00:00-07:00,46,77,1668.3
2025-08-23T10:30:00-07:00,43,79,1668.4
2025-08-23T11:00:00-07:00,40,82,1667.7
2025-08-23T11:30:00-07:00,37,84,1667.9
2025-08-23T12:00:00-07:00,37,85,1667.9
2025-08-23T12:30:00-07:00,36,86,1668
2025-08-23T13:00:00-07:00,35,86,1667.7
2025-08-23T13:30:00-07:00,35,86,1667.3
2025-08-23T14:00:00-07:00,35,86,1667.6
2025-08-23T14:30:00-07:00,35,86,1667.6
2025-08-23T15:00:00-07:00,33,87,1667.7
2025-08-23T15:30:00-07:00,32,90,1667.8
2025-08-23T16:00:00-07:00,31,92,1668.1
2025-08-23T16:30:00-07:00,30,93,1668.2
2025-08-23T17:00:00-07:00,31,91,1668.8
2025-08-23T17:30:00-07:00,31,90,1668.9
2025-08-23T18:00:00-07:00,33,88,1669.6
2025-08-23T18:30:00-07:00,41,80,1669.2
2025-08-23T19:00:00-07:00,48,75,1669.9
2025-08-23T19:30:00-07:00,52,73,1669.5
2025-08-23T20:00:00-07:00,55,71,1669.7
2025-08-23T20:30:00-07:00,57,70,1670
2025-08-23T21:00:00-07:00,57,70,1670
2025-08-23T21:30:00-07:00,57,71,1669.7
2025-08-23T22:00:00-07:00,57,70,1669
2025-08-23T22:30:00-07:00,57,71,1669.4
2025-08-23T23:00:00-07:00,58,70,1669.2
2025-08-23T23:30:00-07:00,58,70,1669.3
2025-08-24T00:00:00-07:00,57,70,1669.7
2025-08-24T00:30:00-07:00,57,70,1669.6
2025-08-24T01:00:00-07:00,58,70,1669.4
2025-08-24T01:30:00-07:00,58,70,1668.9
2025-08-24T02:00:00-07:00,59,69,1668.9
2025-08-24T02:30:00-07:00,59,69,1668.4
2025-08-24T03:00:00-07:00,60,68,1668
2025-08-24T03:30:00-07:00,59,68,1667.3
2025-08-24T04:00:00-07:00,59,68,1667.3
2025-08-24T04:30:00-07:00,59,68,1667.6
2025-08-24T05:00:00-07:00,59,68,1667.3
2025-08-24T05:30:00-07:00,59,68,1667.8
2025-08-24T06:00:00-07:00,59,68,1667.9
2025-08-24T06:30:00-07:00,60,68,1668.2
2025-08-24T07:00:00-07:00,59,69,1668.3
2025-08-24T07:30:00-07:00,59,69,1668.4
2025-08-24T08:00:00-07:00,58,69,1668.2
2025-08-24T08:30:00-07:00,57,70,1668.1
2025-08-24T09:00:00-07:00,55,71,1668.2
2025-08-24T09:30:00-07:00,53,72,1667.6
2025-08-24T10:00:00-07:00,50,74,1667.4
2025-08-24T10:30:00-07:00,48,76,1668.5
2025-08-24T11:00:00-07:00,46,77,1668.3
2025-08-24T11:30:00-07:00,44,79,1668.5
2025-08-24T12:00:00-07:00,43,80,1667.7
2025-08-24T12:30:00-07:00,40,82,1667.7
2025-08-24T13:00:00-07:00,39,83,1667.4
2025-08-24T13:30:00-07:00,37,85,1667.4
2025-08-24T14:00:00-07:00,37,85,1667.2
2025-08-24T14:30:00-07:00,36,85,1667.8
2025-08-24T15:00:00-07:00,35,86,1667.5
2025-08-24T15:30:00-07:00,31,90,1667.4
2025-08-24T16:00:00-07:00,29,93,1667.5
2025-08-24T16:30:00-07:00,29,92,1667.6
2025-08-24T17:00:00-07:00,32,89,1667.6
2025-08-24T17:30:00-07:00,31,90,1667.9
2025-08-24T18:00:00-07:00,33,89,1668.4
2025-08-24T18:30:00-07:00,41,79,1669.1
2025-08-24T19:00:00-07:00,49,74,1669.2
2025-08-24T19:30:00-07:00,52,72,1669.1
2025-08-24T20:00:00-07:00,54,71,1668.8
2025-08-24T20:30:00-07:00,55,71,1668.8
2025-08-24T21:00:00-07:00,56,70,1668.6
2025-08-24T21:30:00-07:00,56,70,1668.8
2025-08-24T22:00:00-07:00,58,69,1669
2025-08-24T22:30:00-07:00,58,69,1669.3
2025-08-24T23:00:00-07:00,58,69,1668.7
2025-08-24T23:30:00-07:00,58,69,1669.1
2025-08-25T00:00:00-07:00,58,69,1668.6
2025-08-25T00:30:00-07:00,58,69,1669
2025-08-25T01:00:00-07:00,57,70,1669
2025-08-25T01:30:00-07:00,58,69,1669.1
2025-08-25T02:00:00-07:00,59,68,1669.2
2025-08-25T02:30:00-07:00,59,69,1669.7
2025-08-25T03:00:00-07:00,58,69,1669.7
2025-08-25T03:30:00-07:00,58,69,1670.1
2025-08-25T04:00:00-07:00,57,69,1669.4
2025-08-25T04:30:00-07:00,57,69,1669.3
2025-08-25T05:00:00-07:00,57,69,1669.2
2025-08-25T05:30:00-07:00,57,69,1669.5
2025-08-25T06:00:00-07:00,57,69,1669.4
2025-08-25T06:30:00-07:00,57,69,1669.8
2025-08-25T07:00:00-07:00,57,69,1670.1
2025-08-25T07:30:00-07:00,56,70,1670.1
2025-08-25T08:00:00-07:00,56,70,1670.2
2025-08-25T08:30:00-07:00,55,71,1670.3
2025-08-25T09:00:00-07:00,53,72,1670.4
2025-08-25T09:30:00-07:00,50,74,1670.5
2025-08-25T10:00:00-07:00,48,76,1670.4
2025-08-25T10:30:00-07:00,45,79,1670.3
2025-08-25T11:00:00-07:00,43,81,1670.7
2025-08-25T11:30:00-07:00,41,82,1671.5
2025-08-25T12:00:00-07:00,39,85,1671.3
2025-08-25T12:30:00-07:00,37,87,1671.7
2025-08-25T13:00:00-07:00,36,88,1671
2025-08-25T13:30:00-07:00,35,89,1669.4
2025-08-25T14:00:00-07:00,34,89,1667.2
2025-08-25T14:30:00-07:00,33,89,1667.3
2025-08-25T15:00:00-07:00,33,89,1667.2
2025-08-25T15:30:00-07:00,31,92,1667.5
2025-08-25T16:00:00-07:00,29,93,1667.5
2025-08-25T16:30:00-07:00,29,94,1668
2025-08-25T17:00:00-07:00,31,91,1668.8
2025-08-25T17:30:00-07:00,31,91,1668.7
2025-08-25T18:00:00-07:00,33,88,1668.7
2025-08-25T18:30:00-07:00,42,79,1668.8
2025-08-25T19:00:00-07:00,48,76,1668.8
2025-08-25T19:30:00-07:00,51,73,1669.2
2025-08-25T20:00:00-07:00,53,72,1669.2
2025-08-25T20:30:00-07:00,54,71,1669.1
2025-08-25T21:00:00-07:00,54,71,1669.8
2025-08-25T21:30:00-07:00,55,71,1669.5
2025-08-25T22:00:00-07:00,55,70,1669.3
2025-08-25T22:30:00-07:00,56,70,1669.5
2025-08-25T23:00:00-07:00,56,70,1670.3
2025-08-25T23:30:00-07:00,56,70,1670
2025-08-26T00:00:00-07:00,57,69,1669.8
2025-08-26T00:30:00-07:00,57,69,1669.8
2025-08-26T01:00:00-07:00,58,69,1670.5
2025-08-26T01:30:00-07:00,59,68,1670.7
2025-08-26T02:00:00-07:00,59,68,1670.7
2025-08-26T02:30:00-07:00,60,67,1670.9
2025-08-26T03:00:00-07:00,59,67,1670.8
2025-08-26T03:30:00-07:00,60,67,1670.8
2025-08-26T04:00:00-07:00,60,67,1671.2
2025-08-26T04:30:00-07:00,61,67,1671.2
2025-08-26T05:00:00-07:00,61,67,1671.5
2025-08-26T05:30:00-07:00,61,66,1671
2025-08-26T06:00:00-07:00,61,66,1672
2025-08-26T06:30:00-07:00,62,66,1672
2025-08-26T07:00:00-07:00,62,67,1671.7
2025-08-26T07:30:00-07:00,62,69,1671.9
2025-08-26T08:00:00-07:00,58,71,1672.4
2025-08-26T08:30:00-07:00,56,73,1673.1
2025-08-26T09:00:00-07:00,53,75,1672
2025-08-26T09:30:00-07:00,50,76,1671.9
2025-08-26T10:00:00-07:00,48,78,1672.1
2025-08-26T10:30:00-07:00,45,80,1672.4
2025-08-26T11:00:00-07:00,43,82,1672.8
2025-08-26T11:30:00-07:00,41,83,1672.2
2025-08-26T12:00:00-07:00,39,84,1672.1
2025-08-26T12:30:00-07:00,36,86,1671.5
2025-08-26T13:00:00-07:00,34,88,1671.2
2025-08-26T13:30:00-07:00,33,89,1670.6
2025-08-26T14:00:00-07:00,33,89,1670.6
2025-08-26T14:30:00-07:00,33,89,1671.2
2025-08-26T15:00:00-07:00,32,91,1670.4
2025-08-26T15:30:00-07:00,28,95,1669.8
2025-08-26T16:00:00-07:00,26,97,1669.7
2025-08-26T16:30:00-07:00,26,95,1669.5
2025-08-26T17:00:00-07:00,29,90,1669.8
2025-08-26T17:30:00-07:00,28,92,1669.3
2025-08-26T18:00:00-07:00,30,89,1668.5
2025-08-26T18:30:00-07:00,38,81,1669.8
2025-08-26T19:00:00-07:00,44,76,1669.7
2025-08-26T19:30:00-07:00,47,74,1669.8
2025-08-26T20:00:00-07:00,50,72,1670.3
2025-08-26T20:30:00-07:00,52,71,1670.3
2025-08-26T21:00:00-07:00,54,70,1670.3
2025-08-26T21:30:00-07:00,55,70,1670.3
2025-08-26T22:00:00-07:00,55,70,1670.7
2025-08-26T22:30:00-07:00,55,70,1670.4
2025-08-26T23:00:00-07:00,54,70,1670.3
2025-08-26T23:30:00-07:00,54,69,1670.7
2025-08-27T00:00:00-07:00,54,69,1670.5
2025-08-27T00:30:00-07:00,54,69,1670.8
2025-08-27T01:00:00-07:00,55,68,1670.8
2025-08-27T01:30:00-07:00,56,67,1670.5
2025-08-27T02:00:00-07:00,57,67,1671.1
2025-08-27T02:30:00-07:00,56,66,1671.4
2025-08-27T03:00:00-07:00,57,66,1671.3
2025-08-27T03:30:00-07:00,58,66,1672
2025-08-27T04:00:00-07:00,59,66,1671.7
2025-08-27T04:30:00-07:00,59,66,1671.7
2025-08-27T05:00:00-07:00,62,66,1671.3
2025-08-27T05:30:00-07:00,61,66,1670.9
2025-08-27T06:00:00-07:00,61,65,1671.6
2025-08-27T06:30:00-07:00,62,65,1671.9
2025-08-27T07:00:00-07:00,63,65,1671.7
2025-08-27T07:30:00-07:00,63,67,1671.7
2025-08-27T08:00:00-07:00,60,68,1671.6
2025-08-27T08:30:00-07:00,56,72,1671.3
2025-08-27T09:00:00-07:00,52,74,1671.5
2025-08-27T09:30:00-07:00,49,76,1671.7
2025-08-27T10:00:00-07:00,46,78,1671.8
2025-08-27T10:30:00-07:00,44,81,1671.5
2025-08-27T11:00:00-07:00,41,82,1670.8
2025-08-27T11:30:00-07:00,39,84,1670.5
2025-08-27T12:00:00-07:00,36,85,1671.1
2025-08-27T12:30:00-07:00,35,87,1671.1
2025-08-27T13:00:00-07:00,34,88,1671.7
2025-08-27T13:30:00-07:00,33,89,1671.3
2025-08-27T14:00:00-07:00,33,90,1671.4
2025-08-27T14:30:00-07:00,32,90,1671.6
2025-08-27T15:00:00-07:00,32,90,1671.2
2025-08-27T15:30:00-07:00,29,92,1670.5
2025-08-27T16:00:00-07:00,28,93,1670.2
2025-08-27T16:30:00-07:00,27,93,1670.3
2025-08-27T17:00:00-07:00,30,90,1670.5
2025-08-27T17:30:00-07:00,29,92,1670.1
2025-08-27T18:00:00-07:00,30,90,1670.1
2025-08-27T18:30:00-07:00,36,81,1671
2025-08-27T19:00:00-07:00,41,77,1670.2
2025-08-27T19:30:00-07:00,43,75,1670.1
2025-08-27T20:00:00-07:00,46,74,1670.6
2025-08-27T20:30:00-07:00,47,73,1671.1
2025-08-27T21:00:00-07:00,49,72,1670.7
2025-08-27T21:30:00-07:00,51,71,1670.4
2025-08-27T22:00:00-07:00,52,70,1670.7
2025-08-27T22:30:00-07:00,52,70,1671.2
2025-08-27T23:00:00-07:00,53,69,1670.7
2025-08-27T23:30:00-07:00,54,69,1670.9
2025-08-28T00:00:00-07:00,55,68,1670.7
2025-08-28T00:30:00-07:00,56,68,1670
2025-08-28T01:00:00-07:00,56,68,1671.3
2025-08-28T01:30:00-07:00,56,67,1672
2025-08-28T02:00:00-07:00,57,67,1670.9
2025-08-28T02:30:00-07:00,58,66,1671.4
2025-08-28T03:00:00-07:00,58,66,1671.2
2025-08-28T03:30:00-07:00,59,65,1671.5
2025-08-28T04:00:00-07:00,59,65,1671.1
2025-08-28T04:30:00-07:00,60,64,1671.2
2025-08-28T05:00:00-07:00,60,64,1674.9
2025-08-28T05:30:00-07:00,60,64,1677.1
2025-08-28T06:00:00-07:00,61,63,1672.3
2025-08-28T06:30:00-07:00,61,62,1671.4
2025-08-28T07:00:00-07:00,61,63,1670.5
2025-08-28T07:30:00-07:00,61,65,1671
2025-08-28T08:00:00-07:00,58,68,1670.6
2025-08-28T08:30:00-07:00,54,71,1669.8
2025-08-28T09:00:00-07:00,51,72,1670.1
2025-08-28T09:30:00-07:00,48,75,1670.5
2025-08-28T10:00:00-07:00,46,76,1671.3
2025-08-28T10:30:00-07:00,44,78,1672.1
2025-08-28T11:00:00-07:00,42,79,1671.8
2025-08-28T11:30:00-07:00,41,80,1671.5
2025-08-28T12:00:00-07:00,38,83,1670.1
2025-08-28T12:30:00-07:00,36,84,1669.8
2025-08-28T13:00:00-07:00,34,86,1670.2
2025-08-28T13:30:00-07:00,33,88,1670.1
2025-08-28T14:00:00-07:00,31,89,1669.7
2025-08-28T14:30:00-07:00,30,90,1670
2025-08-28T15:00:00-07:00,28,93,1668.6
2025-08-28T15:30:00-07:00,24,98,1668.9
2025-08-28T16:00:00-07:00,23,100,1668
2025-08-28T16:30:00-07:00,24,98,1668.1
2025-08-28T17:00:00-07:00,30,91,1667.7
2025-08-28T17:30:00-07:00,30,91,1667.3
2025-08-28T18:00:00-07:00,33,87,1668.1
2025-08-28T18:30:00-07:00,41,79,1667.9
2025-08-28T19:00:00-07:00,46,75,1667.8
2025-08-28T19:30:00-07:00,49,71,1668.3
2025-08-28T20:00:00-07:00,51,71,1668.1
2025-08-28T20:30:00-07:00,52,70,1668.5
2025-08-28T21:00:00-07:00,53,70,1668.9
2025-08-28T21:30:00-07:00,54,70,1668.5
2025-08-28T22:00:00-07:00,55,69,1668.6
2025-08-28T22:30:00-07:00,56,69,1668.1
2025-08-28T23:00:00-07:00,55,69,1668.3
2025-08-28T23:30:00-07:00,56,68,1668.2
2025-08-29T00:00:00-07:00,57,66,1668.4
2025-08-29T00:30:00-07:00,58,68,1668.6
2025-08-29T01:00:00-07:00,58,67,1667.9
2025-08-29T01:30:00-07:00,58,66,1668.4
2025-08-29T02:00:00-07:00,59,65,1668.4
2025-08-29T02:30:00-07:00,59,65,1668.7
2025-08-29T03:00:00-07:00,60,65,1668.6
2025-08-29T03:30:00-07:00,60,65,1668.6
2025-08-29T04:00:00-07:00,59,66,1668.8
2025-08-29T04:30:00-07:00,59,66,1668.9
2025-08-29T05:00:00-07:00,62,66,1668.9
2025-08-29T05:30:00-07:00,62,65,1669.2
2025-08-29T06:00:00-07:00,61,65,1669.1
2025-08-29T06:30:00-07:00,60,66,1669.6
2025-08-29T07:00:00-07:00,60,68,1669.8
2025-08-29T07:30:00-07:00,58,68,1670.3
2025-08-29T08:00:00-07:00,56,70,1670.2
2025-08-29T08:30:00-07:00,55,70,1670.4
2025-08-29T09:00:00-07:00,53,71,1669.7
2025-08-29T09:30:00-07:00,51,73,1669.9
2025-08-29T10:00:00-07:00,49,75,1669.6
2025-08-29T10:30:00-07:00,46,77,1669.8
2025-08-29T11:00:00-07:00,44,78,1669.8
2025-08-29T11:30:00-07:00,42,79,1670.3
2025-08-29T12:00:00-07:00,41,81,1670
2025-08-29T12:30:00-07:00,39,83,1670
2025-08-29T13:00:00-07:00,38,84,1669.2
2025-08-29T13:30:00-07:00,36,86,1669.2
2025-08-29T14:00:00-07:00,35,85,1668.8
2025-08-29T14:30:00-07:00,34,86,1669.1
2025-08-29T15:00:00-07:00,32,89,1668.6
2025-08-29T15:30:00-07:00,29,93,1668.3
2025-08-29T16:00:00-07:00,27,95,1668.8
2025-08-29T16:30:00-07:00,26,95,1668.7
2025-08-29T17:00:00-07:00,29,91,1668.8
2025-08-29T17:30:00-07:00,29,92,1668.8
2025-08-29T18:00:00-07:00,31,89,1668.7
2025-08-29T18:30:00-07:00,39,81,1669.1
2025-08-29T19:00:00-07:00,44,77,1669.1
2025-08-29T19:30:00-07:00,48,74,1669.1
2025-08-29T20:00:00-07:00,51,73,1669.5
2025-08-29T20:30:00-07:00,53,72,1669.3
2025-08-29T21:00:00-07:00,54,71,1669.4
2025-08-29T21:30:00-07:00,55,70,1669.5
2025-08-29T22:00:00-07:00,56,69,1669.1
2025-08-29T22:30:00-07:00,58,69,1668.9
2025-08-29T23:00:00-07:00,58,68,1669.8
2025-08-29T23:30:00-07:00,58,68,1669.7
2025-08-30T00:00:00-07:00,59,68,1669.5
2025-08-30T00:30:00-07:00,59,67,1670.1
2025-08-30T01:00:00-07:00,59,67,1669.8
2025-08-30T01:30:00-07:00,61,66,1669.6
2025-08-30T02:00:00-07:00,61,66,1669.5
2025-08-30T02:30:00-07:00,61,64,1670
2025-08-30T03:00:00-07:00,60,65,1670.2
2025-08-30T03:30:00-07:00,59,64,1669.7
2025-08-30T04:00:00-07:00,59,64,1669.7
2025-08-30T04:30:00-07:00,59,63,1669.7
2025-08-30T05:00:00-07:00,60,63,1669.9
2025-08-30T05:30:00-07:00,61,63,1670.7
2025-08-30T06:00:00-07:00,61,62,1670.5
2025-08-30T06:30:00-07:00,61,62,1669.9
2025-08-30T07:00:00-07:00,61,62,1670.1
2025-08-30T07:30:00-07:00,60,64,1669.4
2025-08-30T08:00:00-07:00,60,66,1669.5
2025-08-30T08:30:00-07:00,57,70,1669.4
2025-08-30T09:00:00-07:00,52,74,1669.7
2025-08-30T09:30:00-07:00,47,77,1670.1
2025-08-30T10:00:00-07:00,43,81,1669.8
2025-08-30T10:30:00-07:00,41,84,1670.6
2025-08-30T11:00:00-07:00,39,86,1670.2
2025-08-30T11:30:00-07:00,35,88,1670.3
2025-08-30T12:00:00-07:00,29,90,1669.2
2025-08-30T12:30:00-07:00,26,93,1668.8
2025-08-30T13:00:00-07:00,24,95,1669.5
2025-08-30T13:30:00-07:00,26,97,1670.4
2025-08-30T14:00:00-07:00,24,98,1670.2
2025-08-30T14:30:00-07:00,19,99,1205.9
2025-08-30T15:00:00-07:00,18,102,1410.4
2025-08-30T15:30:00-07:00,18,107,1644.1
2025-08-30T16:00:00-07:00,18,108,1618.2
2025-08-30T16:30:00-07:00,18,106,1667.8
2025-08-30T17:00:00-07:00,20,102,1668
2025-08-30T17:30:00-07:00,21,101,1668.6
2025-08-30T18:00:00-07:00,24,98,1669.5
2025-08-30T18:30:00-07:00,31,90,1670
2025-08-30T19:00:00-07:00,35,85,1670.3
2025-08-30T19:30:00-07:00,38,82,1670.5
2025-08-30T20:00:00-07:00,43,80,1670.5
2025-08-30T20:30:00-07:00,45,79,1670.4
2025-08-30T21:00:00-07:00,47,77,1670.5
2025-08-30T21:30:00-07:00,48,76,1670.7
2025-08-30T22:00:00-07:00,49,75,1670.1
2025-08-30T22:30:00-07:00,51,74,1670.5
2025-08-30T23:00:00-07:00,52,73,1671.1
2025-08-30T23:30:00-07:00,53,72,1670.8
2025-08-31T00:00:00-07:00,54,71,1671.3
2025-08-31T00:30:00-07:00,54,70,1671.7
2025-08-31T01:00:00-07:00,55,69,1671.8
2025-08-31T01:30:00-07:00,56,69,1671.5
2025-08-31T02:00:00-07:00,56,68,1671.4
2025-08-31T02:30:00-07:00,56,67,1671.4
2025-08-31T03:00:00-07:00,56,67,1671.3
2025-08-31T03:30:00-07:00,56,67,1671.3
2025-08-31T04:00:00-07:00,57,66,1671.3
2025-08-31T04:30:00-07:00,56,66,1671.6
2025-08-31T05:00:00-07:00,56,65,1671.2
2025-08-31T05:30:00-07:00,55,65,1671.1
2025-08-31T06:00:00-07:00,55,64,1671.2
2025-08-31T06:30:00-07:00,55,64,1671.1
2025-08-31T07:00:00-07:00,55,64,1670.3
2025-08-31T07:30:00-07:00,54,66,1670.6
2025-08-31T08:00:00-07:00,56,69,1671.7
2025-08-31T08:30:00-07:00,54,73,1671.3
2025-08-31T09:00:00-07:00,48,77,1671.1
2025-08-31T09:30:00-07:00,41,81,1670.7
2025-08-31T10:00:00-07:00,36,85,1669.8
2025-08-31T10:30:00-07:00,31,88,1670.5
2025-08-31T11:00:00-07:00,27,92,1670.2
2025-08-31T11:30:00-07:00,24,95,1669.6
2025-08-31T12:00:00-07:00,20,97,1656.5
2025-08-31T12:30:00-07:00,17,99,761.2
2025-08-31T13:00:00-07:00,15,101,53.6
2025-08-31T13:30:00-07:00,14,102,19.7
2025-08-31T14:00:00-07:00,19,102,1158.8
2025-08-31T14:30:00-07:00,20,100,1669.7
2025-08-31T15:00:00-07:00,19,101,1659.5
2025-08-31T15:30:00-07:00,20,105,1668.4
2025-08-31T16:00:00-07:00,19,106,1667.8
2025-08-31T16:30:00-07:00,19,107,1669.2
2025-08-31T17:00:00-07:00,20,103,1667.4
2025-08-31T17:30:00-07:00,21,103,1669.1
2025-08-31T18:00:00-07:00,25,97,1673
2025-08-31T18:30:00-07:00,32,89,1668.7
2025-08-31T19:00:00-07:00,37,84,1668.7
2025-08-31T19:30:00-07:00,41,81,1669.2
2025-08-31T20:00:00-07:00,44,79,1669.3
2025-08-31T20:30:00-07:00,45,78,1668.9
2025-08-31T21:00:00-07:00,48,76,1669.3
2025-08-31T21:30:00-07:00,50,75,1669.5
2025-08-31T22:00:00-07:00,52,74,1669.7
2025-08-31T22:30:00-07:00,53,74,1669.5
2025-08-31T23:00:00-07:00,54,73,1669.6
2025-08-31T23:30:00-07:00,54,72,1669.5
2025-09-01T00:00:00-07:00,55,72,1669.7
2025-09-01T00:30:00-07:00,55,71,1670.5
2025-09-01T01:00:00-07:00,55,71,1670.2
2025-09-01T01:30:00-07:00,55,70,1670.4
2025-09-01T02:00:00-07:00,56,69,1671
2025-09-01T02:30:00-07:00,56,69,1671.1
2025-09-01T03:00:00-07:00,56,68,1672.2
2025-09-01T03:30:00-07:00,57,68,1671.4
2025-09-01T04:00:00-07:00,57,67,1671.6
2025-09-01T04:30:00-07:00,58,67,1674.5
2025-09-01T05:00:00-07:00,58,67,1673.8
2025-09-01T05:30:00-07:00,58,66,1672.2
2025-09-01T06:00:00-07:00,59,66,1671.5
2025-09-01T06:30:00-07:00,59,65,1672.5
2025-09-01T07:00:00-07:00,60,66,1671.6
2025-09-01T07:30:00-07:00,61,67,1670.8
2025-09-01T08:00:00-07:00,60,68,1671.1
2025-09-01T08:30:00-07:00,57,71,1670.2
2025-09-01T09:00:00-07:00,52,74,1669.2
2025-09-01T09:30:00-07:00,48,78,1669.8
2025-09-01T10:00:00-07:00,44,81,1669.5
2025-09-01T10:30:00-07:00,42,83,1669.2
2025-09-01T11:00:00-07:00,40,85,1668.8
2025-09-01T11:30:00-07:00,38,87,1669
2025-09-01T12:00:00-07:00,36,89,1669
2025-09-01T12:30:00-07:00,33,91,1668.8
2025-09-01T13:00:00-07:00,30,93,1668.3
2025-09-01T13:30:00-07:00,28,95,1667.7
2025-09-01T14:00:00-07:00,27,96,1667.8
2025-09-01T14:30:00-07:00,27,97,1668.2
2025-09-01T15:00:00-07:00,23,100,1667.9
2025-09-01T15:30:00-07:00,20,104,1668
2025-09-01T16:00:00-07:00,18,107,1664.7
2025-09-01T16:30:00-07:00,18,108,1668
2025-09-01T17:00:00-07:00,21,103,1668.5
2025-09-01T17:30:00-07:00,22,102,1668.2
2025-09-01T18:00:00-07:00,25,97,1668.4
2025-09-01T18:30:00-07:00,33,89,1668.9
2025-09-01T19:00:00-07:00,38,84,1668.8
2025-09-01T19:30:00-07:00,40,82,1668.6
2025-09-01T20:00:00-07:00,43,80,1669.7
2025-09-01T20:30:00-07:00,45,78,1669.5
2025-09-01T21:00:00-07:00,47,78,1669.7
2025-09-01T21:30:00-07:00,49,76,1669.7
2025-09-01T22:00:00-07:00,50,75,1669.9
2025-09-01T22:30:00-07:00,51,75,1669.8
2025-09-01T23:00:00-07:00,51,74,1670
2025-09-01T23:30:00-07:00,52,74,1670.1
2025-09-02T00:00:00-07:00,53,73,1670.3
2025-09-02T00:30:00-07:00,54,72,1669.6
2025-09-02T01:00:00-07:00,54,71,1671.1
2025-09-02T01:30:00-07:00,56,71,1670.6
2025-09-02T02:00:00-07:00,56,70,1670.5
2025-09-02T02:30:00-07:00,56,70,1670.8
2025-09-02T03:00:00-07:00,56,70,1670.9
2025-09-02T03:30:00-07:00,56,69,1670.9
2025-09-02T04:00:00-07:00,55,69,1670.4
2025-09-02T04:30:00-07:00,56,69,1670.9
2025-09-02T05:00:00-07:00,57,70,1671.5
2025-09-02T05:30:00-07:00,56,70,1671.4
2025-09-02T06:00:00-07:00,56,70,1671.1
2025-09-02T06:30:00-07:00,56,70,1670.8
2025-09-02T07:00:00-07:00,56,70,1670.6
2025-09-02T07:30:00-07:00,56,70,1670.8
2025-09-02T08:00:00-07:00,57,71,1671.3
2025-09-02T08:30:00-07:00,54,73,1671.1
2025-09-02T09:00:00-07:00,49,77,1670.6
2025-09-02T09:30:00-07:00,44,80,1670.3
2025-09-02T10:00:00-07:00,39,83,1669.6
2025-09-02T10:30:00-07:00,38,85,1669.4
2025-09-02T11:00:00-07:00,35,87,1669.4
2025-09-02T11:30:00-07:00,34,89,1669.3
2025-09-02T12:00:00-07:00,32,90,1668.9
2025-09-02T12:30:00-07:00,30,92,1668.7
2025-09-02T13:00:00-07:00,30,93,1668.9
2025-09-02T13:30:00-07:00,30,93,1668.8
2025-09-02T14:00:00-07:00,30,91,1668.7
2025-09-02T14:30:00-07:00,31,91,1668.1
2025-09-02T15:00:00-07:00,30,93,1668.3
2025-09-02T15:30:00-07:00,27,96,1668.4
2025-09-02T16:00:00-07:00,26,98,1668.3
2025-09-02T16:30:00-07:00,25,98,1668
2025-09-02T17:00:00-07:00,27,95,1667.6
2025-09-02T17:30:00-07:00,29,95,1667.6
2025-09-02T18:00:00-07:00,31,91,1669.6
2025-09-02T18:30:00-07:00,39,83,1671
2025-09-02T19:00:00-07:00,46,78,1669
2025-09-02T19:30:00-07:00,50,76,1669.2
2025-09-02T20:00:00-07:00,52,74,1668.3
2025-09-02T20:30:00-07:00,52,73,1668.2
2025-09-02T21:00:00-07:00,52,73,1668.2
2025-09-02T21:30:00-07:00,53,72,1668.3
2025-09-02T22:00:00-07:00,53,71,1668.2
2025-09-02T22:30:00-07:00,54,70,1668.1
2025-09-02T23:00:00-07:00,54,70,1669
2025-09-02T23:30:00-07:00,55,69,1670.4
2025-09-03T00:00:00-07:00,56,69,1669.3
2025-09-03T00:30:00-07:00,56,68,1668.9
2025-09-03T01:00:00-07:00,57,68,1668.6
2025-09-03T01:30:00-07:00,57,67,1669.2
2025-09-03T02:00:00-07:00,57,67,1669
2025-09-03T02:30:00-07:00,59,66,1668.8
2025-09-03T03:00:00-07:00,60,66,1669.1
2025-09-03T03:30:00-07:00,61,66,1668.8
2025-09-03T04:00:00-07:00,60,66,1669
2025-09-03T04:30:00-07:00,60,65,1668.9
2025-09-03T05:00:00-07:00,60,65,1669
2025-09-03T05:30:00-07:00,60,64,1669.1
2025-09-03T06:00:00-07:00,61,64,1669.1
2025-09-03T06:30:00-07:00,61,63,1668.9
2025-09-03T07:00:00-07:00,61,64,1669.2
2025-09-03T07:30:00-07:00,61,65,1669.3
2025-09-03T08:00:00-07:00,60,67,1669.8
2025-09-03T08:30:00-07:00,57,70,1669.3
2025-09-03T09:00:00-07:00,52,73,1669.5
2025-09-03T09:30:00-07:00,48,76,1669.7
2025-09-03T10:00:00-07:00,44,79,1669.5
2025-09-03T10:30:00-07:00,43,81,1669.5
2025-09-03T11:00:00-07:00,41,82,1670.2
2025-09-03T11:30:00-07:00,40,84,1669.8
2025-09-03T12:00:00-07:00,38,85,1669.9
2025-09-03T12:30:00-07:00,35,87,1669.3
2025-09-03T13:00:00-07:00,33,89,1669.3
2025-09-03T13:30:00-07:00,33,90,1669.8
2025-09-03T14:00:00-07:00,32,91,1669.5
2025-09-03T14:30:00-07:00,31,92,1669.6
2025-09-03T15:00:00-07:00,30,93,1669.1
2025-09-03T15:30:00-07:00,28,96,1668.4
2025-09-03T16:00:00-07:00,27,95,1668
2025-09-03T16:30:00-07:00,28,95,1668
2025-09-03T17:00:00-07:00,30,91,1668.2
2025-09-03T17:30:00-07:00,30,91,1667.5
2025-09-03T18:00:00-07:00,33,87,1667.6
2025-09-03T18:30:00-07:00,40,80,1668.3
2025-09-03T19:00:00-07:00,45,76,1668.4
2025-09-03T19:30:00-07:00,51,72,1668.6
2025-09-03T20:00:00-07:00,54,71,1668.4
2025-09-03T20:30:00-07:00,56,69,1668.7
2025-09-03T21:00:00-07:00,56,69,1669.3
2025-09-03T21:30:00-07:00,56,69,1668.7
2025-09-03T22:00:00-07:00,57,68,1668.8
2025-09-03T22:30:00-07:00,57,68,1669.1
2025-09-03T23:00:00-07:00,58,68,1668.5
2025-09-03T23:30:00-07:00,57,67,1668.9
2025-09-04T00:00:00-07:00,58,67,1669.4
2025-09-04T00:30:00-07:00,58,66,1669.7
2025-09-04T01:00:00-07:00,58,65,1669.5
2025-09-04T01:30:00-07:00,58,66,1669.7
2025-09-04T02:00:00-07:00,60,67,1669.3
2025-09-04T02:30:00-07:00,60,68,1668.6
2025-09-04T03:00:00-07:00,60,68,1669.7
2025-09-04T03:30:00-07:00,59,69,1669.8
2025-09-04T04:00:00-07:00,59,69,1669.9
2025-09-04T04:30:00-07:00,59,69,1669.5
2025-09-04T05:00:00-07:00,59,68,1669.5
2025-09-04T05:30:00-07:00,58,68,1669.9
2025-09-04T06:00:00-07:00,58,68,1669.4
2025-09-04T06:30:00-07:00,58,68,1668.2
2025-09-04T07:00:00-07:00,58,68,1667.3
2025-09-04T07:30:00-07:00,58,68,1667.3
2025-09-04T08:00:00-07:00,57,68,1667.5
2025-09-04T08:30:00-07:00,56,69,1667.8
2025-09-04T09:00:00-07:00,55,69,1667.4
2025-09-04T09:30:00-07:00,54,71,1668.1
2025-09-04T10:00:00-07:00,52,72,1668.7
2025-09-04T10:30:00-07:00,50,73,1668.8
2025-09-04T11:00:00-07:00,46,76,1669.3
2025-09-04T11:30:00-07:00,44,78,1667.8
2025-09-04T12:00:00-07:00,42,79,1667.2
2025-09-04T12:30:00-07:00,42,80,1667
2025-09-04T13:00:00-07:00,41,81,1666.8
2025-09-04T13:30:00-07:00,40,81,1667.1
2025-09-04T14:00:00-07:00,40,82,1667.3
2025-09-04T14:30:00-07:00,40,82,1667.1
2025-09-04T15:00:00-07:00,39,83,1667.2
2025-09-04T15:30:00-07:00,36,87,1667.3
2025-09-04T16:00:00-07:00,34,88,1667.6
2025-09-04T16:30:00-07:00,33,88,1667.4
2025-09-04T17:00:00-07:00,37,85,1666.7
2025-09-04T17:30:00-07:00,40,82,1667.5
2025-09-04T18:00:00-07:00,46,76,1667.2
2025-09-04T18:30:00-07:00,50,74,1667.4
2025-09-04T19:00:00-07:00,52,73,1667.2
2025-09-04T19:30:00-07:00,54,71,1667
2025-09-04T20:00:00-07:00,56,71,1666.8
2025-09-04T20:30:00-07:00,56,71,1666.5
2025-09-04T21:00:00-07:00,57,71,1666.5
2025-09-04T21:30:00-07:00,57,71,1666.6
2025-09-04T22:00:00-07:00,56,71,1666.5
2025-09-04T22:30:00-07:00,56,70,1666.5
2025-09-04T23:00:00-07:00,57,70,1666.9
2025-09-04T23:30:00-07:00,57,70,1666.4
2025-09-05T00:00:00-07:00,56,70,1666.7
2025-09-05T00:30:00-07:00,56,70,1667.6
2025-09-05T01:00:00-07:00,56,69,1667.5
2025-09-05T01:30:00-07:00,56,70,1668
2025-09-05T02:00:00-07:00,57,70,1668.3
2025-09-05T02:30:00-07:00,57,69,1668.9
2025-09-05T03:00:00-07:00,57,69,1668
2025-09-05T03:30:00-07:00,58,69,1667.9
2025-09-05T04:00:00-07:00,58,69,1667.5
2025-09-05T04:30:00-07:00,58,69,1667.3
2025-09-05T05:00:00-07:00,59,69,1666.7
2025-09-05T05:30:00-07:00,58,68,1666.3
2025-09-05T06:00:00-07:00,58,68,1666.9
2025-09-05T06:30:00-07:00,59,69,1666.8
2025-09-05T07:00:00-07:00,59,69,1666.7
2025-09-05T07:30:00-07:00,59,69,1667.2
2025-09-05T08:00:00-07:00,58,69,1667.9
2025-09-05T08:30:00-07:00,58,69,1668
2025-09-05T09:00:00-07:00,58,69,1667.6
2025-09-05T09:30:00-07:00,57,70,1668.1
2025-09-05T10:00:00-07:00,56,70,1669
2025-09-05T10:30:00-07:00,54,71,1669.1
2025-09-05T11:00:00-07:00,53,72,1668.9
2025-09-05T11:30:00-07:00,50,74,1667.9
2025-09-05T12:00:00-07:00,46,77,1668.6
2025-09-05T12:30:00-07:00,44,79,1669
2025-09-05T13:00:00-07:00,43,79,1668.3
2025-09-05T13:30:00-07:00,43,79,1668.2
2025-09-05T14:00:00-07:00,43,79,1667.2
2025-09-05T14:30:00-07:00,42,81,1667
2025-09-05T15:00:00-07:00,40,82,1666.5
2025-09-05T15:30:00-07:00,36,86,1666.4
2025-09-05T16:00:00-07:00,35,87,1666.2
2025-09-05T16:30:00-07:00,34,88,1667
2025-09-05T17:00:00-07:00,37,84,1666.9
2025-09-05T17:30:00-07:00,37,84,1667.1
2025-09-05T18:00:00-07:00,40,81,1667.7
2025-09-05T18:30:00-07:00,47,76,1667.7
2025-09-05T19:00:00-07:00,51,73,1667.7
2025-09-05T19:30:00-07:00,53,71,1667.6
2025-09-05T20:00:00-07:00,55,71,1667.3
2025-09-05T20:30:00-07:00,56,70,1667.5
2025-09-05T21:00:00-07:00,56,70,1668.1
2025-09-05T21:30:00-07:00,56,70,1668.6
2025-09-05T22:00:00-07:00,56,70,1668.4
2025-09-05T22:30:00-07:00,57,69,1668.7
2025-09-05T23:00:00-07:00,57,68,1669.3
2025-09-05T23:30:00-07:00,57,68,1669.4
2025-09-06T00:00:00-07:00,58,68,1668.9
2025-09-06T00:30:00-07:00,57,69,1669.3
2025-09-06T01:00:00-07:00,57,69,1669.5
2025-09-06T01:30:00-07:00,57,69,1669.8
2025-09-06T02:00:00-07:00,57,69,1669.5
2025-09-06T02:30:00-07:00,57,69,1670.6
2025-09-06T03:00:00-07:00,57,69,1670.1
2025-09-06T03:30:00-07:00,57,69,1669.9
2025-09-06T04:00:00-07:00,56,69,1669.5
2025-09-06T04:30:00-07:00,56,69,1670
2025-09-06T05:00:00-07:00,56,69,1669.7
2025-09-06T05:30:00-07:00,56,69,1670.6
2025-09-06T06:00:00-07:00,56,69,1670.3
2025-09-06T06:30:00-07:00,55,69,1670.6
2025-09-06T07:00:00-07:00,55,69,1670.6
2025-09-06T07:30:00-07:00,55,69,1670.4
2025-09-06T08:00:00-07:00,53,70,1670.4
2025-09-06T08:30:00-07:00,52,70,1670.3
2025-09-06T09:00:00-07:00,50,71,1670.6
2025-09-06T09:30:00-07:00,48,72,1670.4
2025-09-06T10:00:00-07:00,47,74,1670.6
2025-09-06T10:30:00-07:00,45,76,1669.7
2025-09-06T11:00:00-07:00,42,78,1670.5
2025-09-06T11:30:00-07:00,41,79,1670.6
2025-09-06T12:00:00-07:00,40,80,1670.3
2025-09-06T12:30:00-07:00,38,81,1669.7
2025-09-06T13:00:00-07:00,36,83,1668.9
2025-09-06T13:30:00-07:00,35,85,1669.1
2025-09-06T14:00:00-07:00,35,84,1669.4
2025-09-06T14:30:00-07:00,36,83,1668.8
2025-09-06T15:00:00-07:00,35,84,1668.3
2025-09-06T15:30:00-07:00,33,87,1668.1
2025-09-06T16:00:00-07:00,31,89,1667.8
2025-09-06T16:30:00-07:00,31,88,1668.3
2025-09-06T17:00:00-07:00,35,84,1668.4
2025-09-06T17:30:00-07:00,37,84,1668.3
2025-09-06T18:00:00-07:00,39,81,1668.6
2025-09-06T18:30:00-07:00,46,76,1668.5
2025-09-06T19:00:00-07:00,50,73,1669.1
2025-09-06T19:30:00-07:00,53,72,1669
2025-09-06T20:00:00-07:00,55,71,1669
2025-09-06T20:30:00-07:00,56,71,1669.2
2025-09-06T21:00:00-07:00,57,70,1669.4
2025-09-06T21:30:00-07:00,58,70,1669.2
2025-09-06T22:00:00-07:00,58,70,1669.4
2025-09-06T22:30:00-07:00,58,71,1669.4
2025-09-06T23:00:00-07:00,58,71,1669.6
2025-09-06T23:30:00-07:00,58,71,1669.1
2025-09-07T00:00:00-07:00,57,71,1668.8
2025-09-07T00:30:00-07:00,56,71,1668.9
2025-09-07T01:00:00-07:00,56,71,1668.8
2025-09-07T01:30:00-07:00,56,71,1669.1
2025-09-07T02:00:00-07:00,55,71,1668.7
2025-09-07T02:30:00-07:00,55,71,1669
2025-09-07T03:00:00-07:00,55,71,1669.3
2025-09-07T03:30:00-07:00,55,71,1668.4
2025-09-07T04:00:00-07:00,55,71,1668.9
2025-09-07T04:30:00-07:00,55,72,1668.3
2025-09-07T05:00:00-07:00,55,71,1668.6
2025-09-07T05:30:00-07:00,55,71,1667.6
2025-09-07T06:00:00-07:00,56,71,1667.3
2025-09-07T06:30:00-07:00,57,71,1667.6
2025-09-07T07:00:00-07:00,56,71,1667.5
2025-09-07T07:30:00-07:00,55,72,1667.6
2025-09-07T08:00:00-07:00,55,72,1668.2
2025-09-07T08:30:00-07:00,55,73,1668.1
2025-09-07T09:00:00-07:00,54,74,1668.2
2025-09-07T09:30:00-07:00,53,75,1667.6
2025-09-07T10:00:00-07:00,51,77,1667.8
2025-09-07T10:30:00-07:00,48,79,1667.3
2025-09-07T11:00:00-07:00,45,81,1667.1
2025-09-07T11:30:00-07:00,43,82,1666.8
2025-09-07T12:00:00-07:00,41,84,1666.6
2025-09-07T12:30:00-07:00,36,85,1666.7
2025-09-07T13:00:00-07:00,33,86,1667.2
2025-09-07T13:30:00-07:00,34,86,1667.5
2025-09-07T14:00:00-07:00,34,88,1667.9
2025-09-07T14:30:00-07:00,33,87,1667.9
2025-09-07T15:00:00-07:00,33,88,1667.7
2025-09-07T15:30:00-07:00,30,92,1667.1
2025-09-07T16:00:00-07:00,28,94,1667.2
2025-09-07T16:30:00-07:00,26,94,1667.3
2025-09-07T17:00:00-07:00,30,89,1667.2
2025-09-07T17:30:00-07:00,33,89,1666.8
2025-09-07T18:00:00-07:00,35,87,1667.1
2025-09-07T18:30:00-07:00,43,81,1667.5
2025-09-07T19:00:00-07:00,49,77,1667.8
2025-09-07T19:30:00-07:00,51,76,1667.8
2025-09-07T20:00:00-07:00,50,74,1667.8
2025-09-07T20:30:00-07:00,53,73,1667.9
2025-09-07T21:00:00-07:00,56,72,1667.8
2025-09-07T21:30:00-07:00,58,71,1667.6
2025-09-07T22:00:00-07:00,59,71,1667.7
2025-09-07T22:30:00-07:00,59,71,1667.7
2025-09-07T23:00:00-07:00,59,70,1667.6
2025-09-07T23:30:00-07:00,59,69,1667.7
2025-09-08T00:00:00-07:00,60,69,1667.8
2025-09-08T00:30:00-07:00,60,68,1667.7
2025-09-08T01:00:00-07:00,60,67,1668.3
2025-09-08T01:30:00-07:00,60,67,1668.3
2025-09-08T02:00:00-07:00,60,66,1668.5
2025-09-08T02:30:00-07:00,60,66,1668
2025-09-08T03:00:00-07:00,61,66,1668.7
2025-09-08T03:30:00-07:00,61,65,1668.3
2025-09-08T04:00:00-07:00,61,65,1668
2025-09-08T04:30:00-07:00,61,65,1667.8
2025-09-08T05:00:00-07:00,62,64,1668.2
2025-09-08T05:30:00-07:00,63,66,1668.4
2025-09-08T06:00:00-07:00,63,67,1668.4
2025-09-08T06:30:00-07:00,64,68,1669.8
2025-09-08T07:00:00-07:00,64,69,1670
2025-09-08T07:30:00-07:00,63,70,1669.9
2025-09-08T08:00:00-07:00,62,71,1670.7
2025-09-08T08:30:00-07:00,60,71,1670
2025-09-08T09:00:00-07:00,59,73,1669.9
2025-09-08T09:30:00-07:00,58,73,1670.4
2025-09-08T10:00:00-07:00,56,75,1670.3
2025-09-08T10:30:00-07:00,53,76,1668.8
2025-09-08T11:00:00-07:00,49,78,1666.9
2025-09-08T11:30:00-07:00,46,81,1666.2
2025-09-08T12:00:00-07:00,42,83,1666
2025-09-08T12:30:00-07:00,40,86,1666.1
2025-09-08T13:00:00-07:00,38,86,1666.6
2025-09-08T13:30:00-07:00,37,88,1666.2
2025-09-08T14:00:00-07:00,36,89,1666.4
2025-09-08T14:30:00-07:00,36,88,1666.1
2025-09-08T15:00:00-07:00,35,90,1666.4
2025-09-08T15:30:00-07:00,31,93,1666.1
2025-09-08T16:00:00-07:00,29,96,1666.4
2025-09-08T16:30:00-07:00,29,94,1666.7
2025-09-08T17:00:00-07:00,33,90,1666.5
2025-09-08T17:30:00-07:00,34,89,1666.6
2025-09-08T18:00:00-07:00,35,87,1667
2025-09-08T18:30:00-07:00,42,81,1666.7
2025-09-08T19:00:00-07:00,45,79,1666.8
2025-09-08T19:30:00-07:00,48,77,1666.5
2025-09-08T20:00:00-07:00,50,76,1667.2
2025-09-08T20:30:00-07:00,52,76,1666.8
2025-09-08T21:00:00-07:00,53,75,1666.5
2025-09-08T21:30:00-07:00,54,75,1666.4
2025-09-08T22:00:00-07:00,53,76,1666.8
2025-09-08T22:30:00-07:00,53,76,1666.7
2025-09-08T23:00:00-07:00,53,75,1666.4
2025-09-08T23:30:00-07:00,53,75,1666.6
2025-09-09T00:00:00-07:00,52,76,1666.4
2025-09-09T00:30:00-07:00,54,76,1666.7
2025-09-09T01:00:00-07:00,58,76,1667.3
2025-09-09T01:30:00-07:00,58,75,1666.4
2025-09-09T02:00:00-07:00,58,75,1666.4
2025-09-09T02:30:00-07:00,56,74,1666.2
2025-09-09T03:00:00-07:00,56,74,1667
2025-09-09T03:30:00-07:00,57,73,1666.4
2025-09-09T04:00:00-07:00,57,72,1666.4
2025-09-09T04:30:00-07:00,57,72,1666.6
2025-09-09T05:00:00-07:00,57,72,1666.8
2025-09-09T05:30:00-07:00,57,73,1667
2025-09-09T06:00:00-07:00,56,73,1667.1
2025-09-09T06:30:00-07:00,56,73,1666.9
2025-09-09T07:00:00-07:00,57,72,1666.9
2025-09-09T07:30:00-07:00,56,74,1667.1
2025-09-09T08:00:00-07:00,54,75,1667
2025-09-09T08:30:00-07:00,57,74,1666.7
2025-09-09T09:00:00-07:00,60,74,1666.4
2025-09-09T09:30:00-07:00,58,75,1666.3
2025-09-09T10:00:00-07:00,52,77,1665.6
2025-09-09T10:30:00-07:00,46,81,1666
2025-09-09T11:00:00-07:00,43,82,1666.6
2025-09-09T11:30:00-07:00,43,82,1666.3
2025-09-09T12:00:00-07:00,40,85,1666.2
2025-09-09T12:30:00-07:00,37,88,1666.9
2025-09-09T13:00:00-07:00,35,89,1667
2025-09-09T13:30:00-07:00,34,89,1666.9
2025-09-09T14:00:00-07:00,34,89,1666.8
2025-09-09T14:30:00-07:00,35,88,1667
2025-09-09T15:00:00-07:00,38,86,1666.8
2025-09-09T15:30:00-07:00,39,85,1666.6
2025-09-09T16:00:00-07:00,39,85,1666.5
2025-09-09T16:30:00-07:00,39,85,1666.6
2025-09-09T17:00:00-07:00,41,82,1666.9
2025-09-09T17:30:00-07:00,40,84,1668.5
2025-09-09T18:00:00-07:00,39,84,1667.9
2025-09-09T18:30:00-07:00,45,78,1667.1
2025-09-09T19:00:00-07:00,49,76,1666.4
2025-09-09T19:30:00-07:00,51,74,1666.9
2025-09-09T20:00:00-07:00,52,74,1666.6
2025-09-09T20:30:00-07:00,53,74,1666.8
2025-09-09T21:00:00-07:00,54,74,1666.6
2025-09-09T21:30:00-07:00,54,74,1666.8
2025-09-09T22:00:00-07:00,55,74,1666.8
2025-09-09T22:30:00-07:00,55,74,1666.8
2025-09-09T23:00:00-07:00,55,74,1667.5
2025-09-09T23:30:00-07:00,56,73,1666.9
2025-09-10T00:00:00-07:00,54,72,1666.5
2025-09-10T00:30:00-07:00,55,73,1666.3
2025-09-10T01:00:00-07:00,54,73,1666
2025-09-10T01:30:00-07:00,55,73,1665.5
2025-09-10T02:00:00-07:00,55,72,1666.2
2025-09-10T02:30:00-07:00,56,72,1666
2025-09-10T03:00:00-07:00,55,73,1666.2
2025-09-10T03:30:00-07:00,56,72,1666
2025-09-10T04:00:00-07:00,58,72,1666.6
2025-09-10T04:30:00-07:00,63,71,1666.5
2025-09-10T05:00:00-07:00,64,71,1665.9
2025-09-10T05:30:00-07:00,64,70,1666.5
2025-09-10T06:00:00-07:00,64,70,1666.5
2025-09-10T06:30:00-07:00,64,71,1666.9
2025-09-10T07:00:00-07:00,64,71,1666.3
2025-09-10T07:30:00-07:00,64,71,1666.9
2025-09-10T08:00:00-07:00,63,72,1666.5
2025-09-10T08:30:00-07:00,61,72,1666.4
2025-09-10T09:00:00-07:00,59,73,1666.7
2025-09-10T09:30:00-07:00,57,74,1666.5
2025-09-10T10:00:00-07:00,54,76,1665.6
2025-09-10T10:30:00-07:00,52,78,1665.7
2025-09-10T11:00:00-07:00,48,80,1666.4
2025-09-10T11:30:00-07:00,47,80,1666
2025-09-10T12:00:00-07:00,46,80,1666.3
2025-09-10T12:30:00-07:00,45,81,1666.1
2025-09-10T13:00:00-07:00,42,82,1666.1
2025-09-10T13:30:00-07:00,42,83,1666.3
2025-09-10T14:00:00-07:00,40,83,1666
2025-09-10T14:30:00-07:00,39,84,1665.9
2025-09-10T15:00:00-07:00,39,85,1666.4
2025-09-10T15:30:00-07:00,35,88,1665.9
2025-09-10T16:00:00-07:00,33,90,1666.3
2025-09-10T16:30:00-07:00,32,91,1666.2
2025-09-10T17:00:00-07:00,37,85,1666.3
2025-09-10T17:30:00-07:00,42,82,1667.9
2025-09-10T18:00:00-07:00,43,80,1667.8
2025-09-10T18:30:00-07:00,47,77,1668.5
2025-09-10T19:00:00-07:00,49,74,1669.1
2025-09-10T19:30:00-07:00,51,73,1670
2025-09-10T20:00:00-07:00,51,73,1670
2025-09-10T20:30:00-07:00,51,72,1669.7
2025-09-10T21:00:00-07:00,52,72,1671.3
2025-09-10T21:30:00-07:00,52,72,1671.8
2025-09-10T22:00:00-07:00,52,72,1672.2
2025-09-10T22:30:00-07:00,52,72,1672.5
2025-09-10T23:00:00-07:00,52,72,1671.2
2025-09-10T23:30:00-07:00,53,72,1673.5
2025-09-11T00:00:00-07:00,54,72,1670.2
2025-09-11T00:30:00-07:00,56,71,1670.4
2025-09-11T01:00:00-07:00,55,71,1670.8
2025-09-11T01:30:00-07:00,55,71,1670.5
2025-09-11T02:00:00-07:00,55,71,1670.6
2025-09-11T02:30:00-07:00,55,71,1670
2025-09-11T03:00:00-07:00,55,71,1670.3
2025-09-11T03:30:00-07:00,55,71,1670.1
2025-09-11T04:00:00-07:00,55,71,1670.3
2025-09-11T04:30:00-07:00,57,70,1669.9
2025-09-11T05:00:00-07:00,56,71,1670.4
2025-09-11T05:30:00-07:00,55,70,1669.7
2025-09-11T06:00:00-07:00,55,70,1669.8
2025-09-11T06:30:00-07:00,56,70,1669.6
2025-09-11T07:00:00-07:00,56,70,1670.1
2025-09-11T07:30:00-07:00,56,70,1669.8
2025-09-11T08:00:00-07:00,55,69,1669.9
2025-09-11T08:30:00-07:00,54,71,1669.4
2025-09-11T09:00:00-07:00,53,72,1669.9
2025-09-11T09:30:00-07:00,50,74,1669.6
2025-09-11T10:00:00-07:00,48,75,1669.6
2025-09-11T10:30:00-07:00,47,76,1669.4
2025-09-11T11:00:00-07:00,45,78,1669.7
2025-09-11T11:30:00-07:00,43,80,1669.4
2025-09-11T12:00:00-07:00,41,81,1669.6
2025-09-11T12:30:00-07:00,40,82,1669.7
2025-09-11T13:00:00-07:00,39,83,1669.9
2025-09-11T13:30:00-07:00,39,84,1669.6
2025-09-11T14:00:00-07:00,38,84,1670
2025-09-11T14:30:00-07:00,38,83,1669.2
2025-09-11T15:00:00-07:00,38,84,1669.2
2025-09-11T15:30:00-07:00,36,87,1669.2
2025-09-11T16:00:00-07:00,35,88,1669.6
2025-09-11T16:30:00-07:00,36,87,1669.7
2025-09-11T17:00:00-07:00,41,81,1671.3
2025-09-11T17:30:00-07:00,45,78,1671.3
2025-09-11T18:00:00-07:00,48,76,1671
2025-09-11T18:30:00-07:00,50,75,1670.5
2025-09-11T19:00:00-07:00,52,74,1670.8
2025-09-11T19:30:00-07:00,53,73,1670.3
2025-09-11T20:00:00-07:00,54,72,1670.1
2025-09-11T20:30:00-07:00,54,72,1669.8
2025-09-11T21:00:00-07:00,55,71,1670.3
2025-09-11T21:30:00-07:00,56,70,1670.3
2025-09-11T22:00:00-07:00,57,70,1670.4
2025-09-11T22:30:00-07:00,57,70,1670.5
2025-09-11T23:00:00-07:00,58,70,1670.9
2025-09-11T23:30:00-07:00,58,69,1670.8
2025-09-12T00:00:00-07:00,59,69,1670.6
2025-09-12T00:30:00-07:00,60,69,1670.9
2025-09-12T01:00:00-07:00,61,69,1671.6
2025-09-12T01:30:00-07:00,60,69,1671.8
2025-09-12T02:00:00-07:00,59,69,1671.3
2025-09-12T02:30:00-07:00,59,70,1670.1
2025-09-12T03:00:00-07:00,59,70,1670.1
2025-09-12T03:30:00-07:00,59,70,1670.7
2025-09-12T04:00:00-07:00,58,70,1670.1
2025-09-12T04:30:00-07:00,57,70,1669.4
2025-09-12T05:00:00-07:00,58,70,1669.5
2025-09-12T05:30:00-07:00,58,69,1669.7
2025-09-12T06:00:00-07:00,58,69,1669.5
2025-09-12T06:30:00-07:00,57,70,1669.9
2025-09-12T07:00:00-07:00,58,70,1669.3
2025-09-12T07:30:00-07:00,57,70,1669.8
2025-09-12T08:00:00-07:00,56,70,1669.7
2025-09-12T08:30:00-07:00,55,71,1669.3
2025-09-12T09:00:00-07:00,53,73,1669.7
2025-09-12T09:30:00-07:00,51,74,1670.3
2025-09-12T10:00:00-07:00,48,76,1670
2025-09-12T10:30:00-07:00,46,78,1670.2
2025-09-12T11:00:00-07:00,43,80,1670.1
2025-09-12T11:30:00-07:00,42,81,1670.8
2025-09-12T12:00:00-07:00,41,83,1670.5
2025-09-12T12:30:00-07:00,41,83,1669.8
2025-09-12T13:00:00-07:00,40,84,1669.6
2025-09-12T13:30:00-07:00,40,83,1669.8
2025-09-12T14:00:00-07:00,40,83,1669.8
2025-09-12T14:30:00-07:00,41,82,1669.7
2025-09-12T15:00:00-07:00,40,82,1669.8
2025-09-12T15:30:00-07:00,36,86,1669
2025-09-12T16:00:00-07:00,34,87,1669
2025-09-12T16:30:00-07:00,34,86,1669
2025-09-12T17:00:00-07:00,40,81,1669.1
2025-09-12T17:30:00-07:00,43,78,1668.9
2025-09-12T18:00:00-07:00,47,75,1669.2
2025-09-12T18:30:00-07:00,51,72,1669.2
2025-09-12T19:00:00-07:00,54,70,1668.7
2025-09-12T19:30:00-07:00,56,69,1668.8
2025-09-12T20:00:00-07:00,57,69,1668.7
2025-09-12T20:30:00-07:00,57,69,1668.9
2025-09-12T21:00:00-07:00,58,67,1668.6
2025-09-12T21:30:00-07:00,58,68,1668.9
2025-09-12T22:00:00-07:00,58,68,1668.5
2025-09-12T22:30:00-07:00,58,68,1668.5
2025-09-12T23:00:00-07:00,57,69,1668.8
2025-09-12T23:30:00-07:00,57,68,1668.9
2025-09-13T00:00:00-07:00,58,66,1668.8
2025-09-13T00:30:00-07:00,58,68,1669
2025-09-13T01:00:00-07:00,58,68,1668.6
2025-09-13T01:30:00-07:00,58,67,1668.8
2025-09-13T02:00:00-07:00,59,66,1668.5
2025-09-13T02:30:00-07:00,60,66,1669
2025-09-13T03:00:00-07:00,60,66,1668.6
2025-09-13T03:30:00-07:00,60,67,1668.6
2025-09-13T04:00:00-07:00,60,68,1668.4
2025-09-13T04:30:00-07:00,59,68,1668.8
2025-09-13T05:00:00-07:00,58,68,1668.6
2025-09-13T05:30:00-07:00,58,68,1668.4
2025-09-13T06:00:00-07:00,58,68,1668.4
2025-09-13T06:30:00-07:00,57,69,1668.8
2025-09-13T07:00:00-07:00,56,69,1669
2025-09-13T07:30:00-07:00,56,69,1669
2025-09-13T08:00:00-07:00,57,69,1668.5
2025-09-13T08:30:00-07:00,56,69,1668.7
2025-09-13T09:00:00-07:00,55,70,1668.6
2025-09-13T09:30:00-07:00,53,71,1668.1
2025-09-13T10:00:00-07:00,50,73,1668.8
2025-09-13T10:30:00-07:00,48,74,1668.4
2025-09-13T11:00:00-07:00,46,76,1669.5
2025-09-13T11:30:00-07:00,44,78,1669.3
2025-09-13T12:00:00-07:00,44,78,1669.6
2025-09-13T12:30:00-07:00,42,80,1669.6
2025-09-13T13:00:00-07:00,41,80,1669.1
2025-09-13T13:30:00-07:00,41,79,1669
2025-09-13T14:00:00-07:00,42,79,1668.8
2025-09-13T14:30:00-07:00,42,78,1669
2025-09-13T18:30:00-07:00,48,73,1667
2025-09-13T19:00:00-07:00,50,72,1667.6
2025-09-13T19:30:00-07:00,52,71,1666.9
2025-09-13T20:00:00-07:00,53,70,1666.8
2025-09-13T20:30:00-07:00,54,71,1666.7
2025-09-13T21:00:00-07:00,55,71,1666.8
2025-09-13T21:30:00-07:00,55,71,1666.2
2025-09-13T22:00:00-07:00,55,71,1666.8
2025-09-13T22:30:00-07:00,54,71,1666.6
2025-09-13T23:00:00-07:00,55,71,1666.6
2025-09-13T23:30:00-07:00,55,71,1666.3
2025-09-14T00:00:00-07:00,55,71,1666.9
2025-09-14T00:30:00-07:00,54,71,1666.6
2025-09-14T01:00:00-07:00,56,71,1667.2
2025-09-14T01:30:00-07:00,58,70,1667.1
2025-09-14T02:00:00-07:00,59,70,1666.9
2025-09-14T02:30:00-07:00,60,70,1666.5
2025-09-14T03:00:00-07:00,60,70,1667.2
2025-09-14T03:30:00-07:00,60,70,1667.4
2025-09-14T04:00:00-07:00,59,71,1666.9
2025-09-14T04:30:00-07:00,59,71,1667
2025-09-14T05:00:00-07:00,59,71,1667
2025-09-14T05:30:00-07:00,58,71,1667.3
2025-09-14T06:00:00-07:00,56,71,1667.2
2025-09-14T06:30:00-07:00,56,71,1667.2
2025-09-14T07:00:00-07:00,56,71,1667
2025-09-14T07:30:00-07:00,57,71,1666.9
2025-09-14T08:00:00-07:00,57,71,1667.2
2025-09-14T08:30:00-07:00,55,73,1667.2
2025-09-14T09:00:00-07:00,52,74,1667
2025-09-14T09:30:00-07:00,51,76,1667.2
2025-09-14T10:00:00-07:00,50,77,1666.9
2025-09-14T10:30:00-07:00,47,79,1667.1
2025-09-14T11:00:00-07:00,45,81,1666.9
2025-09-14T11:30:00-07:00,45,81,1666.9
2025-09-14T12:00:00-07:00,44,83,1667.3
2025-09-14T12:30:00-07:00,43,84,1667.3
2025-09-14T13:00:00-07:00,43,84,1667.4
2025-09-14T13:30:00-07:00,42,85,1667.5
2025-09-14T14:00:00-07:00,42,85,1667.4
2025-09-14T14:30:00-07:00,43,85,1666.9
2025-09-14T15:00:00-07:00,43,86,1666.9
2025-09-14T15:30:00-07:00,40,89,1666.3
2025-09-14T16:00:00-07:00,38,90,1666.2
2025-09-14T16:30:00-07:00,40,88,1666.5
2025-09-14T17:00:00-07:00,44,84,1666.1
2025-09-14T17:30:00-07:00,47,82,1665.9
2025-09-14T18:00:00-07:00,48,81,1666.4
2025-09-14T18:30:00-07:00,52,78,1666.3
2025-09-14T19:00:00-07:00,55,75,1666.4
2025-09-14T19:30:00-07:00,59,73,1666.3
2025-09-14T20:00:00-07:00,59,72,1665.8
2025-09-14T20:30:00-07:00,58,72,1666.4
2025-09-14T21:00:00-07:00,58,72,1666.3
2025-09-14T21:30:00-07:00,57,72,1666.2
2025-09-14T22:00:00-07:00,58,71,1666.5
2025-09-14T22:30:00-07:00,58,70,1665.9
2025-09-14T23:00:00-07:00,58,71,1666.1
2025-09-14T23:30:00-07:00,59,69,1666.6
2025-09-15T00:00:00-07:00,60,68,1666.6
2025-09-15T00:30:00-07:00,61,68,1666.5
2025-09-15T01:00:00-07:00,61,67,1666.7
2025-09-15T01:30:00-07:00,61,66,1666.9
2025-09-15T02:00:00-07:00,62,66,1666.7
2025-09-15T02:30:00-07:00,61,65,1666.5
2025-09-15T03:00:00-07:00,61,65,1666.8
2025-09-15T03:30:00-07:00,61,64,1666.7
2025-09-15T04:00:00-07:00,62,64,1666.7
2025-09-15T04:30:00-07:00,62,63,1666.2
2025-09-15T05:00:00-07:00,63,64,1666.4
2025-09-15T05:30:00-07:00,63,65,1666.7
2025-09-15T06:00:00-07:00,63,66,1667.8
2025-09-15T06:30:00-07:00,65,67,1670.1
2025-09-15T07:00:00-07:00,64,67,1671.1
2025-09-15T07:30:00-07:00,64,68,1671
2025-09-15T08:00:00-07:00,62,69,1673.2
2025-09-15T08:30:00-07:00,60,71,1674.9
2025-09-15T09:00:00-07:00,57,73,1674.1
2025-09-15T09:30:00-07:00,53,75,1671
2025-09-15T10:00:00-07:00,50,77,1669.7
2025-09-15T10:30:00-07:00,46,80,1669
2025-09-15T11:00:00-07:00,44,83,1668.8
2025-09-15T11:30:00-07:00,41,85,1668.6
2025-09-15T12:00:00-07:00,38,87,1669.1
2025-09-15T12:30:00-07:00,35,90,1668.8
2025-09-15T13:00:00-07:00,33,92,1668.6
2025-09-15T13:30:00-07:00,31,94,1669
2025-09-15T14:00:00-07:00,30,95,1668.5
2025-09-15T14:30:00-07:00,29,96,1669.3
2025-09-15T15:00:00-07:00,27,98,1669.3
2025-09-15T15:30:00-07:00,24,102,1669.4
2025-09-15T16:00:00-07:00,23,103,1670
2025-09-15T16:30:00-07:00,25,101,1669.9
2025-09-15T17:00:00-07:00,29,97,1668.9
2025-09-15T17:30:00-07:00,29,96,1668.4
2025-09-15T18:00:00-07:00,31,94,1668.2
2025-09-15T18:30:00-07:00,34,89,1668.8
2025-09-15T19:00:00-07:00,37,86,1667.8
2025-09-15T19:30:00-07:00,40,84,1667.8
2025-09-15T20:00:00-07:00,41,82,1668.1
2025-09-15T20:30:00-07:00,42,81,1668.4
2025-09-15T21:00:00-07:00,44,79,1668.2
2025-09-15T21:30:00-07:00,46,78,1668.2
2025-09-15T22:00:00-07:00,48,77,1668.1
2025-09-15T22:30:00-07:00,50,76,1668.2
2025-09-15T23:00:00-07:00,53,75,1668.7
2025-09-15T23:30:00-07:00,54,74,1669
2025-09-16T00:00:00-07:00,55,73,1668.9
2025-09-16T00:30:00-07:00,55,72,1668.5
2025-09-16T01:00:00-07:00,56,72,1668.6
2025-09-16T01:30:00-07:00,56,71,1669.9
2025-09-16T02:00:00-07:00,56,70,1669.7
2025-09-16T02:30:00-07:00,56,69,1669.5
2025-09-16T03:00:00-07:00,56,69,1670.4
2025-09-16T03:30:00-07:00,56,68,1670.6
2025-09-16T04:00:00-07:00,56,68,1670.2
2025-09-16T04:30:00-07:00,57,68,1669.7
2025-09-16T05:00:00-07:00,57,67,1670.2
2025-09-16T05:30:00-07:00,58,66,1669.9
2025-09-16T06:00:00-07:00,58,66,1669.8
2025-09-16T06:30:00-07:00,59,65,1670
2025-09-16T07:00:00-07:00,59,66,1670.3
2025-09-16T07:30:00-07:00,58,66,1670.1
2025-09-16T08:00:00-07:00,58,70,1669.9
2025-09-16T08:30:00-07:00,55,74,1670.8
2025-09-16T09:00:00-07:00,50,77,1670.1
2025-09-16T09:30:00-07:00,45,81,1670.3
2025-09-16T10:00:00-07:00,42,83,1670.8
2025-09-16T10:30:00-07:00,39,86,1670.5
2025-09-16T11:00:00-07:00,36,88,1670
2025-09-16T11:30:00-07:00,34,90,1670
2025-09-16T12:00:00-07:00,31,92,1669.3
2025-09-16T12:30:00-07:00,30,93,1669.7
2025-09-16T13:00:00-07:00,30,94,1668.9
2025-09-16T13:30:00-07:00,31,94,1668.7
2025-09-16T14:00:00-07:00,30,93,1669
2025-09-16T14:30:00-07:00,29,93,1668.9
2025-09-16T15:00:00-07:00,28,95,1669
2025-09-16T15:30:00-07:00,24,98,1668.4
2025-09-16T16:00:00-07:00,24,99,1668.8
2025-09-16T16:30:00-07:00,27,97,1668.9
2025-09-16T17:00:00-07:00,30,93,1668.6
2025-09-16T17:30:00-07:00,30,92,1668.8
2025-09-16T18:00:00-07:00,32,88,1668.5
2025-09-16T18:30:00-07:00,36,85,1668.7
2025-09-16T19:00:00-07:00,42,83,1669
2025-09-16T19:30:00-07:00,46,80,1669.4
2025-09-16T20:00:00-07:00,49,78,1669.4
2025-09-16T20:30:00-07:00,51,76,1669.5
2025-09-16T21:00:00-07:00,53,75,1670.1
2025-09-16T21:30:00-07:00,55,75,1670.4
2025-09-16T22:00:00-07:00,55,74,1670.1
2025-09-16T22:30:00-07:00,56,74,1670.1
2025-09-16T23:00:00-07:00,57,73,1670.5
2025-09-16T23:30:00-07:00,57,72,1669.9
2025-09-17T00:00:00-07:00,56,72,1669.9
2025-09-17T00:30:00-07:00,57,71,1669.8
2025-09-17T01:00:00-07:00,58,70,1669.7
2025-09-17T01:30:00-07:00,59,69,1669.6
2025-09-17T02:00:00-07:00,59,68,1669.5
2025-09-17T02:30:00-07:00,60,68,1668.6
2025-09-17T03:00:00-07:00,61,68,1668.9
2025-09-17T03:30:00-07:00,61,67,1669.1
2025-09-17T04:00:00-07:00,62,67,1668.9
2025-09-17T04:30:00-07:00,62,66,1669.2
2025-09-17T05:00:00-07:00,61,66,1668.7
2025-09-17T05:30:00-07:00,62,65,1668.6
2025-09-17T06:00:00-07:00,62,65,1669.1
2025-09-17T06:30:00-07:00,62,65,1669.5
2025-09-17T07:00:00-07:00,62,64,1669.9
2025-09-17T07:30:00-07:00,62,65,1670.8
2025-09-17T08:00:00-07:00,62,67,1672
2025-09-17T08:30:00-07:00,59,70,1672.1
2025-09-17T09:00:00-07:00,56,73,1672.5
2025-09-17T09:30:00-07:00,52,76,1671.5
2025-09-17T10:00:00-07:00,48,79,1670.6
2025-09-17T10:30:00-07:00,45,81,1670.3
2025-09-17T11:00:00-07:00,43,84,1669.8
2025-09-17T11:30:00-07:00,41,85,1669.3
2025-09-17T12:00:00-07:00,39,87,1670
2025-09-17T12:30:00-07:00,36,89,1669.5
2025-09-17T13:00:00-07:00,30,91,1669.4
2025-09-17T13:30:00-07:00,28,94,1669
2025-09-17T14:00:00-07:00,28,95,1669.9
2025-09-17T14:30:00-07:00,28,96,1669.7
2025-09-17T15:00:00-07:00,27,96,1669.3
2025-09-17T15:30:00-07:00,21,101,1668.6
2025-09-17T16:00:00-07:00,20,101,1668.1
2025-09-17T16:30:00-07:00,24,98,1668.4
2025-09-17T17:00:00-07:00,26,94,1668.5
2025-09-17T17:30:00-07:00,30,92,1668.4
2025-09-17T18:00:00-07:00,34,89,1668.5
2025-09-17T18:30:00-07:00,37,85,1668.2
2025-09-17T19:00:00-07:00,39,83,1668.5
2025-09-17T19:30:00-07:00,40,81,1668.4
2025-09-17T20:00:00-07:00,42,80,1667.9
2025-09-17T20:30:00-07:00,44,80,1668.1
2025-09-17T21:00:00-07:00,46,78,1668.7
2025-09-17T21:30:00-07:00,46,78,1668.8
2025-09-17T22:00:00-07:00,48,77,1668.7
2025-09-17T22:30:00-07:00,49,76,1668.5
2025-09-17T23:00:00-07:00,50,75,1669
2025-09-17T23:30:00-07:00,52,74,1668.6
2025-09-18T00:00:00-07:00,52,74,1669
2025-09-18T00:30:00-07:00,53,73,1668.8
2025-09-18T01:00:00-07:00,54,72,1669.3
2025-09-18T01:30:00-07:00,55,72,1669
2025-09-18T02:00:00-07:00,55,71,1669.3
2025-09-18T02:30:00-07:00,56,71,1669.4
2025-09-18T03:00:00-07:00,57,70,1669.7
2025-09-18T03:30:00-07:00,57,70,1669.6
2025-09-18T04:00:00-07:00,57,70,1669.7
2025-09-18T04:30:00-07:00,57,69,1670
2025-09-18T05:00:00-07:00,57,69,1670.1
2025-09-18T05:30:00-07:00,57,69,1669.7
2025-09-18T06:00:00-07:00,58,70,1669.1
2025-09-18T06:30:00-07:00,58,70,1669.6
2025-09-18T07:00:00-07:00,57,70,1669.5
2025-09-18T07:30:00-07:00,57,71,1669.5
2025-09-18T08:00:00-07:00,57,71,1669.4
2025-09-18T08:30:00-07:00,57,71,1668.9
2025-09-18T09:00:00-07:00,55,73,1669.5
2025-09-18T09:30:00-07:00,51,76,1669.3
2025-09-18T10:00:00-07:00,47,78,1668.8
2025-09-18T10:30:00-07:00,46,79,1668.6
2025-09-18T11:00:00-07:00,44,81,1668.9
2025-09-18T11:30:00-07:00,43,82,1669.4
2025-09-18T12:00:00-07:00,42,82,1668.9
2025-09-18T12:30:00-07:00,40,84,1669
2025-09-18T13:00:00-07:00,38,86,1668.9
2025-09-18T13:30:00-07:00,39,85,1669
2025-09-18T14:00:00-07:00,41,83,1669.4
2025-09-18T14:30:00-07:00,43,81,1669.4
2025-09-18T15:00:00-07:00,43,81,1669.3
2025-09-18T15:30:00-07:00,44,80,1670.1
2025-09-18T16:00:00-07:00,47,77,1669.5
2025-09-18T16:30:00-07:00,48,76,1669.1
2025-09-18T17:00:00-07:00,48,76,1669.2
2025-09-18T17:30:00-07:00,49,75,1668.8
2025-09-18T18:00:00-07:00,49,75,1668.8
2025-09-18T18:30:00-07:00,51,74,1668.4
2025-09-18T19:00:00-07:00,51,73,1668.3
2025-09-18T19:30:00-07:00,52,72,1668.5
2025-09-18T20:00:00-07:00,54,72,1668.7
2025-09-18T20:30:00-07:00,54,72,1668.6
2025-09-18T21:00:00-07:00,55,72,1669.1
2025-09-18T21:30:00-07:00,57,71,1669.3
2025-09-18T22:00:00-07:00,58,71,1669.9
2025-09-18T22:30:00-07:00,59,70,1669.7
2025-09-18T23:00:00-07:00,60,70,1669.9
2025-09-18T23:30:00-07:00,60,69,1675.8
2025-09-19T00:00:00-07:00,61,69,1670.4
2025-09-19T00:30:00-07:00,62,68,1670.2
2025-09-19T01:00:00-07:00,62,68,1671.3
2025-09-19T01:30:00-07:00,62,68,1670.5
2025-09-19T02:00:00-07:00,62,68,1670.4
2025-09-19T02:30:00-07:00,62,68,1670.5
2025-09-19T03:00:00-07:00,62,68,1671.1
2025-09-19T03:30:00-07:00,62,68,1670.5
2025-09-19T04:00:00-07:00,63,67,1671.1
2025-09-19T04:30:00-07:00,62,67,1670.5
2025-09-19T05:00:00-07:00,62,67,1670
2025-09-19T05:30:00-07:00,62,68,1670.6
2025-09-19T06:00:00-07:00,62,68,1670.8
2025-09-19T06:30:00-07:00,62,68,1671
2025-09-19T07:00:00-07:00,61,68,1671.7
2025-09-19T07:30:00-07:00,61,69,1671.7
2025-09-19T08:00:00-07:00,61,69,1671.9
2025-09-19T08:30:00-07:00,59,70,1671.7
2025-09-19T09:00:00-07:00,57,72,1670.9
2025-09-19T09:30:00-07:00,54,74,1671.1
2025-09-19T10:00:00-07:00,51,76,1670.8
2025-09-19T10:30:00-07:00,48,77,1670.7
2025-09-19T11:00:00-07:00,46,80,1670.6
2025-09-19T11:30:00-07:00,43,82,1670.2
2025-09-19T12:00:00-07:00,41,84,1669.9
2025-09-19T12:30:00-07:00,39,86,1670.5
2025-09-19T13:00:00-07:00,37,87,1670.7
2025-09-19T13:30:00-07:00,35,88,1670.3
2025-09-19T14:00:00-07:00,35,88,1669.5
2025-09-19T14:30:00-07:00,35,88,1668.5
2025-09-19T15:00:00-07:00,36,87,1668.2
2025-09-19T15:30:00-07:00,35,88,1667.6
2025-09-19T16:00:00-07:00,36,87,1667.7
2025-09-19T16:30:00-07:00,37,86,1667.6
2025-09-19T17:00:00-07:00,39,83,1668.1
2025-09-19T17:30:00-07:00,40,83,1667.9
2025-09-19T18:00:00-07:00,43,80,1668.2
2025-09-19T18:30:00-07:00,47,77,1668.9
2025-09-19T19:00:00-07:00,50,75,1668.6
2025-09-19T19:30:00-07:00,53,73,1668.3
2025-09-19T20:00:00-07:00,55,73,1668.9
2025-09-19T20:30:00-07:00,55,72,1669.3
2025-09-19T21:00:00-07:00,56,72,1669.5
2025-09-19T21:30:00-07:00,58,71,1669.6
2025-09-19T22:00:00-07:00,59,71,1669.4
2025-09-19T22:30:00-07:00,59,71,1669
2025-09-19T23:00:00-07:00,59,70,1669.6
2025-09-19T23:30:00-07:00,60,70,1669.7
2025-09-20T00:00:00-07:00,60,70,1669.6
2025-09-20T00:30:00-07:00,60,69,1669.4
2025-09-20T01:00:00-07:00,60,69,1669.8
2025-09-20T01:30:00-07:00,60,69,1669.9
2025-09-20T02:00:00-07:00,60,68,1670.2
2025-09-20T02:30:00-07:00,60,68,1669.6
2025-09-20T03:00:00-07:00,59,69,1669.6
2025-09-20T03:30:00-07:00,59,69,1669.6
2025-09-20T04:00:00-07:00,60,68,1670
2025-09-20T04:30:00-07:00,60,67,1669.5
2025-09-20T05:00:00-07:00,61,67,1669.6
2025-09-20T05:30:00-07:00,61,66,1669.1
2025-09-20T06:00:00-07:00,61,66,1669.5
2025-09-20T06:30:00-07:00,61,65,1669.5
2025-09-20T07:00:00-07:00,61,66,1668.8
2025-09-20T07:30:00-07:00,61,68,1670.4
2025-09-20T08:00:00-07:00,59,70,1669.8
2025-09-20T08:30:00-07:00,57,72,1669.7
2025-09-20T09:00:00-07:00,55,74,1670.8
2025-09-20T09:30:00-07:00,53,75,1670.7
2025-09-20T10:00:00-07:00,50,77,1671.3
2025-09-20T10:30:00-07:00,49,78,1672.3
2025-09-20T11:00:00-07:00,47,80,1672.3
2025-09-20T11:30:00-07:00,45,82,1671.8
2025-09-20T12:00:00-07:00,42,84,1670.8
2025-09-20T12:30:00-07:00,39,85,1669.7
2025-09-20T13:00:00-07:00,37,86,1669.2
2025-09-20T13:30:00-07:00,37,87,1669
2025-09-20T14:00:00-07:00,37,87,1668.9
2025-09-20T14:30:00-07:00,37,87,1668.1
2025-09-20T15:00:00-07:00,35,87,1667.8
2025-09-20T15:30:00-07:00,33,89,1667.6
2025-09-20T16:00:00-07:00,33,88,1667.8
2025-09-20T16:30:00-07:00,35,86,1668.2
2025-09-20T17:00:00-07:00,39,83,1668.3
2025-09-20T17:30:00-07:00,40,82,1667.9
2025-09-20T18:00:00-07:00,43,80,1668.4
2025-09-20T18:30:00-07:00,46,77,1668.2
2025-09-20T19:00:00-07:00,51,75,1668.6
2025-09-20T19:30:00-07:00,53,74,1668.2
2025-09-20T20:00:00-07:00,53,73,1668.5
2025-09-20T20:30:00-07:00,54,73,1668.2
2025-09-20T21:00:00-07:00,54,72,1668.5
2025-09-20T21:30:00-07:00,56,72,1668.4
2025-09-20T22:00:00-07:00,57,71,1668.8
2025-09-20T22:30:00-07:00,58,71,1668.8
2025-09-20T23:00:00-07:00,59,70,1668.5
2025-09-20T23:30:00-07:00,60,70,1668.9
2025-09-21T00:00:00-07:00,61,69,1668.9
2025-09-21T00:30:00-07:00,63,69,1668.8
2025-09-21T01:00:00-07:00,63,69,1669.1
2025-09-21T01:30:00-07:00,63,69,1669.1
2025-09-21T02:00:00-07:00,63,69,1669.3
2025-09-21T02:30:00-07:00,62,68,1669.4
2025-09-21T03:00:00-07:00,63,68,1669.8
2025-09-21T03:30:00-07:00,63,68,1669.4
2025-09-21T04:00:00-07:00,65,68,1669.6
2025-09-21T04:30:00-07:00,65,68,1669.5
2025-09-21T05:00:00-07:00,65,69,1669.2
2025-09-21T05:30:00-07:00,64,69,1668.9
2025-09-21T06:00:00-07:00,62,69,1668.9
2025-09-21T06:30:00-07:00,62,69,1669
2025-09-21T07:00:00-07:00,61,69,1668.6
2025-09-21T07:30:00-07:00,61,69,1668.3
2025-09-21T08:00:00-07:00,61,69,1668.5
2025-09-21T08:30:00-07:00,60,69,1667.6
2025-09-21T09:00:00-07:00,59,70,1667
2025-09-21T09:30:00-07:00,58,70,1667.2
2025-09-21T10:00:00-07:00,56,71,1666.8
2025-09-21T10:30:00-07:00,55,72,1667.1
2025-09-21T11:00:00-07:00,51,75,1667.3
2025-09-21T11:30:00-07:00,48,77,1667.2
2025-09-21T12:00:00-07:00,46,79,1667.5
2025-09-21T12:30:00-07:00,43,82,1668.1
2025-09-21T13:00:00-07:00,41,84,1668.4
2025-09-21T13:30:00-07:00,41,84,1668.3
2025-09-21T14:00:00-07:00,40,84,1667.8
2025-09-21T14:30:00-07:00,39,85,1667.7
2025-09-21T15:00:00-07:00,36,87,1667.8
2025-09-21T15:30:00-07:00,33,90,1668.1
2025-09-21T16:00:00-07:00,31,92,1668.7
2025-09-21T16:30:00-07:00,31,90,1668.9
2025-09-21T17:00:00-07:00,33,90,1668.7
2025-09-21T17:30:00-07:00,34,88,1668.5
2025-09-21T18:00:00-07:00,39,84,1669.1
2025-09-21T18:30:00-07:00,42,81,1669.2
2025-09-21T19:00:00-07:00,46,78,1669.3
2025-09-21T19:30:00-07:00,49,75,1669.8
2025-09-21T20:00:00-07:00,52,74,1669.3
2025-09-21T20:30:00-07:00,53,73,1669.2
2025-09-21T21:00:00-07:00,54,73,1669.6
2025-09-21T21:30:00-07:00,55,72,1669.6
2025-09-21T22:00:00-07:00,55,71,1669.4
2025-09-21T22:30:00-07:00,56,70,1669.6
2025-09-21T23:00:00-07:00,57,69,1669.3
2025-09-21T23:30:00-07:00,58,68,1669.7
2025-09-22T00:00:00-07:00,58,68,1669.7
2025-09-22T00:30:00-07:00,58,67,1669.7
2025-09-22T01:00:00-07:00,59,67,1669.8
2025-09-22T01:30:00-07:00,60,67,1669.7
2025-09-22T02:00:00-07:00,60,66,1669.5
2025-09-22T02:30:00-07:00,60,66,1669.8
2025-09-22T03:00:00-07:00,60,65,1669.6
2025-09-22T03:30:00-07:00,60,64,1669.3
2025-09-22T04:00:00-07:00,59,64,1668.5
2025-09-22T04:30:00-07:00,59,63,1669
2025-09-22T05:00:00-07:00,60,63,1669
2025-09-22T05:30:00-07:00,59,63,1668.6
2025-09-22T06:00:00-07:00,60,62,1668.6
2025-09-22T06:30:00-07:00,60,62,1668.2
2025-09-22T07:00:00-07:00,60,62,1668.6
2025-09-22T07:30:00-07:00,59,63,1668.6
2025-09-22T08:00:00-07:00,58,65,1670.2
2025-09-22T08:30:00-07:00,59,69,1669.5
2025-09-22T09:00:00-07:00,55,72,1669.2
2025-09-22T09:30:00-07:00,51,75,1669.4
2025-09-22T10:00:00-07:00,47,78,1669.4
2025-09-22T10:30:00-07:00,43,81,1668.9
2025-09-22T11:00:00-07:00,41,83,1669
2025-09-22T11:30:00-07:00,40,85,1668.6
2025-09-22T12:00:00-07:00,37,87,1668.8
2025-09-22T12:30:00-07:00,34,89,1668.3
2025-09-22T13:00:00-07:00,32,90,1668.1
2025-09-22T13:30:00-07:00,29,91,1668.1
2025-09-22T14:00:00-07:00,27,92,1668
2025-09-22T14:30:00-07:00,25,94,1667.8
2025-09-22T15:00:00-07:00,24,96,1668
2025-09-22T15:30:00-07:00,23,99,1668.3
2025-09-22T16:00:00-07:00,23,100,1669.5
2025-09-22T16:30:00-07:00,24,98,1669.9
2025-09-22T17:00:00-07:00,27,96,1669.6
2025-09-22T17:30:00-07:00,28,94,1669.5
2025-09-22T18:00:00-07:00,32,90,1669.5
2025-09-22T18:30:00-07:00,37,87,1669.3
2025-09-22T19:00:00-07:00,40,83,1669.6
2025-09-22T19:30:00-07:00,42,81,1669.3
2025-09-22T20:00:00-07:00,43,80,1669.6
2025-09-22T20:30:00-07:00,43,79,1669.4
2025-09-22T21:00:00-07:00,44,78,1669.1
2025-09-22T21:30:00-07:00,45,77,1668.6
2025-09-22T22:00:00-07:00,49,76,1669
2025-09-22T22:30:00-07:00,50,75,1669.4
2025-09-22T23:00:00-07:00,49,74,1669.7
2025-09-22T23:30:00-07:00,50,72,1668.7
2025-09-23T00:00:00-07:00,51,71,1669.6
2025-09-23T00:30:00-07:00,52,70,1669.3
2025-09-23T01:00:00-07:00,53,70,1669.7
2025-09-23T01:30:00-07:00,54,69,1671.5
2025-09-23T02:00:00-07:00,54,68,1669.9
2025-09-23T02:30:00-07:00,54,68,1669.7
2025-09-23T03:00:00-07:00,55,67,1669.4
2025-09-23T03:30:00-07:00,55,67,1669.2
2025-09-23T04:00:00-07:00,55,67,1669
2025-09-23T04:30:00-07:00,55,66,1668.7
2025-09-23T05:00:00-07:00,56,66,1669.6
2025-09-23T05:30:00-07:00,56,65,1669.5
2025-09-23T06:00:00-07:00,57,65,1669.3
2025-09-23T06:30:00-07:00,57,64,1668.8
2025-09-23T07:00:00-07:00,58,64,1669.4
2025-09-23T07:30:00-07:00,57,65,1669.3
2025-09-23T08:00:00-07:00,57,68,1669.8
2025-09-23T08:30:00-07:00,55,72,1670.9
2025-09-23T09:00:00-07:00,51,76,1671.7
2025-09-23T09:30:00-07:00,44,79,1670.2
2025-09-23T10:00:00-07:00,41,83,1671.2
2025-09-23T10:30:00-07:00,40,85,1670.8
2025-09-23T11:00:00-07:00,38,88,1670.2
2025-09-23T11:30:00-07:00,33,90,1669.5
2025-09-23T12:00:00-07:00,29,93,1669.2
2025-09-23T12:30:00-07:00,27,96,1669
2025-09-23T13:00:00-07:00,24,98,1668.7
2025-09-23T13:30:00-07:00,23,99,1668.8
2025-09-23T14:00:00-07:00,23,99,1669.2
2025-09-23T14:30:00-07:00,23,101,1669.3
2025-09-23T15:00:00-07:00,19,103,1667
2025-09-23T15:30:00-07:00,16,107,575.7
2025-09-23T16:00:00-07:00,18,107,1084.3
2025-09-23T16:30:00-07:00,22,103,1670.6
2025-09-23T17:00:00-07:00,25,100,1669.8
2025-09-23T17:30:00-07:00,26,97,1669.5
2025-09-23T18:00:00-07:00,27,94,1669
2025-09-23T18:30:00-07:00,29,91,1669.1
2025-09-23T19:00:00-07:00,34,88,1668.4
2025-09-23T19:30:00-07:00,37,86,1669.1
2025-09-23T20:00:00-07:00,39,84,1669.2
2025-09-23T20:30:00-07:00,40,83,1669
2025-09-23T21:00:00-07:00,40,81,1669.1
2025-09-23T21:30:00-07:00,40,80,1669
2025-09-23T22:00:00-07:00,43,80,1669
2025-09-23T22:30:00-07:00,45,79,1669
2025-09-23T23:00:00-07:00,46,78,1669.4
2025-09-23T23:30:00-07:00,47,77,1669.6
2025-09-24T00:00:00-07:00,47,77,1670.1
2025-09-24T00:30:00-07:00,47,76,1670
2025-09-24T01:00:00-07:00,46,76,1670.1
2025-09-24T01:30:00-07:00,46,75,1669.5
2025-09-24T02:00:00-07:00,48,74,1669.8
2025-09-24T02:30:00-07:00,51,73,1669.4
2025-09-24T03:00:00-07:00,51,73,1669.9
2025-09-24T03:30:00-07:00,50,73,1669.9
2025-09-24T04:00:00-07:00,50,73,1670
2025-09-24T04:30:00-07:00,53,73,1669.8
2025-09-24T05:00:00-07:00,55,73,1670.3
2025-09-24T05:30:00-07:00,55,73,1670.5
2025-09-24T06:00:00-07:00,55,73,1670.4
2025-09-24T06:30:00-07:00,55,73,1670.6
2025-09-24T07:00:00-07:00,55,73,1670.6
2025-09-24T07:30:00-07:00,55,73,1670.8
2025-09-24T08:00:00-07:00,55,74,1671.1
2025-09-24T08:30:00-07:00,53,75,1670.8
2025-09-24T09:00:00-07:00,50,77,1670.3
2025-09-24T09:30:00-07:00,49,78,1670
2025-09-24T10:00:00-07:00,47,79,1670.1
2025-09-24T10:30:00-07:00,46,79,1669.8
2025-09-24T11:00:00-07:00,44,80,1669.9
2025-09-24T11:30:00-07:00,43,80,1669.8
2025-09-24T12:00:00-07:00,44,80,1669.9
2025-09-24T12:30:00-07:00,44,81,1670.2
2025-09-24T13:00:00-07:00,44,81,1669.4
2025-09-24T13:30:00-07:00,46,82,1669.4
2025-09-24T14:00:00-07:00,47,82,1668.7
2025-09-24T14:30:00-07:00,45,83,1669.2
2025-09-24T15:00:00-07:00,39,86,1669.1
2025-09-24T15:30:00-07:00,34,88,1669.1
2025-09-24T16:00:00-07:00,32,89,1669
2025-09-24T16:30:00-07:00,31,89,1668.9
2025-09-24T17:00:00-07:00,30,89,1668.8
2025-09-24T17:30:00-07:00,33,87,1668.6
2025-09-24T18:00:00-07:00,37,84,1669.2
2025-09-24T18:30:00-07:00,40,81,1669.3
2025-09-24T19:00:00-07:00,40,80,1669.2
2025-09-24T19:30:00-07:00,41,79,1669.7
2025-09-24T20:00:00-07:00,41,79,1669.6
2025-09-24T20:30:00-07:00,41,79,1669.8
2025-09-24T21:00:00-07:00,43,78,1670
2025-09-24T21:30:00-07:00,44,77,1670.4
2025-09-24T22:00:00-07:00,45,77,1670.7
2025-09-24T22:30:00-07:00,46,76,1670.8
2025-09-24T23:00:00-07:00,48,76,1671.3
2025-09-24T23:30:00-07:00,49,75,1670.3
2025-09-25T00:00:00-07:00,50,75,1670.2
2025-09-25T00:30:00-07:00,50,74,1670.1
2025-09-25T01:00:00-07:00,50,74,1669.7
2025-09-25T01:30:00-07:00,51,74,1670.1
2025-09-25T02:00:00-07:00,51,74,1669.3
2025-09-25T02:30:00-07:00,53,73,1669.2
2025-09-25T03:00:00-07:00,52,73,1669.1
2025-09-25T03:30:00-07:00,51,73,1669.4
2025-09-25T04:00:00-07:00,53,72,1669.5
2025-09-25T04:30:00-07:00,54,72,1670.1
2025-09-25T05:00:00-07:00,55,71,1670.3
2025-09-25T05:30:00-07:00,55,70,1670.5
2025-09-25T06:00:00-07:00,56,69,1670.6
2025-09-25T06:30:00-07:00,57,69,1670.7
2025-09-25T07:00:00-07:00,57,69,1671.2
2025-09-25T07:30:00-07:00,60,69,1670.5
2025-09-25T08:00:00-07:00,62,70,1670.9
2025-09-25T08:30:00-07:00,60,73,1670.9
2025-09-25T09:00:00-07:00,55,75,1670.6
2025-09-25T09:30:00-07:00,50,78,1669.7
2025-09-25T10:00:00-07:00,48,79,1668.5
2025-09-25T10:30:00-07:00,46,80,1668
2025-09-25T11:00:00-07:00,41,83,1667.3
2025-09-25T11:30:00-07:00,37,86,1667.5
2025-09-25T12:00:00-07:00,38,87,1669.4
2025-09-25T12:30:00-07:00,38,86,1670.9
2025-09-25T13:00:00-07:00,36,87,1671
2025-09-25T13:30:00-07:00,36,87,1670.5
2025-09-25T14:00:00-07:00,34,88,1669.9
2025-09-25T14:30:00-07:00,35,87,1670.2
2025-09-25T15:00:00-07:00,37,87,1670.6
2025-09-25T15:30:00-07:00,35,88,1669.8
2025-09-25T16:00:00-07:00,37,85,1671.1
2025-09-25T16:30:00-07:00,41,81,1670.7
2025-09-25T17:00:00-07:00,44,79,1670.9
2025-09-25T17:30:00-07:00,46,77,1670.3
2025-09-25T18:00:00-07:00,49,75,1670.3
2025-09-25T18:30:00-07:00,52,72,1671
2025-09-25T19:00:00-07:00,55,71,1671
2025-09-25T19:30:00-07:00,55,70,1671.3
2025-09-25T20:00:00-07:00,56,70,1671.4
2025-09-25T20:30:00-07:00,57,69,1671.3
2025-09-25T21:00:00-07:00,57,68,1672.2
2025-09-25T21:30:00-07:00,58,68,1671.8
2025-09-25T22:00:00-07:00,58,68,1671.9
2025-09-25T22:30:00-07:00,58,68,1672.2
2025-09-25T23:00:00-07:00,59,67,1671.9
2025-09-25T23:30:00-07:00,59,67,1671.7
2025-09-26T00:00:00-07:00,59,67,1672.2
2025-09-26T00:30:00-07:00,59,68,1671.9
2025-09-26T01:00:00-07:00,58,68,1671.6
2025-09-26T01:30:00-07:00,56,69,1672.2
2025-09-26T02:00:00-07:00,55,69,1671.8
2025-09-26T02:30:00-07:00,55,69,1672.3
2025-09-26T03:00:00-07:00,55,69,1672.2
2025-09-26T03:30:00-07:00,56,69,1673.2
2025-09-26T04:00:00-07:00,57,69,1674
2025-09-26T04:30:00-07:00,57,70,1675
2025-09-26T05:00:00-07:00,57,70,1674.7
2025-09-26T05:30:00-07:00,57,69,1674.3
2025-09-26T06:00:00-07:00,58,69,1674.5
2025-09-26T06:30:00-07:00,58,68,1674.3
2025-09-26T07:00:00-07:00,59,68,1674.3
2025-09-26T07:30:00-07:00,59,67,1674.8
2025-09-26T08:00:00-07:00,60,68,1675
2025-09-26T08:30:00-07:00,57,70,1675
2025-09-26T09:00:00-07:00,53,73,1674.5
2025-09-26T09:30:00-07:00,50,75,1675
2025-09-26T10:00:00-07:00,47,77,1674.6
2025-09-26T10:30:00-07:00,45,79,1674.5
2025-09-26T11:00:00-07:00,43,81,1674
2025-09-26T11:30:00-07:00,42,82,1673.7
2025-09-26T12:00:00-07:00,40,85,1674
2025-09-26T12:30:00-07:00,38,87,1675
2025-09-26T13:00:00-07:00,36,88,1674.9
2025-09-26T13:30:00-07:00,34,89,1674.3
2025-09-26T14:00:00-07:00,32,89,1673.1
2025-09-26T14:30:00-07:00,31,90,1673
2025-09-26T15:00:00-07:00,30,91,1672
2025-09-26T15:30:00-07:00,29,94,1671.5
2025-09-26T16:00:00-07:00,29,94,1671.9
2025-09-26T16:30:00-07:00,30,91,1672.4
2025-09-26T17:00:00-07:00,31,88,1672.7
2025-09-26T17:30:00-07:00,33,86,1673.6
2025-09-26T18:00:00-07:00,35,83,1674.2
2025-09-26T18:30:00-07:00,38,81,1675.6
2025-09-26T19:00:00-07:00,40,78,1675.7
2025-09-26T19:30:00-07:00,43,76,1675.8
2025-09-26T20:00:00-07:00,45,75,1676.5
2025-09-26T20:30:00-07:00,47,73,1677.6
2025-09-26T21:00:00-07:00,49,72,1678.3
2025-09-26T21:30:00-07:00,50,71,1678.2
2025-09-26T22:00:00-07:00,51,71,1678.1
2025-09-26T22:30:00-07:00,51,71,1678.8
2025-09-26T23:00:00-07:00,52,70,1678.3
2025-09-26T23:30:00-07:00,52,69,1678.5
2025-09-27T00:00:00-07:00,52,69,1679
2025-09-27T00:30:00-07:00,53,68,1679.3
2025-09-27T01:00:00-07:00,53,68,1679.8
2025-09-27T01:30:00-07:00,53,67,1679.6
2025-09-27T02:00:00-07:00,55,67,1679.5
2025-09-27T02:30:00-07:00,55,66,1679.3
2025-09-27T03:00:00-07:00,56,66,1679.6
2025-09-27T03:30:00-07:00,57,65,1679.3
2025-09-27T04:00:00-07:00,58,65,1679.3
2025-09-27T04:30:00-07:00,58,64,1679.5
2025-09-27T05:00:00-07:00,59,64,1679.6
2025-09-27T05:30:00-07:00,59,64,1677.8
2025-09-27T06:00:00-07:00,59,64,1676.2
2025-09-27T06:30:00-07:00,60,63,1676
2025-09-27T07:00:00-07:00,60,63,1675.9
2025-09-27T07:30:00-07:00,59,64,1675.3
2025-09-27T08:00:00-07:00,60,66,1675.2
2025-09-27T08:30:00-07:00,58,68,1674.8
2025-09-27T09:00:00-07:00,54,71,1673.9
2025-09-27T09:30:00-07:00,50,74,1673.5
2025-09-27T10:00:00-07:00,47,76,1672.7
2025-09-27T10:30:00-07:00,44,79,1673.3
2025-09-27T11:00:00-07:00,42,80,1673.6
2025-09-27T11:30:00-07:00,40,82,1672.3
2025-09-27T12:00:00-07:00,39,83,1671.6
2025-09-27T12:30:00-07:00,38,85,1671.8
2025-09-27T13:00:00-07:00,37,86,1671.2
2025-09-27T13:30:00-07:00,38,86,1670.4
2025-09-27T14:00:00-07:00,38,85,1670.2
2025-09-27T14:30:00-07:00,39,84,1670.1
2025-09-27T15:00:00-07:00,38,85,1669.9
2025-09-27T15:30:00-07:00,35,88,1669.1
2025-09-27T16:00:00-07:00,34,89,1668.5
2025-09-27T16:30:00-07:00,37,86,1668.8
2025-09-27T17:00:00-07:00,38,84,1668.2
2025-09-27T17:30:00-07:00,40,83,1668.4
2025-09-27T18:00:00-07:00,44,80,1668.5
2025-09-27T18:30:00-07:00,46,78,1669.3
2025-09-27T19:00:00-07:00,49,76,1670
2025-09-27T19:30:00-07:00,51,74,1670.8
2025-09-27T20:00:00-07:00,53,73,1671.1
2025-09-27T20:30:00-07:00,54,72,1670.7
2025-09-27T21:00:00-07:00,55,72,1670.7
2025-09-27T21:30:00-07:00,56,71,1670.2
2025-09-27T22:00:00-07:00,56,71,1670.7
2025-09-27T22:30:00-07:00,56,72,1670.8
2025-09-27T23:00:00-07:00,56,72,1670.1
2025-09-27T23:30:00-07:00,57,70,1669.8
2025-09-28T00:00:00-07:00,57,70,1669.3
2025-09-28T00:30:00-07:00,58,71,1668.8
2025-09-28T01:00:00-07:00,57,71,1668.8
2025-09-28T01:30:00-07:00,56,72,1669.2
2025-09-28T02:00:00-07:00,56,72,1669
2025-09-28T02:30:00-07:00,55,72,1669.1
2025-09-28T03:00:00-07:00,55,72,1669.3
2025-09-28T03:30:00-07:00,55,73,1669.1
2025-09-28T04:00:00-07:00,54,73,1668.9
2025-09-28T04:30:00-07:00,54,73,1668.8
2025-09-28T05:00:00-07:00,54,73,1668
2025-09-28T05:30:00-07:00,54,73,1667.7
2025-09-28T06:00:00-07:00,54,73,1667.3
2025-09-28T06:30:00-07:00,55,73,1667.2
2025-09-28T07:00:00-07:00,56,72,1667.6
2025-09-28T07:30:00-07:00,56,72,1668.6
2025-09-28T08:00:00-07:00,56,72,1668.8
2025-09-28T08:30:00-07:00,55,72,1668.5
2025-09-28T09:00:00-07:00,54,73,1668.7
2025-09-28T09:30:00-07:00,53,75,1669.6
2025-09-28T10:00:00-07:00,51,76,1670.1
2025-09-28T10:30:00-07:00,50,77,1669.7
2025-09-28T11:00:00-07:00,48,78,1668.1
2025-09-28T11:30:00-07:00,47,79,1668.9
2025-09-28T12:00:00-07:00,48,78,1668.7
2025-09-28T12:30:00-07:00,50,77,1671.9
2025-09-28T13:00:00-07:00,49,77,1675.4
2025-09-28T13:30:00-07:00,48,78,1676.3
2025-09-28T14:00:00-07:00,47,79,1673.9
2025-09-28T14:30:00-07:00,46,80,1671.5
2025-09-28T15:00:00-07:00,43,82,1669.7
2025-09-28T15:30:00-07:00,39,85,1668.9
2025-09-28T16:00:00-07:00,39,85,1668.6
2025-09-28T16:30:00-07:00,40,84,1668.5
2025-09-28T17:00:00-07:00,42,81,1668.5
2025-09-28T17:30:00-07:00,44,80,1668.8
2025-09-28T18:00:00-07:00,44,79,1668.8
2025-09-28T18:30:00-07:00,46,79,1668.7
2025-09-28T19:00:00-07:00,46,78,1668.4
2025-09-28T19:30:00-07:00,47,77,1667.4
2025-09-28T20:00:00-07:00,49,76,1667
2025-09-28T20:30:00-07:00,50,75,1667
2025-09-28T21:00:00-07:00,50,75,1667.5
2025-09-28T21:30:00-07:00,50,75,1667.6
2025-09-28T22:00:00-07:00,50,75,1667.9
2025-09-28T22:30:00-07:00,50,75,1668.2
2025-09-28T23:00:00-07:00,50,75,1667.9
2025-09-28T23:30:00-07:00,51,75,1668.4
2025-09-29T00:00:00-07:00,50,75,1668.1
2025-09-29T00:30:00-07:00,50,74,1667.9
2025-09-29T01:00:00-07:00,50,74,1667.9
2025-09-29T01:30:00-07:00,51,74,1668.2
2025-09-29T02:00:00-07:00,51,74,1668.4
2025-09-29T02:30:00-07:00,52,73,1668.4
2025-09-29T03:00:00-07:00,53,73,1667.9
2025-09-29T03:30:00-07:00,53,73,1667.6
2025-09-29T04:00:00-07:00,55,73,1667.4
2025-09-29T04:30:00-07:00,56,73,1667.9
2025-09-29T05:00:00-07:00,56,72,1669.1
2025-09-29T05:30:00-07:00,56,73,1668.9
2025-09-29T06:00:00-07:00,56,73,1669.5
2025-09-29T06:30:00-07:00,56,72,1669.5
2025-09-29T07:00:00-07:00,57,72,1669.9
2025-09-29T07:30:00-07:00,57,72,1669.8
2025-09-29T08:00:00-07:00,56,73,1669.6
2025-09-29T08:30:00-07:00,55,74,1669.4
2025-09-29T09:00:00-07:00,51,75,1668.8
2025-09-29T09:30:00-07:00,50,74,1668.6
2025-09-29T10:00:00-07:00,50,75,1667.9
2025-09-29T10:30:00-07:00,48,77,1668.4
2025-09-29T11:00:00-07:00,47,78,1668.7
2025-09-29T11:30:00-07:00,46,77,1668.4
2025-09-29T12:00:00-07:00,46,78,1668.7
2025-09-29T12:30:00-07:00,45,79,1668.7
2025-09-29T13:00:00-07:00,42,81,1669.2
2025-09-29T13:30:00-07:00,39,82,1669.1
2025-09-29T14:00:00-07:00,37,83,1669.6
2025-09-29T14:30:00-07:00,36,83,1669.5
2025-09-29T15:00:00-07:00,35,84,1669.6
2025-09-29T15:30:00-07:00,32,87,1669.9
2025-09-29T16:00:00-07:00,31,86,1669.9
2025-09-29T16:30:00-07:00,32,86,1669.8
2025-09-29T17:00:00-07:00,36,84,1671.2
2025-09-29T17:30:00-07:00,38,81,1668.8
2025-09-29T18:00:00-07:00,41,79,1668
2025-09-29T18:30:00-07:00,43,78,1668.3
2025-09-29T19:00:00-07:00,44,77,1669.3
2025-09-29T19:30:00-07:00,45,76,1670.2
2025-09-29T20:00:00-07:00,46,76,1670.7
2025-09-29T20:30:00-07:00,46,75,1669.9
2025-09-29T21:00:00-07:00,50,75,1669.9
2025-09-29T21:30:00-07:00,52,74,1670.3
2025-09-29T22:00:00-07:00,52,74,1670.1
2025-09-29T22:30:00-07:00,52,73,1669.6
2025-09-29T23:00:00-07:00,51,74,1669.8
2025-09-29T23:30:00-07:00,51,74,1669.5
2025-09-30T00:00:00-07:00,51,74,1668.4
2025-09-30T00:30:00-07:00,52,73,1667.9
2025-09-30T01:00:00-07:00,55,73,1667.9
2025-09-30T01:30:00-07:00,57,73,1667.9
2025-09-30T02:00:00-07:00,55,72,1668.6
2025-09-30T02:30:00-07:00,57,71,1670
2025-09-30T03:00:00-07:00,61,70,1671.5
2025-09-30T03:30:00-07:00,62,70,1671.1
2025-09-30T04:00:00-07:00,63,69,1670.9
2025-09-30T04:30:00-07:00,63,69,1671.5
2025-09-30T05:00:00-07:00,63,68,1671
2025-09-30T05:30:00-07:00,63,68,1670.4
2025-09-30T06:00:00-07:00,64,68,1670.8
2025-09-30T06:30:00-07:00,64,67,1670.2
2025-09-30T07:00:00-07:00,64,67,1670.2
2025-09-30T07:30:00-07:00,64,68,1669.9
2025-09-30T08:00:00-07:00,64,69,1669.6
2025-09-30T08:30:00-07:00,62,71,1669.1
2025-09-30T09:00:00-07:00,58,73,1668.2
2025-09-30T09:30:00-07:00,54,75,1668.1
2025-09-30T10:00:00-07:00,50,76,1667.3
2025-09-30T10:30:00-07:00,47,78,1667
2025-09-30T11:00:00-07:00,45,78,1667.2
2025-09-30T11:30:00-07:00,41,81,1666.5
2025-09-30T12:00:00-07:00,37,84,1666.4
2025-09-30T12:30:00-07:00,32,85,1667.4
2025-09-30T13:00:00-07:00,32,86,1667.1
2025-09-30T13:30:00-07:00,31,86,1667.3
2025-09-30T14:00:00-07:00,32,86,1667.2
2025-09-30T14:30:00-07:00,32,86,1666.7
2025-09-30T15:00:00-07:00,30,87,1666.3
2025-09-30T15:30:00-07:00,30,87,1667
2025-09-30T16:00:00-07:00,32,85,1666.7
2025-09-30T16:30:00-07:00,35,84,1666.6
2025-09-30T17:00:00-07:00,37,83,1666.6
2025-09-30T17:30:00-07:00,41,80,1667.3
2025-09-30T18:00:00-07:00,43,79,1667.1
2025-09-30T18:30:00-07:00,47,78,1667.1
2025-09-30T19:00:00-07:00,49,76,1667.3
2025-09-30T19:30:00-07:00,49,76,1668.2
2025-09-30T20:00:00-07:00,50,76,1668.1
2025-09-30T20:30:00-07:00,52,75,1667.9
2025-09-30T21:00:00-07:00,50,74,1667.3
2025-09-30T21:30:00-07:00,49,74,1667
2025-09-30T22:00:00-07:00,48,74,1667.4
2025-09-30T22:30:00-07:00,48,74,1667.5
2025-09-30T23:00:00-07:00,48,74,1667.6
2025-09-30T23:30:00-07:00,48,73,1667.8
2025-10-01T00:00:00-07:00,49,73,1667.4
2025-10-01T00:30:00-07:00,51,72,1667.4
2025-10-01T01:00:00-07:00,51,72,1667
2025-10-01T01:30:00-07:00,52,72,1667.1
2025-10-01T02:00:00-07:00,51,72,1667.4
2025-10-01T02:30:00-07:00,51,72,1667.2
2025-10-01T03:00:00-07:00,54,71,1667.3
2025-10-01T03:30:00-07:00,53,71,1667.2
2025-10-01T04:00:00-07:00,52,71,1667.3
2025-10-01T04:30:00-07:00,51,72,1667.3
2025-10-01T05:00:00-07:00,52,72,1667.5
2025-10-01T05:30:00-07:00,55,71,1667.3
2025-10-01T06:00:00-07:00,56,71,1667.3
2025-10-01T06:30:00-07:00,55,71,1667.2
2025-10-01T07:00:00-07:00,56,71,1667.4
2025-10-01T07:30:00-07:00,55,71,1667.6
2025-10-01T08:00:00-07:00,53,72,1667.1
2025-10-01T08:30:00-07:00,52,73,1667.5
2025-10-01T09:00:00-07:00,50,74,1667.5
2025-10-01T09:30:00-07:00,44,74,1667.1
2025-10-01T10:00:00-07:00,42,74,1666.5
2025-10-01T10:30:00-07:00,42,74,1666.2
2025-10-01T11:00:00-07:00,42,76,1666.1
2025-10-01T11:30:00-07:00,39,78,1666.1
2025-10-01T12:00:00-07:00,37,80,1665.8
2025-10-01T12:30:00-07:00,35,83,1665.8
2025-10-01T13:00:00-07:00,33,85,1666
2025-10-01T13:30:00-07:00,33,85,1666.3
2025-10-01T14:00:00-07:00,32,86,1666.2
2025-10-01T14:30:00-07:00,32,86,1666.2
2025-10-01T15:00:00-07:00,32,86,1666.3
2025-10-01T15:30:00-07:00,30,88,1666
2025-10-01T16:00:00-07:00,32,88,1666.5
2025-10-01T16:30:00-07:00,34,86,1666.5
2025-10-01T17:00:00-07:00,37,83,1666.1
2025-10-01T17:30:00-07:00,42,81,1666.4
2025-10-01T18:00:00-07:00,46,78,1666.8
2025-10-01T18:30:00-07:00,49,77,1666.1
2025-10-01T19:00:00-07:00,51,75,1666.5
2025-10-01T19:30:00-07:00,52,75,1666.6
2025-10-01T20:00:00-07:00,52,75,1666.5
2025-10-01T20:30:00-07:00,52,74,1666.2
2025-10-01T21:00:00-07:00,52,74,1666.7
2025-10-01T21:30:00-07:00,53,73,1666.5
2025-10-01T22:00:00-07:00,54,72,1667.3
2025-10-01T22:30:00-07:00,55,72,1667.6
2025-10-01T23:00:00-07:00,56,72,1668
2025-10-01T23:30:00-07:00,56,71,1669.5
2025-10-02T00:00:00-07:00,56,71,1669.4
2025-10-02T00:30:00-07:00,56,71,1667.5
2025-10-02T01:00:00-07:00,56,72,1666.9
2025-10-02T01:30:00-07:00,56,72,1666.6
2025-10-02T02:00:00-07:00,55,72,1666.5
2025-10-02T02:30:00-07:00,54,73,1666.7
2025-10-02T03:00:00-07:00,54,73,1666.7
2025-10-02T03:30:00-07:00,54,73,1667
2025-10-02T04:00:00-07:00,54,73,1667.5
2025-10-02T04:30:00-07:00,60,72,1667.1
2025-10-02T05:00:00-07:00,63,71,1667.3
2025-10-02T05:30:00-07:00,65,71,1667.4
2025-10-02T06:00:00-07:00,67,70,1667.6
2025-10-02T06:30:00-07:00,67,70,1667.2
2025-10-02T07:00:00-07:00,66,70,1666.4
2025-10-02T07:30:00-07:00,68,68,1666.7
2025-10-02T08:00:00-07:00,67,69,1667.3
2025-10-02T08:30:00-07:00,66,71,1667.5
2025-10-02T09:00:00-07:00,64,71,1667.5
2025-10-02T09:30:00-07:00,64,71,1667.1
2025-10-02T10:00:00-07:00,62,72,1666.9
2025-10-02T10:30:00-07:00,59,74,1667.3
2025-10-02T11:00:00-07:00,56,76,1666.2
2025-10-02T11:30:00-07:00,51,77,1666.9
2025-10-02T12:00:00-07:00,48,78,1666.3
2025-10-02T12:30:00-07:00,46,80,1667
2025-10-02T13:00:00-07:00,46,80,1665.8
2025-10-02T13:30:00-07:00,45,79,1667.2
2025-10-02T14:00:00-07:00,41,79,1185.2
2025-10-02T14:30:00-07:00,39,78,507
2025-10-02T15:00:00-07:00,42,77,1546.7
2025-10-02T15:30:00-07:00,44,76,1666.3
2025-10-02T16:00:00-07:00,42,77,1582
2025-10-02T16:30:00-07:00,38,78,335.9
2025-10-02T17:00:00-07:00,44,76,1630.6
2025-10-02T17:30:00-07:00,48,74,1667.6
2025-10-02T18:00:00-07:00,52,72,1668.7
2025-10-02T18:30:00-07:00,54,70,1667.8
2025-10-02T19:00:00-07:00,55,69,1668.1
2025-10-02T19:30:00-07:00,57,69,1667.9
2025-10-02T20:00:00-07:00,57,69,1667.1
2025-10-02T20:30:00-07:00,57,70,1667.9
2025-10-02T21:00:00-07:00,58,70,1667.8
2025-10-02T21:30:00-07:00,62,69,1667.5
2025-10-02T22:00:00-07:00,62,69,1667
2025-10-02T22:30:00-07:00,62,69,1667
2025-10-02T23:00:00-07:00,62,69,1666.5
2025-10-02T23:30:00-07:00,61,68,1666.3
2025-10-03T00:00:00-07:00,61,69,1666.5
2025-10-03T00:30:00-07:00,61,68,1666.5
2025-10-03T01:00:00-07:00,60,68,1666.2
2025-10-03T01:30:00-07:00,60,67,1666.7
2025-10-03T02:00:00-07:00,60,67,1666.4
2025-10-03T02:30:00-07:00,61,67,1666.4
2025-10-03T03:00:00-07:00,60,67,1666.6
2025-10-03T03:30:00-07:00,60,66,1667.1
2025-10-03T04:00:00-07:00,60,66,1666.8
2025-10-03T04:30:00-07:00,59,67,1667.1
2025-10-03T05:00:00-07:00,59,66,1666.9
2025-10-03T05:30:00-07:00,59,66,1667.2
2025-10-03T06:00:00-07:00,60,66,1666.7
2025-10-03T06:30:00-07:00,58,66,1666.9
2025-10-03T07:00:00-07:00,57,66,1667
2025-10-03T07:30:00-07:00,58,66,1667.1
2025-10-03T08:00:00-07:00,57,67,1667.5
2025-10-03T08:30:00-07:00,55,68,1666.4
2025-10-03T09:00:00-07:00,54,69,1666.9
2025-10-03T09:30:00-07:00,52,70,1666.8
2025-10-03T10:00:00-07:00,51,70,1667.3
2025-10-03T10:30:00-07:00,51,70,1667.3
2025-10-03T11:00:00-07:00,48,72,1666.9
2025-10-03T11:30:00-07:00,46,74,1667
2025-10-03T12:00:00-07:00,42,76,1654.5
2025-10-03T12:30:00-07:00,40,78,1375.2
2025-10-03T13:00:00-07:00,39,79,760.7
2025-10-03T13:30:00-07:00,38,79,174.1
2025-10-03T14:00:00-07:00,36,80,38.5
2025-10-03T14:30:00-07:00,36,81,24.8
2025-10-03T15:00:00-07:00,36,81,31.8
2025-10-03T15:30:00-07:00,35,82,24.7
2025-10-03T16:00:00-07:00,36,81,29.8
2025-10-03T16:30:00-07:00,39,79,664.3
2025-10-03T17:00:00-07:00,41,77,1597.5
2025-10-03T17:30:00-07:00,44,74,1667.2
2025-10-03T18:00:00-07:00,48,72,1667.4
2025-10-03T18:30:00-07:00,50,71,1667.1
2025-10-03T19:00:00-07:00,53,69,1667.9
2025-10-03T19:30:00-07:00,55,68,1668
2025-10-03T20:00:00-07:00,57,67,1667.9
2025-10-03T20:30:00-07:00,58,67,1667.6
2025-10-03T21:00:00-07:00,59,67,1668.1
2025-10-03T21:30:00-07:00,59,66,1668.9
2025-10-03T22:00:00-07:00,60,66,1668.5
2025-10-03T22:30:00-07:00,60,66,1668.8
2025-10-03T23:00:00-07:00,61,65,1668.5
2025-10-03T23:30:00-07:00,61,64,1668.3
2025-10-04T00:00:00-07:00,61,63,1668.6
2025-10-04T00:30:00-07:00,62,63,1669.2
2025-10-04T01:00:00-07:00,62,63,1669.6
2025-10-04T01:30:00-07:00,63,62,1669.7
2025-10-04T02:00:00-07:00,63,62,1668.4
2025-10-04T02:30:00-07:00,63,61,1667.9
2025-10-04T03:00:00-07:00,63,61,1668
2025-10-04T03:30:00-07:00,64,60,1667.9
2025-10-04T04:00:00-07:00,64,60,1668.1
2025-10-04T04:30:00-07:00,64,60,1667.6
2025-10-04T05:00:00-07:00,64,59,1668.3
2025-10-04T05:30:00-07:00,64,59,1667.8
2025-10-04T06:00:00-07:00,64,59,1668.1
2025-10-04T06:30:00-07:00,64,58,1667.9
2025-10-04T07:00:00-07:00,64,58,1667.9
2025-10-04T07:30:00-07:00,64,58,1672
2025-10-04T08:00:00-07:00,64,60,1672.4
2025-10-04T08:30:00-07:00,65,63,1669.5
2025-10-04T09:00:00-07:00,60,66,1669.3
2025-10-04T09:30:00-07:00,56,68,1669.7
2025-10-04T10:00:00-07:00,52,70,1669.6
2025-10-04T10:30:00-07:00,49,73,1668.1
2025-10-04T11:00:00-07:00,46,75,1667.6
2025-10-04T11:30:00-07:00,43,77,1668
2025-10-04T12:00:00-07:00,42,79,1668.5
2025-10-04T12:30:00-07:00,40,80,1664.8
2025-10-04T13:00:00-07:00,38,81,1534.2
2025-10-04T13:30:00-07:00,37,82,676.4
2025-10-04T14:00:00-07:00,36,83,198.8
2025-10-04T14:30:00-07:00,34,82,48.6
2025-10-04T15:00:00-07:00,34,84,52.7
2025-10-04T15:30:00-07:00,34,85,73.1
2025-10-04T16:00:00-07:00,36,84,247.2
2025-10-04T16:30:00-07:00,38,82,1195.8
2025-10-04T17:00:00-07:00,41,79,1650.8
2025-10-04T17:30:00-07:00,44,76,1668.1
2025-10-04T18:00:00-07:00,47,74,1667.6
2025-10-04T18:30:00-07:00,50,72,1668.2
2025-10-04T19:00:00-07:00,52,70,1667.9
2025-10-04T19:30:00-07:00,54,69,1668.2
2025-10-04T20:00:00-07:00,56,69,1668.4
2025-10-04T20:30:00-07:00,57,68,1668.6
2025-10-04T21:00:00-07:00,57,67,1668.2
2025-10-04T21:30:00-07:00,57,67,1668
2025-10-04T22:00:00-07:00,58,66,1668.3
2025-10-04T22:30:00-07:00,59,65,1668.6
2025-10-04T23:00:00-07:00,60,64,1669.4
2025-10-04T23:30:00-07:00,60,63,1669.1
2025-10-05T00:00:00-07:00,60,62,1668.9
2025-10-05T00:30:00-07:00,60,61,1668.4
2025-10-05T01:00:00-07:00,61,61,1668.3
2025-10-05T01:30:00-07:00,61,61,1668.9
2025-10-05T02:00:00-07:00,61,60,1668.3
2025-10-05T02:30:00-07:00,62,60,1668.2
2025-10-05T03:00:00-07:00,62,59,1668.5
2025-10-05T03:30:00-07:00,62,59,1667.8
2025-10-05T04:00:00-07:00,62,59,1668.2
2025-10-05T04:30:00-07:00,62,59,1668.2
2025-10-05T05:00:00-07:00,62,58,1667.7
2025-10-05T05:30:00-07:00,62,58,1667.8
2025-10-05T06:00:00-07:00,62,58,1668.3
2025-10-05T06:30:00-07:00,63,57,1668.2
2025-10-05T07:00:00-07:00,63,57,1668.2
2025-10-05T07:30:00-07:00,63,58,1668.3
2025-10-05T08:00:00-07:00,63,60,1668.4
2025-10-05T08:30:00-07:00,62,63,1668.5
2025-10-05T09:00:00-07:00,59,66,1669.1
2025-10-05T09:30:00-07:00,56,69,1669.1
2025-10-05T10:00:00-07:00,52,72,1669.3
2025-10-05T10:30:00-07:00,48,75,1669.7
2025-10-05T11:00:00-07:00,46,77,1669.2
2025-10-05T11:30:00-07:00,44,78,1669
2025-10-05T12:00:00-07:00,41,80,1576.2
2025-10-05T12:30:00-07:00,37,82,396.1
2025-10-05T13:00:00-07:00,35,83,23.7
2025-10-05T13:30:00-07:00,33,84,14.9
2025-10-05T14:00:00-07:00,32,85,14
2025-10-05T14:30:00-07:00,31,85,11
2025-10-05T15:00:00-07:00,31,85,11.4
2025-10-05T15:30:00-07:00,30,88,12.7
2025-10-05T16:00:00-07:00,32,87,14.8
2025-10-05T16:30:00-07:00,34,85,19.4
2025-10-05T17:00:00-07:00,36,83,94.3
2025-10-05T17:30:00-07:00,41,80,1519.1
2025-10-05T18:00:00-07:00,42,78,1666.9
2025-10-05T18:30:00-07:00,45,76,1668.9
2025-10-05T19:00:00-07:00,47,75,1669.1
2025-10-05T19:30:00-07:00,49,73,1669.6
2025-10-05T20:00:00-07:00,51,72,1668.9
2025-10-05T20:30:00-07:00,52,71,1669.5
2025-10-05T21:00:00-07:00,53,70,1669.3
2025-10-05T21:30:00-07:00,54,70,1669.6
2025-10-05T22:00:00-07:00,55,68,1669.6
2025-10-05T22:30:00-07:00,56,67,1670.5
2025-10-05T23:00:00-07:00,57,66,1669.9
2025-10-05T23:30:00-07:00,58,66,1670.7
2025-10-06T00:00:00-07:00,58,65,1671
2025-10-06T00:30:00-07:00,59,64,1671.1
2025-10-06T01:00:00-07:00,59,64,1670.1
2025-10-06T01:30:00-07:00,59,63,1670
2025-10-06T02:00:00-07:00,60,63,1669.6
2025-10-06T02:30:00-07:00,60,62,1669.4
2025-10-06T03:00:00-07:00,60,62,1669.2
2025-10-06T03:30:00-07:00,61,61,1669.5
2025-10-06T04:00:00-07:00,61,61,1669.1
2025-10-06T04:30:00-07:00,61,60,1669.3
2025-10-06T05:00:00-07:00,62,60,1669.4
2025-10-06T05:30:00-07:00,62,60,1669.1
2025-10-06T06:00:00-07:00,62,60,1669.6
2025-10-06T06:30:00-07:00,62,59,1669.4
2025-10-06T07:00:00-07:00,62,59,1670.1
2025-10-06T07:30:00-07:00,62,59,1670
2025-10-06T08:00:00-07:00,63,61,1670.7
2025-10-06T08:30:00-07:00,62,65,1674.6
2025-10-06T09:00:00-07:00,56,68,1676.3
2025-10-06T09:30:00-07:00,50,72,1671.6
2025-10-06T10:00:00-07:00,44,75,1669.8
2025-10-06T10:30:00-07:00,39,78,1076.8
2025-10-06T11:00:00-07:00,39,81,1248.5
2025-10-06T11:30:00-07:00,37,83,133.4
2025-10-06T12:00:00-07:00,33,85,13.8
2025-10-06T12:30:00-07:00,29,87,4.4
2025-10-06T13:00:00-07:00,26,88,3.3
2025-10-06T13:30:00-07:00,25,89,3.1
2025-10-06T14:00:00-07:00,25,89,3.1
2025-10-06T14:30:00-07:00,26,90,3.8
2025-10-06T15:00:00-07:00,26,90,3.8
2025-10-06T15:30:00-07:00,24,93,4
2025-10-06T16:00:00-07:00,24,92,3.6
2025-10-06T16:30:00-07:00,23,91,3
2025-10-06T17:00:00-07:00,22,91,2.3
2025-10-06T17:30:00-07:00,26,88,3
2025-10-06T18:00:00-07:00,31,85,14.1
2025-10-06T18:30:00-07:00,33,83,21.3
2025-10-06T19:00:00-07:00,36,80,557.2
2025-10-06T19:30:00-07:00,40,78,1667.9
2025-10-06T20:00:00-07:00,43,77,1668.4
2025-10-06T20:30:00-07:00,45,75,1668.5
2025-10-06T21:00:00-07:00,48,74,1668.9
2025-10-06T21:30:00-07:00,50,73,1669
2025-10-06T22:00:00-07:00,52,72,1668.9
2025-10-06T22:30:00-07:00,54,71,1669
2025-10-06T23:00:00-07:00,56,70,1669.6
2025-10-06T23:30:00-07:00,55,69,1670.3
2025-10-07T00:00:00-07:00,55,68,1670
2025-10-07T00:30:00-07:00,56,67,1670
2025-10-07T01:00:00-07:00,56,67,1669.9
2025-10-07T01:30:00-07:00,56,66,1669.9
2025-10-07T02:00:00-07:00,57,65,1669.8
2025-10-07T02:30:00-07:00,57,65,1669.7
2025-10-07T03:00:00-07:00,57,64,1669.6
2025-10-07T03:30:00-07:00,58,64,1669.7
2025-10-07T04:00:00-07:00,58,63,1669.5
2025-10-07T04:30:00-07:00,59,63,1669.3
2025-10-07T05:00:00-07:00,58,62,1669.2
2025-10-07T05:30:00-07:00,59,62,1669.1
2025-10-07T06:00:00-07:00,59,61,1669
2025-10-07T06:30:00-07:00,59,61,1669.3
2025-10-07T07:00:00-07:00,60,61,1669.4
2025-10-07T07:30:00-07:00,60,61,1669.8
2025-10-07T08:00:00-07:00,58,63,1670.6
2025-10-07T08:30:00-07:00,57,66,1672.3
2025-10-07T09:00:00-07:00,51,70,1672.6
2025-10-07T09:30:00-07:00,46,74,1672.1
2025-10-07T10:00:00-07:00,41,77,1540.1
2025-10-07T10:30:00-07:00,36,80,122.2
2025-10-07T11:00:00-07:00,33,84,18.6
2025-10-07T11:30:00-07:00,30,86,6.9
2025-10-07T12:00:00-07:00,31,87,8.8
2025-10-07T12:30:00-07:00,28,88,6.3
2025-10-07T13:00:00-07:00,25,89,5.3
2025-10-07T13:30:00-07:00,25,90,5.1
2025-10-07T14:00:00-07:00,26,90,7.1
2025-10-07T14:30:00-07:00,29,89,9.8
2025-10-07T15:00:00-07:00,31,89,17.2
2025-10-07T15:30:00-07:00,30,90,17.3
2025-10-07T16:00:00-07:00,32,88,21.8
2025-10-07T16:30:00-07:00,35,86,42.6
2025-10-07T17:00:00-07:00,36,85,88.1
2025-10-07T17:30:00-07:00,40,80,1374.7
2025-10-07T18:00:00-07:00,44,78,1671.5
2025-10-07T18:30:00-07:00,47,76,1671.6
2025-10-07T19:00:00-07:00,49,74,1671.7
2025-10-07T19:30:00-07:00,51,73,1671.1
2025-10-07T20:00:00-07:00,52,72,1671
2025-10-07T20:30:00-07:00,53,71,1671.2
2025-10-07T21:00:00-07:00,54,70,1671
2025-10-07T21:30:00-07:00,55,70,1671.2
2025-10-07T22:00:00-07:00,56,69,1671.2
2025-10-07T22:30:00-07:00,57,69,1671.7
2025-10-07T23:00:00-07:00,57,68,1671.3
2025-10-07T23:30:00-07:00,58,67,1672
2025-10-08T00:00:00-07:00,59,66,1671.7
2025-10-08T00:30:00-07:00,59,66,1672.6
2025-10-08T01:00:00-07:00,60,65,1672.1
2025-10-08T01:30:00-07:00,60,65,1673.2
2025-10-08T02:00:00-07:00,60,64,1672.4
2025-10-08T02:30:00-07:00,60,64,1671.9
2025-10-08T03:00:00-07:00,59,65,1671.2
2025-10-08T03:30:00-07:00,59,66,1671.7
2025-10-08T04:00:00-07:00,59,67,1671.7
2025-10-08T04:30:00-07:00,59,68,1671.9
2025-10-08T05:00:00-07:00,60,68,1673.7
2025-10-08T05:30:00-07:00,60,68,1673.5
2025-10-08T06:00:00-07:00,60,67,1673.6
2025-10-08T06:30:00-07:00,59,68,1673.4
2025-10-08T07:00:00-07:00,59,67,1673.8
2025-10-08T07:30:00-07:00,59,68,1673.5
2025-10-08T08:00:00-07:00,59,68,1673.9
2025-10-08T08:30:00-07:00,57,69,1672.4
2025-10-08T09:00:00-07:00,55,70,1672.1
2025-10-08T09:30:00-07:00,53,71,1671.7
2025-10-08T10:00:00-07:00,51,73,1671.2
2025-10-08T10:30:00-07:00,48,74,1670.3
2025-10-08T11:00:00-07:00,46,76,1671.1
2025-10-08T11:30:00-07:00,43,77,1670.9
2025-10-08T12:00:00-07:00,42,78,1670.4
2025-10-08T12:30:00-07:00,40,80,1670.2
2025-10-08T13:00:00-07:00,39,81,1664.1
2025-10-08T13:30:00-07:00,39,81,1667.7
2025-10-08T14:00:00-07:00,38,81,1665.1
2025-10-08T14:30:00-07:00,38,82,1664.3
2025-10-08T15:00:00-07:00,38,82,1664
2025-10-08T15:30:00-07:00,35,84,394.9
2025-10-08T16:00:00-07:00,36,82,353.8
2025-10-08T16:30:00-07:00,37,82,1560.3
2025-10-08T17:00:00-07:00,34,82,366.3
2025-10-08T17:30:00-07:00,36,80,317.3
2025-10-08T18:00:00-07:00,38,77,1414
2025-10-08T18:30:00-07:00,42,75,1667.6
2025-10-08T19:00:00-07:00,43,73,1667.6
2025-10-08T19:30:00-07:00,44,73,1667.4
2025-10-08T20:00:00-07:00,45,73,1667.6
2025-10-08T20:30:00-07:00,45,72,1667.9
2025-10-08T21:00:00-07:00,46,72,1667.5
2025-10-08T21:30:00-07:00,48,71,1667.3
2025-10-08T22:00:00-07:00,48,71,1667.1
2025-10-08T22:30:00-07:00,49,71,1667.2
2025-10-08T23:00:00-07:00,50,71,1667.7
2025-10-08T23:30:00-07:00,50,71,1667.8
2025-10-09T00:00:00-07:00,50,71,1667.8
2025-10-09T00:30:00-07:00,49,70,1668.3
2025-10-09T01:00:00-07:00,51,69,1667.3
2025-10-09T01:30:00-07:00,52,68,1667.8
2025-10-09T02:00:00-07:00,53,67,1667.9
2025-10-09T02:30:00-07:00,55,66,1668.5
2025-10-09T03:00:00-07:00,55,65,1667.7
2025-10-09T03:30:00-07:00,57,64,1668.3
2025-10-09T04:00:00-07:00,58,64,1668.1
2025-10-09T04:30:00-07:00,59,63,1667.9
2025-10-09T05:00:00-07:00,60,63,1668.3
2025-10-09T05:30:00-07:00,59,63,1668.4
2025-10-09T06:00:00-07:00,59,62,1669.2
2025-10-09T06:30:00-07:00,60,61,1668.9
2025-10-09T07:00:00-07:00,61,61,1668.5
2025-10-09T07:30:00-07:00,61,62,1668.8
2025-10-09T08:00:00-07:00,60,63,1668.6
2025-10-09T08:30:00-07:00,58,65,1668.5
2025-10-09T09:00:00-07:00,53,68,1668.2
2025-10-09T09:30:00-07:00,48,71,1667.5
2025-10-09T10:00:00-07:00,43,73,1667.3
2025-10-09T10:30:00-07:00,40,75,1667.2
2025-10-09T11:00:00-07:00,36,77,922.7
2025-10-09T11:30:00-07:00,33,80,31.9
2025-10-09T12:00:00-07:00,31,81,13.6
2025-10-09T12:30:00-07:00,31,81,10.9
2025-10-09T13:00:00-07:00,30,82,9.2
2025-10-09T13:30:00-07:00,30,82,9.7
2025-10-09T14:00:00-07:00,32,82,16.4
2025-10-09T14:30:00-07:00,33,82,23.9
2025-10-09T15:00:00-07:00,34,82,67.2
2025-10-09T15:30:00-07:00,37,80,1256.3
2025-10-09T16:00:00-07:00,41,78,1667
2025-10-09T16:30:00-07:00,43,77,1667.7
2025-10-09T17:00:00-07:00,41,79,1667.1
2025-10-09T17:30:00-07:00,45,76,1668.2
2025-10-09T18:00:00-07:00,51,73,1668.8
2025-10-09T18:30:00-07:00,54,71,1668.6
2025-10-09T19:00:00-07:00,55,70,1668.6
2025-10-09T19:30:00-07:00,56,70,1669.5
2025-10-09T20:00:00-07:00,56,69,1669.5
2025-10-09T20:30:00-07:00,56,69,1670.1
2025-10-09T21:00:00-07:00,56,70,1670.1
2025-10-09T21:30:00-07:00,56,69,1669.9
2025-10-09T22:00:00-07:00,59,69,1668.9
2025-10-09T22:30:00-07:00,59,68,1668.6
2025-10-09T23:00:00-07:00,59,67,1669.3
2025-10-09T23:30:00-07:00,60,66,1669.5
2025-10-10T00:00:00-07:00,60,65,1668.9
2025-10-10T00:30:00-07:00,61,65,1669.9
2025-10-10T01:00:00-07:00,61,64,1670.2
2025-10-10T01:30:00-07:00,62,64,1669.8
2025-10-10T02:00:00-07:00,62,64,1669.1
2025-10-10T02:30:00-07:00,61,66,1668.9
2025-10-10T03:00:00-07:00,58,67,1668.1
2025-10-10T03:30:00-07:00,57,67,1668.1
2025-10-10T04:00:00-07:00,58,66,1668.9
2025-10-10T04:30:00-07:00,58,66,1669
2025-10-10T05:00:00-07:00,56,66,1668
2025-10-10T05:30:00-07:00,54,66,1667.5
2025-10-10T06:00:00-07:00,54,65,1667.8
2025-10-10T06:30:00-07:00,54,65,1667.4
2025-10-10T07:00:00-07:00,55,63,1668
2025-10-10T07:30:00-07:00,57,62,1669
2025-10-10T08:00:00-07:00,56,64,1669.1
2025-10-10T08:30:00-07:00,51,66,1667.1
2025-10-10T09:00:00-07:00,48,69,1666.6
2025-10-10T09:30:00-07:00,46,71,1666.6
2025-10-10T10:00:00-07:00,44,72,1666.3
2025-10-10T10:30:00-07:00,42,74,1667
2025-10-10T11:00:00-07:00,39,76,1361.2
2025-10-10T11:30:00-07:00,35,77,293.7
2025-10-10T12:00:00-07:00,31,79,8.1
2025-10-10T12:30:00-07:00,30,80,3
2025-10-10T13:00:00-07:00,30,82,4
2025-10-10T13:30:00-07:00,29,82,4.1
2025-10-10T14:00:00-07:00,30,81,5.2
2025-10-10T14:30:00-07:00,30,81,7.2
2025-10-10T15:00:00-07:00,31,81,9.7
2025-10-10T15:30:00-07:00,31,82,10.3
2025-10-10T16:00:00-07:00,34,80,106.2
2025-10-10T16:30:00-07:00,36,79,763.6
2025-10-10T17:00:00-07:00,36,79,800.7
2025-10-10T17:30:00-07:00,41,75,1665.7
2025-10-10T18:00:00-07:00,43,73,1665.9
2025-10-10T18:30:00-07:00,45,72,1666.2
2025-10-10T19:00:00-07:00,47,71,1666.5
2025-10-10T19:30:00-07:00,48,70,1666.8
2025-10-10T20:00:00-07:00,50,70,1666.2
2025-10-10T20:30:00-07:00,52,69,1666.6
2025-10-10T21:00:00-07:00,53,68,1666.4
2025-10-10T21:30:00-07:00,55,67,1666.8
2025-10-10T22:00:00-07:00,56,67,1666.2
2025-10-10T22:30:00-07:00,57,66,1666.5
2025-10-10T23:00:00-07:00,57,67,1666.7
2025-10-10T23:30:00-07:00,59,68,1666
2025-10-11T00:00:00-07:00,58,68,1666.7
2025-10-11T00:30:00-07:00,59,67,1667.3
2025-10-11T01:00:00-07:00,60,67,1667.2
2025-10-11T01:30:00-07:00,60,68,1666.3
2025-10-11T02:00:00-07:00,58,67,1666.8
2025-10-11T02:30:00-07:00,58,68,1666.7
2025-10-11T03:00:00-07:00,57,68,1666.6
2025-10-11T03:30:00-07:00,58,67,1667.1
2025-10-11T04:00:00-07:00,58,66,1667.1
2025-10-11T04:30:00-07:00,59,66,1666.8
2025-10-11T05:00:00-07:00,59,64,1666.9
2025-10-11T05:30:00-07:00,60,63,1667.2
2025-10-11T06:00:00-07:00,61,62,1667.9
2025-10-11T06:30:00-07:00,61,61,1667.1
2025-10-11T07:00:00-07:00,61,60,1667.4
2025-10-11T07:30:00-07:00,62,60,1667.5
2025-10-11T08:00:00-07:00,61,61,1668.4
2025-10-11T08:30:00-07:00,58,63,1666.9
2025-10-11T09:00:00-07:00,54,66,1666.6
2025-10-11T09:30:00-07:00,49,69,1666
2025-10-11T10:00:00-07:00,45,71,1666.2
2025-10-11T10:30:00-07:00,43,72,1666
2025-10-11T11:00:00-07:00,41,74,1666.4
2025-10-11T11:30:00-07:00,40,75,1666.6
2025-10-11T12:00:00-07:00,37,76,1650.9
2025-10-11T12:30:00-07:00,36,77,1412
2025-10-11T13:00:00-07:00,35,78,937.7
2025-10-11T13:30:00-07:00,36,78,983.9
2025-10-11T14:00:00-07:00,37,77,1480.7
2025-10-11T14:30:00-07:00,37,77,1660.6
2025-10-11T15:00:00-07:00,37,77,1657
2025-10-11T15:30:00-07:00,37,78,1643.8
2025-10-11T16:00:00-07:00,37,77,1618
2025-10-11T16:30:00-07:00,39,76,1666.4
2025-10-11T17:00:00-07:00,40,76,1666.5
2025-10-11T17:30:00-07:00,45,72,1666.5
2025-10-11T18:00:00-07:00,47,70,1666.1
2025-10-11T18:30:00-07:00,47,69,1666.3
2025-10-11T19:00:00-07:00,48,68,1665.9
2025-10-11T19:30:00-07:00,49,68,1666.5
2025-10-11T20:00:00-07:00,52,67,1666.8
2025-10-11T20:30:00-07:00,52,67,1666.2
2025-10-11T21:00:00-07:00,48,66,1666.9
2025-10-11T21:30:00-07:00,51,65,1667.1
2025-10-11T22:00:00-07:00,52,64,1667
2025-10-11T22:30:00-07:00,53,63,1667.5
2025-10-11T23:00:00-07:00,54,62,1667.6
2025-10-11T23:30:00-07:00,55,61,1667.1
2025-10-12T00:00:00-07:00,55,60,1667.8
2025-10-12T00:30:00-07:00,56,60,1667.4
2025-10-12T01:00:00-07:00,56,59,1667.4
2025-10-12T01:30:00-07:00,57,58,1667.2
2025-10-12T02:00:00-07:00,57,58,1667.6
2025-10-12T02:30:00-07:00,58,57,1667.5
2025-10-12T03:00:00-07:00,58,57,1667.7
2025-10-12T03:30:00-07:00,58,57,1667.1
2025-10-12T04:00:00-07:00,59,56,1667.1
2025-10-12T04:30:00-07:00,59,56,1666.8
2025-10-12T05:00:00-07:00,60,55,1667
2025-10-12T05:30:00-07:00,59,55,1667.1
2025-10-12T06:00:00-07:00,60,54,1667
2025-10-12T06:30:00-07:00,60,54,1670.1
2025-10-12T07:00:00-07:00,60,54,1667.3
2025-10-12T07:30:00-07:00,60,54,1667.3
2025-10-12T08:00:00-07:00,59,55,1667
2025-10-12T08:30:00-07:00,61,58,1666.8
2025-10-12T09:00:00-07:00,58,62,1666.9
2025-10-12T09:30:00-07:00,51,65,1667
2025-10-12T10:00:00-07:00,46,69,1667
2025-10-12T10:30:00-07:00,41,71,1666.3
2025-10-12T11:00:00-07:00,39,73,1653.6
2025-10-12T11:30:00-07:00,38,75,1056.1
2025-10-12T12:00:00-07:00,34,77,33.3
2025-10-12T12:30:00-07:00,32,78,9.2
2025-10-12T13:00:00-07:00,31,79,6
2025-10-12T13:30:00-07:00,29,80,1.4
2025-10-12T14:00:00-07:00,26,80,0.3
2025-10-12T14:30:00-07:00,28,80,3.3
2025-10-12T15:00:00-07:00,32,80,16.2
2025-10-12T15:30:00-07:00,33,80,52.3
2025-10-12T16:00:00-07:00,37,77,861.3
2025-10-12T16:30:00-07:00,39,76,1569.4
2025-10-12T17:00:00-07:00,41,74,1667.4
2025-10-12T17:30:00-07:00,44,71,1668.1
2025-10-12T18:00:00-07:00,47,69,1667.7
2025-10-12T18:30:00-07:00,49,68,1668.4
2025-10-12T19:00:00-07:00,50,67,1668.8
2025-10-12T19:30:00-07:00,51,66,1668.9
2025-10-12T20:00:00-07:00,51,66,1669.4
2025-10-12T20:30:00-07:00,52,66,1670.2
2025-10-12T21:00:00-07:00,53,65,1670.1
2025-10-12T21:30:00-07:00,53,64,1669.8
2025-10-12T22:00:00-07:00,53,64,1669.9
2025-10-12T22:30:00-07:00,54,65,1670.1
2025-10-12T23:00:00-07:00,54,65,1669.5
2025-10-12T23:30:00-07:00,55,64,1669.4
2025-10-13T00:00:00-07:00,56,64,1669.7
2025-10-13T00:30:00-07:00,55,65,1669.7
2025-10-13T01:00:00-07:00,54,65,1669.1
2025-10-13T01:30:00-07:00,55,64,1669.1
2025-10-13T02:00:00-07:00,57,63,1668.8
2025-10-13T02:30:00-07:00,58,62,1668.9
2025-10-13T03:00:00-07:00,59,62,1668.5
2025-10-13T03:30:00-07:00,58,62,1668.8
2025-10-13T04:00:00-07:00,59,63,1668.2
2025-10-13T04:30:00-07:00,58,63,1668.5
2025-10-13T05:00:00-07:00,59,63,1668.4
2025-10-13T05:30:00-07:00,59,62,1668.1
2025-10-13T06:00:00-07:00,58,63,1667.6
2025-10-13T06:30:00-07:00,57,63,1667.5
2025-10-13T07:00:00-07:00,57,63,1667.2
2025-10-13T07:30:00-07:00,56,63,1667.2
2025-10-13T08:00:00-07:00,55,64,1666.6
2025-10-13T08:30:00-07:00,54,65,1666.5
2025-10-13T09:00:00-07:00,52,65,1666.8
2025-10-13T09:30:00-07:00,50,66,1667
2025-10-13T10:00:00-07:00,50,66,1666.9
2025-10-13T10:30:00-07:00,47,70,1666.9
2025-10-13T11:00:00-07:00,44,71,1666
2025-10-13T11:30:00-07:00,41,72,1666.3
2025-10-13T12:00:00-07:00,40,73,1666.5
2025-10-13T12:30:00-07:00,39,73,1666.7
2025-10-13T13:00:00-07:00,42,72,1667.2
2025-10-13T13:30:00-07:00,52,68,1667.7
2025-10-13T14:00:00-07:00,61,65,1667.4
2025-10-13T14:30:00-07:00,63,65,1667.1
2025-10-13T15:00:00-07:00,65,65,1667.2
2025-10-13T15:30:00-07:00,64,65,1666.9
2025-10-13T16:00:00-07:00,64,65,1666.9
2025-10-13T16:30:00-07:00,66,63,1667.1
2025-10-13T17:00:00-07:00,66,61,1666.2
2025-10-13T17:30:00-07:00,66,61,1666.2
2025-10-13T18:00:00-07:00,65,61,1666.8
2025-10-13T18:30:00-07:00,64,60,1668
2025-10-13T19:00:00-07:00,66,59,1667.5
2025-10-13T19:30:00-07:00,66,59,1666.8
2025-10-13T20:00:00-07:00,65,58,1666.2
2025-10-13T20:30:00-07:00,65,58,1666.4
2025-10-13T21:00:00-07:00,65,58,1666.4
2025-10-13T21:30:00-07:00,64,59,1666.2
2025-10-13T22:00:00-07:00,65,59,1667
2025-10-13T22:30:00-07:00,66,59,1667.8
2025-10-13T23:00:00-07:00,66,59,1667.2
2025-10-13T23:30:00-07:00,66,59,1666.5
2025-10-14T00:00:00-07:00,64,59,1665.6
2025-10-14T00:30:00-07:00,66,59,1666.6
2025-10-14T01:00:00-07:00,66,59,1666.4
2025-10-14T01:30:00-07:00,66,58,1666.5
2025-10-14T02:00:00-07:00,65,58,1665.9
2025-10-14T02:30:00-07:00,66,57,1666.1
2025-10-14T03:00:00-07:00,66,58,1666.6
2025-10-14T03:30:00-07:00,66,57,1666.5
2025-10-14T04:00:00-07:00,67,57,1666.4
2025-10-14T04:30:00-07:00,66,57,1666.8
2025-10-14T05:00:00-07:00,65,57,1666.7
2025-10-14T05:30:00-07:00,66,56,1667.1
2025-10-14T06:00:00-07:00,66,55,1667.7
2025-10-14T06:30:00-07:00,67,55,1668.9
2025-10-14T07:00:00-07:00,66,54,1669
2025-10-14T07:30:00-07:00,66,54,1668.9
2025-10-14T08:00:00-07:00,66,54,1669.8
2025-10-14T08:30:00-07:00,68,56,1670
2025-10-14T09:00:00-07:00,67,58,1670.1
2025-10-14T09:30:00-07:00,65,59,1673.8
2025-10-14T10:00:00-07:00,63,60,1672.7
2025-10-14T10:30:00-07:00,59,62,1671.4
2025-10-14T11:00:00-07:00,55,64,1670.5
2025-10-14T11:30:00-07:00,50,66,1668
2025-10-14T12:00:00-07:00,46,67,1661.3
2025-10-14T12:30:00-07:00,44,69,1513.3
2025-10-14T13:00:00-07:00,41,71,537.3
2025-10-14T13:30:00-07:00,40,72,245.2
2025-10-14T14:00:00-07:00,36,72,33.7
2025-10-14T14:30:00-07:00,37,74,40.4
2025-10-14T15:00:00-07:00,34,76,10.3
2025-10-14T15:30:00-07:00,34,74,16.2
2025-10-14T16:00:00-07:00,37,71,190.6
2025-10-14T16:30:00-07:00,45,68,1667.5
2025-10-14T17:00:00-07:00,49,67,1667.3
2025-10-14T17:30:00-07:00,49,66,1667.1
2025-10-14T18:00:00-07:00,50,65,1666.7
2025-10-14T18:30:00-07:00,51,65,1667.4
2025-10-14T19:00:00-07:00,53,65,1666.8
2025-10-14T19:30:00-07:00,54,64,1667.7
2025-10-14T20:00:00-07:00,55,64,1667.2
2025-10-14T20:30:00-07:00,55,63,1667.4
2025-10-14T21:00:00-07:00,54,63,1667.1
2025-10-14T21:30:00-07:00,55,63,1667.5
2025-10-14T22:00:00-07:00,57,63,1667.5
2025-10-14T22:30:00-07:00,62,63,1667.9
2025-10-14T23:00:00-07:00,64,62,1667.6
2025-10-14T23:30:00-07:00,65,62,1667.9
2025-10-15T00:00:00-07:00,66,62,1668.5
2025-10-15T00:30:00-07:00,66,62,1669.4
2025-10-15T01:00:00-07:00,66,62,1669.3
2025-10-15T01:30:00-07:00,66,62,1668
2025-10-15T02:00:00-07:00,65,61,1667.9
2025-10-15T02:30:00-07:00,64,62,1667.6
2025-10-15T03:00:00-07:00,65,61,1667.6
2025-10-15T03:30:00-07:00,65,61,1667.5
2025-10-15T04:00:00-07:00,65,62,1667.8
2025-10-15T04:30:00-07:00,65,62,1667.8
2025-10-15T05:00:00-07:00,64,61,1668
2025-10-15T05:30:00-07:00,64,62,1668.2
2025-10-15T06:00:00-07:00,64,62,1668.2
2025-10-15T06:30:00-07:00,62,61,1667.1
2025-10-15T07:00:00-07:00,60,61,1667.1
2025-10-15T07:30:00-07:00,61,61,1667
2025-10-15T08:00:00-07:00,60,61,1667.1
2025-10-15T08:30:00-07:00,59,61,1667.1
2025-10-15T09:00:00-07:00,59,62,1667.3
2025-10-15T09:30:00-07:00,58,63,1667.6
2025-10-15T10:00:00-07:00,58,62,1666.8
2025-10-15T10:30:00-07:00,57,63,1667.5
2025-10-15T11:00:00-07:00,55,66,1667.6
2025-10-15T11:30:00-07:00,51,67,1666.7
2025-10-15T12:00:00-07:00,49,69,1666.9
2025-10-15T12:30:00-07:00,47,71,1666.6
2025-10-15T13:00:00-07:00,44,73,1666.6
2025-10-15T13:30:00-07:00,44,73,1667.5
2025-10-15T14:00:00-07:00,45,71,1667.8
2025-10-15T14:30:00-07:00,47,70,1667.3
2025-10-15T15:00:00-07:00,47,70,1667.9
2025-10-15T15:30:00-07:00,48,69,1668.9
2025-10-15T16:00:00-07:00,49,69,1669.1
2025-10-15T16:30:00-07:00,49,69,1669.9
2025-10-15T17:00:00-07:00,48,70,1668.8
2025-10-15T17:30:00-07:00,48,70,1669.2
2025-10-15T18:00:00-07:00,50,69,1669.3
2025-10-15T18:30:00-07:00,52,67,1668.8
2025-10-15T19:00:00-07:00,54,65,1669.7
2025-10-15T19:30:00-07:00,56,64,1669.6
2025-10-15T20:00:00-07:00,59,62,1670.3
2025-10-15T20:30:00-07:00,60,61,1670
2025-10-15T21:00:00-07:00,60,60,1670.2
2025-10-15T21:30:00-07:00,61,60,1670.1
2025-10-15T22:00:00-07:00,61,59,1670.9
2025-10-15T22:30:00-07:00,62,58,1671.4
2025-10-15T23:00:00-07:00,62,58,1671.6
2025-10-15T23:30:00-07:00,62,57,1669.9
2025-10-16T00:00:00-07:00,63,57,1669.8
2025-10-16T00:30:00-07:00,63,56,1669.4
2025-10-16T01:00:00-07:00,63,56,1669.3
2025-10-16T01:30:00-07:00,64,55,1669.3
2025-10-16T02:00:00-07:00,64,55,1668.9
2025-10-16T02:30:00-07:00,64,55,1668.7
2025-10-16T03:00:00-07:00,64,54,1669.4
2025-10-16T03:30:00-07:00,65,54,1669.4
2025-10-16T04:00:00-07:00,65,54,1670.4
2025-10-16T04:30:00-07:00,65,53,1670.1
2025-10-16T05:00:00-07:00,65,53,1669.8
2025-10-16T05:30:00-07:00,64,53,1669.7
2025-10-16T06:00:00-07:00,64,53,1669.9
2025-10-16T06:30:00-07:00,64,53,1670.2
2025-10-16T07:00:00-07:00,64,53,1669.3
2025-10-16T07:30:00-07:00,64,53,1669.5
2025-10-16T08:00:00-07:00,65,54,1669.5
2025-10-16T08:30:00-07:00,66,57,1668.7
2025-10-16T09:00:00-07:00,63,60,1669.3
2025-10-16T09:30:00-07:00,59,63,1669.4
2025-10-16T10:00:00-07:00,56,65,1669.5
2025-10-16T10:30:00-07:00,53,67,1669.2
2025-10-16T11:00:00-07:00,52,68,1670.3
2025-10-16T11:30:00-07:00,49,70,1669.9
2025-10-16T12:00:00-07:00,46,72,1666.6
2025-10-16T12:30:00-07:00,44,74,1646.4
2025-10-16T13:00:00-07:00,43,75,1611.5
2025-10-16T13:30:00-07:00,44,74,1669
2025-10-16T14:00:00-07:00,43,75,1646.7
2025-10-16T14:30:00-07:00,41,75,1401.8
2025-10-16T15:00:00-07:00,41,75,1416.6
2025-10-16T15:30:00-07:00,39,76,990
2025-10-16T16:00:00-07:00,42,76,1583.5
2025-10-16T16:30:00-07:00,44,75,1667.2
2025-10-16T17:00:00-07:00,46,73,1667.5
2025-10-16T17:30:00-07:00,50,70,1667.8
2025-10-16T18:00:00-07:00,53,69,1668.5
2025-10-16T18:30:00-07:00,55,67,1668.6
2025-10-16T19:00:00-07:00,56,66,1668.3
2025-10-16T19:30:00-07:00,56,65,1668.9
2025-10-16T20:00:00-07:00,57,65,1669.6
2025-10-16T20:30:00-07:00,58,64,1669.1
2025-10-16T21:00:00-07:00,59,63,1669
2025-10-16T21:30:00-07:00,60,62,1669.4
2025-10-16T22:00:00-07:00,61,61,1670
2025-10-16T22:30:00-07:00,61,60,1670
2025-10-16T23:00:00-07:00,61,60,1669.7
2025-10-16T23:30:00-07:00,62,59,1670.3
2025-10-17T00:00:00-07:00,62,58,1669.7
2025-10-17T00:30:00-07:00,63,58,1669.5
2025-10-17T01:00:00-07:00,63,58,1670
2025-10-17T01:30:00-07:00,63,57,1669.7
2025-10-17T02:00:00-07:00,64,57,1670.1
2025-10-17T02:30:00-07:00,64,56,1670.3
2025-10-17T03:00:00-07:00,64,57,1669.6
2025-10-17T03:30:00-07:00,64,56,1670
2025-10-17T04:00:00-07:00,64,56,1669.6
2025-10-17T04:30:00-07:00,64,56,1670
2025-10-17T05:00:00-07:00,64,55,1669.7
2025-10-17T05:30:00-07:00,64,55,1671
2025-10-17T06:00:00-07:00,64,55,1670.7
2025-10-17T06:30:00-07:00,64,54,1670.6
2025-10-17T07:00:00-07:00,64,54,1670.6
2025-10-17T07:30:00-07:00,65,54,1671.1
2025-10-17T08:00:00-07:00,67,56,1670.5
2025-10-17T08:30:00-07:00,68,58,1671.2
2025-10-17T09:00:00-07:00,63,61,1663.9
2025-10-17T09:30:00-07:00,58,64,1434.4
2025-10-17T10:00:00-07:00,54,66,498.3
2025-10-17T10:30:00-07:00,51,69,92.3
2025-10-17T11:00:00-07:00,48,71,34.8
2025-10-17T11:30:00-07:00,45,73,26.3
2025-10-17T12:00:00-07:00,43,75,21.2
2025-10-17T12:30:00-07:00,42,77,18.9
2025-10-17T13:00:00-07:00,40,79,15.3
2025-10-17T13:30:00-07:00,40,80,15.3
2025-10-17T14:00:00-07:00,39,80,17.3
2025-10-17T14:30:00-07:00,38,81,16.6
2025-10-17T15:00:00-07:00,37,81,11.4
2025-10-17T15:30:00-07:00,35,82,8.4
2025-10-17T16:00:00-07:00,34,82,8.2
2025-10-17T16:30:00-07:00,35,82,8.6
2025-10-17T17:00:00-07:00,36,80,9.3
2025-10-17T17:30:00-07:00,38,78,12.5
2025-10-17T18:00:00-07:00,41,76,23.5
2025-10-17T18:30:00-07:00,46,75,34.8
2025-10-17T19:00:00-07:00,49,73,36.7
2025-10-17T19:30:00-07:00,51,71,41.7
2025-10-17T20:00:00-07:00,53,70,88.3
2025-10-17T20:30:00-07:00,56,68,702.2
2025-10-17T21:00:00-07:00,57,68,1086.7
2025-10-17T21:30:00-07:00,58,66,1618.6
2025-10-17T22:00:00-07:00,59,65,1680
2025-10-17T22:30:00-07:00,60,65,1679.9
2025-10-17T23:00:00-07:00,61,64,1676.9
2025-10-17T23:30:00-07:00,61,63,1685.7
2025-10-18T00:00:00-07:00,62,63,1678.1
2025-10-18T00:30:00-07:00,62,62,1675.6
2025-10-18T01:00:00-07:00,62,62,1677
2025-10-18T01:30:00-07:00,62,61,1676.8
2025-10-18T02:00:00-07:00,62,61,1675.2
2025-10-18T02:30:00-07:00,62,60,1675.3
2025-10-18T03:00:00-07:00,63,59,1674.3
2025-10-18T03:30:00-07:00,63,59,1673.9
2025-10-18T04:00:00-07:00,63,59,1673.3
2025-10-18T04:30:00-07:00,63,59,1672.7
2025-10-18T05:00:00-07:00,63,58,1673.7
2025-10-18T05:30:00-07:00,64,58,1673.4
2025-10-18T06:00:00-07:00,63,57,1674.5
2025-10-18T06:30:00-07:00,63,57,1674.9
2025-10-18T07:00:00-07:00,64,57,1674.9
2025-10-18T07:30:00-07:00,64,57,1674.3
2025-10-18T08:00:00-07:00,64,58,1674.2
2025-10-18T08:30:00-07:00,65,61,1675.4
2025-10-18T09:00:00-07:00,60,63,1673.1
2025-10-18T09:30:00-07:00,55,67,1674.1
2025-10-18T10:00:00-07:00,51,70,1638.1
2025-10-18T10:30:00-07:00,47,72,859.5
2025-10-18T11:00:00-07:00,43,75,54.7
2025-10-18T11:30:00-07:00,41,77,40
2025-10-18T12:00:00-07:00,38,80,26
2025-10-18T12:30:00-07:00,38,82,26.4
2025-10-18T13:00:00-07:00,37,83,24.5
2025-10-18T13:30:00-07:00,36,84,24.4
2025-10-18T14:00:00-07:00,35,85,23.3
2025-10-18T14:30:00-07:00,35,85,23.8
2025-10-18T15:00:00-07:00,33,85,24.2
2025-10-18T15:30:00-07:00,32,86,16.8
2025-10-18T16:00:00-07:00,32,86,17.5
2025-10-18T16:30:00-07:00,32,86,23.2
2025-10-18T17:00:00-07:00,33,84,25.8
2025-10-18T17:30:00-07:00,35,82,26.7
2025-10-18T18:00:00-07:00,35,81,24.4
2025-10-18T18:30:00-07:00,39,79,30.8
2025-10-18T19:00:00-07:00,42,76,36.6
2025-10-18T19:30:00-07:00,45,75,484.9
2025-10-18T20:00:00-07:00,49,73,1553.4
2025-10-18T20:30:00-07:00,51,72,1672.4
2025-10-18T21:00:00-07:00,53,70,1676.1
2025-10-18T21:30:00-07:00,55,69,1678.5
2025-10-18T22:00:00-07:00,56,69,1678.1
2025-10-18T22:30:00-07:00,58,68,1678.8
2025-10-18T23:00:00-07:00,59,67,1680.1
2025-10-18T23:30:00-07:00,59,66,1680.6
2025-10-19T00:00:00-07:00,60,66,1680.6
2025-10-19T00:30:00-07:00,60,65,1679.5
2025-10-19T01:00:00-07:00,60,64,1679.3
2025-10-19T01:30:00-07:00,60,64,1677.6
2025-10-19T02:00:00-07:00,61,63,1678.2
2025-10-19T02:30:00-07:00,61,63,1678.4
2025-10-19T03:00:00-07:00,62,62,1679.2
2025-10-19T03:30:00-07:00,62,62,1680.8
2025-10-19T04:00:00-07:00,62,61,1680.3
2025-10-19T04:30:00-07:00,63,61,1680.2
2025-10-19T05:00:00-07:00,63,61,1679.2
2025-10-19T05:30:00-07:00,63,60,1679.3
2025-10-19T06:00:00-07:00,63,60,1680.7
2025-10-19T06:30:00-07:00,64,59,1680.3
2025-10-19T07:00:00-07:00,65,59,1680.8
2025-10-19T07:30:00-07:00,64,60,1678.7
2025-10-19T08:00:00-07:00,63,61,1679
2025-10-19T08:30:00-07:00,60,63,1678.3
2025-10-19T09:00:00-07:00,57,65,1679.5
2025-10-19T09:30:00-07:00,54,68,1678.2
2025-10-19T10:00:00-07:00,50,70,1678.7
2025-10-19T10:30:00-07:00,46,73,1425.8
2025-10-19T11:00:00-07:00,43,75,230.1
2025-10-19T11:30:00-07:00,46,77,1066.8
2025-10-19T12:00:00-07:00,46,77,701.2
2025-10-19T12:30:00-07:00,45,77,418.7
2025-10-19T13:00:00-07:00,44,78,276.9
2025-10-19T13:30:00-07:00,43,78,125.7
2025-10-19T14:00:00-07:00,42,79,67.6
2025-10-19T14:30:00-07:00,39,80,30.3
2025-10-19T15:00:00-07:00,32,81,9.9
2025-10-19T15:30:00-07:00,28,83,5.1
2025-10-19T16:00:00-07:00,29,83,6.2
2025-10-19T16:30:00-07:00,28,83,5.4
2025-10-19T17:00:00-07:00,36,80,21.5
2025-10-19T17:30:00-07:00,41,77,91.4
2025-10-19T18:00:00-07:00,46,73,1203.5
2025-10-19T18:30:00-07:00,49,70,1671.3
2025-10-19T19:00:00-07:00,51,69,1671.1
2025-10-19T19:30:00-07:00,53,69,1672.8
2025-10-19T20:00:00-07:00,54,68,1673.4
2025-10-19T20:30:00-07:00,56,67,1672.9
2025-10-19T21:00:00-07:00,58,66,1674.5
2025-10-19T21:30:00-07:00,59,65,1676.9
2025-10-19T22:00:00-07:00,59,65,1679.7
2025-10-19T22:30:00-07:00,60,64,1678.8
2025-10-19T23:00:00-07:00,60,64,1675.2
2025-10-19T23:30:00-07:00,60,63,1675.1
2025-10-20T00:00:00-07:00,61,63,1674.9
2025-10-20T00:30:00-07:00,61,62,1674.5
2025-10-20T01:00:00-07:00,61,62,1674.5
2025-10-20T01:30:00-07:00,61,61,1673.9
2025-10-20T02:00:00-07:00,62,61,1673.2
2025-10-20T02:30:00-07:00,62,60,1672.5
2025-10-20T03:00:00-07:00,62,60,1671.1
2025-10-20T03:30:00-07:00,62,60,1670.7
2025-10-20T04:00:00-07:00,63,59,1670
2025-10-20T04:30:00-07:00,63,59,1670.4
2025-10-20T05:00:00-07:00,63,59,1670.7
2025-10-20T05:30:00-07:00,64,58,1670.3
2025-10-20T06:00:00-07:00,64,58,1669.6
2025-10-20T06:30:00-07:00,64,58,1669.5
2025-10-20T07:00:00-07:00,64,57,1668.8
2025-10-20T07:30:00-07:00,64,58,1669.3
2025-10-20T08:00:00-07:00,65,59,1669.7
2025-10-20T08:30:00-07:00,64,61,1669.9
2025-10-20T09:00:00-07:00,50,65,984
2025-10-20T09:30:00-07:00,40,70,19
2025-10-20T10:00:00-07:00,35,73,5.3
2025-10-20T10:30:00-07:00,32,76,2.4
2025-10-20T11:00:00-07:00,30,78,2.5
2025-10-20T11:30:00-07:00,30,80,2.6
2025-10-20T12:00:00-07:00,27,82,2.3
2025-10-20T12:30:00-07:00,26,84,2.2
2025-10-20T13:00:00-07:00,26,85,1.8
2025-10-20T13:30:00-07:00,25,85,2.1
2025-10-20T14:00:00-07:00,25,86,2.3
2025-10-20T14:30:00-07:00,25,86,2.7
2025-10-20T15:00:00-07:00,25,87,2.7
2025-10-20T15:30:00-07:00,24,88,3
2025-10-20T16:00:00-07:00,23,88,2.7
2025-10-20T16:30:00-07:00,25,86,3.3
2025-10-20T17:00:00-07:00,27,83,3.7
2025-10-20T17:30:00-07:00,28,81,3.5
2025-10-20T18:00:00-07:00,29,79,3.8
2025-10-20T18:30:00-07:00,33,77,8.4
2025-10-20T19:00:00-07:00,37,75,20.9
2025-10-20T19:30:00-07:00,39,73,25.1
2025-10-20T20:00:00-07:00,42,71,29.9
2025-10-20T20:30:00-07:00,44,70,39.5
2025-10-20T21:00:00-07:00,46,69,113.1
2025-10-20T21:30:00-07:00,47,68,724.7
2025-10-20T22:00:00-07:00,49,67,1683.8
2025-10-20T22:30:00-07:00,52,66,1690.6
2025-10-20T23:00:00-07:00,53,66,1689.9
2025-10-20T23:30:00-07:00,55,65,1686.7
2025-10-21T00:00:00-07:00,55,64,1684.1
2025-10-21T00:30:00-07:00,56,63,1684.4
2025-10-21T01:00:00-07:00,56,63,1681
2025-10-21T01:30:00-07:00,56,62,1678.4
2025-10-21T02:00:00-07:00,57,62,1677.8
2025-10-21T02:30:00-07:00,57,61,1677.8
2025-10-21T03:00:00-07:00,58,61,1677.6
2025-10-21T03:30:00-07:00,58,60,1677.5
2025-10-21T04:00:00-07:00,59,60,1676.4
2025-10-21T04:30:00-07:00,59,59,1674.4
2025-10-21T05:00:00-07:00,60,59,1674.4
2025-10-21T05:30:00-07:00,60,58,1673.4
2025-10-21T06:00:00-07:00,60,58,1672.2
2025-10-21T06:30:00-07:00,60,58,1671.7
2025-10-21T07:00:00-07:00,61,57,1671.3
2025-10-21T07:30:00-07:00,61,57,1670.4
2025-10-21T08:00:00-07:00,60,58,1670.4
2025-10-21T08:30:00-07:00,60,61,1670.7
2025-10-21T09:00:00-07:00,55,64,1670.5
2025-10-21T09:30:00-07:00,49,68,1038
2025-10-21T10:00:00-07:00,44,71,53
2025-10-21T10:30:00-07:00,41,74,16.3
2025-10-21T11:00:00-07:00,39,76,12
2025-10-21T11:30:00-07:00,38,78,15
2025-10-21T12:00:00-07:00,37,80,12
2025-10-21T12:30:00-07:00,35,82,10.5
2025-10-21T13:00:00-07:00,34,83,10.2
2025-10-21T13:30:00-07:00,32,83,8.1
2025-10-21T14:00:00-07:00,32,83,7.4
2025-10-21T14:30:00-07:00,33,84,9.8
2025-10-21T15:00:00-07:00,36,83,15.1
2025-10-21T15:30:00-07:00,36,83,15.5
2025-10-21T16:00:00-07:00,39,81,23.5
2025-10-21T16:30:00-07:00,41,79,29.2
2025-10-21T17:00:00-07:00,44,76,87.2
2025-10-21T17:30:00-07:00,47,74,542.5
2025-10-21T18:00:00-07:00,50,71,1526.6
2025-10-21T18:30:00-07:00,53,69,1673.6
2025-10-21T19:00:00-07:00,55,68,1674.5
2025-10-21T19:30:00-07:00,58,66,1675.4
2025-10-21T20:00:00-07:00,59,66,1675.1
2025-10-21T20:30:00-07:00,60,66,1674.9
2025-10-21T21:00:00-07:00,60,65,1674.7
2025-10-21T21:30:00-07:00,61,65,1673.5
2025-10-21T22:00:00-07:00,60,65,1672.2
2025-10-21T22:30:00-07:00,60,66,1673.4
2025-10-21T23:00:00-07:00,60,66,1680.3
2025-10-21T23:30:00-07:00,57,66,1671.1
2025-10-22T00:00:00-07:00,57,66,1669.8
2025-10-22T00:30:00-07:00,58,66,1670.8
2025-10-22T01:00:00-07:00,57,67,1669.7
2025-10-22T01:30:00-07:00,56,67,1670.8
2025-10-22T02:00:00-07:00,56,67,1667.4
2025-10-22T02:30:00-07:00,55,67,1667.2
2025-10-22T03:00:00-07:00,55,67,1668.4
2025-10-22T03:30:00-07:00,55,67,1667.7
2025-10-22T04:00:00-07:00,55,67,1668
2025-10-22T04:30:00-07:00,55,67,1667.7
2025-10-22T05:00:00-07:00,55,66,1664.8
2025-10-22T05:30:00-07:00,56,66,1668.1
2025-10-22T06:00:00-07:00,56,66,1664.7
2025-10-22T06:30:00-07:00,56,66,1667.5
2025-10-22T07:00:00-07:00,56,66,1666.2
2025-10-22T07:30:00-07:00,55,66,1667.4
2025-10-22T08:00:00-07:00,54,67,1667.6
2025-10-22T08:30:00-07:00,53,68,1664.3
2025-10-22T09:00:00-07:00,52,69,1665.8
2025-10-22T09:30:00-07:00,50,71,1523.3
2025-10-22T10:00:00-07:00,47,72,506.1
2025-10-22T10:30:00-07:00,46,72,326.1
2025-10-22T11:00:00-07:00,46,72,463
2025-10-22T11:30:00-07:00,46,72,381.2
2025-10-22T12:00:00-07:00,44,73,108.9
2025-10-22T12:30:00-07:00,42,75,38.2
2025-10-22T13:00:00-07:00,40,77,18.9
2025-10-22T13:30:00-07:00,40,77,15.9
2025-10-22T14:00:00-07:00,40,76,19.7
2025-10-22T14:30:00-07:00,40,76,20.4
2025-10-22T15:00:00-07:00,40,76,21.6
2025-10-22T15:30:00-07:00,39,77,19.4
2025-10-22T16:00:00-07:00,39,76,16.6
2025-10-22T16:30:00-07:00,40,75,20.1
2025-10-22T17:00:00-07:00,44,72,358.6
2025-10-22T17:30:00-07:00,46,70,1202.3
2025-10-22T18:00:00-07:00,49,69,1654.7
2025-10-22T18:30:00-07:00,51,67,1667.5
2025-10-22T19:00:00-07:00,53,67,1668.3
2025-10-22T19:30:00-07:00,52,67,1668.3
2025-10-22T20:00:00-07:00,53,67,1668.9
2025-10-22T20:30:00-07:00,54,66,1668.9
2025-10-22T21:00:00-07:00,55,65,1669.4
2025-10-22T21:30:00-07:00,56,64,1669.4
2025-10-22T22:00:00-07:00,57,64,1669.1
2025-10-22T22:30:00-07:00,58,63,1668.5
2025-10-22T23:00:00-07:00,58,63,1668.4
2025-10-22T23:30:00-07:00,59,62,1669.4
2025-10-23T00:00:00-07:00,60,61,1670.5
2025-10-23T00:30:00-07:00,61,60,1670.7
2025-10-23T01:00:00-07:00,61,60,1670.1
2025-10-23T01:30:00-07:00,61,59,1669.5
2025-10-23T02:00:00-07:00,62,59,1669.8
2025-10-23T02:30:00-07:00,63,61,1670.5
2025-10-23T03:00:00-07:00,62,60,1669.4
2025-10-23T03:30:00-07:00,63,60,1669.8
2025-10-23T04:00:00-07:00,63,61,1669.7
2025-10-23T04:30:00-07:00,62,61,1669.7
2025-10-23T05:00:00-07:00,62,61,1669.6
2025-10-23T05:30:00-07:00,62,62,1669.5
2025-10-23T06:00:00-07:00,63,63,1670.4
2025-10-23T06:30:00-07:00,62,64,1670.2
2025-10-23T07:00:00-07:00,62,64,1670.3
2025-10-23T07:30:00-07:00,61,64,1670.9
2025-10-23T08:00:00-07:00,60,65,1671.8
2025-10-23T08:30:00-07:00,59,66,1672.1
2025-10-23T09:00:00-07:00,58,66,1671.2
2025-10-23T09:30:00-07:00,57,67,1671.7
2025-10-23T10:00:00-07:00,56,68,1671.7
2025-10-23T10:30:00-07:00,53,69,1671.7
2025-10-23T11:00:00-07:00,52,69,1670.4
2025-10-23T11:30:00-07:00,51,71,1653.6
2025-10-23T12:00:00-07:00,49,72,1494.8
2025-10-23T12:30:00-07:00,47,73,853.9
2025-10-23T13:00:00-07:00,46,74,285.9
2025-10-23T13:30:00-07:00,45,75,129.5
2025-10-23T14:00:00-07:00,44,76,61.1
2025-10-23T14:30:00-07:00,43,76,52.4
2025-10-23T15:00:00-07:00,43,76,40.2
2025-10-23T15:30:00-07:00,41,78,30.4
2025-10-23T16:00:00-07:00,41,78,30
2025-10-23T16:30:00-07:00,42,77,59
2025-10-23T17:00:00-07:00,46,74,587.1
2025-10-23T17:30:00-07:00,48,72,1530.1
2025-10-23T18:00:00-07:00,51,69,1670.7
2025-10-23T18:30:00-07:00,53,68,1671.9
2025-10-23T19:00:00-07:00,56,67,1672.1
2025-10-23T19:30:00-07:00,58,66,1671.2
2025-10-23T20:00:00-07:00,60,65,1671.5
2025-10-23T20:30:00-07:00,60,64,1671.6
2025-10-23T21:00:00-07:00,61,64,1671.1
2025-10-23T21:30:00-07:00,62,65,1671.3
2025-10-23T22:00:00-07:00,62,65,1669.9
2025-10-23T22:30:00-07:00,61,66,1669
2025-10-23T23:00:00-07:00,61,65,1670.2
2025-10-23T23:30:00-07:00,61,65,1670.7
2025-10-24T00:00:00-07:00,61,65,1669.9
2025-10-24T00:30:00-07:00,61,64,1668.8
2025-10-24T01:00:00-07:00,61,63,1669.1
2025-10-24T01:30:00-07:00,63,61,1668.8
2025-10-24T02:00:00-07:00,64,61,1669.7
2025-10-24T02:30:00-07:00,64,61,1669.8
2025-10-24T03:00:00-07:00,64,60,1670.8
2025-10-24T03:30:00-07:00,64,59,1670.6
2025-10-24T04:00:00-07:00,64,59,1670.7
2025-10-24T04:30:00-07:00,65,59,1671.1
2025-10-24T05:00:00-07:00,64,61,1670.9
2025-10-24T05:30:00-07:00,63,62,1670.4
2025-10-24T06:00:00-07:00,63,62,1671.2
2025-10-24T06:30:00-07:00,63,63,1672.3
2025-10-24T07:00:00-07:00,63,63,1671.3
2025-10-24T07:30:00-07:00,62,63,1669.5
2025-10-24T08:00:00-07:00,61,63,1671.1
2025-10-24T08:30:00-07:00,61,63,1675.3
2025-10-24T09:00:00-07:00,60,64,1675
2025-10-24T09:30:00-07:00,57,65,1673.4
2025-10-24T10:00:00-07:00,55,67,1670.2
2025-10-24T10:30:00-07:00,52,69,1669.6
2025-10-24T11:00:00-07:00,49,71,1669.5
2025-10-24T11:30:00-07:00,48,72,1669
2025-10-24T12:00:00-07:00,48,72,1668.7
2025-10-24T12:30:00-07:00,46,73,1667.4
2025-10-24T13:00:00-07:00,45,74,1664.9
2025-10-24T13:30:00-07:00,44,75,1648
2025-10-24T14:00:00-07:00,44,75,1654.7
2025-10-24T14:30:00-07:00,44,75,1660.2
2025-10-24T15:00:00-07:00,44,75,1636.9
2025-10-24T15:30:00-07:00,43,77,1390.6
2025-10-24T16:00:00-07:00,44,76,1275.3
2025-10-24T16:30:00-07:00,49,72,1665.7
2025-10-24T17:00:00-07:00,53,69,1666.1
2025-10-24T17:30:00-07:00,56,67,1668.8
2025-10-24T18:00:00-07:00,57,67,1669.3
2025-10-24T18:30:00-07:00,58,66,1666.4
2025-10-24T19:00:00-07:00,59,65,1666.6
2025-10-24T19:30:00-07:00,60,65,1666.1
2025-10-24T20:00:00-07:00,61,64,1666.4
2025-10-24T20:30:00-07:00,62,64,1666.1
2025-10-24T21:00:00-07:00,62,64,1666.4
2025-10-24T21:30:00-07:00,63,63,1667
2025-10-24T22:00:00-07:00,63,62,1667
2025-10-24T22:30:00-07:00,64,62,1666.7
2025-10-24T23:00:00-07:00,63,63,1667.5
2025-10-24T23:30:00-07:00,63,63,1667.8
2025-10-25T00:00:00-07:00,63,64,1667
2025-10-25T00:30:00-07:00,62,65,1666.9
2025-10-25T01:00:00-07:00,61,65,1667.4
2025-10-25T01:30:00-07:00,61,65,1667.9
2025-10-25T02:00:00-07:00,61,66,1667.2
2025-10-25T02:30:00-07:00,61,65,1667.9
2025-10-25T03:00:00-07:00,61,65,1667.8
2025-10-25T03:30:00-07:00,61,65,1667.6
2025-10-25T04:00:00-07:00,62,64,1667.4
2025-10-25T04:30:00-07:00,62,64,1667.9
2025-10-25T05:00:00-07:00,63,63,1669.1
2025-10-25T05:30:00-07:00,63,64,1669.7
2025-10-25T06:00:00-07:00,63,64,1670.6
2025-10-25T06:30:00-07:00,63,64,1671.3
2025-10-25T07:00:00-07:00,64,63,1671.4
2025-10-25T07:30:00-07:00,64,63,1672
2025-10-25T08:00:00-07:00,63,63,1672.6
2025-10-25T08:30:00-07:00,62,64,1673.8
2025-10-25T09:00:00-07:00,62,65,1674.1
2025-10-25T09:30:00-07:00,61,65,1673.7
2025-10-25T10:00:00-07:00,61,66,1673.1
2025-10-25T10:30:00-07:00,59,66,1672.3
2025-10-25T11:00:00-07:00,56,68,1667.5
2025-10-25T11:30:00-07:00,52,70,1666.9
2025-10-25T12:00:00-07:00,51,71,1668.5
2025-10-25T12:30:00-07:00,51,71,1660.4
2025-10-25T13:00:00-07:00,50,74,1423
2025-10-25T13:30:00-07:00,52,74,1651.8
2025-10-25T14:00:00-07:00,52,74,1626.9
2025-10-25T14:30:00-07:00,52,73,1604.4
2025-10-25T15:00:00-07:00,48,74,865.2
2025-10-25T15:30:00-07:00,47,74,964.8
2025-10-25T16:00:00-07:00,47,74,931.9
2025-10-25T16:30:00-07:00,46,74,283.7
2025-10-25T17:00:00-07:00,46,74,427.7
2025-10-25T17:30:00-07:00,47,73,900.4
2025-10-25T18:00:00-07:00,50,71,1664.5
2025-10-25T18:30:00-07:00,54,69,1669
2025-10-25T19:00:00-07:00,57,67,1668.1
2025-10-25T19:30:00-07:00,57,66,1668
2025-10-25T20:00:00-07:00,58,65,1668.4
2025-10-25T20:30:00-07:00,59,65,1668
2025-10-25T21:00:00-07:00,60,64,1669.1
2025-10-25T21:30:00-07:00,61,63,1669.9
2025-10-25T22:00:00-07:00,61,63,1669.9
2025-10-25T22:30:00-07:00,61,63,1669.5
2025-10-25T23:00:00-07:00,62,63,1669.4
2025-10-25T23:30:00-07:00,62,63,1668.9
2025-10-26T00:00:00-07:00,62,63,1670.4
2025-10-26T00:30:00-07:00,62,63,1669.7
2025-10-26T01:00:00-07:00,62,62,1670.1
2025-10-26T01:30:00-07:00,63,62,1669.2
2025-10-26T02:00:00-07:00,64,62,1669
2025-10-26T02:30:00-07:00,64,62,1669.8
2025-10-26T03:00:00-07:00,64,62,1668.7
2025-10-26T03:30:00-07:00,63,63,1668.5
2025-10-26T04:00:00-07:00,62,63,1669.2
2025-10-26T04:30:00-07:00,62,63,1668.7
2025-10-26T05:00:00-07:00,61,63,1669.3
2025-10-26T05:30:00-07:00,60,63,1668.7
2025-10-26T06:00:00-07:00,60,63,1669.1
2025-10-26T06:30:00-07:00,61,63,1669.3
2025-10-26T07:00:00-07:00,62,62,1668.4
2025-10-26T07:30:00-07:00,62,62,1668.2
2025-10-26T08:00:00-07:00,61,63,1668.9
2025-10-26T08:30:00-07:00,60,63,1668.7
2025-10-26T09:00:00-07:00,59,64,1669.4
2025-10-26T09:30:00-07:00,58,67,1668
2025-10-26T10:00:00-07:00,53,69,1666.7
2025-10-26T10:30:00-07:00,48,72,1034.1
2025-10-26T11:00:00-07:00,44,74,131.8
2025-10-26T11:30:00-07:00,42,74,49.2
2025-10-26T12:00:00-07:00,41,75,21.9
2025-10-26T12:30:00-07:00,40,76,16.5
2025-10-26T13:00:00-07:00,40,75,19.2
2025-10-26T13:30:00-07:00,41,75,53
2025-10-26T14:00:00-07:00,42,75,126.5
2025-10-26T14:30:00-07:00,45,74,308.9
2025-10-26T15:00:00-07:00,46,75,402.1
2025-10-26T15:30:00-07:00,48,74,783.5
2025-10-26T16:00:00-07:00,53,73,1542.4
2025-10-26T16:30:00-07:00,56,71,1596.8
2025-10-26T17:00:00-07:00,53,70,1486.8
2025-10-26T17:30:00-07:00,53,68,1548.3
2025-10-26T18:00:00-07:00,52,67,1529.8
2025-10-26T18:30:00-07:00,52,66,1639.4
2025-10-26T19:00:00-07:00,52,66,1662.4
2025-10-26T19:30:00-07:00,53,66,1666.5
2025-10-26T20:00:00-07:00,53,65,1666.4
2025-10-26T20:30:00-07:00,54,65,1670.5
2025-10-26T21:00:00-07:00,53,64,1664.5
2025-10-26T21:30:00-07:00,54,64,1669.7
2025-10-26T22:00:00-07:00,55,64,1667.8
2025-10-26T22:30:00-07:00,54,64,1666.7
2025-10-26T23:00:00-07:00,54,64,1667.3
2025-10-26T23:30:00-07:00,54,64,1666.4
2025-10-27T00:00:00-07:00,54,64,1664
2025-10-27T00:30:00-07:00,54,64,1666.4
2025-10-27T01:00:00-07:00,54,64,1666.5
2025-10-27T01:30:00-07:00,55,63,1666.1
2025-10-27T02:00:00-07:00,55,63,1667.1
2025-10-27T02:30:00-07:00,55,63,1667
2025-10-27T03:00:00-07:00,56,63,1667.1
2025-10-27T03:30:00-07:00,55,63,1666.5
2025-10-27T04:00:00-07:00,55,63,1666
2025-10-27T04:30:00-07:00,55,63,1665.7
2025-10-27T05:00:00-07:00,55,63,1666.8
2025-10-27T05:30:00-07:00,55,64,1666.8
2025-10-27T06:00:00-07:00,56,63,1666.4
2025-10-27T06:30:00-07:00,56,64,1667
2025-10-27T07:00:00-07:00,57,63,1667.4
2025-10-27T07:30:00-07:00,58,63,1666.9
2025-10-27T08:00:00-07:00,58,63,1667.2
2025-10-27T08:30:00-07:00,58,64,1666.8
2025-10-27T09:00:00-07:00,56,65,1667
2025-10-27T09:30:00-07:00,57,65,1667.3
2025-10-27T10:00:00-07:00,56,66,1666.9
2025-10-27T10:30:00-07:00,51,69,1614.3
2025-10-27T11:00:00-07:00,47,70,983.9
2025-10-27T11:30:00-07:00,46,71,466.8
2025-10-27T12:00:00-07:00,46,71,763.6
2025-10-27T12:30:00-07:00,44,72,284.7
2025-10-27T13:00:00-07:00,41,74,31.7
2025-10-27T13:30:00-07:00,42,75,78.8
2025-10-27T14:00:00-07:00,42,75,43.4
2025-10-27T14:30:00-07:00,41,75,39.6
2025-10-27T15:00:00-07:00,40,75,19.2
2025-10-27T15:30:00-07:00,38,76,11.2
2025-10-27T16:00:00-07:00,37,77,5.8
2025-10-27T16:30:00-07:00,39,76,13
2025-10-27T17:00:00-07:00,41,74,27.8
2025-10-27T17:30:00-07:00,45,72,782.7
2025-10-27T18:00:00-07:00,47,70,1639.4
2025-10-27T18:30:00-07:00,49,68,1666.6
2025-10-27T19:00:00-07:00,50,67,1666.7
2025-10-27T19:30:00-07:00,51,66,1667.3
2025-10-27T20:00:00-07:00,53,64,1667.4
2025-10-27T20:30:00-07:00,55,63,1667.7
2025-10-27T21:00:00-07:00,56,62,1667.9
2025-10-27T21:30:00-07:00,55,61,1667.2
2025-10-27T22:00:00-07:00,54,60,1667.4
2025-10-27T22:30:00-07:00,54,59,1666.7
2025-10-27T23:00:00-07:00,55,58,1667.1
2025-10-27T23:30:00-07:00,56,57,1667.7
2025-10-28T00:00:00-07:00,57,56,1667.7
2025-10-28T00:30:00-07:00,57,56,1667.6
2025-10-28T01:00:00-07:00,57,55,1667.3
2025-10-28T01:30:00-07:00,57,55,1667.3
2025-10-28T02:00:00-07:00,56,55,1667.4
2025-10-28T02:30:00-07:00,57,54,1670.3
2025-10-28T03:00:00-07:00,56,54,1668
2025-10-28T03:30:00-07:00,56,54,1667.8
2025-10-28T04:00:00-07:00,57,53,1667.9
2025-10-28T04:30:00-07:00,58,53,1668.1
2025-10-28T05:00:00-07:00,58,52,1668.4
2025-10-28T05:30:00-07:00,58,53,1669
2025-10-28T06:00:00-07:00,58,53,1671.8
2025-10-28T06:30:00-07:00,59,52,1673.3
2025-10-28T07:00:00-07:00,59,52,1678.9
2025-10-28T07:30:00-07:00,59,52,1676
2025-10-28T08:00:00-07:00,59,53,1669.6
2025-10-28T08:30:00-07:00,60,55,1669.5
2025-10-28T09:00:00-07:00,60,58,1667.8
2025-10-28T09:30:00-07:00,56,61,1667.5
2025-10-28T10:00:00-07:00,51,66,1667
2025-10-28T10:30:00-07:00,45,69,542.8
2025-10-28T11:00:00-07:00,42,72,25.3
2025-10-28T11:30:00-07:00,37,74,7.7
2025-10-28T12:00:00-07:00,34,76,3.7
2025-10-28T12:30:00-07:00,32,78,2.5
2025-10-28T13:00:00-07:00,31,79,5
2025-10-28T13:30:00-07:00,28,80,1.9
2025-10-28T14:00:00-07:00,28,80,2
2025-10-28T14:30:00-07:00,28,80,2
2025-10-28T15:00:00-07:00,28,80,2.4
2025-10-28T15:30:00-07:00,29,81,2.2
2025-10-28T16:00:00-07:00,28,82,1.8
2025-10-28T16:30:00-07:00,28,82,2.1
2025-10-28T17:00:00-07:00,28,81,2.1
2025-10-28T17:30:00-07:00,30,79,2.5
2025-10-28T18:00:00-07:00,34,76,8.3
2025-10-28T18:30:00-07:00,37,74,17.3
2025-10-28T19:00:00-07:00,39,72,20.7
2025-10-28T19:30:00-07:00,40,71,22.9
2025-10-28T20:00:00-07:00,45,67,1667.5
2025-10-28T20:30:00-07:00,48,67,1668.8
2025-10-28T21:00:00-07:00,51,67,1667.8
2025-10-28T21:30:00-07:00,52,66,1667.2
2025-10-28T22:00:00-07:00,54,64,1667.8
2025-10-28T22:30:00-07:00,55,63,1668.9
2025-10-28T23:00:00-07:00,55,62,1671.6
2025-10-28T23:30:00-07:00,55,61,1670.2
2025-10-29T00:00:00-07:00,56,61,1670.1
2025-10-29T00:30:00-07:00,56,60,1670.9
2025-10-29T01:00:00-07:00,56,60,1669.8
2025-10-29T01:30:00-07:00,55,60,1669.3
2025-10-29T02:00:00-07:00,56,59,1669.3
2025-10-29T02:30:00-07:00,56,58,1669.1
2025-10-29T03:00:00-07:00,57,58,1668.8
2025-10-29T03:30:00-07:00,57,57,1669.1
2025-10-29T04:00:00-07:00,58,57,1669.1
2025-10-29T04:30:00-07:00,58,57,1669.1
2025-10-29T05:00:00-07:00,58,56,1669.3
2025-10-29T05:30:00-07:00,58,56,1669.6
2025-10-29T06:00:00-07:00,58,55,1669.4
2025-10-29T06:30:00-07:00,59,55,1669.3
2025-10-29T07:00:00-07:00,59,55,1669.6
2025-10-29T07:30:00-07:00,60,56,1669.3
2025-10-29T08:00:00-07:00,59,56,1670.3
2025-10-29T08:30:00-07:00,60,59,1671.8
2025-10-29T09:00:00-07:00,60,63,1672.6
2025-10-29T09:30:00-07:00,56,66,1669.9
2025-10-29T10:00:00-07:00,50,70,1107.8
2025-10-29T10:30:00-07:00,48,72,287.9
2025-10-29T11:00:00-07:00,43,74,29.1
2025-10-29T11:30:00-07:00,40,77,16.5
2025-10-29T12:00:00-07:00,38,79,11.6
2025-10-29T12:30:00-07:00,37,80,10.6
2025-10-29T13:00:00-07:00,37,80,11.1
2025-10-29T13:30:00-07:00,34,81,10.1
2025-10-29T14:00:00-07:00,34,81,9.8
2025-10-29T14:30:00-07:00,33,83,8.6
2025-10-29T15:00:00-07:00,33,83,7.2
2025-10-29T15:30:00-07:00,30,85,5.5
2025-10-29T16:00:00-07:00,28,86,3.8
2025-10-29T16:30:00-07:00,29,85,4.5
2025-10-29T17:00:00-07:00,33,83,5.7
2025-10-29T17:30:00-07:00,38,80,15.2
2025-10-29T18:00:00-07:00,40,78,19.2
2025-10-29T18:30:00-07:00,42,76,25.2
2025-10-29T19:00:00-07:00,47,74,138.3
2025-10-29T19:30:00-07:00,51,72,1303.3
2025-10-29T20:00:00-07:00,54,71,1669.5
2025-10-29T20:30:00-07:00,56,70,1668.5
2025-10-29T21:00:00-07:00,57,69,1669.3
2025-10-29T21:30:00-07:00,58,68,1668.9
2025-10-29T22:00:00-07:00,60,67,1668.8
2025-10-29T22:30:00-07:00,60,66,1669.5
2025-10-29T23:00:00-07:00,61,65,1672.7
2025-10-29T23:30:00-07:00,61,64,1669.6
2025-10-30T00:00:00-07:00,61,63,1670.4
2025-10-30T00:30:00-07:00,61,62,1669.9
2025-10-30T01:00:00-07:00,61,61,1670.1
2025-10-30T01:30:00-07:00,61,61,1670.1
2025-10-30T02:00:00-07:00,61,61,1670.6
2025-10-30T02:30:00-07:00,61,60,1670.4
2025-10-30T03:00:00-07:00,62,59,1669.9
2025-10-30T03:30:00-07:00,62,59,1670.4
2025-10-30T04:00:00-07:00,62,58,1670.2
2025-10-30T04:30:00-07:00,62,58,1670.7
2025-10-30T05:00:00-07:00,63,59,1670.3
2025-10-30T05:30:00-07:00,66,61,1671.3
2025-10-30T06:00:00-07:00,66,63,1671.1
2025-10-30T06:30:00-07:00,66,63,1671.9
2025-10-30T07:00:00-07:00,65,63,1673.7
2025-10-30T07:30:00-07:00,65,64,1673.6
2025-10-30T08:00:00-07:00,64,64,1675
2025-10-30T08:30:00-07:00,63,65,1675.2
2025-10-30T09:00:00-07:00,62,65,1673.4
2025-10-30T09:30:00-07:00,61,65,1672.1
2025-10-30T10:00:00-07:00,60,66,1673.5
2025-10-30T10:30:00-07:00,59,67,1673.2
2025-10-30T11:00:00-07:00,57,68,1673.8
2025-10-30T11:30:00-07:00,55,69,1674.9
2025-10-30T12:00:00-07:00,54,69,1675
2025-10-30T12:30:00-07:00,53,70,1674.9
2025-10-30T13:00:00-07:00,51,72,1674.1
2025-10-30T13:30:00-07:00,51,72,1672.7
2025-10-30T14:00:00-07:00,50,73,1672.5
2025-10-30T14:30:00-07:00,49,73,1671.5
2025-10-30T15:00:00-07:00,50,73,1670.9
2025-10-30T15:30:00-07:00,50,72,1670.2
2025-10-30T16:00:00-07:00,50,72,1671.4
2025-10-30T16:30:00-07:00,52,70,1671.2
2025-10-30T17:00:00-07:00,54,68,1670.9
2025-10-30T17:30:00-07:00,56,66,1670.5
2025-10-30T18:00:00-07:00,58,65,1671.3
2025-10-30T18:30:00-07:00,59,64,1670.9
2025-10-30T19:00:00-07:00,59,64,1670.4
2025-10-30T19:30:00-07:00,59,64,1670.8
2025-10-30T20:00:00-07:00,59,64,1669.8
2025-10-30T20:30:00-07:00,58,64,1670.3
2025-10-30T21:00:00-07:00,60,63,1670.2
2025-10-30T21:30:00-07:00,60,62,1670.2
2025-10-30T22:00:00-07:00,60,62,1670.1
2025-10-30T22:30:00-07:00,61,61,1670.7
2025-10-30T23:00:00-07:00,61,62,1670.1
2025-10-30T23:30:00-07:00,60,63,1669.9
2025-10-31T00:00:00-07:00,60,63,1669.8
2025-10-31T00:30:00-07:00,59,63,1669.4
2025-10-31T01:00:00-07:00,58,63,1669.5
2025-10-31T01:30:00-07:00,58,63,1670
2025-10-31T02:00:00-07:00,58,63,1669.6
2025-10-31T02:30:00-07:00,59,62,1669.9
2025-10-31T03:00:00-07:00,60,61,1670.4
2025-10-31T03:30:00-07:00,60,60,1670.1
2025-10-31T04:00:00-07:00,61,60,1670.5
2025-10-31T04:30:00-07:00,62,59,1669.9
2025-10-31T05:00:00-07:00,62,59,1670.7
2025-10-31T05:30:00-07:00,62,60,1670.5
2025-10-31T06:00:00-07:00,61,61,1670.9
2025-10-31T06:30:00-07:00,61,62,1671.2
2025-10-31T07:00:00-07:00,60,62,1671.6
2025-10-31T07:30:00-07:00,60,62,1671.8
2025-10-31T08:00:00-07:00,60,62,1672.1
2025-10-31T08:30:00-07:00,60,63,1671.4
2025-10-31T09:00:00-07:00,59,63,1672.2
2025-10-31T09:30:00-07:00,58,64,1673.3
2025-10-31T10:00:00-07:00,56,66,1673.6
2025-10-31T10:30:00-07:00,54,67,1674.5
2025-10-31T11:00:00-07:00,53,68,1674.8
2025-10-31T11:30:00-07:00,51,69,1674.3
2025-10-31T12:00:00-07:00,49,72,1672.6
2025-10-31T12:30:00-07:00,48,73,1664.3
2025-10-31T13:00:00-07:00,48,73,1672.3
2025-10-31T13:30:00-07:00,47,72,1664.2
2025-10-31T14:00:00-07:00,46,75,1158.6
2025-10-31T14:30:00-07:00,44,76,321.7
2025-10-31T15:00:00-07:00,42,78,90.7
2025-10-31T15:30:00-07:00,40,79,34.8
2025-10-31T16:00:00-07:00,38,79,26.7
2025-10-31T16:30:00-07:00,41,79,55.3
2025-10-31T17:00:00-07:00,44,75,662.8
2025-10-31T17:30:00-07:00,47,73,1656.7
2025-10-31T18:00:00-07:00,50,70,1669.7
2025-10-31T18:30:00-07:00,52,68,1669.4
2025-10-31T19:00:00-07:00,55,67,1669.5
2025-10-31T19:30:00-07:00,57,66,1669.8
2025-10-31T20:00:00-07:00,58,65,1669.3
2025-10-31T20:30:00-07:00,60,64,1670.6
2025-10-31T21:00:00-07:00,60,62,1671
2025-10-31T21:30:00-07:00,61,61,1670.4
2025-10-31T22:00:00-07:00,61,61,1671.8
2025-10-31T22:30:00-07:00,61,61,1672.5
2025-10-31T23:00:00-07:00,61,60,1672.2
2025-10-31T23:30:00-07:00,61,58,1672.6
2025-11-01T00:00:00-07:00,61,59,1673.4
2025-11-01T00:30:00-07:00,61,58,1672.7
2025-11-01T01:00:00-07:00,61,57,1672
2025-11-01T01:30:00-07:00,61,57,1671.3
2025-11-01T02:00:00-07:00,61,56,1670.8
2025-11-01T02:30:00-07:00,62,56,1671.3
2025-11-01T03:00:00-07:00,62,56,1671
2025-11-01T03:30:00-07:00,62,55,1671
2025-11-01T04:00:00-07:00,62,55,1671.4
2025-11-01T04:30:00-07:00,62,55,1671.9
2025-11-01T05:00:00-07:00,62,53,1671.4
2025-11-01T05:30:00-07:00,62,52,1671.6
2025-11-01T06:00:00-07:00,62,51,1671.2
2025-11-01T06:30:00-07:00,62,53,1671.4
2025-11-01T07:00:00-07:00,62,50,1673.6
2025-11-01T07:30:00-07:00,62,52,1674.1
2025-11-01T08:00:00-07:00,63,53,1674
2025-11-01T08:30:00-07:00,65,53,1672.2
2025-11-01T09:00:00-07:00,65,55,1673.7
2025-11-01T09:30:00-07:00,64,63,1677.4
2025-11-01T10:00:00-07:00,62,65,1676.4
2025-11-01T10:30:00-07:00,59,62,1679.1
2025-11-01T11:00:00-07:00,57,66,1674.9
2025-11-01T11:30:00-07:00,55,68,1674.8
2025-11-01T12:00:00-07:00,51,70,1623.4
2025-11-01T12:30:00-07:00,47,70,789
2025-11-01T13:00:00-07:00,43,75,67.5
2025-11-01T13:30:00-07:00,42,76,46.6
2025-11-01T14:00:00-07:00,41,74,30.2
2025-11-01T14:30:00-07:00,40,77,31.8
2025-11-01T15:00:00-07:00,40,75,24
2025-11-01T15:30:00-07:00,40,75,30.1
2025-11-01T16:00:00-07:00,40,76,29.9
2025-11-01T16:30:00-07:00,41,74,30.6
2025-11-01T17:00:00-07:00,44,73,436
2025-11-01T17:30:00-07:00,49,70,1636.2
2025-11-01T18:00:00-07:00,53,66,1668.4
2025-11-01T18:30:00-07:00,57,69,1667.6
2025-11-01T19:00:00-07:00,59,66,1668.3
2025-11-01T19:30:00-07:00,61,66,1668
2025-11-01T20:00:00-07:00,62,64,1668.4
2025-11-01T20:30:00-07:00,63,64,1668.5
2025-11-01T21:00:00-07:00,63,62,1669.9
2025-11-01T21:30:00-07:00,64,61,1670.5
2025-11-01T22:00:00-07:00,64,60,1670.6
2025-11-01T22:30:00-07:00,63,59,1670
2025-11-01T23:00:00-07:00,63,58,1671.4
2025-11-01T23:30:00-07:00,63,58,1671.3
2025-11-02T00:00:00-07:00,63,57,1671.3
2025-11-02T00:30:00-07:00,63,56,1671.4
2025-11-02T01:00:00-07:00,64,56,1671.2
2025-11-02T01:30:00-07:00,64,55,1669.9
2025-11-02T01:00:00-08:00,63,57,1670
2025-11-02T01:30:00-08:00,63,56,1670.3
2025-11-02T02:00:00-08:00,64,56,1670.7
2025-11-02T02:30:00-08:00,63,56,1671
2025-11-02T03:00:00-08:00,63,55,1670.8
2025-11-02T03:30:00-08:00,64,55,1671.5
2025-11-02T04:00:00-08:00,64,55,1670.4
2025-11-02T04:30:00-08:00,64,55,1670.5
2025-11-02T05:00:00-08:00,64,55,1670.3
2025-11-02T05:30:00-08:00,67,56,1666.2
2025-11-02T06:00:00-08:00,65,56,1451.7
2025-11-02T06:30:00-08:00,64,54,1361.9
2025-11-02T07:00:00-08:00,64,55,1235.5
2025-11-02T07:30:00-08:00,65,58,1496.9
2025-11-02T08:00:00-08:00,67,60,1664.3
2025-11-02T08:30:00-08:00,63,61,1221.2
2025-11-02T09:00:00-08:00,59,65,572.9
2025-11-02T09:30:00-08:00,56,69,141.6
2025-11-02T10:00:00-08:00,51,71,53.6
2025-11-02T10:30:00-08:00,48,73,36.4
2025-11-02T11:00:00-08:00,45,77,25.6
2025-11-02T11:30:00-08:00,44,79,23.9
2025-11-02T12:00:00-08:00,42,79,19.4
2025-11-02T12:30:00-08:00,40,80,9.7
2025-11-02T13:00:00-08:00,39,80,7.2
2025-11-02T13:30:00-08:00,40,81,13.1
2025-11-02T14:00:00-08:00,40,82,13.4
2025-11-02T14:30:00-08:00,37,83,7.7
2025-11-02T15:00:00-08:00,36,83,8
2025-11-02T15:30:00-08:00,39,82,15.2
2025-11-02T16:00:00-08:00,42,80,23.7
2025-11-02T16:30:00-08:00,45,77,30.7
2025-11-02T17:00:00-08:00,47,75,36
2025-11-02T17:30:00-08:00,49,74,68.8
2025-11-02T18:00:00-08:00,52,73,391.2
2025-11-02T18:30:00-08:00,54,71,810.1
2025-11-02T19:00:00-08:00,56,70,1319.8
2025-11-02T19:30:00-08:00,57,69,1214.4
2025-11-02T20:00:00-08:00,59,68,1552
2025-11-02T20:30:00-08:00,60,68,1152.3
2025-11-02T21:00:00-08:00,60,67,1149.3
2025-11-02T21:30:00-08:00,60,67,1205.4
2025-11-02T22:00:00-08:00,61,64,1423.4
2025-11-02T22:30:00-08:00,62,65,1576.9
2025-11-02T23:00:00-08:00,62,64,1564.9
2025-11-02T23:30:00-08:00,63,63,1528.7
2025-11-03T00:00:00-08:00,63,63,1421.2
2025-11-03T00:30:00-08:00,63,63,1101
2025-11-03T01:00:00-08:00,64,63,945.6
2025-11-03T01:30:00-08:00,63,63,979.9
2025-11-03T02:00:00-08:00,63,61,1030.7
2025-11-03T02:30:00-08:00,64,61,1273.6
2025-11-03T03:00:00-08:00,63,60,1494.8
2025-11-03T03:30:00-08:00,63,60,1529.3
2025-11-03T04:00:00-08:00,64,59,1568
2025-11-03T04:30:00-08:00,64,58,1638.4
2025-11-03T05:00:00-08:00,66,60,1639
2025-11-03T05:30:00-08:00,65,60,1228.2
2025-11-03T06:00:00-08:00,63,59,1213.7
2025-11-03T06:30:00-08:00,63,57,1190.4
2025-11-03T07:00:00-08:00,65,59,1429.7
2025-11-03T07:30:00-08:00,68,61,1670.7
2025-11-03T08:00:00-08:00,66,62,1077.3
2025-11-03T08:30:00-08:00,63,62,614.4
2025-11-03T09:00:00-08:00,60,63,304.3
2025-11-03T09:30:00-08:00,56,65,147.7
2025-11-03T10:00:00-08:00,53,66,96.9
2025-11-03T10:30:00-08:00,51,68,67.6
2025-11-03T11:00:00-08:00,47,70,24.7
2025-11-03T11:30:00-08:00,41,72,5.4
2025-11-03T12:00:00-08:00,35,73,1.5
2025-11-03T12:30:00-08:00,29,74,1
2025-11-03T13:00:00-08:00,26,75,0.9
2025-11-03T13:30:00-08:00,30,75,1.3
2025-11-03T14:00:00-08:00,32,75,1.4
2025-11-03T14:30:00-08:00,35,74,1.7
2025-11-03T15:00:00-08:00,35,73,1.4
2025-11-03T15:30:00-08:00,34,72,1.1
2025-11-03T16:00:00-08:00,39,71,9.1
2025-11-03T16:30:00-08:00,41,69,9.1
2025-11-03T17:00:00-08:00,42,67,21.5
2025-11-03T17:30:00-08:00,48,66,166.3
2025-11-03T18:00:00-08:00,49,65,123.6
2025-11-03T18:30:00-08:00,51,65,242.2
2025-11-03T19:00:00-08:00,52,65,409.4
2025-11-03T19:30:00-08:00,53,64,628.5
2025-11-03T20:00:00-08:00,54,64,1080.6
2025-11-03T20:30:00-08:00,54,62,735.6
2025-11-03T21:00:00-08:00,54,64,726
2025-11-03T21:30:00-08:00,55,63,1337.9
2025-11-03T22:00:00-08:00,54,64,815.3
2025-11-03T22:30:00-08:00,53,65,199.1
2025-11-03T23:00:00-08:00,52,65,79.4
2025-11-03T23:30:00-08:00,51,65,73.7
2025-11-04T00:00:00-08:00,50,65,41.5
2025-11-04T00:30:00-08:00,50,65,37.9
2025-11-04T01:00:00-08:00,48,65,35.3
2025-11-04T01:30:00-08:00,47,65,33
2025-11-04T02:00:00-08:00,48,65,55.4
2025-11-04T02:30:00-08:00,48,65,49.9
2025-11-04T03:00:00-08:00,48,65,46.3
2025-11-04T03:30:00-08:00,48,64,66
2025-11-04T04:00:00-08:00,49,64,114.2
2025-11-04T04:30:00-08:00,49,63,129.5
2025-11-04T05:00:00-08:00,51,61,914.4
2025-11-04T05:30:00-08:00,53,58,1612.8
2025-11-04T06:00:00-08:00,55,59,1667.7
2025-11-04T06:30:00-08:00,56,59,1665.6
2025-11-04T07:00:00-08:00,57,59,1665.6
2025-11-04T07:30:00-08:00,58,60,1664.7
2025-11-04T08:00:00-08:00,57,62,1300.5
2025-11-04T08:30:00-08:00,51,65,208.8
2025-11-04T09:00:00-08:00,48,68,57.6
2025-11-04T09:30:00-08:00,47,70,35.1
2025-11-04T10:00:00-08:00,45,73,18.2
2025-11-04T10:30:00-08:00,42,75,7.4
2025-11-04T11:00:00-08:00,40,77,3.1
2025-11-04T11:30:00-08:00,39,78,2.1
2025-11-04T12:00:00-08:00,38,79,1.3
2025-11-04T12:30:00-08:00,37,81,0.5
2025-11-04T13:00:00-08:00,37,81,1.1
2025-11-04T13:30:00-08:00,39,79,4.1
2025-11-04T14:00:00-08:00,41,77,8.6
2025-11-04T14:30:00-08:00,42,77,8.5
2025-11-04T15:00:00-08:00,42,77,8.1
2025-11-04T15:30:00-08:00,44,75,13.7
2025-11-04T16:00:00-08:00,46,74,23.9
2025-11-04T16:30:00-08:00,48,73,33.1
2025-11-04T17:00:00-08:00,50,71,36.9
2025-11-04T17:30:00-08:00,51,71,60
2025-11-04T18:00:00-08:00,52,70,68.2
2025-11-04T18:30:00-08:00,53,69,120.1
2025-11-04T19:00:00-08:00,54,68,187
2025-11-04T19:30:00-08:00,55,67,403.9
2025-11-04T20:00:00-08:00,56,66,532.2
2025-11-04T20:30:00-08:00,57,65,840.5
2025-11-04T21:00:00-08:00,58,65,1091.7
2025-11-04T21:30:00-08:00,59,64,1595.2
2025-11-04T22:00:00-08:00,60,65,1465.7
2025-11-04T22:30:00-08:00,60,65,1404.6
2025-11-04T23:00:00-08:00,60,65,1398.1
2025-11-04T23:30:00-08:00,60,64,1355.8
2025-11-05T00:00:00-08:00,61,64,1504.1
2025-11-05T00:30:00-08:00,61,63,1566.2
2025-11-05T01:00:00-08:00,61,63,1568.7
2025-11-05T01:30:00-08:00,60,63,1499
2025-11-05T02:00:00-08:00,60,63,1356.4
2025-11-05T02:30:00-08:00,58,64,949.4
2025-11-05T03:00:00-08:00,56,64,760.6
2025-11-05T03:30:00-08:00,55,64,706.3
2025-11-05T04:00:00-08:00,53,64,406.6
2025-11-05T04:30:00-08:00,52,65,436.7
2025-11-05T05:00:00-08:00,52,65,421.9
2025-11-05T05:30:00-08:00,51,65,400.9
2025-11-05T06:00:00-08:00,55,65,1083.8
2025-11-05T06:30:00-08:00,60,63,1582.9
2025-11-05T07:00:00-08:00,63,63,1617.3
2025-11-05T07:30:00-08:00,63,62,1385.4
2025-11-05T08:00:00-08:00,63,63,1336
2025-11-05T08:30:00-08:00,62,64,1291.2
2025-11-05T09:00:00-08:00,60,65,1309
2025-11-05T09:30:00-08:00,58,67,1024.7
2025-11-05T10:00:00-08:00,55,69,566.5
2025-11-05T10:30:00-08:00,53,70,334
2025-11-05T11:00:00-08:00,50,72,121.9
2025-11-05T11:30:00-08:00,47,74,24.8
2025-11-05T12:00:00-08:00,47,73,23.5
2025-11-05T12:30:00-08:00,47,73,31.7
2025-11-05T13:00:00-08:00,49,72,83.2
2025-11-05T13:30:00-08:00,48,73,35.6
2025-11-05T14:00:00-08:00,46,75,14.8
2025-11-05T14:30:00-08:00,46,75,18.2
2025-11-05T15:00:00-08:00,48,73,50.7
2025-11-05T15:30:00-08:00,50,72,118.8
2025-11-05T16:00:00-08:00,50,72,97.1
2025-11-05T16:30:00-08:00,52,70,422.2
2025-11-05T17:00:00-08:00,55,69,1239.7
2025-11-05T17:30:00-08:00,56,69,1588.5
2025-11-05T18:00:00-08:00,57,68,1402.9
2025-11-05T18:30:00-08:00,58,68,1498.7
2025-11-05T19:00:00-08:00,58,68,1528.3
2025-11-05T19:30:00-08:00,58,68,1488.1
2025-11-05T20:00:00-08:00,59,67,1635
2025-11-05T20:30:00-08:00,60,67,1626.8
2025-11-05T21:00:00-08:00,60,66,1655.4
2025-11-05T21:30:00-08:00,61,66,1633.2
2025-11-05T22:00:00-08:00,61,65,1652.3
2025-11-05T22:30:00-08:00,61,64,1651
2025-11-05T23:00:00-08:00,63,63,1634.1
2025-11-05T23:30:00-08:00,63,63,1645.9
2025-11-06T00:00:00-08:00,63,62,1663.5
2025-11-06T00:30:00-08:00,64,61,1649.2
2025-11-06T01:00:00-08:00,64,61,1649.3
2025-11-06T01:30:00-08:00,64,60,1660.8
2025-11-06T02:00:00-08:00,64,60,1664.9
2025-11-06T02:30:00-08:00,64,61,1666.4
2025-11-06T03:00:00-08:00,63,62,1623.1
2025-11-06T03:30:00-08:00,63,63,1646.8
2025-11-06T04:00:00-08:00,63,63,1649.4
2025-11-06T04:30:00-08:00,64,63,1645.3
2025-11-06T05:00:00-08:00,62,63,1646.9
2025-11-06T05:30:00-08:00,63,62,1657.5
2025-11-06T06:00:00-08:00,64,61,1664.4
2025-11-06T06:30:00-08:00,63,62,1652.5
2025-11-06T07:00:00-08:00,64,62,1656.5
2025-11-06T07:30:00-08:00,67,62,1667.5
2025-11-06T08:00:00-08:00,65,64,1597.4
2025-11-06T08:30:00-08:00,62,66,1612.9
2025-11-06T09:00:00-08:00,58,68,1132.4
2025-11-06T09:30:00-08:00,54,70,20.5
2025-11-06T10:00:00-08:00,51,72,18.9
2025-11-06T10:30:00-08:00,49,73,17
2025-11-06T11:00:00-08:00,46,75,13.2
2025-11-06T11:30:00-08:00,44,76,9.4
2025-11-06T12:00:00-08:00,44,76,8.2
2025-11-06T12:30:00-08:00,43,76,9
2025-11-06T13:00:00-08:00,43,75,10.1
2025-11-06T13:30:00-08:00,44,76,11.3
2025-11-06T14:00:00-08:00,43,75,10.8
2025-11-06T14:30:00-08:00,42,75,9.4
2025-11-06T15:00:00-08:00,43,76,11
2025-11-06T15:30:00-08:00,46,74,16.5
2025-11-06T16:00:00-08:00,47,73,18.8
2025-11-06T16:30:00-08:00,49,71,21.1
2025-11-06T17:00:00-08:00,52,70,24.9
2025-11-06T17:30:00-08:00,55,69,27.6
2025-11-06T18:00:00-08:00,56,68,26.7
2025-11-06T18:30:00-08:00,58,67,21.6
2025-11-06T19:00:00-08:00,59,66,3.7
2025-11-06T19:30:00-08:00,60,66,3
2025-11-06T20:00:00-08:00,60,65,3.1
2025-11-06T20:30:00-08:00,61,64,4.1
2025-11-06T21:00:00-08:00,61,64,5.4
2025-11-06T21:30:00-08:00,61,63,5.5
2025-11-06T22:00:00-08:00,62,62,6.6
2025-11-06T22:30:00-08:00,62,61,7.1
2025-11-06T23:00:00-08:00,62,61,6.6
2025-11-06T23:30:00-08:00,62,61,6.5
2025-11-07T00:00:00-08:00,63,60,6.4
2025-11-07T00:30:00-08:00,63,60,6.4
2025-11-07T01:00:00-08:00,63,59,4.9
2025-11-07T01:30:00-08:00,63,59,4.2
2025-11-07T02:00:00-08:00,63,59,3.9
2025-11-07T02:30:00-08:00,63,58,4.1
2025-11-07T03:00:00-08:00,63,58,3.9
2025-11-07T03:30:00-08:00,63,58,4
2025-11-07T04:00:00-08:00,63,58,3.9
2025-11-07T04:30:00-08:00,63,58,3.8
2025-11-07T05:00:00-08:00,64,58,4.1
2025-11-07T05:30:00-08:00,64,58,4.1
2025-11-07T06:00:00-08:00,66,59,9
2025-11-07T06:30:00-08:00,66,59,13.7
2025-11-07T07:00:00-08:00,67,60,11.3
2025-11-07T07:30:00-08:00,67,61,11.5
2025-11-07T08:00:00-08:00,66,63,15.1
2025-11-07T08:30:00-08:00,62,66,11.8
2025-11-07T09:00:00-08:00,58,68,10
2025-11-07T09:30:00-08:00,55,70,7.3
2025-11-07T10:00:00-08:00,53,72,3.9
2025-11-07T10:30:00-08:00,51,74,2.9
2025-11-07T11:00:00-08:00,49,76,3.1
2025-11-07T11:30:00-08:00,48,77,3.5
2025-11-07T12:00:00-08:00,49,77,2.4
2025-11-07T12:30:00-08:00,48,78,4.3
2025-11-07T13:00:00-08:00,49,78,4.7
2025-11-07T13:30:00-08:00,49,77,4.7
2025-11-07T14:00:00-08:00,49,77,2.4
2025-11-07T14:30:00-08:00,48,77,1.3
2025-11-07T15:00:00-08:00,48,77,1.5
2025-11-07T15:30:00-08:00,48,76,0.7
2025-11-07T16:00:00-08:00,51,75,1
2025-11-07T16:30:00-08:00,54,73,1.3
2025-11-07T17:00:00-08:00,58,71,2.1
2025-11-07T17:30:00-08:00,61,69,2.7
2025-11-07T18:00:00-08:00,61,69,3.5
2025-11-07T18:30:00-08:00,62,68,5
2025-11-07T19:00:00-08:00,63,67,6.8
2025-11-07T19:30:00-08:00,64,66,7
2025-11-07T20:00:00-08:00,64,65,9.7
2025-11-07T20:30:00-08:00,64,64,13.6
2025-11-07T21:00:00-08:00,64,64,12.2
2025-11-07T21:30:00-08:00,65,63,14
2025-11-07T22:00:00-08:00,65,63,10.8
2025-11-07T22:30:00-08:00,64,62,11.4
2025-11-07T23:00:00-08:00,65,61,11.9
2025-11-07T23:30:00-08:00,65,61,11.3
2025-11-08T00:00:00-08:00,65,60,10.9
2025-11-08T00:30:00-08:00,65,60,11.6
2025-11-08T01:00:00-08:00,65,59,9.2
2025-11-08T01:30:00-08:00,64,59,7
2025-11-08T02:00:00-08:00,64,58,5.4
2025-11-08T02:30:00-08:00,64,58,4.7
2025-11-08T03:00:00-08:00,64,57,4.8
2025-11-08T03:30:00-08:00,64,57,12.5
2025-11-08T04:00:00-08:00,64,57,27.3
2025-11-08T04:30:00-08:00,64,58,27.7
2025-11-08T05:00:00-08:00,64,57,28.9
2025-11-08T05:30:00-08:00,65,57,29
2025-11-08T06:00:00-08:00,65,56,28.8
2025-11-08T06:30:00-08:00,65,56,29.9
2025-11-08T07:00:00-08:00,67,58,36.8
2025-11-08T07:30:00-08:00,69,60,41.7
2025-11-08T08:00:00-08:00,69,62,27.8
2025-11-08T08:30:00-08:00,68,63,27.6
2025-11-08T09:00:00-08:00,67,65,28.1
2025-11-08T09:30:00-08:00,61,68,16.2
2025-11-08T10:00:00-08:00,55,71,17.2
2025-11-08T10:30:00-08:00,51,72,13.2
2025-11-08T11:00:00-08:00,49,74,9.3
2025-11-08T11:30:00-08:00,47,75,7.2
2025-11-08T12:00:00-08:00,46,76,5.4
2025-11-08T12:30:00-08:00,45,77,4.5
2025-11-08T13:00:00-08:00,44,77,4.2
2025-11-08T13:30:00-08:00,40,78,3.2
2025-11-08T14:00:00-08:00,38,79,2.8
2025-11-08T14:30:00-08:00,37,79,2.2
2025-11-08T15:00:00-08:00,37,79,2.1
2025-11-08T15:30:00-08:00,39,78,2.6
2025-11-08T16:00:00-08:00,42,76,2.5
2025-11-08T16:30:00-08:00,44,75,2.5
2025-11-08T17:00:00-08:00,47,73,5.6
2025-11-08T17:30:00-08:00,51,70,4.5
2025-11-08T18:00:00-08:00,53,68,4.9
2025-11-08T18:30:00-08:00,55,67,14.3
2025-11-08T19:00:00-08:00,57,66,18.3
2025-11-08T19:30:00-08:00,57,65,17.1
2025-11-08T20:00:00-08:00,57,64,15.6
2025-11-08T20:30:00-08:00,56,63,18.5
2025-11-08T21:00:00-08:00,56,62,14.5
2025-11-08T21:30:00-08:00,57,62,14.6
2025-11-08T22:00:00-08:00,57,61,13
2025-11-08T22:30:00-08:00,56,60,10.2
2025-11-08T23:00:00-08:00,57,60,10.1
2025-11-08T23:30:00-08:00,58,59,9.8
2025-11-09T00:00:00-08:00,58,59,15.6
2025-11-09T00:30:00-08:00,58,58,10.9
2025-11-09T01:00:00-08:00,59,58,8.5
2025-11-09T01:30:00-08:00,59,58,7.7
2025-11-09T02:00:00-08:00,60,57,8
2025-11-09T02:30:00-08:00,60,57,8.1
2025-11-09T03:00:00-08:00,60,57,8.1
2025-11-09T03:30:00-08:00,60,56,8.4
2025-11-09T04:00:00-08:00,60,56,10.8
2025-11-09T04:30:00-08:00,61,56,9.2
2025-11-09T05:00:00-08:00,61,55,8.7
2025-11-09T05:30:00-08:00,61,55,8.7
2025-11-09T06:00:00-08:00,61,55,7.9
2025-11-09T06:30:00-08:00,62,55,9
2025-11-09T07:00:00-08:00,61,55,8.3
2025-11-09T07:30:00-08:00,61,56,8.1
2025-11-09T08:00:00-08:00,62,59,8.5
2025-11-09T08:30:00-08:00,59,63,11.8
2025-11-09T09:00:00-08:00,54,67,11.3
2025-11-09T09:30:00-08:00,50,70,10.6
2025-11-09T10:00:00-08:00,46,72,9.3
2025-11-09T10:30:00-08:00,44,75,8.4
2025-11-09T11:00:00-08:00,42,77,8.1
2025-11-09T11:30:00-08:00,40,79,7.7
2025-11-09T12:00:00-08:00,38,80,7
2025-11-09T12:30:00-08:00,36,82,7.1
2025-11-09T13:00:00-08:00,35,83,5.8
2025-11-09T13:30:00-08:00,36,83,6.4
2025-11-09T14:00:00-08:00,36,84,7.5
2025-11-09T14:30:00-08:00,35,85,8.2
2025-11-09T15:00:00-08:00,37,83,11.6
2025-11-09T15:30:00-08:00,39,82,10.4
2025-11-09T16:00:00-08:00,41,80,10
2025-11-09T16:30:00-08:00,43,78,11
2025-11-09T17:00:00-08:00,47,76,10.6
2025-11-09T17:30:00-08:00,50,74,13
2025-11-09T18:00:00-08:00,53,72,16.6
2025-11-09T18:30:00-08:00,55,70,23
2025-11-09T19:00:00-08:00,56,69,25.5
2025-11-09T19:30:00-08:00,57,68,26.4
2025-11-09T20:00:00-08:00,58,67,24.3
2025-11-09T20:30:00-08:00,58,67,22.2
2025-11-09T21:00:00-08:00,58,66,35.7
2025-11-09T21:30:00-08:00,58,65,25.2
2025-11-09T22:00:00-08:00,59,64,17.7
2025-11-09T22:30:00-08:00,59,64,16.2
2025-11-09T23:00:00-08:00,59,63,14.5
2025-11-09T23:30:00-08:00,60,63,13.6
2025-11-10T00:00:00-08:00,60,62,13.4
2025-11-10T00:30:00-08:00,61,62,16.6
2025-11-10T01:00:00-08:00,61,61,19.4
2025-11-10T01:30:00-08:00,62,61,17.2
2025-11-10T02:00:00-08:00,62,60,16.6
2025-11-10T02:30:00-08:00,62,60,15.7
2025-11-10T03:00:00-08:00,63,59,15.3
2025-11-10T03:30:00-08:00,63,59,15.2
2025-11-10T04:00:00-08:00,63,58,14.6
2025-11-10T04:30:00-08:00,63,58,14.9
2025-11-10T05:00:00-08:00,63,58,14.6
2025-11-10T05:30:00-08:00,63,58,14.9
2025-11-10T06:00:00-08:00,63,57,14.1
2025-11-10T06:30:00-08:00,64,57,14.3
2025-11-10T07:00:00-08:00,64,57,13.5
2025-11-10T07:30:00-08:00,64,58,13.7
2025-11-10T08:00:00-08:00,65,61,13.1
2025-11-10T08:30:00-08:00,62,64,14.2
2025-11-10T09:00:00-08:00,55,68,14.1
2025-11-10T09:30:00-08:00,50,71,12
2025-11-10T10:00:00-08:00,45,74,7.7
2025-11-10T10:30:00-08:00,43,76,9
2025-11-10T11:00:00-08:00,41,78,9.6
2025-11-10T11:30:00-08:00,40,80,11.2
2025-11-10T12:00:00-08:00,41,81,18
2025-11-10T12:30:00-08:00,39,82,14.5
2025-11-10T13:00:00-08:00,37,83,12.1
2025-11-10T13:30:00-08:00,36,83,11.3
2025-11-10T14:00:00-08:00,34,85,9.2
2025-11-10T14:30:00-08:00,34,85,10.1
2025-11-10T15:00:00-08:00,34,84,10
2025-11-10T15:30:00-08:00,35,83,8.9
2025-11-10T16:00:00-08:00,36,82,7.7
2025-11-10T16:30:00-08:00,40,80,7.5
2025-11-10T17:00:00-08:00,44,77,8.2
2025-11-10T17:30:00-08:00,48,74,13.8
2025-11-10T18:00:00-08:00,50,72,13.4
2025-11-10T18:30:00-08:00,52,72,13.8
2025-11-10T19:00:00-08:00,54,71,12.6
2025-11-10T19:30:00-08:00,56,69,12.8
2025-11-10T20:00:00-08:00,57,68,13.6
2025-11-10T20:30:00-08:00,58,66,17.9
2025-11-10T21:00:00-08:00,59,67,19.1
2025-11-10T21:30:00-08:00,59,65,19.7
2025-11-10T22:00:00-08:00,60,65,19.9
2025-11-10T22:30:00-08:00,60,64,19.4
2025-11-10T23:00:00-08:00,61,63,18.6
2025-11-10T23:30:00-08:00,61,63,18
2025-11-11T00:00:00-08:00,61,62,18
2025-11-11T00:30:00-08:00,61,62,17.7
2025-11-11T01:00:00-08:00,61,60,16.7
2025-11-11T01:30:00-08:00,62,61,15.8
2025-11-11T02:00:00-08:00,62,60,15
2025-11-11T02:30:00-08:00,62,59,15
2025-11-11T03:00:00-08:00,62,59,15.4
2025-11-11T03:30:00-08:00,62,58,14.4
2025-11-11T04:00:00-08:00,62,58,14.1
2025-11-11T04:30:00-08:00,63,58,14.1
2025-11-11T05:00:00-08:00,63,58,15.2
2025-11-11T05:30:00-08:00,63,57,13.9
2025-11-11T06:00:00-08:00,63,57,13
2025-11-11T06:30:00-08:00,63,57,13.3
2025-11-11T07:00:00-08:00,63,58,13.8
2025-11-11T07:30:00-08:00,63,59,14.6
2025-11-11T08:00:00-08:00,63,61,15
2025-11-11T08:30:00-08:00,60,64,14.6
2025-11-11T09:00:00-08:00,58,66,15.4
2025-11-11T09:30:00-08:00,51,69,8
2025-11-11T10:00:00-08:00,45,72,8.6
2025-11-11T10:30:00-08:00,42,74,8.1
2025-11-11T11:00:00-08:00,40,76,8.2
2025-11-11T11:30:00-08:00,41,78,16.7
2025-11-11T12:00:00-08:00,40,77,18.4
2025-11-11T12:30:00-08:00,40,78,18.7
2025-11-11T13:00:00-08:00,39,79,19
2025-11-11T13:30:00-08:00,38,79,14.5
2025-11-11T14:00:00-08:00,41,79,17.8
2025-11-11T14:30:00-08:00,42,77,12
2025-11-11T15:00:00-08:00,44,77,11.3
2025-11-11T15:30:00-08:00,44,76,13.8
2025-11-11T16:00:00-08:00,45,75,11.3
2025-11-11T16:30:00-08:00,46,73,10.2
2025-11-11T17:00:00-08:00,48,72,11.1
2025-11-11T17:30:00-08:00,49,71,12.4
2025-11-11T18:00:00-08:00,53,70,8.4
2025-11-11T18:30:00-08:00,54,69,8.3
2025-11-11T19:00:00-08:00,55,68,11.6
2025-11-11T19:30:00-08:00,54,68,12.6
2025-11-11T20:00:00-08:00,56,66,12
2025-11-11T20:30:00-08:00,58,65,18.3
2025-11-11T21:00:00-08:00,60,64,28.6
2025-11-11T21:30:00-08:00,61,64,25.6
2025-11-11T22:00:00-08:00,62,62,25
2025-11-11T22:30:00-08:00,62,63,27.2
2025-11-11T23:00:00-08:00,63,63,24.3
2025-11-11T23:30:00-08:00,62,63,20.9
2025-11-12T00:00:00-08:00,62,64,22.4
2025-11-12T00:30:00-08:00,61,64,21.5
2025-11-12T01:00:00-08:00,61,64,19.9
2025-11-12T01:30:00-08:00,61,65,18.6
2025-11-12T02:00:00-08:00,60,65,19.2
2025-11-12T02:30:00-08:00,61,64,22.8
2025-11-12T03:00:00-08:00,61,64,22.4
2025-11-12T03:30:00-08:00,61,64,20.7
2025-11-12T04:00:00-08:00,60,64,17.6
2025-11-12T04:30:00-08:00,60,64,16.3
2025-11-12T05:00:00-08:00,60,63,15.4
2025-11-12T05:30:00-08:00,61,63,16.5
2025-11-12T06:00:00-08:00,60,63,16.4
2025-11-12T06:30:00-08:00,60,64,15.8
2025-11-12T07:00:00-08:00,60,64,16.2
2025-11-12T07:30:00-08:00,59,64,16.1
2025-11-12T08:00:00-08:00,59,65,16.4
2025-11-12T08:30:00-08:00,58,65,13.7
2025-11-12T09:00:00-08:00,55,67,9.2
2025-11-12T09:30:00-08:00,52,69,5.1
2025-11-12T10:00:00-08:00,49,70,5
2025-11-12T10:30:00-08:00,47,71,4.1
2025-11-12T11:00:00-08:00,48,71,4.3
2025-11-12T11:30:00-08:00,47,71,4.2
2025-11-12T12:00:00-08:00,45,73,2.7
2025-11-12T12:30:00-08:00,46,72,2.6
2025-11-12T13:00:00-08:00,47,72,3
2025-11-12T13:30:00-08:00,46,73,3
2025-11-12T14:00:00-08:00,45,74,3.6
2025-11-12T14:30:00-08:00,44,75,3.7
2025-11-12T15:00:00-08:00,43,74,3.5
2025-11-12T15:30:00-08:00,43,74,4.7
2025-11-12T16:00:00-08:00,44,74,4.6
2025-11-12T16:30:00-08:00,46,73,4.5
2025-11-12T17:00:00-08:00,47,72,4.7
2025-11-12T17:30:00-08:00,48,72,6.4
2025-11-12T18:00:00-08:00,49,71,8.1
2025-11-12T18:30:00-08:00,51,71,7.6
2025-11-12T19:00:00-08:00,52,71,6.7
2025-11-12T19:30:00-08:00,54,70,7.5
2025-11-12T20:00:00-08:00,54,70,7.5
2025-11-12T20:30:00-08:00,54,70,8.1
2025-11-12T21:00:00-08:00,54,70,7.8
2025-11-12T21:30:00-08:00,53,71,7.3
2025-11-12T22:00:00-08:00,53,70,7.7
2025-11-12T22:30:00-08:00,54,69,10.3
2025-11-12T23:00:00-08:00,54,69,10
2025-11-12T23:30:00-08:00,53,69,7.7
2025-11-13T00:00:00-08:00,53,70,6.9
2025-11-13T00:30:00-08:00,52,70,6.1
2025-11-13T01:00:00-08:00,52,69,6.3
2025-11-13T01:30:00-08:00,52,70,6.3
2025-11-13T02:00:00-08:00,52,70,5.8
2025-11-13T02:30:00-08:00,52,70,6.4
2025-11-13T03:00:00-08:00,52,70,5.3
2025-11-13T03:30:00-08:00,52,70,5.9
2025-11-13T04:00:00-08:00,53,70,8.2
2025-11-13T04:30:00-08:00,57,69,13.6
2025-11-13T05:00:00-08:00,60,68,16.7
2025-11-13T05:30:00-08:00,63,68,18.3
2025-11-13T06:00:00-08:00,65,67,17.4
2025-11-13T06:30:00-08:00,68,66,19.3
2025-11-13T07:00:00-08:00,69,67,18.3
2025-11-13T07:30:00-08:00,69,67,14.9
2025-11-13T08:00:00-08:00,70,67,9.9
2025-11-13T08:30:00-08:00,69,67,7.4
2025-11-13T09:00:00-08:00,69,68,9
2025-11-13T09:30:00-08:00,69,68,11.8
2025-11-13T10:00:00-08:00,70,68,11.1
2025-11-13T10:30:00-08:00,71,68,12
2025-11-13T11:00:00-08:00,72,68,9.6
2025-11-13T11:30:00-08:00,71,68,2.9
2025-11-13T12:00:00-08:00,70,67,1.2
2025-11-13T12:30:00-08:00,71,66,3.2
2025-11-13T13:30:00-08:00,87,63,0.9
2025-11-13T14:00:00-08:00,75,65,0.9
2025-11-13T14:30:00-08:00,70,66,0.3
2025-11-13T15:00:00-08:00,69,66,0.8
2025-11-13T15:30:00-08:00,69,66,0.9
2025-11-13T16:00:00-08:00,67,66,0.6
2025-11-13T16:30:00-08:00,67,66,0.9
2025-11-13T17:00:00-08:00,68,66,1.1
2025-11-13T17:30:00-08:00,68,66,1.4
2025-11-13T18:00:00-08:00,69,66,2.3
2025-11-13T18:30:00-08:00,69,65,2.7
2025-11-13T19:00:00-08:00,69,65,3.2
2025-11-13T19:30:00-08:00,70,65,4
2025-11-13T20:00:00-08:00,70,65,7.7
2025-11-13T20:30:00-08:00,70,65,5.2
2025-11-13T21:00:00-08:00,70,65,3.6
2025-11-13T21:30:00-08:00,69,65,6
2025-11-13T22:00:00-08:00,69,65,3.6
2025-11-13T22:30:00-08:00,70,65,3.3
2025-11-13T23:00:00-08:00,70,65,3.2
2025-11-13T23:30:00-08:00,70,64,3.2
2025-11-14T00:00:00-08:00,70,63,4.4
2025-11-14T00:30:00-08:00,70,63,7.8
2025-11-14T01:00:00-08:00,69,63,2.2
2025-11-14T01:30:00-08:00,69,63,1.3
2025-11-14T02:00:00-08:00,69,63,1.3
2025-11-14T02:30:00-08:00,69,63,1.3
2025-11-14T03:00:00-08:00,68,62,0.7
2025-11-14T03:30:00-08:00,68,62,0.6
2025-11-14T04:00:00-08:00,68,62,0.8
2025-11-14T04:30:00-08:00,69,62,0.8
2025-11-14T05:00:00-08:00,69,61,1.1
2025-11-14T05:30:00-08:00,68,61,1
2025-11-14T06:00:00-08:00,69,60,1.7
2025-11-14T06:30:00-08:00,69,60,3.1
2025-11-14T07:00:00-08:00,69,59,4
2025-11-14T07:30:00-08:00,69,60,4.4
2025-11-14T08:00:00-08:00,71,62,6
2025-11-14T08:30:00-08:00,71,63,6.6
2025-11-14T09:00:00-08:00,71,63,3.9
2025-11-14T09:30:00-08:00,71,64,4.1
2025-11-14T10:00:00-08:00,68,65,5.8
2025-11-14T10:30:00-08:00,64,67,5.5
2025-11-14T11:00:00-08:00,62,68,5
2025-11-14T11:30:00-08:00,58,70,3.1
2025-11-14T12:00:00-08:00,54,70,1.1
2025-11-14T12:30:00-08:00,53,70,1.1
2025-11-14T13:00:00-08:00,51,71,1.4
2025-11-14T13:30:00-08:00,47,71,1.2
2025-11-14T14:00:00-08:00,46,72,1
2025-11-14T14:30:00-08:00,47,74,1.6
2025-11-14T15:00:00-08:00,47,73,1.6
2025-11-14T15:30:00-08:00,46,72,0.3
2025-11-14T16:00:00-08:00,46,70,0.5
2025-11-14T16:30:00-08:00,49,69,0.9
2025-11-14T17:00:00-08:00,51,67,2.1
2025-11-14T17:30:00-08:00,53,66,2.6
2025-11-14T18:00:00-08:00,55,66,3.7
2025-11-14T18:30:00-08:00,57,65,4.7
2025-11-14T19:00:00-08:00,60,64,6.5
2025-11-14T19:30:00-08:00,61,63,5.3
2025-11-14T20:00:00-08:00,62,62,5.3
2025-11-14T20:30:00-08:00,63,62,4.8
2025-11-14T21:00:00-08:00,64,61,8.2
2025-11-14T21:30:00-08:00,65,61,7.9
2025-11-14T22:00:00-08:00,66,60,10.1
2025-11-14T22:30:00-08:00,66,60,14.4
2025-11-14T23:00:00-08:00,67,59,13.4
2025-11-14T23:30:00-08:00,67,59,12
2025-11-15T00:00:00-08:00,67,58,11
2025-11-15T00:30:00-08:00,68,58,16.5
2025-11-15T01:00:00-08:00,68,58,14.7
2025-11-15T01:30:00-08:00,68,58,16.2
2025-11-15T02:00:00-08:00,68,57,18.4
2025-11-15T02:30:00-08:00,67,57,13.6
2025-11-15T03:00:00-08:00,68,58,17
2025-11-15T03:30:00-08:00,68,58,13.2
2025-11-15T04:00:00-08:00,68,58,10.9
2025-11-15T04:30:00-08:00,68,58,10
2025-11-15T05:00:00-08:00,68,58,10.5
2025-11-15T05:30:00-08:00,68,58,10.2
2025-11-15T06:00:00-08:00,68,58,8.6
2025-11-15T06:30:00-08:00,67,59,9
2025-11-15T07:00:00-08:00,67,57,9.1
2025-11-15T07:30:00-08:00,68,59,11.5
2025-11-15T08:00:00-08:00,68,60,14.5
2025-11-15T08:30:00-08:00,68,62,11.8
2025-11-15T09:00:00-08:00,66,63,13.5
2025-11-15T09:30:00-08:00,64,64,11.8
2025-11-15T10:00:00-08:00,61,65,10.7
2025-11-15T10:30:00-08:00,59,66,8.4
2025-11-15T11:00:00-08:00,57,67,5.4
2025-11-15T11:30:00-08:00,55,68,2.4
2025-11-15T12:00:00-08:00,52,70,1.9
2025-11-15T12:30:00-08:00,48,71,1.2
2025-11-15T13:00:00-08:00,48,71,0.8
2025-11-15T13:30:00-08:00,48,70,0.8
2025-11-15T14:00:00-08:00,49,70,0.8
2025-11-15T14:30:00-08:00,49,70,1
2025-11-15T15:00:00-08:00,50,69,0.8
2025-11-15T15:30:00-08:00,50,69,0.8
2025-11-15T16:00:00-08:00,50,69,1.2
2025-11-15T16:30:00-08:00,52,68,3.4
2025-11-15T17:00:00-08:00,56,67,8
2025-11-15T17:30:00-08:00,60,66,6.5
2025-11-15T18:00:00-08:00,61,66,5.4
2025-11-15T18:30:00-08:00,62,65,6.5
2025-11-15T19:00:00-08:00,63,65,14.4
2025-11-15T19:30:00-08:00,63,65,6.8
2025-11-15T20:00:00-08:00,63,65,3.8
2025-11-15T20:30:00-08:00,66,64,3.3
2025-11-15T21:00:00-08:00,67,64,2.6
2025-11-15T21:30:00-08:00,67,64,2.3
2025-11-15T22:00:00-08:00,68,64,2.4
2025-11-15T22:30:00-08:00,68,64,2.3
2025-11-15T23:00:00-08:00,68,64,2.5
2025-11-15T23:30:00-08:00,67,64,1.4
2025-11-16T00:00:00-08:00,67,64,0.4
2025-11-16T00:30:00-08:00,67,64,0.3
2025-11-16T01:00:00-08:00,68,62,0.4
2025-11-16T01:30:00-08:00,68,63,2
2025-11-16T02:00:00-08:00,69,63,2.5
2025-11-16T02:30:00-08:00,70,62,2.4
2025-11-16T03:00:00-08:00,70,62,1
2025-11-16T03:30:00-08:00,70,60,0.2
2025-11-16T04:00:00-08:00,70,62,0.2
2025-11-16T04:30:00-08:00,69,62,0.2
2025-11-16T05:00:00-08:00,69,62,0.1
2025-11-16T05:30:00-08:00,69,62,0.4
2025-11-16T06:00:00-08:00,69,62,0.4
2025-11-16T06:30:00-08:00,69,62,0.3
2025-11-16T07:00:00-08:00,69,62,0.5
2025-11-16T07:30:00-08:00,68,63,0.5
2025-11-16T08:00:00-08:00,68,63,0.6
2025-11-16T08:30:00-08:00,69,63,0.3
2025-11-16T09:00:00-08:00,68,64,0.5
2025-11-16T09:30:00-08:00,67,65,1.1
2025-11-16T10:00:00-08:00,66,65,0.9
2025-11-16T10:30:00-08:00,65,66,0.9
2025-11-16T11:00:00-08:00,58,68,0.4
2025-11-16T11:30:00-08:00,53,70,0.5
2025-11-16T12:00:00-08:00,50,70,0.3
2025-11-16T12:30:00-08:00,48,71,0.1
2025-11-16T13:00:00-08:00,46,72,0
2025-11-16T13:30:00-08:00,45,73,0.1
2025-11-16T14:00:00-08:00,43,73,0
2025-11-16T14:30:00-08:00,45,72,0.2
2025-11-16T15:00:00-08:00,49,69,0.1
2025-11-16T15:30:00-08:00,50,68,0.1
2025-11-16T16:00:00-08:00,52,66,0.1
2025-11-16T16:30:00-08:00,52,66,0.2
2025-11-16T17:00:00-08:00,54,65,0.5
2025-11-16T17:30:00-08:00,54,65,0.5
2025-11-16T18:00:00-08:00,55,65,0.7
2025-11-16T18:30:00-08:00,55,65,1
2025-11-16T19:00:00-08:00,54,64,0.8
2025-11-16T19:30:00-08:00,54,64,0.7
2025-11-16T20:00:00-08:00,53,63,0.7
2025-11-16T20:30:00-08:00,53,63,0.8
2025-11-16T21:00:00-08:00,54,64,0.6
2025-11-16T21:30:00-08:00,55,64,0.5
2025-11-16T22:00:00-08:00,53,63,0.3
2025-11-16T22:30:00-08:00,53,63,0.3
2025-11-16T23:00:00-08:00,54,53,0.2
2025-11-16T23:30:00-08:00,57,62,0.2
2025-11-17T00:00:00-08:00,62,59,0.3
2025-11-17T00:30:00-08:00,64,61,0.6
2025-11-17T01:00:00-08:00,75,60,1.1
2025-11-17T01:30:00-08:00,74,60,0.5
2025-11-17T02:00:00-08:00,73,60,0.2
2025-11-17T02:30:00-08:00,72,60,0.2
2025-11-17T03:00:00-08:00,72,60,0.2
2025-11-17T03:30:00-08:00,72,60,0
2025-11-17T04:00:00-08:00,72,60,0
2025-11-17T04:30:00-08:00,72,59,0
2025-11-17T05:00:00-08:00,72,60,0
2025-11-17T05:30:00-08:00,70,60,0
2025-11-17T06:00:00-08:00,69,60,0.1
2025-11-17T06:30:00-08:00,68,59,0.2
2025-11-17T07:00:00-08:00,68,59,0.3
2025-11-17T07:30:00-08:00,68,57,0.5
2025-11-17T08:00:00-08:00,66,58,1
2025-11-17T08:30:00-08:00,68,58,1.3
2025-11-17T09:00:00-08:00,66,59,0.9
2025-11-17T09:30:00-08:00,62,59,0.6
2025-11-17T10:00:00-08:00,60,60,0.4
2025-11-17T10:30:00-08:00,59,61,0.4
2025-11-17T11:00:00-08:00,58,61,0.3
2025-11-17T11:30:00-08:00,55,63,0.3
2025-11-17T12:00:00-08:00,56,63,0.4
2025-11-17T12:30:00-08:00,54,63,0.6
2025-11-17T13:00:00-08:00,53,63,0.8
2025-11-17T13:30:00-08:00,53,63,0.9
2025-11-17T14:00:00-08:00,56,61,1.2
2025-11-17T14:30:00-08:00,56,61,1.2
2025-11-17T15:00:00-08:00,55,61,1.3
2025-11-17T15:30:00-08:00,54,62,1.2
2025-11-17T16:00:00-08:00,58,60,1.4
2025-11-17T16:30:00-08:00,58,59,1.3
2025-11-17T17:00:00-08:00,60,60,1.6
2025-11-17T17:30:00-08:00,59,60,1.6
2025-11-17T18:00:00-08:00,60,59,2
2025-11-17T18:30:00-08:00,59,60,2.4
2025-11-17T19:00:00-08:00,58,59,2.3
2025-11-17T19:30:00-08:00,57,60,2.1
2025-11-17T20:00:00-08:00,58,60,3.1
2025-11-17T20:30:00-08:00,58,60,3.2
2025-11-17T21:00:00-08:00,58,61,4.3
2025-11-17T21:30:00-08:00,58,61,5.9
2025-11-17T22:00:00-08:00,59,60,16.8
2025-11-17T22:30:00-08:00,61,60,10
2025-11-17T23:00:00-08:00,61,60,2
2025-11-17T23:30:00-08:00,61,59,1.8
2025-11-18T00:00:00-08:00,62,58,2.2
2025-11-18T00:30:00-08:00,64,58,2.3
2025-11-18T01:00:00-08:00,65,58,2.2
2025-11-18T01:30:00-08:00,64,58,1.7
2025-11-18T02:00:00-08:00,64,57,1.6
2025-11-18T02:30:00-08:00,65,56,1.6
2025-11-18T03:00:00-08:00,65,55,1.8
2025-11-18T03:30:00-08:00,65,55,1.5
2025-11-18T04:00:00-08:00,65,54,1.5
2025-11-18T04:30:00-08:00,66,55,1.5
2025-11-18T05:00:00-08:00,65,56,3.1
2025-11-18T05:30:00-08:00,65,57,2.3
2025-11-18T06:00:00-08:00,65,57,1.6
2025-11-18T06:30:00-08:00,65,57,1.5
2025-11-18T07:00:00-08:00,65,57,4.9
2025-11-18T07:30:00-08:00,63,58,5.7
2025-11-18T08:00:00-08:00,61,58,3.6
2025-11-18T08:30:00-08:00,59,59,1.6
2025-11-18T09:00:00-08:00,57,60,0.8
2025-11-18T09:30:00-08:00,55,61,0.9
2025-11-18T10:00:00-08:00,54,62,1.2
2025-11-18T10:30:00-08:00,53,63,0.8
2025-11-18T11:00:00-08:00,52,64,0.6
2025-11-18T11:30:00-08:00,48,65,0.1
2025-11-18T12:00:00-08:00,44,66,0.1
2025-11-18T12:30:00-08:00,42,68,0.1
2025-11-18T13:00:00-08:00,40,68,0.1
2025-11-18T13:30:00-08:00,39,69,0.2
2025-11-18T14:00:00-08:00,40,70,0.4
2025-11-18T14:30:00-08:00,42,68,0.6
2025-11-18T15:00:00-08:00,44,67,1
2025-11-18T15:30:00-08:00,45,66,0.6
2025-11-18T16:00:00-08:00,47,65,0.6
2025-11-18T16:30:00-08:00,50,63,1.2
2025-11-18T17:00:00-08:00,54,62,2.7
2025-11-18T17:30:00-08:00,57,61,3.8
2025-11-18T18:00:00-08:00,59,61,3.3
2025-11-18T18:30:00-08:00,60,60,5
2025-11-18T19:00:00-08:00,60,59,7.8
2025-11-18T19:30:00-08:00,61,58,6.4
2025-11-18T20:00:00-08:00,62,58,6.2
2025-11-18T20:30:00-08:00,62,57,8
2025-11-18T21:00:00-08:00,63,55,9
2025-11-18T21:30:00-08:00,63,56,9.5
2025-11-18T22:00:00-08:00,64,54,9.2
2025-11-18T22:30:00-08:00,64,55,9.5
2025-11-18T23:00:00-08:00,64,55,7.8
2025-11-18T23:30:00-08:00,64,54,7.1
2025-11-19T00:00:00-08:00,65,55,7
2025-11-19T00:30:00-08:00,65,54,6.7
2025-11-19T01:00:00-08:00,65,55,6.1
2025-11-19T01:30:00-08:00,65,56,6
2025-11-19T02:00:00-08:00,65,56,6.4
2025-11-19T02:30:00-08:00,65,56,5.9
2025-11-19T03:00:00-08:00,64,56,5.6
2025-11-19T03:30:00-08:00,64,54,5.4
2025-11-19T04:00:00-08:00,65,55,6.5
2025-11-19T04:30:00-08:00,64,55,6.4
2025-11-19T05:00:00-08:00,63,56,4.8
2025-11-19T05:30:00-08:00,62,56,4.9
2025-11-19T06:00:00-08:00,62,55,4.9
2025-11-19T06:30:00-08:00,62,57,4.6
2025-11-19T07:00:00-08:00,61,57,4.9
2025-11-19T07:30:00-08:00,62,57,6.2
2025-11-19T08:00:00-08:00,61,58,6.7
2025-11-19T08:30:00-08:00,61,58,7.8
2025-11-19T09:00:00-08:00,61,58,8.5
2025-11-19T09:30:00-08:00,57,61,5.9
2025-11-19T10:00:00-08:00,51,63,2.9
2025-11-19T10:30:00-08:00,48,65,2.7
2025-11-19T11:00:00-08:00,44,66,1.8
2025-11-19T11:30:00-08:00,43,67,2.1
2025-11-19T12:00:00-08:00,42,68,1.8
2025-11-19T12:30:00-08:00,41,68,2.3
2025-11-19T13:00:00-08:00,41,69,2.2
2025-11-19T13:30:00-08:00,42,68,2.2
2025-11-19T14:00:00-08:00,42,68,2.2
2025-11-19T14:30:00-08:00,42,68,2.1
2025-11-19T15:00:00-08:00,43,67,2.5
2025-11-19T15:30:00-08:00,48,66,3.2
2025-11-19T16:00:00-08:00,51,65,3.5
2025-11-19T16:30:00-08:00,51,64,3.8
2025-11-19T17:00:00-08:00,52,64,3.7
2025-11-19T17:30:00-08:00,53,63,3.9
2025-11-19T18:00:00-08:00,53,63,7.3
2025-11-19T18:30:00-08:00,54,62,5.7
2025-11-19T19:00:00-08:00,56,61,4.6
2025-11-19T19:30:00-08:00,56,61,6.4
2025-11-19T20:00:00-08:00,56,61,6.9
2025-11-19T20:30:00-08:00,57,61,5.8
2025-11-19T21:00:00-08:00,58,61,5.5
2025-11-19T21:30:00-08:00,55,61,4.2
2025-11-19T22:00:00-08:00,56,61,4.7
2025-11-19T22:30:00-08:00,57,61,6.5
2025-11-19T23:00:00-08:00,58,61,6.7
2025-11-19T23:30:00-08:00,59,61,8.3
2025-11-20T00:00:00-08:00,58,61,8
2025-11-20T00:30:00-08:00,58,61,7.7
2025-11-20T01:00:00-08:00,59,61,7.7
2025-11-20T01:30:00-08:00,61,60,5.8
2025-11-20T02:00:00-08:00,63,60,5.2
2025-11-20T02:30:00-08:00,64,59,5.2
2025-11-20T03:00:00-08:00,64,58,4.9
2025-11-20T03:30:00-08:00,64,58,2
2025-11-20T04:00:00-08:00,64,58,1.6
2025-11-20T04:30:00-08:00,65,58,1.7
2025-11-20T05:00:00-08:00,65,58,1.8
2025-11-20T05:30:00-08:00,65,58,1.9
2025-11-20T06:00:00-08:00,65,58,2.4
2025-11-20T06:30:00-08:00,65,57,2.4
2025-11-20T07:00:00-08:00,65,58,3.3
2025-11-20T07:30:00-08:00,65,58,4.2
2025-11-20T08:00:00-08:00,65,59,6
2025-11-20T08:30:00-08:00,64,59,4
2025-11-20T09:00:00-08:00,63,60,4.3
2025-11-20T09:30:00-08:00,63,61,4.7
2025-11-20T10:00:00-08:00,61,62,5
2025-11-20T10:30:00-08:00,61,62,5.9
2025-11-20T11:00:00-08:00,61,62,1.9
2025-11-20T11:30:00-08:00,61,62,1.7
2025-11-20T12:00:00-08:00,60,63,2.6
2025-11-20T12:30:00-08:00,58,64,2.1
2025-11-20T13:00:00-08:00,59,63,1.2
2025-11-20T13:30:00-08:00,57,64,0.2
2025-11-20T14:00:00-08:00,55,64,0.2
2025-11-20T14:30:00-08:00,53,64,0.2
2025-11-20T15:00:00-08:00,50,66,0.2
2025-11-20T15:30:00-08:00,51,64,0.2
2025-11-20T16:00:00-08:00,53,63,0.2
2025-11-20T16:30:00-08:00,57,61,0.3
2025-11-20T17:00:00-08:00,60,59,1.7
2025-11-20T17:30:00-08:00,62,58,3.4
2025-11-20T18:00:00-08:00,62,59,2.8
2025-11-20T18:30:00-08:00,62,58,3.8
2025-11-20T19:00:00-08:00,63,55,3.2
2025-11-20T19:30:00-08:00,63,56,2.3
2025-11-20T20:00:00-08:00,64,55,3.4
2025-11-20T20:30:00-08:00,64,53,5.7
2025-11-20T21:00:00-08:00,65,52,9.4
2025-11-20T21:30:00-08:00,66,55,15.6
2025-11-20T22:00:00-08:00,65,56,11.8
2025-11-20T22:30:00-08:00,64,55,10.1
2025-11-20T23:00:00-08:00,65,55,10.8
2025-11-20T23:30:00-08:00,65,54,10.3
2025-11-21T00:00:00-08:00,65,53,9.7
2025-11-21T00:30:00-08:00,65,52,7.7
2025-11-21T01:00:00-08:00,66,52,6.9
2025-11-21T01:30:00-08:00,66,52,10.8
2025-11-21T02:00:00-08:00,66,52,10.5
2025-11-21T02:30:00-08:00,65,52,9.8
2025-11-21T03:00:00-08:00,66,49,9
2025-11-21T03:30:00-08:00,66,51,8.6
2025-11-21T04:00:00-08:00,66,52,5.8
2025-11-21T04:30:00-08:00,66,51,5
2025-11-21T05:00:00-08:00,66,50,6.7
2025-11-21T05:30:00-08:00,66,50,6.5
2025-11-21T06:00:00-08:00,66,50,5.8
2025-11-21T06:30:00-08:00,66,49,7.1
2025-11-21T07:00:00-08:00,66,48,8.1
2025-11-21T07:30:00-08:00,67,50,8.1
2025-11-21T08:00:00-08:00,68,52,9.8
2025-11-21T08:30:00-08:00,66,54,10.2
2025-11-21T09:00:00-08:00,61,56,4.8
2025-11-21T09:30:00-08:00,53,59,2.7
2025-11-21T10:00:00-08:00,48,62,2.5
2025-11-21T10:30:00-08:00,45,64,2.5
2025-11-21T11:00:00-08:00,43,65,2.6
2025-11-21T11:30:00-08:00,41,67,2.6
2025-11-21T12:00:00-08:00,40,67,2.7
2025-11-21T12:30:00-08:00,39,68,2.6
2025-11-21T13:00:00-08:00,38,68,2.9
2025-11-21T13:30:00-08:00,37,68,2
2025-11-21T14:00:00-08:00,37,69,2.2
2025-11-21T14:30:00-08:00,37,69,2.5
2025-11-21T15:00:00-08:00,36,70,2.3
2025-11-21T15:30:00-08:00,38,68,2.6
2025-11-21T16:00:00-08:00,40,67,2.3
2025-11-21T16:30:00-08:00,42,65,2.5
2025-11-21T17:00:00-08:00,47,63,3.3
2025-11-21T17:30:00-08:00,51,61,4.5
2025-11-21T18:00:00-08:00,53,60,7.1
2025-11-21T18:30:00-08:00,54,59,6.8
2025-11-21T19:00:00-08:00,55,58,8.2
2025-11-21T19:30:00-08:00,57,57,5.8
2025-11-21T20:00:00-08:00,58,56,6.9
2025-11-21T20:30:00-08:00,59,53,9.3
2025-11-21T21:00:00-08:00,60,55,15
2025-11-21T21:30:00-08:00,60,54,16
2025-11-21T22:00:00-08:00,61,54,16.5
2025-11-21T22:30:00-08:00,62,53,18.3
2025-11-21T23:00:00-08:00,62,53,17.3
2025-11-21T23:30:00-08:00,62,53,12.3
2025-11-22T00:00:00-08:00,62,53,10.2
2025-11-22T00:30:00-08:00,62,52,10.6
2025-11-22T01:00:00-08:00,63,51,11.6
2025-11-22T01:30:00-08:00,63,51,10.5
2025-11-22T02:00:00-08:00,63,51,10.3
2025-11-22T02:30:00-08:00,63,50,10.2
2025-11-22T03:00:00-08:00,63,49,10.4
2025-11-22T03:30:00-08:00,63,50,9.9
2025-11-22T04:00:00-08:00,64,49,9
2025-11-22T04:30:00-08:00,64,49,9.7
2025-11-22T05:00:00-08:00,64,49,9.1
2025-11-22T05:30:00-08:00,64,48,10.2
2025-11-22T06:00:00-08:00,64,48,12.8
2025-11-22T06:30:00-08:00,63,48,14.9
2025-11-22T07:00:00-08:00,63,48,16.1
2025-11-22T07:30:00-08:00,64,48,14.8
2025-11-22T08:00:00-08:00,66,50,18.4
2025-11-22T08:30:00-08:00,65,54,19.3
2025-11-22T09:00:00-08:00,60,56,8
2025-11-22T09:30:00-08:00,56,59,8.9
2025-11-22T10:00:00-08:00,52,62,8.6
2025-11-22T10:30:00-08:00,50,64,8.9
2025-11-22T11:00:00-08:00,48,65,10.5
2025-11-22T11:30:00-08:00,46,67,9.6
2025-11-22T12:00:00-08:00,45,68,10.9
2025-11-22T12:30:00-08:00,44,69,11.3
2025-11-22T13:00:00-08:00,44,70,10.4
2025-11-22T13:30:00-08:00,42,70,9.4
2025-11-22T14:00:00-08:00,42,71,10.8
2025-11-22T14:30:00-08:00,41,70,8.2
2025-11-22T15:00:00-08:00,39,71,6.5
2025-11-22T15:30:00-08:00,39,70,6.5
2025-11-22T16:00:00-08:00,42,68,32.5
2025-11-22T16:30:00-08:00,45,67,44.2
2025-11-22T17:00:00-08:00,48,64,9.6
2025-11-22T17:30:00-08:00,52,62,8.7
2025-11-22T18:00:00-08:00,54,60,18.7
2025-11-22T18:30:00-08:00,57,60,18.8
2025-11-22T19:00:00-08:00,58,59,15.5
2025-11-22T19:30:00-08:00,59,57,19.5
2025-11-22T20:00:00-08:00,60,57,20.9
2025-11-22T20:30:00-08:00,61,56,20.1
2025-11-22T21:00:00-08:00,61,55,24.1
2025-11-22T21:30:00-08:00,61,55,25.2
2025-11-22T22:00:00-08:00,62,54,23.3
2025-11-22T22:30:00-08:00,62,54,23.6
2025-11-22T23:00:00-08:00,62,53,25.8
2025-11-22T23:30:00-08:00,63,52,27.6
2025-11-23T00:00:00-08:00,62,52,28.4
2025-11-23T00:30:00-08:00,62,51,27.1
2025-11-23T01:00:00-08:00,63,51,24.2
2025-11-23T01:30:00-08:00,63,50,20.3
2025-11-23T02:00:00-08:00,63,50,17.5
2025-11-23T02:30:00-08:00,63,50,17
2025-11-23T03:00:00-08:00,63,50,20
2025-11-23T03:30:00-08:00,65,52,17.7
2025-11-23T04:00:00-08:00,65,53,19.2
2025-11-23T04:30:00-08:00,66,54,24.3
2025-11-23T05:00:00-08:00,66,55,26.2
2025-11-23T05:30:00-08:00,65,56,27.3
2025-11-23T06:00:00-08:00,65,56,27.9
2025-11-23T06:30:00-08:00,66,57,26.5
2025-11-23T07:00:00-08:00,64,57,24.8
2025-11-23T07:30:00-08:00,64,57,24.1
2025-11-23T08:00:00-08:00,62,58,24.1
2025-11-23T08:30:00-08:00,61,59,24
2025-11-23T09:00:00-08:00,60,59,23.9
2025-11-23T09:30:00-08:00,58,60,24.1
2025-11-23T10:00:00-08:00,56,61,23.8
2025-11-23T10:30:00-08:00,55,62,24.3
2025-11-23T11:00:00-08:00,56,62,25.7
2025-11-23T11:30:00-08:00,54,62,26.5
2025-11-23T12:00:00-08:00,53,64,27.3
2025-11-23T12:30:00-08:00,52,65,26.7
2025-11-23T13:00:00-08:00,51,66,27.3
2025-11-23T13:30:00-08:00,51,66,23.6
2025-11-23T14:00:00-08:00,50,67,22.3
2025-11-23T14:30:00-08:00,50,67,25.4
2025-11-23T15:00:00-08:00,49,68,24.5
2025-11-23T15:30:00-08:00,51,66,19.3
2025-11-23T16:00:00-08:00,53,65,19.1
2025-11-23T16:30:00-08:00,55,63,19.9
2025-11-23T17:00:00-08:00,57,62,20.9
2025-11-23T17:30:00-08:00,58,61,24.9
2025-11-23T18:00:00-08:00,59,60,24.5
2025-11-23T18:30:00-08:00,61,59,25.6
2025-11-23T19:00:00-08:00,62,59,18.4
2025-11-23T19:30:00-08:00,61,60,12.7
2025-11-23T20:00:00-08:00,60,60,7.8
2025-11-23T20:30:00-08:00,60,60,7.4
2025-11-23T21:00:00-08:00,59,60,5
2025-11-23T21:30:00-08:00,58,60,4.4
2025-11-23T22:00:00-08:00,59,60,4.9
2025-11-23T22:30:00-08:00,59,58,5.1
2025-11-23T23:00:00-08:00,59,58,5.7
2025-11-23T23:30:00-08:00,59,59,5.6
2025-11-24T00:00:00-08:00,60,60,7.4
2025-11-24T00:30:00-08:00,60,59,9.2
2025-11-24T01:00:00-08:00,60,59,7.5
2025-11-24T01:30:00-08:00,59,60,6.3
2025-11-24T02:00:00-08:00,60,60,9.5
2025-11-24T02:30:00-08:00,59,60,11
2025-11-24T03:00:00-08:00,58,60,9.9
2025-11-24T03:30:00-08:00,59,60,8.9
2025-11-24T04:00:00-08:00,59,59,8.5
2025-11-24T04:30:00-08:00,60,59,9.1
2025-11-24T05:00:00-08:00,60,59,8.4
2025-11-24T05:30:00-08:00,60,59,7.5
2025-11-24T06:00:00-08:00,60,59,7.6
2025-11-24T06:30:00-08:00,58,59,4.9
2025-11-24T07:00:00-08:00,58,59,6.1
2025-11-24T07:30:00-08:00,58,59,7.9
2025-11-24T08:00:00-08:00,58,59,9.9
2025-11-24T08:30:00-08:00,58,59,9.6
2025-11-24T09:00:00-08:00,56,60,8.1
2025-11-24T09:30:00-08:00,54,61,8.2
2025-11-24T10:00:00-08:00,52,62,11
2025-11-24T10:30:00-08:00,51,64,12.9
2025-11-24T11:00:00-08:00,49,65,12.3
2025-11-24T11:30:00-08:00,48,66,12.6
2025-11-24T12:00:00-08:00,48,67,15.7
2025-11-24T12:30:00-08:00,48,67,21
2025-11-24T13:00:00-08:00,49,67,24.5
2025-11-24T13:30:00-08:00,49,67,30.9
2025-11-24T14:00:00-08:00,50,68,32.6
2025-11-24T14:30:00-08:00,49,68,31.7
2025-11-24T15:00:00-08:00,48,69,30.8
2025-11-24T15:30:00-08:00,50,67,30.5
2025-11-24T16:00:00-08:00,51,66,30
2025-11-24T16:30:00-08:00,53,65,28.8
2025-11-24T17:00:00-08:00,55,64,29.7
2025-11-24T17:30:00-08:00,58,62,30.1
2025-11-24T18:00:00-08:00,60,61,31.7
2025-11-24T18:30:00-08:00,61,59,34.1
2025-11-24T19:00:00-08:00,61,59,34.9
2025-11-24T19:30:00-08:00,61,57,31.8
2025-11-24T20:00:00-08:00,62,57,35.3
2025-11-24T20:30:00-08:00,62,56,32.4
2025-11-24T21:00:00-08:00,62,55,30.1
2025-11-24T21:30:00-08:00,62,54,30.1
2025-11-24T22:00:00-08:00,62,54,30.5
2025-11-24T22:30:00-08:00,62,53,31.4
2025-11-24T23:00:00-08:00,63,52,31.4
2025-11-24T23:30:00-08:00,63,52,32.1
2025-11-25T00:00:00-08:00,64,51,32.8
2025-11-25T00:30:00-08:00,64,51,33.1
2025-11-25T01:00:00-08:00,64,49,32.7
2025-11-25T01:30:00-08:00,64,50,30.9
2025-11-25T02:00:00-08:00,64,50,31.5
2025-11-25T02:30:00-08:00,64,49,31.3
2025-11-25T03:00:00-08:00,64,49,30.4
2025-11-25T03:30:00-08:00,64,48,29.6
2025-11-25T04:00:00-08:00,64,48,28
2025-11-25T04:30:00-08:00,64,48,26.3
2025-11-25T05:00:00-08:00,64,48,25.8
2025-11-25T05:30:00-08:00,65,49,26.9
2025-11-25T06:00:00-08:00,65,50,25.8
2025-11-25T06:30:00-08:00,66,52,26.7
2025-11-25T07:00:00-08:00,67,53,33.4
2025-11-25T07:30:00-08:00,68,53,38.3
2025-11-25T08:00:00-08:00,69,54,37.9
2025-11-25T08:30:00-08:00,67,56,35.1
2025-11-25T09:00:00-08:00,66,57,36.6
2025-11-25T09:30:00-08:00,65,57,37.2
2025-11-25T10:00:00-08:00,62,59,38.2
2025-11-25T10:30:00-08:00,60,60,38.9
2025-11-25T11:00:00-08:00,58,60,39
2025-11-25T11:30:00-08:00,57,61,36.3
2025-11-25T12:00:00-08:00,55,62,33.5
2025-11-25T12:30:00-08:00,54,63,35
2025-11-25T13:00:00-08:00,52,65,32.9
2025-11-25T13:30:00-08:00,50,66,33.2
2025-11-25T14:00:00-08:00,49,66,32.9
2025-11-25T14:30:00-08:00,48,66,32.2
2025-11-25T15:00:00-08:00,47,67,28.9
2025-11-25T15:30:00-08:00,50,66,30.6
2025-11-25T16:00:00-08:00,52,64,29.4
2025-11-25T16:30:00-08:00,55,63,29.7
2025-11-25T17:00:00-08:00,57,61,31.1
2025-11-25T17:30:00-08:00,59,59,32
2025-11-25T18:00:00-08:00,61,57,35.1
2025-11-25T18:30:00-08:00,62,57,38.4
2025-11-25T19:00:00-08:00,63,56,37.3
2025-11-25T19:30:00-08:00,63,55,37.3
2025-11-25T20:00:00-08:00,63,54,36
2025-11-25T20:30:00-08:00,63,53,34.5
2025-11-25T21:00:00-08:00,63,52,35.8
2025-11-25T21:30:00-08:00,63,51,36.3
2025-11-25T22:00:00-08:00,63,51,37.1
2025-11-25T22:30:00-08:00,63,50,37
2025-11-25T23:00:00-08:00,64,50,36.1
2025-11-25T23:30:00-08:00,64,50,35.2
2025-11-26T00:00:00-08:00,64,49,35.3
2025-11-26T00:30:00-08:00,64,49,35.3
2025-11-26T01:00:00-08:00,64,49,35.9
2025-11-26T01:30:00-08:00,64,48,34.3
2025-11-26T02:00:00-08:00,64,48,32.8
2025-11-26T02:30:00-08:00,64,47,32.3
2025-11-26T03:00:00-08:00,64,47,33.2
2025-11-26T03:30:00-08:00,63,46,32
2025-11-26T04:00:00-08:00,64,46,31.3
2025-11-26T04:30:00-08:00,64,46,31.5
2025-11-26T05:00:00-08:00,64,46,33.4
2025-11-26T05:30:00-08:00,64,45,30.6
2025-11-26T06:00:00-08:00,64,45,30.2
2025-11-26T06:30:00-08:00,64,45,33.2
2025-11-26T07:00:00-08:00,64,45,33.1
2025-11-26T07:30:00-08:00,65,45,35.1
2025-11-26T08:00:00-08:00,66,47,35.5
2025-11-26T08:30:00-08:00,68,50,38.4
2025-11-26T09:00:00-08:00,68,53,40.7
2025-11-26T09:30:00-08:00,63,56,45.8
2025-11-26T10:00:00-08:00,60,58,39.8
2025-11-26T10:30:00-08:00,58,59,38.1
2025-11-26T11:00:00-08:00,55,61,33.6
2025-11-26T11:30:00-08:00,52,61,33.3
2025-11-26T12:00:00-08:00,50,63,31.9
2025-11-26T12:30:00-08:00,48,64,31.2
2025-11-26T13:00:00-08:00,47,65,31.8
2025-11-26T13:30:00-08:00,46,66,32.3
2025-11-26T14:00:00-08:00,46,67,31.1
2025-11-26T14:30:00-08:00,45,67,30.5
2025-11-26T15:00:00-08:00,44,68,27.2
2025-11-26T15:30:00-08:00,45,67,27.7
2025-11-26T16:00:00-08:00,48,65,28.5
2025-11-26T16:30:00-08:00,51,63,28.9
2025-11-26T17:00:00-08:00,54,61,29.5
2025-11-26T17:30:00-08:00,57,59,29.9
2025-11-26T18:00:00-08:00,59,57,30.4
2025-11-26T18:30:00-08:00,60,56,31.6
2025-11-26T19:00:00-08:00,61,55,33.5
2025-11-26T19:30:00-08:00,61,54,32.3
2025-11-26T20:00:00-08:00,62,53,33.1
2025-11-26T20:30:00-08:00,62,52,32
2025-11-26T21:00:00-08:00,62,52,32.3
2025-11-26T21:30:00-08:00,62,51,34.5
2025-11-26T22:00:00-08:00,63,51,35.3
2025-11-26T22:30:00-08:00,63,50,34.8
2025-11-26T23:00:00-08:00,63,50,34.4
2025-11-26T23:30:00-08:00,63,49,36.2
2025-11-27T00:00:00-08:00,63,49,35.9
2025-11-27T00:30:00-08:00,63,48,32.8
2025-11-27T01:00:00-08:00,63,48,33.5
2025-11-27T01:30:00-08:00,63,48,44.1
2025-11-27T02:00:00-08:00,63,47,34.9
2025-11-27T02:30:00-08:00,63,47,33.3
2025-11-27T03:00:00-08:00,63,47,32.7
2025-11-27T03:30:00-08:00,63,47,32.3
2025-11-27T04:00:00-08:00,64,47,34.7
2025-11-27T04:30:00-08:00,63,47,33
2025-11-27T05:00:00-08:00,64,47,32.2
2025-11-27T05:30:00-08:00,64,47,32.1
2025-11-27T06:00:00-08:00,64,47,33.4
2025-11-27T06:30:00-08:00,64,46,34.9
2025-11-27T07:00:00-08:00,64,46,33
2025-11-27T07:30:00-08:00,66,46,34.6
2025-11-27T08:00:00-08:00,67,48,36.6
2025-11-27T08:30:00-08:00,67,49,38.4
2025-11-27T09:00:00-08:00,66,52,39.6
2025-11-27T09:30:00-08:00,64,54,39
2025-11-27T10:00:00-08:00,60,56,38.3
2025-11-27T10:30:00-08:00,56,59,36.1
2025-11-27T11:00:00-08:00,53,60,34.5
2025-11-27T11:30:00-08:00,51,62,34.1
2025-11-27T12:00:00-08:00,49,64,33.6
2025-11-27T12:30:00-08:00,48,64,33.5
2025-11-27T13:00:00-08:00,48,64,32.3
2025-11-27T13:30:00-08:00,47,65,32.5
2025-11-27T14:00:00-08:00,46,65,31.6
2025-11-27T14:30:00-08:00,45,66,31.2
2025-11-27T15:00:00-08:00,45,67,32.2
2025-11-27T15:30:00-08:00,47,65,33
2025-11-27T16:00:00-08:00,50,64,33.5
2025-11-27T16:30:00-08:00,54,61,36.7
2025-11-27T17:00:00-08:00,56,60,39
2025-11-27T17:30:00-08:00,58,58,42.5
2025-11-27T18:00:00-08:00,59,57,46.8
2025-11-27T18:30:00-08:00,60,57,39.7
2025-11-27T19:00:00-08:00,61,55,34.8
2025-11-27T19:30:00-08:00,61,54,35.1
2025-11-27T20:00:00-08:00,62,53,37.8
2025-11-27T20:30:00-08:00,62,52,39.3
2025-11-27T21:00:00-08:00,62,52,38.8
2025-11-27T21:30:00-08:00,62,51,39.4
2025-11-27T22:00:00-08:00,63,50,40.6
2025-11-27T22:30:00-08:00,63,50,42.6
2025-11-27T23:00:00-08:00,63,50,42.8
2025-11-27T23:30:00-08:00,63,49,43.4
2025-11-28T00:00:00-08:00,63,49,44.1
2025-11-28T00:30:00-08:00,63,48,45
2025-11-28T01:00:00-08:00,63,48,44.9
2025-11-28T01:30:00-08:00,63,48,42.9
2025-11-28T02:00:00-08:00,64,48,40.9
2025-11-28T02:30:00-08:00,64,48,41.5
2025-11-28T03:00:00-08:00,63,48,41.6
2025-11-28T03:30:00-08:00,63,48,41.2
2025-11-28T04:00:00-08:00,63,48,40.2
2025-11-28T04:30:00-08:00,64,48,39.2
2025-11-28T05:00:00-08:00,64,49,37.2
2025-11-28T05:30:00-08:00,64,51,36.6
2025-11-28T06:00:00-08:00,64,51,35.9
2025-11-28T06:30:00-08:00,64,52,37.1
2025-11-28T07:00:00-08:00,65,53,41.6
2025-11-28T07:30:00-08:00,65,53,41.9
2025-11-28T08:00:00-08:00,64,53,41.2
2025-11-28T08:30:00-08:00,64,54,41.2
2025-11-28T09:00:00-08:00,63,54,41.6
2025-11-28T09:30:00-08:00,62,55,41.7
2025-11-28T10:00:00-08:00,61,56,42
2025-11-28T10:30:00-08:00,59,57,42
2025-11-28T11:00:00-08:00,57,59,39.5
2025-11-28T11:30:00-08:00,55,60,37.4
2025-11-28T12:00:00-08:00,52,61,36.1
2025-11-28T12:30:00-08:00,51,63,35.9
2025-11-28T13:00:00-08:00,50,63,34
2025-11-28T13:30:00-08:00,50,63,32.6
2025-11-28T14:00:00-08:00,51,63,37.5
2025-11-28T14:30:00-08:00,51,64,37.5
2025-11-28T15:00:00-08:00,50,64,36
2025-11-28T15:30:00-08:00,52,63,35.2
2025-11-28T16:00:00-08:00,54,61,35
2025-11-28T16:30:00-08:00,56,60,35.1
2025-11-28T17:00:00-08:00,58,58,36.1
2025-11-28T17:30:00-08:00,60,57,36.2
2025-11-28T18:00:00-08:00,60,55,34.8
2025-11-28T18:30:00-08:00,61,54,35.6
2025-11-28T19:00:00-08:00,62,53,42
2025-11-28T19:30:00-08:00,63,53,42
2025-11-28T20:00:00-08:00,63,52,40.8
2025-11-28T20:30:00-08:00,63,52,37.6
2025-11-28T21:00:00-08:00,63,51,37.5
2025-11-28T21:30:00-08:00,63,50,47.8
2025-11-28T22:00:00-08:00,63,50,46.1
2025-11-28T22:30:00-08:00,63,49,45.5
2025-11-28T23:00:00-08:00,63,49,46.7
2025-11-28T23:30:00-08:00,63,49,42.8
2025-11-29T00:00:00-08:00,63,49,41.6
2025-11-29T00:30:00-08:00,64,50,39.5
2025-11-29T01:00:00-08:00,65,51,35.1
2025-11-29T01:30:00-08:00,64,52,34.2
2025-11-29T02:00:00-08:00,64,52,30.7
2025-11-29T02:30:00-08:00,63,53,29.8
2025-11-29T03:00:00-08:00,62,52,30.7
2025-11-29T03:30:00-08:00,62,52,28.9
2025-11-29T04:00:00-08:00,62,52,30.6
2025-11-29T04:30:00-08:00,63,52,27.9
2025-11-29T05:00:00-08:00,62,53,27.3
2025-11-29T05:30:00-08:00,62,53,30.3
2025-11-29T06:00:00-08:00,63,53,31.8
2025-11-29T06:30:00-08:00,61,53,30.8
2025-11-29T07:00:00-08:00,61,53,31.6
2025-11-29T07:30:00-08:00,60,53,30.7
2025-11-29T08:00:00-08:00,59,54,31.1
2025-11-29T08:30:00-08:00,59,54,32.9
2025-11-29T09:00:00-08:00,58,55,31.7
2025-11-29T09:30:00-08:00,56,56,30.6
2025-11-29T10:00:00-08:00,55,57,30
2025-11-29T10:30:00-08:00,53,58,28.8
2025-11-29T11:00:00-08:00,52,59,29.5
2025-11-29T11:30:00-08:00,53,58,29.6
2025-11-29T12:00:00-08:00,52,60,29.2
2025-11-29T12:30:00-08:00,50,62,29.2
2025-11-29T13:00:00-08:00,49,62,29.8
2025-11-29T13:30:00-08:00,48,63,30.2
2025-11-29T14:00:00-08:00,48,63,30.9
2025-11-29T14:30:00-08:00,47,64,29.3
2025-11-29T15:00:00-08:00,46,65,29.5
2025-11-29T15:30:00-08:00,48,63,30.3
2025-11-29T16:00:00-08:00,50,61,30.8
2025-11-29T16:30:00-08:00,53,59,31.5
2025-11-29T17:00:00-08:00,56,58,32.3
2025-11-29T17:30:00-08:00,58,56,32.7
2025-11-29T18:00:00-08:00,59,55,33.5
2025-11-29T18:30:00-08:00,60,54,37.4
2025-11-29T19:00:00-08:00,61,53,39.3
2025-11-29T19:30:00-08:00,61,52,37.9
2025-11-29T20:00:00-08:00,61,51,37.7
2025-11-29T20:30:00-08:00,61,51,38.2
2025-11-29T21:00:00-08:00,61,50,38.4
2025-11-29T21:30:00-08:00,62,50,37
2025-11-29T22:00:00-08:00,62,49,36.1
2025-11-29T22:30:00-08:00,62,49,36.5
2025-11-29T23:00:00-08:00,62,48,36
2025-11-29T23:30:00-08:00,62,48,35.9
2025-11-30T00:00:00-08:00,62,48,34.8
2025-11-30T00:30:00-08:00,63,47,34
2025-11-30T01:00:00-08:00,63,47,35
2025-11-30T01:30:00-08:00,63,47,36.2
2025-11-30T02:00:00-08:00,63,47,35
2025-11-30T02:30:00-08:00,63,47,36.4
2025-11-30T03:00:00-08:00,64,48,37.5
2025-11-30T03:30:00-08:00,64,49,36
2025-11-30T04:00:00-08:00,64,50,34.6
2025-11-30T04:30:00-08:00,63,51,33.1
2025-11-30T05:00:00-08:00,63,51,35.2
2025-11-30T05:30:00-08:00,64,52,34.1
2025-11-30T06:00:00-08:00,63,52,29.8
2025-11-30T06:30:00-08:00,62,52,30.8
2025-11-30T07:00:00-08:00,63,52,28.1
2025-11-30T07:30:00-08:00,63,52,31.6
2025-11-30T08:00:00-08:00,63,52,30.5
2025-11-30T08:30:00-08:00,61,53,28.2
2025-11-30T09:00:00-08:00,60,54,27.6
2025-11-30T09:30:00-08:00,59,54,27.3
2025-11-30T10:00:00-08:00,58,55,29.4
2025-11-30T10:30:00-08:00,58,56,32.1
2025-11-30T11:00:00-08:00,57,57,30.3
2025-11-30T11:30:00-08:00,55,58,28.3
2025-11-30T12:00:00-08:00,54,58,25.1
2025-11-30T12:30:00-08:00,53,59,23.9
2025-11-30T13:00:00-08:00,52,59,25.1
2025-11-30T13:30:00-08:00,51,60,25.1
2025-11-30T14:00:00-08:00,50,61,25
2025-11-30T14:30:00-08:00,50,61,27.9
2025-11-30T15:00:00-08:00,50,61,30.9
2025-11-30T15:30:00-08:00,52,60,35
2025-11-30T16:00:00-08:00,54,58,35.2
2025-11-30T16:30:00-08:00,56,57,30.6
2025-11-30T17:00:00-08:00,58,56,30.4
2025-11-30T17:30:00-08:00,59,55,33.3
2025-11-30T18:00:00-08:00,60,54,32.3
2025-11-30T18:30:00-08:00,61,53,32.5
2025-11-30T19:00:00-08:00,61,52,34
2025-11-30T19:30:00-08:00,62,51,36
2025-11-30T20:00:00-08:00,62,50,37.3
2025-11-30T20:30:00-08:00,62,50,37.8
2025-11-30T21:00:00-08:00,62,49,41.6
2025-11-30T21:30:00-08:00,62,49,45.9
2025-11-30T22:00:00-08:00,62,48,43.7
2025-11-30T22:30:00-08:00,62,48,40.8
2025-11-30T23:00:00-08:00,62,47,38.7
2025-11-30T23:30:00-08:00,62,47,36.8
2025-12-01T00:00:00-08:00,63,46,34.5
2025-12-01T00:30:00-08:00,63,46,33.7
2025-12-01T01:00:00-08:00,63,45,32.9
2025-12-01T01:30:00-08:00,62,45,32.5
2025-12-01T02:00:00-08:00,63,45,31.9
2025-12-01T02:30:00-08:00,63,44,32.3
2025-12-01T03:00:00-08:00,64,45,33.3
2025-12-01T03:30:00-08:00,64,47,29.7
2025-12-01T04:00:00-08:00,64,48,28.1
2025-12-01T04:30:00-08:00,63,49,27.6
2025-12-01T05:00:00-08:00,63,49,26.9
2025-12-01T05:30:00-08:00,63,50,26.3
2025-12-01T06:00:00-08:00,63,51,26.6
2025-12-01T06:30:00-08:00,62,51,27.2
2025-12-01T07:00:00-08:00,62,51,29.2
2025-12-01T07:30:00-08:00,62,51,29
2025-12-01T08:00:00-08:00,62,52,27.1
2025-12-01T08:30:00-08:00,59,54,25.9
2025-12-01T09:00:00-08:00,56,55,26.5
2025-12-01T09:30:00-08:00,55,55,27.3
2025-12-01T10:00:00-08:00,53,56,27.1
2025-12-01T10:30:00-08:00,52,57,26.4
2025-12-01T11:00:00-08:00,50,58,25.7
2025-12-01T11:30:00-08:00,49,60,26
2025-12-01T12:00:00-08:00,48,60,27.9
2025-12-01T12:30:00-08:00,48,61,29
2025-12-01T13:00:00-08:00,48,61,27.9
2025-12-01T13:30:00-08:00,47,62,27.6
2025-12-01T14:00:00-08:00,47,62,28.4
2025-12-01T14:30:00-08:00,47,62,28.6
2025-12-01T15:00:00-08:00,46,63,28.3
2025-12-01T15:30:00-08:00,48,61,28.1
2025-12-01T16:00:00-08:00,49,59,27.8
2025-12-01T16:30:00-08:00,51,58,27.8
2025-12-01T17:00:00-08:00,53,57,27.7
2025-12-01T17:30:00-08:00,56,55,28.6
2025-12-01T18:00:00-08:00,57,54,27
2025-12-01T18:30:00-08:00,58,53,28.9
2025-12-01T19:00:00-08:00,59,52,32.7
2025-12-01T19:30:00-08:00,60,52,33.7
2025-12-01T20:00:00-08:00,60,51,33.3
2025-12-01T20:30:00-08:00,61,50,31.5
2025-12-01T21:00:00-08:00,61,50,33.5
2025-12-01T21:30:00-08:00,61,49,36.2
2025-12-01T22:00:00-08:00,61,49,38
2025-12-01T22:30:00-08:00,62,48,38.5
2025-12-01T23:00:00-08:00,62,48,36.3
2025-12-01T23:30:00-08:00,62,48,34.7
2025-12-02T00:00:00-08:00,62,47,34.4
2025-12-02T00:30:00-08:00,62,47,34.3
2025-12-02T01:00:00-08:00,62,47,31.8
2025-12-02T01:30:00-08:00,62,47,33.4
2025-12-02T02:00:00-08:00,62,47,31.7
2025-12-02T02:30:00-08:00,63,47,31.8
2025-12-02T03:00:00-08:00,62,47,30.5
2025-12-02T03:30:00-08:00,62,47,28.3
2025-12-02T04:00:00-08:00,63,47,28.5
2025-12-02T04:30:00-08:00,63,48,29.7
2025-12-02T05:00:00-08:00,64,49,29.5
2025-12-02T05:30:00-08:00,64,49,28.9
2025-12-02T06:00:00-08:00,63,49,28.4
2025-12-02T06:30:00-08:00,62,48,28.5
2025-12-02T07:00:00-08:00,62,48,29.7
2025-12-02T07:30:00-08:00,63,47,30.8
2025-12-02T08:00:00-08:00,65,48,38.6
2025-12-02T08:30:00-08:00,65,51,35.1
2025-12-02T09:00:00-08:00,63,53,36.1
2025-12-02T09:30:00-08:00,59,56,35.7
2025-12-02T10:00:00-08:00,56,58,34.7
2025-12-02T10:30:00-08:00,53,60,33.1
2025-12-02T11:00:00-08:00,50,62,29.7
2025-12-02T11:30:00-08:00,48,64,29.8
2025-12-02T12:00:00-08:00,47,65,29.8
2025-12-02T12:30:00-08:00,45,66,29.7
2025-12-02T13:00:00-08:00,43,67,26.3
2025-12-02T13:30:00-08:00,40,67,18
2025-12-02T14:00:00-08:00,39,68,16.3
2025-12-02T14:30:00-08:00,40,68,18.6
2025-12-02T15:00:00-08:00,39,69,18.1
2025-12-02T15:30:00-08:00,41,68,20.5
2025-12-02T16:00:00-08:00,43,66,21.2
2025-12-02T16:30:00-08:00,48,64,26.6
2025-12-02T17:00:00-08:00,50,62,28.3
2025-12-02T17:30:00-08:00,52,60,26.4
2025-12-02T18:00:00-08:00,57,59,13.5
2025-12-02T18:30:00-08:00,61,58,11.8
2025-12-02T19:00:00-08:00,64,58,8
2025-12-02T19:30:00-08:00,64,57,7.5
2025-12-02T20:00:00-08:00,64,56,9.9
2025-12-02T20:30:00-08:00,64,56,11.5
2025-12-02T21:00:00-08:00,64,54,12.8
2025-12-02T21:30:00-08:00,63,54,13.1
2025-12-02T22:00:00-08:00,63,53,14.4
2025-12-02T22:30:00-08:00,64,52,16.3
2025-12-02T23:00:00-08:00,64,52,15.9
2025-12-02T23:30:00-08:00,64,51,16.3
2025-12-03T00:00:00-08:00,64,50,17.1
2025-12-03T00:30:00-08:00,64,49,18.8
2025-12-03T01:00:00-08:00,65,49,21.6
2025-12-03T01:30:00-08:00,65,48,28.9
2025-12-03T02:00:00-08:00,65,48,28.7
2025-12-03T02:30:00-08:00,64,48,27.3
2025-12-03T03:00:00-08:00,65,47,26.2
2025-12-03T03:30:00-08:00,64,47,26.4
2025-12-03T04:00:00-08:00,64,46,26.3
2025-12-03T04:30:00-08:00,64,46,26.8
2025-12-03T05:00:00-08:00,64,45,26.6
2025-12-03T05:30:00-08:00,64,45,25.6
2025-12-03T06:00:00-08:00,64,45,25.2
2025-12-03T06:30:00-08:00,64,45,25
2025-12-03T07:00:00-08:00,64,45,23.2
2025-12-03T07:30:00-08:00,64,45,20.7
2025-12-03T08:00:00-08:00,64,47,22.2
2025-12-03T08:30:00-08:00,65,50,21.3
2025-12-03T09:00:00-08:00,62,53,21.2
2025-12-03T09:30:00-08:00,58,56,21
2025-12-03T10:00:00-08:00,52,59,9.8
2025-12-03T10:30:00-08:00,45,60,5.1
2025-12-03T11:00:00-08:00,39,63,3.5
2025-12-03T11:30:00-08:00,38,63,4.7
2025-12-03T12:00:00-08:00,35,65,19.4
2025-12-03T12:30:00-08:00,33,67,11.7
2025-12-03T13:00:00-08:00,32,68,4.6
2025-12-03T13:30:00-08:00,30,68,2.7
2025-12-03T14:00:00-08:00,30,68,14
2025-12-03T14:30:00-08:00,30,68,6.6
2025-12-03T15:00:00-08:00,30,69,6.2
2025-12-03T15:30:00-08:00,31,67,5.3
2025-12-03T16:00:00-08:00,33,65,5.4
2025-12-03T16:30:00-08:00,38,62,3.4
2025-12-03T17:00:00-08:00,41,60,4.5
2025-12-03T17:30:00-08:00,44,57,7.3
2025-12-03T18:00:00-08:00,46,56,8.1
2025-12-03T18:30:00-08:00,47,55,17.3
2025-12-03T19:00:00-08:00,48,54,17.6
2025-12-03T19:30:00-08:00,50,52,15.7
2025-12-03T20:00:00-08:00,51,52,16
2025-12-03T20:30:00-08:00,52,51,18.1
2025-12-03T21:00:00-08:00,53,51,14.7
2025-12-03T21:30:00-08:00,54,50,18.7
2025-12-03T22:00:00-08:00,55,49,21.8
2025-12-03T22:30:00-08:00,55,49,18.8
2025-12-03T23:00:00-08:00,56,48,16.2
2025-12-03T23:30:00-08:00,57,48,17.5
2025-12-04T00:00:00-08:00,57,48,13.7
2025-12-04T00:30:00-08:00,57,48,14.4
2025-12-04T01:00:00-08:00,57,47,10.5
2025-12-04T01:30:00-08:00,57,47,8.3
2025-12-04T02:00:00-08:00,57,47,7.9
2025-12-04T02:30:00-08:00,58,46,6.1
2025-12-04T03:00:00-08:00,59,45,4.5
2025-12-04T03:30:00-08:00,59,45,3.5
2025-12-04T04:00:00-08:00,59,44,3.2
2025-12-04T04:30:00-08:00,59,44,3.8
2025-12-04T05:00:00-08:00,59,44,3.8
2025-12-04T05:30:00-08:00,59,43,4.6
2025-12-04T06:00:00-08:00,60,43,5.3
2025-12-04T06:30:00-08:00,60,42,6
2025-12-04T07:00:00-08:00,60,43,6.6
2025-12-04T07:30:00-08:00,60,43,9.5
2025-12-04T08:00:00-08:00,60,45,10.4
2025-12-04T08:30:00-08:00,61,48,14.9
2025-12-04T09:00:00-08:00,57,51,15.6
2025-12-04T09:30:00-08:00,54,54,20.7
2025-12-04T10:00:00-08:00,50,56,13.9
2025-12-04T10:30:00-08:00,47,58,15.7
2025-12-04T11:00:00-08:00,45,60,17.7
2025-12-04T11:30:00-08:00,45,60,25.6
2025-12-04T12:00:00-08:00,45,61,28.8
2025-12-04T12:30:00-08:00,44,62,24.2
2025-12-04T13:00:00-08:00,43,62,25.6
2025-12-04T13:30:00-08:00,42,63,26.4
2025-12-04T14:00:00-08:00,42,63,26
2025-12-04T14:30:00-08:00,42,63,28.1
2025-12-04T15:00:00-08:00,41,64,27.2
2025-12-04T15:30:00-08:00,42,63,26
2025-12-04T16:00:00-08:00,44,62,27.1
2025-12-04T16:30:00-08:00,45,61,27.6
2025-12-04T17:00:00-08:00,48,58,28.1
2025-12-04T17:30:00-08:00,50,57,29.4
2025-12-04T18:00:00-08:00,51,56,29.6
2025-12-04T18:30:00-08:00,53,54,31.6
2025-12-04T19:00:00-08:00,54,53,33.4
2025-12-04T19:30:00-08:00,55,52,34.5
2025-12-04T20:00:00-08:00,56,52,33.8
2025-12-04T20:30:00-08:00,56,51,37.6
2025-12-04T21:00:00-08:00,57,50,39.5
2025-12-04T21:30:00-08:00,58,50,38.4
2025-12-04T22:00:00-08:00,59,49,38.6
2025-12-04T22:30:00-08:00,59,48,36.3
2025-12-04T23:00:00-08:00,60,48,36.1
2025-12-04T23:30:00-08:00,60,48,36.3
2025-12-05T00:00:00-08:00,60,47,34.5
2025-12-05T00:30:00-08:00,60,47,33.7
2025-12-05T01:00:00-08:00,60,47,32.1
2025-12-05T01:30:00-08:00,60,47,33.5
2025-12-05T02:00:00-08:00,61,47,30.7
2025-12-05T02:30:00-08:00,60,46,27.4
2025-12-05T03:00:00-08:00,61,46,27.6
2025-12-05T03:30:00-08:00,61,46,27.4
2025-12-05T04:00:00-08:00,61,45,26.2
2025-12-05T04:30:00-08:00,61,45,26.7
2025-12-05T05:00:00-08:00,61,45,25.7
2025-12-05T05:30:00-08:00,61,45,25
2025-12-05T06:00:00-08:00,61,44,25.2
2025-12-05T06:30:00-08:00,61,45,27.7
2025-12-05T07:00:00-08:00,61,44,29.5
2025-12-05T07:30:00-08:00,61,45,30
2025-12-05T08:00:00-08:00,62,46,31.1
2025-12-05T08:30:00-08:00,62,49,31.8
2025-12-05T09:00:00-08:00,58,52,32.8
2025-12-05T09:30:00-08:00,53,55,33.2
2025-12-05T10:00:00-08:00,49,57,35.3
2025-12-05T10:30:00-08:00,47,59,36.4
2025-12-05T11:00:00-08:00,45,60,35.6
2025-12-05T11:30:00-08:00,44,62,35.1
2025-12-05T12:00:00-08:00,44,63,36.4
2025-12-05T12:30:00-08:00,44,64,36.6
2025-12-05T13:00:00-08:00,44,64,36.7
2025-12-05T13:30:00-08:00,45,64,36.6
2025-12-05T14:00:00-08:00,46,64,37.4
2025-12-05T14:30:00-08:00,46,64,37.7
2025-12-05T15:00:00-08:00,45,65,35.5
2025-12-05T15:30:00-08:00,46,63,35
2025-12-05T16:00:00-08:00,50,62,34.4
2025-12-05T16:30:00-08:00,52,60,35.7
2025-12-05T17:00:00-08:00,54,58,35.9
2025-12-05T17:30:00-08:00,56,58,37.6
2025-12-05T18:00:00-08:00,58,56,37.4
2025-12-05T18:30:00-08:00,58,56,38.2
2025-12-05T19:00:00-08:00,59,55,40.4
2025-12-05T19:30:00-08:00,59,54,40.3
2025-12-05T20:00:00-08:00,60,53,43.3
2025-12-05T20:30:00-08:00,61,53,44.4
2025-12-05T21:00:00-08:00,61,52,45.9
2025-12-05T21:30:00-08:00,61,51,45
2025-12-05T22:00:00-08:00,61,51,46
2025-12-05T22:30:00-08:00,61,51,44.9
2025-12-05T23:00:00-08:00,61,50,42.2
2025-12-05T23:30:00-08:00,61,50,40.9
2025-12-06T00:00:00-08:00,62,50,39.8
2025-12-06T00:30:00-08:00,62,50,40.4
2025-12-06T01:00:00-08:00,62,50,40.8
2025-12-06T01:30:00-08:00,61,49,40
2025-12-06T02:00:00-08:00,62,50,40
2025-12-06T02:30:00-08:00,61,52,37.2
2025-12-06T03:00:00-08:00,60,52,34.4
2025-12-06T03:30:00-08:00,60,51,30.8
2025-12-06T04:00:00-08:00,60,51,27.6
2025-12-06T04:30:00-08:00,60,51,28.4
2025-12-06T05:00:00-08:00,60,51,27.6
2025-12-06T05:30:00-08:00,60,52,34.5
2025-12-06T06:00:00-08:00,60,52,30.1
2025-12-06T06:30:00-08:00,60,52,32.1
2025-12-06T07:00:00-08:00,59,52,26.4
2025-12-06T07:30:00-08:00,60,51,26.7
2025-12-06T08:00:00-08:00,58,51,29.7
2025-12-06T08:30:00-08:00,58,51,28.5
2025-12-06T09:00:00-08:00,57,53,26.8
2025-12-06T09:30:00-08:00,55,55,29.1
2025-12-06T10:00:00-08:00,54,55,30.4
2025-12-06T10:30:00-08:00,54,57,29.8
2025-12-06T11:00:00-08:00,51,58,31.5
2025-12-06T11:30:00-08:00,51,59,32.4
2025-12-06T12:00:00-08:00,50,59,32.3
2025-12-06T12:30:00-08:00,49,61,31.6
2025-12-06T13:00:00-08:00,48,61,32.4
2025-12-06T13:30:00-08:00,48,61,32.9
2025-12-06T14:00:00-08:00,47,62,32.3
2025-12-06T14:30:00-08:00,47,63,33.4
2025-12-06T15:00:00-08:00,48,63,36.5
2025-12-06T15:30:00-08:00,50,61,35.2
2025-12-06T16:00:00-08:00,53,60,34.1
2025-12-06T16:30:00-08:00,55,58,34.4
2025-12-06T17:00:00-08:00,57,57,36.3
2025-12-06T17:30:00-08:00,59,56,36.8
2025-12-06T18:00:00-08:00,60,55,39.5
2025-12-06T18:30:00-08:00,61,54,39
2025-12-06T19:00:00-08:00,60,53,34.5
2025-12-06T19:30:00-08:00,60,53,33.6
2025-12-06T20:00:00-08:00,60,52,33.9
2025-12-06T20:30:00-08:00,61,51,33.1
2025-12-06T21:00:00-08:00,61,51,34.2
2025-12-06T21:30:00-08:00,61,50,34.3
2025-12-06T22:00:00-08:00,61,49,39.9
2025-12-06T22:30:00-08:00,61,49,39.4
2025-12-06T23:00:00-08:00,62,49,41.3
2025-12-06T23:30:00-08:00,62,48,40.9
2025-12-07T00:00:00-08:00,62,48,38.2
2025-12-07T00:30:00-08:00,62,48,34.2
2025-12-07T01:00:00-08:00,62,48,27.9
2025-12-07T01:30:00-08:00,62,47,25
2025-12-07T02:00:00-08:00,62,47,24.5
2025-12-07T02:30:00-08:00,63,47,25.6
2025-12-07T03:00:00-08:00,64,49,29.1
2025-12-07T03:30:00-08:00,64,50,32
2025-12-07T04:00:00-08:00,65,50,32.4
2025-12-07T04:30:00-08:00,64,51,33.4
2025-12-07T05:00:00-08:00,63,51,26.8
2025-12-07T05:30:00-08:00,64,51,30.8
2025-12-07T06:00:00-08:00,63,51,27
2025-12-07T06:30:00-08:00,63,51,27.1
2025-12-07T07:00:00-08:00,64,51,28.6
2025-12-07T07:30:00-08:00,65,51,29.9
2025-12-07T08:00:00-08:00,64,51,30.5
2025-12-07T08:30:00-08:00,63,52,28.9
2025-12-07T09:00:00-08:00,62,52,28.2
2025-12-07T09:30:00-08:00,61,53,29
2025-12-07T10:00:00-08:00,60,54,28.2
2025-12-07T10:30:00-08:00,58,55,27.3
2025-12-07T11:00:00-08:00,55,56,26.4
2025-12-07T11:30:00-08:00,54,57,28.1
2025-12-07T12:00:00-08:00,53,58,28.3
2025-12-07T12:30:00-08:00,51,60,26.7
2025-12-07T13:00:00-08:00,50,61,29.5
2025-12-07T13:30:00-08:00,49,62,28.6
2025-12-07T14:00:00-08:00,48,62,29.4
2025-12-07T14:30:00-08:00,48,63,28.4
2025-12-07T15:00:00-08:00,49,62,25.2
2025-12-07T15:30:00-08:00,51,61,27.8
2025-12-07T16:00:00-08:00,53,60,31.4
2025-12-07T16:30:00-08:00,55,59,34.2
2025-12-07T17:00:00-08:00,57,57,35.9
2025-12-07T17:30:00-08:00,59,56,38.3
2025-12-07T18:00:00-08:00,59,55,39.7
2025-12-07T18:30:00-08:00,60,54,40.9
2025-12-07T19:00:00-08:00,61,53,41.2
2025-12-07T19:30:00-08:00,61,52,43.2
2025-12-07T20:00:00-08:00,62,51,44.4
2025-12-07T20:30:00-08:00,62,50,44.5
2025-12-07T21:00:00-08:00,62,50,44.8
2025-12-07T21:30:00-08:00,62,49,44.2
2025-12-07T22:00:00-08:00,62,49,42
2025-12-07T22:30:00-08:00,62,48,38.8
2025-12-07T23:00:00-08:00,62,47,41.9
2025-12-07T23:30:00-08:00,62,47,41.5
2025-12-08T00:00:00-08:00,62,46,42.1
2025-12-08T00:30:00-08:00,62,46,40.8
2025-12-08T01:00:00-08:00,62,47,38.1
2025-12-08T01:30:00-08:00,63,47,35.2
2025-12-08T02:00:00-08:00,64,49,32.1
2025-12-08T02:30:00-08:00,65,50,32.6
2025-12-08T03:00:00-08:00,65,51,34.4
2025-12-08T03:30:00-08:00,65,51,34.6
2025-12-08T04:00:00-08:00,65,51,34.5
2025-12-08T04:30:00-08:00,64,51,30.9
2025-12-08T05:00:00-08:00,63,51,29
2025-12-08T05:30:00-08:00,64,51,33.4
2025-12-08T06:00:00-08:00,64,51,31
2025-12-08T06:30:00-08:00,63,51,29.5
2025-12-08T07:00:00-08:00,63,51,30.4
2025-12-08T07:30:00-08:00,63,51,30.6
2025-12-08T08:00:00-08:00,63,51,30.4
2025-12-08T08:30:00-08:00,63,51,30.4
2025-12-08T09:00:00-08:00,62,52,30.5
2025-12-08T09:30:00-08:00,61,53,33.3
2025-12-08T10:00:00-08:00,60,54,33.8
2025-12-08T10:30:00-08:00,58,55,33.9
2025-12-08T11:00:00-08:00,58,55,35.8
2025-12-08T11:30:00-08:00,56,56,37
2025-12-08T12:00:00-08:00,54,57,35.6
2025-12-08T12:30:00-08:00,53,58,31.1
2025-12-08T13:00:00-08:00,53,59,29.1
2025-12-08T13:30:00-08:00,52,60,29.1
2025-12-08T14:00:00-08:00,52,60,28.9
2025-12-08T14:30:00-08:00,51,61,27.6
2025-12-08T15:00:00-08:00,50,62,27.2
2025-12-08T15:30:00-08:00,51,61,27.7
2025-12-08T16:00:00-08:00,53,60,27.5
2025-12-08T16:30:00-08:00,56,58,26.9
2025-12-08T17:00:00-08:00,57,57,28.7
2025-12-08T17:30:00-08:00,59,56,28.3
2025-12-08T18:00:00-08:00,60,55,29.3
2025-12-08T18:30:00-08:00,61,53,35.7
2025-12-08T19:00:00-08:00,61,52,33.1
2025-12-08T19:30:00-08:00,61,52,29.4
2025-12-08T20:00:00-08:00,62,51,30.7
2025-12-08T20:30:00-08:00,62,50,33
2025-12-08T21:00:00-08:00,62,49,33.3
2025-12-08T21:30:00-08:00,62,49,34.5
2025-12-08T22:00:00-08:00,62,48,36.3
2025-12-08T22:30:00-08:00,63,48,29.7
2025-12-08T23:00:00-08:00,62,48,26.6
2025-12-08T23:30:00-08:00,62,47,27.7
2025-12-09T00:00:00-08:00,62,46,25.8
2025-12-09T00:30:00-08:00,63,46,25.3
2025-12-09T01:00:00-08:00,62,46,23.9
2025-12-09T01:30:00-08:00,62,45,24.1
2025-12-09T02:00:00-08:00,62,44,24.9
2025-12-09T02:30:00-08:00,62,44,25.8
2025-12-09T03:00:00-08:00,62,44,26.7
2025-12-09T03:30:00-08:00,62,44,26.2
2025-12-09T04:00:00-08:00,62,44,25.4
2025-12-09T04:30:00-08:00,63,44,26.1
2025-12-09T05:00:00-08:00,63,45,26.3
2025-12-09T05:30:00-08:00,64,47,27.8
2025-12-09T06:00:00-08:00,64,48,30.5
2025-12-09T06:30:00-08:00,65,49,33.7
2025-12-09T07:00:00-08:00,65,49,35.8
2025-12-09T07:30:00-08:00,65,50,34.3
2025-12-09T08:00:00-08:00,64,50,32.2
2025-12-09T08:30:00-08:00,64,51,33
2025-12-09T09:00:00-08:00,63,51,33.1
2025-12-09T09:30:00-08:00,62,52,33.7
2025-12-09T10:00:00-08:00,62,53,33.2
2025-12-09T10:30:00-08:00,58,55,32.4
2025-12-09T11:00:00-08:00,55,57,32.4
2025-12-09T11:30:00-08:00,54,57,32.4
2025-12-09T12:00:00-08:00,53,58,31.6
2025-12-09T12:30:00-08:00,52,60,33.9
2025-12-09T13:00:00-08:00,50,61,34.8
2025-12-09T13:30:00-08:00,49,62,34.1
2025-12-09T14:00:00-08:00,50,62,32.5
2025-12-09T14:30:00-08:00,49,62,33.2
2025-12-09T15:00:00-08:00,50,62,34.2
2025-12-09T15:30:00-08:00,52,61,33.6
2025-12-09T16:00:00-08:00,53,60,32.4
2025-12-09T16:30:00-08:00,56,59,33.6
2025-12-09T17:00:00-08:00,57,57,32.5
2025-12-09T17:30:00-08:00,59,56,32.7
2025-12-09T18:00:00-08:00,60,54,33.6
2025-12-09T18:30:00-08:00,61,53,34.3
2025-12-09T19:00:00-08:00,61,52,35.6
2025-12-09T19:30:00-08:00,61,52,32
2025-12-09T20:00:00-08:00,61,51,29.7
2025-12-09T20:30:00-08:00,61,50,30.7
2025-12-09T21:00:00-08:00,61,49,33.5
2025-12-09T21:30:00-08:00,62,49,33
2025-12-09T22:00:00-08:00,62,48,33.2
2025-12-09T22:30:00-08:00,62,48,33.3
2025-12-09T23:00:00-08:00,62,47,35.3
2025-12-09T23:30:00-08:00,61,47,36.1
2025-12-10T00:00:00-08:00,62,46,36.1
2025-12-10T00:30:00-08:00,62,46,37.6
2025-12-10T01:00:00-08:00,62,45,37.2
2025-12-10T01:30:00-08:00,62,45,36.5
2025-12-10T02:00:00-08:00,62,45,35.6
2025-12-10T02:30:00-08:00,62,45,35.1
2025-12-10T03:00:00-08:00,63,44,35.6
2025-12-10T03:30:00-08:00,62,44,35
2025-12-10T04:00:00-08:00,62,44,34.5
2025-12-10T04:30:00-08:00,62,44,34
2025-12-10T05:00:00-08:00,62,43,33.1
2025-12-10T05:30:00-08:00,62,43,31.5
2025-12-10T06:00:00-08:00,62,43,31
2025-12-10T06:30:00-08:00,62,42,30.2
2025-12-10T07:00:00-08:00,62,43,30
2025-12-10T07:30:00-08:00,63,44,31.2
2025-12-10T08:00:00-08:00,65,47,33.2
2025-12-10T08:30:00-08:00,66,49,34.1
2025-12-10T09:00:00-08:00,65,52,33.4
2025-12-10T09:30:00-08:00,63,53,30.5
2025-12-10T10:00:00-08:00,61,55,32.1
2025-12-10T10:30:00-08:00,58,57,29.5
2025-12-10T11:00:00-08:00,55,58,26.7
2025-12-10T11:30:00-08:00,53,60,27.4
2025-12-10T12:00:00-08:00,51,62,28.7
2025-12-10T12:30:00-08:00,49,63,27
2025-12-10T13:00:00-08:00,48,64,26.6
2025-12-10T13:30:00-08:00,48,64,25.8
2025-12-10T14:00:00-08:00,48,64,27.4
2025-12-10T14:30:00-08:00,48,64,27
2025-12-10T15:00:00-08:00,48,65,25.9
2025-12-10T15:30:00-08:00,49,64,25.8
2025-12-10T16:00:00-08:00,50,62,27.2
2025-12-10T16:30:00-08:00,52,61,27.4
2025-12-10T17:00:00-08:00,55,59,26.9
2025-12-10T17:30:00-08:00,57,57,32.4
2025-12-10T18:00:00-08:00,59,56,31.2
2025-12-10T18:30:00-08:00,60,54,32.6
2025-12-10T19:00:00-08:00,61,53,33.4
2025-12-10T19:30:00-08:00,62,53,35.2
2025-12-10T20:00:00-08:00,61,52,37
2025-12-10T20:30:00-08:00,62,51,40.2
2025-12-10T21:00:00-08:00,62,50,42
2025-12-10T21:30:00-08:00,62,50,41.5
2025-12-10T22:00:00-08:00,62,49,40.1
2025-12-10T22:30:00-08:00,62,49,39.3
2025-12-10T23:00:00-08:00,62,47,37.7
2025-12-10T23:30:00-08:00,62,48,37.5
2025-12-11T00:00:00-08:00,62,47,37.1
2025-12-11T00:30:00-08:00,62,46,36.9
2025-12-11T01:00:00-08:00,62,46,37
2025-12-11T01:30:00-08:00,62,46,45.4
2025-12-11T02:00:00-08:00,61,45,40.1
2025-12-11T02:30:00-08:00,62,45,36.9
2025-12-11T03:00:00-08:00,62,45,35.1
2025-12-11T03:30:00-08:00,62,44,32.6
2025-12-11T04:00:00-08:00,61,44,32.2
2025-12-11T04:30:00-08:00,61,43,32.9
2025-12-11T05:00:00-08:00,62,43,31.6
2025-12-11T05:30:00-08:00,62,43,31.1
2025-12-11T06:00:00-08:00,62,43,31.4
2025-12-11T06:30:00-08:00,62,43,30.3
2025-12-11T07:00:00-08:00,62,43,26.5
2025-12-11T07:30:00-08:00,63,45,25.5
2025-12-11T08:00:00-08:00,64,46,26.3
2025-12-11T08:30:00-08:00,66,49,31.2
2025-12-11T09:00:00-08:00,66,51,33.6
2025-12-11T09:30:00-08:00,65,52,33.4
2025-12-11T10:00:00-08:00,63,53,31
2025-12-11T10:30:00-08:00,60,55,29.3
2025-12-11T11:00:00-08:00,58,55,29.5
2025-12-11T11:30:00-08:00,57,57,31.2
2025-12-11T12:00:00-08:00,54,58,29.1
2025-12-11T12:30:00-08:00,51,60,26.2
2025-12-11T13:00:00-08:00,49,62,24.4
2025-12-11T13:30:00-08:00,47,64,24.4
2025-12-11T14:00:00-08:00,47,64,27.2
2025-12-11T14:30:00-08:00,47,64,27.5
2025-12-11T15:00:00-08:00,47,64,29.8
2025-12-11T15:30:00-08:00,49,63,30.8
2025-12-11T16:00:00-08:00,50,62,29.9
2025-12-11T16:30:00-08:00,53,61,28.5
2025-12-11T17:00:00-08:00,55,58,30
2025-12-11T17:30:00-08:00,57,56,30.2
2025-12-11T18:00:00-08:00,59,54,35.2
2025-12-11T18:30:00-08:00,60,53,35.8
2025-12-11T19:00:00-08:00,61,52,35
2025-12-11T19:30:00-08:00,61,51,37.3
2025-12-11T20:00:00-08:00,61,50,40.9
2025-12-11T20:30:00-08:00,61,50,44.8
2025-12-11T21:00:00-08:00,62,49,51.2
2025-12-11T21:30:00-08:00,61,48,45.2
2025-12-11T22:00:00-08:00,61,48,42.3
2025-12-11T22:30:00-08:00,61,47,39.1
2025-12-11T23:00:00-08:00,62,47,38.5
2025-12-11T23:30:00-08:00,62,46,39.1
2025-12-12T00:00:00-08:00,62,46,38.8
2025-12-12T00:30:00-08:00,62,45,36.3
2025-12-12T01:00:00-08:00,62,45,32.7
2025-12-12T01:30:00-08:00,62,44,28.6
2025-12-12T02:00:00-08:00,62,44,28.6
2025-12-12T02:30:00-08:00,62,43,26.8
2025-12-12T03:00:00-08:00,62,43,25.3
2025-12-12T03:30:00-08:00,62,43,22.7
2025-12-12T04:00:00-08:00,62,43,19.4
2025-12-12T04:30:00-08:00,63,42,18.1
2025-12-12T05:00:00-08:00,63,42,17.1
2025-12-12T05:30:00-08:00,62,42,16.7
2025-12-12T06:00:00-08:00,62,42,18.8
2025-12-12T06:30:00-08:00,62,41,21.2
2025-12-12T07:00:00-08:00,62,41,24.6
2025-12-12T07:30:00-08:00,62,41,25
2025-12-12T08:00:00-08:00,64,42,27.2
2025-12-12T08:30:00-08:00,66,45,20.3
2025-12-12T09:00:00-08:00,66,49,14.8
2025-12-12T09:30:00-08:00,62,52,16
2025-12-12T10:00:00-08:00,57,54,14.1
2025-12-12T10:30:00-08:00,54,56,13.6
2025-12-12T11:00:00-08:00,53,58,14
2025-12-12T11:30:00-08:00,51,58,16
2025-12-12T12:00:00-08:00,50,60,16.6
2025-12-12T12:30:00-08:00,49,61,17.7
2025-12-12T13:00:00-08:00,47,62,16.3
2025-12-12T13:30:00-08:00,46,63,14.3
2025-12-12T14:00:00-08:00,45,63,12.6
2025-12-12T14:30:00-08:00,44,64,11.8
2025-12-12T15:00:00-08:00,44,64,11.9
2025-12-12T15:30:00-08:00,45,63,12.1
2025-12-12T16:00:00-08:00,49,61,13.6
2025-12-12T16:30:00-08:00,51,59,15.1
2025-12-12T17:00:00-08:00,54,57,16
2025-12-12T17:30:00-08:00,56,55,15.7
2025-12-12T18:00:00-08:00,58,53,16.7
2025-12-12T18:30:00-08:00,58,52,14.2
2025-12-12T19:00:00-08:00,59,51,15.1
2025-12-12T19:30:00-08:00,59,50,12.7
2025-12-12T20:00:00-08:00,60,49,15.1
2025-12-12T20:30:00-08:00,60,48,17.2
2025-12-12T21:00:00-08:00,60,48,16.8
2025-12-12T21:30:00-08:00,60,47,19.6
2025-12-12T22:00:00-08:00,60,46,24.7
2025-12-12T22:30:00-08:00,61,46,19.9
2025-12-12T23:00:00-08:00,61,46,19.9
2025-12-12T23:30:00-08:00,61,45,20.1
2025-12-13T00:00:00-08:00,61,45,21
2025-12-13T00:30:00-08:00,61,44,22.2
2025-12-13T01:00:00-08:00,61,44,22.2
2025-12-13T01:30:00-08:00,61,43,22.4
2025-12-13T02:00:00-08:00,61,43,21.7
2025-12-13T02:30:00-08:00,61,42,21
2025-12-13T03:00:00-08:00,61,42,21.1
2025-12-13T03:30:00-08:00,61,41,21
2025-12-13T04:00:00-08:00,61,41,21.5
2025-12-13T04:30:00-08:00,61,41,21.6
2025-12-13T05:00:00-08:00,61,41,21.8
2025-12-13T05:30:00-08:00,61,40,22.4
2025-12-13T06:00:00-08:00,61,40,23
2025-12-13T06:30:00-08:00,61,40,25
2025-12-13T07:00:00-08:00,61,40,24.7
2025-12-13T07:30:00-08:00,61,40,28.7
2025-12-13T08:00:00-08:00,62,42,33.3
2025-12-13T08:30:00-08:00,64,44,22.5
2025-12-13T09:00:00-08:00,64,47,16
2025-12-13T09:30:00-08:00,61,50,16.8
2025-12-13T10:00:00-08:00,59,52,25.2
2025-12-13T10:30:00-08:00,58,54,26
2025-12-13T11:00:00-08:00,56,55,26.1
2025-12-13T11:30:00-08:00,53,57,23.7
2025-12-13T12:00:00-08:00,50,58,15.4
2025-12-13T12:30:00-08:00,47,59,13.4
2025-12-13T13:00:00-08:00,46,61,13.5
2025-12-13T13:30:00-08:00,45,62,13.7
2025-12-13T14:00:00-08:00,47,61,13.2
2025-12-13T14:30:00-08:00,48,61,13.8
2025-12-13T15:00:00-08:00,49,61,17.6
2025-12-13T15:30:00-08:00,50,60,18.6
2025-12-13T16:00:00-08:00,50,59,21
2025-12-13T16:30:00-08:00,51,58,21.7
2025-12-13T17:00:00-08:00,53,56,25.6
2025-12-13T17:30:00-08:00,55,55,25.6
2025-12-13T18:00:00-08:00,57,53,31.1
2025-12-13T18:30:00-08:00,58,53,34.9
2025-12-13T19:00:00-08:00,59,52,34.5
2025-12-13T19:30:00-08:00,60,51,34.4
2025-12-13T20:00:00-08:00,60,50,37.3
2025-12-13T20:30:00-08:00,60,49,41.9
2025-12-13T21:00:00-08:00,61,49,41.6
2025-12-13T21:30:00-08:00,60,49,37.5
2025-12-13T22:00:00-08:00,61,48,37.7
2025-12-13T22:30:00-08:00,61,48,39.6
2025-12-13T23:00:00-08:00,62,47,38.9
2025-12-13T23:30:00-08:00,62,47,35.4
2025-12-14T00:00:00-08:00,62,46,36.6
2025-12-14T00:30:00-08:00,62,46,36.5
2025-12-14T01:00:00-08:00,62,46,34.3
2025-12-14T01:30:00-08:00,63,47,32.3
2025-12-14T02:00:00-08:00,63,49,27.2
2025-12-14T02:30:00-08:00,64,49,21.8
2025-12-14T03:00:00-08:00,63,50,22.8
2025-12-14T03:30:00-08:00,63,51,26.3
2025-12-14T04:00:00-08:00,62,51,25.3
2025-12-14T04:30:00-08:00,62,51,24.6
2025-12-14T05:00:00-08:00,62,51,26.6
2025-12-14T05:30:00-08:00,62,51,26.1
2025-12-14T06:00:00-08:00,61,51,22.1
2025-12-14T06:30:00-08:00,62,51,23.3
2025-12-14T07:00:00-08:00,62,51,20.6
2025-12-14T07:30:00-08:00,62,51,21.6
2025-12-14T08:00:00-08:00,63,52,24.1
2025-12-14T08:30:00-08:00,62,53,24.4
2025-12-14T09:00:00-08:00,62,54,27.6
2025-12-14T09:30:00-08:00,61,54,31.6
2025-12-14T10:00:00-08:00,60,56,31.9
2025-12-14T10:30:00-08:00,58,55,24.3
2025-12-14T11:00:00-08:00,57,56,22.8
2025-12-14T11:30:00-08:00,56,57,27.9
2025-12-14T12:00:00-08:00,54,58,30.3
2025-12-14T12:30:00-08:00,52,60,32.6
2025-12-14T13:00:00-08:00,51,61,33.5
2025-12-14T13:30:00-08:00,52,60,33.2
2025-12-14T14:00:00-08:00,52,61,31.7
2025-12-14T14:30:00-08:00,51,61,31
2025-12-14T15:00:00-08:00,51,60,30.9
2025-12-14T15:30:00-08:00,53,59,31.9
2025-12-14T16:00:00-08:00,56,57,33.2
2025-12-14T16:30:00-08:00,58,56,34.2
2025-12-14T17:00:00-08:00,59,54,35.6
2025-12-14T17:30:00-08:00,60,53,35.4
2025-12-14T18:00:00-08:00,61,52,32.5
2025-12-14T18:30:00-08:00,61,51,34.7
2025-12-14T19:00:00-08:00,62,50,36.4
2025-12-14T19:30:00-08:00,62,50,39.8
2025-12-14T20:00:00-08:00,62,49,42
2025-12-14T20:30:00-08:00,62,49,45.8
2025-12-14T21:00:00-08:00,63,49,38.9
2025-12-14T21:30:00-08:00,62,48,37
2025-12-14T22:00:00-08:00,63,48,38.8
2025-12-14T22:30:00-08:00,62,47,39.7
2025-12-14T23:00:00-08:00,62,46,38.9
2025-12-14T23:30:00-08:00,63,46,39
2025-12-15T00:00:00-08:00,63,46,39.7
2025-12-15T00:30:00-08:00,62,45,39.1
2025-12-15T01:00:00-08:00,62,45,38.4
2025-12-15T01:30:00-08:00,63,46,38.1
2025-12-15T02:00:00-08:00,64,48,37.6
2025-12-15T02:30:00-08:00,64,49,36.4
2025-12-15T03:00:00-08:00,64,49,34.2
2025-12-15T03:30:00-08:00,64,49,31.8
2025-12-15T04:00:00-08:00,64,50,33.3
2025-12-15T04:30:00-08:00,64,50,32.4
2025-12-15T05:00:00-08:00,63,50,29.8
2025-12-15T05:30:00-08:00,63,50,31.7
2025-12-15T06:00:00-08:00,63,50,34.6
2025-12-15T06:30:00-08:00,64,50,35.8
2025-12-15T07:00:00-08:00,65,50,34.3
2025-12-15T07:30:00-08:00,65,49,27
2025-12-15T08:00:00-08:00,64,49,23.3
2025-12-15T08:30:00-08:00,62,50,19.4
2025-12-15T09:00:00-08:00,62,51,25.3
2025-12-15T09:30:00-08:00,61,53,29.9
2025-12-15T10:00:00-08:00,60,53,34.9
2025-12-15T10:30:00-08:00,59,54,35.9
2025-12-15T11:00:00-08:00,57,56,32.8
2025-12-15T11:30:00-08:00,55,57,31
2025-12-15T12:00:00-08:00,53,58,32.2
2025-12-15T12:30:00-08:00,52,59,32.9
2025-12-15T13:00:00-08:00,50,60,32.8
2025-12-15T13:30:00-08:00,49,61,33.9
2025-12-15T14:00:00-08:00,48,62,33.1
2025-12-15T14:30:00-08:00,49,62,33.4
2025-12-15T15:00:00-08:00,49,62,33.4
2025-12-15T15:30:00-08:00,50,61,33.9
2025-12-15T16:00:00-08:00,52,59,35.1
2025-12-15T16:30:00-08:00,53,59,33.8
2025-12-15T17:00:00-08:00,54,58,32.6
2025-12-15T17:30:00-08:00,55,57,33.3
2025-12-15T18:00:00-08:00,56,56,33.6
2025-12-15T18:30:00-08:00,57,55,34.6
2025-12-15T19:00:00-08:00,58,55,35.4
2025-12-15T19:30:00-08:00,59,54,37.5
2025-12-15T20:00:00-08:00,59,54,46.9
2025-12-15T20:30:00-08:00,60,53,42.4
2025-12-15T21:00:00-08:00,60,53,41.3
2025-12-15T21:30:00-08:00,60,53,41.8
2025-12-15T22:00:00-08:00,61,52,43.1
2025-12-15T22:30:00-08:00,61,51,42.4
2025-12-15T23:00:00-08:00,62,51,40.2
2025-12-15T23:30:00-08:00,62,51,39.7
2025-12-16T00:00:00-08:00,62,51,38.2
2025-12-16T00:30:00-08:00,62,50,34.9
2025-12-16T01:00:00-08:00,62,50,32.2
2025-12-16T01:30:00-08:00,62,50,31.1
2025-12-16T02:00:00-08:00,62,49,29.9
2025-12-16T02:30:00-08:00,62,49,30.4
2025-12-16T03:00:00-08:00,62,50,30.9
2025-12-16T03:30:00-08:00,62,49,29.8
2025-12-16T04:00:00-08:00,63,49,28.6
2025-12-16T04:30:00-08:00,62,49,27.8
2025-12-16T05:00:00-08:00,62,49,28.4
2025-12-16T05:30:00-08:00,62,50,28.3
2025-12-16T06:00:00-08:00,62,50,27.6
2025-12-16T06:30:00-08:00,63,50,27.6
2025-12-16T07:00:00-08:00,64,50,28.5
2025-12-16T07:30:00-08:00,63,50,29
2025-12-16T08:00:00-08:00,65,51,30.2
2025-12-16T08:30:00-08:00,64,53,26
2025-12-16T09:00:00-08:00,58,55,16.2
2025-12-16T09:30:00-08:00,54,58,14
2025-12-16T10:00:00-08:00,51,59,13.4
2025-12-16T10:30:00-08:00,49,61,13.6
2025-12-16T11:00:00-08:00,49,62,15.4
2025-12-16T11:30:00-08:00,47,65,23.9
2025-12-16T12:00:00-08:00,46,66,22.1
2025-12-16T12:30:00-08:00,44,67,17.9
2025-12-16T13:00:00-08:00,44,67,22.3
2025-12-16T13:30:00-08:00,44,68,22.6
2025-12-16T14:00:00-08:00,44,69,21
2025-12-16T14:30:00-08:00,44,68,22.4
2025-12-16T15:00:00-08:00,46,66,26.5
2025-12-16T15:30:00-08:00,47,65,26
2025-12-16T16:00:00-08:00,48,64,25.7
2025-12-16T16:30:00-08:00,49,63,25.2
2025-12-16T17:00:00-08:00,50,62,27.5
2025-12-16T17:30:00-08:00,52,61,26
2025-12-16T18:00:00-08:00,54,59,27.9
2025-12-16T18:30:00-08:00,56,59,32.2
2025-12-16T19:00:00-08:00,57,58,32.3
2025-12-16T19:30:00-08:00,57,59,34.1
2025-12-16T20:00:00-08:00,57,60,31.7
2025-12-16T20:30:00-08:00,57,59,24.5
2025-12-16T21:00:00-08:00,57,59,22
2025-12-16T21:30:00-08:00,58,59,27
2025-12-16T22:00:00-08:00,58,59,27.6
2025-12-16T22:30:00-08:00,58,58,26.8
2025-12-16T23:00:00-08:00,60,57,29.4
2025-12-16T23:30:00-08:00,60,58,30.4
2025-12-17T00:00:00-08:00,60,59,31.1
2025-12-17T00:30:00-08:00,60,59,26.8
2025-12-17T01:00:00-08:00,59,60,24.6
2025-12-17T01:30:00-08:00,59,60,21
2025-12-17T02:00:00-08:00,59,60,19.4
2025-12-17T02:30:00-08:00,59,61,21.5
2025-12-17T03:00:00-08:00,61,60,23.3
2025-12-17T03:30:00-08:00,63,60,25.8
2025-12-17T04:00:00-08:00,63,60,26.6
2025-12-17T04:30:00-08:00,64,61,26.7
2025-12-17T05:00:00-08:00,64,61,26.9
2025-12-17T05:30:00-08:00,65,61,28.9
2025-12-17T06:00:00-08:00,65,60,29.9
2025-12-17T06:30:00-08:00,65,61,30
2025-12-17T07:00:00-08:00,64,61,28.7
2025-12-17T07:30:00-08:00,65,61,29.1
2025-12-17T08:00:00-08:00,67,61,30.7
2025-12-17T08:30:00-08:00,68,61,30
2025-12-17T09:00:00-08:00,70,62,25.8
2025-12-17T09:30:00-08:00,71,62,23.8
2025-12-17T10:00:00-08:00,71,63,22.8
2025-12-17T10:30:00-08:00,71,64,19.2
2025-12-17T11:00:00-08:00,70,66,19.7
2025-12-17T11:30:00-08:00,70,67,17
2025-12-17T12:00:00-08:00,69,68,16.7
2025-12-17T12:30:00-08:00,69,69,14.4
2025-12-17T13:00:00-08:00,64,71,5.3
2025-12-17T13:30:00-08:00,59,73,0.6
2025-12-17T14:00:00-08:00,58,72,3.3
2025-12-17T14:30:00-08:00,60,70,3
2025-12-17T15:00:00-08:00,61,69,0.2
2025-12-17T15:30:00-08:00,61,69,0.4
2025-12-17T16:00:00-08:00,62,68,0.1
2025-12-17T16:30:00-08:00,64,66,0.8
2025-12-17T17:00:00-08:00,64,64,1.3
2025-12-17T17:30:00-08:00,66,63,2.5
2025-12-17T18:00:00-08:00,66,61,2.5
2025-12-17T18:30:00-08:00,66,60,3.5
2025-12-17T19:00:00-08:00,67,60,6.1
2025-12-17T19:30:00-08:00,66,60,4.9
2025-12-17T20:00:00-08:00,64,60,3.1
2025-12-17T20:30:00-08:00,63,61,5.5
2025-12-17T21:00:00-08:00,61,59,3.4
2025-12-17T21:30:00-08:00,63,58,4
2025-12-17T22:00:00-08:00,64,56,4.1
2025-12-17T22:30:00-08:00,65,55,5
2025-12-17T23:00:00-08:00,65,55,5.5
2025-12-17T23:30:00-08:00,66,54,5.9
2025-12-18T00:00:00-08:00,66,53,4.4
2025-12-18T00:30:00-08:00,66,53,5.5
2025-12-18T01:00:00-08:00,66,52,5.9
2025-12-18T01:30:00-08:00,67,53,5.9
2025-12-18T02:00:00-08:00,67,55,6.5
2025-12-18T02:30:00-08:00,67,55,7.6
2025-12-18T03:00:00-08:00,69,56,11.4
2025-12-18T03:30:00-08:00,69,57,15.5
2025-12-18T04:00:00-08:00,68,58,16.2
2025-12-18T04:30:00-08:00,69,58,16.6
2025-12-18T05:00:00-08:00,68,58,17.9
2025-12-18T05:30:00-08:00,68,58,16.5
2025-12-18T06:00:00-08:00,68,58,15.3
2025-12-18T06:30:00-08:00,68,58,13.9
2025-12-18T07:00:00-08:00,68,58,21.6
2025-12-18T07:30:00-08:00,68,58,20
2025-12-18T08:00:00-08:00,68,58,17.9
2025-12-18T08:30:00-08:00,67,59,11.9
2025-12-18T09:00:00-08:00,67,59,19.9
2025-12-18T09:30:00-08:00,65,60,21.4
2025-12-18T10:00:00-08:00,63,62,17.6
2025-12-18T10:30:00-08:00,62,62,18.4
2025-12-18T11:00:00-08:00,60,64,17.7
2025-12-18T11:30:00-08:00,58,64,20.5
2025-12-18T12:00:00-08:00,57,64,22.2
2025-12-18T12:30:00-08:00,57,64,18.6
2025-12-18T13:00:00-08:00,56,65,14.6
2025-12-18T13:30:00-08:00,55,65,16.6
2025-12-18T14:00:00-08:00,55,66,18.3
2025-12-18T14:30:00-08:00,55,66,19.9
2025-12-18T15:00:00-08:00,54,65,16.2
2025-12-18T15:30:00-08:00,54,65,17.1
2025-12-18T16:00:00-08:00,56,64,19.1
2025-12-18T16:30:00-08:00,58,62,20.7
2025-12-18T17:00:00-08:00,60,61,25.9
2025-12-18T17:30:00-08:00,62,59,27.6
2025-12-18T18:00:00-08:00,63,58,31.3
2025-12-18T18:30:00-08:00,64,57,33.3
2025-12-18T19:00:00-08:00,64,57,33.6
2025-12-18T19:30:00-08:00,64,56,33.6
2025-12-18T20:00:00-08:00,65,56,33.7
2025-12-18T20:30:00-08:00,65,57,33.3
2025-12-18T21:00:00-08:00,64,58,29.9
2025-12-18T21:30:00-08:00,64,59,28.1
2025-12-18T22:00:00-08:00,64,59,29.2
2025-12-18T22:30:00-08:00,65,59,34.6
2025-12-18T23:00:00-08:00,67,59,35.2
2025-12-18T23:30:00-08:00,68,59,32.8
2025-12-19T00:00:00-08:00,68,59,32.3
2025-12-19T00:30:00-08:00,67,59,34
2025-12-19T01:00:00-08:00,66,60,34.5
2025-12-19T01:30:00-08:00,66,60,32.5
2025-12-19T02:00:00-08:00,65,60,32
2025-12-19T02:30:00-08:00,65,59,30.9
2025-12-19T03:00:00-08:00,65,59,29.3
2025-12-19T03:30:00-08:00,65,59,28.6
2025-12-19T04:00:00-08:00,65,59,30.2
2025-12-19T04:30:00-08:00,66,60,26.1
2025-12-19T05:00:00-08:00,66,60,22.7
2025-12-19T05:30:00-08:00,66,60,22.9
2025-12-19T06:00:00-08:00,65,60,25.2
2025-12-19T06:30:00-08:00,65,60,25.6
2025-12-19T07:00:00-08:00,65,60,25.6
2025-12-19T07:30:00-08:00,65,59,25.8
2025-12-19T08:00:00-08:00,65,59,24.9
2025-12-19T08:30:00-08:00,64,60,25.6
2025-12-19T09:00:00-08:00,62,61,21.6
2025-12-19T09:30:00-08:00,59,63,18.2
2025-12-19T10:00:00-08:00,56,66,12.4
2025-12-19T10:30:00-08:00,52,68,8.3
2025-12-19T11:00:00-08:00,49,69,5.9
2025-12-19T11:30:00-08:00,48,70,4.5
2025-12-19T12:00:00-08:00,45,71,1.7
2025-12-19T12:30:00-08:00,44,72,2.6
2025-12-19T13:00:00-08:00,44,72,3.7
2025-12-19T13:30:00-08:00,44,72,3.4
2025-12-19T14:00:00-08:00,46,71,0.6
2025-12-19T14:30:00-08:00,48,71,0.1
2025-12-19T15:00:00-08:00,49,70,3.2
2025-12-19T15:30:00-08:00,52,69,0.2
2025-12-19T16:00:00-08:00,55,68,0.1
2025-12-19T16:30:00-08:00,57,68,0.1
2025-12-19T17:00:00-08:00,58,67,0.1
2025-12-19T17:30:00-08:00,59,67,0.6
2025-12-19T18:00:00-08:00,60,67,0.8
2025-12-19T18:30:00-08:00,60,68,1
2025-12-19T19:00:00-08:00,61,67,1.1
2025-12-19T19:30:00-08:00,65,66,3.3
2025-12-19T20:00:00-08:00,68,65,3.9
2025-12-19T20:30:00-08:00,70,65,2.6
2025-12-19T21:00:00-08:00,71,65,3.6
2025-12-19T21:30:00-08:00,71,64,6.1
2025-12-19T22:00:00-08:00,71,64,6.3
2025-12-19T22:30:00-08:00,70,64,5.6
2025-12-19T23:00:00-08:00,69,65,5.6
2025-12-19T23:30:00-08:00,69,65,7
2025-12-20T00:00:00-08:00,69,65,6.6
2025-12-20T00:30:00-08:00,69,65,5.9
2025-12-20T01:00:00-08:00,69,65,5
2025-12-20T01:30:00-08:00,69,65,4.1
2025-12-20T02:00:00-08:00,70,65,4.2
2025-12-20T02:30:00-08:00,70,65,4.4
2025-12-20T03:00:00-08:00,70,65,4.4
2025-12-20T03:30:00-08:00,70,65,3.8
2025-12-20T04:00:00-08:00,70,65,3.4
2025-12-20T04:30:00-08:00,70,65,3.9
2025-12-20T05:00:00-08:00,70,65,4.3
2025-12-20T05:30:00-08:00,70,65,4.5
2025-12-20T06:00:00-08:00,70,65,2.8
2025-12-20T06:30:00-08:00,70,65,3
2025-12-20T07:00:00-08:00,70,65,3
2025-12-20T07:30:00-08:00,70,64,2.6
2025-12-20T08:00:00-08:00,70,65,2.5
2025-12-20T08:30:00-08:00,71,65,3.1
2025-12-20T09:00:00-08:00,70,65,3.4
2025-12-20T09:30:00-08:00,69,67,3.6
2025-12-20T10:00:00-08:00,67,67,2.7
2025-12-20T10:30:00-08:00,66,68,3.2
2025-12-20T11:00:00-08:00,65,69,3.4
2025-12-20T11:30:00-08:00,63,69,3.5
2025-12-20T12:00:00-08:00,62,70,3.2
2025-12-20T12:30:00-08:00,62,70,3.3
2025-12-20T13:00:00-08:00,62,70,3.5
2025-12-20T13:30:00-08:00,62,70,4.3
2025-12-20T14:00:00-08:00,63,71,8.1
2025-12-20T14:30:00-08:00,62,71,10.3
2025-12-20T15:00:00-08:00,62,71,10
2025-12-20T15:30:00-08:00,64,70,10.7
2025-12-20T16:00:00-08:00,64,70,7.1
2025-12-20T16:30:00-08:00,66,69,6.6
2025-12-20T17:00:00-08:00,67,68,13.3
2025-12-20T17:30:00-08:00,68,68,26.5
2025-12-20T18:00:00-08:00,68,68,26.8
2025-12-20T18:30:00-08:00,68,68,24.6
2025-12-20T19:00:00-08:00,68,68,22
2025-12-20T19:30:00-08:00,68,67,15
2025-12-20T20:00:00-08:00,69,67,16.3
2025-12-20T20:30:00-08:00,69,67,21.8
2025-12-20T21:00:00-08:00,69,66,20.6
2025-12-20T21:30:00-08:00,70,66,20.3
2025-12-20T22:00:00-08:00,70,67,24.2
2025-12-20T22:30:00-08:00,69,67,35.7
2025-12-20T23:00:00-08:00,69,67,9.7
2025-12-20T23:30:00-08:00,68,67,0.3
2025-12-21T00:00:00-08:00,66,67,0.1
2025-12-21T00:30:00-08:00,66,67,0
2025-12-21T01:00:00-08:00,65,68,0.7
2025-12-21T01:30:00-08:00,65,68,0.1
2025-12-21T02:00:00-08:00,65,68,0
2025-12-21T02:30:00-08:00,65,68,0
2025-12-21T03:00:00-08:00,65,67,0
2025-12-21T03:30:00-08:00,65,67,0
2025-12-21T04:00:00-08:00,65,67,0
2025-12-21T04:30:00-08:00,65,67,0
2025-12-21T05:00:00-08:00,65,67,0
2025-12-21T05:30:00-08:00,66,67,0
2025-12-21T06:00:00-08:00,67,67,0.1
2025-12-21T06:30:00-08:00,68,67,0.1
2025-12-21T07:00:00-08:00,69,66,0
2025-12-21T07:30:00-08:00,68,66,0.1
2025-12-21T08:00:00-08:00,66,67,0.3
2025-12-21T08:30:00-08:00,65,68,0.1
2025-12-21T09:00:00-08:00,63,69,0.1
2025-12-21T09:30:00-08:00,60,70,0
2025-12-21T10:00:00-08:00,58,70,0
2025-12-21T10:30:00-08:00,57,71,0
2025-12-21T11:00:00-08:00,56,72,0
2025-12-21T11:30:00-08:00,56,72,0
2025-12-21T12:00:00-08:00,57,71,0
2025-12-21T12:30:00-08:00,58,70,0
2025-12-21T13:00:00-08:00,58,69,0.1
2025-12-21T13:30:00-08:00,56,70,0.1
2025-12-21T14:00:00-08:00,57,70,0
2025-12-21T14:30:00-08:00,57,70,0
2025-12-21T15:00:00-08:00,57,69,0
2025-12-21T15:30:00-08:00,57,69,0
2025-12-21T16:00:00-08:00,57,68,0.1
2025-12-21T16:30:00-08:00,58,68,0.7
2025-12-21T17:00:00-08:00,61,67,0.7
2025-12-21T17:30:00-08:00,59,66,0.8
2025-12-21T18:00:00-08:00,59,66,1.2
2025-12-21T18:30:00-08:00,58,66,1.5
2025-12-21T19:00:00-08:00,58,66,1.8
2025-12-21T19:30:00-08:00,59,66,1.5
2025-12-21T20:00:00-08:00,59,66,1.1
2025-12-21T20:30:00-08:00,58,66,0.7
2025-12-21T21:00:00-08:00,58,66,0.8
2025-12-21T21:30:00-08:00,60,66,0.5
2025-12-21T22:00:00-08:00,61,65,0.8
2025-12-21T22:30:00-08:00,60,66,1
2025-12-21T23:00:00-08:00,60,65,1.2
2025-12-21T23:30:00-08:00,61,66,1.7
2025-12-22T00:00:00-08:00,59,66,1.7
2025-12-22T00:30:00-08:00,58,66,1.9
2025-12-22T01:00:00-08:00,60,66,1.8
2025-12-22T01:30:00-08:00,60,66,1.7
2025-12-22T02:00:00-08:00,60,66,1.6
2025-12-22T02:30:00-08:00,60,65,1.3
2025-12-22T03:00:00-08:00,58,65,1
2025-12-22T03:30:00-08:00,58,65,0.9
2025-12-22T04:00:00-08:00,58,65,1.1
2025-12-22T04:30:00-08:00,58,65,0.8
2025-12-22T05:00:00-08:00,58,64,0.6
2025-12-22T05:30:00-08:00,58,65,0.5
2025-12-22T06:00:00-08:00,58,64,0.7
2025-12-22T06:30:00-08:00,58,65,1.4
2025-12-22T07:00:00-08:00,58,65,1.8
2025-12-22T07:30:00-08:00,57,66,2.3
2025-12-22T08:00:00-08:00,62,65,2.9
2025-12-22T08:30:00-08:00,65,64,2.7
2025-12-22T09:00:00-08:00,66,64,3.8
2025-12-22T09:30:00-08:00,67,64,4.2
2025-12-22T10:00:00-08:00,67,65,10.5
2025-12-22T10:30:00-08:00,67,65,2.7
2025-12-22T11:00:00-08:00,65,67,1.7
2025-12-22T11:30:00-08:00,61,69,2.5
2025-12-22T12:00:00-08:00,56,70,0.6
2025-12-22T12:30:00-08:00,54,71,0.7
2025-12-22T13:00:00-08:00,51,73,0.4
2025-12-22T13:30:00-08:00,50,73,0.4
2025-12-22T14:00:00-08:00,51,73,0.5
2025-12-22T14:30:00-08:00,51,73,0.9
2025-12-22T15:00:00-08:00,52,72,0.8
2025-12-22T15:30:00-08:00,53,71,0.8
2025-12-22T16:00:00-08:00,55,70,1.1
2025-12-22T16:30:00-08:00,57,69,1.6
2025-12-22T17:00:00-08:00,59,68,2.1
2025-12-22T17:30:00-08:00,62,66,2.6
2025-12-22T18:00:00-08:00,63,67,4.1
2025-12-22T18:30:00-08:00,63,66,7.1
2025-12-22T19:00:00-08:00,65,65,8.1
2025-12-22T19:30:00-08:00,65,65,8.5
2025-12-22T20:00:00-08:00,65,66,8.2
2025-12-22T20:30:00-08:00,65,66,7.6
2025-12-22T21:00:00-08:00,65,66,7.7
2025-12-22T21:30:00-08:00,65,66,9.2
2025-12-22T22:00:00-08:00,65,66,8.1
2025-12-22T22:30:00-08:00,65,65,7.2
2025-12-22T23:00:00-08:00,65,65,6.3
2025-12-22T23:30:00-08:00,65,65,5.2
2025-12-23T00:00:00-08:00,65,65,5.3
2025-12-23T00:30:00-08:00,66,65,4.5
2025-12-23T01:00:00-08:00,66,65,4.4
2025-12-23T01:30:00-08:00,66,65,4.5
2025-12-23T02:00:00-08:00,67,64,5.3
2025-12-23T02:30:00-08:00,67,63,5.4
2025-12-23T03:00:00-08:00,67,63,8.6
2025-12-23T03:30:00-08:00,68,61,9.1
2025-12-23T04:00:00-08:00,68,62,9.3
2025-12-23T04:30:00-08:00,68,62,9
2025-12-23T05:00:00-08:00,68,62,7.7
2025-12-23T05:30:00-08:00,69,61,6.6
2025-12-23T06:00:00-08:00,69,61,6
2025-12-23T06:30:00-08:00,69,60,4.8
2025-12-23T07:00:00-08:00,70,60,4.4
2025-12-23T07:30:00-08:00,69,61,4.1
2025-12-23T08:00:00-08:00,66,62,4.1
2025-12-23T08:30:00-08:00,64,63,5
2025-12-23T09:00:00-08:00,62,63,3.8
2025-12-23T09:30:00-08:00,62,64,4.1
2025-12-23T10:00:00-08:00,60,65,3.6
2025-12-23T10:30:00-08:00,57,65,3.6
2025-12-23T11:00:00-08:00,54,66,3.2
2025-12-23T11:30:00-08:00,51,67,3
2025-12-23T12:00:00-08:00,50,68,2.8
2025-12-23T12:30:00-08:00,48,69,4.2
2025-12-23T13:00:00-08:00,46,70,2.4
2025-12-23T13:30:00-08:00,46,69,2.5
2025-12-23T14:00:00-08:00,46,70,2.7
2025-12-23T14:30:00-08:00,46,70,2.4
2025-12-23T15:00:00-08:00,46,70,2.3
2025-12-23T15:30:00-08:00,47,70,2.6
2025-12-23T16:00:00-08:00,47,69,2.6
2025-12-23T16:30:00-08:00,48,68,2.9
2025-12-23T17:00:00-08:00,50,68,2.9
2025-12-23T17:30:00-08:00,52,66,3.6
2025-12-23T18:00:00-08:00,55,65,2.8
2025-12-23T18:30:00-08:00,59,63,3.2
2025-12-23T19:00:00-08:00,60,64,2.2
2025-12-23T19:30:00-08:00,62,64,1.9
2025-12-23T20:00:00-08:00,61,66,1.9
2025-12-23T20:30:00-08:00,60,66,2
2025-12-23T21:00:00-08:00,58,66,1.3
2025-12-23T21:30:00-08:00,53,66,1
2025-12-23T22:00:00-08:00,52,67,0.2
2025-12-23T22:30:00-08:00,54,66,0.7
2025-12-23T23:00:00-08:00,57,66,0.5
2025-12-23T23:30:00-08:00,57,66,0.3
2025-12-24T00:00:00-08:00,55,67,0.1
2025-12-24T00:30:00-08:00,55,67,0.1
2025-12-24T01:00:00-08:00,58,67,0.1
2025-12-24T01:30:00-08:00,64,65,0.1
2025-12-24T02:00:00-08:00,67,65,0
2025-12-24T02:30:00-08:00,67,64,0
2025-12-24T03:00:00-08:00,68,65,0.1
2025-12-24T03:30:00-08:00,70,61,0.2
2025-12-24T04:00:00-08:00,72,60,0
2025-12-24T04:30:00-08:00,72,61,0.4
2025-12-24T05:00:00-08:00,69,61,1.3
2025-12-24T05:30:00-08:00,67,62,1
2025-12-24T06:00:00-08:00,67,62,0.8
2025-12-24T06:30:00-08:00,67,61,0.7
2025-12-24T07:00:00-08:00,65,61,1
2025-12-24T07:30:00-08:00,65,60,1
2025-12-24T08:00:00-08:00,66,60,1.1
2025-12-24T08:30:00-08:00,66,61,1
2025-12-24T09:00:00-08:00,65,62,0.9
2025-12-24T09:30:00-08:00,64,60,1.5
2025-12-24T10:00:00-08:00,63,63,1.2
2025-12-24T10:30:00-08:00,60,62,1.4
2025-12-24T11:00:00-08:00,57,65,1.1
2025-12-24T11:30:00-08:00,55,66,1.2
2025-12-24T12:00:00-08:00,54,67,1.4
2025-12-24T12:30:00-08:00,53,67,1.2
2025-12-24T13:00:00-08:00,50,68,1.1
2025-12-24T13:30:00-08:00,48,69,0.5
2025-12-24T14:00:00-08:00,48,68,0.8
2025-12-24T14:30:00-08:00,48,67,0.6
2025-12-24T15:00:00-08:00,48,68,1
2025-12-24T15:30:00-08:00,49,68,1.3
2025-12-24T16:00:00-08:00,50,68,2.6
2025-12-24T16:30:00-08:00,51,65,2.1
2025-12-24T17:00:00-08:00,53,65,2.4
2025-12-24T17:30:00-08:00,60,64,2.8
2025-12-24T18:00:00-08:00,64,63,3.4
2025-12-24T18:30:00-08:00,61,63,0.9
2025-12-24T19:00:00-08:00,59,62,0.6
2025-12-24T19:30:00-08:00,62,62,0.6
2025-12-24T20:00:00-08:00,65,61,0.5
2025-12-24T20:30:00-08:00,67,60,0.7
2025-12-24T21:00:00-08:00,69,60,0.6
2025-12-24T21:30:00-08:00,70,60,0.5
2025-12-24T22:00:00-08:00,70,60,0.5
2025-12-24T22:30:00-08:00,69,60,0.4
2025-12-24T23:00:00-08:00,70,58,0.2
2025-12-24T23:30:00-08:00,65,60,0.5
2025-12-25T00:00:00-08:00,60,61,0.3
2025-12-25T00:30:00-08:00,59,61,0.4
2025-12-25T01:00:00-08:00,58,62,0.2
2025-12-25T01:30:00-08:00,60,61,0.3
2025-12-25T02:00:00-08:00,65,60,0.5
2025-12-25T02:30:00-08:00,66,58,0.4
2025-12-25T03:00:00-08:00,71,58,0.8
2025-12-25T03:30:00-08:00,72,57,0.3
2025-12-25T04:00:00-08:00,70,58,0.1
2025-12-25T04:30:00-08:00,69,58,0.2
2025-12-25T05:00:00-08:00,67,57,0.7
2025-12-25T05:30:00-08:00,64,60,1.6
2025-12-25T06:00:00-08:00,62,60,1.6
2025-12-25T06:30:00-08:00,64,60,0.9
2025-12-25T07:00:00-08:00,64,59,1.2
2025-12-25T07:30:00-08:00,61,59,1.2
2025-12-25T08:00:00-08:00,59,59,0.9
2025-12-25T08:30:00-08:00,59,59,0.7
2025-12-25T09:00:00-08:00,58,60,1
2025-12-25T09:30:00-08:00,55,58,14.4
2025-12-25T10:00:00-08:00,52,63,4.9
2025-12-25T10:30:00-08:00,50,63,5.8
2025-12-25T11:00:00-08:00,49,65,8.4
2025-12-25T11:30:00-08:00,51,63,3.3
2025-12-25T12:00:00-08:00,50,61,4.6
2025-12-25T12:30:00-08:00,47,65,6.5
2025-12-25T13:00:00-08:00,46,65,3.5
2025-12-25T13:30:00-08:00,46,65,4.2
2025-12-25T14:00:00-08:00,48,64,2.1
2025-12-25T14:30:00-08:00,51,61,1.2
2025-12-25T15:00:00-08:00,50,63,1.6
2025-12-25T15:30:00-08:00,52,63,1
2025-12-25T16:00:00-08:00,56,61,1.2
2025-12-25T16:30:00-08:00,60,61,1.5
2025-12-25T17:00:00-08:00,65,58,3.1
2025-12-25T17:30:00-08:00,69,58,4.4
2025-12-25T18:00:00-08:00,69,59,2.7
2025-12-25T18:30:00-08:00,70,58,4.5
2025-12-25T19:00:00-08:00,69,57,0.9
2025-12-25T19:30:00-08:00,69,58,0.9
2025-12-25T20:00:00-08:00,70,58,0.9
2025-12-25T20:30:00-08:00,70,56,0.7
2025-12-25T21:00:00-08:00,68,58,0.5
2025-12-25T21:30:00-08:00,67,55,0.3
2025-12-25T22:00:00-08:00,64,55,0.3
2025-12-25T22:30:00-08:00,61,57,0.3
2025-12-25T23:00:00-08:00,63,58,0.4
2025-12-26T00:00:00-08:00,62,54,0.7
2025-12-26T00:30:00-08:00,59,44,1.1
2025-12-26T01:00:00-08:00,65,57,0.8
2025-12-26T01:30:00-08:00,67,54,0.7
2025-12-26T02:00:00-08:00,67,52,0.9
2025-12-26T02:30:00-08:00,67,52,0.7
2025-12-26T03:00:00-08:00,68,50,0.5
2025-12-26T03:30:00-08:00,66,52,0.6
2025-12-26T04:00:00-08:00,66,54,0.5
2025-12-26T04:30:00-08:00,66,54,0.6
2025-12-26T05:00:00-08:00,64,55,0.8
2025-12-26T05:30:00-08:00,62,56,0.9
2025-12-26T06:00:00-08:00,62,55,1.1
2025-12-26T06:30:00-08:00,61,55,0.8
2025-12-26T07:00:00-08:00,60,56,1
2025-12-26T07:30:00-08:00,59,55,0.8
2025-12-26T08:00:00-08:00,59,54,0.7
2025-12-26T08:30:00-08:00,58,57,0.8
2025-12-26T09:00:00-08:00,55,59,1
2025-12-26T09:30:00-08:00,53,61,0.7
2025-12-26T10:00:00-08:00,50,62,0.5
2025-12-26T10:30:00-08:00,50,62,0.7
2025-12-26T11:00:00-08:00,49,62,0.6
2025-12-26T11:30:00-08:00,47,61,0.6
2025-12-26T12:00:00-08:00,44,62,0.4
2025-12-26T12:30:00-08:00,43,65,0.5
2025-12-26T13:00:00-08:00,44,61,0.5
2025-12-26T13:30:00-08:00,45,62,0.3
2025-12-26T14:00:00-08:00,47,63,0.6
2025-12-26T14:30:00-08:00,50,61,0.3
2025-12-26T15:00:00-08:00,52,61,0.4
2025-12-26T15:30:00-08:00,50,60,0.4
2025-12-26T16:00:00-08:00,50,59,0.4
2025-12-26T16:30:00-08:00,54,59,0.5
2025-12-26T17:00:00-08:00,59,58,0.6
2025-12-26T17:30:00-08:00,63,59,1
2025-12-26T18:00:00-08:00,64,58,2.5
2025-12-26T18:30:00-08:00,64,58,3.7
2025-12-26T19:00:00-08:00,65,57,2.4
2025-12-26T19:30:00-08:00,65,55,2.1
2025-12-26T20:00:00-08:00,66,52,4.1
2025-12-26T20:30:00-08:00,66,52,9.4
2025-12-26T21:00:00-08:00,66,54,10.2
2025-12-26T21:30:00-08:00,66,53,9.9
2025-12-26T22:00:00-08:00,67,53,10
2025-12-26T22:30:00-08:00,67,52,11.9
2025-12-26T23:00:00-08:00,67,49,14.6
2025-12-26T23:30:00-08:00,67,51,12.1
2025-12-27T00:00:00-08:00,69,52,10.9
2025-12-27T00:30:00-08:00,68,54,8.6
2025-12-27T01:00:00-08:00,67,54,7
2025-12-27T01:30:00-08:00,66,54,6.4
2025-12-27T02:00:00-08:00,68,55,4.3
2025-12-27T02:30:00-08:00,68,55,1.6
2025-12-27T03:00:00-08:00,67,53,1.6
2025-12-27T03:30:00-08:00,67,54,1.7
2025-12-27T04:00:00-08:00,67,53,1.8
2025-12-27T04:30:00-08:00,67,51,1.9
2025-12-27T05:00:00-08:00,68,52,2.1
2025-12-27T05:30:00-08:00,68,51,1.8
2025-12-27T06:00:00-08:00,67,51,1.9
2025-12-27T06:30:00-08:00,67,48,2.5
2025-12-27T07:00:00-08:00,67,47,3.1
2025-12-27T07:30:00-08:00,68,50,4
2025-12-27T08:00:00-08:00,70,51,3
2025-12-27T08:30:00-08:00,69,52,2.9
2025-12-27T09:00:00-08:00,68,55,2
2025-12-27T09:30:00-08:00,62,57,0.7
2025-12-27T10:00:00-08:00,57,58,0.2
2025-12-27T10:30:00-08:00,55,59,0.6
2025-12-27T11:00:00-08:00,52,61,0.2
2025-12-27T11:30:00-08:00,51,60,0.3
2025-12-27T12:00:00-08:00,50,63,0.4
2025-12-27T12:30:00-08:00,49,64,0.4
2025-12-27T13:00:00-08:00,48,62,0.5
2025-12-27T13:30:00-08:00,48,62,0.7
2025-12-27T14:00:00-08:00,48,63,1.3
2025-12-27T14:30:00-08:00,47,64,0.8
2025-12-27T15:00:00-08:00,45,63,0.6
2025-12-27T15:30:00-08:00,46,61,0.4
2025-12-27T16:00:00-08:00,48,59,0.5
2025-12-27T16:30:00-08:00,50,56,0.5
2025-12-27T17:00:00-08:00,53,56,1.2
2025-12-27T17:30:00-08:00,56,56,2.3
2025-12-27T18:00:00-08:00,58,55,2.3
2025-12-27T18:30:00-08:00,59,54,2.8
2025-12-27T19:00:00-08:00,60,53,6.6
2025-12-27T19:30:00-08:00,61,49,4.9
2025-12-27T20:00:00-08:00,62,49,12.6
2025-12-27T20:30:00-08:00,62,51,13.7
2025-12-27T21:00:00-08:00,63,49,14.9
2025-12-27T21:30:00-08:00,63,49,15.2
2025-12-27T22:00:00-08:00,63,47,17.4
2025-12-27T22:30:00-08:00,64,46,16.8
2025-12-27T23:00:00-08:00,64,46,15.9
2025-12-27T23:30:00-08:00,64,46,14.9
2025-12-28T00:00:00-08:00,64,45,12.4
2025-12-28T00:30:00-08:00,64,46,5.8
2025-12-28T01:00:00-08:00,65,45,2.8
2025-12-28T01:30:00-08:00,65,42,2.4
2025-12-28T02:00:00-08:00,65,42,2.7
2025-12-28T02:30:00-08:00,65,44,2.7
2025-12-28T03:00:00-08:00,65,44,3
2025-12-28T03:30:00-08:00,65,43,2.9
2025-12-28T04:00:00-08:00,64,43,2.4
2025-12-28T04:30:00-08:00,64,41,2.1
2025-12-28T05:00:00-08:00,64,42,1.7
2025-12-28T05:30:00-08:00,64,44,1.9
2025-12-28T06:00:00-08:00,64,44,2
2025-12-28T06:30:00-08:00,64,44,2.8
2025-12-28T07:00:00-08:00,64,43,2.4
2025-12-28T07:30:00-08:00,64,43,1.8
2025-12-28T08:00:00-08:00,64,44,1.9
2025-12-28T08:30:00-08:00,63,43,2.7
2025-12-28T09:00:00-08:00,64,47,4.3
2025-12-28T09:30:00-08:00,63,52,6
2025-12-28T10:00:00-08:00,57,55,3.9
2025-12-28T10:30:00-08:00,50,57,2.5
2025-12-28T11:00:00-08:00,45,58,1.6
2025-12-28T11:30:00-08:00,42,57,1.2
2025-12-28T12:00:00-08:00,41,60,1.4
2025-12-28T12:30:00-08:00,38,57,1
2025-12-28T13:00:00-08:00,39,62,1.3
2025-12-28T13:30:00-08:00,38,63,0.8
2025-12-28T14:00:00-08:00,38,64,1
2025-12-28T14:30:00-08:00,38,64,1.5
2025-12-28T15:00:00-08:00,37,64,2
2025-12-28T15:30:00-08:00,38,63,2.4
2025-12-28T16:00:00-08:00,41,62,2.5
2025-12-28T16:30:00-08:00,43,60,3.2
2025-12-28T17:00:00-08:00,46,58,4.9
2025-12-28T17:30:00-08:00,46,56,4.4
2025-12-28T18:00:00-08:00,45,55,1.6
2025-12-28T18:30:00-08:00,46,54,2
2025-12-28T19:00:00-08:00,48,50,2.6
2025-12-28T19:30:00-08:00,49,51,6
2025-12-28T20:00:00-08:00,51,49,8.5
2025-12-28T20:30:00-08:00,53,48,9.6
2025-12-28T21:00:00-08:00,54,49,13
2025-12-28T21:30:00-08:00,55,49,18.5
2025-12-28T22:00:00-08:00,56,49,14.1
2025-12-28T22:30:00-08:00,57,48,10.5
2025-12-28T23:00:00-08:00,58,48,10.2
2025-12-28T23:30:00-08:00,59,48,7.8
2025-12-29T00:00:00-08:00,58,48,5.6
2025-12-29T00:30:00-08:00,58,48,5.8
2025-12-29T01:00:00-08:00,59,47,5.9
2025-12-29T01:30:00-08:00,60,47,6.3
2025-12-29T02:00:00-08:00,60,46,6.6
2025-12-29T02:30:00-08:00,61,45,7.9
2025-12-29T03:00:00-08:00,61,45,9.5
2025-12-29T03:30:00-08:00,62,45,9.9
2025-12-29T04:00:00-08:00,62,44,10.4
2025-12-29T04:30:00-08:00,62,44,9.9
2025-12-29T05:00:00-08:00,63,43,10.6
2025-12-29T05:30:00-08:00,63,43,10.2
2025-12-29T06:00:00-08:00,63,42,10.1
2025-12-29T06:30:00-08:00,63,42,10
2025-12-29T07:00:00-08:00,63,42,10.5
2025-12-29T07:30:00-08:00,63,42,11.7
2025-12-29T08:00:00-08:00,63,43,12.5
2025-12-29T08:30:00-08:00,65,44,15.1
2025-12-29T09:00:00-08:00,64,48,13.2
2025-12-29T09:30:00-08:00,60,52,10
2025-12-29T10:00:00-08:00,54,55,8.3
2025-12-29T10:30:00-08:00,49,58,8.4
2025-12-29T11:00:00-08:00,45,60,5.3
2025-12-29T11:30:00-08:00,40,62,2.5
2025-12-29T12:00:00-08:00,37,64,1.7
2025-12-29T12:30:00-08:00,33,65,0.8
2025-12-29T13:00:00-08:00,33,66,1.1
2025-12-29T13:30:00-08:00,33,67,1.1
2025-12-29T14:00:00-08:00,32,67,1.1
2025-12-29T14:30:00-08:00,32,68,1
2025-12-29T15:00:00-08:00,31,68,0.8
2025-12-29T15:30:00-08:00,31,67,0.8
2025-12-29T16:00:00-08:00,32,65,0.7
2025-12-29T16:30:00-08:00,35,63,1
2025-12-29T17:00:00-08:00,38,59,1.4
2025-12-29T17:30:00-08:00,41,59,4.4
2025-12-29T18:00:00-08:00,44,55,4.2
2025-12-29T18:30:00-08:00,47,55,6
2025-12-29T19:00:00-08:00,46,53,6.8
2025-12-29T19:30:00-08:00,48,52,13.5
2025-12-29T20:00:00-08:00,49,51,27.1
2025-12-29T20:30:00-08:00,51,50,13.3
2025-12-29T21:00:00-08:00,52,49,9.6
2025-12-29T21:30:00-08:00,53,48,12.8
2025-12-29T22:00:00-08:00,53,47,15.4
2025-12-29T22:30:00-08:00,54,46,12.9
2025-12-29T23:00:00-08:00,55,45,16.7
2025-12-29T23:30:00-08:00,55,46,18
2025-12-30T00:00:00-08:00,56,44,12.7
2025-12-30T00:30:00-08:00,56,45,11.6
2025-12-30T01:00:00-08:00,57,44,13.1
2025-12-30T01:30:00-08:00,58,44,11.5
2025-12-30T02:00:00-08:00,58,43,9.6
2025-12-30T02:30:00-08:00,58,43,7.9
2025-12-30T03:00:00-08:00,59,42,7.3
2025-12-30T03:30:00-08:00,59,42,5.9
2025-12-30T04:00:00-08:00,60,42,5.8
2025-12-30T04:30:00-08:00,60,42,6.2
2025-12-30T05:00:00-08:00,61,41,6.3
2025-12-30T05:30:00-08:00,60,42,6.2
2025-12-30T06:00:00-08:00,60,42,7
2025-12-30T06:30:00-08:00,60,40,6.7
2025-12-30T07:00:00-08:00,60,41,7
2025-12-30T07:30:00-08:00,61,41,7.5
2025-12-30T08:00:00-08:00,61,42,7.8
2025-12-30T08:30:00-08:00,61,43,9.6
2025-12-30T09:00:00-08:00,60,46,10.4
2025-12-30T09:30:00-08:00,56,46,10.4
2025-12-30T10:00:00-08:00,53,50,11.6
2025-12-30T10:30:00-08:00,51,52,14.6
2025-12-30T11:00:00-08:00,49,52,13.5
2025-12-30T11:30:00-08:00,47,53,12.7
2025-12-30T12:00:00-08:00,46,56,11.3
2025-12-30T12:30:00-08:00,45,55,9.6
2025-12-30T13:00:00-08:00,46,56,9.3
2025-12-30T13:30:00-08:00,46,57,11.2
2025-12-30T14:00:00-08:00,45,57,12
2025-12-30T14:30:00-08:00,45,56,13.4
2025-12-30T15:00:00-08:00,44,57,13
2025-12-30T15:30:00-08:00,44,59,13
2025-12-30T16:00:00-08:00,46,57,10.8
2025-12-30T16:30:00-08:00,47,56,10.4
2025-12-30T17:00:00-08:00,49,54,10.3
2025-12-30T17:30:00-08:00,51,53,11.8
2025-12-30T18:00:00-08:00,52,53,13.7
2025-12-30T18:30:00-08:00,53,54,19.6
2025-12-30T19:00:00-08:00,55,52,23.8
2025-12-30T19:30:00-08:00,56,52,25.4
2025-12-30T20:00:00-08:00,57,52,28.1
2025-12-30T20:30:00-08:00,58,51,31.2
2025-12-30T21:00:00-08:00,58,51,30.7
2025-12-30T21:30:00-08:00,59,50,30.2
2025-12-30T22:00:00-08:00,59,50,32
2025-12-30T22:30:00-08:00,60,49,36
2025-12-30T23:00:00-08:00,60,49,35.2
2025-12-30T23:30:00-08:00,60,50,27.1
2025-12-31T00:00:00-08:00,60,50,23.1
2025-12-31T00:30:00-08:00,60,50,21.1
2025-12-31T01:00:00-08:00,60,50,22.9
2025-12-31T01:30:00-08:00,61,51,22.9
2025-12-31T02:00:00-08:00,61,52,24.3
2025-12-31T02:30:00-08:00,61,52,24.5
2025-12-31T03:00:00-08:00,61,52,25.8
2025-12-31T03:30:00-08:00,61,53,26.9
2025-12-31T04:00:00-08:00,61,53,25.5
2025-12-31T04:30:00-08:00,61,54,25
2025-12-31T05:00:00-08:00,61,54,25.3
2025-12-31T05:30:00-08:00,61,54,26.2
2025-12-31T06:00:00-08:00,62,54,26.1
2025-12-31T06:30:00-08:00,62,54,28
2025-12-31T07:00:00-08:00,63,54,27.4
2025-12-31T07:30:00-08:00,63,55,28.4
2025-12-31T08:00:00-08:00,62,55,27.9
2025-12-31T08:30:00-08:00,61,56,28.9
2025-12-31T09:00:00-08:00,59,56,28.6
2025-12-31T09:30:00-08:00,60,56,30.1
2025-12-31T10:00:00-08:00,61,56,29.9
2025-12-31T10:30:00-08:00,61,57,29.6
2025-12-31T11:00:00-08:00,60,57,28.8
2025-12-31T11:30:00-08:00,59,58,27.6
2025-12-31T12:00:00-08:00,58,59,26.4
2025-12-31T12:30:00-08:00,59,59,27.3
2025-12-31T13:00:00-08:00,60,59,31.4
2025-12-31T13:30:00-08:00,61,59,33.9
2025-12-31T14:00:00-08:00,60,60,31.9
2025-12-31T14:30:00-08:00,61,59,30.5
2025-12-31T15:00:00-08:00,61,59,24.3
2025-12-31T15:30:00-08:00,62,59,26.3
2025-12-31T16:00:00-08:00,62,59,28.6
2025-12-31T16:30:00-08:00,63,59,29.9
2025-12-31T17:00:00-08:00,64,58,31.5
2025-12-31T17:30:00-08:00,64,58,33
2025-12-31T18:00:00-08:00,65,57,29.5
2025-12-31T18:30:00-08:00,65,58,48.1
2025-12-31T19:00:00-08:00,66,57,59.6
2025-12-31T19:30:00-08:00,66,58,33.5
2025-12-31T20:00:00-08:00,66,58,32.2
2025-12-31T20:30:00-08:00,66,56,32.7
2025-12-31T21:00:00-08:00,66,58,33.8
2025-12-31T21:30:00-08:00,65,57,33.9
2025-12-31T22:00:00-08:00,66,57,34.2
2025-12-31T22:30:00-08:00,66,58,35.8
2025-12-31T23:00:00-08:00,66,58,35.6
2025-12-31T23:30:00-08:00,66,58,35.7
2026-01-01T00:00:00-08:00,67,58,40.1
2026-01-01T00:30:00-08:00,67,58,37.1
2026-01-01T01:00:00-08:00,67,58,34.4
2026-01-01T01:30:00-08:00,67,58,33.1
2026-01-01T02:00:00-08:00,68,58,32.3
2026-01-01T02:30:00-08:00,67,58,31.5
2026-01-01T03:00:00-08:00,68,57,31.3
2026-01-01T03:30:00-08:00,68,58,32.3
2026-01-01T04:00:00-08:00,68,57,27.8
2026-01-01T04:30:00-08:00,68,58,25.1
2026-01-01T05:00:00-08:00,69,58,19.2
2026-01-01T05:30:00-08:00,70,57,17.5
2026-01-01T06:00:00-08:00,70,57,14.5
2026-01-01T06:30:00-08:00,70,57,13.2
2026-01-01T07:00:00-08:00,70,58,12.5
2026-01-01T07:30:00-08:00,70,58,11.6
2026-01-01T08:00:00-08:00,69,58,11.2
2026-01-01T08:30:00-08:00,70,58,11.3
2026-01-01T09:00:00-08:00,70,58,9.6
2026-01-01T09:30:00-08:00,71,57,3.9
2026-01-01T10:00:00-08:00,70,60,2.6
2026-01-01T10:30:00-08:00,70,61,3.7
2026-01-01T11:00:00-08:00,70,60,5.5
2026-01-01T11:30:00-08:00,70,64,7.3
2026-01-01T12:00:00-08:00,68,65,6.6
2026-01-01T12:30:00-08:00,66,66,6.8
2026-01-01T13:00:00-08:00,60,68,0.7
2026-01-01T13:30:00-08:00,61,66,0.2
2026-01-01T14:00:00-08:00,61,67,0.4
2026-01-01T14:30:00-08:00,61,66,0.6
2026-01-01T15:00:00-08:00,60,66,1
2026-01-01T15:30:00-08:00,59,64,1.1
2026-01-01T16:00:00-08:00,58,65,1.3
2026-01-01T16:30:00-08:00,58,64,0.9
2026-01-01T17:00:00-08:00,59,64,1
2026-01-01T17:30:00-08:00,60,64,1.2
2026-01-01T18:00:00-08:00,61,63,1.7
2026-01-01T18:30:00-08:00,62,63,2.6
2026-01-01T19:00:00-08:00,63,62,2.1
2026-01-01T19:30:00-08:00,63,61,1.4
2026-01-01T20:00:00-08:00,64,61,1.8
2026-01-01T20:30:00-08:00,63,62,1.1
2026-01-01T21:00:00-08:00,64,61,1.3
2026-01-01T21:30:00-08:00,65,61,2.6
2026-01-01T22:00:00-08:00,64,62,2.8
2026-01-01T22:30:00-08:00,64,62,1.3
2026-01-01T23:00:00-08:00,64,61,0.2
2026-01-01T23:30:00-08:00,63,62,0.1
2026-01-02T00:00:00-08:00,64,60,0.1
2026-01-02T00:30:00-08:00,64,62,0.2
2026-01-02T01:00:00-08:00,63,62,0.3
2026-01-02T01:30:00-08:00,62,62,0.5
2026-01-02T02:00:00-08:00,62,62,0.4
2026-01-02T02:30:00-08:00,59,62,0.4
2026-01-02T03:00:00-08:00,59,62,0.4
2026-01-02T03:30:00-08:00,59,62,0.5
2026-01-02T04:00:00-08:00,60,62,0.7
2026-01-02T04:30:00-08:00,60,61,0.8
2026-01-02T05:00:00-08:00,61,60,1.1
2026-01-02T05:30:00-08:00,61,60,1.1
2026-01-02T06:00:00-08:00,62,59,1.1
2026-01-02T06:30:00-08:00,63,58,1.3
2026-01-02T07:00:00-08:00,64,52,1.6
2026-01-02T07:30:00-08:00,64,55,1.9
2026-01-02T08:00:00-08:00,64,53,1.8
2026-01-02T08:30:00-08:00,62,59,1.2
2026-01-02T09:00:00-08:00,59,60,1.4
2026-01-02T09:30:00-08:00,55,62,0.8
2026-01-02T10:00:00-08:00,52,62,0.7
2026-01-02T10:30:00-08:00,50,64,0.8
2026-01-02T11:00:00-08:00,49,61,0.7
2026-01-02T11:30:00-08:00,48,64,0.6
2026-01-02T12:00:00-08:00,48,62,0.6
2026-01-02T12:30:00-08:00,47,67,0.4
2026-01-02T13:00:00-08:00,44,66,0.3
2026-01-02T13:30:00-08:00,44,65,0.3
2026-01-02T14:00:00-08:00,43,64,0.3
2026-01-02T14:30:00-08:00,43,65,0.2
2026-01-02T15:00:00-08:00,43,67,0.1
2026-01-02T15:30:00-08:00,44,67,0.2
2026-01-02T16:00:00-08:00,45,64,0.1
2026-01-02T16:30:00-08:00,46,63,0
2026-01-02T17:00:00-08:00,47,65,0.1
2026-01-02T17:30:00-08:00,50,63,0.1
2026-01-02T18:00:00-08:00,54,64,0.4
2026-01-02T18:30:00-08:00,56,62,2.8
2026-01-02T19:00:00-08:00,57,63,0.5
2026-01-02T19:30:00-08:00,60,63,0.4
2026-01-02T20:00:00-08:00,63,63,0.5
2026-01-02T20:30:00-08:00,64,63,0.2
2026-01-02T21:00:00-08:00,66,63,0.2
2026-01-02T21:30:00-08:00,69,62,1.6
2026-01-02T22:00:00-08:00,70,62,1.3
2026-01-02T22:30:00-08:00,71,61,0.2
2026-01-02T23:00:00-08:00,70,61,0.1
2026-01-02T23:30:00-08:00,69,62,0.1
2026-01-03T00:00:00-08:00,67,60,0.1
2026-01-03T00:30:00-08:00,65,61,0.1
2026-01-03T01:00:00-08:00,64,61,0.3
2026-01-03T01:30:00-08:00,64,61,0.3
2026-01-03T02:00:00-08:00,64,61,0.4
2026-01-03T02:30:00-08:00,65,60,0.5
2026-01-03T03:00:00-08:00,64,61,0.5
2026-01-03T03:30:00-08:00,63,61,0.4
2026-01-03T04:00:00-08:00,64,61,0.6
2026-01-03T04:30:00-08:00,64,61,0.9
2026-01-03T05:00:00-08:00,62,61,0.6
2026-01-03T05:30:00-08:00,62,62,0.7
2026-01-03T06:00:00-08:00,62,62,1
2026-01-03T06:30:00-08:00,64,62,0.8
2026-01-03T07:00:00-08:00,64,62,0.7
2026-01-03T07:30:00-08:00,63,62,0.6
2026-01-03T08:00:00-08:00,62,62,0.6
2026-01-03T08:30:00-08:00,62,63,0.6
2026-01-03T09:00:00-08:00,63,63,0.4
2026-01-03T09:30:00-08:00,63,63,0.4
2026-01-03T10:00:00-08:00,62,64,0.8
2026-01-03T10:30:00-08:00,60,65,0.5
2026-01-03T11:00:00-08:00,59,66,0.3
2026-01-03T11:30:00-08:00,59,66,0.3
2026-01-03T12:00:00-08:00,57,67,0.2
2026-01-03T12:30:00-08:00,50,70,0.1
2026-01-03T13:00:00-08:00,51,68,0.2
2026-01-03T13:30:00-08:00,51,68,0.3
2026-01-03T14:00:00-08:00,46,68,0.3
2026-01-03T14:30:00-08:00,45,67,0.4
2026-01-03T15:00:00-08:00,46,67,0.3
2026-01-03T15:30:00-08:00,49,66,0.4
2026-01-03T16:00:00-08:00,50,64,0.5
2026-01-03T16:30:00-08:00,52,63,0.4
2026-01-03T17:00:00-08:00,54,60,0.5
2026-01-03T17:30:00-08:00,59,62,2.6
2026-01-03T18:00:00-08:00,61,60,2
2026-01-03T18:30:00-08:00,61,60,1.3
2026-01-03T19:00:00-08:00,59,61,1.8
2026-01-03T19:30:00-08:00,59,61,1.8
2026-01-03T20:00:00-08:00,59,58,1.9
2026-01-03T20:30:00-08:00,60,57,1.8
2026-01-03T21:00:00-08:00,62,58,1.6
2026-01-03T21:30:00-08:00,62,56,1.8
2026-01-03T22:00:00-08:00,63,59,2.1
2026-01-03T22:30:00-08:00,63,60,2.1
2026-01-03T23:00:00-08:00,63,60,1.4
2026-01-03T23:30:00-08:00,62,57,1.1
2026-01-04T00:00:00-08:00,62,57,0.8
2026-01-04T00:30:00-08:00,62,59,0.8
2026-01-04T01:00:00-08:00,61,60,0.7
2026-01-04T01:30:00-08:00,61,57,0.5
2026-01-04T02:00:00-08:00,63,59,0.3
2026-01-04T02:30:00-08:00,66,60,0.3
2026-01-04T03:00:00-08:00,70,55,2
2026-01-04T03:30:00-08:00,71,54,0.2
2026-01-04T04:00:00-08:00,73,55,0.2
2026-01-04T04:30:00-08:00,72,57,0.4
2026-01-04T05:00:00-08:00,71,55,0.2
2026-01-04T05:30:00-08:00,71,57,2.4
2026-01-04T06:00:00-08:00,72,54,0.1
2026-01-04T06:30:00-08:00,73,58,0.1
2026-01-04T07:00:00-08:00,73,58,0.5
2026-01-04T07:30:00-08:00,72,58,0.2
2026-01-04T08:00:00-08:00,72,55,0.2
2026-01-04T08:30:00-08:00,72,53,0.2
2026-01-04T09:00:00-08:00,72,58,10.2
2026-01-04T09:30:00-08:00,71,58,8.6
2026-01-04T10:00:00-08:00,72,57,0.8
2026-01-04T10:30:00-08:00,73,58,0.8
2026-01-04T11:00:00-08:00,72,59,1
2026-01-04T11:30:00-08:00,71,59,0.6
2026-01-04T12:00:00-08:00,71,59,0.5
2026-01-04T12:30:00-08:00,71,59,0.8
2026-01-04T13:00:00-08:00,70,60,0.9
2026-01-04T13:30:00-08:00,69,60,0.6
2026-01-04T14:00:00-08:00,70,60,0.8
2026-01-04T14:30:00-08:00,68,61,0.5
2026-01-04T15:00:00-08:00,66,62,0.7
2026-01-04T15:30:00-08:00,65,63,0.6
2026-01-04T16:00:00-08:00,65,61,0.6
2026-01-04T16:30:00-08:00,66,61,0.3
2026-01-04T17:00:00-08:00,66,59,0.2
2026-01-04T17:30:00-08:00,67,59,0.5
2026-01-04T18:00:00-08:00,67,58,1.9
2026-01-04T18:30:00-08:00,68,58,3.1
2026-01-04T19:00:00-08:00,69,57,9.5
2026-01-04T19:30:00-08:00,69,57,12.4
2026-01-04T20:00:00-08:00,69,56,8.8
2026-01-04T20:30:00-08:00,70,57,9.2
2026-01-04T21:00:00-08:00,69,55,7.3
2026-01-04T21:30:00-08:00,69,56,10.8
2026-01-04T22:00:00-08:00,71,56,8
2026-01-04T22:30:00-08:00,70,56,7.3
2026-01-04T23:00:00-08:00,69,56,7.4
2026-01-04T23:30:00-08:00,69,55,5.9
2026-01-05T00:00:00-08:00,70,55,3.3
2026-01-05T00:30:00-08:00,69,54,1.8
2026-01-05T01:00:00-08:00,69,54,1
2026-01-05T01:30:00-08:00,68,53,0.5
2026-01-05T02:00:00-08:00,68,53,0.5
2026-01-05T02:30:00-08:00,69,54,0.5
2026-01-05T03:00:00-08:00,69,55,0.4
2026-01-05T03:30:00-08:00,68,55,0.2
2026-01-05T04:00:00-08:00,67,56,0.1
2026-01-05T04:30:00-08:00,66,55,0.2
2026-01-05T05:00:00-08:00,66,56,0.1
2026-01-05T05:30:00-08:00,65,56,0.1
2026-01-05T06:00:00-08:00,64,56,0.1
2026-01-05T06:30:00-08:00,63,57,13.1
2026-01-05T07:00:00-08:00,62,57,2.5
2026-01-05T07:30:00-08:00,62,57,0.1
2026-01-05T08:00:00-08:00,61,57,0.1
2026-01-05T08:30:00-08:00,61,57,0
2026-01-05T09:00:00-08:00,59,59,0
2026-01-05T09:30:00-08:00,57,60,0
2026-01-05T10:00:00-08:00,57,60,0
2026-01-05T10:30:00-08:00,55,62,0
2026-01-05T11:00:00-08:00,53,63,0.1
2026-01-05T11:30:00-08:00,51,64,0.1
2026-01-05T12:00:00-08:00,50,64,0
2026-01-05T12:30:00-08:00,51,63,0
2026-01-05T13:00:00-08:00,52,63,0
2026-01-05T13:30:00-08:00,54,63,0
2026-01-05T14:00:00-08:00,55,58,0.1
2026-01-05T14:30:00-08:00,56,62,0.1
2026-01-05T15:00:00-08:00,59,61,0.2
2026-01-05T15:30:00-08:00,63,60,0.7
2026-01-05T16:00:00-08:00,66,60,0.3
2026-01-05T16:30:00-08:00,67,58,0.6
2026-01-05T17:00:00-08:00,68,58,1
2026-01-05T17:30:00-08:00,70,58,1.2
2026-01-05T18:00:00-08:00,71,59,2.2
2026-01-05T18:30:00-08:00,72,58,1.8
2026-01-05T19:00:00-08:00,70,59,1.3
2026-01-05T19:30:00-08:00,69,58,1.2
2026-01-05T20:00:00-08:00,68,58,1
2026-01-05T20:30:00-08:00,67,58,1.1
2026-01-05T21:00:00-08:00,68,58,1.7
2026-01-05T21:30:00-08:00,68,58,1.6
2026-01-05T22:00:00-08:00,66,57,0.4
2026-01-05T22:30:00-08:00,67,57,0.6
2026-01-05T23:00:00-08:00,67,58,0.6
2026-01-05T23:30:00-08:00,66,58,0.7
2026-01-06T00:00:00-08:00,66,58,0.9
2026-01-06T00:30:00-08:00,67,58,2.6
2026-01-06T01:00:00-08:00,67,58,1.4
2026-01-06T01:30:00-08:00,67,58,1
2026-01-06T02:00:00-08:00,67,57,0.6
2026-01-06T02:30:00-08:00,68,57,0.5
2026-01-06T03:00:00-08:00,67,57,0.4
2026-01-06T03:30:00-08:00,67,58,0.5
2026-01-06T04:00:00-08:00,67,58,0.3
2026-01-06T04:30:00-08:00,66,57,0.4
2026-01-06T05:00:00-08:00,67,57,0.6
2026-01-06T05:30:00-08:00,68,56,1
2026-01-06T06:00:00-08:00,69,55,1.5
2026-01-06T06:30:00-08:00,69,55,1.5
2026-01-06T07:00:00-08:00,69,53,1.7
2026-01-06T07:30:00-08:00,69,54,2.5
2026-01-06T08:00:00-08:00,69,55,3.5
2026-01-06T08:30:00-08:00,70,55,4.4
2026-01-06T09:00:00-08:00,70,56,4.2
2026-01-06T09:30:00-08:00,67,58,4.4
2026-01-06T10:00:00-08:00,63,61,2.7
2026-01-06T10:30:00-08:00,58,63,1.9
2026-01-06T11:00:00-08:00,52,65,0.6
2026-01-06T11:30:00-08:00,49,67,0.4
2026-01-06T12:00:00-08:00,49,67,0.5
2026-01-06T12:30:00-08:00,48,69,0.7
2026-01-06T13:00:00-08:00,48,69,1.4
2026-01-06T13:30:00-08:00,48,68,2.9
2026-01-06T14:00:00-08:00,49,69,3.7
2026-01-06T14:30:00-08:00,49,67,3.2
2026-01-06T15:00:00-08:00,49,69,4
2026-01-06T15:30:00-08:00,49,68,6.1
2026-01-06T16:00:00-08:00,51,66,4.8
2026-01-06T16:30:00-08:00,54,64,5.6
2026-01-06T17:00:00-08:00,57,63,6.2
2026-01-06T17:30:00-08:00,59,62,6.2
2026-01-06T18:00:00-08:00,59,61,4.3
2026-01-06T18:30:00-08:00,61,60,3.3
2026-01-06T19:00:00-08:00,63,58,4.5
2026-01-06T19:30:00-08:00,64,58,6
2026-01-06T20:00:00-08:00,65,57,9.1
2026-01-06T20:30:00-08:00,65,56,12.9
2026-01-06T21:00:00-08:00,65,55,9.6
2026-01-06T21:30:00-08:00,66,55,7.2
2026-01-06T22:00:00-08:00,66,54,8.6
2026-01-06T22:30:00-08:00,66,53,10
2026-01-06T23:00:00-08:00,66,53,11.5
2026-01-06T23:30:00-08:00,67,53,12.7
2026-01-07T00:00:00-08:00,67,52,11.7
2026-01-07T00:30:00-08:00,67,52,10.3
2026-01-07T01:00:00-08:00,67,52,9.8
2026-01-07T01:30:00-08:00,67,52,9.9
2026-01-07T02:00:00-08:00,67,53,9.2
2026-01-07T02:30:00-08:00,66,54,8.7
2026-01-07T03:00:00-08:00,66,54,8.1
2026-01-07T03:30:00-08:00,67,54,8.3
2026-01-07T04:00:00-08:00,68,53,10.6
2026-01-07T04:30:00-08:00,69,53,12.9
2026-01-07T05:00:00-08:00,69,54,13.4
2026-01-07T05:30:00-08:00,69,55,15
2026-01-07T06:00:00-08:00,69,55,16.1
2026-01-07T06:30:00-08:00,69,55,16.4
2026-01-07T07:00:00-08:00,68,54,15.3
2026-01-07T07:30:00-08:00,68,53,17.4
2026-01-07T08:00:00-08:00,69,53,18.2
2026-01-07T08:30:00-08:00,71,54,22.8
2026-01-07T09:00:00-08:00,71,56,25
2026-01-07T09:30:00-08:00,70,58,16.1
2026-01-07T10:00:00-08:00,63,60,1.8
2026-01-07T10:30:00-08:00,58,59,0.6
2026-01-07T11:00:00-08:00,54,61,0.6
2026-01-07T11:30:00-08:00,52,62,0.5
2026-01-07T12:00:00-08:00,52,62,0.6
2026-01-07T12:30:00-08:00,52,62,0.5
2026-01-07T13:00:00-08:00,52,64,0.4
2026-01-07T13:30:00-08:00,52,64,0.4
2026-01-07T14:00:00-08:00,52,64,0.3
2026-01-07T14:30:00-08:00,53,64,0.2
2026-01-07T15:00:00-08:00,53,64,0.2
2026-01-07T15:30:00-08:00,55,61,0.1
2026-01-07T16:00:00-08:00,57,61,0.1
2026-01-07T16:30:00-08:00,58,61,0.4
2026-01-07T17:00:00-08:00,55,60,1.3
2026-01-07T17:30:00-08:00,56,58,1.8
2026-01-07T18:00:00-08:00,56,57,4.5
2026-01-07T18:30:00-08:00,56,57,3.7
2026-01-07T19:00:00-08:00,55,57,3.8
2026-01-07T19:30:00-08:00,55,56,3.2
2026-01-07T20:00:00-08:00,56,57,5.9
2026-01-07T20:30:00-08:00,56,57,8.1
2026-01-07T21:00:00-08:00,56,53,6
2026-01-07T21:30:00-08:00,57,56,5.1
2026-01-07T22:00:00-08:00,56,57,4.2
2026-01-07T22:30:00-08:00,58,55,4.3
2026-01-07T23:00:00-08:00,64,55,4.4
2026-01-07T23:30:00-08:00,67,56,3.3
