time_stamp,humidity,temperature,pm2.5_atm
2025-01-26T08:00:00-08:00,34,66,2.7
2025-01-26T08:30:00-08:00,39,59,2.2
2025-01-26T09:00:00-08:00,40,56,1.3
2025-01-26T09:30:00-08:00,38,55,0.8
2025-01-26T10:00:00-08:00,30,64,0.8
2025-01-26T10:30:00-08:00,26,68,0.7
2025-01-26T11:00:00-08:00,27,64,0.6
2025-01-26T11:30:00-08:00,25,68,0.5
2025-01-26T12:00:00-08:00,23,70,0.5
2025-01-26T12:30:00-08:00,22,72,0.5
2025-01-26T13:00:00-08:00,22,72,0.8
2025-01-26T13:30:00-08:00,23,72,1.9
2025-01-26T14:00:00-08:00,20,79,1
2025-01-26T14:30:00-08:00,19,79,0.6
2025-01-26T15:00:00-08:00,18,73,0.4
2025-01-26T15:30:00-08:00,19,72,0.4
2025-01-26T16:00:00-08:00,19,70,0.4
2025-01-26T16:30:00-08:00,19,68,0.3
2025-01-26T17:00:00-08:00,21,66,0.6
2025-01-26T17:30:00-08:00,24,63,3.7
2025-01-26T18:00:00-08:00,26,61,3
2025-01-26T18:30:00-08:00,28,58,10.3
2025-01-26T19:00:00-08:00,30,57,1.4
2025-01-26T19:30:00-08:00,31,55,2.2
2025-01-26T20:00:00-08:00,33,54,4
2025-01-26T20:30:00-08:00,35,53,5
2025-01-26T21:00:00-08:00,38,52,5.2
2025-01-26T21:30:00-08:00,37,51,3.7
2025-01-26T22:00:00-08:00,38,51,3.9
2025-01-26T22:30:00-08:00,38,50,1.7
2025-01-26T23:00:00-08:00,38,50,3.6
2025-01-26T23:30:00-08:00,38,50,4
2025-01-27T00:00:00-08:00,39,49,2.9
2025-01-27T00:30:00-08:00,39,49,2.9
2025-01-27T01:00:00-08:00,40,48,3.4
2025-01-27T01:30:00-08:00,41,48,1.8
2025-01-27T02:00:00-08:00,42,47,2
2025-01-27T02:30:00-08:00,43,47,2.9
2025-01-27T03:00:00-08:00,43,46,1.9
2025-01-27T03:30:00-08:00,43,46,1.8
2025-01-27T04:00:00-08:00,43,46,2
2025-01-27T04:30:00-08:00,43,46,2.4
2025-01-27T05:00:00-08:00,43,46,1.6
2025-01-27T05:30:00-08:00,43,46,1.5
2025-01-27T06:00:00-08:00,43,45,1.7
2025-01-27T06:30:00-08:00,44,45,2.5
2025-01-27T07:00:00-08:00,45,44,2.6
2025-01-27T07:30:00-08:00,46,45,3.3
2025-01-27T08:00:00-08:00,45,46,3.5
2025-01-27T08:30:00-08:00,40,53,6.1
2025-01-27T09:00:00-08:00,23,75,5.9
2025-01-27T09:30:00-08:00,20,76,7.1
2025-01-27T10:00:00-08:00,21,75,9.2
2025-01-27T10:30:00-08:00,20,76,7.7
2025-01-27T11:00:00-08:00,20,74,6.2
2025-01-27T11:30:00-08:00,20,74,4.6
2025-01-27T12:00:00-08:00,19,76,4.2
2025-01-27T12:30:00-08:00,14,85,2.1
2025-01-27T13:00:00-08:00,11,91,2.2
2025-01-27T13:30:00-08:00,11,92,2.5
2025-01-27T14:00:00-08:00,11,90,2.4
2025-01-27T14:30:00-08:00,12,88,2.6
2025-01-27T15:00:00-08:00,14,81,3.1
2025-01-27T15:30:00-08:00,16,77,3.7
2025-01-27T16:00:00-08:00,17,74,4.1
2025-01-27T16:30:00-08:00,20,71,5.8
2025-01-27T17:00:00-08:00,21,68,3.6
2025-01-27T17:30:00-08:00,24,66,3.4
2025-01-27T18:00:00-08:00,26,64,4.9
2025-01-27T18:30:00-08:00,29,61,4.5
2025-01-27T19:00:00-08:00,31,59,4.8
2025-01-27T19:30:00-08:00,33,58,6.8
2025-01-27T20:00:00-08:00,34,57,8.2
2025-01-27T20:30:00-08:00,34,56,6.1
2025-01-27T21:00:00-08:00,35,54,5.4
2025-01-27T21:30:00-08:00,36,54,5.3
2025-01-27T22:00:00-08:00,37,53,8.3
2025-01-27T22:30:00-08:00,38,52,3.6
2025-01-27T23:00:00-08:00,39,52,4.8
2025-01-27T23:30:00-08:00,40,51,4.4
2025-01-28T00:00:00-08:00,41,50,4.4
2025-01-28T00:30:00-08:00,42,50,4.2
2025-01-28T01:00:00-08:00,43,49,4.6
2025-01-28T01:30:00-08:00,45,49,5.1
2025-01-28T02:00:00-08:00,46,48,4.5
2025-01-28T02:30:00-08:00,48,48,5.4
2025-01-28T03:00:00-08:00,49,47,4.9
2025-01-28T03:30:00-08:00,50,47,3.9
2025-01-28T04:00:00-08:00,51,47,3.8
2025-01-28T04:30:00-08:00,53,47,4.3
2025-01-28T05:00:00-08:00,54,46,3.5
2025-01-28T05:30:00-08:00,55,46,4
2025-01-28T06:00:00-08:00,55,46,5.3
2025-01-28T06:30:00-08:00,55,45,5.8
2025-01-28T07:00:00-08:00,56,45,5.7
2025-01-28T07:30:00-08:00,57,45,5.6
2025-01-28T08:00:00-08:00,57,47,6.3
2025-01-28T08:30:00-08:00,50,55,4.7
2025-01-28T09:00:00-08:00,28,77,4.9
2025-01-28T09:30:00-08:00,25,77,9.3
2025-01-28T10:00:00-08:00,23,77,10.7
2025-01-28T10:30:00-08:00,23,77,10.2
2025-01-28T11:00:00-08:00,26,75,10.2
2025-01-28T11:30:00-08:00,26,75,9.4
2025-01-28T12:00:00-08:00,25,76,7.7
2025-01-28T12:30:00-08:00,20,86,6.6
2025-01-28T13:00:00-08:00,16,92,7.5
2025-01-28T13:30:00-08:00,17,93,6.5
2025-01-28T14:00:00-08:00,18,90,5.9
2025-01-28T14:30:00-08:00,16,88,4.7
2025-01-28T15:00:00-08:00,19,82,4.6
2025-01-28T15:30:00-08:00,25,77,3.8
2025-01-28T16:00:00-08:00,32,73,3.6
2025-01-28T16:30:00-08:00,37,70,2.8
2025-01-28T17:00:00-08:00,41,66,2.5
2025-01-28T17:30:00-08:00,46,63,2.9
2025-01-28T18:00:00-08:00,52,62,3
2025-01-28T18:30:00-08:00,57,60,3.4
2025-01-28T19:00:00-08:00,59,59,3.8
2025-01-28T19:30:00-08:00,61,59,3.8
2025-01-28T20:00:00-08:00,62,59,3.5
2025-01-28T20:30:00-08:00,63,58,4.1
2025-01-28T21:00:00-08:00,63,58,4.5
2025-01-28T21:30:00-08:00,65,57,4.2
2025-01-28T22:00:00-08:00,67,56,4.2
2025-01-28T22:30:00-08:00,67,56,4.5
2025-01-28T23:00:00-08:00,67,56,5.1
2025-01-28T23:30:00-08:00,67,55,5.9
2025-01-29T00:00:00-08:00,67,54,7.6
2025-01-29T00:30:00-08:00,69,54,8.2
2025-01-29T01:00:00-08:00,69,54,13.4
2025-01-29T01:30:00-08:00,69,55,11.1
2025-01-29T02:00:00-08:00,68,55,9.4
2025-01-29T02:30:00-08:00,68,55,10.4
2025-01-29T03:00:00-08:00,68,56,10.3
2025-01-29T03:30:00-08:00,67,56,10.8
2025-01-29T04:00:00-08:00,66,56,13.9
2025-01-29T04:30:00-08:00,64,56,18.8
2025-01-29T05:00:00-08:00,64,56,20.2
2025-01-29T05:30:00-08:00,63,56,18.2
2025-01-29T06:00:00-08:00,61,56,16.5
2025-01-29T06:30:00-08:00,59,56,13.1
2025-01-29T07:00:00-08:00,59,56,12.1
2025-01-29T07:30:00-08:00,59,56,14.5
2025-01-29T08:00:00-08:00,58,56,15.2
2025-01-29T08:30:00-08:00,57,56,13
2025-01-29T09:00:00-08:00,56,56,14.3
2025-01-29T09:30:00-08:00,55,57,16.8
2025-01-29T10:00:00-08:00,53,58,18.7
2025-01-29T10:30:00-08:00,51,59,16.2
2025-01-29T11:00:00-08:00,49,60,13.2
2025-01-29T11:30:00-08:00,47,61,9.3
2025-01-29T12:00:00-08:00,44,64,7.6
2025-01-29T12:30:00-08:00,41,67,9
2025-01-29T13:00:00-08:00,32,78,9.1
2025-01-29T13:30:00-08:00,26,84,8.5
2025-01-29T14:00:00-08:00,24,85,7.5
2025-01-29T14:30:00-08:00,25,82,6.4
2025-01-29T15:00:00-08:00,29,76,7
2025-01-29T15:30:00-08:00,32,73,7.2
2025-01-29T16:00:00-08:00,34,70,6.4
2025-01-29T16:30:00-08:00,37,68,7.4
2025-01-29T17:00:00-08:00,40,65,10.2
2025-01-29T17:30:00-08:00,45,63,6.6
2025-01-29T18:00:00-08:00,49,61,5.8
2025-01-29T18:30:00-08:00,52,59,5.7
2025-01-29T19:00:00-08:00,54,58,5.7
2025-01-29T19:30:00-08:00,55,58,7.7
2025-01-29T20:00:00-08:00,58,57,8.8
2025-01-29T20:30:00-08:00,60,56,10.4
2025-01-29T21:00:00-08:00,61,56,10.3
2025-01-29T21:30:00-08:00,61,55,19.4
2025-01-29T22:00:00-08:00,62,56,16.4
2025-01-29T22:30:00-08:00,61,56,11.7
2025-01-29T23:00:00-08:00,61,56,13.1
2025-01-29T23:30:00-08:00,61,57,16.4
2025-01-30T00:00:00-08:00,61,57,12.5
2025-01-30T00:30:00-08:00,61,57,12
2025-01-30T01:00:00-08:00,62,57,11.3
2025-01-30T01:30:00-08:00,62,57,10.4
2025-01-30T02:00:00-08:00,62,57,8.6
2025-01-30T02:30:00-08:00,61,57,9.5
2025-01-30T03:00:00-08:00,62,57,9.4
2025-01-30T03:30:00-08:00,61,57,8.1
2025-01-30T04:00:00-08:00,60,57,8.8
2025-01-30T04:30:00-08:00,59,57,8.8
2025-01-30T05:00:00-08:00,57,57,9.6
2025-01-30T05:30:00-08:00,57,57,11.1
2025-01-30T06:00:00-08:00,56,57,11.6
2025-01-30T06:30:00-08:00,55,57,11
2025-01-30T07:00:00-08:00,54,57,9.9
2025-01-30T07:30:00-08:00,53,57,9.5
2025-01-30T08:00:00-08:00,52,57,12
2025-01-30T08:30:00-08:00,52,57,11.8
2025-01-30T09:00:00-08:00,52,57,13
2025-01-30T09:30:00-08:00,51,58,15.5
2025-01-30T10:00:00-08:00,50,58,17.3
2025-01-30T10:30:00-08:00,47,60,17
2025-01-30T11:00:00-08:00,46,61,17.5
2025-01-30T11:30:00-08:00,45,61,17.6
2025-01-30T12:00:00-08:00,45,61,16.7
2025-01-30T12:30:00-08:00,43,62,11.3
2025-01-30T13:00:00-08:00,35,71,6.1
2025-01-30T13:30:00-08:00,27,80,4.4
2025-01-30T14:00:00-08:00,25,82,4.4
2025-01-30T14:30:00-08:00,24,80,4.4
2025-01-30T15:00:00-08:00,28,75,4.6
2025-01-30T15:30:00-08:00,31,71,4.8
2025-01-30T16:00:00-08:00,32,69,5.4
2025-01-30T16:30:00-08:00,35,67,5.1
2025-01-30T17:00:00-08:00,38,65,6
2025-01-30T17:30:00-08:00,41,62,6.7
2025-01-30T18:00:00-08:00,44,60,5.6
2025-01-30T18:30:00-08:00,46,59,7.2
2025-01-30T19:00:00-08:00,48,58,7.2
2025-01-30T19:30:00-08:00,50,57,7
2025-01-30T20:00:00-08:00,52,56,8.1
2025-01-30T20:30:00-08:00,54,55,7.8
2025-01-30T21:00:00-08:00,55,55,8.2
2025-01-30T21:30:00-08:00,57,54,8.6
2025-01-30T22:00:00-08:00,59,54,10.1
2025-01-30T22:30:00-08:00,59,54,12
2025-01-30T23:00:00-08:00,59,54,7.8
2025-01-30T23:30:00-08:00,60,54,6.4
2025-01-31T00:00:00-08:00,60,54,9.7
2025-01-31T00:30:00-08:00,61,54,6.8
2025-01-31T01:00:00-08:00,62,54,8.9
2025-01-31T01:30:00-08:00,62,54,9.4
2025-01-31T02:00:00-08:00,63,54,8.4
2025-01-31T02:30:00-08:00,64,54,9.6
2025-01-31T03:00:00-08:00,64,53,10.4
2025-01-31T03:30:00-08:00,64,53,10.7
2025-01-31T04:00:00-08:00,65,53,11.8
2025-01-31T04:30:00-08:00,65,54,12.7
2025-01-31T05:00:00-08:00,64,54,15
2025-01-31T05:30:00-08:00,64,54,16.7
2025-01-31T06:00:00-08:00,64,54,15.6
2025-01-31T06:30:00-08:00,63,55,12.7
2025-01-31T07:00:00-08:00,63,55,12.2
2025-01-31T07:30:00-08:00,62,55,11.3
2025-01-31T08:00:00-08:00,64,56,11.7
2025-01-31T08:30:00-08:00,65,56,10.6
2025-01-31T09:00:00-08:00,61,57,11.9
2025-01-31T09:30:00-08:00,59,58,13.3
2025-01-31T10:00:00-08:00,58,58,12.5
2025-01-31T10:30:00-08:00,60,59,12
2025-01-31T11:00:00-08:00,61,60,11.2
2025-01-31T11:30:00-08:00,61,60,12.7
2025-01-31T12:00:00-08:00,59,61,10.7
2025-01-31T12:30:00-08:00,57,61,8.6
2025-01-31T13:00:00-08:00,56,62,8.4
2025-01-31T13:30:00-08:00,61,61,9.3
2025-01-31T14:00:00-08:00,72,60,12.2
2025-01-31T14:30:00-08:00,77,60,7.4
2025-01-31T15:00:00-08:00,80,60,4
2025-01-31T15:30:00-08:00,83,60,3.1
2025-01-31T16:00:00-08:00,82,60,2.9
2025-01-31T16:30:00-08:00,81,61,4.7
2025-01-31T17:00:00-08:00,80,61,4.5
2025-01-31T17:30:00-08:00,82,61,3.9
2025-01-31T18:00:00-08:00,83,61,4.5
2025-01-31T18:30:00-08:00,86,61,12.6
2025-01-31T19:00:00-08:00,85,61,5.1
2025-01-31T19:30:00-08:00,86,61,4.3
2025-01-31T20:00:00-08:00,87,61,4.6
2025-01-31T20:30:00-08:00,88,62,4.3
2025-01-31T21:00:00-08:00,87,62,3.9
2025-01-31T21:30:00-08:00,87,62,4
2025-01-31T22:00:00-08:00,85,62,4.3
2025-01-31T22:30:00-08:00,84,63,3.7
2025-01-31T23:00:00-08:00,84,63,3.9
2025-01-31T23:30:00-08:00,83,63,4.6
2025-02-01T00:00:00-08:00,83,63,4
2025-02-01T00:30:00-08:00,84,63,3.3
2025-02-01T01:00:00-08:00,85,63,3.1
2025-02-01T01:30:00-08:00,83,63,4.3
2025-02-01T02:00:00-08:00,84,63,4.2
2025-02-01T02:30:00-08:00,87,62,4.2
2025-02-01T03:00:00-08:00,87,62,4.6
2025-02-01T03:30:00-08:00,88,62,5.4
2025-02-01T04:00:00-08:00,91,62,5
2025-02-01T04:30:00-08:00,93,62,5.3
2025-02-01T05:00:00-08:00,95,62,6.1
2025-02-01T05:30:00-08:00,96,62,5.9
2025-02-01T06:00:00-08:00,98,62,4.1
2025-02-01T06:30:00-08:00,98,63,3.1
2025-02-01T07:00:00-08:00,98,63,3.5
2025-02-01T07:30:00-08:00,98,63,4.5
2025-02-01T08:00:00-08:00,96,63,8.4
2025-02-01T08:30:00-08:00,88,63,14.1
2025-02-01T09:00:00-08:00,88,63,15
2025-02-01T09:30:00-08:00,82,64,11.6
2025-02-01T10:00:00-08:00,73,64,9.3
2025-02-01T10:30:00-08:00,69,64,9.7
2025-02-01T11:00:00-08:00,66,64,10.2
2025-02-01T11:30:00-08:00,67,65,9.2
2025-02-01T12:00:00-08:00,75,64,9.3
2025-02-01T12:30:00-08:00,95,63,7.8
2025-02-01T13:00:00-08:00,100,63,5.6
2025-02-01T13:30:00-08:00,100,64,3.7
2025-02-01T14:00:00-08:00,100,64,0.9
2025-02-01T14:30:00-08:00,100,64,2.1
2025-02-01T15:00:00-08:00,100,65,1.7
2025-02-01T15:30:00-08:00,99,65,4.3
2025-02-01T16:00:00-08:00,96,65,0.8
2025-02-01T16:30:00-08:00,90,66,0.6
2025-02-01T17:00:00-08:00,88,66,0.9
2025-02-01T17:30:00-08:00,87,66,1.2
2025-02-01T18:00:00-08:00,86,66,1.5
2025-02-01T18:30:00-08:00,85,66,1.2
2025-02-01T19:00:00-08:00,85,66,1.8
2025-02-01T19:30:00-08:00,88,66,1.5
2025-02-01T20:00:00-08:00,89,66,1.1
2025-02-01T20:30:00-08:00,89,66,1
2025-02-01T21:00:00-08:00,89,66,0.7
2025-02-01T21:30:00-08:00,89,66,1.4
2025-02-01T22:00:00-08:00,89,66,1.5
2025-02-01T22:30:00-08:00,89,66,1.2
2025-02-01T23:00:00-08:00,89,66,1.3
2025-02-01T23:30:00-08:00,88,66,1.4
2025-02-02T00:00:00-08:00,88,66,1.7
2025-02-02T00:30:00-08:00,88,65,1.3
2025-02-02T01:00:00-08:00,87,65,1.1
2025-02-02T01:30:00-08:00,86,65,1
2025-02-02T02:00:00-08:00,85,65,1
2025-02-02T02:30:00-08:00,88,65,1
2025-02-02T03:00:00-08:00,85,65,0.7
2025-02-02T03:30:00-08:00,83,65,0.6
2025-02-02T04:00:00-08:00,82,65,0.3
2025-02-02T04:30:00-08:00,82,65,0.3
2025-02-02T05:00:00-08:00,82,65,0.5
2025-02-02T05:30:00-08:00,81,65,0.6
2025-02-02T06:00:00-08:00,80,65,0.4
2025-02-02T06:30:00-08:00,77,65,0.4
2025-02-02T07:00:00-08:00,78,65,0.7
2025-02-02T07:30:00-08:00,79,65,0.9
2025-02-02T08:00:00-08:00,78,65,0.7
2025-02-02T08:30:00-08:00,77,65,0.5
2025-02-02T09:00:00-08:00,75,66,0.3
2025-02-02T09:30:00-08:00,73,66,0.4
2025-02-02T10:00:00-08:00,70,67,0.4
2025-02-02T10:30:00-08:00,67,68,0.1
2025-02-02T11:00:00-08:00,65,69,0.1
2025-02-02T11:30:00-08:00,63,69,0
2025-02-02T12:00:00-08:00,61,69,0
2025-02-02T12:30:00-08:00,60,70,0
2025-02-02T13:00:00-08:00,59,70,0
2025-02-02T13:30:00-08:00,59,70,0
2025-02-02T14:00:00-08:00,60,70,0
2025-02-02T14:30:00-08:00,59,70,0
2025-02-02T15:00:00-08:00,59,70,0
2025-02-02T15:30:00-08:00,59,70,0
2025-02-02T16:00:00-08:00,61,69,0
2025-02-02T16:30:00-08:00,62,68,0
2025-02-02T17:00:00-08:00,63,68,0.1
2025-02-02T17:30:00-08:00,64,67,0
2025-02-02T18:00:00-08:00,64,67,0
2025-02-02T18:30:00-08:00,64,68,0.1
2025-02-02T19:00:00-08:00,63,68,0.7
2025-02-02T19:30:00-08:00,63,67,0.4
2025-02-02T20:00:00-08:00,63,67,0.6
2025-02-02T20:30:00-08:00,64,67,0.7
2025-02-02T21:00:00-08:00,65,67,0.4
2025-02-02T21:30:00-08:00,66,66,0.8
2025-02-02T22:00:00-08:00,67,66,1.1
2025-02-02T22:30:00-08:00,67,66,1.1
2025-02-02T23:00:00-08:00,67,66,0.8
2025-02-02T23:30:00-08:00,67,66,0.6
2025-02-03T00:00:00-08:00,67,66,0.4
2025-02-03T00:30:00-08:00,66,66,0.6
2025-02-03T01:00:00-08:00,66,65,0.4
2025-02-03T01:30:00-08:00,66,65,0.6
2025-02-03T02:00:00-08:00,68,65,0.8
2025-02-03T02:30:00-08:00,69,65,0.6
2025-02-03T03:00:00-08:00,68,65,0.2
2025-02-03T03:30:00-08:00,68,65,0.1
2025-02-03T04:00:00-08:00,68,65,0.1
2025-02-03T04:30:00-08:00,69,64,0.1
2025-02-03T05:00:00-08:00,68,64,0.1
2025-02-03T05:30:00-08:00,66,64,0.1
2025-02-03T06:00:00-08:00,68,63,0.2
2025-02-03T06:30:00-08:00,69,63,0.3
2025-02-03T07:00:00-08:00,70,63,0.1
2025-02-03T07:30:00-08:00,70,63,0.8
2025-02-03T08:00:00-08:00,66,63,0.4
2025-02-03T08:30:00-08:00,66,63,0.4
2025-02-03T09:00:00-08:00,64,63,0.2
2025-02-03T09:30:00-08:00,61,64,0.3
2025-02-03T10:00:00-08:00,55,65,0.2
2025-02-03T10:30:00-08:00,55,65,0.3
2025-02-03T11:00:00-08:00,57,65,0.2
2025-02-03T11:30:00-08:00,57,66,0.1
2025-02-03T12:00:00-08:00,52,68,0.2
2025-02-03T12:30:00-08:00,47,69,0.1
2025-02-03T13:00:00-08:00,48,67,0.2
2025-02-03T13:30:00-08:00,47,68,0.2
2025-02-03T14:00:00-08:00,49,67,0.3
2025-02-03T14:30:00-08:00,51,66,0.3
2025-02-03T15:00:00-08:00,52,66,0.3
2025-02-03T15:30:00-08:00,52,66,0.3
2025-02-03T16:00:00-08:00,52,66,0.3
2025-02-03T16:30:00-08:00,52,64,0.2
2025-02-03T17:00:00-08:00,54,63,0.1
2025-02-03T17:30:00-08:00,54,64,0.2
2025-02-03T18:00:00-08:00,53,64,0.2
2025-02-03T18:30:00-08:00,53,64,0.1
2025-02-03T19:00:00-08:00,53,65,0.2
2025-02-03T19:30:00-08:00,53,65,0.3
2025-02-03T20:00:00-08:00,54,64,0.2
2025-02-03T20:30:00-08:00,54,65,0.3
2025-02-03T21:00:00-08:00,54,65,0.3
2025-02-03T21:30:00-08:00,55,65,0.1
2025-02-03T22:00:00-08:00,57,65,0.1
2025-02-03T22:30:00-08:00,57,64,0.1
2025-02-03T23:00:00-08:00,56,64,0.2
2025-02-03T23:30:00-08:00,59,62,0.2
2025-02-04T00:00:00-08:00,61,62,0.3
2025-02-04T00:30:00-08:00,58,62,0.3
2025-02-04T01:00:00-08:00,57,62,0.1
2025-02-04T01:30:00-08:00,57,62,0.1
2025-02-04T02:00:00-08:00,57,63,0.1
2025-02-04T02:30:00-08:00,56,63,0
2025-02-04T03:00:00-08:00,62,63,0
2025-02-04T03:30:00-08:00,71,62,0.1
2025-02-04T04:00:00-08:00,74,62,0.1
2025-02-04T04:30:00-08:00,79,61,0.1
2025-02-04T05:00:00-08:00,81,61,0.1
2025-02-04T05:30:00-08:00,82,61,0.2
2025-02-04T06:00:00-08:00,81,62,0.1
2025-02-04T06:30:00-08:00,85,61,0
2025-02-04T07:00:00-08:00,89,61,0.2
2025-02-04T07:30:00-08:00,86,62,0.1
2025-02-04T08:00:00-08:00,83,62,0
2025-02-04T08:30:00-08:00,90,61,0.1
2025-02-04T09:00:00-08:00,85,64,0.1
2025-02-04T09:30:00-08:00,73,66,0
2025-02-04T10:00:00-08:00,70,67,0
2025-02-04T10:30:00-08:00,70,68,0
2025-02-04T11:00:00-08:00,81,66,0
2025-02-04T11:30:00-08:00,79,67,0
2025-02-04T12:00:00-08:00,79,67,0
2025-02-04T12:30:00-08:00,91,65,0
2025-02-04T13:00:00-08:00,93,66,0.1
2025-02-04T13:30:00-08:00,98,65,0
2025-02-04T14:00:00-08:00,100,64,0
2025-02-04T14:30:00-08:00,100,64,0
2025-02-04T15:00:00-08:00,100,62,0
2025-02-04T15:30:00-08:00,100,62,0
2025-02-04T16:00:00-08:00,100,62,0
2025-02-04T16:30:00-08:00,100,62,0.1
2025-02-04T17:00:00-08:00,100,61,0
2025-02-04T17:30:00-08:00,100,59,0.1
2025-02-04T18:00:00-08:00,100,58,0.1
2025-02-04T18:30:00-08:00,100,58,0.6
2025-02-04T19:00:00-08:00,98,57,1.6
2025-02-04T19:30:00-08:00,96,57,0.9
2025-02-04T20:00:00-08:00,90,57,0.5
2025-02-04T20:30:00-08:00,88,56,0.4
2025-02-04T21:00:00-08:00,85,56,0.4
2025-02-04T21:30:00-08:00,80,55,0.2
2025-02-04T22:00:00-08:00,77,55,0.3
2025-02-04T22:30:00-08:00,78,54,0.3
2025-02-04T23:00:00-08:00,75,54,0.2
2025-02-04T23:30:00-08:00,73,53,0.2
2025-02-05T00:00:00-08:00,72,53,0.3
2025-02-05T00:30:00-08:00,74,52,0.3
2025-02-05T01:00:00-08:00,74,52,1
2025-02-05T01:30:00-08:00,76,51,0.8
2025-02-05T02:00:00-08:00,78,50,1.5
2025-02-05T02:30:00-08:00,80,50,1.1
2025-02-05T03:00:00-08:00,79,50,0.5
2025-02-05T03:30:00-08:00,79,49,0.3
2025-02-05T04:00:00-08:00,80,49,0.2
2025-02-05T04:30:00-08:00,80,49,0.1
2025-02-05T05:00:00-08:00,79,49,0.1
2025-02-05T05:30:00-08:00,78,49,0.1
2025-02-05T06:00:00-08:00,77,49,0.2
2025-02-05T06:30:00-08:00,76,49,0.2
2025-02-05T07:00:00-08:00,76,48,0.3
2025-02-05T07:30:00-08:00,77,49,0.5
2025-02-05T08:00:00-08:00,77,50,0.2
2025-02-05T08:30:00-08:00,64,59,0.5
2025-02-05T09:00:00-08:00,35,75,0
2025-02-05T09:30:00-08:00,34,72,1.1
2025-02-05T10:00:00-08:00,30,77,0.3
2025-02-05T10:30:00-08:00,30,75,0.1
2025-02-05T11:00:00-08:00,33,72,0.1
2025-02-05T11:30:00-08:00,31,73,0.4
2025-02-05T12:00:00-08:00,29,74,0.1
2025-02-05T12:30:00-08:00,23,84,0
2025-02-05T13:00:00-08:00,18,91,0
2025-02-05T13:30:00-08:00,18,91,0
2025-02-05T14:00:00-08:00,20,89,0.1
2025-02-05T14:30:00-08:00,22,85,0.1
2025-02-05T15:00:00-08:00,27,78,0.4
2025-02-05T15:30:00-08:00,31,74,0.8
2025-02-05T16:00:00-08:00,33,72,1
2025-02-05T16:30:00-08:00,34,69,1
2025-02-05T17:00:00-08:00,30,67,0.2
2025-02-05T17:30:00-08:00,31,64,0
2025-02-05T18:00:00-08:00,33,62,0
2025-02-05T18:30:00-08:00,35,61,0
2025-02-05T19:00:00-08:00,37,59,0
2025-02-05T19:30:00-08:00,37,59,0
2025-02-05T20:00:00-08:00,39,58,0.1
2025-02-05T20:30:00-08:00,39,57,0
2025-02-05T21:00:00-08:00,38,57,0
2025-02-05T21:30:00-08:00,39,56,0
2025-02-05T22:00:00-08:00,41,55,2.5
2025-02-05T22:30:00-08:00,43,54,0.1
2025-02-05T23:00:00-08:00,43,54,0
2025-02-05T23:30:00-08:00,44,54,0.1
2025-02-06T00:00:00-08:00,45,53,0.1
2025-02-06T00:30:00-08:00,46,53,0
2025-02-06T01:00:00-08:00,47,53,0
2025-02-06T01:30:00-08:00,48,52,0.1
2025-02-06T02:00:00-08:00,48,52,0
2025-02-06T02:30:00-08:00,49,52,2.3
2025-02-06T03:00:00-08:00,49,52,0.4
2025-02-06T03:30:00-08:00,49,53,0.1
2025-02-06T04:00:00-08:00,48,53,0
2025-02-06T04:30:00-08:00,50,54,1
2025-02-06T05:00:00-08:00,52,54,1.7
2025-02-06T05:30:00-08:00,51,55,1.4
2025-02-06T06:00:00-08:00,51,55,1.3
2025-02-06T06:30:00-08:00,52,55,1.3
2025-02-06T07:00:00-08:00,57,55,1.3
2025-02-06T07:30:00-08:00,66,54,0.9
2025-02-06T08:00:00-08:00,71,54,0.9
2025-02-06T08:30:00-08:00,77,53,0.7
2025-02-06T09:00:00-08:00,81,54,0.7
2025-02-06T09:30:00-08:00,84,55,4.4
2025-02-06T10:00:00-08:00,87,55,9.7
2025-02-06T10:30:00-08:00,89,57,6.6
2025-02-06T11:00:00-08:00,92,59,2.5
2025-02-06T11:30:00-08:00,85,63,0.1
2025-02-06T12:00:00-08:00,80,63,0.1
2025-02-06T12:30:00-08:00,80,64,0
2025-02-06T13:00:00-08:00,81,64,0
2025-02-06T13:30:00-08:00,76,67,0
2025-02-06T14:00:00-08:00,69,69,0
2025-02-06T14:30:00-08:00,69,69,0
2025-02-06T15:00:00-08:00,85,66,0.1
2025-02-06T15:30:00-08:00,99,64,0.1
2025-02-06T16:00:00-08:00,100,64,1
2025-02-06T16:30:00-08:00,100,64,0.2
2025-02-06T17:00:00-08:00,100,65,0.1
2025-02-06T17:30:00-08:00,100,65,0.2
2025-02-06T18:00:00-08:00,95,66,0.3
2025-02-06T18:30:00-08:00,92,66,0.7
2025-02-06T19:00:00-08:00,97,65,1
2025-02-06T19:30:00-08:00,100,65,1.6
2025-02-06T20:00:00-08:00,96,65,0.9
2025-02-06T20:30:00-08:00,90,65,0.7
2025-02-06T21:00:00-08:00,79,65,0.1
2025-02-06T21:30:00-08:00,89,64,0.1
2025-02-06T22:00:00-08:00,97,61,0
2025-02-06T22:30:00-08:00,96,60,0.1
2025-02-06T23:00:00-08:00,96,59,0.1
2025-02-06T23:30:00-08:00,94,59,0.1
2025-02-07T00:00:00-08:00,90,58,0.3
2025-02-07T00:30:00-08:00,88,58,0.9
2025-02-07T01:00:00-08:00,86,59,0.1
2025-02-07T01:30:00-08:00,86,58,0.1
2025-02-07T02:00:00-08:00,84,58,0.1
2025-02-07T02:30:00-08:00,85,58,0.2
2025-02-07T03:00:00-08:00,85,58,0.2
2025-02-07T03:30:00-08:00,87,58,0.1
2025-02-07T04:00:00-08:00,88,58,1
2025-02-07T04:30:00-08:00,90,58,0.7
2025-02-07T05:00:00-08:00,92,58,1
2025-02-07T05:30:00-08:00,92,58,1.3
2025-02-07T06:00:00-08:00,94,57,1.3
2025-02-07T06:30:00-08:00,94,58,1.4
2025-02-07T07:00:00-08:00,93,57,0.6
2025-02-07T07:30:00-08:00,93,58,0.8
2025-02-07T08:00:00-08:00,89,58,0
2025-02-07T08:30:00-08:00,86,59,0
2025-02-07T09:00:00-08:00,83,60,0.1
2025-02-07T09:30:00-08:00,74,62,0.3
2025-02-07T10:00:00-08:00,68,63,0.7
2025-02-07T10:30:00-08:00,70,64,0.7
2025-02-07T11:00:00-08:00,67,65,0.4
2025-02-07T11:30:00-08:00,67,64,0.1
2025-02-07T12:00:00-08:00,68,64,0
2025-02-07T12:30:00-08:00,47,76,0
2025-02-07T13:00:00-08:00,43,73,0.2
2025-02-07T13:30:00-08:00,40,75,0
2025-02-07T14:00:00-08:00,36,78,0
2025-02-07T14:30:00-08:00,30,81,0
2025-02-07T15:00:00-08:00,34,76,0.1
2025-02-07T15:30:00-08:00,37,72,0.1
2025-02-07T16:00:00-08:00,40,70,0.1
2025-02-07T16:30:00-08:00,42,67,0.1
2025-02-07T17:00:00-08:00,46,64,0.1
2025-02-07T17:30:00-08:00,51,62,0.1
2025-02-07T18:00:00-08:00,57,61,0.5
2025-02-07T18:30:00-08:00,61,60,0.4
2025-02-07T19:00:00-08:00,65,59,0.5
2025-02-07T19:30:00-08:00,67,58,1.3
2025-02-07T20:00:00-08:00,69,57,3.7
2025-02-07T20:30:00-08:00,71,57,4
2025-02-07T21:00:00-08:00,73,55,5
2025-02-07T21:30:00-08:00,74,55,4.1
2025-02-07T22:00:00-08:00,75,54,4.7
2025-02-07T22:30:00-08:00,76,53,3.1
2025-02-07T23:00:00-08:00,77,53,7.4
2025-02-07T23:30:00-08:00,78,52,6.7
2025-02-08T00:00:00-08:00,77,52,7.1
2025-02-08T00:30:00-08:00,77,51,4.8
2025-02-08T01:00:00-08:00,78,51,2.1
2025-02-08T01:30:00-08:00,78,50,3.5
2025-02-08T02:00:00-08:00,79,50,2.9
2025-02-08T02:30:00-08:00,78,49,2.8
2025-02-08T03:00:00-08:00,79,49,1.5
2025-02-08T03:30:00-08:00,79,49,1.6
2025-02-08T04:00:00-08:00,79,49,0.8
2025-02-08T04:30:00-08:00,78,48,1.3
2025-02-08T05:00:00-08:00,79,48,2.2
2025-02-08T05:30:00-08:00,79,47,3.3
2025-02-08T06:00:00-08:00,78,47,3.2
2025-02-08T06:30:00-08:00,78,47,2.6
2025-02-08T07:00:00-08:00,78,46,2.2
2025-02-08T07:30:00-08:00,79,47,2.2
2025-02-08T08:00:00-08:00,80,49,1.7
2025-02-08T08:30:00-08:00,56,64,1.8
2025-02-08T09:00:00-08:00,40,70,2.3
2025-02-08T09:30:00-08:00,35,72,0.9
2025-02-08T10:00:00-08:00,32,76,0.5
2025-02-08T10:30:00-08:00,32,73,0.7
2025-02-08T11:00:00-08:00,34,71,0.6
2025-02-08T11:30:00-08:00,34,72,1.1
2025-02-08T12:00:00-08:00,33,74,1.9
2025-02-08T12:30:00-08:00,26,85,1
2025-02-08T13:00:00-08:00,22,89,0.6
2025-02-08T13:30:00-08:00,22,89,0.3
2025-02-08T14:00:00-08:00,22,87,0.3
2025-02-08T14:30:00-08:00,22,84,0
2025-02-08T15:00:00-08:00,25,78,0.1
2025-02-08T15:30:00-08:00,26,75,0
2025-02-08T16:00:00-08:00,26,73,0
2025-02-08T16:30:00-08:00,26,70,0
2025-02-08T17:00:00-08:00,30,68,0.1
2025-02-08T17:30:00-08:00,35,65,0.1
2025-02-08T18:00:00-08:00,41,62,0.3
2025-02-08T18:30:00-08:00,47,61,0.7
2025-02-08T19:00:00-08:00,48,59,2.2
2025-02-08T19:30:00-08:00,48,58,4.8
2025-02-08T20:00:00-08:00,48,56,2.9
2025-02-08T20:30:00-08:00,49,55,1.5
2025-02-08T21:00:00-08:00,51,54,1.3
2025-02-08T21:30:00-08:00,53,53,1
2025-02-08T22:00:00-08:00,55,52,2.3
2025-02-08T22:30:00-08:00,58,51,1.9
2025-02-08T23:00:00-08:00,60,51,2.4
2025-02-08T23:30:00-08:00,60,51,1.7
2025-02-09T00:00:00-08:00,60,50,2.2
2025-02-09T00:30:00-08:00,61,50,2.4
2025-02-09T01:00:00-08:00,63,49,3.6
2025-02-09T01:30:00-08:00,64,48,3.6
2025-02-09T02:00:00-08:00,63,48,2.2
2025-02-09T02:30:00-08:00,61,48,3.2
2025-02-09T03:00:00-08:00,60,48,0.5
2025-02-09T03:30:00-08:00,61,47,0.7
2025-02-09T04:00:00-08:00,62,47,0.7
2025-02-09T04:30:00-08:00,62,46,0.3
2025-02-09T05:00:00-08:00,61,47,0.4
2025-02-09T05:30:00-08:00,60,47,0.2
2025-02-09T06:00:00-08:00,59,47,0.1
2025-02-09T06:30:00-08:00,57,47,0.1
2025-02-09T07:00:00-08:00,56,47,0.2
2025-02-09T07:30:00-08:00,60,47,0.5
2025-02-09T08:00:00-08:00,54,49,0.2
2025-02-09T08:30:00-08:00,35,67,0.1
2025-02-09T09:00:00-08:00,23,75,0
2025-02-09T09:30:00-08:00,22,75,0
2025-02-09T10:00:00-08:00,21,78,0.1
2025-02-09T10:30:00-08:00,22,75,0.2
2025-02-09T11:00:00-08:00,23,72,0.3
2025-02-09T11:30:00-08:00,21,74,0
2025-02-09T12:00:00-08:00,20,76,0
2025-02-09T12:30:00-08:00,15,87,0
2025-02-09T13:00:00-08:00,15,91,0.4
2025-02-09T13:30:00-08:00,15,91,0.5
2025-02-09T14:00:00-08:00,16,89,0.9
2025-02-09T14:30:00-08:00,17,85,0.8
2025-02-09T15:00:00-08:00,21,78,1.2
2025-02-09T15:30:00-08:00,22,75,1.1
2025-02-09T16:00:00-08:00,24,72,1.3
2025-02-09T16:30:00-08:00,26,70,1.2
2025-02-09T17:00:00-08:00,25,68,0.6
2025-02-09T17:30:00-08:00,27,65,0.6
2025-02-09T18:00:00-08:00,30,62,1.2
2025-02-09T18:30:00-08:00,32,60,1.7
2025-02-09T19:00:00-08:00,34,58,0.6
2025-02-09T19:30:00-08:00,36,57,1.3
2025-02-09T20:00:00-08:00,39,56,2.8
2025-02-09T20:30:00-08:00,42,54,3.2
2025-02-09T21:00:00-08:00,43,54,3
2025-02-09T21:30:00-08:00,43,52,2.5
2025-02-09T22:00:00-08:00,44,52,1.2
2025-02-09T22:30:00-08:00,44,51,1.1
2025-02-09T23:00:00-08:00,45,51,1.2
2025-02-09T23:30:00-08:00,46,51,4.2
2025-02-10T00:00:00-08:00,46,50,2.2
2025-02-10T00:30:00-08:00,47,50,4.1
2025-02-10T01:00:00-08:00,48,49,3.4
2025-02-10T01:30:00-08:00,50,49,1
2025-02-10T02:00:00-08:00,50,48,1.6
2025-02-10T02:30:00-08:00,51,48,1.1
2025-02-10T03:00:00-08:00,50,48,1.2
2025-02-10T03:30:00-08:00,49,48,1.4
2025-02-10T04:00:00-08:00,50,47,0.6
2025-02-10T04:30:00-08:00,49,46,0.3
2025-02-10T05:00:00-08:00,46,47,0.2
2025-02-10T05:30:00-08:00,43,48,0.1
2025-02-10T06:00:00-08:00,45,47,0.3
2025-02-10T06:30:00-08:00,48,46,0.8
2025-02-10T07:00:00-08:00,50,45,2.1
2025-02-10T07:30:00-08:00,53,45,4.8
2025-02-10T08:00:00-08:00,51,49,7.5
2025-02-10T08:30:00-08:00,33,67,6.4
2025-02-10T09:00:00-08:00,27,71,7.2
2025-02-10T09:30:00-08:00,26,70,3.6
2025-02-10T10:00:00-08:00,19,75,0.3
2025-02-10T10:30:00-08:00,18,74,0.1
2025-02-10T11:00:00-08:00,19,73,0
2025-02-10T11:30:00-08:00,18,74,0
2025-02-10T12:00:00-08:00,16,77,0
2025-02-10T12:30:00-08:00,13,86,0
2025-02-10T13:00:00-08:00,13,86,0.1
2025-02-10T13:30:00-08:00,13,87,0.1
2025-02-10T14:00:00-08:00,14,84,0.1
2025-02-10T14:30:00-08:00,16,82,0.2
2025-02-10T15:00:00-08:00,18,78,0.4
2025-02-10T15:30:00-08:00,21,76,0.5
2025-02-10T16:00:00-08:00,23,73,0.5
2025-02-10T16:30:00-08:00,25,71,0.7
2025-02-10T17:00:00-08:00,33,68,1.5
2025-02-10T17:30:00-08:00,38,66,1.7
2025-02-10T18:00:00-08:00,39,64,1.3
2025-02-10T18:30:00-08:00,40,63,1.3
2025-02-10T19:00:00-08:00,41,62,1.6
2025-02-10T19:30:00-08:00,42,61,2.9
2025-02-10T20:00:00-08:00,45,60,3.5
2025-02-10T20:30:00-08:00,45,58,3.7
2025-02-10T21:00:00-08:00,46,58,6.5
2025-02-10T21:30:00-08:00,47,57,4.3
2025-02-10T22:00:00-08:00,49,56,4.8
2025-02-10T22:30:00-08:00,50,56,4
2025-02-10T23:00:00-08:00,51,55,3.7
2025-02-10T23:30:00-08:00,52,55,4.6
2025-02-11T00:00:00-08:00,53,54,4.7
2025-02-11T00:30:00-08:00,53,54,2.6
2025-02-11T01:00:00-08:00,54,54,3.1
2025-02-11T01:30:00-08:00,54,53,3.9
2025-02-11T02:00:00-08:00,55,52,2.2
2025-02-11T02:30:00-08:00,56,52,1.9
2025-02-11T03:00:00-08:00,57,52,1.7
2025-02-11T03:30:00-08:00,56,51,1.8
2025-02-11T04:00:00-08:00,56,51,1.9
2025-02-11T04:30:00-08:00,58,51,1.5
2025-02-11T05:00:00-08:00,59,51,1.5
2025-02-11T05:30:00-08:00,58,51,1.4
2025-02-11T06:00:00-08:00,57,50,1.7
2025-02-11T06:30:00-08:00,57,50,2.6
2025-02-11T07:00:00-08:00,58,50,2.5
2025-02-11T07:30:00-08:00,59,50,3
2025-02-11T08:00:00-08:00,59,51,4.3
2025-02-11T08:30:00-08:00,57,53,5
2025-02-11T09:00:00-08:00,50,57,5
2025-02-11T09:30:00-08:00,46,60,5.2
2025-02-11T10:00:00-08:00,43,62,4.3
2025-02-11T10:30:00-08:00,43,63,2.8
2025-02-11T11:00:00-08:00,42,65,2.4
2025-02-11T11:30:00-08:00,40,66,2.4
2025-02-11T12:00:00-08:00,40,66,2.3
2025-02-11T12:30:00-08:00,38,67,1.9
2025-02-11T13:00:00-08:00,37,68,1.8
2025-02-11T13:30:00-08:00,34,67,1.4
2025-02-11T14:00:00-08:00,36,66,1.2
2025-02-11T14:30:00-08:00,38,64,1.3
2025-02-11T15:00:00-08:00,40,63,1.5
2025-02-11T15:30:00-08:00,41,62,1.4
2025-02-11T16:00:00-08:00,42,61,1.3
2025-02-11T16:30:00-08:00,43,61,1.4
2025-02-11T17:00:00-08:00,43,61,1.5
2025-02-11T17:30:00-08:00,43,61,1.3
2025-02-11T18:00:00-08:00,43,61,1.5
2025-02-11T18:30:00-08:00,42,61,2.5
2025-02-11T19:00:00-08:00,44,60,2.7
2025-02-11T19:30:00-08:00,46,60,4.6
2025-02-11T20:00:00-08:00,46,60,2.1
2025-02-11T20:30:00-08:00,45,58,0.5
2025-02-11T21:00:00-08:00,50,58,1.4
2025-02-11T21:30:00-08:00,53,57,1.4
2025-02-11T22:00:00-08:00,55,57,2
2025-02-11T22:30:00-08:00,56,57,1
2025-02-11T23:00:00-08:00,54,57,0.7
2025-02-11T23:30:00-08:00,57,57,0.8
2025-02-12T00:00:00-08:00,57,57,1
2025-02-12T00:30:00-08:00,58,56,0.7
2025-02-12T01:00:00-08:00,58,56,4
2025-02-12T01:30:00-08:00,60,56,2.3
2025-02-12T02:00:00-08:00,60,56,0.9
2025-02-12T02:30:00-08:00,56,55,0.1
2025-02-12T03:00:00-08:00,55,55,0.3
2025-02-12T03:30:00-08:00,54,56,0.3
2025-02-12T04:00:00-08:00,58,56,0.4
2025-02-12T04:30:00-08:00,57,56,0.5
2025-02-12T05:00:00-08:00,54,56,1.2
2025-02-12T05:30:00-08:00,53,56,0.9
2025-02-12T06:00:00-08:00,53,55,0.9
2025-02-12T06:30:00-08:00,55,54,1.3
2025-02-12T07:00:00-08:00,55,54,1.1
2025-02-12T07:30:00-08:00,55,54,1.3
2025-02-12T08:00:00-08:00,56,54,1.7
2025-02-12T08:30:00-08:00,54,56,1.9
2025-02-12T09:00:00-08:00,49,58,2.1
2025-02-12T09:30:00-08:00,45,61,2
2025-02-12T10:00:00-08:00,42,62,1.9
2025-02-12T10:30:00-08:00,42,62,3.1
2025-02-12T11:00:00-08:00,41,63,3.8
2025-02-12T11:30:00-08:00,41,63,4.6
2025-02-12T12:00:00-08:00,41,64,4.7
2025-02-12T12:30:00-08:00,40,66,4.3
2025-02-12T13:00:00-08:00,39,66,4.6
2025-02-12T13:30:00-08:00,39,65,6
2025-02-12T14:00:00-08:00,40,64,7.8
2025-02-12T14:30:00-08:00,41,64,7.6
2025-02-12T15:00:00-08:00,41,64,7.8
2025-02-12T15:30:00-08:00,42,64,6.9
2025-02-12T16:00:00-08:00,43,64,5.7
2025-02-12T16:30:00-08:00,43,65,5.2
2025-02-12T17:00:00-08:00,43,64,5.3
2025-02-12T17:30:00-08:00,44,64,5.3
2025-02-12T18:00:00-08:00,45,64,5.6
2025-02-12T18:30:00-08:00,49,63,6.2
2025-02-12T19:00:00-08:00,53,62,6.3
2025-02-12T19:30:00-08:00,61,62,7.6
2025-02-12T20:00:00-08:00,69,62,7.6
2025-02-12T20:30:00-08:00,72,61,6.6
2025-02-12T21:00:00-08:00,76,61,9.6
2025-02-12T21:30:00-08:00,78,61,5.3
2025-02-12T22:00:00-08:00,82,60,4.1
2025-02-12T22:30:00-08:00,84,61,4.4
2025-02-12T23:00:00-08:00,86,61,1.2
2025-02-12T23:30:00-08:00,98,60,0
2025-02-13T00:00:00-08:00,100,59,0
2025-02-13T00:30:00-08:00,100,59,0
2025-02-13T01:00:00-08:00,100,59,0
2025-02-13T01:30:00-08:00,100,60,0
2025-02-13T02:00:00-08:00,100,60,0
2025-02-13T02:30:00-08:00,100,60,0
2025-02-13T03:00:00-08:00,100,59,0
2025-02-13T03:30:00-08:00,100,59,0
2025-02-13T04:00:00-08:00,100,60,0
2025-02-13T04:30:00-08:00,100,61,0
2025-02-13T05:00:00-08:00,100,62,0.1
2025-02-13T05:30:00-08:00,100,62,0.1
2025-02-13T06:00:00-08:00,100,62,0
2025-02-13T06:30:00-08:00,100,62,0
2025-02-13T07:00:00-08:00,100,62,0
2025-02-13T07:30:00-08:00,100,61,0
2025-02-13T08:00:00-08:00,100,61,0.1
2025-02-13T08:30:00-08:00,100,62,0.3
2025-02-13T09:00:00-08:00,99,62,0.1
2025-02-13T09:30:00-08:00,88,63,0.3
2025-02-13T10:00:00-08:00,79,64,0.3
2025-02-13T10:30:00-08:00,77,64,0.4
2025-02-13T11:00:00-08:00,83,63,0.8
2025-02-13T11:30:00-08:00,91,62,1.2
2025-02-13T12:00:00-08:00,100,61,1
2025-02-13T12:30:00-08:00,100,61,0.4
2025-02-13T13:00:00-08:00,98,63,0.2
2025-02-13T13:30:00-08:00,93,63,0.5
2025-02-13T14:00:00-08:00,85,64,2
2025-02-13T14:30:00-08:00,80,64,2.1
2025-02-13T15:00:00-08:00,74,65,2.3
2025-02-13T15:30:00-08:00,77,64,2.2
2025-02-13T16:00:00-08:00,87,63,2.8
2025-02-13T16:30:00-08:00,90,63,2.7
2025-02-13T17:00:00-08:00,86,64,2.5
2025-02-13T17:30:00-08:00,82,63,2.6
2025-02-13T18:00:00-08:00,88,62,3.2
2025-02-13T18:30:00-08:00,91,62,3.4
2025-02-13T19:00:00-08:00,91,62,2.9
2025-02-13T19:30:00-08:00,94,62,1.6
2025-02-13T20:00:00-08:00,100,61,1.5
2025-02-13T20:30:00-08:00,99,62,0.9
2025-02-13T21:00:00-08:00,94,62,1
2025-02-13T21:30:00-08:00,93,62,0.8
2025-02-13T22:00:00-08:00,95,62,0.7
2025-02-13T22:30:00-08:00,98,61,0.7
2025-02-13T23:00:00-08:00,98,61,0.4
2025-02-13T23:30:00-08:00,94,61,1.3
2025-02-14T00:00:00-08:00,91,61,2.5
2025-02-14T00:30:00-08:00,89,61,2.6
2025-02-14T01:00:00-08:00,88,60,3.3
2025-02-14T01:30:00-08:00,86,60,3
2025-02-14T02:00:00-08:00,90,60,1.9
2025-02-14T02:30:00-08:00,87,60,1
2025-02-14T03:00:00-08:00,87,60,1.4
2025-02-14T03:30:00-08:00,85,60,1.9
2025-02-14T04:00:00-08:00,83,60,2.3
2025-02-14T04:30:00-08:00,80,60,1.8
2025-02-14T05:00:00-08:00,79,59,0.7
2025-02-14T05:30:00-08:00,81,59,1.4
2025-02-14T06:00:00-08:00,82,59,1.9
2025-02-14T06:30:00-08:00,76,59,1.7
2025-02-14T07:00:00-08:00,76,59,2
2025-02-14T07:30:00-08:00,74,59,2.1
2025-02-14T08:00:00-08:00,75,60,2.2
2025-02-14T08:30:00-08:00,75,60,2.6
2025-02-14T09:00:00-08:00,69,61,2.9
2025-02-14T09:30:00-08:00,65,61,3.1
2025-02-14T10:00:00-08:00,63,61,2.8
2025-02-14T10:30:00-08:00,63,62,2.7
2025-02-14T11:00:00-08:00,64,62,2.9
2025-02-14T11:30:00-08:00,59,64,2.8
2025-02-14T12:00:00-08:00,52,66,2.9
2025-02-14T12:30:00-08:00,46,69,2.9
2025-02-14T13:00:00-08:00,40,74,2.6
2025-02-14T13:30:00-08:00,33,78,2.3
2025-02-14T14:00:00-08:00,31,77,1.9
2025-02-14T14:30:00-08:00,33,74,1.9
2025-02-14T15:00:00-08:00,35,72,2
2025-02-14T15:30:00-08:00,37,70,2.3
2025-02-14T16:00:00-08:00,39,69,2.4
2025-02-14T16:30:00-08:00,40,66,2.3
2025-02-14T17:00:00-08:00,41,65,2
2025-02-14T17:30:00-08:00,44,65,2.9
2025-02-14T18:00:00-08:00,46,63,3.5
2025-02-14T18:30:00-08:00,48,63,3.1
2025-02-14T19:00:00-08:00,50,62,4.3
2025-02-14T19:30:00-08:00,53,61,7.4
2025-02-14T20:00:00-08:00,55,60,5.3
2025-02-14T20:30:00-08:00,56,59,8.2
2025-02-14T21:00:00-08:00,58,58,10.8
2025-02-14T21:30:00-08:00,59,58,11.4
2025-02-14T22:00:00-08:00,60,57,5.7
2025-02-14T22:30:00-08:00,61,56,6.5
2025-02-14T23:00:00-08:00,62,56,5.4
2025-02-14T23:30:00-08:00,62,56,4.7
2025-02-15T00:00:00-08:00,63,55,7.5
2025-02-15T00:30:00-08:00,63,55,5.1
2025-02-15T01:00:00-08:00,63,55,4.7
2025-02-15T01:30:00-08:00,64,54,3.3
2025-02-15T02:00:00-08:00,64,54,3.2
2025-02-15T02:30:00-08:00,65,53,3.9
2025-02-15T03:00:00-08:00,64,53,4.1
2025-02-15T03:30:00-08:00,64,53,3.3
2025-02-15T04:00:00-08:00,64,52,2.8
2025-02-15T04:30:00-08:00,65,52,2
2025-02-15T05:00:00-08:00,65,52,2.1
2025-02-15T05:30:00-08:00,66,52,1.9
2025-02-15T06:00:00-08:00,65,52,1.6
2025-02-15T06:30:00-08:00,66,51,2.7
2025-02-15T07:00:00-08:00,68,52,2.6
2025-02-15T07:30:00-08:00,68,53,2.5
2025-02-15T08:00:00-08:00,67,54,2.2
2025-02-15T08:30:00-08:00,65,55,1.7
2025-02-15T09:00:00-08:00,62,58,2.4
2025-02-15T09:30:00-08:00,56,61,4.9
2025-02-15T10:00:00-08:00,52,64,5.3
2025-02-15T10:30:00-08:00,48,66,4.3
2025-02-15T11:00:00-08:00,45,67,2.3
2025-02-15T11:30:00-08:00,41,69,0.6
2025-02-15T12:00:00-08:00,39,71,2.3
2025-02-15T12:30:00-08:00,39,71,4.4
2025-02-15T13:00:00-08:00,38,73,4.1
2025-02-15T13:30:00-08:00,32,80,3.5
2025-02-15T14:00:00-08:00,32,77,2.9
2025-02-15T14:30:00-08:00,32,75,1.6
2025-02-15T15:00:00-08:00,35,73,2
2025-02-15T15:30:00-08:00,37,73,2.1
2025-02-15T16:00:00-08:00,39,72,2.1
2025-02-15T16:30:00-08:00,40,71,3.2
2025-02-15T17:00:00-08:00,42,70,3.4
2025-02-15T17:30:00-08:00,43,68,3.9
2025-02-15T18:00:00-08:00,45,67,3.9
2025-02-15T18:30:00-08:00,45,66,4.6
2025-02-15T19:00:00-08:00,47,65,6.3
2025-02-15T19:30:00-08:00,47,64,4.6
2025-02-15T20:00:00-08:00,48,63,3.4
2025-02-15T20:30:00-08:00,49,62,3.8
2025-02-15T21:00:00-08:00,50,61,3.3
2025-02-15T21:30:00-08:00,52,60,2.7
2025-02-15T22:00:00-08:00,53,60,2.2
2025-02-15T22:30:00-08:00,54,59,2.7
2025-02-15T23:00:00-08:00,55,58,2.7
2025-02-15T23:30:00-08:00,56,58,2.6
2025-02-16T00:00:00-08:00,56,58,1.9
2025-02-16T00:30:00-08:00,58,58,1.8
2025-02-16T01:00:00-08:00,59,57,2.4
2025-02-16T01:30:00-08:00,61,56,3.3
2025-02-16T02:00:00-08:00,62,56,3.3
2025-02-16T02:30:00-08:00,62,56,2.5
2025-02-16T03:00:00-08:00,63,55,2.6
2025-02-16T03:30:00-08:00,64,55,1.8
2025-02-16T04:00:00-08:00,63,56,2
2025-02-16T04:30:00-08:00,64,55,3.8
2025-02-16T05:00:00-08:00,67,55,8
2025-02-16T05:30:00-08:00,65,55,7.2
2025-02-16T06:00:00-08:00,65,55,5
2025-02-16T06:30:00-08:00,65,54,4.6
2025-02-16T07:00:00-08:00,66,54,3.2
2025-02-16T07:30:00-08:00,66,55,2.2
2025-02-16T08:00:00-08:00,66,57,4.3
2025-02-16T08:30:00-08:00,59,59,1.7
2025-02-16T09:00:00-08:00,55,60,5.5
2025-02-16T09:30:00-08:00,58,60,10.7
2025-02-16T10:00:00-08:00,56,61,14.8
2025-02-16T10:30:00-08:00,52,64,14.2
2025-02-16T11:00:00-08:00,50,65,12
2025-02-16T11:30:00-08:00,48,66,10.5
2025-02-16T12:00:00-08:00,44,67,7
2025-02-16T12:30:00-08:00,41,70,5.3
2025-02-16T13:00:00-08:00,39,71,3.8
2025-02-16T13:30:00-08:00,37,71,3.3
2025-02-16T14:00:00-08:00,34,71,2.3
2025-02-16T14:30:00-08:00,36,71,2.3
2025-02-16T15:00:00-08:00,37,71,2.5
2025-02-16T15:30:00-08:00,37,71,2.5
2025-02-16T16:00:00-08:00,39,70,2.1
2025-02-16T16:30:00-08:00,40,70,2.7
2025-02-16T17:00:00-08:00,42,70,3.2
2025-02-16T17:30:00-08:00,45,69,3.1
2025-02-16T18:00:00-08:00,47,68,2.5
2025-02-16T18:30:00-08:00,51,68,2.6
2025-02-16T19:00:00-08:00,58,66,0.9
2025-02-16T19:30:00-08:00,62,66,1.1
2025-02-16T20:00:00-08:00,66,65,1.2
2025-02-16T20:30:00-08:00,68,65,0.7
2025-02-16T21:00:00-08:00,71,64,1.6
2025-02-16T21:30:00-08:00,73,64,1.2
2025-02-16T22:00:00-08:00,74,64,2.7
2025-02-16T22:30:00-08:00,75,63,2.8
2025-02-16T23:00:00-08:00,76,63,2.5
2025-02-16T23:30:00-08:00,75,63,1.1
2025-02-17T00:00:00-08:00,75,63,1.7
2025-02-17T00:30:00-08:00,74,63,3.6
2025-02-17T01:00:00-08:00,74,63,4.2
2025-02-17T01:30:00-08:00,73,62,4.5
2025-02-17T02:00:00-08:00,72,62,3.7
2025-02-17T02:30:00-08:00,72,62,3.3
2025-02-17T03:00:00-08:00,70,61,4.6
2025-02-17T03:30:00-08:00,70,60,4.7
2025-02-17T04:00:00-08:00,70,60,3.5
2025-02-17T04:30:00-08:00,71,59,3.5
2025-02-17T05:00:00-08:00,71,59,3.5
2025-02-17T05:30:00-08:00,74,59,2.4
2025-02-17T06:00:00-08:00,74,60,2
2025-02-17T06:30:00-08:00,73,60,2.5
2025-02-17T07:00:00-08:00,72,60,2.1
2025-02-17T07:30:00-08:00,72,60,2.3
2025-02-17T08:00:00-08:00,72,60,2.3
2025-02-17T08:30:00-08:00,71,60,2.8
2025-02-17T09:00:00-08:00,69,61,3.2
2025-02-17T09:30:00-08:00,66,61,2.9
2025-02-17T10:00:00-08:00,63,62,2.6
2025-02-17T10:30:00-08:00,57,64,2
2025-02-17T11:00:00-08:00,53,66,1.9
2025-02-17T11:30:00-08:00,50,68,1.6
2025-02-17T12:00:00-08:00,49,67,1.7
2025-02-17T12:30:00-08:00,48,68,2
2025-02-17T13:00:00-08:00,43,73,1.6
2025-02-17T13:30:00-08:00,38,77,1.8
2025-02-17T14:00:00-08:00,36,78,1.8
2025-02-17T14:30:00-08:00,38,75,1.7
2025-02-17T15:00:00-08:00,42,73,2.9
2025-02-17T15:30:00-08:00,43,71,1.9
2025-02-17T16:00:00-08:00,42,70,1.3
2025-02-17T16:30:00-08:00,42,69,1.1
2025-02-17T17:00:00-08:00,43,68,0.9
2025-02-17T17:30:00-08:00,46,66,1.1
2025-02-17T18:00:00-08:00,48,64,1
2025-02-17T18:30:00-08:00,52,63,1.4
2025-02-17T19:00:00-08:00,55,62,2.4
2025-02-17T19:30:00-08:00,59,62,1.6
2025-02-17T20:00:00-08:00,61,61,2.7
2025-02-17T20:30:00-08:00,62,60,2.8
2025-02-17T21:00:00-08:00,64,59,3
2025-02-17T21:30:00-08:00,66,58,4.4
2025-02-17T22:00:00-08:00,67,57,5.1
2025-02-17T22:30:00-08:00,69,57,5.5
2025-02-17T23:00:00-08:00,70,56,4.2
2025-02-17T23:30:00-08:00,70,56,2.7
2025-02-18T00:00:00-08:00,71,55,2.8
2025-02-18T00:30:00-08:00,72,55,2.7
2025-02-18T01:00:00-08:00,73,55,1.9
2025-02-18T01:30:00-08:00,73,54,1.6
2025-02-18T02:00:00-08:00,72,54,1.6
2025-02-18T02:30:00-08:00,72,54,1.6
2025-02-18T03:00:00-08:00,74,54,1.7
2025-02-18T03:30:00-08:00,73,53,1.6
2025-02-18T04:00:00-08:00,74,53,1.4
2025-02-18T04:30:00-08:00,74,53,1.3
2025-02-18T05:00:00-08:00,74,53,0.9
2025-02-18T05:30:00-08:00,73,53,0.8
2025-02-18T06:00:00-08:00,73,52,0.8
2025-02-18T06:30:00-08:00,75,52,1.1
2025-02-18T07:00:00-08:00,75,53,1.2
2025-02-18T07:30:00-08:00,76,54,1.6
2025-02-18T08:00:00-08:00,74,56,2.1
2025-02-18T08:30:00-08:00,57,64,1.2
2025-02-18T09:00:00-08:00,46,69,1.4
2025-02-18T09:30:00-08:00,41,71,2.6
2025-02-18T10:00:00-08:00,41,71,3.4
2025-02-18T10:30:00-08:00,41,72,4.4
2025-02-18T11:00:00-08:00,41,74,4.3
2025-02-18T11:30:00-08:00,38,76,2.5
2025-02-18T12:00:00-08:00,37,79,3.9
2025-02-18T12:30:00-08:00,33,82,4.6
2025-02-18T13:00:00-08:00,31,83,3.7
2025-02-18T13:30:00-08:00,32,81,2.7
2025-02-18T14:00:00-08:00,32,81,2.2
2025-02-18T14:30:00-08:00,32,80,2
2025-02-18T15:00:00-08:00,34,78,1.9
2025-02-18T15:30:00-08:00,34,77,2
2025-02-18T16:00:00-08:00,34,77,1.8
2025-02-18T16:30:00-08:00,35,75,1.6
2025-02-18T17:00:00-08:00,41,72,2.5
2025-02-18T17:30:00-08:00,42,70,2.7
2025-02-18T18:00:00-08:00,43,69,2.5
2025-02-18T18:30:00-08:00,47,67,4.2
2025-02-18T19:00:00-08:00,49,66,4.5
2025-02-18T19:30:00-08:00,51,66,4.8
2025-02-18T20:00:00-08:00,53,64,5.7
2025-02-18T20:30:00-08:00,54,64,5.9
2025-02-18T21:00:00-08:00,56,63,7
2025-02-18T21:30:00-08:00,58,63,7
2025-02-18T22:00:00-08:00,60,62,6.7
2025-02-18T22:30:00-08:00,62,61,7.8
2025-02-18T23:00:00-08:00,64,61,6.5
2025-02-18T23:30:00-08:00,66,61,5.8
2025-02-19T00:00:00-08:00,67,60,7.9
2025-02-19T00:30:00-08:00,67,60,10.1
2025-02-19T01:00:00-08:00,68,59,6
2025-02-19T01:30:00-08:00,69,59,4.7
2025-02-19T02:00:00-08:00,69,59,5.2
2025-02-19T02:30:00-08:00,69,60,4.9
2025-02-19T03:00:00-08:00,71,60,4.7
2025-02-19T03:30:00-08:00,72,60,4.9
2025-02-19T04:00:00-08:00,71,60,4.7
2025-02-19T04:30:00-08:00,71,59,4.4
2025-02-19T05:00:00-08:00,71,59,4.4
2025-02-19T05:30:00-08:00,72,58,4.5
2025-02-19T06:00:00-08:00,74,58,6
2025-02-19T06:30:00-08:00,75,58,8
2025-02-19T07:00:00-08:00,75,57,8.3
2025-02-19T07:30:00-08:00,77,57,9.6
2025-02-19T08:00:00-08:00,74,61,7.4
2025-02-19T08:30:00-08:00,53,69,4.9
2025-02-19T09:00:00-08:00,38,78,3.4
2025-02-19T09:30:00-08:00,36,78,2.8
2025-02-19T10:00:00-08:00,40,72,3.2
2025-02-19T10:30:00-08:00,44,70,2.4
2025-02-19T11:00:00-08:00,47,69,2.4
2025-02-19T11:30:00-08:00,57,69,2.7
2025-02-19T12:00:00-08:00,69,68,3.1
2025-02-19T12:30:00-08:00,74,67,3.5
2025-02-19T13:00:00-08:00,71,69,3.2
2025-02-19T13:30:00-08:00,73,68,2.7
2025-02-19T14:00:00-08:00,74,68,2.6
2025-02-19T14:30:00-08:00,76,68,1.7
2025-02-19T15:00:00-08:00,69,69,0
2025-02-19T15:30:00-08:00,65,70,0
2025-02-19T16:00:00-08:00,62,70,0.3
2025-02-19T16:30:00-08:00,62,69,0.8
2025-02-19T17:00:00-08:00,64,69,1.1
2025-02-19T17:30:00-08:00,66,67,1.3
2025-02-19T18:00:00-08:00,70,66,1.7
2025-02-19T18:30:00-08:00,73,65,2.3
2025-02-19T19:00:00-08:00,75,64,3.2
2025-02-19T19:30:00-08:00,78,63,3.9
2025-02-19T20:00:00-08:00,79,63,5.1
2025-02-19T20:30:00-08:00,79,62,7.8
2025-02-19T21:00:00-08:00,79,61,8.1
2025-02-19T21:30:00-08:00,80,60,8
2025-02-19T22:00:00-08:00,80,59,7.2
2025-02-19T22:30:00-08:00,80,59,7.7
2025-02-19T23:00:00-08:00,80,58,6.6
2025-02-19T23:30:00-08:00,80,58,5
2025-02-20T00:00:00-08:00,81,57,4
2025-02-20T00:30:00-08:00,81,57,3
2025-02-20T01:00:00-08:00,83,57,2.8
2025-02-20T01:30:00-08:00,82,57,3.5
2025-02-20T02:00:00-08:00,81,56,4.6
2025-02-20T02:30:00-08:00,80,55,4.9
2025-02-20T03:00:00-08:00,81,55,5.8
2025-02-20T03:30:00-08:00,81,54,6.3
2025-02-20T04:00:00-08:00,81,54,7.2
2025-02-20T04:30:00-08:00,80,53,7.6
2025-02-20T05:00:00-08:00,80,53,7.4
2025-02-20T05:30:00-08:00,80,53,6.8
2025-02-20T06:00:00-08:00,80,53,7.2
2025-02-20T06:30:00-08:00,81,52,7.3
2025-02-20T07:00:00-08:00,82,52,8.5
2025-02-20T07:30:00-08:00,88,54,10.2
2025-02-20T08:00:00-08:00,90,57,9.6
2025-02-20T08:30:00-08:00,71,66,13.3
2025-02-20T09:00:00-08:00,47,75,12.5
2025-02-20T09:30:00-08:00,39,79,9.9
2025-02-20T10:00:00-08:00,37,79,6.3
2025-02-20T10:30:00-08:00,35,79,3.7
2025-02-20T11:00:00-08:00,36,78,3.8
2025-02-20T11:30:00-08:00,34,80,2.9
2025-02-20T12:00:00-08:00,30,84,2
2025-02-20T12:30:00-08:00,23,91,1.1
2025-02-20T13:00:00-08:00,19,94,0.6
2025-02-20T13:30:00-08:00,18,94,0.6
2025-02-20T14:00:00-08:00,19,92,0.7
2025-02-20T14:30:00-08:00,22,87,0.5
2025-02-20T15:00:00-08:00,24,84,0.7
2025-02-20T15:30:00-08:00,24,82,0.7
2025-02-20T16:00:00-08:00,26,81,0.8
2025-02-20T16:30:00-08:00,28,79,1
2025-02-20T17:00:00-08:00,31,77,1.3
2025-02-20T17:30:00-08:00,34,75,1.6
2025-02-20T18:00:00-08:00,37,73,2.5
2025-02-20T18:30:00-08:00,40,71,3.4
2025-02-20T19:00:00-08:00,45,69,2.5
2025-02-20T19:30:00-08:00,48,68,3.6
2025-02-20T20:00:00-08:00,51,66,4.1
2025-02-20T20:30:00-08:00,52,65,5.2
2025-02-20T21:00:00-08:00,46,64,1.7
2025-02-20T21:30:00-08:00,45,63,1.8
2025-02-20T22:00:00-08:00,46,62,1.7
2025-02-20T22:30:00-08:00,48,61,3.8
2025-02-20T23:00:00-08:00,51,60,5.5
2025-02-20T23:30:00-08:00,50,60,2.9
2025-02-21T00:00:00-08:00,50,59,1.4
2025-02-21T00:30:00-08:00,50,59,1.5
2025-02-21T01:00:00-08:00,50,58,3.1
2025-02-21T01:30:00-08:00,50,57,2.1
2025-02-21T02:00:00-08:00,50,57,2.4
2025-02-21T02:30:00-08:00,50,57,1.4
2025-02-21T03:00:00-08:00,50,56,0.9
2025-02-21T03:30:00-08:00,50,56,0.5
2025-02-21T04:00:00-08:00,51,55,0.8
2025-02-21T04:30:00-08:00,51,55,0.3
2025-02-21T05:00:00-08:00,46,55,0.1
2025-02-21T05:30:00-08:00,47,57,0.9
2025-02-21T06:00:00-08:00,52,57,4.8
2025-02-21T06:30:00-08:00,56,56,7.5
2025-02-21T07:00:00-08:00,58,56,7.8
2025-02-21T07:30:00-08:00,57,56,4.5
2025-02-21T08:00:00-08:00,56,57,6
2025-02-21T08:30:00-08:00,54,59,6.3
2025-02-21T09:00:00-08:00,46,63,3.8
2025-02-21T09:30:00-08:00,36,67,1.3
2025-02-21T10:00:00-08:00,32,70,0.3
2025-02-21T10:30:00-08:00,31,72,0.3
2025-02-21T11:00:00-08:00,29,74,0.3
2025-02-21T11:30:00-08:00,28,76,0.3
2025-02-21T12:00:00-08:00,25,78,0.3
2025-02-21T12:30:00-08:00,22,82,0.3
2025-02-21T13:00:00-08:00,20,88,0.7
2025-02-21T13:30:00-08:00,19,92,1.1
2025-02-21T14:00:00-08:00,18,91,0.7
2025-02-21T14:30:00-08:00,20,89,0.9
2025-02-21T15:00:00-08:00,21,86,1
2025-02-21T15:30:00-08:00,22,85,1
2025-02-21T16:00:00-08:00,23,82,1.1
2025-02-21T16:30:00-08:00,28,80,2.3
2025-02-21T17:00:00-08:00,32,78,2.8
2025-02-21T17:30:00-08:00,35,76,3
2025-02-21T18:00:00-08:00,36,73,3.5
2025-02-21T18:30:00-08:00,38,72,3.9
2025-02-21T19:00:00-08:00,41,70,5
2025-02-21T19:30:00-08:00,44,68,5
2025-02-21T20:00:00-08:00,41,67,3.4
2025-02-21T20:30:00-08:00,41,66,3.1
2025-02-21T21:00:00-08:00,44,65,3.8
2025-02-21T21:30:00-08:00,45,64,4.5
2025-02-21T22:00:00-08:00,44,63,3.1
2025-02-21T22:30:00-08:00,44,62,2.7
2025-02-21T23:00:00-08:00,45,61,4.9
2025-02-21T23:30:00-08:00,45,61,3.3
2025-02-22T00:00:00-08:00,46,60,6.2
2025-02-22T00:30:00-08:00,47,60,4.3
2025-02-22T01:00:00-08:00,49,59,3
2025-02-22T01:30:00-08:00,49,59,3.9
2025-02-22T02:00:00-08:00,50,59,2.7
2025-02-22T02:30:00-08:00,50,59,2.5
2025-02-22T03:00:00-08:00,51,58,2.7
2025-02-22T03:30:00-08:00,50,58,1.6
2025-02-22T04:00:00-08:00,51,58,1.8
2025-02-22T04:30:00-08:00,53,57,2.3
2025-02-22T05:00:00-08:00,52,57,1.5
2025-02-22T05:30:00-08:00,50,57,1.4
2025-02-22T06:00:00-08:00,50,56,1.3
2025-02-22T06:30:00-08:00,50,57,1.3
2025-02-22T07:00:00-08:00,52,56,1.9
2025-02-22T07:30:00-08:00,54,57,2.9
2025-02-22T08:00:00-08:00,50,59,1.2
2025-02-22T08:30:00-08:00,46,62,1.7
2025-02-22T09:00:00-08:00,42,65,2.1
2025-02-22T09:30:00-08:00,37,69,3.1
2025-02-22T10:00:00-08:00,37,71,5.1
2025-02-22T10:30:00-08:00,35,73,4.8
2025-02-22T11:00:00-08:00,34,75,4.8
2025-02-22T11:30:00-08:00,30,76,3.4
2025-02-22T12:00:00-08:00,28,79,3.2
2025-02-22T12:30:00-08:00,25,84,3.1
2025-02-22T13:00:00-08:00,25,89,5.5
2025-02-22T13:30:00-08:00,24,90,7.6
2025-02-22T14:00:00-08:00,24,88,6.4
2025-02-22T14:30:00-08:00,24,86,5.9
2025-02-22T15:00:00-08:00,24,85,4
2025-02-22T15:30:00-08:00,24,83,2.2
2025-02-22T16:00:00-08:00,26,81,2.7
2025-02-22T16:30:00-08:00,34,79,6
2025-02-22T17:00:00-08:00,37,76,6.8
2025-02-22T17:30:00-08:00,40,74,6.9
2025-02-22T18:00:00-08:00,42,73,5.6
2025-02-22T18:30:00-08:00,44,72,6.9
2025-02-22T19:00:00-08:00,44,71,7
2025-02-22T19:30:00-08:00,44,71,6.2
2025-02-22T20:00:00-08:00,44,70,4.3
2025-02-22T20:30:00-08:00,45,69,4.9
2025-02-22T21:00:00-08:00,46,69,5.9
2025-02-22T21:30:00-08:00,48,69,6.9
2025-02-22T22:00:00-08:00,50,68,6.8
2025-02-22T22:30:00-08:00,52,68,6.3
2025-02-22T23:00:00-08:00,53,67,6.8
2025-02-22T23:30:00-08:00,52,67,2.9
2025-02-23T00:00:00-08:00,55,66,2.6
2025-02-23T00:30:00-08:00,59,66,3.5
2025-02-23T01:00:00-08:00,61,65,4.2
2025-02-23T01:30:00-08:00,61,64,3.9
2025-02-23T02:00:00-08:00,61,63,7.1
2025-02-23T02:30:00-08:00,60,63,9
2025-02-23T03:00:00-08:00,58,62,6.6
2025-02-23T03:30:00-08:00,58,61,4.8
2025-02-23T04:00:00-08:00,57,61,3
2025-02-23T04:30:00-08:00,56,61,2
2025-02-23T05:00:00-08:00,59,61,2.4
2025-02-23T05:30:00-08:00,58,61,1.8
2025-02-23T06:00:00-08:00,58,60,1.8
2025-02-23T06:30:00-08:00,61,60,2.8
2025-02-23T07:00:00-08:00,62,60,3
2025-02-23T07:30:00-08:00,63,61,3.1
2025-02-23T08:00:00-08:00,63,63,3.9
2025-02-23T08:30:00-08:00,64,63,5.4
2025-02-23T09:00:00-08:00,64,64,6
2025-02-23T09:30:00-08:00,64,66,6.6
2025-02-23T10:00:00-08:00,62,67,6.7
2025-02-23T10:30:00-08:00,60,69,6.3
2025-02-23T11:00:00-08:00,53,71,4.3
2025-02-23T11:30:00-08:00,48,73,2.7
2025-02-23T12:00:00-08:00,46,74,2.2
2025-02-23T12:30:00-08:00,44,75,2.4
2025-02-23T13:00:00-08:00,39,77,1.6
2025-02-23T13:30:00-08:00,37,78,1.5
2025-02-23T14:00:00-08:00,37,78,1.7
2025-02-23T14:30:00-08:00,40,77,2.1
2025-02-23T15:00:00-08:00,43,75,2.3
2025-02-23T15:30:00-08:00,47,74,2.6
2025-02-23T16:00:00-08:00,50,73,3
2025-02-23T16:30:00-08:00,53,72,3.1
2025-02-23T17:00:00-08:00,55,71,3.7
2025-02-23T17:30:00-08:00,58,71,4.3
2025-02-23T18:00:00-08:00,62,70,3.8
2025-02-23T18:30:00-08:00,65,70,4.5
2025-02-23T19:00:00-08:00,67,69,4.4
2025-02-23T19:30:00-08:00,67,68,7.9
2025-02-23T20:00:00-08:00,65,68,6.3
2025-02-23T20:30:00-08:00,64,67,5.7
2025-02-23T21:00:00-08:00,61,66,6
2025-02-23T21:30:00-08:00,66,66,6.9
2025-02-23T22:00:00-08:00,61,66,3.9
2025-02-23T22:30:00-08:00,60,66,3.5
2025-02-23T23:00:00-08:00,61,65,3.9
2025-02-23T23:30:00-08:00,62,65,3.8
2025-02-24T00:00:00-08:00,58,65,2.5
2025-02-24T00:30:00-08:00,58,64,3.8
2025-02-24T01:00:00-08:00,59,63,3.8
2025-02-24T01:30:00-08:00,66,63,7.5
2025-02-24T02:00:00-08:00,71,63,11.5
2025-02-24T02:30:00-08:00,79,64,19.3
2025-02-24T03:00:00-08:00,79,64,18.1
2025-02-24T03:30:00-08:00,82,64,18.4
2025-02-24T04:00:00-08:00,81,64,18.6
2025-02-24T04:30:00-08:00,81,64,20.3
2025-02-24T05:00:00-08:00,83,64,13.8
2025-02-24T05:30:00-08:00,83,64,3.9
2025-02-24T06:00:00-08:00,84,64,2.7
2025-02-24T06:30:00-08:00,86,64,4.8
2025-02-24T07:00:00-08:00,88,63,4.1
2025-02-24T07:30:00-08:00,87,64,2.7
2025-02-24T08:00:00-08:00,88,63,1.4
2025-02-24T08:30:00-08:00,85,65,3.1
2025-02-24T09:00:00-08:00,80,66,2.2
2025-02-24T09:30:00-08:00,75,67,5.2
2025-02-24T10:00:00-08:00,72,68,4
2025-02-24T10:30:00-08:00,68,69,4.6
2025-02-24T11:00:00-08:00,64,70,4.1
2025-02-24T11:30:00-08:00,59,72,2.8
2025-02-24T12:00:00-08:00,55,74,1.1
2025-02-24T12:30:00-08:00,53,74,0.9
2025-02-24T13:00:00-08:00,48,77,1
2025-02-24T13:30:00-08:00,43,78,0.5
2025-02-24T14:00:00-08:00,42,77,0.4
2025-02-24T14:30:00-08:00,42,77,0.4
2025-02-24T15:00:00-08:00,43,77,0.5
2025-02-24T15:30:00-08:00,43,77,0.6
2025-02-24T16:00:00-08:00,44,76,0.7
2025-02-24T16:30:00-08:00,45,76,0.8
2025-02-24T17:00:00-08:00,46,74,0.9
2025-02-24T17:30:00-08:00,48,73,0.8
2025-02-24T18:00:00-08:00,51,72,1
2025-02-24T18:30:00-08:00,55,71,1.1
2025-02-24T19:00:00-08:00,61,71,1.2
2025-02-24T19:30:00-08:00,63,70,1.3
2025-02-24T20:00:00-08:00,65,70,1.6
2025-02-24T20:30:00-08:00,67,70,2.7
2025-02-24T21:00:00-08:00,69,70,2.7
2025-02-24T21:30:00-08:00,72,70,2.4
2025-02-24T22:00:00-08:00,74,69,2.5
2025-02-24T22:30:00-08:00,74,68,2.2
2025-02-24T23:00:00-08:00,74,68,2.2
2025-02-24T23:30:00-08:00,72,68,2.5
2025-02-25T00:00:00-08:00,73,67,2.6
2025-02-25T00:30:00-08:00,72,66,3.1
2025-02-25T01:00:00-08:00,72,65,2.7
2025-02-25T01:30:00-08:00,69,64,2.2
2025-02-25T02:00:00-08:00,69,63,2.1
2025-02-25T02:30:00-08:00,68,62,2.2
2025-02-25T03:00:00-08:00,68,62,2.4
2025-02-25T03:30:00-08:00,70,62,2.8
2025-02-25T04:00:00-08:00,71,62,2.8
2025-02-25T04:30:00-08:00,70,62,3
2025-02-25T05:00:00-08:00,75,62,6.7
2025-02-25T05:30:00-08:00,76,62,8.1
2025-02-25T06:00:00-08:00,79,61,7.3
2025-02-25T06:30:00-08:00,78,61,6.6
2025-02-25T07:00:00-08:00,69,60,1.9
2025-02-25T07:30:00-08:00,70,59,2.3
2025-02-25T08:00:00-08:00,75,60,6.5
2025-02-25T08:30:00-08:00,78,61,6.9
2025-02-25T09:00:00-08:00,78,62,5.5
2025-02-25T09:30:00-08:00,75,63,6.8
2025-02-25T10:00:00-08:00,72,64,7
2025-02-25T10:30:00-08:00,67,65,7.7
2025-02-25T11:00:00-08:00,59,68,7.7
2025-02-25T11:30:00-08:00,54,70,6.7
2025-02-25T12:00:00-08:00,48,74,5.3
2025-02-25T12:30:00-08:00,41,79,5.1
2025-02-25T13:00:00-08:00,35,83,5.9
2025-02-25T13:30:00-08:00,31,85,4.2
2025-02-25T14:00:00-08:00,29,84,1.9
2025-02-25T14:30:00-08:00,28,83,1.4
2025-02-25T15:00:00-08:00,29,83,1.3
2025-02-25T15:30:00-08:00,28,82,1
2025-02-25T16:00:00-08:00,30,80,2.4
2025-02-25T16:30:00-08:00,32,78,2.3
2025-02-25T17:00:00-08:00,34,76,3.1
2025-02-25T17:30:00-08:00,36,74,3.3
2025-02-25T18:00:00-08:00,38,72,3.8
2025-02-25T18:30:00-08:00,41,71,4.6
2025-02-25T19:00:00-08:00,43,69,4.4
2025-02-25T19:30:00-08:00,46,68,5.8
2025-02-25T20:00:00-08:00,47,67,5.6
2025-02-25T20:30:00-08:00,49,66,5.5
2025-02-25T21:00:00-08:00,50,65,7.9
2025-02-25T21:30:00-08:00,50,64,7.7
2025-02-25T22:00:00-08:00,49,63,4.7
2025-02-25T22:30:00-08:00,50,62,4.4
2025-02-25T23:00:00-08:00,51,62,4.6
2025-02-25T23:30:00-08:00,52,61,5
2025-02-26T00:00:00-08:00,53,61,4
2025-02-26T00:30:00-08:00,53,60,2.9
2025-02-26T01:00:00-08:00,54,59,2.1
2025-02-26T01:30:00-08:00,54,59,1.9
2025-02-26T02:00:00-08:00,54,59,1.9
2025-02-26T02:30:00-08:00,54,58,1.8
2025-02-26T03:00:00-08:00,54,57,1.8
2025-02-26T03:30:00-08:00,54,57,1.6
2025-02-26T04:00:00-08:00,53,57,1.3
2025-02-26T04:30:00-08:00,52,57,1.1
2025-02-26T05:00:00-08:00,51,57,1.2
2025-02-26T05:30:00-08:00,52,56,1.4
2025-02-26T06:00:00-08:00,54,55,1.5
2025-02-26T06:30:00-08:00,55,55,1.6
2025-02-26T07:00:00-08:00,57,55,3.6
2025-02-26T07:30:00-08:00,56,57,2.6
2025-02-26T08:00:00-08:00,54,59,3.5
2025-02-26T08:30:00-08:00,51,61,5.9
2025-02-26T09:00:00-08:00,48,65,7
2025-02-26T09:30:00-08:00,42,70,5.6
2025-02-26T10:00:00-08:00,37,72,5.7
2025-02-26T10:30:00-08:00,34,75,4.4
2025-02-26T11:00:00-08:00,33,76,4
2025-02-26T11:30:00-08:00,33,76,3.8
2025-02-26T12:00:00-08:00,25,80,1.4
2025-02-26T12:30:00-08:00,18,86,0.1
2025-02-26T13:00:00-08:00,19,92,2.2
2025-02-26T13:30:00-08:00,17,94,1.3
2025-02-26T14:00:00-08:00,18,93,1.2
2025-02-26T14:30:00-08:00,21,91,2.3
2025-02-26T15:00:00-08:00,22,89,2.9
2025-02-26T15:30:00-08:00,22,88,3
2025-02-26T16:00:00-08:00,23,87,2.5
2025-02-26T16:30:00-08:00,18,85,0.5
2025-02-26T17:00:00-08:00,21,83,0.4
2025-02-26T17:30:00-08:00,25,81,7.6
2025-02-26T18:00:00-08:00,27,79,2.5
2025-02-26T18:30:00-08:00,29,77,2.8
2025-02-26T19:00:00-08:00,31,75,3.8
2025-02-26T19:30:00-08:00,30,74,2.4
2025-02-26T20:00:00-08:00,29,74,1.9
2025-02-26T20:30:00-08:00,33,72,3.4
2025-02-26T21:00:00-08:00,36,71,5.6
2025-02-26T21:30:00-08:00,35,70,1.6
2025-02-26T22:00:00-08:00,36,69,1.3
2025-02-26T22:30:00-08:00,37,68,1.5
2025-02-26T23:00:00-08:00,37,68,1.5
2025-02-26T23:30:00-08:00,38,67,1.6
2025-02-27T00:00:00-08:00,40,67,2
2025-02-27T00:30:00-08:00,41,65,2.7
2025-02-27T01:00:00-08:00,43,64,3.1
2025-02-27T01:30:00-08:00,44,63,3.2
2025-02-27T02:00:00-08:00,45,63,3
2025-02-27T02:30:00-08:00,48,62,3.5
2025-02-27T03:00:00-08:00,49,62,3.4
2025-02-27T03:30:00-08:00,52,61,3.8
2025-02-27T04:00:00-08:00,53,61,4.3
2025-02-27T04:30:00-08:00,54,60,4.4
2025-02-27T05:00:00-08:00,55,60,4.9
2025-02-27T05:30:00-08:00,56,59,5
2025-02-27T06:00:00-08:00,56,59,4.8
2025-02-27T06:30:00-08:00,57,59,4.9
2025-02-27T07:00:00-08:00,57,59,5.2
2025-02-27T07:30:00-08:00,56,60,6
2025-02-27T08:00:00-08:00,57,62,6.8
2025-02-27T08:30:00-08:00,56,65,8.7
2025-02-27T09:00:00-08:00,52,68,11.2
2025-02-27T09:30:00-08:00,46,71,14.8
2025-02-27T10:00:00-08:00,41,74,10.5
2025-02-27T10:30:00-08:00,38,75,6.5
2025-02-27T11:00:00-08:00,36,75,5.4
2025-02-27T11:30:00-08:00,37,78,6.9
2025-02-27T12:00:00-08:00,35,80,6.6
2025-02-27T12:30:00-08:00,31,84,5.9
2025-02-27T13:00:00-08:00,27,86,5
2025-02-27T13:30:00-08:00,27,86,5.1
2025-02-27T14:00:00-08:00,29,85,5.9
2025-02-27T14:30:00-08:00,29,84,6.8
2025-02-27T15:00:00-08:00,30,85,6.9
2025-02-27T15:30:00-08:00,30,86,6.8
2025-02-27T16:00:00-08:00,30,86,6.5
2025-02-27T16:30:00-08:00,31,85,7.8
2025-02-27T17:00:00-08:00,34,82,9.1
2025-02-27T17:30:00-08:00,35,81,9.6
2025-02-27T18:00:00-08:00,36,79,10.1
2025-02-27T18:30:00-08:00,38,78,10.5
2025-02-27T19:00:00-08:00,38,76,12.2
2025-02-27T19:30:00-08:00,39,76,13.5
2025-02-27T20:00:00-08:00,43,75,13.8
2025-02-27T20:30:00-08:00,46,74,15.1
2025-02-27T21:00:00-08:00,50,72,16.9
2025-02-27T21:30:00-08:00,53,70,17.7
2025-02-27T22:00:00-08:00,55,70,19.2
2025-02-27T22:30:00-08:00,56,69,21.9
2025-02-27T23:00:00-08:00,54,68,19.9
2025-02-27T23:30:00-08:00,53,68,18.6
2025-02-28T00:00:00-08:00,54,67,18.3
2025-02-28T00:30:00-08:00,54,67,18
2025-02-28T01:00:00-08:00,55,66,18.3
2025-02-28T01:30:00-08:00,55,66,17.7
2025-02-28T02:00:00-08:00,55,66,17.5
2025-02-28T02:30:00-08:00,54,66,16.1
2025-02-28T03:00:00-08:00,53,66,14.1
2025-02-28T03:30:00-08:00,53,65,13
2025-02-28T04:00:00-08:00,54,64,13.5
2025-02-28T04:30:00-08:00,54,64,14.5
2025-02-28T05:00:00-08:00,54,64,14.6
2025-02-28T05:30:00-08:00,54,64,15.2
2025-02-28T06:00:00-08:00,56,63,15.2
2025-02-28T06:30:00-08:00,55,63,13.6
2025-02-28T07:00:00-08:00,55,62,11.7
2025-02-28T07:30:00-08:00,54,63,10.4
2025-02-28T08:00:00-08:00,54,64,12.3
2025-02-28T08:30:00-08:00,50,66,10
2025-02-28T09:00:00-08:00,46,69,12.4
2025-02-28T09:30:00-08:00,43,73,14.5
2025-02-28T10:00:00-08:00,39,75,11
2025-02-28T10:30:00-08:00,38,76,10.8
2025-02-28T11:00:00-08:00,37,78,9.6
2025-02-28T11:30:00-08:00,35,79,11.6
2025-02-28T12:00:00-08:00,32,84,11.4
2025-02-28T12:30:00-08:00,27,89,7.9
2025-02-28T13:00:00-08:00,24,93,7.4
2025-02-28T13:30:00-08:00,24,95,12
2025-02-28T14:00:00-08:00,28,89,13.8
2025-02-28T14:30:00-08:00,30,85,13.9
2025-02-28T15:00:00-08:00,30,85,13.7
2025-02-28T15:30:00-08:00,29,85,12.7
2025-02-28T16:00:00-08:00,28,85,11.3
2025-02-28T16:30:00-08:00,27,84,9.9
2025-02-28T17:00:00-08:00,27,83,9
2025-02-28T17:30:00-08:00,31,81,10.8
2025-02-28T18:00:00-08:00,35,79,12.2
2025-02-28T18:30:00-08:00,36,77,12.5
2025-02-28T19:00:00-08:00,37,76,13.1
2025-02-28T19:30:00-08:00,39,74,15.7
2025-02-28T20:00:00-08:00,42,73,16.9
2025-02-28T20:30:00-08:00,45,72,19.2
2025-02-28T21:00:00-08:00,48,71,30.8
2025-02-28T21:30:00-08:00,50,69,22.8
2025-02-28T22:00:00-08:00,50,68,20.6
2025-02-28T22:30:00-08:00,53,68,18.7
2025-02-28T23:00:00-08:00,59,67,8.7
2025-02-28T23:30:00-08:00,58,66,3.9
2025-03-01T00:00:00-08:00,59,65,5
2025-03-01T00:30:00-08:00,60,64,6.7
2025-03-01T01:00:00-08:00,61,63,7.6
2025-03-01T01:30:00-08:00,61,63,9.5
2025-03-01T02:00:00-08:00,61,62,8.7
2025-03-01T02:30:00-08:00,61,62,9.7
2025-03-01T03:00:00-08:00,62,61,9.5
2025-03-01T03:30:00-08:00,63,60,11.1
2025-03-01T04:00:00-08:00,67,61,16.8
2025-03-01T04:30:00-08:00,70,61,12.3
2025-03-01T05:00:00-08:00,69,62,12.8
2025-03-01T05:30:00-08:00,68,63,13.9
2025-03-01T06:00:00-08:00,67,63,13.3
2025-03-01T06:30:00-08:00,66,63,8.1
2025-03-01T07:00:00-08:00,65,63,6.1
2025-03-01T07:30:00-08:00,64,63,4
2025-03-01T08:00:00-08:00,63,63,5
2025-03-01T08:30:00-08:00,62,63,5.3
2025-03-01T09:00:00-08:00,59,63,5
2025-03-01T09:30:00-08:00,57,63,5.9
2025-03-01T10:00:00-08:00,55,65,6
2025-03-01T10:30:00-08:00,52,66,4.7
2025-03-01T11:00:00-08:00,48,69,4.8
2025-03-01T11:30:00-08:00,46,69,5.1
2025-03-01T12:00:00-08:00,46,71,4.1
2025-03-01T12:30:00-08:00,41,75,2.6
2025-03-01T13:00:00-08:00,37,79,1.7
2025-03-01T13:30:00-08:00,36,78,0.9
2025-03-01T14:00:00-08:00,39,76,0.6
2025-03-01T14:30:00-08:00,43,72,0.3
2025-03-01T15:00:00-08:00,46,70,0.1
2025-03-01T15:30:00-08:00,48,69,0.3
2025-03-01T16:00:00-08:00,51,67,0.4
2025-03-01T16:30:00-08:00,53,66,0.4
2025-03-01T17:00:00-08:00,52,65,0.4
2025-03-01T17:30:00-08:00,52,65,0.8
2025-03-01T18:00:00-08:00,51,65,1
2025-03-01T18:30:00-08:00,51,66,0.5
2025-03-01T19:00:00-08:00,54,66,1.3
2025-03-01T19:30:00-08:00,59,66,0.9
2025-03-01T20:00:00-08:00,62,66,0.1
2025-03-01T20:30:00-08:00,66,65,0
2025-03-01T21:00:00-08:00,66,65,0.1
2025-03-01T21:30:00-08:00,64,65,0.2
2025-03-01T22:00:00-08:00,65,65,0.5
2025-03-01T22:30:00-08:00,65,65,0.4
2025-03-01T23:00:00-08:00,62,64,0.5
2025-03-01T23:30:00-08:00,58,64,0.6
2025-03-02T00:00:00-08:00,59,64,1
2025-03-02T00:30:00-08:00,59,63,0.9
2025-03-02T01:00:00-08:00,59,63,1.1
2025-03-02T01:30:00-08:00,62,62,0.9
2025-03-02T02:00:00-08:00,65,61,0.3
2025-03-02T02:30:00-08:00,68,61,0.4
2025-03-02T03:00:00-08:00,69,61,0.7
2025-03-02T03:30:00-08:00,66,60,0.4
2025-03-02T04:00:00-08:00,65,61,0.2
2025-03-02T04:30:00-08:00,66,60,0.2
2025-03-02T05:00:00-08:00,64,60,0.1
2025-03-02T05:30:00-08:00,68,60,0
2025-03-02T06:00:00-08:00,71,60,0.1
2025-03-02T06:30:00-08:00,74,60,0
2025-03-02T07:00:00-08:00,75,60,0.1
2025-03-02T07:30:00-08:00,75,59,0.1
2025-03-02T08:00:00-08:00,80,58,0.2
2025-03-02T08:30:00-08:00,82,60,0.1
2025-03-02T09:00:00-08:00,77,61,0.2
2025-03-02T09:30:00-08:00,74,61,0.1
2025-03-02T10:00:00-08:00,72,62,0.6
2025-03-02T10:30:00-08:00,67,63,1.4
2025-03-02T11:00:00-08:00,61,65,1.8
2025-03-02T11:30:00-08:00,55,65,2
2025-03-02T12:00:00-08:00,46,68,1.6
2025-03-02T12:30:00-08:00,39,72,1.6
2025-03-02T13:00:00-08:00,36,73,1.5
2025-03-02T13:30:00-08:00,35,73,1.4
2025-03-02T14:00:00-08:00,36,72,1.3
2025-03-02T14:30:00-08:00,36,71,1.3
2025-03-02T15:00:00-08:00,37,70,0.9
2025-03-02T15:30:00-08:00,37,69,0.5
2025-03-02T16:00:00-08:00,38,68,0.5
2025-03-02T16:30:00-08:00,40,67,0.4
2025-03-02T17:00:00-08:00,43,66,0.4
2025-03-02T17:30:00-08:00,43,65,0.5
2025-03-02T18:00:00-08:00,45,63,0.7
2025-03-02T18:30:00-08:00,47,63,0.6
2025-03-02T19:00:00-08:00,48,62,0.5
2025-03-02T19:30:00-08:00,49,62,0.6
2025-03-02T20:00:00-08:00,49,62,0.5
2025-03-02T20:30:00-08:00,49,61,0.4
2025-03-02T21:00:00-08:00,49,61,0.6
2025-03-02T21:30:00-08:00,51,61,0.9
2025-03-02T22:00:00-08:00,51,61,1.2
2025-03-02T22:30:00-08:00,52,61,1.2
2025-03-02T23:00:00-08:00,51,61,1.3
2025-03-02T23:30:00-08:00,51,61,1.4
2025-03-03T00:00:00-08:00,51,61,1.3
2025-03-03T00:30:00-08:00,51,60,1
2025-03-03T01:00:00-08:00,50,60,5.9
2025-03-03T01:30:00-08:00,51,60,1.6
2025-03-03T02:00:00-08:00,52,60,1
2025-03-03T02:30:00-08:00,53,60,0.8
2025-03-03T03:00:00-08:00,52,59,1.4
2025-03-03T03:30:00-08:00,53,59,7.5
2025-03-03T04:00:00-08:00,53,58,2.7
2025-03-03T04:30:00-08:00,53,57,2.8
2025-03-03T05:00:00-08:00,54,57,1.6
2025-03-03T05:30:00-08:00,55,56,0.4
2025-03-03T06:00:00-08:00,55,55,0.4
2025-03-03T06:30:00-08:00,56,55,0.6
2025-03-03T07:00:00-08:00,57,55,0.8
2025-03-03T07:30:00-08:00,56,57,0.3
2025-03-03T08:00:00-08:00,52,58,0.4
2025-03-03T08:30:00-08:00,49,60,0.5
2025-03-03T09:00:00-08:00,45,63,0.6
2025-03-03T09:30:00-08:00,44,63,0.7
2025-03-03T10:00:00-08:00,42,65,1.1
2025-03-03T10:30:00-08:00,39,67,0.8
2025-03-03T11:00:00-08:00,38,67,0.6
2025-03-03T11:30:00-08:00,36,69,0.5
2025-03-03T12:00:00-08:00,33,72,0.2
2025-03-03T12:30:00-08:00,31,76,0.3
2025-03-03T13:00:00-08:00,31,78,0.4
2025-03-03T13:30:00-08:00,32,77,0.2
2025-03-03T14:00:00-08:00,34,74,0.2
2025-03-03T14:30:00-08:00,36,73,0.1
2025-03-03T15:00:00-08:00,38,73,0.1
2025-03-03T15:30:00-08:00,39,71,0.2
2025-03-03T16:00:00-08:00,40,70,0.3
2025-03-03T16:30:00-08:00,42,68,0.2
2025-03-03T17:00:00-08:00,44,67,0.3
2025-03-03T17:30:00-08:00,45,66,0.2
2025-03-03T18:00:00-08:00,46,65,0.2
2025-03-03T18:30:00-08:00,48,64,0.2
2025-03-03T19:00:00-08:00,48,64,0.2
2025-03-03T19:30:00-08:00,49,64,0.2
2025-03-03T20:00:00-08:00,50,64,0.3
2025-03-03T20:30:00-08:00,50,64,0.3
2025-03-03T21:00:00-08:00,50,63,0.3
2025-03-03T21:30:00-08:00,51,62,0.2
2025-03-03T22:00:00-08:00,52,62,0.2
2025-03-03T22:30:00-08:00,51,62,0.4
2025-03-03T23:00:00-08:00,51,62,0.2
2025-03-03T23:30:00-08:00,52,62,0.2
2025-03-04T00:00:00-08:00,52,62,0.2
2025-03-04T00:30:00-08:00,53,62,0.2
2025-03-04T01:00:00-08:00,52,62,0.1
2025-03-04T01:30:00-08:00,52,62,0.2
2025-03-04T02:00:00-08:00,52,61,0.2
2025-03-04T02:30:00-08:00,53,61,0.1
2025-03-04T03:00:00-08:00,52,62,0
2025-03-04T03:30:00-08:00,52,62,0.1
2025-03-04T04:00:00-08:00,55,60,0.2
2025-03-04T04:30:00-08:00,58,59,0.2
2025-03-04T05:00:00-08:00,56,59,0.8
2025-03-04T05:30:00-08:00,55,60,1.3
2025-03-04T06:00:00-08:00,54,60,1.5
2025-03-04T06:30:00-08:00,55,59,1.9
2025-03-04T07:00:00-08:00,55,59,2.1
2025-03-04T07:30:00-08:00,56,59,1.6
2025-03-04T08:00:00-08:00,56,59,2.2
2025-03-04T08:30:00-08:00,53,61,2.2
2025-03-04T09:00:00-08:00,51,61,1.8
2025-03-04T09:30:00-08:00,50,61,1.1
2025-03-04T10:00:00-08:00,47,63,1
2025-03-04T10:30:00-08:00,45,65,1.1
2025-03-04T11:00:00-08:00,42,68,1.1
2025-03-04T11:30:00-08:00,40,68,0.7
2025-03-04T12:00:00-08:00,38,70,0.3
2025-03-04T12:30:00-08:00,35,73,0.1
2025-03-04T13:00:00-08:00,34,75,0.2
2025-03-04T13:30:00-08:00,36,74,0.5
2025-03-04T14:00:00-08:00,37,74,0.7
2025-03-04T14:30:00-08:00,36,76,1
2025-03-04T15:00:00-08:00,35,76,0.9
2025-03-04T15:30:00-08:00,35,75,0.8
2025-03-04T16:00:00-08:00,35,75,1.1
2025-03-04T16:30:00-08:00,36,74,1.4
2025-03-04T17:00:00-08:00,40,73,1.7
2025-03-04T17:30:00-08:00,42,71,2.1
2025-03-04T18:00:00-08:00,44,70,2.7
2025-03-04T18:30:00-08:00,47,69,3.1
2025-03-04T19:00:00-08:00,49,69,3.7
2025-03-04T19:30:00-08:00,51,68,4.2
2025-03-04T20:00:00-08:00,49,68,2.8
2025-03-04T20:30:00-08:00,46,68,1.7
2025-03-04T21:00:00-08:00,51,67,5.6
2025-03-04T21:30:00-08:00,51,67,2.9
2025-03-04T22:00:00-08:00,47,66,1.4
2025-03-04T22:30:00-08:00,47,66,1.8
2025-03-04T23:00:00-08:00,46,66,1.4
2025-03-04T23:30:00-08:00,47,65,1.4
2025-03-05T00:00:00-08:00,47,65,1.3
2025-03-05T00:30:00-08:00,46,66,0.8
2025-03-05T01:00:00-08:00,47,66,3.9
2025-03-05T01:30:00-08:00,49,66,2.3
2025-03-05T02:00:00-08:00,51,66,2.7
2025-03-05T02:30:00-08:00,51,66,3.2
2025-03-05T03:00:00-08:00,51,65,3.4
2025-03-05T03:30:00-08:00,52,64,2.5
2025-03-05T04:00:00-08:00,55,63,1.5
2025-03-05T04:30:00-08:00,56,63,3.8
2025-03-05T05:00:00-08:00,64,63,13.8
2025-03-05T05:30:00-08:00,71,64,16.5
2025-03-05T06:00:00-08:00,72,64,18.1
2025-03-05T06:30:00-08:00,74,64,20.3
2025-03-05T07:00:00-08:00,77,64,21.5
2025-03-05T07:30:00-08:00,79,64,22.6
2025-03-05T08:00:00-08:00,80,64,15.9
2025-03-05T08:30:00-08:00,80,63,8.2
2025-03-05T09:00:00-08:00,83,62,9.7
2025-03-05T09:30:00-08:00,82,62,10.3
2025-03-05T10:00:00-08:00,83,63,11.8
2025-03-05T10:30:00-08:00,83,63,9.7
2025-03-05T11:00:00-08:00,78,64,3.5
2025-03-05T11:30:00-08:00,74,64,1.5
2025-03-05T12:00:00-08:00,71,64,2.1
2025-03-05T12:30:00-08:00,65,65,1.7
2025-03-05T13:00:00-08:00,61,65,1.9
2025-03-05T13:30:00-08:00,57,65,2
2025-03-05T14:00:00-08:00,52,65,1.6
2025-03-05T14:30:00-08:00,45,66,1.1
2025-03-05T15:00:00-08:00,41,65,0.7
2025-03-05T15:30:00-08:00,43,65,1.2
2025-03-05T16:00:00-08:00,44,65,1.2
2025-03-05T16:30:00-08:00,44,65,1.2
2025-03-05T17:00:00-08:00,46,64,1.3
2025-03-05T17:30:00-08:00,48,63,1.3
2025-03-05T18:00:00-08:00,49,62,1.5
2025-03-05T18:30:00-08:00,50,62,1.3
2025-03-05T19:00:00-08:00,51,62,1.4
2025-03-05T19:30:00-08:00,52,62,1.6
2025-03-05T20:00:00-08:00,53,62,0.8
2025-03-05T20:30:00-08:00,54,61,0.4
2025-03-05T21:00:00-08:00,55,61,0.3
2025-03-05T21:30:00-08:00,53,61,0.4
2025-03-05T22:00:00-08:00,54,61,0.4
2025-03-05T22:30:00-08:00,57,60,0.4
2025-03-05T23:00:00-08:00,55,60,0.3
2025-03-05T23:30:00-08:00,54,60,0.2
2025-03-06T00:00:00-08:00,53,60,0.3
2025-03-06T00:30:00-08:00,53,60,0.4
2025-03-06T01:00:00-08:00,50,58,0.1
2025-03-06T01:30:00-08:00,50,59,0.1
2025-03-06T02:00:00-08:00,50,59,0.1
2025-03-06T02:30:00-08:00,50,59,0.1
2025-03-06T03:00:00-08:00,50,59,0.1
2025-03-06T03:30:00-08:00,50,59,0.1
2025-03-06T04:00:00-08:00,56,58,0.1
2025-03-06T04:30:00-08:00,60,58,0.1
2025-03-06T05:00:00-08:00,60,58,0.1
2025-03-06T05:30:00-08:00,61,58,0
2025-03-06T06:00:00-08:00,62,58,0.1
2025-03-06T06:30:00-08:00,66,58,0.1
2025-03-06T07:00:00-08:00,70,58,0.2
2025-03-06T07:30:00-08:00,72,58,0.4
2025-03-06T08:00:00-08:00,75,57,0.6
2025-03-06T08:30:00-08:00,77,57,1
2025-03-06T09:00:00-08:00,75,60,0.3
2025-03-06T09:30:00-08:00,63,63,0.1
2025-03-06T10:00:00-08:00,49,67,0
2025-03-06T10:30:00-08:00,45,68,0
2025-03-06T11:00:00-08:00,43,68,0
2025-03-06T11:30:00-08:00,41,69,0.1
2025-03-06T12:00:00-08:00,38,72,0
2025-03-06T12:30:00-08:00,36,73,0.1
2025-03-06T13:00:00-08:00,35,74,0.1
2025-03-06T13:30:00-08:00,33,74,0.1
2025-03-06T14:00:00-08:00,34,73,0.1
2025-03-06T14:30:00-08:00,32,74,0.1
2025-03-06T15:00:00-08:00,33,74,0.2
2025-03-06T15:30:00-08:00,34,72,0.2
2025-03-06T16:00:00-08:00,35,71,0.2
2025-03-06T16:30:00-08:00,36,71,0.3
2025-03-06T17:00:00-08:00,38,70,0.3
2025-03-06T17:30:00-08:00,40,68,0.5
2025-03-06T18:00:00-08:00,41,66,0.8
2025-03-06T18:30:00-08:00,42,66,0.8
2025-03-06T19:00:00-08:00,44,65,2.4
2025-03-06T19:30:00-08:00,45,64,1.9
2025-03-06T20:00:00-08:00,48,64,2.5
2025-03-06T20:30:00-08:00,48,63,2.2
2025-03-06T21:00:00-08:00,48,61,1.5
2025-03-06T21:30:00-08:00,49,60,2.3
2025-03-06T22:00:00-08:00,51,60,2.1
2025-03-06T22:30:00-08:00,53,59,2.5
2025-03-06T23:00:00-08:00,55,59,3.1
2025-03-06T23:30:00-08:00,57,58,4
2025-03-07T00:00:00-08:00,57,58,7.7
2025-03-07T00:30:00-08:00,59,58,3.5
2025-03-07T01:00:00-08:00,60,58,4.6
2025-03-07T01:30:00-08:00,59,58,6.1
2025-03-07T02:00:00-08:00,59,57,4.4
2025-03-07T02:30:00-08:00,61,57,4.2
2025-03-07T03:00:00-08:00,64,57,4.4
2025-03-07T03:30:00-08:00,63,57,4.2
2025-03-07T04:00:00-08:00,63,57,4.1
2025-03-07T04:30:00-08:00,63,57,4.1
2025-03-07T05:00:00-08:00,64,56,4.5
2025-03-07T05:30:00-08:00,64,56,4.5
2025-03-07T06:00:00-08:00,62,56,3.9
2025-03-07T06:30:00-08:00,61,56,4.1
2025-03-07T07:00:00-08:00,63,56,5.2
2025-03-07T07:30:00-08:00,62,56,7.7
2025-03-07T08:00:00-08:00,61,58,9.3
2025-03-07T08:30:00-08:00,60,60,12.3
2025-03-07T09:00:00-08:00,56,63,9.4
2025-03-07T09:30:00-08:00,48,68,8.1
2025-03-07T10:00:00-08:00,42,72,8.4
2025-03-07T10:30:00-08:00,40,73,6.7
2025-03-07T11:00:00-08:00,39,74,5.2
2025-03-07T11:30:00-08:00,37,75,4.8
2025-03-07T12:00:00-08:00,33,77,3.8
2025-03-07T12:30:00-08:00,30,79,3.2
2025-03-07T13:00:00-08:00,26,82,2.2
2025-03-07T13:30:00-08:00,24,81,1.8
2025-03-07T14:00:00-08:00,23,81,1.4
2025-03-07T14:30:00-08:00,18,82,0.3
2025-03-07T15:00:00-08:00,16,82,0.3
2025-03-07T15:30:00-08:00,24,81,2.3
2025-03-07T16:00:00-08:00,29,78,2.4
2025-03-07T16:30:00-08:00,31,75,2.3
2025-03-07T17:00:00-08:00,32,73,2.4
2025-03-07T17:30:00-08:00,34,72,2.8
2025-03-07T18:00:00-08:00,37,69,2.8
2025-03-07T18:30:00-08:00,40,68,3.2
2025-03-07T19:00:00-08:00,44,67,3.6
2025-03-07T19:30:00-08:00,47,66,4.3
2025-03-07T20:00:00-08:00,50,65,4.4
2025-03-07T20:30:00-08:00,49,64,6.2
2025-03-07T21:00:00-08:00,49,63,4.8
2025-03-07T21:30:00-08:00,49,62,5.1
2025-03-07T22:00:00-08:00,50,61,4.9
2025-03-07T22:30:00-08:00,49,61,4.5
2025-03-07T23:00:00-08:00,50,60,3.9
2025-03-07T23:30:00-08:00,51,60,4.7
2025-03-08T00:00:00-08:00,52,59,5.2
2025-03-08T00:30:00-08:00,52,59,7.9
2025-03-08T01:00:00-08:00,53,59,5.8
2025-03-08T01:30:00-08:00,53,58,4.9
2025-03-08T02:00:00-08:00,54,57,4.5
2025-03-08T02:30:00-08:00,54,57,4.6
2025-03-08T03:00:00-08:00,55,57,4.1
2025-03-08T03:30:00-08:00,55,56,4
2025-03-08T04:00:00-08:00,55,55,3.7
2025-03-08T04:30:00-08:00,55,55,3.4
2025-03-08T05:00:00-08:00,55,55,3.4
2025-03-08T05:30:00-08:00,56,54,3.3
2025-03-08T06:00:00-08:00,56,54,3.3
2025-03-08T06:30:00-08:00,56,54,2.6
2025-03-08T07:00:00-08:00,55,55,3.1
2025-03-08T07:30:00-08:00,55,56,4.9
2025-03-08T08:00:00-08:00,52,58,5.8
2025-03-08T08:30:00-08:00,51,60,5.1
2025-03-08T09:00:00-08:00,48,63,6.1
2025-03-08T09:30:00-08:00,42,69,6.7
2025-03-08T10:00:00-08:00,36,74,5.2
2025-03-08T10:30:00-08:00,33,76,4.3
2025-03-08T11:00:00-08:00,30,77,3.7
2025-03-08T11:30:00-08:00,26,79,2.6
2025-03-08T12:00:00-08:00,24,82,3
2025-03-08T12:30:00-08:00,23,83,3
2025-03-08T13:00:00-08:00,23,85,2.6
2025-03-08T13:30:00-08:00,22,84,2
2025-03-08T14:00:00-08:00,22,84,1.7
2025-03-08T14:30:00-08:00,20,83,1.3
2025-03-08T15:00:00-08:00,21,83,1.5
2025-03-08T15:30:00-08:00,23,82,2.1
2025-03-08T16:00:00-08:00,25,81,2.6
2025-03-08T16:30:00-08:00,28,79,2.7
2025-03-08T17:00:00-08:00,29,78,2.9
2025-03-08T17:30:00-08:00,27,76,2
2025-03-08T18:00:00-08:00,27,74,2.4
2025-03-08T18:30:00-08:00,28,72,3.1
2025-03-08T19:00:00-08:00,30,71,3
2025-03-08T19:30:00-08:00,32,70,3.1
2025-03-08T20:00:00-08:00,32,69,4
2025-03-08T20:30:00-08:00,34,67,4
2025-03-08T21:00:00-08:00,34,66,3.2
2025-03-08T21:30:00-08:00,34,65,3.4
2025-03-08T22:00:00-08:00,34,64,3.1
2025-03-08T22:30:00-08:00,35,63,3
2025-03-08T23:00:00-08:00,35,62,2.8
2025-03-08T23:30:00-08:00,35,62,6.4
2025-03-09T00:00:00-08:00,37,61,5.1
2025-03-09T00:30:00-08:00,38,61,3.6
2025-03-09T01:00:00-08:00,38,60,2.5
2025-03-09T01:30:00-08:00,40,60,3
2025-03-09T03:00:00-07:00,40,59,3.5
2025-03-09T03:30:00-07:00,41,58,3.1
2025-03-09T04:00:00-07:00,42,58,4.1
2025-03-09T04:30:00-07:00,43,57,3.7
2025-03-09T05:00:00-07:00,44,57,3.3
2025-03-09T05:30:00-07:00,45,56,3.1
2025-03-09T06:00:00-07:00,46,56,2.5
2025-03-09T06:30:00-07:00,46,56,2.7
2025-03-09T07:00:00-07:00,48,55,2.8
2025-03-09T07:30:00-07:00,49,55,3.2
2025-03-09T08:00:00-07:00,51,55,3.8
2025-03-09T08:30:00-07:00,50,57,5.4
2025-03-09T09:00:00-07:00,48,58,9.2
2025-03-09T09:30:00-07:00,45,61,8.5
2025-03-09T10:00:00-07:00,39,64,5.7
2025-03-09T10:30:00-07:00,32,70,4.1
2025-03-09T11:00:00-07:00,28,74,4.1
2025-03-09T11:30:00-07:00,26,75,3.3
2025-03-09T12:00:00-07:00,26,75,3.1
2025-03-09T12:30:00-07:00,24,77,2.5
2025-03-09T13:00:00-07:00,24,80,2.8
2025-03-09T13:30:00-07:00,25,81,3.7
2025-03-09T14:00:00-07:00,27,81,4.5
2025-03-09T14:30:00-07:00,29,80,4.3
2025-03-09T15:00:00-07:00,30,80,3.8
2025-03-09T15:30:00-07:00,30,79,3.3
2025-03-09T16:00:00-07:00,30,79,3
2025-03-09T16:30:00-07:00,31,78,2.6
2025-03-09T17:00:00-07:00,31,77,2.4
2025-03-09T17:30:00-07:00,32,75,2.3
2025-03-09T18:00:00-07:00,32,73,1.8
2025-03-09T18:30:00-07:00,33,72,2
2025-03-09T19:00:00-07:00,35,71,2.4
2025-03-09T19:30:00-07:00,36,69,3.4
2025-03-09T20:00:00-07:00,37,68,2.8
2025-03-09T20:30:00-07:00,39,67,2.6
2025-03-09T21:00:00-07:00,40,66,4.4
2025-03-09T21:30:00-07:00,41,65,4
2025-03-09T22:00:00-07:00,42,64,3.1
2025-03-09T22:30:00-07:00,43,63,3.8
2025-03-09T23:00:00-07:00,43,63,2.5
2025-03-09T23:30:00-07:00,44,62,2.5
2025-03-10T00:00:00-07:00,45,61,2.8
2025-03-10T00:30:00-07:00,46,61,4
2025-03-10T01:00:00-07:00,47,60,3.9
2025-03-10T01:30:00-07:00,49,60,5.1
2025-03-10T02:00:00-07:00,49,59,4.9
2025-03-10T02:30:00-07:00,51,59,5.3
2025-03-10T03:00:00-07:00,51,59,4.7
2025-03-10T03:30:00-07:00,51,59,7.7
2025-03-10T04:00:00-07:00,52,59,5.7
2025-03-10T04:30:00-07:00,52,58,7.6
2025-03-10T05:00:00-07:00,53,58,4.2
2025-03-10T05:30:00-07:00,53,58,4
2025-03-10T06:00:00-07:00,54,57,4.1
2025-03-10T06:30:00-07:00,54,57,4.3
2025-03-10T07:00:00-07:00,54,57,4.6
2025-03-10T07:30:00-07:00,55,57,4.3
2025-03-10T08:00:00-07:00,55,57,3.7
2025-03-10T08:30:00-07:00,55,58,3.9
2025-03-10T09:00:00-07:00,53,58,3.9
2025-03-10T09:30:00-07:00,51,60,3.8
2025-03-10T10:00:00-07:00,48,62,5.5
2025-03-10T10:30:00-07:00,44,66,5.3
2025-03-10T11:00:00-07:00,39,70,4.7
2025-03-10T11:30:00-07:00,36,73,3.9
2025-03-10T12:00:00-07:00,34,75,3.2
2025-03-10T12:30:00-07:00,33,75,6.1
2025-03-10T13:00:00-07:00,34,76,7.2
2025-03-10T13:30:00-07:00,32,79,6.8
2025-03-10T14:00:00-07:00,31,81,5.8
2025-03-10T14:30:00-07:00,30,81,5.8
2025-03-10T15:00:00-07:00,31,81,6.5
2025-03-10T15:30:00-07:00,30,81,5.8
2025-03-10T16:00:00-07:00,29,81,4.8
2025-03-10T16:30:00-07:00,28,80,3.6
2025-03-10T17:00:00-07:00,25,78,2.1
2025-03-10T17:30:00-07:00,27,77,2.4
2025-03-10T18:00:00-07:00,29,75,2.2
2025-03-10T18:30:00-07:00,28,74,1.4
2025-03-10T19:00:00-07:00,25,72,0.8
2025-03-10T19:30:00-07:00,26,71,0.7
2025-03-10T20:00:00-07:00,26,70,0.9
2025-03-10T20:30:00-07:00,27,69,0.8
2025-03-10T21:00:00-07:00,29,68,1.2
2025-03-10T21:30:00-07:00,29,67,1.7
2025-03-10T22:00:00-07:00,30,66,1.4
2025-03-10T22:30:00-07:00,31,65,1.2
2025-03-10T23:00:00-07:00,31,65,1.1
2025-03-10T23:30:00-07:00,31,64,104.1
2025-03-11T00:00:00-07:00,31,64,76
2025-03-11T00:30:00-07:00,32,63,6.9
2025-03-11T01:00:00-07:00,32,62,1.7
2025-03-11T01:30:00-07:00,33,62,5.5
2025-03-11T02:00:00-07:00,35,61,2.2
2025-03-11T02:30:00-07:00,36,60,2.1
2025-03-11T03:00:00-07:00,37,60,2.6
2025-03-11T03:30:00-07:00,39,59,1.8
2025-03-11T04:00:00-07:00,39,58,1.8
2025-03-11T04:30:00-07:00,40,58,1.6
2025-03-11T05:00:00-07:00,40,58,1.5
2025-03-11T05:30:00-07:00,41,57,1.5
2025-03-11T06:00:00-07:00,41,57,1.6
2025-03-11T06:30:00-07:00,41,57,1.4
2025-03-11T07:00:00-07:00,41,57,1.6
2025-03-11T07:30:00-07:00,42,56,1.7
2025-03-11T08:00:00-07:00,41,56,1
2025-03-11T08:30:00-07:00,41,58,2.2
2025-03-11T09:00:00-07:00,40,60,4.3
2025-03-11T09:30:00-07:00,36,62,4.5
2025-03-11T10:00:00-07:00,34,65,3
2025-03-11T10:30:00-07:00,29,71,3.6
2025-03-11T11:00:00-07:00,26,75,4.5
2025-03-11T11:30:00-07:00,25,77,3.4
2025-03-11T12:00:00-07:00,25,79,1.1
2025-03-11T12:30:00-07:00,25,79,0.9
2025-03-11T13:00:00-07:00,25,80,0.9
2025-03-11T13:30:00-07:00,26,80,0.8
2025-03-11T14:00:00-07:00,26,80,0.7
2025-03-11T14:30:00-07:00,27,81,0.7
2025-03-11T15:00:00-07:00,27,81,0.5
2025-03-11T15:30:00-07:00,29,81,0.5
2025-03-11T16:00:00-07:00,30,79,0.3
2025-03-11T16:30:00-07:00,31,78,0.6
2025-03-11T17:00:00-07:00,33,76,0.4
2025-03-11T17:30:00-07:00,35,75,0.8
2025-03-11T18:00:00-07:00,37,73,1
2025-03-11T18:30:00-07:00,39,72,1
2025-03-11T19:00:00-07:00,41,70,0.9
2025-03-11T19:30:00-07:00,44,69,1.9
2025-03-11T20:00:00-07:00,46,68,2.4
2025-03-11T20:30:00-07:00,47,67,2
2025-03-11T21:00:00-07:00,49,67,2.2
2025-03-11T21:30:00-07:00,51,66,2.1
2025-03-11T22:00:00-07:00,52,66,3.6
2025-03-11T22:30:00-07:00,53,66,3.4
2025-03-11T23:00:00-07:00,53,66,4.1
2025-03-11T23:30:00-07:00,54,66,3.8
2025-03-12T00:00:00-07:00,54,66,3
2025-03-12T00:30:00-07:00,55,64,1.2
2025-03-12T01:00:00-07:00,55,63,1.1
2025-03-12T01:30:00-07:00,55,62,1.1
2025-03-12T02:00:00-07:00,57,62,1.8
2025-03-12T02:30:00-07:00,57,62,2
2025-03-12T03:00:00-07:00,58,62,2.1
2025-03-12T03:30:00-07:00,58,63,2.4
2025-03-12T04:00:00-07:00,61,63,2.6
2025-03-12T04:30:00-07:00,59,63,2.1
2025-03-12T05:00:00-07:00,58,63,2.3
2025-03-12T05:30:00-07:00,60,62,1.7
2025-03-12T06:00:00-07:00,61,61,1
2025-03-12T06:30:00-07:00,60,61,0.8
2025-03-12T07:00:00-07:00,61,61,1.1
2025-03-12T07:30:00-07:00,62,61,1.5
2025-03-12T08:00:00-07:00,59,61,1.2
2025-03-12T08:30:00-07:00,56,62,1.1
2025-03-12T09:00:00-07:00,55,62,1
2025-03-12T09:30:00-07:00,57,62,1.2
2025-03-12T10:00:00-07:00,61,62,1.5
2025-03-12T10:30:00-07:00,70,62,1.1
2025-03-12T11:00:00-07:00,75,62,1.2
2025-03-12T11:30:00-07:00,75,62,1.1
2025-03-12T12:00:00-07:00,67,62,0.9
2025-03-12T12:30:00-07:00,59,63,0.5
2025-03-12T13:00:00-07:00,52,63,0.4
2025-03-12T13:30:00-07:00,52,63,0.1
2025-03-12T14:00:00-07:00,57,62,0.5
2025-03-12T14:30:00-07:00,71,61,0.6
2025-03-12T15:00:00-07:00,84,60,0.3
2025-03-12T15:30:00-07:00,74,59,0.1
2025-03-12T16:00:00-07:00,72,58,0.1
2025-03-12T16:30:00-07:00,74,57,0
2025-03-12T17:00:00-07:00,81,56,0.2
2025-03-12T17:30:00-07:00,85,56,0.2
2025-03-12T18:00:00-07:00,90,55,0.3
2025-03-12T18:30:00-07:00,91,55,0.4
2025-03-12T19:00:00-07:00,92,55,0.4
2025-03-12T19:30:00-07:00,92,55,0.4
2025-03-12T20:00:00-07:00,89,56,0.9
2025-03-12T20:30:00-07:00,88,56,0.8
2025-03-12T21:00:00-07:00,89,55,0.6
2025-03-12T21:30:00-07:00,86,55,0.5
2025-03-12T22:00:00-07:00,85,55,1.2
2025-03-12T22:30:00-07:00,84,56,1.5
2025-03-12T23:00:00-07:00,80,57,1.1
2025-03-12T23:30:00-07:00,79,58,1.3
2025-03-13T00:00:00-07:00,79,58,2
2025-03-13T00:30:00-07:00,79,58,2.8
2025-03-13T01:00:00-07:00,79,57,0.8
2025-03-13T01:30:00-07:00,78,57,0.2
2025-03-13T02:00:00-07:00,75,57,0.1
2025-03-13T02:30:00-07:00,73,57,0
2025-03-13T03:00:00-07:00,72,57,0
2025-03-13T03:30:00-07:00,73,56,0
2025-03-13T04:00:00-07:00,74,56,0.2
2025-03-13T04:30:00-07:00,74,56,0.2
2025-03-13T05:00:00-07:00,78,55,0.7
2025-03-13T05:30:00-07:00,80,55,0.5
2025-03-13T06:00:00-07:00,77,56,0.1
2025-03-13T06:30:00-07:00,75,56,0.4
2025-03-13T07:00:00-07:00,82,54,0.4
2025-03-13T07:30:00-07:00,86,53,0.6
2025-03-13T08:00:00-07:00,83,54,0.3
2025-03-13T08:30:00-07:00,82,54,0.6
2025-03-13T09:00:00-07:00,82,55,0.7
2025-03-13T09:30:00-07:00,80,55,0.2
2025-03-13T10:00:00-07:00,79,56,0.2
2025-03-13T10:30:00-07:00,69,60,0
2025-03-13T11:00:00-07:00,59,62,0.1
2025-03-13T11:30:00-07:00,56,62,0.1
2025-03-13T12:00:00-07:00,56,60,0
2025-03-13T12:30:00-07:00,53,60,0
2025-03-13T13:00:00-07:00,49,64,0.1
2025-03-13T13:30:00-07:00,46,66,0.1
2025-03-13T14:00:00-07:00,43,66,0.1
2025-03-13T14:30:00-07:00,40,67,0
2025-03-13T15:00:00-07:00,39,67,0.1
2025-03-13T15:30:00-07:00,37,67,0.4
2025-03-13T16:00:00-07:00,35,67,0
2025-03-13T16:30:00-07:00,35,67,0
2025-03-13T17:00:00-07:00,35,66,0.1
2025-03-13T17:30:00-07:00,35,65,0
2025-03-13T18:00:00-07:00,37,64,0.1
2025-03-13T18:30:00-07:00,38,62,0.1
2025-03-13T19:00:00-07:00,40,62,0.1
2025-03-13T19:30:00-07:00,42,61,0.3
2025-03-13T20:00:00-07:00,44,60,0.5
2025-03-13T20:30:00-07:00,45,60,1
2025-03-13T21:00:00-07:00,45,59,1.8
2025-03-13T21:30:00-07:00,46,59,3.6
2025-03-13T22:00:00-07:00,48,58,1.4
2025-03-13T22:30:00-07:00,49,57,0.6
2025-03-13T23:00:00-07:00,49,56,0.9
2025-03-13T23:30:00-07:00,48,56,1.5
2025-03-14T00:00:00-07:00,47,56,1.4
2025-03-14T00:30:00-07:00,49,55,0.8
2025-03-14T01:00:00-07:00,49,55,0.4
2025-03-14T01:30:00-07:00,48,55,0.3
2025-03-14T02:00:00-07:00,50,55,0.2
2025-03-14T02:30:00-07:00,55,54,0.2
2025-03-14T03:00:00-07:00,63,54,0.2
2025-03-14T03:30:00-07:00,70,53,0.1
2025-03-14T04:00:00-07:00,75,53,0
2025-03-14T04:30:00-07:00,76,52,0
2025-03-14T05:00:00-07:00,82,51,0.1
2025-03-14T05:30:00-07:00,85,50,0.1
2025-03-14T06:00:00-07:00,89,49,0
2025-03-14T06:30:00-07:00,88,49,0.1
2025-03-14T07:00:00-07:00,85,49,0
2025-03-14T07:30:00-07:00,82,49,0
2025-03-14T08:00:00-07:00,79,50,0
2025-03-14T08:30:00-07:00,76,51,0
2025-03-14T09:00:00-07:00,77,51,0
2025-03-14T09:30:00-07:00,75,53,0
2025-03-14T10:00:00-07:00,73,53,0
2025-03-14T10:30:00-07:00,79,53,0
2025-03-14T11:00:00-07:00,81,54,0
2025-03-14T11:30:00-07:00,69,57,0.1
2025-03-14T12:00:00-07:00,62,61,0
2025-03-14T12:30:00-07:00,57,63,0.3
2025-03-14T13:00:00-07:00,56,63,0.4
2025-03-14T13:30:00-07:00,64,64,1.8
2025-03-14T14:00:00-07:00,62,65,1.2
2025-03-14T14:30:00-07:00,55,65,1.5
2025-03-14T15:00:00-07:00,65,64,1.2
2025-03-14T15:30:00-07:00,61,65,1.2
2025-03-14T16:00:00-07:00,55,66,1.5
2025-03-14T16:30:00-07:00,55,65,1.2
2025-03-14T17:00:00-07:00,53,65,1.3
2025-03-14T17:30:00-07:00,52,64,1.9
2025-03-14T18:00:00-07:00,53,64,2.8
2025-03-14T18:30:00-07:00,56,63,2.9
2025-03-14T19:00:00-07:00,57,62,3.3
2025-03-14T19:30:00-07:00,59,62,2.9
2025-03-14T20:00:00-07:00,60,62,3.2
2025-03-14T20:30:00-07:00,61,61,5.6
2025-03-14T21:00:00-07:00,61,61,5.8
2025-03-14T21:30:00-07:00,63,61,4.5
2025-03-14T22:00:00-07:00,65,61,4.8
2025-03-14T22:30:00-07:00,64,61,5.6
2025-03-14T23:00:00-07:00,65,61,5.1
2025-03-14T23:30:00-07:00,68,60,5.4
2025-03-15T00:00:00-07:00,67,60,5
2025-03-15T00:30:00-07:00,69,60,5.3
2025-03-15T01:00:00-07:00,70,59,5.4
2025-03-15T01:30:00-07:00,71,59,6
2025-03-15T02:00:00-07:00,73,59,6.9
2025-03-15T02:30:00-07:00,74,58,8.7
2025-03-15T03:00:00-07:00,73,59,9.3
2025-03-15T03:30:00-07:00,73,59,9.9
2025-03-15T04:00:00-07:00,73,58,9.6
2025-03-15T04:30:00-07:00,74,58,9.8
2025-03-15T05:00:00-07:00,72,59,10
2025-03-15T05:30:00-07:00,71,59,10
2025-03-15T06:00:00-07:00,69,59,9.9
2025-03-15T06:30:00-07:00,69,58,9.8
2025-03-15T07:00:00-07:00,70,58,9.9
2025-03-15T07:30:00-07:00,70,58,9.9
2025-03-15T08:00:00-07:00,71,58,8.7
2025-03-15T08:30:00-07:00,70,58,8.3
2025-03-15T09:00:00-07:00,71,58,8.1
2025-03-15T09:30:00-07:00,65,59,7.7
2025-03-15T10:00:00-07:00,56,61,8.1
2025-03-15T10:30:00-07:00,48,64,8.2
2025-03-15T11:00:00-07:00,43,67,8
2025-03-15T11:30:00-07:00,40,68,8.3
2025-03-15T12:00:00-07:00,39,70,8.6
2025-03-15T12:30:00-07:00,38,69,8.4
2025-03-15T13:00:00-07:00,37,70,8.5
2025-03-15T13:30:00-07:00,36,73,8.1
2025-03-15T14:00:00-07:00,33,72,7.5
2025-03-15T14:30:00-07:00,32,73,7.1
2025-03-15T15:00:00-07:00,31,75,6.8
2025-03-15T15:30:00-07:00,31,75,6.8
2025-03-15T16:00:00-07:00,31,75,7.1
2025-03-15T16:30:00-07:00,32,75,7.2
2025-03-15T17:00:00-07:00,33,74,7.4
2025-03-15T17:30:00-07:00,34,73,7.5
2025-03-15T18:00:00-07:00,36,71,7.8
2025-03-15T18:30:00-07:00,38,70,7.6
2025-03-15T19:00:00-07:00,39,68,7.7
2025-03-15T19:30:00-07:00,41,67,8.5
2025-03-15T20:00:00-07:00,43,66,9.3
2025-03-15T20:30:00-07:00,44,66,8.7
2025-03-15T21:00:00-07:00,46,65,12.6
2025-03-15T21:30:00-07:00,47,64,9.5
2025-03-15T22:00:00-07:00,49,63,10.1
2025-03-15T22:30:00-07:00,51,62,9.1
2025-03-15T23:00:00-07:00,51,61,7.9
2025-03-15T23:30:00-07:00,51,61,7.8
2025-03-16T00:00:00-07:00,52,61,7.6
2025-03-16T00:30:00-07:00,53,60,7.6
2025-03-16T01:00:00-07:00,54,60,7.9
2025-03-16T01:30:00-07:00,55,59,8.3
2025-03-16T02:00:00-07:00,55,59,8.7
2025-03-16T02:30:00-07:00,57,59,9.5
2025-03-16T03:00:00-07:00,57,58,9.2
2025-03-16T03:30:00-07:00,58,58,9.3
2025-03-16T04:00:00-07:00,59,57,9.2
2025-03-16T04:30:00-07:00,61,57,8.7
2025-03-16T05:00:00-07:00,61,57,8.6
2025-03-16T05:30:00-07:00,60,56,8.4
2025-03-16T06:00:00-07:00,61,56,8.2
2025-03-16T06:30:00-07:00,62,56,8.3
2025-03-16T07:00:00-07:00,63,56,8.2
2025-03-16T07:30:00-07:00,65,56,8.8
2025-03-16T08:00:00-07:00,68,56,8.4
2025-03-16T08:30:00-07:00,61,57,7.5
2025-03-16T09:00:00-07:00,57,59,7.3
2025-03-16T09:30:00-07:00,50,60,5.6
2025-03-16T10:00:00-07:00,47,61,5.5
2025-03-16T10:30:00-07:00,48,62,4.7
2025-03-16T11:00:00-07:00,49,63,3.5
2025-03-16T11:30:00-07:00,47,65,3.4
2025-03-16T12:00:00-07:00,47,65,2.8
2025-03-16T12:30:00-07:00,47,65,2.8
2025-03-16T13:00:00-07:00,47,67,2.9
2025-03-16T13:30:00-07:00,46,68,2.7
2025-03-16T14:00:00-07:00,47,68,2.1
2025-03-16T14:30:00-07:00,47,67,2.4
2025-03-16T15:00:00-07:00,48,66,1.3
2025-03-16T15:30:00-07:00,52,65,1
2025-03-16T16:00:00-07:00,54,65,1.1
2025-03-16T16:30:00-07:00,55,64,1
2025-03-16T17:00:00-07:00,57,64,1.3
2025-03-16T17:30:00-07:00,58,64,1.6
2025-03-16T18:00:00-07:00,62,63,2.9
2025-03-16T18:30:00-07:00,64,62,3.3
2025-03-16T19:00:00-07:00,66,62,2.9
2025-03-16T19:30:00-07:00,68,62,2.7
2025-03-16T20:00:00-07:00,68,62,2.8
2025-03-16T20:30:00-07:00,68,62,2.4
2025-03-16T21:00:00-07:00,74,62,1.9
2025-03-16T21:30:00-07:00,87,61,2
2025-03-16T22:00:00-07:00,91,61,1.7
2025-03-16T22:30:00-07:00,92,61,1.4
2025-03-16T23:00:00-07:00,95,61,1.1
2025-03-16T23:30:00-07:00,93,61,0.2
2025-03-17T00:00:00-07:00,92,62,0
2025-03-17T00:30:00-07:00,82,62,0
2025-03-17T01:00:00-07:00,81,61,0
2025-03-17T01:30:00-07:00,81,61,0
2025-03-17T02:00:00-07:00,81,61,0.1
2025-03-17T02:30:00-07:00,80,61,0.2
2025-03-17T03:00:00-07:00,80,61,0.1
2025-03-17T03:30:00-07:00,80,61,0.1
2025-03-17T04:00:00-07:00,81,61,0.1
2025-03-17T04:30:00-07:00,82,60,0.3
2025-03-17T05:00:00-07:00,85,60,0.2
2025-03-17T05:30:00-07:00,89,59,0
2025-03-17T06:00:00-07:00,88,60,0.4
2025-03-17T06:30:00-07:00,84,61,0.4
2025-03-17T07:00:00-07:00,84,61,0.7
2025-03-17T07:30:00-07:00,86,60,0.9
2025-03-17T08:00:00-07:00,90,59,0.8
2025-03-17T08:30:00-07:00,94,59,1.1
2025-03-17T09:00:00-07:00,94,58,1.4
2025-03-17T09:30:00-07:00,85,60,1.4
2025-03-17T10:00:00-07:00,70,61,1.9
2025-03-17T10:30:00-07:00,64,63,2.4
2025-03-17T11:00:00-07:00,58,64,2.1
2025-03-17T11:30:00-07:00,53,65,1.8
2025-03-17T12:00:00-07:00,62,65,0.7
2025-03-17T12:30:00-07:00,58,66,0.8
2025-03-17T13:00:00-07:00,49,68,0.6
2025-03-17T13:30:00-07:00,47,67,0.7
2025-03-17T14:00:00-07:00,54,66,0.5
2025-03-17T14:30:00-07:00,53,66,0.2
2025-03-17T15:00:00-07:00,50,66,0.1
2025-03-17T15:30:00-07:00,49,67,0.1
2025-03-17T16:00:00-07:00,46,67,0.1
2025-03-17T16:30:00-07:00,46,67,0.3
2025-03-17T17:00:00-07:00,50,65,0.2
2025-03-17T17:30:00-07:00,60,63,0.3
2025-03-17T18:00:00-07:00,65,61,0.2
2025-03-17T18:30:00-07:00,65,61,0.7
2025-03-17T19:00:00-07:00,65,60,1.3
2025-03-17T19:30:00-07:00,69,61,0.9
2025-03-17T20:00:00-07:00,70,61,0.1
2025-03-17T20:30:00-07:00,71,61,0.3
2025-03-17T21:00:00-07:00,68,61,0.9
2025-03-17T21:30:00-07:00,64,61,0.4
2025-03-17T22:00:00-07:00,62,61,0.4
2025-03-17T22:30:00-07:00,60,61,0.1
2025-03-17T23:00:00-07:00,58,61,0.1
2025-03-17T23:30:00-07:00,55,60,0.1
2025-03-18T00:00:00-07:00,55,60,0.4
2025-03-18T00:30:00-07:00,55,60,0.4
2025-03-18T01:00:00-07:00,57,59,0.5
2025-03-18T01:30:00-07:00,59,58,0.6
2025-03-18T02:00:00-07:00,61,57,0.8
2025-03-18T02:30:00-07:00,61,56,0.9
2025-03-18T03:00:00-07:00,61,56,1
2025-03-18T03:30:00-07:00,61,55,0.9
2025-03-18T04:00:00-07:00,62,54,0.9
2025-03-18T04:30:00-07:00,61,54,1.1
2025-03-18T05:00:00-07:00,62,54,1.1
2025-03-18T05:30:00-07:00,62,53,1.2
2025-03-18T06:00:00-07:00,61,53,1.2
2025-03-18T06:30:00-07:00,62,53,1.3
2025-03-18T07:00:00-07:00,62,52,1.3
2025-03-18T07:30:00-07:00,63,52,1.7
2025-03-18T08:00:00-07:00,64,53,1.5
2025-03-18T08:30:00-07:00,63,54,1.4
2025-03-18T09:00:00-07:00,57,56,1.3
2025-03-18T09:30:00-07:00,51,58,1.2
2025-03-18T10:00:00-07:00,46,60,0.6
2025-03-18T10:30:00-07:00,41,64,0.7
2025-03-18T11:00:00-07:00,36,69,0.7
2025-03-18T11:30:00-07:00,34,71,0.6
2025-03-18T12:00:00-07:00,33,71,0.7
2025-03-18T12:30:00-07:00,33,71,0.8
2025-03-18T13:00:00-07:00,33,71,0.9
2025-03-18T13:30:00-07:00,34,72,0.8
2025-03-18T14:00:00-07:00,32,74,0.7
2025-03-18T14:30:00-07:00,32,74,0.9
2025-03-18T15:00:00-07:00,29,75,0.7
2025-03-18T15:30:00-07:00,28,75,0.5
2025-03-18T16:00:00-07:00,28,75,0.9
2025-03-18T16:30:00-07:00,29,74,1.2
2025-03-18T17:00:00-07:00,30,73,1.1
2025-03-18T17:30:00-07:00,31,72,1
2025-03-18T18:00:00-07:00,33,71,1
2025-03-18T18:30:00-07:00,36,69,1
2025-03-18T19:00:00-07:00,38,67,1
2025-03-18T19:30:00-07:00,40,66,1
2025-03-18T20:00:00-07:00,42,65,1.4
2025-03-18T20:30:00-07:00,43,64,1.8
2025-03-18T21:00:00-07:00,45,63,2.3
2025-03-18T21:30:00-07:00,47,62,5
2025-03-18T22:00:00-07:00,47,61,4.2
2025-03-18T22:30:00-07:00,48,60,2.6
2025-03-18T23:00:00-07:00,49,60,2.8
2025-03-18T23:30:00-07:00,49,59,2.2
2025-03-19T00:00:00-07:00,50,58,2.7
2025-03-19T00:30:00-07:00,52,58,2.3
2025-03-19T01:00:00-07:00,53,57,2.1
2025-03-19T01:30:00-07:00,54,57,2.1
2025-03-19T02:00:00-07:00,56,56,2.1
2025-03-19T02:30:00-07:00,57,56,2.2
2025-03-19T03:00:00-07:00,58,56,2.1
2025-03-19T03:30:00-07:00,58,55,1.9
2025-03-19T04:00:00-07:00,59,55,1.8
2025-03-19T04:30:00-07:00,60,55,1.9
2025-03-19T05:00:00-07:00,59,55,1.7
2025-03-19T05:30:00-07:00,60,54,1.7
2025-03-19T06:00:00-07:00,60,54,1.8
2025-03-19T06:30:00-07:00,60,54,2.1
2025-03-19T07:00:00-07:00,59,54,1.6
2025-03-19T07:30:00-07:00,57,53,1.3
2025-03-19T08:00:00-07:00,54,54,1.2
2025-03-19T08:30:00-07:00,55,55,2.4
2025-03-19T09:00:00-07:00,55,56,3.5
2025-03-19T09:30:00-07:00,52,58,3.7
2025-03-19T10:00:00-07:00,50,61,3.5
2025-03-19T10:30:00-07:00,45,66,3.1
2025-03-19T11:00:00-07:00,39,69,2.6
2025-03-19T11:30:00-07:00,37,70,3
2025-03-19T12:00:00-07:00,35,70,2.7
2025-03-19T12:30:00-07:00,34,70,2.5
2025-03-19T13:00:00-07:00,36,70,2.5
2025-03-19T13:30:00-07:00,36,71,2
2025-03-19T14:00:00-07:00,37,72,2.2
2025-03-19T14:30:00-07:00,36,73,2.1
2025-03-19T15:00:00-07:00,36,74,2.2
2025-03-19T15:30:00-07:00,33,74,1.1
2025-03-19T16:00:00-07:00,29,73,0.3
2025-03-19T16:30:00-07:00,30,71,0.2
2025-03-19T17:00:00-07:00,28,71,0.1
2025-03-19T17:30:00-07:00,27,70,0
2025-03-19T18:00:00-07:00,26,69,0
2025-03-19T18:30:00-07:00,26,69,0
2025-03-19T19:00:00-07:00,27,68,0.1
2025-03-19T19:30:00-07:00,27,67,0
2025-03-19T20:00:00-07:00,36,66,0.1
2025-03-19T20:30:00-07:00,46,65,0.2
2025-03-19T21:00:00-07:00,48,65,0.3
2025-03-19T21:30:00-07:00,48,65,0.4
2025-03-19T22:00:00-07:00,49,64,0.7
2025-03-19T22:30:00-07:00,51,64,0.2
2025-03-19T23:00:00-07:00,53,64,0.2
2025-03-19T23:30:00-07:00,53,64,0.3
2025-03-20T00:00:00-07:00,53,64,0.4
2025-03-20T00:30:00-07:00,58,63,0.3
2025-03-20T01:00:00-07:00,62,63,0.2
2025-03-20T01:30:00-07:00,63,62,0.1
2025-03-20T02:00:00-07:00,64,62,0.2
2025-03-20T02:30:00-07:00,63,62,0.9
2025-03-20T03:00:00-07:00,64,62,0.3
2025-03-20T03:30:00-07:00,63,62,0.3
2025-03-20T04:00:00-07:00,63,61,0.5
2025-03-20T04:30:00-07:00,64,60,0.8
2025-03-20T05:00:00-07:00,69,59,0.9
2025-03-20T05:30:00-07:00,67,60,0.9
2025-03-20T06:00:00-07:00,66,60,1.1
2025-03-20T06:30:00-07:00,64,60,1
2025-03-20T07:00:00-07:00,63,59,0.9
2025-03-20T07:30:00-07:00,63,59,0.8
2025-03-20T08:00:00-07:00,64,59,1
2025-03-20T08:30:00-07:00,65,59,2
2025-03-20T09:00:00-07:00,62,60,1.5
2025-03-20T09:30:00-07:00,59,62,1.9
2025-03-20T10:00:00-07:00,52,64,2
2025-03-20T10:30:00-07:00,47,67,2.5
2025-03-20T11:00:00-07:00,40,71,2.9
2025-03-20T11:30:00-07:00,37,73,2.4
2025-03-20T12:00:00-07:00,36,74,2.4
2025-03-20T12:30:00-07:00,35,74,1.8
2025-03-20T13:00:00-07:00,35,74,1.6
2025-03-20T13:30:00-07:00,33,74,1.2
2025-03-20T14:00:00-07:00,32,75,0.9
2025-03-20T14:30:00-07:00,30,76,0.5
2025-03-20T15:00:00-07:00,30,77,0.5
2025-03-20T15:30:00-07:00,31,76,0.9
2025-03-20T16:00:00-07:00,33,76,1.1
2025-03-20T16:30:00-07:00,34,75,1.1
2025-03-20T17:00:00-07:00,35,74,0.8
2025-03-20T17:30:00-07:00,36,73,0.8
2025-03-20T18:00:00-07:00,36,71,1.2
2025-03-20T18:30:00-07:00,37,70,1.5
2025-03-20T19:00:00-07:00,40,68,1.9
2025-03-20T19:30:00-07:00,41,66,2.2
2025-03-20T20:00:00-07:00,44,66,2.1
2025-03-20T20:30:00-07:00,46,65,2.1
2025-03-20T21:00:00-07:00,48,64,2.3
2025-03-20T21:30:00-07:00,49,64,2.5
2025-03-20T22:00:00-07:00,49,63,2.7
2025-03-20T22:30:00-07:00,51,62,3.7
2025-03-20T23:00:00-07:00,53,61,3.4
2025-03-20T23:30:00-07:00,54,61,3.6
2025-03-21T00:00:00-07:00,55,60,2.5
2025-03-21T00:30:00-07:00,55,60,2.7
2025-03-21T01:00:00-07:00,56,60,2.5
2025-03-21T01:30:00-07:00,56,59,2.5
2025-03-21T02:00:00-07:00,56,59,2.3
2025-03-21T02:30:00-07:00,57,58,2.2
2025-03-21T03:00:00-07:00,57,57,2.2
2025-03-21T03:30:00-07:00,58,58,2.1
2025-03-21T04:00:00-07:00,58,57,2.5
2025-03-21T04:30:00-07:00,59,57,2
2025-03-21T05:00:00-07:00,59,57,2
2025-03-21T05:30:00-07:00,59,57,1.9
2025-03-21T06:00:00-07:00,59,56,1.9
2025-03-21T06:30:00-07:00,59,56,1.9
2025-03-21T07:00:00-07:00,60,56,2.1
2025-03-21T07:30:00-07:00,60,56,2
2025-03-21T08:00:00-07:00,60,57,2.2
2025-03-21T08:30:00-07:00,59,57,3
2025-03-21T09:00:00-07:00,60,59,6.9
2025-03-21T09:30:00-07:00,58,62,4.8
2025-03-21T10:00:00-07:00,52,64,4.3
2025-03-21T10:30:00-07:00,43,68,3.5
2025-03-21T11:00:00-07:00,36,73,3.1
2025-03-21T11:30:00-07:00,33,75,3
2025-03-21T12:00:00-07:00,33,75,2.1
2025-03-21T12:30:00-07:00,33,74,1.9
2025-03-21T13:00:00-07:00,32,75,2.3
2025-03-21T13:30:00-07:00,33,76,2.8
2025-03-21T14:00:00-07:00,32,76,2.4
2025-03-21T14:30:00-07:00,33,77,1.8
2025-03-21T15:00:00-07:00,35,76,2.2
2025-03-21T15:30:00-07:00,35,77,1.7
2025-03-21T16:00:00-07:00,36,76,1.5
2025-03-21T16:30:00-07:00,37,75,1.3
2025-03-21T17:00:00-07:00,37,75,1.1
2025-03-21T17:30:00-07:00,38,73,1
2025-03-21T18:00:00-07:00,40,72,1
2025-03-21T18:30:00-07:00,42,70,1.1
2025-03-21T19:00:00-07:00,44,69,1.4
2025-03-21T19:30:00-07:00,46,68,1.3
2025-03-21T20:00:00-07:00,48,67,1.3
2025-03-21T20:30:00-07:00,49,66,1.4
2025-03-21T21:00:00-07:00,51,66,1.5
2025-03-21T21:30:00-07:00,52,65,1.6
2025-03-21T22:00:00-07:00,54,65,2.1
2025-03-21T22:30:00-07:00,55,64,4.4
2025-03-21T23:00:00-07:00,56,63,2.8
2025-03-21T23:30:00-07:00,57,62,2.6
2025-03-22T00:00:00-07:00,58,62,3.1
2025-03-22T00:30:00-07:00,59,62,3.5
2025-03-22T01:00:00-07:00,60,61,3.6
2025-03-22T01:30:00-07:00,60,61,4
2025-03-22T02:00:00-07:00,61,61,2
2025-03-22T02:30:00-07:00,62,60,3
2025-03-22T03:00:00-07:00,62,60,4.6
2025-03-22T03:30:00-07:00,62,60,4.3
2025-03-22T04:00:00-07:00,63,60,3
2025-03-22T04:30:00-07:00,64,60,3.4
2025-03-22T05:00:00-07:00,64,60,3.7
2025-03-22T05:30:00-07:00,65,60,2.9
2025-03-22T06:00:00-07:00,65,60,2.5
2025-03-22T06:30:00-07:00,65,59,2.4
2025-03-22T07:00:00-07:00,66,59,2.7
2025-03-22T07:30:00-07:00,69,60,3.7
2025-03-22T08:00:00-07:00,71,60,5.8
2025-03-22T08:30:00-07:00,76,61,4.3
2025-03-22T09:00:00-07:00,77,62,2.6
2025-03-22T09:30:00-07:00,73,63,1.8
2025-03-22T10:00:00-07:00,69,64,2.1
2025-03-22T10:30:00-07:00,68,65,1.6
2025-03-22T11:00:00-07:00,65,66,1.3
2025-03-22T11:30:00-07:00,60,67,1.1
2025-03-22T12:00:00-07:00,57,69,0.9
2025-03-22T12:30:00-07:00,52,72,1.2
2025-03-22T13:00:00-07:00,50,72,1.5
2025-03-22T13:30:00-07:00,51,71,2.5
2025-03-22T14:00:00-07:00,50,70,3
2025-03-22T14:30:00-07:00,52,70,3.6
2025-03-22T15:00:00-07:00,51,71,3.8
2025-03-22T15:30:00-07:00,49,71,3.7
2025-03-22T16:00:00-07:00,45,73,3.7
2025-03-22T16:30:00-07:00,43,74,3.4
2025-03-22T17:00:00-07:00,43,73,3.3
2025-03-22T17:30:00-07:00,44,73,3.2
2025-03-22T18:00:00-07:00,46,72,2.8
2025-03-22T18:30:00-07:00,49,70,3
2025-03-22T19:00:00-07:00,53,68,3.3
2025-03-22T19:30:00-07:00,57,67,3.6
2025-03-22T20:00:00-07:00,59,67,3.6
2025-03-22T20:30:00-07:00,61,66,3.3
2025-03-22T21:00:00-07:00,62,66,3.3
2025-03-22T21:30:00-07:00,63,66,3.5
2025-03-22T22:00:00-07:00,64,66,3
2025-03-22T22:30:00-07:00,64,66,3.2
2025-03-22T23:00:00-07:00,64,66,4
2025-03-22T23:30:00-07:00,65,65,5.5
2025-03-23T00:00:00-07:00,68,64,5.4
2025-03-23T00:30:00-07:00,69,64,5.4
2025-03-23T01:00:00-07:00,69,64,6.8
2025-03-23T01:30:00-07:00,70,64,6.5
2025-03-23T02:00:00-07:00,68,64,6.2
2025-03-23T02:30:00-07:00,68,65,6.4
2025-03-23T03:00:00-07:00,68,65,6.4
2025-03-23T03:30:00-07:00,69,64,5.3
2025-03-23T04:00:00-07:00,70,64,3.9
2025-03-23T04:30:00-07:00,69,64,3.8
2025-03-23T05:00:00-07:00,72,63,4.4
2025-03-23T05:30:00-07:00,72,63,6.1
2025-03-23T06:00:00-07:00,71,63,6.5
2025-03-23T06:30:00-07:00,69,62,5.3
2025-03-23T07:00:00-07:00,70,62,6.4
2025-03-23T07:30:00-07:00,72,62,8.1
2025-03-23T08:00:00-07:00,72,63,7.9
2025-03-23T08:30:00-07:00,71,63,8.2
2025-03-23T09:00:00-07:00,69,64,6.4
2025-03-23T09:30:00-07:00,66,65,5.5
2025-03-23T10:00:00-07:00,63,67,5.8
2025-03-23T10:30:00-07:00,54,71,5.6
2025-03-23T11:00:00-07:00,45,77,5.9
2025-03-23T11:30:00-07:00,41,79,6.3
2025-03-23T12:00:00-07:00,39,79,4.6
2025-03-23T12:30:00-07:00,38,79,3.3
2025-03-23T13:00:00-07:00,40,79,4
2025-03-23T13:30:00-07:00,39,80,3.6
2025-03-23T14:00:00-07:00,36,82,2
2025-03-23T14:30:00-07:00,35,83,2.6
2025-03-23T15:00:00-07:00,34,83,2.6
2025-03-23T15:30:00-07:00,32,84,2.1
2025-03-23T16:00:00-07:00,32,84,1.9
2025-03-23T16:30:00-07:00,32,84,2.2
2025-03-23T17:00:00-07:00,32,83,2.3
2025-03-23T17:30:00-07:00,32,83,1.7
2025-03-23T18:00:00-07:00,32,82,1.7
2025-03-23T18:30:00-07:00,33,80,1.4
2025-03-23T19:00:00-07:00,33,78,1.2
2025-03-23T19:30:00-07:00,36,77,2.3
2025-03-23T20:00:00-07:00,41,75,4.5
2025-03-23T20:30:00-07:00,44,74,4.5
2025-03-23T21:00:00-07:00,47,72,4.3
2025-03-23T21:30:00-07:00,51,71,4.3
2025-03-23T22:00:00-07:00,56,70,4.1
2025-03-23T22:30:00-07:00,59,68,4.7
2025-03-23T23:00:00-07:00,62,67,4.2
2025-03-23T23:30:00-07:00,63,67,4
2025-03-24T00:00:00-07:00,62,66,5.8
2025-03-24T00:30:00-07:00,63,66,5.3
2025-03-24T01:00:00-07:00,64,66,4.9
2025-03-24T01:30:00-07:00,64,65,4.7
2025-03-24T02:00:00-07:00,66,65,4.6
2025-03-24T02:30:00-07:00,66,64,3.7
2025-03-24T03:00:00-07:00,65,64,2.8
2025-03-24T03:30:00-07:00,64,64,2.6
2025-03-24T04:00:00-07:00,65,63,2
2025-03-24T04:30:00-07:00,65,63,1.9
2025-03-24T05:00:00-07:00,66,63,2.3
2025-03-24T05:30:00-07:00,66,62,2.2
2025-03-24T06:00:00-07:00,66,62,2
2025-03-24T06:30:00-07:00,65,62,1.6
2025-03-24T07:00:00-07:00,67,62,2.5
2025-03-24T07:30:00-07:00,70,62,2.3
2025-03-24T08:00:00-07:00,70,63,2.1
2025-03-24T08:30:00-07:00,72,65,4.5
2025-03-24T09:00:00-07:00,72,66,5.3
2025-03-24T09:30:00-07:00,66,68,5.7
2025-03-24T10:00:00-07:00,60,71,5.1
2025-03-24T10:30:00-07:00,50,76,4.2
2025-03-24T11:00:00-07:00,43,81,3.4
2025-03-24T11:30:00-07:00,39,83,3.1
2025-03-24T12:00:00-07:00,40,82,3
2025-03-24T12:30:00-07:00,39,84,3.2
2025-03-24T13:00:00-07:00,36,86,3.2
2025-03-24T13:30:00-07:00,36,87,4
2025-03-24T14:00:00-07:00,34,88,3.3
2025-03-24T14:30:00-07:00,32,90,3.3
2025-03-24T15:00:00-07:00,31,91,2.7
2025-03-24T15:30:00-07:00,29,92,2.5
2025-03-24T16:00:00-07:00,29,92,2.2
2025-03-24T16:30:00-07:00,30,91,2.4
2025-03-24T17:00:00-07:00,30,90,2.5
2025-03-24T17:30:00-07:00,31,90,3.2
2025-03-24T18:00:00-07:00,33,89,3.3
2025-03-24T18:30:00-07:00,34,88,3.4
2025-03-24T19:00:00-07:00,36,86,4.1
2025-03-24T19:30:00-07:00,37,85,3.9
2025-03-24T20:00:00-07:00,39,83,4.1
2025-03-24T20:30:00-07:00,40,82,4.4
2025-03-24T21:00:00-07:00,42,80,4.1
2025-03-24T21:30:00-07:00,43,79,4.4
2025-03-24T22:00:00-07:00,45,78,4.7
2025-03-24T22:30:00-07:00,47,77,5
2025-03-24T23:00:00-07:00,48,76,4.8
2025-03-24T23:30:00-07:00,49,76,4.9
2025-03-25T00:00:00-07:00,50,76,5.6
2025-03-25T00:30:00-07:00,52,75,5
2025-03-25T01:00:00-07:00,54,74,5.3
2025-03-25T01:30:00-07:00,55,74,4.8
2025-03-25T02:00:00-07:00,55,73,4.4
2025-03-25T02:30:00-07:00,57,73,4.3
2025-03-25T03:00:00-07:00,57,72,4.5
2025-03-25T03:30:00-07:00,58,72,4.2
2025-03-25T04:00:00-07:00,58,71,4.3
2025-03-25T04:30:00-07:00,59,71,4.6
2025-03-25T05:00:00-07:00,60,70,5.1
2025-03-25T05:30:00-07:00,62,69,5.8
2025-03-25T06:00:00-07:00,63,69,5.8
2025-03-25T06:30:00-07:00,63,69,5.2
2025-03-25T07:00:00-07:00,62,69,4.8
2025-03-25T07:30:00-07:00,64,68,4.7
2025-03-25T08:00:00-07:00,65,69,4.8
2025-03-25T08:30:00-07:00,64,70,4.7
2025-03-25T09:00:00-07:00,59,72,4.2
2025-03-25T09:30:00-07:00,57,74,5.1
2025-03-25T10:00:00-07:00,54,76,6
2025-03-25T10:30:00-07:00,46,81,5.8
2025-03-25T11:00:00-07:00,39,87,5.8
2025-03-25T11:30:00-07:00,37,88,5.8
2025-03-25T12:00:00-07:00,38,89,6.7
2025-03-25T12:30:00-07:00,37,90,6.7
2025-03-25T13:00:00-07:00,34,91,5.5
2025-03-25T13:30:00-07:00,33,93,8.3
2025-03-25T14:00:00-07:00,32,93,9.2
2025-03-25T14:30:00-07:00,30,93,9.5
2025-03-25T15:00:00-07:00,30,94,9.5
2025-03-25T15:30:00-07:00,29,95,7.3
2025-03-25T16:00:00-07:00,29,94,7.5
2025-03-25T16:30:00-07:00,29,94,7.5
2025-03-25T17:00:00-07:00,30,93,7.5
2025-03-25T17:30:00-07:00,30,92,6.6
2025-03-25T18:00:00-07:00,31,90,6.4
2025-03-25T18:30:00-07:00,32,88,6.1
2025-03-25T19:00:00-07:00,33,86,6.6
2025-03-25T19:30:00-07:00,35,85,6.9
2025-03-25T20:00:00-07:00,36,83,7.9
2025-03-25T20:30:00-07:00,39,82,8.7
2025-03-25T21:00:00-07:00,45,81,10
2025-03-25T21:30:00-07:00,47,80,10.3
2025-03-25T22:00:00-07:00,50,79,10.7
2025-03-25T22:30:00-07:00,49,78,10
2025-03-25T23:00:00-07:00,45,77,7.2
2025-03-25T23:30:00-07:00,46,75,7
2025-03-26T00:00:00-07:00,48,73,7.5
2025-03-26T00:30:00-07:00,50,72,6
2025-03-26T01:00:00-07:00,52,71,7.6
2025-03-26T01:30:00-07:00,54,70,8.2
2025-03-26T02:00:00-07:00,56,69,10.1
2025-03-26T02:30:00-07:00,58,68,9.3
2025-03-26T03:00:00-07:00,60,68,8
2025-03-26T03:30:00-07:00,62,67,8
2025-03-26T04:00:00-07:00,64,67,8
2025-03-26T04:30:00-07:00,66,67,11.2
2025-03-26T05:00:00-07:00,68,67,11.7
2025-03-26T05:30:00-07:00,68,67,12
2025-03-26T06:00:00-07:00,69,65,7.3
2025-03-26T06:30:00-07:00,70,64,2.5
2025-03-26T07:00:00-07:00,72,63,1.8
2025-03-26T07:30:00-07:00,73,63,3.3
2025-03-26T08:00:00-07:00,73,63,2.5
2025-03-26T08:30:00-07:00,71,63,2.2
2025-03-26T09:00:00-07:00,68,64,1.1
2025-03-26T09:30:00-07:00,64,65,1.1
2025-03-26T10:00:00-07:00,59,67,1.2
2025-03-26T10:30:00-07:00,52,70,1.2
2025-03-26T11:00:00-07:00,47,72,1.1
2025-03-26T11:30:00-07:00,46,72,1.7
2025-03-26T12:00:00-07:00,46,72,1.7
2025-03-26T12:30:00-07:00,45,72,1.5
2025-03-26T13:00:00-07:00,44,73,1.3
2025-03-26T13:30:00-07:00,43,72,1.6
2025-03-26T14:00:00-07:00,43,73,2
2025-03-26T14:30:00-07:00,43,73,2.1
2025-03-26T15:00:00-07:00,42,74,2.1
2025-03-26T15:30:00-07:00,41,74,2.2
2025-03-26T16:00:00-07:00,42,73,2.2
2025-03-26T16:30:00-07:00,42,74,2.1
2025-03-26T17:00:00-07:00,43,73,2
2025-03-26T17:30:00-07:00,45,71,1.6
2025-03-26T18:00:00-07:00,48,69,1.4
2025-03-26T18:30:00-07:00,51,68,1.5
2025-03-26T19:00:00-07:00,54,67,2.1
2025-03-26T19:30:00-07:00,57,66,2.4
2025-03-26T20:00:00-07:00,59,66,2.2
2025-03-26T20:30:00-07:00,62,65,1.3
2025-03-26T21:00:00-07:00,61,66,1.7
2025-03-26T21:30:00-07:00,60,65,2.8
2025-03-26T22:00:00-07:00,61,65,2.5
2025-03-26T22:30:00-07:00,62,65,1.9
2025-03-26T23:00:00-07:00,62,65,1.6
2025-03-26T23:30:00-07:00,62,65,1.5
2025-03-27T00:00:00-07:00,63,65,1.9
2025-03-27T00:30:00-07:00,62,66,1.8
2025-03-27T01:00:00-07:00,64,65,0.4
2025-03-27T01:30:00-07:00,65,65,1
2025-03-27T02:00:00-07:00,66,65,0.9
2025-03-27T02:30:00-07:00,67,64,0
2025-03-27T03:00:00-07:00,68,64,0
2025-03-27T03:30:00-07:00,68,65,0.1
2025-03-27T04:00:00-07:00,68,65,0
2025-03-27T04:30:00-07:00,69,65,0
2025-03-27T05:00:00-07:00,71,65,0.1
2025-03-27T05:30:00-07:00,71,65,0
2025-03-27T06:00:00-07:00,72,65,0.1
2025-03-27T06:30:00-07:00,72,65,0.6
2025-03-27T07:00:00-07:00,70,65,0.4
2025-03-27T07:30:00-07:00,72,64,0.6
2025-03-27T08:00:00-07:00,76,64,0.9
2025-03-27T08:30:00-07:00,75,64,1.1
2025-03-27T09:00:00-07:00,71,65,0.6
2025-03-27T09:30:00-07:00,65,66,1
2025-03-27T10:00:00-07:00,58,68,1.1
2025-03-27T10:30:00-07:00,54,68,1.2
2025-03-27T11:00:00-07:00,49,70,1.2
2025-03-27T11:30:00-07:00,46,69,1.5
2025-03-27T12:00:00-07:00,47,70,1.9
2025-03-27T12:30:00-07:00,57,69,2.3
2025-03-27T13:00:00-07:00,52,70,2.2
2025-03-27T13:30:00-07:00,53,70,2.5
2025-03-27T14:00:00-07:00,55,70,1.6
2025-03-27T14:30:00-07:00,61,71,1.1
2025-03-27T15:00:00-07:00,47,72,1.3
2025-03-27T15:30:00-07:00,48,71,1.5
2025-03-27T16:00:00-07:00,49,69,1.5
2025-03-27T16:30:00-07:00,46,69,1
2025-03-27T17:00:00-07:00,44,70,1.1
2025-03-27T17:30:00-07:00,41,70,1
2025-03-27T18:00:00-07:00,41,70,1.1
2025-03-27T18:30:00-07:00,41,70,1.2
2025-03-27T19:00:00-07:00,42,70,1.2
2025-03-27T19:30:00-07:00,44,69,1.7
2025-03-27T20:00:00-07:00,45,69,1.9
2025-03-27T20:30:00-07:00,46,68,1.9
2025-03-27T21:00:00-07:00,47,67,1.9
2025-03-27T21:30:00-07:00,48,66,1.9
2025-03-27T22:00:00-07:00,49,65,1.5
2025-03-27T22:30:00-07:00,50,65,1.5
2025-03-27T23:00:00-07:00,50,65,1.8
2025-03-27T23:30:00-07:00,50,65,1.7
2025-03-28T00:00:00-07:00,51,66,1.8
2025-03-28T00:30:00-07:00,54,65,1.3
2025-03-28T01:00:00-07:00,56,65,1.6
2025-03-28T01:30:00-07:00,55,65,2.5
2025-03-28T02:00:00-07:00,56,65,2.7
2025-03-28T02:30:00-07:00,56,64,2.6
2025-03-28T03:00:00-07:00,57,64,2.3
2025-03-28T03:30:00-07:00,60,63,2.3
2025-03-28T04:00:00-07:00,61,64,2.4
2025-03-28T04:30:00-07:00,67,65,2.3
2025-03-28T05:00:00-07:00,68,65,2
2025-03-28T05:30:00-07:00,66,65,1.7
2025-03-28T06:00:00-07:00,65,64,1.9
2025-03-28T06:30:00-07:00,68,64,2
2025-03-28T07:00:00-07:00,69,64,2.4
2025-03-28T07:30:00-07:00,69,63,3
2025-03-28T08:00:00-07:00,69,63,3.1
2025-03-28T08:30:00-07:00,69,64,2.1
2025-03-28T09:00:00-07:00,64,66,1.7
2025-03-28T09:30:00-07:00,60,65,1.4
2025-03-28T10:00:00-07:00,56,66,0.7
2025-03-28T10:30:00-07:00,53,68,0.9
2025-03-28T11:00:00-07:00,46,71,0.5
2025-03-28T11:30:00-07:00,42,71,0.6
2025-03-28T12:00:00-07:00,40,72,0.4
2025-03-28T12:30:00-07:00,40,72,0.3
2025-03-28T13:00:00-07:00,39,72,0.6
2025-03-28T13:30:00-07:00,38,72,0.7
2025-03-28T14:00:00-07:00,36,73,0.7
2025-03-28T14:30:00-07:00,33,73,0.7
2025-03-28T15:00:00-07:00,32,74,0.8
2025-03-28T15:30:00-07:00,30,75,0.9
2025-03-28T16:00:00-07:00,31,73,1
2025-03-28T16:30:00-07:00,32,74,1
2025-03-28T17:00:00-07:00,35,72,1.1
2025-03-28T17:30:00-07:00,44,69,0.6
2025-03-28T18:00:00-07:00,42,66,0.4
2025-03-28T18:30:00-07:00,42,67,0.8
2025-03-28T19:00:00-07:00,41,67,1.1
2025-03-28T19:30:00-07:00,42,66,1.1
2025-03-28T20:00:00-07:00,44,66,1.3
2025-03-28T20:30:00-07:00,45,65,1
2025-03-28T21:00:00-07:00,45,66,1
2025-03-28T21:30:00-07:00,47,64,1.1
2025-03-28T22:00:00-07:00,47,64,0.7
2025-03-28T22:30:00-07:00,48,64,0.7
2025-03-28T23:00:00-07:00,49,62,0.9
2025-03-28T23:30:00-07:00,50,63,1.8
2025-03-29T00:00:00-07:00,51,61,1.9
2025-03-29T00:30:00-07:00,50,63,1.7
2025-03-29T01:00:00-07:00,51,60,2
2025-03-29T01:30:00-07:00,52,61,1.5
2025-03-29T02:00:00-07:00,53,61,1.2
2025-03-29T02:30:00-07:00,54,61,1.2
2025-03-29T03:00:00-07:00,55,60,1.1
2025-03-29T03:30:00-07:00,56,58,1.3
2025-03-29T04:00:00-07:00,57,58,1.3
2025-03-29T04:30:00-07:00,58,60,1.3
2025-03-29T05:00:00-07:00,58,59,1.3
2025-03-29T05:30:00-07:00,59,58,1.3
2025-03-29T06:00:00-07:00,59,58,1.2
2025-03-29T06:30:00-07:00,59,55,1.1
2025-03-29T07:00:00-07:00,59,58,1.7
2025-03-29T07:30:00-07:00,59,56,1.2
2025-03-29T08:00:00-07:00,59,57,1.2
2025-03-29T08:30:00-07:00,58,60,1.2
2025-03-29T09:00:00-07:00,56,62,1.4
2025-03-29T09:30:00-07:00,52,63,1.2
2025-03-29T10:00:00-07:00,47,65,1.1
2025-03-29T10:30:00-07:00,41,68,0.9
2025-03-29T11:00:00-07:00,38,70,0.9
2025-03-29T11:30:00-07:00,36,71,0.8
2025-03-29T12:00:00-07:00,36,72,0.7
2025-03-29T12:30:00-07:00,34,72,0.7
2025-03-29T13:00:00-07:00,33,73,0.7
2025-03-29T13:30:00-07:00,31,76,1.9
2025-03-29T14:00:00-07:00,29,76,0.8
2025-03-29T14:30:00-07:00,28,76,0.5
2025-03-29T15:00:00-07:00,29,76,0.6
2025-03-29T15:30:00-07:00,30,76,0.6
2025-03-29T16:00:00-07:00,32,75,0.6
2025-03-29T16:30:00-07:00,33,73,0.6
2025-03-29T17:00:00-07:00,34,72,0.6
2025-03-29T17:30:00-07:00,36,71,0.8
2025-03-29T18:00:00-07:00,37,69,0.8
2025-03-29T18:30:00-07:00,37,67,0.8
2025-03-29T19:00:00-07:00,38,68,0.8
2025-03-29T19:30:00-07:00,38,65,0.8
2025-03-29T20:00:00-07:00,39,66,0.9
2025-03-29T20:30:00-07:00,40,66,1
2025-03-29T21:00:00-07:00,40,65,0.9
2025-03-29T21:30:00-07:00,41,64,1.1
2025-03-29T22:00:00-07:00,40,64,1.1
2025-03-29T22:30:00-07:00,40,64,1
2025-03-29T23:00:00-07:00,41,64,1
2025-03-29T23:30:00-07:00,41,64,0.9
2025-03-30T00:00:00-07:00,42,64,1.4
2025-03-30T00:30:00-07:00,43,62,2.1
2025-03-30T01:00:00-07:00,38,61,0.9
2025-03-30T01:30:00-07:00,42,61,0.9
2025-03-30T02:00:00-07:00,49,61,1.2
2025-03-30T02:30:00-07:00,51,62,1.2
2025-03-30T03:00:00-07:00,49,61,2.1
2025-03-30T03:30:00-07:00,46,59,2.2
2025-03-30T04:00:00-07:00,48,59,1.4
2025-03-30T04:30:00-07:00,48,59,1.7
2025-03-30T05:00:00-07:00,46,59,1.4
2025-03-30T05:30:00-07:00,45,60,1.7
2025-03-30T06:00:00-07:00,46,60,2.1
2025-03-30T06:30:00-07:00,48,59,2.4
2025-03-30T07:00:00-07:00,46,60,2.4
2025-03-30T07:30:00-07:00,48,60,1.9
2025-03-30T08:00:00-07:00,55,59,1.5
2025-03-30T08:30:00-07:00,62,60,0.7
2025-03-30T09:00:00-07:00,61,61,0.1
2025-03-30T09:30:00-07:00,58,63,0
2025-03-30T10:00:00-07:00,57,65,0
2025-03-30T10:30:00-07:00,56,66,0
2025-03-30T11:00:00-07:00,53,67,0
2025-03-30T11:30:00-07:00,52,68,0
2025-03-30T12:00:00-07:00,52,68,0
2025-03-30T12:30:00-07:00,51,69,0
2025-03-30T13:00:00-07:00,50,70,0.1
2025-03-30T13:30:00-07:00,49,71,0.3
2025-03-30T14:00:00-07:00,46,72,0.6
2025-03-30T14:30:00-07:00,44,73,0.7
2025-03-30T15:00:00-07:00,42,74,0.7
2025-03-30T15:30:00-07:00,41,74,0.7
2025-03-30T16:00:00-07:00,40,74,0.8
2025-03-30T16:30:00-07:00,38,74,0.8
2025-03-30T17:00:00-07:00,38,73,0.7
2025-03-30T17:30:00-07:00,40,73,0.9
2025-03-30T18:00:00-07:00,43,72,1
2025-03-30T18:30:00-07:00,42,72,1
2025-03-30T19:00:00-07:00,44,70,0.7
2025-03-30T19:30:00-07:00,47,70,0.9
2025-03-30T20:00:00-07:00,51,69,1.3
2025-03-30T20:30:00-07:00,54,69,1.1
2025-03-30T21:00:00-07:00,56,68,0.9
2025-03-30T21:30:00-07:00,56,68,0.6
2025-03-30T22:00:00-07:00,61,67,0.5
2025-03-30T22:30:00-07:00,63,67,0.7
2025-03-30T23:00:00-07:00,64,66,1
2025-03-30T23:30:00-07:00,62,67,1
2025-03-31T00:00:00-07:00,60,67,0.6
2025-03-31T00:30:00-07:00,61,67,0.6
2025-03-31T01:00:00-07:00,64,66,0.6
2025-03-31T01:30:00-07:00,66,66,0.6
2025-03-31T02:00:00-07:00,66,66,0.3
2025-03-31T02:30:00-07:00,71,67,0.6
2025-03-31T03:00:00-07:00,69,66,1.4
2025-03-31T03:30:00-07:00,64,66,0.8
2025-03-31T04:00:00-07:00,68,66,0.4
2025-03-31T04:30:00-07:00,75,65,0.1
2025-03-31T05:00:00-07:00,77,65,0
2025-03-31T05:30:00-07:00,77,64,0
2025-03-31T06:00:00-07:00,76,64,0
2025-03-31T06:30:00-07:00,77,64,0
2025-03-31T07:00:00-07:00,78,65,0.3
2025-03-31T07:30:00-07:00,78,64,1.3
2025-03-31T08:00:00-07:00,75,64,1.8
2025-03-31T08:30:00-07:00,75,64,1.9
2025-03-31T09:00:00-07:00,74,63,1.9
2025-03-31T09:30:00-07:00,71,63,1.5
2025-03-31T10:00:00-07:00,71,64,1.5
2025-03-31T10:30:00-07:00,73,64,1.6
2025-03-31T11:00:00-07:00,72,65,1.6
2025-03-31T11:30:00-07:00,73,66,1.8
2025-03-31T12:00:00-07:00,59,68,1.6
2025-03-31T12:30:00-07:00,46,70,1.3
2025-03-31T13:00:00-07:00,41,71,1.2
2025-03-31T13:30:00-07:00,39,72,0.8
2025-03-31T14:00:00-07:00,36,72,0.6
2025-03-31T14:30:00-07:00,35,71,0.9
2025-03-31T15:00:00-07:00,35,72,0.9
2025-03-31T15:30:00-07:00,35,72,1
2025-03-31T16:00:00-07:00,35,71,1
2025-03-31T16:30:00-07:00,44,68,0.6
2025-03-31T17:00:00-07:00,50,66,0.5
2025-03-31T17:30:00-07:00,49,66,0.6
2025-03-31T18:00:00-07:00,48,66,0.9
2025-03-31T18:30:00-07:00,50,65,0.9
2025-03-31T19:00:00-07:00,54,64,0.9
2025-03-31T19:30:00-07:00,56,64,1.3
2025-03-31T20:00:00-07:00,57,63,0.5
2025-03-31T20:30:00-07:00,61,62,0.5
2025-03-31T21:00:00-07:00,62,61,0.6
2025-03-31T21:30:00-07:00,64,59,0.4
2025-03-31T22:00:00-07:00,63,60,0.7
2025-03-31T22:30:00-07:00,62,60,0.6
2025-03-31T23:00:00-07:00,66,58,0.7
2025-03-31T23:30:00-07:00,69,58,0.7
2025-04-01T00:00:00-07:00,71,58,0.5
2025-04-01T00:30:00-07:00,68,59,0.7
2025-04-01T01:00:00-07:00,66,59,0.9
2025-04-01T01:30:00-07:00,66,59,1.1
2025-04-01T02:00:00-07:00,67,59,1
2025-04-01T02:30:00-07:00,68,58,1
2025-04-01T03:00:00-07:00,64,58,1
2025-04-01T03:30:00-07:00,67,57,0.8
2025-04-01T04:00:00-07:00,70,58,1.2
2025-04-01T04:30:00-07:00,76,57,1.4
2025-04-01T05:00:00-07:00,79,56,1
2025-04-01T05:30:00-07:00,78,57,1
2025-04-01T06:00:00-07:00,82,56,1.5
2025-04-01T06:30:00-07:00,84,56,1.1
2025-04-01T07:00:00-07:00,83,56,1.1
2025-04-01T07:30:00-07:00,85,56,1.2
2025-04-01T08:00:00-07:00,87,56,1.2
2025-04-01T08:30:00-07:00,90,56,1.5
2025-04-01T09:00:00-07:00,89,57,1.7
2025-04-01T09:30:00-07:00,86,58,1.8
2025-04-01T10:00:00-07:00,81,61,1.7
2025-04-01T10:30:00-07:00,75,62,2.1
2025-04-01T11:00:00-07:00,74,62,1.6
2025-04-01T11:30:00-07:00,75,64,2.4
2025-04-01T12:00:00-07:00,67,65,3.3
2025-04-01T12:30:00-07:00,58,66,3.3
2025-04-01T13:00:00-07:00,62,66,2.1
2025-04-01T13:30:00-07:00,55,67,1.5
2025-04-01T14:00:00-07:00,52,67,1.9
2025-04-01T14:30:00-07:00,51,67,2
2025-04-01T15:00:00-07:00,48,66,0.8
2025-04-01T15:30:00-07:00,48,66,1.6
2025-04-01T16:00:00-07:00,48,66,1.5
2025-04-01T16:30:00-07:00,45,67,1.3
2025-04-01T17:00:00-07:00,46,66,1.7
2025-04-01T17:30:00-07:00,46,65,1.9
2025-04-01T18:00:00-07:00,50,64,1.7
2025-04-01T18:30:00-07:00,57,63,1.3
2025-04-01T19:00:00-07:00,55,62,0.5
2025-04-01T19:30:00-07:00,57,62,0.8
2025-04-01T20:00:00-07:00,56,62,1
2025-04-01T20:30:00-07:00,54,61,1
2025-04-01T21:00:00-07:00,54,61,1.4
2025-04-01T21:30:00-07:00,56,62,1.2
2025-04-01T22:00:00-07:00,57,61,0.7
2025-04-01T22:30:00-07:00,55,61,0.3
2025-04-01T23:00:00-07:00,54,61,0.4
2025-04-01T23:30:00-07:00,53,61,0.3
2025-04-02T00:00:00-07:00,52,61,0.2
2025-04-02T00:30:00-07:00,52,61,0.4
2025-04-02T01:00:00-07:00,52,60,0.7
2025-04-02T01:30:00-07:00,53,60,0.3
2025-04-02T02:00:00-07:00,55,59,0.4
2025-04-02T02:30:00-07:00,56,58,0.8
2025-04-02T03:00:00-07:00,57,57,0.6
2025-04-02T03:30:00-07:00,57,57,0.6
2025-04-02T04:00:00-07:00,58,56,0.5
2025-04-02T04:30:00-07:00,59,56,0.3
2025-04-02T05:00:00-07:00,59,55,0.2
2025-04-02T05:30:00-07:00,59,54,0.2
2025-04-02T06:00:00-07:00,59,54,0.2
2025-04-02T06:30:00-07:00,59,54,0.2
2025-04-02T07:00:00-07:00,60,54,0.2
2025-04-02T07:30:00-07:00,61,54,0.3
2025-04-02T08:00:00-07:00,60,56,0.3
2025-04-02T08:30:00-07:00,58,58,0.5
2025-04-02T09:00:00-07:00,54,59,0.9
2025-04-02T09:30:00-07:00,52,61,0.7
2025-04-02T10:00:00-07:00,48,62,0.9
2025-04-02T10:30:00-07:00,44,65,0.6
2025-04-02T11:00:00-07:00,40,67,0.4
2025-04-02T11:30:00-07:00,38,68,0.4
2025-04-02T12:00:00-07:00,37,69,0.9
2025-04-02T12:30:00-07:00,35,71,0.9
2025-04-02T13:00:00-07:00,34,71,0.9
2025-04-02T13:30:00-07:00,32,73,0.6
2025-04-02T14:00:00-07:00,31,74,0.6
2025-04-02T14:30:00-07:00,32,74,0.7
2025-04-02T15:00:00-07:00,33,74,1
2025-04-02T15:30:00-07:00,34,74,1
2025-04-02T16:00:00-07:00,34,74,0.9
2025-04-02T16:30:00-07:00,34,73,1.1
2025-04-02T17:00:00-07:00,35,72,1.1
2025-04-02T17:30:00-07:00,36,71,1.2
2025-04-02T18:00:00-07:00,38,69,1.5
2025-04-02T18:30:00-07:00,40,67,1.4
2025-04-02T19:00:00-07:00,43,66,1.7
2025-04-02T19:30:00-07:00,45,64,1.6
2025-04-02T20:00:00-07:00,46,64,1.5
2025-04-02T20:30:00-07:00,47,63,1.4
2025-04-02T21:00:00-07:00,49,63,1.5
2025-04-02T21:30:00-07:00,49,63,1.5
2025-04-02T22:00:00-07:00,50,63,1.4
2025-04-02T22:30:00-07:00,50,62,1.5
2025-04-02T23:00:00-07:00,51,61,1.5
2025-04-02T23:30:00-07:00,52,60,1.4
2025-04-03T00:00:00-07:00,52,60,1.5
2025-04-03T00:30:00-07:00,52,60,1.4
2025-04-03T01:00:00-07:00,52,60,1.5
2025-04-03T01:30:00-07:00,51,61,1.5
2025-04-03T02:00:00-07:00,51,60,1.4
2025-04-03T02:30:00-07:00,53,59,1.7
2025-04-03T03:00:00-07:00,54,59,2.7
2025-04-03T03:30:00-07:00,56,58,4
2025-04-03T04:00:00-07:00,56,58,4.5
2025-04-03T04:30:00-07:00,55,58,4.9
2025-04-03T05:00:00-07:00,54,58,5.6
2025-04-03T05:30:00-07:00,55,57,4.8
2025-04-03T06:00:00-07:00,55,57,4.5
2025-04-03T06:30:00-07:00,56,56,5
2025-04-03T07:00:00-07:00,58,56,2.8
2025-04-03T07:30:00-07:00,58,56,2.5
2025-04-03T08:00:00-07:00,57,57,5
2025-04-03T08:30:00-07:00,54,58,4
2025-04-03T09:00:00-07:00,52,59,3.4
2025-04-03T09:30:00-07:00,49,61,2.8
2025-04-03T10:00:00-07:00,46,63,2.4
2025-04-03T10:30:00-07:00,42,66,2
2025-04-03T11:00:00-07:00,40,67,2.5
2025-04-03T11:30:00-07:00,38,68,2.2
2025-04-03T12:00:00-07:00,38,70,2
2025-04-03T12:30:00-07:00,35,73,1.9
2025-04-03T13:00:00-07:00,34,74,1.5
2025-04-03T13:30:00-07:00,32,75,1
2025-04-03T14:00:00-07:00,29,76,0.6
2025-04-03T14:30:00-07:00,27,77,0.5
2025-04-03T15:00:00-07:00,28,78,0.7
2025-04-03T15:30:00-07:00,29,78,0.8
2025-04-03T16:00:00-07:00,30,78,1
2025-04-03T16:30:00-07:00,31,77,0.8
2025-04-03T17:00:00-07:00,32,76,0.7
2025-04-03T17:30:00-07:00,34,75,1
2025-04-03T18:00:00-07:00,36,73,1
2025-04-03T18:30:00-07:00,37,71,1
2025-04-03T19:00:00-07:00,38,70,1
2025-04-03T19:30:00-07:00,40,69,1
2025-04-03T20:00:00-07:00,42,68,1.1
2025-04-03T20:30:00-07:00,44,66,1.3
2025-04-03T21:00:00-07:00,46,66,1.6
2025-04-03T21:30:00-07:00,48,65,1.7
2025-04-03T22:00:00-07:00,51,65,1.7
2025-04-03T22:30:00-07:00,52,64,2.1
2025-04-03T23:00:00-07:00,51,63,2.2
2025-04-03T23:30:00-07:00,52,62,1.8
2025-04-04T00:00:00-07:00,53,61,1.8
2025-04-04T00:30:00-07:00,54,61,1.8
2025-04-04T01:00:00-07:00,55,60,2
2025-04-04T01:30:00-07:00,55,60,2
2025-04-04T02:00:00-07:00,55,60,1.5
2025-04-04T02:30:00-07:00,53,59,1.3
2025-04-04T03:00:00-07:00,54,58,1.4
2025-04-04T03:30:00-07:00,56,58,1.5
2025-04-04T04:00:00-07:00,56,58,1.5
2025-04-04T04:30:00-07:00,54,58,2.2
2025-04-04T05:00:00-07:00,54,57,1.8
2025-04-04T05:30:00-07:00,54,57,1.4
2025-04-04T06:00:00-07:00,55,57,1.2
2025-04-04T06:30:00-07:00,53,57,1
2025-04-04T07:00:00-07:00,54,57,1.1
2025-04-04T07:30:00-07:00,53,57,1.3
2025-04-04T08:00:00-07:00,54,58,2.4
2025-04-04T08:30:00-07:00,53,60,4
2025-04-04T09:00:00-07:00,52,62,3.2
2025-04-04T09:30:00-07:00,52,63,4.4
2025-04-04T10:00:00-07:00,49,65,5.4
2025-04-04T10:30:00-07:00,44,68,4.1
2025-04-04T11:00:00-07:00,40,71,2.7
2025-04-04T11:30:00-07:00,38,73,2.5
2025-04-04T12:00:00-07:00,37,75,2.6
2025-04-04T12:30:00-07:00,35,75,2.5
2025-04-04T13:00:00-07:00,34,77,2.6
2025-04-04T13:30:00-07:00,33,79,3
2025-04-04T14:00:00-07:00,30,80,2.2
2025-04-04T14:30:00-07:00,29,80,1.9
2025-04-04T15:00:00-07:00,27,81,1.4
2025-04-04T15:30:00-07:00,25,81,1.4
2025-04-04T16:00:00-07:00,23,81,1
2025-04-04T16:30:00-07:00,25,83,1.4
2025-04-04T17:00:00-07:00,26,82,1.4
2025-04-04T17:30:00-07:00,28,80,1.4
2025-04-04T18:00:00-07:00,31,78,1.4
2025-04-04T18:30:00-07:00,34,76,1.6
2025-04-04T19:00:00-07:00,36,74,1.7
2025-04-04T19:30:00-07:00,36,73,1.7
2025-04-04T20:00:00-07:00,39,72,2
2025-04-04T20:30:00-07:00,42,71,2.5
2025-04-04T21:00:00-07:00,41,70,2
2025-04-04T21:30:00-07:00,42,69,2.7
2025-04-04T22:00:00-07:00,44,68,2.8
2025-04-04T22:30:00-07:00,43,67,3
2025-04-04T23:00:00-07:00,43,66,3
2025-04-04T23:30:00-07:00,44,65,2.9
2025-04-05T00:00:00-07:00,45,65,3.3
2025-04-05T00:30:00-07:00,45,64,3.9
2025-04-05T01:00:00-07:00,46,63,5.9
2025-04-05T01:30:00-07:00,47,63,3.3
2025-04-05T02:00:00-07:00,48,62,3.5
2025-04-05T02:30:00-07:00,48,62,2.8
2025-04-05T03:00:00-07:00,48,62,2.4
2025-04-05T03:30:00-07:00,49,62,2.5
2025-04-05T04:00:00-07:00,50,62,2.3
2025-04-05T04:30:00-07:00,50,62,2
2025-04-05T05:00:00-07:00,50,62,1.8
2025-04-05T05:30:00-07:00,52,61,2.3
2025-04-05T06:00:00-07:00,52,61,2.4
2025-04-05T06:30:00-07:00,52,61,4.6
2025-04-05T07:00:00-07:00,53,60,3.5
2025-04-05T07:30:00-07:00,53,61,3.7
2025-04-05T08:00:00-07:00,51,62,2.5
2025-04-05T08:30:00-07:00,50,63,3
2025-04-05T09:00:00-07:00,49,65,4.3
2025-04-05T09:30:00-07:00,45,67,3.3
2025-04-05T10:00:00-07:00,41,69,2.7
2025-04-05T10:30:00-07:00,38,71,2.5
2025-04-05T11:00:00-07:00,34,74,2.1
2025-04-05T11:30:00-07:00,32,76,2.2
2025-04-05T12:00:00-07:00,31,78,2.6
2025-04-05T12:30:00-07:00,31,80,2.8
2025-04-05T13:00:00-07:00,29,80,2.4
2025-04-05T13:30:00-07:00,27,82,2
2025-04-05T14:00:00-07:00,27,83,2.2
2025-04-05T14:30:00-07:00,24,84,4.1
2025-04-05T15:00:00-07:00,24,85,2.2
2025-04-05T15:30:00-07:00,24,85,2.4
2025-04-05T16:00:00-07:00,24,85,2.4
2025-04-05T16:30:00-07:00,23,85,2.1
2025-04-05T17:00:00-07:00,24,84,2.4
2025-04-05T17:30:00-07:00,23,83,2
2025-04-05T18:00:00-07:00,23,82,1.6
2025-04-05T18:30:00-07:00,24,80,1.4
2025-04-05T19:00:00-07:00,30,78,2.2
2025-04-05T19:30:00-07:00,35,75,2.6
2025-04-05T20:00:00-07:00,38,74,2.7
2025-04-05T20:30:00-07:00,41,72,2.8
2025-04-05T21:00:00-07:00,44,71,3
2025-04-05T21:30:00-07:00,46,70,3.1
2025-04-05T22:00:00-07:00,49,69,3.3
2025-04-05T22:30:00-07:00,52,68,2.8
2025-04-05T23:00:00-07:00,54,67,3.3
2025-04-05T23:30:00-07:00,52,66,4.9
2025-04-06T00:00:00-07:00,52,65,4.7
2025-04-06T00:30:00-07:00,51,65,4
2025-04-06T01:00:00-07:00,51,64,3.6
2025-04-06T01:30:00-07:00,52,63,3.8
2025-04-06T02:00:00-07:00,53,63,3.9
2025-04-06T02:30:00-07:00,52,62,3.3
2025-04-06T03:00:00-07:00,51,62,2.9
2025-04-06T03:30:00-07:00,50,61,2.6
2025-04-06T04:00:00-07:00,51,61,2.9
2025-04-06T04:30:00-07:00,55,60,3.8
2025-04-06T05:00:00-07:00,54,60,3.3
2025-04-06T05:30:00-07:00,54,60,3.1
2025-04-06T06:00:00-07:00,55,59,3
2025-04-06T06:30:00-07:00,56,59,3.3
2025-04-06T07:00:00-07:00,56,59,3.2
2025-04-06T07:30:00-07:00,56,60,3.2
2025-04-06T08:00:00-07:00,57,61,5.2
2025-04-06T08:30:00-07:00,57,62,8.5
2025-04-06T09:00:00-07:00,58,63,10.2
2025-04-06T09:30:00-07:00,58,65,10.1
2025-04-06T10:00:00-07:00,51,67,9.5
2025-04-06T10:30:00-07:00,45,70,9.6
2025-04-06T11:00:00-07:00,43,72,8.8
2025-04-06T11:30:00-07:00,41,75,7.2
2025-04-06T12:00:00-07:00,38,76,5.7
2025-04-06T12:30:00-07:00,35,78,4.4
2025-04-06T13:00:00-07:00,34,80,4.3
2025-04-06T13:30:00-07:00,29,81,2.3
2025-04-06T14:00:00-07:00,29,81,2.5
2025-04-06T14:30:00-07:00,28,81,2.3
2025-04-06T15:00:00-07:00,25,82,1.8
2025-04-06T15:30:00-07:00,24,84,1.4
2025-04-06T16:00:00-07:00,22,83,1.2
2025-04-06T16:30:00-07:00,20,82,1.1
2025-04-06T17:00:00-07:00,18,82,0.8
2025-04-06T17:30:00-07:00,18,81,1.2
2025-04-06T18:00:00-07:00,18,80,0.6
2025-04-06T18:30:00-07:00,18,78,0.3
2025-04-06T19:00:00-07:00,19,76,0.3
2025-04-06T19:30:00-07:00,22,74,0.9
2025-04-06T20:00:00-07:00,25,73,1.7
2025-04-06T20:30:00-07:00,27,72,2.7
2025-04-06T21:00:00-07:00,30,71,2.3
2025-04-06T21:30:00-07:00,33,69,2.4
2025-04-06T22:00:00-07:00,33,68,2.6
2025-04-06T22:30:00-07:00,34,68,4.1
2025-04-06T23:00:00-07:00,39,68,4.8
2025-04-06T23:30:00-07:00,41,68,3.5
2025-04-07T00:00:00-07:00,42,68,6.5
2025-04-07T00:30:00-07:00,42,68,3.7
2025-04-07T01:00:00-07:00,41,67,3.3
2025-04-07T01:30:00-07:00,44,66,3.5
2025-04-07T02:00:00-07:00,44,66,3.4
2025-04-07T02:30:00-07:00,46,65,2.7
2025-04-07T03:00:00-07:00,48,66,2.6
2025-04-07T03:30:00-07:00,49,66,2.9
2025-04-07T04:00:00-07:00,48,67,2.8
2025-04-07T04:30:00-07:00,47,67,3
2025-04-07T05:00:00-07:00,42,66,3.3
2025-04-07T05:30:00-07:00,43,67,5.1
2025-04-07T06:00:00-07:00,44,66,8.2
2025-04-07T06:30:00-07:00,44,67,3.7
2025-04-07T07:00:00-07:00,45,67,3.2
2025-04-07T07:30:00-07:00,43,67,4.4
2025-04-07T08:00:00-07:00,41,67,2.9
2025-04-07T08:30:00-07:00,42,68,2.8
2025-04-07T09:00:00-07:00,41,68,2.6
2025-04-07T09:30:00-07:00,42,69,2.8
2025-04-07T10:00:00-07:00,42,70,2.8
2025-04-07T10:30:00-07:00,45,72,1.7
2025-04-07T11:00:00-07:00,51,72,0.6
2025-04-07T11:30:00-07:00,52,73,1.2
2025-04-07T12:00:00-07:00,49,75,1.2
2025-04-07T12:30:00-07:00,48,76,0.4
2025-04-07T13:00:00-07:00,47,76,0.6
2025-04-07T13:30:00-07:00,45,76,0.3
2025-04-07T14:00:00-07:00,43,77,0.3
2025-04-07T14:30:00-07:00,39,77,0.2
2025-04-07T15:00:00-07:00,38,78,0.3
2025-04-07T15:30:00-07:00,37,79,0.5
2025-04-07T16:00:00-07:00,38,78,0.4
2025-04-07T16:30:00-07:00,37,78,0.3
2025-04-07T17:00:00-07:00,36,78,0.3
2025-04-07T17:30:00-07:00,39,76,0.5
2025-04-07T18:00:00-07:00,43,75,0.7
2025-04-07T18:30:00-07:00,44,74,0.4
2025-04-07T19:00:00-07:00,46,72,0.4
2025-04-07T19:30:00-07:00,48,70,0.5
2025-04-07T20:00:00-07:00,48,69,0.4
2025-04-07T20:30:00-07:00,51,69,1
2025-04-07T21:00:00-07:00,54,68,2
2025-04-07T21:30:00-07:00,55,67,1.9
2025-04-07T22:00:00-07:00,57,67,2.7
2025-04-07T22:30:00-07:00,58,67,2.7
2025-04-07T23:00:00-07:00,59,67,2.5
2025-04-07T23:30:00-07:00,59,66,2.3
2025-04-08T00:00:00-07:00,60,65,2.4
2025-04-08T00:30:00-07:00,60,64,3.9
2025-04-08T01:00:00-07:00,61,65,5.6
2025-04-08T01:30:00-07:00,63,65,3.4
2025-04-08T02:00:00-07:00,64,65,4.4
2025-04-08T02:30:00-07:00,64,66,3.3
2025-04-08T03:00:00-07:00,65,66,3.1
2025-04-08T03:30:00-07:00,64,66,1.9
2025-04-08T04:00:00-07:00,64,66,1.6
2025-04-08T04:30:00-07:00,64,66,1.6
2025-04-08T05:00:00-07:00,64,66,1.4
2025-04-08T05:30:00-07:00,64,66,1.2
2025-04-08T06:00:00-07:00,65,65,1.6
2025-04-08T06:30:00-07:00,67,64,1.9
2025-04-08T07:00:00-07:00,68,64,2.2
2025-04-08T07:30:00-07:00,66,64,3.6
2025-04-08T08:00:00-07:00,67,64,3
2025-04-08T08:30:00-07:00,68,65,2.5
2025-04-08T09:00:00-07:00,65,66,1.6
2025-04-08T09:30:00-07:00,59,68,1.9
2025-04-08T10:00:00-07:00,54,68,0.9
2025-04-08T10:30:00-07:00,50,70,0.8
2025-04-08T11:00:00-07:00,47,72,0.7
2025-04-08T11:30:00-07:00,44,73,0.6
2025-04-08T12:00:00-07:00,41,75,0.6
2025-04-08T12:30:00-07:00,39,76,0.9
2025-04-08T13:00:00-07:00,37,77,1
2025-04-08T13:30:00-07:00,36,79,1
2025-04-08T14:00:00-07:00,35,80,1.1
2025-04-08T14:30:00-07:00,34,80,1.1
2025-04-08T15:00:00-07:00,34,81,1.3
2025-04-08T15:30:00-07:00,33,82,1.6
2025-04-08T16:00:00-07:00,33,82,1.9
2025-04-08T16:30:00-07:00,33,81,2
2025-04-08T17:00:00-07:00,34,80,1.8
2025-04-08T17:30:00-07:00,34,79,1.4
2025-04-08T18:00:00-07:00,35,77,1.4
2025-04-08T18:30:00-07:00,36,75,1.1
2025-04-08T19:00:00-07:00,39,74,0.9
2025-04-08T19:30:00-07:00,42,72,1.2
2025-04-08T20:00:00-07:00,43,71,1.3
2025-04-08T20:30:00-07:00,45,70,1.3
2025-04-08T21:00:00-07:00,46,69,1.6
2025-04-08T21:30:00-07:00,47,69,1.7
2025-04-08T22:00:00-07:00,48,68,1.5
2025-04-08T22:30:00-07:00,49,67,1.8
2025-04-08T23:00:00-07:00,51,67,2.3
2025-04-08T23:30:00-07:00,52,66,2.5
2025-04-09T00:00:00-07:00,54,65,3.3
2025-04-09T00:30:00-07:00,55,64,2.4
2025-04-09T01:00:00-07:00,57,64,2
2025-04-09T01:30:00-07:00,57,63,1.8
2025-04-09T02:00:00-07:00,57,63,1.7
2025-04-09T02:30:00-07:00,58,63,1.6
2025-04-09T03:00:00-07:00,58,62,1.6
2025-04-09T03:30:00-07:00,56,62,1.5
2025-04-09T04:00:00-07:00,56,62,1.3
2025-04-09T04:30:00-07:00,56,61,1.2
2025-04-09T05:00:00-07:00,57,61,1.1
2025-04-09T05:30:00-07:00,57,61,1.3
2025-04-09T06:00:00-07:00,58,61,1.3
2025-04-09T06:30:00-07:00,59,61,1.4
2025-04-09T07:00:00-07:00,60,61,1.8
2025-04-09T07:30:00-07:00,61,61,1.5
2025-04-09T08:00:00-07:00,61,63,1.8
2025-04-09T08:30:00-07:00,59,64,2.3
2025-04-09T09:00:00-07:00,57,65,1.9
2025-04-09T09:30:00-07:00,54,67,2
2025-04-09T10:00:00-07:00,51,69,2.4
2025-04-09T10:30:00-07:00,48,71,3.1
2025-04-09T11:00:00-07:00,45,74,2.8
2025-04-09T11:30:00-07:00,42,77,3.3
2025-04-09T12:00:00-07:00,42,79,3.1
2025-04-09T12:30:00-07:00,39,81,3.3
2025-04-09T13:00:00-07:00,38,83,4.2
2025-04-09T13:30:00-07:00,36,84,4.8
2025-04-09T14:00:00-07:00,35,86,5.1
2025-04-09T14:30:00-07:00,33,87,6.1
2025-04-09T15:00:00-07:00,32,87,6.6
2025-04-09T15:30:00-07:00,31,88,7.2
2025-04-09T16:00:00-07:00,31,88,6.4
2025-04-09T16:30:00-07:00,31,87,4.8
2025-04-09T17:00:00-07:00,31,87,3.5
2025-04-09T17:30:00-07:00,32,86,3.3
2025-04-09T18:00:00-07:00,33,84,2.8
2025-04-09T18:30:00-07:00,35,83,2.5
2025-04-09T19:00:00-07:00,36,81,2.6
2025-04-09T19:30:00-07:00,38,79,2.6
2025-04-09T20:00:00-07:00,41,77,3
2025-04-09T20:30:00-07:00,45,75,3
2025-04-09T21:00:00-07:00,48,74,3
2025-04-09T21:30:00-07:00,51,73,3.4
2025-04-09T22:00:00-07:00,53,72,3.4
2025-04-09T22:30:00-07:00,54,71,3.4
2025-04-09T23:00:00-07:00,56,71,3.5
2025-04-09T23:30:00-07:00,58,70,4.4
2025-04-10T00:00:00-07:00,60,69,4.1
2025-04-10T00:30:00-07:00,62,69,4.2
2025-04-10T01:00:00-07:00,63,68,4.3
2025-04-10T01:30:00-07:00,63,68,4.2
2025-04-10T02:00:00-07:00,65,67,4.7
2025-04-10T02:30:00-07:00,64,67,5.7
2025-04-10T03:00:00-07:00,64,66,4.4
2025-04-10T03:30:00-07:00,64,66,4.1
2025-04-10T04:00:00-07:00,65,66,4.4
2025-04-10T04:30:00-07:00,65,65,3.8
2025-04-10T05:00:00-07:00,67,65,4.7
2025-04-10T05:30:00-07:00,68,65,5.2
2025-04-10T06:00:00-07:00,68,64,4.4
2025-04-10T06:30:00-07:00,69,64,5.6
2025-04-10T07:00:00-07:00,70,65,7.5
2025-04-10T07:30:00-07:00,73,65,8.1
2025-04-10T08:00:00-07:00,72,66,14
2025-04-10T08:30:00-07:00,70,66,10.3
2025-04-10T09:00:00-07:00,64,67,4.4
2025-04-10T09:30:00-07:00,61,67,2.3
2025-04-10T10:00:00-07:00,58,69,0.5
2025-04-10T10:30:00-07:00,54,71,0.4
2025-04-10T11:00:00-07:00,52,72,0.3
2025-04-10T11:30:00-07:00,48,73,0.4
2025-04-10T12:00:00-07:00,45,74,0.5
2025-04-10T12:30:00-07:00,43,75,0.3
2025-04-10T13:00:00-07:00,40,76,0.2
2025-04-10T13:30:00-07:00,37,78,0
2025-04-10T14:00:00-07:00,37,79,0
2025-04-10T14:30:00-07:00,36,79,0.3
2025-04-10T15:00:00-07:00,37,80,1.4
2025-04-10T15:30:00-07:00,38,80,0.7
2025-04-10T16:00:00-07:00,38,80,0.6
2025-04-10T16:30:00-07:00,37,80,0.5
2025-04-10T17:00:00-07:00,36,79,0.2
2025-04-10T17:30:00-07:00,37,79,0.2
2025-04-10T18:00:00-07:00,39,78,0.2
2025-04-10T18:30:00-07:00,40,77,0.3
2025-04-10T19:00:00-07:00,42,76,0.2
2025-04-10T19:30:00-07:00,43,75,0.1
2025-04-10T20:00:00-07:00,45,74,0.2
2025-04-10T20:30:00-07:00,47,73,0.3
2025-04-10T21:00:00-07:00,48,73,0.3
2025-04-10T21:30:00-07:00,50,72,0.4
2025-04-10T22:00:00-07:00,51,72,0.4
2025-04-10T22:30:00-07:00,53,72,0.8
2025-04-10T23:00:00-07:00,54,71,0.9
2025-04-10T23:30:00-07:00,56,71,1.1
2025-04-11T00:00:00-07:00,55,71,1.3
2025-04-11T00:30:00-07:00,55,70,1
2025-04-11T01:00:00-07:00,54,70,0.7
2025-04-11T01:30:00-07:00,54,69,0.7
2025-04-11T02:00:00-07:00,55,69,0.7
2025-04-11T02:30:00-07:00,56,69,1.2
2025-04-11T03:00:00-07:00,57,68,1.4
2025-04-11T03:30:00-07:00,57,68,1.1
2025-04-11T04:00:00-07:00,57,68,0.7
2025-04-11T04:30:00-07:00,56,68,0.4
2025-04-11T05:00:00-07:00,57,68,0.8
2025-04-11T05:30:00-07:00,58,68,1.2
2025-04-11T06:00:00-07:00,59,68,1.4
2025-04-11T06:30:00-07:00,60,68,1.4
2025-04-11T07:00:00-07:00,60,68,1.4
2025-04-11T07:30:00-07:00,60,69,2
2025-04-11T08:00:00-07:00,62,69,2.9
2025-04-11T08:30:00-07:00,65,69,2.5
2025-04-11T09:00:00-07:00,64,70,1.9
2025-04-11T09:30:00-07:00,61,70,0.7
2025-04-11T10:00:00-07:00,59,71,0.5
2025-04-11T10:30:00-07:00,57,72,0.7
2025-04-11T11:00:00-07:00,55,73,0.6
2025-04-11T11:30:00-07:00,51,75,0.3
2025-04-11T12:00:00-07:00,49,76,0.3
2025-04-11T12:30:00-07:00,49,77,0.4
2025-04-11T13:00:00-07:00,46,77,0.3
2025-04-11T13:30:00-07:00,48,78,1.5
2025-04-11T14:00:00-07:00,47,78,1.8
2025-04-11T14:30:00-07:00,46,78,1.8
2025-04-11T15:00:00-07:00,44,78,1.8
2025-04-11T15:30:00-07:00,41,79,2.4
2025-04-11T16:00:00-07:00,41,78,2.6
2025-04-11T16:30:00-07:00,41,78,2.5
2025-04-11T17:00:00-07:00,41,77,2.4
2025-04-11T17:30:00-07:00,41,76,2.4
2025-04-11T18:00:00-07:00,42,75,2.6
2025-04-11T18:30:00-07:00,44,73,2.4
2025-04-11T19:00:00-07:00,45,73,2
2025-04-11T19:30:00-07:00,45,72,2
2025-04-11T20:00:00-07:00,46,71,2.2
2025-04-11T20:30:00-07:00,46,71,2.3
2025-04-11T21:00:00-07:00,46,70,2.4
2025-04-11T21:30:00-07:00,46,69,2.3
2025-04-11T22:00:00-07:00,46,69,2.4
2025-04-11T22:30:00-07:00,46,69,3.4
2025-04-11T23:00:00-07:00,47,69,3.6
2025-04-11T23:30:00-07:00,47,68,3.7
2025-04-12T00:00:00-07:00,48,68,4
2025-04-12T00:30:00-07:00,48,68,4.1
2025-04-12T01:00:00-07:00,48,67,3.7
2025-04-12T01:30:00-07:00,48,67,3.7
2025-04-12T02:00:00-07:00,48,66,3.7
2025-04-12T02:30:00-07:00,48,66,3.8
2025-04-12T03:00:00-07:00,49,66,3.9
2025-04-12T03:30:00-07:00,49,66,3.7
2025-04-12T04:00:00-07:00,48,66,3
2025-04-12T04:30:00-07:00,47,65,2.9
2025-04-12T05:00:00-07:00,47,65,2.6
2025-04-12T05:30:00-07:00,47,65,2.5
2025-04-12T06:00:00-07:00,46,64,2.6
2025-04-12T06:30:00-07:00,46,64,3
2025-04-12T07:00:00-07:00,46,64,3
2025-04-12T07:30:00-07:00,47,64,2.9
2025-04-12T08:00:00-07:00,47,64,3
2025-04-12T08:30:00-07:00,47,65,2.6
2025-04-12T09:00:00-07:00,45,65,2.5
2025-04-12T09:30:00-07:00,44,66,2.6
2025-04-12T10:00:00-07:00,42,66,2.7
2025-04-12T10:30:00-07:00,43,67,3.2
2025-04-12T11:00:00-07:00,41,69,2.9
2025-04-12T11:30:00-07:00,39,70,2.9
2025-04-12T12:00:00-07:00,37,71,2.6
2025-04-12T12:30:00-07:00,35,72,2.7
2025-04-12T13:00:00-07:00,36,73,2.8
2025-04-12T13:30:00-07:00,36,74,3
2025-04-12T14:00:00-07:00,36,75,3.1
2025-04-12T14:30:00-07:00,35,76,3.4
2025-04-12T15:00:00-07:00,35,76,3.5
2025-04-12T15:30:00-07:00,34,76,3.4
2025-04-12T16:00:00-07:00,33,76,3.3
2025-04-12T16:30:00-07:00,33,76,3.2
2025-04-12T17:00:00-07:00,32,76,2.9
2025-04-12T17:30:00-07:00,32,76,3.3
2025-04-12T18:00:00-07:00,34,75,3.7
2025-04-12T18:30:00-07:00,35,74,4.1
2025-04-12T19:00:00-07:00,36,73,4.6
2025-04-12T19:30:00-07:00,38,71,4.6
2025-04-12T20:00:00-07:00,40,71,5.2
2025-04-12T20:30:00-07:00,42,70,5.5
2025-04-12T21:00:00-07:00,43,69,6.1
2025-04-12T21:30:00-07:00,44,68,6.8
2025-04-12T22:00:00-07:00,45,68,6.9
2025-04-12T22:30:00-07:00,46,68,7.1
2025-04-12T23:00:00-07:00,46,67,6.6
2025-04-12T23:30:00-07:00,46,66,6.2
2025-04-13T00:00:00-07:00,46,66,4.9
2025-04-13T00:30:00-07:00,44,66,3.7
2025-04-13T01:00:00-07:00,44,65,4.2
2025-04-13T01:30:00-07:00,44,65,4
2025-04-13T02:00:00-07:00,44,64,3.8
2025-04-13T02:30:00-07:00,44,64,2.8
2025-04-13T03:00:00-07:00,43,64,2.8
2025-04-13T03:30:00-07:00,44,64,3.3
2025-04-13T04:00:00-07:00,44,63,3
2025-04-13T04:30:00-07:00,44,63,2.9
2025-04-13T05:00:00-07:00,44,63,3.3
2025-04-13T05:30:00-07:00,45,62,3.2
2025-04-13T06:00:00-07:00,45,62,3.2
2025-04-13T06:30:00-07:00,45,62,2.8
2025-04-13T07:00:00-07:00,45,62,2.7
2025-04-13T07:30:00-07:00,46,63,3
2025-04-13T08:00:00-07:00,46,64,3.9
2025-04-13T08:30:00-07:00,47,65,8.5
2025-04-13T09:00:00-07:00,48,65,6.6
2025-04-13T09:30:00-07:00,49,66,5.9
2025-04-13T10:00:00-07:00,48,67,5.9
2025-04-13T10:30:00-07:00,46,69,5.7
2025-04-13T11:00:00-07:00,44,71,5.9
2025-04-13T11:30:00-07:00,42,73,5.1
2025-04-13T12:00:00-07:00,39,74,4.8
2025-04-13T12:30:00-07:00,36,76,5
2025-04-13T13:00:00-07:00,34,77,5.1
2025-04-13T13:30:00-07:00,33,78,5.3
2025-04-13T14:00:00-07:00,32,79,5.5
2025-04-13T14:30:00-07:00,30,80,5.1
2025-04-13T15:00:00-07:00,30,81,5.2
2025-04-13T15:30:00-07:00,29,81,5.5
2025-04-13T16:00:00-07:00,29,82,5.7
2025-04-13T16:30:00-07:00,29,83,5.6
2025-04-13T17:00:00-07:00,28,83,5.6
2025-04-13T17:30:00-07:00,28,83,6.1
2025-04-13T18:00:00-07:00,30,82,6
2025-04-13T18:30:00-07:00,31,81,5.2
2025-04-13T19:00:00-07:00,32,80,4.4
2025-04-13T19:30:00-07:00,30,79,3.7
2025-04-13T20:00:00-07:00,32,78,4.1
2025-04-13T20:30:00-07:00,33,77,4.4
2025-04-13T21:00:00-07:00,35,76,4.3
2025-04-13T21:30:00-07:00,36,76,4.8
2025-04-13T22:00:00-07:00,37,75,5.5
2025-04-13T22:30:00-07:00,36,74,5.5
2025-04-13T23:00:00-07:00,37,73,5.4
2025-04-13T23:30:00-07:00,38,73,5.4
2025-04-14T00:00:00-07:00,39,72,5.1
2025-04-14T00:30:00-07:00,39,72,5
2025-04-14T01:00:00-07:00,39,71,4.7
2025-04-14T01:30:00-07:00,39,71,4.9
2025-04-14T02:00:00-07:00,41,70,5.1
2025-04-14T02:30:00-07:00,41,70,4.8
2025-04-14T03:00:00-07:00,40,69,3.9
2025-04-14T03:30:00-07:00,40,69,3.8
2025-04-14T04:00:00-07:00,40,68,3.5
2025-04-14T04:30:00-07:00,40,68,3.6
2025-04-14T05:00:00-07:00,41,67,3.6
2025-04-14T05:30:00-07:00,41,67,4
2025-04-14T06:00:00-07:00,42,67,5
2025-04-14T06:30:00-07:00,43,67,6.2
2025-04-14T07:00:00-07:00,43,67,5.9
2025-04-14T07:30:00-07:00,44,67,5
2025-04-14T08:00:00-07:00,45,68,7
2025-04-14T08:30:00-07:00,46,69,8.6
2025-04-14T09:00:00-07:00,46,70,8.1
2025-04-14T09:30:00-07:00,45,71,8.4
2025-04-14T10:00:00-07:00,44,71,9.3
2025-04-14T10:30:00-07:00,42,73,8.9
2025-04-14T11:00:00-07:00,42,74,7.4
2025-04-14T11:30:00-07:00,42,76,7.1
2025-04-14T12:00:00-07:00,41,77,6.8
2025-04-14T12:30:00-07:00,38,79,6.5
2025-04-14T13:00:00-07:00,35,80,5.9
2025-04-14T13:30:00-07:00,33,81,5.7
2025-04-14T14:00:00-07:00,32,82,5.8
2025-04-14T14:30:00-07:00,31,82,5.7
2025-04-14T15:00:00-07:00,30,83,5.4
2025-04-14T15:30:00-07:00,31,83,5
2025-04-14T16:00:00-07:00,32,83,5.1
2025-04-14T16:30:00-07:00,33,83,5.3
2025-04-14T17:00:00-07:00,34,82,5.4
2025-04-14T17:30:00-07:00,36,81,6
2025-04-14T18:00:00-07:00,37,80,6.3
2025-04-14T18:30:00-07:00,37,79,6.9
2025-04-14T19:00:00-07:00,38,77,6.1
2025-04-14T19:30:00-07:00,40,76,6.3
2025-04-14T20:00:00-07:00,41,75,5.8
2025-04-14T20:30:00-07:00,42,74,6.2
2025-04-14T21:00:00-07:00,43,73,6.5
2025-04-14T21:30:00-07:00,44,72,6.8
2025-04-14T22:00:00-07:00,45,71,6.7
2025-04-14T22:30:00-07:00,46,70,6.5
2025-04-14T23:00:00-07:00,46,70,6.8
2025-04-14T23:30:00-07:00,47,69,6.9
2025-04-15T00:00:00-07:00,48,69,6.8
2025-04-15T00:30:00-07:00,49,69,6.8
2025-04-15T01:00:00-07:00,50,69,6.8
2025-04-15T01:30:00-07:00,50,69,7.1
2025-04-15T02:00:00-07:00,51,70,7.2
2025-04-15T02:30:00-07:00,52,70,6.6
2025-04-15T03:00:00-07:00,52,70,7.1
2025-04-15T03:30:00-07:00,52,70,6
2025-04-15T04:00:00-07:00,52,69,5.2
2025-04-15T04:30:00-07:00,53,69,5.8
2025-04-15T05:00:00-07:00,52,68,7.7
2025-04-15T05:30:00-07:00,53,67,6.8
2025-04-15T06:00:00-07:00,53,67,6.9
2025-04-15T06:30:00-07:00,54,66,6.7
2025-04-15T07:00:00-07:00,54,66,7.2
2025-04-15T07:30:00-07:00,54,66,5.8
2025-04-15T08:00:00-07:00,53,66,4.8
2025-04-15T08:30:00-07:00,52,66,2.9
2025-04-15T09:00:00-07:00,52,67,3.2
2025-04-15T09:30:00-07:00,52,67,3.3
2025-04-15T10:00:00-07:00,51,68,3.8
2025-04-15T10:30:00-07:00,51,69,4.1
2025-04-15T11:00:00-07:00,49,69,3.5
2025-04-15T11:30:00-07:00,47,70,3.6
2025-04-15T12:00:00-07:00,47,71,3.7
2025-04-15T12:30:00-07:00,46,72,3.8
2025-04-15T13:00:00-07:00,45,73,3.2
2025-04-15T13:30:00-07:00,45,75,4.3
2025-04-15T14:00:00-07:00,43,75,5
2025-04-15T14:30:00-07:00,43,76,5.2
2025-04-15T15:00:00-07:00,42,76,5.3
2025-04-15T15:30:00-07:00,41,76,5.7
2025-04-15T16:00:00-07:00,40,77,5.1
2025-04-15T16:30:00-07:00,39,77,4.6
2025-04-15T17:00:00-07:00,38,76,4.7
2025-04-15T17:30:00-07:00,39,75,4.5
2025-04-15T18:00:00-07:00,39,74,4.6
2025-04-15T18:30:00-07:00,39,73,4.5
2025-04-15T19:00:00-07:00,40,73,4.3
2025-04-15T19:30:00-07:00,40,72,4.5
2025-04-15T20:00:00-07:00,41,71,4.5
2025-04-15T20:30:00-07:00,42,71,4.6
2025-04-15T21:00:00-07:00,42,70,4.8
2025-04-15T21:30:00-07:00,42,70,4.7
2025-04-15T22:00:00-07:00,43,70,5.2
2025-04-15T22:30:00-07:00,43,70,4.8
2025-04-15T23:00:00-07:00,44,69,4.7
2025-04-15T23:30:00-07:00,45,69,4.7
2025-04-16T00:00:00-07:00,46,69,4.7
2025-04-16T00:30:00-07:00,46,69,4.6
2025-04-16T01:00:00-07:00,47,69,4.8
2025-04-16T01:30:00-07:00,48,68,5.1
2025-04-16T02:00:00-07:00,48,68,4.9
2025-04-16T02:30:00-07:00,48,68,4.9
2025-04-16T03:00:00-07:00,49,68,5.1
2025-04-16T03:30:00-07:00,49,67,5.2
2025-04-16T04:00:00-07:00,49,67,5.3
2025-04-16T04:30:00-07:00,49,67,5.3
2025-04-16T05:00:00-07:00,50,66,5.8
2025-04-16T05:30:00-07:00,50,66,6.1
2025-04-16T06:00:00-07:00,50,65,5.8
2025-04-16T06:30:00-07:00,51,65,6
2025-04-16T07:00:00-07:00,51,65,6
2025-04-16T07:30:00-07:00,53,65,6.9
2025-04-16T08:00:00-07:00,52,65,8.2
2025-04-16T08:30:00-07:00,51,65,7.6
2025-04-16T09:00:00-07:00,50,66,5.9
2025-04-16T09:30:00-07:00,48,67,4.7
2025-04-16T10:00:00-07:00,46,68,4.3
2025-04-16T10:30:00-07:00,46,69,4.8
2025-04-16T11:00:00-07:00,45,70,5.3
2025-04-16T11:30:00-07:00,45,71,5.1
2025-04-16T12:00:00-07:00,44,72,4.9
2025-04-16T12:30:00-07:00,43,73,4.6
2025-04-16T13:00:00-07:00,42,74,4.3
2025-04-16T13:30:00-07:00,41,75,4.2
2025-04-16T14:00:00-07:00,40,75,4
2025-04-16T14:30:00-07:00,40,76,4.1
2025-04-16T15:00:00-07:00,40,76,4.4
2025-04-16T15:30:00-07:00,39,76,4
2025-04-16T16:00:00-07:00,39,76,3.7
2025-04-16T16:30:00-07:00,39,76,3.6
2025-04-16T17:00:00-07:00,39,76,3.9
2025-04-16T17:30:00-07:00,39,75,3.9
2025-04-16T18:00:00-07:00,40,74,4.1
2025-04-16T18:30:00-07:00,41,74,4.4
2025-04-16T19:00:00-07:00,41,73,4.4
2025-04-16T19:30:00-07:00,42,73,4.2
2025-04-16T20:00:00-07:00,44,72,4.1
2025-04-16T20:30:00-07:00,44,71,4.2
2025-04-16T21:00:00-07:00,45,71,4.3
2025-04-16T21:30:00-07:00,45,70,4.3
2025-04-16T22:00:00-07:00,46,70,4.1
2025-04-16T22:30:00-07:00,45,70,4.1
2025-04-16T23:00:00-07:00,45,69,4.1
2025-04-16T23:30:00-07:00,46,69,4.2
2025-04-17T00:00:00-07:00,45,69,3.7
2025-04-17T00:30:00-07:00,45,68,3.6
2025-04-17T01:00:00-07:00,45,68,3.5
2025-04-17T01:30:00-07:00,45,67,3.6
2025-04-17T02:00:00-07:00,46,68,3.6
2025-04-17T02:30:00-07:00,45,68,3.6
2025-04-17T03:00:00-07:00,46,68,3.6
2025-04-17T03:30:00-07:00,46,68,3.2
2025-04-17T04:00:00-07:00,46,68,3.3
2025-04-17T04:30:00-07:00,45,68,2.3
2025-04-17T05:00:00-07:00,45,68,2.1
2025-04-17T05:30:00-07:00,45,68,4.2
2025-04-17T06:00:00-07:00,45,68,5
2025-04-17T06:30:00-07:00,46,68,2.8
2025-04-17T07:00:00-07:00,46,68,1.4
2025-04-17T07:30:00-07:00,47,68,1.2
2025-04-17T08:00:00-07:00,50,68,1.2
2025-04-17T08:30:00-07:00,52,68,1.3
2025-04-17T09:00:00-07:00,52,69,1.6
2025-04-17T09:30:00-07:00,53,69,1.6
2025-04-17T10:00:00-07:00,52,69,1.6
2025-04-17T10:30:00-07:00,49,69,1.6
2025-04-17T11:00:00-07:00,48,69,1.9
2025-04-17T11:30:00-07:00,48,70,2.1
2025-04-17T12:00:00-07:00,49,70,1.8
2025-04-17T12:30:00-07:00,49,71,2.1
2025-04-17T13:00:00-07:00,49,71,2.1
2025-04-17T13:30:00-07:00,49,71,1.6
2025-04-17T14:00:00-07:00,49,70,1.7
2025-04-17T14:30:00-07:00,49,71,3
2025-04-17T15:00:00-07:00,48,71,3.1
2025-04-17T15:30:00-07:00,47,72,3
2025-04-17T16:00:00-07:00,46,73,2.7
2025-04-17T16:30:00-07:00,45,73,2.6
2025-04-17T17:00:00-07:00,43,73,2.6
2025-04-17T17:30:00-07:00,43,73,2.5
2025-04-17T18:00:00-07:00,42,73,2.5
2025-04-17T18:30:00-07:00,42,73,2.5
2025-04-17T19:00:00-07:00,42,73,2.5
2025-04-17T19:30:00-07:00,43,72,2.5
2025-04-17T20:00:00-07:00,44,71,3.4
2025-04-17T20:30:00-07:00,45,70,3.8
2025-04-17T21:00:00-07:00,46,70,4.1
2025-04-17T21:30:00-07:00,47,69,4.1
2025-04-17T22:00:00-07:00,48,69,3.8
2025-04-17T22:30:00-07:00,49,68,3.9
2025-04-17T23:00:00-07:00,50,68,4.2
2025-04-17T23:30:00-07:00,50,68,4.2
2025-04-18T00:00:00-07:00,50,68,3.3
2025-04-18T00:30:00-07:00,50,68,2.8
2025-04-18T01:00:00-07:00,50,68,2.9
2025-04-18T01:30:00-07:00,50,68,2.5
2025-04-18T02:00:00-07:00,51,68,2.2
2025-04-18T02:30:00-07:00,51,68,2.4
2025-04-18T03:00:00-07:00,50,67,2.6
2025-04-18T03:30:00-07:00,50,68,2.7
2025-04-18T04:00:00-07:00,50,68,2.2
2025-04-18T04:30:00-07:00,50,67,1.7
2025-04-18T05:00:00-07:00,50,67,1.9
2025-04-18T05:30:00-07:00,50,67,2.5
2025-04-18T06:00:00-07:00,49,67,2.4
2025-04-18T06:30:00-07:00,50,67,2.7
2025-04-18T07:00:00-07:00,51,67,3.5
2025-04-18T07:30:00-07:00,51,67,3.6
2025-04-18T08:00:00-07:00,51,67,3.6
2025-04-18T08:30:00-07:00,50,67,4.2
2025-04-18T09:00:00-07:00,51,68,5.3
2025-04-18T09:30:00-07:00,51,68,6
2025-04-18T10:00:00-07:00,51,68,6.2
2025-04-18T10:30:00-07:00,52,68,6.7
2025-04-18T11:00:00-07:00,51,69,7.3
2025-04-18T11:30:00-07:00,51,69,7.3
2025-04-18T12:00:00-07:00,50,70,7.4
2025-04-18T12:30:00-07:00,49,71,7.7
2025-04-18T13:00:00-07:00,48,72,7.9
2025-04-18T13:30:00-07:00,47,73,8.2
2025-04-18T14:00:00-07:00,46,74,7.4
2025-04-18T14:30:00-07:00,45,75,7.9
2025-04-18T15:00:00-07:00,43,75,7.7
2025-04-18T15:30:00-07:00,42,76,7
2025-04-18T16:00:00-07:00,41,77,6.7
2025-04-18T16:30:00-07:00,41,77,6.1
2025-04-18T17:00:00-07:00,41,76,5.1
2025-04-18T17:30:00-07:00,41,75,5.2
2025-04-18T18:00:00-07:00,41,76,5
2025-04-18T18:30:00-07:00,42,74,5.4
2025-04-18T19:00:00-07:00,43,73,4.9
2025-04-18T19:30:00-07:00,45,72,4.8
2025-04-18T20:00:00-07:00,46,71,5
2025-04-18T20:30:00-07:00,47,71,5.8
2025-04-18T21:00:00-07:00,49,70,6.5
2025-04-18T21:30:00-07:00,50,70,6.6
2025-04-18T22:00:00-07:00,51,69,7.8
2025-04-18T22:30:00-07:00,52,69,8.2
2025-04-18T23:00:00-07:00,52,69,8.3
2025-04-18T23:30:00-07:00,52,68,8.8
2025-04-19T00:00:00-07:00,52,68,8.6
2025-04-19T00:30:00-07:00,51,67,8
2025-04-19T01:00:00-07:00,51,67,6.8
2025-04-19T01:30:00-07:00,51,66,6.4
2025-04-19T02:00:00-07:00,51,66,6.6
2025-04-19T02:30:00-07:00,51,65,6.9
2025-04-19T03:00:00-07:00,51,65,6.7
2025-04-19T03:30:00-07:00,52,65,6.4
2025-04-19T04:00:00-07:00,52,64,6.2
2025-04-19T04:30:00-07:00,53,66,6.4
2025-04-19T05:00:00-07:00,55,66,7.1
2025-04-19T05:30:00-07:00,56,66,8.6
2025-04-19T06:00:00-07:00,55,67,9
2025-04-19T06:30:00-07:00,55,67,9.5
2025-04-19T07:00:00-07:00,54,67,8.6
2025-04-19T07:30:00-07:00,54,67,8.2
2025-04-19T08:00:00-07:00,54,67,10.4
2025-04-19T08:30:00-07:00,54,67,11.2
2025-04-19T09:00:00-07:00,53,67,12.4
2025-04-19T09:30:00-07:00,54,67,16.6
2025-04-19T10:00:00-07:00,53,67,19.5
2025-04-19T10:30:00-07:00,52,68,19.6
2025-04-19T11:00:00-07:00,51,69,17.7
2025-04-19T11:30:00-07:00,49,69,19.7
2025-04-19T12:00:00-07:00,47,70,17
2025-04-19T12:30:00-07:00,44,71,14
2025-04-19T13:00:00-07:00,45,73,14.2
2025-04-19T13:30:00-07:00,44,74,11.9
2025-04-19T14:00:00-07:00,42,75,8.5
2025-04-19T14:30:00-07:00,41,76,6.9
2025-04-19T15:00:00-07:00,40,77,6.3
2025-04-19T15:30:00-07:00,40,77,5.5
2025-04-19T16:00:00-07:00,40,77,5.5
2025-04-19T16:30:00-07:00,40,77,5.6
2025-04-19T17:00:00-07:00,40,77,5.5
2025-04-19T17:30:00-07:00,41,76,4.9
2025-04-19T18:00:00-07:00,41,75,4.3
2025-04-19T18:30:00-07:00,41,74,4.4
2025-04-19T19:00:00-07:00,42,73,4.1
2025-04-19T19:30:00-07:00,43,72,4.3
2025-04-19T20:00:00-07:00,44,71,5.1
2025-04-19T20:30:00-07:00,46,70,5.4
2025-04-19T21:00:00-07:00,46,69,5.1
2025-04-19T21:30:00-07:00,47,69,4.8
2025-04-19T22:00:00-07:00,47,68,5.3
2025-04-19T22:30:00-07:00,48,68,4.7
2025-04-19T23:00:00-07:00,48,68,4.2
2025-04-19T23:30:00-07:00,49,67,4.3
2025-04-20T00:00:00-07:00,49,68,4.2
2025-04-20T00:30:00-07:00,50,68,4.4
2025-04-20T01:00:00-07:00,50,68,4.4
2025-04-20T01:30:00-07:00,50,68,4.6
2025-04-20T02:00:00-07:00,50,68,6
2025-04-20T02:30:00-07:00,51,67,6.5
2025-04-20T03:00:00-07:00,51,67,6.2
2025-04-20T03:30:00-07:00,51,67,6.8
2025-04-20T04:00:00-07:00,51,67,8.2
2025-04-20T04:30:00-07:00,52,67,10.6
2025-04-20T05:00:00-07:00,52,67,13.3
2025-04-20T05:30:00-07:00,52,67,15.1
2025-04-20T06:00:00-07:00,52,67,13.8
2025-04-20T06:30:00-07:00,52,67,9.9
2025-04-20T07:00:00-07:00,52,67,10.8
2025-04-20T07:30:00-07:00,52,67,13.4
2025-04-20T08:00:00-07:00,52,67,14.5
2025-04-20T08:30:00-07:00,53,67,14.4
2025-04-20T09:00:00-07:00,52,68,14.3
2025-04-20T09:30:00-07:00,51,68,14.6
2025-04-20T10:00:00-07:00,50,69,14.2
2025-04-20T10:30:00-07:00,49,70,11.5
2025-04-20T11:00:00-07:00,47,71,9.7
2025-04-20T11:30:00-07:00,45,72,8.1
2025-04-20T12:00:00-07:00,45,73,8.3
2025-04-20T12:30:00-07:00,44,74,8.8
2025-04-20T13:00:00-07:00,43,75,7.9
2025-04-20T13:30:00-07:00,41,76,7.6
2025-04-20T14:00:00-07:00,40,77,7.7
2025-04-20T14:30:00-07:00,40,78,7.9
2025-04-20T15:00:00-07:00,38,79,7.1
2025-04-20T15:30:00-07:00,39,79,6.7
2025-04-20T16:00:00-07:00,38,79,6.2
2025-04-20T16:30:00-07:00,36,80,4.7
2025-04-20T17:00:00-07:00,35,80,4.1
2025-04-20T17:30:00-07:00,35,79,4
2025-04-20T18:00:00-07:00,35,79,4.3
2025-04-20T18:30:00-07:00,37,78,4.4
2025-04-20T19:00:00-07:00,39,77,4.6
2025-04-20T19:30:00-07:00,40,75,4.9
2025-04-20T20:00:00-07:00,41,74,5.4
2025-04-20T20:30:00-07:00,42,73,5.7
2025-04-20T21:00:00-07:00,43,72,5.9
2025-04-20T21:30:00-07:00,45,71,6.6
2025-04-20T22:00:00-07:00,46,70,6.6
2025-04-20T22:30:00-07:00,47,70,6.5
2025-04-20T23:00:00-07:00,48,69,6
2025-04-20T23:30:00-07:00,48,68,6.5
2025-04-21T00:00:00-07:00,49,68,7.3
2025-04-21T00:30:00-07:00,49,68,7.5
2025-04-21T01:00:00-07:00,49,67,7.3
2025-04-21T01:30:00-07:00,49,66,7
2025-04-21T02:00:00-07:00,49,66,6.8
2025-04-21T02:30:00-07:00,49,66,6.3
2025-04-21T03:00:00-07:00,49,65,6.7
2025-04-21T03:30:00-07:00,49,65,6.8
2025-04-21T04:00:00-07:00,50,65,7.2
2025-04-21T04:30:00-07:00,50,65,7.7
2025-04-21T05:00:00-07:00,50,64,7.7
2025-04-21T05:30:00-07:00,51,64,7.3
2025-04-21T06:00:00-07:00,52,64,7.5
2025-04-21T06:30:00-07:00,55,65,10.3
2025-04-21T07:00:00-07:00,57,65,13.9
2025-04-21T07:30:00-07:00,58,66,15.7
2025-04-21T08:00:00-07:00,57,66,15.6
2025-04-21T08:30:00-07:00,56,67,16.4
2025-04-21T09:00:00-07:00,55,67,15.5
2025-04-21T09:30:00-07:00,54,68,15.6
2025-04-21T10:00:00-07:00,51,68,14.4
2025-04-21T10:30:00-07:00,50,70,12.3
2025-04-21T11:00:00-07:00,49,71,11.3
2025-04-21T11:30:00-07:00,47,73,10.1
2025-04-21T12:00:00-07:00,47,74,11.1
2025-04-21T12:30:00-07:00,47,75,11.4
2025-04-21T13:00:00-07:00,46,77,11.7
2025-04-21T13:30:00-07:00,45,78,11.4
2025-04-21T14:00:00-07:00,44,79,10.4
2025-04-21T14:30:00-07:00,42,80,9.9
2025-04-21T15:00:00-07:00,38,81,7.4
2025-04-21T15:30:00-07:00,38,81,7.3
2025-04-21T16:00:00-07:00,38,82,7.7
2025-04-21T16:30:00-07:00,36,82,6.3
2025-04-21T17:00:00-07:00,34,82,5.9
2025-04-21T17:30:00-07:00,36,82,6.3
2025-04-21T18:00:00-07:00,38,82,7.7
2025-04-21T18:30:00-07:00,39,81,7.6
2025-04-21T19:00:00-07:00,41,80,6.9
2025-04-21T19:30:00-07:00,42,79,6.3
2025-04-21T20:00:00-07:00,43,78,6.2
2025-04-21T20:30:00-07:00,44,77,6.9
2025-04-21T21:00:00-07:00,45,76,6.4
2025-04-21T21:30:00-07:00,46,75,7
2025-04-21T22:00:00-07:00,46,75,6.8
2025-04-21T22:30:00-07:00,47,74,6.1
2025-04-21T23:00:00-07:00,47,73,6.5
2025-04-21T23:30:00-07:00,48,73,7.6
2025-04-22T00:00:00-07:00,49,72,7.7
2025-04-22T00:30:00-07:00,49,72,7.6
2025-04-22T01:00:00-07:00,49,71,7.6
2025-04-22T01:30:00-07:00,48,70,7.2
2025-04-22T02:00:00-07:00,48,70,6.9
2025-04-22T02:30:00-07:00,48,69,10.1
2025-04-22T03:00:00-07:00,48,69,24.3
2025-04-22T03:30:00-07:00,48,68,17.3
2025-04-22T04:00:00-07:00,49,68,11.2
2025-04-22T04:30:00-07:00,49,68,8.1
2025-04-22T05:00:00-07:00,51,67,9
2025-04-22T05:30:00-07:00,51,67,8.7
2025-04-22T06:00:00-07:00,51,66,8.2
2025-04-22T06:30:00-07:00,53,66,8.5
2025-04-22T07:00:00-07:00,54,67,8.9
2025-04-22T07:30:00-07:00,54,68,9.6
2025-04-22T08:00:00-07:00,54,68,11.9
2025-04-22T08:30:00-07:00,54,68,13.9
2025-04-22T09:00:00-07:00,53,68,12.4
2025-04-22T09:30:00-07:00,51,69,10.8
2025-04-22T10:00:00-07:00,50,70,10.2
2025-04-22T10:30:00-07:00,47,71,9.2
2025-04-22T11:00:00-07:00,45,72,8.3
2025-04-22T11:30:00-07:00,46,74,9.5
2025-04-22T12:00:00-07:00,47,75,10.3
2025-04-22T12:30:00-07:00,46,76,9.6
2025-04-22T13:00:00-07:00,45,77,9.2
2025-04-22T13:30:00-07:00,44,78,8.2
2025-04-22T14:00:00-07:00,43,79,6.6
2025-04-22T14:30:00-07:00,42,79,6.4
2025-04-22T15:00:00-07:00,41,79,5.6
2025-04-22T15:30:00-07:00,40,80,5.1
2025-04-22T16:00:00-07:00,38,80,5.3
2025-04-22T16:30:00-07:00,38,79,5.5
2025-04-22T17:00:00-07:00,39,79,5.7
2025-04-22T17:30:00-07:00,39,78,5.6
2025-04-22T18:00:00-07:00,41,77,5.4
2025-04-22T18:30:00-07:00,40,77,7.7
2025-04-22T19:00:00-07:00,37,76,4.3
2025-04-22T19:30:00-07:00,38,74,4.8
2025-04-22T20:00:00-07:00,40,73,6.3
2025-04-22T20:30:00-07:00,40,72,4.9
2025-04-22T21:00:00-07:00,40,71,5.2
2025-04-22T21:30:00-07:00,42,71,5.6
2025-04-22T22:00:00-07:00,42,70,5.1
2025-04-22T22:30:00-07:00,43,69,5.4
2025-04-22T23:00:00-07:00,43,69,4.9
2025-04-22T23:30:00-07:00,44,68,5
2025-04-23T00:00:00-07:00,44,68,5.1
2025-04-23T00:30:00-07:00,45,68,5.3
2025-04-23T01:00:00-07:00,45,67,5.4
2025-04-23T01:30:00-07:00,46,67,5.5
2025-04-23T02:00:00-07:00,46,67,5.4
2025-04-23T02:30:00-07:00,47,67,5.2
2025-04-23T03:00:00-07:00,47,66,5.3
2025-04-23T03:30:00-07:00,47,66,5.4
2025-04-23T04:00:00-07:00,47,66,5.3
2025-04-23T04:30:00-07:00,47,66,5
2025-04-23T05:00:00-07:00,47,65,5.1
2025-04-23T05:30:00-07:00,47,66,5
2025-04-23T06:00:00-07:00,47,65,5
2025-04-23T06:30:00-07:00,47,65,5.1
2025-04-23T07:00:00-07:00,48,65,5.1
2025-04-23T07:30:00-07:00,48,65,4.5
2025-04-23T08:00:00-07:00,48,65,4.3
2025-04-23T08:30:00-07:00,47,65,4.3
2025-04-23T09:00:00-07:00,47,65,4.1
2025-04-23T09:30:00-07:00,46,66,4.2
2025-04-23T10:00:00-07:00,45,67,4.5
2025-04-23T10:30:00-07:00,44,67,4.1
2025-04-23T11:00:00-07:00,44,68,4.4
2025-04-23T11:30:00-07:00,43,69,4.1
2025-04-23T12:00:00-07:00,42,70,4.6
2025-04-23T12:30:00-07:00,41,71,4.8
2025-04-23T13:00:00-07:00,41,71,4.3
2025-04-23T13:30:00-07:00,40,72,4.5
2025-04-23T14:00:00-07:00,39,73,4.4
2025-04-23T14:30:00-07:00,39,73,4.6
2025-04-23T15:00:00-07:00,39,74,4.7
2025-04-23T15:30:00-07:00,39,74,5
2025-04-23T16:00:00-07:00,39,74,4.9
2025-04-23T16:30:00-07:00,39,74,4.8
2025-04-23T17:00:00-07:00,39,73,5
2025-04-23T17:30:00-07:00,39,73,5
2025-04-23T18:00:00-07:00,40,72,5
2025-04-23T18:30:00-07:00,41,71,5
2025-04-23T19:00:00-07:00,41,70,4.9
2025-04-23T19:30:00-07:00,41,70,4.6
2025-04-23T20:00:00-07:00,42,69,4.6
2025-04-23T20:30:00-07:00,43,68,4.8
2025-04-23T21:00:00-07:00,43,68,4.9
2025-04-23T21:30:00-07:00,43,68,5.2
2025-04-23T22:00:00-07:00,44,68,5.1
2025-04-23T22:30:00-07:00,44,67,5.1
2025-04-23T23:00:00-07:00,44,67,5.4
2025-04-23T23:30:00-07:00,44,67,5.4
2025-04-24T00:00:00-07:00,44,67,5.5
2025-04-24T00:30:00-07:00,44,67,5.4
2025-04-24T01:00:00-07:00,45,67,5.9
2025-04-24T01:30:00-07:00,45,66,5.9
2025-04-24T02:00:00-07:00,45,66,6.1
2025-04-24T02:30:00-07:00,46,66,5.8
2025-04-24T03:00:00-07:00,45,66,5.8
2025-04-24T03:30:00-07:00,45,66,5.3
2025-04-24T04:00:00-07:00,45,66,5
2025-04-24T04:30:00-07:00,46,66,4.9
2025-04-24T05:00:00-07:00,46,65,4.5
2025-04-24T05:30:00-07:00,47,65,4.5
2025-04-24T06:00:00-07:00,47,65,4.2
2025-04-24T06:30:00-07:00,47,65,4.1
2025-04-24T07:00:00-07:00,47,65,4
2025-04-24T07:30:00-07:00,47,65,4.2
2025-04-24T08:00:00-07:00,46,65,4.1
2025-04-24T08:30:00-07:00,46,65,4.2
2025-04-24T09:00:00-07:00,46,66,4.2
2025-04-24T09:30:00-07:00,46,66,4.1
2025-04-24T10:00:00-07:00,46,66,4.1
2025-04-24T10:30:00-07:00,45,66,4.2
2025-04-24T11:00:00-07:00,45,66,4.5
2025-04-24T11:30:00-07:00,45,66,4.2
2025-04-24T12:00:00-07:00,45,66,4
2025-04-24T12:30:00-07:00,44,67,3.9
2025-04-24T13:00:00-07:00,44,67,4
2025-04-24T13:30:00-07:00,44,67,3.4
2025-04-24T14:00:00-07:00,43,67,3.5
2025-04-24T14:30:00-07:00,43,67,3.7
2025-04-24T15:00:00-07:00,42,67,3.4
2025-04-24T15:30:00-07:00,42,68,3.3
2025-04-24T16:00:00-07:00,42,67,3.2
2025-04-24T16:30:00-07:00,42,67,3
2025-04-24T17:00:00-07:00,41,67,2.8
2025-04-24T17:30:00-07:00,40,67,2.6
2025-04-24T18:00:00-07:00,40,67,2.5
2025-04-24T18:30:00-07:00,40,67,2.6
2025-04-24T19:00:00-07:00,41,67,2.5
2025-04-24T19:30:00-07:00,41,67,2.5
2025-04-24T20:00:00-07:00,42,66,2.5
2025-04-24T20:30:00-07:00,42,66,2.5
2025-04-24T21:00:00-07:00,42,66,2.4
2025-04-24T21:30:00-07:00,43,66,2.4
2025-04-24T22:00:00-07:00,44,66,2.5
2025-04-24T22:30:00-07:00,44,66,2.5
2025-04-24T23:00:00-07:00,44,66,2.3
2025-04-24T23:30:00-07:00,44,66,2.5
2025-04-25T00:00:00-07:00,45,66,2.6
2025-04-25T00:30:00-07:00,46,66,2.3
2025-04-25T01:00:00-07:00,46,65,2.2
2025-04-25T01:30:00-07:00,44,66,2
2025-04-25T02:00:00-07:00,43,65,2
2025-04-25T02:30:00-07:00,43,65,2.1
2025-04-25T03:00:00-07:00,44,65,2.1
2025-04-25T03:30:00-07:00,44,65,2.2
2025-04-25T04:00:00-07:00,45,65,2.2
2025-04-25T04:30:00-07:00,45,65,2.1
2025-04-25T05:00:00-07:00,45,64,2.1
2025-04-25T05:30:00-07:00,47,64,2.2
2025-04-25T06:00:00-07:00,47,64,2.3
2025-04-25T06:30:00-07:00,46,65,2.1
2025-04-25T07:00:00-07:00,45,64,1.9
2025-04-25T07:30:00-07:00,47,64,2
2025-04-25T08:00:00-07:00,47,64,1.8
2025-04-25T08:30:00-07:00,46,65,1.6
2025-04-25T09:00:00-07:00,46,65,2.4
2025-04-25T09:30:00-07:00,45,66,1.6
2025-04-25T10:00:00-07:00,43,66,1.7
2025-04-25T10:30:00-07:00,42,66,1.7
2025-04-25T11:00:00-07:00,41,66,1.5
2025-04-25T11:30:00-07:00,39,67,1.5
2025-04-25T12:00:00-07:00,38,67,1.3
2025-04-25T12:30:00-07:00,38,67,1.5
2025-04-25T13:00:00-07:00,38,68,1.7
2025-04-25T13:30:00-07:00,40,68,2
2025-04-25T14:00:00-07:00,43,68,1.5
2025-04-25T14:30:00-07:00,44,68,1.2
2025-04-25T15:00:00-07:00,45,68,1.1
2025-04-25T15:30:00-07:00,43,68,1.1
2025-04-25T16:00:00-07:00,41,69,1.5
2025-04-25T16:30:00-07:00,40,68,1.2
2025-04-25T17:00:00-07:00,40,68,1.9
2025-04-25T17:30:00-07:00,42,67,3.6
2025-04-25T18:00:00-07:00,44,67,1
2025-04-25T18:30:00-07:00,44,67,0.8
2025-04-25T19:00:00-07:00,45,67,0.9
2025-04-25T19:30:00-07:00,46,67,0.8
2025-04-25T20:00:00-07:00,46,67,3
2025-04-25T20:30:00-07:00,45,67,2.5
2025-04-25T21:00:00-07:00,46,67,2.3
2025-04-25T21:30:00-07:00,46,67,1.1
2025-04-25T22:00:00-07:00,46,66,1.6
2025-04-25T22:30:00-07:00,45,66,1.3
2025-04-25T23:00:00-07:00,46,66,1.3
2025-04-25T23:30:00-07:00,47,65,1.7
2025-04-26T00:00:00-07:00,47,65,1.4
2025-04-26T00:30:00-07:00,47,65,1.2
2025-04-26T01:00:00-07:00,47,64,1.3
2025-04-26T01:30:00-07:00,47,64,1.4
2025-04-26T02:00:00-07:00,47,64,1.4
2025-04-26T02:30:00-07:00,47,64,1.3
2025-04-26T03:00:00-07:00,46,64,0.9
2025-04-26T03:30:00-07:00,46,63,0.8
2025-04-26T04:00:00-07:00,46,63,0.7
2025-04-26T04:30:00-07:00,47,63,0.8
2025-04-26T05:00:00-07:00,47,63,0.8
2025-04-26T05:30:00-07:00,47,62,0.8
2025-04-26T06:00:00-07:00,48,62,0.8
2025-04-26T06:30:00-07:00,48,62,0.8
2025-04-26T07:00:00-07:00,48,62,1.1
2025-04-26T07:30:00-07:00,49,62,1.2
2025-04-26T08:00:00-07:00,50,63,2.6
2025-04-26T08:30:00-07:00,50,64,3.1
2025-04-26T09:00:00-07:00,49,64,2
2025-04-26T09:30:00-07:00,48,65,2
2025-04-26T10:00:00-07:00,47,66,2
2025-04-26T10:30:00-07:00,47,66,2.1
2025-04-26T11:00:00-07:00,46,66,1.9
2025-04-26T11:30:00-07:00,45,67,1.8
2025-04-26T12:00:00-07:00,43,68,1.4
2025-04-26T12:30:00-07:00,39,70,0.4
2025-04-26T13:00:00-07:00,39,71,1.1
2025-04-26T13:30:00-07:00,39,71,1.2
2025-04-26T14:00:00-07:00,40,71,1
2025-04-26T14:30:00-07:00,40,72,0.9
2025-04-26T15:00:00-07:00,41,72,0.9
2025-04-26T15:30:00-07:00,40,72,0.9
2025-04-26T16:00:00-07:00,41,71,1.2
2025-04-26T16:30:00-07:00,42,71,2
2025-04-26T17:00:00-07:00,43,70,2.4
2025-04-26T17:30:00-07:00,44,69,2.1
2025-04-26T18:00:00-07:00,44,69,1.9
2025-04-26T18:30:00-07:00,44,68,1.4
2025-04-26T19:00:00-07:00,45,68,1.4
2025-04-26T19:30:00-07:00,45,68,0.8
2025-04-26T20:00:00-07:00,45,68,0.6
2025-04-26T20:30:00-07:00,46,68,0.4
2025-04-26T21:00:00-07:00,48,68,0.5
2025-04-26T21:30:00-07:00,49,67,0.5
2025-04-26T22:00:00-07:00,49,67,0.2
2025-04-26T22:30:00-07:00,49,67,0.1
2025-04-26T23:00:00-07:00,49,67,0.4
2025-04-26T23:30:00-07:00,51,66,0.2
2025-04-27T00:00:00-07:00,51,66,0
2025-04-27T00:30:00-07:00,51,65,0.1
2025-04-27T01:00:00-07:00,50,66,0.1
2025-04-27T01:30:00-07:00,52,66,0.5
2025-04-27T02:00:00-07:00,52,66,0.4
2025-04-27T02:30:00-07:00,51,65,0.3
2025-04-27T03:00:00-07:00,51,65,0.2
2025-04-27T03:30:00-07:00,54,65,0.2
2025-04-27T04:00:00-07:00,56,64,0.1
2025-04-27T04:30:00-07:00,56,65,0.1
2025-04-27T05:00:00-07:00,55,66,0.2
2025-04-27T05:30:00-07:00,55,66,0.5
2025-04-27T06:00:00-07:00,54,66,1.3
2025-04-27T06:30:00-07:00,53,65,1.4
2025-04-27T07:00:00-07:00,54,65,1.8
2025-04-27T07:30:00-07:00,55,65,2.2
2025-04-27T08:00:00-07:00,56,65,2.8
2025-04-27T08:30:00-07:00,59,65,5.7
2025-04-27T09:00:00-07:00,59,65,6
2025-04-27T09:30:00-07:00,57,65,5.9
2025-04-27T10:00:00-07:00,55,65,5.8
2025-04-27T10:30:00-07:00,54,65,5.4
2025-04-27T11:00:00-07:00,53,66,5.1
2025-04-27T11:30:00-07:00,52,66,5.3
2025-04-27T12:00:00-07:00,51,67,5.4
2025-04-27T12:30:00-07:00,50,67,5.4
2025-04-27T13:00:00-07:00,49,67,5.4
2025-04-27T13:30:00-07:00,48,68,5.4
2025-04-27T14:00:00-07:00,47,68,4.9
2025-04-27T14:30:00-07:00,46,68,5.6
2025-04-27T15:00:00-07:00,46,68,5.5
2025-04-27T15:30:00-07:00,45,69,5.5
2025-04-27T16:00:00-07:00,46,69,5.6
2025-04-27T16:30:00-07:00,45,69,5.5
2025-04-27T17:00:00-07:00,45,70,5.2
2025-04-27T17:30:00-07:00,45,70,5.2
2025-04-27T18:00:00-07:00,46,70,5
2025-04-27T18:30:00-07:00,49,69,5.5
2025-04-27T19:00:00-07:00,50,69,5.8
2025-04-27T19:30:00-07:00,50,69,5.7
2025-04-27T20:00:00-07:00,50,68,6.2
2025-04-27T20:30:00-07:00,50,68,5.6
2025-04-27T21:00:00-07:00,50,68,5.8
2025-04-27T21:30:00-07:00,50,67,5.6
2025-04-27T22:00:00-07:00,51,67,5.9
2025-04-27T22:30:00-07:00,51,66,5.7
2025-04-27T23:00:00-07:00,51,66,6.1
2025-04-27T23:30:00-07:00,51,66,6.3
2025-04-28T00:00:00-07:00,51,65,8.1
2025-04-28T00:30:00-07:00,51,65,10.8
2025-04-28T01:00:00-07:00,51,64,9.1
2025-04-28T01:30:00-07:00,51,64,10.2
2025-04-28T02:00:00-07:00,51,64,6.7
2025-04-28T02:30:00-07:00,51,63,6.4
2025-04-28T03:00:00-07:00,51,63,5.8
2025-04-28T03:30:00-07:00,51,63,4.8
2025-04-28T04:00:00-07:00,50,63,4.6
2025-04-28T04:30:00-07:00,50,63,4.5
2025-04-28T05:00:00-07:00,51,62,4.6
2025-04-28T05:30:00-07:00,51,62,5
2025-04-28T06:00:00-07:00,51,62,4.7
2025-04-28T06:30:00-07:00,51,62,4.4
2025-04-28T07:00:00-07:00,52,62,4.5
2025-04-28T07:30:00-07:00,54,63,4.4
2025-04-28T08:00:00-07:00,55,63,7.5
2025-04-28T08:30:00-07:00,56,64,6.9
2025-04-28T09:00:00-07:00,56,65,7.3
2025-04-28T09:30:00-07:00,55,66,7.3
2025-04-28T10:00:00-07:00,53,67,7.5
2025-04-28T10:30:00-07:00,53,68,8.3
2025-04-28T11:00:00-07:00,52,69,7.7
2025-04-28T11:30:00-07:00,50,70,7.2
2025-04-28T12:00:00-07:00,48,71,7.2
2025-04-28T12:30:00-07:00,46,72,6.6
2025-04-28T13:00:00-07:00,46,73,6.1
2025-04-28T13:30:00-07:00,44,74,5.5
2025-04-28T14:00:00-07:00,43,75,5.1
2025-04-28T14:30:00-07:00,41,75,4.3
2025-04-28T15:00:00-07:00,39,76,4
2025-04-28T15:30:00-07:00,39,76,3.9
2025-04-28T16:00:00-07:00,39,77,4.1
2025-04-28T16:30:00-07:00,38,76,4.2
2025-04-28T17:00:00-07:00,38,76,4.1
2025-04-28T17:30:00-07:00,39,76,4.2
2025-04-28T18:00:00-07:00,40,76,3.8
2025-04-28T18:30:00-07:00,40,75,3.8
2025-04-28T19:00:00-07:00,40,75,3.8
2025-04-28T19:30:00-07:00,41,74,3.5
2025-04-28T20:00:00-07:00,42,73,3.7
2025-04-28T20:30:00-07:00,42,72,3.6
2025-04-28T21:00:00-07:00,43,71,3.7
2025-04-28T21:30:00-07:00,44,70,3.8
2025-04-28T22:00:00-07:00,46,70,3.9
2025-04-28T22:30:00-07:00,46,70,4.4
2025-04-28T23:00:00-07:00,46,69,4.3
2025-04-28T23:30:00-07:00,47,69,4.3
2025-04-29T00:00:00-07:00,47,68,3.9
2025-04-29T00:30:00-07:00,48,68,4.4
2025-04-29T01:00:00-07:00,49,68,4.2
2025-04-29T01:30:00-07:00,49,67,4.3
2025-04-29T02:00:00-07:00,50,67,4.5
2025-04-29T02:30:00-07:00,48,66,3.9
2025-04-29T03:00:00-07:00,48,66,3.9
2025-04-29T03:30:00-07:00,48,66,4
2025-04-29T04:00:00-07:00,48,65,4
2025-04-29T04:30:00-07:00,48,65,4.1
2025-04-29T05:00:00-07:00,49,64,4.4
2025-04-29T05:30:00-07:00,49,64,4.3
2025-04-29T06:00:00-07:00,49,64,5.3
2025-04-29T06:30:00-07:00,50,64,5.4
2025-04-29T07:00:00-07:00,52,64,5.6
2025-04-29T07:30:00-07:00,54,65,7.3
2025-04-29T08:00:00-07:00,55,65,9.5
2025-04-29T08:30:00-07:00,55,66,10.8
2025-04-29T09:00:00-07:00,54,67,11
2025-04-29T09:30:00-07:00,53,68,9.2
2025-04-29T10:00:00-07:00,53,69,9.1
2025-04-29T10:30:00-07:00,51,70,9
2025-04-29T11:00:00-07:00,49,71,8.7
2025-04-29T11:30:00-07:00,48,73,7.3
2025-04-29T12:00:00-07:00,48,75,7.4
2025-04-29T12:30:00-07:00,47,76,8.1
2025-04-29T13:00:00-07:00,45,77,7.3
2025-04-29T13:30:00-07:00,43,78,6.2
2025-04-29T14:00:00-07:00,40,79,5.3
2025-04-29T14:30:00-07:00,38,80,4.5
2025-04-29T15:00:00-07:00,37,81,5.4
2025-04-29T15:30:00-07:00,34,82,5
2025-04-29T16:00:00-07:00,33,82,4.5
2025-04-29T16:30:00-07:00,33,82,4.8
2025-04-29T17:00:00-07:00,33,83,4.9
2025-04-29T17:30:00-07:00,34,82,5
2025-04-29T18:00:00-07:00,35,81,5.1
2025-04-29T18:30:00-07:00,35,80,4.3
2025-04-29T19:00:00-07:00,36,79,4.4
2025-04-29T19:30:00-07:00,37,77,4.2
2025-04-29T20:00:00-07:00,40,76,4.5
2025-04-29T20:30:00-07:00,42,74,4.7
2025-04-29T21:00:00-07:00,42,74,4.8
2025-04-29T21:30:00-07:00,43,73,5.8
2025-04-29T22:00:00-07:00,44,72,5.8
2025-04-29T22:30:00-07:00,44,71,6.5
2025-04-29T23:00:00-07:00,45,71,6.6
2025-04-29T23:30:00-07:00,46,70,6.4
2025-04-30T00:00:00-07:00,47,70,5.9
2025-04-30T00:30:00-07:00,47,70,5.5
2025-04-30T01:00:00-07:00,48,69,6.5
2025-04-30T01:30:00-07:00,48,69,6.8
2025-04-30T02:00:00-07:00,50,69,5.9
2025-04-30T02:30:00-07:00,51,69,5.4
2025-04-30T03:00:00-07:00,52,68,6.1
2025-04-30T03:30:00-07:00,52,68,5.6
2025-04-30T04:00:00-07:00,53,68,5.7
2025-04-30T04:30:00-07:00,52,68,5.7
2025-04-30T05:00:00-07:00,52,67,5.7
2025-04-30T05:30:00-07:00,53,67,6.1
2025-04-30T06:00:00-07:00,53,67,6.1
2025-04-30T06:30:00-07:00,54,67,6.2
2025-04-30T07:00:00-07:00,56,67,6.5
2025-04-30T07:30:00-07:00,56,68,7.6
2025-04-30T08:00:00-07:00,56,68,9
2025-04-30T08:30:00-07:00,56,68,9.2
2025-04-30T09:00:00-07:00,55,69,10.9
2025-04-30T09:30:00-07:00,54,69,15.8
2025-04-30T10:00:00-07:00,53,70,13.6
2025-04-30T10:30:00-07:00,52,71,13.7
2025-04-30T11:00:00-07:00,50,72,16.6
2025-04-30T11:30:00-07:00,48,73,16.7
2025-04-30T12:00:00-07:00,47,74,16.5
2025-04-30T12:30:00-07:00,46,75,14.3
2025-04-30T13:00:00-07:00,46,76,12
2025-04-30T13:30:00-07:00,47,78,11.4
2025-04-30T14:00:00-07:00,46,79,9.6
2025-04-30T14:30:00-07:00,44,79,8.6
2025-04-30T15:00:00-07:00,43,80,8
2025-04-30T15:30:00-07:00,42,81,7.9
2025-04-30T16:00:00-07:00,41,81,8
2025-04-30T16:30:00-07:00,40,81,7.2
2025-04-30T17:00:00-07:00,40,81,7
2025-04-30T17:30:00-07:00,39,80,6.8
2025-04-30T18:00:00-07:00,39,80,6.5
2025-04-30T18:30:00-07:00,40,79,6.8
2025-04-30T19:00:00-07:00,41,78,6.5
2025-04-30T19:30:00-07:00,41,77,6
2025-04-30T20:00:00-07:00,41,76,6.6
2025-04-30T20:30:00-07:00,43,75,7.5
2025-04-30T21:00:00-07:00,44,75,8.1
2025-04-30T21:30:00-07:00,44,74,8.8
2025-04-30T22:00:00-07:00,45,73,8.5
2025-04-30T22:30:00-07:00,45,72,8.1
2025-04-30T23:00:00-07:00,46,72,8.5
2025-04-30T23:30:00-07:00,47,71,8.3
2025-05-01T00:00:00-07:00,47,71,8.3
2025-05-01T00:30:00-07:00,48,70,8.2
2025-05-01T01:00:00-07:00,49,70,7.5
2025-05-01T01:30:00-07:00,49,70,7.1
2025-05-01T02:00:00-07:00,50,69,6.9
2025-05-01T02:30:00-07:00,52,69,7.4
2025-05-01T03:00:00-07:00,53,69,6.8
2025-05-01T03:30:00-07:00,53,69,4
2025-05-01T04:00:00-07:00,54,69,3.9
2025-05-01T04:30:00-07:00,54,69,4.5
2025-05-01T05:00:00-07:00,54,69,6.8
2025-05-01T05:30:00-07:00,54,69,9.5
2025-05-01T06:00:00-07:00,54,68,9.5
2025-05-01T06:30:00-07:00,55,68,8.7
2025-05-01T07:00:00-07:00,55,68,8.8
2025-05-01T07:30:00-07:00,56,68,8.7
2025-05-01T08:00:00-07:00,56,68,10.9
2025-05-01T08:30:00-07:00,56,68,11.5
2025-05-01T09:00:00-07:00,56,67,10.4
2025-05-01T09:30:00-07:00,56,68,9.5
2025-05-01T10:00:00-07:00,54,69,10.3
2025-05-01T10:30:00-07:00,53,70,11.5
2025-05-01T11:00:00-07:00,52,71,11
2025-05-01T11:30:00-07:00,49,72,10
2025-05-01T12:00:00-07:00,48,73,8.4
2025-05-01T12:30:00-07:00,47,75,6.1
2025-05-01T13:00:00-07:00,45,76,5.2
2025-05-01T13:30:00-07:00,45,76,5.1
2025-05-01T14:00:00-07:00,44,77,5.8
2025-05-01T14:30:00-07:00,43,78,7
2025-05-01T15:00:00-07:00,42,78,6.8
2025-05-01T15:30:00-07:00,41,79,6.9
2025-05-01T16:00:00-07:00,40,79,7.1
2025-05-01T16:30:00-07:00,40,79,7
2025-05-01T17:00:00-07:00,39,79,6.6
2025-05-01T17:30:00-07:00,38,78,7.1
2025-05-01T18:00:00-07:00,39,77,6.2
2025-05-01T18:30:00-07:00,40,76,6
2025-05-01T19:00:00-07:00,41,75,5.6
2025-05-01T19:30:00-07:00,42,73,5.7
2025-05-01T20:00:00-07:00,42,73,5.7
2025-05-01T20:30:00-07:00,43,72,6.5
2025-05-01T21:00:00-07:00,44,71,6.3
2025-05-01T21:30:00-07:00,44,70,6.4
2025-05-01T22:00:00-07:00,45,70,7.2
2025-05-01T22:30:00-07:00,46,69,7.9
2025-05-01T23:00:00-07:00,47,69,8.3
2025-05-01T23:30:00-07:00,48,68,8
2025-05-02T00:00:00-07:00,48,68,8
2025-05-02T00:30:00-07:00,48,68,8.5
2025-05-02T01:00:00-07:00,49,68,8.6
2025-05-02T01:30:00-07:00,49,68,7.4
2025-05-02T02:00:00-07:00,49,68,6.6
2025-05-02T02:30:00-07:00,50,67,7.1
2025-05-02T03:00:00-07:00,51,67,7.8
2025-05-02T03:30:00-07:00,50,67,7.3
2025-05-02T04:00:00-07:00,50,67,7
2025-05-02T04:30:00-07:00,50,67,7
2025-05-02T05:00:00-07:00,50,67,7.4
2025-05-02T05:30:00-07:00,50,67,7.3
2025-05-02T06:00:00-07:00,49,67,6.9
2025-05-02T06:30:00-07:00,49,67,6.8
2025-05-02T07:00:00-07:00,49,67,6.8
2025-05-02T07:30:00-07:00,49,67,7.1
2025-05-02T08:00:00-07:00,49,67,7.1
2025-05-02T08:30:00-07:00,48,67,7
2025-05-02T09:00:00-07:00,47,68,7.5
2025-05-02T09:30:00-07:00,46,68,7.9
2025-05-02T10:00:00-07:00,45,68,7.5
2025-05-02T10:30:00-07:00,45,69,5.9
2025-05-02T11:00:00-07:00,43,70,4.8
2025-05-02T11:30:00-07:00,42,71,3.9
2025-05-02T12:00:00-07:00,42,71,3.1
2025-05-02T12:30:00-07:00,43,72,2.6
2025-05-02T13:00:00-07:00,44,73,2.2
2025-05-02T13:30:00-07:00,44,73,2.3
2025-05-02T14:00:00-07:00,44,74,1.9
2025-05-02T14:30:00-07:00,44,74,0.8
2025-05-02T15:00:00-07:00,44,75,0.8
2025-05-02T15:30:00-07:00,44,75,0.5
2025-05-02T16:00:00-07:00,43,75,0.2
2025-05-02T16:30:00-07:00,43,75,0.4
2025-05-02T17:00:00-07:00,44,74,0.6
2025-05-02T17:30:00-07:00,44,74,0.7
2025-05-02T18:00:00-07:00,45,73,1.2
2025-05-02T18:30:00-07:00,45,72,1.5
2025-05-02T19:00:00-07:00,46,71,1.7
2025-05-02T19:30:00-07:00,46,71,1.5
2025-05-02T20:00:00-07:00,47,70,1.8
2025-05-02T20:30:00-07:00,47,70,1.8
2025-05-02T21:00:00-07:00,47,70,1.6
2025-05-02T21:30:00-07:00,47,70,1.6
2025-05-02T22:00:00-07:00,47,69,1.2
2025-05-02T22:30:00-07:00,47,69,1.2
2025-05-02T23:00:00-07:00,47,69,1.4
2025-05-02T23:30:00-07:00,47,69,1.5
2025-05-03T00:00:00-07:00,48,69,1.4
2025-05-03T00:30:00-07:00,48,69,1.3
2025-05-03T01:00:00-07:00,49,69,1.3
2025-05-03T01:30:00-07:00,49,69,1.2
2025-05-03T02:00:00-07:00,50,69,1.1
2025-05-03T02:30:00-07:00,51,69,1.3
2025-05-03T03:00:00-07:00,52,69,1.2
2025-05-03T03:30:00-07:00,52,69,1.2
2025-05-03T04:00:00-07:00,53,68,0.8
2025-05-03T04:30:00-07:00,53,68,0.5
2025-05-03T05:00:00-07:00,53,68,0.6
2025-05-03T05:30:00-07:00,54,67,0.5
2025-05-03T06:00:00-07:00,55,67,0.7
2025-05-03T06:30:00-07:00,56,67,0.8
2025-05-03T07:00:00-07:00,56,67,1
2025-05-03T07:30:00-07:00,56,66,1
2025-05-03T08:00:00-07:00,56,66,1
2025-05-03T08:30:00-07:00,55,66,1.6
2025-05-03T09:00:00-07:00,55,66,1.9
2025-05-03T09:30:00-07:00,55,66,1.7
2025-05-03T10:00:00-07:00,54,67,2.2
2025-05-03T10:30:00-07:00,53,67,2.7
2025-05-03T11:00:00-07:00,52,68,2.7
2025-05-03T11:30:00-07:00,51,68,3.1
2025-05-03T12:00:00-07:00,49,69,3.1
2025-05-03T12:30:00-07:00,49,69,3.3
2025-05-03T13:00:00-07:00,47,70,2.8
2025-05-03T13:30:00-07:00,46,70,2.9
2025-05-03T14:00:00-07:00,45,70,3.1
2025-05-03T14:30:00-07:00,44,70,2.6
2025-05-03T15:00:00-07:00,43,71,2.8
2025-05-03T15:30:00-07:00,42,71,3.1
2025-05-03T16:00:00-07:00,42,71,3.1
2025-05-03T16:30:00-07:00,42,70,3.5
2025-05-03T17:00:00-07:00,42,69,3.8
2025-05-03T17:30:00-07:00,43,69,3.8
2025-05-03T18:00:00-07:00,43,68,4.1
2025-05-03T18:30:00-07:00,44,68,4.5
2025-05-03T19:00:00-07:00,45,67,4.9
2025-05-03T19:30:00-07:00,45,67,5.4
2025-05-03T20:00:00-07:00,46,66,6.8
2025-05-03T20:30:00-07:00,46,66,5
2025-05-03T21:00:00-07:00,47,66,5.5
2025-05-03T21:30:00-07:00,47,66,5
2025-05-03T22:00:00-07:00,46,65,4.9
2025-05-03T22:30:00-07:00,46,66,4.7
2025-05-03T23:00:00-07:00,46,66,4.5
2025-05-03T23:30:00-07:00,46,66,4.4
2025-05-04T00:00:00-07:00,46,66,4.5
2025-05-04T00:30:00-07:00,46,66,5.1
2025-05-04T01:00:00-07:00,47,65,4.8
2025-05-04T01:30:00-07:00,48,65,4.7
2025-05-04T02:00:00-07:00,47,65,4.7
2025-05-04T02:30:00-07:00,47,65,4.7
2025-05-04T03:00:00-07:00,47,64,4.8
2025-05-04T03:30:00-07:00,48,64,4.6
2025-05-04T04:00:00-07:00,48,64,4
2025-05-04T04:30:00-07:00,48,64,3.7
2025-05-04T05:00:00-07:00,48,63,3.6
2025-05-04T05:30:00-07:00,48,63,3.7
2025-05-04T06:00:00-07:00,48,63,3.7
2025-05-04T06:30:00-07:00,49,63,3.9
2025-05-04T07:00:00-07:00,50,63,4.6
2025-05-04T07:30:00-07:00,51,63,4.6
2025-05-04T08:00:00-07:00,51,64,4.6
2025-05-04T08:30:00-07:00,52,65,5
2025-05-04T09:00:00-07:00,51,65,4.9
2025-05-04T09:30:00-07:00,51,66,4.9
2025-05-04T10:00:00-07:00,50,67,4.5
2025-05-04T10:30:00-07:00,48,68,4.1
2025-05-04T11:00:00-07:00,46,69,4
2025-05-04T11:30:00-07:00,45,70,3.3
2025-05-04T12:00:00-07:00,43,71,3
2025-05-04T12:30:00-07:00,43,72,4.1
2025-05-04T13:00:00-07:00,43,72,4.5
2025-05-04T13:30:00-07:00,42,73,4.2
2025-05-04T14:00:00-07:00,40,74,4.1
2025-05-04T14:30:00-07:00,39,75,3.2
2025-05-04T15:00:00-07:00,38,76,3.7
2025-05-04T15:30:00-07:00,38,76,4.3
2025-05-04T16:00:00-07:00,38,76,4.4
2025-05-04T16:30:00-07:00,37,76,4.5
2025-05-04T17:00:00-07:00,37,77,4.5
2025-05-04T17:30:00-07:00,35,76,3.5
2025-05-04T18:00:00-07:00,35,76,4
2025-05-04T18:30:00-07:00,37,76,5.7
2025-05-04T19:00:00-07:00,39,75,6.5
2025-05-04T19:30:00-07:00,39,75,6.6
2025-05-04T20:00:00-07:00,40,74,6.9
2025-05-04T20:30:00-07:00,41,74,7.2
2025-05-04T21:00:00-07:00,42,73,7.6
2025-05-04T21:30:00-07:00,43,73,8.6
2025-05-04T22:00:00-07:00,44,72,7.9
2025-05-04T22:30:00-07:00,45,72,9.1
2025-05-04T23:00:00-07:00,46,71,8.5
2025-05-04T23:30:00-07:00,45,71,6.9
2025-05-05T00:00:00-07:00,46,71,7.4
2025-05-05T00:30:00-07:00,45,70,5.3
2025-05-05T01:00:00-07:00,45,69,5.7
2025-05-05T01:30:00-07:00,45,69,5.6
2025-05-05T02:00:00-07:00,46,68,6.1
2025-05-05T02:30:00-07:00,46,68,7.7
2025-05-05T03:00:00-07:00,46,68,7.1
2025-05-05T03:30:00-07:00,47,67,6.8
2025-05-05T04:00:00-07:00,47,67,6.6
2025-05-05T04:30:00-07:00,48,67,5.8
2025-05-05T05:00:00-07:00,48,67,6.7
2025-05-05T05:30:00-07:00,49,66,7
2025-05-05T06:00:00-07:00,49,66,7.4
2025-05-05T06:30:00-07:00,50,66,8.2
2025-05-05T07:00:00-07:00,52,66,8.6
2025-05-05T07:30:00-07:00,55,67,8.6
2025-05-05T08:00:00-07:00,48,68,5
2025-05-05T08:30:00-07:00,39,69,3.3
2025-05-05T09:00:00-07:00,33,71,2.4
2025-05-05T09:30:00-07:00,29,72,1.9
2025-05-05T10:00:00-07:00,26,74,1.9
2025-05-05T10:30:00-07:00,26,75,1.9
2025-05-05T11:00:00-07:00,25,77,1.9
2025-05-05T11:30:00-07:00,25,78,1.9
2025-05-05T12:00:00-07:00,23,80,2
2025-05-05T12:30:00-07:00,23,81,2
2025-05-05T13:00:00-07:00,23,82,2
2025-05-05T13:30:00-07:00,23,82,2.1
2025-05-05T14:00:00-07:00,22,83,2
2025-05-05T14:30:00-07:00,21,84,2
2025-05-05T15:00:00-07:00,21,85,2
2025-05-05T15:30:00-07:00,21,85,1.9
2025-05-05T16:00:00-07:00,21,86,2.1
2025-05-05T16:30:00-07:00,21,86,2.6
2025-05-05T17:00:00-07:00,20,86,2.4
2025-05-05T17:30:00-07:00,21,86,2.9
2025-05-05T18:00:00-07:00,20,85,3.4
2025-05-05T18:30:00-07:00,21,85,3.2
2025-05-05T19:00:00-07:00,23,84,3.4
2025-05-05T19:30:00-07:00,24,83,3.7
2025-05-05T20:00:00-07:00,23,82,4.1
2025-05-05T20:30:00-07:00,24,82,4.4
2025-05-05T21:00:00-07:00,25,81,4.9
2025-05-05T21:30:00-07:00,26,80,6.2
2025-05-05T22:00:00-07:00,26,79,5.9
2025-05-05T22:30:00-07:00,25,78,4.4
2025-05-05T23:00:00-07:00,25,77,3.9
2025-05-05T23:30:00-07:00,26,77,3.7
2025-05-06T00:00:00-07:00,26,76,4
2025-05-06T00:30:00-07:00,27,76,4.6
2025-05-06T01:00:00-07:00,29,75,6.1
2025-05-06T01:30:00-07:00,33,74,7.3
2025-05-06T02:00:00-07:00,34,74,7.1
2025-05-06T02:30:00-07:00,35,73,7.4
2025-05-06T03:00:00-07:00,36,73,7.4
2025-05-06T03:30:00-07:00,37,72,7.4
2025-05-06T04:00:00-07:00,38,71,7.1
2025-05-06T04:30:00-07:00,38,71,6.9
2025-05-06T05:00:00-07:00,39,70,6.9
2025-05-06T05:30:00-07:00,40,70,7.2
2025-05-06T06:00:00-07:00,40,70,7.6
2025-05-06T06:30:00-07:00,41,69,7.7
2025-05-06T07:00:00-07:00,43,69,7.8
2025-05-06T07:30:00-07:00,44,70,8.2
2025-05-06T08:00:00-07:00,45,70,8.4
2025-05-06T08:30:00-07:00,45,71,8.9
2025-05-06T09:00:00-07:00,44,71,9.2
2025-05-06T09:30:00-07:00,42,72,9.2
2025-05-06T10:00:00-07:00,41,73,8.2
2025-05-06T10:30:00-07:00,40,74,7.4
2025-05-06T11:00:00-07:00,38,75,7.1
2025-05-06T11:30:00-07:00,37,77,7.2
2025-05-06T12:00:00-07:00,36,78,7.2
2025-05-06T12:30:00-07:00,36,79,7.1
2025-05-06T13:00:00-07:00,34,80,6.4
2025-05-06T13:30:00-07:00,34,80,7.7
2025-05-06T14:00:00-07:00,35,81,8.9
2025-05-06T14:30:00-07:00,35,81,9
2025-05-06T15:00:00-07:00,35,82,9.3
2025-05-06T15:30:00-07:00,35,82,8.7
2025-05-06T16:00:00-07:00,35,82,8.3
2025-05-06T16:30:00-07:00,35,82,8.2
2025-05-06T17:00:00-07:00,35,81,8.2
2025-05-06T17:30:00-07:00,35,80,7.8
2025-05-06T18:00:00-07:00,36,80,8.1
2025-05-06T18:30:00-07:00,37,79,8
2025-05-06T19:00:00-07:00,38,77,8.1
2025-05-06T19:30:00-07:00,39,76,8.2
2025-05-06T20:00:00-07:00,41,75,8.6
2025-05-06T20:30:00-07:00,41,74,8.4
2025-05-06T21:00:00-07:00,42,74,8.7
2025-05-06T21:30:00-07:00,43,73,9.6
2025-05-06T22:00:00-07:00,44,73,9.8
2025-05-06T22:30:00-07:00,45,72,9.4
2025-05-06T23:00:00-07:00,45,72,9.1
2025-05-06T23:30:00-07:00,46,71,8.9
2025-05-07T00:00:00-07:00,47,71,8.7
2025-05-07T00:30:00-07:00,47,71,8.4
2025-05-07T01:00:00-07:00,48,71,8.1
2025-05-07T01:30:00-07:00,48,71,8.4
2025-05-07T02:00:00-07:00,48,71,8
2025-05-07T02:30:00-07:00,49,71,8.4
2025-05-07T03:00:00-07:00,48,70,7.9
2025-05-07T03:30:00-07:00,48,69,7.4
2025-05-07T04:00:00-07:00,48,69,7.2
2025-05-07T04:30:00-07:00,48,69,7.1
2025-05-07T05:00:00-07:00,47,69,7.6
2025-05-07T05:30:00-07:00,47,69,8.1
2025-05-07T06:00:00-07:00,48,68,7.3
2025-05-07T06:30:00-07:00,48,68,7
2025-05-07T07:00:00-07:00,50,67,7.3
2025-05-07T07:30:00-07:00,50,67,7.2
2025-05-07T08:00:00-07:00,50,68,7.4
2025-05-07T08:30:00-07:00,48,68,7.5
2025-05-07T09:00:00-07:00,48,69,7.2
2025-05-07T09:30:00-07:00,47,70,6.7
2025-05-07T10:00:00-07:00,46,70,6.3
2025-05-07T10:30:00-07:00,45,71,6.2
2025-05-07T11:00:00-07:00,44,72,6.2
2025-05-07T11:30:00-07:00,42,72,6
2025-05-07T12:00:00-07:00,41,73,7.3
2025-05-07T12:30:00-07:00,41,75,6.9
2025-05-07T13:00:00-07:00,40,76,7.3
2025-05-07T13:30:00-07:00,39,77,6.8
2025-05-07T14:00:00-07:00,40,78,6.2
2025-05-07T14:30:00-07:00,40,78,6.2
2025-05-07T15:00:00-07:00,39,79,6.3
2025-05-07T15:30:00-07:00,39,79,5.9
2025-05-07T16:00:00-07:00,39,78,5.7
2025-05-07T16:30:00-07:00,39,78,5.7
2025-05-07T17:00:00-07:00,40,77,5.1
2025-05-07T17:30:00-07:00,40,77,5
2025-05-07T18:00:00-07:00,41,76,4.8
2025-05-07T18:30:00-07:00,42,75,4.6
2025-05-07T19:00:00-07:00,42,75,4.5
2025-05-07T19:30:00-07:00,43,74,4.5
2025-05-07T20:00:00-07:00,43,73,4.6
2025-05-07T20:30:00-07:00,44,72,4.8
2025-05-07T21:00:00-07:00,45,72,5.3
2025-05-07T21:30:00-07:00,46,71,5.5
2025-05-07T22:00:00-07:00,46,71,5.3
2025-05-07T22:30:00-07:00,46,70,5.2
2025-05-07T23:00:00-07:00,47,70,5.7
2025-05-07T23:30:00-07:00,47,70,6.2
2025-05-08T00:00:00-07:00,47,69,6
2025-05-08T00:30:00-07:00,48,69,6.7
2025-05-08T01:00:00-07:00,48,69,6.2
2025-05-08T01:30:00-07:00,48,68,6.2
2025-05-08T02:00:00-07:00,48,68,6.1
2025-05-08T02:30:00-07:00,48,68,7.3
2025-05-08T03:00:00-07:00,48,67,28.6
2025-05-08T03:30:00-07:00,49,67,31.2
2025-05-08T04:00:00-07:00,50,68,11.8
2025-05-08T04:30:00-07:00,51,68,7.5
2025-05-08T05:00:00-07:00,52,68,9.7
2025-05-08T05:30:00-07:00,53,68,10.2
2025-05-08T06:00:00-07:00,53,68,11.4
2025-05-08T06:30:00-07:00,53,68,11.6
2025-05-08T07:00:00-07:00,54,68,12.2
2025-05-08T07:30:00-07:00,54,68,14.9
2025-05-08T08:00:00-07:00,54,69,17.4
2025-05-08T08:30:00-07:00,55,69,13.8
2025-05-08T09:00:00-07:00,55,69,13.2
2025-05-08T09:30:00-07:00,54,70,12.4
2025-05-08T10:00:00-07:00,53,71,10.6
2025-05-08T10:30:00-07:00,52,72,9.6
2025-05-08T11:00:00-07:00,50,73,10.3
2025-05-08T11:30:00-07:00,50,74,11
2025-05-08T12:00:00-07:00,48,75,8.4
2025-05-08T12:30:00-07:00,47,76,8.1
2025-05-08T13:00:00-07:00,46,78,7.7
2025-05-08T13:30:00-07:00,44,78,7.2
2025-05-08T14:00:00-07:00,43,79,6.4
2025-05-08T14:30:00-07:00,42,80,7.2
2025-05-08T15:00:00-07:00,41,81,6.1
2025-05-08T15:30:00-07:00,40,82,5.6
2025-05-08T16:00:00-07:00,39,83,3.9
2025-05-08T16:30:00-07:00,38,83,3.1
2025-05-08T17:00:00-07:00,38,83,2.1
2025-05-08T17:30:00-07:00,37,83,2
2025-05-08T18:00:00-07:00,38,82,2.3
2025-05-08T18:30:00-07:00,36,81,2.8
2025-05-08T19:00:00-07:00,38,80,3.8
2025-05-08T19:30:00-07:00,39,79,4
2025-05-08T20:00:00-07:00,39,78,4.2
2025-05-08T20:30:00-07:00,40,77,4.5
2025-05-08T21:00:00-07:00,41,77,4.7
2025-05-08T21:30:00-07:00,42,76,4.6
2025-05-08T22:00:00-07:00,43,76,4.8
2025-05-08T22:30:00-07:00,44,75,5.1
2025-05-08T23:00:00-07:00,44,75,4.8
2025-05-08T23:30:00-07:00,44,74,4.3
2025-05-09T00:00:00-07:00,43,73,3.2
2025-05-09T00:30:00-07:00,42,73,3.1
2025-05-09T01:00:00-07:00,43,73,3.2
2025-05-09T01:30:00-07:00,42,72,3.1
2025-05-09T02:00:00-07:00,42,72,2.8
2025-05-09T02:30:00-07:00,44,71,4
2025-05-09T03:00:00-07:00,45,71,4.4
2025-05-09T03:30:00-07:00,45,70,3.9
2025-05-09T04:00:00-07:00,43,70,2.7
2025-05-09T04:30:00-07:00,41,69,2.8
2025-05-09T05:00:00-07:00,40,69,1.9
2025-05-09T05:30:00-07:00,40,69,2
2025-05-09T06:00:00-07:00,40,68,2.2
2025-05-09T06:30:00-07:00,40,68,2.3
2025-05-09T07:00:00-07:00,41,69,2.5
2025-05-09T07:30:00-07:00,43,69,4.4
2025-05-09T08:00:00-07:00,46,70,6.2
2025-05-09T08:30:00-07:00,46,71,6.3
2025-05-09T09:00:00-07:00,46,72,6.1
2025-05-09T09:30:00-07:00,46,73,6.3
2025-05-09T10:00:00-07:00,46,74,5.7
2025-05-09T10:30:00-07:00,43,75,4.4
2025-05-09T11:00:00-07:00,39,77,3.8
2025-05-09T11:30:00-07:00,39,78,4.7
2025-05-09T12:00:00-07:00,39,79,5.6
2025-05-09T12:30:00-07:00,39,81,6.5
2025-05-09T13:00:00-07:00,38,81,5.7
2025-05-09T13:30:00-07:00,34,82,4.1
2025-05-09T14:00:00-07:00,31,84,4
2025-05-09T14:30:00-07:00,30,85,5
2025-05-09T15:00:00-07:00,30,86,6.3
2025-05-09T15:30:00-07:00,30,87,5.2
2025-05-09T16:00:00-07:00,29,87,4.9
2025-05-09T16:30:00-07:00,30,88,5.1
2025-05-09T17:00:00-07:00,31,88,5.5
2025-05-09T17:30:00-07:00,31,87,4.9
2025-05-09T18:00:00-07:00,32,87,5
2025-05-09T18:30:00-07:00,31,86,4.9
2025-05-09T19:00:00-07:00,32,85,5
2025-05-09T19:30:00-07:00,30,84,4.4
2025-05-09T20:00:00-07:00,30,83,5.1
2025-05-09T20:30:00-07:00,30,82,5.8
2025-05-09T21:00:00-07:00,33,81,6.3
2025-05-09T21:30:00-07:00,35,80,6.2
2025-05-09T22:00:00-07:00,39,79,5.9
2025-05-09T22:30:00-07:00,40,79,5.6
2025-05-09T23:00:00-07:00,41,78,5.9
2025-05-09T23:30:00-07:00,42,77,6.6
2025-05-10T00:00:00-07:00,43,76,5.4
2025-05-10T00:30:00-07:00,44,76,5.6
2025-05-10T01:00:00-07:00,45,75,5.8
2025-05-10T01:30:00-07:00,45,75,6.3
2025-05-10T02:00:00-07:00,46,74,6.3
2025-05-10T02:30:00-07:00,47,74,7
2025-05-10T03:00:00-07:00,47,73,7.4
2025-05-10T03:30:00-07:00,47,73,8.4
2025-05-10T04:00:00-07:00,47,72,8.9
2025-05-10T04:30:00-07:00,46,72,8.9
2025-05-10T05:00:00-07:00,46,72,8.9
2025-05-10T05:30:00-07:00,45,71,8.2
2025-05-10T06:00:00-07:00,46,71,8.1
2025-05-10T06:30:00-07:00,46,71,7.9
2025-05-10T07:00:00-07:00,46,71,7.8
2025-05-10T07:30:00-07:00,48,71,8.6
2025-05-10T08:00:00-07:00,47,72,8.1
2025-05-10T08:30:00-07:00,47,73,7.9
2025-05-10T09:00:00-07:00,47,73,7.6
2025-05-10T09:30:00-07:00,46,74,6.7
2025-05-10T10:00:00-07:00,42,75,5.8
2025-05-10T10:30:00-07:00,40,76,5.7
2025-05-10T11:00:00-07:00,39,77,6.3
2025-05-10T11:30:00-07:00,36,78,5.4
2025-05-10T12:00:00-07:00,32,79,5
2025-05-10T12:30:00-07:00,30,80,4.3
2025-05-10T13:00:00-07:00,27,81,3.5
2025-05-10T13:30:00-07:00,26,82,3.2
2025-05-10T14:00:00-07:00,25,83,3
2025-05-10T14:30:00-07:00,25,84,3.1
2025-05-10T15:00:00-07:00,58,82,5.1
2025-05-10T15:30:00-07:00,49,81,4.7
2025-05-10T16:00:00-07:00,41,82,4.8
2025-05-10T16:30:00-07:00,40,82,5.3
2025-05-10T17:00:00-07:00,39,82,5
2025-05-10T17:30:00-07:00,38,81,4.9
2025-05-10T18:00:00-07:00,37,81,4.6
2025-05-10T18:30:00-07:00,37,80,4.4
2025-05-10T19:00:00-07:00,36,79,4
2025-05-10T19:30:00-07:00,36,78,4.1
2025-05-10T20:00:00-07:00,36,77,3.9
2025-05-10T20:30:00-07:00,36,76,3.8
2025-05-10T21:00:00-07:00,37,75,3.6
2025-05-10T21:30:00-07:00,38,74,3.6
2025-05-10T22:00:00-07:00,38,73,3.4
2025-05-10T22:30:00-07:00,38,73,3.3
2025-05-10T23:00:00-07:00,38,73,3.2
2025-05-10T23:30:00-07:00,38,72,3.2
2025-05-11T00:00:00-07:00,38,72,3
2025-05-11T00:30:00-07:00,38,72,2.7
2025-05-11T01:00:00-07:00,39,71,2.8
2025-05-11T01:30:00-07:00,40,71,2.8
2025-05-11T02:00:00-07:00,41,71,2.9
2025-05-11T02:30:00-07:00,42,71,2.8
2025-05-11T03:00:00-07:00,43,70,2.8
2025-05-11T03:30:00-07:00,44,70,2.7
2025-05-11T04:00:00-07:00,44,70,2.9
2025-05-11T04:30:00-07:00,44,69,3.2
2025-05-11T05:00:00-07:00,44,69,3
2025-05-11T05:30:00-07:00,44,69,2.7
2025-05-11T06:00:00-07:00,45,68,2.6
2025-05-11T06:30:00-07:00,45,68,2.4
2025-05-11T07:00:00-07:00,48,68,2.5
2025-05-11T07:30:00-07:00,49,69,2.1
2025-05-11T08:00:00-07:00,48,69,2.1
2025-05-11T08:30:00-07:00,47,70,1.9
2025-05-11T09:00:00-07:00,47,71,1.3
2025-05-11T09:30:00-07:00,48,71,0.9
2025-05-11T10:00:00-07:00,48,72,0.6
2025-05-11T10:30:00-07:00,48,72,0.3
2025-05-11T11:00:00-07:00,47,73,0.3
2025-05-11T11:30:00-07:00,46,73,0.4
2025-05-11T12:00:00-07:00,45,74,0.9
2025-05-11T12:30:00-07:00,43,74,1.4
2025-05-11T13:00:00-07:00,39,75,1.9
2025-05-11T13:30:00-07:00,36,75,1.6
2025-05-11T14:00:00-07:00,35,75,1.7
2025-05-11T14:30:00-07:00,33,76,1.5
2025-05-11T15:00:00-07:00,32,76,1.3
2025-05-11T15:30:00-07:00,32,76,1.4
2025-05-11T16:00:00-07:00,33,76,1.7
2025-05-11T16:30:00-07:00,35,75,2.1
2025-05-11T17:00:00-07:00,35,75,2.3
2025-05-11T17:30:00-07:00,36,75,2.1
2025-05-11T18:00:00-07:00,35,74,1.8
2025-05-11T18:30:00-07:00,34,74,1.8
2025-05-11T19:00:00-07:00,36,73,1.8
2025-05-11T19:30:00-07:00,37,73,1.9
2025-05-11T20:00:00-07:00,39,72,2.1
2025-05-11T20:30:00-07:00,40,71,2.2
2025-05-11T21:00:00-07:00,40,71,2.1
2025-05-11T21:30:00-07:00,40,70,2
2025-05-11T22:00:00-07:00,41,70,2
2025-05-11T22:30:00-07:00,42,70,2.3
2025-05-11T23:00:00-07:00,42,70,2.1
2025-05-11T23:30:00-07:00,43,69,2.1
2025-05-12T00:00:00-07:00,43,69,2.2
2025-05-12T00:30:00-07:00,44,69,2.1
2025-05-12T01:00:00-07:00,45,69,2
2025-05-12T01:30:00-07:00,45,69,1.8
2025-05-12T02:00:00-07:00,45,68,1.8
2025-05-12T02:30:00-07:00,46,68,2.1
2025-05-12T03:00:00-07:00,45,68,1.8
2025-05-12T03:30:00-07:00,44,68,1.8
2025-05-12T04:00:00-07:00,43,68,1.9
2025-05-12T04:30:00-07:00,44,67,1.9
2025-05-12T05:00:00-07:00,45,67,2
2025-05-12T05:30:00-07:00,45,67,1.7
2025-05-12T06:00:00-07:00,44,67,2
2025-05-12T06:30:00-07:00,45,67,1.9
2025-05-12T07:00:00-07:00,47,66,2.4
2025-05-12T07:30:00-07:00,51,66,2.4
2025-05-12T08:00:00-07:00,58,67,1.9
2025-05-12T08:30:00-07:00,60,67,0.2
2025-05-12T09:00:00-07:00,61,67,0.1
2025-05-12T09:30:00-07:00,63,68,0.1
2025-05-12T10:00:00-07:00,62,68,0.1
2025-05-12T10:30:00-07:00,61,69,0.2
2025-05-12T11:00:00-07:00,62,69,0.1
2025-05-12T11:30:00-07:00,62,69,0.1
2025-05-12T12:00:00-07:00,56,70,0.3
2025-05-12T12:30:00-07:00,50,71,0.2
2025-05-12T13:00:00-07:00,47,72,0.2
2025-05-12T13:30:00-07:00,45,72,0.2
2025-05-12T14:00:00-07:00,44,73,0.3
2025-05-12T14:30:00-07:00,40,73,0.3
2025-05-12T15:00:00-07:00,38,74,0.5
2025-05-12T15:30:00-07:00,36,74,0.7
2025-05-12T16:00:00-07:00,35,74,0.6
2025-05-12T16:30:00-07:00,36,74,0.5
2025-05-12T17:00:00-07:00,37,74,0.6
2025-05-12T17:30:00-07:00,38,73,0.8
2025-05-12T18:00:00-07:00,40,72,0.8
2025-05-12T18:30:00-07:00,41,72,0.6
2025-05-12T19:00:00-07:00,42,72,0.4
2025-05-12T19:30:00-07:00,42,71,0.5
2025-05-12T20:00:00-07:00,43,70,0.5
2025-05-12T20:30:00-07:00,44,70,0.3
2025-05-12T21:00:00-07:00,46,70,0.5
2025-05-12T21:30:00-07:00,52,70,0.8
2025-05-12T22:00:00-07:00,54,70,0.7
2025-05-12T22:30:00-07:00,56,69,1
2025-05-12T23:00:00-07:00,54,69,0.6
2025-05-12T23:30:00-07:00,52,69,0.5
2025-05-13T00:00:00-07:00,51,68,0.5
2025-05-13T00:30:00-07:00,50,68,0.4
2025-05-13T01:00:00-07:00,49,68,0.3
2025-05-13T01:30:00-07:00,50,68,0.5
2025-05-13T02:00:00-07:00,49,68,0.2
2025-05-13T02:30:00-07:00,52,68,0.7
2025-05-13T03:00:00-07:00,52,68,0.9
2025-05-13T03:30:00-07:00,51,68,0.8
2025-05-13T04:00:00-07:00,51,68,0.8
2025-05-13T04:30:00-07:00,52,68,0.6
2025-05-13T05:00:00-07:00,52,67,0.9
2025-05-13T05:30:00-07:00,52,68,0.9
2025-05-13T06:00:00-07:00,52,68,0.9
2025-05-13T06:30:00-07:00,51,68,0.7
2025-05-13T07:00:00-07:00,51,68,0.9
2025-05-13T07:30:00-07:00,51,68,1
2025-05-13T08:00:00-07:00,51,68,1
2025-05-13T08:30:00-07:00,49,68,1.1
2025-05-13T09:00:00-07:00,49,68,1
2025-05-13T09:30:00-07:00,48,69,0.9
2025-05-13T10:00:00-07:00,47,70,1.4
2025-05-13T10:30:00-07:00,47,70,1.9
2025-05-13T11:00:00-07:00,45,71,1.4
2025-05-13T11:30:00-07:00,44,72,1.5
2025-05-13T12:00:00-07:00,42,72,1.4
2025-05-13T12:30:00-07:00,42,72,1.5
2025-05-13T13:00:00-07:00,42,73,1.2
2025-05-13T13:30:00-07:00,42,74,1.3
2025-05-13T14:00:00-07:00,40,75,1.8
2025-05-13T14:30:00-07:00,39,75,1.5
2025-05-13T15:00:00-07:00,38,76,1.2
2025-05-13T15:30:00-07:00,37,76,1
2025-05-13T16:00:00-07:00,37,77,0.7
2025-05-13T16:30:00-07:00,37,76,0.7
2025-05-13T17:00:00-07:00,38,76,1.2
2025-05-13T17:30:00-07:00,38,76,1.2
2025-05-13T18:00:00-07:00,38,75,1.3
2025-05-13T18:30:00-07:00,41,74,2.3
2025-05-13T19:00:00-07:00,41,74,2.6
2025-05-13T19:30:00-07:00,42,73,2.4
2025-05-13T20:00:00-07:00,44,72,2.9
2025-05-13T20:30:00-07:00,45,71,3.3
2025-05-13T21:00:00-07:00,45,71,3.1
2025-05-13T21:30:00-07:00,46,70,3.1
2025-05-13T22:00:00-07:00,46,70,3.1
2025-05-13T22:30:00-07:00,47,70,3.2
2025-05-13T23:00:00-07:00,47,70,3.1
2025-05-13T23:30:00-07:00,47,69,3.4
2025-05-14T00:00:00-07:00,47,69,3.7
2025-05-14T00:30:00-07:00,48,69,3.4
2025-05-14T01:00:00-07:00,48,68,3.3
2025-05-14T01:30:00-07:00,48,68,3
2025-05-14T02:00:00-07:00,49,68,2.8
2025-05-14T02:30:00-07:00,50,68,3.1
2025-05-14T03:00:00-07:00,50,68,3.5
2025-05-14T03:30:00-07:00,51,67,3.5
2025-05-14T04:00:00-07:00,51,67,3.5
2025-05-14T04:30:00-07:00,51,67,3.4
2025-05-14T05:00:00-07:00,51,67,3.2
2025-05-14T05:30:00-07:00,51,66,3.7
2025-05-14T06:00:00-07:00,51,66,3.8
2025-05-14T06:30:00-07:00,51,66,3.4
2025-05-14T07:00:00-07:00,51,67,4.1
2025-05-14T07:30:00-07:00,52,67,4.9
2025-05-14T08:00:00-07:00,52,67,4.8
2025-05-14T08:30:00-07:00,51,68,4.4
2025-05-14T09:00:00-07:00,49,68,4
2025-05-14T09:30:00-07:00,47,69,4
2025-05-14T10:00:00-07:00,45,70,3.9
2025-05-14T10:30:00-07:00,44,71,3.2
2025-05-14T11:00:00-07:00,44,72,3.2
2025-05-14T11:30:00-07:00,44,74,3.5
2025-05-14T12:00:00-07:00,43,75,3.4
2025-05-14T12:30:00-07:00,43,76,3.3
2025-05-14T13:00:00-07:00,42,77,3.4
2025-05-14T13:30:00-07:00,41,78,3.7
2025-05-14T14:00:00-07:00,40,78,4
2025-05-14T14:30:00-07:00,39,79,4
2025-05-14T15:00:00-07:00,38,79,3.8
2025-05-14T15:30:00-07:00,37,80,3.8
2025-05-14T16:00:00-07:00,38,80,4.2
2025-05-14T16:30:00-07:00,37,80,3
2025-05-14T17:00:00-07:00,36,80,2.7
2025-05-14T17:30:00-07:00,35,79,2.9
2025-05-14T18:00:00-07:00,36,79,3.2
2025-05-14T18:30:00-07:00,37,77,4
2025-05-14T19:00:00-07:00,38,77,4.2
2025-05-14T19:30:00-07:00,40,75,4.1
2025-05-14T20:00:00-07:00,42,74,3.7
2025-05-14T20:30:00-07:00,43,73,3.5
2025-05-14T21:00:00-07:00,44,72,3.5
2025-05-14T21:30:00-07:00,44,72,3.5
2025-05-14T22:00:00-07:00,45,72,3.9
2025-05-14T22:30:00-07:00,45,71,3.9
2025-05-14T23:00:00-07:00,46,71,3.8
2025-05-14T23:30:00-07:00,46,70,4
2025-05-15T00:00:00-07:00,46,70,4.5
2025-05-15T00:30:00-07:00,45,69,3.9
2025-05-15T01:00:00-07:00,45,69,3.1
2025-05-15T01:30:00-07:00,45,68,2.9
2025-05-15T02:00:00-07:00,44,68,2.7
2025-05-15T02:30:00-07:00,44,68,2.5
2025-05-15T03:00:00-07:00,44,67,2.4
2025-05-15T03:30:00-07:00,44,67,2.2
2025-05-15T04:00:00-07:00,45,67,2.5
2025-05-15T04:30:00-07:00,45,66,2.9
2025-05-15T05:00:00-07:00,45,66,3
2025-05-15T05:30:00-07:00,46,66,2.7
2025-05-15T06:00:00-07:00,46,66,3.3
2025-05-15T06:30:00-07:00,47,66,3.3
2025-05-15T07:00:00-07:00,49,66,4.3
2025-05-15T07:30:00-07:00,50,67,6.6
2025-05-15T08:00:00-07:00,51,67,6.4
2025-05-15T08:30:00-07:00,50,68,6.5
2025-05-15T09:00:00-07:00,48,69,5.9
2025-05-15T09:30:00-07:00,46,70,6.2
2025-05-15T10:00:00-07:00,44,71,5.4
2025-05-15T10:30:00-07:00,44,72,5.1
2025-05-15T11:00:00-07:00,42,73,5
2025-05-15T11:30:00-07:00,42,74,5
2025-05-15T12:00:00-07:00,42,76,5.1
2025-05-15T12:30:00-07:00,43,76,5.4
2025-05-15T13:00:00-07:00,43,78,5.2
2025-05-15T13:30:00-07:00,41,79,5.5
2025-05-15T14:00:00-07:00,40,80,5.4
2025-05-15T14:30:00-07:00,40,80,5.8
2025-05-15T15:00:00-07:00,39,81,5.6
2025-05-15T15:30:00-07:00,37,81,4.8
2025-05-15T16:00:00-07:00,37,81,4.5
2025-05-15T16:30:00-07:00,36,81,3.9
2025-05-15T17:00:00-07:00,36,81,3.8
2025-05-15T17:30:00-07:00,36,81,3.6
2025-05-15T18:00:00-07:00,37,80,4
2025-05-15T18:30:00-07:00,39,78,5
2025-05-15T19:00:00-07:00,41,77,5.4
2025-05-15T19:30:00-07:00,41,76,5
2025-05-15T20:00:00-07:00,40,75,5.1
2025-05-15T20:30:00-07:00,41,74,5.4
2025-05-15T21:00:00-07:00,41,73,7.5
2025-05-15T21:30:00-07:00,42,73,5.3
2025-05-15T22:00:00-07:00,43,72,5.8
2025-05-15T22:30:00-07:00,43,72,5.7
2025-05-15T23:00:00-07:00,43,72,6.1
2025-05-15T23:30:00-07:00,43,71,5.8
2025-05-16T00:00:00-07:00,44,71,6
2025-05-16T00:30:00-07:00,44,70,6.2
2025-05-16T01:00:00-07:00,44,70,6.3
2025-05-16T01:30:00-07:00,45,70,5.9
2025-05-16T02:00:00-07:00,46,70,6
2025-05-16T02:30:00-07:00,46,70,6.4
2025-05-16T03:00:00-07:00,47,70,6.8
2025-05-16T03:30:00-07:00,47,70,6.7
2025-05-16T04:00:00-07:00,46,69,6.3
2025-05-16T04:30:00-07:00,47,69,6
2025-05-16T05:00:00-07:00,47,69,6.5
2025-05-16T05:30:00-07:00,47,68,6.3
2025-05-16T06:00:00-07:00,48,68,6.6
2025-05-16T06:30:00-07:00,49,68,7
2025-05-16T07:00:00-07:00,50,68,6.8
2025-05-16T07:30:00-07:00,50,69,6.7
2025-05-16T08:00:00-07:00,50,69,6.4
2025-05-16T08:30:00-07:00,49,70,6.8
2025-05-16T09:00:00-07:00,48,70,6.8
2025-05-16T09:30:00-07:00,47,71,6
2025-05-16T10:00:00-07:00,47,72,6
2025-05-16T10:30:00-07:00,45,73,6
2025-05-16T11:00:00-07:00,44,73,5.3
2025-05-16T11:30:00-07:00,42,74,4.6
2025-05-16T12:00:00-07:00,40,75,4.3
2025-05-16T12:30:00-07:00,38,76,3.6
2025-05-16T13:00:00-07:00,39,77,5
2025-05-16T13:30:00-07:00,40,78,5.4
2025-05-16T14:00:00-07:00,38,78,4.3
2025-05-16T14:30:00-07:00,38,79,4.3
2025-05-16T15:00:00-07:00,38,79,4.2
2025-05-16T15:30:00-07:00,38,79,3.9
2025-05-16T16:00:00-07:00,39,78,3.6
2025-05-16T16:30:00-07:00,38,78,3.5
2025-05-16T17:00:00-07:00,39,77,3.7
2025-05-16T17:30:00-07:00,40,76,3.7
2025-05-16T18:00:00-07:00,41,76,4
2025-05-16T18:30:00-07:00,40,76,3.7
2025-05-16T19:00:00-07:00,41,75,4
2025-05-16T19:30:00-07:00,42,74,4.2
2025-05-16T20:00:00-07:00,43,73,4.1
2025-05-16T20:30:00-07:00,44,72,4.2
2025-05-16T21:00:00-07:00,44,72,4.6
2025-05-16T21:30:00-07:00,45,71,4.8
2025-05-16T22:00:00-07:00,46,71,4.4
2025-05-16T22:30:00-07:00,46,71,4.2
2025-05-16T23:00:00-07:00,47,70,4.1
2025-05-16T23:30:00-07:00,47,70,3.9
2025-05-17T00:00:00-07:00,47,70,3.8
2025-05-17T00:30:00-07:00,47,69,3.6
2025-05-17T01:00:00-07:00,48,69,2.9
2025-05-17T01:30:00-07:00,49,69,2.4
2025-05-17T02:00:00-07:00,50,69,2.1
2025-05-17T02:30:00-07:00,51,69,1.8
2025-05-17T03:00:00-07:00,51,69,1.4
2025-05-17T03:30:00-07:00,51,69,1.5
2025-05-17T04:00:00-07:00,51,68,1.1
2025-05-17T04:30:00-07:00,52,69,0.8
2025-05-17T05:00:00-07:00,52,68,0.5
2025-05-17T05:30:00-07:00,51,68,0.2
2025-05-17T06:00:00-07:00,51,68,0.5
2025-05-17T06:30:00-07:00,52,68,1.3
2025-05-17T07:00:00-07:00,54,68,1.6
2025-05-17T07:30:00-07:00,54,68,2.1
2025-05-17T08:00:00-07:00,53,68,2.4
2025-05-17T08:30:00-07:00,52,69,2.7
2025-05-17T09:00:00-07:00,52,69,3.1
2025-05-17T09:30:00-07:00,52,69,3.3
2025-05-17T10:00:00-07:00,51,70,3.4
2025-05-17T10:30:00-07:00,50,71,3.2
2025-05-17T11:00:00-07:00,51,71,3.3
2025-05-17T11:30:00-07:00,49,72,2.8
2025-05-17T12:00:00-07:00,48,72,2.4
2025-05-17T12:30:00-07:00,47,73,2.5
2025-05-17T13:00:00-07:00,46,73,2.5
2025-05-17T13:30:00-07:00,45,74,2.8
2025-05-17T14:00:00-07:00,44,74,2.6
2025-05-17T14:30:00-07:00,43,74,2.3
2025-05-17T15:00:00-07:00,42,74,2.3
2025-05-17T15:30:00-07:00,43,74,2.1
2025-05-17T16:00:00-07:00,43,74,1.7
2025-05-17T16:30:00-07:00,43,74,1.5
2025-05-17T17:00:00-07:00,43,73,1.8
2025-05-17T17:30:00-07:00,43,73,1.8
2025-05-17T18:00:00-07:00,43,73,2
2025-05-17T18:30:00-07:00,42,73,2.3
2025-05-17T19:00:00-07:00,42,72,2.4
2025-05-17T19:30:00-07:00,43,72,2.8
2025-05-17T20:00:00-07:00,45,71,2.8
2025-05-17T20:30:00-07:00,45,70,2.9
2025-05-17T21:00:00-07:00,45,70,2.6
2025-05-17T21:30:00-07:00,45,70,2.4
2025-05-17T22:00:00-07:00,46,70,2.6
2025-05-17T22:30:00-07:00,46,70,2.6
2025-05-17T23:00:00-07:00,47,69,3
2025-05-17T23:30:00-07:00,47,69,3.2
2025-05-18T00:00:00-07:00,47,69,3.4
2025-05-18T00:30:00-07:00,48,69,3.3
2025-05-18T01:00:00-07:00,48,68,3.2
2025-05-18T01:30:00-07:00,48,68,4.5
2025-05-18T02:00:00-07:00,48,68,2.8
2025-05-18T02:30:00-07:00,48,67,3.1
2025-05-18T03:00:00-07:00,48,67,2.9
2025-05-18T03:30:00-07:00,48,67,3.9
2025-05-18T04:00:00-07:00,49,67,3.2
2025-05-18T04:30:00-07:00,48,67,3.2
2025-05-18T05:00:00-07:00,48,66,2.8
2025-05-18T05:30:00-07:00,48,66,2.7
2025-05-18T06:00:00-07:00,48,66,2.8
2025-05-18T06:30:00-07:00,49,66,3.4
2025-05-18T07:00:00-07:00,49,66,3.7
2025-05-18T07:30:00-07:00,49,67,6.4
2025-05-18T08:00:00-07:00,49,67,5.8
2025-05-18T08:30:00-07:00,47,68,4.7
2025-05-18T09:00:00-07:00,46,69,4
2025-05-18T09:30:00-07:00,46,69,4.6
2025-05-18T10:00:00-07:00,46,70,5.1
2025-05-18T10:30:00-07:00,45,71,5.1
2025-05-18T11:00:00-07:00,45,73,4.8
2025-05-18T11:30:00-07:00,44,73,4.8
2025-05-18T12:00:00-07:00,44,74,5.5
2025-05-18T12:30:00-07:00,43,75,6.1
2025-05-18T13:00:00-07:00,41,76,6.7
2025-05-18T13:30:00-07:00,40,77,6.9
2025-05-18T14:00:00-07:00,38,77,6.8
2025-05-18T14:30:00-07:00,36,78,6.5
2025-05-18T15:00:00-07:00,36,78,6.7
2025-05-18T15:30:00-07:00,36,78,6.3
2025-05-18T16:00:00-07:00,36,78,6.6
2025-05-18T16:30:00-07:00,37,77,6.8
2025-05-18T17:00:00-07:00,37,77,6.8
2025-05-18T17:30:00-07:00,37,77,7.3
2025-05-18T18:00:00-07:00,38,76,7.5
2025-05-18T18:30:00-07:00,38,76,7.3
2025-05-18T19:00:00-07:00,39,75,7.6
2025-05-18T19:30:00-07:00,40,74,7.9
2025-05-18T20:00:00-07:00,41,74,8.5
2025-05-18T20:30:00-07:00,42,74,8.7
2025-05-18T21:00:00-07:00,43,73,9
2025-05-18T21:30:00-07:00,44,73,9
2025-05-18T22:00:00-07:00,44,72,8.7
2025-05-18T22:30:00-07:00,45,72,8.5
2025-05-18T23:00:00-07:00,45,72,8.4
2025-05-18T23:30:00-07:00,46,71,8.1
2025-05-19T00:00:00-07:00,46,71,7.8
2025-05-19T00:30:00-07:00,45,71,8
2025-05-19T01:00:00-07:00,46,70,8.6
2025-05-19T01:30:00-07:00,47,70,8.7
2025-05-19T02:00:00-07:00,47,69,8.5
2025-05-19T02:30:00-07:00,48,68,8.6
2025-05-19T03:00:00-07:00,48,68,8.7
2025-05-19T03:30:00-07:00,49,68,8.5
2025-05-19T04:00:00-07:00,48,68,8.2
2025-05-19T04:30:00-07:00,49,67,8
2025-05-19T05:00:00-07:00,49,67,9
2025-05-19T05:30:00-07:00,49,67,11.7
2025-05-19T06:00:00-07:00,51,67,8.6
2025-05-19T06:30:00-07:00,52,67,8.3
2025-05-19T07:00:00-07:00,53,68,6.9
2025-05-19T07:30:00-07:00,52,68,6.6
2025-05-19T08:00:00-07:00,51,69,6.8
2025-05-19T08:30:00-07:00,51,70,6.8
2025-05-19T09:00:00-07:00,49,71,5.8
2025-05-19T09:30:00-07:00,47,72,5.6
2025-05-19T10:00:00-07:00,47,72,5.3
2025-05-19T10:30:00-07:00,46,74,5.4
2025-05-19T11:00:00-07:00,45,75,5.7
2025-05-19T11:30:00-07:00,44,76,5.4
2025-05-19T12:00:00-07:00,44,77,5.3
2025-05-19T12:30:00-07:00,43,78,4
2025-05-19T13:00:00-07:00,42,79,3.3
2025-05-19T13:30:00-07:00,41,80,2.7
2025-05-19T14:00:00-07:00,40,79,2.1
2025-05-19T14:30:00-07:00,40,81,2
2025-05-19T15:00:00-07:00,40,81,2
2025-05-19T15:30:00-07:00,40,81,1.7
2025-05-19T16:00:00-07:00,40,81,1.4
2025-05-19T16:30:00-07:00,41,80,1.2
2025-05-19T17:00:00-07:00,42,79,1.1
2025-05-19T17:30:00-07:00,42,79,1.1
2025-05-19T18:00:00-07:00,43,78,1.5
2025-05-19T18:30:00-07:00,43,77,1.6
2025-05-19T19:00:00-07:00,43,76,2.1
2025-05-19T19:30:00-07:00,44,76,2.2
2025-05-19T20:00:00-07:00,44,75,2.3
2025-05-19T20:30:00-07:00,44,74,2.7
2025-05-19T21:00:00-07:00,46,74,2.6
2025-05-19T21:30:00-07:00,47,73,2.7
2025-05-19T22:00:00-07:00,48,73,3
2025-05-19T22:30:00-07:00,49,71,3.2
2025-05-19T23:00:00-07:00,50,72,3.3
2025-05-19T23:30:00-07:00,51,71,3.2
2025-05-20T00:00:00-07:00,51,71,3.1
2025-05-20T00:30:00-07:00,52,71,2.5
2025-05-20T01:00:00-07:00,52,70,2.4
2025-05-20T01:30:00-07:00,53,70,2.5
2025-05-20T02:00:00-07:00,53,70,2.9
2025-05-20T02:30:00-07:00,54,70,3
2025-05-20T03:00:00-07:00,54,70,3.1
2025-05-20T03:30:00-07:00,54,69,3.7
2025-05-20T04:00:00-07:00,54,69,7
2025-05-20T04:30:00-07:00,54,69,4.4
2025-05-20T05:00:00-07:00,55,69,3.2
2025-05-20T05:30:00-07:00,54,69,2.5
2025-05-20T06:00:00-07:00,54,69,2.3
2025-05-20T06:30:00-07:00,54,68,2.3
2025-05-20T07:00:00-07:00,56,69,3.5
2025-05-20T07:30:00-07:00,56,69,4.5
2025-05-20T08:00:00-07:00,56,70,5.2
2025-05-20T08:30:00-07:00,55,70,4.2
2025-05-20T09:00:00-07:00,53,71,3
2025-05-20T09:30:00-07:00,49,72,3.8
2025-05-20T10:00:00-07:00,46,73,2.3
2025-05-20T10:30:00-07:00,43,73,2.1
2025-05-20T11:00:00-07:00,40,74,2.4
2025-05-20T11:30:00-07:00,38,75,2.3
2025-05-20T12:00:00-07:00,35,76,1.7
2025-05-20T12:30:00-07:00,34,77,1.8
2025-05-20T13:00:00-07:00,33,78,2
2025-05-20T13:30:00-07:00,35,79,2.8
2025-05-20T14:00:00-07:00,35,79,3.1
2025-05-20T14:30:00-07:00,35,80,2.9
2025-05-20T15:00:00-07:00,34,80,2.4
2025-05-20T15:30:00-07:00,33,79,2.5
2025-05-20T16:00:00-07:00,33,79,2.3
2025-05-20T16:30:00-07:00,34,79,2.7
2025-05-20T17:00:00-07:00,34,78,2.8
2025-05-20T17:30:00-07:00,35,78,3.5
2025-05-20T18:00:00-07:00,36,77,3.6
2025-05-20T18:30:00-07:00,35,76,3.9
2025-05-20T19:00:00-07:00,36,75,4
2025-05-20T19:30:00-07:00,37,73,4.1
2025-05-20T20:00:00-07:00,38,73,4.1
2025-05-20T20:30:00-07:00,39,73,4.6
2025-05-20T21:00:00-07:00,40,72,8
2025-05-20T21:30:00-07:00,41,72,5
2025-05-20T22:00:00-07:00,42,71,5.4
2025-05-20T22:30:00-07:00,43,71,5.6
2025-05-20T23:00:00-07:00,43,71,5.5
2025-05-20T23:30:00-07:00,44,70,6
2025-05-21T00:00:00-07:00,44,70,6.3
2025-05-21T00:30:00-07:00,44,70,5.9
2025-05-21T01:00:00-07:00,45,69,6.2
2025-05-21T01:30:00-07:00,45,69,6.5
2025-05-21T02:00:00-07:00,43,68,5.6
2025-05-21T02:30:00-07:00,43,68,8.3
2025-05-21T03:00:00-07:00,43,67,7.1
2025-05-21T03:30:00-07:00,43,67,5.3
2025-05-21T04:00:00-07:00,43,67,4.7
2025-05-21T04:30:00-07:00,43,66,4.5
2025-05-21T05:00:00-07:00,43,66,4.5
2025-05-21T05:30:00-07:00,44,65,4.8
2025-05-21T06:00:00-07:00,44,66,4.4
2025-05-21T06:30:00-07:00,43,66,4
2025-05-21T07:00:00-07:00,43,67,3.9
2025-05-21T07:30:00-07:00,45,68,6.1
2025-05-21T08:00:00-07:00,45,68,7.3
2025-05-21T08:30:00-07:00,45,69,7.1
2025-05-21T09:00:00-07:00,45,70,6.5
2025-05-21T09:30:00-07:00,45,71,6.4
2025-05-21T10:00:00-07:00,43,72,5.4
2025-05-21T10:30:00-07:00,43,73,5.9
2025-05-21T11:00:00-07:00,42,75,5.7
2025-05-21T11:30:00-07:00,42,76,5.5
2025-05-21T12:00:00-07:00,40,77,5.3
2025-05-21T12:30:00-07:00,38,78,4.8
2025-05-21T13:00:00-07:00,36,80,4.1
2025-05-21T13:30:00-07:00,33,81,4.2
2025-05-21T14:00:00-07:00,36,82,6.2
2025-05-21T14:30:00-07:00,37,82,5.5
2025-05-21T15:00:00-07:00,37,82,4.8
2025-05-21T15:30:00-07:00,35,82,4.6
2025-05-21T16:00:00-07:00,33,82,3.8
2025-05-21T16:30:00-07:00,35,82,4.4
2025-05-21T17:00:00-07:00,35,82,4.3
2025-05-21T17:30:00-07:00,34,81,4.1
2025-05-21T18:00:00-07:00,33,81,3.4
2025-05-21T18:30:00-07:00,35,80,4
2025-05-21T19:00:00-07:00,36,78,3.8
2025-05-21T19:30:00-07:00,38,76,3.9
2025-05-21T20:00:00-07:00,39,75,3.6
2025-05-21T20:30:00-07:00,40,74,3.8
2025-05-21T21:00:00-07:00,40,74,3.7
2025-05-21T21:30:00-07:00,40,73,3.7
2025-05-21T22:00:00-07:00,40,73,3.7
2025-05-21T22:30:00-07:00,41,72,3.8
2025-05-21T23:00:00-07:00,42,72,4
2025-05-21T23:30:00-07:00,43,72,4.3
2025-05-22T00:00:00-07:00,43,71,4.3
2025-05-22T00:30:00-07:00,44,71,4.6
2025-05-22T01:00:00-07:00,44,71,4.4
2025-05-22T01:30:00-07:00,44,70,3.8
2025-05-22T02:00:00-07:00,45,70,3.5
2025-05-22T02:30:00-07:00,45,70,3.2
2025-05-22T03:00:00-07:00,46,69,3.2
2025-05-22T03:30:00-07:00,47,69,3.2
2025-05-22T04:00:00-07:00,47,69,2.9
2025-05-22T04:30:00-07:00,47,69,2.9
2025-05-22T05:00:00-07:00,47,68,3.5
2025-05-22T05:30:00-07:00,47,68,3.5
2025-05-22T06:00:00-07:00,48,68,3.2
2025-05-22T06:30:00-07:00,48,67,3
2025-05-22T07:00:00-07:00,49,68,3.4
2025-05-22T07:30:00-07:00,49,68,4
2025-05-22T08:00:00-07:00,48,69,4
2025-05-22T08:30:00-07:00,47,69,4
2025-05-22T09:00:00-07:00,46,71,3.4
2025-05-22T09:30:00-07:00,44,71,3
2025-05-22T10:00:00-07:00,44,72,3
2025-05-22T10:30:00-07:00,42,72,2.8
2025-05-22T11:00:00-07:00,42,73,2.8
2025-05-22T11:30:00-07:00,41,74,2.6
2025-05-22T12:00:00-07:00,38,75,2.2
2025-05-22T12:30:00-07:00,37,76,2.1
2025-05-22T13:00:00-07:00,37,77,2.1
2025-05-22T13:30:00-07:00,36,77,2
2025-05-22T14:00:00-07:00,35,78,2.2
2025-05-22T14:30:00-07:00,34,78,2.1
2025-05-22T15:00:00-07:00,34,78,2.1
2025-05-22T15:30:00-07:00,34,77,2.1
2025-05-22T16:00:00-07:00,34,77,1.8
2025-05-22T16:30:00-07:00,35,77,2
2025-05-22T17:00:00-07:00,36,76,1.9
2025-05-22T17:30:00-07:00,36,74,1.9
2025-05-22T18:00:00-07:00,37,75,2
2025-05-22T18:30:00-07:00,37,74,1.8
2025-05-22T19:00:00-07:00,38,74,1.5
2025-05-22T19:30:00-07:00,39,73,1.5
2025-05-22T20:00:00-07:00,40,71,1.7
2025-05-22T20:30:00-07:00,41,71,1.6
2025-05-22T21:00:00-07:00,41,71,1.7
2025-05-22T21:30:00-07:00,42,70,1.5
2025-05-22T22:00:00-07:00,42,70,1.5
2025-05-22T22:30:00-07:00,43,69,1.5
2025-05-22T23:00:00-07:00,43,69,1.6
2025-05-22T23:30:00-07:00,43,68,1.6
2025-05-23T00:00:00-07:00,44,69,1.7
2025-05-23T00:30:00-07:00,44,69,1.7
2025-05-23T01:00:00-07:00,45,69,1.8
2025-05-23T01:30:00-07:00,46,68,1.9
2025-05-23T02:00:00-07:00,46,68,1.9
2025-05-23T02:30:00-07:00,46,68,2
2025-05-23T03:00:00-07:00,47,68,2
2025-05-23T03:30:00-07:00,46,68,1.9
2025-05-23T04:00:00-07:00,46,68,1.8
2025-05-23T04:30:00-07:00,46,68,1.8
2025-05-23T05:00:00-07:00,46,68,1.7
2025-05-23T05:30:00-07:00,46,68,1.9
2025-05-23T06:00:00-07:00,46,68,1.9
2025-05-23T06:30:00-07:00,47,67,1.8
2025-05-23T07:00:00-07:00,47,68,1.8
2025-05-23T07:30:00-07:00,47,67,2.1
2025-05-23T08:00:00-07:00,48,67,2.7
2025-05-23T08:30:00-07:00,47,68,2.7
2025-05-23T09:00:00-07:00,46,69,2.8
2025-05-23T09:30:00-07:00,46,68,3.2
2025-05-23T10:00:00-07:00,46,70,3.6
2025-05-23T10:30:00-07:00,45,70,3.7
2025-05-23T11:00:00-07:00,45,71,3.8
2025-05-23T11:30:00-07:00,44,72,3.8
2025-05-23T12:00:00-07:00,43,73,3.4
2025-05-23T12:30:00-07:00,42,73,3.3
2025-05-23T13:00:00-07:00,41,74,3.8
2025-05-23T13:30:00-07:00,41,75,4.2
2025-05-23T14:00:00-07:00,41,75,4.3
2025-05-23T14:30:00-07:00,40,75,3.8
2025-05-23T15:00:00-07:00,40,76,3.8
2025-05-23T15:30:00-07:00,40,76,4.1
2025-05-23T16:00:00-07:00,40,76,4.3
2025-05-23T16:30:00-07:00,40,76,4.3
2025-05-23T17:00:00-07:00,40,75,4.2
2025-05-23T17:30:00-07:00,40,75,4.6
2025-05-23T18:00:00-07:00,41,74,4.1
2025-05-23T18:30:00-07:00,41,74,4.4
2025-05-23T19:00:00-07:00,42,73,4.2
2025-05-23T19:30:00-07:00,43,72,4.5
2025-05-23T20:00:00-07:00,44,71,4.6
2025-05-23T20:30:00-07:00,45,71,4.7
2025-05-23T21:00:00-07:00,45,70,4.6
2025-05-23T21:30:00-07:00,45,70,4.6
2025-05-23T22:00:00-07:00,46,70,4.7
2025-05-23T22:30:00-07:00,46,70,4.7
2025-05-23T23:00:00-07:00,47,69,4.6
2025-05-23T23:30:00-07:00,47,69,4.3
2025-05-24T00:00:00-07:00,47,69,4.7
2025-05-24T00:30:00-07:00,48,69,6.1
2025-05-24T01:00:00-07:00,48,68,5.9
2025-05-24T01:30:00-07:00,49,68,4.2
2025-05-24T02:00:00-07:00,49,68,4.1
2025-05-24T02:30:00-07:00,50,68,4
2025-05-24T03:00:00-07:00,50,67,4.9
2025-05-24T03:30:00-07:00,50,67,4.4
2025-05-24T04:00:00-07:00,51,67,3.9
2025-05-24T04:30:00-07:00,51,67,3.9
2025-05-24T05:00:00-07:00,51,67,3.5
2025-05-24T05:30:00-07:00,51,67,3.8
2025-05-24T06:00:00-07:00,51,68,4
2025-05-24T06:30:00-07:00,51,68,4.2
2025-05-24T07:00:00-07:00,50,67,7.6
2025-05-24T07:30:00-07:00,50,67,9.6
2025-05-24T08:00:00-07:00,50,67,9.3
2025-05-24T08:30:00-07:00,50,67,9.7
2025-05-24T09:00:00-07:00,50,66,9
2025-05-24T09:30:00-07:00,50,68,7.6
2025-05-24T10:00:00-07:00,49,68,6.3
2025-05-24T10:30:00-07:00,48,69,5.8
2025-05-24T11:00:00-07:00,48,70,5.2
2025-05-24T11:30:00-07:00,47,71,4.6
2025-05-24T12:00:00-07:00,46,72,4.4
2025-05-24T12:30:00-07:00,47,73,5
2025-05-24T13:00:00-07:00,46,74,5.8
2025-05-24T13:30:00-07:00,45,74,5.8
2025-05-24T14:00:00-07:00,44,74,5.6
2025-05-24T14:30:00-07:00,43,75,5.1
2025-05-24T15:00:00-07:00,43,75,4.8
2025-05-24T15:30:00-07:00,42,75,4.7
2025-05-24T16:00:00-07:00,42,75,4.3
2025-05-24T16:30:00-07:00,41,75,4.2
2025-05-24T17:00:00-07:00,41,75,4
2025-05-24T17:30:00-07:00,41,75,3.8
2025-05-24T18:00:00-07:00,41,74,3.5
2025-05-24T18:30:00-07:00,42,73,3.1
2025-05-24T19:00:00-07:00,42,72,3.1
2025-05-24T19:30:00-07:00,43,72,3.1
2025-05-24T20:00:00-07:00,43,71,2.9
2025-05-24T20:30:00-07:00,43,70,2.5
2025-05-24T21:00:00-07:00,43,71,2.4
2025-05-24T21:30:00-07:00,44,70,2.1
2025-05-24T22:00:00-07:00,44,70,1.9
2025-05-24T22:30:00-07:00,44,69,1.7
2025-05-24T23:00:00-07:00,45,70,1.8
2025-05-24T23:30:00-07:00,45,69,1.9
2025-05-25T00:00:00-07:00,45,68,2
2025-05-25T00:30:00-07:00,46,69,2.1
2025-05-25T01:00:00-07:00,46,69,1.9
2025-05-25T01:30:00-07:00,46,67,1.9
2025-05-25T02:00:00-07:00,46,69,1.9
2025-05-25T02:30:00-07:00,46,68,1.4
2025-05-25T03:00:00-07:00,46,68,1.4
2025-05-25T03:30:00-07:00,47,66,1.3
2025-05-25T04:00:00-07:00,46,68,1.2
2025-05-25T04:30:00-07:00,46,68,1.1
2025-05-25T05:00:00-07:00,47,68,1.1
2025-05-25T05:30:00-07:00,47,67,1.3
2025-05-25T06:00:00-07:00,47,67,1.3
2025-05-25T06:30:00-07:00,47,67,1.3
2025-05-25T07:00:00-07:00,48,68,1.5
2025-05-25T07:30:00-07:00,48,67,1.6
2025-05-25T08:00:00-07:00,49,68,1.6
2025-05-25T08:30:00-07:00,49,67,1.6
2025-05-25T09:00:00-07:00,48,68,1.3
2025-05-25T09:30:00-07:00,48,69,0.9
2025-05-25T10:00:00-07:00,48,69,0.9
2025-05-25T10:30:00-07:00,46,70,0.8
2025-05-25T11:00:00-07:00,45,70,0.8
2025-05-25T11:30:00-07:00,44,72,0.9
2025-05-25T12:00:00-07:00,43,71,0.8
2025-05-25T12:30:00-07:00,42,71,1.2
2025-05-25T13:00:00-07:00,41,74,1.1
2025-05-25T13:30:00-07:00,39,74,1.3
2025-05-25T14:00:00-07:00,39,74,1.2
2025-05-25T14:30:00-07:00,39,75,1.1
2025-05-25T15:00:00-07:00,39,75,1.1
2025-05-25T15:30:00-07:00,38,75,0.9
2025-05-25T16:00:00-07:00,38,75,0.9
2025-05-25T16:30:00-07:00,38,75,0.9
2025-05-25T17:00:00-07:00,39,74,1.3
2025-05-25T17:30:00-07:00,39,73,1.3
2025-05-25T18:00:00-07:00,39,74,1.4
2025-05-25T18:30:00-07:00,39,73,1.1
2025-05-25T19:00:00-07:00,40,73,1.4
2025-05-25T19:30:00-07:00,41,72,1.6
2025-05-25T20:00:00-07:00,42,71,1.6
2025-05-25T20:30:00-07:00,43,72,1.8
2025-05-25T21:00:00-07:00,44,71,1.7
2025-05-25T21:30:00-07:00,44,71,1.6
2025-05-25T22:00:00-07:00,46,71,1.6
2025-05-25T22:30:00-07:00,48,70,1.8
2025-05-25T23:00:00-07:00,48,71,1.4
2025-05-25T23:30:00-07:00,48,71,1.1
2025-05-26T00:00:00-07:00,48,71,1.2
2025-05-26T00:30:00-07:00,48,70,0.8
2025-05-26T01:00:00-07:00,49,70,0.9
2025-05-26T01:30:00-07:00,49,70,0.8
2025-05-26T02:00:00-07:00,49,70,0.6
2025-05-26T02:30:00-07:00,50,70,0.3
2025-05-26T03:00:00-07:00,51,70,0.4
2025-05-26T03:30:00-07:00,52,70,0.6
2025-05-26T04:00:00-07:00,53,70,0.7
2025-05-26T04:30:00-07:00,53,70,0.8
2025-05-26T05:00:00-07:00,53,70,1
2025-05-26T05:30:00-07:00,53,70,0.9
2025-05-26T06:00:00-07:00,53,70,1
2025-05-26T06:30:00-07:00,53,70,1.2
2025-05-26T07:00:00-07:00,52,70,1.5
2025-05-26T07:30:00-07:00,53,70,1.3
2025-05-26T08:00:00-07:00,58,70,1.5
2025-05-26T08:30:00-07:00,60,70,1.3
2025-05-26T09:00:00-07:00,63,69,1.1
2025-05-26T09:30:00-07:00,64,70,0.1
2025-05-26T10:00:00-07:00,61,70,0
2025-05-26T10:30:00-07:00,58,71,0.1
2025-05-26T11:00:00-07:00,53,71,0.1
2025-05-26T11:30:00-07:00,50,72,0.1
2025-05-26T12:00:00-07:00,47,73,0.2
2025-05-26T12:30:00-07:00,46,74,0.4
2025-05-26T13:00:00-07:00,45,75,1
2025-05-26T13:30:00-07:00,44,76,0.9
2025-05-26T14:00:00-07:00,44,76,0.4
2025-05-26T14:30:00-07:00,44,77,1.4
2025-05-26T15:00:00-07:00,45,77,0.5
2025-05-26T15:30:00-07:00,44,77,0.6
2025-05-26T16:00:00-07:00,44,77,0.8
2025-05-26T16:30:00-07:00,44,77,0.8
2025-05-26T17:00:00-07:00,44,76,0.6
2025-05-26T17:30:00-07:00,44,76,1
2025-05-26T18:00:00-07:00,44,75,1.6
2025-05-26T18:30:00-07:00,46,74,2
2025-05-26T19:00:00-07:00,47,73,2.3
2025-05-26T19:30:00-07:00,48,73,2.6
2025-05-26T20:00:00-07:00,48,72,3.1
2025-05-26T20:30:00-07:00,48,72,3.3
2025-05-26T21:00:00-07:00,49,71,3.7
2025-05-26T21:30:00-07:00,49,71,3.5
2025-05-26T22:00:00-07:00,48,71,3.3
2025-05-26T22:30:00-07:00,49,71,3.7
2025-05-26T23:00:00-07:00,49,71,4
2025-05-26T23:30:00-07:00,50,70,4
2025-05-27T00:00:00-07:00,50,70,3.1
2025-05-27T00:30:00-07:00,50,69,3.5
2025-05-27T01:00:00-07:00,50,69,3.4
2025-05-27T01:30:00-07:00,50,69,3.4
2025-05-27T02:00:00-07:00,50,68,3
2025-05-27T02:30:00-07:00,49,67,2.4
2025-05-27T03:00:00-07:00,50,68,2.1
2025-05-27T03:30:00-07:00,50,67,2
2025-05-27T04:00:00-07:00,50,66,1.9
2025-05-27T04:30:00-07:00,50,67,2.3
2025-05-27T05:00:00-07:00,50,67,2.3
2025-05-27T05:30:00-07:00,52,67,2.1
2025-05-27T06:00:00-07:00,52,67,2.2
2025-05-27T06:30:00-07:00,53,67,2.8
2025-05-27T07:00:00-07:00,55,67,11.4
2025-05-27T07:30:00-07:00,55,68,11.8
2025-05-27T08:00:00-07:00,54,68,9.9
2025-05-27T08:30:00-07:00,54,68,9.6
2025-05-27T09:00:00-07:00,53,69,8.2
2025-05-27T09:30:00-07:00,51,70,6.8
2025-05-27T10:00:00-07:00,50,71,7.1
2025-05-27T10:30:00-07:00,50,72,5.1
2025-05-27T11:00:00-07:00,48,74,4.1
2025-05-27T11:30:00-07:00,45,75,3.3
2025-05-27T12:00:00-07:00,46,76,4.5
2025-05-27T12:30:00-07:00,46,77,5.3
2025-05-27T13:00:00-07:00,45,78,4.3
2025-05-27T13:30:00-07:00,44,77,3.9
2025-05-27T14:00:00-07:00,42,80,3.6
2025-05-27T14:30:00-07:00,42,80,4.1
2025-05-27T15:00:00-07:00,41,82,4.5
2025-05-27T15:30:00-07:00,40,82,4.7
2025-05-27T16:00:00-07:00,43,82,4.6
2025-05-27T16:30:00-07:00,41,82,4.5
2025-05-27T17:00:00-07:00,39,82,4.3
2025-05-27T17:30:00-07:00,39,81,4.4
2025-05-27T18:00:00-07:00,40,80,4.2
2025-05-27T18:30:00-07:00,40,79,4.2
2025-05-27T19:00:00-07:00,40,78,3.5
2025-05-27T19:30:00-07:00,40,76,3.3
2025-05-27T20:00:00-07:00,41,74,3.3
2025-05-27T20:30:00-07:00,42,75,3.4
2025-05-27T21:00:00-07:00,43,74,3.5
2025-05-27T21:30:00-07:00,46,72,3.9
2025-05-27T22:00:00-07:00,47,73,4.1
2025-05-27T22:30:00-07:00,48,72,3.9
2025-05-27T23:00:00-07:00,49,72,3.7
2025-05-27T23:30:00-07:00,49,71,3.8
2025-05-28T00:00:00-07:00,50,70,3.5
2025-05-28T00:30:00-07:00,50,71,3.4
2025-05-28T01:00:00-07:00,51,71,3.8
2025-05-28T01:30:00-07:00,51,70,3.9
2025-05-28T02:00:00-07:00,52,70,3.8
2025-05-28T02:30:00-07:00,52,70,4.4
2025-05-28T03:00:00-07:00,52,70,4.6
2025-05-28T03:30:00-07:00,53,70,4
2025-05-28T04:00:00-07:00,53,70,3.1
2025-05-28T04:30:00-07:00,52,70,2.3
2025-05-28T05:00:00-07:00,53,70,2.1
2025-05-28T05:30:00-07:00,53,70,1.6
2025-05-28T06:00:00-07:00,53,68,1.2
2025-05-28T06:30:00-07:00,53,69,1.1
2025-05-28T07:00:00-07:00,53,69,1.2
2025-05-28T07:30:00-07:00,52,68,1.4
2025-05-28T08:00:00-07:00,53,69,1.6
2025-05-28T08:30:00-07:00,53,70,1.9
2025-05-28T09:00:00-07:00,52,70,2.2
2025-05-28T09:30:00-07:00,51,71,2.6
2025-05-28T10:00:00-07:00,50,71,2.6
2025-05-28T10:30:00-07:00,50,72,3.5
2025-05-28T11:00:00-07:00,50,72,4.6
2025-05-28T11:30:00-07:00,50,72,3.2
2025-05-28T12:00:00-07:00,50,71,2.8
2025-05-28T12:30:00-07:00,50,71,2.7
2025-05-28T13:00:00-07:00,50,72,3.2
2025-05-28T13:30:00-07:00,49,72,3.3
2025-05-28T14:00:00-07:00,47,73,3
2025-05-28T14:30:00-07:00,46,73,3.8
2025-05-28T15:00:00-07:00,44,74,2.5
2025-05-28T15:30:00-07:00,43,75,2.3
2025-05-28T16:00:00-07:00,42,76,2.3
2025-05-28T16:30:00-07:00,42,76,2.1
2025-05-28T17:00:00-07:00,41,75,1.9
2025-05-28T17:30:00-07:00,42,74,1.9
2025-05-28T18:00:00-07:00,42,74,1.3
2025-05-28T18:30:00-07:00,43,73,1.3
2025-05-28T19:00:00-07:00,43,73,1.2
2025-05-28T19:30:00-07:00,44,73,1
2025-05-28T20:00:00-07:00,45,72,1.1
2025-05-28T20:30:00-07:00,46,71,0.9
2025-05-28T21:00:00-07:00,47,71,0.6
2025-05-28T21:30:00-07:00,47,71,0.5
2025-05-28T22:00:00-07:00,47,71,0.6
2025-05-28T22:30:00-07:00,47,71,0.4
2025-05-28T23:00:00-07:00,48,71,0.5
2025-05-28T23:30:00-07:00,48,71,0.4
2025-05-29T00:00:00-07:00,48,70,0.6
2025-05-29T00:30:00-07:00,48,69,0.7
2025-05-29T01:00:00-07:00,49,69,0.7
2025-05-29T01:30:00-07:00,49,69,0.6
2025-05-29T02:00:00-07:00,49,69,0.6
2025-05-29T02:30:00-07:00,50,69,0.6
2025-05-29T03:00:00-07:00,50,69,0.5
2025-05-29T03:30:00-07:00,50,69,0.5
2025-05-29T04:00:00-07:00,50,69,0.3
2025-05-29T04:30:00-07:00,50,68,0.5
2025-05-29T05:00:00-07:00,50,69,0.5
2025-05-29T05:30:00-07:00,52,69,0.7
2025-05-29T06:00:00-07:00,53,68,0.5
2025-05-29T06:30:00-07:00,54,69,0.6
2025-05-29T07:00:00-07:00,54,69,0.7
2025-05-29T07:30:00-07:00,55,69,1.1
2025-05-29T08:00:00-07:00,54,69,1.4
2025-05-29T08:30:00-07:00,54,70,1.1
2025-05-29T09:00:00-07:00,54,70,1.2
2025-05-29T09:30:00-07:00,52,71,1.3
2025-05-29T10:00:00-07:00,50,72,1.2
2025-05-29T10:30:00-07:00,49,73,1.1
2025-05-29T11:00:00-07:00,47,74,0.7
2025-05-29T11:30:00-07:00,44,75,0.5
2025-05-29T12:00:00-07:00,42,76,0.7
2025-05-29T12:30:00-07:00,41,77,0.7
2025-05-29T13:00:00-07:00,40,78,1
2025-05-29T13:30:00-07:00,40,79,1.1
2025-05-29T14:00:00-07:00,40,80,1.2
2025-05-29T14:30:00-07:00,40,80,1.3
2025-05-29T15:00:00-07:00,39,81,1
2025-05-29T15:30:00-07:00,40,81,1.1
2025-05-29T16:00:00-07:00,40,82,1.1
2025-05-29T16:30:00-07:00,41,82,1.2
2025-05-29T17:00:00-07:00,41,82,1.1
2025-05-29T17:30:00-07:00,41,81,1.1
2025-05-29T18:00:00-07:00,43,80,1.4
2025-05-29T18:30:00-07:00,44,79,1.6
2025-05-29T19:00:00-07:00,45,79,1.9
2025-05-29T19:30:00-07:00,46,78,2.3
2025-05-29T20:00:00-07:00,47,77,2.2
2025-05-29T20:30:00-07:00,48,75,2.2
2025-05-29T21:00:00-07:00,49,75,2.2
2025-05-29T21:30:00-07:00,50,75,2.5
2025-05-29T22:00:00-07:00,51,74,2.7
2025-05-29T22:30:00-07:00,52,74,2.7
2025-05-29T23:00:00-07:00,53,73,2.7
2025-05-29T23:30:00-07:00,53,72,2.6
2025-05-30T00:00:00-07:00,53,72,2.4
2025-05-30T00:30:00-07:00,54,72,2.7
2025-05-30T01:00:00-07:00,54,72,2.4
2025-05-30T01:30:00-07:00,54,71,3.6
2025-05-30T02:00:00-07:00,55,71,2.9
2025-05-30T02:30:00-07:00,56,71,3.4
2025-05-30T03:00:00-07:00,55,71,3
2025-05-30T03:30:00-07:00,55,71,3.3
2025-05-30T04:00:00-07:00,56,70,3.1
2025-05-30T04:30:00-07:00,56,70,3.1
2025-05-30T05:00:00-07:00,55,70,2.7
2025-05-30T05:30:00-07:00,55,68,2.7
2025-05-30T06:00:00-07:00,55,69,2.7
2025-05-30T06:30:00-07:00,57,69,2.7
2025-05-30T07:00:00-07:00,58,69,4.1
2025-05-30T07:30:00-07:00,59,71,5.1
2025-05-30T08:00:00-07:00,61,71,4.4
2025-05-30T08:30:00-07:00,61,72,4.2
2025-05-30T09:00:00-07:00,60,73,4.9
2025-05-30T09:30:00-07:00,58,74,4
2025-05-30T10:00:00-07:00,57,75,3.6
2025-05-30T10:30:00-07:00,55,76,3.4
2025-05-30T11:00:00-07:00,54,77,3.2
2025-05-30T11:30:00-07:00,54,78,4.6
2025-05-30T12:00:00-07:00,53,80,6
2025-05-30T12:30:00-07:00,51,81,5.6
2025-05-30T13:00:00-07:00,50,83,6.1
2025-05-30T13:30:00-07:00,48,83,5.2
2025-05-30T14:00:00-07:00,45,85,4.2
2025-05-30T14:30:00-07:00,43,86,3.8
2025-05-30T15:00:00-07:00,41,87,4.7
2025-05-30T15:30:00-07:00,40,88,4.4
2025-05-30T16:00:00-07:00,38,88,4.4
2025-05-30T16:30:00-07:00,37,89,3.7
2025-05-30T17:00:00-07:00,36,88,3.3
2025-05-30T17:30:00-07:00,36,89,3.6
2025-05-30T18:00:00-07:00,35,89,3.7
2025-05-30T18:30:00-07:00,36,88,3.5
2025-05-30T19:00:00-07:00,40,87,4
2025-05-30T19:30:00-07:00,40,86,4
2025-05-30T20:00:00-07:00,40,86,4.4
2025-05-30T20:30:00-07:00,41,84,5.8
2025-05-30T21:00:00-07:00,42,84,5.7
2025-05-30T21:30:00-07:00,43,83,5.8
2025-05-30T22:00:00-07:00,45,82,7.5
2025-05-30T22:30:00-07:00,46,80,8.1
2025-05-30T23:00:00-07:00,46,80,8.7
2025-05-30T23:30:00-07:00,47,79,9.5
2025-05-31T00:00:00-07:00,47,79,8.8
2025-05-31T00:30:00-07:00,47,78,8.4
2025-05-31T01:00:00-07:00,47,77,7.6
2025-05-31T01:30:00-07:00,48,77,7.7
2025-05-31T02:00:00-07:00,49,76,8.2
2025-05-31T02:30:00-07:00,50,75,8.7
2025-05-31T03:00:00-07:00,50,75,9.2
2025-05-31T03:30:00-07:00,50,75,10
2025-05-31T04:00:00-07:00,50,74,10
2025-05-31T04:30:00-07:00,50,74,9.9
2025-05-31T05:00:00-07:00,52,74,9.8
2025-05-31T05:30:00-07:00,52,74,10.3
2025-05-31T06:00:00-07:00,52,74,9.7
2025-05-31T06:30:00-07:00,53,74,10
2025-05-31T07:00:00-07:00,55,74,11.1
2025-05-31T07:30:00-07:00,57,74,11
2025-05-31T08:00:00-07:00,58,74,10.6
2025-05-31T08:30:00-07:00,58,76,10.4
2025-05-31T09:00:00-07:00,56,76,10.5
2025-05-31T09:30:00-07:00,54,78,10
2025-05-31T10:00:00-07:00,53,79,9.4
2025-05-31T10:30:00-07:00,51,80,9.1
2025-05-31T11:00:00-07:00,51,81,8.8
2025-05-31T11:30:00-07:00,50,82,8.2
2025-05-31T12:00:00-07:00,46,83,7.3
2025-05-31T12:30:00-07:00,44,84,7.5
2025-05-31T13:00:00-07:00,43,84,6.8
2025-05-31T13:30:00-07:00,41,86,6.1
2025-05-31T14:00:00-07:00,39,87,5.7
2025-05-31T14:30:00-07:00,38,88,5.9
2025-05-31T15:00:00-07:00,38,89,6.5
2025-05-31T15:30:00-07:00,35,89,5.2
2025-05-31T16:00:00-07:00,34,89,5.6
2025-05-31T16:30:00-07:00,32,89,4.5
2025-05-31T17:00:00-07:00,31,89,4.8
2025-05-31T17:30:00-07:00,32,89,4.9
2025-05-31T18:00:00-07:00,32,88,5.3
2025-05-31T18:30:00-07:00,35,87,6.1
2025-05-31T19:00:00-07:00,35,86,6.3
2025-05-31T19:30:00-07:00,36,84,6.6
2025-05-31T20:00:00-07:00,36,83,6
2025-05-31T20:30:00-07:00,37,82,6.2
2025-05-31T21:00:00-07:00,37,81,6.4
2025-05-31T21:30:00-07:00,37,80,6.4
2025-05-31T22:00:00-07:00,38,80,7.1
2025-05-31T22:30:00-07:00,39,79,6.4
2025-05-31T23:00:00-07:00,40,79,6.4
2025-05-31T23:30:00-07:00,41,77,5.7
2025-06-01T00:00:00-07:00,42,77,5.3
2025-06-01T00:30:00-07:00,42,76,5.8
2025-06-01T01:00:00-07:00,42,76,6.4
2025-06-01T01:30:00-07:00,43,76,7.6
2025-06-01T02:00:00-07:00,44,75,6.7
2025-06-01T02:30:00-07:00,45,75,6.3
2025-06-01T03:00:00-07:00,46,75,6
2025-06-01T03:30:00-07:00,46,74,6.2
2025-06-01T04:00:00-07:00,47,74,6.2
2025-06-01T04:30:00-07:00,47,74,6.3
2025-06-01T05:00:00-07:00,48,73,6.4
2025-06-01T05:30:00-07:00,48,73,7
2025-06-01T06:00:00-07:00,49,73,7.1
2025-06-01T06:30:00-07:00,50,73,6.9
2025-06-01T07:00:00-07:00,51,73,7.1
2025-06-01T07:30:00-07:00,51,73,6.9
2025-06-01T08:00:00-07:00,51,73,9.1
2025-06-01T08:30:00-07:00,51,74,7.4
2025-06-01T09:00:00-07:00,49,74,6.3
2025-06-01T09:30:00-07:00,49,74,6.3
2025-06-01T10:00:00-07:00,48,75,5.7
2025-06-01T10:30:00-07:00,48,76,6.1
2025-06-01T11:00:00-07:00,47,76,6
2025-06-01T11:30:00-07:00,46,77,6.1
2025-06-01T12:00:00-07:00,45,78,6.4
2025-06-01T12:30:00-07:00,44,78,6.2
2025-06-01T13:00:00-07:00,44,78,6
2025-06-01T13:30:00-07:00,43,79,5.8
2025-06-01T14:00:00-07:00,42,79,6.3
2025-06-01T14:30:00-07:00,41,80,6.9
2025-06-01T15:00:00-07:00,41,79,7.3
2025-06-01T15:30:00-07:00,40,79,8
2025-06-01T16:00:00-07:00,40,79,8.1
2025-06-01T16:30:00-07:00,39,79,8
2025-06-01T17:00:00-07:00,39,79,8
2025-06-01T17:30:00-07:00,39,78,8.1
2025-06-01T18:00:00-07:00,39,78,8.2
2025-06-01T18:30:00-07:00,39,77,8.4
2025-06-01T19:00:00-07:00,40,76,8.3
2025-06-01T19:30:00-07:00,40,75,8.8
2025-06-01T20:00:00-07:00,41,75,9.1
2025-06-01T20:30:00-07:00,42,74,9.1
2025-06-01T21:00:00-07:00,42,73,9.3
2025-06-01T21:30:00-07:00,42,73,9.6
2025-06-01T22:00:00-07:00,43,72,9.8
2025-06-01T22:30:00-07:00,44,72,9.6
2025-06-01T23:00:00-07:00,44,72,9.5
2025-06-01T23:30:00-07:00,45,71,9.3
2025-06-02T00:00:00-07:00,45,71,9.2
2025-06-02T00:30:00-07:00,46,71,9.1
2025-06-02T01:00:00-07:00,47,71,9.2
2025-06-02T01:30:00-07:00,47,70,9
2025-06-02T02:00:00-07:00,47,69,8.8
2025-06-02T02:30:00-07:00,47,69,9
2025-06-02T03:00:00-07:00,47,69,8.8
2025-06-02T03:30:00-07:00,47,68,8.8
2025-06-02T04:00:00-07:00,47,68,7.8
2025-06-02T04:30:00-07:00,47,68,7.2
2025-06-02T05:00:00-07:00,48,68,6.1
2025-06-02T05:30:00-07:00,48,68,5.6
2025-06-02T06:00:00-07:00,48,68,5.9
2025-06-02T06:30:00-07:00,48,68,5.5
2025-06-02T07:00:00-07:00,48,68,5.6
2025-06-02T07:30:00-07:00,49,68,5
2025-06-02T08:00:00-07:00,49,68,4.9
2025-06-02T08:30:00-07:00,49,69,5.3
2025-06-02T09:00:00-07:00,48,70,5.4
2025-06-02T09:30:00-07:00,47,71,5.6
2025-06-02T10:00:00-07:00,45,72,5.4
2025-06-02T10:30:00-07:00,45,73,5.4
2025-06-02T11:00:00-07:00,44,74,5.3
2025-06-02T11:30:00-07:00,43,75,5.5
2025-06-02T12:00:00-07:00,42,76,5.3
2025-06-02T12:30:00-07:00,41,78,5
2025-06-02T13:00:00-07:00,40,79,4.8
2025-06-02T13:30:00-07:00,40,79,4.5
2025-06-02T14:00:00-07:00,39,80,4.5
2025-06-02T14:30:00-07:00,38,81,4
2025-06-02T15:00:00-07:00,37,81,4.1
2025-06-02T15:30:00-07:00,37,81,3.9
2025-06-02T16:00:00-07:00,36,81,3.7
2025-06-02T16:30:00-07:00,37,81,3.3
2025-06-02T17:00:00-07:00,37,81,3.3
2025-06-02T17:30:00-07:00,37,81,3.3
2025-06-02T18:00:00-07:00,38,80,3.4
2025-06-02T18:30:00-07:00,39,79,3.6
2025-06-02T19:00:00-07:00,39,78,3.2
2025-06-02T19:30:00-07:00,40,77,3.1
2025-06-02T20:00:00-07:00,41,77,3.4
2025-06-02T20:30:00-07:00,42,76,4.3
2025-06-02T21:00:00-07:00,43,75,3.9
2025-06-02T21:30:00-07:00,44,75,3.8
2025-06-02T22:00:00-07:00,45,74,3.9
2025-06-02T22:30:00-07:00,46,74,3.7
2025-06-02T23:00:00-07:00,46,73,3.8
2025-06-02T23:30:00-07:00,47,73,4
2025-06-03T00:00:00-07:00,48,73,4.1
2025-06-03T00:30:00-07:00,49,72,3.9
2025-06-03T01:00:00-07:00,49,72,3.8
2025-06-03T01:30:00-07:00,50,72,3.8
2025-06-03T02:00:00-07:00,51,72,3.9
2025-06-03T02:30:00-07:00,51,72,4
2025-06-03T03:00:00-07:00,52,72,4
2025-06-03T03:30:00-07:00,52,71,4
2025-06-03T04:00:00-07:00,52,71,4
2025-06-03T04:30:00-07:00,53,71,4.1
2025-06-03T05:00:00-07:00,53,72,4.4
2025-06-03T05:30:00-07:00,53,72,4.5
2025-06-03T06:00:00-07:00,53,72,4.6
2025-06-03T06:30:00-07:00,54,72,5.3
2025-06-03T07:00:00-07:00,52,71,5.7
2025-06-03T07:30:00-07:00,51,71,6
2025-06-03T08:00:00-07:00,51,72,6.5
2025-06-03T08:30:00-07:00,51,72,5.9
2025-06-03T09:00:00-07:00,50,73,5.8
2025-06-03T09:30:00-07:00,52,74,8.3
2025-06-03T10:00:00-07:00,51,74,8.3
2025-06-03T10:30:00-07:00,48,75,6.3
2025-06-03T11:00:00-07:00,47,76,6.7
2025-06-03T11:30:00-07:00,47,77,6.4
2025-06-03T12:00:00-07:00,45,78,5.8
2025-06-03T12:30:00-07:00,45,79,6
2025-06-03T13:00:00-07:00,44,80,5.6
2025-06-03T13:30:00-07:00,43,80,5.3
2025-06-03T14:00:00-07:00,43,81,6.5
2025-06-03T14:30:00-07:00,43,82,8.6
2025-06-03T15:00:00-07:00,42,82,5.7
2025-06-03T15:30:00-07:00,41,83,5.5
2025-06-03T16:00:00-07:00,40,83,5.2
2025-06-03T16:30:00-07:00,39,83,5.4
2025-06-03T17:00:00-07:00,49,82,6
2025-06-03T17:30:00-07:00,47,81,6
2025-06-03T18:00:00-07:00,43,81,5.9
2025-06-03T18:30:00-07:00,42,81,5.9
2025-06-03T19:00:00-07:00,42,80,6.1
2025-06-03T19:30:00-07:00,42,79,6.3
2025-06-03T20:00:00-07:00,42,78,7
2025-06-03T20:30:00-07:00,42,77,7.4
2025-06-03T21:00:00-07:00,43,76,7.9
2025-06-03T21:30:00-07:00,44,76,8.2
2025-06-03T22:00:00-07:00,44,75,8.4
2025-06-03T22:30:00-07:00,44,75,9
2025-06-03T23:00:00-07:00,44,74,8.8
2025-06-03T23:30:00-07:00,45,74,8.9
2025-06-04T00:00:00-07:00,45,74,9
2025-06-04T00:30:00-07:00,46,73,9.3
2025-06-04T01:00:00-07:00,46,73,9.3
2025-06-04T01:30:00-07:00,46,73,9.2
2025-06-04T02:00:00-07:00,47,73,9.5
2025-06-04T02:30:00-07:00,47,72,9.9
2025-06-04T03:00:00-07:00,48,72,11.2
2025-06-04T03:30:00-07:00,49,72,10.8
2025-06-04T04:00:00-07:00,50,71,10.9
2025-06-04T04:30:00-07:00,50,71,10.1
2025-06-04T05:00:00-07:00,50,71,10.3
2025-06-04T05:30:00-07:00,50,71,10.1
2025-06-04T06:00:00-07:00,51,71,10.2
2025-06-04T06:30:00-07:00,52,71,10.2
2025-06-04T07:00:00-07:00,53,71,11.2
2025-06-04T07:30:00-07:00,54,71,11.4
2025-06-04T08:00:00-07:00,55,72,12.3
2025-06-04T08:30:00-07:00,54,72,12.5
2025-06-04T09:00:00-07:00,54,73,12.1
2025-06-04T09:30:00-07:00,54,74,12.3
2025-06-04T10:00:00-07:00,53,74,12.5
2025-06-04T10:30:00-07:00,53,75,12.3
2025-06-04T11:00:00-07:00,52,76,12.1
2025-06-04T11:30:00-07:00,51,77,11.9
2025-06-04T12:00:00-07:00,49,78,11.4
2025-06-04T12:30:00-07:00,46,79,10.4
2025-06-04T13:00:00-07:00,44,80,9.8
2025-06-04T13:30:00-07:00,43,80,9.1
2025-06-04T14:00:00-07:00,42,81,9.4
2025-06-04T14:30:00-07:00,41,81,8.4
2025-06-04T15:00:00-07:00,40,82,8
2025-06-04T15:30:00-07:00,40,82,7.9
2025-06-04T16:00:00-07:00,40,83,7.6
2025-06-04T16:30:00-07:00,39,83,7.2
2025-06-04T17:00:00-07:00,39,83,6.6
2025-06-04T17:30:00-07:00,36,82,5.8
2025-06-04T18:00:00-07:00,36,82,5.7
2025-06-04T18:30:00-07:00,37,81,6.1
2025-06-04T19:00:00-07:00,38,80,6.4
2025-06-04T19:30:00-07:00,39,79,6.2
2025-06-04T20:00:00-07:00,41,78,6.3
2025-06-04T20:30:00-07:00,42,77,6.4
2025-06-04T21:00:00-07:00,43,76,6.4
2025-06-04T21:30:00-07:00,44,75,6.6
2025-06-04T22:00:00-07:00,45,75,6.8
2025-06-04T22:30:00-07:00,46,74,6.2
2025-06-04T23:00:00-07:00,47,74,7
2025-06-04T23:30:00-07:00,47,73,7.1
2025-06-05T00:00:00-07:00,48,73,6.8
2025-06-05T00:30:00-07:00,49,73,7.2
2025-06-05T01:00:00-07:00,50,73,7.1
2025-06-05T01:30:00-07:00,51,73,6.4
2025-06-05T02:00:00-07:00,51,72,6.3
2025-06-05T02:30:00-07:00,50,72,7.2
2025-06-05T03:00:00-07:00,51,72,7.1
2025-06-05T03:30:00-07:00,51,71,6.6
2025-06-05T04:00:00-07:00,52,71,7
2025-06-05T04:30:00-07:00,52,71,6.3
2025-06-05T05:00:00-07:00,51,71,5.8
2025-06-05T05:30:00-07:00,50,71,5.7
2025-06-05T06:00:00-07:00,50,71,5.7
2025-06-05T06:30:00-07:00,50,70,5.5
2025-06-05T07:00:00-07:00,51,70,5.2
2025-06-05T07:30:00-07:00,52,69,5.8
2025-06-05T08:00:00-07:00,52,70,6.5
2025-06-05T08:30:00-07:00,51,71,6.3
2025-06-05T09:00:00-07:00,49,71,5.3
2025-06-05T09:30:00-07:00,49,72,5.9
2025-06-05T10:00:00-07:00,48,73,5.7
2025-06-05T10:30:00-07:00,47,74,5.4
2025-06-05T11:00:00-07:00,45,75,5.1
2025-06-05T11:30:00-07:00,45,76,5
2025-06-05T12:00:00-07:00,46,77,5.4
2025-06-05T12:30:00-07:00,46,78,5.2
2025-06-05T13:00:00-07:00,45,79,5.1
2025-06-05T13:30:00-07:00,44,80,5.1
2025-06-05T14:00:00-07:00,44,80,5.3
2025-06-05T14:30:00-07:00,43,81,5.2
2025-06-05T15:00:00-07:00,43,81,5.8
2025-06-05T15:30:00-07:00,42,82,5.7
2025-06-05T16:00:00-07:00,42,82,5.4
2025-06-05T16:30:00-07:00,41,82,5.2
2025-06-05T17:00:00-07:00,41,81,5.4
2025-06-05T17:30:00-07:00,41,81,5.2
2025-06-05T18:00:00-07:00,41,80,5.3
2025-06-05T18:30:00-07:00,41,80,4.9
2025-06-05T19:00:00-07:00,42,79,4.3
2025-06-05T19:30:00-07:00,42,78,4.1
2025-06-05T20:00:00-07:00,43,77,3.8
2025-06-05T20:30:00-07:00,44,77,3.1
2025-06-05T21:00:00-07:00,45,76,3.1
2025-06-05T21:30:00-07:00,45,76,3.3
2025-06-05T22:00:00-07:00,46,75,3.4
2025-06-05T22:30:00-07:00,47,74,3.5
2025-06-05T23:00:00-07:00,48,74,3.1
2025-06-05T23:30:00-07:00,48,74,3.1
2025-06-06T00:00:00-07:00,49,73,3.2
2025-06-06T00:30:00-07:00,49,73,3.8
2025-06-06T01:00:00-07:00,50,73,4.1
2025-06-06T01:30:00-07:00,51,73,4.4
2025-06-06T02:00:00-07:00,52,72,4.7
2025-06-06T02:30:00-07:00,53,72,4.8
2025-06-06T03:00:00-07:00,53,73,4.5
2025-06-06T03:30:00-07:00,53,73,4.9
2025-06-06T04:00:00-07:00,53,73,5.2
2025-06-06T04:30:00-07:00,53,73,6
2025-06-06T05:00:00-07:00,52,72,8
2025-06-06T05:30:00-07:00,51,72,8.1
2025-06-06T06:00:00-07:00,52,72,8.2
2025-06-06T06:30:00-07:00,52,71,7.6
2025-06-06T07:00:00-07:00,52,72,8.4
2025-06-06T07:30:00-07:00,53,71,9.1
2025-06-06T08:00:00-07:00,53,72,9.1
2025-06-06T08:30:00-07:00,53,72,10
2025-06-06T09:00:00-07:00,52,72,10.9
2025-06-06T09:30:00-07:00,51,73,11
2025-06-06T10:00:00-07:00,51,73,10.5
2025-06-06T10:30:00-07:00,50,74,10.5
2025-06-06T11:00:00-07:00,49,75,10.2
2025-06-06T11:30:00-07:00,48,76,10.2
2025-06-06T12:00:00-07:00,48,77,8.7
2025-06-06T12:30:00-07:00,46,78,8.3
2025-06-06T13:00:00-07:00,45,79,9.3
2025-06-06T13:30:00-07:00,44,80,7.6
2025-06-06T14:00:00-07:00,44,81,7
2025-06-06T14:30:00-07:00,43,81,6.6
2025-06-06T15:00:00-07:00,42,82,6.4
2025-06-06T15:30:00-07:00,42,82,6.3
2025-06-06T16:00:00-07:00,41,83,6
2025-06-06T16:30:00-07:00,41,83,5.3
2025-06-06T17:00:00-07:00,41,82,5.1
2025-06-06T17:30:00-07:00,41,82,5.4
2025-06-06T18:00:00-07:00,41,81,5.5
2025-06-06T18:30:00-07:00,41,81,5.2
2025-06-06T19:00:00-07:00,41,80,5.2
2025-06-06T19:30:00-07:00,42,79,4.7
2025-06-06T20:00:00-07:00,43,78,5.2
2025-06-06T20:30:00-07:00,43,77,5.2
2025-06-06T21:00:00-07:00,44,76,5.6
2025-06-06T21:30:00-07:00,45,76,9
2025-06-06T22:00:00-07:00,46,75,5.7
2025-06-06T22:30:00-07:00,47,75,5.5
2025-06-06T23:00:00-07:00,47,74,6.3
2025-06-06T23:30:00-07:00,48,74,6.2
2025-06-07T00:00:00-07:00,49,74,6.9
2025-06-07T00:30:00-07:00,50,74,7
2025-06-07T01:00:00-07:00,50,73,7.2
2025-06-07T01:30:00-07:00,50,73,7.7
2025-06-07T02:00:00-07:00,51,73,7.4
2025-06-07T02:30:00-07:00,52,73,7.7
2025-06-07T03:00:00-07:00,53,73,7.3
2025-06-07T03:30:00-07:00,54,73,8.3
2025-06-07T04:00:00-07:00,55,73,8
2025-06-07T04:30:00-07:00,54,73,8.1
2025-06-07T05:00:00-07:00,54,72,8.3
2025-06-07T05:30:00-07:00,55,72,8.6
2025-06-07T06:00:00-07:00,55,72,8.5
2025-06-07T06:30:00-07:00,54,72,7.1
2025-06-07T07:00:00-07:00,54,72,7.5
2025-06-07T07:30:00-07:00,55,72,7.3
2025-06-07T08:00:00-07:00,55,72,8.1
2025-06-07T08:30:00-07:00,55,72,8.4
2025-06-07T09:00:00-07:00,55,72,9.2
2025-06-07T09:30:00-07:00,55,73,10.2
2025-06-07T10:00:00-07:00,55,73,11.1
2025-06-07T10:30:00-07:00,55,73,11.2
2025-06-07T11:00:00-07:00,54,74,11.6
2025-06-07T11:30:00-07:00,54,75,11.6
2025-06-07T12:00:00-07:00,53,75,11.7
2025-06-07T12:30:00-07:00,51,76,11.1
2025-06-07T13:00:00-07:00,50,77,10.6
2025-06-07T13:30:00-07:00,49,78,10
2025-06-07T14:00:00-07:00,47,79,7.4
2025-06-07T14:30:00-07:00,46,79,6.2
2025-06-07T15:00:00-07:00,45,80,5.5
2025-06-07T15:30:00-07:00,44,81,5.1
2025-06-07T16:00:00-07:00,43,81,4.7
2025-06-07T16:30:00-07:00,42,81,4.3
2025-06-07T17:00:00-07:00,42,80,4
2025-06-07T17:30:00-07:00,42,80,4.3
2025-06-07T18:00:00-07:00,42,79,4.6
2025-06-07T18:30:00-07:00,43,79,4.1
2025-06-07T19:00:00-07:00,43,78,4
2025-06-07T19:30:00-07:00,44,77,3.4
2025-06-07T20:00:00-07:00,45,76,3.3
2025-06-07T20:30:00-07:00,46,75,3.5
2025-06-07T21:00:00-07:00,46,74,3.9
2025-06-07T21:30:00-07:00,47,74,3.7
2025-06-07T22:00:00-07:00,47,73,3.5
2025-06-07T22:30:00-07:00,48,73,3.9
2025-06-07T23:00:00-07:00,48,73,4.1
2025-06-07T23:30:00-07:00,48,73,4.1
2025-06-08T00:00:00-07:00,49,72,4.3
2025-06-08T00:30:00-07:00,49,72,4.6
2025-06-08T01:00:00-07:00,50,72,4.5
2025-06-08T01:30:00-07:00,50,72,4.5
2025-06-08T02:00:00-07:00,51,72,4.7
2025-06-08T02:30:00-07:00,51,72,4.5
2025-06-08T03:00:00-07:00,52,72,5
2025-06-08T03:30:00-07:00,52,72,6
2025-06-08T04:00:00-07:00,52,72,6.4
2025-06-08T04:30:00-07:00,52,72,4.6
2025-06-08T05:00:00-07:00,52,72,4.4
2025-06-08T05:30:00-07:00,52,72,4.1
2025-06-08T06:00:00-07:00,53,72,4.1
2025-06-08T06:30:00-07:00,52,72,3.9
2025-06-08T07:00:00-07:00,53,72,4.1
2025-06-08T07:30:00-07:00,53,72,4.3
2025-06-08T08:00:00-07:00,53,72,4.5
2025-06-08T08:30:00-07:00,53,72,5.2
2025-06-08T09:00:00-07:00,53,72,5.6
2025-06-08T09:30:00-07:00,53,73,5.9
2025-06-08T10:00:00-07:00,51,73,6.4
2025-06-08T10:30:00-07:00,51,74,6.8
2025-06-08T11:00:00-07:00,50,75,7
2025-06-08T11:30:00-07:00,49,76,6.6
2025-06-08T12:00:00-07:00,48,77,5.9
2025-06-08T12:30:00-07:00,47,77,6.4
2025-06-08T13:00:00-07:00,47,78,4.8
2025-06-08T13:30:00-07:00,45,79,4.2
2025-06-08T14:00:00-07:00,45,79,3.5
2025-06-08T14:30:00-07:00,44,80,3.3
2025-06-08T15:00:00-07:00,43,81,2.5
2025-06-08T15:30:00-07:00,42,81,2.2
2025-06-08T16:00:00-07:00,42,81,1.7
2025-06-08T16:30:00-07:00,42,81,1.9
2025-06-08T17:00:00-07:00,42,81,2.2
2025-06-08T17:30:00-07:00,42,81,2.2
2025-06-08T18:00:00-07:00,42,80,2.4
2025-06-08T18:30:00-07:00,41,80,2.2
2025-06-08T19:00:00-07:00,42,79,2.2
2025-06-08T19:30:00-07:00,42,78,1.6
2025-06-08T20:00:00-07:00,42,77,1.1
2025-06-08T20:30:00-07:00,43,76,0.9
2025-06-08T21:00:00-07:00,44,75,0.5
2025-06-08T21:30:00-07:00,45,74,0.9
2025-06-08T22:00:00-07:00,46,73,1.3
2025-06-08T22:30:00-07:00,48,73,1.2
2025-06-08T23:00:00-07:00,48,73,1.5
2025-06-08T23:30:00-07:00,49,73,2.1
2025-06-09T00:00:00-07:00,50,72,1.4
2025-06-09T00:30:00-07:00,50,72,2.1
2025-06-09T01:00:00-07:00,51,72,1.7
2025-06-09T01:30:00-07:00,51,72,1.9
2025-06-09T02:00:00-07:00,52,72,2
2025-06-09T02:30:00-07:00,53,72,3.3
2025-06-09T03:00:00-07:00,52,72,2.9
2025-06-09T03:30:00-07:00,52,72,1.2
2025-06-09T04:00:00-07:00,52,72,0.6
2025-06-09T04:30:00-07:00,52,72,1
2025-06-09T05:00:00-07:00,52,71,1.9
2025-06-09T05:30:00-07:00,52,71,1.5
2025-06-09T06:00:00-07:00,52,71,2
2025-06-09T06:30:00-07:00,52,71,1.7
2025-06-09T07:00:00-07:00,53,71,1.6
2025-06-09T07:30:00-07:00,53,72,1.9
2025-06-09T08:00:00-07:00,54,72,2.6
2025-06-09T08:30:00-07:00,54,72,3.1
2025-06-09T09:00:00-07:00,55,72,3.7
2025-06-09T09:30:00-07:00,55,72,5.4
2025-06-09T10:00:00-07:00,55,72,4.4
2025-06-09T10:30:00-07:00,55,73,3.4
2025-06-09T11:00:00-07:00,54,73,3.8
2025-06-09T11:30:00-07:00,53,74,3
2025-06-09T12:00:00-07:00,51,75,3.3
2025-06-09T12:30:00-07:00,50,76,3.3
2025-06-09T13:00:00-07:00,49,77,2.8
2025-06-09T13:30:00-07:00,48,78,2.6
2025-06-09T14:00:00-07:00,46,78,2.2
2025-06-09T14:30:00-07:00,46,79,2.4
2025-06-09T15:00:00-07:00,45,79,2.3
2025-06-09T15:30:00-07:00,45,79,2.6
2025-06-09T16:00:00-07:00,45,79,2.5
2025-06-09T16:30:00-07:00,45,79,2.5
2025-06-09T17:00:00-07:00,45,79,2.3
2025-06-09T17:30:00-07:00,44,79,2.2
2025-06-09T18:00:00-07:00,45,78,2.2
2025-06-09T18:30:00-07:00,45,77,2.2
2025-06-09T19:00:00-07:00,46,77,2.7
2025-06-09T19:30:00-07:00,49,76,2.4
2025-06-09T20:00:00-07:00,50,74,2.5
2025-06-09T20:30:00-07:00,50,74,3.1
2025-06-09T21:00:00-07:00,51,74,3.4
2025-06-09T21:30:00-07:00,52,73,3.1
2025-06-09T22:00:00-07:00,52,73,3
2025-06-09T22:30:00-07:00,52,73,3
2025-06-09T23:00:00-07:00,52,73,3.6
2025-06-09T23:30:00-07:00,53,73,3.7
2025-06-10T00:00:00-07:00,53,73,3.7
2025-06-10T00:30:00-07:00,53,73,3.4
2025-06-10T01:00:00-07:00,54,72,3.8
2025-06-10T01:30:00-07:00,54,72,3.4
2025-06-10T02:00:00-07:00,54,72,4.9
2025-06-10T02:30:00-07:00,54,72,4.1
2025-06-10T03:00:00-07:00,54,72,1.3
2025-06-10T03:30:00-07:00,54,72,0.3
2025-06-10T04:00:00-07:00,55,71,0.1
2025-06-10T04:30:00-07:00,55,71,0.1
2025-06-10T05:00:00-07:00,55,71,0.2
2025-06-10T05:30:00-07:00,54,71,0.6
2025-06-10T06:00:00-07:00,55,71,0.6
2025-06-10T06:30:00-07:00,55,71,1.1
2025-06-10T07:00:00-07:00,56,71,0.9
2025-06-10T07:30:00-07:00,56,71,1.2
2025-06-10T08:00:00-07:00,56,72,1.7
2025-06-10T08:30:00-07:00,56,72,2.2
2025-06-10T09:00:00-07:00,56,72,3
2025-06-10T09:30:00-07:00,56,72,3.8
2025-06-10T10:00:00-07:00,56,72,4.3
2025-06-10T10:30:00-07:00,55,73,4.7
2025-06-10T11:00:00-07:00,54,74,6.3
2025-06-10T11:30:00-07:00,53,74,6
2025-06-10T12:00:00-07:00,52,75,5.4
2025-06-10T12:30:00-07:00,51,75,5.4
2025-06-10T13:00:00-07:00,50,76,4.5
2025-06-10T13:30:00-07:00,49,77,3.9
2025-06-10T14:00:00-07:00,47,78,3.4
2025-06-10T14:30:00-07:00,46,78,3.1
2025-06-10T15:00:00-07:00,45,79,3.4
2025-06-10T15:30:00-07:00,44,79,4.1
2025-06-10T16:00:00-07:00,44,79,4.3
2025-06-10T16:30:00-07:00,44,79,3.8
2025-06-10T17:00:00-07:00,44,79,4.4
2025-06-10T17:30:00-07:00,44,78,4.6
2025-06-10T18:00:00-07:00,44,77,4.3
2025-06-10T18:30:00-07:00,45,77,4.5
2025-06-10T19:00:00-07:00,46,75,5.6
2025-06-10T19:30:00-07:00,49,74,6.5
2025-06-10T20:00:00-07:00,48,73,6.5
2025-06-10T20:30:00-07:00,48,73,6.7
2025-06-10T21:00:00-07:00,48,72,6.9
2025-06-10T21:30:00-07:00,48,72,6.7
2025-06-10T22:00:00-07:00,48,71,6.3
2025-06-10T22:30:00-07:00,48,71,6.3
2025-06-10T23:00:00-07:00,48,71,6.6
2025-06-10T23:30:00-07:00,48,71,6.8
2025-06-11T00:00:00-07:00,48,70,7
2025-06-11T00:30:00-07:00,48,70,7.2
2025-06-11T01:00:00-07:00,48,70,7.3
2025-06-11T01:30:00-07:00,48,70,7.2
2025-06-11T02:00:00-07:00,49,69,6.9
2025-06-11T02:30:00-07:00,49,70,6.4
2025-06-11T03:00:00-07:00,50,69,6.2
2025-06-11T03:30:00-07:00,50,69,6
2025-06-11T04:00:00-07:00,49,69,5.8
2025-06-11T04:30:00-07:00,49,69,5.9
2025-06-11T05:00:00-07:00,49,69,5.5
2025-06-11T05:30:00-07:00,49,69,5.3
2025-06-11T06:00:00-07:00,49,69,5.5
2025-06-11T06:30:00-07:00,49,69,5.6
2025-06-11T07:00:00-07:00,49,69,5.6
2025-06-11T07:30:00-07:00,49,69,5.8
2025-06-11T08:00:00-07:00,50,69,6
2025-06-11T08:30:00-07:00,50,69,6
2025-06-11T09:00:00-07:00,50,69,6.6
2025-06-11T09:30:00-07:00,50,70,6.4
2025-06-11T10:00:00-07:00,50,70,6.7
2025-06-11T10:30:00-07:00,50,71,7
2025-06-11T11:00:00-07:00,48,72,7.1
2025-06-11T11:30:00-07:00,48,72,6.9
2025-06-11T12:00:00-07:00,47,73,6.7
2025-06-11T12:30:00-07:00,45,74,6.7
2025-06-11T13:00:00-07:00,44,75,6.8
2025-06-11T13:30:00-07:00,44,75,6.7
2025-06-11T14:00:00-07:00,43,76,6.9
2025-06-11T14:30:00-07:00,42,76,6.6
2025-06-11T15:00:00-07:00,41,76,6.7
2025-06-11T15:30:00-07:00,41,77,6.7
2025-06-11T16:00:00-07:00,41,77,6.5
2025-06-11T16:30:00-07:00,40,76,6.7
2025-06-11T17:00:00-07:00,41,76,6.3
2025-06-11T17:30:00-07:00,41,76,5.9
2025-06-11T18:00:00-07:00,42,75,5.8
2025-06-11T18:30:00-07:00,42,74,5.5
2025-06-11T19:00:00-07:00,43,74,5.4
2025-06-11T19:30:00-07:00,43,73,5.2
2025-06-11T20:00:00-07:00,44,73,5.3
2025-06-11T20:30:00-07:00,44,72,5.5
2025-06-11T21:00:00-07:00,45,72,5.4
2025-06-11T21:30:00-07:00,45,71,5.2
2025-06-11T22:00:00-07:00,45,71,5.2
2025-06-11T22:30:00-07:00,45,71,5.3
2025-06-11T23:00:00-07:00,46,71,5.5
2025-06-11T23:30:00-07:00,46,70,5.6
2025-06-12T00:00:00-07:00,47,70,5.8
2025-06-12T00:30:00-07:00,47,70,5.7
2025-06-12T01:00:00-07:00,47,70,6.1
2025-06-12T01:30:00-07:00,48,69,6
2025-06-12T02:00:00-07:00,48,69,5.9
2025-06-12T02:30:00-07:00,48,69,6.1
2025-06-12T03:00:00-07:00,49,69,6.2
2025-06-12T03:30:00-07:00,49,69,6.4
2025-06-12T04:00:00-07:00,49,69,6.5
2025-06-12T04:30:00-07:00,49,68,6.6
2025-06-12T05:00:00-07:00,49,68,6.1
2025-06-12T05:30:00-07:00,50,68,6.1
2025-06-12T06:00:00-07:00,51,68,6.3
2025-06-12T06:30:00-07:00,51,68,6.4
2025-06-12T07:00:00-07:00,52,68,6.6
2025-06-12T07:30:00-07:00,52,69,6.9
2025-06-12T08:00:00-07:00,52,69,7
2025-06-12T08:30:00-07:00,51,69,7.2
2025-06-12T09:00:00-07:00,50,70,6.9
2025-06-12T09:30:00-07:00,49,70,6.9
2025-06-12T10:00:00-07:00,49,71,7.2
2025-06-12T10:30:00-07:00,49,72,7.7
2025-06-12T11:00:00-07:00,49,73,8.3
2025-06-12T11:30:00-07:00,47,73,8.8
2025-06-12T12:00:00-07:00,47,74,8.4
2025-06-12T12:30:00-07:00,46,75,8.3
2025-06-12T13:00:00-07:00,45,75,8.1
2025-06-12T13:30:00-07:00,44,76,7.8
2025-06-12T14:00:00-07:00,43,76,7.5
2025-06-12T14:30:00-07:00,42,77,7.5
2025-06-12T15:00:00-07:00,42,77,7.8
2025-06-12T15:30:00-07:00,41,78,8.3
2025-06-12T16:00:00-07:00,41,78,8
2025-06-12T16:30:00-07:00,41,77,7.8
2025-06-12T17:00:00-07:00,41,77,8.1
2025-06-12T17:30:00-07:00,41,77,7.7
2025-06-12T18:00:00-07:00,41,77,7.4
2025-06-12T18:30:00-07:00,42,76,7.9
2025-06-12T19:00:00-07:00,42,76,7.9
2025-06-12T19:30:00-07:00,43,75,7.6
2025-06-12T20:00:00-07:00,43,74,7.4
2025-06-12T20:30:00-07:00,43,73,7
2025-06-12T21:00:00-07:00,43,73,6.9
2025-06-12T21:30:00-07:00,44,72,7
2025-06-12T22:00:00-07:00,44,72,7.4
2025-06-12T22:30:00-07:00,44,72,7.4
2025-06-12T23:00:00-07:00,45,71,7.6
2025-06-12T23:30:00-07:00,46,71,7.8
2025-06-13T00:00:00-07:00,47,71,8.2
2025-06-13T00:30:00-07:00,47,70,8.3
2025-06-13T01:00:00-07:00,48,70,8.2
2025-06-13T01:30:00-07:00,48,70,8.3
2025-06-13T02:00:00-07:00,49,69,8.5
2025-06-13T02:30:00-07:00,49,69,8.1
2025-06-13T03:00:00-07:00,49,69,8.1
2025-06-13T03:30:00-07:00,49,69,8.1
2025-06-13T04:00:00-07:00,49,69,7.8
2025-06-13T04:30:00-07:00,50,68,8
2025-06-13T05:00:00-07:00,50,68,8.5
2025-06-13T05:30:00-07:00,50,68,8.2
2025-06-13T06:00:00-07:00,51,68,7.8
2025-06-13T06:30:00-07:00,51,69,7.5
2025-06-13T07:00:00-07:00,51,69,7.2
2025-06-13T07:30:00-07:00,51,69,7.6
2025-06-13T08:00:00-07:00,51,69,7.2
2025-06-13T08:30:00-07:00,50,69,7.2
2025-06-13T09:00:00-07:00,50,70,7.3
2025-06-13T09:30:00-07:00,50,70,7.4
2025-06-13T10:00:00-07:00,49,71,7.4
2025-06-13T10:30:00-07:00,49,71,7.6
2025-06-13T11:00:00-07:00,48,72,7.9
2025-06-13T11:30:00-07:00,48,73,7.9
2025-06-13T12:00:00-07:00,47,74,7.6
2025-06-13T12:30:00-07:00,47,75,7.1
2025-06-13T13:00:00-07:00,46,75,6.8
2025-06-13T13:30:00-07:00,45,76,6.5
2025-06-13T14:00:00-07:00,44,77,7
2025-06-13T14:30:00-07:00,43,78,7.1
2025-06-13T15:00:00-07:00,41,78,7.1
2025-06-13T15:30:00-07:00,40,79,7
2025-06-13T16:00:00-07:00,39,79,6.9
2025-06-13T16:30:00-07:00,40,79,7
2025-06-13T17:00:00-07:00,39,79,7
2025-06-13T17:30:00-07:00,40,78,6.9
2025-06-13T18:00:00-07:00,40,78,6.3
2025-06-13T18:30:00-07:00,40,78,5.5
2025-06-13T19:00:00-07:00,40,77,4.7
2025-06-13T19:30:00-07:00,39,76,4.3
2025-06-13T20:00:00-07:00,39,76,3.9
2025-06-13T20:30:00-07:00,40,75,4.1
2025-06-13T21:00:00-07:00,41,74,4.3
2025-06-13T21:30:00-07:00,42,73,4.5
2025-06-13T22:00:00-07:00,43,73,4.3
2025-06-13T22:30:00-07:00,43,72,4.6
2025-06-13T23:00:00-07:00,43,72,4.4
2025-06-13T23:30:00-07:00,43,72,4.5
2025-06-14T00:00:00-07:00,43,71,4.4
2025-06-14T00:30:00-07:00,43,71,4.4
2025-06-14T01:00:00-07:00,44,70,4.2
2025-06-14T01:30:00-07:00,45,70,4.4
2025-06-14T02:00:00-07:00,45,70,4.6
2025-06-14T02:30:00-07:00,46,70,4.8
2025-06-14T03:00:00-07:00,46,70,4.6
2025-06-14T03:30:00-07:00,47,69,4.3
2025-06-14T04:00:00-07:00,45,69,4.2
2025-06-14T04:30:00-07:00,45,68,3.9
2025-06-14T05:00:00-07:00,46,68,4.3
2025-06-14T05:30:00-07:00,47,68,5.2
2025-06-14T06:00:00-07:00,49,68,5.1
2025-06-14T06:30:00-07:00,47,68,4.4
2025-06-14T07:00:00-07:00,49,68,5
2025-06-14T07:30:00-07:00,49,69,5.4
2025-06-14T08:00:00-07:00,49,69,4.9
2025-06-14T08:30:00-07:00,47,70,4.6
2025-06-14T09:00:00-07:00,46,71,4.6
2025-06-14T09:30:00-07:00,46,72,4.5
2025-06-14T10:00:00-07:00,45,72,4.2
2025-06-14T10:30:00-07:00,43,73,4
2025-06-14T11:00:00-07:00,43,74,4.2
2025-06-14T11:30:00-07:00,42,75,4.3
2025-06-14T12:00:00-07:00,41,76,4.3
2025-06-14T12:30:00-07:00,40,76,4.4
2025-06-14T13:00:00-07:00,39,77,4.5
2025-06-14T13:30:00-07:00,38,78,4.2
2025-06-14T14:00:00-07:00,36,79,3.9
2025-06-14T14:30:00-07:00,35,79,3.5
2025-06-14T15:00:00-07:00,34,80,3.6
2025-06-14T15:30:00-07:00,34,81,4.1
2025-06-14T16:00:00-07:00,33,81,3.8
2025-06-14T16:30:00-07:00,32,81,4.4
2025-06-14T17:00:00-07:00,34,81,4.6
2025-06-14T17:30:00-07:00,34,80,4.8
2025-06-14T18:00:00-07:00,34,80,4.4
2025-06-14T18:30:00-07:00,34,79,4.6
2025-06-14T19:00:00-07:00,35,79,4.7
2025-06-14T19:30:00-07:00,37,78,5.1
2025-06-14T20:00:00-07:00,38,77,5.4
2025-06-14T20:30:00-07:00,38,76,5.6
2025-06-14T21:00:00-07:00,40,75,6
2025-06-14T21:30:00-07:00,42,74,6.6
2025-06-14T22:00:00-07:00,43,74,6.9
2025-06-14T22:30:00-07:00,43,73,6.8
2025-06-14T23:00:00-07:00,44,73,7.3
2025-06-14T23:30:00-07:00,44,72,7.1
2025-06-15T00:00:00-07:00,44,72,6.7
2025-06-15T00:30:00-07:00,45,71,6.9
2025-06-15T01:00:00-07:00,45,71,6.8
2025-06-15T01:30:00-07:00,45,71,6.9
2025-06-15T02:00:00-07:00,44,70,6.2
2025-06-15T02:30:00-07:00,44,70,8.1
2025-06-15T03:00:00-07:00,44,69,8.8
2025-06-15T03:30:00-07:00,45,69,8.2
2025-06-15T04:00:00-07:00,45,68,8
2025-06-15T04:30:00-07:00,45,68,8.2
2025-06-15T05:00:00-07:00,46,68,6.9
2025-06-15T05:30:00-07:00,46,68,6.4
2025-06-15T06:00:00-07:00,47,67,6.4
2025-06-15T06:30:00-07:00,48,68,6.8
2025-06-15T07:00:00-07:00,49,68,7
2025-06-15T07:30:00-07:00,51,69,7.2
2025-06-15T08:00:00-07:00,52,70,7.5
2025-06-15T08:30:00-07:00,51,70,7.6
2025-06-15T09:00:00-07:00,51,71,7.6
2025-06-15T09:30:00-07:00,50,72,7.5
2025-06-15T10:00:00-07:00,49,72,8
2025-06-15T10:30:00-07:00,48,73,7.5
2025-06-15T11:00:00-07:00,46,74,7
2025-06-15T11:30:00-07:00,44,75,6.7
2025-06-15T12:00:00-07:00,42,76,7.5
2025-06-15T12:30:00-07:00,42,77,6.4
2025-06-15T13:00:00-07:00,40,78,6.3
2025-06-15T13:30:00-07:00,39,79,6.7
2025-06-15T14:00:00-07:00,39,80,7.2
2025-06-15T14:30:00-07:00,38,81,7.1
2025-06-15T15:00:00-07:00,37,81,7.4
2025-06-15T15:30:00-07:00,37,82,7.5
2025-06-15T16:00:00-07:00,37,82,7.3
2025-06-15T16:30:00-07:00,39,82,8.2
2025-06-15T17:00:00-07:00,38,81,7.7
2025-06-15T17:30:00-07:00,38,81,7.4
2025-06-15T18:00:00-07:00,37,80,7
2025-06-15T18:30:00-07:00,38,79,7
2025-06-15T19:00:00-07:00,37,78,6.6
2025-06-15T19:30:00-07:00,38,77,6.6
2025-06-15T20:00:00-07:00,39,76,6
2025-06-15T20:30:00-07:00,41,75,6.1
2025-06-15T21:00:00-07:00,42,74,6.2
2025-06-15T21:30:00-07:00,43,74,6.3
2025-06-15T22:00:00-07:00,44,73,6.3
2025-06-15T22:30:00-07:00,44,73,6.8
2025-06-15T23:00:00-07:00,45,72,6.8
2025-06-15T23:30:00-07:00,45,72,6.8
2025-06-16T00:00:00-07:00,46,71,7
2025-06-16T00:30:00-07:00,47,71,6.8
2025-06-16T01:00:00-07:00,47,71,6.5
2025-06-16T01:30:00-07:00,47,70,6.3
2025-06-16T02:00:00-07:00,47,70,6.2
2025-06-16T02:30:00-07:00,48,70,6.5
2025-06-16T03:00:00-07:00,48,69,6.3
2025-06-16T03:30:00-07:00,49,69,6.5
2025-06-16T04:00:00-07:00,49,69,6.6
2025-06-16T04:30:00-07:00,49,69,6.6
2025-06-16T05:00:00-07:00,49,69,6.2
2025-06-16T05:30:00-07:00,50,68,5.9
2025-06-16T06:00:00-07:00,50,68,6.4
2025-06-16T06:30:00-07:00,50,68,6.1
2025-06-16T07:00:00-07:00,50,68,5.7
2025-06-16T07:30:00-07:00,50,69,6.3
2025-06-16T08:00:00-07:00,51,69,6.7
2025-06-16T08:30:00-07:00,50,70,5.7
2025-06-16T09:00:00-07:00,50,70,6.6
2025-06-16T09:30:00-07:00,50,70,6.1
2025-06-16T10:00:00-07:00,50,71,6.1
2025-06-16T10:30:00-07:00,50,71,6.4
2025-06-16T11:00:00-07:00,48,72,6.6
2025-06-16T11:30:00-07:00,48,71,6.5
2025-06-16T12:00:00-07:00,46,73,5.6
2025-06-16T12:30:00-07:00,45,74,5.4
2025-06-16T13:00:00-07:00,43,74,4.4
2025-06-16T13:30:00-07:00,42,76,4
2025-06-16T14:00:00-07:00,41,76,3.8
2025-06-16T14:30:00-07:00,40,74,3.6
2025-06-16T15:00:00-07:00,39,77,3.4
2025-06-16T15:30:00-07:00,38,77,3
2025-06-16T16:00:00-07:00,37,78,3.3
2025-06-16T16:30:00-07:00,36,78,3.1
2025-06-16T17:00:00-07:00,36,78,3.2
2025-06-16T17:30:00-07:00,37,77,3.2
2025-06-16T18:00:00-07:00,37,77,3
2025-06-16T18:30:00-07:00,38,77,3.2
2025-06-16T19:00:00-07:00,38,76,2.9
2025-06-16T19:30:00-07:00,38,76,2.8
2025-06-16T20:00:00-07:00,38,75,2.8
2025-06-16T20:30:00-07:00,40,74,3
2025-06-16T21:00:00-07:00,40,73,3
2025-06-16T21:30:00-07:00,41,73,3
2025-06-16T22:00:00-07:00,41,72,3.6
2025-06-16T22:30:00-07:00,42,72,3.2
2025-06-16T23:00:00-07:00,43,72,3.2
2025-06-16T23:30:00-07:00,44,72,3.3
2025-06-17T00:00:00-07:00,44,71,3.3
2025-06-17T00:30:00-07:00,44,71,3.4
2025-06-17T01:00:00-07:00,45,71,3.3
2025-06-17T01:30:00-07:00,44,71,3.1
2025-06-17T02:00:00-07:00,44,70,3.1
2025-06-17T02:30:00-07:00,45,70,3.3
2025-06-17T03:00:00-07:00,46,70,3.5
2025-06-17T03:30:00-07:00,46,70,3.2
2025-06-17T04:00:00-07:00,46,70,3.1
2025-06-17T04:30:00-07:00,46,70,3.1
2025-06-17T05:00:00-07:00,46,69,3.1
2025-06-17T05:30:00-07:00,47,69,3
2025-06-17T06:00:00-07:00,47,69,3
2025-06-17T06:30:00-07:00,48,69,3.3
2025-06-17T07:00:00-07:00,48,69,3.4
2025-06-17T07:30:00-07:00,48,69,3.6
2025-06-17T08:00:00-07:00,48,69,3.6
2025-06-17T08:30:00-07:00,47,71,3.2
2025-06-17T09:00:00-07:00,46,72,3.2
2025-06-17T09:30:00-07:00,45,72,3.4
2025-06-17T10:00:00-07:00,45,71,3.3
2025-06-17T10:30:00-07:00,44,73,3.4
2025-06-17T11:00:00-07:00,41,75,3.1
2025-06-17T11:30:00-07:00,40,76,2.8
2025-06-17T12:00:00-07:00,39,76,2.6
2025-06-17T12:30:00-07:00,39,77,2.9
2025-06-17T13:00:00-07:00,39,78,2.9
2025-06-17T13:30:00-07:00,37,79,2.5
2025-06-17T14:00:00-07:00,37,79,2.6
2025-06-17T14:30:00-07:00,36,80,2.6
2025-06-17T15:00:00-07:00,36,80,2.4
2025-06-17T15:30:00-07:00,35,80,2.3
2025-06-17T16:00:00-07:00,35,80,2.4
2025-06-17T16:30:00-07:00,38,80,2.5
2025-06-17T17:00:00-07:00,37,80,2.5
2025-06-17T17:30:00-07:00,37,80,2.4
2025-06-17T18:00:00-07:00,37,79,2.2
2025-06-17T18:30:00-07:00,37,79,2
2025-06-17T19:00:00-07:00,37,78,2
2025-06-17T19:30:00-07:00,37,78,1.8
2025-06-17T20:00:00-07:00,38,77,1.9
2025-06-17T20:30:00-07:00,40,76,2.1
2025-06-17T21:00:00-07:00,40,75,1.9
2025-06-17T21:30:00-07:00,41,75,2.1
2025-06-17T22:00:00-07:00,42,74,2.2
2025-06-17T22:30:00-07:00,43,74,2.2
2025-06-17T23:00:00-07:00,44,74,2.4
2025-06-17T23:30:00-07:00,44,73,4.1
2025-06-18T00:00:00-07:00,45,73,2.4
2025-06-18T00:30:00-07:00,45,73,2.3
2025-06-18T01:00:00-07:00,46,72,2.3
2025-06-18T01:30:00-07:00,47,72,2.4
2025-06-18T02:00:00-07:00,47,72,2.4
2025-06-18T02:30:00-07:00,48,72,2.7
2025-06-18T03:00:00-07:00,48,72,2.7
2025-06-18T03:30:00-07:00,49,71,2.6
2025-06-18T04:00:00-07:00,50,71,2.6
2025-06-18T04:30:00-07:00,50,71,2.6
2025-06-18T05:00:00-07:00,51,70,3
2025-06-18T05:30:00-07:00,51,70,3.2
2025-06-18T06:00:00-07:00,52,70,3.2
2025-06-18T06:30:00-07:00,53,70,2.8
2025-06-18T07:00:00-07:00,54,70,3
2025-06-18T07:30:00-07:00,55,71,3.1
2025-06-18T08:00:00-07:00,55,71,3.7
2025-06-18T08:30:00-07:00,54,71,3.4
2025-06-18T09:00:00-07:00,53,72,4.1
2025-06-18T09:30:00-07:00,52,73,3.5
2025-06-18T10:00:00-07:00,51,74,2.8
2025-06-18T10:30:00-07:00,50,75,2.7
2025-06-18T11:00:00-07:00,48,75,3.1
2025-06-18T11:30:00-07:00,47,77,3.1
2025-06-18T12:00:00-07:00,46,78,2.5
2025-06-18T12:30:00-07:00,43,79,2.6
2025-06-18T13:00:00-07:00,41,80,2.6
2025-06-18T13:30:00-07:00,40,80,2.7
2025-06-18T14:00:00-07:00,39,81,2.5
2025-06-18T14:30:00-07:00,38,82,2.5
2025-06-18T15:00:00-07:00,36,83,1.9
2025-06-18T15:30:00-07:00,35,84,1.9
2025-06-18T16:00:00-07:00,36,84,2.1
2025-06-18T16:30:00-07:00,37,85,2.4
2025-06-18T17:00:00-07:00,37,84,2.7
2025-06-18T17:30:00-07:00,39,84,3
2025-06-18T18:00:00-07:00,40,83,3.3
2025-06-18T18:30:00-07:00,40,82,3.5
2025-06-18T19:00:00-07:00,40,81,3.9
2025-06-18T19:30:00-07:00,41,80,4.3
2025-06-18T20:00:00-07:00,42,79,4.2
2025-06-18T20:30:00-07:00,42,78,4.4
2025-06-18T21:00:00-07:00,42,78,4.4
2025-06-18T21:30:00-07:00,43,76,4.5
2025-06-18T22:00:00-07:00,43,76,4.6
2025-06-18T22:30:00-07:00,43,75,4.8
2025-06-18T23:00:00-07:00,44,75,4.9
2025-06-18T23:30:00-07:00,44,74,4.9
2025-06-19T00:00:00-07:00,44,74,4.9
2025-06-19T00:30:00-07:00,44,74,5.1
2025-06-19T01:00:00-07:00,45,73,5.3
2025-06-19T01:30:00-07:00,46,73,5.6
2025-06-19T02:00:00-07:00,46,72,6
2025-06-19T02:30:00-07:00,46,72,5.8
2025-06-19T03:00:00-07:00,46,72,5.8
2025-06-19T03:30:00-07:00,47,72,5.3
2025-06-19T04:00:00-07:00,48,72,5.5
2025-06-19T04:30:00-07:00,48,71,5.4
2025-06-19T05:00:00-07:00,48,71,5.6
2025-06-19T05:30:00-07:00,49,71,5.7
2025-06-19T06:00:00-07:00,49,70,6.2
2025-06-19T06:30:00-07:00,49,71,5.8
2025-06-19T07:00:00-07:00,49,71,5.5
2025-06-19T07:30:00-07:00,47,71,5
2025-06-19T08:00:00-07:00,47,71,4.6
2025-06-19T08:30:00-07:00,45,72,4.4
2025-06-19T09:00:00-07:00,44,72,4.3
2025-06-19T09:30:00-07:00,44,73,4.8
2025-06-19T10:00:00-07:00,44,74,4.8
2025-06-19T10:30:00-07:00,42,74,4.4
2025-06-19T11:00:00-07:00,41,75,4.2
2025-06-19T11:30:00-07:00,42,76,4.5
2025-06-19T12:00:00-07:00,41,76,4.4
2025-06-19T12:30:00-07:00,41,77,4.2
2025-06-19T13:00:00-07:00,40,77,4
2025-06-19T13:30:00-07:00,40,77,4.2
2025-06-19T14:00:00-07:00,40,77,4.1
2025-06-19T14:30:00-07:00,40,77,4.2
2025-06-19T15:00:00-07:00,40,77,4.3
2025-06-19T15:30:00-07:00,40,78,4.3
2025-06-19T16:00:00-07:00,40,78,4.4
2025-06-19T16:30:00-07:00,40,78,4.5
2025-06-19T17:00:00-07:00,40,77,4.3
2025-06-19T17:30:00-07:00,40,77,4.2
2025-06-19T18:00:00-07:00,40,76,3.9
2025-06-19T18:30:00-07:00,39,76,3.7
2025-06-19T19:00:00-07:00,39,75,3.4
2025-06-19T19:30:00-07:00,39,75,3.5
2025-06-19T20:00:00-07:00,40,74,3.6
2025-06-19T20:30:00-07:00,42,73,3.8
2025-06-19T21:00:00-07:00,43,73,4
2025-06-19T21:30:00-07:00,43,72,3.9
2025-06-19T22:00:00-07:00,43,72,3.8
2025-06-19T22:30:00-07:00,44,72,3.9
2025-06-19T23:00:00-07:00,44,72,4.2
2025-06-19T23:30:00-07:00,45,71,4
2025-06-20T00:00:00-07:00,45,71,4
2025-06-20T00:30:00-07:00,45,71,4.1
2025-06-20T01:00:00-07:00,45,71,4.1
2025-06-20T01:30:00-07:00,46,70,4.2
2025-06-20T02:00:00-07:00,45,70,3.9
2025-06-20T02:30:00-07:00,45,70,3.8
2025-06-20T03:00:00-07:00,45,70,3.3
2025-06-20T03:30:00-07:00,45,70,3.2
2025-06-20T04:00:00-07:00,45,70,3.3
2025-06-20T04:30:00-07:00,46,69,3.2
2025-06-20T05:00:00-07:00,46,69,3.2
2025-06-20T05:30:00-07:00,46,69,3.3
2025-06-20T06:00:00-07:00,46,69,3.3
2025-06-20T06:30:00-07:00,46,69,3.9
2025-06-20T07:00:00-07:00,47,69,4.1
2025-06-20T07:30:00-07:00,47,69,4.1
2025-06-20T08:00:00-07:00,46,69,4.2
2025-06-20T08:30:00-07:00,45,69,4.4
2025-06-20T09:00:00-07:00,44,70,4.2
2025-06-20T09:30:00-07:00,43,71,4.2
2025-06-20T10:00:00-07:00,41,71,4.5
2025-06-20T10:30:00-07:00,42,72,5.1
2025-06-20T11:00:00-07:00,41,72,5.6
2025-06-20T11:30:00-07:00,40,73,5.6
2025-06-20T12:00:00-07:00,40,73,5.7
2025-06-20T12:30:00-07:00,40,74,5.4
2025-06-20T13:00:00-07:00,39,74,5.5
2025-06-20T13:30:00-07:00,40,74,5.3
2025-06-20T14:00:00-07:00,39,75,5
2025-06-20T14:30:00-07:00,38,75,4.9
2025-06-20T15:00:00-07:00,38,75,4.6
2025-06-20T15:30:00-07:00,39,75,4.6
2025-06-20T16:00:00-07:00,38,75,4.3
2025-06-20T16:30:00-07:00,38,75,4
2025-06-20T17:00:00-07:00,39,74,3.8
2025-06-20T17:30:00-07:00,39,74,3.7
2025-06-20T18:00:00-07:00,40,74,4
2025-06-20T18:30:00-07:00,41,73,4.3
2025-06-20T19:00:00-07:00,42,73,4.6
2025-06-20T19:30:00-07:00,42,72,4.7
2025-06-20T20:00:00-07:00,43,72,4.9
2025-06-20T20:30:00-07:00,42,72,4.3
2025-06-20T21:00:00-07:00,43,72,4.9
2025-06-20T21:30:00-07:00,44,71,5.1
2025-06-20T22:00:00-07:00,45,71,4.9
2025-06-20T22:30:00-07:00,45,71,4.8
2025-06-20T23:00:00-07:00,46,71,4.8
2025-06-20T23:30:00-07:00,46,71,4.6
2025-06-21T00:00:00-07:00,47,70,4.9
2025-06-21T00:30:00-07:00,47,70,5.2
2025-06-21T01:00:00-07:00,47,70,5.3
2025-06-21T01:30:00-07:00,48,69,5.2
2025-06-21T02:00:00-07:00,49,69,5.3
2025-06-21T02:30:00-07:00,49,69,5
2025-06-21T03:00:00-07:00,49,69,5.5
2025-06-21T03:30:00-07:00,50,69,5.4
2025-06-21T04:00:00-07:00,49,69,5.3
2025-06-21T04:30:00-07:00,49,69,5.4
2025-06-21T05:00:00-07:00,49,69,5.2
2025-06-21T05:30:00-07:00,49,68,5.1
2025-06-21T06:00:00-07:00,49,68,5
2025-06-21T06:30:00-07:00,50,68,5.3
2025-06-21T07:00:00-07:00,51,68,5.1
2025-06-21T07:30:00-07:00,51,68,4.8
2025-06-21T08:00:00-07:00,51,69,4.6
2025-06-21T08:30:00-07:00,49,70,4
2025-06-21T09:00:00-07:00,47,70,3.9
2025-06-21T09:30:00-07:00,45,71,4
2025-06-21T10:00:00-07:00,43,72,3.4
2025-06-21T10:30:00-07:00,42,72,2.5
2025-06-21T11:00:00-07:00,41,73,2.4
2025-06-21T11:30:00-07:00,40,74,2.3
2025-06-21T12:00:00-07:00,38,75,2.2
2025-06-21T12:30:00-07:00,38,76,2.2
2025-06-21T13:00:00-07:00,37,76,2
2025-06-21T13:30:00-07:00,36,77,1.8
2025-06-21T14:00:00-07:00,35,77,1.4
2025-06-21T14:30:00-07:00,35,78,1.5
2025-06-21T15:00:00-07:00,34,78,1.5
2025-06-21T15:30:00-07:00,33,78,1.6
2025-06-21T16:00:00-07:00,34,79,1.8
2025-06-21T16:30:00-07:00,35,79,1.9
2025-06-21T17:00:00-07:00,36,79,2.1
2025-06-21T17:30:00-07:00,36,79,2.2
2025-06-21T18:00:00-07:00,37,78,2.4
2025-06-21T18:30:00-07:00,37,78,2.4
2025-06-21T19:00:00-07:00,38,78,2.6
2025-06-21T19:30:00-07:00,38,77,2.8
2025-06-21T20:00:00-07:00,39,76,3.2
2025-06-21T20:30:00-07:00,40,76,3.2
2025-06-21T21:00:00-07:00,41,75,3.7
2025-06-21T21:30:00-07:00,42,75,3.7
2025-06-21T22:00:00-07:00,43,74,3.9
2025-06-21T22:30:00-07:00,44,73,3.9
2025-06-21T23:00:00-07:00,45,73,4.2
2025-06-21T23:30:00-07:00,45,73,4.5
2025-06-22T00:00:00-07:00,46,72,4.9
2025-06-22T00:30:00-07:00,46,72,5
2025-06-22T01:00:00-07:00,45,71,4.3
2025-06-22T01:30:00-07:00,46,71,3.8
2025-06-22T02:00:00-07:00,45,71,3.4
2025-06-22T02:30:00-07:00,46,70,8.5
2025-06-22T03:00:00-07:00,46,70,87.4
2025-06-22T03:30:00-07:00,45,70,14.2
2025-06-22T04:00:00-07:00,45,69,5.6
2025-06-22T04:30:00-07:00,45,69,2.5
2025-06-22T05:00:00-07:00,45,69,2.1
2025-06-22T05:30:00-07:00,45,69,2.2
2025-06-22T06:00:00-07:00,45,68,2.4
2025-06-22T06:30:00-07:00,46,69,2
2025-06-22T07:00:00-07:00,46,69,1.9
2025-06-22T07:30:00-07:00,47,70,2.7
2025-06-22T08:00:00-07:00,48,70,4
2025-06-22T08:30:00-07:00,47,71,3.6
2025-06-22T09:00:00-07:00,47,72,3.9
2025-06-22T09:30:00-07:00,45,73,3.7
2025-06-22T10:00:00-07:00,45,74,4
2025-06-22T10:30:00-07:00,45,75,4.1
2025-06-22T11:00:00-07:00,42,76,3.1
2025-06-22T11:30:00-07:00,40,76,2.6
2025-06-22T12:00:00-07:00,38,77,2.2
2025-06-22T12:30:00-07:00,36,78,1.6
2025-06-22T13:00:00-07:00,35,79,2.3
2025-06-22T13:30:00-07:00,37,79,3.1
2025-06-22T14:00:00-07:00,36,80,3.1
2025-06-22T14:30:00-07:00,35,80,2.9
2025-06-22T15:00:00-07:00,35,80,3.1
2025-06-22T15:30:00-07:00,36,80,3.4
2025-06-22T16:00:00-07:00,35,80,3.4
2025-06-22T16:30:00-07:00,34,80,3.1
2025-06-22T17:00:00-07:00,34,79,3
2025-06-22T17:30:00-07:00,35,79,3
2025-06-22T18:00:00-07:00,35,78,2.9
2025-06-22T18:30:00-07:00,38,77,4
2025-06-22T19:00:00-07:00,40,77,3.8
2025-06-22T19:30:00-07:00,40,76,3.5
2025-06-22T20:00:00-07:00,40,75,3.7
2025-06-22T20:30:00-07:00,41,75,4.5
2025-06-22T21:00:00-07:00,42,74,4.7
2025-06-22T21:30:00-07:00,43,74,4.6
2025-06-22T22:00:00-07:00,43,73,4.5
2025-06-22T22:30:00-07:00,44,73,4.7
2025-06-22T23:00:00-07:00,45,73,4.5
2025-06-22T23:30:00-07:00,45,72,4.7
2025-06-23T00:00:00-07:00,45,72,4.6
2025-06-23T00:30:00-07:00,46,72,4.4
2025-06-23T01:00:00-07:00,46,71,4.1
2025-06-23T01:30:00-07:00,45,71,4
2025-06-23T02:00:00-07:00,45,70,5.3
2025-06-23T02:30:00-07:00,44,70,4.7
2025-06-23T03:00:00-07:00,44,70,6.4
2025-06-23T03:30:00-07:00,44,69,5.2
2025-06-23T04:00:00-07:00,44,69,6.1
2025-06-23T04:30:00-07:00,44,69,6.3
2025-06-23T05:00:00-07:00,44,68,6.2
2025-06-23T05:30:00-07:00,44,68,4.4
2025-06-23T06:00:00-07:00,45,68,4.3
2025-06-23T06:30:00-07:00,46,68,4.5
2025-06-23T07:00:00-07:00,46,69,5.2
2025-06-23T07:30:00-07:00,47,69,6.1
2025-06-23T08:00:00-07:00,47,70,6.9
2025-06-23T08:30:00-07:00,47,71,6.2
2025-06-23T09:00:00-07:00,47,71,6.1
2025-06-23T09:30:00-07:00,47,72,6.1
2025-06-23T10:00:00-07:00,47,73,5.8
2025-06-23T10:30:00-07:00,47,74,5.4
2025-06-23T11:00:00-07:00,47,75,5
2025-06-23T11:30:00-07:00,45,76,5
2025-06-23T12:00:00-07:00,42,77,4.7
2025-06-23T12:30:00-07:00,42,79,4
2025-06-23T13:00:00-07:00,42,79,4
2025-06-23T13:30:00-07:00,40,80,3.7
2025-06-23T14:00:00-07:00,37,81,3
2025-06-23T14:30:00-07:00,36,82,2.9
2025-06-23T15:00:00-07:00,37,83,2.9
2025-06-23T15:30:00-07:00,37,83,3
2025-06-23T16:00:00-07:00,37,84,3.2
2025-06-23T16:30:00-07:00,35,84,2.7
2025-06-23T17:00:00-07:00,35,84,3
2025-06-23T17:30:00-07:00,36,83,3
2025-06-23T18:00:00-07:00,35,83,2.7
2025-06-23T18:30:00-07:00,36,82,3.5
2025-06-23T19:00:00-07:00,37,80,3.9
2025-06-23T19:30:00-07:00,39,79,4.4
2025-06-23T20:00:00-07:00,41,77,4.5
2025-06-23T20:30:00-07:00,42,76,4.5
2025-06-23T21:00:00-07:00,43,75,4.8
2025-06-23T21:30:00-07:00,44,75,4.5
2025-06-23T22:00:00-07:00,45,74,5.1
2025-06-23T22:30:00-07:00,45,74,5.1
2025-06-23T23:00:00-07:00,46,73,4.4
2025-06-23T23:30:00-07:00,47,73,4.2
2025-06-24T00:00:00-07:00,47,73,3
2025-06-24T00:30:00-07:00,47,72,2.8
2025-06-24T01:00:00-07:00,48,72,2.2
2025-06-24T01:30:00-07:00,48,72,2.2
2025-06-24T02:00:00-07:00,49,72,2
2025-06-24T02:30:00-07:00,49,72,1.9
2025-06-24T03:00:00-07:00,49,72,2.4
2025-06-24T03:30:00-07:00,50,72,2.2
2025-06-24T04:00:00-07:00,49,71,1.2
2025-06-24T04:30:00-07:00,49,71,1.5
2025-06-24T05:00:00-07:00,50,71,1.8
2025-06-24T05:30:00-07:00,50,71,1.8
2025-06-24T06:00:00-07:00,50,71,1.7
2025-06-24T06:30:00-07:00,50,71,1.7
2025-06-24T07:00:00-07:00,50,71,1.5
2025-06-24T07:30:00-07:00,51,71,1.3
2025-06-24T08:00:00-07:00,51,71,1.5
2025-06-24T08:30:00-07:00,51,71,1.7
2025-06-24T09:00:00-07:00,50,72,2.1
2025-06-24T09:30:00-07:00,50,72,2.2
2025-06-24T10:00:00-07:00,50,72,2.1
2025-06-24T10:30:00-07:00,49,73,2.3
2025-06-24T11:00:00-07:00,49,73,2.5
2025-06-24T11:30:00-07:00,48,74,2.9
2025-06-24T12:00:00-07:00,48,75,3.1
2025-06-24T12:30:00-07:00,47,76,2.9
2025-06-24T13:00:00-07:00,46,76,2.7
2025-06-24T13:30:00-07:00,45,77,2.6
2025-06-24T14:00:00-07:00,45,77,2.9
2025-06-24T14:30:00-07:00,44,78,3.1
2025-06-24T15:00:00-07:00,43,78,2.9
2025-06-24T15:30:00-07:00,43,78,3
2025-06-24T16:00:00-07:00,43,78,2.8
2025-06-24T16:30:00-07:00,43,78,2.6
2025-06-24T17:00:00-07:00,43,78,2.6
2025-06-24T17:30:00-07:00,44,77,3
2025-06-24T18:00:00-07:00,44,77,2.9
2025-06-24T18:30:00-07:00,45,76,2.6
2025-06-24T19:00:00-07:00,45,76,2.6
2025-06-24T19:30:00-07:00,46,75,2.9
2025-06-24T20:00:00-07:00,47,74,3.2
2025-06-24T20:30:00-07:00,47,73,3.5
2025-06-24T21:00:00-07:00,48,73,3.2
2025-06-24T21:30:00-07:00,49,72,3
2025-06-24T22:00:00-07:00,49,72,2.5
2025-06-24T22:30:00-07:00,50,72,2.7
2025-06-24T23:00:00-07:00,50,72,2.8
2025-06-24T23:30:00-07:00,50,72,2.2
2025-06-25T00:00:00-07:00,50,72,2.4
2025-06-25T00:30:00-07:00,50,72,2.4
2025-06-25T01:00:00-07:00,50,71,2.9
2025-06-25T01:30:00-07:00,50,71,2.7
2025-06-25T02:00:00-07:00,50,71,2
2025-06-25T02:30:00-07:00,50,71,1.9
2025-06-25T03:00:00-07:00,50,71,1.7
2025-06-25T03:30:00-07:00,51,70,1.6
2025-06-25T04:00:00-07:00,51,71,2
2025-06-25T04:30:00-07:00,50,71,2.5
2025-06-25T05:00:00-07:00,51,71,2.8
2025-06-25T05:30:00-07:00,51,71,3.1
2025-06-25T06:00:00-07:00,51,71,3.3
2025-06-25T06:30:00-07:00,52,70,3.5
2025-06-25T07:00:00-07:00,52,70,3.7
2025-06-25T07:30:00-07:00,52,70,4.1
2025-06-25T08:00:00-07:00,53,70,4.6
2025-06-25T08:30:00-07:00,52,71,4.6
2025-06-25T09:00:00-07:00,53,71,4.9
2025-06-25T09:30:00-07:00,53,71,5.4
2025-06-25T10:00:00-07:00,53,71,6.1
2025-06-25T10:30:00-07:00,52,72,6.9
2025-06-25T11:00:00-07:00,52,73,6.5
2025-06-25T11:30:00-07:00,51,74,6.9
2025-06-25T12:00:00-07:00,50,75,6.7
2025-06-25T12:30:00-07:00,49,76,6.5
2025-06-25T13:00:00-07:00,48,77,6.3
2025-06-25T13:30:00-07:00,47,78,6.7
2025-06-25T14:00:00-07:00,46,78,7.5
2025-06-25T14:30:00-07:00,45,79,7.9
2025-06-25T15:00:00-07:00,44,79,6.7
2025-06-25T15:30:00-07:00,43,80,6
2025-06-25T16:00:00-07:00,42,80,6.3
2025-06-25T16:30:00-07:00,42,79,5.9
2025-06-25T17:00:00-07:00,42,79,4.2
2025-06-25T17:30:00-07:00,43,78,3
2025-06-25T18:00:00-07:00,44,78,2.6
2025-06-25T18:30:00-07:00,45,77,2.4
2025-06-25T19:00:00-07:00,45,76,2.5
2025-06-25T19:30:00-07:00,46,76,2.3
2025-06-25T20:00:00-07:00,47,75,2
2025-06-25T20:30:00-07:00,47,74,1.5
2025-06-25T21:00:00-07:00,48,73,1.8
2025-06-25T21:30:00-07:00,48,73,1.3
2025-06-25T22:00:00-07:00,48,73,1.4
2025-06-25T22:30:00-07:00,49,72,1.5
2025-06-25T23:00:00-07:00,49,72,1.6
2025-06-25T23:30:00-07:00,49,71,1.9
2025-06-26T00:00:00-07:00,49,71,2.2
2025-06-26T00:30:00-07:00,50,71,2.8
2025-06-26T01:00:00-07:00,50,71,2.5
2025-06-26T01:30:00-07:00,50,71,2.7
2025-06-26T02:00:00-07:00,50,70,2.8
2025-06-26T02:30:00-07:00,50,70,2.7
2025-06-26T03:00:00-07:00,51,70,3
2025-06-26T03:30:00-07:00,51,70,3.3
2025-06-26T04:00:00-07:00,51,70,3.1
2025-06-26T04:30:00-07:00,52,70,3
2025-06-26T05:00:00-07:00,52,69,3
2025-06-26T05:30:00-07:00,53,69,3
2025-06-26T06:00:00-07:00,53,69,3.1
2025-06-26T06:30:00-07:00,54,69,3.2
2025-06-26T07:00:00-07:00,55,70,2.6
2025-06-26T07:30:00-07:00,55,70,3
2025-06-26T08:00:00-07:00,54,70,3.1
2025-06-26T08:30:00-07:00,53,71,3.1
2025-06-26T09:00:00-07:00,52,71,3.1
2025-06-26T09:30:00-07:00,51,72,3.6
2025-06-26T10:00:00-07:00,51,73,3.8
2025-06-26T10:30:00-07:00,51,73,4
2025-06-26T11:00:00-07:00,50,74,3.9
2025-06-26T11:30:00-07:00,50,75,3.6
2025-06-26T12:00:00-07:00,49,76,3.4
2025-06-26T12:30:00-07:00,48,76,3.1
2025-06-26T13:00:00-07:00,47,77,2.8
2025-06-26T13:30:00-07:00,46,77,2.9
2025-06-26T14:00:00-07:00,45,78,2.6
2025-06-26T14:30:00-07:00,44,79,2.3
2025-06-26T15:00:00-07:00,43,79,2.5
2025-06-26T15:30:00-07:00,43,80,2.2
2025-06-26T16:00:00-07:00,43,80,1.9
2025-06-26T16:30:00-07:00,42,80,2
2025-06-26T17:00:00-07:00,42,80,1.8
2025-06-26T17:30:00-07:00,42,80,2
2025-06-26T18:00:00-07:00,42,79,2
2025-06-26T18:30:00-07:00,43,78,2
2025-06-26T19:00:00-07:00,44,77,2.1
2025-06-26T19:30:00-07:00,45,77,2
2025-06-26T20:00:00-07:00,45,76,2.1
2025-06-26T20:30:00-07:00,46,75,2.1
2025-06-26T21:00:00-07:00,47,75,2.2
2025-06-26T21:30:00-07:00,47,74,2.1
2025-06-26T22:00:00-07:00,47,74,2.1
2025-06-26T22:30:00-07:00,48,73,2.2
2025-06-26T23:00:00-07:00,48,73,2.3
2025-06-26T23:30:00-07:00,48,73,2.6
2025-06-27T00:00:00-07:00,49,72,2.6
2025-06-27T00:30:00-07:00,49,72,2.9
2025-06-27T01:00:00-07:00,50,72,3.1
2025-06-27T01:30:00-07:00,50,72,3.1
2025-06-27T02:00:00-07:00,50,71,3
2025-06-27T02:30:00-07:00,50,71,3.1
2025-06-27T03:00:00-07:00,50,71,3.1
2025-06-27T03:30:00-07:00,50,70,3.3
2025-06-27T04:00:00-07:00,50,70,3.3
2025-06-27T04:30:00-07:00,50,70,3.1
2025-06-27T05:00:00-07:00,51,70,2.8
2025-06-27T05:30:00-07:00,51,70,2.7
2025-06-27T06:00:00-07:00,51,69,2.9
2025-06-27T06:30:00-07:00,52,70,3.3
2025-06-27T07:00:00-07:00,54,70,3.2
2025-06-27T07:30:00-07:00,55,71,3.2
2025-06-27T08:00:00-07:00,55,71,3.5
2025-06-27T08:30:00-07:00,54,72,3.9
2025-06-27T09:00:00-07:00,53,73,3.9
2025-06-27T09:30:00-07:00,52,74,4
2025-06-27T10:00:00-07:00,51,75,3.7
2025-06-27T10:30:00-07:00,49,76,3.7
2025-06-27T11:00:00-07:00,48,77,3.7
2025-06-27T11:30:00-07:00,48,78,3.6
2025-06-27T12:00:00-07:00,47,79,3.3
2025-06-27T12:30:00-07:00,44,80,2.7
2025-06-27T13:00:00-07:00,41,81,2.2
2025-06-27T13:30:00-07:00,39,82,2.6
2025-06-27T14:00:00-07:00,39,83,3.4
2025-06-27T14:30:00-07:00,39,83,3.5
2025-06-27T15:00:00-07:00,37,84,2.5
2025-06-27T15:30:00-07:00,37,84,2.7
2025-06-27T16:00:00-07:00,37,85,2.5
2025-06-27T16:30:00-07:00,38,85,2.6
2025-06-27T17:00:00-07:00,39,85,3.1
2025-06-27T17:30:00-07:00,39,84,3.3
2025-06-27T18:00:00-07:00,40,83,3.5
2025-06-27T18:30:00-07:00,40,83,3.6
2025-06-27T19:00:00-07:00,41,82,4
2025-06-27T19:30:00-07:00,42,81,4.2
2025-06-27T20:00:00-07:00,42,80,4.4
2025-06-27T20:30:00-07:00,43,79,4.4
2025-06-27T21:00:00-07:00,44,78,4.2
2025-06-27T21:30:00-07:00,45,78,4.4
2025-06-27T22:00:00-07:00,45,78,4.7
2025-06-27T22:30:00-07:00,44,77,4.9
2025-06-27T23:00:00-07:00,45,77,4.8
2025-06-27T23:30:00-07:00,45,76,5.2
2025-06-28T00:00:00-07:00,46,76,5.2
2025-06-28T00:30:00-07:00,46,75,5.4
2025-06-28T01:00:00-07:00,47,75,8.7
2025-06-28T01:30:00-07:00,47,75,6.4
2025-06-28T02:00:00-07:00,48,75,6.3
2025-06-28T02:30:00-07:00,48,74,6.8
2025-06-28T03:00:00-07:00,49,74,6.3
2025-06-28T03:30:00-07:00,49,73,6.5
2025-06-28T04:00:00-07:00,50,73,7.2
2025-06-28T04:30:00-07:00,50,73,7.1
2025-06-28T05:00:00-07:00,50,73,6.9
2025-06-28T05:30:00-07:00,50,73,6.9
2025-06-28T06:00:00-07:00,50,72,6.7
2025-06-28T06:30:00-07:00,52,72,5.2
2025-06-28T07:00:00-07:00,51,73,6
2025-06-28T07:30:00-07:00,51,73,5.3
2025-06-28T08:00:00-07:00,50,73,4.8
2025-06-28T08:30:00-07:00,49,74,4.6
2025-06-28T09:00:00-07:00,49,75,4.5
2025-06-28T09:30:00-07:00,48,76,4.1
2025-06-28T10:00:00-07:00,47,77,4.4
2025-06-28T10:30:00-07:00,46,78,4.3
2025-06-28T11:00:00-07:00,44,79,4.6
2025-06-28T11:30:00-07:00,42,80,4.8
2025-06-28T12:00:00-07:00,42,81,4.9
2025-06-28T12:30:00-07:00,40,83,5.3
2025-06-28T13:00:00-07:00,43,84,5.8
2025-06-28T13:30:00-07:00,43,84,5.5
2025-06-28T14:00:00-07:00,41,85,4.4
2025-06-28T14:30:00-07:00,39,86,3.8
2025-06-28T15:00:00-07:00,38,87,4.4
2025-06-28T15:30:00-07:00,37,88,4.5
2025-06-28T16:00:00-07:00,36,88,4.6
2025-06-28T16:30:00-07:00,34,88,4.4
2025-06-28T17:00:00-07:00,33,88,4.3
2025-06-28T17:30:00-07:00,33,88,4.4
2025-06-28T18:00:00-07:00,33,88,4.4
2025-06-28T18:30:00-07:00,32,87,4.1
2025-06-28T19:00:00-07:00,32,87,4.3
2025-06-28T19:30:00-07:00,32,86,4.5
2025-06-28T20:00:00-07:00,31,85,4.7
2025-06-28T20:30:00-07:00,32,84,5.3
2025-06-28T21:00:00-07:00,33,83,5.3
2025-06-28T21:30:00-07:00,35,83,5.4
2025-06-28T22:00:00-07:00,36,81,5.3
2025-06-28T22:30:00-07:00,37,81,5.5
2025-06-28T23:00:00-07:00,38,80,6.3
2025-06-28T23:30:00-07:00,38,79,5.8
2025-06-29T00:00:00-07:00,39,78,5.1
2025-06-29T00:30:00-07:00,40,78,5.2
2025-06-29T01:00:00-07:00,41,77,5.1
2025-06-29T01:30:00-07:00,42,77,5.3
2025-06-29T02:00:00-07:00,42,77,5.4
2025-06-29T02:30:00-07:00,43,76,5.7
2025-06-29T03:00:00-07:00,43,76,5.6
2025-06-29T03:30:00-07:00,44,75,5.1
2025-06-29T04:00:00-07:00,44,75,5
2025-06-29T04:30:00-07:00,45,74,4.6
2025-06-29T05:00:00-07:00,45,74,4.6
2025-06-29T05:30:00-07:00,46,74,4.6
2025-06-29T06:00:00-07:00,46,73,4.7
2025-06-29T06:30:00-07:00,47,73,5.6
2025-06-29T07:00:00-07:00,47,73,5.3
2025-06-29T07:30:00-07:00,48,74,5.5
2025-06-29T08:00:00-07:00,48,74,5.9
2025-06-29T08:30:00-07:00,49,75,5.9
2025-06-29T09:00:00-07:00,49,75,5.3
2025-06-29T09:30:00-07:00,49,76,5
2025-06-29T10:00:00-07:00,48,77,5
2025-06-29T10:30:00-07:00,47,78,4.6
2025-06-29T11:00:00-07:00,46,79,4.5
2025-06-29T11:30:00-07:00,44,80,4.7
2025-06-29T12:00:00-07:00,42,81,5.3
2025-06-29T12:30:00-07:00,42,82,5.1
2025-06-29T13:00:00-07:00,42,83,5
2025-06-29T13:30:00-07:00,41,84,5.2
2025-06-29T14:00:00-07:00,39,85,4.4
2025-06-29T14:30:00-07:00,38,86,3.2
2025-06-29T15:00:00-07:00,36,86,2.7
2025-06-29T15:30:00-07:00,34,86,2.5
2025-06-29T16:00:00-07:00,32,87,1.9
2025-06-29T16:30:00-07:00,31,87,2
2025-06-29T17:00:00-07:00,32,87,2.3
2025-06-29T17:30:00-07:00,31,87,2.6
2025-06-29T18:00:00-07:00,31,87,3.1
2025-06-29T18:30:00-07:00,31,86,3.8
2025-06-29T19:00:00-07:00,32,85,4.5
2025-06-29T19:30:00-07:00,33,84,5
2025-06-29T20:00:00-07:00,33,83,4.8
2025-06-29T20:30:00-07:00,33,82,5.1
2025-06-29T21:00:00-07:00,34,81,5.6
2025-06-29T21:30:00-07:00,35,80,6.3
2025-06-29T22:00:00-07:00,36,80,7
2025-06-29T22:30:00-07:00,37,79,7.3
2025-06-29T23:00:00-07:00,38,79,7.4
2025-06-29T23:30:00-07:00,39,78,7.2
2025-06-30T00:00:00-07:00,40,78,6.8
2025-06-30T00:30:00-07:00,41,77,6.9
2025-06-30T01:00:00-07:00,41,77,6.3
2025-06-30T01:30:00-07:00,42,76,5.4
2025-06-30T02:00:00-07:00,43,76,4.9
2025-06-30T02:30:00-07:00,44,75,4.3
2025-06-30T03:00:00-07:00,44,75,3.4
2025-06-30T03:30:00-07:00,44,74,3.1
2025-06-30T04:00:00-07:00,45,74,3.7
2025-06-30T04:30:00-07:00,46,74,3.7
2025-06-30T05:00:00-07:00,46,73,3.7
2025-06-30T05:30:00-07:00,47,73,3.4
2025-06-30T06:00:00-07:00,47,73,3.1
2025-06-30T06:30:00-07:00,47,73,3.3
2025-06-30T07:00:00-07:00,48,73,4.2
2025-06-30T07:30:00-07:00,49,73,4.5
2025-06-30T08:00:00-07:00,49,73,3.5
2025-06-30T08:30:00-07:00,49,74,3.2
2025-06-30T09:00:00-07:00,49,74,2.7
2025-06-30T09:30:00-07:00,47,75,2.9
2025-06-30T10:00:00-07:00,46,76,2.9
2025-06-30T10:30:00-07:00,45,77,2.8
2025-06-30T11:00:00-07:00,44,78,3
2025-06-30T11:30:00-07:00,43,79,2.9
2025-06-30T12:00:00-07:00,42,80,2.9
2025-06-30T12:30:00-07:00,42,81,2.9
2025-06-30T13:00:00-07:00,41,82,2.8
2025-06-30T13:30:00-07:00,40,83,2.1
2025-06-30T14:00:00-07:00,40,83,2
2025-06-30T14:30:00-07:00,38,84,1.9
2025-06-30T15:00:00-07:00,37,85,2
2025-06-30T15:30:00-07:00,38,85,2.5
2025-06-30T16:00:00-07:00,37,86,2.5
2025-06-30T16:30:00-07:00,36,86,2.9
2025-06-30T17:00:00-07:00,35,86,2.8
2025-06-30T17:30:00-07:00,35,86,3.1
2025-06-30T18:00:00-07:00,35,85,3.6
2025-06-30T18:30:00-07:00,35,85,4.5
2025-06-30T19:00:00-07:00,36,83,4.9
2025-06-30T19:30:00-07:00,37,82,4.5
2025-06-30T20:00:00-07:00,38,81,4.6
2025-06-30T20:30:00-07:00,39,80,4.6
2025-06-30T21:00:00-07:00,40,79,5
2025-06-30T21:30:00-07:00,42,78,5.4
2025-06-30T22:00:00-07:00,42,78,5.9
2025-06-30T22:30:00-07:00,43,77,6.7
2025-06-30T23:00:00-07:00,44,76,6.5
2025-06-30T23:30:00-07:00,45,76,6.5
2025-07-01T00:00:00-07:00,46,75,6.7
2025-07-01T00:30:00-07:00,47,75,7.3
2025-07-01T01:00:00-07:00,47,74,7.3
2025-07-01T01:30:00-07:00,47,74,7.7
2025-07-01T02:00:00-07:00,48,74,7.7
2025-07-01T02:30:00-07:00,48,73,7.8
2025-07-01T03:00:00-07:00,49,73,7.7
2025-07-01T03:30:00-07:00,49,73,8.9
2025-07-01T04:00:00-07:00,49,72,9.1
2025-07-01T04:30:00-07:00,50,72,8.6
2025-07-01T05:00:00-07:00,51,73,8.6
2025-07-01T05:30:00-07:00,52,73,8.7
2025-07-01T06:00:00-07:00,53,73,9.1
2025-07-01T06:30:00-07:00,54,73,11.7
2025-07-01T07:00:00-07:00,55,73,13.2
2025-07-01T07:30:00-07:00,55,73,13.2
2025-07-01T08:00:00-07:00,55,74,13
2025-07-01T08:30:00-07:00,55,74,11.6
2025-07-01T09:00:00-07:00,54,74,9.8
2025-07-01T09:30:00-07:00,53,75,8.9
2025-07-01T10:00:00-07:00,51,76,8.5
2025-07-01T10:30:00-07:00,50,76,7.4
2025-07-01T11:00:00-07:00,48,77,6.6
2025-07-01T11:30:00-07:00,47,78,5.8
2025-07-01T12:00:00-07:00,45,79,5.5
2025-07-01T12:30:00-07:00,44,80,5.9
2025-07-01T13:00:00-07:00,45,81,7.8
2025-07-01T13:30:00-07:00,45,82,7.7
2025-07-01T14:00:00-07:00,44,83,6.7
2025-07-01T14:30:00-07:00,42,84,4.7
2025-07-01T15:00:00-07:00,41,85,3.8
2025-07-01T15:30:00-07:00,40,85,3.2
2025-07-01T16:00:00-07:00,40,86,2.7
2025-07-01T16:30:00-07:00,40,86,2.7
2025-07-01T17:00:00-07:00,39,86,2.3
2025-07-01T17:30:00-07:00,39,85,2.5
2025-07-01T18:00:00-07:00,39,84,3.2
2025-07-01T18:30:00-07:00,39,83,3.7
2025-07-01T19:00:00-07:00,39,83,4.6
2025-07-01T19:30:00-07:00,40,81,5.7
2025-07-01T20:00:00-07:00,41,80,5.6
2025-07-01T20:30:00-07:00,42,80,5.5
2025-07-01T21:00:00-07:00,41,79,4.6
2025-07-01T21:30:00-07:00,42,79,4.9
2025-07-01T22:00:00-07:00,43,78,4.6
2025-07-01T22:30:00-07:00,44,77,4.5
2025-07-01T23:00:00-07:00,45,76,4.3
2025-07-01T23:30:00-07:00,45,75,2.4
2025-07-02T00:00:00-07:00,46,74,2.7
2025-07-02T00:30:00-07:00,46,74,3
2025-07-02T01:00:00-07:00,47,74,3.1
2025-07-02T01:30:00-07:00,47,74,3.8
2025-07-02T02:00:00-07:00,49,73,3.4
2025-07-02T02:30:00-07:00,50,73,3
2025-07-02T03:00:00-07:00,50,73,3.1
2025-07-02T03:30:00-07:00,51,73,3.6
2025-07-02T04:00:00-07:00,51,73,3.8
2025-07-02T04:30:00-07:00,52,73,4
2025-07-02T05:00:00-07:00,52,73,4
2025-07-02T05:30:00-07:00,52,73,3.8
2025-07-02T06:00:00-07:00,52,73,3.9
2025-07-02T06:30:00-07:00,53,73,4
2025-07-02T07:00:00-07:00,53,73,4.5
2025-07-02T07:30:00-07:00,54,73,5.3
2025-07-02T08:00:00-07:00,59,73,5.3
2025-07-02T08:30:00-07:00,60,73,4.6
2025-07-02T09:00:00-07:00,59,74,4.8
2025-07-02T09:30:00-07:00,59,74,5.1
2025-07-02T10:00:00-07:00,59,75,5.4
2025-07-02T10:30:00-07:00,57,76,6.1
2025-07-02T11:00:00-07:00,55,77,8.6
2025-07-02T11:30:00-07:00,54,78,5.8
2025-07-02T12:00:00-07:00,53,79,6.4
2025-07-02T12:30:00-07:00,52,79,6.3
2025-07-02T13:00:00-07:00,50,80,5.5
2025-07-02T13:30:00-07:00,49,81,4.6
2025-07-02T14:00:00-07:00,47,82,3.1
2025-07-02T14:30:00-07:00,45,82,3.3
2025-07-02T15:00:00-07:00,44,83,3.3
2025-07-02T15:30:00-07:00,43,83,3.5
2025-07-02T16:00:00-07:00,42,83,3.9
2025-07-02T16:30:00-07:00,42,83,4.5
2025-07-02T17:00:00-07:00,42,82,5
2025-07-02T17:30:00-07:00,42,82,5
2025-07-02T18:00:00-07:00,41,81,5.4
2025-07-02T18:30:00-07:00,42,81,5.6
2025-07-02T19:00:00-07:00,43,80,6.3
2025-07-02T19:30:00-07:00,43,78,6.7
2025-07-02T20:00:00-07:00,43,77,6.7
2025-07-02T20:30:00-07:00,44,76,7
2025-07-02T21:00:00-07:00,44,76,7
2025-07-02T21:30:00-07:00,45,75,7.4
2025-07-02T22:00:00-07:00,45,75,7.9
2025-07-02T22:30:00-07:00,46,74,7.4
2025-07-02T23:00:00-07:00,47,74,7.5
2025-07-02T23:30:00-07:00,47,74,7.4
2025-07-03T00:00:00-07:00,47,73,7.4
2025-07-03T00:30:00-07:00,48,73,6.6
2025-07-03T01:00:00-07:00,49,73,6
2025-07-03T01:30:00-07:00,49,73,5.8
2025-07-03T02:00:00-07:00,49,73,6
2025-07-03T02:30:00-07:00,49,72,6
2025-07-03T03:00:00-07:00,50,72,5.9
2025-07-03T03:30:00-07:00,50,72,5.7
2025-07-03T04:00:00-07:00,49,72,5.7
2025-07-03T04:30:00-07:00,49,71,6
2025-07-03T05:00:00-07:00,49,71,5.9
2025-07-03T05:30:00-07:00,49,71,6.1
2025-07-03T06:00:00-07:00,50,70,6.3
2025-07-03T06:30:00-07:00,50,70,7.1
2025-07-03T07:00:00-07:00,52,71,5.8
2025-07-03T07:30:00-07:00,53,71,4.7
2025-07-03T08:00:00-07:00,52,72,4.7
2025-07-03T08:30:00-07:00,52,72,4.4
2025-07-03T09:00:00-07:00,52,73,4.6
2025-07-03T09:30:00-07:00,51,74,4.5
2025-07-03T10:00:00-07:00,51,74,4.8
2025-07-03T10:30:00-07:00,50,75,3.5
2025-07-03T11:00:00-07:00,49,76,3.1
2025-07-03T11:30:00-07:00,49,77,2.9
2025-07-03T12:00:00-07:00,47,77,2.3
2025-07-03T12:30:00-07:00,46,77,2.1
2025-07-03T13:00:00-07:00,45,78,2.2
2025-07-03T13:30:00-07:00,44,78,1.9
2025-07-03T14:00:00-07:00,43,79,1.5
2025-07-03T14:30:00-07:00,43,79,1.6
2025-07-03T15:00:00-07:00,42,79,1.9
2025-07-03T15:30:00-07:00,42,79,1.8
2025-07-03T16:00:00-07:00,42,79,1.9
2025-07-03T16:30:00-07:00,42,79,2.2
2025-07-03T17:00:00-07:00,41,79,2.2
2025-07-03T17:30:00-07:00,41,79,2.1
2025-07-03T18:00:00-07:00,41,79,2.4
2025-07-03T18:30:00-07:00,42,78,2.4
2025-07-03T19:00:00-07:00,42,78,2.6
2025-07-03T19:30:00-07:00,43,78,2.5
2025-07-03T20:00:00-07:00,43,77,2.6
2025-07-03T20:30:00-07:00,43,76,2.6
2025-07-03T21:00:00-07:00,44,75,2.7
2025-07-03T21:30:00-07:00,45,75,2.6
2025-07-03T22:00:00-07:00,45,74,2.7
2025-07-03T22:30:00-07:00,46,74,2.8
2025-07-03T23:00:00-07:00,46,74,2.9
2025-07-03T23:30:00-07:00,46,73,3.1
2025-07-04T00:00:00-07:00,47,73,3.6
2025-07-04T00:30:00-07:00,47,73,3.4
2025-07-04T01:00:00-07:00,48,72,3.3
2025-07-04T01:30:00-07:00,48,72,3.2
2025-07-04T02:00:00-07:00,48,72,3.2
2025-07-04T02:30:00-07:00,48,72,3.2
2025-07-04T03:00:00-07:00,48,72,3.1
2025-07-04T03:30:00-07:00,49,72,3.3
2025-07-04T04:00:00-07:00,49,71,2.9
2025-07-04T04:30:00-07:00,49,71,3
2025-07-04T05:00:00-07:00,49,71,3.2
2025-07-04T05:30:00-07:00,50,71,3.1
2025-07-04T06:00:00-07:00,50,71,3.3
2025-07-04T06:30:00-07:00,51,71,3.2
2025-07-04T07:00:00-07:00,51,71,3
2025-07-04T07:30:00-07:00,51,71,2.8
2025-07-04T08:00:00-07:00,50,72,3
2025-07-04T08:30:00-07:00,49,72,2.6
2025-07-04T09:00:00-07:00,48,72,2.3
2025-07-04T09:30:00-07:00,47,73,2.3
2025-07-04T10:00:00-07:00,45,74,2.2
2025-07-04T10:30:00-07:00,43,75,1.9
2025-07-04T11:00:00-07:00,41,75,1.9
2025-07-04T11:30:00-07:00,41,76,2.1
2025-07-04T12:00:00-07:00,42,77,2.2
2025-07-04T12:30:00-07:00,41,78,2.1
2025-07-04T13:00:00-07:00,40,78,1.9
2025-07-04T13:30:00-07:00,40,79,1.8
2025-07-04T14:00:00-07:00,40,79,1.7
2025-07-04T14:30:00-07:00,39,80,1.5
2025-07-04T15:00:00-07:00,38,80,1.5
2025-07-04T15:30:00-07:00,38,80,1.5
2025-07-04T16:00:00-07:00,37,80,3.8
2025-07-04T16:30:00-07:00,37,80,1.6
2025-07-04T17:00:00-07:00,36,79,1.4
2025-07-04T17:30:00-07:00,37,79,1.2
2025-07-04T18:00:00-07:00,37,78,1.2
2025-07-04T18:30:00-07:00,38,77,1.1
2025-07-04T19:00:00-07:00,38,76,1.3
2025-07-04T19:30:00-07:00,39,76,1.2
2025-07-04T20:00:00-07:00,39,75,1.2
2025-07-04T20:30:00-07:00,40,74,3.2
2025-07-04T21:00:00-07:00,40,74,4.7
2025-07-04T21:30:00-07:00,41,74,6.9
2025-07-04T22:00:00-07:00,42,73,7
2025-07-04T22:30:00-07:00,43,73,6.7
2025-07-04T23:00:00-07:00,44,73,7.5
2025-07-04T23:30:00-07:00,44,73,6.9
2025-07-05T00:00:00-07:00,45,73,4.4
2025-07-05T00:30:00-07:00,45,73,4.3
2025-07-05T01:00:00-07:00,46,72,3.1
2025-07-05T01:30:00-07:00,46,72,2.6
2025-07-05T02:00:00-07:00,47,72,2.4
2025-07-05T02:30:00-07:00,47,72,2.7
2025-07-05T03:00:00-07:00,48,71,2.7
2025-07-05T03:30:00-07:00,48,71,2.6
2025-07-05T04:00:00-07:00,49,71,2.9
2025-07-05T04:30:00-07:00,49,71,3
2025-07-05T05:00:00-07:00,49,70,2.6
2025-07-05T05:30:00-07:00,50,70,2.6
2025-07-05T06:00:00-07:00,50,70,2.7
2025-07-05T06:30:00-07:00,51,70,2.5
2025-07-05T07:00:00-07:00,51,70,2.7
2025-07-05T07:30:00-07:00,52,71,3.2
2025-07-05T08:00:00-07:00,52,71,3.9
2025-07-05T08:30:00-07:00,50,71,4.9
2025-07-05T09:00:00-07:00,49,72,4.9
2025-07-05T09:30:00-07:00,48,73,4.6
2025-07-05T10:00:00-07:00,47,73,3.2
2025-07-05T10:30:00-07:00,46,74,3.2
2025-07-05T11:00:00-07:00,45,75,3.2
2025-07-05T11:30:00-07:00,43,76,2.8
2025-07-05T12:00:00-07:00,43,77,3.2
2025-07-05T12:30:00-07:00,43,78,3.3
2025-07-05T13:00:00-07:00,41,79,3.4
2025-07-05T13:30:00-07:00,40,79,3.4
2025-07-05T14:00:00-07:00,40,80,4
2025-07-05T14:30:00-07:00,40,81,3.7
2025-07-05T15:00:00-07:00,39,81,3.2
2025-07-05T15:30:00-07:00,38,81,3.3
2025-07-05T16:00:00-07:00,38,81,3.4
2025-07-05T16:30:00-07:00,38,81,3.5
2025-07-05T17:00:00-07:00,38,81,3.6
2025-07-05T17:30:00-07:00,39,81,3.5
2025-07-05T18:00:00-07:00,39,80,3.8
2025-07-05T18:30:00-07:00,40,80,4.1
2025-07-05T19:00:00-07:00,41,79,4.4
2025-07-05T19:30:00-07:00,42,77,4.7
2025-07-05T20:00:00-07:00,44,76,4.4
2025-07-05T20:30:00-07:00,44,76,4.6
2025-07-05T21:00:00-07:00,45,75,4.5
2025-07-05T21:30:00-07:00,46,74,4.7
2025-07-05T22:00:00-07:00,47,74,4.1
2025-07-05T22:30:00-07:00,47,73,4.2
2025-07-05T23:00:00-07:00,48,73,3.9
2025-07-05T23:30:00-07:00,48,72,4.4
2025-07-06T00:00:00-07:00,48,72,4.2
2025-07-06T00:30:00-07:00,49,72,4.1
2025-07-06T01:00:00-07:00,49,72,4.5
2025-07-06T01:30:00-07:00,49,72,4.9
2025-07-06T02:00:00-07:00,50,72,5.7
2025-07-06T02:30:00-07:00,50,71,6.1
2025-07-06T03:00:00-07:00,50,71,5.6
2025-07-06T03:30:00-07:00,50,71,5.2
2025-07-06T04:00:00-07:00,51,71,4.9
2025-07-06T04:30:00-07:00,51,71,4.9
2025-07-06T05:00:00-07:00,51,71,4.4
2025-07-06T05:30:00-07:00,51,71,3.9
2025-07-06T06:00:00-07:00,52,71,4.4
2025-07-06T06:30:00-07:00,52,71,4.5
2025-07-06T07:00:00-07:00,52,71,4.7
2025-07-06T07:30:00-07:00,52,71,4.8
2025-07-06T08:00:00-07:00,52,71,4.7
2025-07-06T08:30:00-07:00,52,72,4.6
2025-07-06T09:00:00-07:00,51,72,4.8
2025-07-06T09:30:00-07:00,51,73,4.9
2025-07-06T10:00:00-07:00,50,74,4.8
2025-07-06T10:30:00-07:00,49,75,4.7
2025-07-06T11:00:00-07:00,48,76,4.7
2025-07-06T11:30:00-07:00,47,77,4.8
2025-07-06T12:00:00-07:00,45,77,5.2
2025-07-06T12:30:00-07:00,45,78,5.1
2025-07-06T13:00:00-07:00,43,79,3.9
2025-07-06T13:30:00-07:00,41,80,3.8
2025-07-06T14:00:00-07:00,41,81,4.1
2025-07-06T14:30:00-07:00,40,82,4
2025-07-06T15:00:00-07:00,39,82,3.6
2025-07-06T15:30:00-07:00,39,83,3.8
2025-07-06T16:00:00-07:00,38,83,4.1
2025-07-06T16:30:00-07:00,37,83,3.9
2025-07-06T17:00:00-07:00,37,83,4.5
2025-07-06T17:30:00-07:00,37,83,4.3
2025-07-06T18:00:00-07:00,37,82,4.4
2025-07-06T18:30:00-07:00,38,82,4.6
2025-07-06T19:00:00-07:00,39,82,4.6
2025-07-06T19:30:00-07:00,40,81,5
2025-07-06T20:00:00-07:00,41,80,5.3
2025-07-06T20:30:00-07:00,42,79,5.3
2025-07-06T21:00:00-07:00,43,78,6.1
2025-07-06T21:30:00-07:00,43,77,6
2025-07-06T22:00:00-07:00,44,77,6.1
2025-07-06T22:30:00-07:00,45,76,6.2
2025-07-06T23:00:00-07:00,45,75,6.2
2025-07-06T23:30:00-07:00,46,75,6.4
2025-07-07T00:00:00-07:00,46,74,7.7
2025-07-07T00:30:00-07:00,47,74,9.4
2025-07-07T01:00:00-07:00,47,74,9.5
2025-07-07T01:30:00-07:00,47,73,7
2025-07-07T02:00:00-07:00,48,73,6
2025-07-07T02:30:00-07:00,49,72,7.1
2025-07-07T03:00:00-07:00,50,72,7.4
2025-07-07T03:30:00-07:00,50,72,8.1
2025-07-07T04:00:00-07:00,50,72,7.9
2025-07-07T04:30:00-07:00,51,72,8.2
2025-07-07T05:00:00-07:00,52,72,7.9
2025-07-07T05:30:00-07:00,52,72,8.2
2025-07-07T06:00:00-07:00,52,72,8.9
2025-07-07T06:30:00-07:00,50,71,6.6
2025-07-07T07:00:00-07:00,51,71,8.2
2025-07-07T07:30:00-07:00,51,71,8.7
2025-07-07T08:00:00-07:00,52,71,9.1
2025-07-07T08:30:00-07:00,52,72,9.9
2025-07-07T09:00:00-07:00,52,72,11.2
2025-07-07T09:30:00-07:00,51,72,12.5
2025-07-07T10:00:00-07:00,50,73,10.1
2025-07-07T10:30:00-07:00,49,74,9.1
2025-07-07T11:00:00-07:00,46,75,7.6
2025-07-07T11:30:00-07:00,47,76,8
2025-07-07T12:00:00-07:00,47,77,9
2025-07-07T12:30:00-07:00,46,78,7
2025-07-07T13:00:00-07:00,45,79,6.9
2025-07-07T13:30:00-07:00,45,80,6.2
2025-07-07T14:00:00-07:00,44,81,5.8
2025-07-07T14:30:00-07:00,42,82,3.9
2025-07-07T15:00:00-07:00,41,82,2.8
2025-07-07T15:30:00-07:00,41,83,2.5
2025-07-07T16:00:00-07:00,40,83,2
2025-07-07T16:30:00-07:00,40,83,1.8
2025-07-07T17:00:00-07:00,40,83,1.7
2025-07-07T17:30:00-07:00,39,83,2.2
2025-07-07T18:00:00-07:00,39,82,2
2025-07-07T18:30:00-07:00,39,81,2.1
2025-07-07T19:00:00-07:00,39,80,1.8
2025-07-07T19:30:00-07:00,40,79,1.7
2025-07-07T20:00:00-07:00,41,79,1.6
2025-07-07T20:30:00-07:00,42,78,1.5
2025-07-07T21:00:00-07:00,42,77,1.6
2025-07-07T21:30:00-07:00,43,76,1.1
2025-07-07T22:00:00-07:00,44,76,1.1
2025-07-07T22:30:00-07:00,44,75,1.2
2025-07-07T23:00:00-07:00,45,75,1.3
2025-07-07T23:30:00-07:00,46,75,1.3
2025-07-08T00:00:00-07:00,46,74,1.4
2025-07-08T00:30:00-07:00,47,74,1.3
2025-07-08T01:00:00-07:00,47,74,1.6
2025-07-08T01:30:00-07:00,48,73,1.8
2025-07-08T02:00:00-07:00,48,73,1.9
2025-07-08T02:30:00-07:00,49,73,2.5
2025-07-08T03:00:00-07:00,49,73,2.6
2025-07-08T03:30:00-07:00,49,73,2.4
2025-07-08T04:00:00-07:00,49,73,2.4
2025-07-08T04:30:00-07:00,50,73,2.4
2025-07-08T05:00:00-07:00,50,73,2.7
2025-07-08T05:30:00-07:00,49,72,2.6
2025-07-08T06:00:00-07:00,49,72,3
2025-07-08T06:30:00-07:00,50,72,3.5
2025-07-08T07:00:00-07:00,50,72,4.3
2025-07-08T07:30:00-07:00,50,72,4.3
2025-07-08T08:00:00-07:00,50,72,4.3
2025-07-08T08:30:00-07:00,49,72,4.7
2025-07-08T09:00:00-07:00,49,73,7.1
2025-07-08T09:30:00-07:00,49,73,5.9
2025-07-08T10:00:00-07:00,48,74,5
2025-07-08T10:30:00-07:00,47,75,4
2025-07-08T11:00:00-07:00,44,76,3.7
2025-07-08T11:30:00-07:00,45,77,4.4
2025-07-08T12:00:00-07:00,44,78,3.4
2025-07-08T12:30:00-07:00,43,79,2.6
2025-07-08T13:00:00-07:00,42,80,2.2
2025-07-08T13:30:00-07:00,42,80,1.7
2025-07-08T14:00:00-07:00,41,81,1.1
2025-07-08T14:30:00-07:00,41,82,1
2025-07-08T15:00:00-07:00,41,82,0.4
2025-07-08T15:30:00-07:00,40,82,0.1
2025-07-08T16:00:00-07:00,40,83,0
2025-07-08T16:30:00-07:00,40,82,0
2025-07-08T17:00:00-07:00,40,82,0
2025-07-08T17:30:00-07:00,40,82,0.2
2025-07-08T18:00:00-07:00,40,81,0.1
2025-07-08T18:30:00-07:00,41,81,0.3
2025-07-08T19:00:00-07:00,41,80,0.2
2025-07-08T19:30:00-07:00,42,79,0.1
2025-07-08T20:00:00-07:00,43,78,0.3
2025-07-08T20:30:00-07:00,44,77,0.3
2025-07-08T21:00:00-07:00,45,77,0.5
2025-07-08T21:30:00-07:00,47,76,0.6
2025-07-08T22:00:00-07:00,47,76,0.8
2025-07-08T22:30:00-07:00,48,76,1
2025-07-08T23:00:00-07:00,48,75,0.7
2025-07-08T23:30:00-07:00,49,75,0.3
2025-07-09T00:00:00-07:00,50,75,0.4
2025-07-09T00:30:00-07:00,50,75,0.9
2025-07-09T01:00:00-07:00,51,75,1.7
2025-07-09T01:30:00-07:00,51,74,1.9
2025-07-09T02:00:00-07:00,51,74,2.5
2025-07-09T02:30:00-07:00,51,74,2.2
2025-07-09T03:00:00-07:00,51,74,2.4
2025-07-09T03:30:00-07:00,51,74,2.6
2025-07-09T04:00:00-07:00,51,74,2.4
2025-07-09T04:30:00-07:00,51,74,1.9
2025-07-09T05:00:00-07:00,52,74,1.8
2025-07-09T05:30:00-07:00,53,74,1.7
2025-07-09T06:00:00-07:00,52,74,1
2025-07-09T06:30:00-07:00,52,74,1.1
2025-07-09T07:00:00-07:00,53,73,1.7
2025-07-09T07:30:00-07:00,53,73,1.8
2025-07-09T08:00:00-07:00,53,73,2.1
2025-07-09T08:30:00-07:00,53,73,1.9
2025-07-09T09:00:00-07:00,52,73,2.1
2025-07-09T09:30:00-07:00,52,74,3.5
2025-07-09T10:00:00-07:00,51,74,4.8
2025-07-09T10:30:00-07:00,50,74,4.1
2025-07-09T11:00:00-07:00,49,75,4.6
2025-07-09T11:30:00-07:00,48,76,5.2
2025-07-09T12:00:00-07:00,47,77,4.6
2025-07-09T12:30:00-07:00,45,77,3.2
2025-07-09T13:00:00-07:00,45,78,2.3
2025-07-09T13:30:00-07:00,43,79,1.8
2025-07-09T14:00:00-07:00,43,80,1.8
2025-07-09T14:30:00-07:00,43,81,1.5
2025-07-09T15:00:00-07:00,43,81,1.5
2025-07-09T15:30:00-07:00,42,82,1.6
2025-07-09T16:00:00-07:00,41,82,1.7
2025-07-09T16:30:00-07:00,41,83,1.2
2025-07-09T17:00:00-07:00,41,83,1.6
2025-07-09T17:30:00-07:00,41,83,1.7
2025-07-09T18:00:00-07:00,41,82,1.8
2025-07-09T18:30:00-07:00,43,82,1.7
2025-07-09T19:00:00-07:00,44,81,1.8
2025-07-09T19:30:00-07:00,43,80,1.8
2025-07-09T20:00:00-07:00,43,80,2
2025-07-09T20:30:00-07:00,45,79,2.2
2025-07-09T21:00:00-07:00,47,78,3
2025-07-09T21:30:00-07:00,48,77,3.3
2025-07-09T22:00:00-07:00,49,76,8.8
2025-07-09T22:30:00-07:00,49,76,4.6
2025-07-09T23:00:00-07:00,49,76,4
2025-07-09T23:30:00-07:00,49,75,4.9
2025-07-10T00:00:00-07:00,49,75,10.1
2025-07-10T00:30:00-07:00,49,74,7.8
2025-07-10T01:00:00-07:00,49,74,5.5
2025-07-10T01:30:00-07:00,49,74,6.5
2025-07-10T02:00:00-07:00,50,73,8.6
2025-07-10T02:30:00-07:00,51,73,6.3
2025-07-10T03:00:00-07:00,52,73,5.6
2025-07-10T03:30:00-07:00,53,73,4.4
2025-07-10T04:00:00-07:00,54,73,4.8
2025-07-10T04:30:00-07:00,54,73,6.1
2025-07-10T05:00:00-07:00,53,73,8.1
2025-07-10T05:30:00-07:00,54,72,10.6
2025-07-10T06:00:00-07:00,54,72,10.6
2025-07-10T06:30:00-07:00,55,72,12.4
2025-07-10T07:00:00-07:00,55,72,11
2025-07-10T07:30:00-07:00,56,73,9.4
2025-07-10T08:00:00-07:00,56,73,8.8
2025-07-10T08:30:00-07:00,55,73,8.9
2025-07-10T09:00:00-07:00,55,74,7.9
2025-07-10T09:30:00-07:00,54,75,6.2
2025-07-10T10:00:00-07:00,53,76,5.9
2025-07-10T10:30:00-07:00,52,77,5.2
2025-07-10T11:00:00-07:00,51,78,5.8
2025-07-10T11:30:00-07:00,49,79,7.2
2025-07-10T12:00:00-07:00,48,80,7.5
2025-07-10T12:30:00-07:00,47,81,8.1
2025-07-10T13:00:00-07:00,45,82,8.1
2025-07-10T13:30:00-07:00,43,83,7.3
2025-07-10T14:00:00-07:00,41,84,6.6
2025-07-10T14:30:00-07:00,39,85,6.4
2025-07-10T15:00:00-07:00,39,86,6
2025-07-10T15:30:00-07:00,38,87,6.6
2025-07-10T16:00:00-07:00,36,88,6.4
2025-07-10T16:30:00-07:00,34,88,6.6
2025-07-10T17:00:00-07:00,33,89,6.5
2025-07-10T17:30:00-07:00,32,89,6.9
2025-07-10T18:00:00-07:00,33,88,6.6
2025-07-10T18:30:00-07:00,34,88,5.8
2025-07-10T19:00:00-07:00,36,87,5.3
2025-07-10T19:30:00-07:00,37,87,4.9
2025-07-10T20:00:00-07:00,39,85,4.4
2025-07-10T20:30:00-07:00,40,84,4.5
2025-07-10T21:00:00-07:00,41,83,4.4
2025-07-10T21:30:00-07:00,42,82,4.6
2025-07-10T22:00:00-07:00,43,82,5.2
2025-07-10T22:30:00-07:00,43,81,5
2025-07-10T23:00:00-07:00,44,80,5.4
2025-07-10T23:30:00-07:00,44,79,5.7
2025-07-11T00:00:00-07:00,45,79,5.7
2025-07-11T00:30:00-07:00,45,78,5.7
2025-07-11T01:00:00-07:00,46,78,5.6
2025-07-11T01:30:00-07:00,46,77,5.5
2025-07-11T02:00:00-07:00,47,77,5.6
2025-07-11T02:30:00-07:00,47,76,5.7
2025-07-11T03:00:00-07:00,48,76,5.5
2025-07-11T03:30:00-07:00,49,76,6
2025-07-11T04:00:00-07:00,49,75,6.4
2025-07-11T04:30:00-07:00,50,75,6.8
2025-07-11T05:00:00-07:00,51,75,7.2
2025-07-11T05:30:00-07:00,51,74,7.6
2025-07-11T06:00:00-07:00,51,74,8.3
2025-07-11T06:30:00-07:00,53,74,8.8
2025-07-11T07:00:00-07:00,54,74,9
2025-07-11T07:30:00-07:00,54,75,9.5
2025-07-11T08:00:00-07:00,54,75,9.8
2025-07-11T08:30:00-07:00,54,76,9.7
2025-07-11T09:00:00-07:00,54,76,9.3
2025-07-11T09:30:00-07:00,53,77,9.6
2025-07-11T10:00:00-07:00,52,78,8.9
2025-07-11T10:30:00-07:00,52,79,8.8
2025-07-11T11:00:00-07:00,49,79,9.1
2025-07-11T11:30:00-07:00,49,81,10
2025-07-11T12:00:00-07:00,47,82,12.3
2025-07-11T12:30:00-07:00,46,83,12.2
2025-07-11T13:00:00-07:00,45,84,12.2
2025-07-11T13:30:00-07:00,44,85,11.3
2025-07-11T14:00:00-07:00,43,86,9.8
2025-07-11T14:30:00-07:00,42,86,8.9
2025-07-11T15:00:00-07:00,40,87,10.7
2025-07-11T15:30:00-07:00,40,87,11.3
2025-07-11T16:00:00-07:00,39,87,12
2025-07-11T16:30:00-07:00,38,88,13.6
2025-07-11T17:00:00-07:00,37,88,13.8
2025-07-11T17:30:00-07:00,37,88,10.1
2025-07-11T18:00:00-07:00,38,87,8.8
2025-07-11T18:30:00-07:00,38,87,7.5
2025-07-11T19:00:00-07:00,38,86,7.1
2025-07-11T19:30:00-07:00,38,85,6.7
2025-07-11T20:00:00-07:00,39,85,6.9
2025-07-11T20:30:00-07:00,39,84,6.7
2025-07-11T21:00:00-07:00,41,83,6.6
2025-07-11T21:30:00-07:00,42,82,7
2025-07-11T22:00:00-07:00,42,81,7.6
2025-07-11T22:30:00-07:00,43,80,7.8
2025-07-11T23:00:00-07:00,44,79,8.4
2025-07-11T23:30:00-07:00,44,79,8.5
2025-07-12T00:00:00-07:00,44,78,8.5
2025-07-12T00:30:00-07:00,44,78,9.1
2025-07-12T01:00:00-07:00,45,77,9
2025-07-12T01:30:00-07:00,46,77,8.5
2025-07-12T02:00:00-07:00,46,77,7.5
2025-07-12T02:30:00-07:00,47,76,6.6
2025-07-12T03:00:00-07:00,47,76,5.9
2025-07-12T03:30:00-07:00,48,75,5.6
2025-07-12T04:00:00-07:00,49,75,6.3
2025-07-12T04:30:00-07:00,49,75,7
2025-07-12T05:00:00-07:00,50,74,6.8
2025-07-12T05:30:00-07:00,51,74,7.3
2025-07-12T06:00:00-07:00,52,74,7.7
2025-07-12T06:30:00-07:00,53,74,9.3
2025-07-12T07:00:00-07:00,53,74,9.1
2025-07-12T07:30:00-07:00,54,74,7
2025-07-12T08:00:00-07:00,54,75,8.3
2025-07-12T08:30:00-07:00,54,75,9.9
2025-07-12T09:00:00-07:00,54,75,9.7
2025-07-12T09:30:00-07:00,54,76,9.3
2025-07-12T10:00:00-07:00,53,77,9.2
2025-07-12T10:30:00-07:00,51,77,9.2
2025-07-12T11:00:00-07:00,49,78,9.5
2025-07-12T11:30:00-07:00,49,79,9.5
2025-07-12T12:00:00-07:00,48,80,9.7
2025-07-12T12:30:00-07:00,47,81,9.2
2025-07-12T13:00:00-07:00,46,82,8.8
2025-07-12T13:30:00-07:00,45,83,8.5
2025-07-12T14:00:00-07:00,44,84,7.6
2025-07-12T14:30:00-07:00,43,85,6.5
2025-07-12T15:00:00-07:00,41,85,6.3
2025-07-12T15:30:00-07:00,40,86,6.4
2025-07-12T16:00:00-07:00,39,86,5.8
2025-07-12T16:30:00-07:00,39,86,5.4
2025-07-12T17:00:00-07:00,39,86,5.6
2025-07-12T17:30:00-07:00,39,86,5.9
2025-07-12T18:00:00-07:00,39,85,5.9
2025-07-12T18:30:00-07:00,39,85,6.6
2025-07-12T19:00:00-07:00,39,84,7
2025-07-12T19:30:00-07:00,39,83,7
2025-07-12T20:00:00-07:00,39,82,6.7
2025-07-12T20:30:00-07:00,40,81,6.8
2025-07-12T21:00:00-07:00,41,80,6.5
2025-07-12T21:30:00-07:00,42,79,6.2
2025-07-12T22:00:00-07:00,43,78,6.1
2025-07-12T22:30:00-07:00,44,77,6.4
2025-07-12T23:00:00-07:00,45,77,6.7
2025-07-12T23:30:00-07:00,46,76,6.4
2025-07-13T00:00:00-07:00,46,76,6.5
2025-07-13T00:30:00-07:00,47,75,8.8
2025-07-13T01:00:00-07:00,48,75,9.3
2025-07-13T01:30:00-07:00,49,74,8.9
2025-07-13T02:00:00-07:00,50,74,9
2025-07-13T02:30:00-07:00,50,74,8.6
2025-07-13T03:00:00-07:00,51,74,8.6
2025-07-13T03:30:00-07:00,52,74,8.9
2025-07-13T04:00:00-07:00,53,74,10.1
2025-07-13T04:30:00-07:00,53,74,10
2025-07-13T05:00:00-07:00,53,74,9.9
2025-07-13T05:30:00-07:00,54,74,10
2025-07-13T06:00:00-07:00,54,74,9.7
2025-07-13T06:30:00-07:00,54,74,9.6
2025-07-13T07:00:00-07:00,55,74,9.2
2025-07-13T07:30:00-07:00,55,74,8.7
2025-07-13T08:00:00-07:00,55,74,9.5
2025-07-13T08:30:00-07:00,56,74,9.2
2025-07-13T09:00:00-07:00,55,75,8.8
2025-07-13T09:30:00-07:00,55,75,8.4
2025-07-13T10:00:00-07:00,53,76,8.3
2025-07-13T10:30:00-07:00,53,76,7.9
2025-07-13T11:00:00-07:00,52,77,7.8
2025-07-13T11:30:00-07:00,50,78,8.1
2025-07-13T12:00:00-07:00,49,79,8.4
2025-07-13T12:30:00-07:00,48,80,8.8
2025-07-13T13:00:00-07:00,47,82,9.1
2025-07-13T13:30:00-07:00,47,82,8.8
2025-07-13T14:00:00-07:00,46,83,7
2025-07-13T14:30:00-07:00,44,84,4.3
2025-07-13T15:00:00-07:00,42,84,3.5
2025-07-13T15:30:00-07:00,41,85,2.6
2025-07-13T16:00:00-07:00,40,85,2.6
2025-07-13T16:30:00-07:00,39,86,2.6
2025-07-13T17:00:00-07:00,39,86,2.3
2025-07-13T17:30:00-07:00,39,85,2.2
2025-07-13T18:00:00-07:00,39,85,1.9
2025-07-13T18:30:00-07:00,39,84,2.4
2025-07-13T19:00:00-07:00,40,83,2.7
2025-07-13T19:30:00-07:00,40,82,2.7
2025-07-13T20:00:00-07:00,41,81,3.1
2025-07-13T20:30:00-07:00,42,79,2.6
2025-07-13T21:00:00-07:00,43,78,2
2025-07-13T21:30:00-07:00,44,78,2.2
2025-07-13T22:00:00-07:00,44,77,2.6
2025-07-13T22:30:00-07:00,45,76,3.1
2025-07-13T23:00:00-07:00,46,76,3.7
2025-07-13T23:30:00-07:00,46,76,3.8
2025-07-14T00:00:00-07:00,47,75,3.8
2025-07-14T00:30:00-07:00,47,75,3.9
2025-07-14T01:00:00-07:00,48,74,4.2
2025-07-14T01:30:00-07:00,49,74,4.5
2025-07-14T02:00:00-07:00,49,74,3.9
2025-07-14T02:30:00-07:00,50,74,3.7
2025-07-14T03:00:00-07:00,50,74,3.8
2025-07-14T03:30:00-07:00,52,74,5.5
2025-07-14T04:00:00-07:00,53,74,6.7
2025-07-14T04:30:00-07:00,55,74,8.9
2025-07-14T05:00:00-07:00,56,73,10
2025-07-14T05:30:00-07:00,57,73,10.7
2025-07-14T06:00:00-07:00,58,73,10
2025-07-14T06:30:00-07:00,58,73,9.5
2025-07-14T07:00:00-07:00,59,73,10.1
2025-07-14T07:30:00-07:00,59,73,10.8
2025-07-14T08:00:00-07:00,59,74,10.9
2025-07-14T08:30:00-07:00,60,74,12.5
2025-07-14T09:00:00-07:00,60,74,12.9
2025-07-14T09:30:00-07:00,60,74,11.9
2025-07-14T10:00:00-07:00,59,75,10.1
2025-07-14T10:30:00-07:00,56,76,9.4
2025-07-14T11:00:00-07:00,55,77,8
2025-07-14T11:30:00-07:00,52,78,7.3
2025-07-14T12:00:00-07:00,50,80,7
2025-07-14T12:30:00-07:00,48,81,6.6
2025-07-14T13:00:00-07:00,45,82,5.9
2025-07-14T13:30:00-07:00,44,83,4.3
2025-07-14T14:00:00-07:00,41,84,2.4
2025-07-14T14:30:00-07:00,40,85,1.8
2025-07-14T15:00:00-07:00,39,85,1.5
2025-07-14T15:30:00-07:00,38,86,1.1
2025-07-14T16:00:00-07:00,38,86,0.9
2025-07-14T16:30:00-07:00,37,86,0.9
2025-07-14T17:00:00-07:00,37,86,0.9
2025-07-14T17:30:00-07:00,37,86,0.7
2025-07-14T18:00:00-07:00,36,85,0.8
2025-07-14T18:30:00-07:00,37,84,1
2025-07-14T19:00:00-07:00,38,83,1.2
2025-07-14T19:30:00-07:00,39,82,1.5
2025-07-14T20:00:00-07:00,40,81,1.8
2025-07-14T20:30:00-07:00,41,80,2.3
2025-07-14T21:00:00-07:00,43,79,2.4
2025-07-14T21:30:00-07:00,44,78,1.1
2025-07-14T22:00:00-07:00,44,77,1.1
2025-07-14T22:30:00-07:00,45,77,0.7
2025-07-14T23:00:00-07:00,46,76,0.2
2025-07-14T23:30:00-07:00,47,76,0.3
2025-07-15T00:00:00-07:00,47,76,0.5
2025-07-15T00:30:00-07:00,48,75,0.7
2025-07-15T01:00:00-07:00,49,75,1
2025-07-15T01:30:00-07:00,49,74,1.2
2025-07-15T02:00:00-07:00,50,74,1.3
2025-07-15T02:30:00-07:00,51,74,2.5
2025-07-15T03:00:00-07:00,52,74,3.8
2025-07-15T03:30:00-07:00,53,74,3.9
2025-07-15T04:00:00-07:00,54,74,5.2
2025-07-15T04:30:00-07:00,54,74,8.2
2025-07-15T05:00:00-07:00,55,74,7.8
2025-07-15T05:30:00-07:00,55,74,6.5
2025-07-15T06:00:00-07:00,55,74,3.8
2025-07-15T06:30:00-07:00,55,74,3.6
2025-07-15T07:00:00-07:00,55,74,3.2
2025-07-15T07:30:00-07:00,55,74,2.9
2025-07-15T08:00:00-07:00,55,75,2.3
2025-07-15T08:30:00-07:00,55,75,3.2
2025-07-15T09:00:00-07:00,55,75,3.9
2025-07-15T09:30:00-07:00,55,75,5
2025-07-15T10:00:00-07:00,54,76,4.2
2025-07-15T10:30:00-07:00,52,77,3.6
2025-07-15T11:00:00-07:00,51,78,3.4
2025-07-15T11:30:00-07:00,50,78,3.8
2025-07-15T12:00:00-07:00,49,79,4.1
2025-07-15T12:30:00-07:00,48,80,4
2025-07-15T13:00:00-07:00,47,81,4.2
2025-07-15T13:30:00-07:00,46,82,3.8
2025-07-15T14:00:00-07:00,45,83,3
2025-07-15T14:30:00-07:00,43,83,2.6
2025-07-15T15:00:00-07:00,43,83,2
2025-07-15T15:30:00-07:00,42,84,1.4
2025-07-15T16:00:00-07:00,41,84,1.3
2025-07-15T16:30:00-07:00,40,83,1.1
2025-07-15T17:00:00-07:00,40,83,1.2
2025-07-15T17:30:00-07:00,40,83,1.3
2025-07-15T18:00:00-07:00,40,82,1.4
2025-07-15T18:30:00-07:00,41,82,2.1
2025-07-15T19:00:00-07:00,42,81,2.8
2025-07-15T19:30:00-07:00,42,80,2.4
2025-07-15T20:00:00-07:00,44,79,3
2025-07-15T20:30:00-07:00,45,78,2.6
2025-07-15T21:00:00-07:00,45,78,2.8
2025-07-15T21:30:00-07:00,46,78,3.3
2025-07-15T22:00:00-07:00,47,77,3.3
2025-07-15T22:30:00-07:00,47,77,3.2
2025-07-15T23:00:00-07:00,48,76,3.1
2025-07-15T23:30:00-07:00,49,76,3.2
2025-07-16T00:00:00-07:00,50,76,3.4
2025-07-16T00:30:00-07:00,50,75,3.5
2025-07-16T01:00:00-07:00,51,75,3.3
2025-07-16T01:30:00-07:00,51,75,3
2025-07-16T02:00:00-07:00,51,75,2.5
2025-07-16T02:30:00-07:00,51,75,1.8
2025-07-16T03:00:00-07:00,51,75,1.8
2025-07-16T03:30:00-07:00,50,75,2.1
2025-07-16T04:00:00-07:00,49,74,2.5
2025-07-16T04:30:00-07:00,49,74,2.8
2025-07-16T05:00:00-07:00,49,74,2.8
2025-07-16T05:30:00-07:00,50,74,2.4
2025-07-16T06:00:00-07:00,51,74,2.3
2025-07-16T06:30:00-07:00,51,74,2.5
2025-07-16T07:00:00-07:00,51,74,2.5
2025-07-16T07:30:00-07:00,51,74,2.6
2025-07-16T08:00:00-07:00,51,74,2.6
2025-07-16T08:30:00-07:00,51,74,2.9
2025-07-16T09:00:00-07:00,50,75,4
2025-07-16T09:30:00-07:00,49,75,2.7
2025-07-16T10:00:00-07:00,48,76,2.5
2025-07-16T10:30:00-07:00,47,76,2.4
2025-07-16T11:00:00-07:00,48,77,2.1
2025-07-16T11:30:00-07:00,47,78,1.6
2025-07-16T12:00:00-07:00,46,79,1
2025-07-16T12:30:00-07:00,45,80,0.7
2025-07-16T13:00:00-07:00,44,80,1
2025-07-16T13:30:00-07:00,50,80,1.3
2025-07-16T14:00:00-07:00,51,80,1.4
2025-07-16T14:30:00-07:00,48,81,1.1
2025-07-16T15:00:00-07:00,45,81,0.5
2025-07-16T15:30:00-07:00,44,81,0.4
2025-07-16T16:00:00-07:00,42,81,0.3
2025-07-16T16:30:00-07:00,41,82,0.2
2025-07-16T17:00:00-07:00,41,82,0.3
2025-07-16T17:30:00-07:00,41,81,0.3
2025-07-16T18:00:00-07:00,42,81,0.6
2025-07-16T18:30:00-07:00,42,80,0.7
2025-07-16T19:00:00-07:00,42,79,0.6
2025-07-16T19:30:00-07:00,43,79,0.7
2025-07-16T20:00:00-07:00,44,78,0.7
2025-07-16T20:30:00-07:00,45,77,0.8
2025-07-16T21:00:00-07:00,46,77,1
2025-07-16T21:30:00-07:00,47,76,0.9
2025-07-16T22:00:00-07:00,48,76,1.1
2025-07-16T22:30:00-07:00,48,76,1.3
2025-07-16T23:00:00-07:00,49,75,1.7
2025-07-16T23:30:00-07:00,50,75,1.6
2025-07-17T00:00:00-07:00,50,75,1.3
2025-07-17T00:30:00-07:00,50,75,1.1
2025-07-17T01:00:00-07:00,50,74,1.1
2025-07-17T01:30:00-07:00,51,74,1.4
2025-07-17T02:00:00-07:00,52,74,1.6
2025-07-17T02:30:00-07:00,52,74,1.8
2025-07-17T03:00:00-07:00,52,74,1.6
2025-07-17T03:30:00-07:00,52,74,1.7
2025-07-17T04:00:00-07:00,52,74,1.7
2025-07-17T04:30:00-07:00,52,74,1.9
2025-07-17T05:00:00-07:00,52,74,2.1
2025-07-17T05:30:00-07:00,52,74,2.2
2025-07-17T06:00:00-07:00,52,74,2.5
2025-07-17T06:30:00-07:00,52,74,2.6
2025-07-17T07:00:00-07:00,52,74,2.9
2025-07-17T07:30:00-07:00,52,74,2.9
2025-07-17T08:00:00-07:00,52,74,4.3
2025-07-17T08:30:00-07:00,53,74,4.7
2025-07-17T09:00:00-07:00,52,75,5.3
2025-07-17T09:30:00-07:00,52,75,4.7
2025-07-17T10:00:00-07:00,51,76,4.4
2025-07-17T10:30:00-07:00,51,76,4.4
2025-07-17T11:00:00-07:00,50,77,4.4
2025-07-17T11:30:00-07:00,49,78,4.5
2025-07-17T12:00:00-07:00,48,78,4.8
2025-07-17T12:30:00-07:00,47,79,5.4
2025-07-17T13:00:00-07:00,46,80,5.9
2025-07-17T13:30:00-07:00,45,81,4.5
2025-07-17T14:00:00-07:00,44,81,3.4
2025-07-17T14:30:00-07:00,43,82,2.6
2025-07-17T15:00:00-07:00,43,82,2.2
2025-07-17T15:30:00-07:00,42,83,1.7
2025-07-17T16:00:00-07:00,41,83,1.5
2025-07-17T16:30:00-07:00,41,83,1.6
2025-07-17T17:00:00-07:00,41,83,1.4
2025-07-17T17:30:00-07:00,41,82,1.3
2025-07-17T18:00:00-07:00,41,82,1.1
2025-07-17T18:30:00-07:00,41,81,1.1
2025-07-17T19:00:00-07:00,41,80,1.3
2025-07-17T19:30:00-07:00,42,80,0.9
2025-07-17T20:00:00-07:00,43,79,0.9
2025-07-17T20:30:00-07:00,44,78,0.7
2025-07-17T21:00:00-07:00,44,78,0.9
2025-07-17T21:30:00-07:00,45,77,1
2025-07-17T22:00:00-07:00,46,77,0.9
2025-07-17T22:30:00-07:00,47,76,0.9
2025-07-17T23:00:00-07:00,48,76,1.2
2025-07-17T23:30:00-07:00,49,76,1.5
2025-07-18T00:00:00-07:00,50,75,1.6
2025-07-18T00:30:00-07:00,50,75,1.8
2025-07-18T01:00:00-07:00,51,75,1.8
2025-07-18T01:30:00-07:00,52,75,2.2
2025-07-18T02:00:00-07:00,52,74,3
2025-07-18T02:30:00-07:00,53,75,2.8
2025-07-18T03:00:00-07:00,53,75,3
2025-07-18T03:30:00-07:00,53,75,2.4
2025-07-18T04:00:00-07:00,53,74,2.6
2025-07-18T04:30:00-07:00,53,74,3.3
2025-07-18T05:00:00-07:00,53,75,3.4
2025-07-18T05:30:00-07:00,53,74,3.5
2025-07-18T06:00:00-07:00,53,74,3.5
2025-07-18T06:30:00-07:00,53,74,3.7
2025-07-18T07:00:00-07:00,52,74,3.7
2025-07-18T07:30:00-07:00,53,74,4.2
2025-07-18T08:00:00-07:00,52,74,4.6
2025-07-18T08:30:00-07:00,53,74,5
2025-07-18T09:00:00-07:00,53,75,5.5
2025-07-18T09:30:00-07:00,53,75,5.8
2025-07-18T10:00:00-07:00,53,76,6.5
2025-07-18T10:30:00-07:00,52,76,6.6
2025-07-18T11:00:00-07:00,51,77,6.6
2025-07-18T11:30:00-07:00,51,77,6.2
2025-07-18T12:00:00-07:00,50,78,7.5
2025-07-18T12:30:00-07:00,49,79,7.3
2025-07-18T13:00:00-07:00,48,80,7.3
2025-07-18T13:30:00-07:00,47,80,6.8
2025-07-18T14:00:00-07:00,46,81,5.5
2025-07-18T14:30:00-07:00,45,82,4.1
2025-07-18T15:00:00-07:00,44,82,2.7
2025-07-18T15:30:00-07:00,43,82,2.3
2025-07-18T16:00:00-07:00,43,82,2
2025-07-18T16:30:00-07:00,42,82,1.6
2025-07-18T17:00:00-07:00,41,82,1.1
2025-07-18T17:30:00-07:00,41,82,1.3
2025-07-18T18:00:00-07:00,41,81,1
2025-07-18T18:30:00-07:00,41,81,1.1
2025-07-18T19:00:00-07:00,42,80,1.1
2025-07-18T19:30:00-07:00,43,79,1.2
2025-07-18T20:00:00-07:00,44,78,1.5
2025-07-18T20:30:00-07:00,45,78,2.2
2025-07-18T21:00:00-07:00,46,77,3.1
2025-07-18T21:30:00-07:00,47,76,3.6
2025-07-18T22:00:00-07:00,48,76,4.3
2025-07-18T22:30:00-07:00,48,76,4.9
2025-07-18T23:00:00-07:00,49,76,5.1
2025-07-18T23:30:00-07:00,49,75,5.2
2025-07-19T00:00:00-07:00,51,75,5.1
2025-07-19T00:30:00-07:00,51,75,5.2
2025-07-19T01:00:00-07:00,51,75,6.9
2025-07-19T01:30:00-07:00,51,74,7.2
2025-07-19T02:00:00-07:00,51,74,7.3
2025-07-19T02:30:00-07:00,52,74,7
2025-07-19T03:00:00-07:00,52,74,6.2
2025-07-19T03:30:00-07:00,52,74,5
2025-07-19T04:00:00-07:00,52,73,4.1
2025-07-19T04:30:00-07:00,52,73,3.7
2025-07-19T05:00:00-07:00,52,73,3.7
2025-07-19T05:30:00-07:00,52,73,3.2
2025-07-19T06:00:00-07:00,52,73,3.9
2025-07-19T06:30:00-07:00,52,72,3
2025-07-19T07:00:00-07:00,53,72,3.6
2025-07-19T07:30:00-07:00,53,72,4.3
2025-07-19T08:00:00-07:00,52,73,4.7
2025-07-19T08:30:00-07:00,52,73,5.6
2025-07-19T09:00:00-07:00,53,73,6.1
2025-07-19T09:30:00-07:00,53,73,7.2
2025-07-19T10:00:00-07:00,53,73,7.8
2025-07-19T10:30:00-07:00,52,74,8.4
2025-07-19T11:00:00-07:00,53,74,8
2025-07-19T11:30:00-07:00,52,74,7.7
2025-07-19T12:00:00-07:00,53,75,6
2025-07-19T12:30:00-07:00,52,76,5.8
2025-07-19T13:00:00-07:00,51,77,6.1
2025-07-19T13:30:00-07:00,50,78,6
2025-07-19T14:00:00-07:00,48,79,6
2025-07-19T14:30:00-07:00,47,79,5.7
2025-07-19T15:00:00-07:00,46,80,4.7
2025-07-19T15:30:00-07:00,45,81,4.4
2025-07-19T16:00:00-07:00,44,82,4
2025-07-19T16:30:00-07:00,43,82,3
2025-07-19T17:00:00-07:00,42,82,3.3
2025-07-19T17:30:00-07:00,42,82,3.1
2025-07-19T18:00:00-07:00,42,82,3
2025-07-19T18:30:00-07:00,42,81,3.2
2025-07-19T19:00:00-07:00,42,80,2.4
2025-07-19T19:30:00-07:00,43,79,2.4
2025-07-19T20:00:00-07:00,44,78,2.7
2025-07-19T20:30:00-07:00,44,77,2.8
2025-07-19T21:00:00-07:00,45,77,3.9
2025-07-19T21:30:00-07:00,46,76,4.7
2025-07-19T22:00:00-07:00,47,75,5
2025-07-19T22:30:00-07:00,48,75,5.5
2025-07-19T23:00:00-07:00,50,75,5.8
2025-07-19T23:30:00-07:00,50,74,6.5
2025-07-20T00:00:00-07:00,51,74,6.4
2025-07-20T00:30:00-07:00,51,74,6.7
2025-07-20T01:00:00-07:00,52,74,6.9
2025-07-20T01:30:00-07:00,53,74,7.7
2025-07-20T02:00:00-07:00,53,74,8.1
2025-07-20T02:30:00-07:00,53,74,8.4
2025-07-20T03:00:00-07:00,54,74,7.3
2025-07-20T03:30:00-07:00,54,74,7.2
2025-07-20T04:00:00-07:00,54,74,6.1
2025-07-20T04:30:00-07:00,54,74,6.1
2025-07-20T05:00:00-07:00,54,73,6.7
2025-07-20T05:30:00-07:00,54,73,6.5
2025-07-20T06:00:00-07:00,55,73,8.8
2025-07-20T06:30:00-07:00,55,73,12.7
2025-07-20T07:00:00-07:00,56,72,11.9
2025-07-20T07:30:00-07:00,57,72,10.1
2025-07-20T08:00:00-07:00,58,71,8.7
2025-07-20T08:30:00-07:00,58,71,8.6
2025-07-20T09:00:00-07:00,57,72,9.3
2025-07-20T09:30:00-07:00,57,72,10.2
2025-07-20T10:00:00-07:00,57,73,9.7
2025-07-20T10:30:00-07:00,56,74,9.5
2025-07-20T11:00:00-07:00,55,75,8.4
2025-07-20T11:30:00-07:00,54,76,7.7
2025-07-20T12:00:00-07:00,53,77,3.8
2025-07-20T12:30:00-07:00,51,78,3.2
2025-07-20T13:00:00-07:00,50,79,3.2
2025-07-20T13:30:00-07:00,49,79,3.4
2025-07-20T14:00:00-07:00,47,80,3.8
2025-07-20T14:30:00-07:00,46,80,4
2025-07-20T15:00:00-07:00,46,80,4.2
2025-07-20T15:30:00-07:00,45,81,3.7
2025-07-20T16:00:00-07:00,45,81,4
2025-07-20T16:30:00-07:00,44,81,4.6
2025-07-20T17:00:00-07:00,44,80,4.9
2025-07-20T17:30:00-07:00,45,80,4.8
2025-07-20T18:00:00-07:00,45,79,5.5
2025-07-20T18:30:00-07:00,45,79,6.1
2025-07-20T19:00:00-07:00,46,78,6.1
2025-07-20T19:30:00-07:00,46,77,6
2025-07-20T20:00:00-07:00,47,76,5.7
2025-07-20T20:30:00-07:00,48,76,5.6
2025-07-20T21:00:00-07:00,49,75,5.3
2025-07-20T21:30:00-07:00,49,75,5.6
2025-07-20T22:00:00-07:00,49,75,5.7
2025-07-20T22:30:00-07:00,49,74,5.7
2025-07-20T23:00:00-07:00,50,74,5.8
2025-07-20T23:30:00-07:00,50,74,5.4
2025-07-21T00:00:00-07:00,51,74,5.6
2025-07-21T00:30:00-07:00,51,73,5.3
2025-07-21T01:00:00-07:00,52,73,5.2
2025-07-21T01:30:00-07:00,52,73,5.2
2025-07-21T02:00:00-07:00,53,73,5.1
2025-07-21T02:30:00-07:00,54,73,5.1
2025-07-21T03:00:00-07:00,54,73,4.5
2025-07-21T03:30:00-07:00,55,73,3.8
2025-07-21T04:00:00-07:00,56,73,4
2025-07-21T04:30:00-07:00,56,72,5.4
2025-07-21T05:00:00-07:00,56,72,2.9
2025-07-21T05:30:00-07:00,57,72,1
2025-07-21T06:00:00-07:00,57,72,4.8
2025-07-21T06:30:00-07:00,57,72,6.8
2025-07-21T07:00:00-07:00,58,71,6
2025-07-21T07:30:00-07:00,57,72,2.3
2025-07-21T08:00:00-07:00,57,72,0.1
2025-07-21T08:30:00-07:00,57,72,0.9
2025-07-21T09:00:00-07:00,57,72,0.2
2025-07-21T09:30:00-07:00,58,73,0
2025-07-21T10:00:00-07:00,57,74,0
2025-07-21T10:30:00-07:00,56,74,0
2025-07-21T11:00:00-07:00,55,75,0
2025-07-21T11:30:00-07:00,54,76,0.1
2025-07-21T12:00:00-07:00,53,77,0
2025-07-21T12:30:00-07:00,52,78,0.1
2025-07-21T13:00:00-07:00,51,79,0.1
2025-07-21T13:30:00-07:00,50,80,0.3
2025-07-21T14:00:00-07:00,48,80,0.5
2025-07-21T14:30:00-07:00,48,80,0.5
2025-07-21T15:00:00-07:00,46,81,0.6
2025-07-21T15:30:00-07:00,46,81,0.8
2025-07-21T16:00:00-07:00,45,81,0.8
2025-07-21T16:30:00-07:00,45,81,0.9
2025-07-21T17:00:00-07:00,45,81,0.7
2025-07-21T17:30:00-07:00,44,80,0.8
2025-07-21T18:00:00-07:00,45,80,1.2
2025-07-21T18:30:00-07:00,45,79,1.4
2025-07-21T19:00:00-07:00,46,78,1.5
2025-07-21T19:30:00-07:00,47,78,1.3
2025-07-21T20:00:00-07:00,48,77,2.5
2025-07-21T20:30:00-07:00,49,76,1.7
2025-07-21T21:00:00-07:00,49,76,0.9
2025-07-21T21:30:00-07:00,50,76,1
2025-07-21T22:00:00-07:00,50,75,0.9
2025-07-21T22:30:00-07:00,51,75,0.3
2025-07-21T23:00:00-07:00,52,75,0.8
2025-07-21T23:30:00-07:00,51,75,0.7
2025-07-22T00:00:00-07:00,52,74,0.2
2025-07-22T00:30:00-07:00,53,74,0.1
2025-07-22T01:00:00-07:00,54,74,0.1
2025-07-22T01:30:00-07:00,54,74,0.2
2025-07-22T02:00:00-07:00,54,74,0.2
2025-07-22T02:30:00-07:00,55,74,0.2
2025-07-22T03:00:00-07:00,55,73,0.2
2025-07-22T03:30:00-07:00,55,73,0.6
2025-07-22T04:00:00-07:00,56,73,0.9
2025-07-22T04:30:00-07:00,57,73,0.8
2025-07-22T05:00:00-07:00,58,73,0.4
2025-07-22T05:30:00-07:00,58,73,0.1
2025-07-22T06:00:00-07:00,60,72,0.1
2025-07-22T06:30:00-07:00,59,73,0
2025-07-22T07:00:00-07:00,58,72,0.1
2025-07-22T07:30:00-07:00,58,72,0.1
2025-07-22T08:00:00-07:00,57,73,0.1
2025-07-22T08:30:00-07:00,58,73,0.1
2025-07-22T09:00:00-07:00,58,73,0
2025-07-22T09:30:00-07:00,57,74,0.4
2025-07-22T10:00:00-07:00,55,74,0.3
2025-07-22T10:30:00-07:00,53,75,0
2025-07-22T11:00:00-07:00,52,76,0
2025-07-22T11:30:00-07:00,53,77,0
2025-07-22T12:00:00-07:00,52,77,0
2025-07-22T12:30:00-07:00,51,78,0
2025-07-22T13:00:00-07:00,50,79,0.2
2025-07-22T13:30:00-07:00,48,79,0.4
2025-07-22T14:00:00-07:00,48,79,0.8
2025-07-22T14:30:00-07:00,47,79,0.8
2025-07-22T15:00:00-07:00,46,79,0.7
2025-07-22T15:30:00-07:00,46,79,0.9
2025-07-22T16:00:00-07:00,46,79,0.5
2025-07-22T16:30:00-07:00,47,78,2.1
2025-07-22T17:00:00-07:00,48,78,1.3
2025-07-22T17:30:00-07:00,48,78,1
2025-07-22T18:00:00-07:00,48,77,1.3
2025-07-22T18:30:00-07:00,49,76,1.4
2025-07-22T19:00:00-07:00,49,76,1.2
2025-07-22T19:30:00-07:00,49,75,1.6
2025-07-22T20:00:00-07:00,50,75,1.8
2025-07-22T20:30:00-07:00,50,74,1.4
2025-07-22T21:00:00-07:00,50,74,1.8
2025-07-22T21:30:00-07:00,51,74,2.7
2025-07-22T22:00:00-07:00,51,74,2.3
2025-07-22T22:30:00-07:00,51,74,1.7
2025-07-22T23:00:00-07:00,51,73,1.6
2025-07-22T23:30:00-07:00,51,73,1.4
2025-07-23T00:00:00-07:00,51,73,1.4
2025-07-23T00:30:00-07:00,51,73,1.4
2025-07-23T01:00:00-07:00,52,73,1.5
2025-07-23T01:30:00-07:00,52,73,1.8
2025-07-23T02:00:00-07:00,52,73,2
2025-07-23T02:30:00-07:00,53,73,1.9
2025-07-23T03:00:00-07:00,53,73,1.9
2025-07-23T03:30:00-07:00,53,72,1.8
2025-07-23T04:00:00-07:00,53,72,1.7
2025-07-23T04:30:00-07:00,54,72,1.2
2025-07-23T05:00:00-07:00,53,72,1.1
2025-07-23T05:30:00-07:00,53,72,1.1
2025-07-23T06:00:00-07:00,53,72,0.8
2025-07-23T06:30:00-07:00,53,72,0.4
2025-07-23T07:00:00-07:00,53,72,0.4
2025-07-23T07:30:00-07:00,53,72,0.4
2025-07-23T08:00:00-07:00,53,72,0.7
2025-07-23T08:30:00-07:00,54,73,0.6
2025-07-23T09:00:00-07:00,54,73,0.4
2025-07-23T09:30:00-07:00,53,74,0.7
2025-07-23T10:00:00-07:00,52,74,1.1
2025-07-23T10:30:00-07:00,52,75,2.1
2025-07-23T11:00:00-07:00,51,75,1.6
2025-07-23T11:30:00-07:00,49,76,1.2
2025-07-23T12:00:00-07:00,48,77,0.9
2025-07-23T12:30:00-07:00,47,78,0.8
2025-07-23T13:00:00-07:00,45,79,0.5
2025-07-23T13:30:00-07:00,44,79,0.2
2025-07-23T14:00:00-07:00,43,80,0.2
2025-07-23T14:30:00-07:00,42,81,0.1
2025-07-23T15:00:00-07:00,41,81,0
2025-07-23T15:30:00-07:00,41,82,0
2025-07-23T16:00:00-07:00,41,82,0
2025-07-23T16:30:00-07:00,41,82,0
2025-07-23T17:00:00-07:00,41,81,0
2025-07-23T17:30:00-07:00,41,81,0
2025-07-23T18:00:00-07:00,42,80,0.1
2025-07-23T18:30:00-07:00,43,80,0.1
2025-07-23T19:00:00-07:00,44,79,0
2025-07-23T19:30:00-07:00,44,78,0.1
2025-07-23T20:00:00-07:00,45,77,0.2
2025-07-23T20:30:00-07:00,47,76,0.3
2025-07-23T21:00:00-07:00,48,76,0.4
2025-07-23T21:30:00-07:00,49,75,0.4
2025-07-23T22:00:00-07:00,50,75,0.6
2025-07-23T22:30:00-07:00,51,75,0.4
2025-07-23T23:00:00-07:00,51,74,0.5
2025-07-23T23:30:00-07:00,52,74,0.4
2025-07-24T00:00:00-07:00,52,74,0.4
2025-07-24T00:30:00-07:00,53,74,0.5
2025-07-24T01:00:00-07:00,53,74,0.3
2025-07-24T01:30:00-07:00,53,74,0.3
2025-07-24T02:00:00-07:00,53,74,0.5
2025-07-24T02:30:00-07:00,53,74,0.5
2025-07-24T03:00:00-07:00,53,74,0.3
2025-07-24T03:30:00-07:00,52,73,0.3
2025-07-24T04:00:00-07:00,53,73,0.4
2025-07-24T04:30:00-07:00,53,73,0.4
2025-07-24T05:00:00-07:00,53,73,0.3
2025-07-24T05:30:00-07:00,53,73,0.4
2025-07-24T06:00:00-07:00,53,73,0.7
2025-07-24T06:30:00-07:00,53,73,0.8
2025-07-24T07:00:00-07:00,54,73,0.9
2025-07-24T07:30:00-07:00,54,73,0.9
2025-07-24T08:00:00-07:00,54,73,0.9
2025-07-24T08:30:00-07:00,54,73,1.3
2025-07-24T09:00:00-07:00,54,73,1.1
2025-07-24T09:30:00-07:00,54,74,1
2025-07-24T10:00:00-07:00,53,74,1.3
2025-07-24T10:30:00-07:00,53,74,1.8
2025-07-24T11:00:00-07:00,52,75,3
2025-07-24T11:30:00-07:00,51,76,3.1
2025-07-24T12:00:00-07:00,49,77,3.2
2025-07-24T12:30:00-07:00,49,78,3.1
2025-07-24T13:00:00-07:00,48,79,2.8
2025-07-24T13:30:00-07:00,47,80,2.1
2025-07-24T14:00:00-07:00,45,80,1.6
2025-07-24T14:30:00-07:00,44,81,0.6
2025-07-24T15:00:00-07:00,43,81,0.3
2025-07-24T15:30:00-07:00,42,82,0.1
2025-07-24T16:00:00-07:00,42,82,0.1
2025-07-24T16:30:00-07:00,41,82,0.1
2025-07-24T17:00:00-07:00,41,82,0.1
2025-07-24T17:30:00-07:00,42,81,0.1
2025-07-24T18:00:00-07:00,42,81,0.3
2025-07-24T18:30:00-07:00,43,79,0.6
2025-07-24T19:00:00-07:00,44,79,0.7
2025-07-24T19:30:00-07:00,46,78,0.9
2025-07-24T20:00:00-07:00,46,77,0.9
2025-07-24T20:30:00-07:00,48,76,0.9
2025-07-24T21:00:00-07:00,49,76,1.2
2025-07-24T21:30:00-07:00,49,75,1.6
2025-07-24T22:00:00-07:00,50,75,1.8
2025-07-24T22:30:00-07:00,50,74,1.5
2025-07-24T23:00:00-07:00,52,74,2
2025-07-24T23:30:00-07:00,52,74,1.4
2025-07-25T00:00:00-07:00,52,74,1.8
2025-07-25T00:30:00-07:00,52,74,2.1
2025-07-25T01:00:00-07:00,53,74,2.4
2025-07-25T01:30:00-07:00,53,74,2.7
2025-07-25T02:00:00-07:00,53,73,2.1
2025-07-25T02:30:00-07:00,53,73,2.8
2025-07-25T03:00:00-07:00,53,73,3.7
2025-07-25T03:30:00-07:00,54,73,3
2025-07-25T04:00:00-07:00,54,73,2.7
2025-07-25T04:30:00-07:00,54,73,1.6
2025-07-25T05:00:00-07:00,54,73,0.1
2025-07-25T05:30:00-07:00,54,72,0
2025-07-25T06:00:00-07:00,54,72,0
2025-07-25T06:30:00-07:00,54,72,0
2025-07-25T07:00:00-07:00,54,72,0
2025-07-25T07:30:00-07:00,56,72,0
2025-07-25T08:00:00-07:00,56,72,0
2025-07-25T08:30:00-07:00,56,73,0
2025-07-25T09:00:00-07:00,54,73,0
2025-07-25T09:30:00-07:00,54,74,0.2
2025-07-25T10:00:00-07:00,53,74,0.7
2025-07-25T10:30:00-07:00,52,75,1.1
2025-07-25T11:00:00-07:00,51,76,1.8
2025-07-25T11:30:00-07:00,50,76,2.7
2025-07-25T12:00:00-07:00,49,77,2.5
2025-07-25T12:30:00-07:00,48,78,1.9
2025-07-25T13:00:00-07:00,47,79,1.8
2025-07-25T13:30:00-07:00,47,80,1.3
2025-07-25T14:00:00-07:00,46,80,1.6
2025-07-25T14:30:00-07:00,45,81,1.2
2025-07-25T15:00:00-07:00,44,81,1
2025-07-25T15:30:00-07:00,44,81,0.9
2025-07-25T16:00:00-07:00,44,81,0.7
2025-07-25T16:30:00-07:00,43,81,0.8
2025-07-25T17:00:00-07:00,43,81,0.7
2025-07-25T17:30:00-07:00,43,80,0.4
2025-07-25T18:00:00-07:00,44,79,0.5
2025-07-25T18:30:00-07:00,44,79,0.4
2025-07-25T19:00:00-07:00,45,78,0.2
2025-07-25T19:30:00-07:00,47,77,0.8
2025-07-25T20:00:00-07:00,48,75,0.8
2025-07-25T20:30:00-07:00,49,75,1
2025-07-25T21:00:00-07:00,50,75,0.7
2025-07-25T21:30:00-07:00,50,75,0.6
2025-07-25T22:00:00-07:00,50,74,0.7
2025-07-25T22:30:00-07:00,52,74,1.2
2025-07-25T23:00:00-07:00,52,74,1
2025-07-25T23:30:00-07:00,53,74,1.2
2025-07-26T00:00:00-07:00,54,73,1
2025-07-26T00:30:00-07:00,54,73,0.7
2025-07-26T01:00:00-07:00,54,73,0.2
2025-07-26T01:30:00-07:00,53,73,0
2025-07-26T02:00:00-07:00,53,73,0
2025-07-26T02:30:00-07:00,53,73,0
2025-07-26T03:00:00-07:00,53,73,0
2025-07-26T03:30:00-07:00,53,73,0
2025-07-26T04:00:00-07:00,53,73,0
2025-07-26T04:30:00-07:00,53,73,0
2025-07-26T05:00:00-07:00,53,72,0
2025-07-26T05:30:00-07:00,53,72,0
2025-07-26T06:00:00-07:00,53,72,0
2025-07-26T06:30:00-07:00,54,72,0
2025-07-26T07:00:00-07:00,54,72,0.1
2025-07-26T07:30:00-07:00,54,72,0
2025-07-26T08:00:00-07:00,53,72,0
2025-07-26T08:30:00-07:00,52,73,0
2025-07-26T09:00:00-07:00,52,73,0
2025-07-26T09:30:00-07:00,52,73,0.3
2025-07-26T10:00:00-07:00,51,74,0.3
2025-07-26T10:30:00-07:00,50,75,0.1
2025-07-26T11:00:00-07:00,49,75,0
2025-07-26T11:30:00-07:00,48,76,0
2025-07-26T12:00:00-07:00,48,77,0.1
2025-07-26T12:30:00-07:00,47,78,0.9
2025-07-26T13:00:00-07:00,46,79,1.2
2025-07-26T13:30:00-07:00,45,79,1.1
2025-07-26T14:00:00-07:00,44,80,1.9
2025-07-26T14:30:00-07:00,44,81,1.6
2025-07-26T15:00:00-07:00,43,81,2.1
2025-07-26T15:30:00-07:00,43,81,2
2025-07-26T16:00:00-07:00,43,81,1.5
2025-07-26T16:30:00-07:00,43,81,1.2
2025-07-26T17:00:00-07:00,44,81,1.2
2025-07-26T17:30:00-07:00,44,80,1.1
2025-07-26T18:00:00-07:00,44,79,0.9
2025-07-26T18:30:00-07:00,44,79,0.6
2025-07-26T19:00:00-07:00,45,78,0.4
2025-07-26T19:30:00-07:00,46,77,0.6
2025-07-26T20:00:00-07:00,47,76,0.6
2025-07-26T20:30:00-07:00,48,76,0.5
2025-07-26T21:00:00-07:00,49,75,0.4
2025-07-26T21:30:00-07:00,50,75,0.3
2025-07-26T22:00:00-07:00,50,75,0.4
2025-07-26T22:30:00-07:00,51,74,1
2025-07-26T23:00:00-07:00,51,74,1
2025-07-26T23:30:00-07:00,52,74,1.3
2025-07-27T00:00:00-07:00,53,74,0.2
2025-07-27T00:30:00-07:00,54,74,0.5
2025-07-27T01:00:00-07:00,54,73,0.6
2025-07-27T01:30:00-07:00,54,73,1.2
2025-07-27T02:00:00-07:00,55,73,1
2025-07-27T02:30:00-07:00,55,73,0.7
2025-07-27T03:00:00-07:00,55,73,0.1
2025-07-27T03:30:00-07:00,55,73,0
2025-07-27T04:00:00-07:00,55,73,0
2025-07-27T04:30:00-07:00,55,73,0
2025-07-27T05:00:00-07:00,55,73,0
2025-07-27T05:30:00-07:00,54,73,0
2025-07-27T06:00:00-07:00,55,73,0
2025-07-27T06:30:00-07:00,55,73,0
2025-07-27T07:00:00-07:00,55,72,0
2025-07-27T07:30:00-07:00,56,72,0
2025-07-27T08:00:00-07:00,57,73,0
2025-07-27T08:30:00-07:00,57,73,0
2025-07-27T09:00:00-07:00,56,74,0
2025-07-27T09:30:00-07:00,56,74,0.2
2025-07-27T10:00:00-07:00,55,74,0.7
2025-07-27T10:30:00-07:00,54,75,0.7
2025-07-27T11:00:00-07:00,53,76,1.3
2025-07-27T11:30:00-07:00,52,76,1.8
2025-07-27T12:00:00-07:00,51,77,2.2
2025-07-27T12:30:00-07:00,50,78,1.3
2025-07-27T13:00:00-07:00,49,79,1
2025-07-27T13:30:00-07:00,47,80,0.8
2025-07-27T14:00:00-07:00,47,80,0.8
2025-07-27T14:30:00-07:00,46,81,1
2025-07-27T15:00:00-07:00,45,81,1.2
2025-07-27T15:30:00-07:00,44,81,1.9
2025-07-27T16:00:00-07:00,44,81,2.1
2025-07-27T16:30:00-07:00,44,81,3
2025-07-27T17:00:00-07:00,44,81,3.2
2025-07-27T17:30:00-07:00,44,81,3.2
2025-07-27T18:00:00-07:00,45,80,3.3
2025-07-27T18:30:00-07:00,45,79,3.1
2025-07-27T19:00:00-07:00,46,78,3.6
2025-07-27T19:30:00-07:00,47,78,3
2025-07-27T20:00:00-07:00,49,77,2.5
2025-07-27T20:30:00-07:00,49,76,2.2
2025-07-27T21:00:00-07:00,50,76,2
2025-07-27T21:30:00-07:00,51,75,1.7
2025-07-27T22:00:00-07:00,51,75,1.7
2025-07-27T22:30:00-07:00,52,75,1.5
2025-07-27T23:00:00-07:00,53,74,1.4
2025-07-27T23:30:00-07:00,53,74,1.4
2025-07-28T00:00:00-07:00,53,74,1.7
2025-07-28T00:30:00-07:00,54,74,1.7
2025-07-28T01:00:00-07:00,54,74,2.6
2025-07-28T01:30:00-07:00,55,73,2.3
2025-07-28T02:00:00-07:00,56,73,2.3
2025-07-28T02:30:00-07:00,57,73,2
2025-07-28T03:00:00-07:00,57,73,1.6
2025-07-28T03:30:00-07:00,57,73,1.7
2025-07-28T04:00:00-07:00,57,73,1.4
2025-07-28T04:30:00-07:00,57,73,1.3
2025-07-28T05:00:00-07:00,58,73,1.2
2025-07-28T05:30:00-07:00,58,73,1.3
2025-07-28T06:00:00-07:00,58,73,1.4
2025-07-28T06:30:00-07:00,57,73,1.5
2025-07-28T07:00:00-07:00,57,73,1.5
2025-07-28T07:30:00-07:00,57,73,1.9
2025-07-28T08:00:00-07:00,57,74,1.9
2025-07-28T08:30:00-07:00,57,74,2.5
2025-07-28T09:00:00-07:00,56,74,3.7
2025-07-28T09:30:00-07:00,56,74,3.6
2025-07-28T10:00:00-07:00,55,75,2.6
2025-07-28T10:30:00-07:00,54,76,2.2
2025-07-28T11:00:00-07:00,52,77,2.5
2025-07-28T11:30:00-07:00,52,78,2.8
2025-07-28T12:00:00-07:00,50,79,3.2
2025-07-28T12:30:00-07:00,49,79,3.4
2025-07-28T13:00:00-07:00,48,81,3.7
2025-07-28T13:30:00-07:00,46,82,4
2025-07-28T14:00:00-07:00,44,82,4.3
2025-07-28T14:30:00-07:00,43,83,4.6
2025-07-28T15:00:00-07:00,43,83,4.5
2025-07-28T15:30:00-07:00,41,84,4.1
2025-07-28T16:00:00-07:00,41,84,3.7
2025-07-28T16:30:00-07:00,41,84,3.6
2025-07-28T17:00:00-07:00,40,84,3
2025-07-28T17:30:00-07:00,40,84,3.2
2025-07-28T18:00:00-07:00,41,83,3.5
2025-07-28T18:30:00-07:00,42,82,3.2
2025-07-28T19:00:00-07:00,43,81,2.8
2025-07-28T19:30:00-07:00,44,81,2.9
2025-07-28T20:00:00-07:00,46,80,3.4
2025-07-28T20:30:00-07:00,47,79,3.2
2025-07-28T21:00:00-07:00,48,79,3.1
2025-07-28T21:30:00-07:00,49,78,3.3
2025-07-28T22:00:00-07:00,49,78,3.6
2025-07-28T22:30:00-07:00,50,77,3.3
2025-07-28T23:00:00-07:00,50,77,3.3
2025-07-28T23:30:00-07:00,50,77,3.4
2025-07-29T00:00:00-07:00,50,76,3.2
2025-07-29T00:30:00-07:00,51,76,3.4
2025-07-29T01:00:00-07:00,52,75,3.4
2025-07-29T01:30:00-07:00,52,75,3.5
2025-07-29T02:00:00-07:00,53,75,3.8
2025-07-29T02:30:00-07:00,53,75,4.4
2025-07-29T03:00:00-07:00,53,74,7.2
2025-07-29T03:30:00-07:00,53,74,5.1
2025-07-29T04:00:00-07:00,54,74,3.8
2025-07-29T04:30:00-07:00,54,74,3.7
2025-07-29T05:00:00-07:00,55,73,3.6
2025-07-29T05:30:00-07:00,55,73,3.9
2025-07-29T06:00:00-07:00,55,73,3.6
2025-07-29T06:30:00-07:00,57,73,3.6
2025-07-29T07:00:00-07:00,58,73,3.5
2025-07-29T07:30:00-07:00,60,73,4.4
2025-07-29T08:00:00-07:00,60,74,4.3
2025-07-29T08:30:00-07:00,60,74,4.6
2025-07-29T09:00:00-07:00,59,75,4.3
2025-07-29T09:30:00-07:00,58,76,4.3
2025-07-29T10:00:00-07:00,56,77,4.1
2025-07-29T10:30:00-07:00,54,78,4.5
2025-07-29T11:00:00-07:00,51,79,4
2025-07-29T11:30:00-07:00,49,80,4.2
2025-07-29T12:00:00-07:00,47,81,4.1
2025-07-29T12:30:00-07:00,44,82,4.1
2025-07-29T13:00:00-07:00,44,83,4.5
2025-07-29T13:30:00-07:00,42,84,4.5
2025-07-29T14:00:00-07:00,41,84,4.5
2025-07-29T14:30:00-07:00,40,85,4.8
2025-07-29T15:00:00-07:00,39,85,4.4
2025-07-29T15:30:00-07:00,39,85,4.3
2025-07-29T16:00:00-07:00,40,85,4.5
2025-07-29T16:30:00-07:00,40,84,4.4
2025-07-29T17:00:00-07:00,41,84,4.2
2025-07-29T17:30:00-07:00,42,83,4.1
2025-07-29T18:00:00-07:00,43,82,3.9
2025-07-29T18:30:00-07:00,43,81,3.7
2025-07-29T19:00:00-07:00,44,80,3.5
2025-07-29T19:30:00-07:00,45,79,3.7
2025-07-29T20:00:00-07:00,46,78,3.4
2025-07-29T20:30:00-07:00,47,78,3.5
2025-07-29T21:00:00-07:00,48,77,3.8
2025-07-29T21:30:00-07:00,49,76,4.2
2025-07-29T22:00:00-07:00,50,76,4.4
2025-07-29T22:30:00-07:00,50,76,4.6
2025-07-29T23:00:00-07:00,51,75,5.1
2025-07-29T23:30:00-07:00,52,75,5.2
2025-07-30T00:00:00-07:00,53,75,3.9
2025-07-30T00:30:00-07:00,53,75,3.7
2025-07-30T01:00:00-07:00,53,75,3.6
2025-07-30T01:30:00-07:00,53,75,3.4
2025-07-30T02:00:00-07:00,53,75,3.1
2025-07-30T02:30:00-07:00,54,75,2.8
2025-07-30T03:00:00-07:00,54,74,2.7
2025-07-30T03:30:00-07:00,54,74,2.9
2025-07-30T04:00:00-07:00,53,74,2.8
2025-07-30T04:30:00-07:00,53,74,2.4
2025-07-30T05:00:00-07:00,54,74,2.4
2025-07-30T05:30:00-07:00,54,74,2.2
2025-07-30T06:00:00-07:00,54,74,2
2025-07-30T06:30:00-07:00,55,74,1.6
2025-07-30T07:00:00-07:00,55,74,1.7
2025-07-30T07:30:00-07:00,55,74,2.2
2025-07-30T08:00:00-07:00,55,74,3.9
2025-07-30T08:30:00-07:00,55,74,6.7
2025-07-30T09:00:00-07:00,55,74,8.1
2025-07-30T09:30:00-07:00,55,75,5.5
2025-07-30T10:00:00-07:00,55,75,4.5
2025-07-30T10:30:00-07:00,53,76,4
2025-07-30T11:00:00-07:00,52,77,3.1
2025-07-30T11:30:00-07:00,51,78,3.1
2025-07-30T12:00:00-07:00,50,79,3.2
2025-07-30T12:30:00-07:00,49,80,3.8
2025-07-30T13:00:00-07:00,48,81,4.1
2025-07-30T13:30:00-07:00,47,81,4.5
2025-07-30T14:00:00-07:00,45,81,5.2
2025-07-30T14:30:00-07:00,44,82,5.3
2025-07-30T15:00:00-07:00,44,82,5
2025-07-30T15:30:00-07:00,43,82,5.2
2025-07-30T16:00:00-07:00,43,82,5
2025-07-30T16:30:00-07:00,43,82,4.5
2025-07-30T17:00:00-07:00,43,82,4.4
2025-07-30T17:30:00-07:00,43,81,4.2
2025-07-30T18:00:00-07:00,44,80,4
2025-07-30T18:30:00-07:00,45,79,3.7
2025-07-30T19:00:00-07:00,46,78,3.3
2025-07-30T19:30:00-07:00,48,78,2.9
2025-07-30T20:00:00-07:00,49,77,3
2025-07-30T20:30:00-07:00,50,77,3
2025-07-30T21:00:00-07:00,51,76,2.9
2025-07-30T21:30:00-07:00,52,76,3
2025-07-30T22:00:00-07:00,52,76,3
2025-07-30T22:30:00-07:00,53,76,3.1
2025-07-30T23:00:00-07:00,53,76,2.2
2025-07-30T23:30:00-07:00,53,76,2
2025-07-31T00:00:00-07:00,53,75,1.9
2025-07-31T00:30:00-07:00,54,75,1.9
2025-07-31T01:00:00-07:00,54,75,1.8
2025-07-31T01:30:00-07:00,54,75,1.3
2025-07-31T02:00:00-07:00,55,75,0.8
2025-07-31T02:30:00-07:00,55,75,0.7
2025-07-31T03:00:00-07:00,55,75,0.6
2025-07-31T03:30:00-07:00,55,75,0.8
2025-07-31T04:00:00-07:00,55,75,0.9
2025-07-31T04:30:00-07:00,55,75,0.7
2025-07-31T05:00:00-07:00,55,75,1
2025-07-31T05:30:00-07:00,55,75,3.2
2025-07-31T06:00:00-07:00,56,74,7.1
2025-07-31T06:30:00-07:00,56,74,7.9
2025-07-31T07:00:00-07:00,56,74,11.3
2025-07-31T07:30:00-07:00,57,74,8.9
2025-07-31T08:00:00-07:00,57,74,9.4
2025-07-31T08:30:00-07:00,57,74,9.7
2025-07-31T09:00:00-07:00,56,74,10.4
2025-07-31T09:30:00-07:00,56,75,9.1
2025-07-31T10:00:00-07:00,54,75,6.4
2025-07-31T10:30:00-07:00,53,77,5.8
2025-07-31T11:00:00-07:00,51,78,5.7
2025-07-31T11:30:00-07:00,49,79,5.4
2025-07-31T12:00:00-07:00,48,81,6.2
2025-07-31T12:30:00-07:00,47,82,7.6
2025-07-31T13:00:00-07:00,46,83,7.3
2025-07-31T13:30:00-07:00,45,84,5.8
2025-07-31T14:00:00-07:00,44,85,5.4
2025-07-31T14:30:00-07:00,43,85,5.2
2025-07-31T15:00:00-07:00,42,86,5
2025-07-31T15:30:00-07:00,42,87,4.9
2025-07-31T16:00:00-07:00,41,87,4.2
2025-07-31T16:30:00-07:00,40,87,4.2
2025-07-31T17:00:00-07:00,40,87,3.2
2025-07-31T17:30:00-07:00,41,85,3.7
2025-07-31T18:00:00-07:00,41,84,2.9
2025-07-31T18:30:00-07:00,42,82,2
2025-07-31T19:00:00-07:00,50,81,2.1
2025-07-31T19:30:00-07:00,51,79,2.3
2025-07-31T20:00:00-07:00,51,78,2.2
2025-07-31T20:30:00-07:00,52,77,2.5
2025-07-31T21:00:00-07:00,53,76,2.9
2025-07-31T21:30:00-07:00,53,76,3.1
2025-07-31T22:00:00-07:00,54,76,2.7
2025-07-31T22:30:00-07:00,54,76,2.5
2025-07-31T23:00:00-07:00,54,76,2.1
2025-07-31T23:30:00-07:00,54,76,1.5
2025-08-01T00:00:00-07:00,55,75,1.2
2025-08-01T00:30:00-07:00,55,75,1
2025-08-01T01:00:00-07:00,55,75,1
2025-08-01T01:30:00-07:00,55,75,0.8
2025-08-01T02:00:00-07:00,55,75,0.5
2025-08-01T02:30:00-07:00,55,75,0.3
2025-08-01T03:00:00-07:00,56,74,0.2
2025-08-01T03:30:00-07:00,56,74,0.1
2025-08-01T04:00:00-07:00,55,74,0
2025-08-01T04:30:00-07:00,55,74,0
2025-08-01T05:00:00-07:00,55,74,0
2025-08-01T05:30:00-07:00,55,74,0.1
2025-08-01T06:00:00-07:00,55,74,0.1
2025-08-01T06:30:00-07:00,56,74,0.1
2025-08-01T07:00:00-07:00,56,74,0.1
2025-08-01T07:30:00-07:00,56,74,0.2
2025-08-01T08:00:00-07:00,57,74,1.5
2025-08-01T08:30:00-07:00,57,75,4.1
2025-08-01T09:00:00-07:00,57,75,7.4
2025-08-01T09:30:00-07:00,56,76,7.8
2025-08-01T10:00:00-07:00,56,76,5.9
2025-08-01T10:30:00-07:00,55,77,5.8
2025-08-01T11:00:00-07:00,54,78,3.8
2025-08-01T11:30:00-07:00,52,79,3.2
2025-08-01T12:00:00-07:00,50,80,2.9
2025-08-01T12:30:00-07:00,48,81,1.5
2025-08-01T13:00:00-07:00,47,81,1.3
2025-08-01T13:30:00-07:00,45,82,1.3
2025-08-01T14:00:00-07:00,44,82,1.2
2025-08-01T14:30:00-07:00,43,83,1.1
2025-08-01T15:00:00-07:00,42,83,1.3
2025-08-01T15:30:00-07:00,42,83,1.2
2025-08-01T16:00:00-07:00,42,83,1.1
2025-08-01T16:30:00-07:00,41,83,1.1
2025-08-01T17:00:00-07:00,41,82,1.3
2025-08-01T17:30:00-07:00,41,82,1.3
2025-08-01T18:00:00-07:00,43,81,1.6
2025-08-01T18:30:00-07:00,44,80,2.1
2025-08-01T19:00:00-07:00,45,79,2.7
2025-08-01T19:30:00-07:00,46,78,3.1
2025-08-01T20:00:00-07:00,47,77,3
2025-08-01T20:30:00-07:00,48,77,3.4
2025-08-01T21:00:00-07:00,48,77,3.5
2025-08-01T21:30:00-07:00,49,76,3.2
2025-08-01T22:00:00-07:00,49,76,3.2
2025-08-01T22:30:00-07:00,50,76,3.4
2025-08-01T23:00:00-07:00,51,75,3.7
2025-08-01T23:30:00-07:00,51,75,3.7
2025-08-02T00:00:00-07:00,52,75,4
2025-08-02T00:30:00-07:00,52,75,3.9
2025-08-02T01:00:00-07:00,53,74,3.7
2025-08-02T01:30:00-07:00,53,74,3.6
2025-08-02T02:00:00-07:00,54,74,3.2
2025-08-02T02:30:00-07:00,54,74,2.1
2025-08-02T03:00:00-07:00,55,73,1.9
2025-08-02T03:30:00-07:00,56,73,1.6
2025-08-02T04:00:00-07:00,56,73,1.1
2025-08-02T04:30:00-07:00,55,73,0.8
2025-08-02T05:00:00-07:00,55,73,0.4
2025-08-02T05:30:00-07:00,55,73,0.2
2025-08-02T06:00:00-07:00,54,73,0.2
2025-08-02T06:30:00-07:00,54,73,0.4
2025-08-02T07:00:00-07:00,54,73,0.6
2025-08-02T07:30:00-07:00,54,73,0.9
2025-08-02T08:00:00-07:00,54,73,1.4
2025-08-02T08:30:00-07:00,54,74,1.8
2025-08-02T09:00:00-07:00,54,74,2
2025-08-02T09:30:00-07:00,53,74,2
2025-08-02T10:00:00-07:00,53,75,2.3
2025-08-02T10:30:00-07:00,52,76,2
2025-08-02T11:00:00-07:00,51,76,1.8
2025-08-02T11:30:00-07:00,50,77,1.8
2025-08-02T12:00:00-07:00,49,79,1.6
2025-08-02T12:30:00-07:00,48,80,1.3
2025-08-02T13:00:00-07:00,47,80,1
2025-08-02T13:30:00-07:00,45,81,1
2025-08-02T14:00:00-07:00,43,82,0.9
2025-08-02T14:30:00-07:00,42,82,0.9
2025-08-02T15:00:00-07:00,42,82,0.9
2025-08-02T15:30:00-07:00,42,82,0.9
2025-08-02T16:00:00-07:00,41,82,0.6
2025-08-02T16:30:00-07:00,41,83,0.8
2025-08-02T17:00:00-07:00,41,83,0.8
2025-08-02T17:30:00-07:00,41,83,0.8
2025-08-02T18:00:00-07:00,41,82,0.9
2025-08-02T18:30:00-07:00,43,82,1.3
2025-08-02T19:00:00-07:00,43,81,1.1
2025-08-02T19:30:00-07:00,44,80,1
2025-08-02T20:00:00-07:00,45,78,1.5
2025-08-02T20:30:00-07:00,47,77,1.9
2025-08-02T21:00:00-07:00,48,77,2.6
2025-08-02T21:30:00-07:00,49,76,3
2025-08-02T22:00:00-07:00,50,76,3
2025-08-02T22:30:00-07:00,51,75,3.3
2025-08-02T23:00:00-07:00,51,75,3.3
2025-08-02T23:30:00-07:00,51,75,3.4
2025-08-03T00:00:00-07:00,52,74,3.6
2025-08-03T00:30:00-07:00,52,74,3.8
2025-08-03T01:00:00-07:00,52,74,3.8
2025-08-03T01:30:00-07:00,53,74,3.7
2025-08-03T02:00:00-07:00,52,73,4.3
2025-08-03T02:30:00-07:00,53,73,3.8
2025-08-03T03:00:00-07:00,52,73,3.8
2025-08-03T03:30:00-07:00,53,72,3.7
2025-08-03T04:00:00-07:00,53,72,3.8
2025-08-03T04:30:00-07:00,54,72,4.1
2025-08-03T05:00:00-07:00,53,72,3.5
2025-08-03T05:30:00-07:00,53,71,3.6
2025-08-03T06:00:00-07:00,53,71,4.1
2025-08-03T06:30:00-07:00,54,71,4.1
2025-08-03T07:00:00-07:00,55,71,4.5
2025-08-03T07:30:00-07:00,58,72,4.9
2025-08-03T08:00:00-07:00,59,72,4.8
2025-08-03T08:30:00-07:00,58,73,4.5
2025-08-03T09:00:00-07:00,57,74,4.4
2025-08-03T09:30:00-07:00,55,74,4.2
2025-08-03T10:00:00-07:00,53,75,4.1
2025-08-03T10:30:00-07:00,49,76,3.3
2025-08-03T11:00:00-07:00,47,77,3.7
2025-08-03T11:30:00-07:00,47,78,4
2025-08-03T12:00:00-07:00,44,79,3.6
2025-08-03T12:30:00-07:00,43,80,3.8
2025-08-03T13:00:00-07:00,42,81,4
2025-08-03T13:30:00-07:00,41,81,5
2025-08-03T14:00:00-07:00,40,81,4.6
2025-08-03T14:30:00-07:00,40,81,4.2
2025-08-03T15:00:00-07:00,39,82,3.9
2025-08-03T15:30:00-07:00,38,82,3.6
2025-08-03T16:00:00-07:00,38,82,3.6
2025-08-03T16:30:00-07:00,37,82,3.9
2025-08-03T17:00:00-07:00,38,82,3.7
2025-08-03T17:30:00-07:00,37,82,3.5
2025-08-03T18:00:00-07:00,37,82,3.2
2025-08-03T18:30:00-07:00,38,81,3.3
2025-08-03T19:00:00-07:00,39,80,3.8
2025-08-03T19:30:00-07:00,40,78,3.7
2025-08-03T20:00:00-07:00,42,77,3.8
2025-08-03T20:30:00-07:00,42,77,3.8
2025-08-03T21:00:00-07:00,43,76,3.8
2025-08-03T21:30:00-07:00,43,76,4
2025-08-03T22:00:00-07:00,44,75,4
2025-08-03T22:30:00-07:00,44,75,4.3
2025-08-03T23:00:00-07:00,45,75,4.1
2025-08-03T23:30:00-07:00,45,74,4.2
2025-08-04T00:00:00-07:00,46,74,4.3
2025-08-04T00:30:00-07:00,46,74,4.3
2025-08-04T01:00:00-07:00,46,74,4.5
2025-08-04T01:30:00-07:00,47,73,4.4
2025-08-04T02:00:00-07:00,47,73,4.3
2025-08-04T02:30:00-07:00,47,73,4.3
2025-08-04T03:00:00-07:00,47,72,4.3
2025-08-04T03:30:00-07:00,47,72,4.7
2025-08-04T04:00:00-07:00,48,72,4.7
2025-08-04T04:30:00-07:00,48,72,5
2025-08-04T05:00:00-07:00,49,71,4.8
2025-08-04T05:30:00-07:00,49,71,4.9
2025-08-04T06:00:00-07:00,49,71,4.8
2025-08-04T06:30:00-07:00,49,71,4.1
2025-08-04T07:00:00-07:00,50,71,4.1
2025-08-04T07:30:00-07:00,48,71,3.6
2025-08-04T08:00:00-07:00,48,72,3.5
2025-08-04T08:30:00-07:00,47,73,3.5
2025-08-04T09:00:00-07:00,46,73,3.3
2025-08-04T09:30:00-07:00,45,74,3.4
2025-08-04T10:00:00-07:00,43,75,3.4
2025-08-04T10:30:00-07:00,43,75,3.5
2025-08-04T11:00:00-07:00,42,76,3.4
2025-08-04T11:30:00-07:00,42,77,3.5
2025-08-04T12:00:00-07:00,41,78,3.5
2025-08-04T12:30:00-07:00,40,79,3.2
2025-08-04T13:00:00-07:00,39,79,3.5
2025-08-04T13:30:00-07:00,40,80,3.9
2025-08-04T14:00:00-07:00,39,80,3.5
2025-08-04T14:30:00-07:00,38,81,3.3
2025-08-04T15:00:00-07:00,38,82,3.2
2025-08-04T15:30:00-07:00,38,82,2.8
2025-08-04T16:00:00-07:00,38,83,2.2
2025-08-04T16:30:00-07:00,37,82,2.2
2025-08-04T17:00:00-07:00,37,82,2.2
2025-08-04T17:30:00-07:00,37,82,2.3
2025-08-04T18:00:00-07:00,38,81,2.6
2025-08-04T18:30:00-07:00,37,80,2.2
2025-08-04T19:00:00-07:00,37,79,2.2
2025-08-04T19:30:00-07:00,37,79,2.4
2025-08-04T20:00:00-07:00,38,78,2.6
2025-08-04T20:30:00-07:00,39,77,2.5
2025-08-04T21:00:00-07:00,39,77,2.6
2025-08-04T21:30:00-07:00,40,77,2.7
2025-08-04T22:00:00-07:00,41,76,2.9
2025-08-04T22:30:00-07:00,41,76,2.8
2025-08-04T23:00:00-07:00,42,75,3
2025-08-04T23:30:00-07:00,43,75,3
2025-08-05T00:00:00-07:00,44,75,3.1
2025-08-05T00:30:00-07:00,44,74,3.3
2025-08-05T01:00:00-07:00,45,74,3.3
2025-08-05T01:30:00-07:00,45,74,3.4
2025-08-05T02:00:00-07:00,45,73,3.4
2025-08-05T02:30:00-07:00,45,73,3.4
2025-08-05T03:00:00-07:00,46,73,3.5
2025-08-05T03:30:00-07:00,47,73,3.6
2025-08-05T04:00:00-07:00,48,72,3.9
2025-08-05T04:30:00-07:00,50,72,4
2025-08-05T05:00:00-07:00,51,72,3.9
2025-08-05T05:30:00-07:00,51,72,4
2025-08-05T06:00:00-07:00,52,72,4
2025-08-05T06:30:00-07:00,52,72,4.1
2025-08-05T07:00:00-07:00,54,72,4.3
2025-08-05T07:30:00-07:00,54,72,4.5
2025-08-05T08:00:00-07:00,54,72,4.6
2025-08-05T08:30:00-07:00,53,73,3.9
2025-08-05T09:00:00-07:00,51,74,3.6
2025-08-05T09:30:00-07:00,49,75,3.7
2025-08-05T10:00:00-07:00,48,75,3.9
2025-08-05T10:30:00-07:00,47,76,4.1
2025-08-05T11:00:00-07:00,44,77,3.2
2025-08-05T11:30:00-07:00,43,78,3.5
2025-08-05T12:00:00-07:00,43,79,3.8
2025-08-05T12:30:00-07:00,42,80,4.4
2025-08-05T13:00:00-07:00,41,81,4.3
2025-08-05T13:30:00-07:00,40,82,4
2025-08-05T14:00:00-07:00,39,82,3.9
2025-08-05T14:30:00-07:00,38,83,3.6
2025-08-05T15:00:00-07:00,37,83,3.4
2025-08-05T15:30:00-07:00,35,84,3.1
2025-08-05T16:00:00-07:00,34,84,2.7
2025-08-05T16:30:00-07:00,33,84,2.5
2025-08-05T17:00:00-07:00,36,84,3.6
2025-08-05T17:30:00-07:00,36,83,3.4
2025-08-05T18:00:00-07:00,37,83,3.6
2025-08-05T18:30:00-07:00,38,82,4
2025-08-05T19:00:00-07:00,41,81,4.4
2025-08-05T19:30:00-07:00,42,80,4.3
2025-08-05T20:00:00-07:00,43,79,4.5
2025-08-05T20:30:00-07:00,45,79,4.3
2025-08-05T21:00:00-07:00,46,78,4
2025-08-05T21:30:00-07:00,47,77,4.2
2025-08-05T22:00:00-07:00,47,77,4.3
2025-08-05T22:30:00-07:00,48,76,4.4
2025-08-05T23:00:00-07:00,48,76,4.3
2025-08-05T23:30:00-07:00,49,76,4.3
2025-08-06T00:00:00-07:00,49,75,4.4
2025-08-06T00:30:00-07:00,49,75,4.4
2025-08-06T01:00:00-07:00,49,75,4.1
2025-08-06T01:30:00-07:00,49,74,4
2025-08-06T02:00:00-07:00,49,74,4.1
2025-08-06T02:30:00-07:00,49,74,4.3
2025-08-06T03:00:00-07:00,49,73,4.7
2025-08-06T03:30:00-07:00,50,73,4.5
2025-08-06T04:00:00-07:00,50,73,4.4
2025-08-06T04:30:00-07:00,50,72,4.3
2025-08-06T05:00:00-07:00,50,72,4.3
2025-08-06T05:30:00-07:00,50,72,4.5
2025-08-06T06:00:00-07:00,51,72,4.5
2025-08-06T06:30:00-07:00,51,72,4.6
2025-08-06T07:00:00-07:00,52,72,4.8
2025-08-06T07:30:00-07:00,54,73,5.1
2025-08-06T08:00:00-07:00,54,73,5.2
2025-08-06T08:30:00-07:00,54,74,5.8
2025-08-06T09:00:00-07:00,54,75,5.8
2025-08-06T09:30:00-07:00,52,76,5.7
2025-08-06T10:00:00-07:00,49,77,5.5
2025-08-06T10:30:00-07:00,48,78,5.6
2025-08-06T11:00:00-07:00,46,79,5.5
2025-08-06T11:30:00-07:00,44,81,5.2
2025-08-06T12:00:00-07:00,44,82,5.4
2025-08-06T12:30:00-07:00,42,83,4.6
2025-08-06T13:00:00-07:00,39,84,4.1
2025-08-06T13:30:00-07:00,35,85,2.7
2025-08-06T14:00:00-07:00,31,86,2.2
2025-08-06T14:30:00-07:00,31,87,3.4
2025-08-06T15:00:00-07:00,31,88,3.8
2025-08-06T15:30:00-07:00,32,89,4.3
2025-08-06T16:00:00-07:00,32,89,4.1
2025-08-06T16:30:00-07:00,32,89,3.8
2025-08-06T17:00:00-07:00,33,89,3.8
2025-08-06T17:30:00-07:00,33,89,3.3
2025-08-06T18:00:00-07:00,33,88,2.8
2025-08-06T18:30:00-07:00,35,88,2.9
2025-08-06T19:00:00-07:00,38,87,3.4
2025-08-06T19:30:00-07:00,38,86,3.2
2025-08-06T20:00:00-07:00,40,84,3.5
2025-08-06T20:30:00-07:00,41,83,3.3
2025-08-06T21:00:00-07:00,43,82,3.1
2025-08-06T21:30:00-07:00,44,81,2.7
2025-08-06T22:00:00-07:00,45,81,3.1
2025-08-06T22:30:00-07:00,46,80,3
2025-08-06T23:00:00-07:00,46,80,3
2025-08-06T23:30:00-07:00,47,79,3.1
2025-08-07T00:00:00-07:00,48,79,2.9
2025-08-07T00:30:00-07:00,49,78,2.7
2025-08-07T01:00:00-07:00,50,78,2.6
2025-08-07T01:30:00-07:00,51,78,2.6
2025-08-07T02:00:00-07:00,52,77,2.9
2025-08-07T02:30:00-07:00,53,77,2.8
2025-08-07T03:00:00-07:00,54,77,2.8
2025-08-07T03:30:00-07:00,55,76,2.9
2025-08-07T04:00:00-07:00,55,76,2.8
2025-08-07T04:30:00-07:00,55,76,2.8
2025-08-07T05:00:00-07:00,55,76,2.7
2025-08-07T05:30:00-07:00,55,75,2.8
2025-08-07T06:00:00-07:00,57,75,2.6
2025-08-07T06:30:00-07:00,57,75,2.3
2025-08-07T07:00:00-07:00,57,75,2.3
2025-08-07T07:30:00-07:00,58,75,3.5
2025-08-07T08:00:00-07:00,59,76,4
2025-08-07T08:30:00-07:00,58,76,3.6
2025-08-07T09:00:00-07:00,57,77,2.5
2025-08-07T09:30:00-07:00,56,77,1.8
2025-08-07T10:00:00-07:00,53,78,0.6
2025-08-07T10:30:00-07:00,50,79,0.2
2025-08-07T11:00:00-07:00,48,80,0.2
2025-08-07T11:30:00-07:00,47,81,0.3
2025-08-07T12:00:00-07:00,45,82,0.5
2025-08-07T12:30:00-07:00,44,83,0.7
2025-08-07T13:00:00-07:00,43,84,1
2025-08-07T13:30:00-07:00,42,85,0.8
2025-08-07T14:00:00-07:00,41,86,0.7
2025-08-07T14:30:00-07:00,40,86,0.8
2025-08-07T15:00:00-07:00,39,87,0.7
2025-08-07T15:30:00-07:00,38,88,0.7
2025-08-07T16:00:00-07:00,37,88,1
2025-08-07T16:30:00-07:00,36,88,0.9
2025-08-07T17:00:00-07:00,36,88,1.2
2025-08-07T17:30:00-07:00,38,88,1.3
2025-08-07T18:00:00-07:00,39,87,1.5
2025-08-07T18:30:00-07:00,39,86,1.5
2025-08-07T19:00:00-07:00,41,85,1.4
2025-08-07T19:30:00-07:00,43,84,1.6
2025-08-07T20:00:00-07:00,45,82,2.3
2025-08-07T20:30:00-07:00,46,81,2.9
2025-08-07T21:00:00-07:00,46,80,4
2025-08-07T21:30:00-07:00,47,80,5.2
2025-08-07T22:00:00-07:00,47,79,5.8
2025-08-07T22:30:00-07:00,48,78,5.4
2025-08-07T23:00:00-07:00,48,78,5.6
2025-08-07T23:30:00-07:00,48,78,5.9
2025-08-08T00:00:00-07:00,49,77,5.8
2025-08-08T00:30:00-07:00,50,77,5.1
2025-08-08T01:00:00-07:00,51,76,5
2025-08-08T01:30:00-07:00,51,76,5.3
2025-08-08T02:00:00-07:00,51,75,5.2
2025-08-08T02:30:00-07:00,52,75,5.4
2025-08-08T03:00:00-07:00,52,75,5.3
2025-08-08T03:30:00-07:00,52,74,5.5
2025-08-08T04:00:00-07:00,52,74,5.3
2025-08-08T04:30:00-07:00,53,74,5.5
2025-08-08T05:00:00-07:00,54,74,5.4
2025-08-08T05:30:00-07:00,54,74,6
2025-08-08T06:00:00-07:00,55,73,6
2025-08-08T06:30:00-07:00,55,73,5.9
2025-08-08T07:00:00-07:00,57,73,7.3
2025-08-08T07:30:00-07:00,58,74,8.3
2025-08-08T08:00:00-07:00,58,74,8.5
2025-08-08T08:30:00-07:00,58,75,8.2
2025-08-08T09:00:00-07:00,58,76,7.9
2025-08-08T09:30:00-07:00,56,76,7
2025-08-08T10:00:00-07:00,55,77,6.6
2025-08-08T10:30:00-07:00,54,78,6.3
2025-08-08T11:00:00-07:00,51,80,6.2
2025-08-08T11:30:00-07:00,50,81,6.3
2025-08-08T12:00:00-07:00,48,82,6
2025-08-08T12:30:00-07:00,44,84,4.9
2025-08-08T13:00:00-07:00,42,85,4.1
2025-08-08T13:30:00-07:00,43,87,5.7
2025-08-08T14:00:00-07:00,42,88,6.1
2025-08-08T14:30:00-07:00,39,89,4.3
2025-08-08T15:00:00-07:00,38,89,3.6
2025-08-08T15:30:00-07:00,37,90,3.7
2025-08-08T16:00:00-07:00,35,91,3.5
2025-08-08T16:30:00-07:00,35,91,4.3
2025-08-08T17:00:00-07:00,35,91,5
2025-08-08T17:30:00-07:00,35,91,5.4
2025-08-08T18:00:00-07:00,36,91,6.1
2025-08-08T18:30:00-07:00,36,90,6.3
2025-08-08T19:00:00-07:00,37,90,6
2025-08-08T19:30:00-07:00,38,89,5.9
2025-08-08T20:00:00-07:00,39,87,6.2
2025-08-08T20:30:00-07:00,38,86,5.7
2025-08-08T21:00:00-07:00,38,85,5.5
2025-08-08T21:30:00-07:00,38,84,5.6
2025-08-08T22:00:00-07:00,38,84,4.8
2025-08-08T22:30:00-07:00,38,83,5.1
2025-08-08T23:00:00-07:00,39,82,6.2
2025-08-08T23:30:00-07:00,41,82,6.5
2025-08-09T00:00:00-07:00,42,81,6.5
2025-08-09T00:30:00-07:00,42,81,6.6
2025-08-09T01:00:00-07:00,43,80,6.1
2025-08-09T01:30:00-07:00,45,80,6.2
2025-08-09T02:00:00-07:00,46,80,6.4
2025-08-09T02:30:00-07:00,46,79,6.6
2025-08-09T03:00:00-07:00,47,79,6.9
2025-08-09T03:30:00-07:00,47,78,6.9
2025-08-09T04:00:00-07:00,48,78,7.9
2025-08-09T04:30:00-07:00,49,78,8
2025-08-09T05:00:00-07:00,49,77,7.4
2025-08-09T05:30:00-07:00,50,77,7.6
2025-08-09T06:00:00-07:00,50,76,7.4
2025-08-09T06:30:00-07:00,51,76,7
2025-08-09T07:00:00-07:00,53,76,7.1
2025-08-09T07:30:00-07:00,54,76,7.4
2025-08-09T08:00:00-07:00,54,76,8.3
2025-08-09T08:30:00-07:00,54,77,8.8
2025-08-09T09:00:00-07:00,53,77,8.4
2025-08-09T09:30:00-07:00,52,78,8.4
2025-08-09T10:00:00-07:00,52,78,7.6
2025-08-09T10:30:00-07:00,51,79,7.5
2025-08-09T11:00:00-07:00,50,81,7.3
2025-08-09T11:30:00-07:00,48,82,7.4
2025-08-09T12:00:00-07:00,47,83,7.8
2025-08-09T12:30:00-07:00,47,84,7.1
2025-08-09T13:00:00-07:00,45,85,7.3
2025-08-09T13:30:00-07:00,43,86,7.5
2025-08-09T14:00:00-07:00,41,87,6.7
2025-08-09T14:30:00-07:00,40,88,5.5
2025-08-09T15:00:00-07:00,38,89,4.6
2025-08-09T15:30:00-07:00,35,90,3.7
2025-08-09T16:00:00-07:00,35,90,4.1
2025-08-09T16:30:00-07:00,35,91,4.4
2025-08-09T17:00:00-07:00,34,91,3.9
2025-08-09T17:30:00-07:00,33,90,3.7
2025-08-09T18:00:00-07:00,32,90,4
2025-08-09T18:30:00-07:00,32,89,4.5
2025-08-09T19:00:00-07:00,34,88,5.3
2025-08-09T19:30:00-07:00,36,87,6.1
2025-08-09T20:00:00-07:00,38,86,9.2
2025-08-09T20:30:00-07:00,38,85,7.9
2025-08-09T21:00:00-07:00,39,83,6.4
2025-08-09T21:30:00-07:00,40,82,6
2025-08-09T22:00:00-07:00,42,81,6.3
2025-08-09T22:30:00-07:00,43,80,6.2
2025-08-09T23:00:00-07:00,44,79,5.9
2025-08-09T23:30:00-07:00,44,79,5.6
2025-08-10T00:00:00-07:00,45,78,5.7
2025-08-10T00:30:00-07:00,46,78,6.3
2025-08-10T01:00:00-07:00,47,77,9.3
2025-08-10T01:30:00-07:00,48,77,13
2025-08-10T02:00:00-07:00,49,77,11.7
2025-08-10T02:30:00-07:00,49,76,7.8
2025-08-10T03:00:00-07:00,49,76,6.4
2025-08-10T03:30:00-07:00,50,76,6.9
2025-08-10T04:00:00-07:00,51,76,8
2025-08-10T04:30:00-07:00,51,75,6
2025-08-10T05:00:00-07:00,51,75,6.3
2025-08-10T05:30:00-07:00,52,75,7.1
2025-08-10T06:00:00-07:00,53,75,6.6
2025-08-10T06:30:00-07:00,55,75,8.9
2025-08-10T07:00:00-07:00,57,75,10.3
2025-08-10T07:30:00-07:00,58,75,9.5
2025-08-10T08:00:00-07:00,59,75,10.5
2025-08-10T08:30:00-07:00,59,75,11.3
2025-08-10T09:00:00-07:00,59,75,12.9
2025-08-10T09:30:00-07:00,58,76,13.7
2025-08-10T10:00:00-07:00,57,77,11.3
2025-08-10T10:30:00-07:00,55,78,10.5
2025-08-10T11:00:00-07:00,54,79,8.7
2025-08-10T11:30:00-07:00,52,80,6.9
2025-08-10T12:00:00-07:00,50,81,5.8
2025-08-10T12:30:00-07:00,48,82,6.5
2025-08-10T13:00:00-07:00,47,83,7
2025-08-10T13:30:00-07:00,46,84,6.4
2025-08-10T14:00:00-07:00,44,86,5.1
2025-08-10T14:30:00-07:00,43,86,4.1
2025-08-10T15:00:00-07:00,42,87,3.7
2025-08-10T15:30:00-07:00,41,87,4.4
2025-08-10T16:00:00-07:00,40,87,3.9
2025-08-10T16:30:00-07:00,39,88,3.5
2025-08-10T17:00:00-07:00,39,88,3.9
2025-08-10T17:30:00-07:00,39,87,3.8
2025-08-10T18:00:00-07:00,40,87,3.7
2025-08-10T18:30:00-07:00,41,86,3.6
2025-08-10T19:00:00-07:00,41,86,3.6
2025-08-10T19:30:00-07:00,42,84,3.7
2025-08-10T20:00:00-07:00,43,83,3.6
2025-08-10T20:30:00-07:00,44,82,3.6
2025-08-10T21:00:00-07:00,44,81,3.3
2025-08-10T21:30:00-07:00,45,80,3.6
2025-08-10T22:00:00-07:00,46,79,3.9
2025-08-10T22:30:00-07:00,48,78,4
2025-08-10T23:00:00-07:00,49,78,4
2025-08-10T23:30:00-07:00,50,78,3.8
2025-08-11T00:00:00-07:00,50,77,3.7
2025-08-11T00:30:00-07:00,51,77,3.6
2025-08-11T01:00:00-07:00,52,76,4.6
2025-08-11T01:30:00-07:00,53,76,5.2
2025-08-11T02:00:00-07:00,54,76,5.3
2025-08-11T02:30:00-07:00,55,76,5.3
2025-08-11T03:00:00-07:00,55,76,6.7
2025-08-11T03:30:00-07:00,55,76,7.7
2025-08-11T04:00:00-07:00,55,76,7
2025-08-11T04:30:00-07:00,55,76,6.6
2025-08-11T05:00:00-07:00,55,76,6.7
2025-08-11T05:30:00-07:00,56,75,6.7
2025-08-11T06:00:00-07:00,57,75,7.5
2025-08-11T06:30:00-07:00,57,75,8.4
2025-08-11T07:00:00-07:00,57,75,6.8
2025-08-11T07:30:00-07:00,56,75,7.5
2025-08-11T08:00:00-07:00,56,75,6.7
2025-08-11T08:30:00-07:00,56,76,6.7
2025-08-11T09:00:00-07:00,55,76,6.5
2025-08-11T09:30:00-07:00,54,76,6.5
2025-08-11T10:00:00-07:00,54,77,6.1
2025-08-11T10:30:00-07:00,52,78,6.5
2025-08-11T11:00:00-07:00,50,78,7.2
2025-08-11T11:30:00-07:00,49,80,7.8
2025-08-11T12:00:00-07:00,48,81,9.2
2025-08-11T12:30:00-07:00,48,82,9.3
2025-08-11T13:00:00-07:00,46,83,7.5
2025-08-11T13:30:00-07:00,44,83,6.3
2025-08-11T14:00:00-07:00,43,84,4.2
2025-08-11T14:30:00-07:00,40,85,2
2025-08-11T15:00:00-07:00,38,85,1.2
2025-08-11T15:30:00-07:00,37,85,0.6
2025-08-11T16:00:00-07:00,37,86,0.2
2025-08-11T16:30:00-07:00,38,86,0.7
2025-08-11T17:00:00-07:00,38,85,2
2025-08-11T17:30:00-07:00,37,85,2.4
2025-08-11T18:00:00-07:00,37,85,2.8
2025-08-11T18:30:00-07:00,37,84,3.4
2025-08-11T19:00:00-07:00,40,83,3.7
2025-08-11T19:30:00-07:00,41,82,3.8
2025-08-11T20:00:00-07:00,43,80,4.1
2025-08-11T20:30:00-07:00,44,79,4.3
2025-08-11T21:00:00-07:00,45,78,4.6
2025-08-11T21:30:00-07:00,47,78,4.5
2025-08-11T22:00:00-07:00,47,77,4.4
2025-08-11T22:30:00-07:00,48,76,5.2
2025-08-11T23:00:00-07:00,49,76,4.3
2025-08-11T23:30:00-07:00,49,76,4.4
2025-08-12T00:00:00-07:00,50,75,4.3
2025-08-12T00:30:00-07:00,50,75,4.5
2025-08-12T01:00:00-07:00,51,75,4.6
2025-08-12T01:30:00-07:00,51,75,4.8
2025-08-12T02:00:00-07:00,52,75,5.3
2025-08-12T02:30:00-07:00,52,75,5.3
2025-08-12T03:00:00-07:00,53,75,5.9
2025-08-12T03:30:00-07:00,53,75,5.1
2025-08-12T04:00:00-07:00,54,75,6.2
2025-08-12T04:30:00-07:00,53,74,6.3
2025-08-12T05:00:00-07:00,53,74,4.8
2025-08-12T05:30:00-07:00,53,74,4.9
2025-08-12T06:00:00-07:00,53,74,4.5
2025-08-12T06:30:00-07:00,53,74,4.7
2025-08-12T07:00:00-07:00,52,74,4.8
2025-08-12T07:30:00-07:00,52,74,5.1
2025-08-12T08:00:00-07:00,53,74,6
2025-08-12T08:30:00-07:00,53,74,5.7
2025-08-12T09:00:00-07:00,53,75,7.2
2025-08-12T09:30:00-07:00,53,75,7.8
2025-08-12T10:00:00-07:00,53,76,8.2
2025-08-12T10:30:00-07:00,52,76,8.2
2025-08-12T11:00:00-07:00,52,77,6.8
2025-08-12T11:30:00-07:00,50,78,6.7
2025-08-12T12:00:00-07:00,48,79,7.8
2025-08-12T12:30:00-07:00,47,80,8
2025-08-12T13:00:00-07:00,47,81,7.5
2025-08-12T13:30:00-07:00,45,82,7.2
2025-08-12T14:00:00-07:00,44,83,5.2
2025-08-12T14:30:00-07:00,43,84,3.5
2025-08-12T15:00:00-07:00,42,84,2.6
2025-08-12T15:30:00-07:00,41,85,2.7
2025-08-12T16:00:00-07:00,41,85,2.4
2025-08-12T16:30:00-07:00,41,85,2.7
2025-08-12T17:00:00-07:00,41,84,2.3
2025-08-12T17:30:00-07:00,41,84,2.1
2025-08-12T18:00:00-07:00,41,83,2.4
2025-08-12T18:30:00-07:00,43,82,2.4
2025-08-12T19:00:00-07:00,45,81,2.4
2025-08-12T19:30:00-07:00,46,80,2.5
2025-08-12T20:00:00-07:00,48,79,3
2025-08-12T20:30:00-07:00,49,78,3.7
2025-08-12T21:00:00-07:00,49,78,4.6
2025-08-12T21:30:00-07:00,50,78,5.8
2025-08-12T22:00:00-07:00,51,77,6.4
2025-08-12T22:30:00-07:00,52,77,5.8
2025-08-12T23:00:00-07:00,53,77,5.7
2025-08-12T23:30:00-07:00,54,77,5.7
2025-08-13T00:00:00-07:00,55,76,5.5
2025-08-13T00:30:00-07:00,55,76,5
2025-08-13T01:00:00-07:00,56,76,4.8
2025-08-13T01:30:00-07:00,56,76,5.5
2025-08-13T02:00:00-07:00,56,76,5
2025-08-13T02:30:00-07:00,56,76,4.1
2025-08-13T03:00:00-07:00,56,76,6.3
2025-08-13T03:30:00-07:00,57,76,7.8
2025-08-13T04:00:00-07:00,57,75,6.1
2025-08-13T04:30:00-07:00,57,75,5.2
2025-08-13T05:00:00-07:00,57,75,4.3
2025-08-13T05:30:00-07:00,57,75,4.3
2025-08-13T06:00:00-07:00,57,75,4.8
2025-08-13T06:30:00-07:00,56,75,2.8
2025-08-13T07:00:00-07:00,56,75,1.4
2025-08-13T07:30:00-07:00,57,75,1.1
2025-08-13T08:00:00-07:00,56,75,2.7
2025-08-13T08:30:00-07:00,56,75,3.5
2025-08-13T09:00:00-07:00,57,76,3.8
2025-08-13T09:30:00-07:00,56,76,4.5
2025-08-13T10:00:00-07:00,57,76,4.9
2025-08-13T10:30:00-07:00,57,76,5.2
2025-08-13T11:00:00-07:00,56,77,6.3
2025-08-13T11:30:00-07:00,56,77,7.1
2025-08-13T12:00:00-07:00,54,78,5.9
2025-08-13T12:30:00-07:00,52,79,4.6
2025-08-13T13:00:00-07:00,51,80,3.1
2025-08-13T13:30:00-07:00,50,81,1.5
2025-08-13T14:00:00-07:00,48,82,1
2025-08-13T14:30:00-07:00,47,83,0.6
2025-08-13T15:00:00-07:00,46,83,0.7
2025-08-13T15:30:00-07:00,45,84,0.8
2025-08-13T16:00:00-07:00,45,84,1.1
2025-08-13T16:30:00-07:00,45,84,1
2025-08-13T17:00:00-07:00,45,84,1.2
2025-08-13T17:30:00-07:00,46,84,1.2
2025-08-13T18:00:00-07:00,47,83,1.8
2025-08-13T18:30:00-07:00,47,82,1.4
2025-08-13T19:00:00-07:00,48,82,1
2025-08-13T19:30:00-07:00,49,80,0.4
2025-08-13T20:00:00-07:00,50,79,0.3
2025-08-13T20:30:00-07:00,52,78,0
2025-08-13T21:00:00-07:00,53,78,0
2025-08-13T21:30:00-07:00,54,78,0
2025-08-13T22:00:00-07:00,54,77,0
2025-08-13T22:30:00-07:00,55,77,0
2025-08-13T23:00:00-07:00,56,76,0
2025-08-13T23:30:00-07:00,56,76,0
2025-08-14T00:00:00-07:00,56,76,0
2025-08-14T00:30:00-07:00,57,76,0
2025-08-14T01:00:00-07:00,57,76,0
2025-08-14T01:30:00-07:00,56,76,0
2025-08-14T02:00:00-07:00,57,76,0
2025-08-14T02:30:00-07:00,57,76,0
2025-08-14T03:00:00-07:00,57,76,0
2025-08-14T03:30:00-07:00,57,76,0
2025-08-14T04:00:00-07:00,57,76,0
2025-08-14T04:30:00-07:00,57,75,0.1
2025-08-14T05:00:00-07:00,57,75,0.4
2025-08-14T05:30:00-07:00,57,75,0.5
2025-08-14T06:00:00-07:00,57,75,0.2
2025-08-14T06:30:00-07:00,56,75,0
2025-08-14T07:00:00-07:00,57,75,0.5
2025-08-14T07:30:00-07:00,57,75,0.7
2025-08-14T08:00:00-07:00,56,75,0.6
2025-08-14T08:30:00-07:00,56,75,1.7
2025-08-14T09:00:00-07:00,56,76,1.5
2025-08-14T09:30:00-07:00,56,76,2.8
2025-08-14T10:00:00-07:00,59,76,4
2025-08-14T10:30:00-07:00,61,77,4.5
2025-08-14T11:00:00-07:00,60,77,6.1
2025-08-14T11:30:00-07:00,56,78,6.7
2025-08-14T12:00:00-07:00,54,79,5.8
2025-08-14T12:30:00-07:00,52,80,5.4
2025-08-14T13:00:00-07:00,50,81,4.5
2025-08-14T13:30:00-07:00,48,83,3.9
2025-08-14T14:00:00-07:00,47,84,2.9
2025-08-14T14:30:00-07:00,45,84,3
2025-08-14T15:00:00-07:00,45,85,2.6
2025-08-14T15:30:00-07:00,44,85,2.4
2025-08-14T16:00:00-07:00,43,85,1.9
2025-08-14T16:30:00-07:00,43,85,2.4
2025-08-14T17:00:00-07:00,43,84,2.8
2025-08-14T17:30:00-07:00,44,83,2.8
2025-08-14T18:00:00-07:00,45,82,3
2025-08-14T18:30:00-07:00,45,81,3.3
2025-08-14T19:00:00-07:00,46,81,3.7
2025-08-14T19:30:00-07:00,46,80,3.6
2025-08-14T20:00:00-07:00,46,79,3.6
2025-08-14T20:30:00-07:00,47,78,4.1
2025-08-14T21:00:00-07:00,48,78,4.4
2025-08-14T21:30:00-07:00,48,77,4.3
2025-08-14T22:00:00-07:00,49,77,4.4
2025-08-14T22:30:00-07:00,50,77,4.4
2025-08-14T23:00:00-07:00,50,76,4.4
2025-08-14T23:30:00-07:00,51,76,4.8
2025-08-15T00:00:00-07:00,52,76,4.9
2025-08-15T00:30:00-07:00,52,76,4.4
2025-08-15T01:00:00-07:00,52,75,4
2025-08-15T01:30:00-07:00,52,75,4
2025-08-15T02:00:00-07:00,51,75,3.8
2025-08-15T02:30:00-07:00,51,75,3.7
2025-08-15T03:00:00-07:00,51,74,3.8
2025-08-15T03:30:00-07:00,51,74,3.8
2025-08-15T04:00:00-07:00,51,74,3.6
2025-08-15T04:30:00-07:00,52,73,4
2025-08-15T05:00:00-07:00,52,73,4.3
2025-08-15T05:30:00-07:00,52,72,4.5
2025-08-15T06:00:00-07:00,53,73,4.6
2025-08-15T06:30:00-07:00,53,73,4.2
2025-08-15T07:00:00-07:00,55,73,4.6
2025-08-15T07:30:00-07:00,56,73,7.2
2025-08-15T08:00:00-07:00,56,74,8.9
2025-08-15T08:30:00-07:00,56,74,8.5
2025-08-15T09:00:00-07:00,54,75,6.2
2025-08-15T09:30:00-07:00,53,75,6.4
2025-08-15T10:00:00-07:00,52,76,6
2025-08-15T10:30:00-07:00,50,77,5.7
2025-08-15T11:00:00-07:00,48,78,5.4
2025-08-15T11:30:00-07:00,47,79,5.9
2025-08-15T12:00:00-07:00,45,81,4.9
2025-08-15T12:30:00-07:00,44,82,4.3
2025-08-15T13:00:00-07:00,44,83,3.5
2025-08-15T13:30:00-07:00,43,84,2.9
2025-08-15T14:00:00-07:00,43,85,2.5
2025-08-15T14:30:00-07:00,42,85,1.7
2025-08-15T15:00:00-07:00,41,85,1.5
2025-08-15T15:30:00-07:00,41,85,1.3
2025-08-15T16:00:00-07:00,42,85,1.3
2025-08-15T16:30:00-07:00,42,85,1.6
2025-08-15T17:00:00-07:00,43,85,1.6
2025-08-15T17:30:00-07:00,43,84,1.2
2025-08-15T18:00:00-07:00,44,83,1
2025-08-15T18:30:00-07:00,46,82,0.9
2025-08-15T19:00:00-07:00,48,82,0.6
2025-08-15T19:30:00-07:00,49,81,0.2
2025-08-15T20:00:00-07:00,51,80,0.1
2025-08-15T20:30:00-07:00,53,79,0
2025-08-15T21:00:00-07:00,54,79,0
2025-08-15T21:30:00-07:00,54,79,0
2025-08-15T22:00:00-07:00,54,79,0
2025-08-15T22:30:00-07:00,55,79,0
2025-08-15T23:00:00-07:00,55,78,0
2025-08-15T23:30:00-07:00,56,78,0
2025-08-16T00:00:00-07:00,57,78,0
2025-08-16T00:30:00-07:00,57,78,0
2025-08-16T01:00:00-07:00,58,77,0
2025-08-16T01:30:00-07:00,59,77,0
2025-08-16T02:00:00-07:00,59,77,0
2025-08-16T02:30:00-07:00,59,77,0
2025-08-16T03:00:00-07:00,59,77,0
2025-08-16T03:30:00-07:00,59,77,0
2025-08-16T04:00:00-07:00,59,77,0
2025-08-16T04:30:00-07:00,60,77,0
2025-08-16T05:00:00-07:00,60,77,0.2
2025-08-16T05:30:00-07:00,60,77,0.8
2025-08-16T06:00:00-07:00,62,77,0
2025-08-16T06:30:00-07:00,62,76,0.2
2025-08-16T07:00:00-07:00,61,76,1.1
2025-08-16T07:30:00-07:00,60,76,1.5
2025-08-16T08:00:00-07:00,63,77,0
2025-08-16T08:30:00-07:00,66,77,0
2025-08-16T09:00:00-07:00,66,77,0
2025-08-16T09:30:00-07:00,66,77,0
2025-08-16T10:00:00-07:00,66,77,0
2025-08-16T10:30:00-07:00,68,77,0
2025-08-16T11:00:00-07:00,69,77,0.1
2025-08-16T11:30:00-07:00,69,77,0.5
2025-08-16T12:00:00-07:00,68,78,0.2
2025-08-16T12:30:00-07:00,68,78,0.1
2025-08-16T13:00:00-07:00,68,78,0.2
2025-08-16T13:30:00-07:00,67,79,0.4
2025-08-16T14:00:00-07:00,67,79,0.2
2025-08-16T14:30:00-07:00,67,79,0
2025-08-16T15:00:00-07:00,67,79,0
2025-08-16T15:30:00-07:00,68,80,0
2025-08-16T16:00:00-07:00,67,80,0
2025-08-16T16:30:00-07:00,67,80,0.1
2025-08-16T17:00:00-07:00,64,81,0
2025-08-16T17:30:00-07:00,59,81,0
2025-08-16T18:00:00-07:00,57,81,0
2025-08-16T18:30:00-07:00,55,81,0
2025-08-16T19:00:00-07:00,55,81,0
2025-08-16T19:30:00-07:00,55,80,0.1
2025-08-16T20:00:00-07:00,54,80,0.2
2025-08-16T20:30:00-07:00,53,79,0.6
2025-08-16T21:00:00-07:00,52,79,0.9
2025-08-16T21:30:00-07:00,52,78,1.1
2025-08-16T22:00:00-07:00,52,78,1.1
2025-08-16T22:30:00-07:00,52,77,1.2
2025-08-16T23:00:00-07:00,54,77,1.2
2025-08-16T23:30:00-07:00,55,77,1.7
2025-08-17T00:00:00-07:00,55,77,2.1
2025-08-17T00:30:00-07:00,56,76,2.2
2025-08-17T01:00:00-07:00,56,76,2.3
2025-08-17T01:30:00-07:00,56,76,2.4
2025-08-17T02:00:00-07:00,57,76,2.6
2025-08-17T02:30:00-07:00,57,76,2.7
2025-08-17T03:00:00-07:00,57,76,2.8
2025-08-17T03:30:00-07:00,57,75,2.3
2025-08-17T04:00:00-07:00,56,75,2.1
2025-08-17T04:30:00-07:00,56,75,2
2025-08-17T05:00:00-07:00,56,75,2
2025-08-17T05:30:00-07:00,57,75,1.8
2025-08-17T06:00:00-07:00,58,75,1.9
2025-08-17T06:30:00-07:00,58,75,1.8
2025-08-17T07:00:00-07:00,57,75,1.4
2025-08-17T07:30:00-07:00,57,75,1.3
2025-08-17T08:00:00-07:00,57,75,1.5
2025-08-17T08:30:00-07:00,56,75,1.6
2025-08-17T09:00:00-07:00,56,75,1.7
2025-08-17T09:30:00-07:00,54,76,1.9
2025-08-17T10:00:00-07:00,53,76,2
2025-08-17T10:30:00-07:00,52,77,2.4
2025-08-17T11:00:00-07:00,52,77,3
2025-08-17T11:30:00-07:00,50,78,3.1
2025-08-17T12:00:00-07:00,48,79,2.7
2025-08-17T12:30:00-07:00,46,79,2.5
2025-08-17T13:00:00-07:00,44,80,2.4
2025-08-17T13:30:00-07:00,43,81,2.4
2025-08-17T14:00:00-07:00,43,82,2.5
2025-08-17T14:30:00-07:00,43,82,2.4
2025-08-17T15:00:00-07:00,43,83,2.3
2025-08-17T15:30:00-07:00,42,83,1.7
2025-08-17T16:00:00-07:00,41,83,1.8
2025-08-17T16:30:00-07:00,40,83,1.6
2025-08-17T17:00:00-07:00,40,83,1.5
2025-08-17T17:30:00-07:00,42,82,2.2
2025-08-17T18:00:00-07:00,43,82,2.4
2025-08-17T18:30:00-07:00,44,81,2.4
2025-08-17T19:00:00-07:00,45,80,2.1
2025-08-17T19:30:00-07:00,45,80,1.4
2025-08-17T20:00:00-07:00,46,79,1.3
2025-08-17T20:30:00-07:00,47,79,1.8
2025-08-17T21:00:00-07:00,47,78,1.4
2025-08-17T21:30:00-07:00,48,78,1.3
2025-08-17T22:00:00-07:00,50,78,1.6
2025-08-17T22:30:00-07:00,51,77,1.8
2025-08-17T23:00:00-07:00,52,77,2.1
2025-08-17T23:30:00-07:00,52,77,2.4
2025-08-18T00:00:00-07:00,53,76,2.1
2025-08-18T00:30:00-07:00,53,76,2.4
2025-08-18T01:00:00-07:00,53,76,2.2
2025-08-18T01:30:00-07:00,53,76,2.2
2025-08-18T02:00:00-07:00,53,76,2.1
2025-08-18T02:30:00-07:00,53,76,1.9
2025-08-18T03:00:00-07:00,54,75,1.8
2025-08-18T03:30:00-07:00,55,75,1.7
2025-08-18T04:00:00-07:00,55,75,1.7
2025-08-18T04:30:00-07:00,54,75,1.9
2025-08-18T05:00:00-07:00,55,75,2.1
2025-08-18T05:30:00-07:00,54,75,2.1
2025-08-18T06:00:00-07:00,54,74,2.4
2025-08-18T06:30:00-07:00,54,74,2.6
2025-08-18T07:00:00-07:00,54,74,2.6
2025-08-18T07:30:00-07:00,54,74,2.6
2025-08-18T08:00:00-07:00,52,74,2.5
2025-08-18T08:30:00-07:00,52,75,2.7
2025-08-18T09:00:00-07:00,50,75,3
2025-08-18T09:30:00-07:00,49,75,2.9
2025-08-18T10:00:00-07:00,47,76,2.9
2025-08-18T10:30:00-07:00,46,77,2.8
2025-08-18T11:00:00-07:00,43,78,2.5
2025-08-18T11:30:00-07:00,41,79,1.6
2025-08-18T12:00:00-07:00,39,80,1.7
2025-08-18T12:30:00-07:00,38,81,1.8
2025-08-18T13:00:00-07:00,37,82,1.5
2025-08-18T13:30:00-07:00,36,83,1.8
2025-08-18T14:00:00-07:00,36,84,1.7
2025-08-18T14:30:00-07:00,36,84,1.8
2025-08-18T15:00:00-07:00,36,85,1.9
2025-08-18T15:30:00-07:00,34,85,1.4
2025-08-18T16:00:00-07:00,34,85,1.3
2025-08-18T16:30:00-07:00,35,85,1.3
2025-08-18T17:00:00-07:00,37,84,1.2
2025-08-18T17:30:00-07:00,36,84,1.4
2025-08-18T18:00:00-07:00,36,83,2.2
2025-08-18T18:30:00-07:00,37,83,1.9
2025-08-18T19:00:00-07:00,38,82,1.9
2025-08-18T19:30:00-07:00,39,81,2.1
2025-08-18T20:00:00-07:00,39,80,2
2025-08-18T20:30:00-07:00,41,79,2.1
2025-08-18T21:00:00-07:00,42,78,2.2
2025-08-18T21:30:00-07:00,43,78,2.3
2025-08-18T22:00:00-07:00,43,78,2.2
2025-08-18T22:30:00-07:00,44,78,2.3
2025-08-18T23:00:00-07:00,43,77,2.3
2025-08-18T23:30:00-07:00,43,77,2.3
2025-08-19T00:00:00-07:00,43,77,2.1
2025-08-19T00:30:00-07:00,43,76,2.2
2025-08-19T01:00:00-07:00,44,76,2.6
2025-08-19T01:30:00-07:00,45,75,2.6
2025-08-19T02:00:00-07:00,45,75,2.6
2025-08-19T02:30:00-07:00,46,74,2.5
2025-08-19T03:00:00-07:00,47,74,2.6
2025-08-19T03:30:00-07:00,47,74,2.5
2025-08-19T04:00:00-07:00,47,73,2.4
2025-08-19T04:30:00-07:00,47,73,2.4
2025-08-19T05:00:00-07:00,47,73,2.4
2025-08-19T05:30:00-07:00,47,72,2.4
2025-08-19T06:00:00-07:00,47,72,2.4
2025-08-19T06:30:00-07:00,47,72,2.3
2025-08-19T07:00:00-07:00,48,72,2.4
2025-08-19T07:30:00-07:00,49,72,2.6
2025-08-19T08:00:00-07:00,52,73,3.7
2025-08-19T08:30:00-07:00,53,74,4
2025-08-19T09:00:00-07:00,53,74,3.9
2025-08-19T09:30:00-07:00,52,75,3.3
2025-08-19T10:00:00-07:00,48,76,2.9
2025-08-19T10:30:00-07:00,47,77,3.1
2025-08-19T11:00:00-07:00,45,78,3.1
2025-08-19T11:30:00-07:00,43,79,4
2025-08-19T12:00:00-07:00,43,80,3.2
2025-08-19T12:30:00-07:00,42,81,4
2025-08-19T13:00:00-07:00,40,82,3.2
2025-08-19T13:30:00-07:00,38,83,3.1
2025-08-19T14:00:00-07:00,37,84,2.6
2025-08-19T14:30:00-07:00,36,85,2.8
2025-08-19T15:00:00-07:00,36,85,2.9
2025-08-19T15:30:00-07:00,36,85,3
2025-08-19T16:00:00-07:00,35,85,2.9
2025-08-19T16:30:00-07:00,35,85,2.5
2025-08-19T17:00:00-07:00,37,84,2.6
2025-08-19T17:30:00-07:00,38,84,2.8
2025-08-19T18:00:00-07:00,41,82,2.9
2025-08-19T18:30:00-07:00,42,82,3.2
2025-08-19T19:00:00-07:00,44,81,3.3
2025-08-19T19:30:00-07:00,45,80,3.2
2025-08-19T20:00:00-07:00,46,79,3.2
2025-08-19T20:30:00-07:00,47,79,3.3
2025-08-19T21:00:00-07:00,47,79,3.4
2025-08-19T21:30:00-07:00,48,78,3.4
2025-08-19T22:00:00-07:00,48,78,3.9
2025-08-19T22:30:00-07:00,48,77,3.7
2025-08-19T23:00:00-07:00,49,77,4.2
2025-08-19T23:30:00-07:00,49,77,3.8
2025-08-20T00:00:00-07:00,50,76,4
2025-08-20T00:30:00-07:00,51,76,3.9
2025-08-20T01:00:00-07:00,51,76,4
2025-08-20T01:30:00-07:00,51,75,3.6
2025-08-20T02:00:00-07:00,51,75,3.2
2025-08-20T02:30:00-07:00,51,75,3.5
2025-08-20T03:00:00-07:00,50,74,3.3
2025-08-20T03:30:00-07:00,49,74,2.9
2025-08-20T04:00:00-07:00,48,73,2.9
2025-08-20T04:30:00-07:00,49,73,2.9
2025-08-20T05:00:00-07:00,49,73,2.9
2025-08-20T05:30:00-07:00,49,72,2.8
2025-08-20T06:00:00-07:00,49,72,2.8
2025-08-20T06:30:00-07:00,49,72,3.1
2025-08-20T07:00:00-07:00,51,72,3.8
2025-08-20T07:30:00-07:00,52,72,3.6
2025-08-20T08:00:00-07:00,52,73,5.6
2025-08-20T08:30:00-07:00,52,74,4.8
2025-08-20T09:00:00-07:00,53,75,4.9
2025-08-20T09:30:00-07:00,52,75,4.9
2025-08-20T10:00:00-07:00,50,76,4.5
2025-08-20T10:30:00-07:00,48,78,4.6
2025-08-20T11:00:00-07:00,47,79,5.1
2025-08-20T11:30:00-07:00,46,80,6
2025-08-20T12:00:00-07:00,46,82,5.6
2025-08-20T12:30:00-07:00,44,83,5.3
2025-08-20T13:00:00-07:00,42,84,4.9
2025-08-20T13:30:00-07:00,40,85,4.4
2025-08-20T14:00:00-07:00,39,87,4.4
2025-08-20T14:30:00-07:00,37,88,4.7
2025-08-20T15:00:00-07:00,34,89,4.5
2025-08-20T15:30:00-07:00,33,89,4.3
2025-08-20T16:00:00-07:00,32,90,3.9
2025-08-20T16:30:00-07:00,33,90,4.6
2025-08-20T17:00:00-07:00,33,90,5
2025-08-20T17:30:00-07:00,35,89,5.1
2025-08-20T18:00:00-07:00,37,89,4.9
2025-08-20T18:30:00-07:00,37,88,4.9
2025-08-20T19:00:00-07:00,39,87,5.1
2025-08-20T19:30:00-07:00,40,86,5
2025-08-20T20:00:00-07:00,41,85,5
2025-08-20T20:30:00-07:00,42,84,5.3
2025-08-20T21:00:00-07:00,43,83,5.8
2025-08-20T21:30:00-07:00,45,82,6.4
2025-08-20T22:00:00-07:00,46,81,6.2
2025-08-20T22:30:00-07:00,46,81,6.7
2025-08-20T23:00:00-07:00,47,80,7.5
2025-08-20T23:30:00-07:00,49,80,7.9
2025-08-21T00:00:00-07:00,49,79,8
2025-08-21T00:30:00-07:00,50,79,8.1
2025-08-21T01:00:00-07:00,50,78,8.2
2025-08-21T01:30:00-07:00,49,78,6.3
2025-08-21T02:00:00-07:00,47,77,4.8
2025-08-21T02:30:00-07:00,48,77,6.5
2025-08-21T03:00:00-07:00,52,77,8.3
2025-08-21T03:30:00-07:00,51,76,7.2
2025-08-21T04:00:00-07:00,51,76,6.7
2025-08-21T04:30:00-07:00,51,75,6.1
2025-08-21T05:00:00-07:00,49,75,4.7
2025-08-21T05:30:00-07:00,49,75,4.7
2025-08-21T06:00:00-07:00,49,74,4.5
2025-08-21T06:30:00-07:00,48,74,4.2
2025-08-21T07:00:00-07:00,49,74,4.9
2025-08-21T07:30:00-07:00,51,74,5.8
2025-08-21T08:00:00-07:00,53,75,6.5
2025-08-21T08:30:00-07:00,56,76,8.1
2025-08-21T09:00:00-07:00,56,77,8.1
2025-08-21T09:30:00-07:00,54,78,7.3
2025-08-21T10:00:00-07:00,53,79,7
2025-08-21T10:30:00-07:00,51,80,6.6
2025-08-21T11:00:00-07:00,49,82,6.4
2025-08-21T11:30:00-07:00,46,83,6.2
2025-08-21T12:00:00-07:00,44,85,6.8
2025-08-21T12:30:00-07:00,41,86,5.4
2025-08-21T13:00:00-07:00,38,87,4.1
2025-08-21T13:30:00-07:00,36,88,5
2025-08-21T14:00:00-07:00,35,90,6.9
2025-08-21T14:30:00-07:00,33,91,6.5
2025-08-21T15:00:00-07:00,31,92,4.2
2025-08-21T15:30:00-07:00,31,92,4.7
2025-08-21T16:00:00-07:00,31,93,5.3
2025-08-21T16:30:00-07:00,31,93,5.5
2025-08-21T17:00:00-07:00,34,93,7
2025-08-21T17:30:00-07:00,35,92,7.5
2025-08-21T18:00:00-07:00,36,90,7.6
2025-08-21T18:30:00-07:00,38,88,7.9
2025-08-21T19:00:00-07:00,39,87,7.9
2025-08-21T19:30:00-07:00,40,85,8
2025-08-21T20:00:00-07:00,40,84,7.9
2025-08-21T20:30:00-07:00,41,83,8.3
2025-08-21T21:00:00-07:00,43,82,8.2
2025-08-21T21:30:00-07:00,43,82,7.9
2025-08-21T22:00:00-07:00,44,81,7.7
2025-08-21T22:30:00-07:00,45,80,7.9
2025-08-21T23:00:00-07:00,46,80,8.4
2025-08-21T23:30:00-07:00,47,79,8.6
2025-08-22T00:00:00-07:00,47,78,8.3
2025-08-22T00:30:00-07:00,48,78,8.1
2025-08-22T01:00:00-07:00,49,77,8.5
2025-08-22T01:30:00-07:00,49,77,8.5
2025-08-22T02:00:00-07:00,50,76,7.8
2025-08-22T02:30:00-07:00,50,76,8.2
2025-08-22T03:00:00-07:00,51,76,8.2
2025-08-22T03:30:00-07:00,52,75,7.8
2025-08-22T04:00:00-07:00,53,75,8.3
2025-08-22T04:30:00-07:00,54,75,7.5
2025-08-22T05:00:00-07:00,54,75,7.2
2025-08-22T05:30:00-07:00,54,75,5.8
2025-08-22T06:00:00-07:00,55,74,6.4
2025-08-22T06:30:00-07:00,55,74,9
2025-08-22T07:00:00-07:00,56,74,8.3
2025-08-22T07:30:00-07:00,56,74,6.1
2025-08-22T08:00:00-07:00,56,74,7.1
2025-08-22T08:30:00-07:00,57,74,6.7
2025-08-22T09:00:00-07:00,57,75,7.3
2025-08-22T09:30:00-07:00,56,75,7.6
2025-08-22T10:00:00-07:00,55,76,6.8
2025-08-22T10:30:00-07:00,54,77,6.4
2025-08-22T11:00:00-07:00,52,78,7
2025-08-22T11:30:00-07:00,51,79,7.4
2025-08-22T12:00:00-07:00,49,80,8.6
2025-08-22T12:30:00-07:00,47,82,8.6
2025-08-22T13:00:00-07:00,46,83,8
2025-08-22T13:30:00-07:00,45,84,7.7
2025-08-22T14:00:00-07:00,44,85,6.8
2025-08-22T14:30:00-07:00,42,86,6
2025-08-22T15:00:00-07:00,40,86,6.1
2025-08-22T15:30:00-07:00,40,87,6.3
2025-08-22T16:00:00-07:00,38,88,6.4
2025-08-22T16:30:00-07:00,38,88,6.5
2025-08-22T17:00:00-07:00,39,88,6.3
2025-08-22T17:30:00-07:00,39,88,6.8
2025-08-22T18:00:00-07:00,39,87,7.4
2025-08-22T18:30:00-07:00,40,87,6.5
2025-08-22T19:00:00-07:00,42,85,6.4
2025-08-22T19:30:00-07:00,42,84,6.8
2025-08-22T20:00:00-07:00,43,83,6.8
2025-08-22T20:30:00-07:00,44,82,7.2
2025-08-22T21:00:00-07:00,45,81,7.7
2025-08-22T21:30:00-07:00,45,80,7.4
2025-08-22T22:00:00-07:00,46,80,7.5
2025-08-22T22:30:00-07:00,46,79,7.7
2025-08-22T23:00:00-07:00,47,79,8.1
2025-08-22T23:30:00-07:00,48,78,8.4
2025-08-23T00:00:00-07:00,48,78,8.9
2025-08-23T00:30:00-07:00,48,78,9.9
2025-08-23T01:00:00-07:00,49,77,9
2025-08-23T01:30:00-07:00,50,77,6.8
2025-08-23T02:00:00-07:00,50,76,8
2025-08-23T02:30:00-07:00,51,76,7.4
2025-08-23T03:00:00-07:00,51,75,7.7
2025-08-23T03:30:00-07:00,51,75,8.1
2025-08-23T04:00:00-07:00,51,75,7.9
2025-08-23T04:30:00-07:00,52,74,9.1
2025-08-23T05:00:00-07:00,54,74,9
2025-08-23T05:30:00-07:00,55,74,8.1
2025-08-23T06:00:00-07:00,55,74,8.6
2025-08-23T06:30:00-07:00,56,74,8.6
2025-08-23T07:00:00-07:00,56,74,8.1
2025-08-23T07:30:00-07:00,56,74,8.7
2025-08-23T08:00:00-07:00,57,74,7.5
2025-08-23T08:30:00-07:00,57,75,5.6
2025-08-23T09:00:00-07:00,57,75,4.6
2025-08-23T09:30:00-07:00,57,76,4.7
2025-08-23T10:00:00-07:00,56,76,4.8
2025-08-23T10:30:00-07:00,55,77,4.8
2025-08-23T11:00:00-07:00,53,78,5
2025-08-23T11:30:00-07:00,51,80,4.6
2025-08-23T12:00:00-07:00,49,81,5.3
2025-08-23T12:30:00-07:00,48,82,4.7
2025-08-23T13:00:00-07:00,47,83,3.7
2025-08-23T13:30:00-07:00,45,83,3.2
2025-08-23T14:00:00-07:00,44,84,2.7
2025-08-23T14:30:00-07:00,42,85,2.9
2025-08-23T15:00:00-07:00,42,85,3
2025-08-23T15:30:00-07:00,41,85,3.5
2025-08-23T16:00:00-07:00,42,85,3.9
2025-08-23T16:30:00-07:00,42,85,4.4
2025-08-23T17:00:00-07:00,42,85,5.7
2025-08-23T17:30:00-07:00,42,84,5.2
2025-08-23T18:00:00-07:00,43,84,5.5
2025-08-23T18:30:00-07:00,44,83,5.3
2025-08-23T19:00:00-07:00,44,82,5.4
2025-08-23T19:30:00-07:00,46,81,5.6
2025-08-23T20:00:00-07:00,48,80,6.2
2025-08-23T20:30:00-07:00,49,79,6.4
2025-08-23T21:00:00-07:00,50,79,6.2
2025-08-23T21:30:00-07:00,52,79,6.2
2025-08-23T22:00:00-07:00,53,78,6.4
2025-08-23T22:30:00-07:00,53,78,5.8
2025-08-23T23:00:00-07:00,54,78,6.1
2025-08-23T23:30:00-07:00,55,78,6.5
2025-08-24T00:00:00-07:00,56,77,5.7
2025-08-24T00:30:00-07:00,56,77,6
2025-08-24T01:00:00-07:00,56,77,6
2025-08-24T01:30:00-07:00,56,77,5.3
2025-08-24T02:00:00-07:00,56,77,4.8
2025-08-24T02:30:00-07:00,57,76,5.6
2025-08-24T03:00:00-07:00,57,76,4.6
2025-08-24T03:30:00-07:00,57,76,2.9
2025-08-24T04:00:00-07:00,57,76,1.8
2025-08-24T04:30:00-07:00,56,76,1.7
2025-08-24T05:00:00-07:00,57,76,2
2025-08-24T05:30:00-07:00,57,75,2.2
2025-08-24T06:00:00-07:00,58,76,3
2025-08-24T06:30:00-07:00,58,76,3.1
2025-08-24T07:00:00-07:00,58,76,3.6
2025-08-24T07:30:00-07:00,59,76,3.6
2025-08-24T08:00:00-07:00,59,76,4
2025-08-24T08:30:00-07:00,59,76,4.3
2025-08-24T09:00:00-07:00,59,75,4.5
2025-08-24T09:30:00-07:00,58,76,4
2025-08-24T10:00:00-07:00,57,76,3.4
2025-08-24T10:30:00-07:00,56,77,3
2025-08-24T11:00:00-07:00,55,77,4.5
2025-08-24T11:30:00-07:00,54,78,5.6
2025-08-24T12:00:00-07:00,52,79,5.2
2025-08-24T12:30:00-07:00,51,80,4.6
2025-08-24T13:00:00-07:00,49,81,4.2
2025-08-24T13:30:00-07:00,48,82,3.3
2025-08-24T14:00:00-07:00,47,83,3.1
2025-08-24T14:30:00-07:00,72,82,4.5
2025-08-24T15:00:00-07:00,100,78,4.7
2025-08-24T15:30:00-07:00,100,99,13.8
2025-08-24T16:00:00-07:00,97,82,118.4
2025-08-24T16:30:00-07:00,83,83,123.5
2025-08-24T17:00:00-07:00,77,84,124.7
2025-08-24T17:30:00-07:00,75,83,125.4
2025-08-24T18:00:00-07:00,75,82,124.4
2025-08-24T18:30:00-07:00,76,82,123.5
2025-08-24T19:00:00-07:00,77,81,122.1
2025-08-24T19:30:00-07:00,78,80,121.4
2025-08-24T20:00:00-07:00,79,79,120.6
2025-08-24T20:30:00-07:00,80,79,121.1
2025-08-24T21:00:00-07:00,80,78,120.4
2025-08-24T21:30:00-07:00,80,78,120.7
2025-08-24T22:00:00-07:00,80,78,120.7
2025-08-24T22:30:00-07:00,80,78,120.3
2025-08-24T23:00:00-07:00,80,78,120.2
2025-08-24T23:30:00-07:00,80,78,120.5
2025-08-25T00:00:00-07:00,79,78,120.7
2025-08-25T00:30:00-07:00,79,78,120.5
2025-08-25T01:00:00-07:00,77,78,121.2
2025-08-25T01:30:00-07:00,76,78,120.5
2025-08-25T02:00:00-07:00,76,77,120.6
2025-08-25T02:30:00-07:00,74,77,120.6
2025-08-25T03:00:00-07:00,73,77,120.6
2025-08-25T03:30:00-07:00,72,77,120.1
2025-08-25T04:00:00-07:00,71,77,120.9
2025-08-25T04:30:00-07:00,70,77,120.5
2025-08-25T05:00:00-07:00,70,77,120.3
2025-08-25T05:30:00-07:00,70,77,120.5
2025-08-25T06:00:00-07:00,69,77,120.2
2025-08-25T06:30:00-07:00,68,77,120.9
2025-08-25T07:00:00-07:00,67,77,120.2
2025-08-25T07:30:00-07:00,68,77,120.5
2025-08-25T08:00:00-07:00,68,77,120.7
2025-08-25T08:30:00-07:00,68,78,121.3
2025-08-25T09:00:00-07:00,67,78,121.4
2025-08-25T09:30:00-07:00,66,78,121.4
2025-08-25T10:00:00-07:00,65,79,119.7
2025-08-25T10:30:00-07:00,63,79,120
2025-08-25T11:00:00-07:00,60,80,120.7
2025-08-25T11:30:00-07:00,59,81,122
2025-08-25T12:00:00-07:00,57,83,123.4
2025-08-25T12:30:00-07:00,54,84,124.5
2025-08-25T13:00:00-07:00,51,85,126.3
2025-08-25T13:30:00-07:00,50,86,127.6
2025-08-25T14:00:00-07:00,47,87,129
2025-08-25T14:30:00-07:00,46,87,130.1
2025-08-25T15:00:00-07:00,45,88,129.7
2025-08-25T15:30:00-07:00,44,88,130.2
2025-08-25T16:00:00-07:00,44,88,129.9
2025-08-25T16:30:00-07:00,44,88,130.4
2025-08-25T17:00:00-07:00,44,88,130.7
2025-08-25T17:30:00-07:00,43,87,130
2025-08-25T18:00:00-07:00,44,86,128.3
2025-08-25T18:30:00-07:00,45,85,127.7
2025-08-25T19:00:00-07:00,46,84,126.6
2025-08-25T19:30:00-07:00,47,83,127.2
2025-08-25T20:00:00-07:00,48,82,125.8
2025-08-25T20:30:00-07:00,49,81,125.3
2025-08-25T21:00:00-07:00,50,81,125.1
2025-08-25T21:30:00-07:00,50,81,124.6
2025-08-25T22:00:00-07:00,50,81,124.2
2025-08-25T22:30:00-07:00,51,80,123.9
2025-08-25T23:00:00-07:00,52,80,123.9
2025-08-25T23:30:00-07:00,52,80,123.9
2025-08-26T00:00:00-07:00,53,80,123.7
2025-08-26T00:30:00-07:00,53,80,123.4
2025-08-26T01:00:00-07:00,53,79,123.3
2025-08-26T01:30:00-07:00,53,79,122.7
2025-08-26T02:00:00-07:00,54,79,122.6
2025-08-26T02:30:00-07:00,53,79,122
2025-08-26T03:00:00-07:00,54,79,122.5
2025-08-26T03:30:00-07:00,54,78,122.3
2025-08-26T04:00:00-07:00,55,78,122.1
2025-08-26T04:30:00-07:00,56,78,121.9
2025-08-26T05:00:00-07:00,57,78,122.5
2025-08-26T05:30:00-07:00,57,78,121.8
2025-08-26T06:00:00-07:00,56,78,122.2
2025-08-26T06:30:00-07:00,58,77,121.3
2025-08-26T07:00:00-07:00,59,78,121.4
2025-08-26T07:30:00-07:00,59,78,121.6
2025-08-26T08:00:00-07:00,58,79,121.8
2025-08-26T08:30:00-07:00,58,79,121
2025-08-26T09:00:00-07:00,58,79,121.4
2025-08-26T09:30:00-07:00,57,80,121.2
2025-08-26T10:00:00-07:00,56,80,121.8
2025-08-26T10:30:00-07:00,55,81,121.8
2025-08-26T11:00:00-07:00,53,82,123.5
2025-08-26T11:30:00-07:00,51,83,124.3
2025-08-26T12:00:00-07:00,48,84,125.7
2025-08-26T12:30:00-07:00,46,85,126.6
2025-08-26T13:00:00-07:00,44,86,127.8
2025-08-26T13:30:00-07:00,43,87,129.6
2025-08-26T14:00:00-07:00,41,87,130.3
2025-08-26T14:30:00-07:00,41,88,130.8
2025-08-26T15:00:00-07:00,40,89,131.5
2025-08-26T15:30:00-07:00,40,89,131.7
2025-08-26T16:00:00-07:00,39,90,130.9
2025-08-26T16:30:00-07:00,38,89,132.3
2025-08-26T17:00:00-07:00,38,89,132.5
2025-08-26T17:30:00-07:00,38,88,131.7
2025-08-26T18:00:00-07:00,38,87,130.6
2025-08-26T18:30:00-07:00,38,86,129.3
2025-08-26T19:00:00-07:00,39,85,127.7
2025-08-26T19:30:00-07:00,40,84,126
2025-08-26T20:00:00-07:00,41,83,125
2025-08-26T20:30:00-07:00,42,83,124.3
2025-08-26T21:00:00-07:00,43,82,122.9
2025-08-26T21:30:00-07:00,44,81,122.8
2025-08-26T22:00:00-07:00,45,81,121.9
2025-08-26T22:30:00-07:00,45,81,122.6
2025-08-26T23:00:00-07:00,45,81,121.8
2025-08-26T23:30:00-07:00,45,81,120.8
2025-08-27T00:00:00-07:00,46,80,120.5
2025-08-27T00:30:00-07:00,46,80,120.2
2025-08-27T01:00:00-07:00,46,80,119.5
2025-08-27T01:30:00-07:00,46,80,119.8
2025-08-27T02:00:00-07:00,46,79,119.8
2025-08-27T02:30:00-07:00,47,79,119.9
2025-08-27T03:00:00-07:00,48,78,119.2
2025-08-27T03:30:00-07:00,49,78,119.2
2025-08-27T04:00:00-07:00,50,78,119.2
2025-08-27T04:30:00-07:00,50,78,119.5
2025-08-27T05:00:00-07:00,51,78,118.4
2025-08-27T05:30:00-07:00,51,78,118.5
2025-08-27T06:00:00-07:00,52,78,118.1
2025-08-27T06:30:00-07:00,52,78,118.7
2025-08-27T07:00:00-07:00,53,78,118.1
2025-08-27T07:30:00-07:00,53,78,118.6
2025-08-27T08:00:00-07:00,54,78,119.8
2025-08-27T08:30:00-07:00,54,79,119.7
2025-08-27T09:00:00-07:00,53,79,119.8
2025-08-27T09:30:00-07:00,53,80,119.9
2025-08-27T10:00:00-07:00,52,80,121.4
2025-08-27T10:30:00-07:00,51,81,121.6
2025-08-27T11:00:00-07:00,50,82,122.7
2025-08-27T11:30:00-07:00,47,83,123.9
2025-08-27T12:00:00-07:00,46,84,125.5
2025-08-27T12:30:00-07:00,44,85,126.9
2025-08-27T13:00:00-07:00,42,86,129.3
2025-08-27T13:30:00-07:00,41,87,129.7
2025-08-27T14:00:00-07:00,40,88,131
2025-08-27T14:30:00-07:00,39,89,132.3
2025-08-27T15:00:00-07:00,39,89,132.7
2025-08-27T15:30:00-07:00,38,89,132.1
2025-08-27T16:00:00-07:00,37,89,132.5
2025-08-27T16:30:00-07:00,37,89,132.4
2025-08-27T17:00:00-07:00,37,88,132
2025-08-27T17:30:00-07:00,37,88,131.4
2025-08-27T18:00:00-07:00,38,87,131.1
2025-08-27T18:30:00-07:00,38,86,129.5
2025-08-27T19:00:00-07:00,38,86,128.4
2025-08-27T19:30:00-07:00,38,85,127.4
2025-08-27T20:00:00-07:00,39,84,126.1
2025-08-27T20:30:00-07:00,39,83,125.8
2025-08-27T21:00:00-07:00,41,83,125.4
2025-08-27T21:30:00-07:00,42,82,124.7
2025-08-27T22:00:00-07:00,42,82,123.7
2025-08-27T22:30:00-07:00,43,82,123.4
2025-08-27T23:00:00-07:00,43,81,123.1
2025-08-27T23:30:00-07:00,44,81,122.3
2025-08-28T00:00:00-07:00,45,80,122.2
2025-08-28T00:30:00-07:00,45,80,121.9
2025-08-28T01:00:00-07:00,45,80,121.2
2025-08-28T01:30:00-07:00,46,79,121.2
2025-08-28T02:00:00-07:00,46,79,119.5
2025-08-28T02:30:00-07:00,47,78,120.4
2025-08-28T03:00:00-07:00,48,78,120.3
2025-08-28T03:30:00-07:00,48,78,119.7
2025-08-28T04:00:00-07:00,49,78,119.3
2025-08-28T04:30:00-07:00,48,78,119.1
2025-08-28T05:00:00-07:00,48,77,118.8
2025-08-28T05:30:00-07:00,48,77,118.5
2025-08-28T06:00:00-07:00,48,76,117.6
2025-08-28T06:30:00-07:00,48,76,117.4
2025-08-28T07:00:00-07:00,48,76,117.3
2025-08-28T07:30:00-07:00,49,76,117.5
2025-08-28T08:00:00-07:00,50,77,117.9
2025-08-28T08:30:00-07:00,51,78,118.3
2025-08-28T09:00:00-07:00,50,78,119.8
2025-08-28T09:30:00-07:00,50,79,120.5
2025-08-28T10:00:00-07:00,49,79,121
2025-08-28T10:30:00-07:00,48,80,121.7
2025-08-28T11:00:00-07:00,47,81,122.4
2025-08-28T11:30:00-07:00,46,82,124
2025-08-28T12:00:00-07:00,45,83,125.3
2025-08-28T12:30:00-07:00,43,84,126.4
2025-08-28T13:00:00-07:00,42,85,126.6
2025-08-28T13:30:00-07:00,40,85,128
2025-08-28T14:00:00-07:00,39,87,129.6
2025-08-28T14:30:00-07:00,37,88,131.4
2025-08-28T15:00:00-07:00,36,89,131.6
2025-08-28T15:30:00-07:00,36,90,132.5
2025-08-28T16:00:00-07:00,35,90,133
2025-08-28T16:30:00-07:00,35,90,133.7
2025-08-28T17:00:00-07:00,35,90,133.6
2025-08-28T17:30:00-07:00,36,89,131.3
2025-08-28T18:00:00-07:00,38,87,128.5
2025-08-28T18:30:00-07:00,39,86,126.3
2025-08-28T19:00:00-07:00,40,84,124.9
2025-08-28T19:30:00-07:00,41,83,124.1
2025-08-28T20:00:00-07:00,41,83,124
2025-08-28T20:30:00-07:00,41,82,123.9
2025-08-28T21:00:00-07:00,42,82,123.1
2025-08-28T21:30:00-07:00,43,81,122.4
2025-08-28T22:00:00-07:00,44,81,122.1
2025-08-28T22:30:00-07:00,45,80,121.2
2025-08-28T23:00:00-07:00,45,80,121.2
2025-08-28T23:30:00-07:00,46,80,120.8
2025-08-29T00:00:00-07:00,46,79,121.1
2025-08-29T00:30:00-07:00,46,79,120.8
2025-08-29T01:00:00-07:00,47,79,120.7
2025-08-29T01:30:00-07:00,48,79,120.1
2025-08-29T02:00:00-07:00,48,78,119.8
2025-08-29T02:30:00-07:00,48,78,119.3
2025-08-29T03:00:00-07:00,49,78,119
2025-08-29T03:30:00-07:00,50,77,118.9
2025-08-29T04:00:00-07:00,49,78,118.7
2025-08-29T04:30:00-07:00,49,78,119.3
2025-08-29T05:00:00-07:00,50,77,119.4
2025-08-29T05:30:00-07:00,51,77,118.8
2025-08-29T06:00:00-07:00,51,77,118.9
2025-08-29T06:30:00-07:00,50,77,118.2
2025-08-29T07:00:00-07:00,50,77,118.7
2025-08-29T07:30:00-07:00,52,77,119.1
2025-08-29T08:00:00-07:00,51,77,119.3
2025-08-29T08:30:00-07:00,51,78,119.8
2025-08-29T09:00:00-07:00,51,78,120.5
2025-08-29T09:30:00-07:00,51,78,120.1
2025-08-29T10:00:00-07:00,50,79,121
2025-08-29T10:30:00-07:00,49,79,121.6
2025-08-29T11:00:00-07:00,48,81,122.1
2025-08-29T11:30:00-07:00,47,81,122.8
2025-08-29T12:00:00-07:00,46,82,123.7
2025-08-29T12:30:00-07:00,47,83,124.8
2025-08-29T13:00:00-07:00,45,84,125.5
2025-08-29T13:30:00-07:00,44,85,126.4
2025-08-29T14:00:00-07:00,43,86,127.4
2025-08-29T14:30:00-07:00,41,87,128.5
2025-08-29T15:00:00-07:00,40,87,130
2025-08-29T15:30:00-07:00,39,88,131.2
2025-08-29T16:00:00-07:00,38,88,132.1
2025-08-29T16:30:00-07:00,38,88,131.2
2025-08-29T17:00:00-07:00,38,88,132.3
2025-08-29T17:30:00-07:00,38,88,131.5
2025-08-29T18:00:00-07:00,39,87,130.4
2025-08-29T18:30:00-07:00,39,86,129.4
2025-08-29T19:00:00-07:00,40,85,126.9
2025-08-29T19:30:00-07:00,41,84,125.4
2025-08-29T20:00:00-07:00,43,83,124
2025-08-29T20:30:00-07:00,44,82,123.2
2025-08-29T21:00:00-07:00,45,82,122.3
2025-08-29T21:30:00-07:00,46,81,121.7
2025-08-29T22:00:00-07:00,46,81,120.8
2025-08-29T22:30:00-07:00,47,80,120.4
2025-08-29T23:00:00-07:00,48,80,119.7
2025-08-29T23:30:00-07:00,47,80,119.5
2025-08-30T00:00:00-07:00,48,79,119.1
2025-08-30T00:30:00-07:00,48,79,119.8
2025-08-30T01:00:00-07:00,49,79,119
2025-08-30T01:30:00-07:00,48,79,118.6
2025-08-30T02:00:00-07:00,48,78,118.4
2025-08-30T02:30:00-07:00,48,78,117.9
2025-08-30T03:00:00-07:00,47,78,117.4
2025-08-30T03:30:00-07:00,48,77,116.9
2025-08-30T04:00:00-07:00,47,77,116.2
2025-08-30T04:30:00-07:00,48,77,116.3
2025-08-30T05:00:00-07:00,48,77,116.4
2025-08-30T05:30:00-07:00,48,76,116.4
2025-08-30T06:00:00-07:00,48,76,115.6
2025-08-30T06:30:00-07:00,47,76,116.3
2025-08-30T07:00:00-07:00,46,76,115.1
2025-08-30T07:30:00-07:00,46,76,116
2025-08-30T08:00:00-07:00,48,77,116.5
2025-08-30T08:30:00-07:00,49,78,117.4
2025-08-30T09:00:00-07:00,49,78,118.7
2025-08-30T09:30:00-07:00,48,79,118.9
2025-08-30T10:00:00-07:00,48,80,119.9
2025-08-30T10:30:00-07:00,47,81,122.2
2025-08-30T11:00:00-07:00,45,83,123.5
2025-08-30T11:30:00-07:00,44,85,126.2
2025-08-30T12:00:00-07:00,40,86,128.6
2025-08-30T12:30:00-07:00,36,87,130.3
2025-08-30T13:00:00-07:00,35,89,131
2025-08-30T13:30:00-07:00,33,90,132.4
2025-08-30T14:00:00-07:00,33,92,134.9
2025-08-30T14:30:00-07:00,29,93,136.8
2025-08-30T15:00:00-07:00,25,94,140.5
2025-08-30T15:30:00-07:00,27,94,142.5
2025-08-30T16:00:00-07:00,28,95,143.7
2025-08-30T16:30:00-07:00,28,95,143.8
2025-08-30T17:00:00-07:00,28,95,143.7
2025-08-30T17:30:00-07:00,29,94,141.5
2025-08-30T18:00:00-07:00,31,93,139.5
2025-08-30T18:30:00-07:00,33,92,137.1
2025-08-30T19:00:00-07:00,33,91,135
2025-08-30T19:30:00-07:00,34,90,133.3
2025-08-30T20:00:00-07:00,36,89,131.7
2025-08-30T20:30:00-07:00,38,88,130.6
2025-08-30T21:00:00-07:00,39,87,129.5
2025-08-30T21:30:00-07:00,40,86,129.2
2025-08-30T22:00:00-07:00,41,86,127
2025-08-30T22:30:00-07:00,42,85,126.7
2025-08-30T23:00:00-07:00,43,85,126.2
2025-08-30T23:30:00-07:00,43,84,125.9
2025-08-31T00:00:00-07:00,44,83,124.6
2025-08-31T00:30:00-07:00,44,83,123
2025-08-31T01:00:00-07:00,44,83,121.9
2025-08-31T01:30:00-07:00,43,82,121.3
2025-08-31T02:00:00-07:00,42,82,120.7
2025-08-31T02:30:00-07:00,41,81,118.8
2025-08-31T03:00:00-07:00,41,81,119
2025-08-31T03:30:00-07:00,41,80,118.7
2025-08-31T04:00:00-07:00,41,80,118.6
2025-08-31T04:30:00-07:00,41,79,117.8
2025-08-31T05:00:00-07:00,41,79,118.3
2025-08-31T05:30:00-07:00,41,79,117.8
2025-08-31T06:00:00-07:00,40,78,116.3
2025-08-31T06:30:00-07:00,39,78,116.7
2025-08-31T07:00:00-07:00,40,78,117.2
2025-08-31T07:30:00-07:00,39,78,117.5
2025-08-31T08:00:00-07:00,37,79,117
2025-08-31T08:30:00-07:00,38,80,118.6
2025-08-31T09:00:00-07:00,39,81,119.8
2025-08-31T09:30:00-07:00,38,82,121.1
2025-08-31T10:00:00-07:00,38,83,121.5
2025-08-31T10:30:00-07:00,38,84,123.5
2025-08-31T11:00:00-07:00,36,86,125.6
2025-08-31T11:30:00-07:00,35,87,127.5
2025-08-31T12:00:00-07:00,32,89,130.1
2025-08-31T12:30:00-07:00,29,91,131.7
2025-08-31T13:00:00-07:00,25,92,133.9
2025-08-31T13:30:00-07:00,23,93,136.2
2025-08-31T14:00:00-07:00,22,95,138.6
2025-08-31T14:30:00-07:00,25,96,140.4
2025-08-31T15:00:00-07:00,23,96,141.6
2025-08-31T15:30:00-07:00,24,96,142.8
2025-08-31T16:00:00-07:00,25,97,143.2
2025-08-31T16:30:00-07:00,26,96,143.4
2025-08-31T17:00:00-07:00,26,96,142.5
2025-08-31T17:30:00-07:00,27,95,140.9
2025-08-31T18:00:00-07:00,29,94,139.4
2025-08-31T18:30:00-07:00,31,93,136.9
2025-08-31T19:00:00-07:00,32,91,134.3
2025-08-31T19:30:00-07:00,35,90,132.4
2025-08-31T20:00:00-07:00,36,89,129.6
2025-08-31T20:30:00-07:00,38,88,128.8
2025-08-31T21:00:00-07:00,39,87,128.1
2025-08-31T21:30:00-07:00,40,87,126.2
2025-08-31T22:00:00-07:00,41,86,125.7
2025-08-31T22:30:00-07:00,41,85,124.8
2025-08-31T23:00:00-07:00,42,85,124.4
2025-08-31T23:30:00-07:00,43,84,124
2025-09-01T00:00:00-07:00,44,84,123.4
2025-09-01T00:30:00-07:00,45,83,122.9
2025-09-01T01:00:00-07:00,45,83,122.6
2025-09-01T01:30:00-07:00,45,82,121.5
2025-09-01T02:00:00-07:00,45,82,121.6
2025-09-01T02:30:00-07:00,45,82,120.9
2025-09-01T03:00:00-07:00,45,81,119.9
2025-09-01T03:30:00-07:00,45,81,120.2
2025-09-01T04:00:00-07:00,45,80,119.5
2025-09-01T04:30:00-07:00,46,80,119.7
2025-09-01T05:00:00-07:00,46,79,118.4
2025-09-01T05:30:00-07:00,46,79,119.1
2025-09-01T06:00:00-07:00,46,79,119.1
2025-09-01T06:30:00-07:00,46,79,118.5
2025-09-01T07:00:00-07:00,47,79,117.9
2025-09-01T07:30:00-07:00,47,79,118.5
2025-09-01T08:00:00-07:00,49,79,118.2
2025-09-01T08:30:00-07:00,49,80,119.2
2025-09-01T09:00:00-07:00,49,80,119
2025-09-01T09:30:00-07:00,49,81,119.4
2025-09-01T10:00:00-07:00,49,82,120.3
2025-09-01T10:30:00-07:00,47,83,122
2025-09-01T11:00:00-07:00,46,84,123.1
2025-09-01T11:30:00-07:00,45,86,125.2
2025-09-01T12:00:00-07:00,44,87,127.1
2025-09-01T12:30:00-07:00,43,88,129.1
2025-09-01T13:00:00-07:00,40,89,130.2
2025-09-01T13:30:00-07:00,37,90,131.2
2025-09-01T14:00:00-07:00,35,92,133.5
2025-09-01T14:30:00-07:00,34,93,135.4
2025-09-01T15:00:00-07:00,33,94,137.6
2025-09-01T15:30:00-07:00,31,95,138.7
2025-09-01T16:00:00-07:00,29,95,140.1
2025-09-01T16:30:00-07:00,29,95,141.3
2025-09-01T17:00:00-07:00,29,95,142.6
2025-09-01T17:30:00-07:00,30,95,142.1
2025-09-01T18:00:00-07:00,31,94,139.9
2025-09-01T18:30:00-07:00,32,93,138.6
2025-09-01T19:00:00-07:00,34,91,135.5
2025-09-01T19:30:00-07:00,36,90,132.6
2025-09-01T20:00:00-07:00,37,89,130.7
2025-09-01T20:30:00-07:00,37,88,129.2
2025-09-01T21:00:00-07:00,39,88,127.9
2025-09-01T21:30:00-07:00,40,87,127.6
2025-09-01T22:00:00-07:00,41,86,127.2
2025-09-01T22:30:00-07:00,42,86,126.5
2025-09-01T23:00:00-07:00,42,86,126
2025-09-01T23:30:00-07:00,43,85,124.9
2025-09-02T00:00:00-07:00,43,85,124.9
2025-09-02T00:30:00-07:00,44,84,124.3
2025-09-02T01:00:00-07:00,44,84,123.5
2025-09-02T01:30:00-07:00,43,83,122.7
2025-09-02T02:00:00-07:00,42,83,122.7
2025-09-02T02:30:00-07:00,42,83,122.2
2025-09-02T03:00:00-07:00,44,82,120.9
2025-09-02T03:30:00-07:00,45,82,121.9
2025-09-02T04:00:00-07:00,45,82,121.4
2025-09-02T04:30:00-07:00,45,82,121.2
2025-09-02T05:00:00-07:00,46,82,121.2
2025-09-02T05:30:00-07:00,47,81,121.2
2025-09-02T06:00:00-07:00,47,81,121
2025-09-02T06:30:00-07:00,46,81,120.9
2025-09-02T07:00:00-07:00,46,81,120.6
2025-09-02T07:30:00-07:00,47,81,120.4
2025-09-02T08:00:00-07:00,47,81,120.3
2025-09-02T08:30:00-07:00,47,81,120.7
2025-09-02T09:00:00-07:00,46,82,121
2025-09-02T09:30:00-07:00,45,82,122.4
2025-09-02T10:00:00-07:00,44,83,122.4
2025-09-02T10:30:00-07:00,43,84,123.8
2025-09-02T11:00:00-07:00,41,85,125
2025-09-02T11:30:00-07:00,40,87,126.8
2025-09-02T12:00:00-07:00,40,88,128.6
2025-09-02T12:30:00-07:00,38,89,129.6
2025-09-02T13:00:00-07:00,37,90,132.1
2025-09-02T13:30:00-07:00,36,91,132.9
2025-09-02T14:00:00-07:00,35,91,133.8
2025-09-02T14:30:00-07:00,34,92,134.7
2025-09-02T15:00:00-07:00,34,92,135.3
2025-09-02T15:30:00-07:00,34,92,135.5
2025-09-02T16:00:00-07:00,34,93,136.9
2025-09-02T16:30:00-07:00,34,93,137.2
2025-09-02T17:00:00-07:00,34,92,136.6
2025-09-02T17:30:00-07:00,35,92,135.5
2025-09-02T18:00:00-07:00,36,91,133.9
2025-09-02T18:30:00-07:00,36,90,131.9
2025-09-02T19:00:00-07:00,38,88,129.7
2025-09-02T19:30:00-07:00,40,87,128.7
2025-09-02T20:00:00-07:00,41,86,127.9
2025-09-02T20:30:00-07:00,41,85,126.6
2025-09-02T21:00:00-07:00,42,84,126
2025-09-02T21:30:00-07:00,42,84,125.4
2025-09-02T22:00:00-07:00,42,84,124.6
2025-09-02T22:30:00-07:00,42,83,122.9
2025-09-02T23:00:00-07:00,42,83,121.9
2025-09-02T23:30:00-07:00,42,83,121.9
2025-09-03T00:00:00-07:00,43,82,120.5
2025-09-03T00:30:00-07:00,44,81,120
2025-09-03T01:00:00-07:00,44,81,120.3
2025-09-03T01:30:00-07:00,44,81,119.7
2025-09-03T02:00:00-07:00,44,81,119.2
2025-09-03T02:30:00-07:00,44,80,119.6
2025-09-03T03:00:00-07:00,44,80,117.8
2025-09-03T03:30:00-07:00,45,79,118.6
2025-09-03T04:00:00-07:00,45,79,118.6
2025-09-03T04:30:00-07:00,45,79,116.7
2025-09-03T05:00:00-07:00,45,79,116.6
2025-09-03T05:30:00-07:00,45,78,116.3
2025-09-03T06:00:00-07:00,46,78,116.3
2025-09-03T06:30:00-07:00,46,78,116
2025-09-03T07:00:00-07:00,46,78,116.7
2025-09-03T07:30:00-07:00,47,78,116.8
2025-09-03T08:00:00-07:00,47,79,117.4
2025-09-03T08:30:00-07:00,47,79,118.4
2025-09-03T09:00:00-07:00,48,79,118.4
2025-09-03T09:30:00-07:00,47,80,118.9
2025-09-03T10:00:00-07:00,47,80,118.6
2025-09-03T10:30:00-07:00,46,81,119.5
2025-09-03T11:00:00-07:00,44,82,121
2025-09-03T11:30:00-07:00,44,84,121.7
2025-09-03T12:00:00-07:00,43,85,123.8
2025-09-03T12:30:00-07:00,42,86,124.5
2025-09-03T13:00:00-07:00,40,87,126.4
2025-09-03T13:30:00-07:00,38,88,127.6
2025-09-03T14:00:00-07:00,38,89,129
2025-09-03T14:30:00-07:00,37,90,130.9
2025-09-03T15:00:00-07:00,37,91,131.8
2025-09-03T15:30:00-07:00,36,92,132.8
2025-09-03T16:00:00-07:00,35,91,133.1
2025-09-03T16:30:00-07:00,35,91,132.4
2025-09-03T17:00:00-07:00,35,90,131.5
2025-09-03T17:30:00-07:00,36,89,130.2
2025-09-03T18:00:00-07:00,36,88,128.5
2025-09-03T18:30:00-07:00,36,88,128.1
2025-09-03T19:00:00-07:00,38,86,125.8
2025-09-03T19:30:00-07:00,39,84,123.2
2025-09-03T20:00:00-07:00,41,83,122
2025-09-03T20:30:00-07:00,42,82,120.7
2025-09-03T21:00:00-07:00,42,82,120
2025-09-03T21:30:00-07:00,42,81,119
2025-09-03T22:00:00-07:00,43,81,118.7
2025-09-03T22:30:00-07:00,44,80,117.9
2025-09-03T23:00:00-07:00,44,80,118.5
2025-09-03T23:30:00-07:00,44,80,118.2
2025-09-04T00:00:00-07:00,45,79,117.8
2025-09-04T00:30:00-07:00,45,79,116.9
2025-09-04T01:00:00-07:00,44,79,116.9
2025-09-04T01:30:00-07:00,45,79,116.8
2025-09-04T02:00:00-07:00,47,78,117
2025-09-04T02:30:00-07:00,48,78,116.8
2025-09-04T03:00:00-07:00,49,78,116.7
2025-09-04T03:30:00-07:00,49,79,117.2
2025-09-04T04:00:00-07:00,50,79,117.4
2025-09-04T04:30:00-07:00,50,78,117.2
2025-09-04T05:00:00-07:00,50,78,117.1
2025-09-04T05:30:00-07:00,50,78,117
2025-09-04T06:00:00-07:00,50,78,117.3
2025-09-04T06:30:00-07:00,50,78,117.3
2025-09-04T07:00:00-07:00,49,78,117
2025-09-04T07:30:00-07:00,49,78,116.4
2025-09-04T08:00:00-07:00,49,78,117
2025-09-04T08:30:00-07:00,49,78,117.3
2025-09-04T09:00:00-07:00,49,78,117.6
2025-09-04T09:30:00-07:00,49,78,117.8
2025-09-04T10:00:00-07:00,49,79,118.1
2025-09-04T10:30:00-07:00,48,79,118.5
2025-09-04T11:00:00-07:00,48,79,118.9
2025-09-04T11:30:00-07:00,46,80,119
2025-09-04T12:00:00-07:00,45,81,119.8
2025-09-04T12:30:00-07:00,46,82,120.6
2025-09-04T13:00:00-07:00,45,83,122.1
2025-09-04T13:30:00-07:00,44,83,123
2025-09-04T14:00:00-07:00,43,84,123.5
2025-09-04T14:30:00-07:00,42,85,124.6
2025-09-04T15:00:00-07:00,41,86,125.1
2025-09-04T15:30:00-07:00,41,86,126.1
2025-09-04T16:00:00-07:00,41,86,127.4
2025-09-04T16:30:00-07:00,41,86,128.3
2025-09-04T17:00:00-07:00,41,86,128.1
2025-09-04T17:30:00-07:00,42,85,125.5
2025-09-04T18:00:00-07:00,43,83,124
2025-09-04T18:30:00-07:00,44,82,122.5
2025-09-04T19:00:00-07:00,46,82,120.8
2025-09-04T19:30:00-07:00,46,81,119.6
2025-09-04T20:00:00-07:00,47,81,119.4
2025-09-04T20:30:00-07:00,48,81,119
2025-09-04T21:00:00-07:00,49,80,118.9
2025-09-04T21:30:00-07:00,49,80,118.7
2025-09-04T22:00:00-07:00,49,80,118.7
2025-09-04T22:30:00-07:00,49,80,118
2025-09-04T23:00:00-07:00,49,80,118.1
2025-09-04T23:30:00-07:00,49,80,118
2025-09-05T00:00:00-07:00,49,80,118.5
2025-09-05T00:30:00-07:00,49,79,118.1
2025-09-05T01:00:00-07:00,49,80,117.9
2025-09-05T01:30:00-07:00,48,80,118.1
2025-09-05T02:00:00-07:00,48,79,118.5
2025-09-05T02:30:00-07:00,49,79,118
2025-09-05T03:00:00-07:00,49,79,117.9
2025-09-05T03:30:00-07:00,49,79,118.1
2025-09-05T04:00:00-07:00,49,79,117.6
2025-09-05T04:30:00-07:00,50,78,117.7
2025-09-05T05:00:00-07:00,50,78,117.4
2025-09-05T05:30:00-07:00,50,78,116.9
2025-09-05T06:00:00-07:00,51,78,117
2025-09-05T06:30:00-07:00,51,78,117.1
2025-09-05T07:00:00-07:00,51,78,117
2025-09-05T07:30:00-07:00,51,78,116.7
2025-09-05T08:00:00-07:00,52,78,117
2025-09-05T08:30:00-07:00,52,78,117
2025-09-05T09:00:00-07:00,52,78,117.1
2025-09-05T09:30:00-07:00,52,78,117.2
2025-09-05T10:00:00-07:00,52,78,117.2
2025-09-05T10:30:00-07:00,52,78,117.4
2025-09-05T11:00:00-07:00,51,79,116.9
2025-09-05T11:30:00-07:00,50,79,117.6
2025-09-05T12:00:00-07:00,50,79,117.3
2025-09-05T12:30:00-07:00,49,80,118.9
2025-09-05T13:00:00-07:00,47,81,119.7
2025-09-05T13:30:00-07:00,46,82,120.5
2025-09-05T14:00:00-07:00,45,83,121.4
2025-09-05T14:30:00-07:00,44,84,123
2025-09-05T15:00:00-07:00,43,84,124.4
2025-09-05T15:30:00-07:00,43,85,124.7
2025-09-05T16:00:00-07:00,43,85,125.6
2025-09-05T16:30:00-07:00,42,85,125.5
2025-09-05T17:00:00-07:00,42,85,125.3
2025-09-05T17:30:00-07:00,42,84,124.7
2025-09-05T18:00:00-07:00,43,83,123.5
2025-09-05T18:30:00-07:00,44,82,122.4
2025-09-05T19:00:00-07:00,45,82,122
2025-09-05T19:30:00-07:00,46,81,121.2
2025-09-05T20:00:00-07:00,47,81,120.1
2025-09-05T20:30:00-07:00,47,80,120.2
2025-09-05T21:00:00-07:00,48,80,119.8
2025-09-05T21:30:00-07:00,48,80,119.6
2025-09-05T22:00:00-07:00,48,80,119.6
2025-09-05T22:30:00-07:00,48,80,119.2
2025-09-05T23:00:00-07:00,48,79,119.1
2025-09-05T23:30:00-07:00,48,79,119.1
2025-09-06T00:00:00-07:00,48,79,118.7
2025-09-06T00:30:00-07:00,48,79,118.4
2025-09-06T01:00:00-07:00,49,79,118.9
2025-09-06T01:30:00-07:00,49,78,118.9
2025-09-06T02:00:00-07:00,49,79,119.3
2025-09-06T02:30:00-07:00,49,78,118.8
2025-09-06T03:00:00-07:00,49,78,118.7
2025-09-06T03:30:00-07:00,49,79,118.5
2025-09-06T04:00:00-07:00,49,79,118.7
2025-09-06T04:30:00-07:00,49,78,118.5
2025-09-06T05:00:00-07:00,48,78,118.5
2025-09-06T05:30:00-07:00,48,78,118.7
2025-09-06T06:00:00-07:00,48,78,118
2025-09-06T06:30:00-07:00,48,78,118.6
2025-09-06T07:00:00-07:00,47,78,118.1
2025-09-06T07:30:00-07:00,47,78,118.9
2025-09-06T08:00:00-07:00,47,78,118.7
2025-09-06T08:30:00-07:00,47,78,119.1
2025-09-06T09:00:00-07:00,46,78,118.6
2025-09-06T09:30:00-07:00,46,78,118.8
2025-09-06T10:00:00-07:00,46,79,119.3
2025-09-06T10:30:00-07:00,45,79,119.3
2025-09-06T11:00:00-07:00,45,80,119.9
2025-09-06T11:30:00-07:00,44,81,121
2025-09-06T12:00:00-07:00,42,82,121.9
2025-09-06T12:30:00-07:00,41,83,122.8
2025-09-06T13:00:00-07:00,40,84,123.7
2025-09-06T13:30:00-07:00,39,85,124.8
2025-09-06T14:00:00-07:00,38,85,125.6
2025-09-06T14:30:00-07:00,38,86,126.8
2025-09-06T15:00:00-07:00,37,87,127.9
2025-09-06T15:30:00-07:00,36,87,128.5
2025-09-06T16:00:00-07:00,37,87,129.2
2025-09-06T16:30:00-07:00,37,87,128.8
2025-09-06T17:00:00-07:00,37,86,128.3
2025-09-06T17:30:00-07:00,38,86,127.1
2025-09-06T18:00:00-07:00,41,85,125.4
2025-09-06T18:30:00-07:00,42,84,124.5
2025-09-06T19:00:00-07:00,43,83,123.4
2025-09-06T19:30:00-07:00,44,83,122.4
2025-09-06T20:00:00-07:00,45,82,121.3
2025-09-06T20:30:00-07:00,45,82,120.9
2025-09-06T21:00:00-07:00,46,82,119.9
2025-09-06T21:30:00-07:00,46,81,120.4
2025-09-06T22:00:00-07:00,47,81,120.1
2025-09-06T22:30:00-07:00,48,81,119.8
2025-09-06T23:00:00-07:00,49,81,120.1
2025-09-06T23:30:00-07:00,49,81,120.2
2025-09-07T00:00:00-07:00,49,81,120.3
2025-09-07T00:30:00-07:00,49,80,119.9
2025-09-07T01:00:00-07:00,49,80,119.5
2025-09-07T01:30:00-07:00,48,80,119.2
2025-09-07T02:00:00-07:00,48,80,119.2
2025-09-07T02:30:00-07:00,48,80,118
2025-09-07T03:00:00-07:00,48,80,119.1
2025-09-07T03:30:00-07:00,48,80,118.7
2025-09-07T04:00:00-07:00,48,80,119
2025-09-07T04:30:00-07:00,47,80,118.6
2025-09-07T05:00:00-07:00,48,80,118.9
2025-09-07T05:30:00-07:00,48,80,119.3
2025-09-07T06:00:00-07:00,49,80,119.2
2025-09-07T06:30:00-07:00,50,80,119.1
2025-09-07T07:00:00-07:00,51,80,119.5
2025-09-07T07:30:00-07:00,52,80,121.2
2025-09-07T08:00:00-07:00,52,80,120
2025-09-07T08:30:00-07:00,52,80,120.6
2025-09-07T09:00:00-07:00,52,80,120.8
2025-09-07T09:30:00-07:00,53,80,121.5
2025-09-07T10:00:00-07:00,52,81,122.1
2025-09-07T10:30:00-07:00,51,81,123.2
2025-09-07T11:00:00-07:00,49,83,124.9
2025-09-07T11:30:00-07:00,48,84,125.6
2025-09-07T12:00:00-07:00,46,85,125.5
2025-09-07T12:30:00-07:00,43,86,126.7
2025-09-07T13:00:00-07:00,37,86,127.3
2025-09-07T13:30:00-07:00,34,87,128.5
2025-09-07T14:00:00-07:00,35,88,129.5
2025-09-07T14:30:00-07:00,36,89,130.7
2025-09-07T15:00:00-07:00,36,90,132
2025-09-07T15:30:00-07:00,36,90,132.3
2025-09-07T16:00:00-07:00,35,90,132.9
2025-09-07T16:30:00-07:00,35,90,132.6
2025-09-07T17:00:00-07:00,34,90,131.6
2025-09-07T17:30:00-07:00,34,89,130.5
2025-09-07T18:00:00-07:00,36,88,130.2
2025-09-07T18:30:00-07:00,39,87,129
2025-09-07T19:00:00-07:00,41,86,127.2
2025-09-07T19:30:00-07:00,42,85,126.4
2025-09-07T20:00:00-07:00,42,85,125.2
2025-09-07T20:30:00-07:00,42,84,124.5
2025-09-07T21:00:00-07:00,44,84,124.1
2025-09-07T21:30:00-07:00,46,83,123.1
2025-09-07T22:00:00-07:00,47,83,122.7
2025-09-07T22:30:00-07:00,48,82,122.5
2025-09-07T23:00:00-07:00,48,82,122.1
2025-09-07T23:30:00-07:00,49,81,121.4
2025-09-08T00:00:00-07:00,48,81,120.9
2025-09-08T00:30:00-07:00,47,81,120.8
2025-09-08T01:00:00-07:00,47,81,120.9
2025-09-08T01:30:00-07:00,47,80,120.8
2025-09-08T02:00:00-07:00,47,80,119.3
2025-09-08T02:30:00-07:00,47,80,118.8
2025-09-08T03:00:00-07:00,47,79,118.4
2025-09-08T03:30:00-07:00,47,79,117.7
2025-09-08T04:00:00-07:00,47,79,118
2025-09-08T04:30:00-07:00,48,78,116.9
2025-09-08T05:00:00-07:00,48,78,117.4
2025-09-08T05:30:00-07:00,49,78,117
2025-09-08T06:00:00-07:00,51,79,118.4
2025-09-08T06:30:00-07:00,52,79,118.3
2025-09-08T07:00:00-07:00,53,79,119.1
2025-09-08T07:30:00-07:00,54,79,119
2025-09-08T08:00:00-07:00,55,79,119.6
2025-09-08T08:30:00-07:00,56,79,119.8
2025-09-08T09:00:00-07:00,55,79,119.2
2025-09-08T09:30:00-07:00,55,79,119.4
2025-09-08T10:00:00-07:00,55,80,119.6
2025-09-08T10:30:00-07:00,54,81,119.6
2025-09-08T11:00:00-07:00,54,82,121.5
2025-09-08T11:30:00-07:00,51,83,122.8
2025-09-08T12:00:00-07:00,50,84,123.6
2025-09-08T12:30:00-07:00,47,85,124.8
2025-09-08T13:00:00-07:00,45,86,126.7
2025-09-08T13:30:00-07:00,44,87,127.8
2025-09-08T14:00:00-07:00,43,88,128.9
2025-09-08T14:30:00-07:00,41,89,130.3
2025-09-08T15:00:00-07:00,41,90,131.6
2025-09-08T15:30:00-07:00,40,90,132.5
2025-09-08T16:00:00-07:00,39,90,133.2
2025-09-08T16:30:00-07:00,38,90,132.8
2025-09-08T17:00:00-07:00,38,90,133.7
2025-09-08T17:30:00-07:00,38,90,132.3
2025-09-08T18:00:00-07:00,38,89,131
2025-09-08T18:30:00-07:00,39,88,129.8
2025-09-08T19:00:00-07:00,40,87,128.1
2025-09-08T19:30:00-07:00,41,87,127.8
2025-09-08T20:00:00-07:00,42,86,127
2025-09-08T20:30:00-07:00,43,86,126.7
2025-09-08T21:00:00-07:00,43,85,126
2025-09-08T21:30:00-07:00,44,85,125.8
2025-09-08T22:00:00-07:00,46,85,124.9
2025-09-08T22:30:00-07:00,47,84,124.6
2025-09-08T23:00:00-07:00,47,84,124.2
2025-09-08T23:30:00-07:00,47,84,124.2
2025-09-09T00:00:00-07:00,46,84,124.7
2025-09-09T00:30:00-07:00,46,84,125.2
2025-09-09T01:00:00-07:00,48,84,125.2
2025-09-09T01:30:00-07:00,51,84,124.9
2025-09-09T02:00:00-07:00,53,83,124.6
2025-09-09T02:30:00-07:00,53,83,124.1
2025-09-09T03:00:00-07:00,53,82,123.8
2025-09-09T03:30:00-07:00,52,83,124.1
2025-09-09T04:00:00-07:00,51,83,123.2
2025-09-09T04:30:00-07:00,49,82,122.9
2025-09-09T05:00:00-07:00,49,82,122.5
2025-09-09T05:30:00-07:00,49,82,122.6
2025-09-09T06:00:00-07:00,49,82,121.4
2025-09-09T06:30:00-07:00,49,82,121.8
2025-09-09T07:00:00-07:00,49,82,122.5
2025-09-09T07:30:00-07:00,49,82,122.7
2025-09-09T08:00:00-07:00,48,82,123
2025-09-09T08:30:00-07:00,50,82,122.9
2025-09-09T09:00:00-07:00,54,81,121.7
2025-09-09T09:30:00-07:00,54,81,120.8
2025-09-09T10:00:00-07:00,51,82,120.8
2025-09-09T10:30:00-07:00,46,83,122.7
2025-09-09T11:00:00-07:00,42,85,125.1
2025-09-09T11:30:00-07:00,43,84,125.7
2025-09-09T12:00:00-07:00,43,85,125.8
2025-09-09T12:30:00-07:00,43,86,126.4
2025-09-09T13:00:00-07:00,41,86,127.5
2025-09-09T13:30:00-07:00,40,87,128.3
2025-09-09T14:00:00-07:00,40,87,128.8
2025-09-09T14:30:00-07:00,40,88,129.4
2025-09-09T15:00:00-07:00,39,88,129.6
2025-09-09T15:30:00-07:00,40,88,129.6
2025-09-09T16:00:00-07:00,41,87,129.6
2025-09-09T16:30:00-07:00,41,87,129.6
2025-09-09T17:00:00-07:00,41,87,129
2025-09-09T17:30:00-07:00,41,86,128.4
2025-09-09T18:00:00-07:00,41,86,127.9
2025-09-09T18:30:00-07:00,42,85,126.5
2025-09-09T19:00:00-07:00,43,84,125.1
2025-09-09T19:30:00-07:00,44,84,124.7
2025-09-09T20:00:00-07:00,44,84,123.5
2025-09-09T20:30:00-07:00,44,83,123.7
2025-09-09T21:00:00-07:00,45,83,125
2025-09-09T21:30:00-07:00,45,83,124.9
2025-09-09T22:00:00-07:00,46,83,124.9
2025-09-09T22:30:00-07:00,47,83,124.7
2025-09-09T23:00:00-07:00,48,82,124.4
2025-09-09T23:30:00-07:00,48,82,123.9
2025-09-10T00:00:00-07:00,47,82,122.5
2025-09-10T00:30:00-07:00,46,82,122.5
2025-09-10T01:00:00-07:00,47,82,122.2
2025-09-10T01:30:00-07:00,47,82,122.3
2025-09-10T02:00:00-07:00,48,82,122.5
2025-09-10T02:30:00-07:00,49,81,122
2025-09-10T03:00:00-07:00,49,81,121.4
2025-09-10T03:30:00-07:00,49,81,121.6
2025-09-10T04:00:00-07:00,49,81,121.5
2025-09-10T04:30:00-07:00,52,81,120.9
2025-09-10T05:00:00-07:00,57,80,120.3
2025-09-10T05:30:00-07:00,59,80,119.1
2025-09-10T06:00:00-07:00,60,80,120.3
2025-09-10T06:30:00-07:00,60,80,120.5
2025-09-10T07:00:00-07:00,59,80,120.8
2025-09-10T07:30:00-07:00,60,80,121
2025-09-10T08:00:00-07:00,60,80,121.4
2025-09-10T08:30:00-07:00,59,80,121.2
2025-09-10T09:00:00-07:00,58,80,121.1
2025-09-10T09:30:00-07:00,58,80,120.6
2025-09-10T10:00:00-07:00,57,80,120.9
2025-09-10T10:30:00-07:00,56,81,120.5
2025-09-10T11:00:00-07:00,55,82,121.7
2025-09-10T11:30:00-07:00,54,82,122.5
2025-09-10T12:00:00-07:00,53,83,122.7
2025-09-10T12:30:00-07:00,51,83,123.1
2025-09-10T13:00:00-07:00,50,83,123.9
2025-09-10T13:30:00-07:00,49,83,123.3
2025-09-10T14:00:00-07:00,48,83,123.7
2025-09-10T14:30:00-07:00,47,83,124.3
2025-09-10T15:00:00-07:00,46,84,124.8
2025-09-10T15:30:00-07:00,46,84,124.9
2025-09-10T16:00:00-07:00,45,85,125.3
2025-09-10T16:30:00-07:00,44,86,126.6
2025-09-10T17:00:00-07:00,43,86,126.6
2025-09-10T17:30:00-07:00,44,85,125.7
2025-09-10T18:00:00-07:00,44,84,125.3
2025-09-10T18:30:00-07:00,45,83,123.9
2025-09-10T19:00:00-07:00,45,82,123.2
2025-09-10T19:30:00-07:00,45,82,122.5
2025-09-10T20:00:00-07:00,45,81,122.6
2025-09-10T20:30:00-07:00,45,81,124.3
2025-09-10T21:00:00-07:00,45,81,125.4
2025-09-10T21:30:00-07:00,45,81,125.5
2025-09-10T22:00:00-07:00,45,81,125.3
2025-09-10T22:30:00-07:00,45,81,125.3
2025-09-10T23:00:00-07:00,46,80,123.6
2025-09-10T23:30:00-07:00,46,81,123.3
2025-09-11T00:00:00-07:00,47,80,122.7
2025-09-11T00:30:00-07:00,48,80,122.2
2025-09-11T01:00:00-07:00,49,80,122.4
2025-09-11T01:30:00-07:00,49,80,121.6
2025-09-11T02:00:00-07:00,48,80,122.4
2025-09-11T02:30:00-07:00,48,79,121.8
2025-09-11T03:00:00-07:00,48,79,121.5
2025-09-11T03:30:00-07:00,48,79,121.9
2025-09-11T04:00:00-07:00,48,79,121
2025-09-11T04:30:00-07:00,49,79,120.9
2025-09-11T05:00:00-07:00,49,79,120.6
2025-09-11T05:30:00-07:00,48,79,120.9
2025-09-11T06:00:00-07:00,48,79,120.1
2025-09-11T06:30:00-07:00,48,79,120.4
2025-09-11T07:00:00-07:00,48,79,120.8
2025-09-11T07:30:00-07:00,48,78,119.7
2025-09-11T08:00:00-07:00,48,78,120
2025-09-11T08:30:00-07:00,48,78,120.1
2025-09-11T09:00:00-07:00,48,79,121
2025-09-11T09:30:00-07:00,48,79,121
2025-09-11T10:00:00-07:00,48,79,121.2
2025-09-11T10:30:00-07:00,46,81,122.1
2025-09-11T11:00:00-07:00,45,82,124.5
2025-09-11T11:30:00-07:00,45,83,124.4
2025-09-11T12:00:00-07:00,44,83,125.6
2025-09-11T12:30:00-07:00,43,83,126.4
2025-09-11T13:00:00-07:00,42,84,126
2025-09-11T13:30:00-07:00,42,85,126.2
2025-09-11T14:00:00-07:00,42,86,127.3
2025-09-11T14:30:00-07:00,40,86,128.3
2025-09-11T15:00:00-07:00,40,87,129.3
2025-09-11T15:30:00-07:00,39,87,129.2
2025-09-11T16:00:00-07:00,40,87,130.3
2025-09-11T16:30:00-07:00,40,87,130.5
2025-09-11T17:00:00-07:00,40,87,129.4
2025-09-11T17:30:00-07:00,41,85,127.3
2025-09-11T18:00:00-07:00,43,84,126.4
2025-09-11T18:30:00-07:00,44,83,124.9
2025-09-11T19:00:00-07:00,44,83,123.8
2025-09-11T19:30:00-07:00,45,82,123.8
2025-09-11T20:00:00-07:00,45,82,123.3
2025-09-11T20:30:00-07:00,46,82,123
2025-09-11T21:00:00-07:00,46,82,123.1
2025-09-11T21:30:00-07:00,46,81,122.7
2025-09-11T22:00:00-07:00,46,81,122.3
2025-09-11T22:30:00-07:00,47,81,122.3
2025-09-11T23:00:00-07:00,48,81,121.5
2025-09-11T23:30:00-07:00,48,81,121.4
2025-09-12T00:00:00-07:00,48,80,121.6
2025-09-12T00:30:00-07:00,49,80,120.5
2025-09-12T01:00:00-07:00,50,80,120.7
2025-09-12T01:30:00-07:00,50,80,121
2025-09-12T02:00:00-07:00,50,79,121.5
2025-09-12T02:30:00-07:00,50,79,121.3
2025-09-12T03:00:00-07:00,50,79,121.6
2025-09-12T03:30:00-07:00,50,79,121.9
2025-09-12T04:00:00-07:00,51,79,121.3
2025-09-12T04:30:00-07:00,50,79,122.1
2025-09-12T05:00:00-07:00,50,79,121.4
2025-09-12T05:30:00-07:00,49,79,121.7
2025-09-12T06:00:00-07:00,50,79,121.1
2025-09-12T06:30:00-07:00,50,79,121.6
2025-09-12T07:00:00-07:00,49,79,121.4
2025-09-12T07:30:00-07:00,49,79,120.8
2025-09-12T08:00:00-07:00,49,79,121.3
2025-09-12T08:30:00-07:00,50,79,121.3
2025-09-12T09:00:00-07:00,49,80,121.8
2025-09-12T09:30:00-07:00,49,80,121.2
2025-09-12T10:00:00-07:00,49,80,121.7
2025-09-12T10:30:00-07:00,48,82,122.9
2025-09-12T11:00:00-07:00,46,83,125.3
2025-09-12T11:30:00-07:00,45,84,127
2025-09-12T12:00:00-07:00,45,84,127.2
2025-09-12T12:30:00-07:00,44,85,127.9
2025-09-12T13:00:00-07:00,43,86,128.5
2025-09-12T13:30:00-07:00,42,86,129.5
2025-09-12T14:00:00-07:00,41,87,130.1
2025-09-12T14:30:00-07:00,40,87,130.3
2025-09-12T15:00:00-07:00,40,87,131.4
2025-09-12T15:30:00-07:00,39,88,131.9
2025-09-12T16:00:00-07:00,39,88,131.9
2025-09-12T16:30:00-07:00,38,88,131.2
2025-09-12T17:00:00-07:00,38,87,131.1
2025-09-12T17:30:00-07:00,39,86,129.3
2025-09-12T18:00:00-07:00,41,84,127.5
2025-09-12T18:30:00-07:00,42,83,126.1
2025-09-12T19:00:00-07:00,43,82,124.3
2025-09-12T19:30:00-07:00,44,81,123.5
2025-09-12T20:00:00-07:00,44,81,122.2
2025-09-12T20:30:00-07:00,44,81,121.9
2025-09-12T21:00:00-07:00,45,80,121.2
2025-09-12T21:30:00-07:00,45,80,122.2
2025-09-12T22:00:00-07:00,46,80,121.8
2025-09-12T22:30:00-07:00,46,80,121.2
2025-09-12T23:00:00-07:00,46,80,121.7
2025-09-12T23:30:00-07:00,46,79,121.8
2025-09-13T00:00:00-07:00,46,79,121
2025-09-13T00:30:00-07:00,47,79,121.2
2025-09-13T01:00:00-07:00,47,79,121.8
2025-09-13T01:30:00-07:00,47,79,120.9
2025-09-13T02:00:00-07:00,47,78,120.8
2025-09-13T02:30:00-07:00,47,78,119.8
2025-09-13T03:00:00-07:00,48,78,119.5
2025-09-13T03:30:00-07:00,48,78,118.9
2025-09-13T04:00:00-07:00,49,78,120.1
2025-09-13T04:30:00-07:00,49,78,120.3
2025-09-13T05:00:00-07:00,49,78,120.3
2025-09-13T05:30:00-07:00,49,78,120.6
2025-09-13T06:00:00-07:00,49,78,120.7
2025-09-13T06:30:00-07:00,49,78,120.6
2025-09-13T07:00:00-07:00,49,78,120.4
2025-09-13T07:30:00-07:00,49,78,120.3
2025-09-13T08:00:00-07:00,48,78,120.4
2025-09-13T08:30:00-07:00,48,78,120
2025-09-13T09:00:00-07:00,49,78,120.8
2025-09-13T09:30:00-07:00,49,78,121.2
2025-09-13T10:00:00-07:00,49,78,121.2
2025-09-13T10:30:00-07:00,49,79,121.4
2025-09-13T11:00:00-07:00,48,79,121.5
2025-09-13T11:30:00-07:00,47,80,122.4
2025-09-13T12:00:00-07:00,46,81,123.6
2025-09-13T12:30:00-07:00,45,82,124.3
2025-09-13T13:00:00-07:00,45,82,124.9
2025-09-13T13:30:00-07:00,43,83,125.7
2025-09-13T14:00:00-07:00,42,83,126.5
2025-09-13T14:30:00-07:00,41,84,127.4
2025-09-13T15:00:00-07:00,40,84,127.4
2025-09-13T15:30:00-07:00,40,85,128
2025-09-13T16:00:00-07:00,39,85,128.1
2025-09-13T16:30:00-07:00,39,85,128.1
2025-09-13T17:00:00-07:00,38,85,128.1
2025-09-13T17:30:00-07:00,39,84,126.9
2025-09-13T18:00:00-07:00,39,83,126.4
2025-09-13T18:30:00-07:00,41,82,125.8
2025-09-13T19:00:00-07:00,42,82,124
2025-09-13T19:30:00-07:00,43,81,123.3
2025-09-13T20:00:00-07:00,44,80,122.5
2025-09-13T20:30:00-07:00,45,80,122.4
2025-09-13T21:00:00-07:00,46,80,122.5
2025-09-13T21:30:00-07:00,46,80,122.3
2025-09-13T22:00:00-07:00,47,80,122
2025-09-13T22:30:00-07:00,47,80,122.4
2025-09-13T23:00:00-07:00,47,80,122.1
2025-09-13T23:30:00-07:00,47,80,122.1
2025-09-14T00:00:00-07:00,47,80,121.8
2025-09-14T00:30:00-07:00,46,80,121.9
2025-09-14T01:00:00-07:00,46,80,121.8
2025-09-14T01:30:00-07:00,48,80,122.3
2025-09-14T02:00:00-07:00,50,79,121.8
2025-09-14T02:30:00-07:00,51,79,121.2
2025-09-14T03:00:00-07:00,52,79,121.4
2025-09-14T03:30:00-07:00,52,79,121.6
2025-09-14T04:00:00-07:00,52,79,121.9
2025-09-14T04:30:00-07:00,52,80,122
2025-09-14T05:00:00-07:00,52,80,122.1
2025-09-14T05:30:00-07:00,51,80,122.6
2025-09-14T06:00:00-07:00,49,79,122.5
2025-09-14T06:30:00-07:00,49,80,122
2025-09-14T07:00:00-07:00,49,79,122.2
2025-09-14T07:30:00-07:00,50,80,122.5
2025-09-14T08:00:00-07:00,50,80,122.6
2025-09-14T08:30:00-07:00,50,80,122.5
2025-09-14T09:00:00-07:00,50,80,123.2
2025-09-14T09:30:00-07:00,50,81,122.8
2025-09-14T10:00:00-07:00,50,81,123.8
2025-09-14T10:30:00-07:00,49,82,124.1
2025-09-14T11:00:00-07:00,45,85,126.1
2025-09-14T11:30:00-07:00,44,86,128.1
2025-09-14T12:00:00-07:00,45,85,127.6
2025-09-14T12:30:00-07:00,45,85,127.6
2025-09-14T13:00:00-07:00,46,86,129.1
2025-09-14T13:30:00-07:00,45,87,129.7
2025-09-14T14:00:00-07:00,44,88,130.6
2025-09-14T14:30:00-07:00,44,88,131.4
2025-09-14T15:00:00-07:00,44,89,131.6
2025-09-14T15:30:00-07:00,44,89,132.9
2025-09-14T16:00:00-07:00,44,89,132.2
2025-09-14T16:30:00-07:00,45,89,132.8
2025-09-14T17:00:00-07:00,45,88,131.9
2025-09-14T17:30:00-07:00,46,88,131.4
2025-09-14T18:00:00-07:00,46,87,130.1
2025-09-14T18:30:00-07:00,47,86,128.4
2025-09-14T19:00:00-07:00,48,85,127.9
2025-09-14T19:30:00-07:00,49,84,125.7
2025-09-14T20:00:00-07:00,49,83,124.5
2025-09-14T20:30:00-07:00,49,83,124.1
2025-09-14T21:00:00-07:00,49,82,123.8
2025-09-14T21:30:00-07:00,49,82,124.1
2025-09-14T22:00:00-07:00,48,82,123.8
2025-09-14T22:30:00-07:00,48,82,123.3
2025-09-14T23:00:00-07:00,49,81,123
2025-09-14T23:30:00-07:00,48,81,122.9
2025-09-15T00:00:00-07:00,49,80,121.9
2025-09-15T00:30:00-07:00,49,80,121.4
2025-09-15T01:00:00-07:00,49,80,121.2
2025-09-15T01:30:00-07:00,48,79,120.7
2025-09-15T02:00:00-07:00,48,79,120.2
2025-09-15T02:30:00-07:00,48,79,120.2
2025-09-15T03:00:00-07:00,47,78,119.2
2025-09-15T03:30:00-07:00,47,78,119.2
2025-09-15T04:00:00-07:00,47,78,118.8
2025-09-15T04:30:00-07:00,47,77,118.7
2025-09-15T05:00:00-07:00,48,77,117.8
2025-09-15T05:30:00-07:00,49,77,117.4
2025-09-15T06:00:00-07:00,50,78,118.6
2025-09-15T06:30:00-07:00,51,78,119
2025-09-15T07:00:00-07:00,51,78,119.1
2025-09-15T07:30:00-07:00,52,78,119.3
2025-09-15T08:00:00-07:00,52,78,118.6
2025-09-15T08:30:00-07:00,54,78,119.4
2025-09-15T09:00:00-07:00,54,79,120.1
2025-09-15T09:30:00-07:00,53,79,120.5
2025-09-15T10:00:00-07:00,52,80,119.9
2025-09-15T10:30:00-07:00,50,82,122
2025-09-15T11:00:00-07:00,44,86,127.3
2025-09-15T11:30:00-07:00,43,87,128.3
2025-09-15T12:00:00-07:00,43,87,129.2
2025-09-15T12:30:00-07:00,43,87,130.6
2025-09-15T13:00:00-07:00,42,89,131.7
2025-09-15T13:30:00-07:00,40,90,133.5
2025-09-15T14:00:00-07:00,39,91,136
2025-09-15T14:30:00-07:00,37,93,140.5
2025-09-15T15:00:00-07:00,35,94,143.6
2025-09-15T15:30:00-07:00,34,95,145.2
2025-09-15T16:00:00-07:00,32,95,146.2
2025-09-15T16:30:00-07:00,31,95,146.7
2025-09-15T17:00:00-07:00,32,95,147
2025-09-15T17:30:00-07:00,33,95,147.3
2025-09-15T18:00:00-07:00,32,94,145.3
2025-09-15T18:30:00-07:00,33,94,143.8
2025-09-15T19:00:00-07:00,35,93,142.3
2025-09-15T19:30:00-07:00,59,89,135.6
2025-09-15T20:00:00-07:00,53,88,132.5
2025-09-15T20:30:00-07:00,48,88,133
2025-09-15T21:00:00-07:00,45,88,132.4
2025-09-15T21:30:00-07:00,43,88,131.4
2025-09-15T22:00:00-07:00,43,87,131.4
2025-09-15T22:30:00-07:00,43,87,130.6
2025-09-15T23:00:00-07:00,43,86,129.4
2025-09-15T23:30:00-07:00,43,86,128.7
2025-09-16T00:00:00-07:00,41,85,128.1
2025-09-16T00:30:00-07:00,41,84,127.1
2025-09-16T01:00:00-07:00,41,84,126.7
2025-09-16T01:30:00-07:00,41,83,125.9
2025-09-16T02:00:00-07:00,41,83,124.9
2025-09-16T02:30:00-07:00,41,83,125.6
2025-09-16T03:00:00-07:00,41,82,124.5
2025-09-16T03:30:00-07:00,41,82,124
2025-09-16T04:00:00-07:00,42,82,123.5
2025-09-16T04:30:00-07:00,42,81,122.4
2025-09-16T05:00:00-07:00,42,81,122
2025-09-16T05:30:00-07:00,42,80,121.7
2025-09-16T06:00:00-07:00,42,80,121.5
2025-09-16T06:30:00-07:00,42,80,121.4
2025-09-16T07:00:00-07:00,43,80,121.1
2025-09-16T07:30:00-07:00,43,80,121.8
2025-09-16T08:00:00-07:00,44,81,122.4
2025-09-16T08:30:00-07:00,44,81,123.1
2025-09-16T09:00:00-07:00,44,82,124
2025-09-16T09:30:00-07:00,43,83,124.7
2025-09-16T10:00:00-07:00,43,83,126.2
2025-09-16T10:30:00-07:00,43,85,128.3
2025-09-16T11:00:00-07:00,40,89,132.5
2025-09-16T11:30:00-07:00,40,90,135.2
2025-09-16T12:00:00-07:00,40,90,135.3
2025-09-16T12:30:00-07:00,38,90,136.9
2025-09-16T13:00:00-07:00,37,91,137.2
2025-09-16T13:30:00-07:00,36,92,138.4
2025-09-16T14:00:00-07:00,35,93,140
2025-09-16T14:30:00-07:00,34,93,142.1
2025-09-16T15:00:00-07:00,33,94,142.7
2025-09-16T15:30:00-07:00,32,95,143.5
2025-09-16T16:00:00-07:00,32,95,145.2
2025-09-16T16:30:00-07:00,31,95,145.6
2025-09-16T17:00:00-07:00,32,95,144.7
2025-09-16T17:30:00-07:00,31,94,142.8
2025-09-16T18:00:00-07:00,32,93,140.8
2025-09-16T18:30:00-07:00,32,92,139.1
2025-09-16T19:00:00-07:00,34,91,136.9
2025-09-16T19:30:00-07:00,36,90,134.1
2025-09-16T20:00:00-07:00,38,89,133.1
2025-09-16T20:30:00-07:00,39,88,131.5
2025-09-16T21:00:00-07:00,40,87,130.8
2025-09-16T21:30:00-07:00,42,86,130.6
2025-09-16T22:00:00-07:00,43,86,130.5
2025-09-16T22:30:00-07:00,44,86,130.3
2025-09-16T23:00:00-07:00,45,85,129.6
2025-09-16T23:30:00-07:00,46,84,128.6
2025-09-17T00:00:00-07:00,46,84,128.3
2025-09-17T00:30:00-07:00,46,83,128
2025-09-17T01:00:00-07:00,46,83,125.7
2025-09-17T01:30:00-07:00,46,82,124.4
2025-09-17T02:00:00-07:00,46,82,124.1
2025-09-17T02:30:00-07:00,46,82,123.2
2025-09-17T03:00:00-07:00,46,82,122.9
2025-09-17T03:30:00-07:00,47,81,122.4
2025-09-17T04:00:00-07:00,47,80,121.9
2025-09-17T04:30:00-07:00,48,80,121.6
2025-09-17T05:00:00-07:00,48,80,121
2025-09-17T05:30:00-07:00,47,80,121.4
2025-09-17T06:00:00-07:00,47,79,119.6
2025-09-17T06:30:00-07:00,46,79,119.1
2025-09-17T07:00:00-07:00,46,79,119.3
2025-09-17T07:30:00-07:00,47,79,120
2025-09-17T08:00:00-07:00,48,79,120.4
2025-09-17T08:30:00-07:00,48,80,120.4
2025-09-17T09:00:00-07:00,48,80,121
2025-09-17T09:30:00-07:00,49,80,120.6
2025-09-17T10:00:00-07:00,50,81,122
2025-09-17T10:30:00-07:00,49,83,123.4
2025-09-17T11:00:00-07:00,44,87,128.5
2025-09-17T11:30:00-07:00,43,88,131.2
2025-09-17T12:00:00-07:00,43,88,131.6
2025-09-17T12:30:00-07:00,43,89,132.3
2025-09-17T13:00:00-07:00,42,90,133.5
2025-09-17T13:30:00-07:00,37,91,135.4
2025-09-17T14:00:00-07:00,35,91,137.2
2025-09-17T14:30:00-07:00,34,93,139.2
2025-09-17T15:00:00-07:00,34,94,140.6
2025-09-17T15:30:00-07:00,33,95,144
2025-09-17T16:00:00-07:00,29,95,144.5
2025-09-17T16:30:00-07:00,28,95,144.5
2025-09-17T17:00:00-07:00,28,94,145.6
2025-09-17T17:30:00-07:00,29,94,144.2
2025-09-17T18:00:00-07:00,31,93,142.7
2025-09-17T18:30:00-07:00,34,92,140.4
2025-09-17T19:00:00-07:00,35,91,138
2025-09-17T19:30:00-07:00,36,90,135.7
2025-09-17T20:00:00-07:00,35,89,134.5
2025-09-17T20:30:00-07:00,36,89,133.2
2025-09-17T21:00:00-07:00,38,88,132.7
2025-09-17T21:30:00-07:00,39,88,132.6
2025-09-17T22:00:00-07:00,39,87,132.2
2025-09-17T22:30:00-07:00,40,87,130.7
2025-09-17T23:00:00-07:00,41,86,129.6
2025-09-17T23:30:00-07:00,42,86,129.5
2025-09-18T00:00:00-07:00,43,86,129
2025-09-18T00:30:00-07:00,43,85,127.9
2025-09-18T01:00:00-07:00,41,85,127.8
2025-09-18T01:30:00-07:00,40,84,126.6
2025-09-18T02:00:00-07:00,39,83,126.4
2025-09-18T02:30:00-07:00,38,83,125.7
2025-09-18T03:00:00-07:00,38,83,125.2
2025-09-18T03:30:00-07:00,38,82,124.2
2025-09-18T04:00:00-07:00,41,82,124.3
2025-09-18T04:30:00-07:00,41,82,123.9
2025-09-18T05:00:00-07:00,42,82,124.2
2025-09-18T05:30:00-07:00,42,81,123.6
2025-09-18T06:00:00-07:00,43,81,123.8
2025-09-18T06:30:00-07:00,44,81,123.7
2025-09-18T07:00:00-07:00,44,81,123.7
2025-09-18T07:30:00-07:00,45,81,123.7
2025-09-18T08:00:00-07:00,45,81,123.9
2025-09-18T08:30:00-07:00,46,81,124.3
2025-09-18T09:00:00-07:00,46,82,124
2025-09-18T09:30:00-07:00,46,82,124.8
2025-09-18T10:00:00-07:00,46,82,124.8
2025-09-18T10:30:00-07:00,44,83,125.2
2025-09-18T11:00:00-07:00,42,83,125.1
2025-09-18T11:30:00-07:00,41,83,126.2
2025-09-18T12:00:00-07:00,42,83,126.2
2025-09-18T12:30:00-07:00,41,83,126.7
2025-09-18T13:00:00-07:00,41,85,127.6
2025-09-18T13:30:00-07:00,42,85,127.8
2025-09-18T14:00:00-07:00,43,86,129.3
2025-09-18T14:30:00-07:00,43,86,129.7
2025-09-18T15:00:00-07:00,43,86,129.5
2025-09-18T15:30:00-07:00,42,86,130
2025-09-18T16:00:00-07:00,42,85,128.2
2025-09-18T16:30:00-07:00,43,84,127
2025-09-18T17:00:00-07:00,44,84,127.2
2025-09-18T17:30:00-07:00,43,84,126.8
2025-09-18T18:00:00-07:00,43,83,126.8
2025-09-18T18:30:00-07:00,43,83,126.2
2025-09-18T19:00:00-07:00,43,83,125.7
2025-09-18T19:30:00-07:00,44,82,125.3
2025-09-18T20:00:00-07:00,44,82,125.3
2025-09-18T20:30:00-07:00,45,82,124.4
2025-09-18T21:00:00-07:00,45,82,124.6
2025-09-18T21:30:00-07:00,46,81,124.3
2025-09-18T22:00:00-07:00,46,81,123.7
2025-09-18T22:30:00-07:00,47,81,123.6
2025-09-18T23:00:00-07:00,47,81,123.3
2025-09-18T23:30:00-07:00,48,81,123.1
2025-09-19T00:00:00-07:00,48,80,122.6
2025-09-19T00:30:00-07:00,48,80,122.1
2025-09-19T01:00:00-07:00,48,80,121.7
2025-09-19T01:30:00-07:00,48,79,121.4
2025-09-19T02:00:00-07:00,49,79,120.9
2025-09-19T02:30:00-07:00,49,79,121.1
2025-09-19T03:00:00-07:00,49,79,121.5
2025-09-19T03:30:00-07:00,50,79,121.8
2025-09-19T04:00:00-07:00,50,79,121.1
2025-09-19T04:30:00-07:00,50,79,121.2
2025-09-19T05:00:00-07:00,50,79,120.4
2025-09-19T05:30:00-07:00,50,78,121.1
2025-09-19T06:00:00-07:00,51,78,121.4
2025-09-19T06:30:00-07:00,51,79,121.5
2025-09-19T07:00:00-07:00,51,79,121.3
2025-09-19T07:30:00-07:00,51,79,121.3
2025-09-19T08:00:00-07:00,52,79,121.8
2025-09-19T08:30:00-07:00,52,79,121.7
2025-09-19T09:00:00-07:00,52,79,121.9
2025-09-19T09:30:00-07:00,51,80,122.4
2025-09-19T10:00:00-07:00,50,80,122.8
2025-09-19T10:30:00-07:00,48,82,123.3
2025-09-19T11:00:00-07:00,45,84,126.4
2025-09-19T11:30:00-07:00,44,85,127.7
2025-09-19T12:00:00-07:00,42,86,129.3
2025-09-19T12:30:00-07:00,42,86,129.9
2025-09-19T13:00:00-07:00,42,87,131
2025-09-19T13:30:00-07:00,40,88,132.2
2025-09-19T14:00:00-07:00,39,89,133.2
2025-09-19T14:30:00-07:00,38,90,135
2025-09-19T15:00:00-07:00,37,90,136.5
2025-09-19T15:30:00-07:00,37,90,136.5
2025-09-19T16:00:00-07:00,37,90,136.5
2025-09-19T16:30:00-07:00,37,90,136.1
2025-09-19T17:00:00-07:00,37,89,134.9
2025-09-19T17:30:00-07:00,38,89,133.3
2025-09-19T18:00:00-07:00,39,88,132.4
2025-09-19T18:30:00-07:00,40,87,130.8
2025-09-19T19:00:00-07:00,41,86,129.2
2025-09-19T19:30:00-07:00,41,85,127.7
2025-09-19T20:00:00-07:00,42,84,127.4
2025-09-19T20:30:00-07:00,43,84,126.2
2025-09-19T21:00:00-07:00,44,83,125.6
2025-09-19T21:30:00-07:00,45,83,125.6
2025-09-19T22:00:00-07:00,45,83,125.2
2025-09-19T22:30:00-07:00,46,82,124.7
2025-09-19T23:00:00-07:00,46,82,124.5
2025-09-19T23:30:00-07:00,46,82,124.6
2025-09-20T00:00:00-07:00,47,82,124.4
2025-09-20T00:30:00-07:00,47,81,123.7
2025-09-20T01:00:00-07:00,47,81,123.2
2025-09-20T01:30:00-07:00,48,81,122.3
2025-09-20T02:00:00-07:00,47,81,122.8
2025-09-20T02:30:00-07:00,47,80,123.4
2025-09-20T03:00:00-07:00,47,80,121.8
2025-09-20T03:30:00-07:00,47,80,121
2025-09-20T04:00:00-07:00,47,80,120.5
2025-09-20T04:30:00-07:00,47,79,120.4
2025-09-20T05:00:00-07:00,47,79,120
2025-09-20T05:30:00-07:00,47,79,119.1
2025-09-20T06:00:00-07:00,47,79,120.3
2025-09-20T06:30:00-07:00,47,78,120.6
2025-09-20T07:00:00-07:00,48,79,121.2
2025-09-20T07:30:00-07:00,48,79,121.3
2025-09-20T08:00:00-07:00,49,79,122.1
2025-09-20T08:30:00-07:00,51,80,122.6
2025-09-20T09:00:00-07:00,51,80,123.5
2025-09-20T09:30:00-07:00,51,81,123.7
2025-09-20T10:00:00-07:00,51,81,124.1
2025-09-20T10:30:00-07:00,50,82,125
2025-09-20T11:00:00-07:00,47,85,128.7
2025-09-20T11:30:00-07:00,45,86,129.9
2025-09-20T12:00:00-07:00,45,86,131.7
2025-09-20T12:30:00-07:00,43,87,132.2
2025-09-20T13:00:00-07:00,42,87,132.4
2025-09-20T13:30:00-07:00,40,88,133
2025-09-20T14:00:00-07:00,39,89,134
2025-09-20T14:30:00-07:00,39,90,135.8
2025-09-20T15:00:00-07:00,40,90,136.7
2025-09-20T15:30:00-07:00,38,90,137.2
2025-09-20T16:00:00-07:00,37,90,137.3
2025-09-20T16:30:00-07:00,36,90,137.3
2025-09-20T17:00:00-07:00,37,90,136.5
2025-09-20T17:30:00-07:00,38,89,134.4
2025-09-20T18:00:00-07:00,39,88,132.8
2025-09-20T18:30:00-07:00,39,87,132
2025-09-20T19:00:00-07:00,40,86,130
2025-09-20T19:30:00-07:00,42,85,129.4
2025-09-20T20:00:00-07:00,43,84,127.7
2025-09-20T20:30:00-07:00,43,84,128
2025-09-20T21:00:00-07:00,43,84,127.1
2025-09-20T21:30:00-07:00,44,83,126.9
2025-09-20T22:00:00-07:00,45,83,128.2
2025-09-20T22:30:00-07:00,46,83,125.4
2025-09-20T23:00:00-07:00,46,82,124.8
2025-09-20T23:30:00-07:00,47,82,124.8
2025-09-21T00:00:00-07:00,46,82,124.4
2025-09-21T00:30:00-07:00,47,82,123.9
2025-09-21T01:00:00-07:00,47,81,123.6
2025-09-21T01:30:00-07:00,48,81,123.4
2025-09-21T02:00:00-07:00,48,81,122.3
2025-09-21T02:30:00-07:00,48,81,122
2025-09-21T03:00:00-07:00,49,80,121.5
2025-09-21T03:30:00-07:00,50,80,121.2
2025-09-21T04:00:00-07:00,50,80,120.8
2025-09-21T04:30:00-07:00,50,80,121.2
2025-09-21T05:00:00-07:00,51,80,120.7
2025-09-21T05:30:00-07:00,52,80,121.4
2025-09-21T06:00:00-07:00,52,79,121.5
2025-09-21T06:30:00-07:00,52,79,121.1
2025-09-21T07:00:00-07:00,52,79,121.7
2025-09-21T07:30:00-07:00,52,79,121.8
2025-09-21T08:00:00-07:00,52,79,120.8
2025-09-21T08:30:00-07:00,53,79,120.5
2025-09-21T09:00:00-07:00,52,79,120.3
2025-09-21T09:30:00-07:00,52,79,120.4
2025-09-21T10:00:00-07:00,51,79,120.6
2025-09-21T10:30:00-07:00,51,79,120.9
2025-09-21T11:00:00-07:00,51,80,121.1
2025-09-21T11:30:00-07:00,49,81,122
2025-09-21T12:00:00-07:00,47,83,123.7
2025-09-21T12:30:00-07:00,46,83,125
2025-09-21T13:00:00-07:00,45,84,126.3
2025-09-21T13:30:00-07:00,44,86,128.3
2025-09-21T14:00:00-07:00,43,87,131.5
2025-09-21T14:30:00-07:00,41,88,132
2025-09-21T15:00:00-07:00,40,89,133.4
2025-09-21T15:30:00-07:00,38,89,134.7
2025-09-21T16:00:00-07:00,38,90,135.8
2025-09-21T16:30:00-07:00,37,91,136.3
2025-09-21T17:00:00-07:00,36,91,137.4
2025-09-21T17:30:00-07:00,37,90,137.4
2025-09-21T18:00:00-07:00,37,90,136.6
2025-09-21T18:30:00-07:00,37,89,134.9
2025-09-21T19:00:00-07:00,35,88,132.5
2025-09-21T19:30:00-07:00,39,87,131.4
2025-09-21T20:00:00-07:00,41,86,129.2
2025-09-21T20:30:00-07:00,42,85,128.4
2025-09-21T21:00:00-07:00,43,84,127.1
2025-09-21T21:30:00-07:00,44,84,126.9
2025-09-21T22:00:00-07:00,44,83,126.4
2025-09-21T22:30:00-07:00,44,83,125.5
2025-09-21T23:00:00-07:00,44,83,124.7
2025-09-21T23:30:00-07:00,45,82,124.4
2025-09-22T00:00:00-07:00,46,82,124.1
2025-09-22T00:30:00-07:00,46,82,123.6
2025-09-22T01:00:00-07:00,46,81,123.1
2025-09-22T01:30:00-07:00,46,80,122.5
2025-09-22T02:00:00-07:00,45,80,122.4
2025-09-22T02:30:00-07:00,45,80,121.6
2025-09-22T03:00:00-07:00,45,79,121.9
2025-09-22T03:30:00-07:00,44,79,120.8
2025-09-22T04:00:00-07:00,43,79,120
2025-09-22T04:30:00-07:00,43,78,119.7
2025-09-22T05:00:00-07:00,43,78,118.5
2025-09-22T05:30:00-07:00,42,77,119
2025-09-22T06:00:00-07:00,42,77,118.9
2025-09-22T06:30:00-07:00,42,77,118.3
2025-09-22T07:00:00-07:00,43,77,118.2
2025-09-22T07:30:00-07:00,44,77,118.2
2025-09-22T08:00:00-07:00,46,78,119
2025-09-22T08:30:00-07:00,47,78,120.4
2025-09-22T09:00:00-07:00,47,79,120.9
2025-09-22T09:30:00-07:00,46,80,121.1
2025-09-22T10:00:00-07:00,46,80,122.3
2025-09-22T10:30:00-07:00,45,83,123.9
2025-09-22T11:00:00-07:00,41,86,128.1
2025-09-22T11:30:00-07:00,40,87,130.3
2025-09-22T12:00:00-07:00,40,87,131.5
2025-09-22T12:30:00-07:00,39,88,132.6
2025-09-22T13:00:00-07:00,38,89,133.1
2025-09-22T13:30:00-07:00,36,90,134.4
2025-09-22T14:00:00-07:00,34,91,137.5
2025-09-22T14:30:00-07:00,33,92,139.2
2025-09-22T15:00:00-07:00,30,93,141.9
2025-09-22T15:30:00-07:00,30,94,142.9
2025-09-22T16:00:00-07:00,30,95,145
2025-09-22T16:30:00-07:00,30,95,145.6
2025-09-22T17:00:00-07:00,30,95,145.7
2025-09-22T17:30:00-07:00,30,94,144
2025-09-22T18:00:00-07:00,31,94,142.9
2025-09-22T18:30:00-07:00,34,92,140.8
2025-09-22T19:00:00-07:00,34,92,137.7
2025-09-22T19:30:00-07:00,35,91,136
2025-09-22T20:00:00-07:00,35,90,134.5
2025-09-22T20:30:00-07:00,36,89,131.9
2025-09-22T21:00:00-07:00,36,88,131.5
2025-09-22T21:30:00-07:00,37,87,131.3
2025-09-22T22:00:00-07:00,37,87,130.9
2025-09-22T22:30:00-07:00,39,86,130
2025-09-22T23:00:00-07:00,39,86,128.5
2025-09-22T23:30:00-07:00,40,85,127.6
2025-09-23T00:00:00-07:00,40,85,127.3
2025-09-23T00:30:00-07:00,40,84,126.8
2025-09-23T01:00:00-07:00,40,84,125.7
2025-09-23T01:30:00-07:00,40,83,125.6
2025-09-23T02:00:00-07:00,39,83,124.9
2025-09-23T02:30:00-07:00,40,82,124
2025-09-23T03:00:00-07:00,40,82,122.9
2025-09-23T03:30:00-07:00,40,81,122.3
2025-09-23T04:00:00-07:00,38,82,123.5
2025-09-23T04:30:00-07:00,39,81,122.5
2025-09-23T05:00:00-07:00,39,80,122.6
2025-09-23T05:30:00-07:00,40,80,121.4
2025-09-23T06:00:00-07:00,40,80,121.8
2025-09-23T06:30:00-07:00,40,80,120.5
2025-09-23T07:00:00-07:00,40,80,120.8
2025-09-23T07:30:00-07:00,41,80,121.1
2025-09-23T08:00:00-07:00,41,81,121.9
2025-09-23T08:30:00-07:00,40,81,122.8
2025-09-23T09:00:00-07:00,40,82,123.6
2025-09-23T09:30:00-07:00,39,82,124.9
2025-09-23T10:00:00-07:00,41,83,125.9
2025-09-23T10:30:00-07:00,41,86,128.4
2025-09-23T11:00:00-07:00,41,89,133.5
2025-09-23T11:30:00-07:00,41,90,134.9
2025-09-23T12:00:00-07:00,39,90,134.4
2025-09-23T12:30:00-07:00,36,91,135.7
2025-09-23T13:00:00-07:00,33,92,138.6
2025-09-23T13:30:00-07:00,31,94,141.6
2025-09-23T14:00:00-07:00,29,95,144.4
2025-09-23T14:30:00-07:00,28,96,147.2
2025-09-23T15:00:00-07:00,27,97,149.3
2025-09-23T15:30:00-07:00,26,98,151.3
2025-09-23T16:00:00-07:00,25,99,153.5
2025-09-23T16:30:00-07:00,26,99,154.5
2025-09-23T17:00:00-07:00,27,99,154.1
2025-09-23T17:30:00-07:00,28,97,152.2
2025-09-23T18:00:00-07:00,28,97,150.5
2025-09-23T18:30:00-07:00,28,96,149.1
2025-09-23T19:00:00-07:00,32,95,147.4
2025-09-23T19:30:00-07:00,33,93,145.8
2025-09-23T20:00:00-07:00,33,93,143.2
2025-09-23T20:30:00-07:00,33,92,140.5
2025-09-23T21:00:00-07:00,34,91,139.7
2025-09-23T21:30:00-07:00,34,91,138.9
2025-09-23T22:00:00-07:00,34,90,137.6
2025-09-23T22:30:00-07:00,34,89,136.5
2025-09-23T23:00:00-07:00,35,89,135.8
2025-09-23T23:30:00-07:00,37,88,134.1
2025-09-24T00:00:00-07:00,38,88,133.6
2025-09-24T00:30:00-07:00,38,87,132.7
2025-09-24T01:00:00-07:00,38,86,131
2025-09-24T01:30:00-07:00,38,86,129.2
2025-09-24T02:00:00-07:00,38,86,129.1
2025-09-24T02:30:00-07:00,38,85,128
2025-09-24T03:00:00-07:00,39,85,127.9
2025-09-24T03:30:00-07:00,39,85,127.5
2025-09-24T04:00:00-07:00,39,84,127.8
2025-09-24T04:30:00-07:00,40,84,126.8
2025-09-24T05:00:00-07:00,40,84,126.7
2025-09-24T05:30:00-07:00,42,84,126.7
2025-09-24T06:00:00-07:00,43,84,126.4
2025-09-24T06:30:00-07:00,43,84,126.2
2025-09-24T07:00:00-07:00,44,83,126.4
2025-09-24T07:30:00-07:00,44,84,126.2
2025-09-24T08:00:00-07:00,44,84,126.3
2025-09-24T08:30:00-07:00,44,84,126.7
2025-09-24T09:00:00-07:00,44,84,127
2025-09-24T09:30:00-07:00,44,84,127.7
2025-09-24T10:00:00-07:00,44,85,127.9
2025-09-24T10:30:00-07:00,43,85,127.2
2025-09-24T11:00:00-07:00,43,85,127.9
2025-09-24T11:30:00-07:00,45,85,128.9
2025-09-24T12:00:00-07:00,44,85,128.4
2025-09-24T12:30:00-07:00,42,85,129
2025-09-24T13:00:00-07:00,41,85,128.9
2025-09-24T13:30:00-07:00,44,86,129
2025-09-24T14:00:00-07:00,46,86,129.4
2025-09-24T14:30:00-07:00,45,86,129.2
2025-09-24T15:00:00-07:00,43,87,130.1
2025-09-24T15:30:00-07:00,41,87,130.8
2025-09-24T16:00:00-07:00,39,88,132
2025-09-24T16:30:00-07:00,38,88,132.6
2025-09-24T17:00:00-07:00,37,89,132.8
2025-09-24T17:30:00-07:00,36,89,133
2025-09-24T18:00:00-07:00,37,89,132.9
2025-09-24T18:30:00-07:00,37,88,132.3
2025-09-24T19:00:00-07:00,37,88,131.7
2025-09-24T19:30:00-07:00,37,88,131.1
2025-09-24T20:00:00-07:00,37,87,131
2025-09-24T20:30:00-07:00,36,87,130.5
2025-09-24T21:00:00-07:00,36,87,130.4
2025-09-24T21:30:00-07:00,36,87,130.5
2025-09-24T22:00:00-07:00,37,86,129.8
2025-09-24T22:30:00-07:00,37,86,129.2
2025-09-24T23:00:00-07:00,38,86,128.9
2025-09-24T23:30:00-07:00,38,85,128.7
2025-09-25T00:00:00-07:00,39,85,128.1
2025-09-25T00:30:00-07:00,40,85,127.3
2025-09-25T01:00:00-07:00,40,84,127.3
2025-09-25T01:30:00-07:00,39,84,125.4
2025-09-25T02:00:00-07:00,41,84,125.1
2025-09-25T02:30:00-07:00,41,84,125.3
2025-09-25T03:00:00-07:00,42,84,125.4
2025-09-25T03:30:00-07:00,42,83,124.2
2025-09-25T04:00:00-07:00,42,83,124
2025-09-25T04:30:00-07:00,43,83,124.6
2025-09-25T05:00:00-07:00,43,83,123.6
2025-09-25T05:30:00-07:00,43,82,123.4
2025-09-25T06:00:00-07:00,44,82,122.7
2025-09-25T06:30:00-07:00,44,81,121.6
2025-09-25T07:00:00-07:00,45,81,121.6
2025-09-25T07:30:00-07:00,45,81,121.1
2025-09-25T08:00:00-07:00,46,81,121.6
2025-09-25T08:30:00-07:00,48,81,122.7
2025-09-25T09:00:00-07:00,49,82,123.3
2025-09-25T09:30:00-07:00,48,83,123.2
2025-09-25T10:00:00-07:00,46,83,124.5
2025-09-25T10:30:00-07:00,44,85,124.9
2025-09-25T11:00:00-07:00,41,87,128.1
2025-09-25T11:30:00-07:00,41,87,130.8
2025-09-25T12:00:00-07:00,40,88,131.5
2025-09-25T12:30:00-07:00,40,88,132.1
2025-09-25T13:00:00-07:00,38,89,133.3
2025-09-25T13:30:00-07:00,36,90,133.6
2025-09-25T14:00:00-07:00,35,91,135.6
2025-09-25T14:30:00-07:00,34,91,137
2025-09-25T15:00:00-07:00,34,92,137.2
2025-09-25T15:30:00-07:00,35,92,137.6
2025-09-25T16:00:00-07:00,35,91,137.4
2025-09-25T16:30:00-07:00,36,90,134.8
2025-09-25T17:00:00-07:00,36,89,133.1
2025-09-25T17:30:00-07:00,37,88,131
2025-09-25T18:00:00-07:00,38,86,129.6
2025-09-25T18:30:00-07:00,40,85,127.5
2025-09-25T19:00:00-07:00,40,84,125.3
2025-09-25T19:30:00-07:00,40,84,124.1
2025-09-25T20:00:00-07:00,41,83,124.2
2025-09-25T20:30:00-07:00,41,82,123.6
2025-09-25T21:00:00-07:00,42,82,122.8
2025-09-25T21:30:00-07:00,42,81,122.1
2025-09-25T22:00:00-07:00,43,81,121.2
2025-09-25T22:30:00-07:00,43,81,121.1
2025-09-25T23:00:00-07:00,43,81,121
2025-09-25T23:30:00-07:00,44,80,120.8
2025-09-26T00:00:00-07:00,44,80,120.5
2025-09-26T00:30:00-07:00,44,80,120.2
2025-09-26T01:00:00-07:00,45,80,120.1
2025-09-26T01:30:00-07:00,45,80,120.9
2025-09-26T02:00:00-07:00,45,80,120.2
2025-09-26T02:30:00-07:00,44,80,121
2025-09-26T03:00:00-07:00,45,80,120.7
2025-09-26T03:30:00-07:00,45,80,121.1
2025-09-26T04:00:00-07:00,45,80,121
2025-09-26T04:30:00-07:00,45,80,121.1
2025-09-26T05:00:00-07:00,46,80,120.5
2025-09-26T05:30:00-07:00,46,80,120.1
2025-09-26T06:00:00-07:00,45,80,120.8
2025-09-26T06:30:00-07:00,46,80,119.8
2025-09-26T07:00:00-07:00,46,80,119.2
2025-09-26T07:30:00-07:00,46,80,119.9
2025-09-26T08:00:00-07:00,45,80,120.5
2025-09-26T08:30:00-07:00,45,80,120.8
2025-09-26T09:00:00-07:00,45,80,120.5
2025-09-26T09:30:00-07:00,46,80,121.1
2025-09-26T10:00:00-07:00,45,81,121.7
2025-09-26T10:30:00-07:00,44,83,123
2025-09-26T11:00:00-07:00,41,85,126
2025-09-26T11:30:00-07:00,41,86,127.1
2025-09-26T12:00:00-07:00,42,86,127.8
2025-09-26T12:30:00-07:00,42,87,129.3
2025-09-26T13:00:00-07:00,40,89,131.5
2025-09-26T13:30:00-07:00,39,89,132.3
2025-09-26T14:00:00-07:00,37,90,133.2
2025-09-26T14:30:00-07:00,35,91,135
2025-09-26T15:00:00-07:00,33,92,136.8
2025-09-26T15:30:00-07:00,33,93,138.8
2025-09-26T16:00:00-07:00,33,94,140.8
2025-09-26T16:30:00-07:00,33,93,140.4
2025-09-26T17:00:00-07:00,32,93,140.6
2025-09-26T17:30:00-07:00,32,92,138.5
2025-09-26T18:00:00-07:00,32,91,136.5
2025-09-26T18:30:00-07:00,32,90,136.1
2025-09-26T19:00:00-07:00,34,89,134.2
2025-09-26T19:30:00-07:00,34,88,131.5
2025-09-26T20:00:00-07:00,35,87,131
2025-09-26T20:30:00-07:00,36,86,129.2
2025-09-26T21:00:00-07:00,37,85,128.1
2025-09-26T21:30:00-07:00,37,85,127
2025-09-26T22:00:00-07:00,38,84,126.6
2025-09-26T22:30:00-07:00,39,84,126.1
2025-09-26T23:00:00-07:00,39,83,126.2
2025-09-26T23:30:00-07:00,40,83,125.1
2025-09-27T00:00:00-07:00,40,82,124.9
2025-09-27T00:30:00-07:00,40,82,124.1
2025-09-27T01:00:00-07:00,40,81,124
2025-09-27T01:30:00-07:00,40,81,123.3
2025-09-27T02:00:00-07:00,41,81,123.2
2025-09-27T02:30:00-07:00,41,80,122.2
2025-09-27T03:00:00-07:00,41,80,121.6
2025-09-27T03:30:00-07:00,42,80,121.2
2025-09-27T04:00:00-07:00,42,80,122
2025-09-27T04:30:00-07:00,42,79,120.6
2025-09-27T05:00:00-07:00,42,79,120.9
2025-09-27T05:30:00-07:00,42,79,119.5
2025-09-27T06:00:00-07:00,42,79,119.2
2025-09-27T06:30:00-07:00,42,78,119
2025-09-27T07:00:00-07:00,43,78,118.7
2025-09-27T07:30:00-07:00,43,78,118.5
2025-09-27T08:00:00-07:00,44,79,118.7
2025-09-27T08:30:00-07:00,45,79,119.3
2025-09-27T09:00:00-07:00,46,79,118.8
2025-09-27T09:30:00-07:00,46,79,119.3
2025-09-27T10:00:00-07:00,45,80,119
2025-09-27T10:30:00-07:00,43,82,121.8
2025-09-27T11:00:00-07:00,41,84,124.4
2025-09-27T11:30:00-07:00,40,85,126.5
2025-09-27T12:00:00-07:00,40,85,126.9
2025-09-27T12:30:00-07:00,39,86,128.3
2025-09-27T13:00:00-07:00,37,88,130.3
2025-09-27T13:30:00-07:00,37,88,130.8
2025-09-27T14:00:00-07:00,38,89,131.7
2025-09-27T14:30:00-07:00,38,89,132.4
2025-09-27T15:00:00-07:00,37,90,132.9
2025-09-27T15:30:00-07:00,37,90,133.9
2025-09-27T16:00:00-07:00,37,90,134.1
2025-09-27T16:30:00-07:00,37,90,134.1
2025-09-27T17:00:00-07:00,37,90,133.4
2025-09-27T17:30:00-07:00,37,89,131.7
2025-09-27T18:00:00-07:00,37,88,130.1
2025-09-27T18:30:00-07:00,38,87,128.8
2025-09-27T19:00:00-07:00,39,87,129.3
2025-09-27T19:30:00-07:00,40,86,128.6
2025-09-27T20:00:00-07:00,41,86,127.7
2025-09-27T20:30:00-07:00,42,85,126.7
2025-09-27T21:00:00-07:00,42,84,124.7
2025-09-27T21:30:00-07:00,43,84,124.7
2025-09-27T22:00:00-07:00,42,83,124.2
2025-09-27T22:30:00-07:00,43,82,122.3
2025-09-27T23:00:00-07:00,44,82,121.4
2025-09-27T23:30:00-07:00,45,81,120.8
2025-09-28T00:00:00-07:00,45,81,121.3
2025-09-28T00:30:00-07:00,46,81,122.2
2025-09-28T01:00:00-07:00,45,82,122.5
2025-09-28T01:30:00-07:00,45,82,123
2025-09-28T02:00:00-07:00,45,82,122.8
2025-09-28T02:30:00-07:00,46,82,123.9
2025-09-28T03:00:00-07:00,46,82,122.7
2025-09-28T03:30:00-07:00,46,81,121.2
2025-09-28T04:00:00-07:00,46,81,121.1
2025-09-28T04:30:00-07:00,46,81,122
2025-09-28T05:00:00-07:00,46,81,121.2
2025-09-28T05:30:00-07:00,46,81,120.8
2025-09-28T06:00:00-07:00,46,81,120.6
2025-09-28T06:30:00-07:00,45,81,121.7
2025-09-28T07:00:00-07:00,46,81,122
2025-09-28T07:30:00-07:00,47,82,122.8
2025-09-28T08:00:00-07:00,47,81,123
2025-09-28T08:30:00-07:00,47,81,122.5
2025-09-28T09:00:00-07:00,47,81,123
2025-09-28T09:30:00-07:00,46,81,121.9
2025-09-28T10:00:00-07:00,46,81,122.9
2025-09-28T10:30:00-07:00,45,81,123.6
2025-09-28T11:00:00-07:00,45,81,123.6
2025-09-28T11:30:00-07:00,45,81,123.1
2025-09-28T12:00:00-07:00,45,81,123.1
2025-09-28T12:30:00-07:00,45,81,123.7
2025-09-28T13:00:00-07:00,46,82,125.6
2025-09-28T13:30:00-07:00,46,83,127
2025-09-28T14:00:00-07:00,45,85,127.9
2025-09-28T14:30:00-07:00,44,85,130
2025-09-28T15:00:00-07:00,43,86,130.4
2025-09-28T15:30:00-07:00,41,86,130.2
2025-09-28T16:00:00-07:00,41,86,129.6
2025-09-28T16:30:00-07:00,41,85,129.4
2025-09-28T17:00:00-07:00,41,85,128.9
2025-09-28T17:30:00-07:00,40,85,128.1
2025-09-28T18:00:00-07:00,40,84,125.9
2025-09-28T18:30:00-07:00,40,84,125.6
2025-09-28T19:00:00-07:00,40,84,126.2
2025-09-28T19:30:00-07:00,40,84,125.7
2025-09-28T20:00:00-07:00,42,84,126.1
2025-09-28T20:30:00-07:00,42,84,126.1
2025-09-28T21:00:00-07:00,42,84,127
2025-09-28T21:30:00-07:00,42,84,126.5
2025-09-28T22:00:00-07:00,41,83,125.2
2025-09-28T22:30:00-07:00,42,83,124.9
2025-09-28T23:00:00-07:00,42,83,125
2025-09-28T23:30:00-07:00,43,83,125.8
2025-09-29T00:00:00-07:00,43,83,126.4
2025-09-29T00:30:00-07:00,43,83,126
2025-09-29T01:00:00-07:00,43,83,126
2025-09-29T01:30:00-07:00,43,83,126
2025-09-29T02:00:00-07:00,43,83,125.6
2025-09-29T02:30:00-07:00,43,82,125
2025-09-29T03:00:00-07:00,44,82,124.3
2025-09-29T03:30:00-07:00,44,82,124.3
2025-09-29T04:00:00-07:00,44,82,124.3
2025-09-29T04:30:00-07:00,45,82,124.7
2025-09-29T05:00:00-07:00,47,82,124.7
2025-09-29T05:30:00-07:00,47,82,124.1
2025-09-29T06:00:00-07:00,47,82,124.5
2025-09-29T06:30:00-07:00,48,82,124
2025-09-29T07:00:00-07:00,48,82,123.9
2025-09-29T07:30:00-07:00,48,82,123.7
2025-09-29T08:00:00-07:00,47,82,122
2025-09-29T08:30:00-07:00,47,82,122.8
2025-09-29T09:00:00-07:00,46,82,122.9
2025-09-29T09:30:00-07:00,45,82,122.7
2025-09-29T10:00:00-07:00,45,82,123.5
2025-09-29T10:30:00-07:00,45,81,123.2
2025-09-29T11:00:00-07:00,45,82,123.1
2025-09-29T11:30:00-07:00,45,82,123.5
2025-09-29T12:00:00-07:00,44,82,123.9
2025-09-29T12:30:00-07:00,43,82,123.2
2025-09-29T13:00:00-07:00,44,83,124
2025-09-29T13:30:00-07:00,42,83,125.5
2025-09-29T14:00:00-07:00,41,84,125.9
2025-09-29T14:30:00-07:00,39,84,126.8
2025-09-29T15:00:00-07:00,37,85,128.4
2025-09-29T15:30:00-07:00,36,85,128.9
2025-09-29T16:00:00-07:00,35,86,128.9
2025-09-29T16:30:00-07:00,33,87,129.7
2025-09-29T17:00:00-07:00,35,87,130
2025-09-29T17:30:00-07:00,36,86,129.6
2025-09-29T18:00:00-07:00,37,86,129.3
2025-09-29T18:30:00-07:00,38,86,128.7
2025-09-29T19:00:00-07:00,38,85,127.7
2025-09-29T19:30:00-07:00,39,85,126.7
2025-09-29T20:00:00-07:00,39,84,126.8
2025-09-29T20:30:00-07:00,39,84,126.3
2025-09-29T21:00:00-07:00,39,84,125.8
2025-09-29T21:30:00-07:00,40,84,125.9
2025-09-29T22:00:00-07:00,42,83,125.5
2025-09-29T22:30:00-07:00,42,83,125.3
2025-09-29T23:00:00-07:00,42,83,124.9
2025-09-29T23:30:00-07:00,42,83,124.7
2025-09-30T00:00:00-07:00,42,83,124.7
2025-09-30T00:30:00-07:00,42,83,124.2
2025-09-30T01:00:00-07:00,41,83,123.5
2025-09-30T01:30:00-07:00,41,82,123.2
2025-09-30T02:00:00-07:00,42,82,121.3
2025-09-30T02:30:00-07:00,45,81,121.9
2025-09-30T03:00:00-07:00,47,81,121.8
2025-09-30T03:30:00-07:00,49,81,121.6
2025-09-30T04:00:00-07:00,49,81,121.9
2025-09-30T04:30:00-07:00,49,81,120.5
2025-09-30T05:00:00-07:00,49,80,120.6
2025-09-30T05:30:00-07:00,50,80,120
2025-09-30T06:00:00-07:00,50,80,119.9
2025-09-30T06:30:00-07:00,50,79,118.6
2025-09-30T07:00:00-07:00,50,79,119.7
2025-09-30T07:30:00-07:00,51,79,118.9
2025-09-30T08:00:00-07:00,51,79,119.5
2025-09-30T08:30:00-07:00,50,80,119.2
2025-09-30T09:00:00-07:00,50,79,118.7
2025-09-30T09:30:00-07:00,49,80,118.9
2025-09-30T10:00:00-07:00,48,80,119.2
2025-09-30T10:30:00-07:00,44,82,121.2
2025-09-30T11:00:00-07:00,41,83,123.6
2025-09-30T11:30:00-07:00,39,84,123.7
2025-09-30T12:00:00-07:00,37,84,124.2
2025-09-30T12:30:00-07:00,35,85,125.3
2025-09-30T13:00:00-07:00,34,86,127.1
2025-09-30T13:30:00-07:00,34,86,128.6
2025-09-30T14:00:00-07:00,34,86,129.1
2025-09-30T14:30:00-07:00,34,86,128.6
2025-09-30T15:00:00-07:00,33,86,128.4
2025-09-30T15:30:00-07:00,32,87,129.8
2025-09-30T16:00:00-07:00,31,87,130.6
2025-09-30T16:30:00-07:00,33,87,130.1
2025-09-30T17:00:00-07:00,34,87,130.5
2025-09-30T17:30:00-07:00,35,87,130.5
2025-09-30T18:00:00-07:00,37,86,130.2
2025-09-30T18:30:00-07:00,38,86,129.6
2025-09-30T19:00:00-07:00,40,86,128.8
2025-09-30T19:30:00-07:00,41,85,128.2
2025-09-30T20:00:00-07:00,41,85,127
2025-09-30T20:30:00-07:00,42,85,126.8
2025-09-30T21:00:00-07:00,43,84,126.6
2025-09-30T21:30:00-07:00,43,84,126
2025-09-30T22:00:00-07:00,41,84,125.9
2025-09-30T22:30:00-07:00,38,83,124.8
2025-09-30T23:00:00-07:00,39,83,124.2
2025-09-30T23:30:00-07:00,39,83,124.5
2025-10-01T00:00:00-07:00,40,83,124.8
2025-10-01T00:30:00-07:00,40,82,123.1
2025-10-01T01:00:00-07:00,41,81,122.5
2025-10-01T01:30:00-07:00,41,81,122.2
2025-10-01T02:00:00-07:00,42,81,121.8
2025-10-01T02:30:00-07:00,42,81,121.7
2025-10-01T03:00:00-07:00,42,81,122.9
2025-10-01T03:30:00-07:00,41,81,122.2
2025-10-01T04:00:00-07:00,41,81,121.9
2025-10-01T04:30:00-07:00,41,81,122.3
2025-10-01T05:00:00-07:00,43,81,122.1
2025-10-01T05:30:00-07:00,44,81,120.9
2025-10-01T06:00:00-07:00,45,81,121.5
2025-10-01T06:30:00-07:00,45,81,122.8
2025-10-01T07:00:00-07:00,46,81,122.8
2025-10-01T07:30:00-07:00,46,81,122.5
2025-10-01T08:00:00-07:00,45,81,122.8
2025-10-01T08:30:00-07:00,45,81,122.9
2025-10-01T09:00:00-07:00,41,81,122.6
2025-10-01T09:30:00-07:00,39,80,120.2
2025-10-01T10:00:00-07:00,38,80,120.4
2025-10-01T10:30:00-07:00,39,80,120.3
2025-10-01T11:00:00-07:00,39,80,120.1
2025-10-01T11:30:00-07:00,37,80,121.2
2025-10-01T12:00:00-07:00,36,81,122.7
2025-10-01T12:30:00-07:00,36,83,123.8
2025-10-01T13:00:00-07:00,35,84,125.4
2025-10-01T13:30:00-07:00,35,85,126.1
2025-10-01T14:00:00-07:00,35,85,126.8
2025-10-01T14:30:00-07:00,36,85,127.3
2025-10-01T15:00:00-07:00,37,86,127.9
2025-10-01T15:30:00-07:00,37,86,129.2
2025-10-01T16:00:00-07:00,37,87,129.2
2025-10-01T16:30:00-07:00,37,87,129.8
2025-10-01T17:00:00-07:00,37,87,129.9
2025-10-01T17:30:00-07:00,39,86,129.9
2025-10-01T18:00:00-07:00,41,86,128.7
2025-10-01T18:30:00-07:00,41,85,127
2025-10-01T19:00:00-07:00,42,84,126.8
2025-10-01T19:30:00-07:00,43,84,126.3
2025-10-01T20:00:00-07:00,44,84,125.8
2025-10-01T20:30:00-07:00,44,83,126.2
2025-10-01T21:00:00-07:00,44,83,125.4
2025-10-01T21:30:00-07:00,45,83,125
2025-10-01T22:00:00-07:00,45,83,124.3
2025-10-01T22:30:00-07:00,45,82,122.9
2025-10-01T23:00:00-07:00,45,82,123.9
2025-10-01T23:30:00-07:00,45,82,123.8
2025-10-02T00:00:00-07:00,45,81,122.9
2025-10-02T00:30:00-07:00,45,81,122.4
2025-10-02T01:00:00-07:00,45,81,122.6
2025-10-02T01:30:00-07:00,45,82,123.1
2025-10-02T02:00:00-07:00,45,82,123.3
2025-10-02T02:30:00-07:00,46,82,123.4
2025-10-02T03:00:00-07:00,46,82,124.1
2025-10-02T03:30:00-07:00,47,82,123.7
2025-10-02T04:00:00-07:00,47,82,123.8
2025-10-02T04:30:00-07:00,50,82,123.9
2025-10-02T05:00:00-07:00,52,81,122.4
2025-10-02T05:30:00-07:00,53,81,122.5
2025-10-02T06:00:00-07:00,55,80,121.8
2025-10-02T06:30:00-07:00,56,80,121.1
2025-10-02T07:00:00-07:00,57,80,120.9
2025-10-02T07:30:00-07:00,58,79,121
2025-10-02T08:00:00-07:00,57,80,120.5
2025-10-02T08:30:00-07:00,59,79,121.1
2025-10-02T09:00:00-07:00,60,79,121.1
2025-10-02T09:30:00-07:00,60,79,121
2025-10-02T10:00:00-07:00,61,80,121.4
2025-10-02T10:30:00-07:00,60,80,122.1
2025-10-02T11:00:00-07:00,57,81,122.9
2025-10-02T11:30:00-07:00,54,81,123.3
2025-10-02T12:00:00-07:00,49,82,123.2
2025-10-02T12:30:00-07:00,49,83,124.5
2025-10-02T13:00:00-07:00,49,83,126.1
2025-10-02T13:30:00-07:00,47,84,126.6
2025-10-02T14:00:00-07:00,45,84,126.7
2025-10-02T14:30:00-07:00,42,84,127.2
2025-10-02T15:00:00-07:00,39,84,126.9
2025-10-02T15:30:00-07:00,40,83,125.5
2025-10-02T16:00:00-07:00,41,83,125.5
2025-10-02T16:30:00-07:00,39,83,126.9
2025-10-02T17:00:00-07:00,38,83,126.5
2025-10-02T17:30:00-07:00,40,83,126.3
2025-10-02T18:00:00-07:00,42,82,124.9
2025-10-02T18:30:00-07:00,43,82,124.4
2025-10-02T19:00:00-07:00,44,81,123.2
2025-10-02T19:30:00-07:00,45,81,122.7
2025-10-02T20:00:00-07:00,45,80,122.3
2025-10-02T20:30:00-07:00,46,80,122.2
2025-10-02T21:00:00-07:00,47,80,121.9
2025-10-02T21:30:00-07:00,50,80,121.3
2025-10-02T22:00:00-07:00,51,80,121.2
2025-10-02T22:30:00-07:00,51,80,121.4
2025-10-02T23:00:00-07:00,52,80,121.4
2025-10-02T23:30:00-07:00,51,79,121.2
2025-10-03T00:00:00-07:00,51,79,120.7
2025-10-03T00:30:00-07:00,50,79,120.2
2025-10-03T01:00:00-07:00,50,79,120.2
2025-10-03T01:30:00-07:00,49,79,120.5
2025-10-03T02:00:00-07:00,48,78,120.1
2025-10-03T02:30:00-07:00,48,78,119.8
2025-10-03T03:00:00-07:00,49,78,119.4
2025-10-03T03:30:00-07:00,49,78,119.1
2025-10-03T04:00:00-07:00,48,77,118.6
2025-10-03T04:30:00-07:00,48,77,118.5
2025-10-03T05:00:00-07:00,48,77,119.2
2025-10-03T05:30:00-07:00,47,77,118.2
2025-10-03T06:00:00-07:00,48,77,118.5
2025-10-03T06:30:00-07:00,47,77,118.4
2025-10-03T07:00:00-07:00,47,77,118.6
2025-10-03T07:30:00-07:00,47,77,118.1
2025-10-03T08:00:00-07:00,47,77,118.4
2025-10-03T08:30:00-07:00,47,77,118.6
2025-10-03T09:00:00-07:00,46,77,118.9
2025-10-03T09:30:00-07:00,46,77,119.1
2025-10-03T10:00:00-07:00,46,77,118.8
2025-10-03T10:30:00-07:00,46,78,118.6
2025-10-03T11:00:00-07:00,45,78,119.9
2025-10-03T11:30:00-07:00,44,79,119.3
2025-10-03T12:00:00-07:00,43,79,120.1
2025-10-03T12:30:00-07:00,43,79,120.1
2025-10-03T13:00:00-07:00,42,80,120.7
2025-10-03T13:30:00-07:00,41,80,121.3
2025-10-03T14:00:00-07:00,41,80,121.9
2025-10-03T14:30:00-07:00,40,81,121.9
2025-10-03T15:00:00-07:00,40,81,122.6
2025-10-03T15:30:00-07:00,39,82,123.9
2025-10-03T16:00:00-07:00,39,83,124.8
2025-10-03T16:30:00-07:00,39,83,125.9
2025-10-03T17:00:00-07:00,39,83,125.2
2025-10-03T17:30:00-07:00,39,82,124.3
2025-10-03T18:00:00-07:00,40,82,124.5
2025-10-03T18:30:00-07:00,41,81,122.6
2025-10-03T19:00:00-07:00,42,80,121.7
2025-10-03T19:30:00-07:00,43,80,120.9
2025-10-03T20:00:00-07:00,44,79,120.3
2025-10-03T20:30:00-07:00,45,79,120.9
2025-10-03T21:00:00-07:00,45,79,120.1
2025-10-03T21:30:00-07:00,46,78,119.4
2025-10-03T22:00:00-07:00,46,78,118.8
2025-10-03T22:30:00-07:00,47,78,118.6
2025-10-03T23:00:00-07:00,47,78,118.2
2025-10-03T23:30:00-07:00,47,77,117.9
2025-10-04T00:00:00-07:00,47,77,117.7
2025-10-04T00:30:00-07:00,47,77,117.5
2025-10-04T01:00:00-07:00,47,76,116.8
2025-10-04T01:30:00-07:00,47,76,116.2
2025-10-04T02:00:00-07:00,47,76,115.9
2025-10-04T02:30:00-07:00,46,75,115.2
2025-10-04T03:00:00-07:00,46,75,114.7
2025-10-04T03:30:00-07:00,46,75,114.7
2025-10-04T04:00:00-07:00,46,74,113.9
2025-10-04T04:30:00-07:00,46,74,113.6
2025-10-04T05:00:00-07:00,46,74,113
2025-10-04T05:30:00-07:00,46,73,113.6
2025-10-04T06:00:00-07:00,46,73,112.9
2025-10-04T06:30:00-07:00,46,73,112.6
2025-10-04T07:00:00-07:00,46,73,112.9
2025-10-04T07:30:00-07:00,47,73,112.9
2025-10-04T08:00:00-07:00,48,73,113.8
2025-10-04T08:30:00-07:00,47,74,115.3
2025-10-04T09:00:00-07:00,48,75,115.5
2025-10-04T09:30:00-07:00,48,75,116
2025-10-04T10:00:00-07:00,47,76,116.1
2025-10-04T10:30:00-07:00,44,79,119.1
2025-10-04T11:00:00-07:00,42,80,120.7
2025-10-04T11:30:00-07:00,42,81,121.8
2025-10-04T12:00:00-07:00,42,81,122.6
2025-10-04T12:30:00-07:00,42,82,123.7
2025-10-04T13:00:00-07:00,40,84,126.5
2025-10-04T13:30:00-07:00,38,86,131
2025-10-04T14:00:00-07:00,36,87,132.9
2025-10-04T14:30:00-07:00,36,87,132.5
2025-10-04T15:00:00-07:00,34,88,131.2
2025-10-04T15:30:00-07:00,33,88,131
2025-10-04T16:00:00-07:00,33,89,133.1
2025-10-04T16:30:00-07:00,34,88,133.3
2025-10-04T17:00:00-07:00,35,88,132.1
2025-10-04T17:30:00-07:00,36,86,130.3
2025-10-04T18:00:00-07:00,37,85,128.6
2025-10-04T18:30:00-07:00,38,84,127.2
2025-10-04T19:00:00-07:00,40,83,125.8
2025-10-04T19:30:00-07:00,41,82,125.2
2025-10-04T20:00:00-07:00,41,82,124
2025-10-04T20:30:00-07:00,42,81,123
2025-10-04T21:00:00-07:00,42,80,122
2025-10-04T21:30:00-07:00,42,80,122
2025-10-04T22:00:00-07:00,43,79,121.3
2025-10-04T22:30:00-07:00,43,79,120.2
2025-10-04T23:00:00-07:00,42,78,120.6
2025-10-04T23:30:00-07:00,42,78,119.2
2025-10-05T00:00:00-07:00,42,77,118.5
2025-10-05T00:30:00-07:00,42,77,118
2025-10-05T01:00:00-07:00,42,76,115.1
2025-10-05T01:30:00-07:00,42,76,115.1
2025-10-05T02:00:00-07:00,42,76,115
2025-10-05T02:30:00-07:00,41,76,114.4
2025-10-05T03:00:00-07:00,42,75,113.9
2025-10-05T03:30:00-07:00,43,75,113.8
2025-10-05T04:00:00-07:00,43,74,114.7
2025-10-05T04:30:00-07:00,43,74,113.4
2025-10-05T05:00:00-07:00,42,74,113.1
2025-10-05T05:30:00-07:00,42,74,113
2025-10-05T06:00:00-07:00,42,74,113.3
2025-10-05T06:30:00-07:00,42,73,112.6
2025-10-05T07:00:00-07:00,42,73,111.9
2025-10-05T07:30:00-07:00,43,73,112.7
2025-10-05T08:00:00-07:00,43,74,113.3
2025-10-05T08:30:00-07:00,42,75,113.7
2025-10-05T09:00:00-07:00,44,75,114.7
2025-10-05T09:30:00-07:00,45,76,115.8
2025-10-05T10:00:00-07:00,45,78,116.7
2025-10-05T10:30:00-07:00,44,80,120.2
2025-10-05T11:00:00-07:00,41,82,121.8
2025-10-05T11:30:00-07:00,41,82,124.3
2025-10-05T12:00:00-07:00,42,82,125.3
2025-10-05T12:30:00-07:00,41,83,126.3
2025-10-05T13:00:00-07:00,39,85,127.8
2025-10-05T13:30:00-07:00,34,87,132
2025-10-05T14:00:00-07:00,32,88,132.9
2025-10-05T14:30:00-07:00,32,89,132.2
2025-10-05T15:00:00-07:00,31,90,134
2025-10-05T15:30:00-07:00,31,90,134.9
2025-10-05T16:00:00-07:00,32,90,134.9
2025-10-05T16:30:00-07:00,32,90,133.9
2025-10-05T17:00:00-07:00,32,89,133.3
2025-10-05T17:30:00-07:00,34,88,131.4
2025-10-05T18:00:00-07:00,36,87,130.8
2025-10-05T18:30:00-07:00,36,86,129.4
2025-10-05T19:00:00-07:00,37,86,128.8
2025-10-05T19:30:00-07:00,38,85,127.4
2025-10-05T20:00:00-07:00,39,84,126.4
2025-10-05T20:30:00-07:00,39,83,125.9
2025-10-05T21:00:00-07:00,40,83,125.3
2025-10-05T21:30:00-07:00,41,82,124.5
2025-10-05T22:00:00-07:00,41,82,125.4
2025-10-05T22:30:00-07:00,41,81,124.1
2025-10-05T23:00:00-07:00,41,81,123.8
2025-10-05T23:30:00-07:00,41,80,122.6
2025-10-06T00:00:00-07:00,41,79,122.2
2025-10-06T00:30:00-07:00,42,79,122.2
2025-10-06T01:00:00-07:00,42,78,122.1
2025-10-06T01:30:00-07:00,41,78,121.5
2025-10-06T02:00:00-07:00,41,78,120.6
2025-10-06T02:30:00-07:00,41,77,120.4
2025-10-06T03:00:00-07:00,41,77,119.8
2025-10-06T03:30:00-07:00,41,77,120
2025-10-06T04:00:00-07:00,41,76,119.1
2025-10-06T04:30:00-07:00,41,76,119.6
2025-10-06T05:00:00-07:00,42,76,118.8
2025-10-06T05:30:00-07:00,42,75,118.5
2025-10-06T06:00:00-07:00,42,75,117.9
2025-10-06T06:30:00-07:00,42,75,117.5
2025-10-06T07:00:00-07:00,42,75,117.4
2025-10-06T07:30:00-07:00,43,74,117.6
2025-10-06T08:00:00-07:00,44,75,117.9
2025-10-06T08:30:00-07:00,44,76,119
2025-10-06T09:00:00-07:00,44,77,120
2025-10-06T09:30:00-07:00,42,78,121
2025-10-06T10:00:00-07:00,41,80,122.1
2025-10-06T10:30:00-07:00,40,83,125.5
2025-10-06T11:00:00-07:00,38,83,127
2025-10-06T11:30:00-07:00,37,84,127.8
2025-10-06T12:00:00-07:00,37,85,128.7
2025-10-06T12:30:00-07:00,37,86,129.4
2025-10-06T13:00:00-07:00,35,87,132.3
2025-10-06T13:30:00-07:00,31,91,135.5
2025-10-06T14:00:00-07:00,28,92,139.6
2025-10-06T14:30:00-07:00,27,93,141.1
2025-10-06T15:00:00-07:00,27,94,141.4
2025-10-06T15:30:00-07:00,27,94,139.9
2025-10-06T16:00:00-07:00,27,94,140.6
2025-10-06T16:30:00-07:00,27,93,139.9
2025-10-06T17:00:00-07:00,26,93,138.5
2025-10-06T17:30:00-07:00,25,92,137.4
2025-10-06T18:00:00-07:00,27,92,137.1
2025-10-06T18:30:00-07:00,29,91,134.8
2025-10-06T19:00:00-07:00,30,90,132.8
2025-10-06T19:30:00-07:00,31,89,131.1
2025-10-06T20:00:00-07:00,32,88,129.3
2025-10-06T20:30:00-07:00,34,87,128.3
2025-10-06T21:00:00-07:00,36,86,127.7
2025-10-06T21:30:00-07:00,38,86,126.8
2025-10-06T22:00:00-07:00,39,85,125.7
2025-10-06T22:30:00-07:00,39,84,125
2025-10-06T23:00:00-07:00,39,83,123.3
2025-10-06T23:30:00-07:00,38,83,122.4
2025-10-07T00:00:00-07:00,39,82,121.2
2025-10-07T00:30:00-07:00,39,81,119.9
2025-10-07T01:00:00-07:00,38,81,120.5
2025-10-07T01:30:00-07:00,38,80,121
2025-10-07T02:00:00-07:00,38,80,120.5
2025-10-07T02:30:00-07:00,37,80,119.6
2025-10-07T03:00:00-07:00,37,79,119.2
2025-10-07T03:30:00-07:00,37,79,119.2
2025-10-07T04:00:00-07:00,37,78,117.6
2025-10-07T04:30:00-07:00,38,78,117.8
2025-10-07T05:00:00-07:00,38,78,118
2025-10-07T05:30:00-07:00,38,77,117.6
2025-10-07T06:00:00-07:00,38,77,116.6
2025-10-07T06:30:00-07:00,38,76,116.5
2025-10-07T07:00:00-07:00,39,76,116.5
2025-10-07T07:30:00-07:00,40,76,116.5
2025-10-07T08:00:00-07:00,40,76,116.8
2025-10-07T08:30:00-07:00,40,78,117.4
2025-10-07T09:00:00-07:00,41,78,118.9
2025-10-07T09:30:00-07:00,41,79,119.6
2025-10-07T10:00:00-07:00,40,81,121.2
2025-10-07T10:30:00-07:00,36,84,124.3
2025-10-07T11:00:00-07:00,35,85,124.9
2025-10-07T11:30:00-07:00,34,85,125.7
2025-10-07T12:00:00-07:00,34,86,126.6
2025-10-07T12:30:00-07:00,34,87,127.6
2025-10-07T13:00:00-07:00,33,89,129.4
2025-10-07T13:30:00-07:00,29,92,135
2025-10-07T14:00:00-07:00,26,94,140.7
2025-10-07T14:30:00-07:00,27,94,140.8
2025-10-07T15:00:00-07:00,29,94,140.6
2025-10-07T15:30:00-07:00,30,94,139.9
2025-10-07T16:00:00-07:00,30,94,139.2
2025-10-07T16:30:00-07:00,31,93,137.3
2025-10-07T17:00:00-07:00,32,92,134.9
2025-10-07T17:30:00-07:00,33,91,132.4
2025-10-07T18:00:00-07:00,34,89,130.7
2025-10-07T18:30:00-07:00,35,88,129.5
2025-10-07T19:00:00-07:00,37,87,127.7
2025-10-07T19:30:00-07:00,37,86,126.6
2025-10-07T20:00:00-07:00,38,85,125.1
2025-10-07T20:30:00-07:00,38,84,124.4
2025-10-07T21:00:00-07:00,39,84,123.2
2025-10-07T21:30:00-07:00,40,83,122.3
2025-10-07T22:00:00-07:00,40,82,122.4
2025-10-07T22:30:00-07:00,41,82,121.4
2025-10-07T23:00:00-07:00,41,82,120.9
2025-10-07T23:30:00-07:00,42,81,120
2025-10-08T00:00:00-07:00,42,80,119.6
2025-10-08T00:30:00-07:00,43,80,118.1
2025-10-08T01:00:00-07:00,44,79,118.6
2025-10-08T01:30:00-07:00,43,79,118.2
2025-10-08T02:00:00-07:00,43,78,117.5
2025-10-08T02:30:00-07:00,43,78,116.4
2025-10-08T03:00:00-07:00,44,78,117.1
2025-10-08T03:30:00-07:00,45,78,117
2025-10-08T04:00:00-07:00,46,79,118.2
2025-10-08T04:30:00-07:00,46,79,117.8
2025-10-08T05:00:00-07:00,46,79,117.7
2025-10-08T05:30:00-07:00,46,78,117.5
2025-10-08T06:00:00-07:00,46,78,115.8
2025-10-08T06:30:00-07:00,46,78,115.8
2025-10-08T07:00:00-07:00,47,77,115.6
2025-10-08T07:30:00-07:00,47,77,115.1
2025-10-08T08:00:00-07:00,47,77,116.1
2025-10-08T08:30:00-07:00,46,78,116
2025-10-08T09:00:00-07:00,46,78,115.9
2025-10-08T09:30:00-07:00,46,78,117.4
2025-10-08T10:00:00-07:00,46,78,117.8
2025-10-08T10:30:00-07:00,45,79,118
2025-10-08T11:00:00-07:00,44,79,118.1
2025-10-08T11:30:00-07:00,43,80,118.8
2025-10-08T12:00:00-07:00,42,81,120.2
2025-10-08T12:30:00-07:00,40,81,120.5
2025-10-08T13:00:00-07:00,40,83,122
2025-10-08T13:30:00-07:00,37,85,125.4
2025-10-08T14:00:00-07:00,36,88,128.8
2025-10-08T14:30:00-07:00,35,88,129.7
2025-10-08T15:00:00-07:00,36,87,129
2025-10-08T15:30:00-07:00,35,87,128.9
2025-10-08T16:00:00-07:00,34,87,128.3
2025-10-08T16:30:00-07:00,34,86,127.7
2025-10-08T17:00:00-07:00,33,86,126.8
2025-10-08T17:30:00-07:00,33,86,125.9
2025-10-08T18:00:00-07:00,33,85,124.9
2025-10-08T18:30:00-07:00,33,84,124.3
2025-10-08T19:00:00-07:00,35,83,123
2025-10-08T19:30:00-07:00,38,82,122.4
2025-10-08T20:00:00-07:00,39,81,121.7
2025-10-08T20:30:00-07:00,38,82,122.1
2025-10-08T21:00:00-07:00,36,82,121.9
2025-10-08T21:30:00-07:00,36,82,121.6
2025-10-08T22:00:00-07:00,38,82,121.2
2025-10-08T22:30:00-07:00,38,82,121.5
2025-10-08T23:00:00-07:00,39,81,120.4
2025-10-08T23:30:00-07:00,39,81,119.1
2025-10-09T00:00:00-07:00,38,80,118
2025-10-09T00:30:00-07:00,38,81,119.6
2025-10-09T01:00:00-07:00,39,80,120.1
2025-10-09T01:30:00-07:00,39,80,117.7
2025-10-09T02:00:00-07:00,39,80,118.7
2025-10-09T02:30:00-07:00,40,79,117.9
2025-10-09T03:00:00-07:00,40,79,117.2
2025-10-09T03:30:00-07:00,40,79,116.9
2025-10-09T04:00:00-07:00,41,78,116.5
2025-10-09T04:30:00-07:00,41,78,116.1
2025-10-09T05:00:00-07:00,41,77,115.8
2025-10-09T05:30:00-07:00,41,77,114.8
2025-10-09T06:00:00-07:00,42,76,114.4
2025-10-09T06:30:00-07:00,42,76,113.2
2025-10-09T07:00:00-07:00,42,76,113.4
2025-10-09T07:30:00-07:00,42,76,113.5
2025-10-09T08:00:00-07:00,42,76,114
2025-10-09T08:30:00-07:00,41,77,115.2
2025-10-09T09:00:00-07:00,40,77,115.1
2025-10-09T09:30:00-07:00,39,78,115.9
2025-10-09T10:00:00-07:00,37,79,117.7
2025-10-09T10:30:00-07:00,35,81,118.8
2025-10-09T11:00:00-07:00,34,81,119.8
2025-10-09T11:30:00-07:00,33,82,121
2025-10-09T12:00:00-07:00,33,82,122
2025-10-09T12:30:00-07:00,34,83,122.3
2025-10-09T13:00:00-07:00,32,83,123.6
2025-10-09T13:30:00-07:00,33,84,123.8
2025-10-09T14:00:00-07:00,33,84,124.2
2025-10-09T14:30:00-07:00,33,85,126.2
2025-10-09T15:00:00-07:00,33,87,127.2
2025-10-09T15:30:00-07:00,33,87,128.4
2025-10-09T16:00:00-07:00,34,87,128.9
2025-10-09T16:30:00-07:00,35,87,128
2025-10-09T17:00:00-07:00,36,86,126.9
2025-10-09T17:30:00-07:00,37,85,125.5
2025-10-09T18:00:00-07:00,39,84,124.8
2025-10-09T18:30:00-07:00,40,84,123.6
2025-10-09T19:00:00-07:00,41,83,122.7
2025-10-09T19:30:00-07:00,41,82,122.1
2025-10-09T20:00:00-07:00,42,82,121.4
2025-10-09T20:30:00-07:00,42,81,120.4
2025-10-09T21:00:00-07:00,43,81,120.2
2025-10-09T21:30:00-07:00,43,81,120.6
2025-10-09T22:00:00-07:00,44,80,119.5
2025-10-09T22:30:00-07:00,45,80,119.2
2025-10-09T23:00:00-07:00,45,80,118.9
2025-10-09T23:30:00-07:00,45,79,118.4
2025-10-10T00:00:00-07:00,45,79,118.2
2025-10-10T00:30:00-07:00,45,78,117.3
2025-10-10T01:00:00-07:00,45,78,116.5
2025-10-10T01:30:00-07:00,44,78,116.1
2025-10-10T02:00:00-07:00,45,77,115.7
2025-10-10T02:30:00-07:00,46,77,116.4
2025-10-10T03:00:00-07:00,46,78,116.8
2025-10-10T03:30:00-07:00,45,78,117.2
2025-10-10T04:00:00-07:00,45,78,117.7
2025-10-10T04:30:00-07:00,45,77,116.9
2025-10-10T05:00:00-07:00,45,78,116.7
2025-10-10T05:30:00-07:00,44,78,117.1
2025-10-10T06:00:00-07:00,43,77,116.5
2025-10-10T06:30:00-07:00,42,77,116.1
2025-10-10T07:00:00-07:00,42,77,115.6
2025-10-10T07:30:00-07:00,42,76,114.5
2025-10-10T08:00:00-07:00,42,76,115.1
2025-10-10T08:30:00-07:00,41,77,115
2025-10-10T09:00:00-07:00,40,77,116.3
2025-10-10T09:30:00-07:00,40,77,116.2
2025-10-10T10:00:00-07:00,40,78,116.7
2025-10-10T10:30:00-07:00,38,81,119
2025-10-10T11:00:00-07:00,37,81,119.6
2025-10-10T11:30:00-07:00,35,81,119.6
2025-10-10T12:00:00-07:00,34,81,120.1
2025-10-10T12:30:00-07:00,33,82,121.5
2025-10-10T13:00:00-07:00,32,84,122.5
2025-10-10T13:30:00-07:00,30,86,126.4
2025-10-10T14:00:00-07:00,29,88,130.8
2025-10-10T14:30:00-07:00,28,89,132.9
2025-10-10T15:00:00-07:00,27,89,133.3
2025-10-10T15:30:00-07:00,28,89,131.6
2025-10-10T16:00:00-07:00,29,88,131.1
2025-10-10T16:30:00-07:00,31,87,129.8
2025-10-10T17:00:00-07:00,32,86,130.6
2025-10-10T17:30:00-07:00,33,86,129.5
2025-10-10T18:00:00-07:00,33,85,127.5
2025-10-10T18:30:00-07:00,34,84,126.3
2025-10-10T19:00:00-07:00,35,83,124.7
2025-10-10T19:30:00-07:00,36,83,123.6
2025-10-10T20:00:00-07:00,37,82,123
2025-10-10T20:30:00-07:00,38,81,122.4
2025-10-10T21:00:00-07:00,39,81,120.5
2025-10-10T21:30:00-07:00,40,81,120.8
2025-10-10T22:00:00-07:00,40,80,120.1
2025-10-10T22:30:00-07:00,40,80,119.5
2025-10-10T23:00:00-07:00,40,79,119.4
2025-10-10T23:30:00-07:00,41,79,118.9
2025-10-11T00:00:00-07:00,42,79,118.9
2025-10-11T00:30:00-07:00,44,79,119.1
2025-10-11T01:00:00-07:00,44,79,119.6
2025-10-11T01:30:00-07:00,45,79,119.4
2025-10-11T02:00:00-07:00,45,79,119
2025-10-11T02:30:00-07:00,45,79,119.5
2025-10-11T03:00:00-07:00,45,78,118.2
2025-10-11T03:30:00-07:00,44,78,118.6
2025-10-11T04:00:00-07:00,44,78,117.7
2025-10-11T04:30:00-07:00,44,77,117.3
2025-10-11T05:00:00-07:00,44,77,116.3
2025-10-11T05:30:00-07:00,44,76,115.8
2025-10-11T06:00:00-07:00,44,76,115.5
2025-10-11T06:30:00-07:00,43,75,114.2
2025-10-11T07:00:00-07:00,43,75,114.2
2025-10-11T07:30:00-07:00,43,75,113.8
2025-10-11T08:00:00-07:00,43,75,114.6
2025-10-11T08:30:00-07:00,42,76,114.2
2025-10-11T09:00:00-07:00,42,76,115.8
2025-10-11T09:30:00-07:00,42,77,116.2
2025-10-11T10:00:00-07:00,41,78,117.4
2025-10-11T10:30:00-07:00,38,80,119.2
2025-10-11T11:00:00-07:00,37,80,120.2
2025-10-11T11:30:00-07:00,37,81,121.2
2025-10-11T12:00:00-07:00,36,81,121.3
2025-10-11T12:30:00-07:00,35,81,121.5
2025-10-11T13:00:00-07:00,34,82,122.5
2025-10-11T13:30:00-07:00,33,85,125.9
2025-10-11T14:00:00-07:00,31,87,129.4
2025-10-11T14:30:00-07:00,31,87,130.6
2025-10-11T15:00:00-07:00,31,87,130.5
2025-10-11T15:30:00-07:00,31,87,128.7
2025-10-11T16:00:00-07:00,31,86,128.3
2025-10-11T16:30:00-07:00,31,85,126.9
2025-10-11T17:00:00-07:00,33,84,125.9
2025-10-11T17:30:00-07:00,35,83,124.3
2025-10-11T18:00:00-07:00,36,83,123.7
2025-10-11T18:30:00-07:00,37,82,122.6
2025-10-11T19:00:00-07:00,37,82,122
2025-10-11T19:30:00-07:00,37,81,121.3
2025-10-11T20:00:00-07:00,37,80,121
2025-10-11T20:30:00-07:00,38,80,120.2
2025-10-11T21:00:00-07:00,39,80,119.8
2025-10-11T21:30:00-07:00,38,79,119.6
2025-10-11T22:00:00-07:00,39,78,117.6
2025-10-11T22:30:00-07:00,39,78,117.2
2025-10-11T23:00:00-07:00,38,77,116.9
2025-10-11T23:30:00-07:00,38,77,116.1
2025-10-12T00:00:00-07:00,38,76,115.4
2025-10-12T00:30:00-07:00,38,76,114.5
2025-10-12T01:00:00-07:00,38,75,115
2025-10-12T01:30:00-07:00,39,75,114.2
2025-10-12T02:00:00-07:00,39,75,113.7
2025-10-12T02:30:00-07:00,39,74,114.1
2025-10-12T03:00:00-07:00,39,74,114.2
2025-10-12T03:30:00-07:00,39,74,112.8
2025-10-12T04:00:00-07:00,39,74,112.1
2025-10-12T04:30:00-07:00,39,73,112.6
2025-10-12T05:00:00-07:00,40,73,112.7
2025-10-12T05:30:00-07:00,40,73,112.2
2025-10-12T06:00:00-07:00,40,72,111.9
2025-10-12T06:30:00-07:00,40,72,111.7
2025-10-12T07:00:00-07:00,40,71,111.6
2025-10-12T07:30:00-07:00,40,71,111.5
2025-10-12T08:00:00-07:00,41,72,111.8
2025-10-12T08:30:00-07:00,40,73,111.3
2025-10-12T09:00:00-07:00,40,74,112.1
2025-10-12T09:30:00-07:00,40,74,113
2025-10-12T10:00:00-07:00,40,76,114.5
2025-10-12T10:30:00-07:00,37,78,117.3
2025-10-12T11:00:00-07:00,36,79,118.6
2025-10-12T11:30:00-07:00,34,79,118.6
2025-10-12T12:00:00-07:00,34,80,118.9
2025-10-12T12:30:00-07:00,34,80,120.4
2025-10-12T13:00:00-07:00,33,82,121.5
2025-10-12T13:30:00-07:00,30,85,125.6
2025-10-12T14:00:00-07:00,26,87,129.8
2025-10-12T14:30:00-07:00,25,89,132.4
2025-10-12T15:00:00-07:00,25,88,132.6
2025-10-12T15:30:00-07:00,26,88,130.6
2025-10-12T16:00:00-07:00,29,88,130.4
2025-10-12T16:30:00-07:00,30,87,128.7
2025-10-12T17:00:00-07:00,32,85,127.6
2025-10-12T17:30:00-07:00,33,84,124.9
2025-10-12T18:00:00-07:00,34,83,123.5
2025-10-12T18:30:00-07:00,35,82,121.7
2025-10-12T19:00:00-07:00,36,81,121.3
2025-10-12T19:30:00-07:00,36,80,120.4
2025-10-12T20:00:00-07:00,37,79,119.2
2025-10-12T20:30:00-07:00,37,79,119.2
2025-10-12T21:00:00-07:00,37,79,118.6
2025-10-12T21:30:00-07:00,38,78,118.8
2025-10-12T22:00:00-07:00,38,78,118
2025-10-12T22:30:00-07:00,37,78,117.8
2025-10-12T23:00:00-07:00,38,77,116.9
2025-10-12T23:30:00-07:00,39,76,116.2
2025-10-13T00:00:00-07:00,40,76,115.6
2025-10-13T00:30:00-07:00,40,75,115.7
2025-10-13T01:00:00-07:00,41,75,115.4
2025-10-13T01:30:00-07:00,41,75,115.6
2025-10-13T02:00:00-07:00,41,75,115.6
2025-10-13T02:30:00-07:00,42,75,115.8
2025-10-13T03:00:00-07:00,42,75,115.9
2025-10-13T03:30:00-07:00,42,75,115.8
2025-10-13T04:00:00-07:00,43,75,115.7
2025-10-13T04:30:00-07:00,42,75,114.8
2025-10-13T05:00:00-07:00,42,75,114.3
2025-10-13T05:30:00-07:00,43,75,114.7
2025-10-13T06:00:00-07:00,43,75,114.4
2025-10-13T06:30:00-07:00,42,75,113.4
2025-10-13T07:00:00-07:00,42,75,113.1
2025-10-13T07:30:00-07:00,41,75,114.2
2025-10-13T08:00:00-07:00,41,74,113.1
2025-10-13T08:30:00-07:00,41,74,113.2
2025-10-13T09:00:00-07:00,41,74,113.6
2025-10-13T09:30:00-07:00,41,75,113.8
2025-10-13T10:00:00-07:00,40,75,113.5
2025-10-13T10:30:00-07:00,40,75,113.8
2025-10-13T11:00:00-07:00,39,76,114.3
2025-10-13T11:30:00-07:00,37,76,115
2025-10-13T12:00:00-07:00,36,77,115.1
2025-10-13T12:30:00-07:00,36,77,115.4
2025-10-13T13:00:00-07:00,36,77,115.5
2025-10-13T13:30:00-07:00,41,76,115.1
2025-10-13T14:00:00-07:00,46,75,114.4
2025-10-13T14:30:00-07:00,48,76,114.3
2025-10-13T15:00:00-07:00,48,76,114.8
2025-10-13T15:30:00-07:00,49,76,115.1
2025-10-13T16:00:00-07:00,49,75,112.7
2025-10-13T16:30:00-07:00,54,73,110.4
2025-10-13T17:00:00-07:00,52,72,110.7
2025-10-13T17:30:00-07:00,50,73,111.2
2025-10-13T18:00:00-07:00,50,74,111.4
2025-10-13T18:30:00-07:00,49,73,111.9
2025-10-13T19:00:00-07:00,49,73,111.7
2025-10-13T19:30:00-07:00,47,73,111.1
2025-10-13T20:00:00-07:00,46,72,111.2
2025-10-13T20:30:00-07:00,46,72,111.2
2025-10-13T21:00:00-07:00,47,71,110.9
2025-10-13T21:30:00-07:00,47,71,111.6
2025-10-13T22:00:00-07:00,47,71,111.3
2025-10-13T22:30:00-07:00,47,72,111.3
2025-10-13T23:00:00-07:00,46,72,111.2
2025-10-13T23:30:00-07:00,46,71,110.7
2025-10-14T00:00:00-07:00,46,71,111.5
2025-10-14T00:30:00-07:00,47,71,110.9
2025-10-14T01:00:00-07:00,47,71,111.9
2025-10-14T01:30:00-07:00,48,71,111.8
2025-10-14T02:00:00-07:00,47,71,111.2
2025-10-14T02:30:00-07:00,47,71,111.7
2025-10-14T03:00:00-07:00,47,70,111.4
2025-10-14T03:30:00-07:00,47,70,112.1
2025-10-14T04:00:00-07:00,48,70,113.1
2025-10-14T04:30:00-07:00,49,70,112.7
2025-10-14T05:00:00-07:00,49,71,113.8
2025-10-14T05:30:00-07:00,48,71,113.6
2025-10-14T06:00:00-07:00,47,70,113.3
2025-10-14T06:30:00-07:00,47,70,113.5
2025-10-14T07:00:00-07:00,47,70,113.4
2025-10-14T07:30:00-07:00,46,70,113.2
2025-10-14T08:00:00-07:00,47,70,113.8
2025-10-14T08:30:00-07:00,48,70,114.1
2025-10-14T09:00:00-07:00,48,70,113.9
2025-10-14T09:30:00-07:00,48,71,113.9
2025-10-14T10:00:00-07:00,46,72,113.2
2025-10-14T10:30:00-07:00,45,72,113.3
2025-10-14T11:00:00-07:00,43,73,113.4
2025-10-14T11:30:00-07:00,42,73,113.9
2025-10-14T12:00:00-07:00,41,74,113.6
2025-10-14T12:30:00-07:00,40,74,114.4
2025-10-14T13:00:00-07:00,37,75,116.3
2025-10-14T13:30:00-07:00,33,78,118.6
2025-10-14T14:00:00-07:00,31,81,122.2
2025-10-14T14:30:00-07:00,31,82,124
2025-10-14T15:00:00-07:00,31,83,125.4
2025-10-14T15:30:00-07:00,30,82,125.1
2025-10-14T16:00:00-07:00,31,81,124
2025-10-14T16:30:00-07:00,35,80,121
2025-10-14T17:00:00-07:00,39,78,118.8
2025-10-14T17:30:00-07:00,40,77,117.2
2025-10-14T18:00:00-07:00,40,77,117.8
2025-10-14T18:30:00-07:00,41,76,117.1
2025-10-14T19:00:00-07:00,41,76,117.2
2025-10-14T19:30:00-07:00,42,76,115.9
2025-10-14T20:00:00-07:00,42,75,116.7
2025-10-14T20:30:00-07:00,42,75,113.9
2025-10-14T21:00:00-07:00,42,75,113.8
2025-10-14T21:30:00-07:00,42,75,113.7
2025-10-14T22:00:00-07:00,43,75,113.4
2025-10-14T22:30:00-07:00,45,75,113.8
2025-10-14T23:00:00-07:00,48,74,113.4
2025-10-14T23:30:00-07:00,48,74,112.8
2025-10-15T00:00:00-07:00,48,74,113
2025-10-15T00:30:00-07:00,48,74,112.1
2025-10-15T01:00:00-07:00,48,74,112.2
2025-10-15T01:30:00-07:00,48,74,112
2025-10-15T02:00:00-07:00,48,73,113.6
2025-10-15T02:30:00-07:00,48,73,113.9
2025-10-15T03:00:00-07:00,48,73,113.1
2025-10-15T03:30:00-07:00,48,73,113.6
2025-10-15T04:00:00-07:00,48,73,113.6
2025-10-15T04:30:00-07:00,48,73,114.2
2025-10-15T05:00:00-07:00,48,73,114.4
2025-10-15T05:30:00-07:00,48,73,114.3
2025-10-15T06:00:00-07:00,48,73,113.9
2025-10-15T06:30:00-07:00,46,73,114
2025-10-15T07:00:00-07:00,43,73,113.4
2025-10-15T07:30:00-07:00,44,73,114.1
2025-10-15T08:00:00-07:00,44,73,113.3
2025-10-15T08:30:00-07:00,43,73,112.3
2025-10-15T09:00:00-07:00,43,73,111.6
2025-10-15T09:30:00-07:00,43,73,111.6
2025-10-15T10:00:00-07:00,44,73,111.6
2025-10-15T10:30:00-07:00,44,72,111.3
2025-10-15T11:00:00-07:00,44,73,111.5
2025-10-15T11:30:00-07:00,44,74,112.5
2025-10-15T12:00:00-07:00,43,74,113.7
2025-10-15T12:30:00-07:00,43,76,113.7
2025-10-15T13:00:00-07:00,43,76,114.6
2025-10-15T13:30:00-07:00,42,77,115.5
2025-10-15T14:00:00-07:00,42,77,116
2025-10-15T14:30:00-07:00,43,77,116.2
2025-10-15T15:00:00-07:00,43,77,116.3
2025-10-15T15:30:00-07:00,43,77,117.5
2025-10-15T16:00:00-07:00,44,77,117.7
2025-10-15T16:30:00-07:00,44,77,117.7
2025-10-15T17:00:00-07:00,44,77,117.6
2025-10-15T17:30:00-07:00,43,77,117.8
2025-10-15T18:00:00-07:00,43,77,117.7
2025-10-15T18:30:00-07:00,44,76,117.1
2025-10-15T19:00:00-07:00,44,76,116.3
2025-10-15T19:30:00-07:00,44,76,115.5
2025-10-15T20:00:00-07:00,45,75,115
2025-10-15T20:30:00-07:00,44,75,115.1
2025-10-15T21:00:00-07:00,44,74,114.1
2025-10-15T21:30:00-07:00,43,74,114.1
2025-10-15T22:00:00-07:00,43,73,113.7
2025-10-15T22:30:00-07:00,44,73,111.9
2025-10-15T23:00:00-07:00,44,72,112.3
2025-10-15T23:30:00-07:00,44,72,112.1
2025-10-16T00:00:00-07:00,44,72,112
2025-10-16T00:30:00-07:00,44,72,112.3
2025-10-16T01:00:00-07:00,44,71,112.7
2025-10-16T01:30:00-07:00,44,71,112.1
2025-10-16T02:00:00-07:00,44,71,112
2025-10-16T02:30:00-07:00,44,71,112.6
2025-10-16T03:00:00-07:00,44,71,111.4
2025-10-16T03:30:00-07:00,44,70,111.7
2025-10-16T04:00:00-07:00,44,71,112.2
2025-10-16T04:30:00-07:00,44,70,112.8
2025-10-16T05:00:00-07:00,44,70,112.3
2025-10-16T05:30:00-07:00,44,70,112.6
2025-10-16T06:00:00-07:00,44,70,111.8
2025-10-16T06:30:00-07:00,44,70,111.2
2025-10-16T07:00:00-07:00,44,70,112.1
2025-10-16T07:30:00-07:00,44,70,112.3
2025-10-16T08:00:00-07:00,45,70,112.4
2025-10-16T08:30:00-07:00,45,71,111.2
2025-10-16T09:00:00-07:00,45,72,111.9
2025-10-16T09:30:00-07:00,44,72,112.3
2025-10-16T10:00:00-07:00,45,74,112.7
2025-10-16T10:30:00-07:00,43,75,114.1
2025-10-16T11:00:00-07:00,42,76,115.7
2025-10-16T11:30:00-07:00,43,76,115.4
2025-10-16T12:00:00-07:00,42,77,116.9
2025-10-16T12:30:00-07:00,44,78,117.8
2025-10-16T13:00:00-07:00,44,78,118.9
2025-10-16T13:30:00-07:00,42,81,121.3
2025-10-16T14:00:00-07:00,38,84,125.7
2025-10-16T14:30:00-07:00,36,85,127.9
2025-10-16T15:00:00-07:00,35,85,128
2025-10-16T15:30:00-07:00,35,85,127.2
2025-10-16T16:00:00-07:00,35,84,127
2025-10-16T16:30:00-07:00,37,84,125.7
2025-10-16T17:00:00-07:00,37,83,124.8
2025-10-16T17:30:00-07:00,38,82,123.9
2025-10-16T18:00:00-07:00,40,81,122.7
2025-10-16T18:30:00-07:00,41,80,121.1
2025-10-16T19:00:00-07:00,41,79,120.3
2025-10-16T19:30:00-07:00,42,79,119
2025-10-16T20:00:00-07:00,42,78,119
2025-10-16T20:30:00-07:00,43,78,118.8
2025-10-16T21:00:00-07:00,43,77,117.5
2025-10-16T21:30:00-07:00,43,76,116.5
2025-10-16T22:00:00-07:00,43,76,116.3
2025-10-16T22:30:00-07:00,43,75,115.6
2025-10-16T23:00:00-07:00,43,74,114.8
2025-10-16T23:30:00-07:00,44,74,113.6
2025-10-17T00:00:00-07:00,44,74,113.2
2025-10-17T00:30:00-07:00,44,74,113.9
2025-10-17T01:00:00-07:00,44,73,112.9
2025-10-17T01:30:00-07:00,44,73,113.1
2025-10-17T02:00:00-07:00,44,72,111.7
2025-10-17T02:30:00-07:00,44,72,111.9
2025-10-17T03:00:00-07:00,44,72,112.3
2025-10-17T03:30:00-07:00,44,72,112.3
2025-10-17T04:00:00-07:00,44,71,112.8
2025-10-17T04:30:00-07:00,45,71,112.5
2025-10-17T05:00:00-07:00,45,71,112.3
2025-10-17T05:30:00-07:00,45,71,112.9
2025-10-17T06:00:00-07:00,45,71,112.8
2025-10-17T06:30:00-07:00,45,71,112.7
2025-10-17T07:00:00-07:00,45,71,112.8
2025-10-17T07:30:00-07:00,45,71,113.5
2025-10-17T08:00:00-07:00,45,71,112.9
2025-10-17T08:30:00-07:00,45,72,112.5
2025-10-17T09:00:00-07:00,45,73,113.1
2025-10-17T09:30:00-07:00,46,73,114.5
2025-10-17T10:00:00-07:00,46,75,114.2
2025-10-17T10:30:00-07:00,45,76,115.5
2025-10-17T11:00:00-07:00,44,77,116.3
2025-10-17T11:30:00-07:00,44,78,117.1
2025-10-17T12:00:00-07:00,44,78,117.9
2025-10-17T12:30:00-07:00,43,79,118.7
2025-10-17T13:00:00-07:00,43,80,120.3
2025-10-17T13:30:00-07:00,40,84,123.1
2025-10-17T14:00:00-07:00,37,86,128.6
2025-10-17T14:30:00-07:00,35,88,130.8
2025-10-17T15:00:00-07:00,35,89,131.5
2025-10-17T15:30:00-07:00,34,88,130.8
2025-10-17T16:00:00-07:00,33,88,130.7
2025-10-17T16:30:00-07:00,33,88,130.1
2025-10-17T17:00:00-07:00,34,87,129
2025-10-17T17:30:00-07:00,34,86,127.7
2025-10-17T18:00:00-07:00,35,85,127
2025-10-17T18:30:00-07:00,36,85,125.3
2025-10-17T19:00:00-07:00,38,84,124.6
2025-10-17T19:30:00-07:00,39,82,122.4
2025-10-17T20:00:00-07:00,40,82,122.4
2025-10-17T20:30:00-07:00,40,81,120.7
2025-10-17T21:00:00-07:00,40,80,119.8
2025-10-17T21:30:00-07:00,41,80,118.8
2025-10-17T22:00:00-07:00,41,79,117.9
2025-10-17T22:30:00-07:00,41,79,117.6
2025-10-17T23:00:00-07:00,41,79,118
2025-10-17T23:30:00-07:00,41,78,117.2
2025-10-18T00:00:00-07:00,42,77,117.5
2025-10-18T00:30:00-07:00,42,77,116.3
2025-10-18T01:00:00-07:00,43,76,115.5
2025-10-18T01:30:00-07:00,43,76,115.1
2025-10-18T02:00:00-07:00,44,76,115.7
2025-10-18T02:30:00-07:00,43,76,114.5
2025-10-18T03:00:00-07:00,43,75,114.6
2025-10-18T03:30:00-07:00,42,75,114.3
2025-10-18T04:00:00-07:00,41,75,113.9
2025-10-18T04:30:00-07:00,41,75,114.8
2025-10-18T05:00:00-07:00,42,74,113.2
2025-10-18T05:30:00-07:00,42,74,112.9
2025-10-18T06:00:00-07:00,42,73,112.7
2025-10-18T06:30:00-07:00,43,74,112.5
2025-10-18T07:00:00-07:00,43,73,112.4
2025-10-18T07:30:00-07:00,43,73,112.3
2025-10-18T08:00:00-07:00,44,73,112.7
2025-10-18T08:30:00-07:00,44,74,113.2
2025-10-18T09:00:00-07:00,43,75,115
2025-10-18T09:30:00-07:00,44,76,116.3
2025-10-18T10:00:00-07:00,45,77,117.2
2025-10-18T10:30:00-07:00,43,79,119.3
2025-10-18T11:00:00-07:00,43,79,119.4
2025-10-18T11:30:00-07:00,42,80,120.4
2025-10-18T12:00:00-07:00,41,81,121.4
2025-10-18T12:30:00-07:00,41,81,122.8
2025-10-18T13:00:00-07:00,39,83,124.2
2025-10-18T13:30:00-07:00,37,86,128.6
2025-10-18T14:00:00-07:00,34,89,133.9
2025-10-18T14:30:00-07:00,30,92,138.1
2025-10-18T15:00:00-07:00,30,92,141.4
2025-10-18T15:30:00-07:00,32,92,138.6
2025-10-18T16:00:00-07:00,31,91,137.6
2025-10-18T16:30:00-07:00,32,91,136
2025-10-18T17:00:00-07:00,33,90,134.5
2025-10-18T17:30:00-07:00,33,89,132.9
2025-10-18T18:00:00-07:00,33,88,131.5
2025-10-18T18:30:00-07:00,33,88,130.3
2025-10-18T19:00:00-07:00,35,86,130.2
2025-10-18T19:30:00-07:00,36,85,128.2
2025-10-18T20:00:00-07:00,37,84,126.5
2025-10-18T20:30:00-07:00,38,84,125.7
2025-10-18T21:00:00-07:00,39,83,125
2025-10-18T21:30:00-07:00,39,83,124.1
2025-10-18T22:00:00-07:00,39,83,124.2
2025-10-18T22:30:00-07:00,39,82,124
2025-10-18T23:00:00-07:00,39,82,122.8
2025-10-18T23:30:00-07:00,40,81,122.5
2025-10-19T00:00:00-07:00,41,80,121.3
2025-10-19T00:30:00-07:00,41,80,120.6
2025-10-19T01:00:00-07:00,42,79,120.2
2025-10-19T01:30:00-07:00,42,79,119.2
2025-10-19T02:00:00-07:00,42,78,119.4
2025-10-19T02:30:00-07:00,43,78,118.5
2025-10-19T03:00:00-07:00,43,77,117.8
2025-10-19T03:30:00-07:00,44,77,117.5
2025-10-19T04:00:00-07:00,44,76,117.5
2025-10-19T04:30:00-07:00,44,76,116.6
2025-10-19T05:00:00-07:00,44,75,116.6
2025-10-19T05:30:00-07:00,44,75,116.8
2025-10-19T06:00:00-07:00,45,75,118
2025-10-19T06:30:00-07:00,45,74,117.1
2025-10-19T07:00:00-07:00,44,74,117.6
2025-10-19T07:30:00-07:00,44,74,117.5
2025-10-19T08:00:00-07:00,45,74,117.8
2025-10-19T08:30:00-07:00,44,75,118.4
2025-10-19T09:00:00-07:00,43,76,119
2025-10-19T09:30:00-07:00,41,76,119.6
2025-10-19T10:00:00-07:00,41,77,120.6
2025-10-19T10:30:00-07:00,40,79,121.3
2025-10-19T11:00:00-07:00,39,80,122.7
2025-10-19T11:30:00-07:00,40,81,123.7
2025-10-19T12:00:00-07:00,42,81,125.2
2025-10-19T12:30:00-07:00,42,82,125.8
2025-10-19T13:00:00-07:00,42,82,126.8
2025-10-19T13:30:00-07:00,40,84,129.3
2025-10-19T14:00:00-07:00,36,87,132.7
2025-10-19T14:30:00-07:00,33,89,135.7
2025-10-19T15:00:00-07:00,29,90,137.1
2025-10-19T15:30:00-07:00,27,90,136.6
2025-10-19T16:00:00-07:00,25,89,136
2025-10-19T16:30:00-07:00,26,89,134.7
2025-10-19T17:00:00-07:00,27,88,133.9
2025-10-19T17:30:00-07:00,31,87,133.3
2025-10-19T18:00:00-07:00,34,86,131.3
2025-10-19T18:30:00-07:00,36,84,127.9
2025-10-19T19:00:00-07:00,36,83,126.1
2025-10-19T19:30:00-07:00,38,82,125.8
2025-10-19T20:00:00-07:00,39,81,124.9
2025-10-19T20:30:00-07:00,40,81,124.2
2025-10-19T21:00:00-07:00,40,80,123.2
2025-10-19T21:30:00-07:00,41,79,122.4
2025-10-19T22:00:00-07:00,42,79,122.4
2025-10-19T22:30:00-07:00,41,78,121.5
2025-10-19T23:00:00-07:00,41,78,120.6
2025-10-19T23:30:00-07:00,42,77,120.8
2025-10-20T00:00:00-07:00,42,77,119.8
2025-10-20T00:30:00-07:00,42,77,119.6
2025-10-20T01:00:00-07:00,42,76,119.5
2025-10-20T01:30:00-07:00,42,76,119
2025-10-20T02:00:00-07:00,43,75,117.8
2025-10-20T02:30:00-07:00,43,75,118.1
2025-10-20T03:00:00-07:00,43,75,117.5
2025-10-20T03:30:00-07:00,43,75,117.2
2025-10-20T04:00:00-07:00,43,75,117.8
2025-10-20T04:30:00-07:00,43,75,117.2
2025-10-20T05:00:00-07:00,43,74,117.2
2025-10-20T05:30:00-07:00,44,74,117.5
2025-10-20T06:00:00-07:00,44,74,116.4
2025-10-20T06:30:00-07:00,44,74,116.8
2025-10-20T07:00:00-07:00,44,74,117.2
2025-10-20T07:30:00-07:00,43,74,116.9
2025-10-20T08:00:00-07:00,39,75,117.8
2025-10-20T08:30:00-07:00,35,76,117.8
2025-10-20T09:00:00-07:00,32,76,119.4
2025-10-20T09:30:00-07:00,30,77,119.8
2025-10-20T10:00:00-07:00,30,79,121
2025-10-20T10:30:00-07:00,28,81,122.1
2025-10-20T11:00:00-07:00,27,81,124
2025-10-20T11:30:00-07:00,27,82,126.1
2025-10-20T12:00:00-07:00,28,83,127.1
2025-10-20T12:30:00-07:00,27,84,128.2
2025-10-20T13:00:00-07:00,27,85,129.5
2025-10-20T13:30:00-07:00,26,88,133.2
2025-10-20T14:00:00-07:00,24,92,137.7
2025-10-20T14:30:00-07:00,23,94,142.7
2025-10-20T15:00:00-07:00,23,94,145.1
2025-10-20T15:30:00-07:00,23,94,143.7
2025-10-20T16:00:00-07:00,24,93,141.3
2025-10-20T16:30:00-07:00,24,92,140.5
2025-10-20T17:00:00-07:00,25,91,138.3
2025-10-20T17:30:00-07:00,26,90,136.3
2025-10-20T18:00:00-07:00,27,89,134.6
2025-10-20T18:30:00-07:00,28,88,131.9
2025-10-20T19:00:00-07:00,29,87,130.8
2025-10-20T19:30:00-07:00,30,85,129.4
2025-10-20T20:00:00-07:00,31,84,127.6
2025-10-20T20:30:00-07:00,31,84,126.6
2025-10-20T21:00:00-07:00,32,83,126.6
2025-10-20T21:30:00-07:00,33,82,125.1
2025-10-20T22:00:00-07:00,33,81,124.8
2025-10-20T22:30:00-07:00,33,81,123.7
2025-10-20T23:00:00-07:00,33,81,120.7
2025-10-20T23:30:00-07:00,32,81,120.2
2025-10-21T00:00:00-07:00,32,80,120.2
2025-10-21T00:30:00-07:00,33,80,119.3
2025-10-21T01:00:00-07:00,33,79,119.2
2025-10-21T01:30:00-07:00,34,79,118.8
2025-10-21T02:00:00-07:00,34,78,118.3
2025-10-21T02:30:00-07:00,34,78,118.1
2025-10-21T03:00:00-07:00,35,77,117.9
2025-10-21T03:30:00-07:00,36,77,116.4
2025-10-21T04:00:00-07:00,36,77,116.6
2025-10-21T04:30:00-07:00,36,77,116.4
2025-10-21T05:00:00-07:00,37,76,115.4
2025-10-21T05:30:00-07:00,37,75,115
2025-10-21T06:00:00-07:00,38,75,114.2
2025-10-21T06:30:00-07:00,38,75,114.4
2025-10-21T07:00:00-07:00,38,74,114.1
2025-10-21T07:30:00-07:00,39,74,114
2025-10-21T08:00:00-07:00,39,75,114.4
2025-10-21T08:30:00-07:00,38,76,115.6
2025-10-21T09:00:00-07:00,38,77,115.8
2025-10-21T09:30:00-07:00,37,77,116.9
2025-10-21T10:00:00-07:00,38,78,117.9
2025-10-21T10:30:00-07:00,37,80,119.7
2025-10-21T11:00:00-07:00,36,81,120.6
2025-10-21T11:30:00-07:00,35,81,121.6
2025-10-21T12:00:00-07:00,36,82,122.3
2025-10-21T12:30:00-07:00,35,83,123.2
2025-10-21T13:00:00-07:00,35,84,124.9
2025-10-21T13:30:00-07:00,34,87,128.6
2025-10-21T14:00:00-07:00,31,90,135
2025-10-21T14:30:00-07:00,29,92,138
2025-10-21T15:00:00-07:00,29,92,140.3
2025-10-21T15:30:00-07:00,31,92,138.1
2025-10-21T16:00:00-07:00,31,91,135.9
2025-10-21T16:30:00-07:00,33,89,133.3
2025-10-21T17:00:00-07:00,34,88,130.5
2025-10-21T17:30:00-07:00,35,86,128.2
2025-10-21T18:00:00-07:00,36,85,126.3
2025-10-21T18:30:00-07:00,37,83,124.7
2025-10-21T19:00:00-07:00,38,82,123.2
2025-10-21T19:30:00-07:00,39,81,122.3
2025-10-21T20:00:00-07:00,40,81,121.4
2025-10-21T20:30:00-07:00,41,80,121.4
2025-10-21T21:00:00-07:00,41,80,121.6
2025-10-21T21:30:00-07:00,42,79,120.1
2025-10-21T22:00:00-07:00,42,79,120.7
2025-10-21T22:30:00-07:00,43,79,120.8
2025-10-21T23:00:00-07:00,43,79,120.9
2025-10-21T23:30:00-07:00,43,78,121
2025-10-22T00:00:00-07:00,43,78,120.7
2025-10-22T00:30:00-07:00,43,78,119.7
2025-10-22T01:00:00-07:00,43,78,118.5
2025-10-22T01:30:00-07:00,43,78,119.1
2025-10-22T02:00:00-07:00,43,78,119.1
2025-10-22T02:30:00-07:00,42,78,119.2
2025-10-22T03:00:00-07:00,43,78,119.6
2025-10-22T03:30:00-07:00,43,78,119.3
2025-10-22T04:00:00-07:00,43,78,118.8
2025-10-22T04:30:00-07:00,43,77,118.3
2025-10-22T05:00:00-07:00,43,77,117.7
2025-10-22T05:30:00-07:00,43,77,117.8
2025-10-22T06:00:00-07:00,43,77,118.2
2025-10-22T06:30:00-07:00,43,77,117.7
2025-10-22T07:00:00-07:00,43,77,117.6
2025-10-22T07:30:00-07:00,43,77,117.5
2025-10-22T08:00:00-07:00,43,77,117.6
2025-10-22T08:30:00-07:00,42,77,117.6
2025-10-22T09:00:00-07:00,43,77,116.8
2025-10-22T09:30:00-07:00,43,77,117.3
2025-10-22T10:00:00-07:00,42,78,118.6
2025-10-22T10:30:00-07:00,41,78,118.9
2025-10-22T11:00:00-07:00,41,78,119.8
2025-10-22T11:30:00-07:00,41,78,119.4
2025-10-22T12:00:00-07:00,41,79,119.5
2025-10-22T12:30:00-07:00,41,79,119.5
2025-10-22T13:00:00-07:00,40,80,120.1
2025-10-22T13:30:00-07:00,40,80,120.4
2025-10-22T14:00:00-07:00,39,80,121.1
2025-10-22T14:30:00-07:00,38,81,121.1
2025-10-22T15:00:00-07:00,37,82,122.3
2025-10-22T15:30:00-07:00,37,82,123.3
2025-10-22T16:00:00-07:00,36,83,123.5
2025-10-22T16:30:00-07:00,36,82,123.7
2025-10-22T17:00:00-07:00,36,82,122.7
2025-10-22T17:30:00-07:00,37,81,122.2
2025-10-22T18:00:00-07:00,37,80,121.1
2025-10-22T18:30:00-07:00,38,80,119.5
2025-10-22T19:00:00-07:00,40,79,119.8
2025-10-22T19:30:00-07:00,40,79,119.5
2025-10-22T20:00:00-07:00,40,78,118.9
2025-10-22T20:30:00-07:00,40,78,119.6
2025-10-22T21:00:00-07:00,41,77,119.6
2025-10-22T21:30:00-07:00,42,77,118.5
2025-10-22T22:00:00-07:00,42,76,118
2025-10-22T22:30:00-07:00,42,76,118
2025-10-22T23:00:00-07:00,42,76,117.2
2025-10-22T23:30:00-07:00,43,75,116.1
2025-10-23T00:00:00-07:00,43,75,115.4
2025-10-23T00:30:00-07:00,43,74,116.3
2025-10-23T01:00:00-07:00,43,74,115.1
2025-10-23T01:30:00-07:00,44,74,114.8
2025-10-23T02:00:00-07:00,44,73,114.8
2025-10-23T02:30:00-07:00,44,74,115.4
2025-10-23T03:00:00-07:00,45,74,114.9
2025-10-23T03:30:00-07:00,45,74,115.3
2025-10-23T04:00:00-07:00,45,75,115.3
2025-10-23T04:30:00-07:00,46,75,115.4
2025-10-23T05:00:00-07:00,46,75,115.9
2025-10-23T05:30:00-07:00,46,75,116.3
2025-10-23T06:00:00-07:00,46,75,115.8
2025-10-23T06:30:00-07:00,46,75,116.4
2025-10-23T07:00:00-07:00,46,75,116.2
2025-10-23T07:30:00-07:00,46,75,116.9
2025-10-23T08:00:00-07:00,46,76,117.4
2025-10-23T08:30:00-07:00,46,76,116.6
2025-10-23T09:00:00-07:00,46,76,116.9
2025-10-23T09:30:00-07:00,46,76,117.2
2025-10-23T10:00:00-07:00,46,75,117.6
2025-10-23T10:30:00-07:00,46,76,117.9
2025-10-23T11:00:00-07:00,46,76,118.2
2025-10-23T11:30:00-07:00,46,77,118.8
2025-10-23T12:00:00-07:00,45,77,118.6
2025-10-23T12:30:00-07:00,44,78,119.2
2025-10-23T13:00:00-07:00,44,79,119.9
2025-10-23T13:30:00-07:00,42,81,121.5
2025-10-23T14:00:00-07:00,39,84,125
2025-10-23T14:30:00-07:00,37,85,127.8
2025-10-23T15:00:00-07:00,36,86,128.8
2025-10-23T15:30:00-07:00,36,86,128.4
2025-10-23T16:00:00-07:00,36,85,127.8
2025-10-23T16:30:00-07:00,37,85,127.2
2025-10-23T17:00:00-07:00,37,84,125.4
2025-10-23T17:30:00-07:00,38,83,124.6
2025-10-23T18:00:00-07:00,39,82,123.2
2025-10-23T18:30:00-07:00,40,81,121.7
2025-10-23T19:00:00-07:00,40,80,120.7
2025-10-23T19:30:00-07:00,42,79,120
2025-10-23T20:00:00-07:00,42,79,119.8
2025-10-23T20:30:00-07:00,43,78,119.2
2025-10-23T21:00:00-07:00,44,78,118.4
2025-10-23T21:30:00-07:00,44,77,117.6
2025-10-23T22:00:00-07:00,45,77,118.5
2025-10-23T22:30:00-07:00,45,77,118.1
2025-10-23T23:00:00-07:00,46,77,117.8
2025-10-23T23:30:00-07:00,46,77,117.4
2025-10-24T00:00:00-07:00,46,76,117.5
2025-10-24T00:30:00-07:00,46,76,116.6
2025-10-24T01:00:00-07:00,46,76,116.2
2025-10-24T01:30:00-07:00,45,75,116.7
2025-10-24T02:00:00-07:00,45,74,115.6
2025-10-24T02:30:00-07:00,45,74,114.8
2025-10-24T03:00:00-07:00,45,74,115.4
2025-10-24T03:30:00-07:00,44,73,114.9
2025-10-24T04:00:00-07:00,44,73,114.3
2025-10-24T04:30:00-07:00,45,73,114
2025-10-24T05:00:00-07:00,45,73,114.5
2025-10-24T05:30:00-07:00,45,73,115.2
2025-10-24T06:00:00-07:00,46,74,115.2
2025-10-24T06:30:00-07:00,46,74,115.2
2025-10-24T07:00:00-07:00,46,74,115.9
2025-10-24T07:30:00-07:00,47,74,115.1
2025-10-24T08:00:00-07:00,47,74,115.8
2025-10-24T08:30:00-07:00,47,74,116.4
2025-10-24T09:00:00-07:00,47,74,116.1
2025-10-24T09:30:00-07:00,46,74,116.6
2025-10-24T10:00:00-07:00,46,74,116.4
2025-10-24T10:30:00-07:00,45,75,117.3
2025-10-24T11:00:00-07:00,45,75,117
2025-10-24T11:30:00-07:00,45,75,117
2025-10-24T12:00:00-07:00,44,76,118
2025-10-24T12:30:00-07:00,44,77,119.2
2025-10-24T13:00:00-07:00,43,78,120.4
2025-10-24T13:30:00-07:00,41,81,123
2025-10-24T14:00:00-07:00,38,83,126.5
2025-10-24T14:30:00-07:00,36,85,129.4
2025-10-24T15:00:00-07:00,35,86,130.7
2025-10-24T15:30:00-07:00,35,86,129.8
2025-10-24T16:00:00-07:00,36,86,129.1
2025-10-24T16:30:00-07:00,38,84,127
2025-10-24T17:00:00-07:00,39,82,124.5
2025-10-24T17:30:00-07:00,40,81,122.7
2025-10-24T18:00:00-07:00,41,80,120.9
2025-10-24T18:30:00-07:00,42,79,120.6
2025-10-24T19:00:00-07:00,43,78,120
2025-10-24T19:30:00-07:00,44,78,118.8
2025-10-24T20:00:00-07:00,44,77,118.7
2025-10-24T20:30:00-07:00,44,77,118.2
2025-10-24T21:00:00-07:00,45,76,117.5
2025-10-24T21:30:00-07:00,46,77,117.8
2025-10-24T22:00:00-07:00,46,77,117.6
2025-10-24T22:30:00-07:00,46,76,118.2
2025-10-24T23:00:00-07:00,46,76,117.1
2025-10-24T23:30:00-07:00,46,75,116.6
2025-10-25T00:00:00-07:00,47,75,116.3
2025-10-25T00:30:00-07:00,47,75,116.8
2025-10-25T01:00:00-07:00,46,76,116.8
2025-10-25T01:30:00-07:00,46,76,117
2025-10-25T02:00:00-07:00,46,76,117.5
2025-10-25T02:30:00-07:00,46,76,117.9
2025-10-25T03:00:00-07:00,47,76,117
2025-10-25T03:30:00-07:00,47,76,116.7
2025-10-25T04:00:00-07:00,47,76,116.6
2025-10-25T04:30:00-07:00,47,75,117
2025-10-25T05:00:00-07:00,47,75,116.9
2025-10-25T05:30:00-07:00,48,75,116.3
2025-10-25T06:00:00-07:00,48,75,116.5
2025-10-25T06:30:00-07:00,48,75,115.9
2025-10-25T07:00:00-07:00,47,75,115.7
2025-10-25T07:30:00-07:00,48,75,116.3
2025-10-25T08:00:00-07:00,47,75,115.4
2025-10-25T08:30:00-07:00,47,75,115.7
2025-10-25T09:00:00-07:00,48,74,115.2
2025-10-25T09:30:00-07:00,47,75,116.2
2025-10-25T10:00:00-07:00,47,75,115.3
2025-10-25T10:30:00-07:00,46,75,115.5
2025-10-25T11:00:00-07:00,45,75,116.2
2025-10-25T11:30:00-07:00,44,76,115.4
2025-10-25T12:00:00-07:00,44,76,116.9
2025-10-25T12:30:00-07:00,45,77,117.7
2025-10-25T13:00:00-07:00,47,77,117.4
2025-10-25T13:30:00-07:00,48,78,118.1
2025-10-25T14:00:00-07:00,49,78,118.7
2025-10-25T14:30:00-07:00,51,79,119.3
2025-10-25T15:00:00-07:00,51,79,119.8
2025-10-25T15:30:00-07:00,48,79,119.8
2025-10-25T16:00:00-07:00,46,79,120.2
2025-10-25T16:30:00-07:00,46,79,120.5
2025-10-25T17:00:00-07:00,45,79,120.8
2025-10-25T17:30:00-07:00,44,79,121
2025-10-25T18:00:00-07:00,44,79,121.6
2025-10-25T18:30:00-07:00,44,78,122
2025-10-25T19:00:00-07:00,45,78,120.9
2025-10-25T19:30:00-07:00,45,77,120.3
2025-10-25T20:00:00-07:00,46,76,119.6
2025-10-25T20:30:00-07:00,46,76,118.8
2025-10-25T21:00:00-07:00,46,76,118.7
2025-10-25T21:30:00-07:00,46,76,118.6
2025-10-25T22:00:00-07:00,46,75,118.3
2025-10-25T22:30:00-07:00,47,75,118.4
2025-10-25T23:00:00-07:00,47,75,116.9
2025-10-25T23:30:00-07:00,47,75,116
2025-10-26T00:00:00-07:00,48,74,115.7
2025-10-26T00:30:00-07:00,48,74,115.4
2025-10-26T01:00:00-07:00,48,74,115.5
2025-10-26T01:30:00-07:00,49,74,115.2
2025-10-26T02:00:00-07:00,49,74,115.9
2025-10-26T02:30:00-07:00,49,74,115.1
2025-10-26T03:00:00-07:00,49,74,115.5
2025-10-26T03:30:00-07:00,49,74,115
2025-10-26T04:00:00-07:00,48,74,115.6
2025-10-26T04:30:00-07:00,49,74,115
2025-10-26T05:00:00-07:00,48,74,115.8
2025-10-26T05:30:00-07:00,48,74,115.2
2025-10-26T06:00:00-07:00,48,74,115.8
2025-10-26T06:30:00-07:00,47,74,114
2025-10-26T07:00:00-07:00,47,74,114.8
2025-10-26T07:30:00-07:00,47,74,114.8
2025-10-26T08:00:00-07:00,47,74,115.3
2025-10-26T08:30:00-07:00,46,74,115
2025-10-26T09:00:00-07:00,46,74,115.5
2025-10-26T09:30:00-07:00,47,75,115.5
2025-10-26T10:00:00-07:00,45,75,115.4
2025-10-26T10:30:00-07:00,44,76,116
2025-10-26T11:00:00-07:00,42,77,116.4
2025-10-26T11:30:00-07:00,40,77,117.1
2025-10-26T12:00:00-07:00,39,78,118.8
2025-10-26T12:30:00-07:00,38,78,118.6
2025-10-26T13:00:00-07:00,38,79,119.9
2025-10-26T13:30:00-07:00,38,79,120.4
2025-10-26T14:00:00-07:00,40,78,120.2
2025-10-26T14:30:00-07:00,41,78,120.2
2025-10-26T15:00:00-07:00,43,78,119.1
2025-10-26T15:30:00-07:00,44,78,119
2025-10-26T16:00:00-07:00,47,78,119.2
2025-10-26T16:30:00-07:00,48,78,119.3
2025-10-26T17:00:00-07:00,46,77,119.6
2025-10-26T17:30:00-07:00,45,77,119.2
2025-10-26T18:00:00-07:00,43,76,117.9
2025-10-26T18:30:00-07:00,42,76,118
2025-10-26T19:00:00-07:00,42,76,118
2025-10-26T19:30:00-07:00,42,75,117.5
2025-10-26T20:00:00-07:00,42,75,118.2
2025-10-26T20:30:00-07:00,42,76,117.1
2025-10-26T21:00:00-07:00,42,75,117.3
2025-10-26T21:30:00-07:00,43,75,116.5
2025-10-26T22:00:00-07:00,42,74,116.7
2025-10-26T22:30:00-07:00,42,74,116.2
2025-10-26T23:00:00-07:00,42,74,115.5
2025-10-26T23:30:00-07:00,42,74,115.7
2025-10-27T00:00:00-07:00,42,72,115.5
2025-10-27T00:30:00-07:00,42,74,115.4
2025-10-27T01:00:00-07:00,42,74,115.5
2025-10-27T01:30:00-07:00,43,74,116.1
2025-10-27T02:00:00-07:00,43,74,115.5
2025-10-27T02:30:00-07:00,43,73,114.5
2025-10-27T03:00:00-07:00,43,73,114.4
2025-10-27T03:30:00-07:00,43,74,113.4
2025-10-27T04:00:00-07:00,43,72,113.5
2025-10-27T04:30:00-07:00,42,74,114.4
2025-10-27T05:00:00-07:00,43,74,113.7
2025-10-27T05:30:00-07:00,43,72,114
2025-10-27T06:00:00-07:00,44,74,114
2025-10-27T06:30:00-07:00,44,73,114.3
2025-10-27T07:00:00-07:00,45,74,113.9
2025-10-27T07:30:00-07:00,45,73,113.8
2025-10-27T08:00:00-07:00,45,73,113.5
2025-10-27T08:30:00-07:00,45,74,113.5
2025-10-27T09:00:00-07:00,45,74,114.2
2025-10-27T09:30:00-07:00,46,74,114.5
2025-10-27T10:00:00-07:00,46,73,114.8
2025-10-27T10:30:00-07:00,46,75,115.1
2025-10-27T11:00:00-07:00,45,75,116.7
2025-10-27T11:30:00-07:00,43,76,116.9
2025-10-27T12:00:00-07:00,42,77,117.1
2025-10-27T12:30:00-07:00,41,77,118.4
2025-10-27T13:00:00-07:00,41,77,118.6
2025-10-27T13:30:00-07:00,40,79,120.2
2025-10-27T14:00:00-07:00,38,82,123.4
2025-10-27T14:30:00-07:00,36,84,126.4
2025-10-27T15:00:00-07:00,35,85,127.6
2025-10-27T15:30:00-07:00,33,85,127.6
2025-10-27T16:00:00-07:00,33,84,126.8
2025-10-27T16:30:00-07:00,33,84,125.8
2025-10-27T17:00:00-07:00,34,83,123.6
2025-10-27T17:30:00-07:00,36,82,122.2
2025-10-27T18:00:00-07:00,37,81,121.1
2025-10-27T18:30:00-07:00,37,80,120.8
2025-10-27T19:00:00-07:00,38,79,118.9
2025-10-27T19:30:00-07:00,39,79,118.8
2025-10-27T20:00:00-07:00,41,78,117.5
2025-10-27T20:30:00-07:00,48,76,115.7
2025-10-27T21:00:00-07:00,45,75,114.3
2025-10-27T21:30:00-07:00,43,75,113.7
2025-10-27T22:00:00-07:00,43,74,113
2025-10-27T22:30:00-07:00,43,74,112.8
2025-10-27T23:00:00-07:00,42,73,112
2025-10-27T23:30:00-07:00,41,73,111.5
2025-10-28T00:00:00-07:00,41,72,111.8
2025-10-28T00:30:00-07:00,41,72,110.8
2025-10-28T01:00:00-07:00,38,72,111.2
2025-10-28T01:30:00-07:00,36,72,111.9
2025-10-28T02:00:00-07:00,36,72,111.8
2025-10-28T02:30:00-07:00,37,72,112.6
2025-10-28T03:00:00-07:00,38,71,111.5
2025-10-28T03:30:00-07:00,39,71,112
2025-10-28T04:00:00-07:00,38,71,112.1
2025-10-28T04:30:00-07:00,39,71,111.7
2025-10-28T05:00:00-07:00,39,70,112.1
2025-10-28T05:30:00-07:00,38,70,112.2
2025-10-28T06:00:00-07:00,38,69,112.1
2025-10-28T06:30:00-07:00,39,69,112.4
2025-10-28T07:00:00-07:00,40,69,113.6
2025-10-28T07:30:00-07:00,41,69,112.3
2025-10-28T08:00:00-07:00,41,69,113.4
2025-10-28T08:30:00-07:00,40,70,113.3
2025-10-28T09:00:00-07:00,41,71,113.1
2025-10-28T09:30:00-07:00,40,72,112.5
2025-10-28T10:00:00-07:00,39,73,112.5
2025-10-28T10:30:00-07:00,40,74,113.2
2025-10-28T11:00:00-07:00,40,75,114.8
2025-10-28T11:30:00-07:00,38,77,115.7
2025-10-28T12:00:00-07:00,36,77,117.3
2025-10-28T12:30:00-07:00,33,78,118.5
2025-10-28T13:00:00-07:00,34,80,119.8
2025-10-28T13:30:00-07:00,33,83,123.5
2025-10-28T14:00:00-07:00,29,86,127.9
2025-10-28T14:30:00-07:00,27,88,131.9
2025-10-28T15:00:00-07:00,26,88,132.2
2025-10-28T15:30:00-07:00,26,88,131.4
2025-10-28T16:00:00-07:00,27,88,130.2
2025-10-28T16:30:00-07:00,28,87,130.2
2025-10-28T17:00:00-07:00,29,86,130.4
2025-10-28T17:30:00-07:00,29,86,129.8
2025-10-28T18:00:00-07:00,30,85,128.8
2025-10-28T18:30:00-07:00,31,84,127.5
2025-10-28T19:00:00-07:00,31,82,125.7
2025-10-28T19:30:00-07:00,30,82,124.4
2025-10-28T20:00:00-07:00,30,81,123.4
2025-10-28T20:30:00-07:00,32,80,122.6
2025-10-28T21:00:00-07:00,34,79,120.5
2025-10-28T21:30:00-07:00,37,78,119.5
2025-10-28T22:00:00-07:00,38,78,116.9
2025-10-28T22:30:00-07:00,38,77,115.7
2025-10-28T23:00:00-07:00,37,76,115.1
2025-10-28T23:30:00-07:00,35,76,114.9
2025-10-29T00:00:00-07:00,35,75,113.7
2025-10-29T00:30:00-07:00,34,75,113.8
2025-10-29T01:00:00-07:00,35,75,113.4
2025-10-29T01:30:00-07:00,35,74,113.1
2025-10-29T02:00:00-07:00,36,74,113.5
2025-10-29T02:30:00-07:00,35,74,113
2025-10-29T03:00:00-07:00,36,73,112.9
2025-10-29T03:30:00-07:00,37,73,112
2025-10-29T04:00:00-07:00,37,72,113
2025-10-29T04:30:00-07:00,37,72,112.7
2025-10-29T05:00:00-07:00,37,72,112.6
2025-10-29T05:30:00-07:00,39,71,112.6
2025-10-29T06:00:00-07:00,39,71,112.3
2025-10-29T06:30:00-07:00,40,71,112.4
2025-10-29T07:00:00-07:00,40,71,113.6
2025-10-29T07:30:00-07:00,40,71,113.9
2025-10-29T08:00:00-07:00,42,71,112.9
2025-10-29T08:30:00-07:00,42,72,112.5
2025-10-29T09:00:00-07:00,42,73,112.3
2025-10-29T09:30:00-07:00,44,74,113.4
2025-10-29T10:00:00-07:00,44,75,113.9
2025-10-29T10:30:00-07:00,42,77,115.5
2025-10-29T11:00:00-07:00,40,78,116.6
2025-10-29T11:30:00-07:00,41,79,117.5
2025-10-29T12:00:00-07:00,41,79,118.2
2025-10-29T12:30:00-07:00,40,80,119.3
2025-10-29T13:00:00-07:00,39,81,120.7
2025-10-29T13:30:00-07:00,38,84,123.7
2025-10-29T14:00:00-07:00,34,87,129.1
2025-10-29T14:30:00-07:00,32,89,131.9
2025-10-29T15:00:00-07:00,31,90,133
2025-10-29T15:30:00-07:00,31,90,133.1
2025-10-29T16:00:00-07:00,30,90,132.5
2025-10-29T16:30:00-07:00,31,89,131.8
2025-10-29T17:00:00-07:00,31,88,130.6
2025-10-29T17:30:00-07:00,32,88,129.5
2025-10-29T18:00:00-07:00,33,87,130
2025-10-29T18:30:00-07:00,34,86,129.6
2025-10-29T19:00:00-07:00,35,85,128.5
2025-10-29T19:30:00-07:00,37,84,126.4
2025-10-29T20:00:00-07:00,39,83,125.5
2025-10-29T20:30:00-07:00,41,82,124.7
2025-10-29T21:00:00-07:00,42,81,123.4
2025-10-29T21:30:00-07:00,43,80,122.9
2025-10-29T22:00:00-07:00,44,79,121.9
2025-10-29T22:30:00-07:00,44,79,120.4
2025-10-29T23:00:00-07:00,44,78,120.2
2025-10-29T23:30:00-07:00,43,77,119.2
2025-10-30T00:00:00-07:00,43,77,118.6
2025-10-30T00:30:00-07:00,43,76,116.5
2025-10-30T01:00:00-07:00,43,76,115.7
2025-10-30T01:30:00-07:00,43,75,115.2
2025-10-30T02:00:00-07:00,43,75,115.1
2025-10-30T02:30:00-07:00,43,74,114.7
2025-10-30T03:00:00-07:00,43,74,114.5
2025-10-30T03:30:00-07:00,43,74,114.3
2025-10-30T04:00:00-07:00,44,73,114.1
2025-10-30T04:30:00-07:00,44,73,114.2
2025-10-30T05:00:00-07:00,44,72,114.7
2025-10-30T05:30:00-07:00,44,72,113.9
2025-10-30T06:00:00-07:00,45,72,113.9
2025-10-30T06:30:00-07:00,46,72,114.3
2025-10-30T07:00:00-07:00,48,73,114.5
2025-10-30T07:30:00-07:00,50,73,114.1
2025-10-30T08:00:00-07:00,50,74,114.1
2025-10-30T08:30:00-07:00,51,74,115.2
2025-10-30T09:00:00-07:00,51,74,114.8
2025-10-30T09:30:00-07:00,52,74,115.8
2025-10-30T10:00:00-07:00,51,74,115.8
2025-10-30T10:30:00-07:00,51,74,115.6
2025-10-30T11:00:00-07:00,50,75,116.2
2025-10-30T11:30:00-07:00,50,75,116.4
2025-10-30T12:00:00-07:00,50,75,116.2
2025-10-30T12:30:00-07:00,50,76,117
2025-10-30T13:00:00-07:00,49,76,116.3
2025-10-30T13:30:00-07:00,47,79,119.1
2025-10-30T14:00:00-07:00,43,81,122.3
2025-10-30T14:30:00-07:00,41,83,124.7
2025-10-30T15:00:00-07:00,40,84,126.1
2025-10-30T15:30:00-07:00,40,83,125.5
2025-10-30T16:00:00-07:00,40,82,124.1
2025-10-30T16:30:00-07:00,41,81,122.2
2025-10-30T17:00:00-07:00,42,80,121
2025-10-30T17:30:00-07:00,42,79,119.3
2025-10-30T18:00:00-07:00,43,78,117.9
2025-10-30T18:30:00-07:00,43,77,117.4
2025-10-30T19:00:00-07:00,44,76,116.7
2025-10-30T19:30:00-07:00,44,76,116.7
2025-10-30T20:00:00-07:00,44,76,116
2025-10-30T20:30:00-07:00,45,76,116.2
2025-10-30T21:00:00-07:00,45,75,115.8
2025-10-30T21:30:00-07:00,45,75,116.1
2025-10-30T22:00:00-07:00,45,75,115.2
2025-10-30T22:30:00-07:00,45,74,114.1
2025-10-30T23:00:00-07:00,46,74,114.4
2025-10-30T23:30:00-07:00,46,74,115.2
2025-10-31T00:00:00-07:00,46,74,115
2025-10-31T00:30:00-07:00,46,74,114.9
2025-10-31T01:00:00-07:00,46,74,114.2
2025-10-31T01:30:00-07:00,46,74,114.7
2025-10-31T02:00:00-07:00,46,74,115.2
2025-10-31T02:30:00-07:00,46,74,115.1
2025-10-31T03:00:00-07:00,46,74,114.4
2025-10-31T03:30:00-07:00,45,73,113.9
2025-10-31T04:00:00-07:00,45,73,112.9
2025-10-31T04:30:00-07:00,45,73,112.4
2025-10-31T05:00:00-07:00,45,72,112.4
2025-10-31T05:30:00-07:00,45,72,112.6
2025-10-31T06:00:00-07:00,45,72,112.7
2025-10-31T06:30:00-07:00,46,72,113
2025-10-31T07:00:00-07:00,46,72,113.1
2025-10-31T07:30:00-07:00,46,72,113.4
2025-10-31T08:00:00-07:00,47,72,113.8
2025-10-31T08:30:00-07:00,47,72,113.6
2025-10-31T09:00:00-07:00,47,72,113.3
2025-10-31T09:30:00-07:00,47,73,112.9
2025-10-31T10:00:00-07:00,48,73,112.1
2025-10-31T10:30:00-07:00,47,73,113.4
2025-10-31T11:00:00-07:00,47,74,113.5
2025-10-31T11:30:00-07:00,46,75,113.7
2025-10-31T12:00:00-07:00,46,76,114.9
2025-10-31T12:30:00-07:00,46,77,116.2
2025-10-31T13:00:00-07:00,46,78,116.4
2025-10-31T13:30:00-07:00,44,80,119.5
2025-10-31T14:00:00-07:00,41,83,123.3
2025-10-31T14:30:00-07:00,39,85,125.9
2025-10-31T15:00:00-07:00,38,86,127.2
2025-10-31T15:30:00-07:00,37,86,127.4
2025-10-31T16:00:00-07:00,36,86,127.4
2025-10-31T16:30:00-07:00,36,86,127
2025-10-31T17:00:00-07:00,38,85,126.7
2025-10-31T17:30:00-07:00,39,84,124.5
2025-10-31T18:00:00-07:00,39,82,122.7
2025-10-31T18:30:00-07:00,39,81,120.7
2025-10-31T19:00:00-07:00,40,80,119.5
2025-10-31T19:30:00-07:00,41,79,119.1
2025-10-31T20:00:00-07:00,43,78,117.9
2025-10-31T20:30:00-07:00,44,78,116.7
2025-10-31T21:00:00-07:00,44,77,116.2
2025-10-31T21:30:00-07:00,45,76,115.9
2025-10-31T22:00:00-07:00,45,76,114.6
2025-10-31T22:30:00-07:00,45,75,114.1
2025-10-31T23:00:00-07:00,44,74,113.5
2025-10-31T23:30:00-07:00,44,74,112.8
2025-11-01T00:00:00-07:00,44,73,112.8
2025-11-01T00:30:00-07:00,44,73,112.9
2025-11-01T01:00:00-07:00,44,73,112.9
2025-11-01T01:30:00-07:00,44,72,113.9
2025-11-01T02:00:00-07:00,44,72,113.3
2025-11-01T02:30:00-07:00,44,71,113.2
2025-11-01T03:00:00-07:00,44,71,113.6
2025-11-01T03:30:00-07:00,44,71,113.2
2025-11-01T04:00:00-07:00,44,70,113
2025-11-01T04:30:00-07:00,44,70,113.5
2025-11-01T05:00:00-07:00,44,70,113.4
2025-11-01T05:30:00-07:00,44,70,114.1
2025-11-01T06:00:00-07:00,44,69,113.9
2025-11-01T06:30:00-07:00,44,69,112.8
2025-11-01T07:00:00-07:00,44,69,112.7
2025-11-01T07:30:00-07:00,45,69,113.4
2025-11-01T08:00:00-07:00,45,69,113.8
2025-11-01T08:30:00-07:00,46,70,114.1
2025-11-01T09:00:00-07:00,49,71,112.9
2025-11-01T09:30:00-07:00,50,72,112.9
2025-11-01T10:00:00-07:00,52,72,113
2025-11-01T10:30:00-07:00,52,74,112.9
2025-11-01T11:00:00-07:00,52,75,114
2025-11-01T11:30:00-07:00,50,76,115.6
2025-11-01T12:00:00-07:00,50,76,116.2
2025-11-01T12:30:00-07:00,47,77,116.5
2025-11-01T13:00:00-07:00,45,78,117.7
2025-11-01T13:30:00-07:00,42,81,120.4
2025-11-01T14:00:00-07:00,38,84,125.5
2025-11-01T14:30:00-07:00,35,86,128.6
2025-11-01T15:00:00-07:00,34,87,129.8
2025-11-01T15:30:00-07:00,33,87,129.4
2025-11-01T16:00:00-07:00,34,86,128.5
2025-11-01T16:30:00-07:00,36,85,127.3
2025-11-01T17:00:00-07:00,36,84,126.6
2025-11-01T17:30:00-07:00,38,83,124.5
2025-11-01T18:00:00-07:00,40,82,123.5
2025-11-01T18:30:00-07:00,41,81,122.2
2025-11-01T19:00:00-07:00,43,80,120.6
2025-11-01T19:30:00-07:00,45,79,119.8
2025-11-01T20:00:00-07:00,46,79,119.3
2025-11-01T20:30:00-07:00,47,78,118.7
2025-11-01T21:00:00-07:00,47,77,117.2
2025-11-01T21:30:00-07:00,46,76,117
2025-11-01T22:00:00-07:00,46,76,115.4
2025-11-01T22:30:00-07:00,45,75,114.9
2025-11-01T23:00:00-07:00,45,75,114.4
2025-11-01T23:30:00-07:00,45,74,113.5
2025-11-02T00:00:00-07:00,45,74,113.1
2025-11-02T00:30:00-07:00,45,73,113
2025-11-02T01:00:00-07:00,45,73,113.6
2025-11-02T01:30:00-07:00,45,72,113.3
2025-11-02T01:00:00-08:00,45,72,113.1
2025-11-02T01:30:00-08:00,45,72,112.7
2025-11-02T02:00:00-08:00,45,71,113.2
2025-11-02T02:30:00-08:00,46,71,113.5
2025-11-02T03:00:00-08:00,45,71,113.8
2025-11-02T03:30:00-08:00,45,71,113.3
2025-11-02T04:00:00-08:00,45,71,113.4
2025-11-02T04:30:00-08:00,45,71,114.3
2025-11-02T05:00:00-08:00,45,70,113
2025-11-02T05:30:00-08:00,46,70,113.5
2025-11-02T06:00:00-08:00,46,70,113.6
2025-11-02T06:30:00-08:00,45,69,113.9
2025-11-02T07:00:00-08:00,45,69,113.9
2025-11-02T07:30:00-08:00,46,70,114.1
2025-11-02T08:00:00-08:00,45,71,113.3
2025-11-02T08:30:00-08:00,45,72,111.7
2025-11-02T09:00:00-08:00,47,73,112.1
2025-11-02T09:30:00-08:00,47,75,114.6
2025-11-02T10:00:00-08:00,45,76,115.3
2025-11-02T10:30:00-08:00,44,77,116.4
2025-11-02T11:00:00-08:00,45,78,118.2
2025-11-02T11:30:00-08:00,44,79,119
2025-11-02T12:00:00-08:00,44,80,119.8
2025-11-02T12:30:00-08:00,42,83,123.1
2025-11-02T13:00:00-08:00,37,86,128
2025-11-02T13:30:00-08:00,35,88,130.8
2025-11-02T14:00:00-08:00,34,89,132.6
2025-11-02T14:30:00-08:00,35,89,132.6
2025-11-02T15:00:00-08:00,35,89,132.2
2025-11-02T15:30:00-08:00,35,88,131.3
2025-11-02T16:00:00-08:00,36,87,129.9
2025-11-02T16:30:00-08:00,38,86,129.3
2025-11-02T17:00:00-08:00,39,85,127.2
2025-11-02T17:30:00-08:00,40,84,126.4
2025-11-02T18:00:00-08:00,41,83,125.2
2025-11-02T18:30:00-08:00,42,82,123.7
2025-11-02T19:00:00-08:00,44,81,122.8
2025-11-02T19:30:00-08:00,44,81,121.9
2025-11-02T20:00:00-08:00,45,80,121.2
2025-11-02T20:30:00-08:00,46,80,119.9
2025-11-02T21:00:00-08:00,47,79,120
2025-11-02T21:30:00-08:00,47,79,118.4
2025-11-02T22:00:00-08:00,47,78,116.5
2025-11-02T22:30:00-08:00,48,77,115.9
2025-11-02T23:00:00-08:00,48,77,115.4
2025-11-02T23:30:00-08:00,49,76,114.8
2025-11-03T00:00:00-08:00,48,76,114.1
2025-11-03T00:30:00-08:00,48,76,113.5
2025-11-03T01:00:00-08:00,49,75,113.2
2025-11-03T01:30:00-08:00,49,75,113.5
2025-11-03T02:00:00-08:00,49,75,113.7
2025-11-03T02:30:00-08:00,48,75,113.3
2025-11-03T03:00:00-08:00,48,74,113
2025-11-03T03:30:00-08:00,48,74,112.6
2025-11-03T04:00:00-08:00,47,73,112.6
2025-11-03T04:30:00-08:00,47,73,112.1
2025-11-03T05:00:00-08:00,47,72,112
2025-11-03T05:30:00-08:00,48,72,111.9
2025-11-03T06:00:00-08:00,49,72,113
2025-11-03T06:30:00-08:00,50,73,112.6
2025-11-03T07:00:00-08:00,51,73,111.6
2025-11-03T07:30:00-08:00,51,73,111.3
2025-11-03T08:00:00-08:00,52,73,112.2
2025-11-03T08:30:00-08:00,51,73,113.1
2025-11-03T09:00:00-08:00,51,73,113.1
2025-11-03T09:30:00-08:00,52,74,115
2025-11-03T10:00:00-08:00,50,74,115.7
2025-11-03T10:30:00-08:00,48,75,115.9
2025-11-03T11:00:00-08:00,44,76,115.8
2025-11-03T11:30:00-08:00,41,76,116.7
2025-11-03T12:00:00-08:00,38,77,117.6
2025-11-03T12:30:00-08:00,32,80,119.9
2025-11-03T13:00:00-08:00,26,83,124.7
2025-11-03T13:30:00-08:00,25,85,127.5
2025-11-03T14:00:00-08:00,25,86,128.8
2025-11-03T14:30:00-08:00,26,86,128.5
2025-11-03T15:00:00-08:00,26,85,127.2
2025-11-03T15:30:00-08:00,27,83,125
2025-11-03T16:00:00-08:00,26,82,122.4
2025-11-03T16:30:00-08:00,27,81,120.5
2025-11-03T17:00:00-08:00,30,80,119.3
2025-11-03T17:30:00-08:00,32,79,118.7
2025-11-03T18:00:00-08:00,35,79,117.8
2025-11-03T18:30:00-08:00,36,78,117.2
2025-11-03T19:00:00-08:00,38,77,116
2025-11-03T19:30:00-08:00,39,77,116
2025-11-03T20:00:00-08:00,38,76,114.7
2025-11-03T20:30:00-08:00,38,76,114
2025-11-03T21:00:00-08:00,35,76,114.5
2025-11-03T21:30:00-08:00,34,75,114
2025-11-03T22:00:00-08:00,35,75,113.2
2025-11-03T22:30:00-08:00,36,75,113.6
2025-11-03T23:00:00-08:00,36,75,113.6
2025-11-03T23:30:00-08:00,36,75,113.6
2025-11-04T00:00:00-08:00,36,75,113.6
2025-11-04T00:30:00-08:00,36,75,114
2025-11-04T01:00:00-08:00,36,75,114.3
2025-11-04T01:30:00-08:00,36,75,114.3
2025-11-04T02:00:00-08:00,37,75,114.4
2025-11-04T02:30:00-08:00,37,75,114.8
2025-11-04T03:00:00-08:00,38,75,113
2025-11-04T03:30:00-08:00,38,74,112.6
2025-11-04T04:00:00-08:00,39,74,113
2025-11-04T04:30:00-08:00,39,74,112.5
2025-11-04T05:00:00-08:00,40,73,112.5
2025-11-04T05:30:00-08:00,40,73,113
2025-11-04T06:00:00-08:00,41,72,112.7
2025-11-04T06:30:00-08:00,41,72,113
2025-11-04T07:00:00-08:00,41,72,112.6
2025-11-04T07:30:00-08:00,42,72,112.7
2025-11-04T08:00:00-08:00,43,73,111.9
2025-11-04T08:30:00-08:00,42,74,112.3
2025-11-04T09:00:00-08:00,41,75,112.9
2025-11-04T09:30:00-08:00,41,76,114.4
2025-11-04T10:00:00-08:00,41,78,115.6
2025-11-04T10:30:00-08:00,40,78,116.7
2025-11-04T11:00:00-08:00,40,79,117.3
2025-11-04T11:30:00-08:00,39,80,118.2
2025-11-04T12:00:00-08:00,39,81,119.2
2025-11-04T12:30:00-08:00,38,83,121.6
2025-11-04T13:00:00-08:00,36,85,125
2025-11-04T13:30:00-08:00,34,87,127.6
2025-11-04T14:00:00-08:00,35,86,127.3
2025-11-04T14:30:00-08:00,35,86,126.7
2025-11-04T15:00:00-08:00,36,86,125.7
2025-11-04T15:30:00-08:00,36,85,125
2025-11-04T16:00:00-08:00,40,84,122.8
2025-11-04T16:30:00-08:00,41,82,121.4
2025-11-04T17:00:00-08:00,41,82,119.7
2025-11-04T17:30:00-08:00,41,81,119.8
2025-11-04T18:00:00-08:00,41,81,119.1
2025-11-04T18:30:00-08:00,42,80,118.2
2025-11-04T19:00:00-08:00,42,80,117.8
2025-11-04T19:30:00-08:00,42,79,116.9
2025-11-04T20:00:00-08:00,42,79,116.5
2025-11-04T20:30:00-08:00,43,79,116.3
2025-11-04T21:00:00-08:00,43,78,116.6
2025-11-04T21:30:00-08:00,44,78,115.5
2025-11-04T22:00:00-08:00,44,77,115.6
2025-11-04T22:30:00-08:00,45,77,114.4
2025-11-04T23:00:00-08:00,46,76,114.1
2025-11-04T23:30:00-08:00,46,75,112.9
2025-11-05T00:00:00-08:00,47,75,113
2025-11-05T00:30:00-08:00,46,75,113.8
2025-11-05T01:00:00-08:00,48,74,111.6
2025-11-05T01:30:00-08:00,48,74,111.3
2025-11-05T02:00:00-08:00,48,74,111.6
2025-11-05T02:30:00-08:00,46,73,112.3
2025-11-05T03:00:00-08:00,45,73,112.5
2025-11-05T03:30:00-08:00,44,72,112.5
2025-11-05T04:00:00-08:00,43,73,112.7
2025-11-05T04:30:00-08:00,45,72,111.9
2025-11-05T05:00:00-08:00,45,71,111.8
2025-11-05T05:30:00-08:00,44,72,112.1
2025-11-05T06:00:00-08:00,45,73,111.9
2025-11-05T06:30:00-08:00,49,72,112.2
2025-11-05T07:00:00-08:00,51,72,112.9
2025-11-05T07:30:00-08:00,51,72,112.2
2025-11-05T08:00:00-08:00,54,71,112.8
2025-11-05T08:30:00-08:00,55,71,112.5
2025-11-05T09:00:00-08:00,55,71,111.6
2025-11-05T09:30:00-08:00,55,72,112
2025-11-05T10:00:00-08:00,53,73,112.7
2025-11-05T10:30:00-08:00,51,74,113.8
2025-11-05T11:00:00-08:00,49,75,114.7
2025-11-05T11:30:00-08:00,47,76,116
2025-11-05T12:00:00-08:00,47,77,116.5
2025-11-05T12:30:00-08:00,47,76,116.8
2025-11-05T13:00:00-08:00,47,76,116.4
2025-11-05T13:30:00-08:00,45,78,117.4
2025-11-05T14:00:00-08:00,46,77,117.2
2025-11-05T14:30:00-08:00,46,77,117.5
2025-11-05T15:00:00-08:00,47,77,116.6
2025-11-05T15:30:00-08:00,47,77,117.2
2025-11-05T16:00:00-08:00,48,77,116.8
2025-11-05T16:30:00-08:00,47,77,115.4
2025-11-05T17:00:00-08:00,47,77,116.2
2025-11-05T17:30:00-08:00,48,77,115.6
2025-11-05T18:00:00-08:00,49,77,115.8
2025-11-05T18:30:00-08:00,49,77,115.1
2025-11-05T19:00:00-08:00,48,77,115.6
2025-11-05T19:30:00-08:00,48,77,116.1
2025-11-05T20:00:00-08:00,49,77,115.9
2025-11-05T20:30:00-08:00,48,77,115.8
2025-11-05T21:00:00-08:00,48,77,115.3
2025-11-05T21:30:00-08:00,49,76,115.5
2025-11-05T22:00:00-08:00,49,76,115
2025-11-05T22:30:00-08:00,49,76,114.7
2025-11-05T23:00:00-08:00,49,75,113.7
2025-11-05T23:30:00-08:00,49,75,113.6
2025-11-06T00:00:00-08:00,49,74,112.7
2025-11-06T00:30:00-08:00,49,74,112.1
2025-11-06T01:00:00-08:00,49,73,112.1
2025-11-06T01:30:00-08:00,49,73,112.2
2025-11-06T02:00:00-08:00,50,73,112
2025-11-06T02:30:00-08:00,51,73,112
2025-11-06T03:00:00-08:00,51,74,112.7
2025-11-06T03:30:00-08:00,51,74,112.2
2025-11-06T04:00:00-08:00,51,74,112.8
2025-11-06T04:30:00-08:00,51,74,112.6
2025-11-06T05:00:00-08:00,51,74,113.1
2025-11-06T05:30:00-08:00,51,74,113
2025-11-06T06:00:00-08:00,51,74,113.1
2025-11-06T06:30:00-08:00,51,74,112.2
2025-11-06T07:00:00-08:00,51,74,112.8
2025-11-06T07:30:00-08:00,51,74,112.2
2025-11-06T08:00:00-08:00,51,74,112.9
2025-11-06T08:30:00-08:00,50,75,113.2
2025-11-06T09:00:00-08:00,50,76,114
2025-11-06T09:30:00-08:00,49,77,115
2025-11-06T10:00:00-08:00,48,77,115.8
2025-11-06T10:30:00-08:00,47,78,117.5
2025-11-06T11:00:00-08:00,45,78,117.6
2025-11-06T11:30:00-08:00,44,79,117.5
2025-11-06T12:00:00-08:00,43,80,118.7
2025-11-06T12:30:00-08:00,41,82,120.9
2025-11-06T13:00:00-08:00,39,84,124.4
2025-11-06T13:30:00-08:00,38,85,125.3
2025-11-06T14:00:00-08:00,37,86,126.5
2025-11-06T14:30:00-08:00,36,86,126.2
2025-11-06T15:00:00-08:00,35,84,125.6
2025-11-06T15:30:00-08:00,37,84,124.5
2025-11-06T16:00:00-08:00,37,83,123.3
2025-11-06T16:30:00-08:00,38,82,121.3
2025-11-06T17:00:00-08:00,39,81,120.3
2025-11-06T17:30:00-08:00,41,80,120.5
2025-11-06T18:00:00-08:00,42,80,119.1
2025-11-06T18:30:00-08:00,43,79,118.3
2025-11-06T19:00:00-08:00,43,78,117.9
2025-11-06T19:30:00-08:00,44,78,117
2025-11-06T20:00:00-08:00,44,77,116.1
2025-11-06T20:30:00-08:00,45,77,115.6
2025-11-06T21:00:00-08:00,45,76,114.8
2025-11-06T21:30:00-08:00,45,76,114.8
2025-11-06T22:00:00-08:00,45,75,114
2025-11-06T22:30:00-08:00,44,75,113.7
2025-11-06T23:00:00-08:00,45,75,113.1
2025-11-06T23:30:00-08:00,45,74,112.6
2025-11-07T00:00:00-08:00,45,74,112.7
2025-11-07T00:30:00-08:00,45,73,111.6
2025-11-07T01:00:00-08:00,45,73,112
2025-11-07T01:30:00-08:00,45,73,113
2025-11-07T02:00:00-08:00,45,73,112.4
2025-11-07T02:30:00-08:00,45,72,112.5
2025-11-07T03:00:00-08:00,45,72,112.1
2025-11-07T03:30:00-08:00,46,72,111.7
2025-11-07T04:00:00-08:00,47,73,112.1
2025-11-07T04:30:00-08:00,46,73,112.4
2025-11-07T05:00:00-08:00,47,72,112.5
2025-11-07T05:30:00-08:00,48,72,112.5
2025-11-07T06:00:00-08:00,47,72,112.4
2025-11-07T06:30:00-08:00,47,72,112.5
2025-11-07T07:00:00-08:00,47,72,112.7
2025-11-07T07:30:00-08:00,49,73,112.4
2025-11-07T08:00:00-08:00,50,73,112.7
2025-11-07T08:30:00-08:00,50,74,112.4
2025-11-07T09:00:00-08:00,50,75,113.8
2025-11-07T09:30:00-08:00,50,76,113.9
2025-11-07T10:00:00-08:00,50,77,115.4
2025-11-07T10:30:00-08:00,50,78,116
2025-11-07T11:00:00-08:00,50,79,118.8
2025-11-07T11:30:00-08:00,49,80,120.6
2025-11-07T12:00:00-08:00,49,80,121.8
2025-11-07T12:30:00-08:00,48,82,123.2
2025-11-07T13:00:00-08:00,46,84,124.4
2025-11-07T13:30:00-08:00,44,85,126.7
2025-11-07T14:00:00-08:00,43,86,127.5
2025-11-07T14:30:00-08:00,42,86,127.7
2025-11-07T15:00:00-08:00,41,86,127.4
2025-11-07T15:30:00-08:00,41,85,126.8
2025-11-07T16:00:00-08:00,42,84,124.8
2025-11-07T16:30:00-08:00,43,83,123.4
2025-11-07T17:00:00-08:00,44,82,123
2025-11-07T17:30:00-08:00,46,81,122.4
2025-11-07T18:00:00-08:00,47,81,121.8
2025-11-07T18:30:00-08:00,48,80,120.6
2025-11-07T19:00:00-08:00,48,79,119.7
2025-11-07T19:30:00-08:00,53,79,119.3
2025-11-07T20:00:00-08:00,56,78,117.8
2025-11-07T20:30:00-08:00,53,77,117.3
2025-11-07T21:00:00-08:00,52,77,117.1
2025-11-07T21:30:00-08:00,52,76,116.6
2025-11-07T22:00:00-08:00,51,76,116.4
2025-11-07T22:30:00-08:00,51,76,115.6
2025-11-07T23:00:00-08:00,51,76,115.6
2025-11-07T23:30:00-08:00,50,75,114.8
2025-11-08T00:00:00-08:00,50,75,114.9
2025-11-08T00:30:00-08:00,50,75,114.3
2025-11-08T01:00:00-08:00,50,74,114.2
2025-11-08T01:30:00-08:00,49,74,113.7
2025-11-08T02:00:00-08:00,49,73,114.1
2025-11-08T02:30:00-08:00,49,73,113.5
2025-11-08T03:00:00-08:00,48,73,113.4
2025-11-08T03:30:00-08:00,48,72,113.5
2025-11-08T04:00:00-08:00,48,72,113.1
2025-11-08T04:30:00-08:00,48,72,113
2025-11-08T05:00:00-08:00,48,71,112.2
2025-11-08T05:30:00-08:00,48,71,113.3
2025-11-08T06:00:00-08:00,47,71,113.7
2025-11-08T06:30:00-08:00,49,71,114.2
2025-11-08T07:00:00-08:00,50,71,114.3
2025-11-08T07:30:00-08:00,52,72,114.2
2025-11-08T08:00:00-08:00,53,72,112.9
2025-11-08T08:30:00-08:00,54,74,113.5
2025-11-08T09:00:00-08:00,54,75,114.8
2025-11-08T09:30:00-08:00,53,76,115.9
2025-11-08T10:00:00-08:00,52,77,116.4
2025-11-08T10:30:00-08:00,50,78,117.9
2025-11-08T11:00:00-08:00,48,79,119.5
2025-11-08T11:30:00-08:00,48,79,119.8
2025-11-08T12:00:00-08:00,46,80,120
2025-11-08T12:30:00-08:00,45,82,121.4
2025-11-08T13:00:00-08:00,41,85,125.4
2025-11-08T13:30:00-08:00,38,87,128.5
2025-11-08T14:00:00-08:00,36,88,130.6
2025-11-08T14:30:00-08:00,34,88,130.2
2025-11-08T15:00:00-08:00,33,88,130
2025-11-08T15:30:00-08:00,33,87,127.9
2025-11-08T16:00:00-08:00,34,86,126.6
2025-11-08T16:30:00-08:00,35,85,126.2
2025-11-08T17:00:00-08:00,36,84,125
2025-11-08T17:30:00-08:00,37,83,122.3
2025-11-08T18:00:00-08:00,38,82,121.4
2025-11-08T18:30:00-08:00,37,81,119.9
2025-11-08T19:00:00-08:00,36,80,119.9
2025-11-08T19:30:00-08:00,35,80,119
2025-11-08T20:00:00-08:00,37,79,119
2025-11-08T20:30:00-08:00,39,79,117.6
2025-11-08T21:00:00-08:00,39,78,116.6
2025-11-08T21:30:00-08:00,37,78,116.2
2025-11-08T22:00:00-08:00,36,77,116.1
2025-11-08T22:30:00-08:00,35,77,116.2
2025-11-08T23:00:00-08:00,35,78,115.6
2025-11-08T23:30:00-08:00,35,77,115.2
2025-11-09T00:00:00-08:00,35,77,115.3
2025-11-09T00:30:00-08:00,35,77,115.2
2025-11-09T01:00:00-08:00,36,77,114.7
2025-11-09T01:30:00-08:00,37,76,114.3
2025-11-09T02:00:00-08:00,39,75,113.3
2025-11-09T02:30:00-08:00,40,75,112.3
2025-11-09T03:00:00-08:00,39,75,113.2
2025-11-09T03:30:00-08:00,39,74,113.3
2025-11-09T04:00:00-08:00,40,74,113.2
2025-11-09T04:30:00-08:00,41,73,111.9
2025-11-09T05:00:00-08:00,41,72,112.4
2025-11-09T05:30:00-08:00,41,71,112.5
2025-11-09T06:00:00-08:00,41,72,111.3
2025-11-09T06:30:00-08:00,41,71,112.1
2025-11-09T07:00:00-08:00,42,71,112
2025-11-09T07:30:00-08:00,43,72,112.1
2025-11-09T08:00:00-08:00,42,73,111.9
2025-11-09T08:30:00-08:00,43,74,113.3
2025-11-09T09:00:00-08:00,44,76,114.2
2025-11-09T09:30:00-08:00,43,77,116
2025-11-09T10:00:00-08:00,43,78,117.3
2025-11-09T10:30:00-08:00,42,79,118.8
2025-11-09T11:00:00-08:00,42,80,119.2
2025-11-09T11:30:00-08:00,42,81,120
2025-11-09T12:00:00-08:00,41,82,122.1
2025-11-09T12:30:00-08:00,40,85,124.7
2025-11-09T13:00:00-08:00,37,88,129.5
2025-11-09T13:30:00-08:00,34,90,133.1
2025-11-09T14:00:00-08:00,33,91,135
2025-11-09T14:30:00-08:00,33,91,134.5
2025-11-09T15:00:00-08:00,33,91,133.5
2025-11-09T15:30:00-08:00,34,90,132.4
2025-11-09T16:00:00-08:00,35,89,131.1
2025-11-09T16:30:00-08:00,37,87,129.3
2025-11-09T17:00:00-08:00,38,86,127.9
2025-11-09T17:30:00-08:00,39,85,126.5
2025-11-09T18:00:00-08:00,40,84,125.1
2025-11-09T18:30:00-08:00,40,84,124
2025-11-09T19:00:00-08:00,40,83,122.9
2025-11-09T19:30:00-08:00,40,83,122.6
2025-11-09T20:00:00-08:00,40,83,121.8
2025-11-09T20:30:00-08:00,40,81,122.2
2025-11-09T21:00:00-08:00,42,81,121.4
2025-11-09T21:30:00-08:00,43,80,121.3
2025-11-09T22:00:00-08:00,44,80,120.4
2025-11-09T22:30:00-08:00,44,79,119.9
2025-11-09T23:00:00-08:00,44,79,118.9
2025-11-09T23:30:00-08:00,43,78,118.4
2025-11-10T00:00:00-08:00,43,78,117.5
2025-11-10T00:30:00-08:00,42,77,117.4
2025-11-10T01:00:00-08:00,42,77,117.1
2025-11-10T01:30:00-08:00,42,76,117
2025-11-10T02:00:00-08:00,43,76,116.8
2025-11-10T02:30:00-08:00,43,76,115.4
2025-11-10T03:00:00-08:00,43,75,114.4
2025-11-10T03:30:00-08:00,42,74,114.2
2025-11-10T04:00:00-08:00,42,74,114.4
2025-11-10T04:30:00-08:00,43,74,114.7
2025-11-10T05:00:00-08:00,43,74,114
2025-11-10T05:30:00-08:00,43,74,113.3
2025-11-10T06:00:00-08:00,42,73,113.6
2025-11-10T06:30:00-08:00,42,73,113.6
2025-11-10T07:00:00-08:00,43,73,113
2025-11-10T07:30:00-08:00,43,74,112.4
2025-11-10T08:00:00-08:00,42,75,113
2025-11-10T08:30:00-08:00,43,75,113.3
2025-11-10T09:00:00-08:00,44,75,115.5
2025-11-10T09:30:00-08:00,44,78,116.6
2025-11-10T10:00:00-08:00,43,78,118.2
2025-11-10T10:30:00-08:00,42,80,119.1
2025-11-10T11:00:00-08:00,40,81,120.2
2025-11-10T11:30:00-08:00,40,81,121.2
2025-11-10T12:00:00-08:00,40,83,123
2025-11-10T12:30:00-08:00,40,85,127
2025-11-10T13:00:00-08:00,38,88,131.3
2025-11-10T13:30:00-08:00,35,90,134.7
2025-11-10T14:00:00-08:00,35,90,135.8
2025-11-10T14:30:00-08:00,34,90,135.6
2025-11-10T15:00:00-08:00,34,89,132.9
2025-11-10T15:30:00-08:00,34,89,132.3
2025-11-10T16:00:00-08:00,35,89,131.2
2025-11-10T16:30:00-08:00,35,88,129.8
2025-11-10T17:00:00-08:00,36,86,128.5
2025-11-10T17:30:00-08:00,37,85,126.8
2025-11-10T18:00:00-08:00,38,84,125.1
2025-11-10T18:30:00-08:00,39,84,125.7
2025-11-10T19:00:00-08:00,39,83,124.4
2025-11-10T19:30:00-08:00,39,82,123.6
2025-11-10T20:00:00-08:00,40,82,122.3
2025-11-10T20:30:00-08:00,39,82,121.6
2025-11-10T21:00:00-08:00,39,81,121.1
2025-11-10T21:30:00-08:00,39,80,120.7
2025-11-10T22:00:00-08:00,39,80,119.7
2025-11-10T22:30:00-08:00,39,80,120
2025-11-10T23:00:00-08:00,38,80,119.7
2025-11-10T23:30:00-08:00,38,79,120
2025-11-11T00:00:00-08:00,38,78,118.7
2025-11-11T00:30:00-08:00,38,78,118.1
2025-11-11T01:00:00-08:00,38,78,117.5
2025-11-11T01:30:00-08:00,38,77,116.4
2025-11-11T02:00:00-08:00,39,77,116.4
2025-11-11T02:30:00-08:00,39,76,114.7
2025-11-11T03:00:00-08:00,40,75,114.1
2025-11-11T03:30:00-08:00,40,75,114.1
2025-11-11T04:00:00-08:00,40,75,113.7
2025-11-11T04:30:00-08:00,40,75,112.9
2025-11-11T05:00:00-08:00,40,75,113.2
2025-11-11T05:30:00-08:00,40,74,113.2
2025-11-11T06:00:00-08:00,41,74,113
2025-11-11T06:30:00-08:00,40,74,113
2025-11-11T07:00:00-08:00,41,74,112.9
2025-11-11T07:30:00-08:00,41,74,113.7
2025-11-11T08:00:00-08:00,40,75,113.2
2025-11-11T08:30:00-08:00,40,75,113.3
2025-11-11T09:00:00-08:00,39,76,115
2025-11-11T09:30:00-08:00,39,77,115.3
2025-11-11T10:00:00-08:00,39,78,116.9
2025-11-11T10:30:00-08:00,39,79,118.6
2025-11-11T11:00:00-08:00,39,80,119.8
2025-11-11T11:30:00-08:00,39,81,120.7
2025-11-11T12:00:00-08:00,38,81,121.1
2025-11-11T12:30:00-08:00,39,82,122
2025-11-11T13:00:00-08:00,37,84,124.6
2025-11-11T13:30:00-08:00,37,84,126
2025-11-11T14:00:00-08:00,37,84,126.4
2025-11-11T14:30:00-08:00,38,84,125.3
2025-11-11T15:00:00-08:00,39,84,124.9
2025-11-11T15:30:00-08:00,39,83,124.6
2025-11-11T16:00:00-08:00,40,83,123.9
2025-11-11T16:30:00-08:00,40,82,123
2025-11-11T17:00:00-08:00,40,82,122.4
2025-11-11T17:30:00-08:00,40,81,121.7
2025-11-11T18:00:00-08:00,40,81,120.7
2025-11-11T18:30:00-08:00,41,80,120
2025-11-11T19:00:00-08:00,42,80,120.2
2025-11-11T19:30:00-08:00,43,79,119.9
2025-11-11T20:00:00-08:00,43,79,118.7
2025-11-11T20:30:00-08:00,43,78,118.1
2025-11-11T21:00:00-08:00,43,78,117.5
2025-11-11T21:30:00-08:00,44,77,116.2
2025-11-11T22:00:00-08:00,44,76,115.5
2025-11-11T22:30:00-08:00,45,76,115
2025-11-11T23:00:00-08:00,45,75,114.9
2025-11-11T23:30:00-08:00,46,75,115
2025-11-12T00:00:00-08:00,46,75,115.3
2025-11-12T00:30:00-08:00,47,76,116.1
2025-11-12T01:00:00-08:00,47,76,116.1
2025-11-12T01:30:00-08:00,47,76,116
2025-11-12T02:00:00-08:00,47,75,113.9
2025-11-12T02:30:00-08:00,47,74,114.5
2025-11-12T03:00:00-08:00,47,75,115.1
2025-11-12T03:30:00-08:00,46,75,115.5
2025-11-12T04:00:00-08:00,46,75,115.6
2025-11-12T04:30:00-08:00,46,75,115.8
2025-11-12T05:00:00-08:00,46,75,115.5
2025-11-12T05:30:00-08:00,46,75,115.6
2025-11-12T06:00:00-08:00,46,74,114.8
2025-11-12T06:30:00-08:00,46,74,115.5
2025-11-12T07:00:00-08:00,46,75,115.4
2025-11-12T07:30:00-08:00,46,75,115.6
2025-11-12T08:00:00-08:00,45,75,116.1
2025-11-12T08:30:00-08:00,44,75,115.3
2025-11-12T09:00:00-08:00,44,76,116
2025-11-12T09:30:00-08:00,43,76,116
2025-11-12T10:00:00-08:00,42,77,116
2025-11-12T10:30:00-08:00,42,76,116.4
2025-11-12T11:00:00-08:00,42,77,117
2025-11-12T11:30:00-08:00,42,77,117.1
2025-11-12T12:00:00-08:00,41,78,118
2025-11-12T12:30:00-08:00,41,78,118.1
2025-11-12T13:00:00-08:00,40,79,118.4
2025-11-12T13:30:00-08:00,40,79,119
2025-11-12T14:00:00-08:00,41,79,118.8
2025-11-12T14:30:00-08:00,40,79,119.6
2025-11-12T15:00:00-08:00,40,80,120.1
2025-11-12T15:30:00-08:00,39,80,121.4
2025-11-12T16:00:00-08:00,38,80,120.6
2025-11-12T16:30:00-08:00,39,80,120.9
2025-11-12T17:00:00-08:00,40,80,120.5
2025-11-12T17:30:00-08:00,40,80,121.3
2025-11-12T18:00:00-08:00,40,79,120.6
2025-11-12T18:30:00-08:00,41,79,119.5
2025-11-12T19:00:00-08:00,42,80,120.5
2025-11-12T19:30:00-08:00,43,79,119.9
2025-11-12T20:00:00-08:00,45,79,119.1
2025-11-12T20:30:00-08:00,44,79,118.1
2025-11-12T21:00:00-08:00,45,79,118.2
2025-11-12T21:30:00-08:00,45,79,119.3
2025-11-12T22:00:00-08:00,45,79,119.7
2025-11-12T22:30:00-08:00,44,79,118.9
2025-11-12T23:00:00-08:00,43,79,117.8
2025-11-12T23:30:00-08:00,43,79,116.8
2025-11-13T00:00:00-08:00,43,79,118.4
2025-11-13T00:30:00-08:00,43,79,119.2
2025-11-13T01:00:00-08:00,43,79,118.7
2025-11-13T01:30:00-08:00,43,79,118.6
2025-11-13T02:00:00-08:00,43,79,118.5
2025-11-13T02:30:00-08:00,43,78,118.4
2025-11-13T03:00:00-08:00,44,78,116.5
2025-11-13T03:30:00-08:00,44,77,116.9
2025-11-13T04:00:00-08:00,46,77,116
2025-11-13T04:30:00-08:00,48,77,115.9
2025-11-13T05:00:00-08:00,49,78,116.5
2025-11-13T05:30:00-08:00,51,77,116.4
2025-11-13T06:00:00-08:00,54,77,115.2
2025-11-13T06:30:00-08:00,57,76,114.7
2025-11-13T07:00:00-08:00,60,75,113.1
2025-11-13T07:30:00-08:00,61,75,112.6
2025-11-13T08:00:00-08:00,62,76,112.5
2025-11-13T08:30:00-08:00,62,76,113.9
2025-11-13T09:00:00-08:00,64,75,112.9
2025-11-13T09:30:00-08:00,64,76,113.4
2025-11-13T10:00:00-08:00,65,75,113
2025-11-13T10:30:00-08:00,66,76,113.5
2025-11-13T11:00:00-08:00,68,75,113.9
2025-11-13T11:30:00-08:00,68,76,113.1
2025-11-13T12:00:00-08:00,66,77,114.2
2025-11-13T12:30:00-08:00,62,77,115.1
2025-11-13T13:00:00-08:00,62,77,115.4
2025-11-13T13:30:00-08:00,61,77,115.4
2025-11-13T14:00:00-08:00,61,76,115.5
2025-11-13T14:30:00-08:00,60,76,115.4
2025-11-13T15:00:00-08:00,61,76,114.5
2025-11-13T15:30:00-08:00,59,76,114.6
2025-11-13T16:00:00-08:00,59,76,115.2
2025-11-13T16:30:00-08:00,59,76,115
2025-11-13T17:00:00-08:00,58,76,114.9
2025-11-13T17:30:00-08:00,59,76,114.8
2025-11-13T18:00:00-08:00,59,76,115.4
2025-11-13T18:30:00-08:00,59,76,115.1
2025-11-13T19:00:00-08:00,57,76,113.8
2025-11-13T19:30:00-08:00,58,75,114.6
2025-11-13T20:00:00-08:00,58,75,114.2
2025-11-13T20:30:00-08:00,57,75,114.5
2025-11-13T21:00:00-08:00,58,75,114.6
2025-11-13T21:30:00-08:00,59,75,115
2025-11-13T22:00:00-08:00,58,75,115.1
2025-11-13T22:30:00-08:00,58,75,115.6
2025-11-13T23:00:00-08:00,59,75,115.1
2025-11-13T23:30:00-08:00,58,75,114.9
2025-11-14T00:00:00-08:00,58,75,114.7
2025-11-14T00:30:00-08:00,58,75,114.7
2025-11-14T01:00:00-08:00,58,75,114.7
2025-11-14T01:30:00-08:00,58,74,113.7
2025-11-14T02:00:00-08:00,57,74,114
2025-11-14T02:30:00-08:00,57,74,114.1
2025-11-14T03:00:00-08:00,56,74,114.1
2025-11-14T03:30:00-08:00,56,74,113.3
2025-11-14T04:00:00-08:00,55,74,113.8
2025-11-14T04:30:00-08:00,55,73,113.2
2025-11-14T05:00:00-08:00,55,73,112.9
2025-11-14T05:30:00-08:00,55,73,113.1
2025-11-14T06:00:00-08:00,55,73,112.9
2025-11-14T06:30:00-08:00,54,73,114
2025-11-14T07:00:00-08:00,55,73,113.3
2025-11-14T07:30:00-08:00,56,73,113.6
2025-11-14T08:00:00-08:00,56,73,113.2
2025-11-14T08:30:00-08:00,56,74,113.4
2025-11-14T09:00:00-08:00,56,74,113
2025-11-14T09:30:00-08:00,57,74,113.6
2025-11-14T10:00:00-08:00,56,74,113.7
2025-11-14T10:30:00-08:00,55,75,114
2025-11-14T11:00:00-08:00,54,75,115
2025-11-14T11:30:00-08:00,51,76,115.7
2025-11-14T12:00:00-08:00,51,76,116.2
2025-11-14T12:30:00-08:00,49,78,118.1
2025-11-14T13:00:00-08:00,46,79,119.6
2025-11-14T13:30:00-08:00,45,80,119.9
2025-11-14T14:00:00-08:00,42,81,122
2025-11-14T14:30:00-08:00,40,82,123.1
2025-11-14T15:00:00-08:00,41,82,123
2025-11-14T15:30:00-08:00,41,81,122.4
2025-11-14T16:00:00-08:00,41,81,121.8
2025-11-14T16:30:00-08:00,40,80,120.3
2025-11-14T17:00:00-08:00,40,79,119.8
2025-11-14T17:30:00-08:00,42,78,119.4
2025-11-14T18:00:00-08:00,43,77,118.8
2025-11-14T18:30:00-08:00,45,77,117.3
2025-11-14T19:00:00-08:00,45,77,117.1
2025-11-14T19:30:00-08:00,46,77,116.7
2025-11-14T20:00:00-08:00,46,77,116.9
2025-11-14T20:30:00-08:00,46,76,116.4
2025-11-14T21:00:00-08:00,47,76,115.6
2025-11-14T21:30:00-08:00,47,76,115.4
2025-11-14T22:00:00-08:00,47,75,115.1
2025-11-14T22:30:00-08:00,48,75,114.9
2025-11-14T23:00:00-08:00,48,74,113.8
2025-11-14T23:30:00-08:00,49,74,113.4
2025-11-15T00:00:00-08:00,49,74,113.8
2025-11-15T00:30:00-08:00,48,74,113.8
2025-11-15T01:00:00-08:00,49,74,114.2
2025-11-15T01:30:00-08:00,49,73,113.3
2025-11-15T02:00:00-08:00,49,73,113.7
2025-11-15T02:30:00-08:00,49,74,114.4
2025-11-15T03:00:00-08:00,48,74,114.1
2025-11-15T03:30:00-08:00,48,74,114.1
2025-11-15T04:00:00-08:00,48,74,114.6
2025-11-15T04:30:00-08:00,49,73,114.1
2025-11-15T05:00:00-08:00,49,73,113.8
2025-11-15T05:30:00-08:00,49,73,112.8
2025-11-15T06:00:00-08:00,49,73,113.3
2025-11-15T06:30:00-08:00,49,73,113.8
2025-11-15T07:00:00-08:00,49,73,114.4
2025-11-15T07:30:00-08:00,50,73,113.8
2025-11-15T08:00:00-08:00,50,73,113.8
2025-11-15T08:30:00-08:00,51,74,114
2025-11-15T09:00:00-08:00,51,74,114
2025-11-15T09:30:00-08:00,51,74,114.5
2025-11-15T10:00:00-08:00,51,74,114.7
2025-11-15T10:30:00-08:00,50,75,114.8
2025-11-15T11:00:00-08:00,49,75,114.8
2025-11-15T11:30:00-08:00,49,75,115.6
2025-11-15T12:00:00-08:00,48,76,116.2
2025-11-15T12:30:00-08:00,47,77,117
2025-11-15T13:00:00-08:00,44,77,118
2025-11-15T13:30:00-08:00,43,77,117.6
2025-11-15T14:00:00-08:00,42,77,116.7
2025-11-15T14:30:00-08:00,41,77,116.9
2025-11-15T15:00:00-08:00,43,77,117.5
2025-11-15T15:30:00-08:00,43,77,118
2025-11-15T16:00:00-08:00,41,77,118.4
2025-11-15T16:30:00-08:00,42,77,117.3
2025-11-15T17:00:00-08:00,47,76,115.9
2025-11-15T17:30:00-08:00,49,75,114.5
2025-11-15T18:00:00-08:00,50,74,113.9
2025-11-15T18:30:00-08:00,52,74,114.2
2025-11-15T19:00:00-08:00,52,74,114.4
2025-11-15T19:30:00-08:00,52,74,113.5
2025-11-15T20:00:00-08:00,53,74,113.1
2025-11-15T20:30:00-08:00,54,74,113.4
2025-11-15T21:00:00-08:00,55,74,113.5
2025-11-15T21:30:00-08:00,55,74,113.1
2025-11-15T22:00:00-08:00,57,73,112.1
2025-11-15T22:30:00-08:00,57,73,111.8
2025-11-15T23:00:00-08:00,57,73,112.5
2025-11-15T23:30:00-08:00,56,74,113.4
2025-11-16T00:00:00-08:00,56,74,113.7
2025-11-16T00:30:00-08:00,56,74,113.8
2025-11-16T01:00:00-08:00,56,74,112.2
2025-11-16T01:30:00-08:00,56,74,112.5
2025-11-16T02:00:00-08:00,56,73,113.1
2025-11-16T02:30:00-08:00,56,73,112.7
2025-11-16T03:00:00-08:00,56,73,112.8
2025-11-16T03:30:00-08:00,56,72,113.1
2025-11-16T04:00:00-08:00,57,72,112.1
2025-11-16T04:30:00-08:00,57,72,112.7
2025-11-16T05:00:00-08:00,56,72,113.1
2025-11-16T05:30:00-08:00,55,72,113.5
2025-11-16T06:00:00-08:00,55,72,113.5
2025-11-16T06:30:00-08:00,55,72,113
2025-11-16T07:00:00-08:00,55,73,113
2025-11-16T07:30:00-08:00,56,73,113.6
2025-11-16T08:00:00-08:00,57,72,114.1
2025-11-16T08:30:00-08:00,58,73,113
2025-11-16T09:00:00-08:00,58,72,112.7
2025-11-16T09:30:00-08:00,58,72,113.2
2025-11-16T10:00:00-08:00,58,72,113.6
2025-11-16T10:30:00-08:00,57,73,113.2
2025-11-16T11:00:00-08:00,57,74,113.4
2025-11-16T11:30:00-08:00,52,74,114.1
2025-11-16T12:00:00-08:00,50,75,114.4
2025-11-16T12:30:00-08:00,46,76,116.1
2025-11-16T13:00:00-08:00,43,78,118.1
2025-11-16T13:30:00-08:00,40,78,118.9
2025-11-16T14:00:00-08:00,40,77,117.2
2025-11-16T14:30:00-08:00,42,76,115.8
2025-11-16T15:00:00-08:00,43,75,115
2025-11-16T15:30:00-08:00,43,75,114.8
2025-11-16T16:00:00-08:00,43,74,114
2025-11-16T16:30:00-08:00,44,74,113.9
2025-11-16T17:00:00-08:00,44,74,114
2025-11-16T17:30:00-08:00,43,74,113.4
2025-11-16T18:00:00-08:00,43,74,113.9
2025-11-16T18:30:00-08:00,43,74,113.3
2025-11-16T19:00:00-08:00,42,74,113.7
2025-11-16T19:30:00-08:00,42,74,114.5
2025-11-16T20:00:00-08:00,42,74,114.2
2025-11-16T20:30:00-08:00,42,74,113.7
2025-11-16T21:00:00-08:00,42,74,114.3
2025-11-16T21:30:00-08:00,43,73,113.6
2025-11-16T22:00:00-08:00,43,72,113.2
2025-11-16T22:30:00-08:00,41,73,113.7
2025-11-16T23:00:00-08:00,42,72,113.3
2025-11-16T23:30:00-08:00,44,71,113.4
2025-11-17T00:00:00-08:00,47,71,113
2025-11-17T00:30:00-08:00,51,70,113.1
2025-11-17T01:00:00-08:00,56,70,112.3
2025-11-17T01:30:00-08:00,58,70,111.1
2025-11-17T02:00:00-08:00,57,71,111.5
2025-11-17T02:30:00-08:00,54,71,112
2025-11-17T03:00:00-08:00,55,71,112.4
2025-11-17T03:30:00-08:00,55,71,113.2
2025-11-17T04:00:00-08:00,56,70,112.7
2025-11-17T04:30:00-08:00,55,71,112.2
2025-11-17T05:00:00-08:00,53,72,112.5
2025-11-17T05:30:00-08:00,53,71,112.3
2025-11-17T06:00:00-08:00,52,71,113.6
2025-11-17T06:30:00-08:00,51,70,112.9
2025-11-17T07:00:00-08:00,51,70,112.8
2025-11-17T07:30:00-08:00,52,70,113.2
2025-11-17T08:00:00-08:00,51,69,112.7
2025-11-17T08:30:00-08:00,50,70,113.8
2025-11-17T09:00:00-08:00,50,69,113.1
2025-11-17T09:30:00-08:00,49,70,113
2025-11-17T10:00:00-08:00,49,70,112.6
2025-11-17T10:30:00-08:00,48,70,112.2
2025-11-17T11:00:00-08:00,47,70,113
2025-11-17T11:30:00-08:00,47,70,112.4
2025-11-17T12:00:00-08:00,47,71,112.3
2025-11-17T12:30:00-08:00,45,72,111.8
2025-11-17T13:00:00-08:00,45,72,112.1
2025-11-17T13:30:00-08:00,46,72,112.3
2025-11-17T14:00:00-08:00,46,71,112.5
2025-11-17T14:30:00-08:00,46,71,112.9
2025-11-17T15:00:00-08:00,46,71,113.1
2025-11-17T15:30:00-08:00,47,71,113.1
2025-11-17T16:00:00-08:00,48,71,112.4
2025-11-17T16:30:00-08:00,48,70,113.1
2025-11-17T17:00:00-08:00,49,70,112.6
2025-11-17T17:30:00-08:00,49,70,113
2025-11-17T18:00:00-08:00,49,70,113.4
2025-11-17T18:30:00-08:00,49,70,113.8
2025-11-17T19:00:00-08:00,50,70,113.2
2025-11-17T19:30:00-08:00,50,70,113.2
2025-11-17T20:00:00-08:00,49,70,113.9
2025-11-17T20:30:00-08:00,49,70,113
2025-11-17T21:00:00-08:00,49,71,113.6
2025-11-17T21:30:00-08:00,50,71,112.6
2025-11-17T22:00:00-08:00,49,71,113.9
2025-11-17T22:30:00-08:00,49,71,113.4
2025-11-17T23:00:00-08:00,49,71,113.3
2025-11-17T23:30:00-08:00,49,71,113.6
2025-11-18T00:00:00-08:00,48,71,114.6
2025-11-18T00:30:00-08:00,48,70,113.8
2025-11-18T01:00:00-08:00,48,70,113.3
2025-11-18T01:30:00-08:00,48,70,113.6
2025-11-18T02:00:00-08:00,48,70,114.2
2025-11-18T02:30:00-08:00,47,69,113.4
2025-11-18T03:00:00-08:00,47,69,114
2025-11-18T03:30:00-08:00,47,68,113.2
2025-11-18T04:00:00-08:00,47,68,112.5
2025-11-18T04:30:00-08:00,48,68,113.2
2025-11-18T05:00:00-08:00,49,68,112.7
2025-11-18T05:30:00-08:00,50,68,113.1
2025-11-18T06:00:00-08:00,49,68,113.6
2025-11-18T06:30:00-08:00,49,68,113.2
2025-11-18T07:00:00-08:00,50,68,111.9
2025-11-18T07:30:00-08:00,50,69,112.4
2025-11-18T08:00:00-08:00,49,69,112
2025-11-18T08:30:00-08:00,47,70,113.7
2025-11-18T09:00:00-08:00,48,70,113.5
2025-11-18T09:30:00-08:00,47,70,112.7
2025-11-18T10:00:00-08:00,46,71,112.8
2025-11-18T10:30:00-08:00,44,72,111.9
2025-11-18T11:00:00-08:00,42,72,112.1
2025-11-18T11:30:00-08:00,41,73,112.1
2025-11-18T12:00:00-08:00,37,74,112.3
2025-11-18T12:30:00-08:00,37,75,113.5
2025-11-18T13:00:00-08:00,35,77,116.1
2025-11-18T13:30:00-08:00,34,79,118.5
2025-11-18T14:00:00-08:00,34,80,119
2025-11-18T14:30:00-08:00,35,79,119.5
2025-11-18T15:00:00-08:00,35,79,118.6
2025-11-18T15:30:00-08:00,36,78,118.8
2025-11-18T16:00:00-08:00,36,77,117.3
2025-11-18T16:30:00-08:00,37,76,115.1
2025-11-18T17:00:00-08:00,39,75,115
2025-11-18T17:30:00-08:00,41,75,114.3
2025-11-18T18:00:00-08:00,42,74,113.5
2025-11-18T18:30:00-08:00,43,74,113.6
2025-11-18T19:00:00-08:00,43,74,112.7
2025-11-18T19:30:00-08:00,44,73,113
2025-11-18T20:00:00-08:00,44,72,112.9
2025-11-18T20:30:00-08:00,45,72,112.8
2025-11-18T21:00:00-08:00,45,71,112.9
2025-11-18T21:30:00-08:00,45,71,112.4
2025-11-18T22:00:00-08:00,45,71,112.9
2025-11-18T22:30:00-08:00,44,70,113.3
2025-11-18T23:00:00-08:00,45,70,113.5
2025-11-18T23:30:00-08:00,44,69,112.3
2025-11-19T00:00:00-08:00,44,69,113.6
2025-11-19T00:30:00-08:00,44,69,113.2
2025-11-19T01:00:00-08:00,44,69,113.6
2025-11-19T01:30:00-08:00,45,68,113.8
2025-11-19T02:00:00-08:00,46,68,113.5
2025-11-19T02:30:00-08:00,46,68,113.9
2025-11-19T03:00:00-08:00,46,69,114.6
2025-11-19T03:30:00-08:00,45,68,115.5
2025-11-19T04:00:00-08:00,45,68,115.4
2025-11-19T04:30:00-08:00,46,68,115.8
2025-11-19T05:00:00-08:00,45,68,116
2025-11-19T05:30:00-08:00,45,69,115.8
2025-11-19T06:00:00-08:00,45,68,115.6
2025-11-19T06:30:00-08:00,46,68,115.8
2025-11-19T07:00:00-08:00,46,68,115.2
2025-11-19T07:30:00-08:00,46,68,115
2025-11-19T08:00:00-08:00,45,69,115.3
2025-11-19T08:30:00-08:00,45,69,115.9
2025-11-19T09:00:00-08:00,45,70,114.7
2025-11-19T09:30:00-08:00,42,71,114.1
2025-11-19T10:00:00-08:00,40,72,114.5
2025-11-19T10:30:00-08:00,38,73,114
2025-11-19T11:00:00-08:00,37,73,114.3
2025-11-19T11:30:00-08:00,36,73,115
2025-11-19T12:00:00-08:00,37,73,114.9
2025-11-19T12:30:00-08:00,36,74,114.6
2025-11-19T13:00:00-08:00,35,75,115.2
2025-11-19T13:30:00-08:00,35,76,116.2
2025-11-19T14:00:00-08:00,35,75,115.9
2025-11-19T14:30:00-08:00,35,75,115.2
2025-11-19T15:00:00-08:00,36,74,115.4
2025-11-19T15:30:00-08:00,36,74,115.9
2025-11-19T16:00:00-08:00,38,74,115
2025-11-19T16:30:00-08:00,40,74,115.6
2025-11-19T17:00:00-08:00,41,74,115.7
2025-11-19T17:30:00-08:00,41,74,115.7
2025-11-19T18:00:00-08:00,42,74,115.8
2025-11-19T18:30:00-08:00,42,74,115.3
2025-11-19T19:00:00-08:00,42,73,114.6
2025-11-19T19:30:00-08:00,41,73,114.7
2025-11-19T20:00:00-08:00,42,72,114.7
2025-11-19T20:30:00-08:00,43,73,115.3
2025-11-19T21:00:00-08:00,43,72,115.3
2025-11-19T21:30:00-08:00,43,72,115.3
2025-11-19T22:00:00-08:00,44,72,115.3
2025-11-19T22:30:00-08:00,44,72,115
2025-11-19T23:00:00-08:00,45,72,114.8
2025-11-19T23:30:00-08:00,46,72,114.8
2025-11-20T00:00:00-08:00,45,72,115.1
2025-11-20T00:30:00-08:00,45,72,115.4
2025-11-20T01:00:00-08:00,46,72,116
2025-11-20T01:30:00-08:00,46,72,116
2025-11-20T02:00:00-08:00,47,71,115.5
2025-11-20T02:30:00-08:00,48,71,114.2
2025-11-20T03:00:00-08:00,48,71,115
2025-11-20T03:30:00-08:00,49,70,114.4
2025-11-20T04:00:00-08:00,49,70,114.9
2025-11-20T04:30:00-08:00,49,70,114.9
2025-11-20T05:00:00-08:00,49,70,114.8
2025-11-20T05:30:00-08:00,49,70,114.6
2025-11-20T06:00:00-08:00,50,69,115.1
2025-11-20T06:30:00-08:00,50,69,115
2025-11-20T07:00:00-08:00,50,69,115.1
2025-11-20T07:30:00-08:00,50,70,114.4
2025-11-20T08:00:00-08:00,51,69,115
2025-11-20T08:30:00-08:00,52,69,114.6
2025-11-20T09:00:00-08:00,52,70,115.1
2025-11-20T09:30:00-08:00,53,70,114.9
2025-11-20T10:00:00-08:00,53,70,114.1
2025-11-20T10:30:00-08:00,53,71,113.3
2025-11-20T11:00:00-08:00,52,71,114.5
2025-11-20T11:30:00-08:00,52,71,114.7
2025-11-20T12:00:00-08:00,52,71,114.7
2025-11-20T12:30:00-08:00,52,71,114.4
2025-11-20T13:00:00-08:00,51,72,114.6
2025-11-20T13:30:00-08:00,50,72,114.7
2025-11-20T14:00:00-08:00,50,73,113.9
2025-11-20T14:30:00-08:00,48,73,114.3
2025-11-20T15:00:00-08:00,46,74,115.2
2025-11-20T15:30:00-08:00,45,74,114.5
2025-11-20T16:00:00-08:00,43,73,114.8
2025-11-20T16:30:00-08:00,44,73,115.1
2025-11-20T17:00:00-08:00,45,72,114.1
2025-11-20T17:30:00-08:00,45,72,113.8
2025-11-20T18:00:00-08:00,46,71,112.1
2025-11-20T18:30:00-08:00,46,71,112.6
2025-11-20T19:00:00-08:00,46,71,112.5
2025-11-20T19:30:00-08:00,46,70,112.8
2025-11-20T20:00:00-08:00,46,70,112.5
2025-11-20T20:30:00-08:00,46,69,113
2025-11-20T21:00:00-08:00,46,69,112.4
2025-11-20T21:30:00-08:00,46,69,112.8
2025-11-20T22:00:00-08:00,46,69,113.3
2025-11-20T22:30:00-08:00,46,70,113.8
2025-11-20T23:00:00-08:00,45,69,114.7
2025-11-20T23:30:00-08:00,45,69,115.3
2025-11-21T00:00:00-08:00,45,68,115.2
2025-11-21T00:30:00-08:00,45,68,114.4
2025-11-21T01:00:00-08:00,45,68,114.5
2025-11-21T01:30:00-08:00,46,67,114
2025-11-21T02:00:00-08:00,46,67,114.1
2025-11-21T02:30:00-08:00,46,67,115.8
2025-11-21T03:00:00-08:00,45,66,115
2025-11-21T03:30:00-08:00,45,66,114.9
2025-11-21T04:00:00-08:00,47,66,114.7
2025-11-21T04:30:00-08:00,46,66,114
2025-11-21T05:00:00-08:00,46,66,115.2
2025-11-21T05:30:00-08:00,46,66,115.7
2025-11-21T06:00:00-08:00,45,66,115
2025-11-21T06:30:00-08:00,45,66,115.1
2025-11-21T07:00:00-08:00,45,65,115.4
2025-11-21T07:30:00-08:00,45,65,114.6
2025-11-21T08:00:00-08:00,44,66,115.2
2025-11-21T08:30:00-08:00,42,68,113.7
2025-11-21T09:00:00-08:00,39,70,113.8
2025-11-21T09:30:00-08:00,37,71,113.4
2025-11-21T10:00:00-08:00,36,72,112.7
2025-11-21T10:30:00-08:00,35,74,113.9
2025-11-21T11:00:00-08:00,34,74,114.6
2025-11-21T11:30:00-08:00,34,75,115.3
2025-11-21T12:00:00-08:00,35,75,116.2
2025-11-21T12:30:00-08:00,34,76,117.7
2025-11-21T13:00:00-08:00,33,78,117.9
2025-11-21T13:30:00-08:00,32,80,119.8
2025-11-21T14:00:00-08:00,31,81,122
2025-11-21T14:30:00-08:00,30,82,121.9
2025-11-21T15:00:00-08:00,30,81,121.3
2025-11-21T15:30:00-08:00,30,81,121.1
2025-11-21T16:00:00-08:00,31,80,120
2025-11-21T16:30:00-08:00,33,78,118
2025-11-21T17:00:00-08:00,33,77,117.1
2025-11-21T17:30:00-08:00,35,76,116.1
2025-11-21T18:00:00-08:00,36,75,114.2
2025-11-21T18:30:00-08:00,36,75,113.3
2025-11-21T19:00:00-08:00,37,74,113.3
2025-11-21T19:30:00-08:00,38,72,112.5
2025-11-21T20:00:00-08:00,39,72,112.5
2025-11-21T20:30:00-08:00,38,72,112.5
2025-11-21T21:00:00-08:00,38,72,112.7
2025-11-21T21:30:00-08:00,39,71,112.5
2025-11-21T22:00:00-08:00,40,70,112.3
2025-11-21T22:30:00-08:00,40,70,114.3
2025-11-21T23:00:00-08:00,40,70,113.9
2025-11-21T23:30:00-08:00,40,70,112.8
2025-11-22T00:00:00-08:00,40,69,113.4
2025-11-22T00:30:00-08:00,41,68,113.3
2025-11-22T01:00:00-08:00,41,68,112.8
2025-11-22T01:30:00-08:00,41,68,113.1
2025-11-22T02:00:00-08:00,41,67,114
2025-11-22T02:30:00-08:00,41,67,113.2
2025-11-22T03:00:00-08:00,42,67,113.4
2025-11-22T03:30:00-08:00,42,67,113.7
2025-11-22T04:00:00-08:00,42,66,113.8
2025-11-22T04:30:00-08:00,42,66,113.8
2025-11-22T05:00:00-08:00,42,66,113.4
2025-11-22T05:30:00-08:00,42,66,114.1
2025-11-22T06:00:00-08:00,42,65,114
2025-11-22T06:30:00-08:00,42,65,114
2025-11-22T07:00:00-08:00,42,65,114.4
2025-11-22T07:30:00-08:00,42,66,113.7
2025-11-22T08:00:00-08:00,43,66,114
2025-11-22T08:30:00-08:00,43,67,112.5
2025-11-22T09:00:00-08:00,43,69,111.5
2025-11-22T09:30:00-08:00,41,71,111.8
2025-11-22T10:00:00-08:00,40,72,111.2
2025-11-22T10:30:00-08:00,40,73,111.9
2025-11-22T11:00:00-08:00,40,74,112.1
2025-11-22T11:30:00-08:00,39,75,112.9
2025-11-22T12:00:00-08:00,38,75,113.8
2025-11-22T12:30:00-08:00,38,77,116.4
2025-11-22T13:00:00-08:00,36,79,118.1
2025-11-22T13:30:00-08:00,34,81,120.8
2025-11-22T14:00:00-08:00,33,82,121.8
2025-11-22T14:30:00-08:00,33,82,123.1
2025-11-22T15:00:00-08:00,33,82,122.8
2025-11-22T15:30:00-08:00,32,81,122
2025-11-22T16:00:00-08:00,32,81,122.2
2025-11-22T16:30:00-08:00,34,79,120.2
2025-11-22T17:00:00-08:00,36,78,118.8
2025-11-22T17:30:00-08:00,38,77,117.6
2025-11-22T18:00:00-08:00,39,75,115.7
2025-11-22T18:30:00-08:00,40,74,114.6
2025-11-22T19:00:00-08:00,40,74,113.9
2025-11-22T19:30:00-08:00,40,73,113.1
2025-11-22T20:00:00-08:00,40,72,112.9
2025-11-22T20:30:00-08:00,41,72,113.5
2025-11-22T21:00:00-08:00,41,71,113.8
2025-11-22T21:30:00-08:00,42,70,113.8
2025-11-22T22:00:00-08:00,42,70,114
2025-11-22T22:30:00-08:00,42,70,114
2025-11-22T23:00:00-08:00,42,69,113.6
2025-11-22T23:30:00-08:00,42,68,113.5
2025-11-23T00:00:00-08:00,42,68,113.7
2025-11-23T00:30:00-08:00,42,68,114.9
2025-11-23T01:00:00-08:00,42,67,114.7
2025-11-23T01:30:00-08:00,42,67,113.2
2025-11-23T02:00:00-08:00,42,66,114.5
2025-11-23T02:30:00-08:00,42,66,114.1
2025-11-23T03:00:00-08:00,43,66,113.8
2025-11-23T03:30:00-08:00,44,66,114.3
2025-11-23T04:00:00-08:00,44,66,114.3
2025-11-23T04:30:00-08:00,45,67,114.3
2025-11-23T05:00:00-08:00,46,67,114.2
2025-11-23T05:30:00-08:00,46,68,115.4
2025-11-23T06:00:00-08:00,45,68,114.2
2025-11-23T06:30:00-08:00,46,68,114.7
2025-11-23T07:00:00-08:00,46,68,114.8
2025-11-23T07:30:00-08:00,46,68,114.9
2025-11-23T08:00:00-08:00,46,68,114.5
2025-11-23T08:30:00-08:00,46,69,114.5
2025-11-23T09:00:00-08:00,46,69,115.3
2025-11-23T09:30:00-08:00,46,69,114.5
2025-11-23T10:00:00-08:00,46,70,113.5
2025-11-23T10:30:00-08:00,45,70,114.2
2025-11-23T11:00:00-08:00,44,71,113.6
2025-11-23T11:30:00-08:00,44,71,113.6
2025-11-23T12:00:00-08:00,44,72,114
2025-11-23T12:30:00-08:00,44,73,114
2025-11-23T13:00:00-08:00,42,75,116.1
2025-11-23T13:30:00-08:00,41,77,118.3
2025-11-23T14:00:00-08:00,39,78,119
2025-11-23T14:30:00-08:00,38,79,120.3
2025-11-23T15:00:00-08:00,38,79,120.8
2025-11-23T15:30:00-08:00,39,78,120.2
2025-11-23T16:00:00-08:00,40,77,118.6
2025-11-23T16:30:00-08:00,41,76,116.8
2025-11-23T17:00:00-08:00,42,75,116.1
2025-11-23T17:30:00-08:00,43,74,115
2025-11-23T18:00:00-08:00,43,73,115.1
2025-11-23T18:30:00-08:00,43,73,113.9
2025-11-23T19:00:00-08:00,44,72,112.8
2025-11-23T19:30:00-08:00,45,72,112.6
2025-11-23T20:00:00-08:00,45,72,113.6
2025-11-23T20:30:00-08:00,45,72,113.1
2025-11-23T21:00:00-08:00,44,72,112.7
2025-11-23T21:30:00-08:00,44,72,112.2
2025-11-23T22:00:00-08:00,44,72,112.7
2025-11-23T22:30:00-08:00,43,72,113
2025-11-23T23:00:00-08:00,43,72,113.7
2025-11-23T23:30:00-08:00,43,72,113.5
2025-11-24T00:00:00-08:00,43,72,113.5
2025-11-24T00:30:00-08:00,43,72,113.4
2025-11-24T01:00:00-08:00,43,71,113
2025-11-24T01:30:00-08:00,43,71,112.8
2025-11-24T02:00:00-08:00,43,72,112.8
2025-11-24T02:30:00-08:00,44,71,113.6
2025-11-24T03:00:00-08:00,44,71,112.8
2025-11-24T03:30:00-08:00,44,71,113.5
2025-11-24T04:00:00-08:00,44,71,113.2
2025-11-24T04:30:00-08:00,44,71,113.2
2025-11-24T05:00:00-08:00,44,71,113.2
2025-11-24T05:30:00-08:00,43,71,112.4
2025-11-24T06:00:00-08:00,43,71,112.3
2025-11-24T06:30:00-08:00,43,70,112.8
2025-11-24T07:00:00-08:00,42,70,112.3
2025-11-24T07:30:00-08:00,42,70,112.7
2025-11-24T08:00:00-08:00,42,70,113.4
2025-11-24T08:30:00-08:00,42,70,111.7
2025-11-24T09:00:00-08:00,42,71,112.1
2025-11-24T09:30:00-08:00,41,72,112.7
2025-11-24T10:00:00-08:00,40,72,111.8
2025-11-24T10:30:00-08:00,40,73,112.7
2025-11-24T11:00:00-08:00,40,74,112.5
2025-11-24T11:30:00-08:00,40,75,113.1
2025-11-24T12:00:00-08:00,40,75,114.6
2025-11-24T12:30:00-08:00,40,76,116.3
2025-11-24T13:00:00-08:00,39,78,118.2
2025-11-24T13:30:00-08:00,37,79,120.4
2025-11-24T14:00:00-08:00,37,80,121.2
2025-11-24T14:30:00-08:00,37,80,121.5
2025-11-24T15:00:00-08:00,37,80,121.4
2025-11-24T15:30:00-08:00,38,79,121
2025-11-24T16:00:00-08:00,39,78,118.7
2025-11-24T16:30:00-08:00,40,77,117.9
2025-11-24T17:00:00-08:00,41,76,116.8
2025-11-24T17:30:00-08:00,41,76,116.5
2025-11-24T18:00:00-08:00,42,75,114.9
2025-11-24T18:30:00-08:00,42,74,113.4
2025-11-24T19:00:00-08:00,42,73,112.8
2025-11-24T19:30:00-08:00,42,72,112.8
2025-11-24T20:00:00-08:00,42,72,112.8
2025-11-24T20:30:00-08:00,42,71,113.2
2025-11-24T21:00:00-08:00,43,71,112.9
2025-11-24T21:30:00-08:00,42,71,113
2025-11-24T22:00:00-08:00,42,70,112.8
2025-11-24T22:30:00-08:00,42,70,113.5
2025-11-24T23:00:00-08:00,42,70,113.5
2025-11-24T23:30:00-08:00,42,69,113
2025-11-25T00:00:00-08:00,42,69,113.8
2025-11-25T00:30:00-08:00,42,69,113.3
2025-11-25T01:00:00-08:00,42,68,114.3
2025-11-25T01:30:00-08:00,42,68,114.1
2025-11-25T02:00:00-08:00,42,67,113.6
2025-11-25T02:30:00-08:00,43,67,113.7
2025-11-25T03:00:00-08:00,42,67,114.3
2025-11-25T03:30:00-08:00,42,67,114.4
2025-11-25T04:00:00-08:00,42,66,114.1
2025-11-25T04:30:00-08:00,42,66,114
2025-11-25T05:00:00-08:00,42,66,114.2
2025-11-25T05:30:00-08:00,42,65,114.4
2025-11-25T06:00:00-08:00,43,65,114.8
2025-11-25T06:30:00-08:00,44,66,114.8
2025-11-25T07:00:00-08:00,45,67,115.8
2025-11-25T07:30:00-08:00,45,67,114.8
2025-11-25T08:00:00-08:00,45,67,114.7
2025-11-25T08:30:00-08:00,46,67,113.9
2025-11-25T09:00:00-08:00,46,69,113.5
2025-11-25T09:30:00-08:00,46,69,113.6
2025-11-25T10:00:00-08:00,46,69,115.1
2025-11-25T10:30:00-08:00,45,69,114.1
2025-11-25T11:00:00-08:00,45,70,113.5
2025-11-25T11:30:00-08:00,44,71,113.2
2025-11-25T12:00:00-08:00,43,72,113.6
2025-11-25T12:30:00-08:00,43,73,113.4
2025-11-25T13:00:00-08:00,41,75,114.8
2025-11-25T13:30:00-08:00,39,77,116.8
2025-11-25T14:00:00-08:00,38,78,118.1
2025-11-25T14:30:00-08:00,38,79,118.6
2025-11-25T15:00:00-08:00,37,79,119.5
2025-11-25T15:30:00-08:00,37,79,120
2025-11-25T16:00:00-08:00,38,78,119.4
2025-11-25T16:30:00-08:00,39,76,116.9
2025-11-25T17:00:00-08:00,40,75,115.6
2025-11-25T17:30:00-08:00,40,74,114.6
2025-11-25T18:00:00-08:00,40,73,113.1
2025-11-25T18:30:00-08:00,39,72,113.5
2025-11-25T19:00:00-08:00,40,72,114.2
2025-11-25T19:30:00-08:00,40,71,113.9
2025-11-25T20:00:00-08:00,40,71,114.1
2025-11-25T20:30:00-08:00,40,70,113.9
2025-11-25T21:00:00-08:00,40,70,113.8
2025-11-25T21:30:00-08:00,40,70,114.7
2025-11-25T22:00:00-08:00,40,69,113.7
2025-11-25T22:30:00-08:00,40,69,114.5
2025-11-25T23:00:00-08:00,41,68,113.7
2025-11-25T23:30:00-08:00,41,68,113.3
2025-11-26T00:00:00-08:00,41,67,113.6
2025-11-26T00:30:00-08:00,42,67,114.3
2025-11-26T01:00:00-08:00,42,66,114.3
2025-11-26T01:30:00-08:00,42,66,115.5
2025-11-26T02:00:00-08:00,42,66,115.6
2025-11-26T02:30:00-08:00,42,66,115.8
2025-11-26T03:00:00-08:00,41,66,115.6
2025-11-26T03:30:00-08:00,41,66,114.9
2025-11-26T04:00:00-08:00,41,65,115
2025-11-26T04:30:00-08:00,41,65,115.1
2025-11-26T05:00:00-08:00,41,65,115.1
2025-11-26T05:30:00-08:00,41,65,115.8
2025-11-26T06:00:00-08:00,42,64,115.8
2025-11-26T06:30:00-08:00,42,63,114.5
2025-11-26T07:00:00-08:00,42,64,115.8
2025-11-26T07:30:00-08:00,43,64,115.1
2025-11-26T08:00:00-08:00,43,64,114.9
2025-11-26T08:30:00-08:00,45,65,113.6
2025-11-26T09:00:00-08:00,44,67,113.2
2025-11-26T09:30:00-08:00,44,68,112.8
2025-11-26T10:00:00-08:00,43,69,113.1
2025-11-26T10:30:00-08:00,43,70,113.1
2025-11-26T11:00:00-08:00,42,71,112.7
2025-11-26T11:30:00-08:00,41,72,113.8
2025-11-26T12:00:00-08:00,40,72,113.5
2025-11-26T12:30:00-08:00,40,74,113.8
2025-11-26T13:00:00-08:00,38,75,116.1
2025-11-26T13:30:00-08:00,36,77,118
2025-11-26T14:00:00-08:00,35,78,119.1
2025-11-26T14:30:00-08:00,34,79,120
2025-11-26T15:00:00-08:00,33,79,120.2
2025-11-26T15:30:00-08:00,32,79,118.5
2025-11-26T16:00:00-08:00,33,78,117.7
2025-11-26T16:30:00-08:00,33,77,116
2025-11-26T17:00:00-08:00,34,75,114.9
2025-11-26T17:30:00-08:00,35,74,112.9
2025-11-26T18:00:00-08:00,36,73,112.6
2025-11-26T18:30:00-08:00,36,73,112.9
2025-11-26T19:00:00-08:00,36,72,114.2
2025-11-26T19:30:00-08:00,37,71,114.2
2025-11-26T20:00:00-08:00,38,70,114.4
2025-11-26T20:30:00-08:00,38,70,115.2
2025-11-26T21:00:00-08:00,38,70,115.4
2025-11-26T21:30:00-08:00,39,69,114.8
2025-11-26T22:00:00-08:00,39,69,116.1
2025-11-26T22:30:00-08:00,40,68,115.8
2025-11-26T23:00:00-08:00,40,68,115.2
2025-11-26T23:30:00-08:00,40,68,115.5
2025-11-27T00:00:00-08:00,40,68,115.3
2025-11-27T00:30:00-08:00,40,67,115.6
2025-11-27T01:00:00-08:00,40,67,116.2
2025-11-27T01:30:00-08:00,40,67,116.5
2025-11-27T02:00:00-08:00,40,67,116.6
2025-11-27T02:30:00-08:00,41,66,117
2025-11-27T03:00:00-08:00,41,66,116.4
2025-11-27T03:30:00-08:00,41,65,116.5
2025-11-27T04:00:00-08:00,41,65,116.5
2025-11-27T04:30:00-08:00,41,65,116.1
2025-11-27T05:00:00-08:00,41,65,116.4
2025-11-27T05:30:00-08:00,41,65,116.5
2025-11-27T06:00:00-08:00,42,65,116.6
2025-11-27T06:30:00-08:00,42,64,116.8
2025-11-27T07:00:00-08:00,42,64,117.4
2025-11-27T07:30:00-08:00,43,64,116.9
2025-11-27T08:00:00-08:00,43,65,116.3
2025-11-27T08:30:00-08:00,43,65,115.9
2025-11-27T09:00:00-08:00,43,66,115.6
2025-11-27T09:30:00-08:00,42,67,116.1
2025-11-27T10:00:00-08:00,42,68,114.6
2025-11-27T10:30:00-08:00,41,69,114.5
2025-11-27T11:00:00-08:00,41,70,114.3
2025-11-27T11:30:00-08:00,41,71,114.5
2025-11-27T12:00:00-08:00,40,72,114.3
2025-11-27T12:30:00-08:00,39,73,113.9
2025-11-27T13:00:00-08:00,38,75,115.4
2025-11-27T13:30:00-08:00,36,76,117.5
2025-11-27T14:00:00-08:00,35,77,117.3
2025-11-27T14:30:00-08:00,35,77,117.2
2025-11-27T15:00:00-08:00,35,77,118
2025-11-27T15:30:00-08:00,35,77,118.3
2025-11-27T16:00:00-08:00,35,76,117.3
2025-11-27T16:30:00-08:00,36,75,116
2025-11-27T17:00:00-08:00,38,73,115.5
2025-11-27T17:30:00-08:00,38,73,113.9
2025-11-27T18:00:00-08:00,38,72,114.7
2025-11-27T18:30:00-08:00,39,71,114.8
2025-11-27T19:00:00-08:00,39,71,114.4
2025-11-27T19:30:00-08:00,39,70,115
2025-11-27T20:00:00-08:00,40,70,115.2
2025-11-27T20:30:00-08:00,40,69,115
2025-11-27T21:00:00-08:00,40,69,115.1
2025-11-27T21:30:00-08:00,41,69,115.2
2025-11-27T22:00:00-08:00,41,68,116.3
2025-11-27T22:30:00-08:00,41,68,115.9
2025-11-27T23:00:00-08:00,41,68,116.5
2025-11-27T23:30:00-08:00,41,67,118.3
2025-11-28T00:00:00-08:00,41,67,117.7
2025-11-28T00:30:00-08:00,41,67,118.7
2025-11-28T01:00:00-08:00,41,66,118.6
2025-11-28T01:30:00-08:00,41,66,118.6
2025-11-28T02:00:00-08:00,42,66,118.6
2025-11-28T02:30:00-08:00,42,66,119
2025-11-28T03:00:00-08:00,42,66,119.8
2025-11-28T03:30:00-08:00,42,66,119.1
2025-11-28T04:00:00-08:00,42,65,118.3
2025-11-28T04:30:00-08:00,43,65,118.8
2025-11-28T05:00:00-08:00,43,66,118.2
2025-11-28T05:30:00-08:00,43,66,118.7
2025-11-28T06:00:00-08:00,42,66,118.8
2025-11-28T06:30:00-08:00,42,65,119.1
2025-11-28T07:00:00-08:00,42,65,119.2
2025-11-28T07:30:00-08:00,42,65,119.3
2025-11-28T08:00:00-08:00,43,65,118.5
2025-11-28T08:30:00-08:00,44,66,118.5
2025-11-28T09:00:00-08:00,44,67,117.2
2025-11-28T09:30:00-08:00,44,67,116.7
2025-11-28T10:00:00-08:00,43,68,116.8
2025-11-28T10:30:00-08:00,43,69,116.3
2025-11-28T11:00:00-08:00,42,70,116.6
2025-11-28T11:30:00-08:00,42,71,114.6
2025-11-28T12:00:00-08:00,41,72,114.7
2025-11-28T12:30:00-08:00,41,72,114.3
2025-11-28T13:00:00-08:00,39,75,115.7
2025-11-28T13:30:00-08:00,38,76,118.3
2025-11-28T14:00:00-08:00,37,77,119.5
2025-11-28T14:30:00-08:00,38,77,119.8
2025-11-28T15:00:00-08:00,39,76,118.7
2025-11-28T15:30:00-08:00,40,75,117.1
2025-11-28T16:00:00-08:00,41,74,114.5
2025-11-28T16:30:00-08:00,42,72,113.6
2025-11-28T17:00:00-08:00,43,71,113.3
2025-11-28T17:30:00-08:00,43,70,112.9
2025-11-28T18:00:00-08:00,43,70,113.5
2025-11-28T18:30:00-08:00,44,68,113.5
2025-11-28T19:00:00-08:00,43,68,113.7
2025-11-28T19:30:00-08:00,43,68,113.6
2025-11-28T20:00:00-08:00,43,67,113.9
2025-11-28T20:30:00-08:00,44,66,112.8
2025-11-28T21:00:00-08:00,44,66,112.9
2025-11-28T21:30:00-08:00,45,65,113.7
2025-11-28T22:00:00-08:00,45,65,114
2025-11-28T22:30:00-08:00,45,65,114.8
2025-11-28T23:00:00-08:00,46,65,115.4
2025-11-28T23:30:00-08:00,46,65,115.1
2025-11-29T00:00:00-08:00,45,65,115.1
2025-11-29T00:30:00-08:00,45,64,114.4
2025-11-29T01:00:00-08:00,46,64,114.3
2025-11-29T01:30:00-08:00,46,64,113.9
2025-11-29T02:00:00-08:00,45,64,114.6
2025-11-29T02:30:00-08:00,44,64,114.6
2025-11-29T03:00:00-08:00,44,63,114.9
2025-11-29T03:30:00-08:00,44,63,114.5
2025-11-29T04:00:00-08:00,45,63,113.6
2025-11-29T04:30:00-08:00,45,63,115.3
2025-11-29T05:00:00-08:00,45,63,114.4
2025-11-29T05:30:00-08:00,45,63,115
2025-11-29T06:00:00-08:00,45,63,115.7
2025-11-29T06:30:00-08:00,45,63,115.4
2025-11-29T07:00:00-08:00,45,62,115.8
2025-11-29T07:30:00-08:00,46,62,115.4
2025-11-29T08:00:00-08:00,47,62,116.4
2025-11-29T08:30:00-08:00,47,63,117.2
2025-11-29T09:00:00-08:00,46,64,117.6
2025-11-29T09:30:00-08:00,45,65,116.1
2025-11-29T10:00:00-08:00,44,66,113.9
2025-11-29T10:30:00-08:00,44,67,112.6
2025-11-29T11:00:00-08:00,42,69,113
2025-11-29T11:30:00-08:00,41,68,112.7
2025-11-29T12:00:00-08:00,41,68,112.9
2025-11-29T12:30:00-08:00,40,70,111.7
2025-11-29T13:00:00-08:00,38,71,111.2
2025-11-29T13:30:00-08:00,36,74,112.9
2025-11-29T14:00:00-08:00,35,76,115.3
2025-11-29T14:30:00-08:00,34,77,117
2025-11-29T15:00:00-08:00,35,76,117.5
2025-11-29T15:30:00-08:00,34,76,116.5
2025-11-29T16:00:00-08:00,36,74,114.9
2025-11-29T16:30:00-08:00,38,73,113.2
2025-11-29T17:00:00-08:00,38,72,112.4
2025-11-29T17:30:00-08:00,40,70,114
2025-11-29T18:00:00-08:00,40,69,113.7
2025-11-29T18:30:00-08:00,40,68,113.3
2025-11-29T19:00:00-08:00,40,68,113.4
2025-11-29T19:30:00-08:00,41,67,113.1
2025-11-29T20:00:00-08:00,42,66,114
2025-11-29T20:30:00-08:00,42,66,114.6
2025-11-29T21:00:00-08:00,43,66,114
2025-11-29T21:30:00-08:00,43,65,114.6
2025-11-29T22:00:00-08:00,43,65,114.8
2025-11-29T22:30:00-08:00,44,65,115.2
2025-11-29T23:00:00-08:00,43,65,115.4
2025-11-29T23:30:00-08:00,43,65,114.8
2025-11-30T00:00:00-08:00,43,64,115.3
2025-11-30T00:30:00-08:00,43,64,115.2
2025-11-30T01:00:00-08:00,44,64,115.2
2025-11-30T01:30:00-08:00,44,64,115.9
2025-11-30T02:00:00-08:00,44,64,116.5
2025-11-30T02:30:00-08:00,44,63,115.9
2025-11-30T03:00:00-08:00,44,63,115.3
2025-11-30T03:30:00-08:00,44,64,115.7
2025-11-30T04:00:00-08:00,44,64,115.2
2025-11-30T04:30:00-08:00,45,63,115.8
2025-11-30T05:00:00-08:00,45,63,115.1
2025-11-30T05:30:00-08:00,45,64,116.1
2025-11-30T06:00:00-08:00,44,64,114.5
2025-11-30T06:30:00-08:00,44,64,114.8
2025-11-30T07:00:00-08:00,44,64,114.7
2025-11-30T07:30:00-08:00,44,64,114.3
2025-11-30T08:00:00-08:00,44,64,114
2025-11-30T08:30:00-08:00,44,65,113.7
2025-11-30T09:00:00-08:00,44,65,113.5
2025-11-30T09:30:00-08:00,44,65,114.1
2025-11-30T10:00:00-08:00,44,65,113.8
2025-11-30T10:30:00-08:00,44,65,114.1
2025-11-30T11:00:00-08:00,45,66,112.5
2025-11-30T11:30:00-08:00,45,66,112.4
2025-11-30T12:00:00-08:00,44,67,112.7
2025-11-30T12:30:00-08:00,43,68,111.4
2025-11-30T13:00:00-08:00,41,70,111.4
2025-11-30T13:30:00-08:00,38,72,111.3
2025-11-30T14:00:00-08:00,36,73,112.2
2025-11-30T14:30:00-08:00,38,71,111.9
2025-11-30T15:00:00-08:00,39,70,111.8
2025-11-30T15:30:00-08:00,39,70,112.1
2025-11-30T16:00:00-08:00,41,69,111.8
2025-11-30T16:30:00-08:00,41,69,112.2
2025-11-30T17:00:00-08:00,41,68,112.5
2025-11-30T17:30:00-08:00,41,67,112.9
2025-11-30T18:00:00-08:00,41,67,112.5
2025-11-30T18:30:00-08:00,41,66,112.4
2025-11-30T19:00:00-08:00,42,66,112.9
2025-11-30T19:30:00-08:00,42,66,113.9
2025-11-30T20:00:00-08:00,42,66,113.9
2025-11-30T20:30:00-08:00,42,65,112.9
2025-11-30T21:00:00-08:00,42,65,113.5
2025-11-30T21:30:00-08:00,42,64,112.8
2025-11-30T22:00:00-08:00,42,64,113.6
2025-11-30T22:30:00-08:00,42,63,114
2025-11-30T23:00:00-08:00,42,63,113.8
2025-11-30T23:30:00-08:00,43,63,114.1
2025-12-01T00:00:00-08:00,43,63,114
2025-12-01T00:30:00-08:00,43,62,113.5
2025-12-01T01:00:00-08:00,43,62,114.9
2025-12-01T01:30:00-08:00,43,62,114.4
2025-12-01T02:00:00-08:00,43,62,115.1
2025-12-01T02:30:00-08:00,43,62,114.8
2025-12-01T03:00:00-08:00,44,62,114.7
2025-12-01T03:30:00-08:00,44,62,115
2025-12-01T04:00:00-08:00,44,63,114.3
2025-12-01T04:30:00-08:00,44,63,114.4
2025-12-01T05:00:00-08:00,44,63,114.4
2025-12-01T05:30:00-08:00,44,63,114.6
2025-12-01T06:00:00-08:00,44,63,114
2025-12-01T06:30:00-08:00,44,64,113.9
2025-12-01T07:00:00-08:00,44,64,114.7
2025-12-01T07:30:00-08:00,44,64,113.7
2025-12-01T08:00:00-08:00,44,64,113
2025-12-01T08:30:00-08:00,44,65,112.7
2025-12-01T09:00:00-08:00,44,65,112.3
2025-12-01T09:30:00-08:00,43,66,112.7
2025-12-01T10:00:00-08:00,42,66,111.4
2025-12-01T10:30:00-08:00,41,67,111.7
2025-12-01T11:00:00-08:00,42,67,111.6
2025-12-01T11:30:00-08:00,41,67,111.7
2025-12-01T12:00:00-08:00,40,69,111.7
2025-12-01T12:30:00-08:00,39,70,110.8
2025-12-01T13:00:00-08:00,37,72,110.6
2025-12-01T13:30:00-08:00,35,73,111.7
2025-12-01T14:00:00-08:00,34,74,111.5
2025-12-01T14:30:00-08:00,34,73,112.3
2025-12-01T15:00:00-08:00,35,73,112.8
2025-12-01T15:30:00-08:00,36,71,113.3
2025-12-01T16:00:00-08:00,37,70,113.2
2025-12-01T16:30:00-08:00,37,70,114.1
2025-12-01T17:00:00-08:00,38,69,113.7
2025-12-01T17:30:00-08:00,38,68,113.3
2025-12-01T18:00:00-08:00,39,68,113.9
2025-12-01T18:30:00-08:00,40,67,114.1
2025-12-01T19:00:00-08:00,40,67,113.6
2025-12-01T19:30:00-08:00,40,67,113.6
2025-12-01T20:00:00-08:00,40,66,114.7
2025-12-01T20:30:00-08:00,40,66,114.6
2025-12-01T21:00:00-08:00,41,66,114.2
2025-12-01T21:30:00-08:00,41,65,114.7
2025-12-01T22:00:00-08:00,41,65,114.4
2025-12-01T22:30:00-08:00,41,65,114.8
2025-12-01T23:00:00-08:00,41,64,114.6
2025-12-01T23:30:00-08:00,42,64,115.1
2025-12-02T00:00:00-08:00,42,64,114.8
2025-12-02T00:30:00-08:00,42,64,114.5
2025-12-02T01:00:00-08:00,42,64,115.9
2025-12-02T01:30:00-08:00,42,64,116.1
2025-12-02T02:00:00-08:00,42,64,116.4
2025-12-02T02:30:00-08:00,42,64,116
2025-12-02T03:00:00-08:00,42,63,115.2
2025-12-02T03:30:00-08:00,43,63,115.5
2025-12-02T04:00:00-08:00,43,63,116
2025-12-02T04:30:00-08:00,43,63,115.8
2025-12-02T05:00:00-08:00,43,63,116.4
2025-12-02T05:30:00-08:00,44,63,116.3
2025-12-02T06:00:00-08:00,44,64,116.1
2025-12-02T06:30:00-08:00,44,64,116.2
2025-12-02T07:00:00-08:00,43,63,116.5
2025-12-02T07:30:00-08:00,44,63,115.8
2025-12-02T08:00:00-08:00,44,63,115.1
2025-12-02T08:30:00-08:00,42,67,111.8
2025-12-02T09:00:00-08:00,39,70,112.3
2025-12-02T09:30:00-08:00,39,70,112.7
2025-12-02T10:00:00-08:00,39,71,113.7
2025-12-02T10:30:00-08:00,38,71,113
2025-12-02T11:00:00-08:00,39,72,112.2
2025-12-02T11:30:00-08:00,38,72,113.4
2025-12-02T12:00:00-08:00,38,72,112.7
2025-12-02T12:30:00-08:00,37,74,114.1
2025-12-02T13:00:00-08:00,36,76,116.5
2025-12-02T13:30:00-08:00,33,79,119
2025-12-02T14:00:00-08:00,32,81,120.9
2025-12-02T14:30:00-08:00,30,82,121.9
2025-12-02T15:00:00-08:00,30,81,121.8
2025-12-02T15:30:00-08:00,30,81,120.2
2025-12-02T16:00:00-08:00,31,79,118.3
2025-12-02T16:30:00-08:00,32,77,116.3
2025-12-02T17:00:00-08:00,35,76,114.1
2025-12-02T17:30:00-08:00,37,74,113.1
2025-12-02T18:00:00-08:00,37,73,111.8
2025-12-02T18:30:00-08:00,39,72,111
2025-12-02T19:00:00-08:00,41,71,110.8
2025-12-02T19:30:00-08:00,43,71,110.3
2025-12-02T20:00:00-08:00,43,70,110.6
2025-12-02T20:30:00-08:00,42,70,110.7
2025-12-02T21:00:00-08:00,41,69,111.5
2025-12-02T21:30:00-08:00,40,68,111.4
2025-12-02T22:00:00-08:00,40,68,111.3
2025-12-02T22:30:00-08:00,40,68,112.3
2025-12-02T23:00:00-08:00,40,67,112.2
2025-12-02T23:30:00-08:00,42,67,113.2
2025-12-03T00:00:00-08:00,44,65,113.6
2025-12-03T00:30:00-08:00,44,65,113.3
2025-12-03T01:00:00-08:00,43,65,113.4
2025-12-03T01:30:00-08:00,44,63,114
2025-12-03T02:00:00-08:00,43,64,114.2
2025-12-03T02:30:00-08:00,42,64,113.8
2025-12-03T03:00:00-08:00,42,63,114.2
2025-12-03T03:30:00-08:00,43,63,113.7
2025-12-03T04:00:00-08:00,43,63,114.2
2025-12-03T04:30:00-08:00,43,62,114.4
2025-12-03T05:00:00-08:00,42,62,114.9
2025-12-03T05:30:00-08:00,43,61,114.7
2025-12-03T06:00:00-08:00,43,61,116
2025-12-03T06:30:00-08:00,42,61,116.1
2025-12-03T07:00:00-08:00,43,60,116.2
2025-12-03T07:30:00-08:00,45,61,115.6
2025-12-03T08:00:00-08:00,45,62,114
2025-12-03T08:30:00-08:00,45,63,112.7
2025-12-03T09:00:00-08:00,39,69,111.2
2025-12-03T12:00:00-08:00,27,75,113.6
2025-12-03T12:30:00-08:00,25,76,113.6
2025-12-03T13:00:00-08:00,25,78,116.6
2025-12-03T13:30:00-08:00,23,80,119
2025-12-03T14:00:00-08:00,21,82,121.5
2025-12-03T14:30:00-08:00,22,81,121
2025-12-03T15:00:00-08:00,22,80,120.7
2025-12-03T15:30:00-08:00,21,80,119.9
2025-12-03T16:00:00-08:00,24,80,118.4
2025-12-03T16:30:00-08:00,26,78,116.4
2025-12-03T17:00:00-08:00,27,76,113.7
2025-12-03T17:30:00-08:00,26,74,111.8
2025-12-03T18:00:00-08:00,28,73,110.8
2025-12-03T18:30:00-08:00,29,72,111.3
2025-12-03T19:00:00-08:00,29,71,110.4
2025-12-03T19:30:00-08:00,29,70,111
2025-12-03T20:00:00-08:00,29,70,110.6
2025-12-03T20:30:00-08:00,30,70,110.8
2025-12-03T21:00:00-08:00,31,69,112.2
2025-12-03T21:30:00-08:00,33,68,111.1
2025-12-03T22:00:00-08:00,33,67,112.9
2025-12-03T22:30:00-08:00,33,66,113.2
2025-12-03T23:00:00-08:00,33,66,112
2025-12-03T23:30:00-08:00,33,66,112.6
2025-12-04T00:00:00-08:00,33,66,112.1
2025-12-04T00:30:00-08:00,34,65,112.5
2025-12-04T01:00:00-08:00,35,64,112.6
2025-12-04T01:30:00-08:00,35,64,112.6
2025-12-04T02:00:00-08:00,35,63,112.8
2025-12-04T02:30:00-08:00,35,63,113.6
2025-12-04T03:00:00-08:00,35,63,113.4
2025-12-04T03:30:00-08:00,35,63,113.1
2025-12-04T04:00:00-08:00,36,62,113.7
2025-12-04T04:30:00-08:00,37,62,114.2
2025-12-04T05:00:00-08:00,38,61,113.9
2025-12-04T05:30:00-08:00,38,61,114.4
2025-12-04T06:00:00-08:00,37,62,114.8
2025-12-04T06:30:00-08:00,37,62,114.6
2025-12-04T07:00:00-08:00,37,62,114.5
2025-12-04T07:30:00-08:00,38,62,115.8
2025-12-04T08:00:00-08:00,41,61,115.7
2025-12-04T08:30:00-08:00,42,63,112.9
2025-12-04T09:00:00-08:00,40,64,113.1
2025-12-04T09:30:00-08:00,40,65,112.5
2025-12-04T10:00:00-08:00,41,65,113.3
2025-12-04T10:30:00-08:00,40,65,113.2
2025-12-04T11:00:00-08:00,40,65,112.3
2025-12-04T11:30:00-08:00,39,66,112
2025-12-04T12:00:00-08:00,39,66,111.5
2025-12-04T12:30:00-08:00,36,69,111.6
2025-12-04T13:00:00-08:00,34,72,111
2025-12-04T13:30:00-08:00,32,74,112.5
2025-12-04T14:00:00-08:00,31,74,113.1
2025-12-04T14:30:00-08:00,32,74,112.3
2025-12-04T15:00:00-08:00,31,75,113.2
2025-12-04T15:30:00-08:00,30,75,113.5
2025-12-04T16:00:00-08:00,31,74,112.1
2025-12-04T16:30:00-08:00,32,73,111.5
2025-12-04T17:00:00-08:00,32,72,111.8
2025-12-04T17:30:00-08:00,32,71,112.2
2025-12-04T18:00:00-08:00,33,70,111.6
2025-12-04T18:30:00-08:00,33,69,112.4
2025-12-04T19:00:00-08:00,34,68,111.4
2025-12-04T19:30:00-08:00,35,68,111.9
2025-12-04T20:00:00-08:00,36,67,112.5
2025-12-04T20:30:00-08:00,36,67,113.4
2025-12-04T21:00:00-08:00,36,66,112.6
2025-12-04T21:30:00-08:00,36,66,113.2
2025-12-04T22:00:00-08:00,37,65,112.9
2025-12-04T22:30:00-08:00,37,65,113.2
2025-12-04T23:00:00-08:00,37,64,112.6
2025-12-04T23:30:00-08:00,37,64,113.2
2025-12-05T00:00:00-08:00,37,64,113.6
2025-12-05T00:30:00-08:00,37,64,114.8
2025-12-05T01:00:00-08:00,38,64,114.8
2025-12-05T01:30:00-08:00,38,64,115.2
2025-12-05T02:00:00-08:00,38,64,114.7
2025-12-05T02:30:00-08:00,38,63,115.4
2025-12-05T03:00:00-08:00,38,63,115.6
2025-12-05T03:30:00-08:00,38,63,115.3
2025-12-05T04:00:00-08:00,38,62,115.6
2025-12-05T04:30:00-08:00,38,62,115.3
2025-12-05T05:00:00-08:00,38,62,114.9
2025-12-05T05:30:00-08:00,39,62,116.2
2025-12-05T06:00:00-08:00,39,62,116.1
2025-12-05T06:30:00-08:00,39,61,115
2025-12-05T07:00:00-08:00,39,61,116.2
2025-12-05T07:30:00-08:00,39,61,116.2
2025-12-05T08:00:00-08:00,39,62,116.3
2025-12-05T08:30:00-08:00,37,65,113.8
2025-12-05T09:00:00-08:00,34,69,111.6
2025-12-05T09:30:00-08:00,34,69,113.2
2025-12-05T10:00:00-08:00,34,70,113.2
2025-12-05T10:30:00-08:00,34,70,112.6
2025-12-05T11:00:00-08:00,33,71,112.3
2025-12-05T11:30:00-08:00,32,72,113.7
2025-12-05T12:00:00-08:00,32,73,112.9
2025-12-05T12:30:00-08:00,33,73,114
2025-12-05T13:00:00-08:00,32,75,116.9
2025-12-05T13:30:00-08:00,31,78,120.4
2025-12-05T14:00:00-08:00,32,78,121.7
2025-12-05T14:30:00-08:00,32,78,121.2
2025-12-05T15:00:00-08:00,32,78,121.1
2025-12-05T15:30:00-08:00,32,77,120.2
2025-12-05T16:00:00-08:00,34,76,117.3
2025-12-05T16:30:00-08:00,34,74,114.9
2025-12-05T17:00:00-08:00,36,73,114.3
2025-12-05T17:30:00-08:00,38,72,113
2025-12-05T18:00:00-08:00,37,72,113.5
2025-12-05T18:30:00-08:00,36,71,113
2025-12-05T19:00:00-08:00,35,70,112.6
2025-12-05T19:30:00-08:00,35,70,113.2
2025-12-05T20:00:00-08:00,35,69,112.7
2025-12-05T20:30:00-08:00,35,69,112.8
2025-12-05T21:00:00-08:00,37,68,112.5
2025-12-05T21:30:00-08:00,39,68,113.7
2025-12-05T22:00:00-08:00,37,67,113.1
2025-12-05T22:30:00-08:00,37,67,113.3
2025-12-05T23:00:00-08:00,38,66,114.1
2025-12-05T23:30:00-08:00,38,66,114.1
2025-12-06T00:00:00-08:00,38,66,114.4
2025-12-06T00:30:00-08:00,39,65,113.5
2025-12-06T01:00:00-08:00,40,65,114.6
2025-12-06T01:30:00-08:00,40,64,115.6
2025-12-06T02:00:00-08:00,40,64,115.2
2025-12-06T02:30:00-08:00,41,63,115.6
2025-12-06T03:00:00-08:00,43,62,116.7
2025-12-06T03:30:00-08:00,44,61,115.1
2025-12-06T04:00:00-08:00,43,62,116
2025-12-06T04:30:00-08:00,44,61,116.2
2025-12-06T05:00:00-08:00,44,61,116.8
2025-12-06T05:30:00-08:00,43,62,117.8
2025-12-06T06:00:00-08:00,43,62,118.3
2025-12-06T06:30:00-08:00,43,62,119.1
2025-12-06T07:00:00-08:00,42,62,119.6
2025-12-06T07:30:00-08:00,43,61,119.4
2025-12-06T08:00:00-08:00,44,61,118.8
2025-12-06T08:30:00-08:00,43,62,117.2
2025-12-06T09:00:00-08:00,43,63,115.6
2025-12-06T09:30:00-08:00,43,63,116.3
2025-12-06T10:00:00-08:00,43,64,115.1
2025-12-06T10:30:00-08:00,42,64,115.3
2025-12-06T11:00:00-08:00,42,65,114.2
2025-12-06T11:30:00-08:00,41,66,113.8
2025-12-06T12:00:00-08:00,40,67,113.9
2025-12-06T12:30:00-08:00,40,69,112.2
2025-12-06T13:00:00-08:00,37,72,112.3
2025-12-06T13:30:00-08:00,35,75,114.9
2025-12-06T14:00:00-08:00,34,75,117
2025-12-06T14:30:00-08:00,33,76,117.9
2025-12-06T15:00:00-08:00,33,77,117.8
2025-12-06T15:30:00-08:00,34,76,117.7
2025-12-06T16:00:00-08:00,36,74,115.3
2025-12-06T16:30:00-08:00,37,73,114.1
2025-12-06T17:00:00-08:00,38,71,113.4
2025-12-06T17:30:00-08:00,38,71,113.8
2025-12-06T18:00:00-08:00,38,70,113.7
2025-12-06T18:30:00-08:00,38,69,113.4
2025-12-06T19:00:00-08:00,39,68,113.6
2025-12-06T19:30:00-08:00,39,67,114.7
2025-12-06T20:00:00-08:00,40,66,114.8
2025-12-06T20:30:00-08:00,41,66,114.8
2025-12-06T21:00:00-08:00,41,65,114.3
2025-12-06T21:30:00-08:00,42,65,115
2025-12-06T22:00:00-08:00,42,64,115.9
2025-12-06T22:30:00-08:00,42,64,116
2025-12-06T23:00:00-08:00,42,64,115.5
2025-12-06T23:30:00-08:00,42,64,115.5
2025-12-07T00:00:00-08:00,42,64,115.2
2025-12-07T00:30:00-08:00,42,64,115.4
2025-12-07T01:00:00-08:00,43,63,115.1
2025-12-07T01:30:00-08:00,44,62,116.2
2025-12-07T02:00:00-08:00,44,62,115.8
2025-12-07T02:30:00-08:00,43,63,114.7
2025-12-07T03:00:00-08:00,43,63,115.9
2025-12-07T03:30:00-08:00,43,63,115
2025-12-07T04:00:00-08:00,43,63,116.3
2025-12-07T04:30:00-08:00,44,62,116.1
2025-12-07T05:00:00-08:00,44,62,115.7
2025-12-07T05:30:00-08:00,44,62,115.8
2025-12-07T06:00:00-08:00,44,62,115.4
2025-12-07T06:30:00-08:00,44,63,116
2025-12-07T07:00:00-08:00,44,63,115.6
2025-12-07T07:30:00-08:00,44,63,115.6
2025-12-07T08:00:00-08:00,43,63,114.4
2025-12-07T08:30:00-08:00,42,64,113
2025-12-07T09:00:00-08:00,42,65,114
2025-12-07T09:30:00-08:00,42,65,113.4
2025-12-07T10:00:00-08:00,43,65,112.1
2025-12-07T10:30:00-08:00,42,66,113
2025-12-07T11:00:00-08:00,42,66,112.9
2025-12-07T11:30:00-08:00,41,68,111.7
2025-12-07T12:00:00-08:00,41,69,112.3
2025-12-07T12:30:00-08:00,40,70,112.2
2025-12-07T13:00:00-08:00,38,72,112
2025-12-07T13:30:00-08:00,35,75,115.3
2025-12-07T14:00:00-08:00,34,76,116.4
2025-12-07T14:30:00-08:00,34,76,116.7
2025-12-07T15:00:00-08:00,35,76,117
2025-12-07T15:30:00-08:00,35,75,116.8
2025-12-07T16:00:00-08:00,36,74,114.1
2025-12-07T16:30:00-08:00,38,72,112.6
2025-12-07T17:00:00-08:00,39,71,112.7
2025-12-07T17:30:00-08:00,40,71,113.1
2025-12-07T18:00:00-08:00,40,70,112.7
2025-12-07T18:30:00-08:00,40,69,112.7
2025-12-07T19:00:00-08:00,40,68,112.9
2025-12-07T19:30:00-08:00,40,68,113
2025-12-07T20:00:00-08:00,41,67,113.3
2025-12-07T20:30:00-08:00,41,67,113.9
2025-12-07T21:00:00-08:00,41,65,114.4
2025-12-07T21:30:00-08:00,42,65,115.2
2025-12-07T22:00:00-08:00,43,64,115.5
2025-12-07T22:30:00-08:00,43,64,115.9
2025-12-07T23:00:00-08:00,43,63,115.8
2025-12-07T23:30:00-08:00,43,63,115.3
2025-12-08T00:00:00-08:00,43,63,117
2025-12-08T00:30:00-08:00,43,63,115.8
2025-12-08T01:00:00-08:00,43,63,116.3
2025-12-08T01:30:00-08:00,43,63,116.2
2025-12-08T02:00:00-08:00,43,63,115.4
2025-12-08T02:30:00-08:00,43,63,116.7
2025-12-08T03:00:00-08:00,43,63,116.5
2025-12-08T03:30:00-08:00,44,63,115.5
2025-12-08T04:00:00-08:00,43,63,117.1
2025-12-08T04:30:00-08:00,43,63,116.4
2025-12-08T05:00:00-08:00,44,63,117.2
2025-12-08T05:30:00-08:00,45,63,117.1
2025-12-08T06:00:00-08:00,44,63,117.3
2025-12-08T06:30:00-08:00,44,63,116.6
2025-12-08T07:00:00-08:00,43,63,116.3
2025-12-08T07:30:00-08:00,43,63,115.8
2025-12-08T08:00:00-08:00,43,63,115.8
2025-12-08T08:30:00-08:00,43,63,115.8
2025-12-08T09:00:00-08:00,43,64,115.3
2025-12-08T09:30:00-08:00,43,64,114.5
2025-12-08T10:00:00-08:00,43,64,114.9
2025-12-08T10:30:00-08:00,43,65,113.5
2025-12-08T11:00:00-08:00,42,66,113.8
2025-12-08T11:30:00-08:00,42,67,113.2
2025-12-08T12:00:00-08:00,41,68,112.4
2025-12-08T12:30:00-08:00,41,69,112.4
2025-12-08T13:00:00-08:00,39,71,112.8
2025-12-08T13:30:00-08:00,37,74,114.7
2025-12-08T14:00:00-08:00,35,75,117.2
2025-12-08T14:30:00-08:00,34,76,116.6
2025-12-08T15:00:00-08:00,34,77,117.5
2025-12-08T15:30:00-08:00,34,76,114.1
2025-12-08T16:00:00-08:00,35,74,112.8
2025-12-08T16:30:00-08:00,37,73,112.3
2025-12-08T17:00:00-08:00,39,72,112.1
2025-12-08T17:30:00-08:00,39,71,111.2
2025-12-08T18:00:00-08:00,39,70,111.7
2025-12-08T18:30:00-08:00,38,70,111.8
2025-12-08T19:00:00-08:00,38,69,111.6
2025-12-08T19:30:00-08:00,39,68,111.2
2025-12-08T20:00:00-08:00,39,67,113
2025-12-08T20:30:00-08:00,39,67,112.2
2025-12-08T21:00:00-08:00,39,66,112
2025-12-08T21:30:00-08:00,39,66,113
2025-12-08T22:00:00-08:00,40,65,113.3
2025-12-08T22:30:00-08:00,40,64,114.6
2025-12-08T23:00:00-08:00,40,64,113.6
2025-12-08T23:30:00-08:00,41,64,114.4
2025-12-09T00:00:00-08:00,41,63,113.9
2025-12-09T00:30:00-08:00,42,63,113.9
2025-12-09T01:00:00-08:00,42,63,114.8
2025-12-09T01:30:00-08:00,42,63,114.5
2025-12-09T02:00:00-08:00,42,63,114.1
2025-12-09T02:30:00-08:00,42,62,114.9
2025-12-09T03:00:00-08:00,42,62,114.6
2025-12-09T03:30:00-08:00,42,62,114.7
2025-12-09T04:00:00-08:00,42,62,115.4
2025-12-09T04:30:00-08:00,43,62,115.1
2025-12-09T05:00:00-08:00,42,62,115.2
2025-12-09T05:30:00-08:00,43,62,115.3
2025-12-09T06:00:00-08:00,43,62,114.8
2025-12-09T06:30:00-08:00,43,62,115.2
2025-12-09T07:00:00-08:00,43,62,115.5
2025-12-09T07:30:00-08:00,43,62,115.8
2025-12-09T08:00:00-08:00,43,63,116.2
2025-12-09T08:30:00-08:00,44,63,114.2
2025-12-09T09:00:00-08:00,44,63,114
2025-12-09T09:30:00-08:00,43,64,113.7
2025-12-09T10:00:00-08:00,43,65,112.9
2025-12-09T10:30:00-08:00,42,65,111.9
2025-12-09T11:00:00-08:00,41,67,111.9
2025-12-09T11:30:00-08:00,41,68,111.1
2025-12-09T12:00:00-08:00,40,69,112.3
2025-12-09T12:30:00-08:00,40,70,111.1
2025-12-09T13:00:00-08:00,38,72,110.7
2025-12-09T13:30:00-08:00,36,75,114.7
2025-12-09T14:00:00-08:00,35,76,117.1
2025-12-09T14:30:00-08:00,34,76,117.9
2025-12-09T15:00:00-08:00,34,76,118.7
2025-12-09T15:30:00-08:00,35,75,117
2025-12-09T16:00:00-08:00,36,74,115.6
2025-12-09T16:30:00-08:00,38,73,114.3
2025-12-09T17:00:00-08:00,39,72,113.8
2025-12-09T17:30:00-08:00,39,71,113.4
2025-12-09T18:00:00-08:00,40,70,114.4
2025-12-09T18:30:00-08:00,38,69,112.9
2025-12-09T19:00:00-08:00,39,68,113.4
2025-12-09T19:30:00-08:00,39,67,113.6
2025-12-09T20:00:00-08:00,40,66,114.2
2025-12-09T20:30:00-08:00,40,66,112.8
2025-12-09T21:00:00-08:00,40,65,112.5
2025-12-09T21:30:00-08:00,40,65,113.7
2025-12-09T22:00:00-08:00,40,64,114.2
2025-12-09T22:30:00-08:00,41,64,114
2025-12-09T23:00:00-08:00,41,63,113.7
2025-12-09T23:30:00-08:00,41,63,113.9
2025-12-10T00:00:00-08:00,41,63,113.9
2025-12-10T00:30:00-08:00,42,63,114.6
2025-12-10T01:00:00-08:00,41,62,114.4
2025-12-10T01:30:00-08:00,41,62,113.8
2025-12-10T02:00:00-08:00,42,61,114.9
2025-12-10T02:30:00-08:00,42,61,115
2025-12-10T03:00:00-08:00,41,61,114.6
2025-12-10T03:30:00-08:00,42,60,116.1
2025-12-10T04:00:00-08:00,42,60,114.8
2025-12-10T04:30:00-08:00,42,60,115.3
2025-12-10T05:00:00-08:00,42,59,116.1
2025-12-10T05:30:00-08:00,42,59,117
2025-12-10T06:00:00-08:00,42,59,116.2
2025-12-10T06:30:00-08:00,42,59,116.2
2025-12-10T07:00:00-08:00,42,59,116.4
2025-12-10T07:30:00-08:00,43,59,116.8
2025-12-10T08:00:00-08:00,44,60,115.7
2025-12-10T08:30:00-08:00,43,65,111.4
2025-12-10T09:00:00-08:00,39,69,110.2
2025-12-10T09:30:00-08:00,41,68,112.2
2025-12-10T10:00:00-08:00,41,69,111
2025-12-10T10:30:00-08:00,41,70,111
2025-12-10T11:00:00-08:00,40,71,111
2025-12-10T11:30:00-08:00,39,71,111.2
2025-12-10T12:00:00-08:00,38,72,111.2
2025-12-10T12:30:00-08:00,38,72,111
2025-12-10T13:00:00-08:00,37,74,114.1
2025-12-10T13:30:00-08:00,35,77,116.9
2025-12-10T14:00:00-08:00,34,78,118.5
2025-12-10T14:30:00-08:00,34,79,119.4
2025-12-10T15:00:00-08:00,33,79,119.7
2025-12-10T15:30:00-08:00,33,79,118.6
2025-12-10T16:00:00-08:00,35,77,117.7
2025-12-10T16:30:00-08:00,36,76,114.8
2025-12-10T17:00:00-08:00,37,74,114
2025-12-10T17:30:00-08:00,39,73,112.7
2025-12-10T18:00:00-08:00,39,71,112.6
2025-12-10T18:30:00-08:00,40,71,113.2
2025-12-10T19:00:00-08:00,41,70,114.3
2025-12-10T19:30:00-08:00,41,69,114.5
2025-12-10T20:00:00-08:00,41,68,113
2025-12-10T20:30:00-08:00,41,67,114.4
2025-12-10T21:00:00-08:00,41,66,114.3
2025-12-10T21:30:00-08:00,41,66,113.9
2025-12-10T22:00:00-08:00,41,65,114.6
2025-12-10T22:30:00-08:00,41,64,113.2
2025-12-10T23:00:00-08:00,41,64,114.1
2025-12-10T23:30:00-08:00,41,64,114.4
2025-12-11T00:00:00-08:00,41,63,115.2
2025-12-11T00:30:00-08:00,41,63,114.6
2025-12-11T01:00:00-08:00,41,63,115.9
2025-12-11T01:30:00-08:00,41,62,115.4
2025-12-11T02:00:00-08:00,41,62,115.7
2025-12-11T02:30:00-08:00,42,61,116.4
2025-12-11T03:00:00-08:00,42,61,116.9
2025-12-11T03:30:00-08:00,42,61,116
2025-12-11T04:00:00-08:00,42,61,116.8
2025-12-11T04:30:00-08:00,41,61,117.7
2025-12-11T05:00:00-08:00,41,60,117.4
2025-12-11T05:30:00-08:00,42,60,117.3
2025-12-11T06:00:00-08:00,43,60,116.4
2025-12-11T06:30:00-08:00,43,61,116.7
2025-12-11T07:00:00-08:00,43,61,115.2
2025-12-11T07:30:00-08:00,44,61,117.1
2025-12-11T08:00:00-08:00,45,62,114.8
2025-12-11T08:30:00-08:00,43,66,111.7
2025-12-11T09:00:00-08:00,41,67,111.9
2025-12-11T09:30:00-08:00,42,67,113.2
2025-12-11T10:00:00-08:00,43,67,113.5
2025-12-11T10:30:00-08:00,43,67,113.5
2025-12-11T11:00:00-08:00,42,68,113
2025-12-11T11:30:00-08:00,41,69,112.6
2025-12-11T12:00:00-08:00,40,70,112.2
2025-12-11T12:30:00-08:00,39,71,112
2025-12-11T13:00:00-08:00,37,73,113.7
2025-12-11T13:30:00-08:00,34,77,117.3
2025-12-11T14:00:00-08:00,32,79,119.1
2025-12-11T14:30:00-08:00,32,80,119.9
2025-12-11T15:00:00-08:00,32,79,121.4
2025-12-11T15:30:00-08:00,33,78,120.6
2025-12-11T16:00:00-08:00,34,77,118.4
2025-12-11T16:30:00-08:00,35,76,117.2
2025-12-11T17:00:00-08:00,37,74,114.6
2025-12-11T17:30:00-08:00,38,73,113.5
2025-12-11T18:00:00-08:00,39,71,113.2
2025-12-11T18:30:00-08:00,40,70,112.6
2025-12-11T19:00:00-08:00,40,69,113
2025-12-11T19:30:00-08:00,40,68,114.5
2025-12-11T20:00:00-08:00,40,67,113.4
2025-12-11T20:30:00-08:00,40,66,112.6
2025-12-11T21:00:00-08:00,40,66,113
2025-12-11T21:30:00-08:00,40,65,113
2025-12-11T22:00:00-08:00,40,64,113.8
2025-12-11T22:30:00-08:00,40,64,114.7
2025-12-11T23:00:00-08:00,40,63,113.9
2025-12-11T23:30:00-08:00,40,63,115.1
2025-12-12T00:00:00-08:00,40,63,115
2025-12-12T00:30:00-08:00,40,62,115.4
2025-12-12T01:00:00-08:00,40,62,115.8
2025-12-12T01:30:00-08:00,40,62,115.2
2025-12-12T02:00:00-08:00,40,62,115.6
2025-12-12T02:30:00-08:00,40,61,115.3
2025-12-12T03:00:00-08:00,40,61,115.1
2025-12-12T03:30:00-08:00,41,61,116.1
2025-12-12T04:00:00-08:00,41,61,115.7
2025-12-12T04:30:00-08:00,42,61,115.9
2025-12-12T05:00:00-08:00,43,61,116.4
2025-12-12T05:30:00-08:00,42,61,115
2025-12-12T06:00:00-08:00,42,61,116
2025-12-12T06:30:00-08:00,42,61,116.9
2025-12-12T07:00:00-08:00,42,61,116.6
2025-12-12T07:30:00-08:00,42,61,115.8
2025-12-12T08:00:00-08:00,42,61,116.1
2025-12-12T08:30:00-08:00,41,64,112.5
2025-12-12T09:00:00-08:00,36,68,110.7
2025-12-12T09:30:00-08:00,37,67,112.7
2025-12-12T10:00:00-08:00,40,65,112.4
2025-12-12T10:30:00-08:00,39,67,111.2
2025-12-12T11:00:00-08:00,37,68,111.2
2025-12-12T11:30:00-08:00,37,68,112.5
2025-12-12T12:00:00-08:00,38,69,111
2025-12-12T12:30:00-08:00,36,71,111.3
2025-12-12T13:00:00-08:00,34,73,111
2025-12-12T13:30:00-08:00,31,75,114.2
2025-12-12T14:00:00-08:00,31,76,115.6
2025-12-12T14:30:00-08:00,31,76,114.5
2025-12-12T15:00:00-08:00,32,75,113.6
2025-12-12T15:30:00-08:00,33,74,111.8
2025-12-12T16:00:00-08:00,33,74,112.7
2025-12-12T16:30:00-08:00,33,73,112.5
2025-12-12T17:00:00-08:00,34,71,112.1
2025-12-12T17:30:00-08:00,34,70,111.6
2025-12-12T18:00:00-08:00,35,69,111.8
2025-12-12T18:30:00-08:00,36,68,112.4
2025-12-12T19:00:00-08:00,37,67,112.8
2025-12-12T19:30:00-08:00,37,67,113.3
2025-12-12T20:00:00-08:00,37,66,112.6
2025-12-12T20:30:00-08:00,37,65,113.1
2025-12-12T21:00:00-08:00,37,65,114.4
2025-12-12T21:30:00-08:00,38,64,114.8
2025-12-12T22:00:00-08:00,38,64,114.3
2025-12-12T22:30:00-08:00,38,63,114.6
2025-12-12T23:00:00-08:00,38,63,115
2025-12-12T23:30:00-08:00,38,63,114.9
2025-12-13T00:00:00-08:00,38,63,114.6
2025-12-13T00:30:00-08:00,38,62,114.2
2025-12-13T01:00:00-08:00,38,62,114.5
2025-12-13T01:30:00-08:00,39,62,115.2
2025-12-13T02:00:00-08:00,39,61,115.6
2025-12-13T02:30:00-08:00,40,61,115
2025-12-13T03:00:00-08:00,40,61,115.4
2025-12-13T03:30:00-08:00,40,60,116.5
2025-12-13T04:00:00-08:00,41,60,115.6
2025-12-13T04:30:00-08:00,41,60,116.4
2025-12-13T05:00:00-08:00,41,59,117.4
2025-12-13T05:30:00-08:00,41,60,117.6
2025-12-13T06:00:00-08:00,41,59,117.8
2025-12-13T06:30:00-08:00,41,59,116.9
2025-12-13T07:00:00-08:00,41,59,117.1
2025-12-13T07:30:00-08:00,41,59,116.9
2025-12-13T08:00:00-08:00,41,60,116.1
2025-12-13T08:30:00-08:00,39,63,111.1
2025-12-13T09:00:00-08:00,35,67,110.3
2025-12-13T09:30:00-08:00,36,65,112.5
2025-12-13T10:00:00-08:00,37,66,111.2
2025-12-13T10:30:00-08:00,36,67,112.3
2025-12-13T11:00:00-08:00,36,68,111
2025-12-13T11:30:00-08:00,38,69,111.3
2025-12-13T12:00:00-08:00,38,70,112.6
2025-12-13T12:30:00-08:00,37,70,111.3
2025-12-13T13:00:00-08:00,35,72,110.2
2025-12-13T13:30:00-08:00,33,74,110.7
2025-12-13T14:00:00-08:00,32,75,113.2
2025-12-13T14:30:00-08:00,33,75,114.7
2025-12-13T15:00:00-08:00,33,76,115.4
2025-12-13T15:30:00-08:00,33,75,115.6
2025-12-13T16:00:00-08:00,35,74,113.4
2025-12-13T16:30:00-08:00,35,73,112.1
2025-12-13T17:00:00-08:00,36,72,111
2025-12-13T17:30:00-08:00,37,70,112.2
2025-12-13T18:00:00-08:00,38,69,111.6
2025-12-13T18:30:00-08:00,39,68,111.7
2025-12-13T19:00:00-08:00,39,67,112.4
2025-12-13T19:30:00-08:00,39,67,111.9
2025-12-13T20:00:00-08:00,40,66,113
2025-12-13T20:30:00-08:00,39,66,111.9
2025-12-13T21:00:00-08:00,40,66,112
2025-12-13T21:30:00-08:00,40,65,112.5
2025-12-13T22:00:00-08:00,40,65,113.5
2025-12-13T22:30:00-08:00,40,64,113.8
2025-12-13T23:00:00-08:00,41,63,113.4
2025-12-13T23:30:00-08:00,41,63,114
2025-12-14T00:00:00-08:00,41,62,113.4
2025-12-14T00:30:00-08:00,41,62,113.8
2025-12-14T01:00:00-08:00,42,62,114
2025-12-14T01:30:00-08:00,42,62,114
2025-12-14T02:00:00-08:00,42,62,115.7
2025-12-14T02:30:00-08:00,43,62,115.8
2025-12-14T03:00:00-08:00,42,62,115.8
2025-12-14T03:30:00-08:00,42,62,115.3
2025-12-14T04:00:00-08:00,41,62,115.6
2025-12-14T04:30:00-08:00,42,62,114.9
2025-12-14T05:00:00-08:00,42,61,114.8
2025-12-14T05:30:00-08:00,41,61,114.8
2025-12-14T06:00:00-08:00,42,61,114.8
2025-12-14T06:30:00-08:00,42,62,115.3
2025-12-14T07:00:00-08:00,44,62,115.6
2025-12-14T07:30:00-08:00,44,62,116
2025-12-14T08:00:00-08:00,44,62,116
2025-12-14T08:30:00-08:00,45,62,115
2025-12-14T09:00:00-08:00,44,62,114.5
2025-12-14T09:30:00-08:00,44,63,115.1
2025-12-14T10:00:00-08:00,44,63,114.8
2025-12-14T10:30:00-08:00,43,63,112.7
2025-12-14T11:00:00-08:00,42,63,113.8
2025-12-14T11:30:00-08:00,44,64,110.8
2025-12-14T12:00:00-08:00,44,67,111.6
2025-12-14T12:30:00-08:00,43,68,110.6
2025-12-14T13:00:00-08:00,41,70,110.1
2025-12-14T13:30:00-08:00,38,72,111.1
2025-12-14T14:00:00-08:00,36,74,112.6
2025-12-14T14:30:00-08:00,35,74,112.9
2025-12-14T15:00:00-08:00,35,74,113.1
2025-12-14T15:30:00-08:00,37,72,112.9
2025-12-14T16:00:00-08:00,38,71,112
2025-12-14T16:30:00-08:00,39,70,112.1
2025-12-14T17:00:00-08:00,40,69,112.3
2025-12-14T17:30:00-08:00,41,68,112.9
2025-12-14T18:00:00-08:00,41,68,113.2
2025-12-14T18:30:00-08:00,41,67,112.7
2025-12-14T19:00:00-08:00,41,66,112.9
2025-12-14T19:30:00-08:00,41,66,114.3
2025-12-14T20:00:00-08:00,41,65,113
2025-12-14T20:30:00-08:00,41,65,113.7
2025-12-14T21:00:00-08:00,41,65,114.2
2025-12-14T21:30:00-08:00,41,64,114.8
2025-12-14T22:00:00-08:00,41,64,113.5
2025-12-14T22:30:00-08:00,41,63,113.2
2025-12-14T23:00:00-08:00,41,63,114.7
2025-12-14T23:30:00-08:00,41,62,114.5
2025-12-15T00:00:00-08:00,42,62,114.4
2025-12-15T00:30:00-08:00,42,62,114.9
2025-12-15T01:00:00-08:00,41,62,115.2
2025-12-15T01:30:00-08:00,42,61,115
2025-12-15T02:00:00-08:00,42,61,115
2025-12-15T02:30:00-08:00,42,61,116.1
2025-12-15T03:00:00-08:00,42,62,115.9
2025-12-15T03:30:00-08:00,41,62,114.6
2025-12-15T04:00:00-08:00,41,61,115
2025-12-15T04:30:00-08:00,41,61,115.5
2025-12-15T05:00:00-08:00,41,61,116.3
2025-12-15T05:30:00-08:00,42,61,116.1
2025-12-15T06:00:00-08:00,43,61,115.3
2025-12-15T06:30:00-08:00,42,61,116.2
2025-12-15T07:00:00-08:00,42,61,115.9
2025-12-15T07:30:00-08:00,42,61,116.1
2025-12-15T08:00:00-08:00,41,60,115.9
2025-12-15T08:30:00-08:00,41,61,115.4
2025-12-15T09:00:00-08:00,37,64,112.2
2025-12-15T09:30:00-08:00,39,64,112.2
2025-12-15T10:00:00-08:00,41,65,112.6
2025-12-15T10:30:00-08:00,40,65,112.4
2025-12-15T11:00:00-08:00,39,66,110.9
2025-12-15T11:30:00-08:00,38,67,112.5
2025-12-15T12:00:00-08:00,38,68,111
2025-12-15T12:30:00-08:00,38,69,110.1
2025-12-15T13:00:00-08:00,38,71,111
2025-12-15T13:30:00-08:00,35,74,113.4
2025-12-15T14:00:00-08:00,35,75,115.8
2025-12-15T14:30:00-08:00,34,76,116.7
2025-12-15T15:00:00-08:00,35,74,114.8
2025-12-15T15:30:00-08:00,36,73,113.4
2025-12-15T16:00:00-08:00,37,73,112.4
2025-12-15T16:30:00-08:00,38,72,112.9
2025-12-15T17:00:00-08:00,38,71,112.8
2025-12-15T17:30:00-08:00,39,71,113.1
2025-12-15T18:00:00-08:00,39,70,113.4
2025-12-15T18:30:00-08:00,40,69,113
2025-12-15T19:00:00-08:00,40,69,113.2
2025-12-15T19:30:00-08:00,41,68,113.6
2025-12-15T20:00:00-08:00,41,68,113.9
2025-12-15T20:30:00-08:00,41,68,113.3
2025-12-15T21:00:00-08:00,41,68,113
2025-12-15T21:30:00-08:00,42,67,112.8
2025-12-15T22:00:00-08:00,42,66,114
2025-12-15T22:30:00-08:00,42,66,114
2025-12-15T23:00:00-08:00,42,66,113.2
2025-12-15T23:30:00-08:00,42,66,114
2025-12-16T00:00:00-08:00,42,65,113.5
2025-12-16T00:30:00-08:00,42,65,112.9
2025-12-16T01:00:00-08:00,42,65,113.8
2025-12-16T01:30:00-08:00,42,65,114
2025-12-16T02:00:00-08:00,42,65,114.8
2025-12-16T02:30:00-08:00,42,65,115.5
2025-12-16T03:00:00-08:00,42,64,115.1
2025-12-16T03:30:00-08:00,42,65,114.4
2025-12-16T04:00:00-08:00,42,64,115
2025-12-16T04:30:00-08:00,42,64,115.3
2025-12-16T05:00:00-08:00,43,64,115.3
2025-12-16T05:30:00-08:00,42,64,113.9
2025-12-16T06:00:00-08:00,42,64,114.9
2025-12-16T06:30:00-08:00,42,64,114.8
2025-12-16T07:00:00-08:00,42,65,114.8
2025-12-16T07:30:00-08:00,43,65,115.2
2025-12-16T08:00:00-08:00,42,64,116
2025-12-16T08:30:00-08:00,41,66,113.8
2025-12-16T09:00:00-08:00,38,68,112.2
2025-12-16T09:30:00-08:00,38,68,112.8
2025-12-16T10:00:00-08:00,38,70,112.2
2025-12-16T10:30:00-08:00,38,71,111.4
2025-12-16T11:00:00-08:00,39,71,111.9
2025-12-16T11:30:00-08:00,39,72,113.2
2025-12-16T12:00:00-08:00,38,73,112.5
2025-12-16T12:30:00-08:00,38,74,113.4
2025-12-16T13:00:00-08:00,37,76,116.1
2025-12-16T13:30:00-08:00,35,78,118.2
2025-12-16T14:00:00-08:00,33,80,119.5
2025-12-16T14:30:00-08:00,34,80,119.4
2025-12-16T15:00:00-08:00,34,79,119.4
2025-12-16T15:30:00-08:00,35,78,118.8
2025-12-16T16:00:00-08:00,36,77,117
2025-12-16T16:30:00-08:00,36,76,116.9
2025-12-16T17:00:00-08:00,37,75,113.8
2025-12-16T17:30:00-08:00,37,74,115.3
2025-12-16T18:00:00-08:00,38,74,113.5
2025-12-16T18:30:00-08:00,39,73,112.7
2025-12-16T19:00:00-08:00,40,73,111.8
2025-12-16T19:30:00-08:00,40,73,112.5
2025-12-16T20:00:00-08:00,40,73,112.7
2025-12-16T20:30:00-08:00,41,73,113.3
2025-12-16T21:00:00-08:00,41,73,113.5
2025-12-16T21:30:00-08:00,41,72,113.7
2025-12-16T22:00:00-08:00,41,72,114.1
2025-12-16T22:30:00-08:00,42,71,113.3
2025-12-16T23:00:00-08:00,43,71,113.4
2025-12-16T23:30:00-08:00,43,71,113.3
2025-12-17T00:00:00-08:00,44,70,112.2
2025-12-17T00:30:00-08:00,44,71,112.6
2025-12-17T01:00:00-08:00,44,71,113
2025-12-17T01:30:00-08:00,44,71,112.9
2025-12-17T02:00:00-08:00,44,72,113.5
2025-12-17T02:30:00-08:00,44,72,112.8
2025-12-17T03:00:00-08:00,46,71,112.8
2025-12-17T03:30:00-08:00,48,71,114
2025-12-17T04:00:00-08:00,49,71,113.5
2025-12-17T04:30:00-08:00,50,72,113.7
2025-12-17T05:00:00-08:00,50,71,113.5
2025-12-17T05:30:00-08:00,50,71,114
2025-12-17T06:00:00-08:00,50,71,114.4
2025-12-17T06:30:00-08:00,51,72,114.2
2025-12-17T07:00:00-08:00,50,72,113
2025-12-17T07:30:00-08:00,51,72,112.5
2025-12-17T08:00:00-08:00,52,72,113.5
2025-12-17T08:30:00-08:00,53,72,113.3
2025-12-17T09:00:00-08:00,54,73,113.6
2025-12-17T09:30:00-08:00,55,73,113.1
2025-12-17T10:00:00-08:00,57,73,113
2025-12-17T10:30:00-08:00,59,74,113.6
2025-12-17T11:00:00-08:00,61,74,114.2
2025-12-17T11:30:00-08:00,61,75,113.8
2025-12-17T12:00:00-08:00,62,76,115
2025-12-17T12:30:00-08:00,62,78,116.6
2025-12-17T13:00:00-08:00,55,80,119
2025-12-17T13:30:00-08:00,49,82,122.3
2025-12-17T14:00:00-08:00,48,82,124.3
2025-12-17T14:30:00-08:00,49,82,123.8
2025-12-17T15:00:00-08:00,49,81,121.4
2025-12-17T15:30:00-08:00,50,80,120.1
2025-12-17T16:00:00-08:00,50,79,119.3
2025-12-17T16:30:00-08:00,49,79,118.5
2025-12-17T17:00:00-08:00,50,77,117.1
2025-12-17T17:30:00-08:00,49,76,114.9
2025-12-17T18:00:00-08:00,50,75,113.7
2025-12-17T18:30:00-08:00,49,75,114.3
2025-12-17T19:00:00-08:00,49,74,113.8
2025-12-17T19:30:00-08:00,49,74,112.3
2025-12-17T20:00:00-08:00,49,74,112.2
2025-12-17T20:30:00-08:00,50,73,113.4
2025-12-17T21:00:00-08:00,50,73,112.9
2025-12-17T21:30:00-08:00,50,73,112
2025-12-17T22:00:00-08:00,51,73,111.6
2025-12-17T22:30:00-08:00,51,73,111.2
2025-12-17T23:00:00-08:00,51,72,111
2025-12-17T23:30:00-08:00,49,72,111
2025-12-18T00:00:00-08:00,48,72,111.1
2025-12-18T00:30:00-08:00,49,72,111
2025-12-18T01:00:00-08:00,48,72,111.4
2025-12-18T01:30:00-08:00,50,72,111.6
2025-12-18T02:00:00-08:00,51,71,111.6
2025-12-18T02:30:00-08:00,52,71,111.3
2025-12-18T03:00:00-08:00,52,71,111.6
2025-12-18T03:30:00-08:00,52,70,111.1
2025-12-18T04:00:00-08:00,52,70,110.8
2025-12-18T04:30:00-08:00,52,70,111.3
2025-12-18T05:00:00-08:00,53,70,112.4
2025-12-18T05:30:00-08:00,52,70,111.9
2025-12-18T06:00:00-08:00,52,70,111.5
2025-12-18T06:30:00-08:00,52,70,112
2025-12-18T07:00:00-08:00,52,69,112.9
2025-12-18T07:30:00-08:00,52,69,111.3
2025-12-18T08:00:00-08:00,51,69,112.8
2025-12-18T08:30:00-08:00,51,69,112.4
2025-12-18T09:00:00-08:00,53,69,111.7
2025-12-18T09:30:00-08:00,52,70,110.9
2025-12-18T10:00:00-08:00,51,70,111.6
2025-12-18T10:30:00-08:00,48,71,110.7
2025-12-18T11:00:00-08:00,47,73,111.7
2025-12-18T11:30:00-08:00,46,74,113.3
2025-12-18T12:00:00-08:00,45,75,114.8
2025-12-18T12:30:00-08:00,43,76,114.2
2025-12-18T13:00:00-08:00,43,77,115.9
2025-12-18T13:30:00-08:00,40,79,118.4
2025-12-18T14:00:00-08:00,38,81,120.4
2025-12-18T14:30:00-08:00,38,81,121.5
2025-12-18T15:00:00-08:00,38,81,121.9
2025-12-18T15:30:00-08:00,38,80,120.4
2025-12-18T16:00:00-08:00,38,79,118.5
2025-12-18T16:30:00-08:00,40,77,116.3
2025-12-18T17:00:00-08:00,41,75,114.9
2025-12-18T17:30:00-08:00,42,74,112.8
2025-12-18T18:00:00-08:00,43,74,111.9
2025-12-18T18:30:00-08:00,43,73,111
2025-12-18T19:00:00-08:00,44,72,110.7
2025-12-18T19:30:00-08:00,45,71,111.2
2025-12-18T20:00:00-08:00,46,70,111.5
2025-12-18T20:30:00-08:00,46,70,112.6
2025-12-18T21:00:00-08:00,47,71,112.4
2025-12-18T21:30:00-08:00,47,71,111.8
2025-12-18T22:00:00-08:00,47,71,112.4
2025-12-18T22:30:00-08:00,47,71,112.5
2025-12-18T23:00:00-08:00,48,72,113.5
2025-12-18T23:30:00-08:00,48,71,113.8
2025-12-19T00:00:00-08:00,49,71,112.8
2025-12-19T00:30:00-08:00,48,71,113.2
2025-12-19T01:00:00-08:00,48,71,113.6
2025-12-19T01:30:00-08:00,47,71,113.6
2025-12-19T02:00:00-08:00,48,71,113
2025-12-19T02:30:00-08:00,48,71,113.4
2025-12-19T03:00:00-08:00,47,71,114.1
2025-12-19T03:30:00-08:00,48,71,113
2025-12-19T04:00:00-08:00,49,71,113.3
2025-12-19T04:30:00-08:00,50,71,112.9
2025-12-19T05:00:00-08:00,50,71,111.9
2025-12-19T05:30:00-08:00,50,71,112.7
2025-12-19T06:00:00-08:00,50,72,112.6
2025-12-19T06:30:00-08:00,49,71,112.8
2025-12-19T07:00:00-08:00,49,72,112.4
2025-12-19T07:30:00-08:00,48,71,113.6
2025-12-19T08:00:00-08:00,49,71,113
2025-12-19T08:30:00-08:00,49,71,113
2025-12-19T09:00:00-08:00,48,72,111.8
2025-12-19T09:30:00-08:00,45,74,112.3
2025-12-19T10:00:00-08:00,45,74,112.9
2025-12-19T10:30:00-08:00,44,74,112.3
2025-12-19T11:00:00-08:00,43,74,113.6
2025-12-19T11:30:00-08:00,41,75,113.2
2025-12-19T12:00:00-08:00,39,76,114.1
2025-12-19T12:30:00-08:00,39,76,115.2
2025-12-19T13:00:00-08:00,39,77,115.4
2025-12-19T13:30:00-08:00,39,77,115.3
2025-12-19T14:00:00-08:00,41,76,115.2
2025-12-19T14:30:00-08:00,42,76,116.1
2025-12-19T15:00:00-08:00,42,76,116.4
2025-12-19T15:30:00-08:00,43,77,116.2
2025-12-19T16:00:00-08:00,44,77,116.8
2025-12-19T16:30:00-08:00,45,77,116.4
2025-12-19T17:00:00-08:00,46,77,116.6
2025-12-19T17:30:00-08:00,46,77,115.5
2025-12-19T18:00:00-08:00,46,77,116.1
2025-12-19T18:30:00-08:00,46,77,115.7
2025-12-19T19:00:00-08:00,48,77,116.2
2025-12-19T19:30:00-08:00,51,77,115.2
2025-12-19T20:00:00-08:00,54,76,114.1
2025-12-19T20:30:00-08:00,55,76,114.9
2025-12-19T21:00:00-08:00,55,76,114.4
2025-12-19T21:30:00-08:00,55,75,114
2025-12-19T22:00:00-08:00,56,75,114
2025-12-19T22:30:00-08:00,55,75,114.4
2025-12-19T23:00:00-08:00,56,75,114.3
2025-12-19T23:30:00-08:00,57,75,114.2
2025-12-20T00:00:00-08:00,57,75,115.4
2025-12-20T00:30:00-08:00,57,75,115.6
2025-12-20T01:00:00-08:00,57,75,115.9
2025-12-20T01:30:00-08:00,57,75,115.2
2025-12-20T02:00:00-08:00,57,75,116.1
2025-12-20T02:30:00-08:00,58,75,115.5
2025-12-20T03:00:00-08:00,58,75,115.3
2025-12-20T03:30:00-08:00,57,75,115.4
2025-12-20T04:00:00-08:00,57,75,115.2
2025-12-20T04:30:00-08:00,56,75,115.3
2025-12-20T05:00:00-08:00,57,75,114.8
2025-12-20T05:30:00-08:00,57,75,114.9
2025-12-20T06:00:00-08:00,58,75,113.6
2025-12-20T06:30:00-08:00,58,75,114.2
2025-12-20T07:00:00-08:00,58,75,114.4
2025-12-20T07:30:00-08:00,57,75,113.9
2025-12-20T08:00:00-08:00,58,75,113.8
2025-12-20T08:30:00-08:00,58,75,114.3
2025-12-20T09:00:00-08:00,58,75,113.8
2025-12-20T09:30:00-08:00,59,76,114.1
2025-12-20T10:00:00-08:00,57,76,115
2025-12-20T10:30:00-08:00,57,76,114.4
2025-12-20T11:00:00-08:00,56,77,114.8
2025-12-20T11:30:00-08:00,55,77,115.1
2025-12-20T12:00:00-08:00,55,77,115.6
2025-12-20T12:30:00-08:00,56,78,115.6
2025-12-20T13:00:00-08:00,56,77,116.6
2025-12-20T13:30:00-08:00,55,78,116.8
2025-12-20T14:00:00-08:00,56,78,116.7
2025-12-20T14:30:00-08:00,56,78,117.4
2025-12-20T15:00:00-08:00,56,78,118.7
2025-12-20T15:30:00-08:00,56,78,118.7
2025-12-20T16:00:00-08:00,55,78,118.8
2025-12-20T16:30:00-08:00,56,78,118.5
2025-12-20T17:00:00-08:00,56,78,118.6
2025-12-20T17:30:00-08:00,57,78,118.4
2025-12-20T18:00:00-08:00,56,78,118.3
2025-12-20T18:30:00-08:00,57,77,117.9
2025-12-20T19:00:00-08:00,57,77,117.8
2025-12-20T19:30:00-08:00,57,77,117.2
2025-12-20T20:00:00-08:00,57,77,117.2
2025-12-20T20:30:00-08:00,57,77,117.8
2025-12-20T21:00:00-08:00,57,77,117.5
2025-12-20T21:30:00-08:00,56,77,117.6
2025-12-20T22:00:00-08:00,56,77,116.6
2025-12-20T22:30:00-08:00,58,76,115.8
2025-12-20T23:00:00-08:00,60,75,113.9
2025-12-20T23:30:00-08:00,61,74,113.2
2025-12-21T00:00:00-08:00,63,74,113
2025-12-21T00:30:00-08:00,63,74,112.9
2025-12-21T01:00:00-08:00,63,74,112.9
2025-12-21T01:30:00-08:00,62,74,114.2
2025-12-21T02:00:00-08:00,59,75,114.9
2025-12-21T02:30:00-08:00,59,75,114.8
2025-12-21T03:00:00-08:00,58,75,115.5
2025-12-21T03:30:00-08:00,58,75,115.2
2025-12-21T04:00:00-08:00,59,75,114.8
2025-12-21T04:30:00-08:00,60,75,113.6
2025-12-21T05:00:00-08:00,59,75,114.8
2025-12-21T05:30:00-08:00,58,76,115.5
2025-12-21T06:00:00-08:00,56,76,115.7
2025-12-21T06:30:00-08:00,57,76,115.7
2025-12-21T07:00:00-08:00,56,76,116.1
2025-12-21T07:30:00-08:00,55,77,116.2
2025-12-21T08:00:00-08:00,54,77,116.5
2025-12-21T08:30:00-08:00,53,76,115.9
2025-12-21T09:00:00-08:00,56,75,114.2
2025-12-21T09:30:00-08:00,58,74,112.2
2025-12-21T10:00:00-08:00,58,74,113.4
2025-12-21T10:30:00-08:00,58,74,113.1
2025-12-21T11:00:00-08:00,57,74,113.4
2025-12-21T11:30:00-08:00,55,75,114
2025-12-21T12:00:00-08:00,55,75,114.2
2025-12-21T12:30:00-08:00,55,75,114.5
2025-12-21T13:00:00-08:00,56,76,115.7
2025-12-21T13:30:00-08:00,52,77,116.8
2025-12-21T14:00:00-08:00,54,76,115.5
2025-12-21T14:30:00-08:00,59,75,113.6
2025-12-21T15:00:00-08:00,59,73,111.6
2025-12-21T15:30:00-08:00,57,73,110.6
2025-12-21T16:00:00-08:00,58,71,110.1
2025-12-21T16:30:00-08:00,56,72,110.6
2025-12-21T17:00:00-08:00,55,72,111.3
2025-12-21T17:30:00-08:00,55,72,111.3
2025-12-21T18:00:00-08:00,54,72,111.4
2025-12-21T18:30:00-08:00,54,72,111.1
2025-12-21T19:00:00-08:00,54,72,110.8
2025-12-21T19:30:00-08:00,55,71,109.8
2025-12-21T20:00:00-08:00,54,71,110.3
2025-12-21T20:30:00-08:00,54,71,111
2025-12-21T21:00:00-08:00,55,71,110.6
2025-12-21T21:30:00-08:00,55,72,111.3
2025-12-21T22:00:00-08:00,54,71,111
2025-12-21T22:30:00-08:00,52,73,111
2025-12-21T23:00:00-08:00,52,73,111.8
2025-12-21T23:30:00-08:00,52,73,112
2025-12-22T00:00:00-08:00,51,73,110.7
2025-12-22T00:30:00-08:00,54,71,109.3
2025-12-22T01:00:00-08:00,55,71,110.1
2025-12-22T01:30:00-08:00,55,71,109.8
2025-12-22T02:00:00-08:00,56,71,109.2
2025-12-22T02:30:00-08:00,55,71,110
2025-12-22T03:00:00-08:00,53,71,109.9
2025-12-22T03:30:00-08:00,54,70,109.4
2025-12-22T04:00:00-08:00,53,71,109.4
2025-12-22T04:30:00-08:00,53,71,109.3
2025-12-22T05:00:00-08:00,53,71,109.6
2025-12-22T05:30:00-08:00,53,71,109.7
2025-12-22T06:00:00-08:00,53,71,110.2
2025-12-22T06:30:00-08:00,53,72,110.9
2025-12-22T07:00:00-08:00,51,72,110.9
2025-12-22T07:30:00-08:00,50,73,111.5
2025-12-22T08:00:00-08:00,50,73,110.9
2025-12-22T08:30:00-08:00,53,73,111.4
2025-12-22T09:00:00-08:00,55,73,112
2025-12-22T09:30:00-08:00,56,73,112.8
2025-12-22T10:00:00-08:00,55,74,112.1
2025-12-22T10:30:00-08:00,56,74,112.3
2025-12-22T11:00:00-08:00,57,74,112.7
2025-12-22T11:30:00-08:00,53,75,113.9
2025-12-22T12:00:00-08:00,48,77,114.9
2025-12-22T12:30:00-08:00,46,78,115.4
2025-12-22T13:00:00-08:00,42,80,117.7
2025-12-22T13:30:00-08:00,40,81,119.5
2025-12-22T14:00:00-08:00,42,81,121.4
2025-12-22T14:30:00-08:00,43,82,122.7
2025-12-22T15:00:00-08:00,43,81,121.9
2025-12-22T15:30:00-08:00,44,81,120.8
2025-12-22T16:00:00-08:00,44,81,119.9
2025-12-22T16:30:00-08:00,45,80,119
2025-12-22T17:00:00-08:00,46,79,118.1
2025-12-22T17:30:00-08:00,47,79,117.8
2025-12-22T18:00:00-08:00,47,78,117.2
2025-12-22T18:30:00-08:00,48,77,116.4
2025-12-22T19:00:00-08:00,49,77,115.8
2025-12-22T19:30:00-08:00,50,77,115.6
2025-12-22T20:00:00-08:00,51,77,115.6
2025-12-22T20:30:00-08:00,51,77,115.3
2025-12-22T21:00:00-08:00,51,77,115.2
2025-12-22T21:30:00-08:00,51,77,114.6
2025-12-22T22:00:00-08:00,51,76,115.7
2025-12-22T22:30:00-08:00,51,76,116
2025-12-22T23:00:00-08:00,51,76,115.4
2025-12-22T23:30:00-08:00,51,76,114.6
2025-12-23T00:00:00-08:00,50,76,114.2
2025-12-23T00:30:00-08:00,50,76,114.3
2025-12-23T01:00:00-08:00,51,76,113.8
2025-12-23T01:30:00-08:00,50,76,115
2025-12-23T02:00:00-08:00,50,76,113.8
2025-12-23T02:30:00-08:00,50,75,113
2025-12-23T03:00:00-08:00,51,74,112.1
2025-12-23T03:30:00-08:00,51,74,111.1
2025-12-23T04:00:00-08:00,51,74,111.8
2025-12-23T04:30:00-08:00,51,74,112.7
2025-12-23T05:00:00-08:00,51,74,112.3
2025-12-23T05:30:00-08:00,51,74,112.2
2025-12-23T06:00:00-08:00,50,74,111.6
2025-12-23T06:30:00-08:00,50,73,111.4
2025-12-23T07:00:00-08:00,50,73,111.4
2025-12-23T07:30:00-08:00,50,73,111.3
2025-12-23T08:00:00-08:00,50,73,111.2
2025-12-23T08:30:00-08:00,50,73,111.9
2025-12-23T09:00:00-08:00,49,74,111.8
2025-12-23T09:30:00-08:00,49,74,111.5
2025-12-23T10:00:00-08:00,48,72,110.1
2025-12-23T10:30:00-08:00,46,72,109
2025-12-23T11:00:00-08:00,45,72,109.5
2025-12-23T11:30:00-08:00,44,72,110.1
2025-12-23T12:00:00-08:00,44,73,110.2
2025-12-23T12:30:00-08:00,43,73,111
2025-12-23T13:00:00-08:00,41,74,112
2025-12-23T13:30:00-08:00,41,74,112.2
2025-12-23T14:00:00-08:00,40,75,112.2
2025-12-23T14:30:00-08:00,40,75,112.5
2025-12-23T15:00:00-08:00,40,75,113.1
2025-12-23T15:30:00-08:00,38,76,113.9
2025-12-23T16:00:00-08:00,36,76,113.1
2025-12-23T16:30:00-08:00,38,74,112.2
2025-12-23T17:00:00-08:00,40,73,111.5
2025-12-23T17:30:00-08:00,47,72,110.2
2025-12-23T18:00:00-08:00,49,72,110
2025-12-23T18:30:00-08:00,50,72,110.6
2025-12-23T19:00:00-08:00,54,72,110.6
2025-12-23T19:30:00-08:00,59,71,109.2
2025-12-23T20:00:00-08:00,59,71,109.2
2025-12-23T20:30:00-08:00,56,72,109.7
2025-12-23T21:00:00-08:00,51,73,111.3
2025-12-23T21:30:00-08:00,47,72,110.6
2025-12-23T22:00:00-08:00,46,72,110.6
2025-12-23T22:30:00-08:00,49,72,110.2
2025-12-23T23:00:00-08:00,52,72,109.3
2025-12-23T23:30:00-08:00,51,72,110.2
2025-12-24T00:00:00-08:00,49,72,110.1
2025-12-24T00:30:00-08:00,49,73,110.4
2025-12-24T01:00:00-08:00,54,72,110.9
2025-12-24T01:30:00-08:00,59,73,111
2025-12-24T02:00:00-08:00,60,74,111.2
2025-12-24T02:30:00-08:00,57,75,112.1
2025-12-24T03:00:00-08:00,63,72,110.3
2025-12-24T03:30:00-08:00,67,71,109.8
2025-12-24T04:00:00-08:00,64,69,109.8
2025-12-24T04:30:00-08:00,59,71,110.2
2025-12-24T05:00:00-08:00,56,72,111.3
2025-12-24T05:30:00-08:00,54,71,111.3
2025-12-24T06:00:00-08:00,52,73,111.4
2025-12-24T06:30:00-08:00,52,72,111.9
2025-12-24T07:00:00-08:00,52,71,110.4
2025-12-24T07:30:00-08:00,50,72,111.5
2025-12-24T08:00:00-08:00,51,72,111.8
2025-12-24T08:30:00-08:00,52,72,111.6
2025-12-24T09:00:00-08:00,51,73,111.9
2025-12-24T09:30:00-08:00,51,73,111.6
2025-12-24T10:00:00-08:00,49,74,111.9
2025-12-24T10:30:00-08:00,46,74,112.2
2025-12-24T11:00:00-08:00,44,76,112.7
2025-12-24T11:30:00-08:00,42,76,114.2
2025-12-24T12:00:00-08:00,43,76,114.5
2025-12-24T12:30:00-08:00,42,76,114.5
2025-12-24T13:00:00-08:00,39,78,115.1
2025-12-24T13:30:00-08:00,37,79,116.7
2025-12-24T14:00:00-08:00,39,76,114.9
2025-12-24T14:30:00-08:00,41,75,111.9
2025-12-24T15:00:00-08:00,41,74,112.1
2025-12-24T15:30:00-08:00,41,75,112.4
2025-12-24T16:00:00-08:00,41,75,113.1
2025-12-24T16:30:00-08:00,42,75,113.1
2025-12-24T17:00:00-08:00,43,75,114.3
2025-12-24T17:30:00-08:00,55,71,111.3
2025-12-24T18:00:00-08:00,53,72,112.8
2025-12-24T18:30:00-08:00,52,71,112.7
2025-12-24T19:00:00-08:00,58,69,111.9
2025-12-24T19:30:00-08:00,61,68,112
2025-12-24T20:00:00-08:00,65,67,111.9
2025-12-24T20:30:00-08:00,67,67,111.6
2025-12-24T21:00:00-08:00,66,67,112.1
2025-12-24T21:30:00-08:00,71,65,112.1
2025-12-24T22:00:00-08:00,72,66,112.5
2025-12-24T22:30:00-08:00,71,65,112.6
2025-12-24T23:00:00-08:00,71,65,112.1
2025-12-24T23:30:00-08:00,61,66,112.5
2025-12-25T00:00:00-08:00,54,66,111.8
2025-12-25T00:30:00-08:00,53,67,112
2025-12-25T01:00:00-08:00,50,67,111.8
2025-12-25T01:30:00-08:00,54,67,111.3
2025-12-25T02:00:00-08:00,64,65,112.1
2025-12-25T02:30:00-08:00,68,64,112.7
2025-12-25T03:00:00-08:00,75,63,112.7
2025-12-25T03:30:00-08:00,85,62,114
2025-12-25T04:00:00-08:00,76,64,113.5
2025-12-25T04:30:00-08:00,71,65,113.3
2025-12-25T05:00:00-08:00,69,66,113.5
2025-12-25T05:30:00-08:00,63,67,112.5
2025-12-25T06:00:00-08:00,61,68,113.2
2025-12-25T06:30:00-08:00,62,68,113.5
2025-12-25T07:00:00-08:00,59,68,113.4
2025-12-25T07:30:00-08:00,57,69,113.3
2025-12-25T08:00:00-08:00,54,68,112.8
2025-12-25T08:30:00-08:00,53,67,111.5
2025-12-25T09:00:00-08:00,53,68,110.2
2025-12-25T09:30:00-08:00,51,69,109.7
2025-12-25T10:00:00-08:00,50,69,110
2025-12-25T10:30:00-08:00,46,71,109.5
2025-12-25T11:00:00-08:00,47,70,109.2
2025-12-25T11:30:00-08:00,51,69,110.3
2025-12-25T12:00:00-08:00,49,69,109.4
2025-12-25T12:30:00-08:00,46,69,109.3
2025-12-25T13:00:00-08:00,44,69,109.4
2025-12-25T13:30:00-08:00,42,70,109.2
2025-12-25T14:00:00-08:00,46,69,110.7
2025-12-25T14:30:00-08:00,49,70,110.6
2025-12-25T15:00:00-08:00,48,69,110.1
2025-12-25T15:30:00-08:00,50,68,110.3
2025-12-25T16:00:00-08:00,52,67,110.2
2025-12-25T16:30:00-08:00,53,68,109.8
2025-12-25T17:00:00-08:00,56,68,110.8
2025-12-25T17:30:00-08:00,62,66,111.8
2025-12-25T18:00:00-08:00,71,65,111.4
2025-12-25T18:30:00-08:00,71,65,111.6
2025-12-25T19:00:00-08:00,68,64,111.5
2025-12-25T19:30:00-08:00,70,63,111.5
2025-12-25T20:00:00-08:00,70,64,111.6
2025-12-25T20:30:00-08:00,68,65,111.3
2025-12-25T21:00:00-08:00,66,65,112
2025-12-25T21:30:00-08:00,63,65,111.8
2025-12-25T22:00:00-08:00,61,65,112.1
2025-12-25T22:30:00-08:00,58,66,111.5
2025-12-25T23:00:00-08:00,58,66,111.6
2025-12-25T23:30:00-08:00,60,65,112.3
2025-12-26T00:00:00-08:00,58,67,111.3
2025-12-26T00:30:00-08:00,56,68,112.4
2025-12-26T01:00:00-08:00,54,68,112.6
2025-12-26T01:30:00-08:00,52,68,112.7
2025-12-26T02:00:00-08:00,51,68,113.4
2025-12-26T02:30:00-08:00,52,68,112.4
2025-12-26T03:00:00-08:00,52,68,112.4
2025-12-26T03:30:00-08:00,51,68,113.3
2025-12-26T04:00:00-08:00,51,68,112.6
2025-12-26T04:30:00-08:00,52,67,112.7
2025-12-26T05:00:00-08:00,48,68,112.6
2025-12-26T05:30:00-08:00,48,66,111.9
2025-12-26T06:00:00-08:00,48,65,110.8
2025-12-26T06:30:00-08:00,48,64,111.3
2025-12-26T07:00:00-08:00,49,63,111.6
2025-12-26T07:30:00-08:00,49,64,111.4
2025-12-26T08:00:00-08:00,48,66,112.5
2025-12-26T08:30:00-08:00,45,68,111.2
2025-12-26T09:00:00-08:00,39,72,110.5
2025-12-26T09:30:00-08:00,39,73,111.5
2025-12-26T10:00:00-08:00,38,72,111.1
2025-12-26T10:30:00-08:00,42,69,110
2025-12-26T11:00:00-08:00,45,69,110.4
2025-12-26T11:30:00-08:00,41,70,111.5
2025-12-26T12:00:00-08:00,38,70,110
2025-12-26T12:30:00-08:00,36,70,112.1
2025-12-26T13:00:00-08:00,38,69,112.5
2025-12-26T13:30:00-08:00,38,70,113.2
2025-12-26T14:00:00-08:00,42,69,113.7
2025-12-26T14:30:00-08:00,49,68,113.4
2025-12-26T15:00:00-08:00,49,68,113
2025-12-26T15:30:00-08:00,49,67,113.8
2025-12-26T16:00:00-08:00,48,67,114.5
2025-12-26T16:30:00-08:00,50,67,113.7
2025-12-26T17:00:00-08:00,54,66,113.5
2025-12-26T17:30:00-08:00,59,67,113.8
2025-12-26T18:00:00-08:00,55,69,111.9
2025-12-26T18:30:00-08:00,54,69,111.4
2025-12-26T19:00:00-08:00,52,69,112.6
2025-12-26T19:30:00-08:00,50,69,112.8
2025-12-26T20:00:00-08:00,51,69,113.6
2025-12-26T20:30:00-08:00,51,68,113.5
2025-12-26T21:00:00-08:00,50,68,113.1
2025-12-26T21:30:00-08:00,50,68,112.2
2025-12-26T22:00:00-08:00,51,68,113.5
2025-12-26T22:30:00-08:00,50,68,113.8
2025-12-26T23:00:00-08:00,49,67,112.9
2025-12-26T23:30:00-08:00,50,67,113.3
2025-12-27T00:00:00-08:00,50,66,113.2
2025-12-27T00:30:00-08:00,51,67,112.8
2025-12-27T01:00:00-08:00,51,67,112.3
2025-12-27T01:30:00-08:00,51,67,112.4
2025-12-27T02:00:00-08:00,51,67,113.1
2025-12-27T02:30:00-08:00,52,67,112.6
2025-12-27T03:00:00-08:00,52,67,112.1
2025-12-27T03:30:00-08:00,51,67,112.4
2025-12-27T04:00:00-08:00,50,67,112.6
2025-12-27T04:30:00-08:00,49,66,112.7
2025-12-27T05:00:00-08:00,50,66,112.5
2025-12-27T05:30:00-08:00,50,65,112.9
2025-12-27T06:00:00-08:00,49,65,112.7
2025-12-27T06:30:00-08:00,48,64,112.7
2025-12-27T07:00:00-08:00,48,64,113.1
2025-12-27T07:30:00-08:00,49,64,112.5
2025-12-27T08:00:00-08:00,52,64,111.7
2025-12-27T08:30:00-08:00,53,65,111.5
2025-12-27T09:00:00-08:00,49,69,109.5
2025-12-27T09:30:00-08:00,45,72,111.2
2025-12-27T10:00:00-08:00,42,74,113.3
2025-12-27T10:30:00-08:00,41,73,113.2
2025-12-27T11:00:00-08:00,40,73,113.4
2025-12-27T11:30:00-08:00,40,72,112.1
2025-12-27T12:00:00-08:00,40,72,112
2025-12-27T12:30:00-08:00,41,73,113.3
2025-12-27T13:00:00-08:00,41,72,112.9
2025-12-27T13:30:00-08:00,41,73,114
2025-12-27T14:00:00-08:00,41,74,113.6
2025-12-27T14:30:00-08:00,40,74,115
2025-12-27T15:00:00-08:00,37,76,115.9
2025-12-27T15:30:00-08:00,34,76,114.5
2025-12-27T16:00:00-08:00,37,73,112.2
2025-12-27T16:30:00-08:00,39,71,111.1
2025-12-27T17:00:00-08:00,39,70,111.5
2025-12-27T17:30:00-08:00,40,69,111.4
2025-12-27T18:00:00-08:00,40,69,111.8
2025-12-27T18:30:00-08:00,41,68,111.5
2025-12-27T19:00:00-08:00,42,68,110.9
2025-12-27T19:30:00-08:00,42,67,111.9
2025-12-27T20:00:00-08:00,42,66,111.1
2025-12-27T20:30:00-08:00,43,65,111.8
2025-12-27T21:00:00-08:00,44,65,111.6
2025-12-27T21:30:00-08:00,44,64,112.9
2025-12-27T22:00:00-08:00,44,63,111.7
2025-12-27T22:30:00-08:00,44,63,113
2025-12-27T23:00:00-08:00,44,63,113.4
2025-12-27T23:30:00-08:00,44,62,114.3
2025-12-28T00:00:00-08:00,45,62,112.7
2025-12-28T00:30:00-08:00,45,61,113.7
2025-12-28T01:00:00-08:00,45,61,113.8
2025-12-28T01:30:00-08:00,45,61,114.3
2025-12-28T02:00:00-08:00,45,61,113.7
2025-12-28T02:30:00-08:00,44,60,114.1
2025-12-28T03:00:00-08:00,43,60,113.6
2025-12-28T03:30:00-08:00,42,61,113.6
2025-12-28T04:00:00-08:00,40,62,113
2025-12-28T04:30:00-08:00,40,62,113.8
2025-12-28T05:00:00-08:00,39,62,114
2025-12-28T05:30:00-08:00,38,62,113.7
2025-12-28T06:00:00-08:00,38,62,114.3
2025-12-28T06:30:00-08:00,37,62,114.4
2025-12-28T07:00:00-08:00,37,62,115.1
2025-12-28T07:30:00-08:00,38,61,114.7
2025-12-28T08:00:00-08:00,39,61,113.8
2025-12-28T08:30:00-08:00,38,63,112.6
2025-12-28T09:00:00-08:00,33,71,108.5
2025-12-28T09:30:00-08:00,32,72,111.2
2025-12-28T10:00:00-08:00,32,73,112.4
2025-12-28T10:30:00-08:00,29,74,112.9
2025-12-28T11:00:00-08:00,29,75,114.3
2025-12-28T11:30:00-08:00,28,75,115
2025-12-28T12:00:00-08:00,27,77,116.8
2025-12-28T12:30:00-08:00,24,78,117.1
2025-12-28T13:00:00-08:00,22,79,117.9
2025-12-28T13:30:00-08:00,21,81,120.5
2025-12-28T14:00:00-08:00,23,81,122
2025-12-28T14:30:00-08:00,25,81,122.8
2025-12-28T15:00:00-08:00,26,80,121.6
2025-12-28T15:30:00-08:00,25,79,120.3
2025-12-28T16:00:00-08:00,23,77,115.9
2025-12-28T16:30:00-08:00,25,76,114.5
2025-12-28T17:00:00-08:00,26,74,112.3
2025-12-28T17:30:00-08:00,27,72,110.9
2025-12-28T18:00:00-08:00,29,71,110.1
2025-12-28T18:30:00-08:00,30,69,110.1
2025-12-28T19:00:00-08:00,31,69,110.3
2025-12-28T19:30:00-08:00,33,68,111.1
2025-12-28T20:00:00-08:00,34,67,111.8
2025-12-28T20:30:00-08:00,36,67,112.2
2025-12-28T21:00:00-08:00,36,67,112.1
2025-12-28T21:30:00-08:00,38,67,112.4
2025-12-28T22:00:00-08:00,38,66,110.3
2025-12-28T22:30:00-08:00,39,66,112.2
2025-12-28T23:00:00-08:00,38,65,111.9
2025-12-28T23:30:00-08:00,37,65,111.9
2025-12-29T00:00:00-08:00,39,63,112.6
2025-12-29T00:30:00-08:00,40,63,112.9
2025-12-29T01:00:00-08:00,40,63,113.6
2025-12-29T01:30:00-08:00,41,63,113.5
2025-12-29T02:00:00-08:00,41,62,113.6
2025-12-29T02:30:00-08:00,41,62,113.2
2025-12-29T03:00:00-08:00,42,62,113.8
2025-12-29T03:30:00-08:00,42,61,114.9
2025-12-29T04:00:00-08:00,42,61,113.8
2025-12-29T04:30:00-08:00,42,61,114.4
2025-12-29T05:00:00-08:00,42,60,114.8
2025-12-29T05:30:00-08:00,43,59,114.8
2025-12-29T06:00:00-08:00,43,59,114.6
2025-12-29T06:30:00-08:00,43,59,115.4
2025-12-29T07:00:00-08:00,43,59,116.3
2025-12-29T07:30:00-08:00,43,59,115.4
2025-12-29T08:00:00-08:00,44,59,115.5
2025-12-29T08:30:00-08:00,44,61,112.6
2025-12-29T09:00:00-08:00,37,70,109
2025-12-29T09:30:00-08:00,33,74,112.3
2025-12-29T10:00:00-08:00,33,74,113.3
2025-12-29T10:30:00-08:00,30,75,114.1
2025-12-29T11:00:00-08:00,25,77,116.5
2025-12-29T11:30:00-08:00,24,78,116.6
2025-12-29T12:00:00-08:00,23,79,118.3
2025-12-29T12:30:00-08:00,21,79,118.7
2025-12-29T13:00:00-08:00,20,81,120.3
2025-12-29T13:30:00-08:00,19,84,123.9
2025-12-29T14:00:00-08:00,18,85,125.6
2025-12-29T14:30:00-08:00,18,85,126
2025-12-29T15:00:00-08:00,18,84,125.2
2025-12-29T15:30:00-08:00,18,83,123.3
2025-12-29T16:00:00-08:00,19,81,120.6
2025-12-29T16:30:00-08:00,20,79,118.2
2025-12-29T17:00:00-08:00,19,76,115.3
2025-12-29T17:30:00-08:00,19,75,113.8
2025-12-29T18:00:00-08:00,19,74,113.2
2025-12-29T18:30:00-08:00,20,74,112.4
2025-12-29T19:00:00-08:00,21,73,111.9
2025-12-29T19:30:00-08:00,22,72,110.5
2025-12-29T20:00:00-08:00,24,70,112
2025-12-29T20:30:00-08:00,27,69,111.3
2025-12-29T21:00:00-08:00,29,68,112
2025-12-29T21:30:00-08:00,31,67,111.8
2025-12-29T22:00:00-08:00,32,66,112.6
2025-12-29T22:30:00-08:00,32,65,111.8
2025-12-29T23:00:00-08:00,31,64,111.2
2025-12-29T23:30:00-08:00,32,64,111.9
2025-12-30T00:00:00-08:00,32,63,112.1
2025-12-30T00:30:00-08:00,33,62,112
2025-12-30T01:00:00-08:00,33,62,111.6
2025-12-30T01:30:00-08:00,32,63,111.9
2025-12-30T02:00:00-08:00,32,63,111.9
2025-12-30T02:30:00-08:00,33,62,111.8
2025-12-30T03:00:00-08:00,35,61,112.3
2025-12-30T03:30:00-08:00,35,60,113.3
2025-12-30T04:00:00-08:00,35,60,113.2
2025-12-30T04:30:00-08:00,36,60,113.6
2025-12-30T05:00:00-08:00,36,60,113.2
2025-12-30T05:30:00-08:00,36,59,114.8
2025-12-30T06:00:00-08:00,37,59,114.9
2025-12-30T06:30:00-08:00,37,59,114.9
2025-12-30T07:00:00-08:00,37,59,113.6
2025-12-30T07:30:00-08:00,37,60,114.8
2025-12-30T08:00:00-08:00,38,60,114.3
2025-12-30T08:30:00-08:00,38,60,113.9
2025-12-30T09:00:00-08:00,37,62,111.5
2025-12-30T09:30:00-08:00,36,64,109.8
2025-12-30T10:00:00-08:00,35,66,110.5
2025-12-30T10:30:00-08:00,36,65,111.3
2025-12-30T11:00:00-08:00,37,66,109.3
2025-12-30T11:30:00-08:00,36,67,109
2025-12-30T12:00:00-08:00,35,67,109.7
2025-12-30T12:30:00-08:00,35,67,110.8
2025-12-30T13:00:00-08:00,37,67,111.6
2025-12-30T13:30:00-08:00,38,65,110.5
2025-12-30T14:00:00-08:00,38,67,110.4
2025-12-30T14:30:00-08:00,37,68,109.6
2025-12-30T15:00:00-08:00,36,68,109.3
2025-12-30T15:30:00-08:00,36,69,110
2025-12-30T16:00:00-08:00,36,69,110.6
2025-12-30T16:30:00-08:00,37,69,109.8
2025-12-30T17:00:00-08:00,38,68,110.7
2025-12-30T17:30:00-08:00,38,67,111.5
2025-12-30T18:00:00-08:00,38,66,112.1
2025-12-30T18:30:00-08:00,40,65,112.9
2025-12-30T19:00:00-08:00,40,65,112.6
2025-12-30T19:30:00-08:00,40,64,112.4
2025-12-30T20:00:00-08:00,40,65,112.2
2025-12-30T20:30:00-08:00,40,65,112.4
2025-12-30T21:00:00-08:00,39,65,111.8
2025-12-30T21:30:00-08:00,40,65,112.8
2025-12-30T22:00:00-08:00,41,65,113.9
2025-12-30T22:30:00-08:00,42,64,113.2
2025-12-30T23:00:00-08:00,42,64,114.1
2025-12-30T23:30:00-08:00,43,64,112.8
2025-12-31T00:00:00-08:00,43,64,112.2
2025-12-31T00:30:00-08:00,43,64,112.9
2025-12-31T01:00:00-08:00,44,64,113
2025-12-31T01:30:00-08:00,44,64,113.3
2025-12-31T02:00:00-08:00,44,64,112.8
2025-12-31T02:30:00-08:00,45,65,112.4
2025-12-31T03:00:00-08:00,45,65,112.7
2025-12-31T03:30:00-08:00,45,65,112.5
2025-12-31T04:00:00-08:00,45,65,112.4
2025-12-31T04:30:00-08:00,45,65,112.3
2025-12-31T05:00:00-08:00,45,66,111.5
2025-12-31T05:30:00-08:00,44,66,111.5
2025-12-31T06:00:00-08:00,46,66,112.4
2025-12-31T06:30:00-08:00,46,66,111.9
2025-12-31T07:00:00-08:00,45,66,111.2
2025-12-31T07:30:00-08:00,45,66,110.6
2025-12-31T08:00:00-08:00,45,66,111.8
2025-12-31T08:30:00-08:00,46,66,111.5
2025-12-31T09:00:00-08:00,45,67,110.9
2025-12-31T09:30:00-08:00,46,67,111.3
2025-12-31T10:00:00-08:00,47,67,111.4
2025-12-31T10:30:00-08:00,47,67,111.1
2025-12-31T11:00:00-08:00,48,67,111.6
2025-12-31T11:30:00-08:00,48,68,111.1
2025-12-31T12:00:00-08:00,50,68,110.9
2025-12-31T12:30:00-08:00,50,68,111.2
2025-12-31T13:00:00-08:00,50,68,111.6
2025-12-31T13:30:00-08:00,50,69,111.5
2025-12-31T14:00:00-08:00,48,69,111.5
2025-12-31T14:30:00-08:00,48,68,111.1
2025-12-31T15:00:00-08:00,48,68,110.9
2025-12-31T15:30:00-08:00,49,67,111.8
2025-12-31T16:00:00-08:00,51,68,111
2025-12-31T16:30:00-08:00,51,68,110.6
2025-12-31T17:00:00-08:00,51,69,111.5
2025-12-31T17:30:00-08:00,52,69,110.5
2025-12-31T18:00:00-08:00,53,69,111
2025-12-31T18:30:00-08:00,53,69,111.7
2025-12-31T19:00:00-08:00,53,69,112.4
2025-12-31T19:30:00-08:00,54,68,111.7
2025-12-31T20:00:00-08:00,54,68,111.2
2025-12-31T20:30:00-08:00,54,68,113.1
2025-12-31T21:00:00-08:00,54,68,111.9
2025-12-31T21:30:00-08:00,54,69,112.2
2025-12-31T22:00:00-08:00,51,69,110.9
2025-12-31T22:30:00-08:00,51,69,109.9
2025-12-31T23:00:00-08:00,52,68,110.2
2025-12-31T23:30:00-08:00,52,68,110
2026-01-01T00:00:00-08:00,53,68,110.5
2026-01-01T00:30:00-08:00,53,68,110.2
2026-01-01T01:00:00-08:00,52,68,109.7
2026-01-01T01:30:00-08:00,52,68,109.6
2026-01-01T02:00:00-08:00,52,68,109.8
2026-01-01T02:30:00-08:00,52,68,110.9
2026-01-01T03:00:00-08:00,52,68,110.3
2026-01-01T03:30:00-08:00,52,69,110.2
2026-01-01T04:00:00-08:00,52,69,111
2026-01-01T04:30:00-08:00,52,69,110.5
2026-01-01T05:00:00-08:00,53,69,110.5
2026-01-01T05:30:00-08:00,55,68,111.8
2026-01-01T06:00:00-08:00,54,69,111.1
2026-01-01T06:30:00-08:00,54,69,110.1
2026-01-01T07:00:00-08:00,55,69,110.1
2026-01-01T07:30:00-08:00,54,69,109.7
2026-01-01T08:00:00-08:00,53,69,110.9
2026-01-01T08:30:00-08:00,54,69,110.1
2026-01-01T09:00:00-08:00,56,69,109.1
2026-01-01T09:30:00-08:00,58,69,109.7
2026-01-01T10:00:00-08:00,59,70,109.8
2026-01-01T10:30:00-08:00,57,71,110.6
2026-01-01T11:00:00-08:00,57,72,109.5
2026-01-01T11:30:00-08:00,59,73,109.7
2026-01-01T12:00:00-08:00,59,74,111
2026-01-01T12:30:00-08:00,56,74,111.2
2026-01-01T13:00:00-08:00,52,75,111.2
2026-01-01T13:30:00-08:00,55,72,108.7
2026-01-01T14:00:00-08:00,56,73,109.3
2026-01-01T14:30:00-08:00,53,73,110.6
2026-01-01T15:00:00-08:00,51,73,110.6
2026-01-01T15:30:00-08:00,50,73,110
2026-01-01T16:00:00-08:00,47,74,110.4
2026-01-01T16:30:00-08:00,47,74,111.1
2026-01-01T17:00:00-08:00,46,75,112.4
2026-01-01T17:30:00-08:00,46,75,113.1
2026-01-01T18:00:00-08:00,46,75,113.3
2026-01-01T18:30:00-08:00,47,74,111.8
2026-01-01T19:00:00-08:00,49,72,109.1
2026-01-01T19:30:00-08:00,53,71,108.3
2026-01-01T20:00:00-08:00,55,70,107.9
2026-01-01T20:30:00-08:00,56,69,108.3
2026-01-01T21:00:00-08:00,58,69,108.4
2026-01-01T21:30:00-08:00,57,69,109.1
2026-01-01T22:00:00-08:00,57,69,108
2026-01-01T22:30:00-08:00,57,69,108.8
2026-01-01T23:00:00-08:00,56,69,108.2
2026-01-01T23:30:00-08:00,54,70,108.3
2026-01-02T00:00:00-08:00,53,70,107.9
2026-01-02T00:30:00-08:00,51,72,108.4
2026-01-02T01:00:00-08:00,49,73,108.9
2026-01-02T01:30:00-08:00,47,74,109.8
2026-01-02T02:00:00-08:00,46,74,112.1
2026-01-02T02:30:00-08:00,46,74,112.1
2026-01-02T03:00:00-08:00,46,74,112.2
2026-01-02T03:30:00-08:00,46,74,112.4
2026-01-02T04:00:00-08:00,45,74,114.1
2026-01-02T04:30:00-08:00,45,73,112.5
2026-01-02T05:00:00-08:00,45,72,111.9
2026-01-02T05:30:00-08:00,46,72,111.7
2026-01-02T06:00:00-08:00,46,71,110.2
2026-01-02T06:30:00-08:00,46,71,108.3
2026-01-02T07:00:00-08:00,46,70,109.1
2026-01-02T07:30:00-08:00,46,70,109.7
2026-01-02T08:00:00-08:00,46,70,108.7
2026-01-02T08:30:00-08:00,47,71,108.9
2026-01-02T09:00:00-08:00,42,74,110.7
2026-01-02T09:30:00-08:00,38,77,113.4
2026-01-02T10:00:00-08:00,36,76,112.5
2026-01-02T10:30:00-08:00,37,75,112
2026-01-02T11:00:00-08:00,38,74,112.1
2026-01-02T11:30:00-08:00,38,74,113.1
2026-01-02T12:00:00-08:00,38,75,113.1
2026-01-02T12:30:00-08:00,37,75,113.1
2026-01-02T13:00:00-08:00,36,74,111.9
2026-01-02T13:30:00-08:00,35,74,112.4
2026-01-02T14:00:00-08:00,35,75,112.7
2026-01-02T14:30:00-08:00,35,75,113
2026-01-02T15:00:00-08:00,36,75,112.9
2026-01-02T15:30:00-08:00,36,75,113.7
2026-01-02T16:00:00-08:00,37,75,113.5
2026-01-02T16:30:00-08:00,37,75,114.3
2026-01-02T17:00:00-08:00,36,76,114.7
2026-01-02T17:30:00-08:00,40,73,112.6
2026-01-02T18:00:00-08:00,44,71,110.7
2026-01-02T18:30:00-08:00,47,71,110.4
2026-01-02T19:00:00-08:00,52,69,109.7
2026-01-02T19:30:00-08:00,57,69,110.9
2026-01-02T20:00:00-08:00,61,69,110
2026-01-02T20:30:00-08:00,64,68,109.6
2026-01-02T21:00:00-08:00,66,68,110.5
2026-01-02T21:30:00-08:00,71,68,110.8
2026-01-02T22:00:00-08:00,68,70,111.3
2026-01-02T22:30:00-08:00,67,69,111
2026-01-02T23:00:00-08:00,67,68,110.2
2026-01-02T23:30:00-08:00,66,69,110.3
2026-01-03T00:00:00-08:00,63,68,110.4
2026-01-03T00:30:00-08:00,59,69,110.1
2026-01-03T01:00:00-08:00,55,70,110.1
2026-01-03T01:30:00-08:00,51,71,109.8
2026-01-03T02:00:00-08:00,50,72,110.4
2026-01-03T02:30:00-08:00,48,73,111.2
2026-01-03T03:00:00-08:00,48,73,111.2
2026-01-03T03:30:00-08:00,49,72,110.9
2026-01-03T04:00:00-08:00,48,73,111.4
2026-01-03T04:30:00-08:00,47,73,112.9
2026-01-03T05:00:00-08:00,46,74,113
2026-01-03T05:30:00-08:00,46,74,112.4
2026-01-03T06:00:00-08:00,50,72,110.8
2026-01-03T06:30:00-08:00,53,71,110.7
2026-01-03T07:00:00-08:00,54,71,110.6
2026-01-03T07:30:00-08:00,52,70,111.1
2026-01-03T08:00:00-08:00,51,72,110.6
2026-01-03T08:30:00-08:00,52,72,111.3
2026-01-03T09:00:00-08:00,54,71,110.9
2026-01-03T09:30:00-08:00,55,72,111.1
2026-01-03T10:00:00-08:00,56,71,110.6
2026-01-03T10:30:00-08:00,57,70,110.4
2026-01-03T11:00:00-08:00,58,70,110.6
2026-01-03T11:30:00-08:00,57,71,110.9
2026-01-03T12:00:00-08:00,55,72,110.5
2026-01-03T12:30:00-08:00,54,73,112
2026-01-03T13:00:00-08:00,54,73,111.6
2026-01-03T13:30:00-08:00,50,74,113.7
2026-01-03T14:00:00-08:00,46,75,115.6
2026-01-03T14:30:00-08:00,38,77,118
2026-01-03T15:00:00-08:00,36,77,117.9
2026-01-03T15:30:00-08:00,37,76,115.3
2026-01-03T16:00:00-08:00,39,75,113
2026-01-03T16:30:00-08:00,43,72,110.8
2026-01-03T17:00:00-08:00,47,71,109.7
2026-01-03T17:30:00-08:00,49,70,109.6
2026-01-03T18:00:00-08:00,49,70,111
2026-01-03T18:30:00-08:00,47,70,110.5
2026-01-03T19:00:00-08:00,46,71,111.3
2026-01-03T19:30:00-08:00,45,71,110.8
2026-01-03T20:00:00-08:00,46,71,111.1
2026-01-03T20:30:00-08:00,48,70,110.5
2026-01-03T21:00:00-08:00,48,71,111.1
2026-01-03T21:30:00-08:00,49,70,111.5
2026-01-03T22:00:00-08:00,50,70,111.8
2026-01-03T22:30:00-08:00,50,70,111.2
2026-01-03T23:00:00-08:00,50,69,110.6
2026-01-03T23:30:00-08:00,50,70,111
2026-01-04T00:00:00-08:00,50,70,111.7
2026-01-04T00:30:00-08:00,51,69,110.7
2026-01-04T01:00:00-08:00,50,69,110.5
2026-01-04T01:30:00-08:00,53,68,111.5
2026-01-04T02:00:00-08:00,53,69,110.8
2026-01-04T02:30:00-08:00,55,68,111.1
2026-01-04T03:00:00-08:00,59,69,110.4
2026-01-04T03:30:00-08:00,58,69,111.1
2026-01-04T04:00:00-08:00,55,71,109.9
2026-01-04T04:30:00-08:00,52,71,111.3
2026-01-04T05:00:00-08:00,52,70,111.4
2026-01-04T05:30:00-08:00,54,70,110.8
2026-01-04T06:00:00-08:00,54,71,110.5
2026-01-04T06:30:00-08:00,54,70,111.7
2026-01-04T07:00:00-08:00,56,69,111.1
2026-01-04T07:30:00-08:00,56,69,111.2
2026-01-04T08:00:00-08:00,60,67,110.2
2026-01-04T08:30:00-08:00,64,66,110.3
2026-01-04T09:00:00-08:00,63,67,110.6
2026-01-04T09:30:00-08:00,64,66,110.1
2026-01-04T10:00:00-08:00,61,67,110.5
2026-01-04T10:30:00-08:00,58,69,110.3
2026-01-04T11:00:00-08:00,56,70,109.8
2026-01-04T11:30:00-08:00,55,70,110.6
2026-01-04T12:00:00-08:00,58,69,110.8
2026-01-04T12:30:00-08:00,58,69,111
2026-01-04T13:00:00-08:00,57,69,110.5
2026-01-04T13:30:00-08:00,56,70,110
2026-01-04T14:00:00-08:00,56,71,110.1
2026-01-04T14:30:00-08:00,55,72,110.5
2026-01-04T15:00:00-08:00,53,72,111.1
2026-01-04T15:30:00-08:00,53,70,110.5
2026-01-04T16:00:00-08:00,56,69,110.6
2026-01-04T16:30:00-08:00,55,69,110.1
2026-01-04T17:00:00-08:00,57,69,110.1
2026-01-04T17:30:00-08:00,53,70,110.7
2026-01-04T18:00:00-08:00,53,70,111
2026-01-04T18:30:00-08:00,53,71,111
2026-01-04T19:00:00-08:00,52,71,111.4
2026-01-04T19:30:00-08:00,50,71,111.1
2026-01-04T20:00:00-08:00,50,71,111.2
2026-01-04T20:30:00-08:00,50,71,111.1
2026-01-04T21:00:00-08:00,49,71,110.7
2026-01-04T21:30:00-08:00,49,71,110.4
2026-01-04T22:00:00-08:00,48,71,111.5
2026-01-04T22:30:00-08:00,48,70,111.5
2026-01-04T23:00:00-08:00,47,70,111.6
2026-01-04T23:30:00-08:00,47,69,111.2
2026-01-05T00:00:00-08:00,47,69,110.8
2026-01-05T00:30:00-08:00,46,69,110.3
2026-01-05T01:00:00-08:00,46,68,110.6
2026-01-05T01:30:00-08:00,48,67,111.2
2026-01-05T02:00:00-08:00,48,68,111.3
2026-01-05T02:30:00-08:00,47,68,111.8
2026-01-05T03:00:00-08:00,47,68,112
2026-01-05T03:30:00-08:00,49,66,110.9
2026-01-05T04:00:00-08:00,48,67,111.1
2026-01-05T04:30:00-08:00,46,68,110.6
2026-01-05T05:00:00-08:00,47,67,112
2026-01-05T05:30:00-08:00,47,67,110.8
2026-01-05T06:00:00-08:00,47,66,111.3
2026-01-05T06:30:00-08:00,47,67,111.1
2026-01-05T07:00:00-08:00,46,66,111.4
2026-01-05T07:30:00-08:00,48,65,110.8
2026-01-05T08:00:00-08:00,47,66,110.4
2026-01-05T08:30:00-08:00,46,68,110.1
2026-01-05T09:00:00-08:00,41,71,109
2026-01-05T09:30:00-08:00,42,70,110.7
2026-01-05T10:00:00-08:00,44,68,110.5
2026-01-05T10:30:00-08:00,45,68,110.3
2026-01-05T11:00:00-08:00,44,70,110.6
2026-01-05T11:30:00-08:00,42,70,111.8
2026-01-05T12:00:00-08:00,42,70,112.2
2026-01-05T12:30:00-08:00,44,69,110.6
2026-01-05T13:00:00-08:00,45,69,110.5
2026-01-05T13:30:00-08:00,46,69,110.7
2026-01-05T14:00:00-08:00,46,70,110.4
2026-01-05T14:30:00-08:00,46,69,110.5
2026-01-05T15:00:00-08:00,49,69,110.5
2026-01-05T15:30:00-08:00,53,69,109.9
2026-01-05T16:00:00-08:00,53,69,110.6
2026-01-05T16:30:00-08:00,52,70,110.4
2026-01-05T17:00:00-08:00,53,70,110.2
2026-01-05T17:30:00-08:00,53,71,110
2026-01-05T18:00:00-08:00,52,72,110.1
2026-01-05T18:30:00-08:00,51,72,110.9
2026-01-05T19:00:00-08:00,49,71,111
2026-01-05T19:30:00-08:00,48,71,110.9
2026-01-05T20:00:00-08:00,48,71,110.5
2026-01-05T20:30:00-08:00,49,71,110.5
2026-01-05T21:00:00-08:00,48,71,110.6
2026-01-05T21:30:00-08:00,47,71,112.7
2026-01-05T22:00:00-08:00,47,71,112.1
2026-01-05T22:30:00-08:00,47,71,112.6
2026-01-05T23:00:00-08:00,46,72,112.7
2026-01-05T23:30:00-08:00,46,72,113.5
2026-01-06T00:00:00-08:00,46,72,113.9
2026-01-06T00:30:00-08:00,48,71,113.4
2026-01-06T01:00:00-08:00,48,71,113.5
2026-01-06T01:30:00-08:00,47,71,113.1
2026-01-06T02:00:00-08:00,46,70,113.1
2026-01-06T02:30:00-08:00,47,70,113.1
2026-01-06T03:00:00-08:00,48,70,113
2026-01-06T03:30:00-08:00,47,70,113.5
2026-01-06T04:00:00-08:00,48,70,112.9
2026-01-06T04:30:00-08:00,47,69,113.3
2026-01-06T05:00:00-08:00,47,70,113.3
2026-01-06T05:30:00-08:00,48,70,112.5
2026-01-06T06:00:00-08:00,47,69,112.6
2026-01-06T06:30:00-08:00,48,69,110.7
2026-01-06T07:00:00-08:00,47,69,111.8
2026-01-06T07:30:00-08:00,47,69,111.3
2026-01-06T08:00:00-08:00,47,69,111
2026-01-06T08:30:00-08:00,47,70,111.2
2026-01-06T09:00:00-08:00,46,72,111.2
2026-01-06T09:30:00-08:00,42,77,114.7
2026-01-06T10:00:00-08:00,40,78,117.7
2026-01-06T10:30:00-08:00,39,80,119.3
2026-01-06T11:00:00-08:00,36,82,121.5
2026-01-06T11:30:00-08:00,33,81,122.5
2026-01-06T12:00:00-08:00,33,82,122.9
2026-01-06T12:30:00-08:00,32,82,121.4
2026-01-06T13:00:00-08:00,34,81,121.7
2026-01-06T13:30:00-08:00,33,83,122.6
2026-01-06T14:00:00-08:00,32,83,123.8
2026-01-06T14:30:00-08:00,33,83,124.3
2026-01-06T15:00:00-08:00,35,83,123.6
2026-01-06T15:30:00-08:00,35,81,122.1
2026-01-06T16:00:00-08:00,35,80,119.7
2026-01-06T16:30:00-08:00,37,79,117.4
2026-01-06T17:00:00-08:00,37,78,116.9
2026-01-06T17:30:00-08:00,39,77,115.1
2026-01-06T18:00:00-08:00,39,76,114.9
2026-01-06T18:30:00-08:00,40,75,114.9
2026-01-06T19:00:00-08:00,40,75,115.3
2026-01-06T19:30:00-08:00,41,74,115.4
2026-01-06T20:00:00-08:00,41,73,114.6
2026-01-06T20:30:00-08:00,41,73,113.7
2026-01-06T21:00:00-08:00,42,72,113
2026-01-06T21:30:00-08:00,42,71,112.6
2026-01-06T22:00:00-08:00,43,71,112.4
2026-01-06T22:30:00-08:00,43,70,111.6
2026-01-06T23:00:00-08:00,43,70,112
2026-01-06T23:30:00-08:00,43,69,111.9
2026-01-07T00:00:00-08:00,43,69,112.6
2026-01-07T00:30:00-08:00,44,69,112.9
2026-01-07T01:00:00-08:00,44,68,111.9
2026-01-07T01:30:00-08:00,44,68,112.1
2026-01-07T02:00:00-08:00,45,68,112.9
2026-01-07T02:30:00-08:00,45,69,113.6
2026-01-07T03:00:00-08:00,45,69,112.8
2026-01-07T03:30:00-08:00,45,69,113.3
2026-01-07T04:00:00-08:00,45,69,114
2026-01-07T04:30:00-08:00,45,68,113.3
2026-01-07T05:00:00-08:00,46,68,113.9
2026-01-07T05:30:00-08:00,46,68,113.3
2026-01-07T06:00:00-08:00,48,68,114
2026-01-07T06:30:00-08:00,48,69,113.5
2026-01-07T07:00:00-08:00,47,69,113.6
2026-01-07T07:30:00-08:00,46,68,114.2
2026-01-07T08:00:00-08:00,47,68,113.4
2026-01-07T08:30:00-08:00,49,69,113.6
2026-01-07T09:00:00-08:00,50,69,114.2
2026-01-07T09:30:00-08:00,50,70,113.3
2026-01-07T10:00:00-08:00,50,71,112.2
2026-01-07T10:30:00-08:00,47,72,113.3
2026-01-07T11:00:00-08:00,42,75,115.5
2026-01-07T11:30:00-08:00,40,74,116.5
2026-01-07T12:00:00-08:00,39,75,117.1
2026-01-07T12:30:00-08:00,39,76,118.4
2026-01-07T13:00:00-08:00,37,77,120
2026-01-07T13:30:00-08:00,36,79,121.5
2026-01-07T14:00:00-08:00,36,79,122.1
2026-01-07T14:30:00-08:00,37,79,121.5
2026-01-07T15:00:00-08:00,36,79,122.3
2026-01-07T15:30:00-08:00,37,78,121.7
2026-01-07T16:00:00-08:00,40,75,118.9
2026-01-07T16:30:00-08:00,42,74,116.8
2026-01-07T17:00:00-08:00,40,73,115.3
2026-01-07T17:30:00-08:00,39,73,115.1
2026-01-07T18:00:00-08:00,39,72,114
2026-01-07T18:30:00-08:00,39,70,113
2026-01-07T19:00:00-08:00,40,69,112.8
2026-01-07T19:30:00-08:00,39,70,112.6
2026-01-07T20:00:00-08:00,39,70,112.7
2026-01-07T20:30:00-08:00,40,71,112.8
2026-01-07T21:00:00-08:00,39,70,112.3
2026-01-07T21:30:00-08:00,39,70,113.2
2026-01-07T22:00:00-08:00,39,70,113.5
2026-01-07T22:30:00-08:00,40,70,114
2026-01-07T23:00:00-08:00,44,69,113.4
2026-01-07T23:30:00-08:00,44,69,114.5
